EulerAngles_0 EulerAngles_1 EulerAngles_2
4.4721361 2.4456304 5.2523807
4.4761873 2.4514247 5.262403
4.4701584 2.4392697 5.2667445
4.4649542 2.4448924 5.2605248
4.4545057 2.450435 5.2574775
4.4595364 2.4537485 5.2600152
4.4616815 2.4298589 5.2598965
4.4686787 2.4437324 5.2629626
4.4728778 2.4409941 5.2710534
4.4582284 2.4518318 5.2537541
4.4532689 2.452068 5.2528238
4.4739258 2.4370039 5.2616342
4.4552606 2.4501481 5.2416672
4.4808175 2.4457669 5.2648918
4.460745 2.0283748 1.3573183
4.466463 2.0322043 1.354226
4.464555 2.0273916 1.3599094
4.4669397 2.0264801 1.3611904
2.27547 1.88339 3.9543
4.4644777 2.0201944 1.3634326
2.42852 1.60871 6.08932
4.4776409 2.0366359 1.3723113
4.4601698 2.0301338 1.3558321
4.4810758 2.0294286 1.363272
4.4653225 2.0243755 1.3552809
4.4753341 2.024448 1.3596991
4.465746 2.0327662 1.3602264
4.4761888 2.0234914 1.3785276
4.4747909 2.0316913 1.3615485
4.4625097 2.0226686 1.3529286
3.70519 1.34265 4.52051
4.4709137 2.0281115 1.3578494
4.4667037 2.0202657 1.3749165
4.4784648 2.0323822 1.3587187
4.4693806 2.0234376 1.3589909
4.4776511 2.022871 1.3616467
5.91733 0.62737 5.58051
4.4650756 2.0243336 1.3564625
4.4627613 2.0198859 1.3489806
2.1792364 1.6523764 6.0922487
2.1789422 1.6518981 6.0931665
2.1786862 1.6666452 6.1006277
2.1795928 1.6555524 6.0944147
2.1882013 1.665828 6.0915798
2.1730215 1.6500717 6.0931287
2.1783012 1.652508 6.0925634
2.1751498 1.6596593 6.0917258
0.99894 0.82454 2.8126
4.65772 1.48584 4.62602
2.1842321 1.6549424 6.0880864
2.1783328 1.6572521 6.106145
2.1796904 1.6555814 6.0996916
2.1798821 1.6537948 6.0939399
2.178491 1.6569807 6.0936602
2.1808393 1.6576154 6.0804645
2.1793677 1.6536098 6.1036295
2.1779822 1.6472235 6.0901116
4.39766 2.06405 3.07295
2.1806585 1.6527874 6.094653
2.1838823 1.6524872 6.0939852
2.1888126 1.6569823 6.0885329
2.1837363 1.6559317 6.0891666
3.8664878 1.8705833 3.0155928
3.8529036 1.8675057 3.0189946
3.8620058 1.8734705 3.0157601
3.8585786 1.8760344 3.0161412
3.8658483 1.8698165 3.0186788
3.8591218 1.8692083 3.0123032
3.8587427 1.876105 3.0127087
3.8620714 1.8656486 3.0093568
3.8726875 1.8730711 3.0209339
3.8597983 1.8779287 3.0075682
3.8601612 1.8713238 3.0186428
3.8613194 1.8834088 3.0228415
4.9088 1.64712 3.51266
3.8695707 1.8820376 3.0184311
3.8554962 1.8667071 3.0185868
3.8651051 1.8691239 3.0136508
1.8338825 2.6665723 3.5607809
1.8322538 2.6671148 3.5590688
1.8384838 2.676656 3.5578163
1.8444183 2.6631786 3.5686991
1.8386572 2.6649951 3.5643013
1.832046 2.6597967 3.5583912
1.833047 2.6712168 3.5566177
1.8345214 2.6685916 3.5602702
1.8513747 2.6595265 3.5787914
1.8359589 2.6659687 3.5627513
1.8489696 2.663774 3.5794511
1.8177747 2.6692816 3.5512848
1.8491078 2.67365 3.5761518
1.8123205 2.6608191 3.541145
1.825948 2.6689007 3.5612027
1.8499585 2.6742575 3.5771722
1.3454559 2.0169068 6.0897818
1.3584154 2.0173696 6.1028716
5.65802 0.60901 1.33383
1.3413332 2.0207043 6.0819137
1.3380308 2.0235462 6.0852089
1.3546239 2.0162404 6.0839988
1.3438283 2.0115961 6.0825681
1.3436682 2.0216296 6.0850958
1.3603631 2.022859 6.0914179
1.3499397 2.0122692 6.0932161
1.3570293 2.0086105 6.0831543
1.3553185 2.0163676 6.0932032
1.3391762 2.0221514 6.081147
1.3479741 2.0187365 6.0861339
1.3471617 2.0099573 6.0838796
1.3398419 2.0275856 6.092735
3.6443243 1.7147878 3.1360978
0.6625 0.98615 4.99137
3.6443774 1.7150292 3.1345303
3.6418924 1.7072945 3.1354448
3.6487727 1.7276225 3.1398274
3.6449618 1.7036854 3.1377025
3.6466651 1.7155691 3.1386074
3.646097 1.7162744 3.1380396
3.6460082 1.7204312 3.1388749
3.793958 2.6391591 2.0585357
3.8034304 2.6326053 2.0754907
3.7878695 2.6224892 2.0723244
3.7796562 2.6233871 2.0664584
3.7807755 2.6342308 2.0621576
3.7885941 2.6345085 2.0691186
3.7981188 2.631995 2.0708084
3.7903303 2.6304232 2.0686024
3.800245 2.619771 2.0754233
4.4590554 2.4532481 5.2652919
4.4672653 2.4563516 5.2584595
4.4713928 2.4444777 5.2659512
4.4642559 2.4442634 5.2593597
4.4752499 2.4450011 5.2670759
4.4774204 2.4450965 5.2643357
4.4563288 2.4408775 5.257679
4.4702051 2.4451943 5.2607164
4.4634153 2.4445577 5.2589767
4.4655745 2.4447215 5.2626467
4.4642259 2.4446298 5.2608055
4.4674085 2.4373805 5.2624313
4.4452399 2.4415957 5.2377014
3.73207 2.70304 5.6738
4.4707532 2.0270024 1.3592035
4.4700592 2.0371127 1.3668299
4.4598402 2.0289112 1.3589724
4.466567 2.026287 1.3611879
4.4680787 2.0231795 1.3577971
4.4662768 2.0261187 1.3597699
2.24628 1.26574 4.14579
4.463085 2.0346994 1.3599214
4.4626906 2.0299153 1.3538873
4.4675515 2.0261032 1.3625052
4.4731568 2.0354526 1.3646517
4.4674055 2.0265388 1.3611392
4.4684371 2.0293955 1.3598278
4.4661483 2.0197609 1.3634996
4.467813 2.0255031 1.3667758
4.4688676 2.026059 1.3578566
4.4655668 2.0295964 1.3617738
4.4702439 2.0212423 1.3615188
4.4662287 2.0268478 1.3618127
4.4671194 2.0243305 1.3646731
4.4715777 2.0245244 1.3563313
4.4714934 2.0175836 1.360185
4.4675279 2.0235839 1.3573349
4.4779997 2.0269969 1.3614581
4.4772723 2.030869 1.3558794
1.43106 2.7153 1.26414
2.179199 1.6376036 6.0940544
2.1775954 1.6513495 6.0967022
2.1770916 1.6562988 6.0990898
2.1759225 1.6534247 6.0962211
2.1763293 1.6505272 6.0961502
2.176099 1.6544105 6.0994272
2.1761385 1.659118 6.0905982
2.1712063 1.6541542 6.0912913
2.1703598 1.6526711 6.0890006
2.1799235 1.6533654 6.0925193
2.1815279 1.6505009 6.1037862
2.1803254 1.6537459 6.0941739
2.1794195 1.653897 6.0929318
2.1781244 1.6534109 6.0955579
2.1793902 1.6536869 6.0866028
1.68451 1.22276 2.40102
2.1781974 1.6505966 6.1015087
2.1808244 1.6525746 6.1003865
2.1808712 1.6520405 6.0950336
2.1803136 1.653722 6.0926555
2.1795755 1.6539433 6.0909611
2.1795345 1.653126 6.0933641
3.54388 1.7815 1.73795
3.8607735 1.8678117 3.0108073
3.8583549 1.8669043 3.0120387
3.8661165 1.8698853 3.0189768
3.8661269 1.8701306 3.0178761
3.8611772 1.8686043 3.014067
3.8677204 1.8640821 3.0277883
3.8650509 1.8648643 3.0279189
3.8635392 1.8719458 3.0169564
3.8575355 1.8653846 3.0133412
3.8610613 1.8696039 3.0150901
0.39648 2.58555 3.96034
3.8699522 1.8739222 3.0289594
3.8655403 1.8687582 3.0163503
3.8592911 1.8693284 3.0159933
3.8608597 1.8699888 3.0157656
1.8530436 2.6654983 3.5684653
1.8509109 2.6646246 3.5673483
1.8138122 2.6663699 3.5417088
1.8206508 2.6565477 3.5441117
1.8276492 2.6581122 3.5468459
1.8427022 2.6671202 3.5627211
1.8405181 2.6709082 3.5622054
1.8334515 2.6672862 3.5589698
1.8296132 2.664996 3.558451
1.827999 2.6565475 3.5600296
1.8383914 2.6653814 3.564805
1.8465418 2.6600993 3.5681599
1.8371923 2.6731512 3.5579688
1.8164837 2.6630744 3.5387801
1.8325734 2.6646893 3.5540263
1.8213233 2.660817 3.5434137
1.3395956 2.015946 6.0877549
1.3539542 2.0069721 6.0860241
1.3575688 2.0154282 6.1004536
1.3447321 2.0036233 6.0846583
1.3408963 2.0166633 6.0933755
1.343279 2.0175773 6.0848717
1.348366 2.013187 6.0819752
1.3449904 2.0166415 6.0855673
1.3474288 2.018055 6.088199
1.3442452 2.0156057 6.0861072
1.343835 2.0165296 6.0854752
1.3391054 2.0212801 6.081597
1.340462 2.023223 6.082799
1.3433147 2.0126465 6.0904218
1.3369924 2.0168422 6.0880307
1.3377047 2.0173415 6.0875564
3.6432282 1.7142916 3.1357963
0.15791 1.31776 0.30008
3.6496546 1.7182011 3.1336471
3.6509419 1.7137658 3.1384419
3.6469294 1.7146355 3.137209
3.6454561 1.7055994 3.1434137
3.6465726 1.7108827 3.146284
3.6460835 1.7146577 3.1375637
3.6434162 1.7121181 3.1432726
3.6495166 1.7222793 3.1500561
3.7920092 2.6241883 2.0725903
3.8063379 2.6277023 2.0840684
3.7906696 2.6303911 2.0654547
3.7938539 2.6304421 2.0689612
3.7927703 2.6364694 2.069665
3.7865156 2.6295575 2.062564
1.07682 2.21611 1.65795
3.8057164 2.6242964 2.0866172
4.4518225 2.44407 5.2431229
4.474851 2.4532689 5.2634553
4.4719325 2.4536068 5.2610019
4.4701994 2.4461953 5.2590327
4.4719901 2.4488763 5.2666932
4.482791 2.4402027 5.2764522
4.471407 2.4501438 5.2732009
4.4576201 2.4443683 5.2495603
4.4601018 2.4453357 5.2539012
4.4576999 2.4509242 5.2620523
4.453613 2.4486195 5.2575086
4.4822968 2.4382826 5.2667494
4.4683295 2.4512722 5.2626867
4.4732552 2.4524605 5.2616203
4.4633666 2.0268706 1.3511991
4.4726253 2.0338111 1.3682635
4.4668642 2.0236367 1.3566772
4.4665542 2.0275679 1.3635603
4.4751762 2.0197624 1.369778
4.4806035 2.0251478 1.368461
4.4714041 2.0127848 1.3589677
0.60431 2.66091 3.78131
4.4667208 2.0267306 1.3615599
4.4688641 2.02329 1.3632252
4.475547 2.0334693 1.366312
4.467062 2.0252219 1.3597507
4.4665292 2.0270256 1.360037
4.4656418 2.0293551 1.3607931
4.4643139 2.0272334 1.3596831
4.462355 2.0240712 1.3593208
4.4648669 2.03005 1.3622381
4.4742841 2.0255891 1.3636486
4.4664575 2.0262527 1.359942
4.4642179 2.0257631 1.3617138
3.81228 1.07366 5.0281
4.4760457 2.0254865 1.3674489
4.4697409 2.0243113 1.3571897
4.47403 2.0235287 1.3587964
4.4698222 2.0292211 1.3548979
3.28188 2.20358 3.59565
2.1794122 1.6417136 6.10147
2.1851451 1.6546269 6.0989913
2.1799476 1.6598742 6.089944
2.1711406 1.6574817 6.0925729
2.1704074 1.6569872 6.0913016
2.1731974 1.6587212 6.0971958
2.1715092 1.6540359 6.0965946
2.173047 1.651325 6.0983407
2.1755096 1.655964 6.0968323
2.1762814 1.6543353 6.0928127
2.1781529 1.659176 6.0971459
2.1817703 1.6568764 6.0934492
2.1799745 1.6536673 6.0970654
2.1804695 1.6537541 6.0946556
2.1881627 1.6556932 6.0905008
2.1804041 1.6476754 6.0956365
2.1834016 1.6535469 6.0960605
2.1780349 1.6502386 6.1013752
2.1781603 1.6522544 6.0917054
2.181737 1.6570856 6.0936367
2.1803956 1.6566709 6.0936923
2.1818888 1.6547685 6.0941543
3.8653772 1.8697041 3.0181859
3.8611234 1.86759 3.0088421
3.8624673 1.8681483 3.0139591
3.8589857 1.8688654 3.0139471
3.8618993 1.8716256 3.0197451
3.8607179 1.8634859 3.0220159
3.8610378 1.8606096 3.0158027
3.8631783 1.8623952 3.014209
3.8667591 1.8724704 3.014622
3.8549232 1.8656496 3.0125063
3.8540915 1.8692974 3.0108629
3.8659814 1.8674885 3.0179461
3.8544137 1.87211 3.0158969
3.8597291 1.8705887 3.0102235
3.8664245 1.8704452 3.0174987
3.8718424 1.8710203 3.0160622
1.84152 2.6669656 3.5775439
1.8191808 2.6663715 3.5459233
1.8222817 2.6590112 3.5521003
1.8330373 2.6655129 3.5673486
1.8341505 2.6662542 3.5597415
1.8440064 2.6661656 3.5623514
1.8395683 2.6639395 3.56512
1.8370234 2.6653027 3.5593111
1.8309599 2.6631901 3.552659
1.8307003 2.6553019 3.5596097
1.8357659 2.6650954 3.561709
1.8376847 2.6588651 3.5611996
1.8415444 2.659198 3.5619781
1.8223059 2.663018 3.5445891
1.8144221 2.667502 3.537129
0.61386 1.81455 2.95602
1.3416419 2.0157634 6.0844304
1.3422028 2.0230457 6.0760275
1.3511781 2.0276061 6.0840225
1.3420676 2.0066805 6.0709289
1.3540667 2.0217647 6.0780022
1.3473155 2.0308316 6.0900783
1.3520992 2.0164462 6.0899301
1.345085 2.0166228 6.0861081
1.3449045 2.0167766 6.0863206
1.3422343 2.0179415 6.0869094
1.3460824 2.016413 6.0874736
1.3468163 2.0161134 6.0859751
1.3392306 2.0139879 6.0842308
1.3392181 2.0118456 6.0779128
1.3430278 2.0140914 6.075481
0.62438 1.04615 2.93775
3.6465556 1.7178177 3.136004
3.647558 1.7154279 3.1372138
3.6565181 1.7178416 3.1348987
3.6534389 1.7187114 3.1303845
3.6489514 1.7220943 3.1356981
3.646353 1.7140087 3.1377518
3.6468077 1.7135346 3.1377712
3.6453846 1.715402 3.1351363
3.6486826 1.7151891 3.1364724
3.6447391 1.7159831 3.1374264
3.6520796 1.7211333 3.147402
3.7779491 2.6305441 2.0522173
3.7957928 2.6294369 2.0755394
3.7800819 2.6248217 2.0654356
3.7943459 2.6264428 2.0830778
3.7855874 2.6342362 2.0651512
3.795538 2.6241471 2.0677349
3.785864 2.628785 2.0610799
4.4648254 2.4448044 5.2600995
4.4673182 2.4459719 5.269252
4.468291 2.4428728 5.2676076
4.4695773 2.4435402 5.2629702
4.4759074 2.4445235 5.2649309
4.470374 2.4396111 5.2556097
4.4729727 2.4451718 5.2567288
4.455741 2.4522502 5.2582793
4.4636044 2.4432276 5.2569058
4.4705373 2.4456825 5.2679764
4.4612416 2.4425127 5.2608261
4.4843024 2.4370049 5.2712431
4.4745317 2.4429001 5.2619134
4.4591471 2.4537224 5.265038
4.4751424 2.0355671 1.3554273
4.4666884 2.0283669 1.3651351
4.4712676 2.0277555 1.359341
4.4694055 2.0252538 1.3675321
4.4700131 2.032138 1.3649778
4.4799214 2.0224682 1.3720975
4.4676426 2.0182083 1.3702662
4.4671121 2.027827 1.3601379
4.4666936 2.0258152 1.3649116
4.4683193 2.0265175 1.3653139
4.4662853 2.022997 1.3641894
4.4644495 2.026101 1.3576835
4.4670754 2.0272056 1.3608049
4.467741 2.0267659 1.3613227
4.4630054 2.0235076 1.3616519
4.4690948 2.0262605 1.3685942
4.4677792 2.0276136 1.3619777
4.4678842 2.0257087 1.3533293
4.4635313 2.0234637 1.3532969
4.4665986 2.0305712 1.3643511
4.4752802 2.0362317 1.3729336
4.4698551 2.0301608 1.3676098
4.4715145 2.0287624 1.3698208
4.4709358 2.0261436 1.3687045
4.4685644 2.027587 1.3619567
2.1796866 1.6539779 6.0924539
2.1792766 1.6546724 6.0911659
2.1761741 1.6495894 6.0945287
2.1737451 1.6563758 6.0897305
2.1802118 1.6538044 6.0960166
2.1825141 1.65327 6.0943847
2.1742769 1.6458514 6.0884594
2.1748494 1.6433467 6.0961068
2.1697521 1.6530899 6.0960741
2.1746496 1.653627 6.0903175
2.1782251 1.6543532 6.0993381
2.1809854 1.6607383 6.0948612
2.1800132 1.6541605 6.0919468
2.1780412 1.6505395 6.0941838
2.1766648 1.6534973 6.0965623
2.1873016 1.6558594 6.0929917
2.1755456 1.6518267 6.0867051
2.1750134 1.6503752 6.0871651
2.1788661 1.6515863 6.1015157
2.1795811 1.6519706 6.1016978
2.176126 1.6543211 6.0985841
2.1781665 1.6504593 6.0959406
2.177639 1.6532432 6.0979914
3.8579498 1.8812833 3.0173862
3.8651499 1.8760464 3.0120151
3.8641236 1.8744253 3.0194537
3.8633397 1.8710809 3.0155997
3.8647149 1.8678607 3.0133001
3.8628774 1.8713677 3.0149376
3.8658911 1.868061 3.0183971
3.8674446 1.8724913 3.0124607
3.8638847 1.871852 3.0135813
3.866958 1.8696283 3.0086576
3.870326 1.8743228 3.0151653
3.873585 1.8701411 3.0203048
3.8644622 1.8729563 3.0258812
3.8707548 1.8795066 3.0244411
3.8575481 1.8720401 3.014138
3.8599588 1.8843691 3.0190269
1.8485779 2.6613093 3.5791829
1.8364304 2.6670928 3.5618264
1.8386587 2.6694569 3.5703087
1.8413445 2.6678847 3.5697631
1.8350448 2.6684779 3.5627489
1.8420469 2.6597558 3.5644151
1.8538851 2.6648985 3.5751647
1.8477917 2.6678052 3.5787789
1.826808 2.6682055 3.5566037
1.8417018 2.66343 3.5609153
1.8339161 2.6618923 3.5591116
1.8426564 2.6637742 3.5636707
1.8378137 2.6599769 3.558256
1.8451742 2.6610064 3.5700814
1.8357267 2.6632954 3.5625905
3.61795 1.87394 5.8719
1.3489912 2.0084897 6.0830405
1.3443108 2.0158137 6.0826843
1.3450408 2.0155916 6.0855518
1.3436565 2.0180354 6.0826051
1.3371014 2.0100822 6.0717056
1.3377538 2.0272876 6.0873953
1.3447739 2.0132559 6.0846621
1.3440154 2.0170974 6.0911882
1.3452574 2.0143933 6.0923393
1.3409257 2.0129886 6.0870936
1.3467596 2.0140878 6.090884
1.342195 2.017279 6.0842826
1.3434455 2.0165408 6.0848966
1.3458406 2.0181953 6.0866511
1.3450346 2.0174841 6.0859224
1.3419469 2.0234793 6.0805933
3.642448 1.7132893 3.1240298
3.6484416 1.7156464 3.1405251
3.6484051 1.7143483 3.1375825
3.6479386 1.7189246 3.1413701
3.6445613 1.7165493 3.1359717
3.6400133 1.7149689 3.1384927
3.6429713 1.7181754 3.1423797
3.6447953 1.7147286 3.139295
3.6505416 1.7181407 3.1413544
3.6405223 1.7224221 3.1379957
3.6543372 1.7150574 3.1358844
3.6535911 1.7011618 3.1410996
3.7889535 2.6225501 2.0665273
3.7883961 2.6274111 2.06745
3.8033588 2.6259483 2.0781242
3.7838887 2.6302623 2.060696
3.7842304 2.6299961 2.0615354
3.7938504 2.6316936 2.0736312
4.4572531 2.4358715 5.2553672
4.4566723 2.4431956 5.2492032
4.4703359 2.4406431 5.2596194
4.4760783 2.4437875 5.2678891
4.474444 2.4384784 5.2644736
4.4668957 2.4439143 5.2614456
4.4643703 2.4485794 5.255432
4.4538708 2.453057 5.2547123
4.4734258 2.4480061 5.2678891
4.4668927 2.4440293 5.2623892
4.4609674 2.439458 5.2621255
4.4766849 2.4334377 5.2623256
4.4683234 2.4416844 5.255531
4.4621511 2.4568509 5.2573981
4.4666612 2.0267572 1.357412
4.4669285 2.0270445 1.3613066
4.4661773 2.026217 1.3616077
4.4666533 2.0318415 1.3659036
4.4650122 2.0277241 1.3600544
4.4670748 2.024412 1.3615569
4.4721931 2.025584 1.3640282
4.4672868 2.0293122 1.3621123
4.4674699 2.0264852 1.3620313
4.4671344 2.0267682 1.3611953
4.4656134 2.0216761 1.3526129
4.4662318 2.0278721 1.3616152
4.4670857 2.0298991 1.3627167
4.4662386 2.0257332 1.362713
4.466266 2.0255939 1.3621135
4.4650759 2.0221541 1.3668911
4.4698034 2.025026 1.3629152
4.4634183 2.0231764 1.3599252
4.463537 2.027163 1.358705
4.4699695 2.0323566 1.3617789
4.4708841 2.0266398 1.3586683
4.4637547 2.0248799 1.3633193
4.4647103 2.0237092 1.3602569
4.4662969 2.0312726 1.3625621
4.464257 2.0215476 1.3704684
5.59397 0.45583 2.02869
2.1826165 1.655585 6.0978269
2.177134 1.6503445 6.0976622
0.54544 2.56497 0.82504
2.1776263 1.6524259 6.0937979
2.1799792 1.6538282 6.0929387
2.1798006 1.6458755 6.0953068
2.179073 1.653461 6.0952355
2.1761737 1.6490097 6.0976055
2.1812111 1.6606956 6.0941926
2.1754038 1.6566948 6.0995563
2.1838869 1.6495513 6.0945005
2.1816495 1.6530752 6.1020093
2.1744734 1.653726 6.0981525
2.1796086 1.656677 6.0944629
2.1807275 1.6563605 6.0939331
2.1763587 1.6562622 6.0849423
2.1793693 1.6525719 6.0902726
2.1856321 1.6526139 6.0944478
2.1807833 1.6557574 6.0922421
2.1815581 1.6562355 6.0894144
2.1803736 1.6595623 6.0910744
2.1886488 1.6552731 6.0943209
3.8640275 1.8746235 3.0148826
3.864308 1.8732125 3.0248058
3.8645856 1.8713772 3.0243716
3.8638403 1.8734969 3.0193741
3.863377 1.8675808 3.0130746
3.8714588 1.8687105 3.0153848
3.8600041 1.8635567 3.0126356
3.8652522 1.8737384 3.0156711
3.8637039 1.8723317 3.0123861
3.8651537 1.869919 3.0181582
3.8676343 1.8765006 3.0162039
3.8678901 1.8679482 3.015592
3.8657062 1.8715354 3.0205376
3.8717802 1.8763599 3.0249194
3.8621376 1.8740382 3.0144807
3.8647784 1.8695838 3.0191272
1.8261437 2.660911 3.5609717
1.8444563 2.6619699 3.5778193
1.8293045 2.6577859 3.5620795
1.83002 2.6581581 3.5621352
1.837217 2.6688087 3.5647337
1.8465533 2.6640939 3.5651557
1.8320669 2.6672056 3.560764
1.8270315 2.6650972 3.5565168
1.8294345 2.6678097 3.5550511
1.8444824 2.667966 3.5703425
1.8283737 2.6677386 3.549153
1.8265446 2.6630251 3.5471952
1.8371016 2.6672069 3.5625064
1.8398885 2.6557365 3.5639196
1.836554 2.6560708 3.5593926
1.8192955 2.6653245 3.539008
1.3396521 2.012482 6.0697784
1.3414869 2.0094511 6.07958
1.3453539 2.0162595 6.0846095
1.3431373 2.0133355 6.0808501
1.47268 2.35871 2.89982
1.3426988 2.016115 6.0864532
1.3446396 2.0157584 6.0852757
1.3458728 2.0168346 6.0866958
1.3453209 2.0163081 6.0857308
3.36143 1.14947 1.32416
1.3512187 2.0092342 6.0852822
1.3423768 2.0147149 6.0853233
1.3391744 2.0193725 6.0853566
1.3398239 2.0207644 6.0827699
1.3463094 2.0225604 6.0882342
1.3389494 2.0192902 6.0916064
3.6576897 1.7174673 3.1372165
3.647487 1.7127827 3.1395971
3.651742 1.7119153 3.1453343
3.64096 1.7195249 3.1366812
4.82006 1.92415 3.26371
3.6459835 1.7135134 3.1378702
3.6457796 1.7105261 3.1432817
3.6445063 1.7182079 3.1344865
3.641658 1.7119225 3.1332791
3.637167 1.7112742 3.1356513
3.6462822 1.7087787 3.1313151
3.6457869 1.7169361 3.1371863
3.6347583 1.7087199 3.1291338
3.7873083 2.6206391 2.0592339
3.8061578 2.6293955 2.079428
3.7915435 2.6285797 2.0687997
3.7891835 2.6277749 2.06493
3.7942883 2.6269406 2.0738217
4.467265 2.4452728 5.2708433
4.4685398 2.4364835 5.2651702
4.4773469 2.4412177 5.2656647
4.4720943 2.4429012 5.2616472
4.4673738 2.4447665 5.2544161
4.4729412 2.4502541 5.265579
4.4653368 2.4528678 5.2643908
4.4707329 2.447681 5.2702766
4.4619372 2.4442366 5.2642771
4.4653209 2.4525251 5.2631443
4.4659448 2.4436476 5.260775
4.4642618 2.4439667 5.2527493
4.4634335 2.4443822 5.2627531
4.4728472 2.4446284 5.2729679
4.4630812 2.0185681 1.3650895
4.4656496 2.0255864 1.3620128
4.4662203 2.0287424 1.3673681
4.4543498 2.0212767 1.3592015
4.4668966 2.0259221 1.3605929
4.4666041 2.0229639 1.3622241
4.4568041 2.0254553 1.3622338
4.459971 2.0286188 1.3668741
4.4751474 2.0297595 1.3567449
4.4736702 2.0269285 1.3545839
4.4595801 2.023282 1.3502479
4.4656559 2.026158 1.3631484
4.4707754 2.0288013 1.3614732
4.4669962 2.0260127 1.3621564
4.4699001 2.0255774 1.3667278
4.4675108 2.0211256 1.3654379
4.4627532 2.0245622 1.360327
4.4665401 2.0228293 1.3587537
4.4635064 2.023436 1.3588321
4.4681588 2.0276365 1.3642157
4.4653722 2.032361 1.3575594
4.4683445 2.0315088 1.3532252
4.4654199 2.0260916 1.3621108
4.4647847 2.0307172 1.3655116
2.1801299 1.6509976 6.0892115
2.1866481 1.6552409 6.0873728
2.1760472 1.6583794 6.0943846
2.1774494 1.653607 6.1004335
2.1767859 1.6502664 6.0832798
2.1787845 1.6527732 6.0880595
2.1792805 1.655529 6.0914608
2.1803493 1.6499488 6.0930574
2.1729489 1.6532792 6.0950932
2.1782689 1.6482617 6.0951505
2.1788645 1.6608489 6.0938658
2.1822809 1.6625411 6.0963453
2.1831113 1.6588231 6.09036
2.1831706 1.6581169 6.099453
2.1783005 1.64963 6.0929498
2.180269 1.6537035 6.0935515
2.1729781 1.6582229 6.0867118
2.1702764 1.647267 6.0884066
2.176264 1.6497325 6.0975895
2.1812289 1.6535149 6.0922706
2.1788167 1.6540459 6.0913306
2.1833444 1.655158 6.0961498
2.1821916 1.6531925 6.0969214
2.1788508 1.6538716 6.0919552
2.1785152 1.6551554 6.0905183
3.8622964 1.8665996 3.0168841
4.18758 2.48726 0.57508
3.8602788 1.8724192 3.0200501
3.8631777 1.8680568 3.0125789
3.8681344 1.8707463 3.0257975
3.8564047 1.8643631 3.0153423
3.8625592 1.8722099 3.0167407
3.8624679 1.8720502 3.0151437
3.8656418 1.8691727 3.017867
3.8639314 1.8716827 3.0148751
3.8616734 1.870518 3.0172517
3.865241 1.8690737 3.0203796
3.8639864 1.8774707 3.0200358
3.8594307 1.8682101 3.0136739
3.8768225 1.8632305 3.0226558
1.8390161 2.6652963 3.5663978
1.8424413 2.6647551 3.5685221
1.8335695 2.6684131 3.5636326
1.8372681 2.667347 3.5624119
1.8375716 2.6659979 3.5634913
1.8522981 2.6656442 3.5730757
1.8274241 2.6729115 3.5561653
1.839042 2.6741617 3.563994
1.8344221 2.6671901 3.5617027
4.98172 1.09831 3.22837
1.8276842 2.664941 3.5524841
1.82589 2.6641987 3.5549429
1.8362066 2.6664039 3.5621246
1.8364093 2.6664569 3.5619287
1.85439 2.664519 3.5739215
1.8320771 2.6662157 3.5656101
1.8468981 2.6626963 3.5757031
1.341093 2.0153325 6.0714524
1.3466613 2.0113419 6.0850828
1.3447858 2.0120287 6.078713
1.3576543 2.0081276 6.0938442
1.3429201 2.0145523 6.0895514
1.3468469 2.0192447 6.0861495
1.3481492 2.0182052 6.0875164
1.3449864 2.0170182 6.0856321
1.343909 2.0267679 6.0819207
1.3409711 2.0152546 6.0755516
1.3464507 2.0131423 6.0831839
1.3449881 2.0166169 6.0858528
1.3420031 2.0161836 6.0803467
1.3435466 2.0142146 6.0864126
1.3433796 2.0156085 6.0858342
3.641974 1.7248829 3.1404995
3.6551051 1.7160105 3.1464611
3.6551077 1.7105356 3.1445152
3.6431639 1.7209217 3.1351048
3.6498135 1.7136488 3.1455514
3.6499501 1.7068697 3.1403971
3.6425154 1.7109463 3.1409602
3.6418086 1.7208138 3.1388012
3.6448858 1.7198583 3.1371707
3.6454872 1.7150262 3.1377515
5.42816 1.22332 2.94278
3.6456621 1.7138859 3.1376321
3.6468647 1.7119501 3.1371222
3.6440611 1.7152988 3.1378987
3.7967492 2.6286502 2.0744494
3.796787 2.6298899 2.0715484
3.7919277 2.6311461 2.0654285
3.786165 2.6296383 2.0638543
4.4655822 2.4442871 5.2610356
4.4640899 2.4441427 5.2593256
4.4702595 2.4450649 5.2635295
4.469407 2.4442206 5.2637447
4.4658564 2.4438455 5.2603277
4.466141 2.4459943 5.2607619
3.23466 0.6022 2.76886
4.4752536 2.44729 5.2709478
4.4663756 2.4432979 5.2693063
4.4640111 2.4520028 5.2597965
0.4716 0.72217 5.21052
4.4628285 2.4473034 5.2555237
4.4636482 2.4440235 5.2598716
4.17734 1.33969 5.40828
4.4589152 2.4418142 5.2579817
4.4624803 2.0328462 1.3697865
4.4610339 2.0288764 1.3640184
4.4610265 2.0116677 1.3557801
4.466838 2.0253468 1.3607662
4.4682175 2.023065 1.3598336
4.4648024 2.0193173 1.3634116
4.4691976 2.0301332 1.3602018
4.4659092 2.0267507 1.3651485
4.4717577 2.0278475 1.3715431
4.4692173 2.0182126 1.3565379
4.4673864 2.0303182 1.3591985
4.4678774 2.0224354 1.3581589
4.4644478 2.0234085 1.361482
4.464587 2.0260242 1.3613435
4.4629905 2.0264572 1.3621289
4.4659372 2.0266443 1.3610196
4.77684 2.21522 0.31427
4.4659753 2.0254972 1.3612532
4.4704902 2.0228794 1.361141
4.4776405 2.0227945 1.3584397
1.80019 0.72386 0.11374
4.4701827 2.0154963 1.3700378
4.4716102 2.0251331 1.369609
2.1660495 1.6523361 6.0858545
2.1799558 1.6537468 6.0931289
2.1810436 1.6548251 6.0932762
2.1833871 1.6558219 6.0929478
2.1814381 1.6488994 6.0922189
2.1804655 1.6536061 6.0915995
2.1796947 1.6540308 6.0929278
2.1762454 1.6528706 6.0894513
2.1726761 1.6525153 6.096087
2.1754022 1.6512725 6.0950486
2.1784415 1.652967 6.094664
2.1826343 1.6534328 6.1019728
2.1808374 1.6536532 6.0929123
2.1885514 1.6549119 6.0935545
2.1852984 1.6520334 6.0925993
2.1805543 1.6539595 6.0933775
2.1812328 1.6590268 6.09316
2.1858713 1.651057 6.0918436
2.1848958 1.6544449 6.0906773
2.1841696 1.6530309 6.0878582
2.1826034 1.6517034 6.0899017
2.1795179 1.6521437 6.0948153
2.1814633 1.6545025 6.094991
2.1797007 1.6559891 6.0946201
2.1906745 1.6511735 6.0930083
3.8646307 1.8618191 3.0278564
3.8646277 1.8700674 3.0159963
3.8622561 1.8711584 3.0173857
3.8628825 1.8702192 3.0143788
3.8652325 1.8745956 3.0204236
3.8641167 1.8707665 3.0161709
3.8675989 1.8707989 3.0200343
3.861591 1.8677603 3.0213015
3.8653049 1.8692356 3.0182884
3.8643217 1.8683822 3.0199545
3.8597037 1.8686268 3.0178807
3.8565999 1.8685584 3.0169752
3.8649625 1.8743768 3.0173707
3.8618868 1.8725087 3.0165524
1.8324382 2.6653918 3.5587356
1.8362343 2.6661663 3.5626035
1.8307277 2.6640383 3.5596677
1.836935 2.6711828 3.5643853
1.8425905 2.6610434 3.5703954
1.830005 2.6657084 3.5560506
1.8308733 2.6642954 3.5588898
1.8323135 2.6673965 3.5594282
1.845913 2.6620941 3.5672123
1.850895 2.6639627 3.571716
1.8109204 2.6618648 3.5376677
1.8351831 2.6662657 3.5631248
1.8374859 2.6704926 3.5604474
1.837146 2.6684633 3.5621181
1.8491016 2.6693587 3.5709662
1.8428393 2.6693144 3.5591803
1.8440776 2.6716829 3.5737064
1.8350339 2.6655679 3.5596747
1.3475967 2.019414 6.0868762
1.3464627 2.0171093 6.0841294
1.3412075 2.0139162 6.0793856
1.3539958 2.0167526 6.0886212
1.3355835 2.0204195 6.0806177
1.3447885 2.0174454 6.0853258
1.3418566 2.018612 6.0782355
1.3398233 2.0139629 6.0778337
1.3359896 2.0177998 6.0899737
1.3473668 2.0166984 6.0960868
1.3527384 2.011702 6.087913
1.347466 2.0101441 6.0866534
1.3438089 2.0186101 6.0822306
1.3450261 2.0162102 6.086686
1.3443349 2.0107581 6.0867688
3.6410461 1.7253833 3.1400808
3.6463562 1.7164846 3.1372942
3.6470309 1.7161136 3.1372329
3.6455876 1.7122225 3.1381805
3.6451071 1.7130665 3.1388384
3.6499404 1.7069264 3.1385622
3.6463409 1.7141981 3.1375231
3.6455871 1.712081 3.1388936
3.6513161 1.7160348 3.1395426
3.6431041 1.7149689 3.1399575
3.6377845 1.7118841 3.1320061
3.6456518 1.7156165 3.1372313
3.6456286 1.7177755 3.1371095
3.6521547 1.7144069 3.1437556
3.7993425 2.6298772 2.0699656
3.8051772 2.6314292 2.0824876
3.7897683 2.6284028 2.0664499
3.7828273 2.6269779 2.0597818
4.4684251 2.4512253 5.2540999
4.4634745 2.4449026 5.2603096
4.4558653 2.4461424 5.2514755
4.4615815 2.4460324 5.2567529
4.4664042 2.4436522 5.2607988
4.467706 2.4448135 5.2627483
2.61752 0.74125 5.14551
4.4668842 2.4448253 5.2617071
4.4587717 2.4504072 5.2479973
2.69658 2.46571 1.43477
4.4729305 2.4358827 5.2734653
0.35025 0.99722 5.74643
4.4587295 2.4353606 5.2615166
4.4714315 2.447463 5.2652001
4.4648329 2.447287 5.2704094
4.4764789 2.0199168 1.3627192
4.4746111 2.0298917 1.3595325
2.59556 3.03736 2.61594
4.4667595 2.015858 1.3573705
4.4668739 2.026124 1.3612892
4.467273 2.026661 1.3675169
4.4659827 2.0222225 1.3552437
4.4657059 2.0227568 1.355503
4.4768825 2.0289116 1.3693362
4.4689064 2.0191489 1.3563459
4.4712798 2.0281365 1.3588572
4.4688372 2.0283739 1.3602732
4.4711573 2.022521 1.3639826
4.4716067 2.0231337 1.3644271
4.4684329 2.0274223 1.3535982
4.4624014 2.0286687 1.3571756
4.4690092 2.0236435 1.3632863
4.463774 2.0267277 1.3635377
4.4675489 2.0264528 1.3617754
4.4734784 2.0265225 1.363288
4.4541704 2.0182515 1.3484976
4.4625583 2.0269849 1.3482803
4.4678408 2.0164219 1.3547289
2.1723282 1.6558028 6.0906723
2.1770867 1.6582449 6.0949392
2.1816292 1.6537264 6.0913884
2.1812083 1.6557185 6.0950391
2.1805175 1.6541553 6.0934614
2.1803613 1.6504445 6.0957209
2.1788308 1.6549741 6.0938224
2.1864303 1.6519634 6.0854901
2.1890727 1.6490215 6.0906384
2.18112 1.649212 6.0983319
2.1777495 1.6516132 6.0958347
2.183294 1.644238 6.0950295
2.180017 1.6518388 6.0860294
2.1793531 1.6596478 6.0979401
2.1741443 1.6537611 6.0958784
2.1795001 1.6518191 6.1003417
2.1822636 1.6557058 6.0939332
2.183436 1.6562999 6.0953368
2.1790385 1.6498656 6.0865611
2.1780561 1.6529292 6.089497
2.1820084 1.6515483 6.0931566
2.1806784 1.653186 6.0933417
2.1872492 1.6509378 6.0974016
2.1860655 1.6512608 6.0911908
2.1716399 1.6528118 6.0825562
3.8725273 1.8612431 3.02118
3.8646727 1.8697476 3.0164897
3.8631078 1.8691416 3.0136935
3.8611827 1.8649423 3.0200448
3.8629244 1.864856 3.021749
3.8636335 1.8715666 3.014225
3.8623902 1.8720264 3.0151395
3.8590852 1.8660366 3.0102468
3.8606569 1.8726346 3.0098951
3.8618866 1.8676872 3.0242858
3.8634568 1.8711537 3.0159242
3.8625881 1.8614008 3.0122698
3.8630631 1.864941 3.0089452
3.8629707 1.871156 3.0151678
1.8566234 2.6643833 3.5891865
1.8534856 2.6688444 3.58412
1.8474473 2.6607922 3.5708266
1.8468168 2.6699102 3.5767791
1.8176393 2.6627787 3.5541935
1.819223 2.6588901 3.552254
1.8242855 2.6707292 3.5432337
1.8260357 2.6779665 3.5557287
1.8269259 2.6670005 3.5593864
1.8466469 2.6655502 3.576654
1.8465371 2.6704983 3.5624309
1.8370094 2.6669372 3.5597005
1.8385382 2.6659425 3.5598521
1.8475782 2.6691477 3.5694134
1.8429905 2.6647189 3.5698366
1.8331109 2.664734 3.5552125
1.8541543 2.6707623 3.5738117
1.848644 2.6741975 3.5847993
1.3445124 2.0175398 6.0821553
1.3448888 2.0148212 6.0821029
1.346385 2.0206313 6.0836865
1.3489986 2.0135344 6.0847348
1.340459 2.023179 6.0775419
1.3457772 2.0171844 6.0803896
1.3375589 2.0145381 6.0844226
1.3479629 2.0197734 6.0850421
1.3510498 2.0237562 6.0922363
1.3464737 2.0197988 6.0957508
1.3441515 2.0202204 6.0953522
1.3403808 2.014987 6.0766789
1.3393372 2.0133224 6.0810208
1.3447637 2.0131753 6.0814913
1.3484974 2.0135992 6.086154
3.6527068 1.7065118 3.1392425
3.6524483 1.7179859 3.1377975
3.6455433 1.7155353 3.1334835
3.6478405 1.7177603 3.1368566
3.6437761 1.7152797 3.1370847
3.6487123 1.7075623 3.1411827
3.6460679 1.7141259 3.1352232
3.6461827 1.7134438 3.1354947
3.6484729 1.7184796 3.1394983
3.6418919 1.7156603 3.137863
3.6490304 1.7152851 3.1353652
3.6457144 1.7162202 3.1349114
3.6530509 1.7169846 3.1362542
3.6474866 1.7140831 3.1418036
6.26688 0.76123 4.62334
3.8076008 2.6274916 2.0878685
3.7959666 2.6320197 2.0759718
3.7869118 2.6254844 2.0603039
4.4651608 2.45196 5.2678771
4.4680594 2.441559 5.2611809
4.4543022 2.4389182 5.255308
4.4498661 2.4431755 5.2509642
4.4652545 2.441329 5.2568422
4.4684101 2.4460651 5.2634292
4.4661141 2.4421322 5.2610584
4.4784179 2.4481789 5.2663435
4.4632108 2.4522125 5.2588504
4.4679717 2.4461103 5.2613623
4.4564548 2.4487113 5.259204
4.4725443 2.4509213 5.2714013
4.4558639 2.4435241 5.2635507
4.4763737 2.445107 5.2698035
4.4526943 2.454135 5.2474469
4.4666305 2.0264255 1.361251
4.4664177 2.0273595 1.3611895
4.4618637 2.0185418 1.3564121
4.4661053 2.0258922 1.3608124
4.4626819 2.0277604 1.361808
4.463904 2.0282895 1.3627307
4.4641072 2.0257674 1.3601901
4.4643442 2.0232581 1.3585265
4.4677578 2.0262427 1.3604519
4.4668419 2.0246958 1.3559318
4.4653741 2.0281659 1.3542628
4.4729883 2.0309048 1.3577523
4.4686755 2.032482 1.366198
4.4722006 2.0338152 1.3689898
4.4762297 2.0295409 1.3611715
5.71438 2.06667 3.41162
4.4657933 2.0264833 1.3615165
4.4648673 2.0197924 1.364072
4.4683561 2.0263703 1.3635816
4.46153 2.0274888 1.3585124
4.46298 2.0292672 1.3585018
4.4701947 2.0278615 1.3643137
5.91536 1.271 2.29133
2.1916492 1.6432244 6.0954382
2.1811443 1.6534588 6.0895043
2.1814273 1.6513493 6.0943429
2.179243 1.6524293 6.0940262
2.1807192 1.6529872 6.093503
2.180479 1.6484955 6.0958266
2.1835454 1.650685 6.0943473
2.1823654 1.6525244 6.0885976
2.1851482 1.6542168 6.0908978
2.1811192 1.651536 6.091095
2.1803921 1.6518409 6.0920155
2.173038 1.6480236 6.0960483
2.1740771 1.6547721 6.0865552
2.17988 1.6540345 6.0923374
2.1804077 1.6538685 6.0930021
2.1884692 1.6507582 6.0965847
2.1818895 1.6549186 6.0909129
2.1868246 1.6542948 6.0914451
2.18207 1.6462118 6.0940965
2.1714898 1.6456601 6.0932957
2.1813194 1.6604008 6.0814612
2.1804653 1.6529092 6.0913651
2.1863433 1.647057 6.0903789
2.1829123 1.6543067 6.0876702
2.187263 1.650544 6.0904362
3.8569015 1.8576584 3.0133448
3.868038 1.869583 3.0164517
3.8648896 1.8741436 3.0141406
3.8686784 1.8719702 3.0121086
3.8636508 1.8659851 3.0085461
3.8661619 1.8688725 3.0149451
3.8577668 1.8696253 3.0132501
3.862855 1.8790522 3.0128791
3.8622541 1.8731312 3.0136756
3.8589143 1.8653867 3.0223749
3.8620413 1.8700008 3.0147909
3.8595341 1.8685695 3.0163464
3.8700719 1.8667765 3.0207933
3.856753 1.8719918 3.00864
1.8170358 2.6658194 3.5450702
1.8350668 2.6697836 3.5574844
1.8341938 2.6650584 3.5589048
1.83527 2.6675301 3.5608797
1.8333466 2.6710592 3.5596371
1.8397754 2.6659969 3.5690793
1.8392356 2.6683778 3.5620718
1.8262237 2.6690054 3.5653015
1.8214233 2.6672695 3.5593127
1.8288683 2.6630298 3.5582909
1.8571068 2.674823 3.5793887
1.8351224 2.6768683 3.5647445
1.8374417 2.670838 3.555873
1.8281618 2.6728332 3.5620367
1.8418738 2.6657778 3.569897
1.8487271 2.6614942 3.573703
1.8486745 2.6626016 3.5742666
1.8348159 2.6627031 3.5654807
1.8373697 2.6591872 3.5656278
1.3557557 2.0144373 6.0920886
1.3481493 2.0220024 6.0804736
1.3445502 2.0160282 6.0854128
1.3444539 2.0168663 6.0857733
1.3483407 2.007169 6.084456
1.3471577 2.0073782 6.0899669
1.3491854 2.0118524 6.0908613
1.3446633 2.0069533 6.0911122
4.17913 3.02648 0.11329
1.338148 2.0155586 6.0837829
1.3449019 2.0274832 6.0872011
0.45378 2.56125 0.9532
1.3403222 2.0152149 6.0823196
3.6509852 1.7021398 3.1339901
3.6495489 1.715883 3.1324548
3.6440053 1.7179392 3.1367867
3.645254 1.7128531 3.1362733
3.6467244 1.7105759 3.1401331
3.6425516 1.7116762 3.1379456
3.6410905 1.715093 3.132991
3.6502165 1.7131819 3.1388023
3.6484257 1.7158887 3.1377057
3.6467258 1.7132784 3.1350547
3.6484314 1.7176092 3.1326746
3.6464123 1.7180924 3.1310978
3.6517891 1.7177428 3.1357901
3.6539521 1.7190191 3.1371747
3.6463741 1.7114434 3.1371149
3.6488138 1.7185384 3.139109
3.787799 2.6286509 2.0655944
3.7732332 2.6256046 2.0458289
3.7926215 2.6296542 2.0706825
4.4631598 2.4516967 5.2522055
4.4655962 2.4444822 5.2609531
4.4643949 2.4438528 5.2604746
4.4645198 2.4467872 5.2635559
4.4660656 2.4449043 5.2602798
4.4674098 2.4453171 5.2604664
4.4678075 2.4434468 5.26167
4.4788261 2.4353851 5.2738688
4.4673748 2.4384473 5.2561938
4.4670391 2.4439116 5.262721
4.4635774 2.4508669 5.2588396
4.4540838 2.4416504 5.2611915
5.37924 1.84016 2.02741
4.4711443 2.452048 5.2716608
4.4613561 2.4463911 5.2604844
4.4617017 2.0283238 1.3595541
4.4708754 2.0258617 1.3600399
4.4670502 2.025452 1.3567691
4.4687525 2.0259503 1.3575168
4.4666192 2.0268349 1.3612685
4.4680554 2.0300452 1.3613974
4.4663368 2.0270532 1.3607101
4.4782626 2.0274778 1.3715723
4.4678209 2.026552 1.3599538
4.4616987 2.02246 1.3587427
4.4757882 2.0216241 1.3679927
4.4749057 2.0292476 1.3699179
1.59077 1.97999 6.15353
4.45591 2.0313111 1.3575345
4.4812535 2.0217993 1.3637851
4.4795721 2.022879 1.3583636
4.4620376 2.022007 1.3577888
4.4705013 2.019845 1.3647627
4.4689894 2.0239163 1.3601745
4.4679733 2.0238318 1.3609751
4.4669104 2.0247402 1.3617981
4.4679685 2.0280253 1.3623771
4.37624 1.76357 4.48808
2.1864881 1.6544826 6.0799871
2.1761112 1.6443028 6.0942592
2.1759925 1.6480471 6.0945767
2.1841953 1.653874 6.0958806
2.1821816 1.6520469 6.0931665
2.1747522 1.6516507 6.0924855
2.1802618 1.6581872 6.0912428
2.1811377 1.6520031 6.0880812
2.1845829 1.6534694 6.0942585
2.1818561 1.6530436 6.092767
2.1804914 1.6536204 6.0933659
2.1809597 1.6546042 6.0942048
2.181031 1.6533401 6.0946107
2.18063 1.657467 6.0915444
2.1797999 1.6532727 6.0926333
2.1869213 1.6512733 6.090888
2.1813614 1.6472957 6.0899208
2.1785462 1.6530639 6.0978707
2.1799034 1.6527871 6.0942221
2.1711503 1.6475884 6.0934925
3.44383 1.3252 4.48042
2.169582 1.6508133 6.0925098
2.186323 1.6532852 6.0923418
2.1807866 1.653553 6.0932277
2.1788164 1.6525931 6.0935665
2.1813106 1.6543966 6.0918617
3.8624337 1.8771617 3.0178942
3.8653482 1.8669971 3.0148746
3.862978 1.8701164 3.0147605
3.8613389 1.8694485 3.013209
3.8614269 1.8650991 3.0210929
3.8600187 1.8747681 3.0148717
3.86215 1.8832218 3.017239
3.867365 1.8827201 3.0152185
3.11278 0.21756 0.30079
3.8630645 1.8724108 3.0142631
3.8616814 1.8635695 3.0086875
3.8633309 1.85642 3.0195898
1.836002 2.6650354 3.5633459
1.8364722 2.6640696 3.5664476
1.8396779 2.6670016 3.5680411
1.8374864 2.664343 3.5555446
1.8292907 2.6631325 3.5486659
1.8363351 2.6637162 3.5593328
1.8338442 2.6613604 3.5598581
0.2927 1.32522 0.93696
1.8284851 2.6641549 3.5604771
1.8357247 2.6669425 3.5616731
1.8385596 2.6671077 3.568656
1.8277836 2.6767392 3.5479222
1.8174455 2.6677669 3.5424773
1.8420541 2.6709704 3.5674722
1.816184 2.6665808 3.544492
1.8174544 2.6705375 3.546259
1.8361204 2.6673301 3.5621597
1.8393521 2.6566006 3.5706096
1.8493792 2.6579684 3.5819458
1.8335464 2.6641724 3.5550298
1.8433312 2.674941 3.5654437
5.31069 2.15168 6.02926
1.3441982 2.0162741 6.0855917
1.33962 2.0135049 6.0781345
1.3424706 2.0130028 6.0874362
1.3500268 2.0188792 6.081276
4.94664 0.58648 2.27217
1.340993 2.015675 6.0847747
1.3493565 2.0146281 6.0877036
1.3465222 2.0206601 6.0887991
1.3499258 2.0113154 6.0835489
1.3405277 2.0066664 6.0934115
2.97063 2.84948 3.22627
3.6465935 1.7154627 3.1337363
3.6462975 1.7157503 3.1285996
3.6491602 1.7143067 3.1294739
3.6450538 1.7159758 3.1368394
3.6456683 1.7150711 3.1363272
3.6461009 1.7145498 3.1362045
3.6467038 1.7236834 3.1379099
3.6497213 1.7127878 3.1287622
3.6455252 1.7088741 3.1363253
3.6528865 1.7125512 3.1330255
3.6425445 1.7255276 3.1446459
3.6379493 1.716331 3.1337272
3.6434907 1.7161675 3.135739
3.6424929 1.7207757 3.1352767
3.6429309 1.7101278 3.1356582
3.6511601 1.7208823 3.1372542
3.6446364 1.71564 3.1372762
3.6523262 1.7112813 3.1465222
3.641343 1.7098697 3.1337553
4.4694077 2.4448578 5.259947
4.4672301 2.4483503 5.2644269
4.4566228 2.4467805 5.2515746
4.4626784 2.4407175 5.2590254
4.4589216 2.4427647 5.2532075
4.4598919 2.4464781 5.2579944
4.476331 2.4430181 5.2601427
4.46664 2.4324716 5.2632366
4.4664991 2.4388872 5.2606814
4.25627 2.45955 2.72065
4.4671277 2.4444904 5.2615807
4.4573505 2.4427903 5.2509969
4.4652563 2.4406229 5.261845
4.4529361 2.4472044 5.2496559
4.4552176 2.4344053 5.2523475
4.4694151 2.0258457 1.3614872
4.4666012 2.0313851 1.3569589
4.4630924 2.0286258 1.3565374
4.4664772 2.0278896 1.3597602
5.94071 1.13131 2.6865
4.4605961 2.0268914 1.3552225
4.4813074 2.0277843 1.3684293
4.4812504 2.0286975 1.3711099
4.4702512 2.0285875 1.3650626
4.4674257 2.0301055 1.3650947
4.4637347 2.0264727 1.3624695
4.4694923 2.0270105 1.3644736
4.4687951 2.0257558 1.3638135
4.4681182 2.0268805 1.3651359
4.4702608 2.0244745 1.3658051
4.4654735 2.0260547 1.3586527
4.4660998 2.0256808 1.3604248
4.4666348 2.0251542 1.3615652
4.467432 2.026498 1.3609052
4.4754546 2.0292267 1.3611884
4.4709935 2.023711 1.360985
4.4685192 2.0288735 1.3592896
4.4667982 2.0249483 1.3622808
2.1813653 1.6666345 6.0994015
2.1771632 1.6438949 6.0950955
2.1684338 1.6578579 6.0976699
2.1822667 1.6663281 6.1022449
1.19218 0.29394 4.31185
2.1831781 1.6495201 6.0936342
2.1806391 1.6530842 6.0933669
2.1865378 1.6572307 6.1023222
2.1795404 1.651916 6.0946431
2.1793846 1.6516119 6.0941518
2.1837288 1.6629826 6.0948663
2.1799996 1.6540056 6.0936187
2.1816628 1.6550293 6.0869507
2.1822417 1.6576049 6.0930189
2.1763117 1.6555895 6.0896933
2.1760288 1.6557994 6.0905772
2.1778177 1.6535075 6.0902444
2.1820543 1.6613567 6.093218
2.180141 1.6498912 6.0929592
2.1808551 1.6482281 6.0914783
2.1798396 1.6547397 6.0916029
2.184778 1.6620528 6.0947591
3.4953 1.36093 2.4931
2.1866454 1.6520955 6.0883793
4.0666 1.60373 3.02437
2.1885243 1.6458217 6.0910547
3.8612648 1.868535 3.0207897
3.8635063 1.8676331 3.0127902
3.8605132 1.867848 3.0116978
3.8616053 1.8680664 3.0193894
3.8673172 1.8664459 3.0227595
3.8603722 1.8728706 3.0229742
3.8649532 1.8732122 3.0192886
3.8722072 1.8768865 3.0210987
3.8640546 1.8691932 3.009985
3.8622483 1.8673827 3.0134544
3.8623167 1.8592379 3.0135707
3.8651146 1.8648243 3.0059379
1.32615 2.59246 5.80438
1.8321877 2.6654348 3.560747
1.8326948 2.6632963 3.558322
1.838039 2.6708978 3.5602534
1.8274303 2.6669185 3.550572
1.8389574 2.6631791 3.5618455
1.8303167 2.6644237 3.5586017
1.8509808 2.6543558 3.5765641
1.8363988 2.6667359 3.5627875
1.8320907 2.6669801 3.5573092
1.836446 2.6682797 3.5602586
1.8335282 2.6677199 3.5533402
1.8205677 2.6688134 3.551868
1.8299084 2.6635063 3.5568133
1.8370252 2.6675253 3.563635
1.8366908 2.6676999 3.5612264
1.8361004 2.6690162 3.559869
1.823516 2.6674817 3.5491435
1.8583059 2.6671994 3.5825708
3.6539 0.8421 4.41872
1.86743 2.23545 4.81982
1.3348245 2.0170559 6.0822064
1.342003 2.018622 6.0865118
1.3414759 2.0113873 6.0792582
1.3404076 2.0102753 6.0797905
1.345875 2.0249345 6.0857566
1.3449573 2.0166596 6.0857908
1.3468197 2.0145293 6.0849107
1.3464966 2.014632 6.0850061
1.3406471 2.0162172 6.0855868
1.3506806 2.0096159 6.0951315
1.3511446 2.0088585 6.0946874
1.3486972 2.0165875 6.0743717
3.6410832 1.7041145 3.1269094
3.6469704 1.7140666 3.1362385
3.6502248 1.7177419 3.137976
3.642458 1.7119683 3.1377231
3.6437168 1.7135241 3.1447266
3.6430685 1.71776 3.138409
3.6507765 1.7209959 3.1392972
3.6442827 1.7209558 3.123563
3.6437619 1.7182056 3.1330183
3.6487459 1.7137747 3.1308627
5.63245 0.22761 0.71416
3.6479174 1.719837 3.1398089
3.6455218 1.7144591 3.1369624
3.6454707 1.7141942 3.1370315
3.6432923 1.7108276 3.1331904
3.6490656 1.7219621 3.1336051
3.6401615 1.7221726 3.133881
3.6466855 1.706207 3.1401864
3.6394428 1.7187791 3.1402729
4.4765877 2.4373371 5.2632302
4.4673496 2.4486918 5.2607289
4.4654105 2.4421898 5.2545935
4.4688586 2.444916 5.2634563
4.4572825 2.445974 5.2551558
4.4625739 2.4450486 5.2598917
4.4705881 2.4397072 5.2548687
4.4635353 2.4429615 5.2596621
4.4595969 2.4401407 5.2594622
4.4826283 2.440345 5.2693221
4.4661282 2.4471998 5.2639678
4.4645916 2.4440722 5.2585105
4.4657193 2.4442398 5.2614487
4.4678733 2.4473589 5.2670955
4.4654328 2.4439322 5.2588248
4.4836603 2.4408 5.2842988
4.4717326 2.0307402 1.3594271
4.4640589 2.0261371 1.3592705
4.46696 2.0305122 1.3592125
4.4761825 2.0298129 1.3771856
4.4675673 2.019508 1.3607889
4.4638364 2.0278152 1.3623763
4.4672326 2.0246924 1.3611646
4.4656591 2.0162978 1.3669601
4.4649128 2.0149673 1.3625602
4.4636871 2.0173267 1.363371
4.4662056 2.0278492 1.3654768
4.4674935 2.0282907 1.3690078
4.4658054 2.028903 1.357611
4.4746836 2.0267732 1.3661057
4.464124 2.0259335 1.3576599
4.4657477 2.0230422 1.359341
4.4715507 2.0282896 1.3626439
4.46787 2.0277912 1.3586984
4.4713093 2.0291901 1.3554758
4.4620806 2.0277184 1.3571943
4.4671251 2.0273803 1.3614045
4.4671893 2.0196441 1.369572
2.1817997 1.6560481 6.0913275
2.1797295 1.6492646 6.0964791
2.1732715 1.6526413 6.0920102
2.1866903 1.658116 6.0879692
2.1771891 1.6533763 6.0900074
2.1807022 1.6497982 6.0890956
2.1816086 1.6510135 6.0883969
2.1847209 1.655573 6.1037409
2.1866491 1.6553477 6.0919231
2.1812588 1.6544485 6.0958987
5.05633 2.02799 2.44958
5.37731 1.04399 3.52749
1.8172 1.73518 2.68092
2.1759548 1.6664302 6.0965274
2.1793549 1.6481871 6.0863991
2.1794575 1.6510423 6.0932745
2.1854059 1.6526522 6.1009997
2.183823 1.6613845 6.1007989
2.1821901 1.644804 6.0950592
2.1772315 1.6450063 6.0968653
4.19773 1.40145 3.28452
2.1719446 1.6538642 6.0833585
2.1684486 1.6576495 6.0869224
2.1804941 1.6579408 6.0843426
2.1936184 1.6529047 6.102821
2.1837441 1.6411451 6.0926728
4.37966 0.66484 1.85061
3.8633072 1.87113 3.0147063
3.8633834 1.8713036 3.0171012
3.8619304 1.8703321 3.0147067
3.8624674 1.8696818 3.0150135
3.8645435 1.8717893 3.0158799
3.8564823 1.8789448 3.0213147
3.8639189 1.8658756 3.0137039
3.8678595 1.8753969 3.0182893
3.8663797 1.8724511 3.0192648
3.8518252 1.8625179 3.006244
3.15945 1.04661 4.0796
1.8374101 2.6657945 3.5636582
1.8263263 2.6689768 3.5539696
1.8265911 2.6675027 3.558001
1.8362816 2.6659546 3.5672889
1.8360919 2.6703347 3.5614578
1.8339853 2.668009 3.5599478
1.8338196 2.6667697 3.5594588
1.851656 2.6636852 3.5694517
1.8472374 2.6656506 3.5763964
1.8367665 2.6661663 3.5626536
1.8422518 2.6672977 3.5669911
1.8332342 2.66886 3.561826
1.8312793 2.6668657 3.5602442
1.8260996 2.6664163 3.5518151
1.8356068 2.6667023 3.5621969
1.8405739 2.6652543 3.5675404
1.8299159 2.6742431 3.5573908
1.8405431 2.6721034 3.564298
1.8220813 2.6694567 3.5560695
1.846681 2.6725232 3.5589902
1.8355546 2.6658153 3.5624703
1.816515 2.6742349 3.5443925
0.56841 1.28462 3.63231
1.3414514 2.0140347 6.0885471
1.345458 2.0226818 6.0863675
1.3409202 2.0227582 6.0930478
1.3439486 2.016697 6.0855564
1.3439234 2.0170988 6.0855014
1.3400324 2.0181456 6.0822607
1.3439372 2.0219293 6.0808323
1.3417161 2.0164535 6.0830573
1.3546803 2.0124592 6.092259
1.3407864 2.0099525 6.082779
3.6425599 1.7118291 3.1378509
3.6430029 1.7138947 3.1394402
3.6469769 1.7150865 3.1373688
3.6470544 1.7147389 3.1382007
3.6422483 1.7127988 3.1440377
3.6520999 1.7109508 3.1372487
3.6513997 1.7141102 3.1423752
0.20403 1.39258 3.05362
3.6527533 1.7108013 3.1452474
3.6502748 1.7213526 3.1335975
3.6485099 1.7151294 3.1357454
3.6454057 1.7153498 3.1360074
3.646387 1.716825 3.1372645
3.6436435 1.7152357 3.1377387
3.6452689 1.7186748 3.1374243
3.6458826 1.7160456 3.1373122
3.6396178 1.722894 3.1348316
3.647124 1.7236078 3.1301634
3.6387759 1.7211525 3.1447287
4.4745736 2.4497601 5.2644296
4.4819023 2.4399713 5.2739581
4.4767119 2.4359991 5.2662951
4.4690279 2.4431093 5.2613338
4.4732794 2.4470501 5.2639639
4.4705551 2.4465871 5.262288
4.4668148 2.4456222 5.2663348
4.4670656 2.4449287 5.2575561
4.4691645 2.4430868 5.269759
4.4659354 2.4440348 5.2619113
4.4564426 2.4471922 5.2545257
4.4644698 2.4405022 5.2606966
4.4654781 2.4459503 5.2702982
3.60931 2.5908 4.58482
4.4644951 2.4415542 5.2606375
4.4762608 2.4446332 5.2613688
4.4677896 2.027052 1.3614694
4.4654733 2.0258385 1.3613738
4.4675393 2.0262489 1.3622174
4.4713684 2.0262179 1.3708297
4.4676147 2.0258813 1.3582907
4.4645837 2.0273199 1.3598199
4.4683648 2.0216699 1.3626759
4.4687754 2.0240166 1.3598547
4.4669063 2.025709 1.3623791
4.463045 2.0271182 1.3598181
4.4653387 2.026171 1.3594384
4.4646878 2.0228458 1.3666984
4.4731047 2.0261374 1.3596462
4.473373 2.0288804 1.3626199
4.4689089 2.0242038 1.3629922
4.4673013 2.026524 1.3611126
4.4675071 2.0288491 1.3637004
4.4663514 2.0290718 1.3623185
4.4677551 2.0232963 1.3620508
4.4650058 2.0241942 1.3551408
4.4630391 2.0255561 1.3542586
4.464729 2.0267848 1.3613652
2.1782084 1.6618063 6.1022998
2.1799833 1.6533597 6.0935947
2.1819079 1.657269 6.0900793
2.1802826 1.6562305 6.0869961
2.1801401 1.6538234 6.0926877
2.1842214 1.653688 6.0896789
2.180833 1.6520919 6.0932342
2.178478 1.6553767 6.0948811
2.1796819 1.6512119 6.0897497
2.1811198 1.6526499 6.0901662
2.180885 1.6463687 6.0972726
2.1719134 1.6563143 6.0936773
2.17169 1.6482119 6.0893003
2.1818592 1.6489507 6.0873134
2.1821004 1.6466572 6.0901453
2.1796361 1.6537445 6.0875165
2.1853308 1.6497759 6.0945475
2.51565 1.94354 3.96515
4.75299 1.70894 6.17032
2.1905226 1.6540899 6.0916192
6.13392 2.17067 6.11694
2.1775587 1.6550532 6.1006862
2.1790489 1.6505931 6.0946118
2.1790848 1.6516146 6.0937117
2.1798667 1.6540489 6.0918832
2.1845316 1.6510411 6.1059065
2.07926 2.10739 2.63346
3.86335 1.8719474 3.015022
3.8626707 1.8801176 3.0076248
3.866903 1.8738058 3.0172323
3.8637298 1.8777095 3.0168306
3.864065 1.8708736 3.0135504
6.00141 1.24225 0.65794
1.50796 2.02735 3.9376
3.8671015 1.874138 3.0157676
3.8700108 1.8724137 3.0166158
3.8631325 1.8614825 3.0148798
1.8418915 2.6596428 3.5655735
1.8410615 2.663252 3.567625
1.8345956 2.6673041 3.5625577
3.85961 1.17016 4.35551
1.8414174 2.6713688 3.5678596
1.8292114 2.6556026 3.5585299
1.8230992 2.6632491 3.5482053
1.8174515 2.6632445 3.5526662
1.8327664 2.6667129 3.5613197
1.8443609 2.6561692 3.5651867
1.8343594 2.6666998 3.5561388
1.8391128 2.6659583 3.5674699
1.8441756 2.6695902 3.5732267
1.8287007 2.6682491 3.557641
1.8326586 2.6653453 3.5579036
1.8129852 2.6591018 3.5367433
5.85744 1.94371 0.31919
1.8261349 2.6691947 3.5557589
1.8395943 2.6641909 3.5714156
1.8231534 2.6598821 3.5545887
1.8299012 2.6685757 3.5562383
1.8307876 2.6609427 3.5515848
1.8297611 2.6656832 3.5513568
0.38256 1.13703 1.96761
1.3446429 2.0203769 6.0879202
1.3453791 2.0167204 6.0866145
1.3345124 2.0166072 6.0871516
1.342022 2.0135435 6.0937536
1.3483937 2.0177493 6.0967883
1.3360465 2.0192473 6.0827809
1.3444976 2.0213468 6.0811804
1.3432522 2.0227314 6.0828004
1.3494347 2.0135097 6.0822135
1.3420585 2.017508 6.080763
3.6546726 1.7223566 3.1430134
3.6450726 1.7153941 3.1373618
3.6404629 1.7160644 3.1361396
3.64958 1.7183837 3.1381825
3.6468936 1.7193106 3.1345071
3.6517638 1.7172138 3.1382554
3.647195 1.7169396 3.1390473
3.6494934 1.7115379 3.140952
3.6467354 1.7071194 3.1416434
3.6473805 1.719692 3.1322205
3.6420909 1.7073002 3.1292887
3.6399684 1.7080651 3.1307123
3.6400449 1.7084032 3.1298751
3.646341 1.7141775 3.1346888
3.6469234 1.716158 3.1342278
3.6452821 1.7149628 3.1335244
3.6454786 1.7176609 3.1453558
3.6522479 1.7219543 3.1434171
3.6538821 1.7184269 3.1492842
4.4723699 2.4402594 5.2734183
4.4671556 2.4481063 5.2691867
4.4700185 2.4484404 5.2657483
4.473567 2.4399515 5.2692472
4.469928 2.4384565 5.2608979
4.4771603 2.4446041 5.2646398
4.4617593 2.4460067 5.2623839
4.4732311 2.4492922 5.2658666
4.481743 2.445519 5.2724559
4.4686383 2.4436507 5.2577054
4.4554939 2.4421976 5.2512147
4.4673528 2.442619 5.2597841
4.4562267 2.4433619 5.2562891
4.464632 2.4348212 5.2516816
4.4711201 2.4374918 5.2700026
4.4783083 2.4354778 5.2675737
4.468741 2.0268348 1.3615634
4.4652063 2.0263594 1.358134
4.4677824 2.0260821 1.3629239
4.4646774 2.0291353 1.3597205
0.3975 2.07022 4.94875
4.4664328 2.0301284 1.3639191
4.4690877 2.0276321 1.3661751
4.4702533 2.0379065 1.3599239
4.467644 2.0381011 1.3594027
4.4666368 2.0269451 1.3609278
4.4731821 2.0349609 1.3607717
4.4653866 2.0341767 1.360109
4.4653294 2.018655 1.3657223
4.4573695 2.0325309 1.3543264
4.460903 2.034716 1.3590644
4.4648665 2.0229436 1.357168
4.4673303 2.0314015 1.3599314
4.4674132 2.0192849 1.3676899
4.4692643 2.0193492 1.3680262
4.4689278 2.0229408 1.3586939
4.4660135 2.0263066 1.3604943
4.4568055 2.0215153 1.3563377
2.1788316 1.6503886 6.0956619
2.1778956 1.6504852 6.0930744
2.1894552 1.6504879 6.0945549
2.1887989 1.6586634 6.0999702
2.1874742 1.6591126 6.1006637
2.1765901 1.656248 6.0877568
2.1812322 1.6515577 6.0934235
2.1822129 1.6537477 6.0971273
2.1792089 1.6523009 6.0916811
2.1738629 1.6556924 6.0938977
2.1757477 1.6559409 6.0934499
2.1823658 1.6528787 6.0925726
2.1824461 1.6538315 6.09702
2.1847904 1.6485237 6.0840709
2.1875448 1.6531434 6.0990758
2.1836128 1.6575193 6.0923211
2.1809523 1.6559189 6.0931533
2.1782543 1.6573031 6.0834685
2.1812402 1.6536842 6.0929433
2.1803004 1.6599829 6.0906003
2.1781827 1.6549391 6.0878107
2.1842798 1.6517519 6.0955183
2.1781175 1.6522435 6.0948505
2.1792567 1.6501281 6.0952105
2.1806032 1.6547581 6.0953103
2.1800715 1.6535076 6.0937699
2.1840571 1.6483066 6.0977283
3.861705 1.8701215 3.0112256
5.82556 1.41304 2.40664
3.8724988 1.8683366 3.0137066
3.862986 1.8774887 3.0114066
3.8677266 1.8748024 3.0165168
3.8590057 1.8691156 3.0142804
3.8680695 1.8727027 3.0199439
3.8642327 1.8709911 3.0163519
3.8657373 1.8708183 3.0183817
3.8623581 1.8678415 3.0139932
4.07341 1.96174 0.6711
1.8193814 2.6682186 3.547619
1.816709 2.6660011 3.5476712
1.8286895 2.6611305 3.5557532
1.8415739 2.6658068 3.5665172
2.5026 1.11154 4.1342
1.8353925 2.6654583 3.5623336
1.09888 1.44986 2.69894
1.8028757 2.669111 3.5282967
1.8542007 2.6613401 3.5693231
1.8564211 2.6683904 3.5805065
1.8302974 2.6733118 3.5533531
2.59586 2.80191 2.52416
1.8390798 2.664885 3.5671633
1.154 2.12726 2.432
1.8301479 2.6588689 3.568339
1.835513 2.6667732 3.5656371
1.834973 2.6715876 3.5727264
1.8372571 2.6672487 3.5642027
1.8351162 2.6630763 3.5574282
1.8430125 2.6650997 3.5725582
1.8497978 2.6613429 3.5728017
1.8351465 2.6700741 3.5536201
1.3516708 2.0238547 6.1007296
1.3460792 2.0167906 6.0836287
1.3500702 2.0190565 6.0869248
1.3472704 2.0199972 6.0838889
1.3531878 2.013507 6.0899574
1.3495741 2.0207317 6.0870263
1.3426103 2.0128707 6.0883993
1.3454299 2.0179551 6.0863096
1.3437285 2.0187275 6.0854077
1.3457691 2.018027 6.0863807
1.3401217 2.0246067 6.0751545
3.6496562 1.7074479 3.1337814
3.6446919 1.7124891 3.1330135
1.56564 1.83631 1.08813
3.6313524 1.7113374 3.1373694
3.6405441 1.7076944 3.1336951
3.6553033 1.7135181 3.1403686
3.6488111 1.7198462 3.1460743
3.6449708 1.7128106 3.1373734
3.6438472 1.7170839 3.1368452
3.6505791 1.7156555 3.1375892
3.646076 1.7119485 3.1366375
3.6449659 1.7069781 3.1375617
3.6436461 1.7136173 3.1345096
3.6464115 1.7150825 3.1363109
3.6411981 1.7110124 3.1384229
3.6480665 1.716308 3.1341588
3.6483738 1.7165511 3.131266
3.6438955 1.7108836 3.1338972
3.647643 1.7175589 3.137287
4.465637 2.4440636 5.2658319
4.4707321 2.4397748 5.2718873
4.4682636 2.4434501 5.2660446
4.4795405 2.4376326 5.2782847
4.4822727 2.4372696 5.2773633
4.4700621 2.4337884 5.2612687
4.4551337 2.4473606 5.2529854
4.4595514 2.4408531 5.2537126
4.4704901 2.4498214 5.2610943
4.4653769 2.4443749 5.2562682
4.4695077 2.4423794 5.2665469
4.4665288 2.4452041 5.2618812
4.4778754 2.4395005 5.2706926
4.4633445 2.4390184 5.2489848
4.464958 2.4434423 5.2565885
4.4497555 2.4523105 5.2489694
4.4661082 2.0270657 1.3641982
4.4613205 2.0249875 1.3585427
4.4669256 2.0279878 1.3603997
4.4658948 2.0278737 1.3607718
4.4648291 2.0233317 1.358079
4.4619899 2.0290633 1.358416
4.4676111 2.0236692 1.3625995
4.4676501 2.0254455 1.3610884
4.4691613 2.0331086 1.3669899
4.466813 2.027212 1.3614026
4.4725279 2.0357706 1.3660127
4.4727474 2.0355459 1.3687792
4.4725259 2.0282316 1.3730597
4.4696019 2.0226576 1.3678295
4.4657603 2.0260117 1.3556894
4.4604818 2.0257363 1.3559985
4.4719588 2.0275357 1.3625819
4.4666051 2.0262665 1.3617374
4.4670133 2.0257291 1.3621366
4.4669021 2.0260539 1.361188
4.4663415 2.0261348 1.3598341
4.4631044 2.0194561 1.3618618
2.1801263 1.6532277 6.0936952
2.1806864 1.6532316 6.0940416
2.1797046 1.6541078 6.0918155
2.1744736 1.651145 6.0945183
2.1757788 1.6523019 6.0880424
2.1786422 1.6588406 6.0888449
2.1817333 1.6511221 6.0946837
2.180048 1.6565442 6.0960087
2.1734791 1.6408515 6.0918627
2.1742114 1.6403893 6.0922969
2.1730236 1.6428915 6.0924701
2.1805023 1.6558575 6.0926126
2.1855234 1.6462897 6.094086
2.1864195 1.6452961 6.0855514
2.1817025 1.6584916 6.0952873
2.17955 1.6513874 6.096985
2.1749632 1.655396 6.0932602
2.175811 1.655193 6.0945862
2.1825208 1.6535448 6.0925468
2.1786721 1.6574701 6.0901919
2.1775437 1.6555266 6.0943176
2.1789227 1.6550754 6.0910428
2.1806142 1.6535838 6.0955906
2.1840049 1.6550355 6.0903438
2.1793693 1.6571694 6.0932142
2.1796508 1.6546069 6.0916523
3.97731 1.7184 0.90034
3.8624034 1.8651715 3.011478
3.8596319 1.8701239 3.0172891
3.8692364 1.870489 3.0219189
3.8609738 1.8730355 3.0151721
3.8583087 1.873417 3.0143819
3.8590131 1.8693663 3.0076993
3.8654544 1.8717278 3.0184369
3.8630086 1.8766021 3.0162591
0.59003 1.29718 5.51064
1.8394094 2.6793816 3.5714741
1.8238905 2.6675556 3.5469397
1.8389865 2.6690962 3.5660711
1.8199035 2.6620554 3.5504815
1.8375244 2.6662987 3.5654176
1.8371485 2.666606 3.5624846
1.8321036 2.6585371 3.5609216
1.8439555 2.6684221 3.5651186
1.8371798 2.667974 3.5624452
1.8277286 2.6737268 3.5571668
1.8346113 2.667181 3.5584625
1.8324358 2.6698586 3.5628277
1.8447683 2.6758691 3.5665626
1.8467964 2.6667655 3.5716985
1.8326025 2.6638571 3.5605293
1.8353666 2.6667484 3.5618203
1.8355126 2.6673445 3.562426
1.8361298 2.6658181 3.5647964
1.8341196 2.6685832 3.5727858
1.8349259 2.6606261 3.566739
1.8340302 2.6681076 3.5591299
1.8371739 2.6652913 3.5639335
1.8321981 2.6579105 3.5519456
1.8279049 2.6611624 3.5583664
1.8321296 2.6742848 3.5641509
1.3351295 2.0217215 6.0832589
1.3469445 2.0140946 6.0870956
1.3453383 2.0195321 6.0907339
1.3529846 2.0171673 6.0893622
1.3407359 2.0152187 6.083889
1.3377245 2.0156876 6.0785338
1.3476763 2.0167282 6.0858671
1.3422048 2.0186971 6.0844751
1.3428342 2.0167276 6.0834984
1.347045 2.0139868 6.0944368
3.6461239 1.7185718 3.1374315
3.6439078 1.7103204 3.1423099
3.6457556 1.7143435 3.1459707
3.6444541 1.7142496 3.1420164
3.6539094 1.717758 3.1417712
3.6462462 1.7238797 3.1429071
3.6414703 1.7256298 3.1350381
3.6410863 1.7085274 3.1333041
3.6446772 1.7097795 3.1376342
3.6410763 1.7156107 3.1317136
3.6458365 1.7118929 3.1374962
3.6453341 1.7133179 3.1375711
3.6469325 1.7138794 3.1371717
3.6469668 1.714925 3.13852
3.6343414 1.718622 3.1328955
3.6349001 1.7151254 3.130954
3.6465139 1.7214617 3.1355589
3.6382496 1.7167507 3.1349829
3.648064 1.7194944 3.1266969
4.4690431 2.4460204 5.2626279
4.4770426 2.4440577 5.2650222
4.4744626 2.4444484 5.2636579
4.4700966 2.4446546 5.2640314
4.4710851 2.4423328 5.261856
4.4680187 2.4492615 5.2598081
4.4634142 2.445846 5.2577097
4.4748096 2.4454165 5.2733134
4.4662437 2.4430559 5.2606476
4.4667336 2.444731 5.2613448
4.4740872 2.4441625 5.2690806
4.4622508 2.4466821 5.2548199
4.4743124 2.4392735 5.2719076
4.462727 2.4463069 5.2583508
4.4762874 2.448118 5.2715138
0.61549 0.96051 4.0555
4.4658661 2.0247292 1.3600055
5.63071 1.15261 1.00824
4.4772934 2.0353838 1.3733061
3.20152 2.5457 3.8072
4.4687348 2.031054 1.3588207
4.4556661 2.029996 1.3540712
4.4556967 2.0305004 1.3543768
4.4655101 2.0276767 1.358847
4.4619119 2.0258911 1.3532352
4.466841 2.0338233 1.355801
4.4666148 2.0337558 1.3545794
4.4668696 2.0267435 1.3617332
4.4631258 2.0256767 1.3596837
4.4652743 2.0280393 1.3616281
4.4617056 2.0301246 1.3573134
4.4650239 2.0283741 1.3609749
4.4651923 2.0354463 1.3597601
4.4700482 2.0262915 1.3629266
4.470434 2.0194685 1.3677061
0.53492 0.36593 0.40548
4.4571459 2.0220425 1.3579457
4.4677596 2.0266915 1.3627522
3.73156 1.81929 2.4677
3.03826 1.58391 1.01651
2.1728959 1.6525191 6.0976763
2.1741143 1.6506229 6.092499
0.67781 1.9495 6.2479
2.1743287 1.6568513 6.0892069
2.1737829 1.6567807 6.0901112
2.1794809 1.6542574 6.0922861
2.1792765 1.6555576 6.092607
2.1813598 1.6531816 6.0923953
2.1822735 1.6554205 6.0915917
2.1787184 1.6564713 6.0937984
2.1797906 1.6528065 6.083856
2.1813683 1.6597915 6.0872805
2.1798905 1.6544257 6.0937264
2.1757919 1.6542387 6.0935517
2.1762293 1.6543891 6.0939837
2.1799267 1.6550792 6.0893456
2.181102 1.6542462 6.0926747
2.1848017 1.6627086 6.0913606
2.1886153 1.6591781 6.0943927
2.177926 1.6603278 6.1001535
2.172041 1.6540449 6.0964328
2.1747711 1.6524107 6.0864439
2.1802056 1.6515437 6.089666
2.1667117 1.6541471 6.0911133
2.1667371 1.658619 6.0942505
3.8643511 1.8717611 3.0141866
3.41096 2.48241 0.36224
3.8638158 1.878431 3.0154666
3.866602 1.873188 3.0097596
3.8576393 1.8697632 3.0185706
3.8674426 1.8689308 3.0131657
3.864373 1.8715551 3.0160446
3.8651936 1.8771841 3.0182277
3.860312 1.8655143 3.0133909
1.8558727 2.6706778 3.5774888
1.8472245 2.6725498 3.5691654
1.8406855 2.6656626 3.5643333
1.8381813 2.6647937 3.5634927
1.8413237 2.6643734 3.5668291
1.8307993 2.6699068 3.55878
1.8310504 2.6652887 3.5577818
1.8483453 2.6680171 3.5704949
1.826493 2.6644233 3.5520952
1.8208893 2.6672702 3.5502745
1.837399 2.6661447 3.5656172
1.8450273 2.6642237 3.5645182
1.8481548 2.6720041 3.5718367
1.8383454 2.668305 3.5630862
1.8392999 2.6644424 3.568049
1.8355337 2.6671207 3.5621143
1.8338601 2.6688654 3.5668316
1.8397377 2.6738217 3.5704177
1.8558938 2.6698817 3.5809668
1.8285135 2.6663495 3.5551049
1.8369696 2.6648763 3.5631325
1.8297487 2.66982 3.5587231
1.8235357 2.6712929 3.545549
1.8336534 2.662117 3.5649422
1.8342155 2.667893 3.5607563
1.348895 2.0177057 6.0887893
1.3455331 2.0164261 6.0861719
2.68944 1.13343 5.22347
1.3484042 2.0233458 6.088936
1.3419764 2.020124 6.0774816
1.3457858 2.0145036 6.0778361
1.3460256 2.0180097 6.092405
1.346114 2.0175798 6.0828271
1.3457965 2.0173446 6.0831361
1.3456359 2.0164519 6.0877077
0.69994 1.92269 2.5852
3.6502099 1.7197231 3.1451855
3.6549734 1.707866 3.1421584
3.6426484 1.7088634 3.1364712
3.6473344 1.7179979 3.1354213
3.6454072 1.7145351 3.1361238
3.6519494 1.7241183 3.1421246
0.65282 0.79328 2.30305
3.6429693 1.7096166 3.1259353
3.6470104 1.7162467 3.1302708
3.6463708 1.7156857 3.1347054
3.643102 1.7154993 3.1387191
3.6481186 1.7163383 3.1385653
3.6455293 1.7150011 3.1382268
3.6503141 1.7166326 3.1403116
3.6501034 1.7131643 3.1381107
3.6427294 1.7181206 3.1384308
3.6500482 1.7201685 3.1387591
3.6468228 1.7165108 3.129907
4.4641948 2.4450759 5.2618227
4.4662485 2.4387205 5.2606331
4.466033 2.4432999 5.2587342
4.4643921 2.4456408 5.2589585
4.4662891 2.4448782 5.2615766
4.4646948 2.4456246 5.2532145
4.4774516 2.4538458 5.2679616
4.4815475 2.4445764 5.2746634
4.4756467 2.444804 5.2699105
4.4664037 2.4430349 5.267112
4.4773132 2.4466867 5.2713803
4.4703518 2.4409096 5.2557867
4.469933 2.4456871 5.2646253
4.4655525 2.4443961 5.2598604
4.4588169 2.4456607 5.2557964
4.4754062 2.4453129 5.2740417
0.41296561 2.0426535 0.96373128
0.4085498 2.0331477 0.96035252
0.40995397 2.0345352 0.95822293
0.09683 2.84524 2.31983
4.4765481 2.0227442 1.359382
4.4579261 2.0302153 1.3598278
4.4625031 2.0324804 1.3582182
4.4670701 2.0249543 1.3618543
4.4711379 2.0219631 1.3606303
4.4667967 2.0268359 1.3602024
4.4682434 2.0281902 1.358636
4.4683822 2.0266625 1.3639185
4.4695344 2.0317052 1.3587591
4.4606336 2.0294291 1.3598694
4.4628793 2.0275995 1.3561238
4.4632475 2.0288631 1.3591999
4.4684392 2.0356242 1.3629921
4.4706319 2.0315886 1.360337
4.4674322 2.0265658 1.3607396
4.4749488 2.0274743 1.3628345
4.4687305 2.0233855 1.3562771
4.9556021 1.6286927 1.6475557
2.18062 1.65678 6.09173
2.85922 0.8629 0.48562
2.1737213 1.6491289 6.0808513
2.1856582 1.6503046 6.0989485
2.180248 1.6543501 6.0934937
2.1751755 1.6578086 6.0906778
2.1805239 1.6534817 6.0914645
2.1792562 1.6563064 6.0923743
2.1787293 1.6536935 6.0921931
2.1824908 1.6527936 6.0904141
2.1809223 1.6538776 6.0915663
2.1766952 1.6508718 6.0933323
2.1853526 1.656147 6.0918614
2.1800762 1.6519794 6.0967392
2.1791867 1.654459 6.099271
2.176421 1.6549598 6.093708
2.1791855 1.65865 6.095902
2.1821222 1.6571312 6.0937334
2.1789659 1.6540178 6.0932665
2.1801906 1.6533308 6.0933444
2.1796495 1.6516984 6.0914992
2.1809051 1.6532347 6.0927844
2.1799441 1.6541305 6.0909327
2.1930277 1.6589426 6.089092
2.1838081 1.649526 6.0926508
2.1744665 1.6540127 6.0923801
2.1890127 1.6623455 6.0865691
4.4253883 1.5609795 2.352437
1.02053 0.90738 4.63445
4.4222182 1.56416 2.3445909
4.4310108 1.5653345 2.3481012
4.4405983 1.554925 2.3441823
3.8597124 1.8742212 3.0085581
3.8672215 1.8577343 3.0242232
3.8798502 1.8698631 3.0255102
4.4283514 1.5692248 2.3485025
1.8303167 2.6685965 3.5544981
1.8288459 2.6560745 3.5532036
1.8314278 2.6633976 3.5586357
1.8345495 2.6617392 3.5599883
1.8376241 2.6664098 3.5710459
1.8203419 2.6721438 3.5513545
1.8230189 2.6672527 3.5487565
1.8381691 2.6728574 3.5607549
1.8345501 2.6668889 3.5597602
1.8266227 2.6712245 3.5537795
1.8350695 2.6667278 3.560646
1.8249804 2.665249 3.5485785
1.8287227 2.6663157 3.5586055
1.8358449 2.6669091 3.5615272
1.83669 2.6674494 3.5600185
1.8362251 2.6744131 3.5599393
1.8428707 2.6740379 3.565176
1.8383522 2.6756484 3.5592728
1.8352545 2.6697149 3.5548592
1.8328033 2.665162 3.5596977
1.8357578 2.6652322 3.5620021
1.8296999 2.6652947 3.5585887
1.8396834 2.6693076 3.5629884
1.8392133 2.6669777 3.5678218
1.8348818 2.6734962 3.5573265
1.3536791 2.0196475 6.0771758
1.341734 2.016114 6.0833079
1.3368286 2.0129288 6.0728154
1.345633 2.0100922 6.0804255
1.3480188 2.0192338 6.0800125
1.3451779 2.0130338 6.0925864
1.3460383 2.0123906 6.0932497
1.3442448 2.0166566 6.0853908
1.3487319 2.0165184 6.086412
1.3403456 2.020831 6.0869213
3.6536279 1.7202367 3.1272762
3.6493255 1.715521 3.1356662
3.6477898 1.711513 3.1323768
3.6465126 1.7141673 3.1371778
3.6454585 1.717567 3.1417335
3.6454375 1.7142689 3.1382482
3.6411849 1.7180633 3.1434562
3.6440644 1.7209779 3.1448599
3.6444345 1.7110749 3.1375859
3.6395191 1.7116099 3.1366245
3.6440049 1.7074583 3.1349939
3.6413885 1.712835 3.1399728
3.6470508 1.7138525 3.1374771
3.6466775 1.7159944 3.1390913
3.6464475 1.7152403 3.1378195
3.6483489 1.7194931 3.1325719
3.6478198 1.720835 3.1395109
3.6442832 1.7160788 3.1438002
3.647955 1.7103113 3.1433316
4.4660413 2.4450096 5.2612078
4.466571 2.4467284 5.2594247
4.4706832 2.4561187 5.2686687
4.4684821 2.4434236 5.2615934
4.4673571 2.4435239 5.2621367
4.4696554 2.4421089 5.2656758
4.4598927 2.4517291 5.2557718
4.4660604 2.4456152 5.2647095
4.4650341 2.444686 5.2643101
4.4628253 2.4420814 5.2589477
4.4666065 2.4441489 5.2612566
4.4713138 2.4412678 5.256446
4.4664327 2.4423354 5.2585319
4.4614678 2.4439932 5.258553
4.4625643 2.4356078 5.2591629
0.42461189 2.035908 0.96681995
0.41190987 2.0424642 0.96240373
0.40702642 2.0334759 0.96125065
0.40754548 2.0322372 0.95487302
0.40131073 2.028378 0.94985025
0.39850356 2.0412948 0.95667894
0.41377012 2.0432825 0.95980955
0.41760475 2.0458503 0.9695732
4.4708911 2.0220968 1.365141
4.4683319 2.0214321 1.3565673
4.4584422 2.0313531 1.3443921
4.4501837 2.0259562 1.3513066
4.4751128 2.0344609 1.3698903
4.4797891 2.0329341 1.374445
4.4615751 2.0304506 1.3577576
4.4734403 2.0283911 1.3704916
4.4682761 2.0253658 1.362147
4.4633993 2.0232823 1.3481868
4.4690149 2.0297866 1.3594258
3.26144 1.5841 4.51602
4.4744028 2.0273288 1.3572458
4.9685422 1.6296812 1.6470935
4.9668042 1.6158944 1.6571964
4.9681544 1.6164152 1.6607319
4.9665441 1.6246659 1.6507147
4.9604453 1.6260303 1.6538393
2.1902849 1.652189 6.0898832
2.1892825 1.648564 6.0906544
2.180142 1.6523673 6.0864529
2.1841158 1.6540245 6.095654
2.1847815 1.6535705 6.0939688
2.1794974 1.6564128 6.0939743
2.1876063 1.6498779 6.0999788
2.1809126 1.6537856 6.0927705
2.1790757 1.6541957 6.0992402
2.1822064 1.6529191 6.0939724
2.1805677 1.6539163 6.0932457
2.1771595 1.6481196 6.0968698
2.1769921 1.6491096 6.0932358
2.1746896 1.6482837 6.0903604
2.1756129 1.6456904 6.0943391
2.1809393 1.6528216 6.0946557
2.1847369 1.6485248 6.0919399
2.1794309 1.6539836 6.0871248
2.1808807 1.6473006 6.0901568
2.1785128 1.6535363 6.0951766
3.35432 1.08765 1.18106
2.1807611 1.6516275 6.0947994
2.1758852 1.6529785 6.0809293
4.4330943 1.5683734 2.3495208
4.4315536 1.5642359 2.3469735
4.4332307 1.5652925 2.3512115
4.423853 1.5669809 2.3452865
4.4288061 1.565147 2.3514412
4.4260484 1.5564501 2.3596679
2.00725 2.33186 6.00283
4.74184 1.04747 1.11359
4.4349332 1.5679714 2.3471798
4.4347494 1.5712321 2.3468685
4.4364593 1.5585728 2.359033
4.4290333 1.5697408 2.3515657
1.825406 2.6645292 3.5522609
0.49 2.89983 0.72203
1.8374972 2.6665457 3.5662764
1.8168194 2.663998 3.5478804
1.8135546 2.6662493 3.5423946
1.8266978 2.6629891 3.5557441
1.833201 2.6696179 3.5614334
1.8407901 2.6625781 3.571236
1.849011 2.6646235 3.5726741
1.8336713 2.6655961 3.5598301
1.8268462 2.6663691 3.551315
1.8414869 2.6652417 3.562754
1.8301565 2.6647826 3.5503832
1.8375954 2.6621135 3.558675
1.8381911 2.6662203 3.5604713
1.8492795 2.6555055 3.5677055
0.0923 2.50514 6.20485
1.8494322 2.6599091 3.5767263
1.837976 2.6658323 3.5584058
1.8393217 2.668124 3.5650718
1.8338399 2.6687481 3.5605792
1.8364375 2.6673171 3.5621734
1.8374381 2.6696804 3.5647195
1.3371758 2.0277559 6.0772415
1.3467104 2.0094365 6.0816555
1.3441739 2.0108685 6.0799634
1.3477479 2.0124653 6.0898508
1.3395197 2.0118652 6.0852009
1.3429104 2.0085909 6.0870623
1.3482686 2.0167501 6.0918791
1.3440535 2.0166462 6.0924395
1.348203 2.0184979 6.0929245
1.3471432 2.0176963 6.088319
3.6362001 1.7107185 3.1360114
3.6460963 1.7174458 3.1405497
3.6472437 1.7164693 3.1393909
3.6457767 1.7268429 3.1361264
3.6417913 1.7131409 3.1429051
3.6364738 1.7146324 3.1431251
0.47995 1.031 4.17533
3.6483741 1.7123785 3.1339115
3.6433246 1.7128143 3.138654
3.645208 1.7140503 3.1309741
3.6446851 1.7128335 3.130919
3.6457064 1.7160072 3.1378905
3.6492508 1.7155508 3.1383325
3.6467902 1.7163863 3.1364842
3.641006 1.7203751 3.1393173
3.647783 1.7120167 3.1335952
3.6510069 1.7118518 3.1418708
3.6540223 1.717402 3.1375451
3.6554235 1.7161596 3.138278
4.4655098 2.4504938 5.2633826
4.4713883 2.4498689 5.2604154
4.4698131 2.4563437 5.2681586
4.4683593 2.4440856 5.2613912
4.4657149 2.442042 5.2589752
4.4651516 2.4406487 5.2600543
4.4576103 2.443054 5.2620603
4.4709152 2.442781 5.2667642
5.96104 0.24985 0.73252
4.4718752 2.4438105 5.2680023
4.4622881 2.4437118 5.2536806
4.4633218 2.4401414 5.2552504
4.4663349 2.4432415 5.2596746
4.4626255 2.4371203 5.2467453
0.41300163 2.0314371 0.97444394
0.40354986 2.0350146 0.95387255
0.41278833 2.0404806 0.96306326
0.41091964 2.0425193 0.9547335
0.41323197 2.0307652 0.95795282
0.41395603 2.0395601 0.95805206
0.41646065 2.0350192 0.96325804
0.41522684 2.0382307 0.96297323
0.41394118 2.0373383 0.96195093
0.41479165 2.0365909 0.96228566
0.40359471 2.0453262 0.9573924
0.42645631 2.0441778 0.97051756
0.41050313 2.0336479 0.9553435
0.42751313 2.0309763 0.96467735
0.40784167 2.0270712 0.95518893
6.00979 0.94846 5.38842
0.40912554 2.0368767 0.94357505
0.13451 1.71116 5.62777
0.40014099 2.0475021 0.95717601
0.41289434 2.0368629 0.96126845
0.41363141 2.0390364 0.96060365
4.9625798 1.6231206 1.6505588
4.9608405 1.6217106 1.6524465
4.9647088 1.6219167 1.6532794
4.9617657 1.6160938 1.6447691
4.9633223 1.6233385 1.6429048
4.9575623 1.6253374 1.6537972
4.9616901 1.6237474 1.6494791
2.1803325 1.6541394 6.0937726
2.1794203 1.6557518 6.0956639
2.1790259 1.6599331 6.0898994
2.1791546 1.6604016 6.0914213
2.186637 1.6465016 6.0941633
2.1878657 1.6465672 6.0976765
2.1828075 1.6543992 6.092633
2.1800098 1.6511419 6.0987925
2.1797911 1.6526247 6.0945509
2.1758651 1.6590385 6.0939505
2.1806594 1.65294 6.0963011
2.1811193 1.6527252 6.0983615
2.1817291 1.6562032 6.097865
2.1838872 1.653047 6.0992315
2.1804911 1.6531908 6.0942467
2.174209 1.647528 6.0957584
2.1739729 1.6513339 6.096337
2.1717701 1.6517279 6.0942328
2.1715596 1.6529156 6.0926547
2.1770384 1.6532926 6.1012843
2.1708828 1.65113 6.0908141
4.4307925 1.5649467 2.3525974
4.4342128 1.570388 2.3541573
4.4299962 1.5662084 2.351901
4.4349227 1.563435 2.3505157
4.4211013 1.5560089 2.3473046
4.4243678 1.5543809 2.3488078
4.4302029 1.5672423 2.3514735
4.4250846 1.578101 2.3468899
4.4284026 1.5564272 2.350888
0.75431 0.76463 1.5622
4.4184173 1.5677202 2.3550845
4.4387588 1.5647484 2.3556146
4.4239104 1.5665906 2.3454841
4.4233133 1.5618804 2.3511905
2.82052 0.68499 4.36166
1.8389231 2.6667268 3.5637804
1.8332874 2.6614413 3.5571846
1.8317122 2.660267 3.5557081
1.8313774 2.6805575 3.5584187
1.8352491 2.6707016 3.5621451
1.8214497 2.6676403 3.5456554
1.8403932 2.6693078 3.5646155
1.8218282 2.6578937 3.5552984
1.823022 2.6651744 3.5486157
1.8368118 2.6626234 3.5605644
2.59821 1.94514 4.39591
1.8517601 2.666813 3.5704754
1.8532911 2.665982 3.5736917
1.8130575 2.6673316 3.5397882
1.8153482 2.6710272 3.542287
1.8357997 2.6671359 3.5606651
1.8363674 2.6603968 3.553345
1.8391208 2.6684569 3.5642343
1.8311964 2.6694929 3.5577806
1.8351745 2.6635213 3.5549822
1.8345644 2.664726 3.5532395
1.3348754 2.0173083 6.074233
1.351807 2.0157712 6.0832492
1.350384 2.0157974 6.0833688
1.3502424 2.0169896 6.0874413
1.3490561 2.0120025 6.0836741
1.34074 2.0152609 6.0842377
1.3399172 2.0114158 6.0823033
1.3458209 2.0103927 6.0831489
1.3460322 2.0144579 6.0854949
1.3422594 2.029688 6.0799051
3.91014 1.5199 3.14835
3.6530118 1.7132527 3.1332163
3.6469918 1.7147825 3.1372925
3.6426485 1.7253824 3.1271568
3.6504897 1.7241076 3.1365429
3.6395734 1.7217374 3.1425259
3.6459532 1.7166163 3.1364596
3.6467045 1.7161814 3.1381424
3.6459616 1.7145849 3.1376815
3.6467872 1.7123597 3.1396072
3.6351352 1.7111855 3.1411766
3.6471905 1.7130331 3.1304593
3.6476064 1.7145886 3.1376134
3.6454282 1.7187147 3.1330359
3.6505335 1.7241544 3.1438253
1.60356 0.61417 3.99121
3.6557656 1.7208466 3.1369701
3.6460045 1.7140751 3.1372119
3.6452659 1.7244006 3.1461701
0.40785 1.17587 6.071
4.4635051 2.4521033 5.2566708
4.4751204 2.4530881 5.2671743
3.2654 1.77199 0.47764
4.4697952 2.4464123 5.2620534
4.4605591 2.448743 5.2606881
4.4591419 2.4489155 5.2587459
4.4622756 2.4434409 5.2634978
4.4638487 2.4521858 5.2583466
4.4619771 2.4442298 5.2580904
4.4681037 2.4461905 5.2624884
4.4624522 2.4464189 5.25964
4.4752266 2.4452462 5.2629033
5.55158 2.46359 4.41674
0.42270941 2.0325395 0.97457051
5.35906 1.89087 6.03907
0.41627383 2.0431343 0.95778863
0.40848458 2.0438508 0.96471099
0.41530648 2.0463271 0.96690264
0.41040864 2.0473855 0.95633656
0.41992239 2.0449252 0.96277626
0.41548828 2.0403112 0.96088622
0.41922446 2.0434668 0.95872172
0.42183413 2.0397021 0.95871434
0.41267753 2.0369523 0.9620351
0.41313687 2.0375061 0.96220864
0.40856925 2.0323616 0.96338157
0.41813509 2.0396998 0.96269389
0.41864634 2.0358922 0.97089459
0.42391259 2.0337253 0.95827137
0.41609357 2.0437824 0.95676527
0.40976132 2.0351941 0.95955609
0.40910674 2.0374022 0.95745555
0.41376116 2.036221 0.96215393
0.41480109 2.0371867 0.96107219
4.9541692 1.61985 1.6585959
4.9657513 1.6192884 1.6501899
4.9581214 1.6229651 1.6434822
4.9737927 1.6273638 1.6447318
4.9583959 1.6187539 1.6557663
4.9657165 1.6209748 1.6582277
4.9610986 1.6213703 1.6498456
4.9559867 1.6278997 1.662991
2.1796655 1.6540019 6.0942019
2.1765618 1.6492522 6.0929731
2.1837607 1.6531007 6.0854285
2.1804175 1.6541411 6.0912166
2.1805372 1.6562135 6.0904231
2.1796242 1.6547814 6.0919155
2.177524 1.650751 6.0858064
2.1757095 1.6469928 6.086001
2.1675757 1.6496562 6.0963351
2.168048 1.6532275 6.0924321
2.1818182 1.6578526 6.0942206
2.1820854 1.6593066 6.0951123
2.1791336 1.6560623 6.0963601
2.1871051 1.65163 6.0934591
2.1837936 1.6485174 6.088972
2.1801694 1.6529689 6.0936255
2.181607 1.6522707 6.09376
2.1781734 1.6446759 6.0961177
2.1847201 1.6500841 6.0985493
4.4198641 1.5715112 2.3583457
4.4404635 1.564197 2.3562031
4.4394623 1.5603189 2.3523842
4.4343871 1.5581332 2.3523987
4.4259449 1.5664332 2.3541936
4.4247644 1.5639313 2.3584326
4.4278597 1.5671431 2.3514905
4.4233726 1.5720665 2.3536582
4.4293488 1.5616672 2.3521476
4.4284071 1.5617464 2.3521285
4.4284878 1.5633142 2.3517557
4.4266877 1.5609245 2.3501231
4.4252967 1.5631403 2.3535777
4.4245603 1.5603442 2.3515005
4.429262 1.5654572 2.3515503
4.4318988 1.5668807 2.3605339
1.8411147 2.6659428 3.5672018
1.835983 2.6667407 3.560536
1.8373166 2.6729752 3.5746968
1.157936 1.7660574 3.0050487
1.1657931 1.7755859 3.0090585
1.1630591 1.7613617 3.0111509
1.1581094 1.7651452 3.0114694
1.1566067 1.7603528 3.0081607
1.1584389 1.7634689 3.0102695
1.1579062 1.7766872 3.0188868
1.1619007 1.7656532 3.0097891
1.8097802 2.6744112 3.5297822
1.8374878 2.6665952 3.5635039
1.8361625 2.6663068 3.5628482
1.8346817 2.6638374 3.5692079
1.8515542 2.6622232 3.5834919
1.8191636 2.6568108 3.537389
1.829642 2.6669128 3.5544243
1.8344209 2.6664318 3.5529044
1.8172744 2.6688262 3.5406984
2.66533 0.98657 3.0391
1.3409299 2.013474 6.0718492
1.3458156 2.0186017 6.083813
1.3478385 2.0156056 6.0863348
1.3493423 2.0169682 6.0834578
1.3427389 2.013097 6.0812124
1.3463304 2.015687 6.0896157
1.3456764 2.0150514 6.0900161
1.3488339 2.013724 6.0842485
1.345572 2.0125753 6.0850428
1.3376689 2.01281 6.0838801
3.6449068 1.7109885 3.1409971
3.6469427 1.7204394 3.1476006
2.31693 1.35012 4.717
3.6336835 1.7185597 3.1292504
3.6394284 1.7122621 3.1341468
3.6416701 1.7210562 3.1336227
3.6479724 1.712492 3.1319429
3.6441432 1.7126543 3.1377817
3.6404264 1.7239041 3.1376344
3.6364448 1.7077889 3.1452866
4.16541 2.81868 5.31747
3.6527317 1.7119124 3.1339505
3.6497618 1.7114496 3.1348766
3.6454957 1.7129838 3.1313973
3.6530585 1.7157968 3.1323502
3.6434391 1.7237189 3.1428719
3.6439238 1.7196168 3.1318186
3.6422609 1.7151355 3.1315825
3.6505313 1.7168034 3.1411693
4.4754255 2.4413487 5.2693694
4.4630727 2.439824 5.2622655
4.466799 2.4489616 5.2523605
4.4596967 2.4540978 5.2575443
4.4679238 2.4519103 5.2659603
4.4567181 2.445603 5.2538289
4.4667887 2.4459719 5.2658325
4.4656667 2.4445724 5.2618001
4.4608897 2.4457109 5.2658302
4.4520134 2.4368802 5.2554358
4.4636077 2.4327339 5.2564358
4.4662769 2.4439691 5.2452096
0.40957079 2.0384368 0.95573739
0.41185977 2.0390488 0.96497031
0.40760802 2.0386752 0.95850925
0.4147227 2.0376163 0.95791447
0.41180905 2.0376208 0.96086205
0.41278226 2.0375546 0.96187718
0.41231224 2.0377813 0.96248031
0.41505472 2.0388612 0.95729931
0.41723949 2.0383754 0.95967267
0.4149679 2.0351228 0.9635117
0.41400689 2.0362369 0.96209494
0.40670021 2.0319275 0.95654703
2.5136 1.29756 6.28289
0.40405815 2.0402445 0.95329314
0.4117599 2.0279654 0.95549919
0.419202 2.0422307 0.95732006
0.41430321 2.0413549 0.96251548
0.42460109 2.0423906 0.96211351
0.40705092 2.0430482 0.96132344
0.41312077 2.0392715 0.96192555
0.41716402 2.0377739 0.96654011
0.41545125 2.0382649 0.96666042
0.41588535 2.0377065 0.96077685
4.9630435 1.6255453 1.6537635
4.9625558 1.6238414 1.6477262
4.9565443 1.6191831 1.6528237
4.19117 2.12488 5.8448
4.9667639 1.6365314 1.651939
4.9646134 1.6286074 1.6521633
4.9647636 1.6239637 1.6535749
4.9621717 1.6249657 1.6545679
4.9586704 1.6154785 1.6556367
2.1868513 1.6497469 6.0963464
2.188016 1.658099 6.0857038
2.1793264 1.6575141 6.0933088
2.1792984 1.6506263 6.0881875
2.1799299 1.6560933 6.0891395
2.1784688 1.6515101 6.0916011
5.05963 1.65448 4.64949
2.1861778 1.6512105 6.1015587
2.1771625 1.6536845 6.0907718
2.1718387 1.6620847 6.0879474
2.1811293 1.6603746 6.0909648
2.1881887 1.6513526 6.0948654
2.1826027 1.6528546 6.0943126
2.1873829 1.6505562 6.0953225
2.1798812 1.655662 6.0963151
2.1778836 1.6531699 6.0938189
2.1730634 1.6549105 6.0970577
4.4286083 1.567593 2.3512765
4.4273854 1.5668824 2.3503011
4.4297763 1.5620069 2.344954
4.4299348 1.5644886 2.3388899
4.4348712 1.5751846 2.3447663
4.4298013 1.566727 2.3503616
4.4332835 1.5676863 2.3511232
4.4293316 1.5697045 2.3528888
4.4212823 1.569505 2.3469432
4.4296963 1.5659591 2.3508341
3.3592 2.03822 2.32061
4.4301506 1.5655994 2.3505554
4.4198172 1.5726803 2.3518357
4.419168 1.5719884 2.3529225
4.4269811 1.5734789 2.3480956
4.4279518 1.5645818 2.350803
4.4208625 1.5563281 2.3526537
1.9096626 2.5533433 3.5001093
1.1536141 1.7705491 2.9963735
1.1534833 1.774436 3.0033019
1.1615132 1.7683292 3.0111745
1.159164 1.7652441 3.0104321
1.1635973 1.7684398 3.0128072
1.157974 1.7637669 3.0094568
1.1574818 1.7646284 3.0131997
1.1579499 1.763959 3.0066352
1.1653627 1.7661812 3.0142214
1.158203 1.768283 3.0066398
1.1582276 1.7654479 3.009267
1.1623473 1.7700848 3.0102869
1.1599787 1.7713578 3.0121665
1.1520761 1.7533308 3.0059778
1.1601983 1.764439 3.0120122
1.1468093 1.7690993 3.010385
1.1647279 1.7636266 2.9987411
1.1587702 1.7634524 3.0099138
1.1635753 1.7542279 3.0114852
1.1500735 1.7762388 3.0097008
1.3527633 2.023377 6.0913002
1.3502999 2.0136368 6.0819827
1.34716 2.0143179 6.0876615
1.3493386 2.0125234 6.0886046
1.3441906 2.0150202 6.0847462
1.3409356 2.0158883 6.0816812
1.3516882 2.012881 6.0857814
1.3465914 2.0111659 6.083248
1.346175 2.0172581 6.0916306
1.3476944 2.0135387 6.0863583
2.03662 1.28661 1.00247
3.6378812 1.7223843 3.1266626
3.6458025 1.7233795 3.1501121
3.6468964 1.7087189 3.1376782
3.6457818 1.7131286 3.1366688
3.6411331 1.7100716 3.1410413
3.6490586 1.7143626 3.132862
2.92047 2.03328 2.88967
3.6494923 1.7248317 3.1422936
3.6404916 1.7263291 3.1320669
3.649958 1.7051454 3.1328398
3.6561282 1.7093626 3.1334885
3.6479935 1.7083084 3.1342374
3.6454465 1.7143378 3.1366867
3.6432137 1.7096808 3.1383762
3.6476726 1.7100505 3.1454354
3.6469703 1.7137646 3.133974
3.6467037 1.7148436 3.1366938
3.6466466 1.7141251 3.1416267
4.4674274 2.4542655 5.268461
4.4613275 2.4381252 5.2545558
4.4697417 2.4476119 5.2575548
4.468742 2.4451555 5.2597663
4.4551578 2.4487061 5.2486952
4.4549518 2.4497106 5.2536611
4.454055 2.4493606 5.2533511
4.4636287 2.4485436 5.2548961
4.4627578 2.4441265 5.258731
4.4729424 2.4449872 5.259509
4.4520907 2.4398204 5.2399794
0.41350954 2.0395724 0.9635177
0.40850833 2.0370773 0.96145924
0.4119417 2.0372662 0.96331439
0.41109522 2.0361417 0.96054604
0.41222602 2.033664 0.96367725
0.41280987 2.0396934 0.96227592
0.41031626 2.0382785 0.96043783
0.41249451 2.0370766 0.96146386
0.41202607 2.0346465 0.95847082
0.41315155 2.037085 0.96112746
0.41332213 2.0363246 0.96068711
0.40992644 2.0393852 0.96824804
0.41108641 2.0318457 0.95117817
0.41156428 2.0320433 0.95195682
0.40213564 2.0341261 0.95495667
0.41348477 2.0332212 0.96194301
0.41910972 2.0351394 0.95470927
0.41263116 2.0394686 0.95628259
0.40865435 2.0385571 0.95987016
0.41027412 2.0340268 0.96458829
0.40995909 2.0371188 0.96148101
0.41258228 2.0365508 0.96192267
0.41285553 2.0370767 0.961528
0.4107855 2.0364772 0.96120483
4.9671653 1.61187 1.6538372
4.9594232 1.6247064 1.6497615
4.9598485 1.6267313 1.6475723
4.9608546 1.6251577 1.6551894
4.9608939 1.6260589 1.6521234
4.9617503 1.6253467 1.6553829
4.9642918 1.6269104 1.6525006
4.9630673 1.6247531 1.6503937
4.9668572 1.6255834 1.6536268
4.96139 1.6237528 1.648957
5.13356 0.39386 5.21987
2.1765392 1.6598969 6.0886752
2.1796575 1.6506348 6.0872807
2.1799326 1.6552129 6.0896382
2.1838932 1.65583 6.0863663
2.1894895 1.6507731 6.0896471
2.186589 1.650906 6.1024191
2.1690964 1.64836 6.0942684
2.44978 1.44806 1.06944
2.1889978 1.6640625 6.0969489
2.1906636 1.6624919 6.0922267
2.1802864 1.6485459 6.0975037
2.1777315 1.6630699 6.0927946
2.1713118 1.6597961 6.0887248
2.1709525 1.6501741 6.0959488
4.97087 1.34508 0.31169
4.4252144 1.5758047 2.3565619
4.430707 1.5668224 2.3526115
4.4307344 1.5602109 2.3514991
4.4285837 1.5740679 2.3489289
4.4329239 1.5733221 2.354302
4.4309611 1.5677056 2.3516662
4.4314999 1.5671916 2.351205
4.4299253 1.5670919 2.3514802
4.4226135 1.5570797 2.3566646
5.74326 0.56504 5.7271
4.4335278 1.5611058 2.3481658
4.4340238 1.5595599 2.3481519
4.4248395 1.5585963 2.3530008
4.4258763 1.5681476 2.3427721
4.4291195 1.5720344 2.3504854
4.4291251 1.5663992 2.3509121
4.4188222 1.5727682 2.3555625
4.4324639 1.5683258 2.3500411
4.4312519 1.5684132 2.3540742
1.1582345 1.7645393 3.0113177
1.1554395 1.7633977 3.0178873
1.153773 1.7633989 3.0129792
1.1531089 1.7682503 3.0165679
1.1586933 1.7649355 3.0101465
1.1513112 1.7607128 3.0104289
1.1556087 1.7663858 3.0049902
1.1560864 1.7620355 3.01473
1.1562804 1.7620662 3.0117058
1.1591575 1.7658458 3.0101367
1.1624641 1.7653897 3.0078047
1.1585618 1.7614833 3.0134583
1.1661701 1.7618667 3.0124705
1.1569042 1.763459 3.0129784
1.1522389 1.7711503 3.0117624
1.1642494 1.7692526 3.0123088
1.166469 1.7682888 3.0087297
1.1705702 1.7612639 3.0198091
1.1643711 1.7628742 3.0225083
1.1558255 1.7516546 3.0011097
1.3410048 2.0072296 6.0866692
1.3486258 2.0098609 6.0917858
1.3490279 2.0188636 6.0903975
1.3442495 2.0152656 6.0836992
1.3431486 2.0256183 6.0861957
1.3459849 2.0269507 6.0850601
1.3462137 2.0169517 6.086716
1.3548537 2.0131266 6.0981041
4.5696246 1.5283911 5.7197297
4.5809557 1.5373005 5.7186078
4.5843121 1.530868 5.7308076
4.5760466 1.5286683 5.7216348
4.582332 1.5257652 5.7255225
4.5813892 1.5293516 5.7219871
4.5872286 1.5233883 5.7297201
4.5865355 1.5237044 5.7188938
4.5735496 1.5281253 5.7232198
5.8844 2.20649 6.15562
4.5655997 1.5237231 5.7127549
4.5789649 1.5257986 5.7182409
3.6554002 1.7157902 3.1418269
3.6465971 1.7130816 3.1296025
3.642853 1.7128003 3.1308662
3.6491264 1.7123891 3.1376004
3.6400391 1.7094126 3.1336053
3.6400957 1.7138674 3.1268477
3.6472943 1.715561 3.1339944
3.6499369 1.7185202 3.1377425
4.45942 2.4345558 5.2658214
4.4680244 2.4386156 5.265285
4.4583688 2.4459987 5.2554585
4.4730611 2.4486946 5.2636703
4.4748074 2.444253 5.2703731
4.4711606 2.4406207 5.2655793
4.4741377 2.4416163 5.269546
4.4713875 2.4435683 5.2641069
4.4687724 2.4493946 5.2606862
4.4730436 2.4451384 5.2591387
0.40319383 2.0252479 0.95841792
0.41053695 2.0366332 0.96240377
0.4096101 2.0368073 0.97129685
0.41200565 2.0374823 0.96510162
0.41203417 2.0393011 0.96397566
0.41603725 2.0361618 0.96461168
0.4096107 2.0387651 0.96221243
0.41529647 2.0395129 0.96086187
0.41468913 2.0391721 0.96494347
0.41650216 2.036752 0.96288296
0.41493219 2.0306395 0.9697284
0.41216909 2.0291342 0.96836205
0.40922933 2.0311793 0.97036148
0.40348667 2.041924 0.95762725
0.40971859 2.0366268 0.95201029
0.41259625 2.0377582 0.96033723
0.40756071 2.0408544 0.9584517
0.4048255 2.0377465 0.94911117
0.40418955 2.0357431 0.95063419
0.40506097 2.0311859 0.963803
0.41030257 2.0332662 0.95988732
0.40005105 2.0315352 0.95259545
0.40165189 2.0287892 0.95494544
0.39930046 2.0361261 0.95226162
4.9653165 1.6240586 1.6519341
4.9624963 1.623646 1.6510915
4.9634564 1.6276868 1.6511485
4.9670542 1.6189065 1.6488576
1.68897 1.77168 1.1954
4.9765075 1.6245019 1.6471626
4.9611035 1.6256553 1.6539056
1.71573 1.5171 0.79576
4.9637017 1.6183196 1.6552991
4.9738429 1.6183416 1.6488503
4.9603046 1.6350309 1.6470659
4.9643041 1.6245174 1.6362594
2.1951158 1.6516478 6.0952582
2.1799844 1.6535691 6.0933653
2.1790882 1.6542005 6.093535
2.1837886 1.6574204 6.0868321
2.1819228 1.6551273 6.0946607
2.1799337 1.6531105 6.0935469
2.1772531 1.6524416 6.0930707
2.1810369 1.6511272 6.0949212
2.1756607 1.6561895 6.0854821
2.1752629 1.6532286 6.0878596
2.1834836 1.6440489 6.0995573
4.96793 1.06212 5.63495
4.4372188 1.5659281 2.3437967
4.4302642 1.5710375 2.3477039
4.4277611 1.56424 2.3520088
4.4308236 1.57108 2.3586958
4.4293106 1.5673564 2.3509871
4.4324986 1.5666176 2.3525125
4.425767 1.5704188 2.3456322
4.4331862 1.5700774 2.3428593
4.4296945 1.5677858 2.3516799
4.4296564 1.5690435 2.3533206
4.4247391 1.5600287 2.3503248
4.4257378 1.5577991 2.3585483
4.427502 1.5660906 2.350504
4.4327533 1.5637931 2.35076
4.4268562 1.5659058 2.3469224
4.4277941 1.5630808 2.3465786
4.4237013 1.566887 2.3475138
4.4306184 1.5626651 2.3506287
4.4290237 1.5659467 2.3511942
3.58492 0.70591 3.75672
4.4288459 1.5578763 2.347065
6.10298 1.65919 1.04752
0.71372 2.17201 0.02198
1.1545457 1.7747098 3.0142457
1.1565722 1.7681683 3.0056391
1.1557919 1.7716288 3.0123763
1.1574409 1.7630454 3.0037509
1.1533486 1.7644437 3.0014802
1.1493422 1.7626729 3.0091132
1.1611781 1.7648419 3.0083453
1.1608217 1.7653403 3.0110496
1.158841 1.7588908 3.0095992
1.1576576 1.765249 3.0085052
1.1578221 1.7645794 3.0090866
5.60239 1.90467 0.72633
1.59349 2.09575 3.23686
1.1496076 1.7636545 3.0065233
1.1584868 1.7624149 3.0103982
1.1565866 1.7616795 3.0154089
1.1618378 1.7736058 3.0110556
1.1636617 1.7724093 3.0121869
1.1590227 1.7643192 3.0099987
1.3411841 2.0162299 6.0868495
1.3557032 2.0150117 6.0909003
1.3540715 2.0149483 6.0942241
1.3492716 2.0187541 6.0853426
1.3477476 2.0155078 6.0862669
1.3543941 2.0208716 6.0919495
1.3537454 2.0163232 6.0910604
4.5919658 1.5271064 5.7158383
4.5772229 1.5293183 5.710895
4.5872992 1.5334722 5.7191597
4.5782736 1.527657 5.7286487
4.5773655 1.5269663 5.7233597
4.5760832 1.5226186 5.7197061
4.5863106 1.5264788 5.7248199
4.5813867 1.5271246 5.7223133
4.5786787 1.5271911 5.721919
4.5795778 1.5299712 5.7142917
4.5769209 1.5153419 5.7234198
4.575282 1.5265449 5.7206548
4.5743241 1.5305716 5.7224653
4.5778999 1.5281169 5.7217177
4.5786193 1.5287615 5.7197584
4.5756997 1.5323724 5.7301855
4.5701734 1.5294241 5.7185244
4.5767551 1.5299157 5.7243861
4.5716227 1.5283966 5.727118
4.5763655 1.52815 5.7232777
4.5739529 1.5220382 5.7196585
4.4720707 2.4419555 5.265729
4.4747823 2.4439783 5.2716075
4.4602938 2.4434214 5.2527905
4.4569045 2.4472863 5.2562257
4.463127 2.446552 5.2594777
4.4635295 2.4439932 5.2635389
4.4635123 2.4392427 5.2581371
4.4668537 2.4455603 5.2619188
4.4680796 2.4484863 5.2619248
0.40898614 2.0235742 0.95780506
0.40736211 2.0367744 0.96183225
0.40763334 2.0352912 0.96006229
0.40383637 2.030824 0.96708612
0.40725666 2.0307771 0.95998569
0.41338852 2.0375737 0.96021543
0.40727832 2.0343103 0.95929096
0.41013328 2.0374202 0.95829714
0.41282522 2.0391573 0.96041667
0.41305904 2.0367265 0.96051591
0.4130087 2.0367481 0.96087459
0.41363572 2.0385993 0.96129708
0.41652671 2.0343223 0.96361668
0.40854153 2.0241666 0.95885342
0.41325672 2.0372749 0.96075029
0.41126363 2.0417784 0.95635438
0.41201831 2.0401192 0.96018167
0.41251012 2.0415608 0.95787372
0.41125029 2.0385787 0.96058669
4.75207 1.22661 1.25276
0.40273162 2.0403867 0.96371942
0.40915354 2.0429484 0.96646335
0.40930594 2.0392264 0.95441905
0.40504431 2.0358555 0.96168592
0.41918744 2.0287153 0.96115003
4.9612339 1.6259939 1.651299
4.9623607 1.6242447 1.6512847
4.9567987 1.6241227 1.6532803
4.9704704 1.6357568 1.6550433
4.9678833 1.638969 1.6546509
4.9582056 1.6205853 1.6536205
4.9621649 1.626678 1.6534244
4.9485079 1.6213481 1.6536818
4.9534968 1.6166781 1.6515258
4.9704502 1.6250281 1.6416189
4.9618402 1.6361879 1.6445741
4.9758892 1.6320453 1.6582796
1.74584 0.57039 3.84566
2.1750867 1.6649843 6.0849846
2.1811808 1.6533377 6.0905245
2.1752096 1.6512138 6.0942681
2.181471 1.6507998 6.0903025
2.1774821 1.6557539 6.0911216
2.1779626 1.6540783 6.0930359
2.1779965 1.6550786 6.0924558
2.1769292 1.6501032 6.0912362
2.1812432 1.6596964 6.1053118
3.12132 1.8456 3.0352
4.4401962 1.5629435 2.3475715
4.4316075 1.569787 2.3542475
4.4291684 1.5712264 2.3461577
4.4243513 1.5650597 2.3464712
4.4290005 1.5703493 2.3520391
4.4237416 1.5584315 2.3568899
4.4235363 1.5585347 2.3571798
4.4348394 1.5693096 2.3422032
4.4317776 1.5702728 2.3429811
4.4290831 1.5680816 2.3513172
4.4297589 1.5665716 2.3507636
4.4313314 1.5738452 2.3461203
4.4322155 1.5696157 2.346319
4.4257537 1.5664408 2.3515374
4.4273923 1.5646094 2.3477037
4.4282637 1.5665044 2.3482452
4.4360633 1.5611099 2.3496966
4.431052 1.5683304 2.3540916
4.4350362 1.5704575 2.3541479
4.4257537 1.5720838 2.3423267
0.96582 0.28032 0.01177
4.4314185 1.5739616 2.3455723
4.4351703 1.5703531 2.3375507
4.4381572 1.5664231 2.3596261
1.1563393 1.7695613 3.0069713
1.1456783 1.76964 3.0072887
1.1586672 1.7629387 3.0169468
1.1602485 1.7663438 3.011255
1.1566978 1.7671146 3.0107389
1.1557604 1.765458 3.0183797
1.1583685 1.7718658 3.0140827
1.1535661 1.7623751 3.0051648
1.1600095 1.7584589 3.0088848
1.1572047 1.7609631 3.0139538
1.1643912 1.7534683 3.0095154
1.1634724 1.7521936 3.016342
1.1566143 1.7579799 2.9963301
1.1504568 1.7647642 3.0022989
1.1628114 1.7579378 3.0072515
1.1604423 1.7572301 3.0120532
1.162657 1.764476 3.0095164
1.1538682 1.7646292 3.0051876
1.1655526 1.7645911 3.0109
6.10356 2.35312 4.59781
1.3409087 2.0185571 6.0803524
1.3475006 2.0192745 6.0897506
2.35927 1.09665 5.48458
1.3444978 2.0186833 6.0873067
1.3449966 2.0186277 6.0879578
4.5752308 1.5242355 5.7192023
3.3763 2.02802 4.06153
4.5828706 1.5359194 5.7139662
4.5682217 1.5328836 5.7279452
4.5768225 1.5271461 5.7295207
4.5785759 1.5272067 5.7237007
4.5760193 1.5253396 5.7188325
4.5813318 1.5156012 5.7272659
4.5781521 1.5273852 5.7296898
4.5780042 1.527473 5.7224117
4.581005 1.5311382 5.7140097
4.5788779 1.5278482 5.7216907
4.5722417 1.52924 5.7245441
4.5730684 1.5263005 5.7253071
4.5793292 1.5289843 5.7197118
4.5812077 1.525634 5.7204359
4.580729 1.5278367 5.7161111
4.577151 1.5270834 5.7214527
4.5782491 1.5299426 5.7245443
4.5715719 1.5243495 5.7279648
4.583533 1.5278822 5.7255384
4.5770765 1.5270055 5.7223279
4.4708674 2.4433584 5.2663494
4.4702858 2.4409286 5.27018
4.471215 2.4417765 5.2700408
4.4677718 2.4506742 5.2664767
4.475971 2.4459505 5.2686508
4.4720825 2.4445972 5.2703821
4.4713609 2.4360634 5.2590087
4.4641464 2.4416535 5.2556909
0.42055576 2.0354327 0.95052718
0.40740435 2.0395761 0.95503348
0.4109741 2.0368626 0.96158917
0.40836822 2.0329009 0.96469096
0.40473214 2.0290298 0.95486841
0.41295838 2.0367021 0.96138309
0.41354311 2.0375927 0.96082052
0.40775405 2.0423317 0.95908364
0.41173207 2.0417363 0.96360482
0.41525684 2.0403509 0.96538932
0.42119833 2.0312597 0.96112993
0.41332356 2.0371438 0.96134392
0.41525662 2.0372322 0.96248053
0.41116039 2.0371028 0.95634205
0.40338615 2.0286838 0.95689923
0.41541827 2.0370514 0.96425847
0.41231975 2.0361748 0.95509178
0.41393361 2.0331981 0.96193408
0.41838273 2.0410803 0.96253746
0.41426177 2.0386049 0.96098737
0.41081963 2.0345082 0.95911114
0.40591524 2.0427482 0.9537632
0.40404778 2.0377217 0.96188856
0.41589404 2.0356193 0.96636694
0.41219481 2.0374489 0.96361941
0.41053011 2.0364858 0.96231187
4.9686744 1.6345315 1.6482774
4.9603485 1.6220227 1.6516584
4.9567331 1.6243832 1.6528546
4.9648441 1.6234867 1.6436217
4.9677353 1.6307595 1.6500659
4.9658807 1.6186592 1.6562752
4.9620664 1.6242398 1.6488742
4.9603427 1.6272212 1.6489008
4.9613904 1.6273921 1.6520934
4.9562343 1.6174725 1.6504944
4.9658339 1.6226073 1.649584
4.9642779 1.6248832 1.6528344
4.9722844 1.6246292 1.6557208
4.9693379 1.6223804 1.6500585
2.1744552 1.6514124 6.095029
4.5827 2.00356 5.26969
2.1700278 1.6563571 6.0843917
2.1723552 1.6482426 6.0871332
2.1807056 1.6478153 6.0891337
2.1777412 1.6521452 6.0978349
2.1774234 1.6535241 6.0971266
4.4310022 1.5642636 2.3538853
5.01736 1.79361 5.81424
4.431959 1.5791945 2.3525753
4.4340276 1.5685782 2.3528432
4.4306811 1.5689998 2.3497345
4.4236757 1.5699345 2.3498345
4.4275745 1.5683252 2.3521014
4.4343935 1.5706313 2.3477819
4.4375846 1.5671128 2.3508778
4.4356366 1.5591315 2.3488958
4.4343536 1.5722047 2.3548628
4.4353946 1.5650478 2.3563743
4.4304234 1.5655821 2.3488693
4.4330077 1.5729599 2.3555296
4.4357395 1.5640317 2.349035
4.4290525 1.5664541 2.3515686
4.4296904 1.5657795 2.3504394
4.4308204 1.5642469 2.3489583
4.4306518 1.5581546 2.3471729
4.4241979 1.5696399 2.34531
4.4307784 1.5636225 2.3553998
4.4192098 1.5652551 2.3431006
4.79592 1.25603 3.83203
4.4429326 1.5683206 2.3557321
4.4303097 1.561109 2.3500006
4.4397441 1.5657236 2.3490658
4.4214999 1.5788191 2.3484104
1.1490633 1.776082 3.0154737
1.1492371 1.7621644 3.0072787
1.1608169 1.7631639 3.0133231
1.1539658 1.7642152 3.015591
1.1652903 1.7734497 3.0208683
1.1603771 1.7684461 2.9987239
1.1582615 1.7563556 3.0017799
1.166566 1.7653343 3.0077629
1.1633914 1.7636466 3.0115974
1.1635636 1.7575007 3.0087573
1.1624015 1.7617247 3.0169736
1.1603842 1.7552617 3.0002499
1.1614015 1.7663094 3.0089948
1.158029 1.7593899 3.0121051
1.159556 1.7639505 3.0111502
1.1586535 1.7630603 3.0062171
1.1528497 1.7670974 3.0073822
1.15935 1.7636647 3.0094185
1.3476025 2.0137092 6.0871556
1.3358147 2.0180157 6.0827623
1.3392184 2.0133491 6.0883882
1.342409 2.0141304 6.0864936
4.29559 1.32878 2.80807
4.5773224 1.5164597 5.7144109
4.577415 1.5199774 5.7225042
4.5777548 1.523827 5.7207294
4.5837873 1.5240106 5.7313834
4.35905 2.73975 6.19995
4.5829312 1.5232832 5.71835
4.5783676 1.527803 5.725597
4.5751245 1.5196693 5.7242117
1.60353 2.14341 0.39591
4.5863417 1.5224137 5.7281242
4.5717434 1.5191803 5.7252883
5.77213 1.5804 2.93681
4.5810884 1.528756 5.7196514
4.5816217 1.5305652 5.7211668
1.09643 0.20209 4.47189
4.5776177 1.5273624 5.7218924
4.5813054 1.5264134 5.7200722
4.5776401 1.529195 5.7168485
4.5784516 1.529925 5.7230518
4.5742785 1.5234883 5.7208498
4.5819511 1.521665 5.7293309
4.5831714 1.5291438 5.7242858
4.5796943 1.5292778 5.7203929
0.41766819 2.0237519 0.95721327
0.42152408 2.0347459 0.96398127
0.407913 2.049179 0.96628912
0.41324293 2.037293 0.96151885
0.42500985 2.0384503 0.97241456
0.42485315 2.0418683 0.96993325
0.41213076 2.0350547 0.96986934
0.4155615 2.0490251 0.97218861
0.4107256 2.036064 0.96186608
0.4150392 2.0338898 0.95645838
0.41309251 2.0367676 0.96167841
0.41264379 2.0347433 0.9625253
0.41250401 2.0340146 0.95778331
0.41407446 2.0368645 0.96257856
0.41622127 2.0376072 0.96642665
0.4139745 2.0332175 0.96419853
0.40774791 2.0417906 0.95594868
0.41817207 2.0347102 0.95745458
0.41671635 2.0306465 0.95574436
0.40657351 2.0370903 0.95800115
0.41187087 2.0428161 0.96220591
0.40836557 2.0427336 0.95358985
0.40670055 2.0378119 0.96677277
0.4130318 2.0381046 0.96220628
0.41390079 2.0396254 0.96302635
0.41119584 2.037122 0.96456036
0.41758199 2.0368842 0.96178405
0.4150762 2.0380523 0.96068678
0.41418016 2.035805 0.95922085
0.41770131 2.0299817 0.95969954
0.4140913 2.0446362 0.95914044
0.41245722 2.0418709 0.96648054
4.86089 2.16811 2.80281
4.9623359 1.6189748 1.6475038
4.9619924 1.6193883 1.6524708
4.9611362 1.6255777 1.6497129
4.9625597 1.6247624 1.6509978
4.9561491 1.6235323 1.6469593
4.96744 1.6238755 1.6526773
4.9646428 1.6274683 1.6543228
4.9608034 1.6268444 1.6489595
4.9631839 1.6253251 1.6516489
4.9561094 1.6243509 1.6617366
4.9517908 1.6256108 1.6485276
4.9592992 1.6224651 1.6457548
4.9648221 1.6259696 1.6534725
4.9634995 1.6158132 1.654344
4.9548893 1.6155302 1.6492788
4.9618706 1.6150158 1.6593365
2.1894549 1.6539907 6.1068983
2.1851861 1.6511332 6.0941866
2.1796586 1.655316 6.0893277
2.1768487 1.651731 6.0823748
2.1712485 1.6517329 6.0884795
4.4189002 1.5616857 2.3446561
4.4300126 1.5581754 2.3549315
4.428992 1.5703657 2.3487473
4.4327515 1.5725311 2.3504566
4.4296509 1.5706371 2.3489337
4.428936 1.5719699 2.3455891
4.4262775 1.5661245 2.3505305
4.4301662 1.5691638 2.3502396
4.429473 1.568591 2.3502426
4.4299553 1.5690629 2.3498625
4.4257013 1.5651776 2.3546889
4.4351139 1.5672826 2.3488196
4.4338319 1.5652464 2.3482332
4.4375578 1.5621996 2.3448828
4.4416673 1.5665167 2.3496849
4.4300787 1.5651641 2.3501149
4.4292631 1.564381 2.3514357
4.4258503 1.5629751 2.3479904
4.4338055 1.5610959 2.35034
4.4291566 1.5691033 2.3493412
4.4253598 1.5676599 2.344405
4.4329139 1.5739811 2.3485146
4.4224519 1.5777492 2.348263
4.4243993 1.5716653 2.3442964
4.430598 1.5616063 2.3475952
4.4302215 1.565092 2.3524289
4.4306366 1.5649425 2.3478666
4.428126 1.5668965 2.3496518
4.4315368 1.5652695 2.3502653
3.81273 2.62952 5.28096
1.1595499 1.7641164 3.0105164
1.1613846 1.7615514 3.0152068
1.1706873 1.76574 3.0149221
1.1587157 1.7589105 3.013317
1.1617645 1.769332 3.0170547
1.1662526 1.7738954 3.0094506
1.1622394 1.7596625 3.0099287
1.1522181 1.7640959 3.0104
1.1566326 1.7643942 3.0036624
1.1609288 1.7603354 3.0057562
1.1592797 1.7647431 3.0098652
1.1573908 1.7604513 3.0225071
1.1583591 1.7634696 3.0105632
1.1585639 1.764835 3.0107847
1.1589811 1.7669567 3.0163248
1.1579684 1.7590793 3.0074661
1.3453364 2.0159887 6.0864182
1.3480514 2.0173538 6.0859766
1.3462204 2.0166181 6.0875519
1.3430309 2.0237285 6.0817312
4.5774688 1.5254062 5.721374
4.5733295 1.526245 5.7196788
4.5750842 1.5200894 5.7220116
4.5740405 1.5332322 5.7224815
4.5778997 1.5283853 5.7225094
4.5779258 1.5278136 5.7227541
4.5777634 1.5281549 5.7232836
4.5781233 1.5276437 5.7225137
4.5707719 1.521895 5.7202331
4.569796 1.5268169 5.7192777
4.5813645 1.5234326 5.7206283
4.5809658 1.5238317 5.7220152
4.5774282 1.5287926 5.7215598
4.5825865 1.5289855 5.7212878
4.5828118 1.5319418 5.7240461
4.5790171 1.5304652 5.7192835
4.5775632 1.5272893 5.7217545
4.579164 1.5289884 5.7248639
4.584249 1.5297835 5.7176466
4.579806 1.524129 5.7260183
4.5777409 1.5247751 5.7190347
4.5733536 1.5301558 5.7308998
4.5774899 1.5272519 5.7221303
4.5637573 1.5301576 5.7286552
0.42313394 2.0336587 0.97013461
0.41177957 2.0416921 0.96020587
0.41078296 2.0393599 0.95700442
0.41445776 2.0385706 0.95757695
0.41931725 2.0361779 0.97681688
0.40836716 2.0364858 0.9660616
0.41530253 2.038133 0.95984795
0.41093288 2.0488062 0.96071319
0.41880409 2.0361925 0.96095029
0.41867919 2.0385285 0.96164685
0.41424116 2.0375353 0.96296089
0.41231324 2.0344597 0.96011829
0.40448846 2.0350544 0.95661636
0.41389572 2.0350256 0.96201504
0.40953642 2.0361929 0.9631615
0.41149246 2.0338505 0.96340491
0.40789574 2.0424762 0.95624027
0.41449548 2.0384331 0.96247497
0.41368228 2.0372562 0.96093692
0.41572532 2.0364177 0.96281392
0.41415961 2.0360049 0.96343701
0.41586893 2.0463963 0.96275699
0.41057443 2.0438325 0.96419665
0.40865027 2.0436057 0.96356779
0.4083683 2.0383692 0.96049331
0.41180585 2.0383137 0.96260483
0.41658423 2.0398838 0.96432274
0.41399757 2.0374099 0.9620679
0.41988608 2.0314504 0.96056099
0.93232197 2.137 3.5562873
0.94392059 2.1340399 3.5524766
0.93524221 2.1293299 3.5446741
0.94782409 2.1329344 3.5549325
4.9605983 1.6184806 1.6593353
4.9656201 1.6174952 1.6587746
4.9625873 1.624444 1.6527895
4.9590029 1.626572 1.6564509
4.9583313 1.6290366 1.6558805
4.9581284 1.6310738 1.6575909
4.9654376 1.6289616 1.6605446
4.9643391 1.6208872 1.6583708
4.9628159 1.6259989 1.6511951
4.9524255 1.6248867 1.6607002
4.9536042 1.6216796 1.6449734
4.964941 1.6234784 1.6500811
4.9630801 1.6263486 1.656336
4.9573981 1.6232538 1.6482515
4.9631142 1.6185024 1.6415077
4.9612946 1.6272292 1.651268
4.9665129 1.6250189 1.6566155
5.41839 1.52164 3.49341
2.1805308 1.6560704 6.0932492
0.20875 1.12707 3.44366
4.4278913 1.5639263 2.3530406
4.4204106 1.5671244 2.3590467
4.4266122 1.5684467 2.3576628
4.4294044 1.5683656 2.351047
4.4312477 1.5732978 2.3489745
4.4230664 1.5699238 2.3582233
4.420834 1.5724599 2.3526992
4.4289749 1.5723071 2.349762
4.4299496 1.5689042 2.3506162
4.4306971 1.5711467 2.3484683
4.4267106 1.5649506 2.3504077
4.4252069 1.5638348 2.3492991
4.4315769 1.5661725 2.3525408
4.4323045 1.5630502 2.3500814
4.4339551 1.564352 2.3517561
4.4322969 1.5656036 2.3485365
4.4310401 1.5678786 2.3532476
4.4295037 1.5668211 2.3498841
4.428006 1.5673685 2.3460353
4.4348629 1.5653557 2.3395846
4.4358367 1.5622982 2.3405443
4.4243713 1.5674294 2.3500563
4.4299538 1.5670862 2.3511947
4.4311831 1.5726618 2.3522254
0.17804 1.389 5.13263
2.91518 1.99298 0.97613
4.4283448 1.5677822 2.3517578
4.4414394 1.5635542 2.3472006
4.4397635 1.5639492 2.3568263
4.4321103 1.5627591 2.3622139
4.4276222 1.557975 2.3501692
1.1636351 1.7696777 3.006972
1.1568189 1.7710346 3.005207
1.1553843 1.7673097 3.0103192
1.1626146 1.7650412 3.0109254
1.1590726 1.7644543 3.0103013
1.1639153 1.7726498 3.0053745
1.1524577 1.7684086 3.0106584
1.1580814 1.7618252 3.0146407
1.1596015 1.768982 3.0030473
1.159244 1.77158 3.010615
1.1694797 1.7684057 3.00574
3.46559 2.66176 1.25334
1.1535155 1.7612738 3.008491
1.154452 1.7690126 3.0133335
1.1609111 1.7603067 3.0160867
1.1553391 1.7579321 3.007691
1.3467517 2.0145767 6.0881856
1.3433804 2.0179642 6.0810174
1.347348 2.0166434 6.0886619
4.5739644 1.5353562 5.7174807
4.5812181 1.5243896 5.7210805
4.5825087 1.5264031 5.7235551
4.5781985 1.5256526 5.7315503
4.5747341 1.5338932 5.7233575
4.5713439 1.5297137 5.7256607
4.5796017 1.5255256 5.7292024
4.5758718 1.5282535 5.7281306
4.5844662 1.5235409 5.7218122
4.5808718 1.5194911 5.7243027
4.5761307 1.5304045 5.720017
4.575879 1.5289093 5.719912
4.5773573 1.5221115 5.7219219
4.5829991 1.527588 5.7198315
4.5810152 1.5295754 5.7214052
4.5766618 1.5341147 5.7237182
4.5797892 1.5302212 5.7192828
4.5776313 1.5270964 5.7244353
4.5764408 1.5240264 5.7227019
4.5776703 1.5340923 5.7193453
4.00662 1.27364 0.97965
4.5694469 1.5243604 5.7237219
4.575937 1.5339701 5.726064
4.5763592 1.5282142 5.722513
4.5829778 1.5317735 5.7314655
0.42131516 2.0290522 0.97141066
0.41251685 2.0364588 0.96109839
4.12005 2.35047 4.85654
0.41072086 2.0419567 0.96574621
0.41469975 2.0368093 0.97598933
0.41156566 2.0383173 0.96009813
0.41304565 2.0368321 0.96146849
0.41318879 2.0339004 0.96207751
0.41249307 2.0344525 0.96253726
0.41749374 2.0372759 0.96633413
0.41328821 2.0369443 0.96234874
0.41367848 2.0338508 0.9589159
0.40707705 2.0398822 0.95363551
0.41107493 2.0360506 0.95588646
0.41193873 2.0369061 0.95924152
0.41652835 2.0394826 0.96466693
0.41441467 2.0385292 0.96157684
0.41821156 2.0400872 0.96734877
0.41838661 2.040376 0.96286386
0.4133603 2.0349681 0.96277435
0.41379703 2.0409007 0.96487132
0.41328381 2.0371087 0.96178643
0.41106718 2.0349582 0.96370296
0.41052803 2.036563 0.96218319
0.410751 2.0373846 0.96088781
0.41254685 2.0393651 0.95935732
0.41367595 2.0381525 0.95926049
0.41300142 2.0422539 0.9626878
0.94705372 2.1248822 3.5430751
0.9407166 2.1241338 3.5517745
0.94292815 2.1325818 3.554387
0.938047 2.1350396 3.5429729
0.95114868 2.1295854 3.5586075
4.9649373 1.6265473 1.6534553
4.9653894 1.6221545 1.6533691
4.96285 1.6242883 1.6521514
4.9598422 1.6312706 1.6498276
4.9618771 1.6261658 1.6482332
4.9671492 1.6259282 1.6453707
4.9742569 1.6205643 1.6534148
4.9667261 1.6274875 1.6456372
4.9608864 1.6253759 1.6496185
4.9691175 1.6261688 1.6645497
4.9592318 1.6214004 1.6501914
4.9636331 1.6296173 1.6566429
4.9653526 1.6295249 1.6483712
4.9668616 1.627109 1.6471811
3.03128 2.01857 2.88397
4.9657635 1.6334735 1.6525284
4.9659086 1.6267151 1.6518535
4.9600191 1.6236049 1.6525582
4.37153 1.18621 0.57953
4.4240591 1.5642964 2.3461832
4.4242929 1.5646489 2.3456911
4.4317302 1.5680062 2.3563702
4.429588 1.5660398 2.3541316
4.4301352 1.5690057 2.3550108
4.4285136 1.5676223 2.3523404
4.4294511 1.5614056 2.3507719
4.4302839 1.5630567 2.3494832
4.4266829 1.5665281 2.354004
4.4278463 1.5673064 2.3539647
4.4247593 1.5706039 2.3504972
4.4301241 1.5628421 2.3495656
4.4311823 1.5663427 2.3488324
4.4316598 1.5637901 2.3507459
4.4314606 1.5655179 2.3496538
4.4335685 1.5640536 2.3522914
4.4323344 1.5665615 2.3478971
4.4290159 1.5686891 2.3518781
4.429947 1.5667483 2.348199
4.4272957 1.568042 2.3556138
4.4308427 1.5673071 2.3520765
4.4377644 1.5699764 2.3544211
4.4313555 1.5686976 2.3493228
4.4322535 1.5687112 2.3496739
4.4287635 1.5669183 2.3474177
4.4288868 1.5677132 2.3484494
4.4300559 1.5664958 2.3503129
4.4276003 1.5686516 2.3457909
4.4361443 1.5696583 2.3459032
4.4346228 1.5607678 2.346685
4.4298108 1.5746485 2.3533122
4.4322043 1.5638644 2.352979
4.4356851 1.5518386 2.3476957
1.1552553 1.7628931 3.0101615
1.1604657 1.7650602 3.0114993
1.160128 1.7656397 3.0112207
1.1587118 1.7630231 3.0106945
1.1582043 1.7637413 3.0103943
1.1588517 1.7594887 3.0118943
1.1614396 1.761707 3.0097722
1.1605063 1.7582598 3.0086317
1.1576573 1.7665441 3.00974
1.1573622 1.7656302 3.0105908
1.1620453 1.7582248 3.0048432
1.1588793 1.7647274 3.0113699
1.1617809 1.7683114 3.011594
1.1570865 1.7543988 3.0207487
1.1582506 1.7662827 3.0049618
1.3462858 2.0162482 6.0878626
6.14915 0.18732 6.08557
4.5745678 1.533862 5.7222762
4.5778037 1.525071 5.7204945
4.5779383 1.5261341 5.7242666
4.5758725 1.5244824 5.7144564
4.5678885 1.5230051 5.7242177
4.5785251 1.5278526 5.7218412
4.5822169 1.525543 5.7296947
4.5758023 1.5276728 5.7324955
4.5732161 1.5313437 5.7178957
4.5795785 1.525732 5.7198243
4.5780221 1.5272745 5.7222942
4.578517 1.5328121 5.7214178
4.5759906 1.5298639 5.7244069
4.5761888 1.5286984 5.7240869
4.5803769 1.5224932 5.7128387
4.5837724 1.5260436 5.7130034
4.5739577 1.5264324 5.7216117
4.5779153 1.5279484 5.7211836
4.5776111 1.5279434 5.72083
4.5785219 1.5244571 5.7215373
4.5771459 1.5227463 5.7189545
4.572405 1.5250977 5.7258428
4.5766597 1.5282735 5.7221679
4.5755947 1.5276938 5.7210536
4.5777119 1.5280451 5.7245611
4.5829146 1.5360317 5.7239626
0.415984 2.0366837 0.95922193
0.41282367 2.0378514 0.95911983
0.41436338 2.0496061 0.9538534
0.41446913 2.0362641 0.95993552
0.41314945 2.0365259 0.96120329
0.41447813 2.0389506 0.96180315
0.41523908 2.0371279 0.96238882
0.40730125 2.0371858 0.95791912
0.41149713 2.0359604 0.96141708
0.41090127 2.039198 0.96093701
0.41372281 2.0367362 0.96105422
0.41290299 2.0376317 0.96067431
0.41104099 2.0380387 0.95938831
0.40789054 2.0337229 0.95914064
0.41334855 2.0350765 0.96262889
0.41684427 2.0361289 0.96106341
0.41791535 2.0433266 0.96754534
0.41169785 2.0441952 0.96255108
0.41260591 2.0344023 0.960447
0.41601085 2.0348747 0.96407415
0.42032763 2.0425063 0.96192344
0.41004947 2.0224559 0.96052307
6.19569 1.15428 4.45721
0.41263892 2.0315506 0.95874068
0.41143477 2.0381789 0.96452366
0.41060499 2.0344971 0.96532269
0.41298961 2.0389048 0.96113186
0.94090257 2.1365923 3.5518308
0.93780736 2.1421387 3.5573403
0.93429964 2.1395192 3.5560002
0.94264169 2.1310369 3.5553059
0.93770093 2.1426369 3.5469862
0.93525926 2.1416725 3.5485751
4.9667832 1.620683 1.6480671
4.9631545 1.6233437 1.6535391
4.9590606 1.6214632 1.6502916
4.9561813 1.6264985 1.6543265
4.9676161 1.6253122 1.6503224
4.9751413 1.6239111 1.6515945
4.975389 1.624833 1.6580773
4.9644996 1.6307762 1.6571988
4.9708995 1.6224226 1.6577453
4.9723624 1.6243151 1.6601265
4.9609216 1.6144598 1.6452326
4.9632117 1.615844 1.6562899
4.9626723 1.6244522 1.6511457
4.9611947 1.6227759 1.6469259
4.9634997 1.6242394 1.651896
4.9555821 1.6238502 1.6546259
4.9591589 1.6232482 1.6523862
4.959896 1.6219681 1.6543358
4.9630433 1.626928 1.6529242
4.4306298 1.5650398 2.3513326
4.4319626 1.5651008 2.3564014
4.428155 1.5662364 2.3560887
4.4279296 1.5664589 2.3549514
4.42832 1.5639748 2.3559467
4.42295 1.5658947 2.3498903
4.4247626 1.5653801 2.3533975
4.430715 1.5636787 2.3509601
4.4289068 1.5687879 2.3493633
4.4305997 1.5639617 2.3502487
4.4287493 1.5668134 2.3500426
4.4294308 1.5662086 2.3507198
4.4254709 1.5661037 2.3502372
4.4316339 1.5651291 2.3507359
4.4325947 1.5653488 2.346056
4.4321538 1.5661868 2.3461496
4.4341533 1.5647253 2.349948
4.4323849 1.5659488 2.3466315
4.4338919 1.5640085 2.3523499
4.4322641 1.568527 2.3560412
4.4408378 1.5644057 2.3588765
4.4375247 1.5610508 2.3585914
4.4300961 1.5694013 2.3608006
4.4271368 1.5663055 2.3481108
4.4298528 1.5647355 2.3494834
5.38575 1.39897 5.35686
4.4345145 1.5677563 2.3462004
4.4317056 1.5689552 2.3496237
4.4294359 1.5683326 2.3532728
4.4298439 1.5660699 2.3517896
4.4235213 1.5692415 2.3526305
4.4269266 1.5613125 2.3534693
4.4256106 1.5663608 2.3504223
4.4416125 1.5614563 2.3407659
1.158703 1.7647325 3.0098645
1.1612837 1.7570482 3.006189
1.1529795 1.7752479 3.0150281
1.1559416 1.7616271 3.0111636
1.1579682 1.7623794 3.0120096
1.1588441 1.7645039 3.0101144
1.1594184 1.7644378 3.0210638
0.64504 0.8092 0.93629
5.89127 2.04275 3.39992
1.1578542 1.7653703 2.9965335
1.1667469 1.7623968 3.0114411
1.16534 1.7645945 3.0048339
2.91981 2.08822 3.29924
1.1582504 1.7644543 3.0097986
4.5823104 1.5328011 5.7152139
4.5775903 1.5284319 5.720996
4.5792798 1.5285495 5.7229718
4.5772958 1.5271657 5.7201997
4.5783744 1.5239063 5.7243688
4.5732844 1.5301219 5.717946
4.5727359 1.5226846 5.7172127
4.5813579 1.527162 5.7211162
4.5803188 1.5256488 5.7204905
4.5759254 1.5158033 5.7286164
4.5705965 1.5202383 5.7187948
4.5729359 1.5200893 5.7245929
4.5724944 1.5207259 5.7269365
4.5839206 1.5295389 5.7275704
4.5822921 1.5322743 5.726872
4.574628 1.5224206 5.7183716
4.5759746 1.5236499 5.7287996
4.5759774 1.5293793 5.719446
4.5761101 1.5289659 5.7186553
4.5782657 1.5272094 5.7218827
4.5783648 1.5275262 5.7214795
4.5727554 1.5236843 5.7212077
4.5742373 1.5244981 5.7233071
4.5768652 1.5268677 5.7213803
4.5806004 1.5284803 5.7239579
4.5783664 1.5259925 5.7228874
4.5805116 1.5243684 5.7265026
4.5815298 1.5400426 5.7282686
0.41511634 2.0325939 0.96658824
0.41357819 2.0366617 0.95848623
0.40947241 2.040216 0.9617708
0.41079643 2.0370549 0.95580374
0.41474002 2.0342963 0.96169923
0.41342751 2.0365386 0.96227982
0.40851489 2.0361487 0.95822703
0.41392183 2.0384121 0.95443105
0.40957133 2.0349568 0.96074487
0.41392814 2.0385173 0.96075087
0.41320219 2.0368467 0.96109403
0.41128447 2.0352344 0.95904698
0.41126261 2.038231 0.96099803
0.41410683 2.0422555 0.97199235
0.40762929 2.0443012 0.97102141
0.40694981 2.049958 0.96078102
3.01832 1.78324 0.65205
0.4122769 2.0381995 0.95464891
0.41474264 2.0384089 0.96218464
0.4131197 2.0348898 0.96219823
0.41665501 2.0372368 0.95574517
0.41387331 2.0359275 0.96397772
0.41354035 2.036265 0.96122274
0.41521567 2.0368266 0.96240133
0.41376108 2.0320875 0.96136648
0.40438777 2.0333674 0.96340333
0.94021818 2.1324823 3.5569981
3.9363 1.14914 4.97803
0.9441857 2.1346635 3.5532381
0.94443066 2.1345586 3.5527303
0.94400363 2.1342522 3.5521756
0.94294313 2.1336605 3.5550176
0.94535313 2.1258579 3.5564165
4.9691543 1.6203025 1.649784
4.9667676 1.6278337 1.6522048
4.9607365 1.6221853 1.6521803
4.9642975 1.6248554 1.6525994
4.9734582 1.6216289 1.6597927
4.9603987 1.6281431 1.6488685
4.9643439 1.6278386 1.6491507
4.9657288 1.6277357 1.6521057
4.9629593 1.6255857 1.6540141
4.968068 1.629373 1.6585867
6.01454 2.19367 0.91201
4.9630104 1.6249267 1.6525708
4.9610525 1.6243617 1.6499642
4.9610705 1.6245142 1.6552959
4.9630779 1.6251921 1.6522226
4.954958 1.627679 1.6490358
4.9623695 1.6240295 1.6529989
4.9600785 1.6241277 1.6580339
4.9583813 1.6361531 1.6576534
4.4199335 1.5696228 2.3621757
4.4295798 1.57104 2.3519035
4.4337901 1.5705315 2.3484509
4.4377858 1.5588091 2.3533342
5.99418 1.96378 5.01071
4.4302777 1.5617415 2.3482042
4.4292882 1.5627258 2.3453277
4.430689 1.5646906 2.3484868
4.4268664 1.5663314 2.3529536
4.4300583 1.5657463 2.3505401
4.4279298 1.570216 2.3495483
4.4278713 1.5695863 2.353675
4.4258477 1.56679 2.3491011
4.4331537 1.5724756 2.3516221
4.4360032 1.5634031 2.3403805
4.4325419 1.5625545 2.3483047
4.4298281 1.5675616 2.3503553
4.4297678 1.5663019 2.3504771
4.4307801 1.5655464 2.3518454
4.4305306 1.565743 2.3511051
4.4379072 1.5605148 2.3437964
4.4342354 1.5666456 2.3497427
4.4273691 1.5707767 2.3539477
4.4279242 1.5699576 2.3566788
4.4313852 1.5663157 2.3527082
4.4400892 1.564792 2.356408
4.4300273 1.5598854 2.3526724
4.4306861 1.5618057 2.3490445
4.4293611 1.5643617 2.3507359
4.4316709 1.5665443 2.3497033
4.4278308 1.5633101 2.3473861
4.4313855 1.5673897 2.3520147
4.4317301 1.5704311 2.3516143
4.4338501 1.5658221 2.3508613
4.4355444 1.560911 2.3600349
4.4336023 1.5656346 2.3490828
4.4269506 1.5766568 2.3502281
4.4267892 1.5694906 2.3483303
4.4289731 1.5648638 2.3508002
4.4338229 1.5646398 2.3496363
4.425092 1.561349 2.350292
4.4298234 1.5651028 2.3526612
1.21572 1.29705 2.80759
4.43138 1.56515 2.33912
4.423 1.56373 2.34853
4.42143 1.56252 2.35601
4.44109 1.57575 2.34792
4.42841 1.56689 2.35055
4.5779081 1.5276069 5.7221477
4.5763646 1.5279695 5.7229517
4.5775114 1.5284144 5.7225422
4.5787796 1.5273766 5.7218039
3.22777 1.91156 1.52087
4.5779526 1.5285536 5.7235538
4.5734023 1.5229677 5.7233789
4.5769448 1.5289298 5.7200952
4.5748244 1.5234544 5.7235961
4.5801355 1.5195986 5.7264379
4.5779244 1.5271707 5.7220653
4.5783569 1.5342886 5.7218586
4.5794341 1.5331108 5.7199063
4.5783752 1.5274831 5.7243842
4.5777326 1.5257512 5.726168
4.5733965 1.527854 5.7172028
4.5702742 1.5216447 5.7273527
4.5791689 1.5297584 5.7232774
4.577848 1.5287846 5.7224268
4.581287 1.5272103 5.721073
4.5786473 1.5279409 5.7238943
4.5747759 1.5282613 5.7182378
4.5741377 1.5238518 5.718993
4.5766925 1.5270763 5.7202853
4.5820464 1.5268719 5.7202588
4.5837022 1.5201342 5.7189135
4.5765192 1.5170807 5.7206907
4.5703486 1.5153562 5.7174405
0.41315041 2.038847 0.96504611
0.41065003 2.0504664 0.96747995
0.42505038 2.041684 0.97075077
0.41197961 2.0359953 0.96077549
0.41233293 2.0370355 0.96059071
3.25488 2.60845 4.28245
0.41435829 2.0404374 0.96345908
0.4130054 2.0385705 0.9528653
0.40944099 2.0351526 0.95794142
0.41324831 2.0371049 0.96140134
0.41417498 2.0365482 0.96131555
0.40888903 2.0373384 0.96189222
0.41217957 2.0375381 0.96167267
0.41282658 2.0363856 0.96402303
0.9464 2.1317 5.75503
0.41168442 2.0368447 0.95864259
0.41230367 2.0366579 0.96128509
0.41283295 2.0368506 0.96306689
0.41368848 2.0364601 0.9600439
0.41690446 2.0355119 0.96173636
0.40899354 2.0386409 0.9606868
0.40997248 2.0362379 0.95984987
0.4143981 2.0358699 0.96131931
0.41350798 2.0369178 0.96175966
0.4164386 2.0393342 0.96323974
0.95008547 2.134859 3.5470935
0.9452941 2.1414465 3.5545592
0.94427514 2.1317033 3.5578094
0.94454242 2.133443 3.5531926
0.94500953 2.1345025 3.5539851
0.94317034 2.1348784 3.5486825
0.93974826 2.1359908 3.5542198
0.94209416 2.1309322 3.5571768
0.43875 2.24519 1.09198
4.9652949 1.6330552 1.6489778
4.9645464 1.6271221 1.6482719
4.9659495 1.6232147 1.6567901
4.9695746 1.626446 1.6650259
4.9615222 1.6236651 1.6615262
4.9538744 1.6278718 1.6571827
4.9572275 1.6294053 1.6555878
4.9686462 1.6232166 1.658537
4.9640275 1.6275144 1.6522644
4.9643559 1.6271811 1.6534653
4.9636221 1.6317136 1.6522749
4.9612277 1.63137 1.6534523
4.9616087 1.6322151 1.6530672
4.963526 1.6300835 1.6538419
4.9574734 1.630744 1.6550521
4.9631973 1.6304777 1.6554282
4.9634418 1.6247134 1.6526157
2.79204 1.00888 4.60917
4.9646165 1.6241365 1.6485723
4.4343003 1.572676 2.3469716
4.4322969 1.5685716 2.3495753
4.4365787 1.5640904 2.3458436
4.4365334 1.5658111 2.3510915
4.430052 1.5682995 2.3470916
4.4346263 1.5668638 2.3500403
4.4288997 1.5627882 2.3469786
4.4284911 1.5690891 2.3515567
4.431961 1.5636616 2.3511047
4.4294702 1.5654083 2.350878
4.4319894 1.5645116 2.3511192
4.4332991 1.5763571 2.3534616
4.4398119 1.5556381 2.3548127
2.02246 1.59411 5.13498
4.4277454 1.5697867 2.3501759
4.4295937 1.5666703 2.3507763
4.4288427 1.5667562 2.3508066
4.4295132 1.5643454 2.3482829
4.4283534 1.5659723 2.350041
4.426151 1.5564814 2.3487
4.4357686 1.5680347 2.3495313
4.4324249 1.5719136 2.3531222
4.4231144 1.5651953 2.3506157
4.42861 1.5713307 2.343798
3.82425 1.466 1.19174
4.4254709 1.5610402 2.3524736
4.4275196 1.5642205 2.3468145
4.4338433 1.5634511 2.3489447
4.4300607 1.5616879 2.3500724
4.4343153 1.5636929 2.351761
4.4415374 1.564598 2.3498706
4.4297108 1.5667427 2.3523486
0.25785325 0.60957461 0.61021802
6.14452 1.92008 2.10029
0.25254905 0.61898965 0.61241698
0.25965905 0.61625589 0.60764816
0.24295169 0.62339525 0.62299732
2.78909 0.67545 2.78241
0.25757915 0.62243363 0.59954153
0.23427437 0.61284892 0.62655444
0.26906305 0.60682098 0.59100414
0.25982616 0.61539628 0.6071271
0.24701583 0.61625653 0.61638765
1.29763 2.35781 1.64725
0.28023273 0.61885875 0.58351538
0.26465141 0.61779741 0.58776142
0.25918316 0.61051624 0.60878565
4.57844 1.5267545 5.7228502
4.5777859 1.5274991 5.7224819
4.5771426 1.52969 5.7227097
4.5804593 1.5284266 5.7242043
4.5806917 1.5240816 5.7307451
4.5691994 1.5230254 5.7196295
4.5757006 1.5265839 5.7217331
4.5772156 1.5247936 5.7215699
4.5776877 1.5264994 5.7232903
4.5808032 1.5273288 5.7200049
4.5790385 1.5249579 5.720492
4.5703608 1.527703 5.7215144
4.5787637 1.5391882 5.7233251
1.59259 0.75421 3.13087
4.5869618 1.5317449 5.7181989
4.5777167 1.5336974 5.7294935
2.87654 1.20305 4.7387
4.5786322 1.5272534 5.7219284
4.5745167 1.5244848 5.7200758
4.5815859 1.5289696 5.7220045
4.5780447 1.527797 5.7226477
4.5805463 1.5286569 5.7264504
4.5820872 1.5305503 5.7240241
4.5808168 1.5296617 5.7243746
4.5760461 1.5308076 5.7237264
4.5740522 1.5211298 5.7259345
4.5776862 1.5271758 5.7228482
4.5819846 1.5180833 5.7244698
2.6890996 1.0944147 0.68288431
2.6747228 1.094818 0.69105195
2.6964935 1.088363 0.67016186
2.6825076 1.0883372 0.68389285
2.6787476 1.0898661 0.69151492
2.6815136 1.0979976 0.67985462
2.6900765 1.0926253 0.6810927
2.14759 2.73439 5.6434
0.40969121 2.0334012 0.96308777
0.41454656 2.0379733 0.96338609
0.41353641 2.0374859 0.96159921
0.41441704 2.0416811 0.96347267
0.40713391 2.0389542 0.96152694
0.41191572 2.0360489 0.96346452
0.40923875 2.0468352 0.95158047
0.41128232 2.0356138 0.9655387
0.41129996 2.0353768 0.9612097
0.40800312 2.0403222 0.96031559
0.41195881 2.036157 0.9650561
0.41134183 2.0399118 0.9542213
0.41191313 2.0284452 0.96563872
0.42133491 2.0372941 0.97719957
0.41276122 2.0306921 0.96530208
0.41257568 2.0361919 0.9622941
0.95090789 2.1382789 3.5600754
0.94641989 2.1336023 3.5566177
0.95041067 2.1357251 3.5572009
0.94244054 2.1322951 3.5507952
0.94708193 2.1345048 3.5545743
0.9435236 2.1364485 3.553753
0.93941462 2.133444 3.5488983
0.94541671 2.134224 3.5522693
0.94431575 2.1345728 3.5520196
4.9657551 1.6224274 1.6560848
4.95464 1.6252072 1.6513456
4.9574956 1.6280902 1.653986
4.9672667 1.6242904 1.6522527
4.9604054 1.6272902 1.6561753
4.9608074 1.627303 1.6585202
4.963179 1.6219595 1.660556
4.9597615 1.6300657 1.6570825
4.9652534 1.6210336 1.659174
4.9620413 1.624227 1.6566002
4.9618424 1.6224308 1.650915
4.9694189 1.6265703 1.6544575
4.9671746 1.6237 1.6510125
4.9651758 1.6210002 1.6508734
4.9638233 1.6226856 1.651419
4.9641263 1.6234672 1.6515228
4.9610569 1.6293409 1.6516808
4.9640528 1.62495 1.6510876
4.9651371 1.6261698 1.6530655
4.9596394 1.6300339 1.6526996
4.4210116 1.5736304 2.3570781
4.4293055 1.5813593 2.3554517
1.10087 2.97643 3.73133
4.4263523 1.5570281 2.3473848
4.4296855 1.573993 2.3532318
4.4269648 1.5675529 2.3592018
4.4299668 1.564478 2.3464477
4.4283026 1.5586837 2.3515315
4.4298191 1.5645943 2.3454783
4.4259639 1.5672079 2.3520136
4.4378493 1.5714907 2.3527617
0.59062 2.37904 0.09345
4.4289287 1.5730697 2.3472547
4.4270713 1.5641379 2.348632
4.4333381 1.5682641 2.3518015
4.4302777 1.5659115 2.3515279
4.4308948 1.5651754 2.3525735
4.4276357 1.5656387 2.3482783
4.4297428 1.5669857 2.3483641
4.4219165 1.5653175 2.3472185
4.4326629 1.5697619 2.350623
4.4302369 1.5664291 2.3509477
4.4299548 1.5663351 2.3508294
4.4270164 1.5659615 2.3486233
4.4305476 1.5676527 2.3534333
4.4300813 1.5662664 2.3514781
4.4320907 1.5672111 2.3518386
4.4323637 1.5653199 2.3515174
4.4318075 1.560773 2.3451144
4.4391386 1.5695843 2.3529098
4.60444 2.11167 2.56061
0.26597907 0.61820981 0.61136257
0.25791042 0.61031221 0.60505424
0.26528926 0.61784613 0.60538776
0.25981839 0.61632366 0.60035399
2.22577 1.23831 6.23135
0.25825906 0.61130473 0.60373791
0.25819652 0.61658408 0.60778686
0.25724086 0.61039531 0.60806034
0.24690078 0.61083013 0.61533138
0.26884329 0.61144932 0.59393997
0.2547327 0.61455918 0.61033186
0.25683645 0.61393677 0.60959245
0.25571531 0.61298424 0.60895075
0.25775866 0.61391761 0.60618201
0.26022033 0.61476045 0.60553492
0.25475977 0.61746667 0.61729914
4.5739911 1.5220016 5.7249157
4.5749315 1.521942 5.7255676
4.5766857 1.5257933 5.7234914
4.5726759 1.5278648 5.7266477
4.5669812 1.5304846 5.7295222
4.5706436 1.5261914 5.715506
4.5776135 1.5244241 5.7220789
4.5782618 1.5276337 5.721184
4.5717556 1.5245558 5.7189291
4.578727 1.528168 5.7220748
4.5758797 1.521941 5.7193166
4.5821183 1.5183026 5.726678
4.5765623 1.5279048 5.7220417
4.573709 1.5275724 5.7345928
4.5832187 1.5290646 5.7199888
4.577675 1.5280399 5.7228425
4.57069 1.521966 5.7248058
4.5737638 1.5210522 5.7298672
4.5762935 1.5213003 5.7231475
4.5795889 1.5283799 5.7233662
4.575593 1.5277415 5.7242975
4.5771567 1.52868 5.7243457
4.5772495 1.5301582 5.7209113
4.5799666 1.5272285 5.7212362
4.5787452 1.5280901 5.7221455
4.5809111 1.5224563 5.7280208
4.5795699 1.5269989 5.7236394
4.5805792 1.5312896 5.7198763
2.6941477 1.0814815 0.681713
2.6877682 1.0874429 0.674477
2.6914295 1.0919434 0.68065549
5.25526 0.95826 0.19608
2.6980315 1.0938593 0.66394131
2.6993288 1.0908832 0.67673946
2.5134 0.92509 3.54772
2.6961451 1.0945836 0.66827417
5.41626 2.74185 0.27207
0.41380986 2.0366606 0.96228918
0.4140671 2.037542 0.96213211
0.41343783 2.0358458 0.96085421
0.40865573 2.0371345 0.96154259
0.4162937 2.0354133 0.96237404
0.41275403 2.0507945 0.95832183
0.41858838 2.0435069 0.9689459
0.41497108 2.0383941 0.9650704
0.40961515 2.0397559 0.95862289
0.41716372 2.037668 0.96222575
0.4095408 2.0393463 0.95451405
0.4133815 2.036631 0.95609313
0.4232189 2.0384372 0.97595886
0.4181479 2.0394488 0.9648854
0.94597234 2.1311504 3.5544366
0.94366812 2.1326672 3.5549283
0.9483549 2.1318969 3.5514678
0.95019322 2.1363785 3.5541973
0.95242582 2.1335151 3.5548984
0.94585592 2.1348303 3.5531575
0.94358385 2.1359111 3.5495238
0.94183925 2.1335096 3.5512201
0.9428161 2.1355657 3.5495373
0.18106 1.20086 2.3562
4.9524311 1.6312718 1.6538763
4.9570984 1.6231687 1.654093
4.9669904 1.6316041 1.6459281
4.968284 1.630299 1.6452301
4.9664122 1.6259216 1.6475823
4.9665241 1.6269414 1.6582036
4.9674051 1.6301998 1.6616602
1.07694 1.10933 4.69823
4.9664417 1.6283205 1.6456171
4.9581023 1.6203972 1.6512516
4.9578375 1.6221198 1.6520184
4.9617896 1.6241039 1.6551075
4.9659688 1.6289408 1.6494626
4.9659224 1.6240132 1.6494524
4.9641455 1.6246211 1.6568732
4.9625049 1.6282222 1.6560413
4.967024 1.6257335 1.6582299
4.9615092 1.6277664 1.6562543
4.9630263 1.6236961 1.6561831
4.9627566 1.6287457 1.6547216
3.70503 0.58127 6.2088
4.4241779 1.5771027 2.3528158
4.4245189 1.5707294 2.3521666
4.4294596 1.5675903 2.350172
4.4299516 1.5674556 2.350974
4.4242779 1.5685183 2.3536393
4.4283585 1.5680645 2.3502739
4.4214814 1.5596333 2.3506754
4.4300213 1.5673287 2.3505067
4.4301068 1.5673265 2.3534727
4.431122 1.5730413 2.3482512
4.4307811 1.5725509 2.3521064
4.4261103 1.5710469 2.3455598
4.4298159 1.5638078 2.3485803
4.4300336 1.5709803 2.3515486
4.4288684 1.5638517 2.3529302
4.4285337 1.5645209 2.353245
4.4368674 1.5670113 2.3498634
4.4286514 1.557312 2.357273
4.4200407 1.5647075 2.3548076
4.430958 1.5662489 2.3509714
4.4313851 1.5643851 2.3512546
4.4321138 1.5667712 2.3492942
4.4297331 1.5651475 2.353211
4.4275514 1.5744463 2.3521998
4.4323029 1.5628753 2.3580329
4.4310189 1.567154 2.3487334
4.4332272 1.5685891 2.3453769
4.4354631 1.5642542 2.3451127
3.09187 1.87187 0.67351
0.27350592 0.61567176 0.60690662
0.25793502 0.62339111 0.60116831
0.25000413 0.62539567 0.61051375
0.26307439 0.61553646 0.60716669
0.2642368 0.61752313 0.60515387
0.26244881 0.61846545 0.60449482
0.26569901 0.61981461 0.59889091
0.25860456 0.61796823 0.60680013
0.25987951 0.61541141 0.60757773
0.25262281 0.61633876 0.60813104
0.2560013 0.61764936 0.61191932
0.26721051 0.61533066 0.59502049
0.25683421 0.61068497 0.6094666
0.25880533 0.61401759 0.60773914
0.26283797 0.61453288 0.60109487
0.25990271 0.61394407 0.6051314
0.26045911 0.61407997 0.60970196
4.5680124 1.5273563 5.7130663
4.5748018 1.5246658 5.7238903
4.5700406 1.5278443 5.7274203
4.5791759 1.5379094 5.7268639
4.5715809 1.5283648 5.7329875
4.5801286 1.5316468 5.7225579
4.5752894 1.5291955 5.7234664
4.5789534 1.5264629 5.7237873
4.5717475 1.5256566 5.7149286
4.5774046 1.5296416 5.7218503
4.583638 1.5179724 5.7265279
4.5851537 1.5209028 5.7285684
4.5753576 1.5245221 5.7206005
4.5781822 1.5222569 5.7319971
4.5751616 1.5253373 5.7310625
4.5700252 1.5274578 5.7258262
4.5741745 1.5207399 5.7241226
4.5825205 1.5215215 5.7259377
4.5753984 1.5300839 5.7246718
4.5744123 1.5269572 5.727172
4.5791768 1.5260184 5.727429
4.577793 1.5249406 5.7276296
4.5737864 1.5290561 5.7231001
4.5796098 1.5308781 5.7223763
4.576541 1.5281381 5.7240257
4.5804572 1.5299533 5.7269787
4.5786785 1.5276703 5.7226372
4.5797989 1.528784 5.723093
2.6935325 1.0868908 0.68093338
2.6912584 1.091731 0.68126273
2.6935198 1.0904011 0.68025889
2.69044 1.0910123 0.68262144
2.690472 1.0971453 0.68715595
2.7015165 1.0915379 0.68019585
2.6922535 1.0944473 0.68229023
2.690856 1.0929275 0.68153604
2.6780544 1.0862647 0.69269876
2.692834 1.0920234 0.68396585
0.41536536 2.0395865 0.96836703
0.41835568 2.0374522 0.96422755
0.41109002 2.0380628 0.96559259
0.40855428 2.0372535 0.95727241
0.41196457 2.0382343 0.96662037
0.41385013 2.0367058 0.96212342
0.41762718 2.0388093 0.95992163
0.41201156 2.0435997 0.96439133
0.41255253 2.0367759 0.9616759
0.41393353 2.0405897 0.95941857
0.41219214 2.0324629 0.96102693
0.41314039 2.0376015 0.96116983
0.94277559 2.1252938 3.5561778
0.94538236 2.1337185 3.5527834
0.95007234 2.1348469 3.5547488
0.94839852 2.1326395 3.5527962
0.94289242 2.1312793 3.5510779
0.94579657 2.127207 3.5563472
0.95158348 2.1340645 3.5590414
0.94391088 2.1352729 3.5512077
0.94282445 2.1319889 3.5529717
0.94411238 2.1336887 3.5520026
0.97276 2.18805 3.10539
4.9644363 1.6255657 1.6562598
4.965611 1.6302386 1.6550987
4.9668913 1.6270786 1.6570907
4.9587268 1.6143269 1.6578224
4.9612545 1.6219367 1.6639529
4.9573511 1.6279475 1.6542939
4.9620732 1.6238169 1.6510536
4.9644983 1.6230053 1.655241
4.9599234 1.6269641 1.6481949
4.9629251 1.624147 1.651301
4.9631432 1.6215952 1.6499305
4.964147 1.6225744 1.65939
4.9609325 1.6282481 1.6487192
4.9773377 1.6243366 1.6498094
4.9683667 1.6285117 1.6489204
4.9641796 1.6274336 1.6577644
4.9681392 1.6268102 1.6509335
4.9669519 1.6209858 1.6491082
4.9647376 1.6203955 1.6587606
4.9598215 1.6217998 1.6573149
4.9632843 1.6214438 1.6566956
4.9614039 1.625618 1.6473298
4.4298689 1.5669179 2.3509292
4.4296067 1.5690895 2.3465818
4.4282329 1.5709608 2.3506512
4.4310452 1.5693463 2.3504848
4.4286537 1.5700387 2.3468538
4.4220527 1.5694832 2.35786
4.4318164 1.5731133 2.3504958
4.4298081 1.5685624 2.3502007
4.4269992 1.5682664 2.3563291
4.4327819 1.5737162 2.3569456
4.4346352 1.5664399 2.3560405
4.4259011 1.5729467 2.3530711
4.4389015 1.5642131 2.354429
4.4287932 1.5718044 2.3520416
4.4298252 1.562536 2.347773
4.4269829 1.5722303 2.3450714
2.97623 1.01917 0.40338
4.421084 1.5652478 2.3565576
4.4328425 1.5623441 2.3507119
4.4306313 1.5686722 2.3503707
4.4306427 1.5697587 2.3516785
4.4290407 1.5675949 2.3461247
4.4203667 1.5689098 2.3495496
4.4354766 1.5596369 2.350204
4.4228008 1.5610823 2.3442035
4.4307007 1.5670641 2.3503734
0.26997737 0.60893995 0.59434191
0.2674005 0.60921436 0.59858125
0.2554724 0.60534026 0.61736195
0.26121379 0.61670721 0.61739562
0.24379009 0.61481046 0.61660722
0.25419215 0.62096156 0.60958842
0.25814818 0.61646028 0.60790092
0.25852325 0.61542684 0.60503278
0.2654843 0.61734903 0.59905253
0.2572987 0.60917623 0.60663765
0.26002203 0.60702127 0.61169475
0.26419195 0.61158933 0.60973444
0.25748768 0.61688886 0.6111339
0.27235385 0.61236349 0.59896344
0.25871093 0.61719536 0.61186792
0.25715362 0.61587377 0.60638361
0.26334677 0.61749282 0.60162907
0.25811876 0.61293535 0.60588779
0.26597107 0.61292574 0.61564703
4.575284 1.5304896 5.7251867
4.5760916 1.5282743 5.7231398
4.577019 1.5190565 5.7249189
4.5802217 1.5349525 5.7167093
4.5790229 1.5286342 5.7168694
4.5831135 1.5374981 5.716942
4.577232 1.527372 5.7221134
4.5849227 1.5184742 5.7207619
4.5747424 1.5166242 5.717797
4.5733486 1.5294652 5.7265671
4.5873386 1.5247653 5.7234411
4.5791254 1.5294055 5.720845
4.57598 1.5292162 5.7262169
4.5763155 1.5257517 5.7241272
4.5733248 1.5263704 5.7237612
4.5776852 1.5275722 5.7220022
4.5756504 1.5319485 5.7203874
4.5780799 1.530957 5.7184552
4.5766567 1.528371 5.7228688
4.5764858 1.5266086 5.722142
4.5779785 1.5283572 5.7239786
4.5790984 1.5286459 5.725187
4.5793222 1.5275721 5.7252252
4.5794547 1.5258541 5.7219395
4.5822939 1.5271733 5.7251979
4.5759219 1.5306515 5.7194202
4.577562 1.5266244 5.7244023
4.5823704 1.5248258 5.712084
4.95024 2.299 1.53014
2.6990718 1.0819089 0.66881946
2.691469 1.0911495 0.68074515
5.30152 1.39264 4.44582
2.6911659 1.0916651 0.68582123
3.0561 2.42574 4.19467
2.6940765 1.0944542 0.6794616
2.6885871 1.0940313 0.68168763
2.6828874 1.094103 0.68711017
2.6934902 1.0920377 0.67305198
2.690726 1.0930708 0.68183637
0.42511142 2.0342532 0.95723817
0.4097592 2.0328032 0.95597208
0.40939216 2.0374579 0.95125763
0.41502084 2.038578 0.96572511
0.41341462 2.0323206 0.96333788
0.4153593 2.0416278 0.95887246
0.4165797 2.0414336 0.9663207
0.4130557 2.0374075 0.96189717
0.40165 2.0476287 0.95804889
0.41454953 2.0280527 0.96540362
0.94096059 2.1364532 3.5506006
0.93932332 2.1343167 3.5570362
0.94746252 2.1337087 3.5507203
0.94883845 2.1311037 3.5525589
0.94392706 2.1340533 3.5544074
0.9464534 2.1346396 3.5549461
0.94094194 2.1351377 3.5500381
0.94351954 2.1336851 3.5481177
0.94383036 2.1318717 3.5541869
0.93908011 2.1342515 3.5492024
0.9396501 2.1329682 3.5467368
0.94388842 2.135696 3.553218
4.9662264 1.619298 1.6414282
4.963688 1.6250328 1.6527146
4.9638651 1.6248793 1.6540217
0.9138 0.38546 1.42673
4.9681869 1.6250375 1.6527017
4.9634707 1.6247605 1.6525621
4.9645573 1.6227977 1.6536429
4.9675613 1.6199874 1.6531006
4.9616779 1.6226508 1.6444467
4.9629236 1.6250171 1.6507306
4.9664592 1.6183861 1.6530494
4.9696323 1.6266617 1.6555206
4.9679982 1.6199974 1.651693
0.99597 0.72042 4.93403
4.9590146 1.6249566 1.649397
4.9654217 1.6263744 1.6555483
4.9628984 1.6267365 1.6523262
4.9674545 1.6314084 1.6548308
4.9643408 1.6243503 1.6544447
4.9725638 1.6286431 1.6599433
4.9695464 1.6303686 1.6614713
4.9636333 1.6245941 1.6522096
4.4310135 1.5678124 2.3524996
4.425008 1.5668674 2.3493835
4.4255488 1.5681837 2.3439819
4.4298715 1.5665645 2.3501277
4.4270498 1.5713924 2.3461739
4.4214899 1.5690107 2.3577907
4.4256613 1.5688038 2.3463651
4.4322408 1.568249 2.3530612
4.4349809 1.5611025 2.3531545
4.4303614 1.5625267 2.3518119
4.4236907 1.5650404 2.35138
4.421876 1.5694468 2.3485239
4.4359444 1.5607193 2.3531215
4.4305292 1.5677457 2.3435256
4.4279579 1.5636163 2.3489237
4.434073 1.5697283 2.3616706
4.4353415 1.5661438 2.3651282
4.4330992 1.56766 2.3578478
4.4319567 1.568293 2.3485295
4.4310341 1.5673136 2.3508337
4.4306572 1.572031 2.347539
4.4297164 1.5672313 2.3467274
4.4250114 1.5738096 2.3499331
4.4208566 1.5723638 2.3451178
4.4187671 1.5670744 2.3512783
4.4443198 1.5627272 2.3517948
0.25657012 0.61713832 0.60678839
0.257277 0.6170989 0.60528263
0.25828483 0.61788063 0.60372236
0.25365741 0.60769407 0.61779079
0.26620577 0.60915519 0.60509798
0.25416353 0.61957627 0.60731377
0.25290398 0.61777754 0.616518
0.26464378 0.61694115 0.60288092
0.26474851 0.61671343 0.60625913
0.26491089 0.61412615 0.59883529
0.25591087 0.61528252 0.61425807
0.2540907 0.61178565 0.61399318
0.25726234 0.61523498 0.61233383
0.27352335 0.61355528 0.59524632
0.2640692 0.61801935 0.60184672
0.26788765 0.62045572 0.59993706
0.27155622 0.61899833 0.593258
0.27659734 0.61796238 0.59409042
0.27760459 0.61879237 0.59071622
4.5859433 1.5293679 5.734804
4.5730961 1.5290979 5.7220712
4.5772061 1.5197302 5.7251735
4.5806386 1.5280699 5.7217803
4.5726208 1.5310203 5.7240456
4.5811814 1.5397379 5.7175737
4.582851 1.5235243 5.7092741
1.76916 0.42631 6.0037
4.5790733 1.5268033 5.7241692
4.5740984 1.5261715 5.7301612
4.5778312 1.5218809 5.721818
4.5786352 1.5283946 5.7212454
4.5799083 1.5313124 5.721585
4.5816076 1.526111 5.7237237
4.5768755 1.525145 5.7240557
4.5771975 1.5251531 5.7254763
4.5818173 1.5262671 5.7232052
4.5795693 1.5268971 5.7252594
4.5722763 1.526358 5.7218192
4.5788214 1.5297971 5.7209546
4.5734989 1.5257775 5.7259004
4.5767623 1.5260042 5.7237839
4.580437 1.5272525 5.7223701
4.578706 1.5274437 5.7228889
4.5802405 1.5274764 5.7281985
4.5814716 1.5302472 5.7166041
4.5809032 1.5385323 5.7224938
4.573583 1.5287827 5.730419
2.6892169 1.0860279 0.68227817
2.6857134 1.0877582 0.67513678
2.6932203 1.0842751 0.67859676
2.6881578 1.0914153 0.6797493
2.6946928 1.0884363 0.68085464
2.6961482 1.0905822 0.67587579
2.6947956 1.0946135 0.67446493
2.6944567 1.087137 0.67579295
2.6922898 1.0878484 0.6783899
2.7060009 1.0885789 0.66907975
2.6904456 1.0914328 0.6852206
2.7033368 1.083177 0.66911722
1.59458 1.84349 5.70218
0.41825208 2.0316485 0.94961958
0.40826308 2.035641 0.9475838
0.4085668 2.0360855 0.96880395
0.39981561 2.0308233 0.95369048
0.42660113 2.0406306 0.97483443
0.41769244 2.0324746 0.97169375
0.95318369 2.1282449 3.5452195
0.95102259 2.129895 3.5592815
0.94063397 2.131192 3.5570726
0.94169896 2.1339307 3.5562568
0.94298353 2.130693 3.5568818
0.95316888 2.1318021 3.5608918
0.93925643 2.1351174 3.5478537
0.94093591 2.1369459 3.5468369
0.94012166 2.1351011 3.5523897
0.94353369 2.1337741 3.5530471
0.94899383 2.1326556 3.5546014
0.94582509 2.1349148 3.5577887
0.93942596 2.1320172 3.554593
0.946702 2.1385972 3.5535913
0.93106823 2.1401889 3.5479053
4.9638345 1.624433 1.6526716
4.965415 1.6206558 1.6579144
4.9516949 1.6146566 1.6530232
4.9521252 1.6205357 1.6441947
4.9624359 1.6274561 1.6457145
4.9615332 1.6259883 1.6466107
4.9638393 1.6252399 1.6473055
4.9600804 1.6290985 1.6503207
4.9588608 1.6203742 1.6554084
4.9635662 1.6237291 1.6556892
4.962006 1.6251261 1.6540766
4.962854 1.6260831 1.6507521
4.964514 1.6290789 1.655994
4.9650674 1.6328523 1.652628
4.9641153 1.6227887 1.6516546
4.9652013 1.6283858 1.6533354
4.9585398 1.6299048 1.6613239
4.9657376 1.6259611 1.6554575
4.9594002 1.6193813 1.6457243
4.966211 1.6165686 1.6442243
4.9689208 1.6151648 1.655124
4.438624 1.5741659 2.3583112
4.4347921 1.5702375 2.3496419
5.82097 1.60838 3.8654
4.429854 1.5642793 2.3487152
4.4277308 1.5700869 2.3532654
4.4284386 1.5711368 2.3464273
4.4318292 1.5654459 2.3535122
4.4305458 1.5613302 2.3474636
4.4393506 1.5595852 2.3495455
4.4300105 1.5662095 2.3524075
4.4321304 1.568745 2.3497606
4.434286 1.5688321 2.3504292
4.4317915 1.5657941 2.3517794
4.4280617 1.5648971 2.3408409
4.4296538 1.5668911 2.3503155
4.4326169 1.5677667 2.3527132
4.4296488 1.5668693 2.3506788
4.4275767 1.5618966 2.3503904
4.4325407 1.5696592 2.3498175
4.4347992 1.5660725 2.343041
4.4352857 1.5673536 2.3453384
4.4307953 1.5640975 2.3459815
4.4328997 1.5712188 2.3566299
4.4301837 1.5721711 2.3552073
4.4286525 1.5730523 2.3422391
0.25305334 0.62073969 0.60803432
0.25951267 0.61658371 0.60797801
0.26185952 0.61629356 0.60552484
0.25405599 0.61778649 0.6089374
0.26388044 0.61459289 0.60167306
0.26113212 0.61528853 0.60589678
0.25843128 0.61837579 0.60911701
0.25432681 0.61979919 0.61487259
0.25378473 0.61727704 0.61195209
0.26307954 0.61911226 0.60667349
0.26716707 0.61739314 0.60287342
0.26234972 0.61713156 0.60462276
0.25999213 0.61416585 0.60713935
0.26360565 0.61565936 0.6065076
0.2571578 0.61536834 0.60672561
0.26285369 0.6137166 0.60566476
0.26702586 0.61951201 0.59914595
0.26608675 0.61690977 0.60461043
0.26175526 0.61607792 0.60511034
0.27088871 0.62169454 0.59855613
0.25551442 0.61655098 0.61080675
4.5732736 1.5300877 5.7229185
4.5791827 1.528548 5.721619
4.5808096 1.5309245 5.7257165
4.5821949 1.5240856 5.7280878
4.5890777 1.5329745 5.7163694
4.5756774 1.526349 5.7108174
4.5790068 1.5282913 5.7217494
4.579674 1.5277289 5.7277339
4.5757051 1.5282516 5.7292903
4.5805256 1.52757 5.7192377
4.5777194 1.527017 5.7190862
4.5776932 1.5276152 5.7209513
4.5744838 1.5251484 5.720499
4.5792752 1.5264803 5.7237316
4.5804014 1.5256192 5.7218568
4.5754801 1.5263703 5.7200827
4.5731133 1.5238311 5.720463
4.572104 1.5256772 5.7220717
4.5778392 1.5308563 5.7171333
4.5764324 1.519996 5.7223062
4.5755517 1.525163 5.7195539
4.5786591 1.5291015 5.7231235
4.5796052 1.5274533 5.7253597
4.5748355 1.5289823 5.7255188
4.5815243 1.5255058 5.7289229
4.5734549 1.5340096 5.7333295
4.5826975 1.5252871 5.7345899
2.6908854 1.0883774 0.67910106
2.6851111 1.0930059 0.68185676
2.6883829 1.0954109 0.69106486
2.6934536 1.0926973 0.68759949
2.6840629 1.0923924 0.68657032
2.6939182 1.0904146 0.68379451
2.6903044 1.091586 0.68279783
2.6917587 1.0898805 0.68088252
2.6925651 1.1004229 0.67606988
6.13018 1.93813 1.41858
2.6829428 1.0911216 0.68519209
2.698721 1.1024981 0.67289616
2.7054991 1.1023186 0.67987247
0.93849119 2.1339743 3.5423378
0.94762253 2.1362525 3.5535521
0.94348765 2.1345989 3.5571727
0.9429485 2.1405881 3.5463403
0.94710181 2.1372046 3.55692
0.94249564 2.136936 3.5626209
4.92034 1.15856 4.53711
0.93684007 2.1321173 3.5435018
0.9460677 2.1261188 3.5428762
0.951689 2.131461 3.5464232
0.94669748 2.1346886 3.5565458
0.9516752 2.1370906 3.5584689
0.94978124 2.1285455 3.5634357
0.94583216 2.130671 3.5540485
0.94415797 2.1364099 3.5521735
0.94404856 2.1369385 3.5528744
0.94573971 2.1404122 3.5489218
0.95149195 2.1387674 3.5537216
0.94540962 2.1337839 3.5529646
0.94528835 2.1347928 3.5525632
0.96029957 2.1418048 3.5603099
4.9663295 1.6301901 1.6604932
4.9633594 1.626066 1.6550115
4.9604277 1.6265094 1.6500197
4.9644648 1.6245845 1.6470071
4.9599069 1.6236809 1.6473216
4.9579274 1.6273362 1.6482577
4.9598045 1.630429 1.6487944
4.9638652 1.6262449 1.6510693
4.9613718 1.6222129 1.6585558
4.9627198 1.6233516 1.6516462
4.962566 1.6226766 1.6513915
4.9641761 1.6248878 1.6513389
4.9547338 1.6326764 1.6541133
4.9659358 1.6279752 1.6612927
4.9645089 1.6230362 1.6529292
4.9608177 1.6263889 1.648171
4.9526575 1.6256587 1.6509419
4.9647459 1.6245936 1.6509495
4.9598684 1.6223182 1.6538546
4.9647271 1.6249998 1.6509019
4.9631755 1.6247762 1.6523464
4.9683546 1.629045 1.6586085
4.4314257 1.5564176 2.3405714
4.4170973 1.5726208 2.3561518
4.4350777 1.5624028 2.352079
4.4346742 1.5680866 2.3548684
4.432434 1.5749456 2.3501512
4.4318223 1.5661229 2.3526871
4.4347407 1.56686 2.3554315
2.59262 2.39492 0.35734
4.4382149 1.568242 2.3462304
4.4275655 1.5653351 2.3451197
4.4258633 1.5779043 2.3530931
4.4307463 1.5693687 2.361183
4.434518 1.5641293 2.3408386
4.4309544 1.5601973 2.343618
4.4305175 1.5631008 2.3458434
4.4226019 1.5650116 2.3518978
4.4252577 1.569713 2.3464612
4.4295663 1.5654934 2.3506424
4.4342004 1.5573816 2.3490259
4.4312341 1.5694506 2.3438661
4.4312389 1.5718606 2.3514683
4.4302647 1.565391 2.3503347
4.4438977 1.569037 2.353008
0.26186056 0.62132546 0.59962043
0.26410744 0.62101372 0.59715234
0.26094141 0.62094646 0.59728041
0.25199862 0.62069107 0.61362282
0.2613948 0.61628518 0.6064967
0.26906317 0.6175744 0.60008064
0.26779479 0.61598404 0.59842378
0.25448202 0.61983246 0.61855781
0.25478788 0.61315924 0.60941687
0.25769165 0.61599859 0.60593793
0.25914041 0.61453906 0.60714462
0.25947651 0.61739371 0.60764273
0.25622669 0.60999993 0.60332434
0.25588276 0.61134366 0.60935854
0.26637533 0.61567354 0.6017144
0.25920568 0.61293163 0.6046685
0.26112159 0.61547776 0.60579368
0.26300144 0.6157434 0.60283329
0.25519695 0.61813065 0.60719249
0.24174462 0.61480262 0.61419561
0.23874345 0.61287762 0.62846612
0.25366574 0.62632666 0.60108782
4.5715369 1.5368745 5.7190199
4.5825219 1.5323305 5.7130139
4.5764219 1.5272728 5.7223143
4.5717514 1.5254774 5.7176781
4.5766524 1.5254415 5.7134461
4.5768694 1.526829 5.7105648
4.5816113 1.5224677 5.7216449
4.5788128 1.5294428 5.7284205
4.5775782 1.5297239 5.723641
4.579273 1.5230744 5.7299522
4.5793815 1.5272239 5.7221136
4.5815043 1.5261695 5.7223001
4.5750455 1.522612 5.7237216
4.5785302 1.5275206 5.7235325
4.5870246 1.5273169 5.7243363
4.5870891 1.5287711 5.7226996
4.5740815 1.5267562 5.7234703
4.5744665 1.5219657 5.7183919
4.5752197 1.5309601 5.7187959
4.5834979 1.5266571 5.7209635
4.5746183 1.5240649 5.7198632
4.572827 1.5271844 5.7169003
4.5765798 1.5303446 5.7266716
4.5765928 1.5261686 5.719967
4.5789141 1.5270391 5.718131
4.5763098 1.5265417 5.7172573
4.5781367 1.5272845 5.722072
2.6858344 1.093583 0.68436268
2.6985831 1.0966868 0.67628943
2.6925876 1.0933233 0.68468397
2.6885504 1.0914616 0.68509995
2.6854012 1.0967324 0.67540765
2.6935999 1.0995796 0.67700193
2.6925797 1.0931008 0.68110917
2.6992758 1.0953513 0.67103956
2.6991057 1.0908827 0.67022648
2.6963777 1.0885772 0.67741843
2.6932954 1.096918 0.68265712
2.6999661 1.0967318 0.67415349
2.692104 1.0861256 0.68016067
2.6787498 1.0971047 0.6833681
0.94569909 2.1316784 3.5493069
0.95076905 2.1251853 3.5595305
0.94071113 2.1272094 3.5578549
0.93969419 2.1360995 3.5473261
0.94572867 2.1370883 3.5524089
0.9483574 2.1318555 3.5569579
0.94895385 2.1325918 3.5568558
0.94406957 2.1273683 3.5472531
0.95096691 2.1264012 3.5487718
0.94595425 2.1407528 3.5596836
0.95463141 2.1341976 3.5677175
0.94743511 2.1243313 3.5562124
0.94693311 2.1310407 3.5502205
0.94472599 2.1361758 3.5583046
0.94364525 2.134085 3.551474
0.94493218 2.1363716 3.5498852
0.94562121 2.1413749 3.5485954
0.9397187 2.1346395 3.5488398
0.94121003 2.141355 3.5512517
0.94940557 2.1394416 3.5519972
0.95298064 2.1327804 3.5511356
4.9626471 1.6260421 1.6518235
4.9632257 1.6252876 1.6523847
4.9634371 1.6253803 1.6533604
4.9596418 1.6286672 1.6568367
4.9600878 1.6296602 1.6574874
4.959693 1.6218986 1.6505393
4.9655483 1.6266323 1.6522594
4.9650976 1.6275842 1.6515094
4.9646277 1.6268656 1.6537126
4.9638305 1.6269607 1.6538146
4.9570923 1.6246731 1.6514496
4.9541088 1.6312856 1.6563017
4.9653159 1.6315978 1.6569371
4.9595088 1.624972 1.6472344
4.9645009 1.6202145 1.6514074
4.9659324 1.6188449 1.6520112
4.9617086 1.6253719 1.6515603
4.9622895 1.6260547 1.6506307
4.9628906 1.6254793 1.6518149
4.9609541 1.6288223 1.6535727
4.9638699 1.6294169 1.6663704
4.4198742 1.5678287 2.3382186
4.4285701 1.5668746 2.3570388
4.4336381 1.5650555 2.352857
4.4310871 1.5661036 2.3508358
4.4352833 1.573427 2.3480179
4.4344255 1.565448 2.3502509
4.4297196 1.5666232 2.3499249
4.4277328 1.5658158 2.3502763
4.4269081 1.5626728 2.3577464
4.4354201 1.5544575 2.3513059
1.01798 0.46757 4.55496
4.4159582 1.5688959 2.3490973
4.4223528 1.5711118 2.3489011
4.4400345 1.5738488 2.355548
4.4331233 1.5687579 2.3396634
4.4225095 1.565858 2.3507641
4.4283793 1.5719027 2.3537232
4.4205999 1.5660237 2.3596947
4.4318693 1.5615333 2.358756
4.4411739 1.5673904 2.3525278
4.4163942 1.5626238 2.3524039
4.4251469 1.5697058 2.3442322
0.26693 0.61094 0.61208
5.98648 0.30454 3.6044
0.24173847 0.60722248 0.6211103
0.23677262 0.61677607 0.62583432
0.25662963 0.61834358 0.61585645
0.25466904 0.6135699 0.61305624
0.2688386 0.6164515 0.59779152
0.26517507 0.61625192 0.60455644
4.79957 0.37449 1.44829
0.26315029 0.6159617 0.60472967
0.26043598 0.61599085 0.6062288
0.25964534 0.61548163 0.60670009
0.2596985 0.61636629 0.606448
0.25358835 0.60938913 0.60756796
0.26483131 0.61626305 0.59970302
0.26026021 0.6150739 0.60581198
0.26106993 0.61548797 0.60565811
0.25971657 0.61733266 0.60555832
0.26001556 0.61562514 0.6062153
0.25271206 0.6145508 0.61155723
0.26873318 0.61416861 0.58807085
0.25626084 0.60357829 0.61103667
0.24970656 0.6121411 0.6069812
0.26675528 0.61589634 0.6048577
4.5869657 1.5158463 5.7194266
4.5777286 1.5193242 5.716591
4.5791851 1.5330757 5.7249466
4.574271 1.531702 5.7281675
4.5746966 1.5256916 5.7274529
4.5774954 1.5273733 5.7223366
4.5736636 1.5261751 5.7211837
4.5732239 1.5310113 5.7260001
4.5750411 1.5218721 5.7287323
4.5813794 1.5268052 5.7244588
4.5802381 1.5249123 5.7220766
4.5788164 1.5265128 5.7287717
4.5784315 1.5247559 5.7276753
4.5798394 1.5364128 5.7235078
4.5660909 1.5378504 5.7197745
4.5750935 1.5245548 5.7272762
4.5801457 1.520748 5.7198867
4.5769058 1.5353101 5.7217975
4.5753074 1.5349338 5.7220827
4.5838729 1.5296403 5.7179351
4.5720505 1.520066 5.7208812
4.5769957 1.5221259 5.7265329
4.5791652 1.5285505 5.7211311
4.5744961 1.5218607 5.7188152
4.5803659 1.5287668 5.7178024
4.5772929 1.5133175 5.7223151
2.6905412 1.0844267 0.69075116
2.7006938 1.0899059 0.68616757
2.695257 1.0912355 0.6797179
2.6996257 1.090792 0.68007296
2.6856603 1.0857893 0.67966123
2.6917712 1.0956127 0.67921244
2.6922523 1.0898046 0.68187201
2.6949315 1.0951452 0.68393348
2.6892332 1.0940975 0.67863352
2.6889901 1.0909457 0.6789467
2.6846401 1.0923947 0.68644689
2.700428 1.0904126 0.67726126
2.6950867 1.0924579 0.67463454
2.6902394 1.0875935 0.68418107
0.946409 2.1308495 3.5567452
0.94961959 2.1405797 3.5576241
0.94060832 2.1279635 3.5539972
0.94266557 2.1343328 3.5509329
1.48727 2.10087 4.57622
0.94853219 2.144614 3.5631757
0.94238601 2.1318584 3.5500084
0.94543585 2.1387791 3.5485454
0.94895913 2.1370797 3.5521091
0.9417695 2.1327367 3.5534982
0.94572934 2.1298737 3.5559311
0.9460494 2.1330931 3.5555404
0.95320848 2.1350955 3.5549632
0.9434636 2.1399695 3.5554197
0.94831321 2.1352838 3.5526781
0.94523287 2.1379687 3.548163
0.94060379 2.134582 3.5472028
0.94153831 2.1352417 3.5508977
0.94188765 2.145001 3.5452549
0.93425239 2.1401085 3.5413957
0.93920969 2.1361477 3.5423979
4.9636681 1.6257058 1.6524964
4.9661132 1.6283056 1.652874
4.9627477 1.6324509 1.6534752
4.967439 1.6250916 1.6560442
4.9668363 1.6313195 1.6485078
4.9604262 1.6196626 1.6530261
4.9587464 1.62433 1.6490152
4.959296 1.6236197 1.6502352
4.9605099 1.6270583 1.6471947
4.9652408 1.625119 1.6511468
4.9619415 1.6243801 1.6526819
5.79125 1.60668 5.4254
4.9557121 1.621467 1.6408009
4.9630947 1.6329499 1.653713
4.9665221 1.62105 1.6464823
4.9664448 1.6219204 1.6476252
4.9662536 1.6258918 1.6486531
4.9619547 1.6255257 1.6532118
4.9578782 1.6225437 1.6486193
4.9622147 1.6251924 1.6521592
4.5699177 1.0360268 5.459358
4.5726687 1.0486242 5.4484281
4.5811354 1.0475498 5.4434241
4.5768133 1.0501185 5.4452139
0.67848 1.12083 0.63847
4.4330179 1.5745295 2.345886
4.4309288 1.5664921 2.3503287
4.4282557 1.5695548 2.3490439
4.4266707 1.562852 2.3487881
4.4272881 1.5661579 2.3521619
4.4274743 1.5669693 2.3527329
4.4333312 1.5652626 2.3431827
4.4337059 1.5669664 2.3509484
4.4268241 1.5615393 2.351071
4.4351616 1.5764146 2.3581321
4.443356 1.561149 2.3558218
5.1655 0.96586 2.63545
5.2579963 1.2734903 3.0301562
5.2665462 1.2802356 3.0358431
5.261576 1.278337 3.0326386
5.2731466 1.2734542 3.02381
5.2634088 1.2747894 3.0340658
5.2650053 1.2721794 3.0363375
5.2662132 1.2697965 3.0332799
0.27372448 0.6098586 0.5953661
0.2658314 0.61165158 0.59789984
0.2563395 0.61035119 0.60155851
0.26064043 0.61493767 0.60685471
0.256283 0.61555872 0.61239522
0.261518 0.61560824 0.60459027
0.25366823 0.60873096 0.61321686
0.25701049 0.62158315 0.61656085
0.25583369 0.61584212 0.61138381
0.25769627 0.62018686 0.60929131
0.25839408 0.61552601 0.60549972
0.26305591 0.61644906 0.60398657
0.26231596 0.62040743 0.60813101
0.26218033 0.61926092 0.5974635
0.25642221 0.61237076 0.60935492
0.26674752 0.61301063 0.59944764
0.26490522 0.61454394 0.60119987
1.04222 1.58525 5.01347
0.25340011 0.61554373 0.60468536
0.27798568 0.61627228 0.59308285
0.25938629 0.61074583 0.60550556
0.26367601 0.61263688 0.61130171
0.27152755 0.62255975 0.60649753
6.07843 1.36872 2.97718
4.5764474 1.524947 5.7152467
4.5780106 1.5285556 5.7223964
4.5796565 1.5322858 5.7265494
4.5758582 1.5278849 5.7260708
4.5773715 1.5305931 5.7224569
4.5769805 1.5249857 5.7184874
4.580089 1.5284357 5.7228048
4.5784368 1.5281122 5.7227404
4.5814513 1.5264573 5.7245603
4.5785735 1.5249624 5.7246943
4.579338 1.5285092 5.7249096
4.5808425 1.5248577 5.7229929
4.5779517 1.5276786 5.7197065
4.5671259 1.5388745 5.7218772
4.5883078 1.5263303 5.725986
4.5789624 1.5347654 5.7202774
4.5761582 1.5285358 5.7261051
4.5824357 1.534482 5.7293391
4.5877268 1.5286949 5.7218933
4.5725776 1.5280367 5.725262
4.5749724 1.5279226 5.7225011
4.5694818 1.5292269 5.717778
4.5708753 1.5241966 5.730588
4.5792784 1.5259547 5.7299929
4.580015 1.5231822 5.7205516
2.6969109 1.0927934 0.67417855
2.6916642 1.0985054 0.6802592
2.6936022 1.0938251 0.67399777
2.6991644 1.0948944 0.67251393
2.6895075 1.0889988 0.68794677
2.6901413 1.0914064 0.68070315
2.6912908 1.0940129 0.68682579
2.6913052 1.0931097 0.68589645
2.693873 1.0898764 0.68061177
2.6896801 1.0924466 0.68778512
2.6866219 1.0897713 0.68442731
2.6969204 1.0913976 0.6788699
2.693651 1.0933455 0.68089006
2.6907585 1.0918968 0.68159967
2.6946869 1.0883661 0.69394375
0.937557 2.1401953 3.5496635
0.94081882 2.1380183 3.5499315
1.24124 2.34499 1.32167
0.94273672 2.1408096 3.555224
0.95305321 2.1382927 3.5651479
0.93974875 2.1372874 3.5437134
0.94921652 2.1326044 3.5576077
0.94454889 2.1337742 3.5530942
0.94575894 2.1325981 3.55705
0.94519263 2.1330587 3.5537809
0.94200135 2.1285822 3.5543821
0.94794721 2.1306416 3.5564568
0.94660589 2.134166 3.5514811
0.94392296 2.1328803 3.5520941
0.94332298 2.1334283 3.5519363
0.94356404 2.1340662 3.5495877
0.93618085 2.1358469 3.5455214
0.94126642 2.1385853 3.5412758
0.93636894 2.1414014 3.542365
0.932293 2.1301671 3.5575019
4.9617182 1.6275987 1.6635147
4.9629707 1.624725 1.6563559
4.9632721 1.6302742 1.6477899
4.957944 1.6254143 1.6518519
4.972119 1.629901 1.6540933
4.9616487 1.6258722 1.6569183
4.963965 1.6202286 1.6518298
4.9630983 1.6248921 1.6514558
4.9660193 1.623904 1.6487367
4.96127 1.6219341 1.6559916
4.9613749 1.621897 1.654987
4.970197 1.627483 1.6571463
4.9618737 1.625639 1.6521348
4.9675641 1.6340089 1.6534677
4.9687769 1.6236493 1.6517368
4.9630733 1.6265669 1.6522655
4.9687049 1.6254733 1.6509795
4.9641013 1.6194441 1.6467185
4.9681148 1.6153321 1.642454
4.5722602 1.0508958 5.4516161
4.572207 1.0399903 5.4533206
4.5809798 1.0463671 5.4510043
4.5833878 1.0492574 5.4456288
4.5787753 1.0512518 5.4562065
3.55757 0.48368 0.83369
4.4236175 1.5656945 2.3472786
4.4227682 1.5717704 2.3427054
4.4279461 1.5691087 2.3495583
4.4252579 1.5635006 2.348938
4.4323016 1.5659235 2.3566472
4.4290265 1.5656571 2.351773
4.4376141 1.5627785 2.3542081
4.4377208 1.564336 2.3540749
4.4360365 1.5730177 2.3400366
4.4293464 1.5745915 2.35551
5.2668705 1.2632251 3.031107
5.2653895 1.2782882 3.0472754
5.2630151 1.2829296 3.0269687
5.268123 1.2734953 3.0369226
5.2639036 1.2768375 3.0398121
5.2720592 1.2714344 3.0244181
5.262162 1.2713287 3.02823
5.2569266 1.2741172 3.0352191
5.2631136 1.2639213 3.0252095
0.28031964 0.61271008 0.57887134
0.26933052 0.61158814 0.60613634
0.25508957 0.62034833 0.61573153
0.25319241 0.61719822 0.61268145
0.25816433 0.6241989 0.61431292
0.26106898 0.61380674 0.60504797
0.25334515 0.60265189 0.61482835
0.26131769 0.61662564 0.60804938
0.25818653 0.61944848 0.6079311
0.25022569 0.6183464 0.61412464
0.25871169 0.61641233 0.60643333
0.26133982 0.6158227 0.60569338
1.78949 1.04818 0.97618
0.26400826 0.62515106 0.60359512
0.25712949 0.6157553 0.60443151
0.26154049 0.61550413 0.60240495
0.25875701 0.61788453 0.60361654
0.25729527 0.61563314 0.60447808
0.260638 0.61637975 0.60413445
0.27916453 0.61693589 0.59584258
0.26861663 0.60855262 0.60707403
0.26557329 0.60897645 0.60270086
0.25082722 0.60859983 0.61765662
4.43279 1.29775 4.53669
4.5773368 1.5318216 5.7251642
4.5777572 1.5302225 5.7171285
4.5778077 1.5259637 5.7175571
4.5798591 1.524447 5.7215382
4.5736011 1.5277254 5.7235544
4.5758325 1.5245266 5.7242053
4.5742283 1.5242584 5.7233662
3.53153 0.73916 0.06409
4.580063 1.5269993 5.7237658
4.5775882 1.5267564 5.7214158
4.5809338 1.5204289 5.7256943
4.581705 1.5207085 5.7224959
4.5754775 1.5249508 5.7265753
4.5799298 1.5251105 5.7276311
4.586426 1.5234649 5.714114
4.5802149 1.5264109 5.7122715
4.5769196 1.529199 5.7263655
4.5769268 1.5299087 5.728627
4.5761448 1.5249556 5.7217966
4.5709554 1.5239985 5.7229045
4.5779277 1.5258816 5.7190779
4.5692104 1.528099 5.7181622
4.5818838 1.5379746 5.7240833
4.588274 1.5248634 5.7217837
4.5780501 1.5329038 5.7223027
2.6933048 1.0869442 0.68168522
2.6963826 1.0883936 0.67650673
2.6925836 1.0919363 0.68020602
2.6921932 1.0933565 0.68033359
2.6988322 1.1019067 0.68109015
2.6992209 1.0918759 0.68510042
2.6930273 1.0905027 0.68595599
2.6977206 1.10072 0.68683983
3.37672 1.30408 1.07153
2.7067563 1.0874213 0.6751237
2.6924212 1.0929427 0.68285765
2.6925089 1.0923666 0.68352971
2.6897396 1.0952012 0.68557217
2.6965608 1.0929115 0.67676802
2.7037763 1.0940477 0.66575732
2.20913 2.66018 2.49686
2.08081 0.53819 5.24144
0.94356 2.13485 3.55172
0.095 1.71773 4.69945
0.93075867 2.1242521 3.5439057
0.94216174 2.1451136 3.5507989
0.93872319 2.1252218 3.550362
0.93919025 2.1356803 3.5448506
0.95356507 2.1240237 3.5484856
5.66011 2.25775 0.19689
0.94167579 2.1300295 3.5556973
0.9488949 2.1291738 3.5569877
0.94091051 2.1325176 3.5572549
0.94604358 2.1353102 3.5547466
0.9530454 2.1347492 3.5525889
0.9462283 2.1311752 3.5457177
0.94515255 2.1368433 3.5494937
0.94599529 2.1282773 3.557606
0.94467031 2.13422 3.5524416
1.80778 1.77876 2.24965
4.9664874 1.629483 1.6380359
4.9542926 1.6254702 1.6500444
4.959486 1.6202752 1.6523707
4.9640416 1.6197121 1.6510135
4.9723163 1.6275299 1.6520251
4.9627031 1.6232801 1.6524914
4.9598935 1.6282695 1.6595636
4.9636126 1.6271621 1.6506848
4.9699201 1.6290245 1.6539703
4.965834 1.6179039 1.6490609
4.9615764 1.624994 1.6528
4.9634976 1.6244826 1.6550808
4.9683282 1.6290937 1.6451853
4.978 1.6318796 1.6528742
4.964437 1.6222927 1.6593532
4.9631981 1.6250101 1.6524427
4.9626463 1.6260761 1.6524005
4.9629487 1.6248568 1.6513528
0.78735 1.67995 2.7489
4.5782387 1.0483002 5.4491893
4.5690455 1.049858 5.4506536
4.5877643 1.0478198 5.4476102
4.5841853 1.0484383 5.4506256
4.580248 1.0480892 5.450397
5.74247 0.84318 0.71918
4.5780422 1.0486192 5.4495486
4.4286577 1.5741856 2.3421888
4.4314657 1.5607432 2.3442309
4.4302945 1.5656275 2.3510852
4.4319967 1.5620886 2.3567508
4.4348673 1.5669916 2.3552506
4.432534 1.5693316 2.3507306
4.4336859 1.5748779 2.3431093
5.2692904 1.2719691 3.030425
5.2530577 1.2651311 3.032317
5.2643497 1.2676428 3.0312462
5.2489105 1.2760211 3.0339318
5.2635686 1.2854593 3.0293422
5.2658558 1.2716706 3.0415173
5.2693665 1.2763959 3.0350252
5.2604561 1.2731477 3.0338452
5.2607179 1.2694443 3.0315091
5.2608937 1.2702013 3.0278272
5.2651239 1.274858 3.0328044
5.2536228 1.2614816 3.0401831
0.26408915 0.60225339 0.60232679
0.24549956 0.62214202 0.61072397
0.25163862 0.61293873 0.60740784
0.26835542 0.62669586 0.5970632
0.27570945 0.61034978 0.58585721
1.87106 1.23554 3.49439
0.26559437 0.6183468 0.60978983
0.25330808 0.61720806 0.60909154
0.25285825 0.61665758 0.61347714
0.26675122 0.61855157 0.60559657
0.26731345 0.6216794 0.60539548
0.26734771 0.62657176 0.59811779
0.25380737 0.62485833 0.61205929
0.25974715 0.61932418 0.60127493
0.25660439 0.61563109 0.61047179
0.26177149 0.6127078 0.609036
0.26023209 0.6148432 0.60631536
0.26408773 0.61557971 0.60480894
0.26166258 0.61565721 0.60569249
0.2647225 0.61548646 0.60133818
0.26230055 0.6191996 0.61259243
1.73334 0.97286 2.65946
0.24731245 0.62086442 0.62135815
4.5851203 1.5347883 5.7183973
4.5781667 1.5301466 5.7260799
4.5798377 1.532885 5.724116
4.5749932 1.5310528 5.7251119
4.5816947 1.5196356 5.7218699
4.579535 1.5194094 5.720768
4.5714776 1.5242457 5.7249645
4.5751404 1.530808 5.7204911
4.5748163 1.5316994 5.7254393
4.5729762 1.5335226 5.7189256
4.59073 1.5317805 5.7216959
4.5823712 1.527799 5.7289192
4.58039 1.5263973 5.7215191
4.5772572 1.5281357 5.7223332
4.5778371 1.5278841 5.7243366
4.5790245 1.5229241 5.7157037
4.5809917 1.5264465 5.7204349
4.5791317 1.5297989 5.7233172
4.5749907 1.5288941 5.7184204
4.5740673 1.5247189 5.7185268
4.5771201 1.5258509 5.7183882
4.5728607 1.5329735 5.7273478
4.5721042 1.5321684 5.728074
4.5804853 1.5227108 5.7178619
4.5741418 1.5130685 5.7188241
2.6754019 1.0931632 0.68198105
2.6927104 1.0945405 0.67596356
2.6920156 1.0931465 0.68074703
2.6919754 1.0933912 0.68099705
2.6966323 1.1023745 0.67791802
2.6895609 1.0899383 0.68693319
2.6941109 1.0904325 0.6838929
2.6923277 1.0937024 0.68539115
2.6858726 1.0921806 0.67792683
2.6862798 1.0909408 0.6769803
2.6915647 1.0909132 0.6821418
2.6914779 1.0927982 0.68096293
2.6883826 1.0946844 0.68427342
2.6966668 1.0952007 0.67946827
2.6925522 1.0930897 0.68042959
2.6905108 1.0909195 0.68182194
1.9521465 0.27458093 0.70142538
1.9187653 0.2714648 0.72782588
1.8813694 0.2651579 0.7637209
1.932608 0.2767738 0.70622427
1.9361338 0.26978759 0.71382515
1.9329586 0.26992969 0.7113819
2.26422 1.82292 4.47674
0.95080026 2.1326787 3.5622339
5.22648 1.48492 1.45391
0.94732515 2.141661 3.5633604
0.95017383 2.1332611 3.5622389
0.94177507 2.147415 3.5507689
0.94524003 2.1346272 3.5526892
0.84123 0.58109 4.1107
0.95085434 2.1358327 3.5475794
1.2623059 2.5588916 5.3986937
1.2870009 2.559799 5.4138444
1.2580231 2.5554996 5.3863389
1.2639953 2.5470085 5.391232
2.1438042 2.3907926 1.3848934
2.1417734 2.393369 1.3760278
2.1414015 2.3907844 1.3802055
1.79395 1.30622 5.11081
4.9624226 1.6255633 1.651988
4.955075 1.6211349 1.6477567
4.9491746 1.6197802 1.6545829
4.9681704 1.6200934 1.6579319
5.85094 1.69551 5.56649
4.964718 1.6248263 1.646854
4.9633065 1.622682 1.6512211
4.9707214 1.6192685 1.6496464
4.9675543 1.6182586 1.6472465
5.0159351 1.6539927 1.6630963
4.9634655 1.6247781 1.657675
4.9632879 1.6217231 1.641167
4.9676918 1.6233509 1.6398026
4.5761206 1.0498529 5.4455729
4.5881741 1.0456767 5.4370019
4.5772213 1.0493044 5.444585
4.5656767 1.0562565 5.457452
3.47378 1.3655 4.25948
4.5763902 1.047086 5.4494367
4.5751682 1.0521702 5.4532402
4.571235 1.0440029 5.4561549
4.5722744 1.0420331 5.4548117
4.5787292 1.0450585 5.448445
5.2615684 1.2753017 3.0329258
5.262902 1.2769429 3.0325432
5.2563508 1.2865718 3.0392428
5.2573057 1.2796656 3.0452267
5.2524356 1.2835592 3.037566
5.2619739 1.2737952 3.0332532
2.17612 0.68087 5.58737
5.2621616 1.267196 3.0386225
5.2489174 1.2683754 3.0308404
5.96223 0.47173 0.41119
5.2597148 1.2678909 3.0279008
5.2680098 1.2692 3.0388512
5.2645933 1.2744828 3.0426378
5.2607461 1.2720036 3.0327646
5.2600271 1.2728078 3.0352789
5.2594487 1.2799153 3.0301307
5.2668239 1.282549 3.0354647
5.2773043 1.2714561 3.0242206
0.26063345 0.61515108 0.6064112
0.25423878 0.62521906 0.60622054
0.26422359 0.61879959 0.60068501
0.26439809 0.60565247 0.593931
0.27019479 0.6125112 0.58507867
0.2461104 0.61245441 0.61731087
0.24594557 0.60774263 0.62399154
0.24805361 0.60807623 0.61809825
0.26458696 0.61782398 0.60777232
1.39618 2.51801 0.17913
0.27134658 0.61640632 0.59773247
0.26206413 0.61879687 0.59883934
0.26296199 0.61637045 0.60420777
0.26143578 0.61638583 0.60555986
0.26206716 0.61747381 0.60562183
0.25795033 0.61223352 0.61132131
0.2574216 0.61372453 0.60925605
0.26171365 0.6144982 0.60502487
0.25309746 0.61692628 0.61825461
0.26031324 0.61486235 0.6065146
0.24757615 0.61498251 0.61740635
0.26034548 0.6175327 0.60708906
0.27062143 0.6246501 0.60110032
4.5721812 1.5287195 5.730537
4.578072 1.5278633 5.7224644
4.5782651 1.5282017 5.7217461
4.5760102 1.5304235 5.7250422
4.5815299 1.5267916 5.7216633
4.5804927 1.5307208 5.7110404
4.5710105 1.5309581 5.7119207
4.580945 1.5269834 5.7136702
4.5786205 1.5266047 5.7214624
4.5740483 1.5229009 5.7198259
4.5851345 1.5349613 5.7183863
4.579353 1.5248809 5.7215947
4.5791159 1.5263709 5.7229031
4.5798236 1.5255856 5.7227714
4.5817532 1.5279331 5.7241015
4.5789113 1.5276828 5.7212446
4.5806831 1.5269379 5.7195872
4.5785912 1.5271429 5.7220533
4.5681776 1.5253555 5.7256862
4.5765772 1.5221163 5.7242218
4.5800433 1.5264068 5.7197735
4.5715974 1.5152361 5.7261877
4.5792165 1.5286745 5.721673
4.5780886 1.5257108 5.720694
4.5840463 1.5270149 5.7300123
2.6928989 1.09017 0.66805683
2.6871448 1.0942776 0.6804118
2.6899802 1.0879229 0.67308365
2.6847388 1.0916609 0.67658822
2.685072 1.0900118 0.68553153
2.6922344 1.090325 0.68422019
2.6874278 1.0951846 0.68546728
2.6811568 1.0949907 0.68713961
2.6895561 1.0888471 0.67905367
2.6897776 1.090176 0.68523774
2.6912866 1.0924925 0.6811609
2.6907684 1.0912547 0.68004997
2.6912458 1.0928762 0.68099916
2.6934822 1.0914549 0.68501583
2.7001285 1.0887543 0.6770699
2.6922427 1.0832216 0.69405412
1.8876043 0.26192913 0.7519097
1.8807942 0.27159979 0.76317554
1.9092592 0.2727806 0.73756354
1.9107691 0.27301451 0.73559075
1.9082915 0.27344163 0.7378167
1.9101579 0.27153636 0.73845268
1.9139884 0.27186318 0.73425998
1.9134707 0.27225416 0.73499135
1.2648199 2.5531651 5.4083855
1.251582 2.5527193 5.3763072
1.2591323 2.5562807 5.3978431
1.38927 2.08206 3.88279
1.2786252 2.5491837 5.4092166
1.2611489 2.5650864 5.4113042
1.45424 1.67296 1.08963
1.273578 2.5621055 5.4106394
1.260848 2.5561785 5.3958018
1.2557766 2.5543977 5.3889931
1.2546063 2.5572461 5.3873944
2.1530193 2.393539 1.3907294
2.1474046 2.3925659 1.3771246
2.1520564 2.3917454 1.3863008
2.1442077 2.3874121 1.3791946
2.1481391 2.3876651 1.3858904
2.1339621 2.3847983 1.3636688
2.1402671 2.39051 1.3787212
2.1394474 2.392235 1.3780121
2.138661 2.38203 1.3866693
4.06546 1.05664 0.87657
2.1467077 2.3870298 1.3909827
2.1507353 2.3931554 1.3946284
2.1352325 2.3899374 1.3713244
6.03501 2.24854 3.13076
2.1268994 2.3901967 1.3680522
2.1359428 2.3923863 1.3793322
4.575146 1.041033 5.4498932
4.579214 1.0441939 5.4593944
4.5865055 1.0554228 5.4567802
4.5789307 1.0472643 5.4485301
4.5792306 1.0475849 5.4482757
4.5845069 1.0468945 5.4436737
4.5775742 1.0505514 5.4392228
4.5806011 1.0496294 5.4426352
4.5807342 1.046786 5.4464537
4.5827799 1.0462779 5.4466946
4.5752703 1.0487096 5.4496834
4.5792646 1.0498248 5.4491181
5.2699207 1.2703304 3.0262845
5.263114 1.27266 3.0407254
5.2607295 1.2757461 3.0338504
5.2626174 1.2742178 3.0371812
5.2608952 1.2737369 3.0312015
5.2593175 1.2893834 3.032193
5.2620099 1.2727765 3.0337857
5.2483295 1.2719273 3.030936
5.2681263 1.2804841 3.0380081
5.2611093 1.2678881 3.0318367
5.2625804 1.27449 3.0333872
5.265913 1.2764091 3.0319441
5.2620514 1.2718144 3.0340454
5.2630057 1.272718 3.0319207
5.2625336 1.275195 3.0351462
5.2659013 1.2828757 3.0323348
5.2696846 1.2777185 3.0380301
0.26073352 0.61583485 0.60323387
0.26383565 0.61501122 0.59585372
0.26156705 0.61466852 0.60481872
0.2617642 0.6068562 0.60596598
0.26831324 0.62043307 0.60515317
0.26413973 0.62114632 0.60400826
0.26352349 0.61708844 0.60801983
0.27143466 0.61492952 0.59341405
0.26780064 0.60924169 0.60284557
0.25663505 0.62099269 0.61100577
0.27366824 0.61713232 0.59932721
0.27684824 0.61623655 0.59195177
0.26964933 0.61325512 0.59512627
0.2681075 0.61686226 0.60309847
0.26041494 0.61516875 0.60508123
0.26074973 0.61525859 0.60584638
2.85539 0.97315 5.10778
0.25575795 0.61087882 0.61511612
0.24770534 0.61766207 0.61789867
0.25948001 0.60933702 0.60520404
0.25182348 0.60948921 0.6163692
0.26234165 0.61293184 0.60467536
0.26068328 0.60566794 0.60785449
4.5736775 1.5292196 5.722748
4.5832269 1.5275816 5.7200971
4.5775995 1.5286925 5.7203742
3.45743 2.45574 4.73936
4.578158 1.5274732 5.7225166
4.5745049 1.529272 5.7256248
4.5759414 1.5310339 5.7258207
4.5806339 1.5302909 5.7212721
4.5761351 1.5288834 5.7157396
4.578342 1.5226231 5.7181057
4.5828313 1.5232978 5.7240881
4.5782759 1.5246388 5.7214039
4.5823725 1.5243946 5.7202547
4.5815429 1.5322602 5.7220903
4.5794911 1.5310685 5.7145465
4.5827028 1.5286469 5.7146119
4.5794146 1.5258695 5.7236991
4.5783995 1.526784 5.7217634
4.571314 1.5266927 5.7298819
4.5765299 1.5353166 5.7185276
4.5701474 1.5214871 5.7118794
1.19553 1.90555 5.45278
4.5750781 1.5357608 5.7217852
4.5816087 1.5298564 5.718433
4.5743877 1.5314008 5.724201
2.6872581 1.0923337 0.67593579
2.6902029 1.0873349 0.68145303
2.6859003 1.0858918 0.67976437
2.6855012 1.0931303 0.688135
2.6947613 1.0930008 0.68063437
2.6835897 1.0919393 0.68138227
2.687363 1.0982323 0.67948729
2.6844489 1.0984412 0.6865409
2.6861267 1.0970257 0.6854034
2.6882733 1.09704 0.68706927
2.691355 1.0925551 0.68197725
2.690465 1.0932924 0.68217369
2.6946248 1.0928819 0.68340208
2.6939143 1.0914541 0.68368737
2.6890292 1.0909984 0.68089741
2.6806141 1.0921048 0.69505446
1.9333858 0.2804288 0.70795664
1.9093525 0.27145816 0.73816982
4.62461 1.20353 0.86258
1.9329042 0.28001675 0.71210055
1.9103717 0.27170683 0.73740537
1.9090227 0.2698243 0.74144293
1.9143407 0.27104351 0.73488785
1.9066695 0.27383404 0.74262482
1.2620685 2.5489527 5.4027006
1.2605229 2.5551286 5.388727
1.260705 2.5600467 5.3974987
1.2572316 2.5540427 5.3955638
1.2655629 2.5569044 5.4044499
1.2632954 2.5537935 5.4010784
1.266366 2.5610113 5.3952215
1.2727166 2.5545313 5.4024384
1.2619004 2.5539517 5.3927952
1.2571852 2.5589456 5.3859591
1.2719941 2.5592138 5.4061471
2.1317317 2.3938666 1.3771874
2.1360057 2.3925241 1.3763384
2.1401054 2.3911492 1.3796419
2.1385601 2.3885532 1.3813493
2.1414517 2.3858464 1.3767249
2.1395703 2.3912598 1.3789462
2.1318972 2.3903761 1.3751456
2.1351861 2.3942975 1.3770896
2.1375459 2.3893869 1.3759281
2.1436569 2.3915196 1.3784195
2.1439179 2.3899328 1.3912652
2.1544943 2.3913107 1.3895393
2.1411235 2.3926394 1.3798712
2.1416647 2.4022144 1.3900508
2.142493 2.3886775 1.3820811
2.1520655 2.3976881 1.400681
4.5862534 1.0523834 5.4371123
4.5662339 1.0439705 5.4470142
6.22505 2.87366 5.26227
4.5662881 1.0442102 5.4532161
4.5794418 1.0456882 5.4440167
4.5841598 1.0413391 5.437423
4.5723846 1.0457197 5.4434867
4.5765697 1.0534093 5.4473711
4.5760295 1.0364876 5.4532327
4.5731139 1.0372223 5.4542666
4.5793516 1.0495055 5.451431
4.5799294 1.0480219 5.454316
5.2595921 1.2896738 3.0330255
5.2602194 1.2786019 3.0357498
5.2631153 1.2731078 3.0347962
5.2712576 1.2773709 3.0315169
5.2689263 1.2796183 3.035414
5.2575592 1.2825487 3.0349154
5.2615518 1.2839979 3.0288324
5.2681133 1.2765429 3.0232986
5.2637758 1.2835744 3.029158
5.2620276 1.2802145 3.0350544
5.2648354 1.2841267 3.0370115
5.2690108 1.2784717 3.0344894
5.260286 1.2729044 3.0318388
5.2595392 1.2776421 3.0386666
5.2619186 1.2745485 3.0332398
5.2593963 1.2772808 3.0356125
3.57094 1.37252 2.38537
0.25715805 0.61465774 0.60830429
0.25700364 0.6129958 0.60687557
0.26232898 0.6177251 0.6045602
0.26009305 0.61593376 0.6073813
0.26895093 0.62189188 0.60212475
0.26296272 0.61686541 0.6051128
0.2610275 0.6106309 0.60799601
0.26225646 0.61961193 0.61046608
0.26223136 0.61951541 0.61328248
0.27503471 0.61842715 0.602608
0.2753437 0.62129595 0.59187366
0.26089065 0.613904 0.60345332
0.26500428 0.6142851 0.60053832
0.26829088 0.61785792 0.60040795
0.26425666 0.61746239 0.60131778
0.26479141 0.61894704 0.60218
0.25951677 0.61574146 0.60754223
0.25537014 0.61453739 0.61373807
0.26247603 0.61581128 0.60645323
0.25476825 0.609187 0.61046344
0.25997913 0.61421636 0.60635579
0.25793257 0.61531102 0.60827269
0.26391337 0.6148674 0.60338169
4.5693758 1.5280949 5.7189639
4.5817549 1.5275697 5.7163273
4.5765563 1.5278662 5.7247464
4.5784253 1.5257732 5.7214507
4.5768974 1.5303688 5.7217202
4.5762856 1.5302716 5.7230516
4.5772546 1.5325819 5.7208332
4.5768693 1.5300556 5.7185752
4.5803587 1.5343691 5.7220369
4.5783993 1.5290772 5.723808
4.5776302 1.5224716 5.7221857
4.580304 1.5215662 5.7233661
4.5806596 1.5239431 5.7209055
4.5851559 1.5291568 5.7214895
4.5795071 1.5322265 5.7240987
4.58052 1.5328796 5.7273583
4.581153 1.5275828 5.7236084
0.97202 1.9284 1.49219
4.5776368 1.5310324 5.7232263
4.5761386 1.5343074 5.7181172
4.5807995 1.5257302 5.7206295
4.5756399 1.5259511 5.7241565
4.5797601 1.5263219 5.7283355
4.5797252 1.5331724 5.726669
4.5775177 1.5281498 5.7222168
2.6916723 1.0931426 0.68132926
2.6899813 1.087331 0.68116076
2.6895467 1.0887023 0.68727225
2.6923343 1.0876135 0.68203647
2.6912466 1.0948469 0.67573645
2.686339 1.0965357 0.68265882
2.6887505 1.0926763 0.68230802
2.6905512 1.0916619 0.68442882
2.6843722 1.0882618 0.67903168
2.6822278 1.096219 0.68159268
2.6908518 1.0914683 0.68503419
2.6880741 1.0926232 0.68432001
2.6891639 1.0939627 0.68318198
2.6942805 1.0940978 0.67874821
2.69069 1.0915953 0.6834607
2.6896748 1.0973864 0.68133398
1.9087098 0.27190655 0.73819701
1.9084949 0.27130927 0.73913234
2.88308 0.85402 0.5546
1.946037 0.27356978 0.69999971
1.8974778 0.27536353 0.7565582
1.9329633 0.26675476 0.71933958
1.9104183 0.27166917 0.73912941
1.908887 0.27168825 0.73862875
1.2655889 2.5577306 5.4022065
1.2524658 2.5574583 5.3931007
1.2589248 2.5594143 5.3974062
1.2543786 2.5530425 5.3942322
1.2614094 2.5592911 5.3962668
1.2710701 2.5672303 5.4039682
1.2784753 2.5639003 5.4050982
1.2619016 2.5587866 5.3971975
1.2621761 2.5592844 5.3972861
1.2598711 2.5615318 5.404732
1.2614393 2.5537038 5.4013151
2.1404384 2.3909525 1.3809624
2.1385645 2.3905657 1.3766693
2.1360833 2.3919264 1.3772855
2.1380885 2.3925138 1.378619
2.1403981 2.4041203 1.3733324
1.25659 0.70237 3.87573
2.1329851 2.3944669 1.3758333
2.1334435 2.3894457 1.3735549
2.145494 2.3985307 1.3795035
2.1463689 2.3970667 1.3769106
2.1285099 2.3861448 1.3674461
2.1367602 2.3805233 1.3779565
2.1399273 2.3918261 1.3791222
2.1409967 2.3907374 1.3850717
2.1400809 2.3900866 1.3715529
2.44765 1.46153 6.21197
4.5790972 1.0480455 5.4468999
4.5704776 1.0451859 5.447602
4.5904524 1.0464548 5.4323836
4.5719165 1.0470956 5.4634062
4.99944 0.8673 2.65652
2.50254 0.62342 3.21518
4.5785633 1.0442788 5.4515801
4.5715924 1.0461235 5.4489238
4.5759793 1.0473459 5.4460635
4.5773044 1.0466261 5.4491223
4.5847081 1.0522944 5.4417017
4.5840491 1.0521415 5.4418982
3.32054 1.75144 1.13695
5.2601098 1.2763788 3.0344847
5.2482542 1.2696463 3.0398978
5.2661839 1.2788356 3.0312823
5.2615461 1.2765439 3.0347749
5.2623379 1.2828467 3.0357316
5.2645146 1.2739696 3.0297861
5.2593479 1.2736623 3.0254968
5.2622505 1.2731246 3.0345445
5.2680021 1.2775245 3.0323372
5.2568647 1.278603 3.0382462
5.2615768 1.2781285 3.0334114
5.264747 1.2735737 3.0332
5.2566503 1.2817247 3.0398301
5.2560888 1.283376 3.0360755
5.2573683 1.2799943 3.0329055
5.2608162 1.2785011 3.04306
5.2669343 1.270253 3.0269775
0.25899216 0.61658973 0.6066723
0.26220674 0.61595867 0.60332662
0.26539722 0.61523488 0.60402056
0.25251312 0.61613609 0.61160232
0.26685096 0.61684428 0.60036278
0.27306323 0.61071415 0.59705033
0.27538158 0.6139655 0.59288535
0.26656615 0.61597542 0.59959543
0.2621576 0.61458206 0.60502693
0.25407001 0.61283955 0.61406308
0.26684711 0.61045778 0.59852813
0.2662471 0.61273769 0.6022963
0.26075475 0.60994808 0.60764926
0.2694321 0.61456289 0.60220392
0.24907053 0.61791794 0.61333491
0.26081074 0.61660814 0.60696778
0.26040943 0.61978714 0.60662289
0.26081134 0.61613568 0.60565299
0.26959537 0.61149097 0.59247538
0.26801259 0.61669364 0.60169651
0.26084931 0.61610394 0.60601599
0.26267548 0.61725179 0.60465788
4.5816642 1.5216465 5.7260323
4.5796117 1.5261679 5.7274141
4.5761822 1.5267703 5.7242354
4.5800227 1.5246095 5.7239951
4.5855809 1.5219445 5.7232657
4.5866159 1.5245913 5.7231667
4.5796329 1.5271279 5.7192181
4.577951 1.5279264 5.7218564
4.5801448 1.5267741 5.7276873
4.5802562 1.5292652 5.7236176
4.5782725 1.5284268 5.7239959
4.58406 1.5220437 5.7148677
4.5768367 1.5260958 5.7186169
4.5768477 1.5253417 5.7219312
4.5775285 1.5298035 5.7287193
4.5772865 1.5308951 5.7328439
4.5780496 1.5256112 5.7329727
4.5850273 1.5248381 5.7210811
4.5697813 1.5287522 5.7183208
4.02475 1.83681 4.52138
4.5787923 1.5178384 5.7181281
4.5745736 1.5234926 5.7246966
4.5742925 1.5253427 5.7229215
4.5743506 1.5223043 5.7280284
4.5718339 1.5382997 5.7148836
2.6938429 1.0955157 0.6817958
2.6933209 1.0893912 0.68013074
2.6897952 1.0894317 0.68730796
2.691908 1.0916589 0.68099719
2.6923889 1.0923419 0.68118096
2.6921152 1.0924882 0.68039308
2.6989582 1.0971223 0.67003257
2.54971 1.46163 1.63842
2.6937512 1.0896156 0.6809723
2.6911494 1.0908814 0.68227907
2.686816 1.0950071 0.68718385
2.6904158 1.0930079 0.68241087
2.6911295 1.0939377 0.68086336
2.6884621 1.0996648 0.68652712
2.6904352 1.1000714 0.68069339
2.6912002 1.0939173 0.68232341
1.9035935 0.26797935 0.74559573
1.8894141 0.27121024 0.75530218
1.9342257 0.28011699 0.72106289
1.9239513 0.27217971 0.72312279
1.8695551 0.26909279 0.7748132
1.8979549 0.25899109 0.75022375
1.9108687 0.27216147 0.73875134
1.9208997 0.27056192 0.7270822
1.9399819 0.28059378 0.70554546
1.2619638 2.5504191 5.3915447
1.2632486 2.5619462 5.3929077
1.2621751 2.5519349 5.391955
1.2524671 2.5585703 5.3901492
1.262214 2.559227 5.39683
1.2691899 2.5533997 5.4043689
1.2630194 2.5586711 5.398338
1.2689201 2.5583945 5.4046519
1.2547142 2.5635195 5.398192
1.263297 2.5614612 5.3971922
2.1496229 2.3911975 1.3962663
2.1367721 2.3877228 1.3819884
2.1461547 2.3906162 1.3748709
2.1424914 2.3943943 1.3809429
2.1380763 2.3943144 1.3674094
2.1401492 2.3906953 1.3794484
2.1420564 2.3952536 1.3843474
2.135888 2.3927381 1.3849775
2.1453876 2.3999334 1.3894067
2.1272996 2.3978423 1.3739713
2.1384443 2.391617 1.3878462
2.1477043 2.3923997 1.3887105
2.1402972 2.3918201 1.380131
2.1425195 2.3895541 1.3817977
2.1317103 2.3959659 1.3682901
2.1445965 2.394368 1.3781012
4.5848109 1.0370792 5.4435789
4.5810363 1.0437834 5.4453141
4.5782077 1.0485967 5.450014
4.5751161 1.0494226 5.4560044
4.57906 1.0463023 5.4518284
4.5818507 1.0480448 5.4496651
4.5805515 1.0444079 5.4492477
4.578605 1.0500531 5.4519093
4.5756037 1.0479179 5.4500666
4.5746926 1.0429322 5.4615106
4.5825917 1.0500706 5.4512746
4.57434 1.0504711 5.453943
4.5783917 1.0515134 5.4515623
4.5725364 1.0581392 5.4498073
6.12181 1.76202 4.98888
5.2654559 1.2788398 3.0380666
3.03068 1.29698 0.06191
5.2623232 1.2672064 3.04269
5.2613448 1.2715934 3.0405137
5.2569801 1.2751143 3.041361
5.2602961 1.276785 3.0326295
5.2656021 1.2741531 3.0316439
5.2636853 1.271911 3.031676
5.2631915 1.2735857 3.0378234
5.2628996 1.2739159 3.03265
5.2589064 1.2768348 3.0313846
5.2640587 1.2757539 3.0315841
5.2578268 1.2812541 3.0388774
5.2638784 1.2734443 3.0433543
5.2542659 1.2722508 3.0372549
0.26285467 0.62421815 0.59474032
0.26677013 0.61477894 0.60146828
0.26702617 0.61534451 0.60019872
0.25274212 0.61551772 0.61117734
0.26440068 0.61957171 0.60434809
0.25987556 0.61515134 0.60598353
0.26045207 0.61569383 0.60604523
0.26342825 0.62172005 0.60561925
0.25608334 0.61637236 0.61579656
0.25517359 0.6134123 0.61341772
0.25627592 0.61427725 0.60136077
0.24492751 0.61108918 0.61315403
0.26240907 0.60712236 0.60671691
0.261279 0.61287169 0.61018591
0.25200908 0.61012954 0.61260678
0.25675545 0.61863019 0.61235268
0.26068943 0.61714303 0.60440385
0.25859809 0.61445132 0.60456339
0.26790692 0.61851211 0.59726927
0.26268401 0.60882992 0.60461644
0.24709675 0.61649167 0.61017253
0.2593411 0.61651816 0.60904726
4.5777363 1.5143798 5.7283257
4.5823747 1.5254324 5.7197596
4.5859714 1.5238336 5.7220049
4.5834625 1.5293659 5.7234639
4.5719222 1.5242356 5.7239042
4.5789745 1.5268786 5.7208885
4.5784638 1.5275813 5.721851
4.5771249 1.5274188 5.7213582
4.5732265 1.5266842 5.7285468
4.5748501 1.5247271 5.7292001
4.5778144 1.526968 5.727785
4.5806668 1.5266464 5.7119476
4.5781976 1.5236577 5.7212502
4.5757985 1.5311088 5.7230554
4.5827988 1.5326427 5.7214288
4.5773868 1.531972 5.7208901
4.5777579 1.5276209 5.7226971
4.5728717 1.5306742 5.7330702
4.5797774 1.5294167 5.7224539
4.5763106 1.5310361 5.7196827
4.577948 1.5248074 5.7274754
4.5811315 1.5273774 5.7246398
4.5797128 1.5280449 5.7237302
4.5752058 1.5231262 5.7286213
4.5778908 1.5239995 5.7347221
2.6901556 1.0927943 0.68159734
2.6915886 1.0917602 0.68138409
2.6878576 1.0899484 0.68408851
2.6967026 1.0889995 0.67889264
2.6913953 1.0914344 0.68072904
2.693349 1.0896996 0.68549858
2.6881418 1.0925313 0.67286423
2.684783 1.0912192 0.68543809
2.6840965 1.0983781 0.68922393
2.70668 1.45432 2.25935
2.6890236 1.0969254 0.6835184
2.6882478 1.0922211 0.68857872
2.6913265 1.0964572 0.67721381
2.682198 1.0945523 0.68595438
2.6925921 1.0981051 0.68219473
2.6853611 1.0869363 0.67513132
1.9211699 0.27453083 0.72609646
1.911203 0.2771123 0.73328141
1.9171004 0.26942454 0.72946091
1.9133364 0.26971876 0.73283896
1.9123346 0.27070685 0.73331387
1.905271 0.271899 0.72990058
1.9063233 0.27039667 0.74021135
1.9112953 0.27073607 0.73630962
1.9129235 0.27081333 0.73399137
1.9172182 0.27587348 0.74461309
3.20244 1.78039 3.32779
1.2421433 2.5590615 5.3890244
1.2645067 2.5556047 5.4023462
1.2610078 2.5587944 5.3911116
1.2739136 2.5557979 5.4071035
1.2647179 2.5558236 5.403694
1.2799404 2.5576323 5.4145525
1.2568496 2.5735386 5.3909627
1.2581889 2.5719297 5.388072
2.1369799 2.3940187 1.3771219
2.1425649 2.3908158 1.3809272
2.1472855 2.392701 1.3757041
2.1425837 2.3914335 1.38437
2.1321595 2.3834553 1.3672513
2.1324273 2.3914933 1.3751269
2.1310125 2.3866672 1.3817144
2.1391015 2.3909889 1.3796821
4.23956 2.18937 4.5255
2.1305175 2.3826468 1.3791865
2.1426437 2.3903555 1.3846151
2.1388927 2.386729 1.3802023
2.1387946 2.3898011 1.3768342
2.1405091 2.3911623 1.3798179
2.1318151 2.3905903 1.3742871
2.1343031 2.3949956 1.3815098
4.576813 1.044474 5.4482944
4.5825513 1.0434709 5.440768
4.5777997 1.0489187 5.449095
4.5887622 1.0486623 5.4491887
4.5801457 1.0401652 5.4475877
4.5745922 1.041815 5.4519018
4.5729301 1.0449403 5.4519634
4.5795063 1.0484159 5.4506358
4.5787953 1.0506638 5.4477166
4.5828371 1.0463744 5.4599564
4.5910245 1.0485507 5.4376603
4.5776179 1.0456261 5.4520737
4.5742305 1.0507247 5.4520968
4.5950282 1.0444153 5.4369418
5.55329 2.48509 5.75461
4.25702 1.79698 5.82341
5.2608301 1.2717779 3.0327753
5.2552777 1.2722369 3.0295948
2.54998 1.29413 0.19762
5.2629494 1.2741155 3.0340033
5.263388 1.278262 3.0374171
5.2636333 1.2771306 3.0363894
1.03304 0.95618 5.79109
5.2675519 1.2819137 3.0313924
5.2589172 1.2769086 3.0322767
5.2613835 1.2738254 3.0360651
5.2638636 1.2716077 3.0333794
5.2631659 1.2836682 3.034473
5.2774281 1.2758787 3.0309086
2.37568 2.04397 5.4235
0.26686147 0.6143061 0.59194565
0.26449384 0.61418448 0.60148236
0.25941261 0.61461719 0.60434346
0.25916163 0.61549502 0.6067257
0.26639814 0.61413436 0.60211045
0.26838038 0.6164283 0.60034669
0.25788028 0.61615851 0.61156643
0.24872737 0.61939707 0.61516084
0.25311356 0.62045538 0.60893866
0.26111882 0.6125687 0.60551673
0.2719518 0.61098396 0.59516746
0.25346643 0.61864486 0.62338449
0.25390714 0.61483991 0.60690431
0.25464895 0.61510744 0.60731523
0.2608824 0.61638988 0.60613688
0.26084629 0.61660388 0.60604386
0.2697163 0.61938333 0.59563888
0.26583581 0.61801549 0.59546098
0.26071236 0.61631468 0.60601919
0.25659581 0.62268224 0.61265641
0.25876883 0.62357104 0.60065654
0.23851878 0.62396937 0.62578791
4.582947 1.5267121 5.7256229
4.5811479 1.5272208 5.7263796
4.5776943 1.5163813 5.7212548
4.5685294 1.52252 5.7236311
4.5719769 1.5296518 5.7182381
4.5811107 1.5271266 5.7208832
4.5796844 1.5257022 5.717533
4.569898 1.526525 5.7173093
4.5793875 1.524711 5.7227046
4.577788 1.5272219 5.725039
4.5820991 1.5285362 5.7136686
4.5816727 1.5291888 5.7140511
4.5776545 1.5250119 5.7200492
4.5787838 1.5273175 5.7234216
4.582567 1.5282243 5.7221574
4.5789477 1.5284551 5.725142
4.5781133 1.5282167 5.7227085
4.5738759 1.5283472 5.7345369
4.5784967 1.5230206 5.7158129
4.5717974 1.519208 5.7285729
4.5752013 1.5203307 5.7306583
4.5732258 1.5263056 5.7207115
4.5758969 1.5299272 5.723889
4.5751009 1.5247952 5.7250225
4.5744164 1.5233844 5.7174166
2.7037861 1.0929818 0.67012069
2.6919126 1.0889751 0.67627085
2.6933735 1.0909962 0.68208352
2.6903049 1.0845558 0.68628698
2.6931565 1.0917753 0.68282382
2.6934134 1.095727 0.68722878
2.6956569 1.1018561 0.67267635
2.6948335 1.092535 0.67761764
2.6918227 1.0928953 0.68169594
2.689706 1.090237 0.67078936
2.6935312 1.0944753 0.67884464
2.6846812 1.0990622 0.69011688
2.6919717 1.0982008 0.67617464
2.6928312 1.085662 0.68881099
2.696344 1.0879607 0.67679916
2.689993 1.0915715 0.68278998
1.9104186 0.27099377 0.73729279
1.8821084 0.26593173 0.76551885
1.8837447 0.27041883 0.76147443
1.9251482 0.26802574 0.71303664
1.9201673 0.27479023 0.7190744
1.9241366 0.27456518 0.71326752
1.9152648 0.27581639 0.73273364
1.9168244 0.27182605 0.72931268
1.926389 0.27003216 0.7194892
1.898395 0.27873525 0.74464406
1.9217482 0.28316525 0.72985816
1.2640539 2.5607866 5.3925435
1.2585443 2.5632444 5.3976967
1.2620623 2.5618916 5.3915925
1.2585223 2.5590443 5.3952326
1.2467684 2.5628969 5.3870776
4.7874 0.63731 5.01124
1.2653096 2.5594231 5.3981808
2.1567908 2.3906761 1.3873711
2.1345361 2.3927114 1.3684538
2.1407784 2.3910743 1.3797515
2.1459793 2.3963214 1.3804587
2.1426958 2.3865923 1.3747701
2.1457605 2.3855122 1.3779488
2.1441161 2.3893956 1.3804624
5.75545 1.71179 3.11589
2.1293176 2.3904903 1.3737296
2.1463925 2.3962964 1.3928559
2.1471797 2.388381 1.3849402
2.1411153 2.3907317 1.3797951
2.1385942 2.3924505 1.375981
2.1398113 2.3911563 1.3784942
2.138568 2.3924121 1.3793513
2.1399539 2.3918542 1.3795741
4.577552 1.0434121 5.451323
4.578311 1.0434473 5.4426425
4.5838934 1.0507159 5.4408276
4.5794469 1.0572883 5.4560448
4.5873798 1.0526518 5.452748
4.5792712 1.0439565 5.4440821
4.5786891 1.0469293 5.4485905
4.578497 1.0478562 5.449227
4.5763027 1.0468915 5.4534955
4.5785513 1.0487172 5.4494601
4.567626 1.0411662 5.4640226
4.5789324 1.0412614 5.4364359
4.5719417 1.042979 5.443512
4.68196 2.12651 3.71422
4.5799258 1.0491029 5.44877
4.58224 1.0585832 5.4482847
4.5914901 1.0402524 5.4389114
5.2559451 1.2879567 3.0342792
5.2541198 1.26934 3.0295025
5.2588849 1.2705788 3.0358611
5.2619409 1.2739299 3.0340507
5.2660097 1.2775166 3.0345514
5.2583551 1.281389 3.0328716
5.269222 1.2686117 3.0336992
5.2628338 1.2771743 3.0369555
5.2627808 1.275235 3.0332627
5.2624757 1.2762077 3.0308006
5.2620563 1.2739774 3.0322511
5.2613386 1.2749959 3.0331751
5.2701129 1.2713069 3.0367416
5.2680834 1.2684885 3.0383993
0.26099437 0.61647516 0.60043593
0.26390508 0.61503653 0.60269136
0.2615491 0.61354755 0.6034862
0.25278225 0.62140655 0.62506747
0.25047 2.5612 2.34938
0.24272041 0.61680282 0.61313103
0.25593311 0.6150961 0.60603959
0.26146706 0.62256955 0.60555662
0.2579944 0.61687653 0.60866051
0.25329083 0.61791501 0.613473
0.25957029 0.61057335 0.61725089
0.89741 1.42067 0.24641
0.24624886 0.60658709 0.61886211
0.25711161 0.62069679 0.60623432
0.27153157 0.60269704 0.59741248
0.26133418 0.61996428 0.60380736
0.26118587 0.61703629 0.60514652
0.27531134 0.60968893 0.59560377
0.25277204 0.61232557 0.62313925
0.25743926 0.61021493 0.61010649
0.25317206 0.61694659 0.60854538
0.25872708 0.61570355 0.6092804
4.5742716 1.5308259 5.729165
4.568443 1.5218854 5.7245767
4.5712968 1.5321138 5.7209829
4.5819342 1.531582 5.7229771
4.5750946 1.5281718 5.7259434
4.5772163 1.5278786 5.722338
4.5805134 1.528573 5.7201116
4.570468 1.52584 5.7165903
4.5788111 1.5269139 5.7207045
4.5766464 1.5302968 5.7196327
4.5739269 1.5285898 5.7159755
4.5762083 1.5252492 5.7187756
4.5787065 1.523069 5.7207028
4.5770249 1.5253341 5.7234492
4.5818712 1.5278935 5.7171463
4.5780326 1.5281389 5.7209784
4.5785479 1.5302215 5.7204373
4.5844101 1.523156 5.7245326
4.5843343 1.523348 5.7166764
4.577235 1.5236033 5.7191009
4.5763526 1.5272036 5.7213917
4.575479 1.5278161 5.7210109
4.5773432 1.5291438 5.7226888
4.5756137 1.5280866 5.7221825
4.5762137 1.527032 5.7199232
3.30478 0.18188 5.72822
2.6918411 1.0942925 0.67913775
2.6883228 1.0850319 0.68069222
2.6891897 1.0845558 0.68014727
2.7030565 1.0897008 0.67842851
5.00713 1.01366 1.46818
4.40239 1.81795 1.73799
2.6916067 1.092235 0.68149034
2.690816 1.0906033 0.68105419
2.6995058 1.0941616 0.67736447
2.7008863 1.0800387 0.67557522
2.683813 1.0946507 0.68923872
2.6957901 1.0890868 0.67901232
4.81641 1.20793 5.87322
2.6852825 1.0860743 0.69262285
1.20565 0.6483 3.76873
1.9346679 0.259256 0.71488567
1.8777867 0.26575435 0.76812525
1.888578 0.26850142 0.75921881
1.9241064 0.26707511 0.71707782
1.9058478 0.27481355 0.72981459
1.9001029 0.27773155 0.74116624
1.873211 0.27004158 0.7624707
5.99607 1.76231 1.24407
1.9088396 0.26602853 0.73631457
1.9071197 0.27582049 0.73870448
1.895064 0.27508247 0.74943803
1.278693 2.5534567 5.4140121
1.2665937 2.550919 5.3991419
1.2482109 2.5595769 5.3860654
1.2489246 2.5619087 5.3867667
1.2631433 2.5593057 5.3968835
1.2620648 2.5571784 5.3951614
1.2594636 2.5686647 5.3854987
6.22744 0.5855 0.16917
2.1363501 2.3926324 1.3698805
2.1386618 2.3892158 1.3807374
2.1410601 2.3948357 1.3867675
2.149235 2.3968353 1.380319
2.138147 2.3996363 1.3803697
2.1371721 2.3940381 1.3801932
2.1327191 2.3950962 1.3804714
2.1392717 2.3905967 1.3801849
2.1445437 2.3858982 1.3900592
2.1468855 2.3887875 1.3841507
2.1458329 2.3881967 1.3794908
2.1409701 2.393919 1.3792111
2.1405638 2.3911841 1.3772011
2.1426451 2.3880674 1.38241
2.1234842 2.3960339 1.3581739
4.5771184 1.0511477 5.4537626
4.5787581 1.0444502 5.441141
4.5777072 1.0416502 5.4490187
4.5687169 1.0545058 5.4527155
4.5771657 1.0417298 5.4543808
4.5835809 1.0433728 5.4455587
4.5818241 1.0448685 5.4485795
4.5787884 1.0477314 5.4489441
4.5775313 1.0508403 5.4528651
4.577782 1.0474178 5.4487248
4.5674567 1.0412979 5.4633369
4.5749456 1.0451082 5.4491002
4.5740966 1.0458392 5.4503081
4.5882555 1.0484808 5.4394801
4.5852432 1.0459367 5.4435066
4.5820348 1.0488987 5.4456736
4.5827525 1.0528065 5.4450145
4.5886691 1.0520183 5.4460072
5.2620232 1.2689827 3.0332367
5.2653643 1.2738445 3.036092
5.2601688 1.2678243 3.0373724
5.2606322 1.2722215 3.0363044
5.2513082 1.2786724 3.0393585
5.2603411 1.2713414 3.0326029
5.2611317 1.2819864 3.0324572
5.2622388 1.2735583 3.0327172
5.2680291 1.2719327 3.0247868
5.2714237 1.2703467 3.0281829
5.2632853 1.2712088 3.0325304
5.2602504 1.2799736 3.0354938
5.2609297 1.2741735 3.0297683
0.26014096 0.61602572 0.60614003
0.25534421 0.61933923 0.60163195
0.27002918 0.62266526 0.59234014
0.26132313 0.61375881 0.6121612
0.26137852 0.61577949 0.60430219
0.25802892 0.61723255 0.61603103
0.26014539 0.61433711 0.60520715
0.27767655 0.61990053 0.58242987
0.28102261 0.6240901 0.58305697
0.26172312 0.61487133 0.60589468
3.3404138 2.0661272 3.9829706
3.3361655 2.0783776 3.9786339
3.3465702 2.0818598 3.9764584
4.24911 1.94475 0.34145
3.336878 2.0742815 3.9806044
3.3357162 2.0826784 3.9840664
3.3349714 2.0793928 3.9749894
3.3270582 2.0708355 3.976156
3.3296339 2.073612 3.9779349
3.3351941 2.0803849 3.9752539
3.330158 2.0881249 3.9861031
3.328884 2.0912925 3.9685703
4.5739316 1.529388 5.7388462
5.60535 1.36982 6.02277
4.578551 1.5271036 5.7216114
4.583045 1.530861 5.7231342
4.5745283 1.5310517 5.7216017
4.5784257 1.5216255 5.719431
4.5735171 1.5278548 5.7195381
4.57517 1.5221717 5.7250605
4.5751822 1.5253141 5.7262113
4.5769716 1.5232847 5.7250127
4.5842591 1.5207779 5.720922
4.5790404 1.5278609 5.7244532
4.5786345 1.5276195 5.7187433
4.5809171 1.5244514 5.720921
4.5795671 1.5244777 5.7178958
4.5805915 1.5276109 5.7192218
4.5769989 1.5288572 5.7208082
4.5797826 1.5322403 5.7205071
4.574151 1.5238872 5.7285895
4.573572 1.523071 5.7283206
4.57737 1.5312295 5.713871
4.5789389 1.53073 5.7139731
4.5736952 1.5253973 5.7182716
4.5772461 1.5244498 5.7170612
4.5776552 1.5248643 5.7203909
2.6903322 1.0949028 0.67108713
2.6910772 1.0922269 0.68070217
2.6934855 1.0907943 0.67934473
2.6893997 1.0912199 0.6784043
2.6897831 1.0880139 0.68048971
2.6957272 1.0910874 0.68100785
2.6865555 1.0962099 0.69256235
2.6905159 1.0920262 0.68231133
2.6917963 1.0920496 0.68292763
2.6977341 1.0862618 0.67254808
3.50361 0.83869 5.51603
2.6990598 1.0967351 0.68215399
2.6923536 1.0921507 0.68131893
2.7040058 1.091724 0.67425148
2.7025814 1.0930568 0.67779267
2.706602 1.0919524 0.67928305
1.9136587 0.27089781 0.73399067
1.9291049 0.26322883 0.71545983
1.9307339 0.2671414 0.72064347
1.921422 0.26665419 0.7338882
1.9132295 0.27971981 0.73709936
1.9104248 0.27559785 0.73965236
1.9060257 0.2711607 0.74028856
1.9028113 0.27200392 0.74030333
1.9050946 0.27007051 0.74196755
1.8902131 0.2780937 0.75458733
1.9131658 0.2693284 0.73160131
1.9056758 0.26649231 0.73721831
1.2674472 2.5635413 5.4028649
2.22179 0.51502 6.21602
1.2696592 2.5538695 5.4067267
1.264484 2.5572932 5.3964406
1.2644844 2.5584153 5.3967373
1.2736145 2.5634992 5.4035537
2.1450725 2.3767915 1.3787841
2.1331446 2.3887781 1.3755268
2.1375761 2.3935391 1.379435
2.1421469 2.3938772 1.3878155
2.1417699 2.3899526 1.3817634
2.1389954 2.3883352 1.3825846
2.1365469 2.3939515 1.381395
2.1346521 2.3865287 1.3765098
2.1343352 2.3869663 1.3786458
2.143891 2.3886312 1.3786695
2.1485651 2.3930624 1.3851873
2.1281068 2.3825796 1.3721982
2.1306734 2.3887597 1.3788926
2.1398702 2.3923967 1.3780667
2.1527052 2.4014072 1.389543
4.5775136 1.0589722 5.4536884
4.5769535 1.0405391 5.4473067
4.5794781 1.0442862 5.4398336
4.5763962 1.0457471 5.4498891
4.5700931 1.0427011 5.4528676
4.5772628 1.0540692 5.4544248
4.5798981 1.0512342 5.4504626
4.5816102 1.0460343 5.4469452
4.5770514 1.0458014 5.4534027
4.5726745 1.0517052 5.4505622
4.5747958 1.0497596 5.4476719
4.580435 1.0469655 5.4496753
4.5782882 1.0491845 5.4470776
4.5798952 1.0511911 5.4578384
4.5775646 1.0527966 5.4574435
4.5884337 1.0455772 5.4479963
4.5837077 1.0450273 5.4416142
4.5803637 1.0460659 5.4506179
4.5882276 1.0505076 5.4491542
4.578482 1.0510725 5.4461951
5.2636294 1.275022 3.0349386
5.2697078 1.267973 3.0261837
5.2580754 1.2710105 3.0381261
5.2585898 1.2825473 3.0397977
5.2572891 1.2670074 3.033212
5.2581128 1.2725272 3.0226329
5.2610352 1.2708377 3.031356
5.2633885 1.2745271 3.0320131
5.2695262 1.2678993 3.0281961
5.2578752 1.2738647 3.0312836
5.2587837 1.2755391 3.0316194
1.25805 2.45668 5.08672
0.26019427 0.61083233 0.6067809
0.27309449 0.61114645 0.58713632
0.2715109 0.62516466 0.58996127
0.26415552 0.62733201 0.60459732
0.26400755 0.61802706 0.59791846
0.27443226 0.61638588 0.60527325
2.47723 0.96244 0.92529
3.3373387 2.0783386 3.9736344
3.338477 2.0765082 3.9812449
3.3429856 2.079944 3.9908711
3.333191 2.0819964 3.9739378
3.3359894 2.0831281 3.9780727
3.3421476 2.0797587 3.9721858
3.3352125 2.0780819 3.978246
3.3318372 2.0716709 3.9799607
3.3318872 2.0708637 3.979797
3.341193 2.0868729 3.9887023
3.3411248 2.0894255 3.9838493
3.3376214 2.0817165 3.9813246
3.3347253 2.0836607 3.9725317
3.3404311 2.0862451 3.9764837
3.3396485 2.078875 3.9788037
3.337765 2.0828233 3.982296
4.5739266 1.5275076 5.7253843
4.577933 1.5265401 5.7223287
4.5756601 1.528203 5.7282539
4.5800064 1.5210474 5.7252666
4.579952 1.5217358 5.7216877
4.5821938 1.5275212 5.7162047
4.5788144 1.5289598 5.7224914
4.5773787 1.5298171 5.7237952
4.5735602 1.5260552 5.7219106
4.5873414 1.5306637 5.7216781
4.5801888 1.5301238 5.7193238
4.5806236 1.5300508 5.7250938
4.5778856 1.5252278 5.7229338
4.5835713 1.5266012 5.7222618
4.5769711 1.5302413 5.7213448
4.5777283 1.5291592 5.7201152
4.5802598 1.5319981 5.722812
1.64888 0.69814 5.30193
4.5766546 1.5358316 5.7160217
4.5779804 1.527931 5.720085
4.5771715 1.5279595 5.722556
4.579763 1.5295785 5.719629
4.570187 1.5318849 5.7182848
4.5698327 1.5300621 5.7194358
2.6896096 1.094924 0.67407582
2.704075 1.091971 0.67905695
2.6867673 1.0957552 0.68397674
2.6892986 1.090298 0.68433654
2.6907982 1.0924563 0.68182137
2.6907392 1.0902046 0.68657639
2.6911869 1.095766 0.68894424
2.6889315 1.0933627 0.6882216
2.6926224 1.0910413 0.68043504
2.6925156 1.0925106 0.67988714
2.6942038 1.0905723 0.67956057
2.6917565 1.0964522 0.68129599
2.6909604 1.0863948 0.68768841
2.6849951 1.088685 0.68740086
2.6849503 1.0890676 0.68982323
2.6906725 1.09424 0.67997954
2.701679 1.0962341 0.67909984
1.9033526 0.27531491 0.73876141
1.9108803 0.27118579 0.73729767
1.9033222 0.26445767 0.745392
1.9489625 0.27020467 0.70701384
5.40939 1.44046 1.08308
1.8676278 0.27508228 0.77768355
1.9245467 0.27370637 0.72510156
1.9084834 0.27096118 0.73913642
1.8744281 0.27099191 0.77675118
1.881799 0.27113219 0.76750809
1.902248 0.26761655 0.74425605
3.38978 1.58241 4.86648
1.2624289 2.5622729 5.3950904
1.2655117 2.5585618 5.4007931
1.2656454 2.5590593 5.4008643
4.81702 1.08241 1.11777
2.158334 2.3922679 1.3977272
2.1537364 2.3895204 1.3853282
2.1522004 2.3897959 1.3818487
2.1374199 2.3963335 1.3755563
2.1413098 2.3913123 1.3802298
2.1473588 2.3911643 1.3844051
2.1403427 2.3907916 1.3798845
2.1368676 2.392871 1.378176
2.1382282 2.3925924 1.3793241
2.1404828 2.3904743 1.3803301
2.1454471 2.3941958 1.3857508
2.1510914 2.394886 1.3847397
2.1383078 2.3792172 1.3753153
2.1245624 2.3920189 1.3776637
5.07042 0.60637 1.97711
2.1295852 2.3936185 1.3708155
4.5761447 1.0434106 5.4563141
4.5786324 1.0472626 5.4479248
4.5813695 1.0527096 5.447016
4.5807565 1.0465498 5.4543002
4.5729317 1.0492227 5.4457963
4.5821467 1.0513459 5.4482416
4.5820336 1.0491897 5.4436065
4.5789147 1.0469287 5.4481504
4.5787189 1.0465266 5.4477268
4.580661 1.0451523 5.4524502
4.5755531 1.0488799 5.4462592
4.5797312 1.0478325 5.4496749
4.5855542 1.0500053 5.4441316
4.585873 1.045942 5.4472144
4.5811438 1.0452306 5.4453857
4.5778259 1.0488312 5.4494103
4.5725929 1.0480357 5.4523376
4.5763196 1.0531396 5.455003
4.5793584 1.0488202 5.4499073
4.5788384 1.0445398 5.4479762
4.5693757 1.0452911 5.4655186
5.2603642 1.2686091 3.0228751
5.2571193 1.2857595 3.0276659
2.33411 1.2003 1.53641
5.261609 1.2740864 3.0323105
3.74886 1.54041 4.67993
5.2650339 1.2644897 3.0280812
5.2592268 1.2773035 3.0256536
5.2609986 1.28051 3.0306874
5.2621947 1.2747215 3.0340325
5.2634843 1.2753292 3.0316386
2.32487 2.36181 5.12441
0.24781558 0.61794735 0.62700791
0.26837966 0.61475576 0.59606698
0.26164218 0.61609647 0.60552845
0.26468012 0.6223943 0.60645823
0.26033718 0.62048775 0.60708189
0.08673 2.91261 5.82367
1.94533 1.73393 4.71832
3.3383972 2.0766933 3.9800755
3.3374554 2.0770101 3.9794353
3.334726 2.0686681 3.9843838
3.3339645 2.0689778 3.9772113
3.3340314 2.0829186 3.9789853
3.3380474 2.0743015 3.9812895
3.330493 2.0783995 3.9754283
3.3328808 2.077891 3.9741117
3.3313791 2.0725371 3.9830689
3.3416546 2.0907333 3.9761929
3.3384498 2.0851726 3.973466
3.3316484 2.0850213 3.9773728
3.337104 2.0812199 3.9704293
3.3355198 2.0784591 3.9733815
3.3374084 2.0816364 3.9741464
3.342152 2.0829778 3.9837181
3.3435298 2.0801365 3.9969152
4.5897787 1.523862 5.7244045
4.5749512 1.5312442 5.723101
4.5852117 1.532073 5.720882
4.5773838 1.5283228 5.7228702
4.580042 1.5287185 5.7168125
4.5814371 1.5309138 5.7241862
4.5783213 1.5246659 5.7191433
4.5769448 1.5249664 5.7208197
4.5874163 1.5284147 5.7186977
4.5747997 1.5332056 5.7232339
4.5729146 1.5285994 5.7251189
4.5744865 1.5283316 5.7235378
4.5820697 1.5303561 5.719046
4.5775537 1.5278605 5.7226362
4.5841758 1.5323755 5.7148554
4.5726916 1.5261965 5.7167739
4.5742028 1.5262436 5.7270015
4.5793644 1.5297579 5.7180832
4.5781212 1.5293167 5.7169199
4.5833663 1.53092 5.7236893
4.5808215 1.5312531 5.7262414
4.5777238 1.5367196 5.7202372
4.5724839 1.5363102 5.712172
2.7040104 1.0970378 0.66681317
3.98001 1.66412 4.87012
2.7005767 1.1004104 0.6797342
2.6914981 1.0894771 0.68078725
2.6870661 1.091587 0.68658849
2.6852726 1.0923374 0.68319549
2.694765 1.0989272 0.6819869
2.6930185 1.09476 0.67985805
2.693975 1.0921613 0.68101593
2.7075435 1.0901615 0.67512711
2.6920187 1.0944522 0.6811258
2.692166 1.0937461 0.67708012
2.6941036 1.0861177 0.6837604
4.93047 1.50335 0.25436
2.6826157 1.1053449 0.68864927
2.6846636 1.0941597 0.67834712
2.6918176 1.0915479 0.67417814
1.9008481 0.27599155 0.74902773
1.9082188 0.27041773 0.74301966
1.9094477 0.27023103 0.73856739
1.906483 0.27006082 0.74105893
1.9490887 0.26960127 0.7036625
1.9172552 0.27102786 0.72899852
1.9212621 0.27335547 0.72151695
1.8856753 0.2677615 0.7590147
1.9209614 0.26057518 0.72788942
1.9134409 0.26591204 0.74061963
1.909927 0.26865994 0.74116988
1.2623778 2.5595844 5.3986952
1.2655806 2.5668315 5.4004492
1.2652803 2.5577536 5.4023629
1.260849 2.5615008 5.3975272
1.2518376 2.5498913 5.3992429
2.1495509 2.3923906 1.3806137
2.1439947 2.3940022 1.3822504
2.1433674 2.3912966 1.3793928
0.45422 1.25679 2.2333
2.1432104 2.3883537 1.3732614
2.1467933 2.3912625 1.3837712
2.138439 2.3866876 1.3744109
2.1424781 2.3834997 1.3846815
2.1436416 2.391845 1.3829136
2.142797 2.3905656 1.3828179
2.1442982 2.3917164 1.3855388
2.1420858 2.3927188 1.37482
2.1417455 2.3942914 1.3749295
2.1386726 2.3895762 1.3797329
2.1423556 2.3966889 1.3955177
2.1408335 2.3895115 1.3840527
3.82733 1.98991 1.88114
4.5823472 1.0491842 5.4515704
4.5782982 1.0467657 5.4496885
4.5805249 1.0440745 5.4540079
4.5806367 1.050328 5.4478969
4.5815625 1.0479522 5.4465608
4.5827552 1.0479785 5.4446813
4.574811 1.0453267 5.4505167
4.5779761 1.0465295 5.4545231
4.5857056 1.0465242 5.4462252
4.58234 1.0491594 5.4453568
4.5730598 1.0434618 5.4494218
4.5784096 1.0381172 5.4473039
4.5699407 1.0405232 5.4462202
4.5782161 1.0468087 5.4532329
4.5792814 1.0472773 5.4515705
4.5805213 1.0532849 5.4525201
4.5852873 1.0527984 5.4453889
4.5750061 1.0605811 5.4449433
3.09457 1.63466 3.81454
4.5857807 1.0419295 5.4544362
4.5760532 1.0470041 5.4489269
4.71906 1.94318 5.18946
5.2585214 1.275084 3.0372832
5.257454 1.272882 3.0367932
5.2615204 1.2822349 3.027716
5.2588563 1.273505 3.0302554
5.2579941 1.2745147 3.0341481
5.2633932 1.2786201 3.0349726
5.2607771 1.2722537 3.0370928
5.2662134 1.2765856 3.0324291
5.2626817 1.2743454 3.033255
0.25735374 0.60936975 0.62286138
0.25543187 0.61884807 0.61424008
0.26252826 0.6103903 0.60536338
1.23779 0.80493 1.88756
3.3358816 2.0773172 3.9790869
3.3377551 2.0768245 3.979429
3.3378152 2.0850676 3.9841199
3.3432875 2.0752604 3.983298
3.3330855 2.0696399 3.973838
3.3354168 2.0781789 3.9782688
3.3390869 2.0700116 3.9822211
3.3367798 2.0784275 3.9795136
3.3361672 2.0782435 3.9786009
3.3306219 2.0784726 3.9726586
3.334526 2.0789494 3.9771576
3.3317972 2.0818876 3.9801319
3.3469705 2.0773541 3.9754777
3.3436129 2.0738956 3.98355
3.3351519 2.0798765 3.9795497
3.3401396 2.0765956 3.9785377
3.3352883 2.079764 3.9788054
3.3367946 2.0770224 3.9798653
3.3349854 2.0730373 3.9779903
3.3307222 2.0751915 3.983104
3.3332552 2.0766035 3.9834556
4.5749726 1.5235064 5.7306853
4.5814247 1.5359811 5.7267633
4.5754601 1.5324522 5.7236599
4.5793679 1.5301158 5.7285075
4.5782459 1.5290088 5.7282618
4.5814447 1.5279458 5.7199688
4.5854512 1.5290206 5.721914
4.5862174 1.5275781 5.7206175
4.5803414 1.5247456 5.7188723
4.5745292 1.5286139 5.7240103
4.5751166 1.5287849 5.7243551
4.5749733 1.529395 5.7198869
4.5810558 1.5226728 5.7185639
4.5868544 1.5237288 5.713359
4.5760435 1.5243521 5.721007
4.5804109 1.5290616 5.7256861
4.5804796 1.5290972 5.7266924
4.5736543 1.5289396 5.7250181
4.5756645 1.5272795 5.7215653
4.5881745 1.5267329 5.7142292
4.568912 1.5294618 5.7213286
4.5712389 1.5269856 5.7236692
2.6967709 1.0822387 0.68600024
2.6940638 1.0950053 0.6820903
2.6912983 1.0905795 0.68708252
2.6892602 1.0958334 0.68908994
2.691341 1.0903347 0.68036069
2.6970198 1.1039103 0.67849698
2.6898297 1.0935618 0.68059355
2.6902561 1.0940975 0.68260745
2.6874105 1.0845094 0.68325137
1.83956 2.24773 0.82466
2.6880052 1.0909914 0.68072414
2.6906205 1.0921564 0.68061496
2.6938578 1.0882322 0.67096894
2.6832478 1.0904812 0.69109654
2.7001996 1.0857896 0.67593037
2.6989069 1.092554 0.67473828
1.8951131 0.27139551 0.74474086
1.8975726 0.26767385 0.74611575
1.9211549 0.26955175 0.72821504
1.9086182 0.26540048 0.74684203
1.9051581 0.27043646 0.74510917
1.88408 0.27240115 0.76072794
1.9065221 0.2712732 0.74039721
1.9096575 0.27142604 0.73780247
1.9144318 0.27148272 0.73619981
1.9336768 0.27214006 0.72494879
1.9097139 0.27054343 0.73731202
1.8952014 0.26620088 0.74922615
1.8975591 0.27723142 0.7425185
5.05646 2.12643 1.03239
1.2626223 2.5596146 5.3970722
4.39335 0.36731 0.03812
1.2683189 2.5502324 5.4021135
2.1320382 2.3913057 1.3761209
2.1412459 2.3908585 1.3799786
2.1331237 2.3922008 1.3749518
2.141236 2.3762514 1.3860412
2.1248027 2.3976825 1.3716822
2.1339132 2.4017513 1.3743948
2.13554 2.3971732 1.3815873
2.1533279 2.3853012 1.3883718
2.1535555 2.3859053 1.3830272
2.1417434 2.3904187 1.3799657
2.1409787 2.3873818 1.3769148
2.1494468 2.3943966 1.3830323
2.1401812 2.3948017 1.3867425
2.1509813 2.3923344 1.3908524
2.1477162 2.3965777 1.3870843
6.26496 2.38111 1.52022
4.579186 1.0471929 5.4502823
4.5813858 1.0444889 5.4502454
4.5744736 1.0521389 5.4517652
4.5726971 1.0482177 5.4588877
4.5791686 1.0534731 5.4399932
4.5869512 1.050295 5.4505706
4.5809408 1.0462358 5.4560955
4.575743 1.0449168 5.4555821
4.5758982 1.0597861 5.4539525
4.5765825 1.061028 5.4461636
4.5749424 1.0549701 5.440106
4.5719137 1.0378518 5.4524502
4.5646265 1.0506882 5.4627943
4.5625657 1.0509852 5.4607321
4.5746861 1.043652 5.4461227
4.5702488 1.0464736 5.4513886
4.5727727 1.0547498 5.4606891
4.5728773 1.0467653 5.450126
4.5780216 1.0518988 5.4466473
4.5868278 1.0510347 5.4380815
4.5811332 1.0573029 5.4384205
3.00952 1.01443 5.8322
5.2600483 1.2760269 3.0357302
5.2587751 1.2749627 3.032879
4.72421 2.3925 0.10666
5.2681731 1.2657101 3.0221956
5.2625741 1.2763102 3.0251888
5.2607572 1.2730698 3.0292488
5.2629317 1.2766249 3.0334368
5.2643294 1.2765747 3.0418216
5.2703715 1.2702651 3.0408892
5.2626018 1.2743768 3.0335069
3.336134 2.0789478 3.9782651
3.3316576 2.0764682 3.9769642
3.3301325 2.0772493 3.983815
3.3324549 2.0781289 3.9799003
3.3339704 2.0785789 3.9818111
3.3389151 2.0761615 3.9789151
3.3320836 2.0783534 3.9768863
3.341022 2.0755288 3.9763463
3.3202685 2.0772136 3.9634758
4.40772 0.67424 1.85008
3.3306658 2.0814508 3.9801721
3.3424394 2.0794264 3.9857312
3.3361077 2.0808677 3.9748508
3.3343617 2.0754578 3.9759715
3.3337295 2.0765234 3.9758186
3.3348419 2.0769613 3.9782853
3.3277474 2.0818729 3.9668709
3.3268834 2.0803874 3.9673393
3.3373733 2.0776243 3.9814634
3.3376384 2.0775495 3.9781571
3.3361556 2.0770971 3.9811833
3.3380009 2.0768038 3.9787923
3.3396701 2.0764162 3.9806518
3.3450386 2.0829735 3.9856762
3.3443598 2.0813832 3.9815487
3.3221878 2.0812777 3.9812752
4.5780112 1.5312386 5.7213465
4.5777505 1.5248848 5.7199758
4.5789884 1.5291668 5.7179147
4.5839408 1.528267 5.7218919
4.5786405 1.5264031 5.7233399
4.5778107 1.5291016 5.7204968
4.57815 1.5289838 5.7231434
4.5799024 1.5267106 5.7210523
4.5767367 1.5305764 5.7195274
4.5811968 1.5278926 5.7178426
4.5778584 1.5359217 5.7163567
4.5734203 1.5351659 5.7208265
4.94438 1.60743 1.5
4.5771445 1.5281675 5.7211716
4.577877 1.527305 5.7216795
4.5767222 1.5255366 5.720125
4.572796 1.5265281 5.7244365
4.5773601 1.5274252 5.7224315
5.63275 1.26489 6.17053
4.5807171 1.5348104 5.7123641
4.5878611 1.5177459 5.724011
2.6905339 1.082415 0.69053641
2.6849226 1.0967846 0.68258401
2.6901135 1.0917022 0.68171534
2.6855287 1.0933167 0.69179289
2.6896217 1.0769282 0.68204732
0.65355 2.34012 3.31649
2.6912265 1.0937299 0.68455121
2.683467 1.0901171 0.67637068
4.37203 2.17225 5.94212
2.6953364 1.0940561 0.6708574
2.6902233 1.0872552 0.69119606
4.5187806 1.5051393 2.0216724
4.5155818 1.512303 2.0164331
4.5211881 1.4965523 2.0258692
4.5193361 1.4976187 2.0261541
4.5241786 1.4944151 2.0195767
1.8971784 0.26170222 0.74398219
1.9197159 0.27509673 0.72624664
1.9055099 0.27090286 0.74935028
1.8991673 0.27012681 0.75792187
1.9409786 0.27600648 0.70795314
0.23571 1.98438 3.41224
1.9114273 0.27245869 0.74038213
1.9200609 0.27632627 0.73321541
5.37446 2.14443 4.93742
4.16309 0.36453 5.68318
1.9065474 0.2725414 0.74067811
1.8925856 0.27413145 0.75550678
1.9089485 0.27146378 0.73863382
1.2641837 2.5683804 5.3927243
1.2736188 2.5706485 5.4075809
1.2760643 2.5538657 5.4113191
5.4164339 1.4649137 5.3495049
5.4080132 1.461551 5.3532159
2.1411357 2.390537 1.3795087
2.1419678 2.3927346 1.3799307
2.1555081 2.3871488 1.3827924
2.1377141 2.377926 1.3723517
2.1481021 2.3820632 1.3854712
2.1310149 2.3877398 1.374909
2.1409951 2.3906631 1.3800469
4.73055 1.5596 4.4183
2.1419991 2.3938758 1.3817426
2.1459129 2.3876779 1.3857931
2.141816 2.3899965 1.3816544
3.30548 1.37515 2.50004
2.1417749 2.3915593 1.3797623
2.1340367 2.4001296 1.3745679
4.5791072 1.0345213 5.4445995
4.5722817 1.0468353 5.4542401
4.5768299 1.0480829 5.4464884
4.5790166 1.0493219 5.4476534
4.5804817 1.0499523 5.4581869
4.5728304 1.0443879 5.4453955
4.5833121 1.0451474 5.4492591
4.5827384 1.0452149 5.4500047
4.5797333 1.0469044 5.4486362
4.5827106 1.0459973 5.4452908
4.5762866 1.0486013 5.4557082
4.583642 1.0395944 5.4468052
4.5792333 1.0381382 5.452416
4.5669958 1.0534851 5.458217
4.5770249 1.0523065 5.4452351
4.5796051 1.0468333 5.4477248
4.5815927 1.0454406 5.4445036
4.5745764 1.0593871 5.4536972
4.5727441 1.0436317 5.4523476
4.5778459 1.0472147 5.4485064
4.5855757 1.0537546 5.434899
4.5753836 1.0516989 5.4510021
4.5681541 1.0563689 5.4587971
4.5859353 1.0460913 5.4386512
5.2590659 1.2773498 3.032469
5.2659739 1.2677304 3.0278525
5.2658368 1.2753983 3.0270206
5.2632183 1.2741197 3.0318345
5.2692251 1.2670544 3.0324563
5.2673915 1.2774048 3.0307966
5.2551763 1.2651534 3.0438106
2.35284 0.56618 2.19424
3.325124 2.0808348 3.9631503
3.3339631 2.0838608 3.9759091
3.3341525 2.0797927 3.9769937
3.3314071 2.0826413 3.9768001
3.3360988 2.0757357 3.9791723
3.3357377 2.0765817 3.9788563
3.3389403 2.0759928 3.9782849
3.336741 2.079062 3.9790474
3.3359716 2.0790489 3.9760812
3.3293641 2.0813777 3.9744079
1.65989 2.14728 4.37823
3.3249858 2.0760596 3.9667361
3.3378931 2.0703561 3.9774812
3.3372625 2.0798169 3.9753115
3.3350559 2.0780039 3.9771638
3.3318138 2.0773052 3.974526
3.3345857 2.0814034 3.97897
3.3363034 2.0866713 3.9781258
3.3398968 2.0794056 3.9738658
3.3368982 2.0785767 3.980062
3.3380049 2.0758757 3.9803518
3.3374984 2.0773671 3.979378
3.3391361 2.0792417 3.9817354
3.327824 2.0801716 3.9745767
3.3283352 2.0820708 3.9727966
3.3358536 2.0780543 3.9805423
3.3374051 2.0754411 3.9864105
3.3303136 2.0759024 3.9699076
4.5832366 1.5277214 5.7275352
4.5786692 1.5284687 5.7226149
4.5764718 1.5339305 5.7292544
4.5822628 1.5274655 5.7252155
4.5803351 1.5258791 5.7217067
4.5802681 1.5314057 5.7286684
4.5778691 1.5292688 5.7210942
4.5785096 1.5282678 5.7222531
4.5787039 1.5272841 5.7242289
4.5746943 1.534538 5.7193681
4.5794353 1.5277399 5.7197569
4.5654151 1.5283106 5.7228323
4.577021 1.5277935 5.7204846
4.5781751 1.5274543 5.7196358
4.5727223 1.527019 5.7249913
4.5733273 1.5248068 5.7237652
4.5781756 1.5310644 5.730896
4.5679741 1.5236916 5.7294954
4.5771138 1.5263714 5.7265657
4.5771457 1.5280335 5.7231182
4.5296894 1.4947489 2.0129945
4.5186502 1.5081583 2.0062568
4.5152027 1.4953635 2.0256037
4.5304372 1.4939469 2.0167276
4.528327 1.5040493 2.0060859
4.5164019 1.5038393 2.0153039
4.5218533 1.5102617 2.0262409
0.91929 2.69315 1.88001
4.517728 1.4948377 2.0173906
4.518663 1.4944472 2.0218085
4.5112102 1.5114853 2.0237154
4.5198304 1.503958 2.0141325
4.5192433 1.4988731 2.020416
4.5169162 1.5013762 2.0196956
4.5147752 1.4948887 2.0117482
4.5124386 1.4969253 2.0098338
4.5279886 1.4953576 2.0154032
1.9154828 0.27496622 0.7315076
1.9148946 0.27301103 0.73214729
1.9178469 0.2732776 0.74066008
1.9150285 0.27040827 0.73347331
1.9078618 0.26844996 0.73995697
3.63681 1.4822 4.71637
1.9079336 0.26428134 0.74012475
1.9046051 0.27196278 0.74485625
1.9219645 0.27166918 0.72919815
1.9094311 0.27199269 0.73777364
1.9039091 0.27306646 0.73901269
1.9091368 0.27101273 0.73860382
1.2634136 2.5594483 5.3990287
5.4147908 1.4643362 5.3478501
5.4079291 1.4567682 5.3473757
5.410233 1.4583465 5.3489162
5.4100302 1.4574609 5.3470395
5.4109401 1.4645281 5.3444842
2.23249 1.45781 2.8843
2.1538066 2.3910405 1.3899158
2.1314136 2.3928352 1.3581466
2.1421965 2.3893535 1.3663707
0.66232 1.06336 6.04559
2.1398514 2.3907856 1.3792407
2.1335285 2.3891198 1.3725547
2.1352772 2.3906397 1.3761445
2.1337841 2.3901185 1.3746466
2.1385361 2.3899999 1.379289
2.1367399 2.3925434 1.3838044
2.1452389 2.3974723 1.3841876
2.1258771 2.3960022 1.3766041
4.5775153 1.0450982 5.447982
4.5884148 1.0396648 5.4478189
4.5878657 1.040199 5.4482334
4.5781817 1.0436377 5.443534
4.5794839 1.0470376 5.4596784
4.5839056 1.0494086 5.4456754
4.5763663 1.0504275 5.4522726
4.5752626 1.0430447 5.4506939
4.5786996 1.0502644 5.4469278
4.575825 1.0431194 5.4497988
4.5821548 1.0483124 5.4509624
4.58713 1.0475359 5.4436572
4.5789843 1.0455442 5.4478879
4.5805074 1.0515367 5.4474943
4.5732308 1.0524636 5.4567999
4.5819765 1.0470615 5.4471262
4.5805587 1.0470945 5.4462272
4.5715286 1.0594872 5.4555042
4.5849281 1.0475444 5.4594511
3.23101 2.80568 1.84238
3.6441 1.57207 1.11588
4.42875 1.12954 2.62324
1.83416 0.57006 4.91834
4.5867056 1.0493616 5.4563342
5.2681925 1.2801039 3.033699
5.2655544 1.2681017 3.0300612
5.2626651 1.2683802 3.0324455
5.2665574 1.2700584 3.0241951
1.87012 1.98908 2.67267
5.271172 1.2705169 3.0288421
2.01332 1.64253 5.85308
3.3332658 2.0777575 3.9844729
3.3349024 2.0794957 3.9703255
3.3329563 2.0751523 3.9730571
3.3309094 2.0761527 3.9720384
3.3388956 2.0795279 3.9797854
3.3342344 2.0828787 3.9743014
3.3344711 2.0769812 3.9736078
3.3391907 2.0864608 3.9799989
3.3362303 2.0800953 3.978483
3.336607 2.0820759 3.9803555
3.3311269 2.072084 3.9857873
3.3266172 2.0694438 3.9772699
3.3354181 2.0768391 3.9778625
3.3374455 2.079497 3.9763408
3.3345829 2.0786991 3.9783126
3.3281215 2.0740326 3.9665279
3.3416766 2.075672 3.9842892
3.3370142 2.0767221 3.9782214
3.3373858 2.0821764 3.9769342
3.3343391 2.0815898 3.978761
3.3361598 2.0782373 3.9792454
3.3366351 2.0781929 3.979078
3.3375165 2.0793673 3.9724579
3.3387592 2.0770516 3.9727269
3.3355652 2.0842521 3.9707421
3.3351868 2.0824018 3.9813981
3.3353829 2.0822059 3.9800413
3.3363425 2.0783404 3.9789023
3.3406106 2.0795093 3.9782549
5.31009 0.61769 3.83005
4.5857475 1.5307238 5.7142657
4.5732299 1.531588 5.7285325
4.5815254 1.5339173 5.7261486
4.5801222 1.5309426 5.7236236
4.580691 1.5368311 5.7252021
4.579853 1.5352562 5.7201117
4.5801583 1.5304204 5.7139133
4.5856605 1.5281613 5.7186894
4.5772328 1.5273235 5.7290266
4.5815132 1.5352688 5.7185606
4.580621 1.5302939 5.7255395
4.5759841 1.5288832 5.7235768
4.5766921 1.525078 5.7210747
4.5766769 1.5256713 5.7264741
4.5720429 1.5256697 5.7245404
4.5847234 1.5386393 5.7310678
1.86558 1.5199 3.26979
4.568604 1.5235832 5.728812
4.5747343 1.53032 5.7303083
4.5228956 1.4982996 2.0227474
4.521293 1.5040585 2.023712
4.5174608 1.499042 2.0157396
4.5178921 1.4995564 2.0170866
3.1944 0.45175 1.68202
4.5191866 1.5063241 2.0220081
4.5150365 1.5042386 2.0265757
4.5155699 1.4923392 2.0233138
4.5213135 1.503566 2.0240084
4.5139242 1.5051541 2.0180431
4.5129867 1.5019312 2.0229309
4.5169112 1.5018406 2.0164934
4.5202465 1.4996658 2.0198932
4.5234476 1.5001541 2.0188075
4.5180186 1.5023369 2.019506
4.5112126 1.4982477 2.0105125
4.5218291 1.4917007 2.0224936
4.5136414 1.504042 2.0204961
1.9141618 0.27236703 0.73406748
1.9276302 0.26738048 0.72716413
1.9034682 0.26239298 0.7480037
1.9089377 0.26407763 0.74553501
1.9131533 0.27025223 0.73424167
1.9198771 0.27176266 0.72606041
1.9102935 0.27069514 0.73867424
1.9128244 0.26902476 0.73499391
1.9007326 0.27085575 0.74276596
1.8741486 0.2701472 0.77317969
1.9105906 0.27051442 0.73963015
5.4084551 1.4616598 5.3481098
5.4113654 1.4589419 5.3466819
5.4128329 1.4611442 5.3434533
5.4101957 1.4576982 5.3442446
5.4117057 1.4612686 5.3505841
5.4098266 1.4647627 5.3470395
5.4049228 1.4515433 5.3442989
5.4159189 1.4506997 5.3511997
1.31144 1.29831 5.78537
2.1404857 2.3905912 1.3798483
2.1357212 2.3853487 1.3809222
2.139177 2.3903349 1.3786766
2.1361559 2.3899519 1.3763599
3.46585 2.08773 3.3751
2.1449381 2.4070678 1.3804028
2.1469854 2.3984468 1.3742177
2.1483614 2.3779093 1.3800563
2.1472293 2.388855 1.3786884
2.137303 2.3964094 1.3806408
4.5742021 1.0562084 5.4521069
4.5870708 1.053009 5.4495881
4.5811958 1.0472563 5.457414
4.5783429 1.049313 5.4462059
4.5806564 1.0445403 5.4570843
4.5788555 1.0485337 5.4494317
4.5765374 1.04923 5.4544766
4.5754066 1.045633 5.4543765
4.5844709 1.0507575 5.4454458
4.574056 1.0430229 5.444483
4.5805361 1.0477686 5.4480643
4.5774102 1.0472865 5.449863
4.5802248 1.0495812 5.4484588
4.5805065 1.0514945 5.4468557
4.5778501 1.054269 5.4566558
4.5892613 1.0470891 5.4441169
4.8175167 1.2827547 4.1797167
4.8117015 1.2729252 4.1798033
4.811848 1.274849 4.1970701
2.69075 1.95838 1.41866
4.811723 1.2708232 4.1810255
4.8169545 1.2740341 4.1798882
4.8248746 1.2770279 4.1861223
4.8147585 1.2721871 4.1840251
4.8111228 1.2812901 4.1824811
5.2646449 1.267255 3.0302473
5.262294 1.2714528 3.0329353
5.2574461 1.2811258 3.0375468
5.2623499 1.2802778 3.0330943
3.12143 1.89265 4.3422
2.7149 1.93286 1.93812
0.81499 3.05956 4.79847
3.3335811 2.0808532 3.9724755
3.3328734 2.0746832 3.9724683
3.3345393 2.0785306 3.9735943
3.3335369 2.0770368 3.9766759
3.3346158 2.0817399 3.9733947
3.3432771 2.0778564 3.9912766
3.3372503 2.0826112 3.9893934
3.3380917 2.0797361 3.9826732
3.3438093 2.0758746 3.9884596
3.3422234 2.0735758 3.984353
3.3367047 2.0756382 3.9812287
3.336861 2.0781201 3.9794179
3.3372184 2.0793908 3.9782644
3.3455486 2.0816859 3.9881442
3.3300385 2.0692087 3.9676692
3.3378026 2.0735282 3.9862263
3.3372581 2.0814589 3.9850655
3.3296029 2.0808543 3.9791939
3.3398199 2.0805524 3.9813724
3.3371126 2.0755557 3.9830016
3.3366748 2.0764012 3.9825988
3.3399544 2.0764767 3.9775068
3.3380182 2.0777863 3.9805913
3.3348438 2.0809429 3.9780785
3.3432577 2.0722218 3.9815764
3.3293894 2.0699615 3.9717634
3.3278313 2.0767605 3.970764
3.3316857 2.0784191 3.9829067
3.3389945 2.0831477 3.9833141
3.3373502 2.0793597 3.9824781
4.5752374 1.5263706 5.7167205
4.5829785 1.5263637 5.7252201
4.5786813 1.5277807 5.7226548
4.5828755 1.5283243 5.7216499
4.5785963 1.5295738 5.7226864
4.5773779 1.527171 5.720776
4.5787653 1.5279716 5.7224448
4.5774534 1.5259717 5.7284088
4.5773045 1.5313278 5.7142951
4.5759285 1.531691 5.7174141
4.5769389 1.5286057 5.7223437
4.5754533 1.5278263 5.7235835
4.5771191 1.5251465 5.7224349
4.5778027 1.5264709 5.7247603
2.92837 1.64467 5.87607
4.5791181 1.5278628 5.7186785
4.578264 1.5276019 5.7204863
4.50108 0.37529 0.98434
4.5153637 1.5025881 2.0140341
4.519649 1.500312 2.0144949
4.5180418 1.4993665 2.0165649
4.5176976 1.4979301 2.0174525
4.5168082 1.4984438 2.0173228
4.5203956 1.5014999 2.0128897
4.5186771 1.5004536 2.0156215
4.5185266 1.5000486 2.018469
4.5219601 1.498181 2.0207178
4.5160115 1.5006567 2.0166457
4.5141617 1.499609 2.0196883
4.5172953 1.5001128 2.0179123
4.5188571 1.4998155 2.0185536
4.5309803 1.4980056 2.0214635
4.5162992 1.502556 2.0197604
4.5285902 1.4970245 2.0238874
4.5181245 1.4959396 2.0160562
4.5231406 1.4939467 2.0176314
4.5280693 1.4938162 2.0103771
1.9032937 0.27510249 0.74861778
1.9215134 0.2722882 0.72753593
1.9127789 0.27040421 0.73518447
1.9243432 0.2662717 0.72832663
1.9310748 0.26110481 0.71532846
1.8879482 0.26519184 0.76128212
1.901172 0.26925877 0.74584717
1.9047464 0.27073758 0.74012971
1.8883155 0.28018645 0.76255062
5.4163076 1.4564056 5.3509739
1.5717 1.6374 0.64265
5.4117453 1.4601448 5.3457654
5.4120395 1.4639764 5.3470966
5.4102763 1.4606289 5.3453259
5.4072491 1.4581075 5.3502908
5.4069811 1.4537547 5.3490806
5.4100156 1.459856 5.3479208
5.409631 1.4597754 5.3510914
5.4113289 1.4578911 5.3504284
5.4153309 1.4565322 5.3420851
5.4105601 1.4728681 5.3544292
5.4174579 1.4643631 5.3487351
5.4105066 1.4588242 5.3494817
0.58051 2.17147 5.71928
5.4057184 1.4623454 5.3555538
5.4079589 1.4600118 5.3490765
5.4079409 1.4486304 5.3495922
5.3977132 1.4572317 5.3498739
5.4050003 1.4592824 5.3430872
4.579487 1.0483598 5.4482884
4.581211 1.0441636 5.4455953
4.5791981 1.0477188 5.4485343
4.5744075 1.0467559 5.4486695
4.5787945 1.0473213 5.4492836
4.5792788 1.0488965 5.4524527
4.5686686 1.0509021 5.4514544
4.5787679 1.0453898 5.4391654
4.5856573 1.0500921 5.4459192
4.5742281 1.0403626 5.4470959
4.5693331 1.0473054 5.4513974
4.578735 1.0517613 5.447934
4.5807308 1.0464489 5.4480106
4.5827689 1.038801 5.4515907
3.17852 0.9467 4.88742
4.8102684 1.2770942 4.1783027
4.8133151 1.2775446 4.1837167
4.8121666 1.2772435 4.1832514
4.8158923 1.2767834 4.1822538
4.8130294 1.2790566 4.1818415
4.8123948 1.2738541 4.1864356
4.8126609 1.2745263 4.1812878
4.8129732 1.2743515 4.1799848
4.8167489 1.2713294 4.1822608
4.823244 1.2784814 4.1770114
4.8224233 1.2872571 4.180898
5.2684661 1.2705365 3.0410902
3.54979 1.88028 5.61015
3.3367359 2.0780151 3.9778737
3.3340546 2.077722 3.9770023
3.3370622 2.0649675 3.9810794
3.3379615 2.0815494 3.9770954
3.3347536 2.0763755 3.9742379
3.3313565 2.0831289 3.980598
3.3314892 2.0816325 3.9760794
3.3328818 2.0801825 3.970545
3.3253187 2.0717374 3.9700549
3.3337973 2.0677401 3.9855053
3.3366784 2.0851494 3.9822524
3.3320173 2.087411 3.9766334
3.3322722 2.0898784 3.9790466
3.3364642 2.0781044 3.978902
3.3371621 2.0779969 3.9776347
3.3416336 2.0768537 3.9820833
0.36909 0.92506 1.21789
3.3475006 2.0839355 3.9874088
3.3331892 2.0708011 3.982579
3.3378318 2.0806021 3.9767133
3.3388385 2.0768454 3.9733259
3.3284435 2.078175 3.9788661
3.3343035 2.0764374 3.978508
3.3360496 2.0781517 3.9789616
3.3366269 2.0780287 3.9793736
3.3489663 2.0757586 3.9938989
3.3487145 2.0753893 3.9938281
3.3444297 2.0696275 3.9836154
3.3312566 2.0736756 3.985968
3.3405918 2.0752295 3.9806844
3.3375139 2.0821244 3.9807332
3.3383483 2.0828887 3.9827519
3.3312197 2.0795828 3.9696032
3.331218 2.0778124 3.969669
3.3483686 2.0775868 3.9889414
4.5816973 1.5281941 5.7256317
4.577736 1.5277521 5.7226492
4.5789225 1.5298354 5.7173575
4.5783452 1.5297884 5.7172335
4.5774786 1.5243088 5.7199274
4.5823471 1.5278709 5.72542
4.5749583 1.5345806 5.7290012
4.5741592 1.5263426 5.7206108
4.5784875 1.5279394 5.7205541
4.5771324 1.5286337 5.7198773
4.5775209 1.5275017 5.7221694
4.5776098 1.5241861 5.7226947
4.5716394 1.5276353 5.7219423
4.5774939 1.5287999 5.7228068
4.5761701 1.5275398 5.7237711
4.5784257 1.5262499 5.7270043
4.5657373 1.5364384 5.7234659
4.5216919 1.5010078 2.0139802
4.515711 1.5059832 2.0161187
4.5166181 1.5013201 2.0221166
4.5188289 1.4984999 2.0189433
4.5251422 1.4904953 2.0120454
4.5245526 1.4922448 2.0095238
4.5277665 1.4926537 2.0164934
4.5194625 1.4972426 2.0197955
4.5184791 1.4995709 2.0180364
4.5192711 1.5008725 2.0162058
4.5136994 1.4996056 2.0195523
4.515757 1.5006596 2.0192457
4.5223445 1.4956585 2.0245563
2.33075 2.78887 1.15911
4.5173406 1.4990231 2.0172258
4.5287757 1.4979526 2.0235544
4.5199784 1.5069375 2.0201005
4.5272653 1.5084598 2.0233536
4.5299543 1.5071784 2.0236673
1.9064205 0.27853104 0.75386387
1.9052313 0.27436982 0.74831991
1.9202824 0.26966115 0.72366088
1.9113933 0.27371581 0.7326384
1.934617 0.27525796 0.71102452
1.8855854 0.26826092 0.76116578
1.9080424 0.26398263 0.73774498
1.9441493 0.27216668 0.69731657
5.4079662 1.4586785 5.3542971
5.4104313 1.4642181 5.3538181
5.4083245 1.4537815 5.348636
5.4111088 1.4606344 5.3455359
5.4116144 1.4552879 5.3512926
5.4127581 1.4565779 5.3434312
5.4099522 1.4525082 5.3479651
5.4070055 1.4557329 5.3444291
5.4088973 1.459206 5.3493486
5.4084861 1.4600287 5.3497889
5.4084566 1.4580036 5.3501029
5.4101678 1.4595282 5.3499865
5.4078421 1.4593753 5.3496111
5.4104963 1.4591286 5.3497811
3.8634 0.91418 5.21232
5.4045838 1.4586071 5.3481401
5.4058603 1.4495179 5.3544081
5.415741 1.455051 5.3525787
3.5275 0.45759 6.19197
5.4106025 1.4579611 5.3494574
5.4053607 1.4672806 5.3430868
4.5819487 1.0618084 5.4533928
4.5822321 1.0446797 5.4457708
4.5758099 1.0456426 5.4534959
4.574277 1.0531316 5.4552236
4.5790675 1.0479274 5.4522371
4.5743803 1.0428811 5.4565989
4.5671509 1.0454879 5.4601648
5.11942 2.00801 5.55307
4.5735082 1.046919 5.4518592
4.5756171 1.0491349 5.4526396
4.5775157 1.0450799 5.4503718
4.5790367 1.0478615 5.448512
4.5826165 1.0469078 5.4513112
4.8135179 1.2750807 4.1819843
4.8161654 1.2739568 4.1821635
4.813769 1.2711208 4.1845178
4.8087839 1.2759372 4.1834894
4.814594 1.2797144 4.1825398
4.8153516 1.2745417 4.1875988
4.8190322 1.2772173 4.1819352
4.8104875 1.2664902 4.1815565
4.8111238 1.270358 4.1785063
4.8161048 1.2755559 4.1822465
4.8133348 1.2751461 4.1821429
4.8123224 1.2750216 4.1847998
4.8130768 1.2762378 4.1825202
4.812128 1.2712233 4.1844005
3.3359496 2.0781605 3.9786093
3.3360241 2.0775628 3.9766926
3.3398136 2.0760548 3.9848857
3.3356685 2.0761998 3.9834143
3.3317286 2.0807132 3.975193
3.3358074 2.0773755 3.9772142
3.3471176 2.0822471 3.9881474
3.3377011 2.0835674 3.9774636
3.3363141 2.0796289 3.9785494
3.3348746 2.0779774 3.9776026
3.3377669 2.0766317 3.9860575
3.3294864 2.0761333 3.9716289
3.3358822 2.0802876 3.9738683
3.91147 1.54843 3.67382
3.3363526 2.0745451 3.9798691
3.3395134 2.077925 3.9800168
3.3322455 2.0802699 3.9743662
3.3358959 2.0764904 3.9760924
3.3372118 2.0827872 3.9833852
3.3386506 2.0735 3.976902
3.3322492 2.0795557 3.9783787
3.3398553 2.0757113 3.9756002
3.3308245 2.0701259 3.9835383
3.3346344 2.0835204 3.9759258
3.3350143 2.084519 3.9763549
0.0135 1.98588 3.68372
3.3392563 2.0762309 3.979537
3.3340287 2.0768092 3.9771024
3.3305667 2.0736933 3.9845156
3.333067 2.0839166 3.9844652
3.3359824 2.0781002 3.9776557
3.3385254 2.0822029 3.9797865
3.3356075 2.0767307 3.9769279
3.3358692 2.0768028 3.9786922
3.3309842 2.0812726 3.9785596
3.3386693 2.0770987 3.9831522
3.3438555 2.0841144 3.9754147
3.77877 1.0453 2.28348
4.5768728 1.5255403 5.7213236
4.5778267 1.5272121 5.7222754
4.5776586 1.5261979 5.7234403
4.5723282 1.5332172 5.7116314
4.571039 1.5360677 5.7143876
4.5763618 1.5249637 5.7200157
4.5772498 1.5290209 5.7203765
4.5768088 1.5276395 5.7211278
4.5774597 1.5277189 5.7222843
4.5777687 1.527287 5.7195612
4.5729766 1.5315273 5.7243492
4.5767544 1.5264924 5.7259069
4.5719135 1.5269389 5.7258174
4.5747428 1.5216645 5.7322026
4.571354 1.5308907 5.713214
4.5127296 1.4948957 2.0193721
4.5151562 1.4982007 2.0169922
4.520528 1.5000651 2.0188936
4.5172736 1.4999311 2.0177255
4.5154166 1.4974719 2.0212605
4.5155099 1.49866 2.0127988
4.5200142 1.4965471 2.0229864
4.5180795 1.5013328 2.0195521
4.5186409 1.4990676 2.0191906
4.5164865 1.5012482 2.0164918
4.5235445 1.499959 2.0165711
4.5265343 1.5069514 2.0194311
4.5183486 1.5055039 2.0206572
4.5124876 1.5057588 2.0179299
4.5173261 1.4980369 2.0199224
4.5169573 1.4952252 2.0190282
4.5112442 1.5013871 2.0206909
4.5215723 1.5003486 2.0037881
3.85953 1.61769 4.3116
4.5087372 1.5062843 2.0194961
1.907141 0.26968223 0.73839493
1.9063189 0.26902684 0.73833926
1.9358792 0.27141297 0.71384137
1.9225175 0.26571451 0.73363873
1.9416727 0.27167214 0.70814255
1.9109249 0.2729341 0.73351652
5.415411 1.4571693 5.3450127
5.4144893 1.4546851 5.3452172
5.4052248 1.4625127 5.3542066
5.4091602 1.4584741 5.346543
5.4134659 1.4561659 5.3481816
5.4075782 1.4576055 5.3510177
5.4097799 1.4532862 5.3501344
5.4130364 1.4602556 5.3477739
5.4057613 1.4545665 5.3469484
5.4097283 1.4597351 5.3494603
5.4038621 1.4598476 5.348494
5.4057067 1.4565701 5.3502864
5.4134164 1.4640343 5.3486291
5.4172701 1.465962 5.3580128
5.4129289 1.4606376 5.3605934
5.4062819 1.4595017 5.3464509
5.4069316 1.4585794 5.3540009
5.4124002 1.4513435 5.3503837
5.4147541 1.4606353 5.3498651
5.4117939 1.4595311 5.3547717
5.4109044 1.4584993 5.3493951
5.417279 1.4464001 5.3484053
5.4122238 1.4718551 5.3516248
4.5693655 1.0591797 5.4551767
4.5769551 1.0411705 5.4444285
4.5747228 1.0529036 5.4539215
4.5871216 1.0553327 5.4405723
4.5834697 1.0438784 5.4424807
4.5745351 1.0383844 5.4503498
4.5929412 1.0487028 5.4427184
4.5810389 1.0367838 5.4488769
4.5801523 1.0585192 5.4515055
3.31402 2.23864 1.13808
4.8130232 1.2750512 4.1818278
1.60596 1.52094 1.0787
4.8116049 1.2746592 4.1812497
4.8127714 1.2756966 4.1833934
4.8135504 1.2750641 4.1838741
4.8149267 1.2769424 4.1825364
4.8141128 1.2763936 4.1825684
4.8190945 1.27386 4.1843951
4.8115585 1.2730431 4.1821539
4.8115169 1.2706705 4.186681
4.8102484 1.2817453 4.188056
4.804014 1.2762084 4.1917488
4.8108723 1.2763149 4.1807708
4.8124971 1.2755167 4.1820504
4.8023662 1.2781423 4.180636
4.8022571 1.2741956 4.1812912
3.3271807 2.0773176 3.9826083
3.3338535 2.0846272 3.9834378
3.3394335 2.0776552 3.9816072
3.3323906 2.0733774 3.9758013
3.338024 2.0748655 3.9781679
3.3459847 2.0771718 3.9844119
3.3457788 2.0735348 3.9858577
3.341946 2.0813574 3.981615
3.3370022 2.0784491 3.9789052
3.3364401 2.0785475 3.9784412
3.3352067 2.0737584 3.9754985
3.3386063 2.0806865 3.9721161
3.3335472 2.0780145 3.9882655
3.3411817 2.0827342 3.9818496
3.3359425 2.0795955 3.9823508
3.334384 2.0802691 3.9771747
3.3330349 2.0808093 3.975233
3.3370685 2.0806015 3.9744379
3.3391039 2.078952 3.9792713
3.3334298 2.0761088 3.9744997
3.3327285 2.0821381 3.9752151
3.3367909 2.0691001 3.9809729
0.18394 1.60815 4.07767
3.337982 2.0860823 3.9774806
3.3329731 2.0785279 3.9790638
3.32034 2.0835818 3.9684949
3.3394083 2.0770578 3.9771109
3.3381321 2.0797524 3.9787767
3.336926 2.0794936 3.976858
3.3361524 2.0784006 3.9785031
3.3343243 2.0761042 3.9754542
3.3340954 2.0687952 3.9819655
3.3363725 2.0773124 3.9783395
3.3310415 2.0787761 3.9774118
3.3337388 2.0810888 3.9771634
3.3361968 2.0776607 3.9802103
3.3366575 2.0741103 3.9812219
3.71493 1.63983 4.01107
3.7783664 1.0441942 2.2892055
3.7830779 1.0420912 2.2789229
4.5844133 1.5211106 5.7336882
4.5732288 1.5278229 5.7130841
4.5812145 1.5322854 5.7206465
4.5745043 1.5304281 5.712097
4.5737874 1.5191995 5.7195684
4.5758025 1.5240895 5.7110672
4.5665293 1.5314519 5.7310048
4.5677859 1.5283144 5.72918
4.5720755 1.5286205 5.723591
4.5744486 1.5318633 5.7245497
4.5807317 1.5263012 5.7220929
4.581758 1.512385 5.7248114
4.5753928 1.5294444 5.7161139
2.35898 0.44955 0.69474
4.5117614 1.4944707 2.0153066
4.5177287 1.5028792 2.0179234
4.5201683 1.5000657 2.0149483
4.5183096 1.4997083 2.0185802
4.5138834 1.491495 2.0172863
4.5150874 1.4907818 2.0168152
4.510967 1.4958747 2.0184316
4.5187985 1.499136 2.0183288
4.5173005 1.4994056 2.0154535
4.5168501 1.4986001 2.0156912
4.5264941 1.5029583 2.0243773
4.5152752 1.5106608 2.0225427
4.5110675 1.5028432 2.0228357
4.5119053 1.5022675 2.0162151
4.5157036 1.5022763 2.0154924
4.5176886 1.4997159 2.0218149
4.5086651 1.4992519 2.0183819
4.5180308 1.4965987 2.0269281
4.5162827 1.5094966 2.0132765
1.9082947 0.26886435 0.7344547
1.9351753 0.2683661 0.71140991
1.9302477 0.27499709 0.71952652
1.8936267 0.2740049 0.76073841
1.9072976 0.27415602 0.7393573
5.4139634 1.4575316 5.3452259
5.4087786 1.4604084 5.3499397
5.4111321 1.4483086 5.3584125
5.4037941 1.4602129 5.3615587
5.4014714 1.4651804 5.3446269
5.4112467 1.4572369 5.3389697
5.4078711 1.4537098 5.3466516
5.4100863 1.4578497 5.349579
5.4091177 1.4605747 5.3529945
5.4097843 1.4591801 5.349714
5.4098785 1.4591852 5.349575
5.4072537 1.4635147 5.3498746
5.4076222 1.4620755 5.3483864
5.41036 1.4589503 5.3513141
5.4154963 1.4649505 5.3596065
5.4118143 1.4581931 5.3499834
5.4136486 1.457174 5.3442924
5.4121087 1.4543551 5.3469268
5.4144283 1.4589928 5.3499418
5.4089134 1.4557841 5.3499198
5.411377 1.4640461 5.3491073
5.4101784 1.4710424 5.3532255
1.4517 1.67213 4.93527
5.4015874 1.4502458 5.3505926
5.4089981 1.4563108 5.3540512
4.7994385 1.2743823 4.1787489
4.8022636 1.2683283 4.1785246
4.8051662 1.2740936 4.176545
6.18239 1.67536 1.48361
4.8113467 1.2861834 4.1712965
4.8112877 1.2777195 4.1856471
0.84171 0.76141 5.02681
4.8109742 1.278131 4.1899237
4.8027 1.2659712 4.1768715
4.8113006 1.2714757 4.1761577
4.8069183 1.2723899 4.1771044
4.8083169 1.2732388 4.1814583
4.8109054 1.2708306 4.1843927
4.8098553 1.2775568 4.1829662
4.8093832 1.27651 4.1832037
4.8178368 1.2853391 4.1838098
4.8091175 1.282954 4.1805384
4.8120814 1.2768738 4.1820664
4.8072613 1.2688786 4.1801822
4.8119895 1.2750921 4.1827788
4.8043519 1.27605 4.1846394
4.811696 1.2746365 4.1815592
4.8099981 1.2740333 4.1778196
2.59689 1.29165 3.29925
4.8199811 1.262393 4.1811995
3.3356804 2.0835081 3.981031
3.3426684 2.0732585 3.9842346
3.3477901 2.0798961 3.980069
3.3367732 2.0735465 3.9721146
3.3364278 2.074367 3.9828488
3.3367763 2.0722952 3.9815997
3.3369831 2.0731216 3.980118
3.3372951 2.0734555 3.9774805
3.3343213 2.0751803 3.9834488
3.3362479 2.0793178 3.9779168
3.3367345 2.0777378 3.9780407
3.3378422 2.0891875 3.9895652
0.53082 1.56559 5.56776
3.3417175 2.0739616 3.9707943
3.3351968 2.0753818 3.9802755
3.3351156 2.0794626 3.9794091
3.335736 2.0790596 3.978075
3.3364806 2.0782825 3.9780696
3.3368524 2.0755096 3.9852835
3.3363202 2.073144 3.9747481
3.3378876 2.080226 3.9713741
3.3431112 2.075687 3.9739872
3.3378444 2.0781862 3.9836903
3.3383371 2.0797856 3.9848824
3.3363229 2.078115 3.9778698
3.332786 2.0811804 3.9741852
3.3368252 2.0785351 3.9786186
3.3367982 2.0752993 3.9756583
3.3358211 2.07821 3.9780648
3.3416114 2.0792461 3.9853535
3.344473 2.0808672 3.9836009
3.33668 2.0686653 3.9829479
3.3370803 2.0748692 3.9827456
3.3386474 2.0737254 3.965012
1.68721 2.73703 6.17585
3.3376031 2.0780022 3.975735
3.3307653 2.077018 3.9790303
3.7739302 1.041581 2.2939263
3.7735085 1.0420357 2.2920866
3.7805333 1.0435052 2.2864858
3.785581 1.0412105 2.2869479
5.44826 1.14965 3.79038
1.8421 0.97348 2.73972
4.5794503 1.5277218 5.711914
4.5755603 1.5218914 5.722409
1.77118 1.28999 0.45998
4.62329 2.01726 3.21022
4.5790643 1.5178934 5.7196659
4.5780928 1.5195086 5.7233394
4.5785998 1.5287465 5.7236182
4.5779184 1.527369 5.7234931
5.8038 1.05237 2.64872
4.5872531 1.5299043 5.7327873
4.12521 1.50812 0.50185
4.5101258 1.5011712 2.0154896
4.5183992 1.5003497 2.0168989
4.5214977 1.4975232 2.0155253
4.5161195 1.5006478 2.0175414
4.5183924 1.50337 2.020455
4.5209478 1.4961775 2.021216
4.5197263 1.496328 2.0231356
4.5190191 1.4998058 2.0163491
4.5181141 1.5000763 2.0171272
4.5183014 1.4977386 2.0147245
4.5194599 1.4993161 2.0180891
4.5228849 1.5053533 2.0232148
4.5217287 1.5066124 2.0100818
4.5121518 1.5022829 2.0298843
4.5181608 1.4994607 2.0128264
4.5155133 1.495961 2.0168647
4.5175484 1.5002694 2.0165469
4.5114718 1.494934 2.0152015
4.5183762 1.5062751 2.0089598
5.51363 0.49531 2.33412
1.9123476 0.27093162 0.73567831
1.9234847 0.27290913 0.72789974
1.9083413 0.27010146 0.73731504
5.398176 1.4574063 5.3484008
5.4001117 1.4543139 5.3536082
5.4145926 1.4595697 5.349162
5.4169366 1.4521604 5.3521821
5.4090644 1.4593936 5.3508458
5.4061457 1.4602047 5.340771
5.4145624 1.4565905 5.344261
5.4101778 1.4582622 5.3491551
5.409845 1.447952 5.3445073
5.4169496 1.4502037 5.3509171
5.4096138 1.4585907 5.3508205
4.78624 2.65853 4.36758
5.4003877 1.4537943 5.35742
5.4082034 1.4557186 5.3586979
5.4085714 1.4621018 5.3497336
5.4096529 1.4519786 5.349733
5.4130274 1.4542211 5.3494084
5.4102874 1.4596895 5.3487163
5.4192704 1.4664297 5.3601227
5.23403 0.1815 0.63398
5.7848383 1.4895063 4.4693032
5.7730339 1.4816129 4.4570257
5.7692857 1.4745019 4.4638387
5.7842446 1.4872137 4.4735275
5.7828955 1.4678107 4.4656356
5.7750758 1.4753006 4.4663779
4.8066104 1.2815924 4.1873702
4.8148953 1.2835102 4.1797396
4.8067499 1.2799293 4.1839662
4.8119231 1.2695769 4.1837023
4.8126765 1.2688043 4.1838104
4.8131748 1.270212 4.1779315
4.8088902 1.2685871 4.1852063
4.8108624 1.2749843 4.1779833
4.8083295 1.270064 4.1892922
4.8175258 1.2747813 4.1826996
4.8099728 1.2771464 4.1801167
4.8100609 1.2704124 4.1847636
4.8079412 1.2738472 4.1866237
4.8094308 1.2650624 4.1877694
4.8123638 1.2792508 4.1930022
4.8091889 1.2821251 4.1945787
4.8091812 1.2787115 4.1873664
4.8180971 1.2745914 4.185781
4.8257173 1.2649344 4.1766633
4.8223168 1.2777854 4.1762323
4.8124677 1.2746346 4.181996
4.8122641 1.2750139 4.182505
4.8080582 1.2761481 4.1853771
4.8193285 1.2814046 4.1860583
4.81485 1.2693202 4.1867309
3.3370002 2.0862023 3.9903581
3.3364202 2.0771247 3.9791637
3.3424966 2.076767 3.9735992
3.3400688 2.0737323 3.9807518
3.3418518 2.0799246 3.9785979
3.3382297 2.0881303 3.9836748
3.3383781 2.0717511 3.9824483
3.3345062 2.0722402 3.9788769
3.3321752 2.0781023 3.9815319
3.337339 2.0717628 3.976678
3.337174 2.0720671 3.9810824
3.3461935 2.0847461 3.9857299
3.329283 2.0856306 3.9754058
3.3386626 2.078212 3.9789891
3.3362549 2.0823462 3.9811566
3.3367889 2.0767522 3.9788819
3.3368838 2.0776544 3.9760188
3.337056 2.0792591 3.9777372
3.3317769 2.0751512 3.9813525
3.3364141 2.0784863 3.9836063
3.342879 2.0768235 3.9785909
3.3388567 2.0793524 3.9777429
3.3392132 2.0766158 3.9714515
3.3360691 2.0795366 3.9780929
3.3401848 2.0807986 3.9796684
3.328538 2.0775102 3.9709771
6.22944 0.64496 5.66711
3.3306585 2.0737777 3.97583
3.3308496 2.0726321 3.9784752
3.329568 2.0741662 3.9754811
3.3444973 2.0798152 3.9851268
3.3367172 2.0783468 3.9797444
3.3362342 2.0693577 3.9886602
3.334903 2.0857296 3.9677645
3.3262436 2.0800178 3.9711465
3.18601 2.67573 0.5667
3.3353603 2.0753461 3.980353
3.7776957 1.0409143 2.2869082
3.7785441 1.0436706 2.2883373
3.7814374 1.043671 2.285456
3.7796168 1.0427986 2.2862513
3.7836578 1.0358845 2.2798147
3.7731278 1.0327106 2.2878277
3.778919 1.0395927 2.2950789
3.7803214 1.0424944 2.2861607
3.7800265 1.0454162 2.287779
3.7785212 1.0422977 2.2867884
3.784579 1.0431366 2.2936539
3.7784667 1.0449508 2.2887867
3.7862728 1.04782 2.2822467
3.7824134 1.051412 2.2881784
3.7812893 1.0441398 2.2876822
5.61544 2.60686 5.9171
4.5199688 1.5032245 2.0137092
4.5202376 1.5019295 2.0122318
4.5177252 1.502191 2.0176894
4.5210878 1.5009148 2.0132343
4.5185112 1.4998342 2.0168454
4.5228222 1.4976936 2.0174837
4.5203398 1.4973108 2.016678
4.5182308 1.5019539 2.0161098
4.5180961 1.4979209 2.0157633
4.517852 1.5052255 2.0250799
4.5178804 1.5036649 2.0149255
4.5201458 1.4991827 2.0185234
4.5189539 1.5051139 2.0241092
4.5292738 1.4934732 2.0095176
6.09559 0.74875 2.41976
4.5184953 1.4997572 2.0165376
4.5175771 1.5001273 2.0155068
4.5169846 1.4963545 2.0186094
4.5186213 1.5016583 2.0239034
4.5264836 1.4913547 2.0252486
1.9144836 0.27167336 0.73189967
1.9062179 0.26485913 0.74490495
1.8847029 0.26691478 0.76639678
1.9010932 0.27047585 0.74004816
5.4152637 1.4559578 5.3506453
5.4212437 1.4560111 5.3441304
5.25274 2.40541 2.39992
5.4090115 1.459754 5.3476634
5.4095793 1.4587582 5.3490001
5.4068937 1.4590755 5.3404685
5.4100107 1.4585742 5.3492668
5.4094754 1.4585818 5.3560112
5.4120656 1.4438495 5.3528665
5.4105796 1.4482342 5.3572679
5.4095829 1.4595783 5.3500402
5.4222666 1.4561543 5.355355
5.4105788 1.4511887 5.351381
5.4138358 1.4512136 5.3490493
5.4006481 1.4582382 5.3494177
5.4016971 1.4585779 5.3523015
5.4157731 1.4567227 5.3504594
5.4092414 1.4639734 5.3409918
5.68941 0.91418 0.06984
3.53287 2.80269 2.22506
5.7610596 1.4824414 4.4704308
5.7676534 1.4857236 4.4623687
5.7750892 1.4801515 4.4673235
5.7714721 1.4753243 4.4548375
5.7782879 1.4654377 4.4630066
5.7623675 1.4822699 4.4704961
4.8146964 1.288267 4.184
4.8152508 1.2769667 4.176237
4.8126545 1.2754476 4.1822539
4.8120283 1.2787289 4.1778702
4.8157179 1.2770307 4.181133
4.8074784 1.273214 4.1824265
4.8090924 1.2784457 4.180174
4.8072701 1.2824818 4.1871184
4.8023543 1.2786399 4.1878087
4.8084433 1.2768953 4.1837584
4.8083564 1.2771263 4.1854196
4.8107587 1.2764432 4.1815037
4.8099353 1.2744364 4.1764148
4.8077107 1.265941 4.1837945
4.817137 1.2746162 4.1791263
4.8209297 1.2795514 4.1892363
4.8178564 1.2830206 4.1813651
4.8144626 1.2742894 4.1812135
0.55416 1.82849 3.24113
4.8135704 1.2751533 4.1825204
4.8095807 1.2736394 4.1821382
4.812288 1.2742588 4.1857958
4.8113066 1.2754484 4.1837696
0.51907 1.71005 5.95776
4.8125315 1.2901715 4.1810579
3.3237797 2.0824135 3.9638567
3.3354146 2.0778921 3.9782568
3.3354469 2.0778649 3.9793828
3.3293543 2.0794888 3.9794635
3.33573 2.0789895 3.9784735
4.7215 1.99752 4.76348
3.336081 2.0782412 3.9792871
3.3329838 2.079908 3.9772624
3.3356574 2.0785675 3.9769735
3.3395299 2.0804206 3.9751142
3.3421936 2.0867943 3.9888728
3.3363451 2.0792309 3.9785669
3.3344303 2.0809117 3.9758654
3.3500607 2.0774522 3.9837692
3.3291186 2.079894 3.9775332
3.3374472 2.075838 3.9824732
3.3364444 2.0800194 3.9761161
3.3365012 2.0777964 3.9770399
3.3330995 2.0756354 3.9805162
3.3371499 2.0795109 3.9806101
3.3390284 2.0810254 3.9791821
3.3327307 2.0727722 3.9732922
3.343229 2.0750924 3.9743934
3.341417 2.0818257 3.9817477
3.3411793 2.0807072 3.9795144
3.3382592 2.0856081 3.9810769
3.3302239 2.0737893 3.9739444
5.34959 0.26933 3.13874
3.3397349 2.0785209 3.9831262
3.3392584 2.0766425 3.9778108
3.3370096 2.0789599 3.9790422
3.3191289 2.0797385 3.9696479
0.00801 0.69919 2.47407
3.3379818 2.078496 3.9795726
3.3314121 2.070942 3.9744753
3.3339789 2.0684754 3.9814669
3.3361697 2.0750981 3.9845855
3.7795455 1.0469408 2.285319
3.7833892 1.0500961 2.2833134
3.7840261 1.0518673 2.2868484
3.7844182 1.0519959 2.2878055
3.7861883 1.0328657 2.2813592
3.776699 1.0436628 2.2867472
3.7766665 1.0431666 2.2864185
3.7769773 1.0414088 2.2855683
3.7768841 1.0449742 2.2885117
3.7738213 1.0393043 2.2925466
3.7772518 1.0415092 2.2916759
3.7775975 1.0430858 2.2788294
6.24735 1.39068 1.4274
3.7633362 1.0450431 2.2938529
3.776231 1.0387575 2.2853161
3.7777919 1.0409558 2.2867522
4.520194 1.4956091 2.0142872
4.5168526 1.4993283 2.0155894
4.5124422 1.4924522 2.0156439
4.5175102 1.4930699 2.0187294
4.5183138 1.5009695 2.0161398
4.5192758 1.5049635 2.0159755
4.5171959 1.5031782 2.02352
4.5142239 1.4999886 2.0276359
4.5031852 1.503642 2.0227749
1.37477 1.52754 0.16031
4.5220255 1.5046625 2.0203709
4.5193448 1.4991434 2.021012
4.5175087 1.5008087 2.0167939
4.5184902 1.5004857 2.0178933
4.5204323 1.4933358 2.0238193
4.5150945 1.5005742 2.0236888
4.5173917 1.4953786 2.0153524
4.518866 1.4999877 2.0168493
4.5226709 1.5000336 2.017769
4.5148803 1.496954 2.0229033
1.9213387 0.26964044 0.72017509
1.9022905 0.2710176 0.74303276
1.8938528 0.26555818 0.76719567
5.4095133 1.459299 5.3507141
5.4052218 1.4653836 5.3485825
5.4106157 1.4587945 5.3444117
5.4120685 1.4589479 5.3500691
5.413603 1.4564649 5.3489337
5.4082717 1.457639 5.3475918
5.4092497 1.4584153 5.3487615
5.4106847 1.4590632 5.3488879
5.4106023 1.4583871 5.3483234
5.4052108 1.4486409 5.3442104
5.4177862 1.4605375 5.3461509
5.4106668 1.4598534 5.3508051
5.4183791 1.4665755 5.3458793
5.4184216 1.459149 5.342306
5.4160516 1.4590388 5.3530797
5.4123446 1.4590056 5.3474294
5.4178643 1.4589244 5.3499629
5.4067707 1.4555765 5.3378289
5.7736632 1.4800785 4.46557
5.7708837 1.4869899 4.4645802
5.7744371 1.4793077 4.4668375
5.7746019 1.4789906 4.4667767
5.7751858 1.4726596 4.4653186
5.7745991 1.4767531 4.463782
5.7683761 1.4742761 4.4601004
5.7747087 1.4782169 4.4659396
5.7751963 1.4850208 4.4707823
3.49773 0.88897 3.00905
4.8130085 1.279826 4.1761412
4.8121838 1.2762592 4.1856083
4.8111473 1.2811031 4.1840443
4.8154389 1.271243 4.1814015
4.8142593 1.2727612 4.1821504
4.8119817 1.2754716 4.1854201
4.8125586 1.2745882 4.1825424
4.8110575 1.275471 4.1865032
4.8153228 1.2770486 4.1794485
4.8146893 1.2749227 4.1805033
4.8130694 1.2755715 4.1819562
4.813444 1.277857 4.180954
4.8091279 1.2646397 4.1789025
4.8127472 1.2639758 4.1776135
4.8082185 1.2790003 4.1850286
4.8121061 1.2751384 4.1825286
4.8115265 1.2725429 4.1808675
4.8147397 1.2733835 4.1820814
4.81556 1.27254 4.1791619
4.8124737 1.2742029 4.1799636
4.81436 1.2744813 4.1831126
4.8074817 1.2769239 4.194042
2.40617 0.76096 0.88579
4.8066999 1.2752839 4.1805774
0.89296 2.60054 6.04787
3.3317731 2.0839199 3.9741218
3.3356647 2.080331 3.9820392
3.3323123 2.087768 3.9810418
3.3376584 2.0817837 3.9808846
3.3331855 2.0767565 3.968342
3.3265924 2.0761728 3.9774784
3.3365837 2.0788219 3.9781824
3.33524 2.0781453 3.9776723
3.3306533 2.0763425 3.9766616
5.99455 2.31357 0.36949
3.3340234 2.0743797 3.9733097
3.3426164 2.0770106 3.9824801
4.27755 1.29115 6.07697
3.3316404 2.0837789 3.975984
3.331072 2.0763188 3.9783045
3.3385284 2.081135 3.9764466
3.3328135 2.0811464 3.9685875
3.3370826 2.082943 3.9761252
3.3396671 2.0796082 3.9831367
3.335057 2.0755384 3.9794153
3.3325026 2.0759267 3.9813145
3.335939 2.0789198 3.9752912
3.3330928 2.0832774 3.9728671
3.3296108 2.0771495 3.9773073
3.3386432 2.0877145 3.9755755
3.344239 2.0849886 3.9814909
3.335612 2.0670197 3.9712683
3.3361614 2.0667414 3.9719715
3.3370945 2.0773679 3.9787565
3.3376022 2.0872734 3.9793215
3.3364305 2.0768656 3.9924863
3.3351991 2.0781207 3.9736493
3.3404125 2.0804719 3.9782731
3.3331605 2.0728514 3.9851862
3.3340817 2.0763534 3.9790376
3.3422961 2.0752366 3.9951228
3.7788571 1.0440229 2.2856916
3.7851267 1.0455166 2.2845673
3.7784689 1.0528981 2.2891569
3.7766545 1.0533662 2.2875839
3.7861398 1.0340858 2.2841998
3.7819156 1.0383229 2.2782903
3.7716703 1.04073 2.2924891
3.7783546 1.0414701 2.2948428
0.75293 0.7047 4.18715
3.7710584 1.0520664 2.301202
3.7946572 1.0455056 2.2824313
3.7782905 1.0424154 2.2776735
3.776448 1.0440887 2.2852184
3.7724565 1.0427239 2.2925416
3.7781385 1.0429397 2.2865456
3.7782067 1.0427956 2.2868268
5.2568811 1.9207941 1.4523613
5.2607466 1.9193103 1.4537006
5.2670411 1.9246213 1.4660951
5.2447059 1.9173263 1.4451973
4.5218809 1.5104735 2.0197085
4.523172 1.4946091 2.0163097
4.5140488 1.492346 2.01382
4.5212155 1.4906804 2.0134306
4.5150884 1.4999541 2.0183638
4.5180833 1.49818 2.0187382
4.5164692 1.5005851 2.0179445
4.5177362 1.4999754 2.0185427
4.5174704 1.4999736 2.0184568
4.5131442 1.4996575 2.0264509
4.5300078 1.5003162 2.0251679
4.5299239 1.5020751 2.0236342
4.51764 1.5036069 2.0090816
4.5205436 1.4982497 2.0084248
4.5176486 1.5037639 2.0150838
4.5177201 1.5005148 2.0145909
1.9173162 0.27077217 0.7286688
1.9274613 0.26386443 0.71488896
5.408888 1.4533568 5.347756
5.4043165 1.4489663 5.3511756
2.41141 1.32057 1.14753
5.4115617 1.4558079 5.3432637
5.4103005 1.454727 5.351368
5.412063 1.454796 5.3511718
5.4090591 1.4572352 5.3490211
5.4107056 1.4623219 5.349967
5.4034813 1.4606424 5.3570883
5.4105171 1.4666824 5.3449802
5.4079784 1.4658477 5.3480434
5.4145964 1.4616847 5.3388234
5.4114343 1.454406 5.3441739
5.4098773 1.4589771 5.3458583
5.4137794 1.4529261 5.3516778
5.4171759 1.4551935 5.3543677
5.4063757 1.4506352 5.3401288
5.4050178 1.452718 5.3643249
5.7809105 1.4759623 4.471207
5.7783266 1.4702933 4.4552007
5.7739827 1.4778739 4.4515791
5.7751592 1.4747309 4.4626044
5.7742037 1.4792209 4.4677132
5.7756726 1.4714239 4.4684726
5.7671902 1.4760037 4.4712129
5.7744717 1.4704707 4.4595417
5.7737334 1.470166 4.4588976
5.7746071 1.478182 4.4661055
4.8144899 1.2783416 4.1881104
4.81304 1.2748348 4.1829164
4.8134705 1.2756358 4.1857678
4.8130778 1.2762032 4.1839796
4.8173326 1.2758034 4.1756374
4.8045411 1.2756001 4.1920374
3.80092 2.71425 5.672
4.8198797 1.2766712 4.1735074
4.818191 1.2757199 4.1790005
0.38665 2.11317 2.58745
4.8272205 1.2700363 4.1825648
4.8203197 1.2759764 4.1842059
4.8154233 1.2778981 4.1760505
4.8142267 1.2746252 4.1841573
4.8175718 1.2730735 4.1828211
4.8168377 1.2736123 4.1828271
4.809448 1.2755208 4.1808397
4.8147603 1.2700597 4.1750263
4.8007223 1.2701417 4.1864381
1.26354 0.79054 0.76985
4.8114281 1.2755757 4.1818514
4.8082842 1.2721295 4.1839495
4.8064485 1.273042 4.1810422
4.8142172 1.2638875 4.1824884
4.8156034 1.2689772 4.1763323
4.814117 1.2650131 4.1777049
3.3321452 2.0845058 3.9805245
3.3308538 2.084422 3.9816856
3.3310292 2.0877295 3.9778488
3.3353417 2.0807655 3.9803581
3.33416 2.0734337 3.9769056
3.3253867 2.0764727 3.975515
3.3362502 2.0790107 3.9781531
3.3371261 2.0788776 3.9785753
3.3328243 2.0801757 3.9819998
3.3323269 2.0706813 3.9741801
3.3284463 2.0818737 3.9756812
3.328163 2.0805344 3.9750165
3.3327718 2.0822577 3.9721653
3.3361253 2.0829602 3.9830067
3.3338307 2.0727998 3.9800308
3.3408603 2.0761336 3.9897718
5.94455 2.25877 3.94202
3.3382942 2.0768683 3.9789041
3.3333424 2.0735769 3.9739496
3.326273 2.0825232 3.9724804
3.3318683 2.0742959 3.979695
3.3345039 2.0784634 3.977852
3.3313122 2.0751638 3.9798116
3.3323069 2.07541 3.9773143
3.3344767 2.07712 3.978394
3.3416757 2.0737859 3.9779696
3.3336532 2.0743423 3.9781332
3.3324811 2.0722864 3.9768461
3.3391099 2.0785068 3.979268
3.67271 1.82543 3.60466
3.3383766 2.0820894 3.9934533
3.3402497 2.0787266 3.9881369
3.3454161 2.0786492 3.9804967
3.3366396 2.0646724 3.9797519
3.3320814 2.0767212 3.9768491
3.3430254 2.0810371 3.9831003
3.7762804 1.0457818 2.2888778
3.7778336 1.0456571 2.2863946
3.7766868 1.044754 2.2834563
3.7770264 1.0413508 2.2848955
3.7785957 1.0422793 2.2847396
3.7799935 1.0405123 2.2817855
3.7754271 1.0335329 2.2895127
3.7765889 1.0388281 2.2898584
3.7758809 1.0407906 2.2909682
3.7789716 1.0465439 2.2841901
0.54435 1.03173 1.01893
3.7766267 1.0421645 2.284963
3.7758366 1.0442483 2.2872309
3.7786027 1.0385815 2.2936811
3.7807291 1.0475993 2.2842767
3.7726083 1.0542919 2.2976289
5.2672891 1.9137344 1.460268
5.267369 1.9180905 1.4566202
5.2598459 1.9151939 1.4576405
5.263907 1.9263952 1.4592083
5.2683488 1.9263483 1.4526082
5.259537 1.9198261 1.4534955
4.5144705 1.5076232 2.014805
4.5189728 1.5039328 2.0068941
4.5228088 1.5036042 2.02335
4.5236512 1.5051052 2.0218701
4.517354 1.4997236 2.0206612
4.5173287 1.5014099 2.0211161
4.5171232 1.500235 2.0185869
4.5151785 1.4960851 2.0249848
4.517411 1.4996213 2.0176203
4.5168204 1.5002742 2.0177672
4.5199329 1.5008243 2.0239654
4.5245116 1.5031385 2.0116671
4.5194378 1.4979836 2.0165902
4.5167182 1.4896164 2.0235244
5.3952637 1.4602684 5.34776
5.4117791 1.4524902 5.3347171
5.4140302 1.4591334 5.3335506
5.4084238 1.4552838 5.3577894
5.4087195 1.4552866 5.3610257
5.4084962 1.4555179 5.3477117
5.4064952 1.4603093 5.3487681
5.4169535 1.4563334 5.3482031
5.4107693 1.4526932 5.3440594
5.4087516 1.4520202 5.3582839
1.06519 2.46679 0.55553
5.4106989 1.4590588 5.3436327
5.4065479 1.4589743 5.3416057
5.4053803 1.4543055 5.3499047
5.4073494 1.4612116 5.3389759
5.4077603 1.4617624 5.3428459
3.91345 1.00174 3.3437
5.4151921 1.4595275 5.3438068
2.21388 0.91679 5.78711
3.57501 1.31059 2.45856
5.7750123 1.4781003 4.4703907
5.7691074 1.4715389 4.4701325
5.7668128 1.4827575 4.4642114
5.7756916 1.4786756 4.465795
5.780097 1.480635 4.4642275
5.769923 1.4814462 4.4643061
5.7726586 1.4781892 4.4725114
5.7759832 1.4747473 4.4636773
5.7706703 1.4710798 4.4628743
5.776219 1.4801059 4.4674114
5.7794929 1.4738649 4.4638976
4.8073353 1.2644311 4.1747173
4.8130758 1.2753112 4.1828324
4.8125624 1.2740919 4.1825657
4.8171691 1.2711787 4.1767035
4.8144379 1.2737018 4.1814066
4.8234778 1.2829262 4.1748108
4.8149076 1.2754057 4.1813833
4.8180677 1.2739925 4.1838984
4.8195398 1.2694069 4.1867755
4.8183062 1.2765387 4.172592
4.8214342 1.2747082 4.1714752
4.812988 1.276087 4.1769326
4.813556 1.2773438 4.1766727
4.8124552 1.2793145 4.1843543
4.8129664 1.2739827 4.1788529
4.8142228 1.2714917 4.1802453
4.8167521 1.277146 4.1792994
4.8114735 1.2748971 4.1832004
4.8142586 1.2744204 4.1817811
4.8224546 1.2820754 4.180916
4.8229545 1.2831351 4.1782826
4.8076585 1.2755166 4.1893699
4.8122443 1.2775864 4.1850723
4.8158061 1.2690565 4.1835373
4.813724 1.2700454 4.188911
3.3416956 2.0804756 3.9873411
3.3354135 2.0785618 3.978432
3.3344757 2.0772881 3.9798551
3.3318599 2.0776719 3.9775481
3.3343653 2.0764967 3.976265
3.3394425 2.0780379 3.9719111
3.3457582 2.0775202 3.9812279
3.3366849 2.0752803 3.9857364
3.3398709 2.0787819 3.982512
3.3439164 2.0834127 3.9869932
3.3363071 2.0791726 3.982048
3.3430244 2.0759025 3.9866493
3.3433513 2.0739622 3.985061
3.335691 2.0783906 3.9816152
3.3363107 2.0780127 3.9792998
3.3362191 2.0811277 3.9788188
3.3357463 2.0777312 3.9783431
3.3394944 2.0762197 3.9811959
3.3348809 2.076799 3.9773878
3.3212709 2.0777673 3.9732796
3.3347212 2.0779825 3.9795587
3.3344942 2.0787824 3.9831953
3.3354562 2.0773008 3.9831904
3.3299827 2.0767233 3.9763715
3.3350419 2.0736346 3.9797851
3.3363621 2.0766444 3.9739099
3.3370905 2.0723665 3.9748389
3.3365401 2.0762715 3.9772604
3.3375474 2.0806789 3.9798912
3.3353743 2.0794888 3.9783025
3.3344546 2.0740579 3.9819013
3.3397747 2.0820439 3.9816957
3.334171 2.0821822 3.9811798
3.3322494 2.0677753 3.9744731
3.3328468 2.0886349 3.988325
3.07909 2.00013 5.00362
3.7767156 1.0435339 2.287497
3.7822926 1.0411485 2.285865
3.7787313 1.0430394 2.285629
3.7804519 1.0438427 2.2824415
3.7774358 1.0427865 2.2866748
3.7716954 1.0381192 2.2858495
3.7789899 1.03577 2.2816347
3.7685054 1.0448348 2.2835447
3.7769115 1.0466211 2.2805603
3.7742822 1.0388735 2.2831024
1.39441 1.43339 1.50537
3.7728752 1.0560697 2.2929962
3.7832117 1.0486621 2.2874266
3.7767534 1.0385856 2.2950404
3.7770318 1.0427707 2.2897003
3.7773619 1.0430626 2.2877326
5.259181 1.9072463 1.4550543
5.2644023 1.9148846 1.4577993
1.46584 0.48033 3.05533
5.2486917 1.9227859 1.4474854
5.2565061 1.9198625 1.4502767
5.2592654 1.9160005 1.4497176
5.2635631 1.9085303 1.456784
4.5120441 1.4986483 2.0081973
4.5146048 1.5092594 2.0275212
4.5115818 1.5064167 2.0256651
4.5202018 1.5093232 2.0136549
4.5158882 1.5004126 2.0228199
4.5149847 1.4997234 2.0203371
4.5187589 1.499492 2.0191033
4.5169569 1.4987701 2.0169993
4.5182219 1.5003172 2.0185272
4.5206208 1.4931314 2.0225675
4.5077184 1.5006483 2.0146321
4.5175115 1.5041166 2.0152924
4.5240026 1.5009114 2.0112129
3.9309448 2.5092418 0.19611324
3.9440324 2.5108601 0.21042824
3.9292524 2.5100772 0.19659912
3.9039333 2.5115335 0.17971677
3.9261111 2.5174781 0.20108723
3.9262044 2.5171902 0.19969245
5.87346 2.31718 0.30861
5.404733 1.4564859 5.3579942
1.75232 2.37589 5.15905
5.4022692 1.4494045 5.3508979
5.4158768 1.4445785 5.3546939
5.4081575 1.4628972 5.3399167
5.4159213 1.4620709 5.3587372
5.4077373 1.4556408 5.350882
5.4121821 1.4593535 5.339644
5.4068735 1.4583928 5.3516729
5.4068211 1.4609261 5.3550498
5.4169474 1.4529337 5.3521836
5.7738977 1.4803985 4.4590115
5.7726465 1.4724438 4.472738
5.7739799 1.4747711 4.4663459
5.7748154 1.4780849 4.4664608
5.7825052 1.4788742 4.4598325
5.7815844 1.4732606 4.4660361
5.778119 1.4744907 4.4632292
5.771549 1.4806794 4.465008
5.7690434 1.4817759 4.4677483
5.7863988 1.4763451 4.4674417
5.7869026 1.4766433 4.4671628
5.7771582 1.4811779 4.4661101
5.7846866 1.4775307 4.4663556
4.8208656 1.2845251 4.1705773
4.816499 1.2702892 4.1828663
4.8184323 1.2735081 4.1829109
4.8118455 1.2736647 4.1801879
4.8168607 1.2720329 4.1854016
4.8181075 1.2787648 4.1844134
4.819792 1.2766199 4.1818932
4.8135955 1.2818846 4.182678
4.8104898 1.2790681 4.1807468
4.8097247 1.2796609 4.1836683
4.8220044 1.2736255 4.1764714
4.8093637 1.2765188 4.1795808
4.8098337 1.2765225 4.1821545
4.8124586 1.2796835 4.1836267
4.8158694 1.2679736 4.181868
4.8105116 1.2721175 4.1789532
4.8143701 1.2754086 4.1830194
4.8109551 1.2760009 4.1895751
4.8123273 1.2732927 4.1852281
4.8124135 1.2759365 4.1820577
4.817525 1.2803893 4.1762426
4.8121785 1.2763221 4.1824836
4.8163367 1.2789847 4.180383
4.8135805 1.2798912 4.1794987
4.8131465 1.2757432 4.1875644
3.3230782 2.0735753 3.9614775
3.3345459 2.0799626 3.9798651
3.3352797 2.0788792 3.9790662
3.3364259 2.0848819 3.9744673
1.47788 0.75444 2.87296
3.3369159 2.0772274 3.9781502
3.3371313 2.0727583 3.9796051
3.3371841 2.0745726 3.9852604
3.3358348 2.0762903 3.979558
5.92592 0.25027 4.71019
3.3351982 2.0781065 3.98028
3.334866 2.0780294 3.9830147
3.3382865 2.0761256 3.9808009
3.3337289 2.0846916 3.9777454
3.3454629 2.079714 3.9830281
3.336641 2.0785801 3.9792511
3.3384737 2.0797012 3.982929
3.3252465 2.0753999 3.97978
3.3324162 2.0725251 3.9787066
3.3230292 2.0722174 3.9751088
3.3338259 2.0784643 3.9816935
3.335487 2.0721382 3.9797673
3.3320669 2.0772234 3.979162
3.3317879 2.0720205 3.977617
3.3374153 2.0773285 3.9758136
3.3395899 2.0760871 3.9790975
3.3403056 2.0808184 3.9754125
3.3380144 2.0777042 3.9719443
3.3324089 2.0773885 3.9786597
3.3263966 2.0813605 3.9708747
3.3313953 2.0874606 3.9752595
3.3268975 2.0806469 3.9760903
3.3355233 2.0797115 3.9829144
3.3300988 2.0677944 3.9806
3.7732201 1.0430708 2.2860034
3.7716832 1.0367885 2.2939986
3.778097 1.042649 2.2869962
3.7789064 1.0381246 2.2876643
3.7774277 1.0471016 2.2789576
3.7748703 1.0437631 2.2819792
3.7714608 1.0448099 2.2834298
3.20352 2.61081 2.74736
3.7843315 1.0497183 2.2895155
3.7710174 1.0459059 2.2818273
3.785411 1.0433587 2.2779492
3.7757987 1.044112 2.2829223
3.7749806 1.0474904 2.2844631
3.7821158 1.0413994 2.2852011
3.7850727 1.0405254 2.2850554
3.7778866 1.039873 2.2890602
3.7789034 1.0422279 2.2885635
3.7721713 1.0487212 2.290587
5.2607051 1.9177227 1.4551619
5.2539918 1.9173037 1.4613694
5.2664731 1.9284642 1.4578981
5.2592619 1.9169693 1.4553819
5.2585079 1.9208425 1.4487441
5.2602441 1.9270909 1.4562349
2.71194 2.25824 4.53255
5.2513912 1.9267818 1.4535682
5.2636356 1.9133607 1.4579381
4.5172132 1.4997047 2.017849
4.5122056 1.5068849 2.0076957
4.5240428 1.493213 2.0125567
4.5145209 1.4918808 2.0184457
4.5152734 1.4968195 2.0175042
4.5095741 1.5093283 2.0240949
4.5138126 1.5028746 2.0269971
4.5281697 1.4901833 2.0163875
4.5080653 1.5065943 2.0097737
4.5175783 1.5003117 2.0159649
3.9432295 2.5057459 0.19883837
3.926904 2.5103645 0.19476491
3.9362194 2.5096768 0.20907933
3.9311189 2.509485 0.20006943
3.9298632 2.510786 0.20034217
3.933292 2.5160587 0.19986715
3.9285237 2.511195 0.19621283
3.9038877 2.5066621 0.18267382
4.6556619 2.5601273 4.599077
4.6577712 2.5605942 4.6062821
4.6579888 2.5590646 4.6058118
4.6515083 2.5589093 4.5992809
4.00943 0.98016 4.70064
4.6462295 2.5586165 4.5946149
4.6547026 2.5599558 4.5944485
4.6434719 2.5673761 4.597757
5.4087444 1.4515506 5.3421251
5.4108779 1.4592204 5.3567436
5.774989 1.4801985 4.4674309
5.7755972 1.48045 4.4686792
5.7701069 1.4752637 4.467332
5.7705058 1.4749502 4.4707369
5.7702222 1.4762155 4.4725391
5.7777434 1.4769788 4.4723629
5.7748233 1.4850364 4.4681329
5.7724013 1.4794757 4.4685027
5.7774965 1.4787043 4.4584121
5.7816977 1.4814854 4.4766855
5.781077 1.4827904 4.4761501
5.7728953 1.4826124 4.4641007
5.7767545 1.478683 4.4670896
5.7753426 1.4788627 4.4663395
2.65639 0.68751 4.66402
4.8157966 1.2747589 4.1827922
4.8156483 1.2730777 4.1833107
4.8141749 1.2730769 4.1826434
4.8137403 1.2738066 4.1831222
4.8196808 1.2779617 4.1823012
4.810343 1.280774 4.1819673
4.8137725 1.2773084 4.1827796
4.8142919 1.2850846 4.1840556
4.817007 1.282671 4.186578
4.8156204 1.2753982 4.1807509
4.8134578 1.2751614 4.1783784
4.8106588 1.2786904 4.1799384
4.8123811 1.2784278 4.1802216
4.8069752 1.2731572 4.1912515
4.8113174 1.2748878 4.1807884
4.8135036 1.2724961 4.1821105
4.8121386 1.2803827 4.1874727
4.8112109 1.2794522 4.1883983
4.812904 1.2758406 4.1826135
4.8136922 1.2786063 4.1819595
4.8123307 1.2726555 4.1824195
4.8119927 1.2746725 4.1821391
4.8206455 1.271776 4.1733998
1.49913 2.65011 3.81937
1.54705 1.0162 4.84821
3.3327724 2.0781272 3.9748452
3.3351076 2.0772743 3.9781966
3.3287042 2.0821808 3.9686464
3.3293446 2.0873632 3.9772599
3.3393532 2.077208 3.9806111
3.336779 2.0816253 3.9832785
3.3350455 2.0733825 3.9832298
3.336317 2.0775853 3.9780342
3.3460165 2.0739018 3.9799446
3.335556 2.0775253 3.9813415
3.3378667 2.0790632 3.9826242
3.3396809 2.0844751 3.9795
3.86812 0.43536 5.37116
3.3460076 2.0701898 3.9858212
3.3362647 2.0781545 3.9792665
3.3327206 2.0714704 3.9808998
3.3276012 2.0740747 3.9843014
3.3282454 2.0752614 3.9807338
3.332207 2.0702838 3.9760385
3.332295 2.0771412 3.9801452
3.3409847 2.0745543 3.9839185
3.3444673 2.0742294 3.9781714
3.336615 2.0803899 3.9700569
3.3361298 2.0795971 3.9786185
3.3404313 2.0799027 3.9786014
3.3378614 2.0795405 3.9777048
3.3398628 2.075733 3.9806528
3.3374378 2.0784845 3.9799168
3.3365182 2.0773597 3.9788346
3.3370406 2.0791301 3.9742804
3.3364488 2.0747723 3.9823657
3.3267864 2.0844464 3.9780418
3.3358896 2.0779393 3.9788824
3.7804525 1.0456457 2.2882977
3.7764676 1.0425261 2.28852
3.7785823 1.0441569 2.2869675
3.7775914 1.0423285 2.2917817
3.7726484 1.0494771 2.2838585
3.7799618 1.0421314 2.2918713
3.7762664 1.0406215 2.2953737
3.7763873 1.0385233 2.2926011
3.7788455 1.0414489 2.2849826
3.7864968 1.0423045 2.2846442
3.7828455 1.0465924 2.2908135
3.7786218 1.0433226 2.2866685
3.7739946 1.0480138 2.2897276
3.7740165 1.0396326 2.2904309
3.7774784 1.040301 2.2884656
3.7791154 1.0344918 2.2859146
3.7696701 1.0482446 2.301865
4.9208 1.32415 4.6947
5.2609487 1.9189166 1.453724
5.2516386 1.9223605 1.4547924
5.2616793 1.9218354 1.4620269
5.2611029 1.9177888 1.4540151
5.2635679 1.9226001 1.4525898
5.2644598 1.9249328 1.4540465
5.2615221 1.9080785 1.4531308
5.2477217 1.9229678 1.4512991
5.2564994 1.9289957 1.4527821
5.2612211 1.9213942 1.4582141
5.2573895 1.9201867 1.4558608
5.256478 1.927418 1.4570537
5.2619467 1.921604 1.4464608
5.23775 0.54927 0.33608
5.2642875 1.9129557 1.4558596
5.2609176 1.918213 1.4556163
5.2612859 1.9202018 1.4583368
5.2593839 1.9227093 1.4620945
3.9244123 2.5145699 0.19499232
3.9304671 2.5143628 0.19843926
3.9325597 2.5094662 0.19901274
3.928417 2.511388 0.19734242
3.9301191 2.5115209 0.19870472
3.9295976 2.509887 0.19905584
3.9237327 2.5122553 0.19368454
3.9272029 2.513208 0.19776968
3.9421663 2.5158314 0.20255516
0.46666 0.67961 4.59199
4.6551297 2.5605064 4.6024231
4.6593073 2.5556036 4.6127897
4.6625965 2.5580307 4.6174099
4.6500886 2.560166 4.5976857
4.6470829 2.5633304 4.6023524
4.6637598 2.5629347 4.6100701
4.6400364 2.5582448 4.5907896
4.6531087 2.557686 4.606112
4.6422207 2.564491 4.5909792
5.7762988 1.4780254 4.4733447
5.7750829 1.4791754 4.4669494
5.7744014 1.4824523 4.4697925
5.7707767 1.4742159 4.4702893
5.7748765 1.4803957 4.4699246
5.7748976 1.4815264 4.4706132
5.7719207 1.482335 4.4714231
5.7742825 1.4798768 4.4662203
5.7743176 1.4762271 4.459712
5.7713469 1.4723713 4.4786589
5.7788456 1.4924951 4.4715143
5.7740657 1.4776876 4.4639561
5.7747667 1.4794842 4.4665699
5.7685824 1.4819468 4.4649683
5.7638838 1.4831803 4.468125
4.8264708 1.2720671 4.1716206
4.8131167 1.2745442 4.1714497
4.8172985 1.2729863 4.1810842
4.8146984 1.2732847 4.1817875
4.8138859 1.2749257 4.1821639
4.8069722 1.2769178 4.1801112
2.74645 1.01723 6.20319
4.8132852 1.2717127 4.1857622
4.8152116 1.2794359 4.1840624
4.8124556 1.2777087 4.1832443
4.8089609 1.2804283 4.1855711
4.8109854 1.2813885 4.1847753
4.8203095 1.2786698 4.180632
4.8081488 1.2846113 4.1852049
3.9384 1.03285 0.99264
4.8108094 1.268359 4.1776167
4.8106692 1.2697554 4.177099
4.8126628 1.2750922 4.1824761
4.8169867 1.2759851 4.1859425
5.09062 1.65169 5.13142
4.8132887 1.2742187 4.1817314
4.8139402 1.2752368 4.1851965
4.8130105 1.2752306 4.1827588
4.8175164 1.2722144 4.186005
3.3348626 2.0788855 3.9787112
3.3356393 2.0832449 3.976283
3.3289339 2.0815899 3.9718516
3.3235876 2.0754497 3.9686125
3.3349782 2.0684506 3.9742913
3.3299717 2.0754823 3.9824696
3.3356029 2.0805634 3.9774534
3.340956 2.07819 3.9834162
3.3370269 2.0775944 3.9767711
3.3429216 2.0733324 3.9817208
3.3424254 2.0771218 3.9805934
3.3354037 2.0727799 3.9796205
3.3363154 2.072871 3.9791267
3.3470467 2.0850314 3.9844548
3.3391365 2.0754917 3.9839847
3.3305713 2.0801025 3.976337
3.3270331 2.0742589 3.9728418
3.3248898 2.0740479 3.981311
3.3318927 2.0786691 3.9718542
3.3274531 2.0744547 3.9708702
3.3315871 2.0763213 3.9699943
3.3350764 2.0779554 3.9754023
3.3354313 2.0799911 3.9771482
3.3309513 2.0787031 3.9748915
3.3363604 2.0783538 3.9786315
3.3369088 2.0784142 3.978541
3.3356415 2.0797667 3.9752157
3.3370861 2.075904 3.9717767
3.3403631 2.079264 3.9760851
3.3363828 2.0738823 3.9800616
3.3321081 2.0785288 3.9802395
3.3315153 2.0796238 3.9805258
3.3283881 2.0856788 3.9743845
3.7795991 1.0435267 2.2873725
3.7784812 1.0397036 2.2876304
3.7834885 1.0458339 2.2838789
3.7794997 1.045351 2.2846081
3.7793258 1.0449701 2.285922
3.7732061 1.046801 2.291359
3.776253 1.0422419 2.2890916
3.7808439 1.043383 2.2818183
3.7835336 1.0440709 2.283002
3.7733212 1.0440822 2.2874975
3.7735649 1.0439082 2.2925535
3.7820505 1.0376863 2.2920987
3.7882177 1.0423646 2.2846715
3.7740445 1.0416965 2.2874909
3.7774162 1.0401334 2.2866856
3.7762534 1.0403874 2.2890214
3.7813932 1.0433189 2.2701925
3.7773812 1.0418233 2.2874534
3.7725575 1.0313546 2.2994415
5.260045 1.926335 1.454972
5.257835 1.9208536 1.4608296
5.2596534 1.9180828 1.4517392
5.2566949 1.9192496 1.4533285
5.2601807 1.9193815 1.4538991
5.2592035 1.9204723 1.452879
5.2643343 1.9147449 1.4569508
5.2561223 1.9148468 1.4503353
5.2576819 1.9163248 1.44831
5.2588127 1.9191156 1.4556927
5.2611926 1.9207013 1.4653674
5.2617734 1.9183988 1.4549902
5.2622059 1.9191077 1.457275
5.2605758 1.9283417 1.4580122
5.2584317 1.9184809 1.452
5.2591931 1.9183036 1.4542785
1.23646 1.36264 1.2799
2.06709 1.3298 4.58937
3.9233812 2.5116708 0.19274893
3.9252351 2.5197992 0.19586333
3.9326995 2.5158355 0.20757166
3.9324583 2.5070206 0.20104358
3.9298622 2.5066952 0.19654287
3.9262038 2.5118135 0.19413413
3.9271275 2.5090571 0.19621381
3.9436239 2.5171517 0.20226363
3.9432588 2.5158995 0.20080805
3.9387538 2.5206627 0.20814749
4.6469823 2.562919 4.5978098
4.6538769 2.5617713 4.6047983
4.6514544 2.5573141 4.6091251
4.6463806 2.55404 4.5938624
4.6450875 2.5664608 4.5927133
4.6508804 2.5632895 4.6003499
4.6531896 2.5560089 4.6024855
4.6511048 2.5669481 4.5952023
4.6570117 2.5719399 4.608482
5.7747809 1.4771538 4.4656526
5.7747145 1.4789151 4.4661296
5.7707329 1.4810258 4.4624938
5.7769814 1.4813657 4.4641932
5.7736511 1.4812895 4.4620223
5.773685 1.4774117 4.4661074
5.7750363 1.4810253 4.467331
5.7716885 1.4805051 4.4656867
5.7791391 1.4801919 4.468661
5.7728963 1.4707083 4.4753345
6.02346 2.29905 5.50887
5.7750694 1.4790671 4.4679641
5.7713284 1.4756108 4.471998
5.7696098 1.4753954 4.4726237
5.7829513 1.4706857 4.4571576
4.8084294 1.2762895 4.191514
4.8017112 1.2749954 4.1810793
4.8116719 1.2720337 4.178749
4.8143462 1.2694255 4.1811529
4.8131776 1.2747456 4.1822943
4.8124186 1.2705186 4.1863265
1.098 0.17129 1.30536
4.8138024 1.2709378 4.1799987
4.8105915 1.2702585 4.1825782
4.8072634 1.2753424 4.1805884
4.8093744 1.2707641 4.181497
4.8083085 1.2715622 4.1829817
4.8161014 1.2705282 4.1869875
4.8215406 1.2751427 4.1816583
4.8171276 1.2703162 4.1910248
4.8120087 1.275484 4.1823618
4.8140569 1.27334 4.181583
4.8105119 1.2748267 4.1813995
4.8146933 1.2766944 4.191849
3.34536 2.22392 5.66126
4.8202243 1.2690958 4.1743109
4.8140113 1.27498 4.1849515
4.8082459 1.2786339 4.1852727
4.8126465 1.2780845 4.1822288
3.3381632 2.0751534 3.9802979
3.3373633 2.0745703 3.9795319
3.3377007 2.0800979 3.98146
3.3370154 2.0847358 3.9739951
3.3429758 2.0735971 3.9831209
3.3297642 2.0781639 3.9804945
3.3359842 2.0784511 3.990072
3.3318485 2.0753548 3.9872905
3.3304832 2.0710115 3.9804759
3.3327388 2.0803299 3.9757587
3.333318 2.0772889 3.9758548
3.3389997 2.0803416 3.9819755
3.3382746 2.0752779 3.9863291
3.3393705 2.0748423 3.9859284
3.3278743 2.0748914 3.9839242
3.3350338 2.0788443 3.9786414
3.332426 2.0794342 3.9882611
3.3341464 2.0783816 3.9768198
3.3354602 2.0783733 3.9786571
3.336389 2.0785682 3.97872
3.3308162 2.0701624 3.980613
3.3395565 2.0766135 3.979073
3.3345775 2.0813046 3.9826345
3.3361811 2.0816621 3.9836426
3.3474358 2.0849857 3.9823162
3.3486843 2.0762638 3.973947
3.3367163 2.0752641 3.9786403
3.3396618 2.0722812 3.9782936
3.3435049 2.0741265 3.9827537
3.3391754 2.0768562 3.9760736
3.3361302 2.0786797 3.9783019
3.3325547 2.081645 3.9681822
3.3260536 2.0718548 3.9802937
3.7816807 1.0390713 2.2766524
3.7780209 1.0412525 2.2829149
3.7820834 1.0418797 2.2766613
3.7756244 1.0480264 2.2855498
3.774669 1.0397915 2.2835946
3.7787004 1.0390323 2.2837391
3.7783489 1.0391748 2.2897194
3.7796708 1.0436383 2.2845909
3.7765672 1.0445871 2.2869716
3.7815831 1.0410214 2.2833003
3.7817616 1.03937 2.2810079
3.7671525 1.0395119 2.2850426
2.68838 0.8304 4.54212
3.7788726 1.0435728 2.2867962
3.7769924 1.0399754 2.2875965
3.7835633 1.0453004 2.2778831
4.85647 2.15537 1.28948
3.7709281 1.0374551 2.2937152
3.7745314 1.0423228 2.2885207
5.258757 1.9193013 1.4603217
5.2602648 1.9184954 1.4539144
5.2618937 1.9180473 1.4552244
5.2585399 1.9190517 1.4549331
5.44422 1.81619 3.17535
5.2645672 1.913924 1.4669492
5.2611253 1.9197343 1.4578218
5.2603561 1.9171282 1.4509921
5.2590062 1.9168801 1.4532878
3.21376 0.85887 0.42821
5.2694883 1.9170402 1.4657542
5.2594046 1.9200377 1.4546314
5.2632007 1.9187307 1.4576698
5.2546131 1.9248105 1.4540757
5.2592671 1.9176117 1.4518015
5.2598318 1.9190752 1.4529897
5.2561807 1.9210107 1.4523379
0.84741 1.61283 4.73998
5.51815 0.21777 1.20152
3.9492868 2.5100067 0.21417719
3.9279744 2.5130563 0.19791962
3.9290211 2.5110335 0.19723113
3.9283348 2.5126259 0.1965538
3.9270805 2.5117303 0.19763365
3.92849 2.5097879 0.19603997
3.9433463 2.5184501 0.20473806
3.9293751 2.5119682 0.19620012
3.9297772 2.5125219 0.19801709
4.6541805 2.5598292 4.6033593
4.6548035 2.5587615 4.6051677
4.6548767 2.5618319 4.6069322
4.6430362 2.5582232 4.6012573
4.636265 2.5530913 4.5881153
4.6435519 2.5535187 4.5967787
4.6473412 2.5580578 4.6005529
4.655287 2.5594482 4.6106362
4.6414363 2.569712 4.5929149
5.7747009 1.4785462 4.4663021
5.7707604 1.4825478 4.4652841
5.7685801 1.4814313 4.465939
5.7745097 1.4777773 4.46383
5.778737 1.4757247 4.4633685
5.7720931 1.4798334 4.4661085
5.7759975 1.4773561 4.4718758
5.7739696 1.4769482 4.4634015
5.7714183 1.4794205 4.4672548
5.7730798 1.477769 4.4667535
5.7749667 1.4784962 4.4659396
5.772868 1.4782771 4.4660433
5.7750668 1.4787977 4.4677061
5.7793561 1.4791681 4.4614315
5.7869654 1.4803086 4.4634718
4.8084977 1.2760893 4.1854979
4.8124514 1.2831842 4.1762
4.8199328 1.2790747 4.1800912
4.818082 1.2763437 4.1775052
4.8135256 1.2787706 4.1792871
4.8097206 1.2733267 4.1890975
4.8123542 1.2767668 4.1834395
4.8130638 1.2750394 4.1822834
4.8128137 1.2749669 4.1824496
4.8130619 1.2749325 4.1818475
4.8187416 1.2718314 4.1789158
4.813106 1.2765648 4.1835771
4.8116004 1.2748945 4.1826699
4.8122375 1.2743928 4.1911029
4.8124758 1.2743471 4.182971
4.8120289 1.2664719 4.1821419
4.814126 1.2672523 4.1844137
4.8134901 1.277501 4.1808895
4.8124219 1.2674069 4.1930858
4.8030747 1.2657029 4.1944138
4.8064212 1.2712859 4.1855764
4.8174017 1.2873353 4.1836765
4.8078942 1.2745788 4.1766448
4.8024586 1.2757528 4.1971548
1.19084 1.67754 4.4037
3.3365197 2.0772642 3.9801352
3.3386232 2.0785344 3.9791404
3.348903 2.0721983 3.9816616
3.3412005 2.0805068 3.9884578
3.3422607 2.0836522 3.9800425
3.3385238 2.0827191 3.9752946
3.3299371 2.0812304 3.979722
3.3332591 2.0748103 3.9685377
3.3390524 2.0755153 3.9705845
3.3377192 2.0807377 3.9715094
3.3357588 2.0802706 3.9778944
3.3367545 2.0778306 3.9783326
3.3359652 2.0766201 3.9778238
3.3295202 2.075831 3.9860356
3.3355964 2.0764184 3.9787983
5.75978 1.27822 5.25514
3.3386831 2.0752795 3.9901745
3.3358599 2.076959 3.97856
3.3351539 2.0781127 3.9772309
3.3327078 2.072347 3.9842737
3.3366226 2.0784076 3.9791656
3.3400759 2.0826564 3.9795534
3.3413737 2.0781721 3.9805883
3.327458 2.0776605 3.9813182
5.15895 2.04778 4.45616
3.3353663 2.0806873 3.973704
3.3346662 2.0722454 3.9646584
3.3301057 2.0832261 3.9775118
3.3341046 2.0756106 3.978373
3.3332859 2.0932481 3.9756324
3.3202141 2.0800866 3.9625877
3.7684976 1.0492809 2.300154
3.7782709 1.034677 2.2934551
3.7816854 1.0349197 2.2805259
3.7755385 1.0390134 2.2818785
3.774581 1.040666 2.2898246
3.7784551 1.0394753 2.2864138
3.7791025 1.0427067 2.2848947
3.7795133 1.038559 2.2865135
3.782938 1.0386288 2.2916173
3.7772964 1.0452306 2.2874874
3.7790846 1.042354 2.2857152
3.778992 1.0407218 2.2840831
3.7828611 1.039908 2.2836937
3.7803869 1.0429855 2.2868806
3.7798415 1.0419081 2.2844407
3.7771365 1.0443768 2.2862552
3.7790632 1.0411529 2.2886795
3.7796225 1.0380297 2.2894991
3.7776937 1.045767 2.2897181
3.7771149 1.0416674 2.2873437
5.2612977 1.9206848 1.4633579
5.2640326 1.921648 1.4642801
5.2628216 1.9236892 1.4575776
5.2630832 1.9242252 1.4580936
5.2611579 1.916002 1.4606217
5.2609444 1.9239555 1.4509824
5.2611914 1.9228084 1.4503598
5.2620653 1.9206849 1.4543175
5.2564283 1.9128382 1.44636
5.2592588 1.9160731 1.4650589
5.2561879 1.9198884 1.460083
5.2593881 1.912932 1.4553638
5.2618751 1.9211858 1.4520936
5.263089 1.9217496 1.4551404
5.2605744 1.9190914 1.4541703
5.2600386 1.9151269 1.4575871
5.2615588 1.922431 1.4513514
5.2631656 1.9227908 1.4557106
3.9482265 2.5044723 0.21232329
3.9230021 2.51855 0.19781727
3.70322 1.10341 2.53005
3.9217995 2.5162457 0.18580875
3.9284573 2.5104351 0.19603435
3.9290646 2.5109194 0.19430411
3.9284246 2.5185042 0.18689264
3.9377898 2.5148216 0.19306582
3.9303053 2.5085181 0.20121801
3.9294609 2.5063744 0.19495753
3.9326301 2.5081282 0.19672571
4.6491517 2.5622938 4.5987561
4.6446319 2.5564746 4.5992272
4.6565752 2.5594163 4.6006291
4.6500453 2.5614517 4.5941622
4.6469501 2.5543726 4.5902148
4.654229 2.5565076 4.5992709
4.6584982 2.5617755 4.6101152
4.6603734 2.5570405 4.6019773
5.7741843 1.4731604 4.4759066
5.7770064 1.4764147 4.4625397
5.7751883 1.4780672 4.4660495
5.7761347 1.4808197 4.4641024
5.7807141 1.4783067 4.4607547
5.7757447 1.4736385 4.4713965
5.7713216 1.4822293 4.4765472
5.7765425 1.479856 4.4665583
5.7783424 1.4794979 4.4639284
5.7750236 1.4777855 4.4630342
5.7761928 1.4756902 4.4639485
5.7758333 1.4803916 4.4651201
5.7762951 1.4780442 4.4694931
5.7738246 1.4781427 4.465362
5.7744119 1.4849777 4.4673002
2.24467 1.72443 1.67208
4.8127822 1.2775121 4.1828718
4.8133898 1.2755351 4.1814426
4.8136848 1.276881 4.1794815
4.8138998 1.2754159 4.1813664
4.8164486 1.2806424 4.1804742
4.8136776 1.2758056 4.1820174
4.8179363 1.2754883 4.1823718
4.8166819 1.27678 4.1872196
4.8124736 1.2738467 4.1840096
4.8173934 1.2794648 4.1841609
4.8131739 1.2750602 4.182087
4.814646 1.2688201 4.1777543
4.80203 1.2847808 4.1817312
4.8116727 1.2745576 4.1831819
4.8124148 1.274511 4.1818758
4.8122824 1.2748712 4.1825874
4.8094787 1.2784805 4.1964427
1.43869 1.80316 5.75178
4.8110306 1.269793 4.1891218
4.8126003 1.2749109 4.1819618
1.69336 2.65503 1.25618
4.8136543 1.2720624 4.1802711
4.8112822 1.2725952 4.1816548
3.3278003 2.079352 3.9736068
3.3266394 2.0776705 3.9833273
3.3269935 2.082344 3.9827107
3.3492803 2.0723789 3.9852124
3.3321906 2.0753976 3.9768159
3.3356479 2.0777177 3.9778662
3.3327419 2.0804129 3.9811596
3.3371825 2.0773058 3.991174
3.3381518 2.0724221 3.9742839
3.3371483 2.0785712 3.9787342
3.3418905 2.0860919 3.9788946
3.3349453 2.082114 3.9790779
3.3340005 2.0824838 3.9793303
3.3300665 2.0758516 3.9749987
3.3354431 2.0818212 3.9787167
3.3350481 2.0806334 3.9782609
3.3331142 2.0686139 3.9835341
3.3478533 2.0785617 3.9867155
3.3496999 2.0759855 3.9884075
3.339252 2.0777301 3.9878012
3.3363891 2.0785018 3.9799947
3.3378114 2.0800548 3.9809637
3.3405231 2.0720814 3.9837075
0.54136 1.21175 2.03551
3.3252344 2.0872894 3.9804301
5.581505 1.214619 2.534127
5.58474 1.2089242 2.5194
5.5768208 1.2238994 2.52796
5.5742511 1.2092375 2.5247371
1.18739 0.84683 6.0004
4.74237 1.93462 5.67741
5.58227 1.2188 2.52803
3.7746223 1.0558915 2.2816539
3.7651012 1.0324432 2.2916046
2.02783 1.04306 3.82607
3.7778283 1.0426457 2.2846698
3.777097 1.0417019 2.2871616
3.776219 1.0399958 2.2885228
3.7793963 1.0415315 2.2830305
3.7762273 1.0457931 2.2916421
3.779766 1.0406091 2.2953558
3.7732883 1.0388147 2.2846678
3.777608 1.046582 2.282983
3.7722808 1.047611 2.2910264
3.779781 1.0424444 2.2947511
3.7748809 1.0397108 2.2950236
3.7775892 1.0463723 2.2883648
3.7759113 1.0431609 2.2851007
3.7773303 1.0422177 2.2863802
5.8436 2.64522 0.45036
3.7869553 1.0531564 2.2901476
3.7722382 1.0550189 2.2963028
5.2756123 1.9264513 1.4601399
5.2615189 1.93059 1.4547098
5.2612697 1.9138556 1.4527328
5.253899 1.9176336 1.4571551
5.2578928 1.9207372 1.4531055
5.2643648 1.9204075 1.4574223
5.2598303 1.9177516 1.4531715
5.2533635 1.9154924 1.4452601
5.2595028 1.9129347 1.4471295
5.254152 1.9193301 1.457961
5.2650956 1.924886 1.4533122
5.2611566 1.9200847 1.4473834
5.2612792 1.9193763 1.4538196
5.2574753 1.9191937 1.4505477
5.2615537 1.912502 1.4562042
5.2684317 1.9137142 1.4559584
5.2618559 1.9227018 1.4543825
5.2615303 1.9291158 1.4592348
3.9185189 2.5166852 0.18315073
3.9334149 2.5178628 0.20883356
3.9501619 2.5088368 0.21647273
3.9330431 2.5068922 0.19931284
2.73751 1.68216 4.80977
3.9262753 2.5121639 0.19268806
3.9206875 2.5172142 0.18834887
3.9454357 2.5161862 0.20803401
3.9325031 2.509599 0.20138943
3.9313572 2.5137849 0.2004628
3.9290705 2.5115506 0.1963141
3.9412139 2.5118608 0.21975735
4.6615823 2.55856 4.6188393
4.6498587 2.5598231 4.5978638
4.6433746 2.563016 4.5882354
4.6510674 2.560943 4.5984129
4.6532414 2.562001 4.6000254
4.6518879 2.5593877 4.599806
4.6697013 2.5662828 4.6213623
5.7750657 1.4776216 4.4667168
5.776057 1.4758016 4.4665394
5.7745649 1.4757522 4.4686538
5.7749086 1.471996 4.4637922
5.7803442 1.474599 4.4630564
5.767439 1.4849914 4.4699279
5.7633718 1.4791104 4.4722072
5.7683687 1.4792204 4.4665734
5.7752305 1.4797182 4.4648347
5.7747615 1.4775215 4.4610893
5.7713302 1.4771561 4.463213
5.7718853 1.4781498 4.4624027
5.7777186 1.4817019 4.4705913
5.7751079 1.4784935 4.471419
5.7743495 1.4814065 4.4689875
5.7750729 1.4785079 4.4647429
4.8235084 1.2816008 4.171858
4.8105381 1.2715251 4.1773913
4.8125322 1.2753379 4.1813576
4.8142043 1.2765029 4.1731728
4.8144031 1.2766185 4.1732167
4.8120924 1.2850183 4.1794856
4.8151669 1.2879625 4.1822803
4.8113839 1.2788789 4.1894699
4.8118708 1.269432 4.1809623
4.8181598 1.2767954 4.1750227
4.8145326 1.272226 4.1796976
4.8224269 1.2703842 4.1861571
4.8061024 1.2882412 4.1804963
4.814891 1.2739389 4.1713263
4.8118186 1.2659516 4.1849448
4.8104181 1.2753615 4.1829574
4.8182891 1.2713988 4.1876426
4.8136597 1.2787778 4.1972282
4.815255 1.2810905 4.1789012
4.8116725 1.2749603 4.1819852
4.8181724 1.2813574 4.1758075
4.8152408 1.2726998 4.1822431
4.8200575 1.2678599 4.1908964
3.3355684 2.0832273 3.9880303
3.3414129 2.076304 3.9886268
3.339632 2.0807229 3.9772449
3.3385037 2.0781854 3.978894
3.3358486 2.0816619 3.9809931
3.3375633 2.0774718 3.9813588
3.3395398 2.0837042 3.9716437
0.43803 1.58983 0.24435
3.3367839 2.0669804 3.9817906
3.3381951 2.0801589 3.9793106
3.3422263 2.0807557 3.9774006
3.3393059 2.0820926 3.9784455
3.3318514 2.0780248 3.9752708
3.340314 2.0712213 3.9781982
3.3359768 2.0797127 3.9790341
3.3381302 2.0797505 3.9737867
3.3376654 2.0770264 3.9787681
3.3392058 2.0773017 3.9714459
3.3428043 2.0775944 3.9709737
3.3319371 2.0822003 3.9744929
3.3307023 2.0751915 3.979919
0.10377 0.6339 2.07079
3.3295151 2.0845858 3.9645028
5.5774113 1.2191933 2.5338059
5.5666308 1.2247576 2.529154
5.5735089 1.2241815 2.5252783
5.5688026 1.214386 2.5268982
5.5787978 1.2184572 2.5173221
5.5746962 1.2159448 2.5316635
5.5734986 1.2185813 2.5311557
5.5905569 1.2186852 2.5274814
5.31144 0.90565 2.51703
3.7740159 1.0424375 2.2916243
3.7770188 1.0420102 2.2816697
3.7776276 1.0486897 2.2935618
3.7850075 1.0429057 2.2822199
3.7767523 1.0414737 2.2877894
3.7787227 1.0428759 2.2868268
3.780462 1.0403182 2.2856014
3.778473 1.0422517 2.2858978
3.7693925 1.038165 2.2882921
3.7705325 1.0471469 2.2855966
3.778104 1.0442093 2.2856543
3.7781039 1.0497415 2.2865415
3.7760664 1.045062 2.2817216
3.7772262 1.0428252 2.282053
3.7765669 1.0426173 2.2878708
3.7720871 1.0409387 2.2887658
3.7733347 1.0394275 2.2872006
3.7739517 1.0415576 2.2861198
3.781659 1.0439052 2.2897112
3.7818584 1.0404087 2.2932851
5.2569479 1.9108241 1.440398
5.2603263 1.922993 1.4606582
5.2600459 1.9173084 1.4499667
5.2647297 1.9225076 1.4631864
5.2574241 1.9311657 1.4490778
5.2567608 1.9312997 1.4521304
5.2625164 1.9260952 1.4490046
5.2539894 1.9150963 1.4515697
5.2560621 1.9178629 1.4545909
5.259243 1.9188051 1.4544688
5.2562298 1.91841 1.445506
5.2582609 1.9150446 1.4440132
5.2748731 1.921837 1.4541611
5.2586301 1.9186107 1.4514069
5.2675234 1.9182604 1.4468814
5.2669667 1.9169781 1.4551688
5.2626719 1.9169019 1.4524266
5.2700939 1.9203724 1.4525006
3.9212345 2.5065178 0.18634781
3.9310527 2.5081008 0.19691864
3.9315703 2.5060086 0.19494338
3.9292375 2.5098025 0.19568197
3.9323033 2.5115144 0.19958686
3.9359184 2.5131334 0.19670955
3.9211735 2.5163181 0.1932349
3.925926 2.5014418 0.19041653
3.9272558 2.5019114 0.19170689
3.9305726 2.5151021 0.19221739
3.9230771 2.5117906 0.190104
3.92012 2.5004875 0.19167307
4.6516825 2.5614158 4.6142579
4.6712486 2.5610285 4.6227832
4.6481874 2.5609988 4.5887564
4.6570486 2.5587555 4.6042655
4.6522124 2.5592917 4.600753
4.6535399 2.5614311 4.5984786
4.6635838 2.5567662 4.6088952
5.7723051 1.4790575 4.4728874
5.7735184 1.4770358 4.4681241
5.7768126 1.476557 4.4651403
5.778705 1.4778529 4.4650481
5.7780587 1.4764693 4.467528
5.7729001 1.4779895 4.4683648
5.7721998 1.4783736 4.465645
5.7745186 1.4798968 4.4672306
5.7748803 1.4790377 4.464777
5.7753632 1.4783594 4.462336
5.7781533 1.4758296 4.4641016
5.7789666 1.4766916 4.4631257
5.7788284 1.4793547 4.4669014
5.7755527 1.4761581 4.4655107
5.7769009 1.4807351 4.4663375
5.7829053 1.4811983 4.4685038
4.819652 1.2741549 4.1794165
4.8150429 1.270237 4.1864154
4.8054406 1.2746787 4.1820579
4.80601 1.273582 4.1819758
4.813939 1.2852765 4.1805159
4.8192485 1.2691231 4.1828636
0.47903 1.56741 3.75588
4.8074257 1.2705071 4.184548
4.8123881 1.2693221 4.1809383
4.8130508 1.2652657 4.1849858
4.8167237 1.2712052 4.186323
4.825347 1.2769244 4.1868205
4.8239951 1.2846744 4.1772718
4.8100434 1.2669212 4.1863984
4.8179372 1.2686869 4.1836737
4.8138732 1.2755571 4.1855223
4.8171052 1.2743861 4.1925089
4.8128928 1.2746943 4.1826875
4.8106409 1.2677872 4.1758635
4.8169876 1.2766966 4.1796027
4.8107588 1.2831846 4.1822411
4.8160762 1.2763249 4.1812707
4.8151151 1.2737916 4.1835064
3.346345 2.0815747 3.990429
3.3359032 2.0782415 3.9794022
3.3293351 2.0787404 3.9756738
3.3320473 2.077711 3.9686223
3.3381086 2.0839354 3.9759267
3.3321316 2.0771471 3.9746298
3.3333864 2.0782444 3.9797013
3.3352654 2.0748099 3.9854511
2.12361 1.4478 0.65182
3.3457666 2.0759196 3.992808
3.3345627 2.0847089 3.9768741
3.334129 2.0787418 3.9813617
3.3367957 2.0748298 3.9761706
3.3449375 2.0780257 3.9838983
3.3392209 2.0831343 3.977155
3.343287 2.0774464 3.9788176
3.3437222 2.0763647 3.9800336
3.3331234 2.0806396 3.9781269
3.3401567 2.0851464 3.9790172
3.337243 2.0773174 3.9784718
3.3381146 2.0787012 3.9828899
5.5796887 1.2159883 2.5331101
5.5737167 1.2186658 2.5307226
5.5772381 1.2227216 2.5300425
5.5648732 1.2217097 2.5281628
5.5775051 1.2103125 2.5284174
5.5898055 1.2237489 2.526902
5.05904 1.57973 3.91663
5.5751471 1.212396 2.5303599
5.5768903 1.2179291 2.5330635
5.5752876 1.217577 2.5318613
5.5599 1.2173981 2.5323743
3.7758747 1.0397569 2.2873105
3.7804374 1.0403038 2.283531
3.97463 1.84608 3.87588
3.782096 1.038977 2.2864366
3.7810466 1.0456275 2.285007
3.7816897 1.0448104 2.2843119
3.7756714 1.0410971 2.2873359
3.779874 1.0412689 2.2820943
3.7770192 1.0372883 2.2877866
3.7791111 1.048859 2.2806346
3.7781084 1.0440539 2.2852819
3.779204 1.0449204 2.2845689
3.7767354 1.043898 2.2873642
3.7782642 1.0457432 2.285426
3.7750719 1.0421121 2.2864204
3.7820084 1.0352301 2.2775778
3.7772049 1.0385032 2.2762405
3.7782979 1.0451103 2.2801412
3.7806287 1.0479853 2.288218
3.7751517 1.0283066 2.2921236
5.2651562 1.9267577 1.4503273
5.2600571 1.9255545 1.451625
5.2585597 1.9190481 1.4554316
5.2617332 1.9175434 1.4537251
5.269752 1.9155739 1.4559359
5.2647774 1.9129264 1.449914
5.2605215 1.9189397 1.4566661
5.2638453 1.9101159 1.45859
5.2696151 1.9134095 1.4549508
5.2570789 1.9190255 1.4566153
5.2593481 1.9163686 1.4567251
5.2562071 1.9212223 1.4531769
1.39052 0.45939 3.1486
5.2607313 1.9183665 1.4507889
0.24136 2.55002 3.94363
5.2658531 1.9098675 1.4479689
5.2635637 1.9259425 1.4497312
5.2617129 1.9185327 1.4520525
0.83925 2.19242 0.95018
3.9203315 2.5097884 0.18661338
3.9286626 2.5101027 0.19621214
3.9181971 2.5051258 0.190789
3.9292772 2.5020009 0.20244736
3.9382129 2.5086788 0.20139822
3.9338568 2.5124095 0.20711319
3.9143365 2.5121994 0.1930487
3.924214 2.5034808 0.18195661
3.934927 2.5074676 0.19959077
3.9404309 2.5179926 0.20640387
3.9366736 2.5084908 0.20004149
3.9319173 2.5088431 0.19982273
4.6540806 2.5513851 4.6046554
4.6509805 2.5545352 4.6048484
4.6518434 2.5586032 4.601144
4.6516512 2.5587497 4.6004944
4.6526058 2.5591338 4.5976911
4.6686652 2.5601447 4.6265596
5.7718576 1.4712113 4.4710568
5.7731921 1.4784497 4.4675681
5.7784609 1.4746979 4.466782
5.7782303 1.4686958 4.4660725
5.777147 1.4769893 4.4632515
5.7788137 1.4800062 4.4645738
5.7741525 1.4822954 4.4630335
5.7783676 1.4779452 4.4652296
5.7796435 1.4741501 4.4618213
5.7750285 1.4797637 4.4647411
5.7766514 1.4818613 4.4620286
5.7729865 1.4797357 4.4654198
5.775043 1.4787686 4.4666062
5.7731911 1.4753005 4.4703547
5.7783861 1.4802945 4.4667668
5.7716688 1.4780521 4.4668068
4.8166717 1.2683764 4.1808999
4.8202632 1.2736591 4.1786122
4.8130834 1.276077 4.181843
4.812769 1.2791183 4.1787601
4.8137814 1.28371 4.1826361
4.8132578 1.2751427 4.1822944
4.8190973 1.2759516 4.1790221
4.8210744 1.2770121 4.1810353
4.8169689 1.2743253 4.1848389
4.8124732 1.2692321 4.189637
4.8147174 1.2768321 4.1782733
4.8119692 1.2835606 4.1845272
4.8119639 1.2755778 4.1828033
4.8102642 1.2832173 4.1876834
4.8137199 1.2684462 4.1915625
4.8206242 1.275839 4.1869344
4.8171605 1.2778735 4.1913028
4.8181097 1.2771378 4.1814232
4.8054559 1.2741352 4.1727175
4.8090227 1.2749968 4.1699655
4.8143299 1.2833772 4.1853882
4.8111243 1.2703156 4.1704713
1.2804192 1.8143214 2.1731144
1.2906035 1.8025707 2.1728933
4.49709 1.52444 2.60849
3.3360143 2.0788153 3.9780647
3.3385034 2.0826695 3.9756977
3.3327964 2.0854557 3.9819015
3.3328806 2.0807758 3.9798644
3.3341834 2.0838979 3.980004
3.3352238 2.0769163 3.9743274
3.3270938 2.0846159 3.979114
3.3406535 2.085646 3.9814496
3.3351743 2.077477 3.9795176
3.3350731 2.0797771 3.9826481
3.3369821 2.079027 3.9811152
3.3351647 2.0749949 3.9761239
3.3366419 2.079079 3.9790238
3.3338716 2.0788526 3.9742649
3.337812 2.0782523 3.9796553
6.24422 1.89866 4.05502
3.3314642 2.0729414 3.9725416
3.3478547 2.069013 3.989148
5.5826889 1.2193081 2.5263211
5.5819819 1.2175129 2.5270487
5.5734234 1.2156187 2.5285414
5.5698322 1.2130252 2.5354065
5.5746815 1.2193177 2.5408133
5.5796463 1.2188502 2.5264993
5.571717 1.2226346 2.5320776
5.5732908 1.2030388 2.5336653
5.570634 1.2129635 2.527026
5.5677309 1.2190817 2.5336521
5.5767177 1.2180357 2.5311617
5.5679192 1.2117333 2.545268
3.77823 1.0437244 2.2866267
3.7788433 1.0427318 2.2860072
3.7805927 1.043051 2.2796097
3.7795182 1.0432336 2.2890298
3.7800709 1.0425696 2.2859233
3.7768746 1.0479388 2.2895716
3.7715619 1.0430758 2.2892811
3.7803394 1.0414462 2.2831363
3.7835672 1.038892 2.2816133
3.7779479 1.0487827 2.2810495
3.780188 1.0412651 2.284047
3.775215 1.0426961 2.2868132
3.7777392 1.043331 2.2866636
3.7835663 1.0397628 2.2868113
3.785615 1.0372593 2.2785229
5.71109 2.76413 0.70372
3.7769928 1.0563413 2.2895919
3.7767538 1.0439905 2.2869408
4.13255 1.08229 1.70721
3.7754424 1.037028 2.2840786
5.2551807 1.9208399 1.4570302
5.2596099 1.9244309 1.4500534
5.2604318 1.9187218 1.4556768
5.2527755 1.926456 1.4522401
5.2628681 1.9181941 1.4501332
5.2606961 1.9199163 1.4536994
5.2608612 1.9190966 1.4558312
5.2636747 1.9181111 1.4602385
5.2635513 1.9148386 1.4471846
5.2573343 1.9211591 1.443325
5.2569393 1.9223872 1.4531822
5.2620879 1.919006 1.4561702
5.2567878 1.9112754 1.4511214
5.2611778 1.9199833 1.4554774
5.2607094 1.9189509 1.4548247
5.2634288 1.9176774 1.4568485
5.2624043 1.9265492 1.4515286
5.2609608 1.9181009 1.452011
3.9243686 2.5133595 0.19277726
3.9214511 2.5136634 0.19046982
1.7171 1.16739 6.02414
3.914458 2.5163347 0.17953007
3.9350717 2.5014289 0.20193697
3.929835 2.5099679 0.19751963
3.9276852 2.5061897 0.2039859
3.9137521 2.5175108 0.18890473
3.9358163 2.5191223 0.19270803
3.9385624 2.5122366 0.20782129
3.9256019 2.516072 0.20227818
3.9208544 2.5090232 0.18216022
3.9498232 2.5052386 0.21214861
4.6545451 2.5574541 4.6042602
4.6522734 2.5614247 4.6050971
4.6517262 2.559458 4.602485
4.6502545 2.5609996 4.6011372
4.6501992 2.5565733 4.5983619
4.6448319 2.5733201 4.5965542
5.775319 1.4781009 4.4689061
1.13335 0.28436 1.89023
5.7756138 1.4640748 4.4610618
5.7701925 1.4714372 4.4740331
5.781996 1.4815084 4.4673786
5.7824345 1.4694875 4.467499
5.7848298 1.4742865 4.4643849
5.7774438 1.4747722 4.466531
5.7811923 1.4742183 4.464037
5.7763403 1.4792056 4.4654472
5.7766127 1.4805734 4.4701896
5.7758948 1.4832343 4.4651649
5.7753797 1.481256 4.4579493
2.31773 1.01538 2.10369
5.7728303 1.4670925 4.4578104
5.7729853 1.4760576 4.469196
4.8257344 1.2704928 4.1713774
4.8053081 1.2772904 4.1848084
4.8114131 1.2814991 4.1799913
4.8111392 1.2762445 4.1817452
4.808275 1.2810712 4.1764402
4.8129186 1.2757048 4.1815417
4.8138126 1.2760735 4.1826794
4.819182 1.2797824 4.1841644
4.8131727 1.2814229 4.1864931
4.8122413 1.2752264 4.1845086
4.809748 1.2755569 4.1870441
4.8108182 1.2781006 4.1874481
4.8091781 1.2756463 4.1825009
4.8199532 1.2799353 4.1740702
4.8097349 1.2716636 4.1800022
4.02594 1.37471 2.39499
3.14723 2.74956 2.60711
4.8234182 1.2866441 4.18462
4.8172285 1.2788093 4.1763352
4.8133859 1.2777571 4.1808944
1.2876257 1.8208131 2.1891381
1.2918335 1.8056231 2.181322
1.2857739 1.8044679 2.1831575
1.2866957 1.8094184 2.182199
3.74363 0.61965 2.55607
1.291125 1.8096767 2.1754632
3.3411096 2.0821701 3.9926801
3.3298369 2.0823456 3.9789999
3.3395503 2.0734605 3.9816099
3.3327734 2.082927 3.9739486
3.3330412 2.0837698 3.9747331
3.3353212 2.0805422 3.9773592
3.3362122 2.0812373 3.9707777
3.3326105 2.0751299 3.9808576
3.3297976 2.0724903 3.975638
3.3301656 2.0716874 3.9761436
3.3358199 2.074815 3.9773998
3.335726 2.0775554 3.9791867
3.3333725 2.0783828 3.97603
3.3394086 2.0799978 3.9809601
3.3353304 2.0814128 3.9819631
3.3430003 2.0702997 3.9916661
5.5829997 1.2133801 2.5328883
5.5798066 1.219747 2.5363216
5.5676602 1.2117464 2.5321006
5.5712489 1.2127454 2.5357761
5.5718244 1.2121919 2.5318419
5.5737064 1.2166446 2.540043
5.5786904 1.219388 2.5316949
5.5753859 1.218891 2.5324196
5.5799853 1.2163179 2.5239282
5.5793767 1.2203366 2.5345477
5.5781182 1.218194 2.5359881
5.5722685 1.220643 2.5374688
5.5835047 1.2194092 2.5361257
3.7828049 1.0485811 2.2787574
3.7806354 1.0416337 2.2845448
3.7804627 1.0457738 2.2870032
3.7829477 1.0438621 2.285203
3.7821053 1.0460917 2.286395
3.7839159 1.0453885 2.2864626
3.7789847 1.0461726 2.2917664
3.7786706 1.0416194 2.2797762
3.7832152 1.0441967 2.2773621
3.7729744 1.0411545 2.2861224
3.7782684 1.0426735 2.2883892
3.7749483 1.0428332 2.2892488
3.7760467 1.0420913 2.2876093
3.7886892 1.0420965 2.2791016
3.7846533 1.0461302 2.2775675
3.7832921 1.0440542 2.2850159
3.7743288 1.0497213 2.2902368
3.7737888 1.0426787 2.2877367
3.7703156 1.0512477 2.2823966
3.7742788 1.0430149 2.2861298
5.259686 1.9190394 1.4549581
5.2611867 1.9253847 1.4594546
5.2518643 1.9301932 1.4561325
5.2506142 1.924155 1.453851
5.2613334 1.918977 1.4552392
5.2597025 1.9206428 1.4547867
5.2567676 1.9223685 1.4612488
5.2564299 1.9217388 1.4602472
5.2596983 1.9192537 1.448423
5.2571234 1.9151015 1.4473076
5.2628354 1.9158802 1.4591376
5.2613543 1.918035 1.456128
5.2616433 1.9171718 1.4526746
5.2597056 1.9183315 1.4547126
5.2599934 1.9172335 1.4529277
5.2683176 1.9220813 1.4516822
5.263412 1.9152506 1.4563067
2.09936 1.7951 2.55799
3.1232139 1.0336802 5.8896277
3.93569 2.93707 3.78592
3.1218054 1.0353952 5.8988911
3.9456065 2.5101057 0.20945937
3.9251967 2.5082775 0.19059098
3.9405861 2.5045238 0.19810893
3.9312552 2.5070259 0.20025703
3.9331977 2.5091169 0.20066285
3.9423223 2.5108802 0.21225613
3.930685 2.5065559 0.19739043
3.9136796 2.5125243 0.18406005
3.9229269 2.5173925 0.19528598
3.9311926 2.51132 0.1959465
4.6377516 2.5533217 4.5945203
4.6443098 2.5627647 4.5970587
4.6407461 2.5602697 4.5911984
4.6508031 2.5589835 4.6005552
4.6522567 2.5636677 4.606508
4.6509246 2.5616916 4.6006246
5.7745952 1.4775249 4.4643304
5.77361 1.4779077 4.4623314
5.7727158 1.4776821 4.466354
5.7751759 1.4793512 4.4651896
5.7757798 1.4792174 4.4656523
5.7728831 1.4698038 4.464688
5.7821763 1.4742502 4.4645971
5.775601 1.4769822 4.4661622
5.7752344 1.4775019 4.4646663
5.7780036 1.4762947 4.46362
5.7769594 1.4778141 4.4697754
5.7787227 1.4725744 4.4687125
5.7730528 1.4788937 4.463178
5.7739838 1.4785789 4.4660235
5.7627909 1.4835019 4.4723659
1.1442843 0.62397834 1.5489634
1.1453715 0.6232464 1.5492296
4.8166106 1.2704863 4.1938942
3.75485 1.78549 1.84117
4.8040375 1.2743889 4.1867848
4.8017338 1.2709568 4.1821202
4.8256144 1.275837 4.1707402
4.809497 1.2866738 4.1864926
4.815103 1.2821704 4.1763265
4.8139827 1.2797163 4.1820895
4.8140188 1.2815764 4.1831505
4.8104423 1.2770134 4.1840621
4.8151777 1.2737563 4.1835902
4.8132733 1.2763437 4.1826222
4.8217017 1.2783432 4.1788578
5.7792886 2.5648872 0.58664818
5.7525044 2.5662752 0.5715123
5.7681783 2.5523613 0.57522658
5.7527556 2.5586647 0.56240939
5.7513186 2.5584239 0.56252929
5.7480277 2.5575454 0.55376768
3.63978 1.7384 3.22232
1.2939009 1.8094511 2.1839646
1.2866155 1.8080997 2.1816325
1.2845589 1.8104271 2.1830385
1.289402 1.8100527 2.1828567
1.287556 1.8024877 2.1808188
1.2796244 1.8153963 2.1836396
3.3193119 2.0802422 3.9639506
3.17809 2.72361 2.11066
3.3362824 2.0785443 3.9785296
3.3365294 2.0794786 3.9790056
3.3361361 2.0820997 3.9798727
3.3397427 2.0790481 3.972299
3.3279328 2.0776622 3.9720645
3.3409975 2.0814623 3.9874148
3.3388302 2.0853965 3.9809874
3.3312496 2.0768843 3.979525
3.3368181 2.0750322 3.9782843
3.3351982 2.0784906 3.978191
3.3294582 2.0804911 3.9745423
3.3357236 2.0761879 3.9814298
5.5741391 1.2309136 2.5368705
5.5752652 1.2186737 2.5305308
5.5742688 1.2192913 2.530988
5.567144 1.2133874 2.5335305
5.5750555 1.2165344 2.5304425
5.5747279 1.2165719 2.531803
5.5766111 1.2098404 2.5341383
5.5759705 1.2157354 2.5343037
5.5754873 1.2199511 2.5321233
5.577888 1.2168215 2.5291135
5.5744328 1.2167972 2.5296239
5.57431 1.2170883 2.5315566
5.5755191 1.2198393 2.5282149
2.7433 0.30295 6.27909
3.7870543 1.0412659 2.2911184
3.7793787 1.0491721 2.2863043
3.7776154 1.0444659 2.2840223
3.7832764 1.045402 2.2863769
3.7847045 1.0492522 2.2804402
3.7783229 1.0513596 2.2802503
3.7775453 1.0432467 2.2872128
3.7753303 1.0445393 2.2889862
3.7857611 1.0442099 2.2827566
3.7726982 1.043328 2.2921616
3.7789042 1.046034 2.2878939
3.7784113 1.0429352 2.2867609
0.27032 1.34494 6.26969
3.7676361 1.0397703 2.2865672
3.7772309 1.0427356 2.2871921
3.7795691 1.0467409 2.2842298
3.7848358 1.0509581 2.2837542
3.7842127 1.0509263 2.2766099
3.7796806 1.045011 2.2847625
3.7848811 1.0463512 2.2925566
5.2572915 1.9051937 1.4544277
5.260553 1.9157822 1.4578246
5.2514467 1.9291819 1.4572208
5.2528474 1.9280426 1.4532712
5.2602556 1.9211418 1.4499825
5.260077 1.9197118 1.4545419
5.2552028 1.9218539 1.4589038
5.2643234 1.922807 1.4580675
5.2547182 1.9254884 1.450255
5.2541111 1.9170392 1.4531871
5.2609099 1.9247172 1.459356
5.2615808 1.9188022 1.4556542
5.2641129 1.9184066 1.4561248
5.2619681 1.9196481 1.4566002
5.2632017 1.9162922 1.452022
5.2689708 1.9265359 1.4586251
3.1140522 1.0430701 5.8819483
3.1149957 1.035878 5.879958
3.1256581 1.0397127 5.8837658
3.1199423 1.0283771 5.8772232
3.1234498 1.0231495 5.8826934
3.1278941 1.0336311 5.8823873
3.9492894 2.5172227 0.2134337
0.45755 1.68577 5.51087
3.933394 2.5011884 0.1999572
3.9383361 2.5104359 0.20156726
5.25606 1.16834 2.11527
3.9425999 2.5091678 0.20684602
3.9380935 2.5090753 0.20892149
3.9297823 2.5117665 0.19803722
3.9122249 2.5089192 0.17543978
4.6456813 2.5553614 4.5978755
4.6490602 2.5579683 4.5995838
4.6420983 2.5563222 4.5956703
4.6505891 2.5564155 4.6018102
4.6637333 2.5523204 4.6192174
4.6530674 2.5570271 4.6043388
5.67918 1.56502 1.18114
5.7749772 1.478402 4.4650654
5.7734643 1.4765531 4.4650435
5.7750032 1.4790089 4.4662474
5.7765108 1.4805348 4.4652174
5.7718303 1.4777333 4.4697968
5.7779953 1.4769767 4.4630284
5.7799247 1.4781203 4.4654399
5.7717143 1.48487 4.4663587
5.778913 1.4780759 4.460055
5.7795866 1.4802638 4.4635624
3.16771 1.25194 1.00161
5.767588 1.4741679 4.4745733
1.1476846 0.6248118 1.5402869
1.1303377 0.62894041 1.5517664
1.1480049 0.62145744 1.5427936
1.1458503 0.62328689 1.54974
1.1600615 0.62276346 1.5312986
4.8152096 1.2916012 4.1811656
4.8176328 1.2837839 4.1913196
4.8159657 1.266018 4.1848373
4.8270328 1.2728784 4.1742644
4.8029481 1.2761009 4.1945899
4.8037302 1.2688613 4.1907299
4.8101363 1.2757176 4.1887842
4.8040896 1.2827436 4.1870278
5.34123 2.24869 4.72686
5.76506 2.5562483 0.57541786
5.7526421 2.5592 0.55952756
5.7513709 2.5564089 0.55845449
5.7476693 2.5573065 0.5645119
5.7498109 2.561093 0.56036394
5.7519209 2.558156 0.56154075
5.7629431 2.5556611 0.57313615
5.7486299 2.5601677 0.5597934
3.72464 2.58141 1.19594
3.08233 2.8235 1.84901
1.2847717 1.7964054 2.1785205
1.2810264 1.8118444 2.1783181
1.2895621 1.8181898 2.1800582
1.2884937 1.8057749 2.1780121
1.2874611 1.8040615 2.1774017
1.2838428 1.8056355 2.182239
1.2802493 1.7958983 2.1736595
3.80643 1.18291 4.51372
3.3450719 2.0691236 3.9752535
3.345812 2.079431 3.9785616
3.3339791 2.0758816 3.9834724
3.3318105 2.0726388 3.976704
3.3384214 2.0809146 3.9839201
3.3331563 2.0779245 3.9826485
3.3258205 2.0813954 3.9761694
3.3346822 2.0811373 3.9796121
3.3321058 2.0728352 3.9843199
3.3364181 2.0775956 3.9906402
3.3367028 2.0909061 3.9800137
5.5832758 1.2144019 2.5158486
5.5774164 1.2167251 2.5350752
5.5688809 1.2197917 2.5334699
5.5744696 1.2176982 2.5318905
5.5790689 1.210841 2.536526
5.5840714 1.2229833 2.5319765
3.76678 1.20105 4.8317
5.5696748 1.2116776 2.5408649
5.5740922 1.2174478 2.5322872
5.5720512 1.2194035 2.5322356
5.5747113 1.2186068 2.5328354
5.5784322 1.2167956 2.5323922
5.5741748 1.2182086 2.5334287
5.5757885 1.2195689 2.5346673
5.5747434 1.2152121 2.5333958
3.769746 1.0362314 2.2824468
3.7720059 1.0492744 2.297134
3.7722126 1.0423247 2.2881086
3.7783128 1.0430978 2.2862942
3.779718 1.04351 2.278755
3.7693313 1.04784 2.2889477
3.7783627 1.0486901 2.2947084
3.7870766 1.0464291 2.2869533
3.7838369 1.0503312 2.2868666
3.7741705 1.0431908 2.2904074
3.7782456 1.0455494 2.2883728
3.7793069 1.0432202 2.2857404
3.7675544 1.0416691 2.2959328
3.7655409 1.0397745 2.2901446
3.7763363 1.0426059 2.2877794
3.7774477 1.0392074 2.2846972
3.7846534 1.0420363 2.2808462
3.7907796 1.0487903 2.2788567
3.7793458 1.0468395 2.2906955
3.7783707 1.0490619 2.2925516
5.2614508 1.9165961 1.4542838
5.2581051 1.9198031 1.4520267
5.2590754 1.9249437 1.4550245
5.2598676 1.9187008 1.4546667
5.260902 1.9202835 1.4525455
5.2595541 1.9217401 1.4524113
5.2606519 1.9191186 1.4555531
5.2617084 1.9177378 1.4543681
5.2583469 1.9148533 1.4496677
5.2614689 1.9182447 1.452887
5.2623857 1.9242695 1.4446927
5.2661072 1.9250297 1.4529005
5.2594387 1.9187135 1.4522172
5.2596247 1.9188476 1.4522235
4.76606 1.68494 5.42883
3.1171686 1.0440456 5.88394
3.125739 1.036284 5.8821418
3.1242277 1.0356671 5.8814208
3.1225492 1.0366944 5.8855363
3.1209305 1.0382104 5.8888959
3.1219794 1.0380088 5.8888968
3.120015 1.0365945 5.8890341
3.1148976 1.0394589 5.8945124
3.1206228 1.0493817 5.8791795
3.9295059 2.5101317 0.19739174
3.9301555 2.5099912 0.19047815
3.9356445 2.5150239 0.20897457
3.9427997 2.5174114 0.21260033
3.9275453 2.5096746 0.19633982
3.9292659 2.5108802 0.19749802
3.9354196 2.5135134 0.20260629
4.6521351 2.5600456 4.6031355
4.6478976 2.5572082 4.5992101
4.6618897 2.5582671 4.6113246
4.6610462 2.5484668 4.6087826
4.6580406 2.5483769 4.6112152
4.6533663 2.5580602 4.6026358
5.7743905 1.4737383 4.4731467
5.7750658 1.4778881 4.4668396
5.7736395 1.4778139 4.4654442
5.7710727 1.4792686 4.4689994
5.77681 1.4756054 4.4697539
5.7771495 1.4708601 4.4660096
5.7724596 1.4749591 4.4644374
5.7672714 1.483743 4.4647475
5.7763356 1.4860668 4.4660747
5.7749127 1.4793 4.4666673
5.7734543 1.4807262 4.4704884
5.7815211 1.4821737 4.4711483
1.1545428 0.61119038 1.5434643
1.1488248 0.61374386 1.542382
1.1430433 0.62392925 1.5512295
1.1430295 0.62541657 1.5506139
1.1371047 0.61519746 1.5561816
1.1401466 0.62172407 1.5561107
1.1452498 0.62518593 1.5456003
6.20057 2.39213 4.11504
4.8132424 1.2789714 4.1783275
4.8050759 1.2720805 4.1769017
4.8171075 1.2756679 4.1845485
4.8151613 1.2707869 4.1804921
5.7444238 2.5603867 0.55049887
5.7602614 2.5542823 0.56187647
5.7600852 2.5517128 0.56451452
5.7594067 2.5516425 0.56250959
5.7547564 2.558272 0.56192246
5.7563164 2.5580999 0.56359567
5.7463861 2.5502272 0.55300932
5.7403486 2.5583129 0.55645978
5.7428706 2.5565971 0.55577033
5.7593903 2.5572354 0.57477226
5.7541328 2.560676 0.561661
5.7554035 2.5572998 0.56617821
1.2801288 1.8132732 2.1892148
1.2792917 1.8009784 2.1828193
1.2826732 1.8059677 2.1839423
1.2904179 1.8143731 2.1893888
1.2855178 1.8029279 2.1782103
1.284669 1.8064043 2.1772942
1.2878358 1.8076052 2.1799075
1.2861703 1.8194685 2.18133
1.4971 1.39555 0.50058
3.3381173 2.0841137 3.9792998
3.3332486 2.0756001 3.9729935
3.3327541 2.0782555 3.9716823
3.3395469 2.0824492 3.9836132
3.3365613 2.0806732 3.9859222
2.3971 2.6281 1.09426
3.3313203 2.0721861 3.9721012
3.3318673 2.0797085 3.9781907
3.3420007 2.0641947 3.9807999
5.5899122 1.2227376 2.5196773
5.5777347 1.2137327 2.5396874
5.5848719 1.2235394 2.5273821
5.5813486 1.2138373 2.5326445
5.5703649 1.2214962 2.531841
5.5744242 1.2168257 2.5326539
5.5710666 1.2110232 2.5335404
5.5740473 1.2210936 2.5341754
5.5776584 1.2273144 2.5281701
5.5749187 1.2171108 2.5303911
5.5762095 1.2172186 2.5289923
5.5717828 1.2082149 2.5353224
5.5754005 1.2178713 2.5328268
5.574694 1.2207608 2.5380269
5.5716267 1.2195075 2.5388772
5.5753882 1.2193351 2.5302461
5.5740993 1.2227733 2.5210766
3.7714226 1.0376066 2.2966329
3.7762494 1.0469229 2.2953677
3.7801878 1.0467229 2.2925067
3.7765264 1.0466814 2.2860651
3.7773059 1.0443629 2.2870675
3.777003 1.0424331 2.2844935
3.7787346 1.0418156 2.2906868
3.7789555 1.0423589 2.2866593
3.7796428 1.0411227 2.2868732
3.7798634 1.0424223 2.2871598
3.7739727 1.0389375 2.2923991
3.7712887 1.0406327 2.2974557
3.7687959 1.0435616 2.2999399
3.7742128 1.0439245 2.2827384
3.7729995 1.0457663 2.28617
3.779566 1.0389718 2.2872047
3.77362 1.041996 2.2928857
3.7737275 1.0415833 2.294223
3.7787751 1.0476095 2.2901651
3.7781714 1.0432001 2.2862307
5.2568252 1.9116564 1.4565393
5.2599839 1.9181694 1.4544579
5.2679099 1.9242063 1.4481675
3.52744 0.35889 5.91701
5.2610521 1.9192875 1.4541824
5.2583722 1.9185553 1.4575766
5.25788 1.9215849 1.4527249
5.2595454 1.9163511 1.4581183
5.257564 1.9175967 1.4492052
5.2580031 1.9201249 1.4526323
4.41895 2.25306 3.42283
5.2604347 1.9182478 1.4545507
5.2605881 1.918524 1.4540096
0.58197 1.57858 4.45661
1.74217 0.73402 1.90198
3.1230398 1.0364186 5.8867413
3.1189533 1.0347901 5.8897754
3.1201504 1.031687 5.8867747
3.1210588 1.03937 5.8853694
3.1215341 1.0335517 5.8888106
3.119983 1.0338154 5.8893181
3.32539 3.1019 6.11975
3.1211322 1.0364967 5.8832802
3.1110932 1.0333105 5.8886081
3.1180839 1.0274556 5.8892445
3.9294392 2.5141767 0.19136446
3.9283733 2.5123637 0.19627673
3.9211917 2.5156845 0.19081707
3.9219227 2.5117059 0.19083598
3.9279996 2.5109886 0.19585383
3.9295714 2.5117027 0.19727438
4.6566261 2.5556452 4.608189
4.6567338 2.5554773 4.6089156
4.6556869 2.5540333 4.603403
4.6521244 2.5588157 4.6016779
4.6563709 2.5622812 4.6104287
4.6530118 2.5456847 4.6089587
5.7740138 1.4785587 4.4655459
5.779891 1.4780024 4.4659117
5.7800544 1.479719 4.4629333
5.7731502 1.4835719 4.4642034
5.7769579 1.4810187 4.4623873
1.69756 0.89322 3.04391
5.7702134 1.4821806 4.4626071
5.767623 1.4824762 4.4669595
5.77234 1.4757951 4.4665161
5.7728325 1.4803568 4.4724028
5.7781529 1.4825163 4.4687112
1.1425063 0.62255588 1.5508261
1.150835 0.62136587 1.5462203
1.1520911 0.61439675 1.5455696
1.152324 0.61465642 1.5419548
1.1460887 0.61830075 1.5547633
1.1423534 0.61391689 1.5545999
1.1431127 0.6226143 1.5516208
1.1430334 0.62707649 1.5479445
1.1357503 0.61382557 1.5527841
0.37769 2.14304 6.03667
5.7270424 2.5630125 0.5425068
5.7434325 2.5624374 0.54580923
5.7456645 2.5628814 0.55244775
3.65068 1.92351 5.54464
5.7507011 2.5563212 0.558252
5.7517512 2.554035 0.56163695
5.7522801 2.5578151 0.55912771
5.7475676 2.561127 0.55683555
5.7683131 2.5597251 0.57264787
5.7479714 2.5562952 0.55177699
5.7461608 2.555757 0.56500924
5.7478839 2.5532913 0.56176968
5.7531352 2.5581778 0.56401327
5.7632765 2.5576378 0.57569371
5.7728455 2.5493822 0.57255429
1.2838671 1.8108745 2.1813537
1.2893454 1.8039344 2.182815
1.2901356 1.8065871 2.1834214
1.2839201 1.8063171 2.1863249
1.2842567 1.8091633 2.1860386
1.2887936 1.8063346 2.1822557
1.2868631 1.8065679 2.17982
1.2926147 1.8077317 2.1888665
1.2924794 1.7988467 2.1729049
1.2842214 1.8096287 2.1680949
3.3403788 2.083237 3.9669097
3.3344454 2.0792665 3.9705167
3.331165 2.0785107 3.969857
3.3379515 2.0729865 3.9791018
3.3429716 2.0815448 3.9818918
3.3366491 2.0807865 3.9686413
3.3375337 2.0778578 3.976575
5.5734557 1.2122554 2.5352966
5.5754198 1.2171964 2.5319037
5.5774986 1.2148453 2.5316977
5.5793144 1.213736 2.5324992
5.5775811 1.2167953 2.5347044
5.5782824 1.2172082 2.5265866
5.5779594 1.2162661 2.5344688
5.5710419 1.2242303 2.537614
5.5711982 1.2229149 2.5390106
5.5751859 1.2171372 2.5264661
5.5705716 1.2181305 2.5336317
5.5743535 1.206106 2.5328969
5.578283 1.2070936 2.5365777
5.5726168 1.2106037 2.5301158
5.5755141 1.2186887 2.531639
5.5735405 1.2188105 2.5313355
5.5790018 1.2258817 2.5285894
2.81972 0.97018 4.57194
3.7793996 1.0433515 2.2861609
3.7820405 1.0452514 2.2888464
3.778083 1.0436084 2.2868391
3.7754313 1.0446731 2.2877294
3.7788607 1.0445836 2.2875086
3.7788218 1.0434708 2.286111
3.7771281 1.0424582 2.2833123
3.7797002 1.0405967 2.283204
3.781658 1.0429871 2.2862566
3.7759385 1.0410718 2.2881416
3.7774542 1.0354015 2.2907366
3.7753389 1.0441001 2.2975037
3.7762006 1.0390627 2.2973052
3.7709264 1.0370551 2.2878473
3.7751524 1.0384369 2.2845691
3.7775427 1.0399154 2.2882493
3.7737525 1.0398784 2.2869656
3.7722192 1.0424258 2.2938466
3.7757697 1.0462378 2.2935709
3.7800958 1.0438078 2.2810022
5.263944 1.9109179 1.4540917
5.2617867 1.916432 1.4540114
5.2609589 1.9209152 1.4527115
5.2586743 1.9272876 1.4588846
5.2643915 1.9210914 1.4543683
5.2571502 1.9157023 1.4532067
5.2555914 1.9150351 1.4520637
5.2624057 1.9150285 1.4565836
5.2572779 1.9217542 1.4543319
5.255941 1.9188139 1.4523729
5.2621631 1.9191098 1.4645525
5.2563528 1.9196387 1.4533027
5.2604979 1.9186846 1.4536088
3.1217152 1.0337703 5.885939
3.1182276 1.0344079 5.8824735
3.119827 1.030776 5.881871
3.1237391 1.0310495 5.8859089
3.1213043 1.0346286 5.886827
3.1204109 1.0376638 5.8839906
3.1212517 1.0353045 5.8876358
3.120799 1.0349204 5.8790107
3.1300722 1.0356846 5.8869278
3.1221136 1.0363822 5.8819746
3.124915 1.0331676 5.8880143
3.1265588 1.038537 5.8847004
3.1310621 1.0348267 5.8708819
3.1264384 1.0393634 5.8852453
3.9303143 2.5111982 0.19782425
3.9179834 2.5148009 0.1867823
3.9296903 2.5189137 0.19575557
3.9255759 2.5131143 0.1930122
4.6546406 2.5563553 4.6065094
4.6563796 2.5570052 4.6049028
4.6506001 2.5583683 4.6069471
4.6501064 2.5630856 4.6036509
4.6531981 2.5611037 4.6052619
4.654926 2.5613714 4.6154742
5.7745422 1.478664 4.4662808
5.773298 1.4822404 4.4712731
5.772998 1.4837297 4.4702704
5.7752846 1.4749927 4.4641822
5.7783929 1.4747398 4.4660697
5.7738601 1.4785069 4.4670125
5.7702966 1.4749444 4.458016
5.7718011 1.484661 4.4615998
5.7676097 1.4747169 4.4634479
5.7805994 1.4758052 4.4670526
1.1454466 0.62381205 1.5494799
1.1501432 0.62293445 1.5429172
1.1381975 0.62047844 1.5486161
1.1511114 0.62154222 1.5423473
1.145074 0.62065857 1.5478549
1.1499838 0.62161182 1.5424517
1.1445898 0.62144224 1.5499852
1.1460619 0.62250195 1.548964
1.150778 0.62307317 1.5450121
1.1469218 0.6242421 1.5395217
5.7495886 2.563313 0.5617164
5.7350566 2.5553973 0.54393618
5.7542456 2.5594511 0.5618238
2.73598 0.7055 1.19398
5.7528545 2.5585254 0.56078316
5.7547309 2.5586035 0.56215551
5.7507974 2.5586891 0.56005276
5.7509477 2.5585876 0.5599018
5.7489831 2.5556969 0.55936919
5.7633559 2.5648828 0.57694915
5.7517351 2.5573314 0.57182908
5.7627516 2.5632918 0.57957691
5.7648098 2.5630227 0.57045243
5.7593306 2.56148 0.57192017
5.7555101 2.5578484 0.55835711
5.7533187 2.5450003 0.554558
1.2882692 1.8080021 2.1808032
1.290303 1.8098791 2.1802698
1.2859818 1.801034 2.1813978
1.2894266 1.799686 2.1786381
1.2819612 1.8063743 2.1779955
1.2886192 1.8104952 2.1804952
1.2879093 1.8076563 2.1819396
1.2890611 1.8071319 2.1809777
1.2865747 1.8093032 2.1800621
1.2880154 1.8088385 2.1799676
1.2892946 1.8124413 2.1774999
3.3384167 2.0790172 3.9794413
3.3372571 2.0802451 3.98065
3.3358871 2.0791684 3.9779129
3.3356416 2.0785604 3.9766757
5.5768983 1.2162361 2.5319857
5.49546 1.39364 3.50844
5.5738194 1.2166899 2.5402265
5.5760626 1.2178967 2.5331349
5.5767577 1.2180228 2.5311075
5.5752125 1.2181157 2.5308553
5.5776462 1.2217288 2.5320166
5.5707001 1.215936 2.5323949
5.5677853 1.2190961 2.5384681
5.5725348 1.2182783 2.5404966
5.5733613 1.2174507 2.5290222
5.5675425 1.2159327 2.5329152
5.5762975 1.2176875 2.5298591
5.5768202 1.2167214 2.5300853
5.5728479 1.2188791 2.5395302
5.5728857 1.2112651 2.5361321
5.5767969 1.214994 2.5275479
5.5740225 1.2167757 2.532271
5.5702295 1.2251835 2.5310234
5.5688888 1.2122755 2.5323009
3.7852557 1.0382305 2.2790632
3.7751066 1.044458 2.2902647
3.7771048 1.0446747 2.2852282
3.7807112 1.0459193 2.2847576
3.776622 1.0462592 2.2841919
3.7788573 1.0409633 2.2869874
3.7753504 1.0430841 2.2862035
3.7788236 1.0431522 2.28608
3.7797901 1.0437579 2.2868019
3.7834326 1.0387546 2.2857201
3.7742334 1.0374299 2.297356
3.7649489 1.0452973 2.2949315
3.7663927 1.040034 2.2925754
3.7753094 1.0404336 2.2917207
3.777829 1.0431049 2.2854969
3.7767146 1.0401756 2.2884868
3.7753845 1.039206 2.2865129
3.7807681 1.0401806 2.2873903
3.7809378 1.0450063 2.283992
3.7768316 1.044612 2.284504
5.2621601 1.9200873 1.4602916
5.2656454 1.9154187 1.4566392
5.2649039 1.9200227 1.4548041
5.2611184 1.9181622 1.4556544
5.2623397 1.9183384 1.4581571
5.2609537 1.9195018 1.4556204
5.2614238 1.9212358 1.4587993
5.2647937 1.920555 1.4537017
5.2585017 1.9199013 1.4539181
5.2641444 1.9143854 1.4594186
5.2603072 1.9180659 1.4533964
5.258874 1.9239073 1.4581534
1.39795 0.48526 5.8106
3.1109735 1.0366946 5.8898678
3.1234478 1.0375776 5.8828569
3.1244981 1.037878 5.8836717
3.1216035 1.034825 5.8872678
3.1216513 1.0334867 5.8889934
3.1202534 1.0395933 5.8883253
3.1216743 1.0368721 5.8861153
3.1123362 1.038641 5.8880042
3.1223918 1.03174 5.8867761
3.1209913 1.0346954 5.8866346
3.1213792 1.0347583 5.8863624
3.1230897 1.0325338 5.8822947
3.1238171 1.0353167 5.8831874
3.1289016 1.0371564 5.8812794
3.1191293 1.0407838 5.8822484
1.38027 1.86846 0.11643
3.1251461 1.0426265 5.8955701
3.1146338 1.0255716 5.8955923
3.120869 1.0347338 5.8867322
4.6708186 2.5602468 4.6254954
4.6545762 2.5510368 4.6063577
4.6432413 2.5538444 4.5865605
4.6497486 2.5588873 4.6081671
4.6528548 2.5576449 4.6101053
5.7634255 1.4823056 4.4762557
5.7741355 1.4833216 4.4623518
5.7742774 1.4809924 4.4706492
5.7758062 1.4791078 4.4666246
5.7768251 1.4834687 4.4691953
5.7781239 1.4821977 4.4634948
5.7747739 1.4781337 4.4547785
5.7751013 1.4676922 4.4569671
5.7675985 1.4831151 4.4694074
0.0451 1.33447 3.51917
1.1486544 0.63056083 1.5350316
1.1496683 0.62096968 1.5499067
1.1332748 0.61934825 1.562034
1.1405592 0.62170503 1.5562563
1.1457846 0.62107697 1.5479379
1.1450226 0.62173213 1.5454709
1.1454488 0.62142708 1.5488412
1.145012 0.62589978 1.5509198
1.1531078 0.62082282 1.5411446
1.1552904 0.62711636 1.5424972
5.7601071 2.5637681 0.55867611
5.7516506 2.5565405 0.55693027
5.7503057 2.5613658 0.55769015
5.739234 2.5526016 0.55174651
5.7514164 2.5581 0.55997912
5.748523 2.5563224 0.55893113
5.7500741 2.5587167 0.55963104
5.7472897 2.5584533 0.55251503
5.743617 2.5608727 0.55751556
5.7434948 2.5602113 0.5563289
5.7593532 2.5553049 0.5682254
5.7487737 2.5550209 0.55733288
5.7555788 2.557329 0.56260409
5.7523242 2.5587163 0.56130451
5.7524069 2.5556367 0.56012049
5.7661628 2.5596727 0.57592341
1.2879758 1.8076011 2.1808618
1.2899551 1.8101484 2.1805508
1.2891265 1.8146693 2.1816644
1.2920824 1.8005985 2.1826812
1.2850034 1.8087616 2.1817517
1.2865307 1.8094089 2.1784762
1.2939268 1.8050948 2.1855434
1.2890981 1.8067819 2.1810711
1.2847151 1.8103829 2.1884422
1.284532 1.8092025 2.1792219
1.289589 1.8085506 2.1826102
1.288708 1.8182179 2.183614
1.287105 1.8079013 2.1829899
5.582405 1.2189698 2.525855
5.3045 2.2187 0.02849
5.5672062 1.2200763 2.5458067
5.5609449 1.2188599 2.5421965
5.5755305 1.2153849 2.5343034
5.5764172 1.2180258 2.5335056
5.5764411 1.2157989 2.5327655
5.5740242 1.2190266 2.5343303
5.5760931 1.2205542 2.5307768
5.5728557 1.2118391 2.5234797
5.5734769 1.2205199 2.528656
5.5689589 1.2186839 2.5383613
5.5744812 1.2218839 2.5318451
5.5627403 1.2096007 2.5339339
5.5771199 1.2164523 2.5290855
5.5668647 1.2179856 2.5346539
5.572344 1.216366 2.5250619
5.5796195 1.2126048 2.5253325
5.5845359 1.2153167 2.5286506
5.5752101 1.2173271 2.5271855
5.5734463 1.2176833 2.5304743
5.5703407 1.2166635 2.5389589
3.7774191 1.0324915 2.291688
3.7714364 1.0352602 2.2941566
3.7792002 1.0409685 2.2866418
3.781377 1.043246 2.2873038
3.7775001 1.0455386 2.2836095
3.778948 1.0408488 2.2856079
3.7861533 1.0350598 2.2838583
3.7877346 1.0358989 2.282805
3.7815523 1.0444352 2.2826885
3.7803276 1.0423008 2.2847511
3.7834411 1.0366199 2.2832773
3.7724423 1.0368028 2.2816082
3.7753439 1.0418994 2.2873066
3.7719742 1.0447076 2.2798763
3.7783706 1.0425527 2.2865418
3.7778046 1.0362902 2.2885191
3.7846955 1.0443139 2.2815357
3.7743624 1.0406053 2.2846954
3.776219 1.0401652 2.2899492
3.7795948 1.0438051 2.2836765
5.2487383 1.91531 1.4426754
5.2605526 1.9180909 1.455235
5.2606689 1.9186245 1.4545223
5.263267 1.9204408 1.4574781
5.2612946 1.9163021 1.4559225
5.2606173 1.9184297 1.4551329
5.262545 1.9166434 1.4564046
5.2609262 1.9186849 1.4528552
5.2603314 1.9189425 1.4531748
5.2638545 1.914236 1.4620218
5.2661077 1.9234767 1.4504834
3.115196 1.04473 5.8877569
3.1199854 1.0397103 5.892623
3.1276325 1.0374535 5.8871169
3.1210505 1.03536 5.8865074
3.1237782 1.033149 5.8836634
3.1221587 1.0341161 5.8844174
3.1240294 1.0362553 5.8886773
3.1207785 1.0374265 5.886648
3.1250321 1.0385566 5.8869568
3.1157544 1.0296597 5.8956531
3.128695 1.0320403 5.8827203
3.1273653 1.0350299 5.885548
3.1227282 1.0313323 5.8848681
3.1248349 1.0324362 5.884661
3.1211854 1.0345038 5.8869871
3.1221113 1.0390297 5.8859683
3.121054 1.0356577 5.8820504
3.1213247 1.0361972 5.8877713
3.1293682 1.0371263 5.8878997
3.1198131 1.0350217 5.8874828
3.1227882 1.0366819 5.8856218
1.09912 0.78825 1.3675
2.64694 2.29202 3.89312
4.6337142 2.5610907 4.5788921
4.6492454 2.5592641 4.6005755
1.41674 0.96547 0.31916
5.03731 1.293 2.30842
5.7754788 1.4749989 4.4644304
5.7710642 1.4841666 4.4608548
5.7620323 1.4729318 4.4641744
4.70945 0.52757 5.30208
5.7709506 1.4864088 4.4651429
5.7705015 1.4822645 4.4642332
4.9523 1.58525 5.40137
1.1506432 0.62527153 1.5348925
1.1455094 0.62810328 1.5380632
1.1417161 0.61458291 1.5430522
1.1356909 0.61516838 1.5538245
1.1467294 0.62097544 1.5468784
1.1437021 0.62057121 1.5484583
1.144607 0.62146859 1.5504425
1.143026 0.62373243 1.55147
1.1427345 0.62285054 1.551667
1.1466541 0.6201179 1.5552857
1.1368878 0.61871662 1.5624141
1.1505509 0.63122639 1.5456539
5.7443456 2.5590506 0.55008372
5.7455504 2.5580375 0.54978721
5.7514932 2.5590238 0.56031188
5.7548712 2.5571352 0.56290378
5.7488856 2.5539393 0.5653182
5.7505663 2.5572631 0.56252338
5.7595508 2.5646318 0.56429946
5.7633356 2.5625242 0.56796445
5.752098 2.558838 0.56222224
5.7464079 2.5584609 0.56188401
5.7472387 2.5558972 0.55312206
5.7501715 2.5557065 0.55874333
5.7502148 2.5572968 0.55968898
5.7555938 2.5623022 0.56253274
5.7462767 2.565137 0.55787319
5.7553558 2.5637027 0.57154278
1.2974562 1.8026647 2.182675
1.2884226 1.8069559 2.181089
1.2876061 1.8128369 2.1855002
1.2859694 1.8089348 2.1775075
1.2909009 1.8007959 2.1739059
1.2872409 1.8081454 2.1818127
1.2942642 1.8066928 2.1854906
1.2908329 1.8035514 2.1864389
1.2843349 1.8102383 2.1881559
1.2890045 1.8080244 2.1826293
1.2876034 1.8088601 2.1825284
1.287027 1.8079984 2.1822524
1.2920511 1.8109943 2.1851435
5.5667585 1.2045337 2.5382234
5.5793298 1.2126549 2.5330423
5.5724855 1.211862 2.5323763
5.5701156 1.2181314 2.5369585
5.5739989 1.2188589 2.5383369
5.5700735 1.2185492 2.5352526
5.5700326 1.2160732 2.5366542
5.5759126 1.2168662 2.5309634
5.5837194 1.2235338 2.5221034
4.73631 1.35676 5.64315
5.5718744 1.2183589 2.5358945
5.5724995 1.2195529 2.541349
5.5776216 1.2133208 2.5376351
4.05664 2.28234 0.33024
5.5742312 1.2179521 2.5322905
5.566357 1.2137252 2.531504
0.81241 1.51914 5.90899
5.5787821 1.2115131 2.5276059
5.5849242 1.2209934 2.5297494
5.5794259 1.2221 2.5299038
5.5870982 1.2172853 2.5246817
3.776968 1.0423249 2.2813398
3.7754393 1.0419208 2.2819374
3.7753935 1.0431761 2.2988411
3.771613 1.0451721 2.2956779
3.7787253 1.0429962 2.2868665
3.786689 1.0477615 2.281543
3.7794616 1.0421429 2.2866894
3.7787989 1.0366669 2.290052
3.7835644 1.0381312 2.2827936
3.7754928 1.0428396 2.291973
3.772382 1.0386968 2.2826372
3.7688588 1.0403862 2.287783
3.7739622 1.0352063 2.2840236
3.769397 1.035281 2.2888669
0.64092 2.92216 3.09179
3.7865246 1.0363587 2.2882826
3.7748331 1.0357854 2.2931618
3.7788404 1.0484272 2.2900892
3.7750552 1.0387555 2.281457
3.7778827 1.0452228 2.2896438
3.7836277 1.0421609 2.2917102
5.2576256 1.913929 1.4544408
5.2627828 1.9177782 1.4520877
5.259387 1.9223653 1.4483655
5.2577219 1.9243352 1.4549756
5.2611699 1.9194865 1.4543159
5.2587868 1.9179495 1.4569493
5.2578432 1.9215864 1.4556517
5.2635312 1.920632 1.4550209
5.260354 1.9182095 1.4540134
5.2684973 1.924549 1.4678924
3.1274859 1.0320714 5.8936208
3.1178698 1.0349793 5.8876841
3.1246932 1.0398874 5.8931613
3.1291896 1.0390389 5.887413
3.1275776 1.0370165 5.8801333
3.1223939 1.03692 5.8837281
3.1238564 1.0356801 5.8871409
3.1221154 1.036287 5.8876869
3.126329 1.0345723 5.8806419
3.1236213 1.0333942 5.8867987
3.1241684 1.0319119 5.8892667
3.1199408 1.0379712 5.8888594
3.1205427 1.0332489 5.8871507
3.1219104 1.0345545 5.8860899
3.1206895 1.0345338 5.8834747
3.1211683 1.0351055 5.8864247
3.1198803 1.036072 5.8843586
3.1199575 1.0353036 5.8871106
3.1210766 1.0376324 5.8884028
3.1260314 1.0386585 5.8900633
3.1241079 1.0334135 5.8891054
3.122255 1.0381512 5.8873978
3.1303231 1.0340126 5.884086
3.131163 1.0351279 5.8806921
3.1169745 1.0320984 5.894448
4.6749869 2.5571891 4.6150926
4.658989 2.5661243 4.6142286
0.26952 1.19743 2.63677
5.7750016 1.4816677 4.480948
5.7845366 1.4735088 4.4732858
5.773246 1.484435 4.4649641
5.7743169 1.4798603 4.4653732
5.7655142 1.4819537 4.4672347
1.1430158 0.61817109 1.5438399
1.144158 0.62269134 1.5494838
1.1542481 0.62487267 1.5414955
1.135308 0.61765291 1.5561942
1.1574394 0.61853673 1.540265
1.1443016 0.62113778 1.5489137
1.138652 0.6262582 1.5543498
1.1442239 0.62307457 1.5506416
1.1427929 0.62149342 1.5514235
1.1450988 0.61975367 1.5484845
1.1397258 0.6200786 1.557551
1.1395327 0.63144187 1.556798
1.1357252 0.6174721 1.5593034
5.14444 1.36559 5.91866
5.7686299 2.5606677 0.57359883
5.7482437 2.5575882 0.55725416
5.749558 2.5603095 0.55946497
5.742737 2.5505129 0.55440851
3.40131 2.58348 1.43517
5.73354 2.5679518 0.54389524
5.7509956 2.559792 0.56029135
5.7495125 2.5613245 0.56070985
5.7296575 2.5602693 0.53836271
5.7288112 2.5562753 0.54204079
5.7507803 2.5498819 0.56042526
5.7496944 2.5560313 0.5653559
5.7461475 2.5500263 0.56036403
5.7473149 2.5575725 0.55111764
5.7435206 2.55868 0.55717432
1.2947943 1.8078819 2.1757651
1.2885544 1.8084733 2.180278
1.2883183 1.8106261 2.1806817
1.2796207 1.8043523 2.1732547
1.2895516 1.8136179 2.1811344
1.2978008 1.8000891 2.1768985
1.2883091 1.8084013 2.1860902
1.2902236 1.8027711 2.1844843
1.2875685 1.8091733 2.1839485
1.2876088 1.8081862 2.1825377
1.2914929 1.8045839 2.1860267
1.2874036 1.7992978 2.1819428
1.2882427 1.8082746 2.1831568
1.2833002 1.8034763 2.1858161
5.5753057 1.2339867 2.5287013
5.5660446 1.227152 2.5323595
5.5717289 1.2122653 2.5229652
5.5706606 1.2190394 2.5292846
5.5766446 1.2187945 2.5309258
5.5731501 1.2151525 2.5366705
5.5741246 1.2148887 2.5337085
5.5777035 1.2260964 2.5265282
5.5768334 1.2287776 2.5338081
5.5753739 1.2140865 2.5416857
5.5734805 1.2197784 2.5342193
5.5847578 1.2161487 2.5310959
5.5826601 1.2151347 2.5265245
5.5708613 1.2275318 2.5344843
5.5698356 1.2212313 2.5338216
5.5781499 1.2250195 2.5250493
5.5747094 1.2243541 2.521241
5.57321 1.2168395 2.5383291
5.5642405 1.2224128 2.5314337
5.5708556 1.2222618 2.5208853
5.5717892 1.2280064 2.5249412
3.7802544 1.0491205 2.2836213
3.7768295 1.0409217 2.2845042
3.7813327 1.0428846 2.2908866
3.7797367 1.0420295 2.2877119
3.7791561 1.043042 2.2866474
3.7879777 1.0443674 2.2817624
3.7781792 1.0410984 2.2855158
3.7800436 1.0427788 2.2858603
3.7757573 1.0407772 2.2894787
3.7741546 1.0445429 2.2915338
3.7705949 1.043898 2.28464
3.7758599 1.0433991 2.2865732
3.7736658 1.0444315 2.2874295
3.7758552 1.0421966 2.2876657
3.772348 1.0447277 2.2964491
3.7811281 1.0429906 2.2886615
3.7774824 1.0422061 2.2874568
3.7680592 1.0408622 2.2946909
3.7671934 1.040424 2.2863313
3.7778292 1.0424 2.2873321
3.7792584 1.0329718 2.2909288
5.257859 1.9182276 1.4555491
5.2641579 1.9202179 1.4521872
5.258431 1.9212654 1.4523335
5.2584553 1.9202739 1.4534907
5.2627205 1.9201725 1.4525853
5.2599705 1.9178149 1.4513139
5.2634786 1.9227984 1.4555078
5.2607901 1.9227449 1.4523404
5.2618732 1.9204075 1.4565758
5.2664657 1.9165853 1.4496316
3.114805 1.0246502 5.8929854
3.1273514 1.0416141 5.8843086
3.1240728 1.0440636 5.885696
3.1183446 1.0398819 5.8846521
3.121324 1.0367956 5.8852747
3.1211877 1.0356809 5.886749
3.1248567 1.03552 5.8864845
3.1236981 1.036023 5.8862147
3.127471 1.038435 5.8840204
3.1181741 1.0331526 5.886824
3.1208679 1.0350161 5.8850836
3.11867 1.0343441 5.8898337
3.1267671 1.0388335 5.8890326
3.122912 1.0448749 5.886036
3.1145819 1.0314642 5.891156
3.128874 1.0445025 5.8834682
3.1207735 1.0336767 5.8853523
3.1175758 1.0349848 5.8867535
3.121855 1.036011 5.8838761
3.1167808 1.0357436 5.8876426
3.1198484 1.0318289 5.884805
3.1228818 1.0346902 5.8878169
3.1205329 1.0343728 5.8854657
3.1216992 1.03469 5.8859033
3.1187479 1.029213 5.8851494
3.1134636 1.0324673 5.8835501
3.1187261 1.0417427 5.8747386
5.7754063 1.4788017 4.466124
5.7769078 1.4764196 4.4650083
4.57833 1.13296 1.79733
5.7686265 1.4728143 4.4780581
1.1390433 0.62017668 1.5506404
1.1448313 0.62316258 1.5515178
1.1511418 0.62318744 1.5426567
1.1442039 0.62475509 1.5470872
1.1345236 0.6279434 1.5570311
1.1384769 0.63000936 1.5533549
1.1417317 0.62143626 1.5661782
1.1458115 0.6231292 1.5497854
1.1392279 0.62459604 1.5582654
1.148003 0.62250168 1.548223
1.1273351 0.615118 1.5651104
1.1479043 0.62911797 1.547816
1.1422704 0.62490731 1.5525348
1.1366171 0.63454703 1.5539701
1.1328953 0.62818331 1.5481617
1.1376558 0.6238549 1.5403572
1.1434404 0.62505089 1.5639141
5.747713 2.5463962 0.55342353
5.7499556 2.556196 0.55395656
5.7458923 2.5573624 0.54777486
5.7477421 2.5623419 0.55469765
5.7753106 2.5647187 0.58492132
5.7711804 2.5607143 0.5735876
5.7561394 2.5632227 0.56526929
5.7461708 2.5690029 0.55381958
5.7405728 2.5536994 0.54413087
5.7505676 2.555607 0.55968753
5.7426645 2.5580694 0.55406639
5.7368467 2.5581115 0.55025828
5.7429999 2.557667 0.55306473
5.7692368 2.5694757 0.57827206
1.2952046 1.8098088 2.1795683
1.2891145 1.8076988 2.1770264
1.2859671 1.8051654 2.169736
1.2851192 1.7975932 2.1732613
1.2885347 1.8027679 2.1848362
1.2938621 1.7966056 2.1857379
1.2879856 1.8085743 2.180896
1.285967 1.8103297 2.1793568
1.2878743 1.8103402 2.1793415
1.2873988 1.8062989 2.1836535
1.2879237 1.8062526 2.1807368
1.2866824 1.8031141 2.1764445
1.2890139 1.8077738 2.1810567
1.2887956 1.8083806 2.1809069
1.2860297 1.806179 2.1805426
5.5741232 1.2145831 2.5309749
3.2295 1.11667 3.64198
5.5764489 1.2175113 2.5349062
5.575431 1.2180561 2.5315974
5.5761096 1.2181741 2.5314926
5.5769267 1.2102568 2.5320288
5.5720299 1.2196852 2.5294288
5.5826358 1.2250157 2.5281697
2.1184 1.05847 5.40383
5.5737277 1.2162367 2.5288606
5.5719543 1.2181484 2.5307231
5.573819 1.2181563 2.5315592
5.5717141 1.2149762 2.5337756
4.03466 2.08047 1.25553
5.572612 1.207069 2.5291259
5.5712599 1.2223063 2.5323722
5.5671799 1.2139449 2.5391719
5.575205 1.2173981 2.5282266
5.5748491 1.21675 2.5310408
5.57147 1.2192101 2.5272119
3.7787306 1.051301 2.2838867
5.94446 1.478 1.84376
0.24547 2.28249 3.40238
2.53803 2.63085 1.9642
3.7737203 1.0440738 2.2980024
3.778524 1.0429647 2.2874359
3.776717 1.0436944 2.2870649
3.7788632 1.0429056 2.2845579
3.7732258 1.0420053 2.2892681
3.775932 1.0450768 2.2895323
3.7770139 1.0429306 2.2837929
3.7759632 1.0418151 2.2845729
3.7790554 1.0437335 2.2867438
3.7772829 1.048312 2.2779118
3.7803462 1.0549266 2.2838822
3.7766104 1.0500582 2.2906104
3.7731455 1.0430025 2.2887845
3.7836751 1.0409591 2.2803679
3.7832656 1.041372 2.2781742
3.7756691 1.0433764 2.288043
3.779395 1.0433034 2.2725685
4.58068 1.2896 5.45274
5.2636237 1.9186153 1.4537489
5.2639981 1.9196492 1.4575854
5.2605524 1.9192604 1.4545484
5.2657314 1.9139298 1.4601784
5.2647729 1.915545 1.4554066
5.259004 1.9179236 1.4570454
5.2627667 1.9201735 1.4516132
5.262639 1.9168673 1.4517648
3.1202833 1.0339531 5.8856542
3.1230441 1.0341678 5.8963358
3.1283871 1.0318288 5.88495
3.1219822 1.0351993 5.8872217
3.1235671 1.0308244 5.8865118
3.1215133 1.0370986 5.8887541
3.1203372 1.0382938 5.8862663
3.1205792 1.0384137 5.8874676
3.1244689 1.0357987 5.8850019
3.1162283 1.0372822 5.8910114
3.1136458 1.0305664 5.8972507
3.1212615 1.0344821 5.8839092
3.1205403 1.0342076 5.8884429
3.1212506 1.0336341 5.8872656
3.1276456 1.0417056 5.88204
3.1230472 1.0332544 5.8956834
3.1337414 1.0403039 5.8792436
3.1190826 1.0327054 5.8876899
3.1199084 1.0327446 5.8863272
3.1163233 1.0288819 5.8888928
3.1180976 1.0317264 5.8911761
3.1199305 1.0324335 5.8879803
3.1236183 1.0325993 5.8856741
3.1236366 1.0331067 5.8834227
3.1218739 1.0341862 5.882015
3.1176009 1.033006 5.8874072
3.1226334 1.0391099 5.883713
3.1217752 1.0379313 5.8827062
3.1198414 1.0358728 5.8788761
1.1355667 0.62362123 1.5588991
1.1414436 0.62991264 1.5552397
1.1441251 0.62326944 1.5513436
1.1395577 0.62082286 1.5635159
1.1346602 0.62655055 1.5661661
1.1474626 0.62664489 1.5495536
1.1500085 0.62980139 1.5383089
3.79628 0.85174 1.6292
1.1418815 0.61392319 1.5465431
5.23753 1.25897 5.65166
1.1540169 0.62283982 1.5462667
1.1415657 0.62361555 1.5529403
1.1446115 0.62191303 1.5501545
2.22473 0.92087 6.13043
1.1600458 0.62187891 1.5419714
1.1534966 0.62129093 1.5420625
1.1428879 0.61954759 1.5552657
1.1416754 0.62365542 1.5542913
1.1254675 0.62290353 1.5630675
1.135039 0.62663339 1.5698527
5.7424895 2.5614007 0.53935411
5.7542497 2.5539676 0.56123359
5.7524207 2.5582969 0.56105963
5.7553721 2.5584729 0.55591228
2.48549 1.69186 3.49568
5.7676563 2.5674809 0.56931222
5.7518947 2.5703868 0.56597829
5.7482241 2.5656056 0.5585553
5.7367947 2.5602548 0.55365171
5.7494292 2.5530392 0.56441637
5.7497506 2.5516443 0.56337531
5.7504085 2.5586427 0.55954185
5.743784 2.5573976 0.55292735
1.2865353 1.8066095 2.1807695
1.2876085 1.807923 2.1807177
1.2927641 1.8069578 2.1818858
1.2906973 1.8008097 2.1714712
1.2931639 1.807126 2.1768672
1.2891821 1.7967877 2.1784857
4.46846 1.13624 5.51156
1.2789583 1.8154155 2.1791435
1.2872653 1.8092227 2.180769
1.2885228 1.812334 2.1799048
1.2888181 1.80894 2.1838895
1.2882282 1.8049948 2.1771254
1.2883257 1.8082561 2.1817653
1.2890473 1.8076588 2.1819702
1.2859974 1.8058526 2.1801423
1.23058 1.99386 3.47656
5.5770857 1.2169466 2.5314482
5.5738435 1.2163682 2.5307054
5.574826 1.2173622 2.5324954
5.5770837 1.2153717 2.5320527
5.5754683 1.2174784 2.5316547
5.5803672 1.2124264 2.5312939
5.5696945 1.2205803 2.5311397
5.5788131 1.2168195 2.5320341
5.564579 1.2187387 2.5275167
5.5686171 1.2145033 2.5256762
5.5674908 1.2231957 2.52569
5.5722278 1.2258684 2.522751
5.5814489 1.2220171 2.5289594
5.5726483 1.2131654 2.530724
2.63307 1.01229 4.80159
5.5723013 1.2262898 2.534124
5.5658469 1.2188065 2.5322987
5.573138 1.217622 2.5308739
5.5762002 1.2150976 2.5310513
5.5774188 1.2179003 2.5249325
3.7784805 1.0420637 2.2873187
3.7780359 1.0432591 2.2875777
3.7733141 1.0365873 2.2841884
3.7697883 1.0438435 2.2898407
3.7674253 1.0429329 2.2930987
3.7797664 1.0420651 2.2808041
3.777534 1.0389179 2.2853567
3.7806973 1.0442617 2.2880315
3.7761042 1.0421477 2.2885811
3.7798555 1.0404297 2.2888956
3.7788845 1.0436281 2.2893344
3.7780023 1.042672 2.2857415
3.7781415 1.0425958 2.2863115
3.7766112 1.0391617 2.2844124
3.7804834 1.0411042 2.2907391
3.7764865 1.0420534 2.2875804
3.7777557 1.0427687 2.2865206
3.7757655 1.0411604 2.2870717
3.7778792 1.0423947 2.2859092
3.7753711 1.0418913 2.2859848
3.7784036 1.0403832 2.2876415
5.2606891 1.9195201 1.4541252
5.2594562 1.9202443 1.4532015
5.2644003 1.9170221 1.4541558
5.2605103 1.9187914 1.4542974
5.2636981 1.9195947 1.4618356
5.2584411 1.9191791 1.4538219
5.2585024 1.9186007 1.4538641
5.2573538 1.9197287 1.4529422
3.1091596 1.0389414 5.8939703
3.1193429 1.0364605 5.8876489
3.1228226 1.0361775 5.8934004
3.1267406 1.0350851 5.8773334
3.1227649 1.0327048 5.8822183
3.1285741 1.0344723 5.8832954
3.1217245 1.03539 5.8870648
3.1215221 1.0366021 5.8874812
3.1234093 1.0381406 5.889508
3.1215651 1.034175 5.8881436
3.1149266 1.0367067 5.8910082
3.116873 1.0331919 5.898426
3.1252898 1.0359057 5.8910533
3.118306 1.0360013 5.8879139
3.1183933 1.0341057 5.8904413
3.1141334 1.0346388 5.8855739
3.1246827 1.0427748 5.8842254
3.1222743 1.0360372 5.886306
3.1228365 1.0366465 5.8857233
3.1218297 1.0350537 5.8862554
3.1244635 1.0294179 5.8804212
3.1269827 1.0286634 5.8831124
3.1182698 1.0333734 5.8814504
3.1286691 1.0331571 5.8834441
5.74472 1.22596 5.69669
3.1213297 1.0380564 5.8918359
3.1134058 1.0336077 5.8895051
3.1174218 1.0312089 5.8940204
3.1278103 1.0307596 5.8823573
3.1265744 1.0324739 5.8851627
1.1516002 0.62281879 1.5344179
1.1493108 0.63167021 1.5507094
1.1429835 0.62505702 1.5567862
1.1491196 0.62531342 1.5430722
1.1379162 0.61779205 1.5559421
1.1483353 0.62727997 1.5463134
1.1438112 0.62079601 1.5514304
1.1453102 0.62068078 1.5497722
1.1449095 0.63540902 1.54817
1.48238 1.54207 3.36462
1.149485 0.61969578 1.5544152
1.1398462 0.62277802 1.5600573
1.1438383 0.61842848 1.5504404
1.1367539 0.61697446 1.5569618
1.1335551 0.61653795 1.5613421
1.1478692 0.62634886 1.5511099
1.1359502 0.6248453 1.5503456
1.1339395 0.61652694 1.5527091
1.1456043 0.61951425 1.5466654
1.1442751 0.62342144 1.5508605
1.1513778 0.62935708 1.54577
5.757323 2.5572256 0.56054546
5.7546086 2.5544182 0.56241407
5.7592807 2.5548732 0.56363822
5.7517987 2.5586627 0.56365858
5.7564909 2.552406 0.56544172
5.7442802 2.5577381 0.56220186
5.7503618 2.558767 0.55927127
5.7507929 2.5591807 0.56017492
5.7515658 2.5587883 0.5524858
5.7557472 2.5652856 0.55692159
5.7569006 2.5638818 0.56279834
5.7428549 2.5695342 0.55740299
1.2875826 1.8091547 2.1821089
1.2878078 1.808131 2.1801057
1.2920911 1.8029995 2.1760576
1.2830392 1.804893 2.1815924
1.2823589 1.8069945 2.181293
1.2860034 1.8071417 2.1820497
1.2862166 1.8070029 2.181888
1.2828374 1.8102546 2.1863742
1.2824198 1.8110134 2.1843977
1.2889578 1.8111162 2.1815266
1.2789765 1.8042259 2.1839848
1.2787837 1.8017499 2.178767
1.288082 1.8047861 2.1794453
1.284299 1.8075483 2.1827247
1.2855034 1.8071329 2.181187
1.2929607 1.8101613 2.1685438
1.2830135 1.8102977 2.1782994
5.5899009 1.2197474 2.5259357
5.5667414 1.2187696 2.5391642
5.5794359 1.2175168 2.5409494
5.5757841 1.2188622 2.5309684
5.5747874 1.2187151 2.5311926
5.5704765 1.2193956 2.5360255
5.5708655 1.2144199 2.5288953
5.572309 1.2227166 2.5322653
5.5745774 1.220682 2.5296772
5.5827053 1.2209142 2.5323412
5.5645113 1.2141284 2.5332913
5.5817924 1.2165867 2.5269258
5.5751215 1.2191719 2.5345275
5.5786972 1.2205967 2.5286892
5.5715447 1.2223398 2.5270994
5.5751063 1.2172387 2.5305627
5.5750235 1.216542 2.5302608
5.5744977 1.2168271 2.5318232
5.5639508 1.2056842 2.5357411
3.7846292 1.0441039 2.2811536
1.85984 0.14174 4.94464
3.7837594 1.0430154 2.2796054
3.7775767 1.0454893 2.2809401
3.7787532 1.0455298 2.2910085
3.7832897 1.0393016 2.2850958
3.7788232 1.0370774 2.2847426
3.7818997 1.0444226 2.2850717
3.7752784 1.0428767 2.2865805
3.7785303 1.040436 2.2852204
3.7776065 1.0418913 2.2870687
3.782564 1.0409341 2.2709415
3.7762058 1.0422449 2.285407
3.7779693 1.0424786 2.2857085
3.7844355 1.04309 2.2854965
3.7847094 1.0447337 2.2839966
3.7783634 1.0436244 2.2870312
3.7770924 1.0427826 2.2883668
3.7744286 1.0452371 2.281104
3.7775622 1.0472679 2.2789337
3.7822081 1.0384295 2.2855044
5.2587635 1.9206783 1.4508891
5.2607057 1.919378 1.4544437
5.2645846 1.9212372 1.4603274
5.2603355 1.9199118 1.446901
5.2610038 1.9191854 1.4545131
5.2598257 1.9219725 1.4566181
5.2569788 1.9308786 1.4591122
3.1195878 1.0309549 5.902491
3.1314963 1.0342363 5.8925152
3.1187178 1.0357795 5.8878875
3.1211833 1.0304357 5.8904819
3.78455 1.54374 3.51201
3.1207896 1.0353467 5.8868062
3.1234094 1.0255053 5.8866392
5.85885 1.72941 5.36173
3.1191272 1.0330199 5.8878166
3.1079865 1.0403624 5.8936476
3.1086291 1.0401285 5.8914808
3.1213258 1.0344759 5.8899128
3.1221609 1.0402321 5.8904427
3.1201056 1.0318861 5.8905692
3.1196619 1.0362225 5.8878173
3.1159279 1.039322 5.8861071
0.7161 0.89683 1.37919
3.1303363 1.0341195 5.8841823
3.1221381 1.0364217 5.8869306
3.1220613 1.0356866 5.8864245
3.1257985 1.0338862 5.8810518
3.1238747 1.0351206 5.8849995
0.9393 1.83872 2.60084
3.1212765 1.038123 5.8819156
3.1170737 1.035349 5.8886031
3.1200244 1.030458 5.8909858
3.1194434 1.042053 5.8933974
3.1176788 1.04017 5.892419
3.1199363 1.0370128 5.8884627
3.1248498 1.0374947 5.8896112
1.1501024 0.62154179 1.5477618
1.1521005 0.62265311 1.5372422
1.1366858 0.63057662 1.5535911
1.1414086 0.62273763 1.5592712
1.1514388 0.61732838 1.5439404
1.1420518 0.62320217 1.5582067
1.1474988 0.62363521 1.5451582
1.1463884 0.62396345 1.5467461
1.1366949 0.62206995 1.5537807
1.1504801 0.62159994 1.539194
1.1462091 0.62365836 1.5487898
1.1506216 0.61941342 1.5479818
1.146408 0.61468962 1.5524379
1.1401529 0.62225154 1.5566255
1.1457349 0.62195544 1.5464838
1.1372835 0.62457158 1.5525771
1.1439789 0.62304481 1.5503737
1.1450254 0.62322225 1.5478843
1.1520304 0.61538158 1.534643
1.1506958 0.61236157 1.5371477
4.79814 1.88884 1.36536
1.1246375 0.62100474 1.5645067
5.7511618 2.5588053 0.56009031
5.7417211 2.5594478 0.55111998
5.7439599 2.5584055 0.55180854
5.7532169 2.5593148 0.56248144
5.7516386 2.5588517 0.56069663
5.7515178 2.5590718 0.56092107
5.7509874 2.5585461 0.56129645
5.7417565 2.5494702 0.5515518
5.7493827 2.560794 0.55849525
5.743914 2.56559 0.55148679
5.7543032 2.560969 0.56478424
1.2845478 1.8129337 2.1839478
1.2874059 1.8074604 2.1826504
1.286084 1.8078533 2.1818233
1.292251 1.8048048 2.1750296
1.288124 1.8094156 2.1825869
1.2871091 1.8071844 2.1834921
1.2877776 1.8068855 2.1815876
1.2869686 1.802595 2.1805708
1.2880817 1.8055062 2.1787562
1.2915435 1.8035694 2.1793591
1.2915573 1.807336 2.1914688
1.2824043 1.8120703 2.1815557
1.2899124 1.810427 2.1867124
1.284524 1.8104564 2.1865999
1.2924849 1.8148533 2.1831285
1.2878619 1.8135912 2.1758816
1.2898792 1.8077564 2.181625
1.287031 1.8065871 2.1794835
5.5751239 1.2176102 2.5318076
5.5716492 1.2172757 2.5295401
5.578304 1.227037 2.5367709
5.5773366 1.2223569 2.5273593
5.5732892 1.2121407 2.5283415
5.5710665 1.2106167 2.5326768
5.571549 1.2127082 2.5314217
5.5708025 1.2208104 2.5302457
5.5706431 1.2129581 2.5349681
5.5795017 1.2129764 2.5363566
1.80804 0.84187 0.46976
5.5757379 1.2160443 2.5215516
5.5805474 1.2171358 2.525262
5.5818748 1.2269548 2.5237201
4.37396 0.39178 2.42435
5.5729579 1.2131064 2.5322698
5.5692267 1.2184037 2.5387771
5.5666466 1.2096152 2.5351032
1.81893 2.34493 3.49123
3.7855909 1.0401834 2.2811505
3.77699 1.0353348 2.2791013
3.7786236 1.0445384 2.2871899
3.7764859 1.0465353 2.2882676
3.7793463 1.0432118 2.2871437
3.7792067 1.0470779 2.2902185
3.775016 1.0439677 2.2876754
3.7812234 1.0429346 2.2866768
3.7766998 1.0425922 2.2868529
3.7817254 1.0405863 2.2823065
3.7821372 1.0451978 2.2828002
3.7799122 1.0436823 2.270449
3.7862798 1.0415009 2.2805824
3.778773 1.043065 2.2866991
3.7797236 1.0425089 2.2847806
3.7809232 1.044248 2.290343
3.7781213 1.0488723 2.2889938
3.7785749 1.0435724 2.2860292
3.7783985 1.0416673 2.2873483
3.7870825 1.0402518 2.2795692
3.7855463 1.0466799 2.2844321
4.509091 0.76853534 1.9555251
4.5132309 0.76795384 1.9599399
5.2578563 1.9300723 1.455861
5.2485221 1.9120609 1.4475766
5.2626031 1.9179601 1.4542428
5.2599826 1.9176696 1.4538185
5.2607636 1.9190856 1.454641
3.1227043 1.0380326 5.8849841
3.131416 1.0339391 5.8899942
3.1190261 1.0340209 5.8877647
3.1237153 1.03713 5.8922159
3.1057312 1.0394807 5.8986644
3.1167433 1.0385031 5.888603
3.1164724 1.0408905 5.8907708
3.122389 1.0326467 5.8859043
3.1191804 1.0328373 5.888208
3.1231034 1.0350863 5.8878971
3.1240503 1.0338832 5.8870932
3.1211928 1.0343272 5.8872302
3.122408 1.0372481 5.8844542
3.1185807 1.0372538 5.8926177
3.1205467 1.0391898 5.8867844
3.1211677 1.0360357 5.8863803
3.1205721 1.0305227 5.8862471
3.1108331 1.0372578 5.8955577
3.1118932 1.0334114 5.8929778
3.123758 1.0306574 5.8854732
3.1256282 1.0306181 5.8840264
3.1219125 1.0331156 5.8858512
3.1152528 1.0341319 5.8827395
3.1254422 1.0285058 5.8824238
3.1263621 1.0377727 5.884139
3.1151164 1.0342713 5.8957104
3.1201913 1.039367 5.8958199
3.1227221 1.0332346 5.8844884
3.1154265 1.0282014 5.8863596
3.1277304 1.0266996 5.8823952
1.141262 0.62574717 1.548911
1.1344562 0.63101287 1.5558963
1.1424187 0.63011259 1.5476252
1.1294162 0.62617683 1.5651691
1.1411884 0.62134418 1.5605642
1.1434336 0.62690264 1.5471278
1.1422336 0.62516085 1.548835
1.1504159 0.61954084 1.5420178
1.1442285 0.62429699 1.554145
1.1472799 0.62087374 1.5516896
1.1409324 0.6228596 1.5491208
1.1506393 0.62120868 1.5438515
1.1570673 0.61912574 1.5367246
1.1443173 0.62286621 1.5499616
1.1443986 0.62261946 1.5497356
1.1437303 0.61923639 1.5480133
1.139969 0.62254521 1.5490109
1.1397854 0.62150009 1.5555405
1.1336477 0.61791412 1.5557082
1.1449995 0.62350998 1.5481138
1.1331455 0.62107212 1.5608161
1.1418897 0.62497795 1.5475283
2.40053 0.75497 3.63213
5.7425644 2.5583923 0.55209089
5.7506185 2.5604434 0.55915458
5.7535598 2.5598434 0.56130891
5.7505769 2.5610163 0.55752298
2.79979 0.54021 1.80028
5.7547457 2.5579581 0.56061257
5.725807 2.5543212 0.54097077
5.7505086 2.5588354 0.56007724
5.7496801 2.5589685 0.55982648
5.7571005 2.5597814 0.56514455
1.286113 1.8067878 2.1843453
1.2881628 1.8095982 2.1855182
1.2921988 1.8078689 2.1745538
1.2886651 1.8082099 2.183854
1.293766 1.8050227 2.1877957
1.2883391 1.8047563 2.1775069
1.2871962 1.7997498 2.1828145
1.2903904 1.8079941 2.1889973
1.2845175 1.8045883 2.1886984
1.2831446 1.8038487 2.1792825
1.2896385 1.8012433 2.1874523
1.2933711 1.8053989 2.1904642
1.2880618 1.8119301 2.1858653
1.2831772 1.8093464 2.1813629
1.2887494 1.807221 2.1808717
1.2956707 1.810389 2.177399
1.2837987 1.8078721 2.1787467
1.2866086 1.8075751 2.183104
2.13657 1.41802 1.74589
5.5739062 1.2291089 2.5403586
5.5767392 1.2181664 2.5264156
5.5761844 1.2296431 2.5323198
4.35304 2.27095 1.57424
5.5735422 1.2177993 2.5313445
5.5761117 1.2175302 2.5369496
5.5726735 1.2172445 2.5359532
5.5821498 1.2138521 2.5314025
5.5808964 1.2126877 2.5296371
5.5820882 1.2106282 2.5328088
5.5767307 1.2270634 2.5233442
5.5698628 1.2190656 2.5354727
5.5739993 1.2146375 2.5350929
5.5707955 1.2106083 2.5366214
5.5792824 1.2133818 2.5334179
5.5676481 1.216214 2.5370384
5.5812142 1.2180183 2.533881
5.5763585 1.2183456 2.5303553
3.7821458 1.0506024 2.2785095
3.7820504 1.0457341 2.2725609
3.7787749 1.043202 2.2845522
3.7776865 1.0425427 2.2861332
3.7784848 1.0426017 2.2867188
3.7774398 1.0465679 2.2903615
3.7788652 1.0425521 2.2869141
3.7821693 1.0411657 2.2854771
3.7799243 1.0453985 2.2846678
3.7795151 1.0439403 2.2851055
3.7781699 1.0437555 2.28584
3.7776806 1.0451659 2.2729752
3.7821183 1.0458148 2.2848797
3.7771904 1.0425278 2.2879137
3.7808506 1.042013 2.282753
3.7810129 1.042404 2.2848898
3.7834087 1.0519949 2.2839185
3.7802434 1.0428443 2.2843659
3.7725127 1.0392916 2.2896728
3.7728536 1.0397326 2.2893129
3.7784298 1.0434922 2.2948168
4.5038593 0.76544323 1.961204
4.5080413 0.76199774 1.9587612
4.5184019 0.77357094 1.9548895
3.55536 2.20288 5.71838
4.5072423 0.76349561 1.9580513
5.2642905 1.9276329 1.4504725
3.1304319 1.0319299 5.8740493
3.1229257 1.0384373 5.8851873
3.1193788 1.029001 5.8859717
3.1209073 1.035499 5.8834026
3.1221389 1.0363848 5.8863501
3.1209808 1.0342205 5.8868752
4.34338 2.3772 2.12779
3.1261886 1.0366202 5.8972663
3.1210683 1.0344309 5.8866777
3.1201411 1.0354087 5.8869478
3.1232394 1.033458 5.8856492
3.120732 1.0348509 5.8913598
3.1260418 1.0347747 5.884856
3.1249345 1.0340622 5.887404
3.1302593 1.0346543 5.8827002
3.1224939 1.0360551 5.8869381
3.1185499 1.0360443 5.8904959
3.1204163 1.0356303 5.8874026
3.1168528 1.0449572 5.8921379
3.1119873 1.0426904 5.897061
3.1209812 1.0348734 5.8865389
3.1227997 1.029033 5.8852705
3.1207993 1.0330215 5.8875056
3.1142592 1.0332885 5.8945324
3.1165368 1.0317983 5.8954271
3.1229946 1.0352377 5.8863264
3.1233161 1.0366068 5.8870845
3.1215535 1.0347212 5.8863018
3.1257638 1.0368124 5.8825548
3.65917 0.61021 1.18072
3.1204595 1.0375158 5.8804998
1.1516396 0.62351064 1.5569993
1.1471643 0.62896217 1.5597745
1.1432054 0.62354609 1.5514883
1.1409456 0.62336265 1.5498739
1.1497782 0.62769681 1.5441543
1.1574825 0.62488911 1.5392564
1.1475406 0.61433162 1.5468453
5.64594 1.31061 0.24529
1.1437336 0.62299796 1.5511668
1.1427745 0.62169168 1.5530159
1.1374425 0.62387751 1.557388
1.1364816 0.61972391 1.5526673
1.1490593 0.62781142 1.5414544
1.1478058 0.62570701 1.5415748
1.1430452 0.62174257 1.5511916
1.1256334 0.62409526 1.5659266
1.14848 0.62148813 1.5447026
1.1435518 0.62233321 1.5535936
1.1445772 0.62333197 1.5487021
1.1465543 0.62388382 1.5459926
1.1457404 0.62445705 1.5482795
3.91621 2.16777 1.36286
1.1550438 0.61042043 1.538774
1.1437691 0.62264889 1.5507643
5.7463914 2.5516818 0.56836652
5.7503494 2.5565193 0.56105771
5.7527195 2.5616904 0.56097613
5.7495231 2.5584896 0.55845516
5.7554235 2.5650162 0.57003382
4.59052 2.66336 2.13372
5.7518433 2.5555576 0.56455774
5.7469799 2.5434367 0.55457151
1.287187 1.8071931 2.171141
1.2811829 1.8083981 2.1790008
1.2930692 1.8059976 2.1730207
1.2905126 1.8061074 2.1700312
1.2909507 1.8037728 2.1694331
1.2889551 1.7948362 2.1792341
1.2867688 1.8069163 2.1760691
1.2916373 1.8017739 2.1789725
1.2866247 1.8080192 2.1783297
1.2846852 1.8041351 2.1794459
1.2879829 1.8071765 2.1806695
1.2886258 1.8041837 2.1778726
1.2831073 1.8115705 2.1869697
1.2910311 1.8089012 2.1885173
1.2881645 1.8064542 2.186275
1.287903 1.803409 2.180198
1.2949247 1.8150398 2.1804136
1.287346 1.8117541 2.1845845
1.287347 1.8115368 2.1841154
1.2875041 1.8103293 2.1737005
5.5756417 1.2084327 2.5218041
5.5764381 1.2169348 2.5285448
5.5779072 1.2257427 2.5271128
5.5784105 1.2258036 2.5256923
5.5706087 1.2171332 2.5382609
5.5737051 1.2142807 2.5381684
5.5767439 1.2167084 2.5354333
5.5755489 1.2170302 2.5327078
5.5779728 1.2145389 2.5347097
5.5753357 1.2150528 2.5323708
4.85206 1.30306 1.12446
5.5725202 1.2171436 2.53192
2.82801 0.39235 2.94598
5.5778285 1.2038931 2.5381825
5.5827235 1.2112134 2.5282375
5.5734997 1.2216101 2.5352826
5.580981 1.2141367 2.5336524
0.06835 1.31065 0.42487
3.7760948 1.0418812 2.2919457
3.7820076 1.0363926 2.2850699
3.7761892 1.0405134 2.289413
3.7754869 1.0400562 2.2895498
3.7779938 1.0431916 2.2859569
3.7788902 1.0451325 2.2845053
3.7852162 1.040023 2.2844548
3.7847353 1.0480286 2.2865071
3.7844358 1.0404351 2.2832778
3.7793565 1.0425136 2.2849121
3.7828283 1.0427391 2.2806729
3.7823904 1.0401088 2.2763511
3.7890195 1.0446144 2.2863847
3.7836335 1.0445137 2.290455
3.7809497 1.0449606 2.2839542
3.7770748 1.0430955 2.2824572
3.7840042 1.0516427 2.2839504
3.7825169 1.0428205 2.2808274
3.7741503 1.042824 2.2895844
3.7756114 1.0420899 2.2841129
3.7775214 1.0428589 2.28732
4.5018984 0.76825122 1.9698841
4.5099435 0.77217138 1.9537947
4.5006985 0.7725738 1.9653058
4.5062562 0.7652604 1.9611256
4.5084137 0.76677707 1.9585301
4.5055944 0.76663071 1.9602878
3.1172899 1.0251095 5.8891764
3.1294814 1.0304014 5.8838542
3.1295071 1.0314354 5.8809985
3.1213866 1.03444 5.8857221
3.1184315 1.0326392 5.879623
3.1156885 1.0291127 5.8851443
3.1255558 1.0455057 5.8786773
3.124951 1.0356673 5.8863448
3.1194444 1.037312 5.8866575
3.1188942 1.0351973 5.8911401
3.1196059 1.033811 5.8883413
3.1215706 1.0336231 5.8908766
3.122005 1.0359909 5.8859471
3.1319458 1.0369036 5.8801977
3.1298074 1.0334044 5.8885427
3.1189385 1.0367887 5.8873241
3.1187675 1.0374188 5.8897472
3.1214779 1.0352828 5.8865114
3.1161435 1.0350996 5.8851844
3.1214268 1.0358188 5.8873223
3.1205479 1.0389846 5.8882292
3.1188096 1.035007 5.8908602
3.1215454 1.0306272 5.8901889
3.1173159 1.0301906 5.8902891
3.1126873 1.0333149 5.8916663
3.1213845 1.0354179 5.8854098
3.1217096 1.035712 5.8864939
3.125093 1.0361807 5.885645
3.122178 1.0393707 5.8831605
3.1212525 1.0352845 5.8864317
3.1203702 1.0386342 5.8781865
1.1472903 0.62359266 1.5484389
1.1574875 0.62633297 1.5402425
1.1436424 0.62396129 1.5516064
1.139001 0.62281169 1.5513156
1.1413689 0.6232083 1.5503197
1.1488277 0.61826841 1.545873
1.1555162 0.63005327 1.5484992
1.1372648 0.62188587 1.560351
1.1437323 0.62323576 1.5509504
1.1470973 0.62366488 1.5503657
1.1384372 0.6220653 1.5533507
1.1393559 0.62262647 1.5536042
1.1429131 0.62296843 1.5516081
1.1409168 0.62011683 1.5555412
1.141485 0.62101538 1.5513937
1.1265168 0.62420106 1.5668057
1.1418597 0.6212962 1.5499818
1.1431128 0.61880908 1.5514927
1.1438731 0.62248617 1.5502031
1.1325581 0.62628412 1.5602204
1.1371146 0.6286022 1.5498729
1.141395 0.62815382 1.5470806
1.1400939 0.62070885 1.5498917
1.1235259 0.62444436 1.5730567
5.7391448 2.5593337 0.548077
5.7497994 2.5635022 0.55692308
5.7402061 2.5571398 0.54918128
5.7360572 2.5606136 0.55139524
5.7485979 2.5583199 0.55891278
5.7526874 2.5648865 0.56585136
5.7527222 2.5594861 0.56298608
1.2946782 1.8205221 2.1753822
1.2951039 1.8090542 2.1739183
1.2822616 1.8078601 2.1781247
1.2848198 1.8071612 2.1793846
1.2924357 1.8096066 2.1798699
1.2838605 1.8089879 2.1777924
1.2866683 1.809116 2.187264
1.2906918 1.8154502 2.1740173
1.2887148 1.8035034 2.1808623
1.2885639 1.8032904 2.1814635
1.2874181 1.8069177 2.180803
1.2881734 1.807601 2.1806758
1.08022 2.9703 1.00511
2.40232 1.24319 2.4019
1.2862871 1.8081141 2.1799442
4.23775 1.26384 3.87606
1.2864063 1.8080679 2.1792075
1.2866889 1.8066974 2.1794958
1.2947206 1.8041722 2.1836757
1.2926427 1.8060437 2.1832618
1.2881905 1.8072913 2.1797386
5.5772258 1.2066729 2.5220973
5.57889 1.2183391 2.5301279
5.5753111 1.2176309 2.5313581
5.5743757 1.2150467 2.5296389
5.5718344 1.2201169 2.533422
5.5755417 1.2179133 2.5392636
5.5765746 1.2179721 2.5284545
5.5689143 1.2160588 2.532195
5.5740244 1.2173447 2.5324343
5.5707764 1.2189685 2.5341341
5.5866969 1.2253141 2.5299322
5.5745954 1.2187629 2.5265877
5.5858703 1.2235653 2.5350923
5.578625 1.2203012 2.5265813
5.5745418 1.2173012 2.5358604
5.5800135 1.2135056 2.5295903
1.69447 2.69343 5.98197
2.4116847 1.696362 3.6912893
2.73292 1.44345 3.37887
3.7934562 1.0352745 2.2846724
3.7796847 1.0330748 2.281414
3.772281 1.0467558 2.2797737
3.7768576 1.0429683 2.2867179
3.7845584 1.0469076 2.2779975
3.7887336 1.0485253 2.2850265
3.7845014 1.0507142 2.2876968
3.7726652 1.0407043 2.2897406
3.7813456 1.0436887 2.2858096
3.7769924 1.0317674 2.2945626
5.38074 2.21264 1.55698
3.7826337 1.0326722 2.282538
3.7847477 1.04479 2.2891381
3.7739077 1.0360737 2.2883436
3.7756453 1.0358893 2.2902776
3.7773904 1.0377539 2.2931518
3.7817309 1.0431805 2.2913546
3.7790261 1.04385 2.2872332
3.7665335 1.0425098 2.2917275
3.7709541 1.0358957 2.2990181
4.5116786 0.77720365 1.9495499
4.5083498 0.76583121 1.9565978
4.504892 0.76650713 1.9585101
4.5064168 0.76680866 1.9565784
4.5069105 0.76568494 1.9580296
4.5037808 0.77590318 1.9567884
3.06433 1.23266 5.84039
3.1198101 1.0339939 5.8863339
3.1215392 1.0281848 5.8772243
3.1136146 1.0327289 5.886727
3.1251909 1.038907 5.8865396
3.133791 1.0351866 5.8819896
3.1274331 1.0345829 5.8783903
3.1259376 1.0384966 5.8868358
3.120957 1.0355274 5.8870409
3.1224224 1.0380732 5.8866636
3.1243661 1.0355336 5.8888176
3.1210936 1.0348959 5.8872779
3.1232527 1.0338977 5.884617
3.1248477 1.0408217 5.8874941
3.1197837 1.0369053 5.8881907
3.1207464 1.0384132 5.8877564
3.1252827 1.0333895 5.8844372
3.121692 1.0355774 5.885745
3.1218943 1.0343896 5.8832116
3.126082 1.0352942 5.8810892
3.1214418 1.0357408 5.8814725
3.118326 1.0283303 5.8941468
3.1225349 1.0396216 5.8923668
3.1251511 1.0376322 5.8827734
3.1233986 1.0360341 5.8849778
3.1193997 1.0384488 5.8879863
3.1217639 1.0398535 5.8857695
3.1150178 1.0417144 5.8878273
3.1170606 1.0405632 5.8818501
3.1142548 1.0259537 5.8940988
1.1631749 0.63255438 1.534591
1.1502932 0.62126676 1.5357789
1.1452018 0.62510617 1.538637
1.1509688 0.62807864 1.5363798
1.1501201 0.61967477 1.5422716
1.1499402 0.62177328 1.5400576
1.145517 0.62116784 1.5444516
5.86221 2.91122 3.90893
1.1443124 0.62221642 1.5504327
1.1402898 0.62607717 1.5514963
1.140959 0.63025319 1.5522732
1.1426986 0.62905424 1.5543059
1.1419833 0.62494112 1.5524635
1.1358103 0.62259698 1.557374
1.1386813 0.6186481 1.552751
1.1429673 0.62260838 1.5506877
1.1240743 0.62045047 1.5656387
1.1372722 0.62250197 1.5473074
1.1423165 0.6218742 1.5517932
1.1441669 0.62317602 1.5505891
1.1456706 0.62442188 1.551954
1.1401254 0.62166514 1.5550319
1.1407518 0.62200405 1.5562516
1.1380715 0.62484158 1.5604812
1.1422687 0.62243731 1.5519652
1.0047788 0.7143248 1.6553691
5.7626827 2.5539533 0.57096227
5.7474699 2.5646926 0.55636116
5.7596856 2.5583322 0.57822871
5.7488161 2.5577123 0.55998417
5.7577225 2.5635564 0.56226194
5.7566762 2.56072 0.56194045
1.2902237 1.8016535 2.1852564
1.2910928 1.8149685 2.1752858
1.2929761 1.8027985 2.1917248
1.3002098 1.8026606 2.1888976
1.2920284 1.8095671 2.1770065
1.2884882 1.8082323 2.1800369
1.2926172 1.8087311 2.1770118
1.2878503 1.817406 2.173381
1.2843729 1.8121133 2.1692833
1.2875144 1.8076668 2.1781922
1.2880138 1.8086051 2.179157
1.2882086 1.8078289 2.1805457
1.2906623 1.8035418 2.175148
1.2894344 1.8115725 2.1901607
1.2922736 1.8019472 2.1793229
1.2922357 1.8086332 2.1778581
1.2866817 1.8057121 2.1821532
1.294345 1.8060126 2.185994
1.2897424 1.8036813 2.1909699
1.285407 1.7991128 2.1836292
1.2769588 1.8126477 2.1836403
6.03322 2.1473 5.55721
5.5833922 1.2146281 2.5318887
5.5695223 1.2209393 2.537811
5.5848817 1.2200229 2.5246863
5.5776803 1.2196228 2.5257153
5.5739247 1.2220462 2.5271153
5.572341 1.2190232 2.5350166
5.5686752 1.2167994 2.5308114
5.5693376 1.2160655 2.5351129
5.5726804 1.2187864 2.5294949
5.5755462 1.2164527 2.5288333
5.5750398 1.2163478 2.5308087
5.5732492 1.2243493 2.5264811
5.5783086 1.2170899 2.5307462
5.5753796 1.2191047 2.5341073
5.5757197 1.2228877 2.5258169
2.4097606 1.6933807 3.685967
2.4027732 1.7033875 3.6884417
4.54784 1.05718 1.33318
2.4039903 1.7012724 3.674552
3.7650445 1.04762 2.2977691
3.7746091 1.0571979 2.2862361
3.7842542 1.046915 2.2781522
3.7860178 1.0471843 2.2829639
3.7755028 1.0460322 2.2877025
3.776985 1.0448086 2.2876223
3.7725726 1.0445622 2.2892239
3.780166 1.0345778 2.2825383
3.7779277 1.0418227 2.2872166
3.775844 1.0397776 2.2954201
3.7724907 1.037613 2.2864193
3.7792359 1.0427881 2.2857277
3.7799127 1.0333244 2.288886
3.7784622 1.0342254 2.282489
3.7793724 1.0433623 2.2820856
3.7864696 1.0385437 2.2841464
3.7836334 1.0469244 2.2838119
3.7829585 1.0430403 2.2777903
3.7770076 1.0408081 2.2859482
4.518508 0.77132026 1.93891
4.5126402 0.7732682 1.955982
4.5051462 0.76364683 1.9609794
4.5062219 0.7670661 1.9586637
4.5054222 0.76498113 1.9595571
4.5083748 0.76576033 1.958511
4.4955304 0.76766495 1.9807458
5.38893 2.40337 2.38903
3.1273693 1.0272359 5.8790171
3.1174442 1.036767 5.8909194
3.1309423 1.0414765 5.8776785
3.1324472 1.0362112 5.8735207
3.1264209 1.0350154 5.8807092
3.1261551 1.0407211 5.8848025
3.1189905 1.0350948 5.8884301
3.1228988 1.0327495 5.8864074
3.1134002 1.0343452 5.8937209
3.1148599 1.034197 5.8909173
3.1214874 1.0387055 5.8842142
3.1215314 1.0358126 5.8870515
3.1265235 1.0400604 5.8865233
3.1184965 1.0384125 5.8900193
3.1264341 1.0373178 5.8771115
3.1172573 1.0386693 5.8833516
3.1179724 1.0353465 5.8867878
3.1216549 1.0422335 5.8918939
3.1209216 1.0383291 5.8911872
3.1163442 1.0271851 5.8882148
3.1114844 1.03573 5.8959208
3.1245786 1.0363691 5.8841666
3.1225014 1.038149 5.8852548
3.1226875 1.0346304 5.8831852
3.1157837 1.0338055 5.8918553
3.1233085 1.0366465 5.8840069
3.1147351 1.0383614 5.8884097
3.1257106 1.0415688 5.8790494
3.12328 0.70605 4.42444
1.1662489 0.61412951 1.5316803
1.1390402 0.61850473 1.5579926
1.1559509 0.61629931 1.5416486
1.1477905 0.61987561 1.5432776
1.145063 0.62233663 1.5500943
1.91404 1.18228 2.22603
1.1400151 0.62698686 1.558433
1.1531774 0.62859378 1.5382423
1.1447216 0.62786442 1.5418677
1.1531966 0.63009503 1.5425325
1.169645 0.62273031 1.5311221
5.40388 1.85011 2.23676
1.1335657 0.62362141 1.5552871
1.140342 0.62437838 1.5521125
1.1385691 0.62864154 1.5565902
1.1464254 0.62625563 1.5504028
1.1424631 0.63193558 1.5499583
1.1439118 0.62981924 1.5447779
1.1381421 0.62390245 1.5561007
1.1449155 0.62296454 1.5485964
1.1441407 0.62382756 1.5488336
1.1378905 0.62400195 1.5604717
1.1389897 0.6202013 1.5607411
1.1428653 0.62205882 1.5504628
0.2068 2.32007 4.86839
4.24123 1.51515 4.34218
5.02494 1.37655 1.55195
1.1591525 1.3312785 3.0133109
1.1641567 1.326035 3.0128119
1.1582126 1.3123759 3.0048692
1.1704358 1.3190454 3.0104178
1.1649485 1.3196535 3.001622
1.29205 1.51018 2.82127
1.2919343 1.8009868 2.176453
1.2925404 1.7993209 2.1772901
1.2891663 1.8065196 2.1804902
1.2881943 1.8081178 2.1789895
1.2905455 1.8040794 2.1772134
1.2936002 1.8123245 2.172926
1.2910247 1.8166067 2.1759883
1.288883 1.8063383 2.1801839
1.2888825 1.8137751 2.1847755
1.2849318 1.8089947 2.1786012
1.289706 1.8088717 2.1790022
1.2874998 1.8053436 2.17846
1.2924235 1.8054612 2.1896032
1.2882076 1.8127798 2.1873787
1.2886153 1.8073491 2.1832799
1.2886707 1.8074752 2.1814503
1.285479 1.8073966 2.1811656
1.2932888 1.8069696 2.1835
1.2906844 1.8069138 2.1825372
5.5751806 1.217689 2.5320367
5.5756217 1.2165405 2.532351
5.5707984 1.2198348 2.5400476
5.582363 1.2247516 2.5302761
5.5727066 1.2231572 2.5355271
5.5743504 1.2178866 2.5319133
5.5741365 1.2172227 2.5315675
5.5766069 1.215328 2.5306234
5.5752094 1.2160539 2.5310226
5.5745691 1.2172479 2.5319108
5.5735545 1.2186726 2.5348317
5.5795774 1.2228842 2.5287941
5.5722826 1.2255332 2.5323845
5.5759889 1.2194095 2.5292928
5.5725173 1.2160317 2.5281288
2.4134064 1.6910124 3.6945532
2.4016663 1.7014762 3.6947079
2.4038947 1.6994931 3.6914607
2.3950486 1.7025753 3.6859398
2.3995028 1.6969542 3.6890612
2.3995811 1.6944647 3.6892893
2.3997773 1.6954452 3.6985044
3.783029 1.0421196 2.290154
3.7788024 1.0428486 2.2867226
3.7761906 1.0437166 2.2900116
3.7845067 1.0444052 2.2813621
3.7889831 1.0369376 2.2813953
3.7756726 1.0334 2.2842311
3.7713269 1.0418009 2.2885404
3.7735112 1.0339559 2.2938289
3.7740829 1.0426332 2.2996669
3.7788341 1.0447827 2.2874536
3.7790513 1.0449509 2.2920799
3.7796915 1.0386796 2.2927975
3.7765602 1.0401908 2.2818908
3.7771769 1.0388292 2.2871674
3.7793248 1.0369529 2.2843849
3.7857629 1.0385622 2.2805495
3.7656796 1.0390528 2.2844557
4.503773 0.77585085 1.9739154
4.5119824 0.76794061 1.9548741
4.5082038 0.77038553 1.9669527
4.5118272 0.77211067 1.9611295
4.5083209 0.76631091 1.9584933
4.5122905 0.7631008 1.9552388
4.5092671 0.76263237 1.9584195
4.5105381 0.766241 1.9520837
3.1363604 1.0379156 5.8739031
3.1222172 1.0382345 5.8897615
3.1198507 1.0388105 5.8903214
3.1246291 1.0332151 5.8842192
3.1219548 1.0355188 5.8859033
3.1220026 1.0356342 5.8862328
3.1152177 1.0450045 5.8859691
4.98303 2.14616 0.50772
3.121831 1.0406371 5.8922791
3.1204106 1.035277 5.8879182
3.1250579 1.0346916 5.8871928
3.1153661 1.0334112 5.8968877
1.87508 1.08963 0.80803
3.125731 1.032271 5.8839032
3.1222219 1.0415105 5.882162
3.1209501 1.0371343 5.8853276
3.1260432 1.0343198 5.8770708
3.1138182 1.0418304 5.8904473
3.1214673 1.0355092 5.8867898
3.118707 1.0344135 5.8852559
3.1223784 1.0320641 5.8836335
3.1271821 1.0431463 5.8898215
3.1215913 1.0360686 5.8865968
3.1224838 1.0342227 5.8866954
3.118925 1.0329271 5.8949158
3.1209785 1.0349025 5.8872458
3.1107712 1.0346976 5.8955579
3.1157906 1.0326284 5.8950235
1.140958 0.62028165 1.5616317
1.1493204 0.61627909 1.5433853
1.1423122 0.62199885 1.5521352
1.141682 0.62503545 1.5568633
1.1424704 0.61765725 1.5524803
1.1592463 0.62327246 1.5413827
1.1423187 0.62322747 1.5491368
1.1432431 0.62377508 1.5514407
1.1439895 0.62998744 1.5515256
1.1533314 0.61851304 1.5451677
1.1430584 0.62548085 1.5594878
1.1571186 0.62918901 1.5452131
1.1454662 0.61629181 1.5491301
1.1443823 0.61825499 1.5499019
1.1537916 0.62110768 1.5429922
1.1434512 0.62878242 1.5472428
1.1460116 0.62757947 1.548817
1.1351246 0.62424494 1.5536395
1.1451828 0.62338729 1.5481988
1.1440808 0.62487443 1.5525982
1.1433614 0.62199335 1.5495054
1.1423582 0.62253994 1.5520138
1.1299175 0.62711763 1.5679403
1.1479354 0.62565218 1.5508406
4.19266 0.84874 2.54199
1.1592719 1.3189161 3.0084167
1.1471374 1.3218485 3.017973
5.06745 2.00034 5.14794
1.1612787 1.3288826 2.9981213
1.1652805 1.3216062 3.0101723
1.1587732 1.3266219 3.0105115
1.1652083 1.3229344 3.0086762
1.160962 1.3152278 3.012319
1.1699744 1.3347402 3.0069307
1.1623734 1.3238362 3.010022
1.2882937 1.806426 2.1799426
1.2820543 1.809131 2.1777665
1.2911333 1.8077329 2.1820259
1.291511 1.8074373 2.1807539
1.2893268 1.8076098 2.1808958
1.2847473 1.8064599 2.1751922
1.2886444 1.807956 2.1805651
1.2895759 1.8159699 2.1766756
1.2882291 1.809266 2.1800376
2.30217 2.14509 3.24933
1.2982642 1.8045533 2.1861053
1.2898425 1.8113864 2.1887391
1.2827939 1.8072616 2.180857
1.2807946 1.7996295 2.1871559
4.7464 1.83902 0.49262
1.2916507 1.8039027 2.1793206
1.2922104 1.810591 2.1859609
1.3016288 1.8063037 2.1813844
5.569886 1.2270969 2.5275361
5.5779526 1.2181956 2.5291241
5.5737165 1.2234374 2.5305116
5.5712289 1.2162519 2.5302289
5.5745452 1.2175346 2.5321893
5.5743538 1.2182272 2.5333822
5.5750349 1.2150197 2.5304165
5.5753544 1.2149758 2.5314013
2.30327 0.1441 2.76146
5.572647 1.204682 2.5333424
5.5749379 1.2185192 2.5385023
5.58774 1.2171701 2.5217498
5.5775747 1.2131676 2.5313155
5.5776658 1.2168003 2.5304072
2.41325 1.7041799 3.6904883
2.4060828 1.6985995 3.6914669
2.71287 1.08649 2.79939
2.4150693 1.7007969 3.6940129
2.4130261 1.7074597 3.6901225
2.4109536 1.7018543 3.6869945
2.4030983 1.7007002 3.6882115
2.4040507 1.6990152 3.6915528
2.4118694 1.6935396 3.7007755
3.7774706 1.0285889 2.283397
3.7794549 1.0423237 2.2854546
3.7807523 1.042944 2.2854288
3.7852364 1.0465438 2.2895556
3.7745812 1.035167 2.2816483
3.7918228 1.0364348 2.2738376
3.7917484 1.0448084 2.2799549
3.7728465 1.0478752 2.2942916
3.7811242 1.0419108 2.2888596
3.7775076 1.0422863 2.2877699
3.7779309 1.0402529 2.2833856
3.7721749 1.0423933 2.2883215
3.7821219 1.0420901 2.2863589
3.781499 1.0429595 2.2859864
3.7759294 1.0364069 2.2886385
3.7733998 1.0406886 2.2840406
4.5048218 0.7553189 1.9633941
4.5108831 0.76603419 1.9590397
4.5077869 0.76262597 1.9607055
4.5082153 0.76655113 1.9587684
4.5074793 0.7684532 1.9589435
4.5123482 0.76516338 1.9550523
4.5047005 0.76654466 1.9592328
4.5103751 0.76478906 1.9520998
6.19337 1.50679 0.8591
3.1325553 1.0459207 5.8793096
3.1317464 1.0444923 5.8791722
3.1118495 1.030976 5.8835277
3.1176359 1.0382695 5.8844224
3.1151763 1.0341086 5.8866762
3.1136724 1.0423976 5.8949638
3.1196388 1.0345967 5.8911223
3.125183 1.0379444 5.8896127
3.1177282 1.0357682 5.8916428
3.1241855 1.0315678 5.8886257
3.125637 1.0357651 5.8853146
3.1241799 1.0365384 5.885243
3.1237031 1.0371645 5.8818128
3.1205328 1.0347711 5.8887465
3.1212167 1.0324536 5.8894598
3.1268711 1.0288922 5.8832754
3.121868 1.0309333 5.8830596
3.1143037 1.0318878 5.8983005
3.1261908 1.0372321 5.8838452
3.1189485 1.0385774 5.8894529
3.118598 1.0441939 5.8952473
3.1147212 1.0386293 5.8877078
3.1226067 1.0312184 5.8876686
3.1219182 1.0433955 5.8912601
3.1235844 1.0285122 5.8843185
3.1241915 1.0279714 5.8855822
3.123398 1.0367334 5.886223
1.1494765 0.62518691 1.5553933
1.1407719 0.61795407 1.5579307
1.1402238 0.62447428 1.555314
1.1424149 0.62512951 1.5551059
1.145176 0.6223571 1.5508433
1.1585703 0.6245678 1.536747
1.1441081 0.62560273 1.5538609
1.1405259 0.62685382 1.555062
1.1432487 0.62403396 1.5513767
1.1576599 0.62271045 1.5411126
1.1432824 0.62096605 1.5486374
1.1429725 0.62133319 1.5582223
1.1480853 0.62406574 1.5470661
1.1449717 0.6231998 1.5503398
1.1414535 0.62457889 1.5578067
1.1414345 0.62747117 1.5562149
1.1522371 0.62440582 1.5420955
1.1419651 0.62224465 1.5470476
1.1515716 0.6220707 1.5423498
1.1398366 0.62351531 1.5543703
1.144603 0.62487002 1.5511101
1.130775 0.6254663 1.5593544
1.132366 0.6280971 1.5668873
1.1440839 0.62324291 1.5509457
1.153586 1.3204718 3.0086504
1.1632422 1.3199207 3.0179962
1.1633577 1.3225076 3.0091087
1.1616207 1.3218241 3.0130222
1.1595905 1.3287506 2.9987724
1.161164 1.3231071 3.0080432
1.159295 1.3218046 3.0044115
1.1728729 1.3175392 3.0109263
5.60603 0.74258 4.65436
1.1642694 1.3181311 3.0088245
1.1612436 1.3244431 3.0098866
1.1599172 1.310374 3.012705
1.2821404 1.8086706 2.1743383
1.2887328 1.8114922 2.1752351
1.2894815 1.8062896 2.182272
4.16104 2.80671 1.27611
1.2990259 1.8016965 2.1784618
1.2891766 1.8080061 2.1803761
1.2924772 1.8041952 2.1755354
1.2960347 1.8067554 2.1836356
1.2890358 1.807695 2.1814777
1.2939407 1.8088954 2.1855317
1.2901764 1.8090968 2.1792139
1.2853294 1.8009406 2.1817349
1.2895224 1.8072059 2.1815677
1.2911883 1.8118827 2.1790401
1.288482 1.8066457 2.1810368
1.2910032 1.8005509 2.1904571
1.2802255 1.810367 2.1653354
4.0423189 1.8809593 2.4547841
5.5740209 1.216791 2.5344001
5.5769992 1.2133347 2.5394207
5.5723532 1.2156895 2.5353045
5.5739596 1.2131667 2.5359801
5.575271 1.2124622 2.532962
5.575508 1.2177662 2.5310104
1.69125 2.1358 2.5786
5.5796537 1.2177715 2.5344259
5.569235 1.2168435 2.5325851
5.5745481 1.2175198 2.5344475
5.5845667 1.2142911 2.5194755
5.5755395 1.2155723 2.532951
2.4034931 1.6949685 3.6919567
2.4059322 1.6954769 3.689014
2.4089705 1.6929582 3.6965803
2.4022184 1.6936579 3.6987071
2.4055522 1.6952915 3.6932245
2.4083701 1.6946874 3.6944266
2.4068519 1.6992043 3.6965849
2.4018901 1.6977634 3.6950946
2.4023052 1.6987404 3.6913425
2.4065995 1.6936739 3.6945218
2.4065164 1.698661 3.6918811
2.77553 0.83727 1.41198
3.7910794 1.0408836 2.2841439
3.7900091 1.0423698 2.2876685
3.7860042 1.0441023 2.2793809
0.01717 1.51923 3.42409
3.7788044 1.0431212 2.2864711
3.7801061 1.0419759 2.2857896
3.7787946 1.0401582 2.2858349
3.7802291 1.0427174 2.2835284
3.7775776 1.0402243 2.2841306
3.777797 1.0468379 2.2848928
3.7777966 1.0440911 2.2865374
3.7786094 1.0428778 2.286427
3.7782238 1.0425711 2.2862755
3.7725849 1.0411784 2.2855661
4.5089753 0.77185334 1.9718624
4.5033296 0.76667223 1.9718528
4.5123929 0.76561925 1.9542167
4.5176074 0.7666913 1.9510642
4.5155773 0.76485627 1.9552578
4.5134052 0.7640532 1.9542887
4.508647 0.76709355 1.9571514
4.5087559 0.7688497 1.9578786
4.5145172 0.76769543 1.9535193
4.5055158 0.77307668 1.9532572
5.95402 0.68982 4.72619
3.1051235 1.0344418 5.8996997
3.1170593 1.0262573 5.8833971
3.1229203 1.0353204 5.8852743
3.1170389 1.0396163 5.8900439
3.1211185 1.0362548 5.8871901
3.1206712 1.0357112 5.8876851
3.1234106 1.031346 5.8844375
3.1204391 1.0300232 5.8931078
3.1164929 1.0353325 5.8949872
3.121823 1.0401077 5.8835177
3.1268562 1.0406526 5.8882516
3.1262805 1.0364616 5.8881693
3.1224405 1.0374824 5.8920345
3.1257724 1.0366133 5.8889376
3.1214498 1.033289 5.8900746
3.1144926 1.0370049 5.8998219
3.1187758 1.0439847 5.8937519
3.1209054 1.0358824 5.8869019
3.1231603 1.0365523 5.884077
3.1154907 1.0369594 5.8908414
3.1295439 1.0362737 5.8787844
3.1215728 1.0408411 5.879352
3.1205995 1.0353454 5.8875948
3.1198136 1.0345685 5.8866078
3.109674 1.0364304 5.8853001
1.1279059 0.6240929 1.5626209
1.1365008 0.62275711 1.5569745
1.145897 0.62759267 1.5530896
1.1507621 0.6232576 1.5492085
1.1435549 0.62016676 1.5575391
1.1439267 0.621747 1.550816
1.1440768 0.62337058 1.550881
1.1432997 0.62379133 1.5502442
1.1442332 0.62285025 1.5503928
1.1582569 0.61746749 1.5377939
1.1559317 0.61567044 1.5425538
1.1512158 0.61721471 1.544753
1.1404395 0.61708426 1.5501253
1.1422534 0.62427971 1.5520824
1.1439898 0.62207721 1.5508913
1.1412195 0.628893 1.5553567
1.1366512 0.6227498 1.5605519
1.1442109 0.62698647 1.5563501
4.52964 2.20092 4.42529
1.1471656 0.62610052 1.5431146
1.1288058 0.63377538 1.5617215
1.34375 2.02993 6.12276
1.1529512 0.62850147 1.5302249
1.1617209 1.3188315 3.0118971
1.1549351 1.3204234 3.0113307
1.1570374 1.3148933 3.0193871
1.1640106 1.3195536 3.0104712
1.16118 1.3209269 3.0107755
1.1536173 1.32623 3.0124769
1.1569497 1.3293957 3.0052396
1.1573849 1.3234884 3.0099345
1.1671867 1.3280792 3.0087833
1.1621012 1.3219674 3.0180548
1.1519475 1.3194474 3.0128678
1.1576645 1.3141393 3.0056215
1.1567992 1.3184097 3.011844
1.1572999 1.3141081 3.0111094
4.98911 0.3996 0.27416
1.2877343 1.8078425 2.1814958
1.2918244 1.8053729 2.1856745
1.2790873 1.8042175 2.1765276
1.288442 1.8078206 2.180294
1.2888695 1.8059957 2.1811722
1.2909194 1.8042277 2.18338
1.2888201 1.8073618 2.1816354
1.2916643 1.8066576 2.1840423
1.2877429 1.8037593 2.1829857
1.2930755 1.8024772 2.1842826
1.293899 1.8017857 2.1869214
1.2844485 1.7997094 2.1789117
5.24921 0.34379 3.32525
3.07199 0.58022 5.63466
4.47191 0.68989 1.19517
4.0293194 1.8673922 2.456882
4.0231069 1.8822043 2.4485333
4.0259851 1.8687174 2.4518656
5.5703274 1.2098319 2.5451734
5.5747134 1.2174888 2.5322047
5.5751194 1.2171879 2.5319144
5.5739257 1.2191969 2.5296931
5.5714059 1.2155608 2.5328427
5.5759303 1.2177931 2.5335798
5.5796466 1.2099938 2.528264
5.5729074 1.2105805 2.5459358
2.4123125 1.7033791 3.7052868
2.4040191 1.7027318 3.6854433
2.4049683 1.6999184 3.6876726
2.4074749 1.6958056 3.6919981
2.4035422 1.6990336 3.6951309
2.4045666 1.6956207 3.6896585
2.4096024 1.6936727 3.6953014
2.4100205 1.6922011 3.692448
2.4029974 1.7025824 3.6891205
2.40924 1.7001874 3.6921442
2.4072864 1.6939713 3.692465
2.4104241 1.6938862 3.689043
2.4050935 1.7026771 3.6947422
2.3929951 1.6992006 3.6795882
2.3997037 1.6964185 3.6826309
2.4011356 1.6989009 3.6867772
3.7746605 1.0365645 2.273455
3.7842245 1.0406622 2.2826786
3.7795378 1.0465473 2.2880674
3.7713731 1.0431217 2.2930893
3.7846945 1.0361324 2.281924
3.7798754 1.0398568 2.2903158
2.13393 1.14015 1.06492
3.7802076 1.0446307 2.2856011
3.7773079 1.0447551 2.2892959
3.7782398 1.0425415 2.2866951
3.7796069 1.0403395 2.2827673
3.7737544 1.044965 2.291852
4.4995309 0.77008555 1.9684212
4.5114801 0.76979023 1.9582878
4.5158247 0.76355578 1.9528448
4.5117842 0.76361282 1.9538341
4.505189 0.76280999 1.9578018
4.511964 0.76055234 1.9491963
4.5135213 0.76124639 1.958974
4.5170807 0.76418649 1.952509
4.509471 0.76730785 1.9587939
4.5047898 0.76808076 1.9619578
4.5191958 0.76975304 1.9566574
3.1195873 1.0339373 5.8866417
3.1269895 1.0382211 5.8756289
3.1206681 1.0358594 5.8857456
3.1188366 1.0396194 5.8892946
3.1273234 1.039612 5.8825234
3.1252034 1.0363053 5.8854188
3.1235235 1.0360116 5.8834293
3.121004 1.0345514 5.887885
3.120533 1.0356156 5.8885846
3.12063 1.036054 5.8869188
3.1284039 1.0398291 5.8838035
3.1226473 1.0378455 5.886723
3.1222434 1.0329545 5.885454
3.1166873 1.0300178 5.888536
3.1199253 1.033432 5.8838338
3.1148172 1.0277243 5.8873152
3.1230719 1.0361645 5.8940154
3.1135336 1.0385544 5.8824028
3.1262315 1.0393682 5.87694
3.1250243 1.0325889 5.8914906
3.1227995 1.0355657 5.8821701
3.1201423 1.0346994 5.8882805
3.1176051 1.0396976 5.8893889
3.1181508 1.0409948 5.8890877
3.1220334 1.0205034 5.8870198
1.1407708 0.62827392 1.556797
1.1463703 0.62302926 1.5520478
1.1469805 0.62422578 1.5483081
1.1544136 0.62747945 1.5396959
1.1334299 0.62793612 1.5624816
1.1435287 0.62239464 1.5512672
1.1428441 0.62161392 1.551654
1.144832 0.62344174 1.552606
1.1429921 0.62110529 1.5531018
1.1393466 0.62310487 1.5558753
1.1599537 0.62809109 1.534531
1.1488726 0.62103106 1.5429735
1.1468041 0.61680992 1.5391523
1.1449416 0.62319631 1.5493836
1.1429905 0.62330395 1.5509763
1.1393144 0.62433899 1.5524604
1.139373 0.62353716 1.5546768
1.1455556 0.62432665 1.5494222
1.1410765 0.63261353 1.5511302
1.1434481 0.62957924 1.5522673
1.1431809 0.63364981 1.5576417
1.1290523 0.62269031 1.5689939
1.1600532 1.3117451 3.0154864
1.1638124 1.3264499 3.0144891
1.1589099 1.3275503 3.0016445
1.1561972 1.3134169 3.0162713
1.1642077 1.3236323 3.0103052
1.1585247 1.3216504 3.0132736
1.1616111 1.3213423 3.0067347
1.1700702 1.3288013 3.0045551
1.1631866 1.3238848 3.0072931
1.1649382 1.3231901 3.009386
1.1659408 1.3274792 3.0070861
1.158262 1.3285182 3.0088908
1.1707494 1.3179806 3.005804
1.1699374 1.3183525 3.0032503
1.1592034 1.319119 3.0082644
1.1590012 1.3200882 3.008675
1.2929344 1.8006326 2.1852951
1.2909449 1.8057172 2.1828698
1.2805525 1.7979087 2.1774037
1.2876985 1.7994609 2.182792
1.287125 1.8051128 2.1792477
1.289248 1.8071476 2.1818672
1.2879098 1.8062807 2.182387
1.292444 1.8124496 2.1790238
1.2893081 1.8075599 2.1818187
1.2954685 1.8098613 2.1848921
1.2901753 1.8115642 2.1863358
1.2956698 1.8138482 2.1846829
2.07359 1.95735 5.27931
4.0317118 1.8722403 2.4562456
4.0317908 1.8724947 2.4560903
4.0340989 1.8751668 2.4540518
4.0367701 1.8696997 2.4527584
4.0255861 1.8716135 2.4529528
4.0277553 1.8735739 2.4467226
5.5748368 1.2178912 2.5317209
1.94108 1.23814 4.077
5.5731298 1.2138218 2.5287941
5.5814476 1.2085801 2.5181239
2.4071781 1.6986516 3.6909477
2.4175933 1.7033773 3.6885808
2.4159792 1.7034088 3.6948947
2.4091321 1.6943721 3.689053
2.404053 1.6985182 3.6952218
2.4036507 1.6962633 3.6866978
2.4056002 1.6982818 3.6943417
2.4029333 1.6985596 3.6919289
2.4086523 1.6987145 3.6935636
2.4144722 1.6913723 3.6893716
2.4032621 1.6914114 3.6969114
2.4084453 1.7043187 3.6877313
2.4052278 1.696218 3.6884668
2.40165 1.6938241 3.6860381
2.4062046 1.701299 3.6863049
2.4104084 1.7061631 3.6829676
2.406986 1.7050822 3.6806267
2.4079394 1.7050535 3.6827846
2.4028404 1.6962912 3.6903425
2.4052111 1.6988448 3.6913297
2.417117 1.6991398 3.6828903
2.4049635 1.6980384 3.6916432
2.4150617 1.6922592 3.6965508
2.399349 1.6953475 3.6996858
2.4096053 1.6964413 3.6949361
2.4083072 1.6951277 3.6916056
2.4146584 1.6996655 3.6948374
1.86721 1.47628 5.3622
2.4123275 1.7050888 3.6971171
2.4021071 1.6900019 3.7044805
1.64998 1.29848 0.33278
4.5059503 0.76497837 1.9638574
4.5058535 0.76882471 1.9573037
4.5118378 0.76724619 1.9530765
4.5064889 0.76773217 1.9585124
4.5155563 0.76836849 1.9542197
4.5145459 0.76842573 1.9509049
4.5029502 0.76765221 1.9624972
4.5053972 0.7654421 1.9631052
4.5062863 0.76573332 1.9639149
4.5027337 0.76502639 1.9614919
4.4959283 0.76030266 1.9701454
4.4945249 0.76947309 1.9555303
3.1361768 1.0349065 5.8799305
3.1212434 1.0381806 5.8859506
3.121361 1.0360304 5.8889304
3.1229251 1.0362153 5.8795331
1.87861 2.02252 2.257
3.1214441 1.0352316 5.8870462
3.1208538 1.035295 5.8884155
3.1221157 1.0355053 5.8873359
3.1253478 1.036297 5.8860863
3.1250367 1.0367677 5.885258
3.1250072 1.034955 5.8859676
3.1210605 1.0348029 5.8873169
3.1213798 1.0327073 5.8914369
3.1164525 1.0302462 5.886179
3.1208762 1.032311 5.8792122
3.1214565 1.035587 5.8850912
3.1176871 1.0315274 5.8775835
3.1238282 1.0250098 5.8889682
3.1222065 1.0251957 5.8883062
2.12699 1.5766 4.6473
3.1213915 1.0228875 5.8830975
3.1144525 1.0327723 5.8796067
1.8309646 2.3731029 4.3199644
1.8294496 2.3691784 4.31897
1.1413484 0.63260634 1.565574
1.1384779 0.62931997 1.5597895
1.147903 0.62898786 1.535616
1.1565282 0.62400541 1.5266298
1.53021 1.03915 3.90654
1.1426185 0.63272865 1.5469595
1.1502104 0.63203494 1.536152
1.1448592 0.62496827 1.5484874
1.1440301 0.62229548 1.5508937
1.1412181 0.61537177 1.5536792
2.71828 1.60124 1.06355
1.1427754 0.62310797 1.5531842
1.8949774 1.4084042 3.8289033
1.1363624 0.63214318 1.5621586
1.1386699 0.62488842 1.5572403
1.1534405 0.62831108 1.5388008
1.1369675 0.61953347 1.5596022
4.37145 1.13027 2.60476
1.1407146 0.62964906 1.554658
1.1368911 0.63047439 1.5630153
1.1447738 0.6138653 1.5586252
5.4932 2.41143 3.50544
1.1683687 1.3210009 3.014054
1.1693688 1.3239963 3.0142846
1.1573221 1.3269422 3.0023505
1.1653286 1.3220583 3.0035802
1.1627135 1.321447 3.0089452
1.1623463 1.3274948 3.0105526
1.1573483 1.3208184 3.0033595
0.38576 2.22806 5.27168
1.1541487 1.325478 3.0073509
1.1640988 1.3265545 3.0009558
1.1695005 1.3356285 3.0106822
0.29242 1.5343 4.00003
1.1662005 1.3223072 3.0052582
1.1719615 1.3159443 3.0140418
0.04815 0.53686 0.24952
1.1625291 1.3278649 3.0099303
1.1606575 1.3241583 3.0103629
1.2869364 1.8076679 2.1804411
1.2837496 1.7977578 2.1756988
1.2850525 1.8019594 2.1778658
1.2965325 1.8161973 2.1784253
0.95752 2.0831 1.11393
1.80455 0.96006 4.22511
1.29024 1.8141953 2.1803048
1.2971767 1.7967219 2.1872669
1.2877386 1.8087989 2.1776064
1.2881747 1.8082645 2.1812929
1.2894118 1.8084505 2.1809555
4.0332156 1.8806514 2.457792
4.0219626 1.8704932 2.4522702
4.0272056 1.8677308 2.4531392
4.031802 1.8776341 2.4506025
4.0390055 1.8726063 2.4599069
4.0315891 1.8729213 2.4562455
5.01338 1.15001 3.44488
4.0413171 1.8739937 2.4565497
2.4123712 1.6927891 3.6939584
3.42372 1.00638 0.41458
2.4095067 1.7085459 3.6991758
2.4096415 1.6964181 3.6928612
2.4115061 1.7005261 3.6942431
2.4056886 1.6999359 3.6892679
2.404978 1.7005553 3.6883941
2.4049327 1.7008782 3.6940605
2.4061776 1.6979097 3.6870009
2.4032937 1.7005788 3.6895899
2.4040957 1.7002304 3.6891033
2.402204 1.6951633 3.6945429
2.4108878 1.6899179 3.6872364
1.48566 2.49667 4.07893
4.77678 1.98465 3.38527
2.4030396 1.6978518 3.6892845
2.4046457 1.700738 3.6821402
2.4041793 1.7052092 3.6881661
2.4077842 1.7009888 3.6921654
2.4052895 1.6989948 3.6905091
2.4085713 1.7008526 3.6887412
2.4092577 1.6978837 3.6801249
0.06932 1.49659 4.96451
2.4096031 1.7124163 3.6893041
2.4045057 1.6983275 3.6916163
2.4018078 1.6984793 3.6911488
2.4017319 1.6956168 3.6890718
2.4021175 1.6955246 3.6892718
2.4037166 1.6980453 3.6910269
2.4044608 1.6938517 3.6917461
2.4066762 1.6959955 3.6917649
2.4062226 1.6956871 3.6904534
2.4055227 1.6998821 3.6907985
2.3975494 1.6948723 3.6965778
4.5216806 0.76810011 1.9495706
4.5117198 0.76815043 1.9556301
4.5127821 0.76586676 1.9542168
4.5081149 0.76710634 1.9573534
4.5068831 0.76462276 1.9603157
4.5094449 0.76697569 1.9574306
4.5083543 0.7669935 1.9597888
4.5038079 0.76589896 1.9645223
4.5075511 0.76515106 1.9608228
4.5018795 0.76549019 1.9662757
4.5089184 0.76322866 1.9623057
4.5093578 0.76659857 1.9555652
4.5050568 0.7649675 1.957809
3.1210252 1.0361797 5.8859134
3.1188877 1.0337549 5.8874702
3.1205185 1.0338412 5.8866369
3.1068447 1.0304021 5.8898639
3.1166265 1.037534 5.8855145
3.1205573 1.0368331 5.8859243
3.1253647 1.0345102 5.885277
3.1184499 1.035557 5.8843724
3.1188023 1.0343404 5.8890061
3.1229311 1.0394704 5.8852461
3.1178499 1.0416061 5.885865
3.127384 1.0380287 5.8774127
3.1224238 1.0338393 5.8825485
3.1266628 1.0363588 5.8821514
3.1214124 1.0355261 5.8864708
3.1179963 1.0377567 5.8899768
3.1210819 1.0373413 5.8916215
3.1243503 1.0367084 5.8988304
3.1208536 1.049638 5.8829359
1.8260056 2.3731505 4.3184467
1.8201823 2.3720604 4.3165095
1.8241536 2.3714412 4.3210773
1.8299608 2.3707295 4.3192219
1.8416356 2.3700202 4.3349243
1.7889818 1.3030487 3.8822364
1.7903257 1.3082277 3.8911159
1.809074 1.2978741 3.8765318
1.7986868 1.2935177 3.8772626
1.8004027 1.3007738 3.8796085
1.7911977 1.3055982 3.8844509
5.85668 1.68063 2.85262
1.8006711 1.3160517 3.8805997
1.8005273 1.2958778 3.8799686
1.7993587 1.3080771 3.8642957
1.7934982 1.2974098 3.8757162
1.7832569 1.3127652 3.8823169
3.02779 1.43744 0.55111
1.7939227 1.3119685 3.882275
1.8007611 1.2949507 3.8830403
0.04784 2.37743 2.4921
0.37831 1.93893 5.47846
1.7954724 1.3048044 3.8778489
1.7951196 1.299671 3.8905659
1.7978015 1.3085311 3.8791219
1.1604331 1.3197939 2.9941644
1.165217 1.3191421 3.0048335
1.1585154 1.319686 3.0088119
5.79661 1.81581 3.47741
1.1570959 1.3284013 3.0197586
1.162731 1.3217003 3.0191568
1.1608053 1.3244458 3.005755
1.1583073 1.3258361 3.0087034
1.1701402 1.3197868 3.0033404
1.1627344 1.3224345 3.0095072
1.1629786 1.3227385 3.0093872
1.1547374 1.3287755 3.0125405
1.1567633 1.3114788 3.0031185
1.1619777 1.3240932 3.0153742
1.1662146 1.3143571 3.0104096
1.1708734 1.331983 3.0080065
1.1676207 1.326253 3.0108445
1.1663719 1.3289351 3.0052988
1.1635457 1.3217342 3.0073941
1.2862247 1.8047241 2.1854312
1.2863455 1.8105958 2.1827455
1.2884238 1.8078121 2.1810737
4.6762357 1.395829 2.8374604
4.6842565 1.4059527 2.8312026
4.68697 1.4156573 2.8329928
4.6863882 1.4031823 2.829709
4.6867391 1.4117046 2.8343848
4.6801242 1.4069095 2.8267604
5.21183 2.14281 3.0175
4.0362603 1.8713701 2.4542892
4.0218851 1.8698806 2.4532121
4.0331726 1.8746813 2.4566925
4.0219723 1.8771939 2.4489105
5.23187 1.57066 3.88851
4.031612 1.8728229 2.4558193
4.0302365 1.8733786 2.4561881
4.0227469 1.8763407 2.4470332
2.4155815 1.7082037 3.7006118
2.4198147 1.7018332 3.6909164
2.4100647 1.7089957 3.6847098
2.4004394 1.7049778 3.6966275
2.4101103 1.7045041 3.7012034
4.72596 1.50885 0.42386
2.412874 1.6994491 3.6948839
2.4119021 1.6979571 3.6906328
2.4063163 1.7000277 3.6921051
2.4070829 1.6986909 3.6912744
2.4018448 1.7005601 3.6892751
2.4017131 1.7023017 3.6862817
2.398819 1.6958933 3.6910831
2.4100361 1.7001183 3.6907657
2.4066221 1.6978048 3.6923435
2.404798 1.6983897 3.6911082
2.4079496 1.6929579 3.6919121
2.4052001 1.6921994 3.6906548
2.4045337 1.7010869 3.686552
2.4059183 1.7043509 3.6928651
2.4031922 1.6975963 3.6876086
2.4026579 1.6969724 3.688219
2.4181637 1.7026403 3.692626
2.4053838 1.6996361 3.6920742
2.4053839 1.6993968 3.6968204
2.4095366 1.6968481 3.6928857
2.4052076 1.6988294 3.6917916
2.4071797 1.7019371 3.6913052
2.4049704 1.6958695 3.6912175
2.4028768 1.6990482 3.6883384
2.4024105 1.6992384 3.6897934
2.4084467 1.6981386 3.6903609
2.4057206 1.6995081 3.69183
2.4047656 1.6960462 3.6897052
4.5174853 0.76990317 1.9510661
4.5153418 0.76935139 1.9498379
4.5123982 0.76992446 1.9566311
4.509253 0.76702242 1.9577593
4.5180263 0.76430094 1.9519764
4.5088822 0.76605486 1.9560585
4.5115752 0.76326115 1.9512887
4.5133506 0.75806407 1.9506351
4.5139524 0.76357516 1.9591251
4.5141995 0.76178911 1.9565294
4.5050301 0.76761723 1.9654409
4.5127531 0.76110388 1.950485
4.5064342 0.76128364 1.9539127
3.1135296 1.0306476 5.8780806
3.12116 1.0351172 5.8877388
3.1182458 1.0369433 5.8921046
3.1213154 1.0394459 5.8851483
3.1187989 1.035193 5.8867611
3.1264031 1.039041 5.8816182
3.1281473 1.0392626 5.8798744
3.1154112 1.0383302 5.8894257
3.1211442 1.0308326 5.8742298
3.1200787 1.0254371 5.8858877
3.1158257 1.0290744 5.8867758
3.1347702 1.0320643 5.877086
3.1185091 1.0355683 5.8901892
3.1182173 1.0353993 5.8904374
3.1194341 1.0373443 5.890359
3.1204069 1.0359491 5.8913784
3.1153373 1.0366754 5.8781548
6.03031 1.95383 1.86037
1.34528 2.20095 1.81481
1.8297189 2.363618 4.3081946
1.8153964 2.3774557 4.3085176
1.8268138 2.3746786 4.3153562
1.8176693 2.3721585 4.3123575
1.8263211 2.3805151 4.3242176
1.8047256 1.3094934 3.8801381
1.7966537 1.30363 3.8787482
1.7950687 1.3045269 3.8776212
1.7934576 1.3029428 3.8777574
1.792315 1.3063573 3.877455
1.7950609 1.2980108 3.8792649
1.7936476 1.30529 3.8667882
1.8002249 1.305145 3.8768506
1.7857591 1.3041995 3.8902287
1.795292 1.3052522 3.8781001
1.7944258 1.3064925 3.8810507
1.7893447 1.2960253 3.8842387
1.7954958 1.3042185 3.8773407
1.7963554 1.3041166 3.8807404
1.7928092 1.3001537 3.8831433
1.7901888 1.3011474 3.8855008
1.8005166 1.3048893 3.8767751
1.7967812 1.3088714 3.8737904
1.7957526 1.3021168 3.8791527
1.7931086 1.2975426 3.8773343
1.789387 1.2958799 3.8810561
1.1633252 1.3218316 3.009538
1.1624098 1.3215679 3.0093313
1.1564701 1.3116987 3.0188297
1.152532 1.3166236 3.010612
1.1655832 1.3217859 3.0117608
1.1643267 1.3221732 3.0127597
1.162679 1.3202099 3.0107923
1.1614017 1.3206235 3.0105663
1.1601806 1.3267183 3.012934
1.1650822 1.3283968 3.0090696
1.1627723 1.3243097 3.0118636
1.1610497 1.3217279 3.014869
1.1634514 1.3252479 3.007149
1.1637241 1.3191079 3.0084431
1.167758 1.3305672 3.0088943
1.1662693 1.3314082 3.0075046
1.1649042 1.330178 3.0094012
1.1684622 1.3251793 3.005198
1.162414 1.3248469 3.0039809
4.6883632 1.3980452 2.8313316
4.6822133 1.4056735 2.8335741
4.6865767 1.4042781 2.8308683
4.682177 1.4041573 2.8310632
4.6801528 1.405759 2.8314664
4.6819146 1.4061494 2.8322641
4.6825832 1.4044445 2.8343072
4.6868524 1.4068506 2.8265684
4.6834536 1.4082608 2.8224109
4.0338437 1.8660326 2.4565056
4.0345629 1.874975 2.4595266
4.0325974 1.876136 2.4551855
4.0340952 1.8679131 2.4632436
4.0233465 1.8740975 2.4624402
4.030501 1.8725319 2.4559428
4.0318731 1.8749775 2.4545753
4.0350173 1.8736456 2.4531949
4.0298187 1.8662233 2.4562113
2.3959506 1.7085609 3.6867051
2.4031758 1.7026177 3.6888358
2.4050744 1.6972542 3.692349
2.4040005 1.6980833 3.6916085
2.3983431 1.7091438 3.6991679
2.4049208 1.7002793 3.6935327
2.404898 1.6976527 3.6897507
2.4049952 1.6983143 3.6914543
2.4062742 1.6990328 3.6910156
2.4067417 1.6977816 3.6917684
2.4058584 1.6990551 3.6832517
2.4006604 1.6975121 3.6831214
2.4091387 1.6984048 3.6858903
2.4042913 1.6972287 3.6843063
2.4063507 1.6998757 3.685136
2.4055632 1.7009063 3.6874724
2.4083898 1.6945678 3.697835
2.4010116 1.6996542 3.6983975
2.4034437 1.707288 3.6932145
2.4046037 1.6976395 3.6926882
2.4054018 1.703948 3.6814221
2.4070841 1.7062926 3.6865929
2.4099116 1.6934284 3.694045
2.4118391 1.6968928 3.6966542
2.4093773 1.6992456 3.6977493
2.4043453 1.6989567 3.6926242
2.406972 1.7016732 3.6928095
2.4086632 1.6999481 3.692562
0.12903 0.44255 5.40595
2.4149889 1.6984529 3.690139
2.406777 1.6984601 3.6896513
2.4015501 1.69924 3.6934226
2.4064335 1.6967869 3.6915282
4.5097374 0.76759942 1.9597844
4.5082655 0.76667985 1.9594263
4.5079074 0.76571024 1.9587621
4.5098903 0.76852885 1.9600988
4.5188802 0.77051122 1.9511972
4.5056053 0.76841412 1.9607378
4.5041125 0.75921912 1.9557607
4.4983361 0.7660344 1.9577615
4.5105776 0.76705957 1.9488984
4.5134403 0.76611956 1.9566289
4.5101012 0.76933951 1.9589532
4.5111702 0.76393202 1.9558265
4.50844 0.76203677 1.9581949
4.5079175 0.76677133 1.9488556
5.20605 1.13625 5.87998
3.1159284 1.0278213 5.8815613
3.1104241 1.0344879 5.8869059
3.1207955 1.0352477 5.8868442
3.121601 1.0350136 5.8865228
3.1259793 1.0308854 5.8804867
3.1138008 1.0273612 5.888823
3.1197961 1.0293822 5.8753965
3.1208359 1.0377914 5.8867704
3.1263074 1.0256376 5.8815802
3.1336062 1.0379954 5.8787411
3.1202341 1.0323944 5.8853935
3.1230988 1.0349655 5.8840402
3.1255409 1.0288851 5.8863558
3.127808 1.0311598 5.8808484
3.1155304 1.0293827 5.8920438
1.821665 2.3653832 4.3197381
1.8445185 2.3698712 4.3290586
1.82174 2.3742764 4.3142241
1.8272831 2.3721843 4.3268484
1.8287387 2.3685668 4.3187329
1.8196708 2.3742052 4.3149074
1.8279631 2.3694291 4.3187593
1.8010994 1.3103744 3.8764195
1.7907146 1.3173871 3.8808382
1.7902632 1.3170618 3.8776919
1.7998279 1.3122691 3.8837028
1.7991543 1.308964 3.8875744
1.8029315 1.310288 3.8754638
1.7999397 1.3121672 3.8824964
1.7888639 1.3089985 3.8770766
1.7846589 1.3105047 3.8871021
1.7951788 1.3040398 3.8784226
1.7958571 1.3039506 3.8794915
1.7945602 1.2944441 3.879489
1.7942466 1.3009001 3.8867564
5.22862 1.45405 2.11056
1.7954621 1.3041461 3.8768665
1.7932811 1.3013848 3.8774063
1.7904806 1.304323 3.8865204
1.798415 1.3116492 3.8825111
1.7996246 1.3072601 3.8751334
1.7921657 1.3081253 3.8803542
1.7933317 1.3059942 3.8810407
1.1692737 1.3241329 3.0097937
1.1606292 1.3203463 3.0062377
1.1630368 1.3159838 3.0024233
1.1522675 1.322577 3.0102429
1.1619675 1.3239352 3.0114463
1.1613512 1.3237535 3.0116424
1.1634591 1.3232821 3.0087379
1.1721799 1.3257837 3.0033082
1.170269 1.3249328 3.00366
4.67124 0.7289 0.41685
1.160107 1.3195723 3.0115344
1.1659552 1.3238087 3.01119
1.1640565 1.3191883 3.0084077
1.1679914 1.3239478 3.0047773
1.1656468 1.3221796 3.0029992
1.161947 1.3237348 3.010362
1.1606859 1.3277474 3.0082235
1.1606999 1.325061 3.0151346
5.16114 1.03361 4.00371
4.681975 1.4072481 2.8329801
4.6803374 1.4085084 2.8333585
4.6840676 1.4076502 2.8301764
4.6833166 1.4088342 2.8309574
4.6740813 1.4035868 2.8295513
4.6704107 1.4088825 2.8319442
4.6844 1.4050457 2.8301971
4.6775263 1.4146934 2.8293197
4.678364 1.4157221 2.8268658
4.0327212 1.8718486 2.457065
4.0315845 1.8688029 2.4546888
4.0285843 1.8736504 2.451181
4.0413161 1.8777657 2.4584551
4.0392208 1.8761758 2.4550681
4.0351101 1.876343 2.4614039
4.0321199 1.873819 2.4565383
4.0291199 1.8726782 2.4511147
4.0256527 1.8701339 2.4656291
2.4083215 1.7031104 3.6953537
2.4026875 1.6997456 3.6914029
2.4041567 1.6981119 3.6924967
2.4047009 1.698796 3.692548
2.4064787 1.696794 3.6969713
2.406885 1.6998667 3.689607
2.4083155 1.7006755 3.693171
2.4028496 1.6999894 3.6909017
2.4065145 1.7034444 3.6897611
2.405794 1.6939819 3.6960894
2.3980654 1.7017471 3.6885678
2.4048739 1.7037231 3.6874183
2.404723 1.6993914 3.6909765
2.4028866 1.7016736 3.6928796
2.4039563 1.7005242 3.6965191
2.4069471 1.7010274 3.6963184
2.4033047 1.7003834 3.688517
2.4115924 1.7033592 3.6867764
0.60657 0.20308 3.16345
2.4047999 1.6994672 3.6913907
2.4061399 1.7053671 3.6831817
2.4007612 1.699846 3.6919958
2.4021718 1.6986805 3.6920132
2.4028346 1.7015314 3.6924733
2.4058651 1.6980603 3.6900716
2.4021666 1.6971004 3.6941534
2.402825 1.7018694 3.6912917
2.4030029 1.6987379 3.6911868
2.4017273 1.6853888 3.6874389
2.403772 1.6989444 3.6890002
2.4080257 1.7073227 3.6877732
2.4066849 1.699412 3.7010399
2.4007822 1.7003022 3.6932569
4.507491 0.76728133 1.9603558
4.5024892 0.76660961 1.9661672
4.5030661 0.76418337 1.9638944
4.5089186 0.76646862 1.9575983
4.5156344 0.77361518 1.9505517
4.5125076 0.76342441 1.9516072
4.5094395 0.7660459 1.9548924
4.5065165 0.76551886 1.9477911
4.5061088 0.76855821 1.9577791
4.5052158 0.77139009 1.9613593
4.5151612 0.76817934 1.9515659
4.505458 0.76376637 1.9628318
4.5059163 0.76862788 1.962561
4.5143689 0.77167824 1.9561266
3.1201986 1.037264 5.8887136
3.1187436 1.0337674 5.8875542
3.1171229 1.0325047 5.8866706
3.1221383 1.0348859 5.8866797
3.121739 1.0344146 5.8874474
3.1225875 1.0332816 5.8911725
3.1214252 1.0343234 5.8861765
3.1144438 1.0408571 5.8853055
3.1225266 1.0414131 5.8807024
3.1258597 1.0316436 5.8844508
3.1304396 1.0389782 5.8809076
3.1214237 1.0417893 5.8791625
3.1270575 1.0403307 5.8804895
3.1289904 1.0350344 5.8720488
3.1311349 1.0325069 5.8910582
1.8044169 2.3741554 4.305101
1.73839 1.43892 6.20839
1.8155151 2.3849552 4.3081301
1.8287537 2.3750102 4.3283521
1.826027 2.3716716 4.3257915
1.8280806 2.3723105 4.3192687
1.836882 2.3677155 4.3230855
1.8259262 2.3628609 4.3147576
1.7965555 1.3054032 3.8754406
1.7875716 1.3013677 3.885376
1.8027388 1.2999336 3.8746883
1.7882204 1.3077942 3.8907166
1.792898 1.3020654 3.8845802
1.7941664 1.3067607 3.882721
1.8017417 1.3056357 3.8806164
1.7974022 1.300098 3.8748034
1.7953752 1.3014076 3.8793202
1.7961833 1.3090678 3.8845024
1.7891912 1.3083547 3.8816725
1.79635 1.3142265 3.8775982
1.7944705 1.3011366 3.8787544
1.7954768 1.3045704 3.87609
1.793657 1.3005487 3.8761431
1.7975249 1.3025108 3.8795729
1.7898002 1.3052615 3.8768451
1.7893561 1.3040295 3.8776652
1.7957604 1.3112364 3.8719157
1.7932224 1.3068976 3.8826926
1.793378 1.305841 3.8815735
1.807616 1.3021757 3.8813348
2.98617 2.08795 3.1363
1.159704 1.3200892 3.002504
1.1602683 1.3223719 3.009372
1.1592659 1.3236631 3.0110549
1.1619241 1.321136 3.004819
1.1623353 1.3229814 3.0076562
1.1714163 1.3269416 3.0044335
1.1594898 1.3199366 3.0088357
1.168991 1.3196513 3.0154873
1.1626477 1.3230346 3.0097297
1.1645159 1.3227925 3.0133397
1.162213 1.3216754 3.0099837
1.1629437 1.3211266 3.0113784
1.1606643 1.3240991 3.0142835
1.1593806 1.3274921 3.0130406
1.1507388 1.3290385 3.0190679
1.147314 1.3262958 3.0183905
0.30215 2.06401 0.79047
4.6840771 1.4062983 2.8323103
4.6811056 1.4082337 2.8315611
4.6795174 1.4069885 2.8305742
4.681639 1.4061112 2.8286149
4.6768753 1.4083715 2.8354721
2.84827 2.22229 6.1055
4.6834506 1.4088394 2.8283752
4.6791392 1.4024411 2.8330507
4.6813861 1.4054544 2.8348311
4.0403788 1.8821885 2.4538998
4.0302531 1.8752614 2.4523952
4.0311949 1.8728419 2.4556068
4.0382093 1.8698904 2.461513
4.0257199 1.8731309 2.445094
4.0388341 1.877326 2.4626974
4.0301518 1.8765718 2.4555659
4.0318086 1.8778212 2.4557748
4.0378095 1.8711574 2.453916
2.4093179 1.7081867 3.690388
2.4039838 1.6977565 3.6930463
2.4035651 1.699002 3.6913895
2.4021715 1.6987065 3.6925639
2.4050323 1.6984732 3.6868939
2.4013422 1.7002152 3.6882161
2.4100426 1.6993826 3.6926656
2.4075936 1.6983643 3.6948943
2.41559 1.7015647 3.6870588
1.66235 2.10236 1.55888
2.3998108 1.6998283 3.6821114
2.4044619 1.6975031 3.6892358
2.4022299 1.6989947 3.6899702
2.4044517 1.6993518 3.6913604
2.4049609 1.6992816 3.6920959
2.4056852 1.6996872 3.6932627
2.4068984 1.6985636 3.6878203
2.4124098 1.7056217 3.693609
2.409871 1.7032206 3.6858899
2.4084368 1.7042143 3.6857464
2.4058765 1.6995305 3.6895726
2.407306 1.7003557 3.6907279
2.4032302 1.6972622 3.6903033
2.4061361 1.6980337 3.6884567
2.404923 1.6984298 3.6913682
2.3990188 1.6996421 3.6904332
2.4025198 1.7024152 3.6929935
2.405186 1.6986053 3.6891966
2.4103745 1.6949111 3.6926401
2.4031593 1.698416 3.6920567
2.4194787 1.7028434 3.695342
0.04908 1.53396 4.83129
2.41033 1.7050392 3.688368
4.5117227 0.77794383 1.95608
4.5098667 0.76701562 1.9566472
4.5173078 0.77038484 1.9491597
4.5168754 0.77128034 1.9544029
4.5190028 0.76847803 1.9463711
4.5163244 0.7688237 1.9461646
4.5109862 0.7637449 1.9530234
4.5192355 0.76350651 1.9456485
4.5220151 0.76596141 1.9469309
4.5097463 0.77261051 1.9582214
4.5110713 0.76947637 1.9525533
4.5080386 0.76678907 1.9591218
4.5096991 0.76440888 1.9589377
4.5089618 0.76985816 1.9627287
3.1206733 1.0357979 5.8870252
3.1194066 1.0390957 5.8863208
3.1194812 1.0327931 5.8878588
3.1282075 1.0392953 5.8854248
3.1278248 1.0407679 5.8876435
3.1327176 1.0332012 5.8857695
3.1306295 1.0344479 5.8886824
3.124292 1.0331627 5.8914334
3.1218628 1.0352525 5.8867031
3.1249228 1.0400067 5.8951569
3.1159465 1.0408985 5.8960542
3.1157683 1.0322805 5.8889777
3.117373 1.0326288 5.8760728
1.84616 0.49874 3.17481
1.8156609 2.3763588 4.324502
1.8188984 2.3682096 4.3147113
1.8224088 2.3666654 4.3055403
1.8148721 2.3787702 4.3056533
1.8144787 2.3787443 4.3065629
1.8284979 2.3748106 4.3255073
3.15307 2.55165 2.23077
1.8298011 2.3703916 4.3320983
1.8483218 2.3707902 4.3385556
1.7832378 1.3049953 3.8838544
1.7905433 1.3046286 3.8717337
1.7888977 1.2920448 3.8729602
4.43786 0.60437 1.95666
1.7943851 1.3076363 3.8731653
1.8043717 1.299445 3.8724678
1.8041276 1.3030418 3.8706283
1.7968689 1.3052266 3.8790486
1.7960305 1.3045787 3.8783506
1.8000934 1.3048411 3.8802409
1.797731 1.3048391 3.88413
1.7954533 1.3129638 3.8875748
2.98748 2.55027 2.82138
1.7885224 1.3034143 3.8752733
1.7931824 1.3008982 3.8829142
1.7971304 1.3008718 3.8817435
1.7924682 1.303506 3.877642
1.7935952 1.3111123 3.8816492
1.7978774 1.3119766 3.8753609
1.795443 1.3052324 3.8782377
1.7953962 1.3050076 3.8782801
1.7959802 1.3061621 3.8777882
1.8019775 1.3076532 3.8714407
1.1605148 1.3211935 3.0083427
1.1622817 1.3215155 3.009563
1.1627108 1.3232063 3.01023
1.1640618 1.3219425 3.0045541
1.1621864 1.320273 3.0072151
1.1618955 1.3258507 3.0057305
1.1624769 1.3221618 3.0042676
1.1599757 1.3252714 3.0100592
1.1624692 1.3234101 3.0093472
1.1618317 1.3222944 3.0111554
1.1602088 1.3206562 3.0109979
1.1611129 1.3237678 3.008531
1.1633327 1.3226879 3.0103533
1.1639552 1.3251189 3.0062169
1.1494881 1.3224796 3.0101396
4.6826934 1.4055714 2.8305536
4.6792251 1.3979913 2.8234859
4.6731673 1.4044214 2.8407988
4.6719723 1.4078696 2.8372183
4.6827439 1.4069184 2.8317963
4.6825662 1.4066077 2.8317315
4.6938779 1.4158308 2.8311936
5.51621 1.62729 1.21276
4.68555 1.3963628 2.8327771
4.6761087 1.4111298 2.8410979
4.682772 1.4083181 2.8269738
4.0269888 1.8759167 2.4493597
4.0293099 1.8724701 2.4474245
4.02972 1.8761094 2.459394
4.0395252 1.8824055 2.4642567
0.71262 2.04316 2.07838
4.0404366 1.8718216 2.4690517
4.0409062 1.8738627 2.4670338
4.0241034 1.8681 2.4508104
4.032877 1.8670678 2.4446684
3.40288 1.44989 1.12443
2.4026994 1.6978156 3.6899387
2.4034022 1.7003232 3.6927283
2.4026722 1.6990159 3.6920136
2.4093248 1.6993219 3.6951679
2.402026 1.6997641 3.6869527
2.4036386 1.6964426 3.6911388
2.4050891 1.6979825 3.6916144
2.4065053 1.6964382 3.6913232
2.4036551 1.700203 3.6903839
2.399832 1.6965999 3.691465
2.3994778 1.7020954 3.6848023
2.3997813 1.7047525 3.6880937
2.3987997 1.7003061 3.6859464
2.4035256 1.7001507 3.6943446
2.4046476 1.7000779 3.6927873
2.4085234 1.7056604 3.7044061
2.4093403 1.705897 3.7044879
2.403581 1.7019805 3.6943905
2.4054938 1.700145 3.6885173
2.4061418 1.7000299 3.688291
2.4038337 1.7024015 3.6924742
2.4023906 1.6991981 3.6919181
2.4080503 1.6965085 3.6920582
2.405213 1.7008282 3.6895502
2.4037721 1.6997686 3.6891165
2.4038457 1.697214 3.6917194
2.4049931 1.698949 3.6910703
2.4080454 1.693766 3.6903367
2.4117025 1.6982847 3.6921646
2.4148335 1.6962234 3.6920033
2.4099773 1.7099422 3.6870943
2.4042851 1.6994625 3.6952279
4.5033293 0.7515303 1.9618266
4.5106239 0.76796014 1.9564522
4.5088691 0.76742622 1.9574915
4.5222386 0.76457181 1.9406033
4.5141192 0.75859157 1.9485896
4.5220189 0.7612112 1.9492192
4.5110952 0.76531781 1.9624423
4.503976 0.7681975 1.9674467
4.4983389 0.76876337 1.967836
4.5027433 0.77215219 1.9701723
4.5084862 0.77565115 1.9643836
4.5082366 0.76678571 1.9587604
4.5070605 0.76729159 1.957599
4.5004426 0.75417544 1.955502
3.1149308 1.0363953 5.8877094
3.1207978 1.0394887 5.8876848
3.1203225 1.0371629 5.8874981
3.1194796 1.0426428 5.8867698
3.1294536 1.0375299 5.8802896
3.1255839 1.0342251 5.8805455
3.1265316 1.0427053 5.8881275
3.1213944 1.0353807 5.8869881
3.1225583 1.0363734 5.8835086
3.1318568 1.0373855 5.8827497
3.1243073 1.0343469 5.8751869
3.1173356 1.0357472 5.8878646
3.1198671 1.0399964 5.8901138
1.8263916 2.3756123 4.3194409
3.74657 0.28914 3.51949
1.8287432 2.3622599 4.31306
1.8213861 2.3726922 4.3055975
1.8308796 2.3738772 4.318886
1.8256474 2.3744068 4.3110055
1.8180162 2.3715306 4.3076415
1.8382384 2.3602206 4.3316086
1.8287644 2.3813758 4.3246174
1.8426603 2.3730725 4.3251443
1.7913645 1.3026465 3.8924413
4.83067 0.69958 5.34815
1.7967422 1.3043192 3.8749694
1.7902778 1.306898 3.8779297
1.795109 1.310476 3.8739388
1.7942146 1.301353 3.8627628
0.98217 1.35856 4.55242
1.80203 1.3042805 3.8854223
0.99962 1.22275 2.92563
1.7963591 1.3072384 3.8800096
1.7961798 1.3059369 3.8727351
1.33242 1.07038 1.29682
1.787031 1.3057504 3.8818543
1.7869695 1.3039269 3.8781383
1.7951623 1.3048202 3.878124
1.7935836 1.3097107 3.8821322
1.7960101 1.3109013 3.8805646
1.7905443 1.3037118 3.8689644
1.7956839 1.3055066 3.8784833
1.7957855 1.304557 3.8806665
1.7937506 1.3037393 3.8797121
1.7954339 1.3028223 3.8814328
1.7976965 1.3006926 3.8658467
1.8082185 1.3021919 3.8705183
1.1632544 1.3224429 3.0054382
1.1600757 1.3243536 3.0109329
1.1629362 1.3229733 3.0084343
1.1658284 1.323843 3.0081944
1.1640434 1.3203294 3.0097625
1.162626 1.3259 3.0108814
1.1613584 1.3221407 3.0118182
1.1614721 1.3254592 3.0116287
1.1674454 1.3224419 3.0101115
1.1649826 1.3224796 3.0048266
1.1625764 1.3203773 3.0071535
1.165751 1.329188 3.0128377
1.1634565 1.3220523 3.010634
4.6869655 1.4050314 2.8310794
4.6877591 1.4015293 2.8335609
4.68229 1.4061256 2.8328316
2.91517 1.18648 2.2096
4.6801116 1.3950194 2.8342654
4.6738071 1.4031601 2.831476
4.6818302 1.4062648 2.8319603
4.6816037 1.4068851 2.8319599
4.6723917 1.4079203 2.8321073
4.6866975 1.411319 2.8310795
4.6845805 1.4141733 2.8400771
1.54411 2.03574 4.87656
4.031923 1.8728042 2.4439106
4.0415855 1.867446 2.457781
4.0386674 1.8723295 2.4453159
4.0268104 1.868307 2.4521416
4.0323344 1.8833664 2.454068
4.0335191 1.8777918 2.4531635
4.0405646 1.8744252 2.4661587
4.0321405 1.8709574 2.4541568
4.0339765 1.8718501 2.4578962
4.0324099 1.873476 2.4576434
2.3983197 1.6997919 3.6983237
2.4042905 1.6989128 3.6927762
2.403225 1.699251 3.7008841
2.4057969 1.7003986 3.6973106
2.4068047 1.6993159 3.6949718
2.404918 1.6986328 3.6917695
2.4045181 1.7015353 3.6926192
2.4064137 1.6998008 3.6898306
2.4047411 1.6968382 3.6918525
2.4057527 1.6968007 3.6908753
2.4049473 1.6984531 3.6912566
2.4050301 1.6982358 3.6919962
2.4038618 1.6949508 3.6921247
2.4045691 1.6978967 3.6927037
2.406493 1.6995788 3.6920373
2.4090015 1.6944877 3.704037
2.4016258 1.6883624 3.6882513
2.4044679 1.6993604 3.6939011
2.4033449 1.7026339 3.6925485
2.405264 1.7019439 3.6935962
2.4027586 1.7009509 3.6914642
2.4063594 1.701515 3.6945204
2.4048287 1.6944768 3.6895523
2.4044715 1.6944186 3.691563
2.4060561 1.6984215 3.6879251
2.4059496 1.6988976 3.6910412
2.4070534 1.6977686 3.6908032
2.409434 1.6953834 3.692622
2.405533 1.6989169 3.6916317
2.3991924 1.7060669 3.6967117
2.4062233 1.7002961 3.6903492
2.3971141 1.6987902 3.6936974
4.4995588 0.75985952 1.9640726
4.504183 0.76540358 1.9607327
4.5072656 0.7686113 1.9599557
4.5140801 0.75944261 1.9493345
4.5087617 0.76543495 1.9584128
4.5081898 0.77220365 1.9587382
4.5126721 0.7685639 1.9572517
4.5120963 0.76846106 1.9583338
4.5067247 0.77232666 1.9626389
4.5068674 0.77006371 1.9589661
4.5110368 0.76511927 1.9586427
4.5079402 0.76647309 1.9591249
4.4976337 0.77013646 1.9671589
4.491146 0.75593203 1.9687925
3.1226234 1.0370484 5.8870203
3.1201955 1.0353208 5.8874363
3.1183794 1.0351466 5.8877575
3.1182589 1.0369012 5.889669
3.1254763 1.031889 5.8805743
3.1285203 1.0356431 5.8794066
3.1231797 1.0317698 5.8960434
3.125847 1.0355085 5.8956776
3.1236091 1.0470597 5.8826763
3.1312093 1.0461216 5.8823172
3.1285999 1.0375792 5.8728824
6.24526 0.91188 1.98314
1.8320846 2.3735464 4.3274436
1.8268089 2.3714106 4.3194509
1.8290645 2.370255 4.3211848
1.8218128 2.3729215 4.3102271
1.8262244 2.3723752 4.3174694
1.8248164 2.3711402 4.3171035
1.8271116 2.3684457 4.3134497
1.8218426 2.3782172 4.3129412
1.8267387 2.3777505 4.3186348
1.8218176 2.3784933 4.3157365
1.8265681 2.3690744 4.312122
1.8015182 1.308463 3.8836377
1.8011327 1.3106995 3.8768946
1.7968308 1.305273 3.8757977
1.789748 1.2980071 3.8749239
1.7868952 1.2972892 3.8736556
1.7870467 1.2992981 3.8715904
1.7948115 1.30395 3.8679663
1.7900389 1.300632 3.8845792
1.7961134 1.3064443 3.8829046
1.7975123 1.3021577 3.8805961
1.7974781 1.3034155 3.878254
1.8094075 1.3123686 3.8711796
1.8036702 1.3035571 3.8817701
1.7998039 1.3037186 3.8780954
1.7953588 1.307445 3.878389
1.7921643 1.2997415 3.8777366
1.7973364 1.2981167 3.8752977
5.93065 2.54732 4.97568
1.8077811 1.3138896 3.8738615
1.79479 1.3061421 3.8778152
1.7922777 1.3047449 3.8821138
1.7871417 1.2985066 3.8785813
1.7988255 1.2930702 3.8743699
1.16756 1.22332 3.72548
1.169873 1.3215865 3.0173655
1.1701051 1.3258992 3.0109139
1.1596745 1.3221278 3.0158026
1.1616748 1.3210634 3.0130522
1.1609556 1.3234263 3.0078679
1.1566562 1.3190048 3.0141644
1.1577501 1.3210945 3.0149272
1.1620823 1.3207241 3.0076088
1.1671734 1.3136537 3.0112267
1.1638703 1.3135915 3.0056604
1.1620039 1.3265208 3.0102398
1.5467 2.38385 3.2327
4.6780891 1.4026094 2.8355591
4.678792 1.4017026 2.8339583
4.6794791 1.3976921 2.8346651
4.6803407 1.3992418 2.8361383
4.6787131 1.3997689 2.8327337
4.6931965 1.4133843 2.8303701
4.6740755 1.4021872 2.8349773
4.6814677 1.4049254 2.8310717
4.6738629 1.4092434 2.8375572
4.6831524 1.4121314 2.8302339
4.6846945 1.4044759 2.8270625
4.683273 1.4025669 2.8334611
4.6812193 1.4035035 2.8287204
4.0319722 1.8721835 2.4557007
4.0347643 1.8685257 2.4597206
3.96605 1.32653 3.56542
4.0325115 1.8733899 2.460404
4.0288762 1.8715634 2.4604019
4.0361635 1.8727006 2.4592111
4.0299866 1.8732126 2.4520165
4.0337597 1.8720865 2.4537808
4.0320604 1.8724773 2.4565115
4.0296005 1.8733675 2.4590722
4.0309686 1.85953 2.4573272
2.4035475 1.6915285 3.6985964
2.4031809 1.6930676 3.700262
2.4068873 1.7010418 3.6983473
2.4064536 1.6973137 3.6919672
2.4059776 1.6937965 3.6900862
2.4022448 1.6996401 3.6930888
2.4050261 1.6994453 3.689748
2.404654 1.6986093 3.6917557
2.4058979 1.6970851 3.6940353
2.4030724 1.6967257 3.6899667
2.4038336 1.6998982 3.6900487
2.4056655 1.6970115 3.6960396
2.4067581 1.6985083 3.6953152
2.3988531 1.6991949 3.6962593
2.4082301 1.6997609 3.6885912
2.3970008 1.6857218 3.6930667
2.3978285 1.6930535 3.6955291
2.4045345 1.6995498 3.692462
2.4042483 1.7016955 3.6903319
2.4077272 1.6981512 3.6904401
2.4079209 1.700004 3.6918976
2.4061329 1.6944313 3.6888733
2.4068021 1.7030257 3.693637
2.4110677 1.7007459 3.6989336
0.06154 1.16291 2.36358
2.405165 1.701187 3.690757
2.4065591 1.6998287 3.6929808
2.4063127 1.6990998 3.6908555
2.4000757 1.7057177 3.6979266
2.4072447 1.6995014 3.6908916
2.4039335 1.7022726 3.6924345
4.5087287 0.7657679 1.9548333
4.5070462 0.76642345 1.9590621
4.5017192 0.76522271 1.9753969
4.5084078 0.76489725 1.9611224
4.503656 0.77131985 1.9559885
4.5040865 0.77121865 1.9556624
4.507774 0.76724417 1.9592944
4.5061358 0.76775101 1.9567001
4.4930637 0.76404881 1.9696246
4.4930249 0.76470867 1.9683638
4.5084066 0.76748391 1.9628188
4.5056843 0.76764746 1.9625567
4.5042327 0.76661724 1.9621019
4.5158545 0.77145528 1.9627371
3.1254028 1.0365894 5.8973646
3.1213641 1.0345968 5.8882907
3.1308286 1.0393003 5.8856319
3.1352664 1.0326628 5.8761695
3.1252218 1.0448078 5.8848825
3.1211041 1.0410825 5.8853945
3.1249459 1.0305865 5.8880483
3.118329 1.03832 5.8898567
3.1139182 1.0348889 5.8868049
3.1164818 1.0324268 5.8885878
5.49492 1.35072 3.65773
1.8295316 2.3706849 4.3241315
1.8285819 2.3728262 4.3215969
1.8294446 2.3704089 4.3225228
1.8267438 2.3701868 4.3166889
1.8287858 2.3742948 4.3203081
0.05431 1.0255 3.55836
1.8212828 2.3770034 4.3088829
1.8186691 2.3717409 4.306573
1.8285851 2.3698995 4.3213896
1.8235012 2.3711691 4.3176747
1.8293191 2.372183 4.3225071
1.8158716 2.3670278 4.3071252
1.8125072 2.3800128 4.309024
1.7881593 1.3075947 3.8706152
1.7964461 1.3009142 3.8765563
1.7954987 1.3047265 3.878207
1.7986128 1.3063684 3.875731
1.7875677 1.3048441 3.873157
1.7920174 1.301746 3.8748849
1.7910992 1.3029664 3.884403
1.7980684 1.3047514 3.8796221
1.7952054 1.3047554 3.879502
1.7966685 1.2999973 3.8794589
1.8059376 1.3088256 3.8694017
1.7991415 1.3079139 3.873979
1.797839 1.3043772 3.876485
1.7949764 1.3060254 3.8766918
1.7913724 1.2995514 3.8767973
1.8011951 1.3084341 3.8776498
1.7966216 1.3047987 3.8769484
1.7929971 1.3053936 3.8780321
1.7933731 1.3074725 3.8790629
1.8012711 1.309137 3.8791676
1.7939304 1.310263 3.8828799
1.7969364 1.3027636 3.8787721
1.7947106 1.3129142 3.8789202
1.7925547 1.2887603 3.8751545
1.1744386 1.3327817 3.0037171
1.1478582 1.3202659 3.0164494
1.1661944 1.3195784 3.0069407
1.1600516 1.3265332 3.0064861
1.1622096 1.3179323 3.0064185
1.1625118 1.3236111 3.0109798
1.1615851 1.3194166 3.0077873
1.1608459 1.3225152 3.0147824
1.1628122 1.3291386 3.0140371
3.13197 1.08377 0.85159
4.681917 1.4045406 2.8301634
4.6790632 1.4027439 2.833123
4.6769349 1.4038339 2.8356546
4.6790875 1.3999814 2.8352497
4.6853558 1.408674 2.8321258
4.6824312 1.407695 2.8341667
2.70424 1.6357 5.6195
4.6876007 1.4032424 2.83329
4.6813393 1.406949 2.8382937
4.6741485 1.4105717 2.8370097
4.678235 1.4080671 2.8309784
4.6794268 1.4086401 2.8329139
4.6836122 1.4092812 2.8291544
4.6898919 1.4179783 2.8285208
4.0383396 1.8717061 2.460249
4.032577 1.8719449 2.4571403
4.0317026 1.8721789 2.4586412
4.0317841 1.8757207 2.4560383
4.0265929 1.873254 2.4552919
4.0334251 1.8737701 2.455843
4.0276354 1.8764134 2.4528162
4.02331 1.869879 2.448794
4.0351976 1.8698428 2.4593053
4.0312934 1.8726988 2.4562806
4.0291544 1.8765163 2.454537
4.0270057 1.8862461 2.4559278
2.4044345 1.7003754 3.6906707
2.4062058 1.6978227 3.69359
2.4031032 1.6949528 3.6907697
2.4057937 1.6932284 3.6928764
2.4043075 1.6978829 3.6914814
2.4054153 1.6982505 3.6920345
2.4017358 1.6986143 3.6915981
2.4075123 1.6950236 3.6916913
2.400317 1.6989134 3.6904881
2.4027191 1.7000388 3.6933761
2.4051114 1.6977761 3.6916351
2.3998355 1.69714 3.6964351
2.3999101 1.7041109 3.6976081
2.3994726 1.6948154 3.6858969
2.12066 1.71635 5.51115
2.41488 1.7015825 3.6992674
2.4048134 1.7038923 3.6985447
2.405831 1.6990948 3.6920106
2.4110254 1.6976617 3.6912252
5.63957 1.82411 4.57623
2.404028 1.697657 3.6901762
2.4091331 1.7025799 3.6914427
2.4049712 1.6927219 3.6912418
2.4128844 1.6974872 3.6811118
2.4024703 1.6968038 3.6880186
2.4047143 1.7003614 3.6916034
2.4052693 1.6994843 3.6913954
2.4002233 1.7048542 3.6913492
2.4008306 1.6966344 3.6994584
2.4035974 1.7012593 3.6919237
4.5092387 0.77629673 1.9485418
4.5144313 0.76395648 1.9531641
3.54281 0.68984 3.70172
4.522171 0.7711712 1.9457658
4.5059472 0.76588115 1.9590057
4.5204584 0.77727917 1.9502023
4.5135603 0.75799082 1.9562276
4.5065756 0.75771842 1.9580985
4.5037184 0.7688676 1.9610091
4.5066396 0.7642665 1.9621068
4.5115821 0.76655601 1.9611862
4.5096378 0.76572527 1.9584242
4.505403 0.76937349 1.9542602
4.8374445 2.0609868 0.39701926
4.8494539 2.0727562 0.40074929
4.8513826 2.0683992 0.40866459
4.8461272 2.062404 0.40195455
5.75052 1.51235 0.45911
4.84905 2.06512 0.40888
4.94648 1.21919 2.04497
3.1304567 1.041866 5.882281
3.1098347 1.0376401 5.8926754
3.1263597 1.0353822 5.8844273
1.8272377 2.3701894 4.3232108
1.8309558 2.3671385 4.317239
1.8295798 2.3706496 4.3204975
1.8295857 2.3707301 4.3209351
1.8278951 2.3716733 4.3179795
1.8277679 2.3678824 4.3214186
1.825889 2.3731175 4.3187005
1.8266788 2.3723086 4.3167159
1.8264281 2.3817077 4.3199499
1.8196127 2.3744934 4.3150255
1.8265677 2.3761045 4.3232254
1.827418 2.3735314 4.3199811
1.8270501 2.3725911 4.3191885
1.8245673 2.372224 4.3135043
4.21814 1.5569 6.06776
1.7874225 1.3078184 3.8736714
1.7973097 1.3091836 3.8815677
1.8028055 1.3084092 3.8747444
1.7953257 1.3084255 3.8798508
1.7953844 1.3030212 3.8866262
1.7964792 1.3097075 3.8718215
1.7926761 1.307624 3.8758412
1.7981637 1.3059366 3.8780688
1.7962112 1.3049495 3.8781459
1.7879905 1.303534 3.8804496
1.8006248 1.3041971 3.87217
1.7977515 1.305228 3.8762127
1.794935 1.3105578 3.8747655
1.7952497 1.3088697 3.8716033
1.7871379 1.3032099 3.8711542
1.7935598 1.3118145 3.8760594
1.7943391 1.3043657 3.8777325
1.8006471 1.3057424 3.8797153
1.7967354 1.300501 3.884068
1.8024143 1.3030289 3.8813593
1.7985306 1.3046806 3.875675
1.7990476 1.3032269 3.8760532
1.7947574 1.3051274 3.8791156
1.7968607 1.3025236 3.8851654
3.36363 0.32377 3.20208
5.58645 1.11683 5.42198
1.1671407 1.3187818 3.0091207
1.156495 1.3231994 3.0098025
1.16263 1.32046 3.0097155
1.1624624 1.3229577 3.0091921
1.1617219 1.3235379 3.0066622
1.1543178 1.3322618 3.015355
2.33585 1.24186 0.7919
4.6803996 1.4144668 2.8239127
4.6817554 1.407403 2.8311957
4.6806632 1.4082976 2.828883
4.6832866 1.4074333 2.8304533
4.6805919 1.4029849 2.836442
4.6866726 1.4064242 2.8313787
4.681453 1.4081566 2.8336949
4.6864036 1.4039377 2.827185
4.6843885 1.4050624 2.8329273
4.682818 1.4122569 2.830746
4.6839601 1.410119 2.8301013
4.6814913 1.4092662 2.8337667
4.6824256 1.408948 2.8292273
4.6875208 1.4083366 2.8331775
4.6849611 1.4050549 2.8313323
0.92592 1.83717 5.61456
4.0366286 1.8715325 2.4574822
4.028422 1.8745698 2.4543501
4.0318557 1.8752912 2.4550204
4.0316909 1.87306 2.4542917
4.0338378 1.8737479 2.4544609
4.0289073 1.8735174 2.4579385
4.0288242 1.8675289 2.445279
4.0363276 1.8618592 2.4531078
4.0371964 1.8659754 2.4581024
4.0323967 1.8727955 2.4568136
4.0390788 1.8684465 2.4558796
4.0268077 1.8705093 2.4529992
2.4031086 1.6990546 3.6887808
2.4093041 1.699514 3.6879131
2.4020084 1.6934323 3.6896377
2.4023854 1.6992165 3.6905541
2.4028688 1.6982028 3.691219
2.4027551 1.7003255 3.6920592
2.4106265 1.7011828 3.7011596
2.4108595 1.6979693 3.7059715
2.4057935 1.6991655 3.6919504
2.4044323 1.6992734 3.6911068
2.4093476 1.7034899 3.6960708
2.4080241 1.7065142 3.6913208
2.399487 1.6956596 3.686107
2.3907452 1.7034622 3.687801
2.4033835 1.6989346 3.6946604
2.4040213 1.7016757 3.6973697
2.4056713 1.6971472 3.6946713
2.4124675 1.6959698 3.6859771
1.8325902 0.84026555 2.1769113
1.8267321 0.83061005 2.1746561
1.8201657 0.83224627 2.1894494
1.8110139 0.83159569 2.1876362
1.825658 0.82769991 2.1806464
1.8112298 0.84144871 2.1844385
1.8257729 0.82880914 2.1827323
1.8189159 0.83011062 2.1756915
1.8198913 0.83382954 2.1809261
1.8088531 0.82715779 2.1906716
3.04334 1.25233 1.32731
4.4991764 0.76466632 1.9615676
4.5112325 0.77105448 1.9513953
4.5081917 0.77012254 1.9611691
4.5089843 0.76673896 1.9580766
4.510477 0.76787392 1.9565072
1.52327 0.32639 1.78125
4.5071223 0.76579345 1.9593611
4.5017701 0.76360396 1.9592831
4.5068919 0.7651193 1.9594604
4.508104 0.76626065 1.958603
4.5097096 0.76812205 1.9557435
4.5151779 0.77179716 1.9603131
4.8497426 2.0626497 0.4094637
4.8508698 2.0640417 0.40760967
4.8489098 2.06137 0.41771518
4.8393431 2.0596686 0.40858914
4.861128 2.0675104 0.41476811
4.8493088 2.0644094 0.41221578
2.03706 0.75451 0.6332
4.8486634 2.0645872 0.41003267
4.8597935 2.0610505 0.40597728
3.33407 1.68309 1.72758
1.8279173 2.3732072 4.3194867
1.8161377 2.3775488 4.3105737
1.8283262 2.3668265 4.3140671
1.8300311 2.3737922 4.3219304
1.8285739 2.373305 4.3176906
1.825844 2.3713638 4.3164167
1.8216968 2.3758959 4.3205313
1.8220961 2.3682317 4.3220065
1.8272898 2.3697076 4.3146867
1.8291405 2.3805014 4.3197987
1.8310591 2.3733844 4.3201797
1.8261986 2.3754743 4.3174708
1.819019 2.3723789 4.3170434
1.8205192 2.3724814 4.3185765
5.04626 2.18535 4.84085
1.8283532 2.3695244 4.32597
1.8306295 2.3831832 4.3238748
1.7939251 1.3041388 3.883942
1.8029961 1.3088425 3.8755986
3.20722 2.1041 5.03552
1.7859183 1.2928946 3.8833756
1.7987574 1.3068907 3.8738529
1.7994892 1.3046608 3.8859446
1.7997895 1.3054478 3.8863218
1.8031138 1.3045843 3.8808506
1.790881 1.3084465 3.8753191
1.7960448 1.3049996 3.8771681
1.7962848 1.30511 3.8782988
1.7938134 1.3042457 3.8755968
1.7948614 1.3051594 3.8759618
1.7927685 1.3011983 3.8673437
1.7992943 1.3015339 3.8771258
1.7925188 1.302715 3.8788777
1.7981926 1.3038306 3.8820451
1.8013251 1.3019317 3.8800385
1.8016748 1.3020192 3.882657
1.7855147 1.2986632 3.8794437
0.85562 1.97848 0.87331
1.7976025 1.3035419 3.8762678
1.94208 1.19196 5.18287
0.83528834 1.8000204 4.9991453
0.84922596 1.8064839 5.0170752
1.1613341 1.3191058 3.0154038
1.1653827 1.3225 3.0107294
1.175554 1.3214636 3.0093185
1.1674845 1.3272902 3.0076225
1.1621441 1.3220179 3.0080733
1.1560006 1.3331718 3.0179654
4.676717 1.4008643 2.822851
4.6796987 1.414013 2.8365759
4.6851843 1.4090003 2.8252441
4.686436 1.4049218 2.8280724
4.6864158 1.4060041 2.8323348
4.6798747 1.4039833 2.8361171
4.6849336 1.4073478 2.828949
4.6877781 1.4098975 2.8334997
4.6835778 1.4097318 2.8362931
4.6857025 1.4099699 2.8336217
4.6807868 1.4106193 2.8348693
4.6818888 1.4080061 2.8300034
4.6828235 1.4082672 2.8336083
4.6797183 1.4076298 2.8325851
4.6825401 1.4030237 2.8361461
4.6884113 1.4052941 2.8264161
4.0357974 1.8592131 2.4519621
4.0306935 1.8727719 2.4564554
4.0320968 1.8729988 2.4520805
4.0306162 1.8733716 2.4558667
4.0304165 1.8753865 2.4532036
4.0350985 1.8738886 2.45497
4.0322158 1.8737033 2.457046
4.031481 1.8714664 2.458274
4.0320615 1.871892 2.4567558
4.0367778 1.8787232 2.4590316
4.0351138 1.878726 2.4593709
4.0410785 1.8757953 2.4560114
4.0337047 1.8735602 2.451907
2.4129697 1.7005108 3.682248
2.4081947 1.7037792 3.6948896
2.4051288 1.6986072 3.692238
2.4047481 1.697884 3.6931912
2.4060429 1.6960867 3.6879955
2.4026107 1.6979572 3.6950289
2.4046042 1.6990199 3.6930902
2.3793446 1.747325 3.7821687
6.17124 1.0605 5.51486
2.4016628 1.7058664 3.6929377
2.4043875 1.6986434 3.6945401
2.4074989 1.6982208 3.6914232
2.4065618 1.7033264 3.6992237
2.4094121 1.6892748 3.6981537
2.4058192 1.6981667 3.6983214
2.4056881 1.7025181 3.6843363
2.3990233 1.7027582 3.6843073
1.8192616 0.83337866 2.179739
1.8147727 0.83512344 2.1844481
1.8186518 0.83513239 2.1742706
1.8100934 0.83297315 2.1830126
1.8206796 0.83242033 2.1822203
1.8187739 0.82515033 2.1831832
1.8189777 0.83396966 2.1805787
1.8176822 0.83203733 2.1812135
1.8190189 0.82547762 2.178524
1.8197953 0.83490912 2.1776465
1.8162852 0.83175359 2.1807467
1.8201778 0.83272751 2.1785242
4.5229481 0.75828802 1.9469432
4.5142634 0.7692224 1.9572825
4.5082857 0.76658487 1.9593621
4.5010174 0.76287798 1.971048
4.66139 1.62633 3.32956
4.5037635 0.76322942 1.9530325
4.5067155 0.76583227 1.95958
4.5080609 0.76626406 1.9615245
4.4896715 0.76489669 1.9672697
6.01475 0.7 5.24375
4.5104752 0.76700214 1.9601789
4.8500805 2.0619538 0.40899188
4.8528315 2.0618383 0.40950982
4.8484144 2.0617979 0.40864957
4.8531771 2.06543 0.41202474
4.8496979 2.0517043 0.4121295
4.8621133 2.0590301 0.42104393
4.8503897 2.0585042 0.41050261
4.8383377 2.066597 0.39710128
4.8496877 2.0572018 0.40408572
4.8484713 2.059181 0.40416922
4.8501066 2.059117 0.40671663
1.82833 2.3717805 4.3201789
1.8295329 2.3878567 4.3197512
5.64703 2.01717 0.07705
1.8410761 2.3713106 4.3233094
1.8324195 2.3719419 4.3246305
1.8312764 2.3706058 4.3214925
1.8318527 2.3756332 4.3270078
1.8209783 2.369034 4.3182836
1.8242164 2.3715568 4.3198158
1.8315477 2.3784065 4.3217727
1.8256601 2.3735439 4.3188091
1.8215008 2.3731803 4.3123948
1.8235523 2.371957 4.3150441
1.8266711 2.3734024 4.3178669
1.8422025 2.3659657 4.3270408
1.8304042 2.3708952 4.3197407
1.831855 2.3722516 4.321765
3.203392 2.3714924 2.2767176
3.2166543 2.3589202 2.2912867
3.2149498 2.3645316 2.2827113
3.2072173 2.3770684 2.2815008
2.92707 1.0011 4.57016
1.7915538 1.310402 3.8820081
1.7954515 1.3004443 3.8806948
1.7959579 1.3042421 3.8789683
1.7933551 1.3047072 3.8788515
1.7974868 1.3049859 3.8746989
1.7963539 1.3043722 3.8762423
1.7953422 1.3086433 3.8740608
1.7990019 1.3119277 3.8736293
1.8008525 1.3096988 3.8776043
1.7978354 1.3033276 3.8776516
1.7966173 1.3008332 3.8779453
1.7951823 1.3034405 3.8785216
1.7915706 1.291962 3.8757344
1.7987498 1.3033929 3.8786421
1.9480794 2.2446084 3.7393659
1.9699653 2.2491478 3.7370294
1.9668431 2.2499411 3.7425155
1.9696542 2.2327267 3.7432519
0.8463887 1.8065919 5.0114898
0.85006936 1.8043599 5.0110394
0.85118574 1.8065574 5.0127331
0.85580556 1.8062008 5.0101312
0.84591849 1.8035129 5.0137043
1.1641438 1.3259126 3.0216007
1.1469683 1.3273294 3.0139437
1.1734069 1.3207708 2.9958661
4.6977633 1.4071379 2.8271547
4.6893346 1.4063841 2.8355607
4.6769099 1.4045758 2.8309071
4.6821178 1.4068426 2.8351359
4.6817108 1.4044334 2.8345394
4.6844886 1.4073844 2.8328132
4.6835565 1.40705 2.8323674
4.6856723 1.4120202 2.8351517
4.6833466 1.4113073 2.8341647
4.6811966 1.407981 2.8383787
4.6821723 1.4078387 2.8318915
4.6777052 1.406401 2.8380004
4.6781738 1.4044069 2.833627
4.6780443 1.4088796 2.8303096
4.6798263 1.4012215 2.8341644
4.6781522 1.4141483 2.8418702
4.0228158 1.8687124 2.4605547
4.0288471 1.8695508 2.4614472
4.0327441 1.8703594 2.4544521
4.0322908 1.8761416 2.4579355
4.0339417 1.8725935 2.4573063
4.0245691 1.870227 2.4552971
4.0259905 1.8714058 2.4565025
4.0324398 1.8760639 2.4551904
4.0280967 1.8747745 2.454812
4.0295736 1.8718144 2.45767
4.0305214 1.8796106 2.4641474
4.0279963 1.8736908 2.4647086
4.0258154 1.8778933 2.4615756
2.06759 0.64495 1.80736
2.4061131 1.7040733 3.7024183
2.4025887 1.7060349 3.6865103
2.401645 1.7019765 3.6831578
2.410432 1.6929975 3.6928819
2.4107876 1.7046683 3.6966131
2.4108405 1.7054382 3.6959443
2.4056001 1.702822 3.6943765
2.4086364 1.7046708 3.6940794
2.4035528 1.7036226 3.6868407
2.4066483 1.7060198 3.6977902
2.4066647 1.7012433 3.6914859
2.3988843 1.7104187 3.6974836
5.14187 2.58711 1.3794
2.4026303 1.6970967 3.6844787
2.4061173 1.7070227 3.6947372
1.8161929 0.83612138 2.1866261
1.8208386 0.83377255 2.1785423
1.819076 0.83476103 2.1820433
1.8157029 0.83397691 2.1851115
1.8175166 0.8235 2.1750546
1.8178356 0.83038968 2.181309
1.8171126 0.82502345 2.1833356
1.8206526 0.83314385 2.1834199
1.8167314 0.83384027 2.1757376
1.8211613 0.82821637 2.1832973
1.8035189 0.82954954 2.1907651
1.8038908 0.83135541 2.1924477
1.820174 0.82981244 2.177606
4.5088704 0.76591001 1.9559916
4.5065501 0.76375725 1.9628416
4.5068928 0.76470533 1.9622735
4.5023902 0.77151848 1.9648262
4.5065906 0.76718614 1.9598465
4.5058094 0.76731962 1.9608893
4.5102651 0.76446592 1.9533648
4.5148855 0.76752107 1.954988
4.5060726 0.76042732 1.9636068
4.5213516 0.7717623 1.9415458
4.8518172 2.0588336 0.40696781
4.8470981 2.0643516 0.40708395
4.8471755 2.0610889 0.40336366
4.849171 2.0599321 0.40776698
4.8492361 2.0627108 0.40859426
4.8485284 2.0630889 0.40788052
4.8553145 2.0557977 0.41115973
4.8502728 2.058181 0.40269185
4.8490023 2.061041 0.40693038
4.8533028 2.063952 0.40815475
4.8507434 2.0624107 0.408971
4.8545623 2.0641909 0.41113702
1.8232211 2.3727071 4.3141474
1.824965 2.3702692 4.3094526
1.8268408 2.3701058 4.3132321
1.8285106 2.3721684 4.3194346
1.8269115 2.3726305 4.3194423
1.8244828 2.3710244 4.3187941
1.827022 2.3713959 4.3198696
1.8276635 2.3721487 4.3199722
1.8247413 2.367872 4.3230873
1.8201328 2.3737433 4.3131516
1.8251417 2.3728589 4.3194999
1.8257567 2.36946 4.3156656
1.8232073 2.3771288 4.3055617
1.8235317 2.3766327 4.3054026
1.8300339 2.369794 4.3233132
1.8281277 2.3723318 4.319414
1.8286375 2.3720487 4.3198125
3.2157942 2.3654866 2.2849012
3.2226382 2.3651064 2.2873396
3.2157766 2.3668232 2.2832887
3.2221431 2.3672254 2.2941564
3.2159599 2.3694299 2.2798799
5.06384 0.80785 1.5892
1.7978916 1.3150869 3.8724169
1.795574 1.3039213 3.878482
1.7980833 1.3037129 3.8808434
1.796824 1.3012193 3.879037
1.7937117 1.3034355 3.8774937
1.7919571 1.3059874 3.8783142
1.7974197 1.3043314 3.8784669
1.7871852 1.3092065 3.8733531
1.7889817 1.2981229 3.8738659
1.7959599 1.3055897 3.8781737
1.7954292 1.3041189 3.8779535
1.9707967 2.2346391 3.7492713
1.967774 2.2502705 3.737816
1.9569631 2.2460261 3.742198
1.9684345 2.2538797 3.7416468
1.9657377 2.2529663 3.7422697
1.9783263 2.2491728 3.7595453
4.62816 0.98888 5.17743
0.84421079 1.8068281 5.0150649
0.8437516 1.8075462 5.0154543
0.84568182 1.8061484 5.0131171
0.8440609 1.8058693 5.0117927
0.83885224 1.8106661 5.0099649
4.64776 1.99748 2.01681
5.29355 0.94175 0.44731
4.6960302 1.4028264 2.826191
4.6845642 1.4080275 2.8277542
4.6812837 1.3972628 2.8287575
4.6811757 1.4051041 2.8324381
4.6819997 1.4049798 2.8316916
4.682169 1.4041594 2.8299329
4.6886077 1.4080471 2.8297576
4.6831329 1.4035881 2.8307914
4.6901398 1.404487 2.8342537
4.687363 1.4012367 2.8364997
4.6812211 1.4051384 2.8336997
4.6794985 1.4094343 2.8376385
4.6863068 1.4152431 2.8310546
4.6881998 1.413835 2.831841
4.6822967 1.406779 2.8329183
4.6757358 1.4154006 2.8415759
2.51491 0.78697 2.82122
4.0284642 1.8657791 2.4511396
4.025766 1.8729658 2.4531558
4.0286366 1.8695801 2.4607815
4.0346013 1.872802 2.4549739
4.023283 1.8793154 2.4550174
1.93284 1.94857 0.56119
4.0302563 1.8772385 2.4571718
4.0310188 1.8740992 2.4593262
4.0315699 1.8736833 2.4551318
4.0311216 1.8727239 2.4558718
4.0244576 1.8732975 2.4557685
4.031199 1.873881 2.4557333
4.0317362 1.8735145 2.4561715
2.4021959 1.7000871 3.694261
2.4028314 1.6999041 3.6863122
2.3966702 1.7007196 3.6887924
1.50039 1.03283 3.83941
2.4054006 1.6959515 3.6835847
2.3956242 1.6983768 3.6845365
2.3926304 1.6975183 3.691438
2.3942329 1.696506 3.687023
2.40264 1.6948 3.6922506
2.4075715 1.7102335 3.6921735
2.4026074 1.7025058 3.6864985
2.4048581 1.6985045 3.6982301
2.4056152 1.6986887 3.692934
3.98901 1.91258 2.61122
1.8214779 0.83338149 2.177289
1.8128097 0.83252617 2.1812694
1.8078213 0.83120784 2.1896835
1.8117003 0.82604363 2.1812756
1.8137855 0.82869492 2.1785345
1.8236464 0.82092907 2.1723468
1.8283411 0.82855075 2.1786804
1.8133309 0.83047241 2.1898195
1.8254285 0.83404557 2.1777196
1.8161948 0.83332601 2.1764532
1.8189119 0.83137656 2.1791995
1.8163246 0.83317845 2.1826412
1.8087281 0.8272955 2.1856287
1.819448 0.83215995 2.1784367
4.51702 0.77145059 1.9546826
4.5089888 0.76622282 1.9592122
4.5085198 0.76345289 1.9573988
4.4985582 0.76877099 1.9616984
4.5006189 0.77206632 1.964872
4.5101185 0.77050804 1.9549414
4.5041504 0.76235123 1.9657847
4.5014808 0.76364129 1.9660854
4.5088352 0.76400869 1.9604568
4.8442932 2.0740302 0.41649377
4.8467893 2.0600323 0.40452912
4.8577067 2.0644128 0.40944688
4.8513904 2.0574922 0.41305367
4.849096 2.0647061 0.40927133
4.8569611 2.0657903 0.41499846
4.8473145 2.0584202 0.41096124
4.8504257 2.0649075 0.40563181
4.8452172 2.0636516 0.4028803
4.8495964 2.0620601 0.40866299
4.8517982 2.0605611 0.41028779
4.8449076 2.0693845 0.40722974
5.96532 0.37344 2.79915
1.8221996 2.3682586 4.312221
1.8341454 2.36887 4.3202394
1.8253976 2.3737083 4.3148461
1.8268042 2.3715773 4.3131513
1.8291577 2.3728372 4.3211174
1.812857 2.3660736 4.3048203
1.8116722 2.3673163 4.3114837
1.8296611 2.3710189 4.3246415
1.8265271 2.3696253 4.3249366
1.8266539 2.3721737 4.3176757
1.8261759 2.3707875 4.3162159
1.8250033 2.375123 4.3142215
1.8307168 2.3735506 4.3197144
1.8279463 2.3764287 4.3156962
1.8291893 2.3688514 4.316534
1.8283678 2.3744377 4.3214658
1.8312916 2.3737218 4.3239286
3.216743 2.3642207 2.2842575
3.2126758 2.3641577 2.2801513
3.2158169 2.3665185 2.2790501
3.2236983 2.3654901 2.2952333
3.212598 2.3690708 2.2813393
3.2220273 2.3693325 2.2836863
3.2194865 2.3738062 2.285315
1.7969048 1.3032617 3.8658638
1.7967819 1.2982409 3.8756044
1.7938428 1.302427 3.8788385
1.7967892 1.2987192 3.8801977
1.797901 1.3013056 3.8860845
1.7916576 1.3089394 3.8868068
1.7994871 1.3124653 3.8811522
1.793401 1.2964457 3.8830546
1.7987119 1.3017014 3.8787167
1.9653626 2.2431769 3.7437139
1.9662316 2.2415605 3.7433393
1.9633402 2.2517516 3.7431711
1.9654302 2.2449645 3.7448814
1.9733178 2.2521248 3.7508023
1.97338 2.2476598 3.7471981
1.9762299 2.2407447 3.7412885
0.84336788 1.8072884 5.0006746
0.84668159 1.808678 5.0120271
0.84419789 1.8077662 5.0101921
0.84746821 1.803506 5.0151447
0.8432625 1.804958 5.0112363
0.84684336 1.8060311 5.0173814
0.84535018 1.8084156 5.0132571
4.6897276 1.3967758 2.8372372
4.6842594 1.406418 2.8381275
4.6833148 1.4065589 2.8323561
4.6920505 1.3991858 2.8282387
4.6821595 1.4058284 2.8321974
4.6823938 1.4062872 2.832068
4.6851321 1.4027327 2.8340341
4.6859157 1.413699 2.8420733
4.6777294 1.4085705 2.8312174
4.6762661 1.4026677 2.8333922
4.6800138 1.4008531 2.8425121
4.6837931 1.3992496 2.8381078
4.6820906 1.4091854 2.8344892
4.6794114 1.4031079 2.8341572
4.6830613 1.4064812 2.8322725
4.6824982 1.4068806 2.8319971
4.0280898 1.8725418 2.4473017
4.0210589 1.8714683 2.4629643
4.0255455 1.8665566 2.4591988
4.0258219 1.8710524 2.4501148
4.0369114 1.8660116 2.4558362
4.0256435 1.8723587 2.4537609
4.0277863 1.8725773 2.4572298
4.0256602 1.8734184 2.4510203
4.0301472 1.8739407 2.4558471
4.0262242 1.8784228 2.4554543
4.0267863 1.8841238 2.4555678
4.030986 1.8711883 2.456439
4.030193 1.8729055 2.4550342
4.0292155 1.8773983 2.4523947
4.0252179 1.8808092 2.4639897
5.81265 1.10969 3.05587
2.4060186 1.6966016 3.6921514
2.4039553 1.6998559 3.6919405
2.4004672 1.6932182 3.7054692
2.3948392 1.6999151 3.688852
2.3998125 1.6987898 3.6849772
2.4042732 1.6987371 3.6931406
2.4067619 1.700501 3.6941725
2.4039852 1.7006054 3.6900139
2.4100686 1.7080149 3.6963818
2.4127182 1.6972059 3.6886293
2.4093817 1.7112073 3.6900741
1.8153614 0.83328785 2.1830929
1.8192244 0.83435677 2.1808533
1.8176281 0.83149497 2.1805766
1.8170862 0.8373738 2.1783373
1.8282741 0.83266534 2.1776724
1.8188012 0.83308039 2.1795438
1.8201259 0.83268693 2.1775633
1.8169751 0.83244398 2.1860776
1.8144502 0.83088334 2.1844555
1.8175117 0.83186342 2.182743
1.809214 0.83456673 2.1920202
1.8126912 0.83529542 2.1905665
1.8162029 0.83150774 2.1811412
1.8178157 0.83075255 2.1849823
1.8201661 0.83471809 2.1767898
1.8154827 0.83646579 2.1797069
4.5084592 0.76607676 1.9586051
4.5019597 0.76609624 1.9687872
4.5090526 0.7613997 1.9569727
4.5056784 0.76450095 1.9553897
4.5074467 0.76617008 1.9585576
4.509651 0.76601093 1.9596334
4.5140159 0.76755444 1.9508571
4.5154546 0.76216742 1.9510994
4.8490448 2.0549969 0.42201932
4.8496163 2.0662342 0.40765188
4.8476701 2.0619877 0.40782674
4.8585393 2.0588122 0.41585842
4.8588723 2.0617749 0.4160329
4.8437613 2.0592564 0.40856731
5.43356 1.49958 0.6429
4.841913 2.0605371 0.4036231
4.8477487 2.0620605 0.4079568
4.8509318 2.0634624 0.40729365
4.850263 2.0610932 0.40952123
4.8493217 2.0647877 0.4054816
4.8503047 2.0645118 0.4064567
4.847346 2.0671426 0.400104
1.8234348 2.3744348 4.3196872
1.8285237 2.3678544 4.3245485
1.8254733 2.365872 4.3181928
1.8227212 2.3776503 4.3100375
1.8357859 2.3761309 4.3185752
1.8171571 2.36623 4.3014637
1.8091689 2.3770626 4.302485
1.8205291 2.3807098 4.315075
1.8275439 2.3727 4.3180125
1.8269682 2.3728245 4.3179007
1.8257059 2.3718224 4.3191253
1.8366755 2.3729305 4.3226308
1.836347 2.3746268 4.32743
1.8247424 2.373624 4.3148095
1.8337762 2.3730705 4.3217184
1.8303324 2.3729679 4.3145425
1.8276821 2.3726204 4.3190012
5.54101 1.41082 0.83398
3.2163236 2.3667043 2.2884445
3.2219713 2.3628474 2.2876748
3.2063052 2.3643235 2.2802502
3.2224613 2.3663368 2.2893702
3.2159589 2.3604358 2.2871289
3.2214276 2.3627662 2.2948047
3.2202131 2.3637179 2.2795943
1.7981717 1.3041533 3.8737478
1.7932931 1.2989352 3.8782409
1.7915323 1.2975168 3.8837773
1.7915144 1.3082149 3.8839257
1.7930344 1.3058983 3.8878638
1.8033056 1.3062811 3.8690342
1.958902 2.2533131 3.7395744
1.9634349 2.2411599 3.7347655
1.9632281 2.2529469 3.7355807
1.9660952 2.2382468 3.7433184
1.9598866 2.241217 3.74447
1.9638163 2.241771 3.7413279
1.9664992 2.2404536 3.7443457
1.9595168 2.2460385 3.7389774
1.9555563 2.2545348 3.7295292
0.85044178 1.8068123 5.0145077
0.84051867 1.8003709 5.0047387
0.85122063 1.8050254 5.0171205
0.84929702 1.8085672 5.0163393
0.84426931 1.8058727 5.0118937
0.84594539 1.8081903 5.0178688
0.84586123 1.8125454 5.0101062
0.84496305 1.8045777 5.0134589
4.6820541 1.4059555 2.83186
4.6830071 1.4062494 2.8321892
4.6901344 1.4115403 2.8417992
4.6860028 1.4069093 2.8357154
4.6855743 1.4092843 2.8320659
4.6833851 1.4067956 2.8323953
3.736 1.05269 3.50894
4.6834062 1.4037464 2.8313509
4.6801017 1.4086357 2.8316052
4.6834146 1.4120267 2.8317007
4.682434 1.411447 2.8376622
4.6814608 1.410747 2.8329552
4.6820072 1.4029733 2.838667
4.6817244 1.4070154 2.832463
5.01821 1.25319 3.67417
4.0369532 1.8776674 2.4585927
4.0325161 1.8726732 2.4571037
4.0332484 1.8651564 2.4593248
4.032675 1.8743811 2.456588
4.0348459 1.86983 2.4495941
4.033702 1.8778636 2.4538805
4.0302188 1.8750996 2.455314
4.0337974 1.8723298 2.4551808
4.0266878 1.880273 2.4462384
4.0273093 1.8741671 2.4523256
4.0214005 1.8843516 2.4552405
4.0251559 1.8702352 2.4525935
4.0285749 1.8713349 2.4496959
4.0295127 1.8621055 2.4579195
4.0256169 1.8625364 2.4571054
4.034587 1.8743751 2.457914
2.4064663 1.6939792 3.6977465
2.402667 1.6977112 3.6914015
4.86785 1.52103 3.57363
2.3986991 1.6944633 3.6900991
2.3990132 1.7086066 3.6862816
2.4049523 1.6918706 3.6934834
2.4052612 1.7000473 3.6941681
2.4044872 1.6984495 3.6908064
2.4046347 1.6993641 3.6921035
2.4021214 1.6950693 3.6882151
0.71679 1.66187 0.68004
0.77059 0.65877 4.09496
1.8291441 0.83618308 2.1629514
1.8060627 0.83534319 2.185888
1.8189239 0.83522039 2.1773514
1.8268824 0.83202587 2.1810718
1.8149184 0.82796893 2.1843958
1.8193941 0.82896633 2.1876017
1.8124596 0.82732049 2.1849102
1.8165178 0.83758635 2.1773724
1.8083104 0.83999732 2.189081
1.8119763 0.83755184 2.1907063
1.8148999 0.8333333 2.1810171
1.8187703 0.83727423 2.1832769
1.820035 0.830405 2.1825487
1.8210053 0.82401415 2.1720566
1.8195992 0.82560534 2.1676426
4.5071669 0.76753321 1.9596479
4.5055098 0.77285297 1.9622888
4.5095103 0.76849705 1.954959
4.5026531 0.76558476 1.9645167
4.506379 0.7626507 1.9567217
4.5044079 0.76388465 1.9582272
4.5007442 0.76821886 1.9665389
4.8497501 2.063581 0.40224318
4.8536837 2.0627589 0.4078654
4.849816 2.062041 0.40868019
4.8478108 2.0571051 0.40791434
4.843421 2.059011 0.40609645
4.8496321 2.0621087 0.4086458
4.8411145 2.0647994 0.40072752
4.8508103 2.0757859 0.40985088
4.8477041 2.0597004 0.40945453
4.8455295 2.0617103 0.4049291
4.8440081 2.0627012 0.40849675
4.8432132 2.0627597 0.40504716
4.8511082 2.0644818 0.4077095
4.8582584 2.0653935 0.40284841
1.61121 1.75802 0.27611
1.8344864 2.3742214 4.3326709
1.8261058 2.3716 4.3183873
1.8310348 2.3739528 4.3197928
1.8293197 2.3745258 4.3199912
1.8255726 2.3789236 4.3139038
1.823636 2.3604098 4.3151369
1.8285169 2.371733 4.3222774
1.8278899 2.37252 4.3122206
1.8289444 2.3729023 4.312745
1.8273821 2.3724076 4.3185863
1.8295928 2.371241 4.3222888
1.8267611 2.3738256 4.317578
1.8303329 2.3678973 4.3221953
1.8324587 2.3728806 4.3264405
1.8263237 2.3719154 4.316555
1.8324564 2.3704244 4.3175234
1.8274166 2.3723231 4.3183647
3.2224554 2.364737 2.2922392
3.2143016 2.3678932 2.2837359
3.2169546 2.370156 2.2891922
3.2067974 2.3661054 2.2804213
3.2144941 2.3595712 2.2855561
3.2185054 2.3640644 2.2906273
3.2202998 2.3700017 2.2835833
3.2129495 2.3679994 2.2859179
3.2167885 2.3645514 2.285853
1.7947466 1.3044332 3.8748814
1.7905668 1.3082551 3.8814596
1.788408 1.3040476 3.8828494
1.7896094 1.3017246 3.8794648
1.9642721 2.2444536 3.7435523
1.9655447 2.244012 3.7439196
1.9752931 2.244433 3.7441466
3.066 1.53624 1.65026
1.9666301 2.2441049 3.7457805
1.9648157 2.2514304 3.7488082
1.9659781 2.2400691 3.7434133
1.9647221 2.2420103 3.7431579
1.966881 2.2416684 3.743241
0.85106082 1.8088425 5.0169512
0.85265727 1.8090123 5.0134441
0.84000089 1.8031457 5.0036683
0.84982558 1.8001027 5.0079103
0.85331782 1.8056607 5.0075968
0.84130979 1.8129635 5.0189514
0.84106176 1.8030756 5.0128314
0.83685875 1.8124634 5.0077799
0.84592028 1.806238 5.0119129
0.85539552 1.8098833 5.0143678
4.98461 1.93363 1.24793
4.6884674 1.4162783 2.8397571
4.6853711 1.4072502 2.8311948
4.6837846 1.4084661 2.8328776
4.6848965 1.4116717 2.8353577
4.6839309 1.403039 2.8313343
4.6850322 1.4022148 2.8324357
4.6846722 1.4067172 2.8263267
4.6854635 1.4058317 2.8282882
4.6814467 1.407962 2.8301471
4.6805562 1.4025214 2.8332713
4.6818608 1.4076302 2.8429485
4.6812588 1.4149142 2.8382577
4.6826461 1.4127835 2.8324864
4.0357012 1.8738738 2.4569433
4.0311315 1.873536 2.4551526
4.0337244 1.8723281 2.4566427
4.0388885 1.8681226 2.4610935
4.030963 1.8673008 2.4601687
4.0313418 1.8730777 2.4557577
4.0181804 1.8695903 2.4531109
4.0229584 1.867401 2.4604242
4.0258525 1.8770912 2.4437027
4.0253296 1.8748305 2.4526083
2.47032 1.07046 4.50138
4.0289111 1.8660869 2.4602669
4.0310925 1.8723842 2.455982
4.029083 1.8730784 2.4537985
4.0269268 1.8723756 2.4543398
4.0313406 1.8733921 2.4564433
4.9366949 2.7149126 5.1014769
4.940144 2.7198364 5.1050525
2.85251 2.51695 5.81744
1.47904 1.25515 1.43716
4.941647 2.7305163 5.1018547
5.47185 0.85028 4.77676
4.9405109 2.7164444 5.1115512
4.9438027 2.7183636 5.1080908
4.9234914 2.7160177 5.100058
4.9387236 2.707383 5.1022644
1.8330857 0.84222636 2.1700098
1.8205507 0.83198829 2.1785683
1.8265819 0.83299448 2.1742589
1.806708 0.83619938 2.186146
1.8220662 0.84296441 2.1754166
1.8250073 0.83728163 2.1732381
1.8178216 0.83409367 2.1831986
1.8250054 0.83515869 2.1777763
1.8137357 0.83325605 2.1839526
1.8199562 0.83337079 2.1752146
1.8278821 0.8324369 2.1690203
1.8274464 0.83266693 2.1732305
1.822377 0.83734914 2.1707862
1.8241632 0.84004853 2.1716729
1.8120581 0.83276364 2.1878955
1.8124241 0.83938995 2.1866709
1.8215717 0.82871665 2.1783797
4.5090148 0.7733182 1.9512948
4.5067656 0.76616658 1.9609679
4.5090415 0.76663694 1.9589823
4.51017 0.76816324 1.9578489
4.5084873 0.76682475 1.9581831
4.5123935 0.77213358 1.9660877
4.8483063 2.0603756 0.40599072
4.8465946 2.0611299 0.40624361
4.8455723 2.0618783 0.40488665
4.8484516 2.0611615 0.40797781
4.852912 2.0606641 0.41010031
4.8480883 2.0603901 0.40027605
4.8531924 2.0599998 0.40150011
4.8557054 2.067804 0.40874271
4.843782 2.0638315 0.41266257
4.8517914 2.0621725 0.41436923
4.847349 2.066086 0.40758539
4.8528593 2.0594822 0.40939176
4.8580654 2.0704443 0.41913305
4.8533534 2.0699948 0.40799526
4.8545325 2.0574754 0.41004143
4.8528608 2.0586342 0.41154374
1.83843 2.380283 4.3217256
1.8278077 2.3712222 4.3165691
1.8229514 2.3707962 4.312161
1.8293767 2.3761593 4.318462
1.8291777 2.3771419 4.3218116
1.8205107 2.3634925 4.3078442
1.8345746 2.372645 4.3211418
1.8271007 2.3726092 4.3183326
1.8245652 2.3750913 4.3160918
1.826465 2.3715198 4.3189933
1.8277058 2.3688663 4.3189448
1.8254284 2.3707807 4.3151128
1.8338467 2.3712336 4.3222687
1.8269563 2.3767168 4.3147995
1.8221287 2.3707638 4.3156269
1.8277063 2.3706972 4.3213449
1.8275955 2.3716582 4.3195014
1.8469226 2.3821415 4.3319804
3.2148984 2.3676771 2.2764418
3.2167436 2.3634731 2.2850182
3.2089255 2.3641732 2.275892
3.2200759 2.3680932 2.286381
3.2157093 2.3704325 2.276848
3.2060714 2.3641776 2.2706777
3.2111215 2.3645844 2.2830283
3.2167001 2.3678002 2.2819108
3.2179314 2.3659706 2.2858024
1.7956671 1.3051437 3.8785133
1.7954316 1.3013657 3.8779717
1.9629034 2.2433774 3.7474624
1.9646531 2.2416941 3.7445002
1.9651785 2.2429032 3.7447042
1.9739227 2.2455347 3.7450533
1.9673786 2.2377329 3.7569218
1.9641701 2.2526442 3.7484142
1.9712469 2.251823 3.7447874
1.9615695 2.2422925 3.742123
1.9676421 2.244946 3.7393727
1.74565 2.39817 3.55585
0.84255139 1.8030315 4.9990813
0.84399432 1.8037811 5.011906
0.84517232 1.8039484 5.0124834
0.8432941 1.8040696 5.0091887
0.84414732 1.8061701 5.0085306
0.83899983 1.814232 5.0177403
0.83746765 1.8090043 5.0161172
0.83504585 1.8063611 5.0128606
0.83891427 1.8111447 5.0155018
0.84712457 1.8063964 5.0186851
0.84502961 1.8039851 5.0076637
4.6907902 1.4105046 2.8211496
4.6823722 1.4033205 2.8359276
4.6799906 1.4028427 2.8341935
4.6841774 1.4124343 2.8339852
4.680212 1.4025808 2.8321256
4.6846341 1.4013534 2.831265
4.6761855 1.4114891 2.8386996
4.6748353 1.4087222 2.8372124
4.6800831 1.4065461 2.8301021
4.6833883 1.4054224 2.8319705
4.679695 1.4047927 2.8320385
4.6799994 1.4050415 2.8318896
3.2718 1.59126 0.52685
4.0362295 1.8713164 2.4593406
4.0316293 1.8728268 2.4561748
4.0333977 1.8716576 2.4630972
4.0371387 1.8757309 2.4547956
4.0316864 1.8725674 2.4559857
4.0316788 1.872702 2.4561538
4.0280012 1.8623252 2.4499512
4.0231679 1.8629606 2.4552728
4.0315177 1.8777315 2.4470452
4.0313135 1.8724384 2.4547374
4.0260791 1.8660243 2.4457557
4.033993 1.865817 2.4492672
4.0282558 1.8726921 2.4656078
4.0261069 1.8650391 2.4635757
4.0314811 1.8609054 2.4565476
4.0273707 1.875485 2.4572691
4.9180667 2.7187133 5.0907624
4.9389121 2.7262328 5.1017905
4.9269598 2.723934 5.0997646
4.9477474 2.7123904 5.1079713
4.9315691 2.7210666 5.1009627
4.9529984 2.7122375 5.1057825
4.9251982 2.7204949 5.0958256
4.9305259 2.7205118 5.0909576
4.9311565 2.7207722 5.094751
4.9327593 2.7239962 5.1027896
3.90467 0.50511 2.16313
1.8173241 0.83103201 2.1718604
1.8175192 0.83485491 2.1761189
1.8190041 0.8334341 2.1793308
1.8266671 0.83623401 2.1751389
1.8177456 0.83914019 2.1819072
1.81916 0.83321297 2.1789653
1.812535 0.83686871 2.1825275
1.8154097 0.83227218 2.183188
1.8141961 0.8354128 2.1881722
1.8205927 0.82773867 2.1813971
1.8200744 0.83263427 2.1791467
1.8214338 0.83899829 2.1728686
1.8198425 0.83048936 2.1806577
1.818516 0.83194857 2.1824122
1.8306502 0.83966139 2.1747034
1.8302396 0.84073396 2.1684893
4.5105208 0.76793889 1.9550808
4.5063488 0.77448973 1.9634638
4.4987998 0.77097444 1.9597301
4.5051969 0.76902488 1.9645151
4.5104159 0.76906626 1.9425797
4.859829 2.0618125 0.40816194
4.8457723 2.0598782 0.40245535
4.8448306 2.063967 0.40640221
4.848277 2.0625235 0.40756277
4.8510896 2.0643454 0.4073168
4.8503574 2.0649881 0.40855036
4.8476383 2.0677374 0.41164539
4.8513964 2.0694372 0.41198944
4.8498721 2.0623636 0.40854514
4.8397774 2.0626839 0.40550215
4.8416937 2.0623712 0.408229
4.849475 2.0622334 0.40863277
4.8500459 2.0622488 0.40901106
4.87737 2.35494 3.22264
4.8543255 2.0546811 0.41455902
4.8517773 2.0624194 0.40940882
4.8508468 2.066821 0.40905887
1.8235471 2.3703393 4.3246041
1.8197815 2.3689818 4.3147698
1.8254819 2.3697856 4.3209817
1.8252193 2.3745715 4.3161317
1.825717 2.3714432 4.3189523
1.8258938 2.3728427 4.3182194
1.8274959 2.3750246 4.3154982
1.8240423 2.3722919 4.3181613
1.8238795 2.3751781 4.3104876
1.8324187 2.3758952 4.3219449
1.8265513 2.3718407 4.3189204
1.8234054 2.369523 4.3136495
1.8240987 2.370802 4.3191276
1.8293135 2.3721544 4.3161141
1.8280934 2.3738179 4.320677
1.8285251 2.3721088 4.3161811
1.8278275 2.368796 4.3172827
1.8267345 2.3826276 4.3184465
3.2153623 2.3584915 2.273871
3.2203298 2.3540749 2.2891087
3.2160276 2.3679336 2.2906545
3.2252092 2.3674016 2.2918024
3.2116381 2.3593691 2.2837512
3.217435 2.361096 2.2887111
3.217226 2.3602456 2.2898076
3.2130592 2.3696315 2.2830669
3.2116849 2.3672278 2.284455
3.2213582 2.3559337 2.2976127
1.9571363 2.2380268 3.747354
1.9686275 2.2471407 3.7542061
1.9519736 2.2331536 3.7347276
2.63779 0.46576 2.24125
1.9652242 2.24354 3.7448782
1.9625294 2.2443228 3.7426173
1.959614 2.2386301 3.7376286
1.9740283 2.2386268 3.7533245
1.9741808 2.2399183 3.7545185
1.966779 2.2394507 3.743186
0.84542682 1.8056741 5.0125814
0.84478956 1.8054067 5.0142941
0.84085048 1.8102217 5.0082811
0.84001673 1.8076004 5.0133331
0.84002104 1.8056406 5.0076671
0.84589869 1.8039359 5.0092276
0.84639563 1.8100986 5.0054114
0.84711258 1.8043221 5.0148659
0.8501913 1.8055066 5.011505
0.84866863 1.8083059 5.0140171
0.84732394 1.8078468 5.0123777
0.84760562 1.8070865 5.0132985
0.84705884 1.8074763 5.012338
4.6821784 1.4058563 2.8322507
4.6832155 1.4026027 2.829715
4.682396 1.4069817 2.8320323
4.6828489 1.40708 2.83172
4.6836078 1.4023125 2.8290091
4.6836233 1.4029442 2.8408839
4.674547 1.4107053 2.8418852
4.6746007 1.4132061 2.8320031
4.6816 1.4064148 2.8318892
4.6815297 1.4060458 2.8320161
4.6816413 1.4061572 2.8363744
4.6702583 1.4056332 2.8427279
0.70811 2.17246 1.62803
4.0257547 1.8773959 2.4530913
4.0363599 1.8695011 2.4616271
4.0224125 1.875721 2.4544459
4.0246332 1.8651734 2.4479396
4.0360922 1.8692215 2.4512926
4.0328416 1.872458 2.4572864
4.0334956 1.8756525 2.4573684
4.0322952 1.8723587 2.454214
4.0329452 1.866492 2.4485746
4.0315973 1.8650663 2.4504224
4.0338647 1.8711065 2.4590142
4.0389255 1.8743916 2.4530531
4.0438967 1.8754735 2.4638102
4.042683 1.8661884 2.455822
4.9454039 2.7196663 5.1097998
4.27654 1.0525 2.95931
4.9567388 2.7185064 5.131948
4.9402906 2.7199348 5.1038155
4.9520365 2.7241623 5.1096892
4.9298876 2.7205561 5.0972492
4.9529287 2.7160701 5.119624
4.9443913 2.7206463 5.1105355
4.9315999 2.725344 5.097339
4.9276142 2.7186983 5.0942695
4.9407026 2.7216056 5.1063763
4.941663 2.7358332 5.1093802
1.8153763 0.84106755 2.1695058
1.8114818 0.83831738 2.1843718
1.8176539 0.8300749 2.1766369
1.8249639 0.8281912 2.179194
1.8165378 0.82731071 2.1821374
1.8186369 0.83510558 2.1790197
1.820656 0.84360446 2.1850088
1.8197589 0.83335853 2.1898221
1.8146186 0.83677354 2.1843409
1.8137475 0.83812849 2.1871344
1.8138915 0.83765551 2.1866829
1.8215217 0.83151151 2.1839749
1.8191114 0.83097762 2.1810999
1.8125643 0.82745223 2.1854971
1.8168398 0.82935466 2.1784308
1.812593 0.83002808 2.1792833
4.5086428 0.76521488 1.956197
4.500336 0.77305914 1.964537
4.4932663 0.76668518 1.9704651
4.5069125 0.77054817 1.9628953
4.8470567 2.0592827 0.40864793
4.8465818 2.0618695 0.41037998
4.8528302 2.059614 0.4093411
4.845299 2.0630524 0.40652726
4.8484141 2.0617083 0.40766383
4.8516478 2.0618778 0.41011265
4.8494923 2.0623325 0.41025845
4.8495695 2.0619798 0.40935679
4.845903 2.0578377 0.40653104
4.843992 2.0604244 0.40454555
4.8460763 2.0626025 0.40252896
4.8496771 2.0620684 0.40884067
4.8568284 2.061241 0.4258388
3.16483 2.08936 2.21776
4.8582656 2.0632261 0.4253043
4.8522008 2.0597643 0.40689776
4.853783 2.0609065 0.40779784
4.8602806 2.057799 0.41868672
1.8245152 2.3752605 4.3091432
1.8215245 2.3728796 4.3193805
1.8254176 2.3686396 4.3205506
1.8308769 2.3730507 4.3246417
1.8279989 2.3723688 4.3190286
1.8302638 2.3711003 4.3200405
1.8323407 2.3758054 4.3238763
1.8279021 2.366594 4.3144358
1.8228327 2.3756983 4.3100796
1.8310151 2.3716101 4.3241447
1.8227764 2.3724372 4.3154471
1.8239305 2.3724722 4.3163197
1.8210049 2.3715539 4.3135029
1.8299175 2.374005 4.3204061
1.8283343 2.373128 4.319382
1.8248788 2.3735412 4.3164649
1.8265758 2.3685811 4.3139347
1.8309735 2.3697229 4.3091302
3.2342884 2.3665202 2.2910415
3.2328457 2.3685788 2.296698
3.2173233 2.365904 2.2865274
3.2217789 2.364875 2.2910834
3.2107251 2.3664406 2.2820106
3.2112265 2.3595823 2.2823456
3.2164974 2.3615931 2.2895982
3.2157535 2.3675119 2.2832491
3.2182981 2.3643804 2.293298
3.2186479 2.3624321 2.2916964
1.9605014 2.2499769 3.7430773
1.9678653 2.2503142 3.7472542
1.9681498 2.2365692 3.7384204
1.9571395 2.2421924 3.7399331
1.9585294 2.2515371 3.7380409
1.9541082 2.2510224 3.7380281
1.9550446 2.2477294 3.7435943
1.9675259 2.2408531 3.7380847
1.9598243 2.2458487 3.7398407
1.9696141 2.2395152 3.7521598
0.84080488 1.804625 5.007829
0.844032 1.8086176 5.0116016
0.84162942 1.8094725 5.0077149
0.84094443 1.8053905 5.0162679
2.00089 0.93321 4.92113
0.84106812 1.8039625 5.0166444
0.8414067 1.7990994 5.0089618
0.84418463 1.8045241 5.0083144
0.84417615 1.8032225 5.0090624
0.84995394 1.8091707 5.0141085
0.84791347 1.801388 5.0194993
0.85203419 1.8060698 5.0114992
0.84811101 1.8035825 5.0145083
0.85010954 1.8035716 5.0196343
4.688549 1.4070504 2.8293085
4.95665 1.19228 4.22441
4.6800813 1.4060563 2.8326916
4.6823735 1.4061933 2.8316871
4.6830931 1.4111153 2.8273649
4.6835296 1.4181432 2.8358839
4.6816975 1.41129 2.8299637
4.6846402 1.4031293 2.8335953
4.6796477 1.4047732 2.8252484
4.6804623 1.4020575 2.8426412
4.98305 2.06213 1.64875
4.0318927 1.8867782 2.4496602
4.0315869 1.8738416 2.4569542
4.032867 1.869843 2.4567624
4.0274557 1.8687724 2.4627246
4.0253246 1.8589335 2.4553714
4.0250989 1.8611035 2.45764
4.0329928 1.8747849 2.4565905
4.0272054 1.8755167 2.4562171
0.61753 2.14179 2.64076
4.0426315 1.8646459 2.4600692
4.0309075 1.8719053 2.4575593
4.0354729 1.8717076 2.4568372
4.0315369 1.8677749 2.4545591
4.0347748 1.8655918 2.4629234
4.9543062 2.7225539 5.1129442
4.9496839 2.7264277 5.1104093
4.9630328 2.7143964 5.1263462
4.9435665 2.7190075 5.1090017
4.9488906 2.7166531 5.1115574
4.9415794 2.7268702 5.1069349
4.9571231 2.7221613 5.1217403
4.9487985 2.7172265 5.1121547
4.945274 2.7185912 5.1024289
4.9464699 2.7205437 5.111848
4.9350025 2.7102305 5.1006972
4.9435127 2.7227224 5.1089851
4.9374958 2.727035 5.098576
4.9368336 2.718701 5.1123691
1.8054694 0.83548282 2.1818777
1.8132584 0.83496894 2.1885395
1.817286 0.82597843 2.1812564
1.8165243 0.8307496 2.1820027
1.8147995 0.83214271 2.1775719
4.42321 1.20167 3.77489
1.8055504 0.82777602 2.193679
1.8191664 0.83413477 2.1827153
1.8149316 0.83447422 2.1773766
1.8167973 0.83168277 2.181006
1.8238134 0.82859173 2.1787647
1.8182774 0.83070137 2.1818061
1.8143174 0.83239064 2.1781329
1.8141 0.82986468 2.1855607
1.8168557 0.8347856 2.1793892
4.5079354 0.76698775 1.9597166
4.5056454 0.76396583 1.9619462
4.4930469 0.77841096 1.9722158
4.8663149 2.0541682 0.41730365
4.8526894 2.0709964 0.40871154
4.8534243 2.0704161 0.40982065
4.8503401 2.0616644 0.41487067
4.8409597 2.0583165 0.40973069
4.8507835 2.0630118 0.40768597
4.8491857 2.0636568 0.41050817
4.8496637 2.0619585 0.40985643
4.8528534 2.0563114 0.41507431
4.855763 2.063044 0.41122797
4.8478488 2.0709247 0.4073238
4.8451284 2.0676315 0.41126054
4.8495705 2.059459 0.40957289
0.01841 1.40068 0.61071
4.8474126 2.0637026 0.40482776
4.840909 2.0623537 0.40797387
4.847984 2.0702212 0.41271245
4.850376 2.0657587 0.4181746
4.8516974 2.062419 0.41227861
4.8548851 2.0622728 0.41470093
1.8329039 2.3732846 4.3168519
1.8252015 2.3723196 4.3193892
1.8282664 2.3716019 4.3218377
1.8270463 2.3770845 4.3173526
1.8294798 2.3773586 4.3207993
1.8348417 2.3717143 4.325732
1.832968 2.3675597 4.3207409
1.8354643 2.3695774 4.3208873
1.8284625 2.3743492 4.3218587
1.8263163 2.374593 4.3258438
1.8250168 2.3720108 4.3194254
1.8208712 2.3718965 4.3159654
1.8238718 2.3685533 4.3163834
1.8332647 2.3828094 4.312663
3.63814 1.3875 2.64059
1.8114279 2.3785573 4.30565
1.8312949 2.3760789 4.3156433
1.8258393 2.3737596 4.3187841
3.2024876 2.3642337 2.2654137
3.2124702 2.3631833 2.2828449
3.222454 2.3606761 2.2895608
3.2182015 2.3563218 2.2917013
3.2211166 2.3658054 2.2942574
3.2204189 2.3631539 2.2948095
3.2026905 2.3674329 2.2720013
3.2094142 2.3665542 2.2848698
3.2168738 2.3641303 2.2879189
1.9723902 2.2482253 3.7531507
1.970124 2.243046 3.7465564
1.9683955 2.2463526 3.7445987
1.9665483 2.2442074 3.744426
1.9641174 2.2478504 3.7403684
1.9652331 2.245654 3.7447151
1.9607722 2.2438783 3.7430995
1.9648499 2.2383914 3.7430971
1.9620036 2.2426047 3.7399739
0.84548993 1.8071928 5.0098763
0.84482344 1.8067346 5.0113601
0.84735666 1.8071908 5.012859
0.84487017 1.8051166 5.011196
0.84276823 1.8068773 5.0147765
0.84458526 1.8022993 5.0045138
0.84260135 1.8027161 5.0141219
0.84453468 1.8060878 5.0130863
0.84586469 1.8056221 5.0124347
0.84756924 1.8033668 5.0119632
0.84775134 1.8097087 5.011689
0.85202948 1.7976659 5.017868
3.47309 2.06543 0.95196
0.85576927 1.8139535 5.0100155
0.84657443 1.8088897 5.0157548
0.84861379 1.8003076 5.0247425
4.684458 1.4060038 2.8312596
4.6817578 1.405744 2.8344487
4.6831134 1.4053919 2.8311808
4.6802655 1.4063776 2.8322673
4.6810606 1.4167722 2.8379558
4.6781681 1.4112372 2.8317776
4.6855871 1.4119217 2.8355883
4.6778241 1.41244 2.8282633
4.6832572 1.3982031 2.8355067
4.6824478 1.398449 2.8335151
4.0326868 1.8785537 2.4652572
4.0240423 1.8744028 2.4485071
1.38731 1.84788 3.97047
4.0317179 1.8746151 2.4634037
4.0214825 1.864893 2.4587427
4.0359728 1.8719288 2.4589175
4.0315069 1.8735386 2.4557327
4.0281627 1.8718327 2.4590732
4.0277334 1.8774245 2.4542864
4.0352645 1.8704207 2.4487249
4.0307672 1.8715316 2.4535907
4.0307693 1.8798674 2.4592149
4.0237943 1.8645739 2.4582991
4.923166 2.7113906 5.0927904
4.9549381 2.7276618 5.1186082
4.9448855 2.72106 5.1158062
4.9492972 2.7213191 5.1195642
4.9388933 2.7138716 5.1098367
4.9499982 2.7121739 5.1154466
4.9395524 2.717702 5.1043331
4.9459742 2.7184777 5.1073633
4.9539029 2.7203664 5.1221991
4.949493 2.7227731 5.1071897
4.9393938 2.7186651 5.1093131
4.9310846 2.7121762 5.1023541
4.9544707 2.7160555 5.1163958
4.9418091 2.7209155 5.1053052
4.9374711 2.7203189 5.0990092
4.9426802 2.7206811 5.1063094
1.8105676 0.82845562 2.1876276
1.8170185 0.83154462 2.1803581
1.8175708 0.8320754 2.1806792
1.8181498 0.83224861 2.17994
1.8220292 0.82814561 2.1777874
4.1034 2.48814 5.92744
1.8170917 0.83064009 2.182432
1.810497 0.83166749 2.1806679
1.8108765 0.83302873 2.1938942
4.54872 0.65599 2.85217
1.8188482 0.83017243 2.1854297
1.8190467 0.8345521 2.1779908
1.8201992 0.83447828 2.1799656
1.7993897 0.83396616 2.1923528
4.4944841 0.76317204 1.9737388
4.8454145 2.06318 0.40383752
4.8580621 2.063288 0.40396798
4.8560717 2.0650027 0.40383844
4.8538844 2.0584836 0.40674869
4.8493978 2.0598693 0.40867977
4.8505782 2.0622359 0.40911752
4.8480972 2.0566211 0.41578362
4.8532559 2.0614373 0.4142925
4.8498596 2.0584162 0.40844434
4.8421306 2.0555453 0.41410661
4.8432287 2.0524439 0.41395658
4.8403447 2.0641149 0.40090409
4.8562489 2.0659525 0.41329932
4.8490011 2.0667865 0.40812026
4.8518 2.0685715 0.41176727
4.852354 2.0534382 0.41242247
4.8444891 2.0561847 0.41208109
4.8505777 2.055195 0.41242812
4.8491523 2.0619388 0.41066357
4.8529191 2.0686743 0.42132609
4.85625 2.0650884 0.42375334
4.8554194 2.0563862 0.41244068
1.8247375 2.3724673 4.316832
1.8193072 2.373004 4.3109784
1.821776 2.3680462 4.3159682
1.8252864 2.3719043 4.3213441
1.8304864 2.3771037 4.3207148
1.8273268 2.3788489 4.3186787
1.8188988 2.3671356 4.310642
1.8266332 2.3727145 4.3179305
1.8304498 2.3737565 4.3211608
1.8284742 2.3739451 4.3270996
1.8290807 2.3743863 4.3232358
1.8231159 2.3724979 4.3227366
1.8291349 2.3748383 4.3248763
1.8301444 2.3730412 4.3248023
1.8258211 2.3717386 4.3186825
1.8282368 2.3717278 4.318548
1.8259176 2.3711574 4.311345
1.8253281 2.3705279 4.3157692
3.2054558 2.3565264 2.2816695
3.2169878 2.3625208 2.2933367
3.2172158 2.3583043 2.2906222
3.2083805 2.3607104 2.2814236
3.22154 2.363416 2.2898229
3.2166709 2.3635583 2.2876238
3.20612 2.3670304 2.2722271
3.2130917 2.3674485 2.2840999
3.2087984 2.3547246 2.2857787
1.9621285 2.2467003 3.7469431
1.9699615 2.2419832 3.7454389
1.9647316 2.241049 3.7446443
1.9655735 2.2428676 3.7446715
1.9701273 2.242312 3.7560546
1.9578999 2.2423309 3.7491853
1.9517049 2.2400679 3.7397823
1.9641632 2.2340136 3.7476653
1.9570429 2.248354 3.7520045
0.84455138 1.8110637 5.0215966
0.84464309 1.8076294 5.009643
0.84629179 1.8061973 5.012305
0.84747537 1.8085838 5.0038925
0.84650919 1.8030736 5.0056452
0.84586 1.8054682 5.0069633
0.84015634 1.808252 5.0147787
0.84818807 1.8016793 5.0129072
0.84782387 1.809263 5.0086145
0.84211429 1.8049687 5.0091783
0.84037322 1.8058837 5.0113336
0.85063128 1.8057062 5.0199352
0.85087761 1.8175193 5.0075401
0.84784073 1.8114461 5.0220215
0.84423931 1.8100131 5.0111677
0.84187865 1.8116347 5.0116629
4.6836737 1.4056894 2.834067
4.6821965 1.4046929 2.8335043
4.6818098 1.4046919 2.833507
4.6823143 1.4061885 2.8319013
4.6876274 1.4090444 2.8307161
4.6793049 1.4127108 2.8338702
4.683573 1.4123191 2.8305537
4.6872415 1.4071867 2.8327515
4.6905582 1.4053315 2.8332738
4.6807445 1.4106374 2.8176114
4.0345898 1.8693275 2.4671332
4.032266 1.8755392 2.455139
4.0284618 1.8709625 2.452189
4.0324975 1.8704353 2.4599941
4.031682 1.8733958 2.4526985
4.0326537 1.873428 2.4541803
4.0331376 1.8723294 2.4544059
4.0285138 1.8681705 2.4568092
4.0358096 1.8725046 2.4580519
4.0263084 1.8711466 2.4641874
4.0312122 1.8734216 2.4571987
4.0340008 1.8725408 2.4671794
4.9394952 2.7191216 5.0989093
4.9459051 2.7207574 5.1150797
4.9405149 2.7226657 5.1105838
4.9409865 2.7202375 5.106042
4.9386132 2.7191759 5.1031565
4.941017 2.719673 5.106183
4.9365219 2.7160445 5.1048012
4.9412746 2.7180382 5.1088954
4.9440349 2.7184313 5.1114098
2.63393 2.54658 3.15303
4.9386114 2.7195745 5.1079363
4.9390749 2.7244685 5.1123238
4.9426204 2.7200206 5.1078244
4.949728 2.7179269 5.1176991
4.9418099 2.7199924 5.1065577
4.9340637 2.7208311 5.0985537
4.9379929 2.7225884 5.0965275
4.9400698 2.7212474 5.1045994
1.8238776 0.8313629 2.1737003
1.8133369 0.83223862 2.1822667
1.8140649 0.83614648 2.1798488
1.8216238 0.83602815 2.1764433
1.8174434 0.831936 2.1816798
1.8176604 0.83263023 2.1813446
1.8183349 0.83221692 2.1811527
1.8207094 0.8335542 2.1888375
1.8277059 0.834531 2.1701347
1.8260037 0.83259041 2.1821283
1.8171122 0.83144784 2.1802773
1.8171163 0.82851171 2.1847492
1.8177014 0.83131656 2.1813624
4.8500209 2.072087 0.40963717
4.8441759 2.069411 0.41366864
4.8503609 2.072005 0.41035454
4.8481337 2.0647508 0.4058569
4.8452773 2.0641442 0.4063116
4.8479272 2.0628809 0.40736552
4.848254 2.0629253 0.41008015
4.8476791 2.0680445 0.40323976
4.8352354 2.059984 0.40372191
4.8588596 2.0639488 0.40561044
5.39661 1.25481 2.69143
4.8472341 2.0711929 0.41697963
4.8510652 2.0564768 0.40435064
4.8553636 2.0666025 0.41380319
4.8486666 2.0620521 0.40842157
4.8405851 2.0643889 0.40937316
4.8447353 2.0654142 0.40471104
4.8457043 2.06576 0.40388223
4.8505028 2.0619364 0.40928769
4.8499917 2.0658495 0.41361013
4.8497668 2.0649187 0.41349363
4.8496567 2.0673033 0.41256007
0.55586 1.93141 0.46543
4.12828 0.94082 1.1415
1.8417001 2.3673149 4.3215321
1.8308611 2.3761528 4.3224334
1.8273366 2.3713139 4.3251294
1.8209762 2.3769493 4.3200097
1.8264458 2.3702849 4.3164605
1.8279263 2.36431 4.3218738
1.8286986 2.3735531 4.3220841
1.8299512 2.371255 4.3259773
1.8253811 2.3726603 4.3226488
1.8148568 2.3764915 4.3109965
1.8291615 2.3754607 4.324939
1.8260178 2.3725974 4.3207914
1.8179621 2.3698246 4.3184346
1.8282252 2.3726321 4.3194151
1.8276474 2.3726711 4.3187591
1.8269501 2.3732277 4.3195291
1.8267459 2.3730115 4.3174163
1.8311924 2.367363 4.3152389
3.2164711 2.3670464 2.2838711
3.2179967 2.3648399 2.292181
3.2090813 2.3605949 2.2817779
3.2165166 2.3621558 2.2862702
3.2169332 2.3620288 2.2850244
3.2159398 2.3655363 2.2859797
3.2099671 2.3611803 2.2722896
3.2065889 2.3664765 2.2705144
1.9643588 2.2416722 3.7474133
1.9627904 2.2453935 3.7518984
1.9624345 2.2458097 3.7397681
1.9688478 2.2452658 3.7488834
1.9720653 2.2428171 3.7465371
1.9594043 2.2357376 3.7376437
1.9579894 2.2448505 3.7324763
1.9632255 2.2416993 3.7440668
1.9709246 2.2471897 3.7478055
0.84893867 1.7932449 5.0106836
0.85666118 1.7960669 5.0187612
0.84981751 1.8032003 5.0200313
0.8572178 1.8024765 5.0093733
0.83964638 1.8095925 5.0052098
0.83759721 1.8017125 5.0134102
0.83969202 1.8055285 5.0151723
2.54131 0.46117 0.68072
0.8457411 1.810008 5.009352
0.8399189 1.8019402 5.0163157
0.83966968 1.8017155 5.0154634
0.84271159 1.8114513 5.0121455
0.84119285 1.8086447 5.0125531
0.84448836 1.8140355 5.0194018
0.85043038 1.8027174 5.0157606
0.84343461 1.8011345 5.0101135
4.6866755 1.4045629 2.842035
4.6884981 1.3965935 2.8339314
4.6808509 1.3979787 2.8279846
2.75116 1.90577 0.84267
4.681156 1.3972976 2.8398498
4.686416 1.4061715 2.828033
4.6804997 1.4097975 2.8359162
4.6858283 1.406722 2.8316369
4.6826661 1.4090125 2.828631
4.6880737 1.393015 2.8287931
4.0404091 1.8783965 2.4489386
4.0364585 1.8694497 2.4592073
4.0274432 1.8734098 2.4567153
4.0388255 1.874038 2.4628137
4.0372023 1.8765487 2.4620666
4.0327644 1.8733104 2.4565696
4.0350525 1.8733924 2.4592571
4.0323241 1.8713658 2.4590213
4.0324892 1.8724174 2.4590913
4.0252774 1.8707193 2.4627588
4.0307938 1.8713931 2.4573799
4.0298977 1.8781421 2.4531997
4.9429192 2.7203476 5.1050445
4.946979 2.7172422 5.1097464
4.9384445 2.7274724 5.105585
4.9352662 2.7239415 5.0978606
4.9377251 2.7264501 5.1018496
4.9408874 2.7252746 5.1090692
4.9314262 2.7212974 5.1013894
4.9296238 2.7177888 5.0926661
4.9477536 2.7195191 5.1104106
4.9577699 2.7210427 5.1225057
5.88853 0.926 1.45795
4.9358956 2.7314194 5.096258
4.9547919 2.7248393 5.1169984
4.9178936 2.7234011 5.0834061
4.9417415 2.7198162 5.1087059
4.9371975 2.7217801 5.103413
4.9261141 2.7163391 5.0881112
4.9346888 2.7173205 5.1052846
1.8206604 0.8179914 2.1792993
1.8169516 0.83271244 2.180612
1.8209429 0.83431822 2.1783579
1.819137 0.83085993 2.1780944
1.8199701 0.83431206 2.1880018
1.8148724 0.83323483 2.1859557
1.8149451 0.83235798 2.1878823
1.8180739 0.83290291 2.18071
1.8192878 0.83506582 2.1777322
1.8223993 0.84086859 2.1724899
1.8253067 0.84121256 2.1752531
1.8098224 0.83580758 2.1901424
1.8118559 0.82959425 2.1878635
4.85092 2.0603353 0.41236598
4.8509057 2.0587519 0.41327316
4.8519863 2.060433 0.40572
4.844969 2.0585206 0.41152777
4.8464629 2.0652667 0.40627115
4.8501075 2.0627884 0.40998961
4.8540165 2.0638307 0.40977214
4.8558157 2.0659001 0.41099218
1.39019 2.53563 0.56835
4.8481659 2.0555724 0.41559003
4.8560367 2.0737908 0.41379862
4.848255 2.0657337 0.41142015
4.8586415 2.0607158 0.41424051
4.8515669 2.0586993 0.4065105
4.8496899 2.0622583 0.40886413
4.8457395 2.0608286 0.41324624
4.8487077 2.0631138 0.40800787
4.8591191 2.0548135 0.41487493
4.8583976 2.0568665 0.4200696
4.8483673 2.0645993 0.41072433
4.8507219 2.0679347 0.41603029
4.8501037 2.0698264 0.41048541
4.8496341 2.0628896 0.40908583
4.8497164 2.0623376 0.40872428
1.826548 2.3801316 4.3191424
1.8323409 2.3785021 4.3233953
1.8262031 2.3757064 4.3208515
1.8219025 2.37248 4.3101748
1.824599 2.3684423 4.3104475
1.8167617 2.3650741 4.3160375
1.8276054 2.3737085 4.3301445
1.8263082 2.3680985 4.3173766
1.8276284 2.3723669 4.318012
1.8165806 2.3741232 4.3076637
1.8204834 2.3790059 4.31388
1.837332 2.374177 4.327703
1.8168846 2.3674617 4.3131939
1.8276894 2.3730465 4.3191372
1.8367107 2.3742474 4.3262362
1.8357259 2.3750277 4.327573
1.8278313 2.372967 4.3186127
1.8265636 2.3825025 4.3068933
3.2000487 2.3629743 2.271539
3.207697 2.3642136 2.2699135
3.2191322 2.3610344 2.2812313
3.2174178 2.3693964 2.2818574
3.2148617 2.3659102 2.2885875
3.2139635 2.3643632 2.287994
3.2259673 2.3584141 2.298031
3.1985384 2.3735767 2.2732346
1.9683058 2.2439778 3.7447861
1.9702504 2.2326928 3.7582071
5.12741 0.69237 2.82828
1.9650564 2.2430335 3.7446783
1.9649799 2.2427294 3.7449483
1.9633757 2.2362011 3.7455593
1.9601172 2.2363126 3.7335177
1.9643226 2.2408779 3.7440057
1.9791579 2.2374827 3.7584552
0.85385249 1.8093418 5.0171779
6.01322 1.32745 0.60059
0.85011348 1.8054571 5.0208004
0.85653196 1.8108994 5.0182464
0.84633351 1.8062224 5.0125729
0.84784881 1.8029851 5.0157583
0.84301865 1.8086997 5.0193191
0.84572469 1.8097479 5.0135893
0.85125251 1.8025579 5.0124663
0.84806718 1.8052925 5.0165784
0.84494167 1.8060727 5.0128812
0.84374439 1.8101014 5.0125476
0.84342313 1.8088445 5.0090307
0.8444057 1.8049502 5.0145328
0.84302439 1.8088918 5.0162949
2.63179 2.607 0.82561
4.6866598 1.4107061 2.8315457
4.6796814 1.4054133 2.8384562
4.6833168 1.4074708 2.8405841
4.6877538 1.4086838 2.8312727
4.6829126 1.4130622 2.8321396
4.6853022 1.412959 2.8285171
4.6847127 1.407777 2.8369624
4.6830681 1.4060637 2.8332818
4.6824908 1.4098797 2.8342715
4.6768549 1.4087227 2.8281292
4.0336726 1.8702754 2.4534443
4.0346058 1.8706557 2.4537056
4.0328288 1.8714646 2.46247
4.0340233 1.8744644 2.4566289
4.0316633 1.8726835 2.4558353
4.0339761 1.8735479 2.4564972
4.0334765 1.870347 2.45615
4.0334074 1.8704616 2.4578891
4.0308222 1.8732087 2.4528425
4.0323772 1.8703461 2.4584883
4.0294519 1.8742764 2.4509546
4.0289088 1.8734795 2.4510402
1.38371 1.36579 2.38576
4.9423608 2.7202638 5.1028234
4.9507133 2.7181201 5.1183825
4.9341681 2.7178377 5.100628
4.9331205 2.7214372 5.0973275
4.9298993 2.7203598 5.0981873
4.9374645 2.7209794 5.1038926
4.9295312 2.7157511 5.1004611
4.9203897 2.7193892 5.0874299
4.9339296 2.7213656 5.0887837
4.9480248 2.7239053 5.1111041
4.9466676 2.7218589 5.1122799
4.9434779 2.7260771 5.1110381
4.9182268 2.7221829 5.0820633
4.936084 2.7266974 5.101717
4.9474106 2.721756 5.1184565
4.9413244 2.7215968 5.1063659
1.9176 2.55857 0.38337
1.8124041 0.81945112 2.1875389
1.8140603 0.83401733 2.1803559
1.818358 0.83271191 2.1799118
1.8198064 0.83177706 2.1819817
1.8185128 0.82757181 2.1909046
1.8179245 0.83818439 2.179071
1.8245116 0.83826811 2.1797125
1.8124345 0.83358721 2.1769876
1.8103596 0.83382186 2.1875695
1.8152001 0.83214228 2.176087
1.8195024 0.83369478 2.1756538
1.8143892 0.82946833 2.1882639
1.8151793 0.82924756 2.1804364
4.8508771 2.0625098 0.41252997
4.8478184 2.0602742 0.40887087
4.8447988 2.0619584 0.41009921
4.844041 2.054014 0.40891286
4.8511327 2.0594148 0.4111853
4.8539084 2.0646999 0.41039394
4.8411637 2.0667649 0.40559059
4.8501036 2.059361 0.41940693
4.8574184 2.0631526 0.40734201
4.8489338 2.0607615 0.40732945
4.8508877 2.0628601 0.41009839
4.8504029 2.0666457 0.41424777
4.8496277 2.068054 0.40945883
4.8455955 2.0647661 0.4082591
4.8492002 2.0622333 0.40787993
4.8512006 2.0679827 0.40897089
4.8456033 2.0610074 0.40708931
4.8412027 2.0628753 0.40630324
4.8468216 2.06694 0.40921643
4.8485827 2.0679008 0.41299792
4.8504999 2.0682763 0.40823901
4.8526173 2.0629288 0.41302683
4.8515133 2.0654039 0.41241779
4.849579 2.0626378 0.40913142
4.8493543 2.0621634 0.40953143
1.8103914 2.3741825 4.3045334
1.8250685 2.3744683 4.3246638
1.8166415 2.3734257 4.3135209
1.8200221 2.3757152 4.311232
1.8197245 2.3784251 4.3137303
1.8383718 2.3707364 4.3337419
1.8227718 2.3688708 4.3177765
1.8283921 2.3715426 4.3177948
1.8272336 2.3723246 4.3233758
1.8205867 2.3679328 4.3127398
1.8369519 2.3688928 4.3251923
1.8262151 2.370411 4.3082528
1.8372738 2.3705781 4.3193742
1.828978 2.3716801 4.31822
1.8306788 2.3675784 4.3163366
1.8246728 2.3780119 4.3126967
1.8251159 2.3720948 4.3165813
3.2147781 2.3660369 2.2834989
3.2093646 2.3589308 2.2763188
3.2007751 2.3702177 2.2731811
3.2045318 2.3706788 2.2719043
3.2071107 2.3645403 2.2842502
3.2241413 2.3549317 2.2814582
3.2227796 2.3533887 2.2805825
3.2218276 2.3680534 2.2839148
1.89447 2.164623 3.8410633
1.9614325 2.244274 3.7366957
1.9479854 2.2395424 3.7319205
1.9593349 2.2394955 3.7352978
1.9641461 2.2427588 3.7438755
1.9678409 2.2396585 3.7470684
1.9659746 2.2422546 3.7448821
1.9654251 2.2408554 3.745979
1.9632304 2.2481742 3.7458109
0.8368268 1.8068642 4.9994856
0.84165002 1.8087244 5.0214786
0.84440461 1.8061567 5.0073711
0.85458829 1.8015058 5.0136806
0.84717524 1.8079753 5.0129446
0.84491968 1.8100793 5.0104161
0.84222201 1.8088734 5.010852
0.84596433 1.8058553 5.0106023
0.83852694 1.8007877 5.0038246
0.83524192 1.8078015 5.0098982
0.83874932 1.8077226 5.0119219
0.84862232 1.8036802 5.0138988
0.84329512 1.8080797 5.0078125
0.84408201 1.8035988 5.0022291
0.83355844 1.7975966 5.0080423
0.84920195 1.7916165 5.0137984
4.6819941 1.4070304 2.831345
4.6776509 1.4090273 2.8236213
4.676489 1.4150329 2.8272775
4.6820335 1.4109725 2.8332333
4.6759839 1.4070702 2.8301508
4.6811983 1.4042017 2.8337703
4.6717815 1.4121438 2.8346691
4.6801908 1.404504 2.8316146
4.6817868 1.4085343 2.8342047
5.91088 2.87384 1.52501
4.0394884 1.88021 2.4677353
4.0324506 1.8793275 2.4618118
4.0344151 1.8725161 2.461091
0.45309 2.68495 0.79637
4.0310182 1.8732313 2.4549079
4.0282213 1.8719315 2.4541003
4.0330064 1.8757624 2.4572623
4.0316406 1.8734139 2.4544695
4.0327188 1.875194 2.4535434
4.028741 1.8724433 2.4537561
4.0289157 1.8738205 2.4550091
4.0264051 1.8754727 2.4565809
4.9480802 2.7212368 5.1103397
4.9497101 2.7218373 5.114004
4.9483604 2.7213421 5.1112189
4.9456884 2.7205606 5.1090566
4.9632163 2.7183496 5.1245133
5.27953 1.30765 5.51938
4.9356374 2.7335131 5.1034383
4.9181344 2.7187112 5.0885934
4.9267641 2.7233277 5.0927533
4.9577006 2.7277833 5.1145511
4.9453533 2.7213997 5.1089371
4.9488363 2.7238617 5.1123099
4.9582889 2.717262 5.1254555
4.9187189 2.721191 5.0883704
4.9343243 2.7181694 5.099333
4.9285575 2.7153206 5.1002053
4.9363654 2.7155616 5.1033911
4.946039 2.7165451 5.1061581
1.8373082 0.83521036 2.1652233
1.8286603 0.83359393 2.1795921
1.8191841 0.8309593 2.1813538
1.8188811 0.83284886 2.1804801
1.8146592 0.82564691 2.1898061
1.8192581 0.83403709 2.179899
1.821057 0.83061275 2.1836099
1.8174845 0.83804972 2.1732447
1.8065729 0.83890286 2.1850234
1.8184269 0.8315006 2.179662
1.8179619 0.8321432 2.1800573
1.8140551 0.83374097 2.1847973
1.8165945 0.8312559 2.182814
4.8574389 2.0562198 0.4148282
4.8532066 2.0655781 0.41143493
4.845294 2.0605906 0.41231941
4.8457661 2.0573378 0.40377226
4.8488666 2.0557184 0.40677928
4.8537803 2.0638822 0.41235668
3.377 1.67898 4.03219
4.8486252 2.0513708 0.41736206
4.8604524 2.0593605 0.41748366
4.8515974 2.0545391 0.41163746
4.8422082 2.0615402 0.40773298
4.8462103 2.0576222 0.41078262
4.8488488 2.0625597 0.40736227
4.849322 2.0623412 0.40774142
4.8480367 2.0621391 0.40552502
4.8565353 2.0649757 0.41724466
4.8399214 2.0578516 0.39679308
4.8442172 2.0542411 0.39613313
4.8473129 2.0617592 0.4066713
4.846208 2.0691609 0.40754381
4.849085 2.0628794 0.4088541
4.8491918 2.0628846 0.40862093
4.849766 2.0617541 0.40740623
4.8473113 2.063135 0.40855831
4.8516065 2.0641321 0.40395313
1.8343245 2.3758313 4.3110486
1.8295764 2.3669655 4.3173081
1.8277425 2.3656677 4.3173073
1.8242446 2.369345 4.3132095
1.8263494 2.3722604 4.3173368
1.8331509 2.3691429 4.3205818
1.8245675 2.3690039 4.3180059
1.8234495 2.374244 4.3170173
1.827876 2.3724155 4.3223572
1.8269557 2.372363 4.3179655
1.8214447 2.3648123 4.3118831
1.8330164 2.3620879 4.3215232
1.8309246 2.3626761 4.3184656
1.832177 2.3723001 4.3179333
1.8261468 2.3695431 4.3119243
1.8296606 2.3787696 4.3216066
1.8227809 2.3724062 4.3124889
1.8351274 2.3700687 4.3277519
3.2142064 2.3643924 2.2801953
3.2029984 2.367736 2.2799317
3.2162595 2.3655642 2.2857972
3.2144788 2.3661275 2.2831034
3.2140904 2.367577 2.2860772
6.17014 1.51199 5.0469
4.65113 1.43114 5.59225
1.9536209 2.2549584 3.7435818
1.9669235 2.2357647 3.7489682
1.9624679 2.2378994 3.7480683
1.9651855 2.2429899 3.7446428
1.9659035 2.2441214 3.7448677
1.9733864 2.2449073 3.7446567
1.9692558 2.2410123 3.7451004
1.9689452 2.2418998 3.7454744
1.9670497 2.2382647 3.7425825
0.85240556 1.7975668 5.0242142
0.85356968 1.8069053 5.0170656
0.85448022 1.8052149 5.0157288
0.84325937 1.804208 5.0122731
0.84354971 1.8063562 5.011599
0.84368606 1.8077531 5.0111784
0.84640359 1.8065937 5.0120073
0.8518147 1.8046 5.0227221
5.87551 1.56939 3.05875
0.84363273 1.7909956 5.01382
0.84418396 1.8030523 5.0156018
0.8430316 1.8016746 5.0150332
0.84457525 1.8069496 5.0105836
0.8458293 1.8070852 5.0045381
0.83741112 1.8122569 5.0054275
0.85383572 1.804466 5.0038802
4.6896778 1.4111338 2.8419021
4.6755702 1.3993378 2.8386731
4.6771728 1.4130637 2.8346616
4.6818589 1.4050762 2.8234207
4.6759957 1.4069901 2.8315498
4.6793414 1.4128526 2.8359286
1.2173 1.42887 5.21191
4.6824727 1.4063232 2.8327585
4.6832393 1.4045041 2.8304643
4.68225 1.3995913 2.8270429
4.0378561 1.8698987 2.4635529
4.039461 1.8663097 2.4567502
4.0291078 1.8683165 2.4574456
4.0225485 1.8665718 2.4637215
0.48269 2.52452 6.08777
4.0270734 1.8759409 2.4595733
4.0350868 1.8759006 2.4519353
4.0281937 1.8788077 2.4570458
4.0272766 1.8785341 2.4516088
4.0331819 1.8782031 2.456256
4.0308719 1.8778724 2.4511523
4.0309173 1.8736321 2.4557708
5.15432 0.07259 5.73226
4.9249665 2.725265 5.0929642
4.9436621 2.7219996 5.1146884
4.9406448 2.720744 5.1060659
4.9385484 2.7180355 5.102977
4.9663066 2.7225281 5.1283181
0.46788 2.12984 4.4526
4.9437876 2.717825 5.1091986
4.9185937 2.7173065 5.0862023
1.02523 2.66038 1.32885
4.9532823 2.7197501 5.1156243
4.9455065 2.7198731 5.1087752
4.9590825 2.7165949 5.1230314
4.9350715 2.7253604 5.1012745
4.9431819 2.7199407 5.1078669
4.92964 2.719378 5.090083
4.9419058 2.7201026 5.1048597
4.9531166 2.7167879 5.1291579
1.8178926 0.83121784 2.17955
1.8225413 0.82958048 2.1744989
1.8176456 0.82941639 2.1801488
1.8167808 0.83045382 2.1774689
1.8169653 0.83321234 2.1814717
1.8110499 0.83682628 2.1857205
1.8100046 0.83323043 2.1866956
1.8080973 0.82935429 2.1829032
1.808717 0.83049755 2.1833982
1.8152235 0.83007661 2.1805746
1.8196014 0.83288007 2.177719
1.8210742 0.82633973 2.1819147
1.8091434 0.82713837 2.1954422
4.8426819 2.0559511 0.41507659
4.8456495 2.0530964 0.4017026
4.848857 2.0596423 0.40100051
4.8517653 2.0636866 0.41489548
1.30928 2.00085 0.43769
4.8500342 2.0627091 0.41150064
4.8653324 2.068086 0.41243315
4.8494479 2.0609142 0.39959924
4.8608362 2.0563264 0.41737108
4.8532636 2.0631123 0.40756392
4.8456689 2.0579857 0.40215501
4.8539122 2.0671226 0.40504727
4.8545271 2.0657396 0.4102424
4.8506265 2.0619813 0.4004847
4.8512294 2.0531204 0.40900801
4.8470043 2.0612344 0.4166769
4.8513008 2.0691195 0.41307529
0.89362 1.4705 3.82294
4.850451 2.0614579 0.40914999
4.8471908 2.060079 0.41505279
4.8514201 2.0587248 0.41476577
4.8492777 2.0606249 0.40684921
4.8486466 2.0653656 0.40656913
4.8514942 2.0647809 0.41084309
4.8553167 2.0571446 0.41052184
1.8277087 2.3736834 4.3183282
1.8225778 2.380446 4.3145862
1.8216928 2.3691301 4.3129782
1.8253036 2.372299 4.3152132
1.8272185 2.3699933 4.314948
1.8243138 2.3688757 4.3231778
1.8364887 2.3744433 4.3298575
1.8274262 2.3729456 4.318904
1.824051 2.3743432 4.3112903
1.8323913 2.3811113 4.3169386
1.8262103 2.3831513 4.3195231
1.8364989 2.3680944 4.3210424
1.830195 2.3706469 4.3217138
1.8279048 2.3701575 4.3209516
1.8323364 2.3750091 4.320159
1.8341127 2.3690436 4.3263884
1.8235524 2.3686692 4.3163145
1.8342241 2.3740333 4.3236185
3.2107733 2.3642979 2.2839593
3.2173264 2.3664492 2.2884198
3.2167435 2.3654186 2.2878107
3.2114679 2.3648599 2.2870524
3.2092155 2.371878 2.2831284
3.2279016 2.3709256 2.2987183
3.2188682 2.3619039 2.289126
5.32244 1.12484 4.17472
1.9685079 2.2438084 3.7475338
1.9647607 2.2426931 3.7446635
1.9604773 2.2389848 3.7409829
1.9646709 2.2491285 3.7374296
1.9637241 2.2478247 3.7328965
1.9702401 2.2530131 3.7440549
1.9573644 2.2478225 3.7436573
1.9686038 2.2546788 3.7409269
1.76289 0.87853 5.91286
0.84483511 1.80366 5.0097598
0.845183 1.8044828 5.0117507
0.84465433 1.8026576 5.0104075
2.23785 2.00828 0.65991
0.84437083 1.8062037 5.0087034
0.85027959 1.802007 5.0131958
0.84881597 1.8138607 5.0183753
0.84342673 1.792818 5.0120089
0.84586913 1.8036562 5.0127193
0.8474799 1.8041738 5.0105384
0.84452704 1.7984309 5.0143168
0.84365367 1.8084587 5.0172256
0.83624641 1.8108579 5.0091707
0.83590882 1.8055358 5.0062794
0.83631005 1.8086232 5.0060509
4.6872709 1.4000036 2.8362556
4.6823912 1.3956202 2.8290239
4.6838755 1.4042339 2.8299596
4.6841748 1.4063398 2.822106
4.6765314 1.4063361 2.822131
4.6736799 1.4033814 2.8313297
4.6852006 1.4103706 2.8321165
4.6816966 1.4091058 2.8348804
4.68234 1.4012147 2.8251542
4.6894407 1.3955422 2.8286309
4.0175291 1.8684588 2.4466076
4.038669 1.8717285 2.4538905
4.0381692 1.8711701 2.4591996
4.0286542 1.8734416 2.4579004
4.0392646 1.8633028 2.4606122
4.0341236 1.8617824 2.4605905
4.0365656 1.8712856 2.4550839
4.03243 1.8649628 2.4607959
4.0301466 1.8711697 2.4594378
4.0335472 1.8667114 2.4540758
4.0331204 1.8684989 2.450055
4.0303985 1.873081 2.4568151
4.9456837 2.7277773 5.1109944
4.9405034 2.7218662 5.1036047
4.9472052 2.7253982 5.114903
4.9317074 2.7225904 5.1006488
4.9311191 2.7156628 5.095991
4.9407826 2.7207793 5.1050065
4.9310048 2.7205898 5.0925908
4.938978 2.7191317 5.103659
4.939929 2.7185037 5.1058012
4.941963 2.7257812 5.0928515
4.9441299 2.7198106 5.1072946
4.9518443 2.7178312 5.116505
4.9513598 2.7210989 5.1164341
4.9420726 2.7202377 5.1108721
4.9434444 2.720064 5.1025569
4.9340997 2.7150377 5.0963474
4.9498145 2.7174565 5.1101311
4.9458282 2.7198923 5.118169
1.8001335 0.83537712 2.1889152
1.8229547 0.83178173 2.1813197
1.8267379 0.83319917 2.1796024
1.8154604 0.83012978 2.1795652
1.8139207 0.82967168 2.1817358
1.8155625 0.84029599 2.1825286
1.8224649 0.83992019 2.1762548
1.8220146 0.83864367 2.1723398
1.818819 0.83642524 2.1802131
5.83771 2.3468 5.76287
1.8184941 0.83251501 2.1805239
1.8188681 0.83252754 2.1802986
1.8338647 0.8349647 2.1614946
4.8530391 2.070655 0.41848827
4.8557233 2.0645137 0.40177956
4.8451757 2.0640891 0.41279441
4.8401329 2.0591881 0.4085586
4.852866 2.0554886 0.41782891
4.8489394 2.063781 0.40629547
4.8497992 2.0630177 0.40846965
4.8508847 2.0633445 0.41002361
4.8516826 2.0562238 0.41202171
4.8477384 2.0608401 0.40821456
4.8479841 2.0691692 0.40916287
4.8529296 2.0673785 0.40430832
4.8506683 2.0694297 0.406837
4.8510522 2.0667016 0.40526094
4.8599729 2.066442 0.40882517
4.8506734 2.057908 0.39967601
4.8534157 2.0577838 0.41358865
4.8556681 2.0669094 0.4098363
4.8489074 2.0553612 0.40760555
4.8486413 2.051458 0.40835811
4.8501727 2.0625426 0.40985708
4.8501433 2.0645552 0.41116881
4.8500565 2.064158 0.40855852
4.8474801 2.0611904 0.40973054
4.8524357 2.0656139 0.41083329
1.8285729 2.3741987 4.3189159
1.8188772 2.3786629 4.3075863
1.8254777 2.3706222 4.313274
1.8268293 2.3686198 4.3143562
1.8300223 2.3709924 4.3194907
1.8231178 2.3769183 4.3128615
1.8363603 2.3717815 4.3249392
1.8307618 2.3744889 4.3253901
1.8269167 2.3770158 4.3187462
1.8306079 2.3843741 4.3203496
1.8135746 2.3779518 4.3051079
1.8248737 2.3702231 4.3105514
1.8236406 2.3709394 4.3147484
1.8241126 2.3733406 4.3137715
1.8227687 2.3738998 4.313249
1.8294129 2.3735819 4.3111281
1.8367295 2.3711286 4.3222607
1.8190545 2.3655393 4.3220059
3.2192273 2.3649163 2.2811231
3.2151454 2.3657531 2.2865147
3.2162663 2.3631082 2.2890531
3.18538 1.05195 4.83137
3.2142159 2.3674198 2.2821417
3.2247678 2.3651639 2.2958585
3.2172146 2.3660646 2.2902272
1.9695679 2.240574 3.7460004
1.9643295 2.2411188 3.7473685
1.9557267 2.2437371 3.7396574
1.9550872 2.2485348 3.7378532
1.9664107 2.2405677 3.7472166
1.961017 2.236745 3.7445434
1.9626212 2.2425615 3.7404568
1.9587436 2.2429091 3.7417017
1.967755 2.2440784 3.742457
0.85093228 1.8014659 5.003508
0.84391753 1.8065467 5.0074308
0.84189787 1.8064086 5.0161854
0.84979718 1.8104845 5.0120856
0.85049877 1.7963685 5.0041109
0.84545401 1.8046086 5.0112078
0.84353757 1.8029801 5.0129752
0.84823581 1.8110459 5.0081002
0.84941299 1.8100805 5.0155847
0.83785565 1.809653 5.0104058
0.84774437 1.8059507 5.0127633
0.8540703 1.8067832 5.0227591
0.8540002 1.8012998 5.0192327
0.8455807 1.8059465 5.0115153
0.84672202 1.8054421 5.013938
0.84492451 1.8061255 5.0102178
4.689613 1.4004667 2.83531
4.6777223 1.4013699 2.8319074
4.6830128 1.405393 2.8331215
4.6823622 1.4014675 2.8272314
4.6827499 1.4071026 2.8330675
4.6784425 1.4060101 2.8359807
4.6825544 1.4074974 2.8335281
4.6830854 1.4098724 2.8305506
4.6793974 1.4033351 2.826713
4.6765443 1.3997006 2.8303507
4.0342618 1.8775967 2.4601935
4.0372399 1.8719398 2.45501
4.038014 1.8716965 2.4518233
4.0360679 1.8752642 2.453774
4.0318444 1.8745363 2.4546849
4.0280547 1.8693716 2.4548174
4.0283123 1.8713681 2.4463812
4.0239516 1.8670426 2.4486872
4.0316549 1.8721246 2.4560033
4.0329459 1.8710777 2.4547769
4.0354094 1.8719912 2.4550539
4.0440207 1.8764799 2.4576236
4.9472879 2.7221075 5.1140722
4.944324 2.7242908 5.1065359
4.9322865 2.7179817 5.0979506
4.9362014 2.7173965 5.1021535
4.9262608 2.7221779 5.0882071
4.9378428 2.7200726 5.0965715
4.9417111 2.7191721 5.1004843
4.9444639 2.7138595 5.1058254
4.9528014 2.7197519 5.11431
4.9610408 2.7260163 5.1196724
4.9510268 2.7195387 5.1133743
4.9472268 2.7177643 5.1080541
4.9455465 2.7185433 5.1128592
4.9422467 2.7247685 5.1045529
4.9311489 2.7228193 5.093252
4.940916 2.7173338 5.109352
4.9350615 2.7213955 5.1067611
4.9454366 2.7208405 5.1097047
1.8203934 0.83786709 2.1844876
1.8198157 0.83319057 2.1797717
1.8272968 0.83144721 2.179594
1.8191415 0.83358227 2.1848464
1.8220392 0.83391519 2.1747476
1.8190842 0.83969356 2.180498
1.8171003 0.84034473 2.181229
1.8243853 0.83280748 2.1760959
1.8192273 0.83298934 2.1804267
1.8338015 0.82472194 2.1633567
1.8168531 0.83921315 2.1792355
1.8205449 0.83252555 2.1810519
1.811142 0.82075098 2.1905359
4.8465857 2.0603063 0.39616606
4.8541505 2.0556889 0.40683111
4.8489333 2.0698601 0.41095557
4.8426171 2.0701986 0.41138421
4.8595605 2.066783 0.41562843
4.8594314 2.0670338 0.41503309
4.853274 2.0620264 0.40981736
4.8503967 2.0626686 0.40914604
4.8605469 2.0609515 0.40989011
4.8526274 2.0588745 0.4136538
4.8459635 2.0683365 0.40941015
4.8543027 2.0634193 0.40857014
4.8494651 2.0536462 0.40389012
4.8632351 2.0624744 0.40881352
4.8614319 2.0706157 0.41372479
4.8420563 2.0622312 0.40296397
4.8433379 2.065691 0.40014103
4.8513116 2.0672546 0.40067368
4.8537296 2.0631844 0.41048364
5.95748 0.66667 5.58729
4.8516032 2.0657958 0.41025409
4.850621 2.0671039 0.40831744
4.8486585 2.0623535 0.40828287
4.8474915 2.0611952 0.40820917
4.8495362 2.0611702 0.40776539
4.8509729 2.0590131 0.41347783
1.8326083 2.3799405 4.3284815
1.8253508 2.3773778 4.3197983
1.8288979 2.3707596 4.3236766
1.8251794 2.3803607 4.3210881
1.841636 2.3785611 4.3261568
1.8307169 2.371917 4.322041
1.8301758 2.3734279 4.3218443
1.8285823 2.3724552 4.3207372
1.8349068 2.3739913 4.317944
1.8185976 2.367798 4.3116324
1.8121751 2.3826667 4.3105178
1.8156856 2.3772089 4.3033444
1.8155059 2.3729842 4.3103597
1.8279247 2.3734414 4.3153918
1.8205599 2.3804017 4.3214606
1.8267174 2.3725273 4.3175773
1.826027 2.3721972 4.313713
3.2163831 2.3700331 2.2891678
3.214276 2.3719688 2.2871721
3.2168766 2.366878 2.2952139
3.2161261 2.3639158 2.2869156
3.2169167 2.3649134 2.2867152
3.2173408 2.3652123 2.2855789
3.211964 2.3628639 2.281061
1.9647211 2.2448333 3.7442268
1.965317 2.2410273 3.7491792
1.9683937 2.243288 3.7499723
1.9545833 2.2484255 3.7380119
1.961253 2.2422604 3.744867
1.9607308 2.2364671 3.7409383
1.9655901 2.2431245 3.7435467
1.9605298 2.2392505 3.7417827
1.9806764 2.2480034 3.7494095
0.84785123 1.7973574 5.0084983
0.84103911 1.8011211 5.0030209
0.83941432 1.8104571 5.0085192
0.84531034 1.8052341 5.0112903
0.84574026 1.805419 5.0120093
0.84569968 1.8072531 5.0128095
0.84506644 1.804076 5.0105586
0.85273513 1.8113709 5.0053721
0.8511939 1.796575 5.0083054
0.84108948 1.8069667 5.0009507
0.84462821 1.8006292 5.0187903
1.84829 1.72765 1.54023
0.84320135 1.7982183 5.0046499
0.83918198 1.8077876 5.0073072
0.84007109 1.7975596 5.0108794
4.85057 1.16911 0.00102
4.6800626 1.4088476 2.8235318
4.6837387 1.397816 2.8355899
4.6868819 1.4006838 2.8341275
4.6844783 1.4075229 2.8313261
4.683347 1.4032239 2.8341526
4.6805489 1.4058361 2.831581
4.6782666 1.4038897 2.8326463
4.6761757 1.4084504 2.830823
4.6820216 1.404187 2.8286325
4.6751756 1.406057 2.8269456
5.87427 1.13243 3.93892
4.0247345 1.8693729 2.4525726
4.0247564 1.8656399 2.4538553
4.0255679 1.8654201 2.4512619
4.0317051 1.8724374 2.4562913
4.0323175 1.8712109 2.4566438
4.0319001 1.8723535 2.4576142
4.0328345 1.8726898 2.4520035
4.0322588 1.8720916 2.4556547
4.035959 1.8647141 2.4550304
4.0294821 1.8666466 2.4507936
4.0275093 1.8840164 2.4589757
0.79577 0.40955 1.21016
4.9138752 2.7213657 5.0800739
4.9392407 2.7218671 5.1018828
4.9406844 2.7239625 5.1067873
4.72967 1.60842 0.29879
4.9178955 2.7278784 5.0853482
4.9466462 2.7172562 5.1160668
4.9394153 2.7181001 5.1100263
4.9412527 2.7161397 5.1052663
4.9409567 2.7180359 5.1106354
4.9391218 2.7202155 5.1044025
4.9378629 2.7190521 5.1037859
4.9431605 2.7198129 5.1067987
4.9297599 2.7206424 5.0947334
4.9410502 2.7208648 5.1045208
4.9406401 2.7207765 5.1044368
4.9310882 2.7236838 5.1003337
4.9392558 2.7212535 5.1067064
1.8211979 0.83949418 2.1833035
1.8202906 0.83010393 2.1789904
1.8181829 0.82932674 2.1805563
1.8204451 0.83037288 2.1754055
1.8128731 0.83066176 2.1843972
1.82094 0.83257098 2.1825769
1.8207096 0.83590483 2.1715387
1.8213091 0.83771325 2.1723065
1.8180544 0.83259259 2.1803529
1.8094458 0.83061242 2.179545
1.8105978 0.82995363 2.1781026
1.816404 0.83829103 2.1890016
1.8176947 0.8334164 2.1802109
4.8523906 2.0627669 0.40216302
4.8518955 2.0687346 0.41116724
4.8488354 2.0628479 0.40773714
4.8458113 2.060636 0.40433098
4.8589596 2.0641872 0.41884377
4.8567715 2.0637163 0.42025362
4.8512055 2.0586469 0.4091466
4.8598471 2.0625291 0.40864739
4.8555726 2.068412 0.40631151
4.8499421 2.0616705 0.40969965
4.8489497 2.0625792 0.40826058
4.8488296 2.0662096 0.41439939
4.850357 2.0601759 0.41937286
4.8490689 2.070329 0.41201345
4.8465819 2.0590172 0.41401179
4.8409254 2.0627896 0.40743899
4.8423832 2.0596057 0.40846154
4.8480422 2.061727 0.40751267
4.8497875 2.0559574 0.4075694
4.8445383 2.0643226 0.3965401
4.8495041 2.0569044 0.39894319
4.8620398 2.0625731 0.41473162
4.8447178 2.0669701 0.39904347
4.8461914 2.064786 0.39941944
4.8511551 2.0592058 0.408919
4.8399607 2.0622518 0.39991877
3.07338 1.92541 0.55034
1.8269411 2.3731341 4.3197764
1.8304263 2.3699383 4.3240522
1.820795 2.3728299 4.308248
1.8414463 2.3749863 4.323669
1.8310672 2.3781079 4.3243267
1.8315214 2.3759987 4.3233407
1.8261609 2.3731818 4.3218853
1.8248115 2.3783563 4.3155652
1.8252676 2.3718765 4.3147065
5.11182 1.04478 3.09469
1.817217 2.3819713 4.315265
1.8296647 2.3713655 4.3220621
1.8292526 2.3754261 4.3179333
1.8207708 2.3814425 4.3211129
1.8346197 2.3833686 4.3184498
1.8280704 2.3734672 4.3272469
3.227771 2.3622671 2.3047598
3.2184778 2.3658199 2.287174
3.2233423 2.3716444 2.2892346
3.215834 2.3684838 2.2828781
3.2264319 2.3628495 2.291427
3.2180175 2.3650162 2.2869029
3.21995 2.3639429 2.2891874
1.9654289 2.2423473 3.7447482
1.9676356 2.241802 3.7477835
1.9664083 2.2383122 3.7455768
1.9607422 2.2413627 3.7451117
1.9647354 2.2420536 3.7473293
1.9646184 2.2426888 3.7448037
1.9648441 2.2421259 3.7453505
1.9608244 2.2355286 3.7510788
5.73846 2.24741 4.5022
3.53835 0.41469 5.89933
0.8462047 1.8047076 5.0100275
0.84506773 1.8052238 5.0121577
0.84963386 1.7999965 5.0129676
0.85031882 1.7987399 5.015694
0.83706103 1.8020043 5.0111985
0.83621468 1.8093745 5.0117273
0.85075361 1.8136935 5.0189551
3.23902 1.49648 3.43795
0.83809661 1.8063671 5.0117965
0.84567169 1.8057408 5.0120836
0.85218141 1.805825 5.0164905
0.84922716 1.8092275 5.0147683
0.84622888 1.8073815 5.009222
3.72055 2.64424 0.99162
0.84449417 1.8111371 5.0118765
5.88872 1.98969 1.73998
4.6790027 1.4166745 2.8329556
4.6831751 1.4018207 2.8281048
4.6771781 1.4029164 2.8351888
4.680741 1.4036581 2.8383593
4.6810678 1.4054157 2.8312626
4.6815421 1.406182 2.8324943
4.6806407 1.4100777 2.8303307
4.6863946 1.4070589 2.8297088
4.678738 1.397541 2.8246609
2.72018 1.4479 4.76417
4.030901 1.8612419 2.4476403
4.0309468 1.876787 2.4575407
4.0313415 1.8734978 2.4569969
4.0342101 1.8751133 2.458162
4.033449 1.870649 2.459473
4.030924 1.8714324 2.4564471
4.0317835 1.8695725 2.455682
4.0342494 1.8718915 2.4515289
4.0367221 1.863328 2.4547787
4.0252476 1.8682899 2.4604564
4.0239073 1.8791819 2.4513977
2.43731 1.24163 5.36143
4.9410431 2.7201858 5.1058941
4.53578 1.90256 1.31154
4.9591733 2.7248299 5.1196204
4.9149647 2.7149454 5.0831046
4.9442317 2.7135462 5.1106903
4.9463194 2.721827 5.1113636
4.9402137 2.7205296 5.1041415
4.9411395 2.7215215 5.108696
4.936399 2.7202265 5.1031191
4.9384284 2.7203104 5.1048571
4.9407152 2.7196405 5.1067993
4.9493808 2.7182313 5.1158596
4.9409983 2.7137019 5.1055842
3.24368 0.78438 4.60772
3.67756 0.68852 3.98738
4.9321193 2.711946 5.1060731
4.9419918 2.720069 5.1073271
1.8244757 0.83215188 2.1867906
1.8183682 0.82535201 2.1757989
1.8184102 0.83267091 2.1776645
1.8204501 0.83411832 2.1756908
1.8164133 0.83252723 2.1801083
1.8169009 0.83189696 2.1793745
1.8115404 0.8362751 2.1813857
1.8168581 0.82864005 2.1808093
1.8145536 0.82886064 2.1788998
1.8198843 0.83127525 2.1753336
1.8078412 0.83180869 2.183255
1.8150678 0.83745314 2.1898152
1.8166899 0.83410838 2.1805439
4.8499453 2.0614149 0.41480009
4.8477514 2.0688931 0.41064043
4.8478571 2.0542102 0.40638296
4.8444013 2.0617029 0.40467576
4.8517449 2.0622275 0.4076033
4.8494454 2.0643412 0.4051302
4.8576933 2.0582688 0.41470275
4.8590194 2.0661951 0.41062471
4.8474625 2.0575777 0.41081934
4.8478814 2.0577497 0.4109145
4.8499986 2.0621486 0.40897808
4.85023 2.0620967 0.40780821
4.8497358 2.0620999 0.40797085
4.8499779 2.0625889 0.40682257
4.8493312 2.0624022 0.40962018
4.8545675 2.0661961 0.41381276
4.8458551 2.0696121 0.40846063
4.8551355 2.0613874 0.409984
4.854564 2.0613524 0.40911896
4.8457035 2.0693553 0.40743108
4.8419616 2.0594713 0.40397237
4.8623365 2.0667081 0.4131451
4.8485478 2.0682131 0.41181854
4.8428461 2.0653033 0.41097851
4.8430097 2.062674 0.41018698
4.8548837 2.0587981 0.42568965
1.8282094 2.3733715 4.3188898
1.8257167 2.3737876 4.3193018
1.8303593 2.3739172 4.3221488
1.8233541 2.3770627 4.311715
1.8265479 2.3693133 4.3215017
1.8221687 2.3690847 4.3144799
1.8341584 2.3717991 4.3224625
1.8279145 2.372342 4.3190565
1.8264538 2.3719528 4.3176133
1.8290119 2.3740544 4.3187836
1.8286156 2.3710254 4.3192808
1.8234812 2.3743532 4.317348
1.8202576 2.3672399 4.3112249
1.8209705 2.3748077 4.3066556
1.8178649 2.3700813 4.317306
1.8233303 2.3845763 4.3074191
2.40623 0.64515 0.79368
3.1973414 2.3620378 2.2708822
3.2219146 2.3663686 2.2877715
3.227435 2.3688934 2.2979115
3.214695 2.3707497 2.2905322
3.2255804 2.362316 2.2911495
3.2140096 2.3610331 2.2852973
3.2177484 2.3640219 2.2861346
1.9632587 2.2426996 3.7438695
1.9658361 2.2382602 3.7488753
1.9661887 2.2402479 3.7502217
1.9636255 2.2422863 3.7461759
1.9608961 2.2407057 3.7486038
1.9575981 2.2452456 3.7410141
1.9660287 2.2435267 3.7431556
1.9711316 2.2454034 3.7528676
1.9585221 2.2456198 3.7443686
2.14469 1.41739 6.22674
0.83990532 1.8009946 5.0060989
0.84353695 1.8069361 5.0049643
0.85260236 1.809515 5.0135918
0.85230352 1.8079475 5.0078266
0.84616581 1.8076886 5.0112876
0.84714716 1.8150059 5.0172665
0.85171044 1.8057882 5.0143312
0.83216514 1.808217 5.003583
0.84403542 1.7989676 5.0098498
0.85766935 1.8123075 5.0147267
0.86019782 1.8095764 5.0129587
0.84621443 1.8007035 5.0076902
0.84473144 1.80657 5.0128069
0.83749278 1.8081006 5.0031827
0.84160328 1.8043769 5.009501
4.6760462 1.4058123 2.8410347
4.6827559 1.4065012 2.8328664
4.6796892 1.4063098 2.8351673
4.6862215 1.4033702 2.8353922
4.6899952 1.4058159 2.8306286
4.6871302 1.40875 2.8278941
4.6799659 1.4021079 2.8328369
4.6803402 1.4059663 2.8340122
4.6854682 1.4053751 2.8304796
4.6724735 1.4154967 2.8310432
4.0302368 1.872053 2.4577431
4.0268954 1.8729578 2.4591239
4.0317614 1.871865 2.4621173
4.0288165 1.871404 2.4571651
4.0343282 1.87295 2.4583289
4.0275761 1.8752801 2.4563716
4.026514 1.8726488 2.4549939
4.0376058 1.8693832 2.4595563
4.032697 1.8714134 2.4568249
4.036706 1.8753684 2.4605997
4.0250218 1.8767561 2.4501659
4.0267719 1.876723 2.4517897
4.9537253 2.720119 5.1133855
4.9480984 2.7202651 5.112984
4.947759 2.72517 5.1142329
4.9406752 2.7175907 5.1009926
4.9336981 2.719459 5.1025135
4.9538324 2.7178367 5.1120951
4.9582972 2.721362 5.1164878
4.9508912 2.7182257 5.1101323
4.95085 2.7167519 5.1092716
4.9464556 2.717679 5.1125783
4.9517683 2.7185854 5.1100185
4.9491293 2.7180713 5.1070477
4.9437163 2.7202873 5.1063253
4.9569796 2.7137695 5.1119373
4.9510805 2.7254678 5.1035298
4.9532586 2.72195 5.1225554
1.11169 1.20352 1.84974
4.9497111 2.7180776 5.1162332
1.821708 0.8328799 2.1772098
1.8116201 0.83027009 2.1806384
1.8162245 0.83091085 2.1829548
1.8227458 0.82441781 2.1789128
1.8248672 0.82575145 2.1740224
1.8183606 0.83288988 2.1796004
1.8139168 0.83228917 2.1844441
1.8065553 0.83362144 2.1841555
1.8177876 0.83383607 2.1788219
1.8176798 0.83281564 2.1808671
1.8223716 0.8295021 2.1803989
1.8190669 0.83259741 2.1798615
1.8214527 0.83046122 2.1750563
4.8447195 2.0611022 0.39266232
4.8539155 2.0563593 0.40625914
4.8486927 2.0546401 0.40335221
4.8499543 2.0537167 0.40500975
4.8476575 2.0663712 0.40627137
4.8457545 2.0607455 0.40813893
4.8496915 2.064204 0.41273448
4.8485912 2.0620361 0.40842314
4.8493095 2.0592314 0.41140112
4.8509286 2.0558833 0.41073238
4.8542498 2.0640692 0.41377563
4.8415216 2.0622811 0.40474374
4.8450378 2.0562588 0.40830684
4.8467966 2.0587045 0.41222333
4.8486863 2.0609127 0.40908129
4.8521118 2.0682497 0.41218
4.8493613 2.0625877 0.41638891
4.8445816 2.0584727 0.40775503
4.8513191 2.0642004 0.40164082
4.8445183 2.0693543 0.40745576
4.8403123 2.062362 0.39791499
4.8408844 2.0691403 0.40405012
4.8403766 2.0636585 0.40323008
4.8531185 2.0632116 0.41046527
4.8494955 2.0640064 0.4137922
4.8465192 2.0607058 0.39417436
1.8386899 2.3632878 4.3306972
1.8277492 2.3716706 4.3194106
1.8284121 2.3689498 4.3216809
1.8278276 2.368641 4.3220764
1.827175 2.3729846 4.3151698
1.8252398 2.3679738 4.3184199
1.8313584 2.374136 4.3195491
1.8285411 2.3742618 4.3202176
1.8302208 2.3746926 4.3211105
1.8274573 2.3720572 4.3165034
1.8291923 2.3720057 4.3169634
1.8185378 2.3740086 4.3148611
1.8184207 2.3738546 4.3139449
1.8282755 2.3760954 4.317392
1.8144526 2.3767027 4.3144682
1.8245163 2.3798255 4.3160161
1.8249816 2.375848 4.3127169
3.218269 2.3657305 2.2860649
3.2233604 2.3644279 2.2902251
3.218696 2.3643823 2.2886974
3.213932 2.369859 2.2870501
3.2261021 2.3594054 2.297346
3.2051913 2.3666161 2.2856851
3.2188964 2.3658129 2.2898292
1.9643259 2.2404252 3.7459488
1.9645106 2.2456866 3.7515793
1.9582693 2.2417014 3.746115
1.9644694 2.2384013 3.7470523
1.9536305 2.2450633 3.7384869
1.9621278 2.244788 3.7485594
1.9654328 2.243375 3.7444914
1.9719335 2.2496914 3.7465773
1.967189 2.2462442 3.7439335
0.84555771 1.8049362 5.0098918
0.84989011 1.8075101 5.0112825
0.84433939 1.8071932 5.010288
0.84766432 1.8071264 5.0070729
0.84280699 1.8156217 5.0083601
0.84356682 1.8025995 5.0217671
0.84924759 1.8057902 5.022202
0.85406507 1.8037227 5.01125
0.84723321 1.8052716 5.0151189
0.85190504 1.8106208 5.0106737
0.84556828 1.8124944 5.0059973
0.85413593 1.809314 5.0023625
1.78275 0.6791 1.03923
0.85648872 1.8096387 5.0121033
0.8461507 1.8010575 5.0167256
0.84926776 1.801689 5.0058884
0.7669 0.95036 2.43889
4.6847473 1.4066101 2.8300777
4.6808247 1.4064002 2.8299493
4.6838606 1.405204 2.8382164
4.6802674 1.4059956 2.8308141
4.6822102 1.4065122 2.8316535
4.6789585 1.4039073 2.8365627
4.6780367 1.4060065 2.8344972
4.684771 1.4005956 2.8309596
4.6823573 1.4060119 2.8318415
4.0349218 1.8816494 2.445334
4.0347538 1.8701932 2.4573643
4.0275407 1.8712819 2.450235
4.0316923 1.8729006 2.4574543
4.0303964 1.8729311 2.4565742
4.032023 1.8719684 2.4603356
4.0340583 1.8780675 2.4671417
4.0332969 1.8639093 2.461475
4.0261571 1.8706725 2.4585538
4.0295261 1.8712566 2.459816
4.0336866 1.8746162 2.4521448
4.0266272 1.8741438 2.4496261
3.523 1.28383 0.33669
4.9429046 2.7219388 5.1029398
4.9369786 2.7216889 5.1021275
4.9576945 2.7176563 5.1141371
4.9603413 2.713693 5.1228827
4.9518955 2.7112382 5.1151759
4.9299111 2.7191081 5.1029724
4.9325162 2.7238544 5.0996353
4.9508664 2.7195547 5.1079897
4.9436434 2.7205359 5.1092328
4.9398567 2.719581 5.10384
4.9417369 2.7201038 5.1067276
4.9332999 2.7271238 5.1043026
4.9632189 2.7328999 5.1229341
5.76 2.29871 0.90958
4.9320827 2.7153821 5.0936194
4.9497793 2.7184645 5.1114775
4.9494001 2.7218965 5.11543
1.811257 0.82912427 2.1860115
1.8163266 0.8351144 2.178796
1.8179802 0.83240897 2.1810055
1.8259012 0.83055859 2.1780976
1.825557 0.83450807 2.1656229
1.8243108 0.83544024 2.1670855
1.8117502 0.83703269 2.1895553
1.8150121 0.84199642 2.1778256
1.8155033 0.83213562 2.1847072
1.8187469 0.83212491 2.1769521
1.8181862 0.82836902 2.1845062
1.8191221 0.83107032 2.1872647
1.8287161 0.8376927 2.1706121
4.8474088 2.065732 0.4136316
4.8498747 2.0503546 0.4160651
4.8605903 2.0541806 0.4113674
4.8536115 2.0608332 0.40292077
4.8475832 2.0653787 0.40699203
4.8487112 2.0612127 0.40885641
4.8481721 2.0580941 0.41658451
4.8455176 2.0529044 0.40427095
4.8481243 2.0584027 0.41273949
4.8515492 2.0639253 0.40638745
4.8607199 2.0680553 0.4100631
4.8557546 2.0693652 0.42071603
4.8498928 2.0624681 0.40946021
4.8472683 2.0611306 0.40781877
4.848489 2.0662457 0.40602516
4.8491168 2.0607588 0.40906718
4.8476819 2.0617051 0.40790669
4.8472627 2.0621463 0.40849896
4.8567128 2.0717567 0.4178873
4.8454466 2.0605174 0.39964258
4.8556645 2.0584517 0.41571294
4.8591409 2.0627403 0.41919918
4.8523783 2.0627205 0.4120309
4.8659914 2.0627529 0.41425624
4.8480164 2.0605967 0.40941764
1.67124 2.75493 5.31494
1.8397284 2.3752096 4.3401469
1.8353422 2.3868398 4.3250238
1.8406974 2.3704025 4.3278298
1.8201915 2.366118 4.3086573
1.8286648 2.3624815 4.3109416
1.8340903 2.361266 4.32141
1.8209154 2.360885 4.3123781
1.8330581 2.3685917 4.3145034
1.8281661 2.3724232 4.31928
1.833787 2.3720314 4.3169208
1.8289586 2.3723315 4.3202781
1.8258105 2.3730315 4.3172147
1.8257758 2.3746615 4.3211089
1.824267 2.3766037 4.3181184
1.8261029 2.3723668 4.3176494
1.8267482 2.371116 4.3175721
4.62751 1.11536 0.2634
4.59699 1.22622 4.46599
3.2045966 2.3712351 2.2650472
3.2283743 2.366693 2.2830349
3.2112627 2.3647508 2.290631
3.2241697 2.3665354 2.2950379
3.2075226 2.364667 2.2914363
3.2231703 2.3658639 2.2933463
1.9477092 2.2441179 3.7248013
1.9782175 2.2499405 3.7566806
1.9659996 2.2320917 3.7424154
1.9662827 2.2454347 3.7444478
1.9528947 2.2425962 3.7385803
1.9576364 2.2511465 3.737945
1.9633002 2.2431996 3.7291574
1.9743861 2.2479575 3.7529821
1.9805222 2.2420335 3.7474669
0.84332658 1.8038222 5.0171063
0.85340845 1.8070946 5.0198337
0.85316495 1.8104337 5.0089824
0.85500377 1.8128752 5.0174396
0.84000638 1.8150611 5.0138127
0.83970448 1.7955288 5.0031788
0.83645005 1.8104457 5.0097508
0.85376139 1.802671 5.0112273
0.84689606 1.7950726 5.0124076
0.84663353 1.8051776 5.011436
0.84755546 1.8040525 5.0061219
0.84597917 1.8049569 5.0108575
0.84079112 1.8058506 5.0114896
0.83837366 1.8106777 5.0153031
0.84670493 1.8040017 5.0140429
1.69491 1.83944 3.9969
4.6822124 1.4066114 2.8314671
4.6848862 1.3935507 2.827085
4.6817753 1.4077578 2.8323118
4.6849473 1.4172978 2.8263573
4.6867012 1.3949606 2.8311734
4.6815515 1.4088802 2.8288805
4.6813717 1.4058764 2.8340903
4.6802256 1.4008496 2.8340043
4.6919606 1.3995493 2.8269777
4.6895873 1.395833 2.8242668
4.0311611 1.8756124 2.4504895
4.0287168 1.8728296 2.4569967
4.0296593 1.8764608 2.4505503
4.0346836 1.867501 2.456036
4.0330933 1.8711943 2.4566747
4.0200618 1.8765089 2.4505599
1.9644 0.61871 3.91516
4.0330505 1.8723044 2.4608894
4.0317227 1.8722301 2.4541262
4.031625 1.870397 2.4548893
4.0355275 1.8702298 2.4581648
4.0395604 1.874337 2.4522614
4.94115 2.71856 5.10463
1.04838 2.51464 4.93313
4.9400324 2.7156354 5.10714
4.9435494 2.7195823 5.1076744
4.9561787 2.712181 5.1158975
4.9669885 2.7107604 5.1266851
4.9251208 2.7110979 5.0847395
4.9476173 2.7219363 5.1135605
4.9431773 2.7203218 5.1063055
4.9353892 2.7214732 5.0962149
4.9425641 2.7200996 5.1076207
4.910011 2.7154704 5.0823564
4.9436826 2.726949 5.1133609
4.9430285 2.7187895 5.1069979
4.9408285 2.7121198 5.1131703
4.9367494 2.7154864 5.0984083
4.9494739 2.7164135 5.1158874
4.9496917 2.7242979 5.1013612
1.8176362 0.8332713 2.1820623
1.8136658 0.83360025 2.1829527
1.8161374 0.82812381 2.1926016
1.8075831 0.8377246 2.1890818
1.8215828 0.82290552 2.1703649
1.8177281 0.83240262 2.1813388
1.8087266 0.83554369 2.1875647
1.8029111 0.84118576 2.1887593
1.8306739 0.82719082 2.1819591
1.8184855 0.82585069 2.1768397
1.8220764 0.82569701 2.1749798
1.8143709 0.82610475 2.179503
1.8058873 0.82986618 2.1835966
