EulerAngles_0 EulerAngles_1 EulerAngles_2
4.4730907 2.4448997 5.2607223
4.4744965 2.4484941 5.2572984
4.4628033 2.4444696 5.2616823
4.4591873 2.4501159 5.2591756
4.4628033 2.4444696 5.2616823
4.4591873 2.4501159 5.2591756
4.4682734 2.437313 5.2654019
4.4671048 2.4454817 5.2631902
4.4605253 2.4474727 5.2594604
4.4671048 2.4454817 5.2631902
4.4605253 2.4474727 5.2594604
4.4638678 2.4453342 5.2602071
4.4641664 2.4485829 5.2534346
4.4776178 2.4490973 5.2634139
4.4637859 2.0293284 1.3568793
4.4662152 2.0287163 1.3582087
4.4659353 2.0268204 1.3606954
4.4658858 2.0231793 1.3624732
0 0 0
4.4658858 2.0231793 1.3624732
0 0 0
4.4687156 2.0282675 1.3611741
4.4694004 2.0282666 1.3604553
4.4746705 2.025831 1.3593747
4.4697061 2.0294337 1.360815
4.4746705 2.025831 1.3593747
4.4697061 2.0294337 1.360815
4.4685136 2.0272998 1.3626485
4.4659202 2.0272231 1.3601107
4.4664121 2.0254151 1.35488
0 0 0
4.4664121 2.0254151 1.35488
4.4682899 2.0254407 1.363395
4.4754194 2.0265338 1.3596696
4.4732649 2.0230431 1.3604948
4.4725819 2.0228656 1.3601919
0 0 0
4.4635686 2.0219423 1.3525558
4.4635686 2.0219423 1.3525558
2.178937 1.6576762 6.0955926
2.1790901 1.6521549 6.092625
2.1795924 1.6587427 6.0960706
2.1790229 1.6584629 6.0962295
2.1753878 1.6558325 6.0941257
2.1751674 1.6538963 6.0923189
2.1768757 1.6561452 6.0920591
2.1751674 1.6538963 6.0923189
0 0 0
0 0 0
2.1802149 1.654872 6.0967119
2.179225 1.6556574 6.1004004
2.1793899 1.655557 6.0959006
2.179225 1.6556574 6.1004004
2.1793899 1.655557 6.0959006
2.1798712 1.6563667 6.0887338
2.1795652 1.6504196 6.0990581
2.1791109 1.6499765 6.0919929
0 0 0
2.1791109 1.6499765 6.0919929
2.182315 1.6525848 6.0944404
2.1870101 1.6568191 6.0884536
2.1817478 1.6544518 6.0923353
3.8662504 1.8700696 3.017035
3.857072 1.8727098 3.0171145
3.8620811 1.8735358 3.0169905
3.8606207 1.8719014 3.0156079
3.8620811 1.8735358 3.0169905
3.8595236 1.870442 3.0108422
3.8610702 1.8719395 3.0144976
3.8595236 1.870442 3.0108422
3.8614731 1.8713416 3.014253
3.8585179 1.8711864 3.0144513
3.860698 1.8773206 3.0210459
3.8656497 1.8832054 3.020721
0 0 0
3.8656497 1.8832054 3.020721
3.8632245 1.8692546 3.0163561
3.8665094 1.8699936 3.0150124
1.8347513 2.670523 3.559082
1.8324058 2.6667554 3.5596858
1.8347513 2.670523 3.559082
1.8384596 2.6622675 3.5642094
1.8338426 2.6653164 3.5593117
1.8384596 2.6622675 3.5642094
1.8364786 2.6658701 3.5615265
1.8323661 2.6663171 3.5578152
1.8364786 2.6658701 3.5615265
1.841426 2.6646257 3.5680023
1.8473078 2.6627505 3.5755677
1.8338627 2.6665926 3.5643864
1.8408697 2.6650772 3.5660924
1.8239519 2.6654306 3.5491266
1.8382643 2.6719043 3.5698578
1.8239519 2.6654306 3.5491266
1.3418125 2.0162844 6.0873525
1.3521783 2.017291 6.0965833
0 0 0
1.3450658 2.0204199 6.0836111
1.3393693 2.0225384 6.0834012
1.3474909 2.0164704 6.0838061
1.3485638 2.0168014 6.0858226
1.3464284 2.0183901 6.0877289
1.3485638 2.0168014 6.0858226
1.3464284 2.0183901 6.0877289
1.3481311 2.0167887 6.0876369
1.347532 2.0192857 6.0868534
1.3447362 2.016695 6.0832406
1.347532 2.0192857 6.0868534
1.3447362 2.016695 6.0832406
1.3387848 2.0227013 6.090178
3.6443801 1.7150301 3.13535
0 0 0
3.6443801 1.7150301 3.13535
3.6425953 1.7104447 3.1348763
3.646982 1.7143761 3.139867
3.6458647 1.7116069 3.1378473
3.6463097 1.7178034 3.1383968
3.6460395 1.71875 3.1383549
3.6463097 1.7178034 3.1383968
3.7956322 2.6295662 2.0710839
3.7990858 2.6361167 2.0671543
3.7818402 2.626544 2.0664919
3.7821132 2.6306863 2.065541
3.7894924 2.6338057 2.0674964
3.7928808 2.6324351 2.0699178
3.7894924 2.6338057 2.0674964
3.7928808 2.6324351 2.0699178
3.7936389 2.6279742 2.0697234
4.4664341 2.4492343 5.2623721
4.4685102 2.4466633 5.2619235
4.4662805 2.4442831 5.2627667
4.4685102 2.4466633 5.2619235
4.4662805 2.4442831 5.2627667
4.4658492 2.4473149 5.2608688
4.4678529 2.440962 5.2628164
4.4695002 2.445588 5.2630731
4.4621231 2.4458513 5.2604946
4.4695002 2.445588 5.2630731
4.4621231 2.4458513 5.2604946
4.4640407 2.4445054 5.2593422
4.4594922 2.4437906 5.2525488
4.4644397 2.442204 5.2535573
4.4658316 2.0274477 1.3584128
4.465029 2.0303584 1.3603763
4.464208 2.0264777 1.3594052
4.4664724 2.024391 1.3605015
4.4661019 2.0231282 1.3599737
4.4664724 2.024391 1.3605015
4.4661019 2.0231282 1.3599737
4.4660709 2.0258995 1.3618748
4.4655376 2.0329732 1.359639
4.4660709 2.0258995 1.3618748
4.4680397 2.0287403 1.3607555
4.4657282 2.027214 1.3592842
4.4680397 2.0287403 1.3607555
4.4657282 2.027214 1.3592842
4.468221 2.0272918 1.3602795
4.467952 2.0240348 1.3580663
4.468221 2.0272918 1.3602795
4.467952 2.0240348 1.3580663
4.4674133 2.0256092 1.3594963
4.4675109 2.0243226 1.3603293
4.4710583 2.0213022 1.3587001
4.4720074 2.022063 1.359743
4.4710583 2.0213022 1.3587001
4.4736436 2.0273761 1.3605626
4.4719605 2.0296008 1.3572408
0 0 0
2.1791483 1.64685 6.0929171
2.1775392 1.6551714 6.0954095
2.1764768 1.6557298 6.0939946
2.1775392 1.6551714 6.0954095
2.1767085 1.6547631 6.0930951
2.1764494 1.6568404 6.0921097
2.1741072 1.6574705 6.0887527
2.1763099 1.6536646 6.0897879
2.1741072 1.6574705 6.0887527
2.1763099 1.6536646 6.0897879
2.1803199 1.6550145 6.095272
2.1783168 1.6540311 6.095375
2.1803199 1.6550145 6.095272
2.1783168 1.6540311 6.095375
2.1783435 1.6544364 6.0905529
2.1790531 1.6510014 6.0991805
2.179675 1.6509744 6.0964684
2.1814381 1.6526942 6.0954543
2.1825088 1.6536157 6.0924108
2.1814381 1.6526942 6.0954543
2.1825088 1.6536157 6.0924108
2.17948 1.653588 6.0955592
0 0 0
3.8604957 1.8690297 3.0122794
3.8616774 1.8689182 3.0151541
3.8630192 1.8707255 3.0164417
3.8635872 1.8696644 3.017503
3.8630192 1.8707255 3.0164417
3.8635872 1.8696644 3.017503
3.8642574 1.866028 3.0192185
3.8626424 1.871547 3.0154992
3.8599749 1.8734799 3.0153997
3.8626424 1.871547 3.0154992
3.8599749 1.8734799 3.0153997
3.8633937 1.8746361 3.0217108
3.8624569 1.8708639 3.0164605
3.8597007 1.8686035 3.0160179
3.8631199 1.8696284 3.0145956
1.8442808 2.6660795 3.5649361
1.8431491 2.6658539 3.5642397
1.837162 2.6681118 3.5590734
1.8339447 2.6610492 3.5569782
1.8356136 2.6654406 3.5581086
1.8359531 2.6676664 3.5597689
1.8375492 2.6673424 3.5630313
1.8359531 2.6676664 3.5597689
1.8375492 2.6673424 3.5630313
1.8348754 2.6632497 3.5632984
1.8387302 2.6621417 3.5681036
1.8396991 2.6625225 3.5607143
1.8319908 2.663982 3.5541252
1.8272578 2.6635008 3.5503892
1.8261827 2.6643268 3.5492576
1.8272578 2.6635008 3.5503892
1.3419445 2.0165463 6.0887891
1.3450264 2.0139696 6.082672
1.3512361 2.0139629 6.0933453
1.3436673 2.0162182 6.0865559
1.3452592 2.0157916 6.0852833
1.3470946 2.0155231 6.0829268
1.3469827 2.014599 6.0871443
1.3436638 2.0167641 6.0885303
1.3442443 2.0162509 6.088648
1.3436638 2.0167641 6.0885303
1.3442443 2.0162509 6.088648
1.3432233 2.0174659 6.0856425
1.3437875 2.0185537 6.0850086
1.3421437 2.0167762 6.0851165
1.3400651 2.0180804 6.0835767
1.3398452 2.0205166 6.0836591
3.6436349 1.7144001 3.1359348
3.6436349 1.7144001 3.1359348
3.6452506 1.7156513 3.1349178
3.646643 1.7132198 3.1356434
3.6506096 1.7176493 3.1358784
3.6460029 1.710684 3.1409838
3.6454243 1.7143883 3.1415133
3.6460029 1.710684 3.1409838
3.6454243 1.7143883 3.1415133
3.6457233 1.716559 3.1420665
3.7939658 2.6277672 2.0710334
3.7912166 2.6280102 2.0690791
3.7873762 2.6322011 2.0661594
3.7907355 2.6333086 2.0673559
3.7916901 2.6331537 2.0682022
3.7907355 2.6333086 2.0673559
3.7916901 2.6331537 2.0682022
3.8033817 2.6218099 2.0814528
4.4573924 2.4410987 5.2520905
4.4701204 2.4483809 5.2615926
4.4671304 2.4473194 5.2624248
4.4701204 2.4483809 5.2615926
4.4671304 2.4473194 5.2624248
4.4685018 2.4473797 5.2634881
4.4656237 2.4428741 5.2607739
4.4648746 2.4460234 5.2593648
4.4605253 2.4474727 5.2594604
4.4648746 2.4460234 5.2593648
4.4605253 2.4474727 5.2594604
4.4638678 2.4453342 5.2602071
4.4673716 2.450146 5.2606449
4.4776178 2.4490973 5.2634139
4.4645863 2.0270616 1.3555875
4.466252 2.0295391 1.3610439
4.4662667 2.0246717 1.3609489
4.4697254 2.0241573 1.3635152
4.4662667 2.0246717 1.3609489
4.4697254 2.0241573 1.3635152
4.4715375 2.0207135 1.3633765
4.4672523 2.0249644 1.3634306
4.468145 2.0242109 1.3632081
4.4672523 2.0249644 1.3634306
4.4697061 2.0294337 1.360815
4.4655136 2.0287666 1.359994
4.4649135 2.0279231 1.3612493
4.4655136 2.0287666 1.359994
4.4659202 2.0272231 1.3601107
4.4674067 2.0249563 1.3595598
4.4669357 2.0260102 1.3593086
4.4666101 2.0266716 1.3592367
4.4669357 2.0260102 1.3593086
4.4666101 2.0266716 1.3592367
4.4716234 2.0223494 1.3596723
4.4725819 2.0228656 1.3601919
4.4716234 2.0223494 1.3596723
4.4725819 2.0228656 1.3601919
4.4706249 2.0253925 1.3562334
0 0 0
2.1791811 1.6454426 6.0952282
2.1778291 1.6544826 6.0942117
2.1770167 1.6558465 6.0919955
2.1778291 1.6544826 6.0942117
2.1770167 1.6558465 6.0919955
2.1753257 1.6554413 6.0950382
2.1744199 1.655738 6.0932897
2.1761505 1.6528968 6.0934748
2.1780708 1.6545619 6.0963379
2.1802149 1.654872 6.0967119
2.1800055 1.6548262 6.0978667
2.1793052 1.6544081 6.095627
2.1800055 1.6548262 6.0978667
2.1793052 1.6544081 6.095627
2.1815284 1.6539747 6.0899313
2.1795652 1.6504196 6.0990581
2.1793158 1.6510385 6.0960608
2.1795652 1.6504196 6.0990581
2.182078 1.654832 6.0919313
2.1829889 1.6556629 6.0920873
2.1824173 1.6553601 6.0914243
2.1817478 1.6544518 6.0923353
3.8662504 1.8700696 3.017035
3.8580177 1.868505 3.0128465
3.8624123 1.8700284 3.0163461
3.8610386 1.8693069 3.0172219
3.8624123 1.8700284 3.0163461
3.8610386 1.8693069 3.0172219
3.8625593 1.8678062 3.0186287
3.8651837 1.8707488 3.0121883
3.8651175 1.8693575 3.0132681
3.8585179 1.8711864 3.0144513
3.8598878 1.8726826 3.0181851
3.8585179 1.8711864 3.0144513
3.8618465 1.8716555 3.0173913
3.8637177 1.870722 3.0155602
3.8632245 1.8692546 3.0163561
3.8665094 1.8699936 3.0150124
1.8381997 2.6629028 3.5725737
1.8358497 2.6641859 3.5673372
1.8332051 2.6645301 3.5642092
1.8386827 2.6647729 3.5643768
1.8370299 2.6652632 3.5595567
1.8376514 2.6666432 3.5605911
1.8364786 2.6658701 3.5615265
1.8376514 2.6666432 3.5605911
1.8364786 2.6658701 3.5615265
1.8341452 2.6623777 3.5609367
1.8368882 2.6637283 3.5589981
1.8390721 2.66162 3.5611742
1.8368882 2.6637283 3.5589981
1.8390721 2.66162 3.5611742
1.8350584 2.661371 3.5583813
0 0 0
1.3418125 2.0162844 6.0873525
1.342785 2.0141108 6.078861
1.3444671 2.0157014 6.081971
1.3375442 2.0052722 6.0681546
1.3476619 2.018531 6.0857529
1.3476715 2.0176876 6.0850823
1.3459149 2.0150271 6.0878567
1.3434586 2.0167492 6.0886073
1.3459149 2.0150271 6.0878567
1.3434586 2.0167492 6.0886073
1.3450502 2.0150679 6.0885728
1.3450361 2.0157618 6.0864676
1.3442203 2.0157563 6.0861102
1.3440336 2.0196616 6.0845989
1.3429347 2.0185193 6.0845753
0 0 0
3.6446963 1.7157902 3.1360317
3.6453398 1.7156004 3.1362989
3.6482284 1.7163929 3.1355517
3.6457803 1.7177868 3.1363373
3.6450233 1.7158495 3.1395679
3.6457996 1.7120789 3.1388963
3.6457725 1.7146485 3.1390452
3.6457996 1.7120789 3.1388963
3.6457725 1.7146485 3.1390452
3.6456047 1.7163184 3.1389883
3.6470747 1.7172659 3.1426198
3.7854414 2.6257063 2.0638949
3.7883583 2.6276246 2.0656515
3.7854414 2.6257063 2.0638949
3.7922014 2.6313185 2.0705172
3.7890577 2.6292822 2.0661909
3.7906645 2.6279634 2.0672071
3.7915388 2.6292466 2.0699522
4.4631953 2.4420031 5.2625497
4.4692741 2.4481748 5.263382
4.469948 2.4469983 5.2636776
4.4726486 2.4431974 5.2624901
4.469948 2.4469983 5.2636776
4.4726486 2.4431974 5.2624901
4.470143 2.4446471 5.2593972
4.4658709 2.4489901 5.2645427
4.4621231 2.4458513 5.2604946
4.4658709 2.4489901 5.2645427
4.4621231 2.4458513 5.2604946
4.4680822 2.4435134 5.264591
4.4683181 2.4401791 5.2613649
4.4645195 2.4520005 5.2654752
4.4700236 2.0298672 1.3548372
4.467205 2.0269018 1.3612134
4.4682559 2.0275615 1.361987
4.4720096 2.025067 1.3659659
4.4679419 2.0253317 1.3645272
4.4720096 2.025067 1.3659659
4.4679419 2.0253317 1.3645272
4.4660709 2.0258995 1.3618748
4.4685177 2.0269176 1.3638263
4.4660709 2.0258995 1.3618748
4.4680397 2.0287403 1.3607555
4.4664516 2.0274334 1.3609581
4.4677175 2.0265776 1.3633601
4.4664516 2.0274334 1.3609581
4.4677175 2.0265776 1.3633601
4.4675418 2.0242187 1.3662731
4.4648884 2.0242912 1.3578392
4.4655949 2.0260323 1.3586528
4.4648884 2.0242912 1.3578392
4.4655949 2.0260323 1.3586528
4.4673907 2.0270624 1.3618475
4.4723468 2.024572 1.3636846
4.4722978 2.0269129 1.3610347
4.4668924 2.0277979 1.365872
4.4719605 2.0296008 1.3572408
2.1826872 1.6533891 6.0895173
2.1805029 1.6560385 6.0906887
2.1769316 1.6521518 6.0932614
2.1791471 1.6537994 6.0910617
2.1798423 1.6509709 6.0926586
2.1791471 1.6537994 6.0910617
2.1798423 1.6509709 6.0926586
2.1791856 1.6503756 6.0935464
2.1741602 1.6529852 6.0945315
2.1775217 1.6550797 6.0952728
2.1801271 1.6554107 6.0956802
2.1803199 1.6550145 6.095272
2.1801271 1.6554107 6.0956802
2.1803199 1.6550145 6.095272
2.1776594 1.6533466 6.0967487
2.1771017 1.6541154 6.09418
2.1782505 1.650553 6.0965934
2.1786667 1.6511387 6.0972056
2.1793973 1.6529949 6.0975039
2.1796871 1.6532264 6.0943024
2.1798215 1.6539276 6.0945369
2.1792527 1.6523324 6.0942534
2.17948 1.653588 6.0955592
3.8631943 1.8743704 3.0190338
3.8635445 1.8726996 3.0195999
3.8636975 1.8703736 3.0168946
3.8635445 1.8726996 3.0195999
3.8636975 1.8703736 3.0168946
3.8654855 1.8700453 3.0166376
3.8625232 1.8701225 3.0135901
3.8651032 1.8717483 3.0131569
3.8654791 1.8724979 3.0135436
3.8651032 1.8717483 3.0131569
3.8654791 1.8724979 3.0135436
3.8675306 1.8714209 3.0156124
3.8670874 1.8720744 3.0185844
3.8679318 1.8730758 3.0216002
3.8617182 1.8725194 3.0160091
3.8630446 1.8728949 3.0161461
1.837495 2.6622502 3.5686509
1.8408848 2.6633986 3.570247
1.8354032 2.6664382 3.5648601
1.8411073 2.6648153 3.5659615
1.8354032 2.6664382 3.5648601
1.8411073 2.6648153 3.5659615
1.838586 2.6663735 3.5643072
1.8442253 2.6654484 3.5669656
1.8332727 2.666317 3.5572532
1.8402738 2.6606942 3.564177
1.8332727 2.666317 3.5572532
1.8396991 2.6625225 3.5607143
1.8407627 2.6622276 3.5647468
1.8272578 2.6635008 3.5503892
1.8407627 2.6622276 3.5647468
0 0 0
1.3433015 2.0131531 6.0853291
1.3430271 2.0119645 6.0770116
1.3444763 2.0113447 6.0821562
1.34425 2.0129471 6.0829011
1.3459471 2.011671 6.0848858
1.34435 2.0174219 6.0874255
1.3461599 2.0158645 6.0878795
1.3436638 2.0167641 6.0885303
1.3442443 2.0162509 6.088648
1.3436638 2.0167641 6.0885303
1.3442443 2.0162509 6.088648
1.3422019 2.0182905 6.0843649
1.3439946 2.019 6.0863665
1.3422019 2.0182905 6.0843649
1.3439946 2.019 6.0863665
1.3398452 2.0205166 6.0836591
3.6436474 1.7150919 3.1313796
3.6517943 1.7174569 3.138035
3.6506096 1.7176493 3.1358784
3.6447495 1.7163538 3.1386787
3.6506096 1.7176493 3.1358784
3.6441092 1.7140406 3.1400848
3.6449103 1.7131097 3.1417378
3.6441092 1.7140406 3.1400848
3.6464522 1.7153247 3.1410697
3.6433964 1.718122 3.138022
3.6471694 1.7112205 3.1357167
3.645374 1.7117875 3.1369251
3.7968548 2.6261279 2.0721664
3.7878214 2.6234541 2.0639327
3.7947658 2.6296234 2.0697763
3.7901141 2.6298691 2.0667582
3.7901074 2.6300242 2.0669785
3.7920433 2.6295429 2.0714566
4.4573924 2.4410987 5.2520905
4.4709247 2.4428861 5.2627626
4.4735319 2.4424469 5.2636951
4.4711972 2.4441421 5.2631857
4.4735319 2.4424469 5.2636951
4.4666651 2.4491963 5.2627973
4.4677366 2.4455591 5.2602248
4.4666651 2.4491963 5.2627973
4.4677137 2.448347 5.26622
4.4677233 2.4485991 5.2662879
4.4647667 2.4414583 5.2588414
4.4667159 2.4444579 5.2596019
4.4646767 2.4456382 5.2609585
4.4667159 2.4444579 5.2596019
4.464999 2.0271175 1.3642056
4.4648679 2.0262641 1.3631904
4.464999 2.0271175 1.3642056
4.4687794 2.0281513 1.3641124
4.4663966 2.0242044 1.3613317
4.4661133 2.0255384 1.3625957
4.4663966 2.0242044 1.3613317
4.4672523 2.0249644 1.3634306
4.468145 2.0242109 1.3632081
4.4672523 2.0249644 1.3634306
4.466779 2.026823 1.3595581
4.4655136 2.0287666 1.359994
4.4649135 2.0279231 1.3612493
4.4660427 2.0246212 1.3647572
4.4664323 2.024928 1.3644533
4.4660427 2.0246212 1.3647572
4.464919 2.0245312 1.3601112
4.4663847 2.0255342 1.3606273
4.464919 2.0245312 1.3601112
4.4663847 2.0255342 1.3606273
4.4685215 2.0267213 1.359711
4.4698607 2.0291021 1.3648146
4.4686213 2.0252747 1.3616448
4.4666981 2.0278462 1.3669552
4.4686213 2.0252747 1.3616448
2.180943 1.6552962 6.0948006
2.1785828 1.6546909 6.0914205
2.1778291 1.6544826 6.0942117
2.1792091 1.6525408 6.0905542
2.1791946 1.6520369 6.092195
2.1792091 1.6525408 6.0905542
2.1791946 1.6520369 6.092195
2.1775914 1.6529739 6.0941279
2.1772487 1.6499203 6.0951474
2.1816033 1.6568733 6.0952659
2.179714 1.6552911 6.0961117
2.1801628 1.6544726 6.096168
2.1779766 1.6539503 6.0970196
2.1787264 1.6550996 6.0929821
2.1779766 1.6539503 6.0970196
2.1787264 1.6550996 6.0929821
2.1783561 1.6550984 6.0904258
2.1821993 1.6527914 6.0920305
2.1827323 1.6533948 6.091174
2.1821993 1.6527914 6.0920305
2.1827323 1.6533948 6.091174
2.1807871 1.6540363 6.0932989
2.1832673 1.6544589 6.0957448
3.8622467 1.8755027 3.0169442
3.8632671 1.8702238 3.0216185
3.8629765 1.8705038 3.0169892
3.8632671 1.8702238 3.0216185
3.8629765 1.8705038 3.0169892
3.8651988 1.8710636 3.017993
3.864072 1.8663085 3.0162684
3.8650256 1.8707653 3.0176431
3.8642168 1.871272 3.0168055
3.8646526 1.8705818 3.0174018
3.8630198 1.8706663 3.0176
3.8646526 1.8705818 3.0174018
3.8630198 1.8706663 3.0176
3.8637681 1.8715412 3.0191144
3.8627761 1.8722634 3.018205
3.8656213 1.8718291 3.0185407
1.8323709 2.6644393 3.5611348
1.8349074 2.6636524 3.5643849
1.8340349 2.6641294 3.5641688
1.8408453 2.6638577 3.566124
1.8362939 2.6672509 3.5621538
1.8408453 2.6638577 3.566124
1.8362939 2.6672509 3.5621538
1.8344298 2.6642268 3.5600997
1.8330391 2.6662419 3.5577113
1.8376456 2.6634711 3.5598674
1.8330391 2.6662419 3.5577113
1.8390721 2.66162 3.5611742
1.8368882 2.6637283 3.5589981
1.8390721 2.66162 3.5611742
1.8350584 2.661371 3.5583813
1.8306971 2.6614735 3.554084
1.3436076 2.0120258 6.0789977
1.3437027 2.0133567 6.0813601
1.3472004 2.0126849 6.0847338
1.3437027 2.0133567 6.0813601
1.3472004 2.0126849 6.0847338
1.3434776 2.0179498 6.0850612
1.3448792 2.0168039 6.0837239
1.3434586 2.0167492 6.0886073
1.3448792 2.0168039 6.0837239
1.3434586 2.0167492 6.0886073
1.3450502 2.0150679 6.0885728
1.3439925 2.0160503 6.0842889
1.343358 2.0181893 6.0854292
1.3433863 2.0177303 6.0858157
1.344372 2.016895 6.0885999
1.3418279 2.0148897 6.0883429
3.6493919 1.7162525 3.1410071
3.6476503 1.718642 3.1399015
3.6499815 1.7179701 3.1370321
3.6457803 1.7177868 3.1363373
3.6474047 1.7105126 3.1409367
3.6442306 1.7151459 3.1385521
3.6474047 1.7105126 3.1409367
3.6442306 1.7151459 3.1385521
3.6442335 1.7131225 3.1358081
3.642887 1.7138799 3.1363185
3.6434165 1.7136895 3.1347801
3.642887 1.7138799 3.1363185
3.6434165 1.7136895 3.1347801
3.7991569 2.6288127 2.07357
3.7976405 2.6300806 2.072221
3.7921178 2.6291775 2.0684595
3.7889263 2.6286647 2.0651187
3.7874671 2.6276103 2.065867
4.4631953 2.4420031 5.2625497
4.4674343 2.443455 5.2609647
4.4675016 2.4444227 5.2590479
4.4676006 2.4453472 5.2602349
4.4670429 2.4469242 5.2605053
4.4697389 2.4478995 5.2656921
4.4670429 2.4469242 5.2605053
4.4697389 2.4478995 5.2656921
4.4661594 2.446653 5.2645522
4.4660808 2.4478056 5.2640055
4.4643439 2.44196 5.2607767
4.4651218 2.4438484 5.261298
4.4647523 2.4434443 5.2646372
4.4672465 2.4453409 5.267009
4.4682559 2.0275615 1.361987
4.467205 2.0269018 1.3612134
4.4682559 2.0275615 1.361987
4.4647635 2.0209392 1.359178
4.4659813 2.0232299 1.3623522
4.4647635 2.0209392 1.359178
4.4659813 2.0232299 1.3623522
4.4678859 2.0276136 1.3625956
4.4670167 2.0251927 1.3590255
4.4647497 2.0250491 1.3574446
4.4644931 2.0260894 1.3580093
4.4664516 2.0274334 1.3609581
4.4677175 2.0265776 1.3633601
4.4664516 2.0274334 1.3609581
4.4677175 2.0265776 1.3633601
4.4652273 2.025063 1.3599072
4.4638589 2.0256604 1.3605301
4.4663033 2.0251018 1.3618669
4.4638589 2.0256604 1.3605301
4.4663033 2.0251018 1.3618669
4.4676337 2.0265945 1.3613535
4.4687832 2.0306394 1.3625922
4.4667522 2.026059 1.3642287
4.4668924 2.0277979 1.365872
2.1805029 1.6560385 6.0906887
2.1826872 1.6533891 6.0895173
2.1805029 1.6560385 6.0906887
2.1769316 1.6521518 6.0932614
2.1790059 1.653279 6.0913995
2.1797558 1.6537331 6.0910102
2.1790059 1.653279 6.0913995
2.1797558 1.6537331 6.0910102
2.1791856 1.6503756 6.0935464
2.1807644 1.6515448 6.0964823
2.181024 1.6544277 6.0939962
2.1807644 1.6515448 6.0964823
2.181024 1.6544277 6.0939962
2.1776594 1.6533466 6.0967487
2.1785408 1.6541721 6.0933575
2.1776594 1.6533466 6.0967487
2.1785408 1.6541721 6.0933575
2.17923 1.6544549 6.0935223
2.1802111 1.6516943 6.0903857
2.1808713 1.6528005 6.0918062
2.1820187 1.6517188 6.096002
2.1808713 1.6528005 6.0918062
2.1820187 1.6517188 6.096002
2.1808431 1.6543579 6.0937036
2.1807075 1.6525726 6.0952017
3.8635445 1.8726996 3.0195999
3.8624221 1.8693205 3.0160546
3.8635445 1.8726996 3.0195999
3.8624221 1.8693205 3.0160546
3.863222 1.8694664 3.019088
3.8625232 1.8701225 3.0135901
3.8651032 1.8717483 3.0131569
3.8654791 1.8724979 3.0135436
3.8630412 1.8701683 3.0172468
3.8654791 1.8724979 3.0135436
3.8630412 1.8701683 3.0172468
3.8670874 1.8720744 3.0185844
3.8679318 1.8730758 3.0216002
3.8614116 1.8689324 3.0151789
3.8642804 1.8699746 3.015793
1.8441861 2.6662084 3.5729701
1.8408848 2.6633986 3.570247
1.8354032 2.6664382 3.5648601
1.8411073 2.6648153 3.5659615
1.8354032 2.6664382 3.5648601
1.8411073 2.6648153 3.5659615
1.841501 2.6664236 3.5658461
1.8390974 2.6668663 3.5633318
1.8332727 2.666317 3.5572532
1.8390974 2.6668663 3.5633318
1.8332727 2.666317 3.5572532
1.8390896 2.6678611 3.5639463
1.8429787 2.6672348 3.5649991
1.8435469 2.6678674 3.5669541
1.8429787 2.6672348 3.5649991
1.8435469 2.6678674 3.5669541
1.8377087 2.662904 3.5630776
1.3430271 2.0119645 6.0770116
1.3453406 2.0144153 6.0826035
1.3440433 2.0146011 6.0812887
1.3474607 2.0126893 6.084466
1.34435 2.0174219 6.0874255
1.3461599 2.0158645 6.0878795
1.3454472 2.0174915 6.0886219
1.3461599 2.0158645 6.0878795
1.3454472 2.0174915 6.0886219
1.3426026 2.0159819 6.0838626
1.3422019 2.0182905 6.0843649
1.3431684 2.0143754 6.0819474
1.3437815 2.0143332 6.0838545
1.3450246 2.0132314 6.0857591
1.3454874 2.0131202 6.0862733
3.6492478 1.7163173 3.1396657
3.6495236 1.7159511 3.1380732
3.6472956 1.7149283 3.1379111
3.6447495 1.7163538 3.1386787
3.6470315 1.7110945 3.1397145
3.6460441 1.7117097 3.1389571
3.6470315 1.7110945 3.1397145
3.6459561 1.7166091 3.1388608
3.6464875 1.7161556 3.138311
3.6445164 1.7144859 3.1367565
3.6468781 1.7146371 3.1359066
3.6473371 1.7150851 3.1381949
3.6485818 1.7150371 3.1390937
3.6473371 1.7150851 3.1381949
3.798572 2.6303235 2.0747616
3.7901141 2.6298691 2.0667582
3.7901074 2.6300242 2.0669785
3.7845089 2.6270905 2.0603229
4.4633212 2.4416766 5.2628325
4.4709247 2.4428861 5.2627626
4.4608408 2.4430671 5.2562545
4.4711972 2.4441421 5.2631857
4.4673361 2.4443986 5.2616623
4.4666651 2.4491963 5.2627973
4.4673361 2.4443986 5.2616623
4.4666651 2.4491963 5.2627973
4.4677137 2.448347 5.26622
4.4654915 2.4471743 5.2630809
4.4647667 2.4414583 5.2588414
4.4654915 2.4471743 5.2630809
4.4646767 2.4456382 5.2609585
4.4667159 2.4444579 5.2596019
4.4646767 2.4456382 5.2609585
4.4648679 2.0262641 1.3631904
4.464999 2.0271175 1.3642056
4.4638781 2.0214297 1.3587533
4.4663966 2.0242044 1.3613317
4.4638781 2.0214297 1.3587533
4.4663966 2.0242044 1.3613317
4.4661133 2.0255384 1.3625957
4.4689694 2.0241009 1.3616054
4.4684661 2.0258425 1.3615973
4.468463 2.0250145 1.3560674
4.4669003 2.0262443 1.3614323
4.4681717 2.0256186 1.3626205
4.4660427 2.0246212 1.3647572
4.4664323 2.024928 1.3644533
4.4660427 2.0246212 1.3647572
4.464919 2.0245312 1.3601112
4.4663847 2.0255342 1.3606273
4.464919 2.0245312 1.3601112
4.4663847 2.0255342 1.3606273
4.4685215 2.0267213 1.359711
4.4696013 2.0276313 1.3594753
4.4662638 2.0235734 1.3643544
4.4666981 2.0278462 1.3669552
2.1785828 1.6546909 6.0914205
2.1808007 1.6552563 6.0931077
2.1816096 1.6532048 6.0927658
2.1810361 1.6523842 6.093852
2.1803489 1.652064 6.0942144
2.1791946 1.6520369 6.092195
2.1803489 1.652064 6.0942144
2.1791946 1.6520369 6.092195
2.1796695 1.6514445 6.094408
2.1788746 1.6497474 6.0962089
2.1796695 1.6514445 6.094408
2.1788746 1.6497474 6.0962089
2.1781617 1.6509725 6.0934403
2.1819465 1.6539256 6.0956192
2.1787264 1.6550996 6.0929821
2.1845495 1.6546088 6.0949062
2.1787264 1.6550996 6.0929821
2.1845495 1.6546088 6.0949062
2.1821993 1.6527914 6.0920305
2.1827323 1.6533948 6.091174
2.1821993 1.6527914 6.0920305
2.1827323 1.6533948 6.091174
2.1807871 1.6540363 6.0932989
2.1826438 1.6552656 6.0934331
2.1822679 1.6549699 6.094781
3.8632671 1.8702238 3.0216185
3.8629765 1.8705038 3.0169892
3.8632671 1.8702238 3.0216185
3.8629765 1.8705038 3.0169892
3.8651988 1.8710636 3.017993
3.8644687 1.8690787 3.0152456
3.8650256 1.8707653 3.0176431
3.8642168 1.871272 3.0168055
3.8646526 1.8705818 3.0174018
3.8630198 1.8706663 3.0176
3.8646526 1.8705818 3.0174018
3.8630198 1.8706663 3.0176
3.8637681 1.8715412 3.0191144
3.8603634 1.8720487 3.013457
1.8349074 2.6636524 3.5643849
1.8323709 2.6644393 3.5611348
1.8349074 2.6636524 3.5643849
1.8340349 2.6641294 3.5641688
1.8408453 2.6638577 3.566124
1.8362939 2.6672509 3.5621538
1.8408453 2.6638577 3.566124
1.8362939 2.6672509 3.5621538
1.8345203 2.6657799 3.5596332
1.8330391 2.6662419 3.5577113
1.8345203 2.6657799 3.5596332
1.8330391 2.6662419 3.5577113
1.8412086 2.6701425 3.5647262
1.8417689 2.6650432 3.5642862
1.8466378 2.6664415 3.5697025
1.8417689 2.6650432 3.5642862
1.8466378 2.6664415 3.5697025
1.8406992 2.6637769 3.5669338
1.3464168 2.0190284 6.0853373
1.3476422 2.0160864 6.0853553
1.3457436 2.0170594 6.0831606
1.346959 2.0159259 6.0838006
1.3434776 2.0179498 6.0850612
1.3448792 2.0168039 6.0837239
1.3434776 2.0179498 6.0850612
1.3448792 2.0168039 6.0837239
1.3427688 2.0177473 6.0836707
1.3455246 2.0140172 6.0856576
1.3439925 2.0160503 6.0842889
1.3430755 2.0164232 6.0820263
1.3438309 2.0146964 6.0837913
1.3447839 2.0136435 6.0847441
1.346504 2.0116197 6.086702
3.6465016 1.7165928 3.136777
3.6469318 1.7144583 3.1381187
3.6458695 1.7125091 3.1379488
3.646336 1.710465 3.1390686
3.6474047 1.7105126 3.1409367
3.6475094 1.7120289 3.1380547
3.6474047 1.7105126 3.1409367
3.6476126 1.7151882 3.1377802
3.6493338 1.7143998 3.1382965
3.642887 1.7138799 3.1363185
3.6434165 1.7136895 3.1347801
3.6495618 1.7164108 3.1380756
3.6504507 1.7166602 3.1392437
3.6489565 1.7144161 3.1408338
3.7976405 2.6300806 2.072221
3.7921178 2.6291775 2.0684595
3.7889263 2.6286647 2.0651187
3.7874671 2.6276103 2.065867
4.4673104 2.44445 5.261365
4.4674343 2.443455 5.2609647
4.4675016 2.4444227 5.2590479
4.4676006 2.4453472 5.2602349
4.4670429 2.4469242 5.2605053
4.4697389 2.4478995 5.2656921
4.4670429 2.4469242 5.2605053
4.4697389 2.4478995 5.2656921
4.4661594 2.446653 5.2645522
4.4660808 2.4478056 5.2640055
4.4643439 2.44196 5.2607767
4.4651218 2.4438484 5.261298
4.4647523 2.4434443 5.2646372
4.4672465 2.4453409 5.267009
4.4647523 2.4434443 5.2646372
4.4693915 2.0245416 1.3599998
4.4712522 2.0256909 1.3613236
4.4647635 2.0209392 1.359178
4.4659813 2.0232299 1.3623522
4.4647635 2.0209392 1.359178
4.4659813 2.0232299 1.3623522
4.4689569 2.025076 1.360796
4.4682933 2.024307 1.3606579
4.4689569 2.025076 1.360796
4.4682933 2.024307 1.3606579
4.4684638 2.0254415 1.3608367
4.4696691 2.0244104 1.3627604
4.4684638 2.0254415 1.3608367
4.4696691 2.0244104 1.3627604
4.4652273 2.025063 1.3599072
4.4638589 2.0256604 1.3605301
4.4663033 2.0251018 1.3618669
4.4638589 2.0256604 1.3605301
4.4663033 2.0251018 1.3618669
4.4676337 2.0265945 1.3613535
4.4643918 2.0252388 1.3590495
4.4638746 2.0261506 1.3577738
4.464445 2.0247572 1.3565744
2.1721689 1.6529524 6.0883083
2.1793906 1.6528358 6.0939986
2.1807812 1.6525739 6.0935169
2.1793512 1.6522307 6.0944962
2.1807812 1.6525739 6.0935169
2.1793512 1.6522307 6.0944962
2.1790059 1.653279 6.0913995
2.1797558 1.6537331 6.0910102
2.1828041 1.6518446 6.0934944
2.1797083 1.6503134 6.0947568
2.1828041 1.6518446 6.0934944
2.1797083 1.6503134 6.0947568
2.181024 1.6544277 6.0939962
2.1809971 1.6542831 6.0951881
2.1785408 1.6541721 6.0933575
2.1809971 1.6542831 6.0951881
2.1785408 1.6541721 6.0933575
2.17923 1.6544549 6.0935223
2.1802111 1.6516943 6.0903857
2.1808713 1.6528005 6.0918062
2.1820187 1.6517188 6.096002
2.1808713 1.6528005 6.0918062
2.1820187 1.6517188 6.096002
2.1818748 1.6528645 6.0966613
2.1792007 1.6525387 6.0894705
3.864199 1.8677167 3.0187553
3.8624221 1.8693205 3.0160546
3.863222 1.8694664 3.019088
3.8624221 1.8693205 3.0160546
3.863222 1.8694664 3.019088
3.8635171 1.8675336 3.0152979
3.8634126 1.8696566 3.0162787
3.8623319 1.8687318 3.0167136
3.8630412 1.8701683 3.0172468
3.861745 1.8681143 3.0179144
3.8630412 1.8701683 3.0172468
3.861745 1.8681143 3.0179144
3.8618779 1.869315 3.0160405
3.8597462 1.8716765 3.0117612
1.842468 2.6641611 3.5699627
1.8441861 2.6662084 3.5729701
1.842468 2.6641611 3.5699627
1.84109 2.6664577 3.568739
1.8353908 2.6652757 3.56002
1.8316318 2.6651237 3.5594758
1.8278386 2.6695508 3.5574313
1.8310782 2.6676928 3.5638494
1.8278386 2.6695508 3.5574313
1.8310782 2.6676928 3.5638494
1.8390974 2.6668663 3.5633318
1.8370782 2.665855 3.5614423
1.8390896 2.6678611 3.5639463
1.8429787 2.6672348 3.5649991
1.8435469 2.6678674 3.5669541
1.8429787 2.6672348 3.5649991
1.8435469 2.6678674 3.5669541
1.8435169 2.6680722 3.5686175
1.3475076 2.0174537 6.0834821
1.3473901 2.0161559 6.0845176
1.3475076 2.0174537 6.0834821
1.3473901 2.0161559 6.0845176
1.3435843 2.0185468 6.0808311
1.3435107 2.0170436 6.082997
1.3412445 2.0191574 6.0828619
1.3477004 2.0165447 6.0898625
1.345754 2.0186754 6.0909828
1.3477004 2.0165447 6.0898625
1.3447191 2.0149174 6.0833885
1.3431684 2.0143754 6.0819474
1.3437815 2.0143332 6.0838545
1.3450246 2.0132314 6.0857591
1.3454874 2.0131202 6.0862733
3.6471222 1.7153053 3.1337967
3.6472976 1.7155321 3.1367025
3.6458946 1.7140103 3.1372418
3.6472976 1.7155321 3.1367025
3.6470315 1.7110945 3.1397145
3.6460441 1.7117097 3.1389571
3.6470315 1.7110945 3.1397145
3.6459561 1.7166091 3.1388608
3.6464875 1.7161556 3.138311
3.6445164 1.7144859 3.1367565
3.6468781 1.7146371 3.1359066
3.6473371 1.7150851 3.1381949
3.6485818 1.7150371 3.1390937
3.6473371 1.7150851 3.1381949
0 0 0
3.8017903 2.6294022 2.0781379
3.7888257 2.6294735 2.0646959
3.7845089 2.6270905 2.0603229
4.4642232 2.4448387 5.2588305
4.4615438 2.4432392 5.2572113
4.4608408 2.4430671 5.2562545
4.4646849 2.4448822 5.2600051
4.4673361 2.4443986 5.2616623
4.4715563 2.4471677 5.2657176
4.4673361 2.4443986 5.2616623
4.4715563 2.4471677 5.2657176
4.4639364 2.4461391 5.258955
4.4654915 2.4471743 5.2630809
4.4639364 2.4461391 5.258955
4.4654915 2.4471743 5.2630809
4.4624357 2.443813 5.2631902
4.4678385 2.4442515 5.2649284
4.4639744 2.4442944 5.2625869
4.4653461 2.026929 1.3607343
4.4684162 2.0271988 1.3606348
4.4666307 2.0260552 1.359048
4.4681041 2.0258478 1.3581724
4.4646257 2.0258195 1.3581023
4.4652943 2.024411 1.3624655
4.4717724 2.0268596 1.3642628
4.4689694 2.0241009 1.3616054
4.4717724 2.0268596 1.3642628
4.468463 2.0250145 1.3560674
4.4681533 2.0269545 1.3587633
4.4691789 2.0300887 1.3641966
4.4685889 2.0273305 1.3626763
4.467824 2.0281683 1.3612621
4.4669878 2.0272674 1.3598199
4.4645182 2.0257925 1.3621512
4.4663162 2.0250421 1.3630173
4.4645182 2.0257925 1.3621512
4.4663162 2.0250421 1.3630173
4.4678034 2.0245507 1.3619191
4.4681724 2.0277766 1.36056
4.4689905 2.0293426 1.3605632
0 0 0
2.1790933 1.6533674 6.0921327
2.1808007 1.6552563 6.0931077
2.1816096 1.6532048 6.0927658
2.1810361 1.6523842 6.093852
2.1803489 1.652064 6.0942144
2.1810361 1.6523842 6.093852
2.1803489 1.652064 6.0942144
2.1806979 1.6524899 6.091983
2.1818638 1.653897 6.0931185
2.1795277 1.653302 6.0937744
2.1818638 1.653897 6.0931185
2.1795277 1.653302 6.0937744
2.1793903 1.6548824 6.0911868
2.1816123 1.6546912 6.092391
2.1793903 1.6548824 6.0911868
2.1816123 1.6546912 6.092391
2.1811769 1.6526247 6.0915763
2.1845495 1.6546088 6.0949062
2.1812991 1.6524829 6.0929336
2.1798717 1.6521436 6.0902575
2.1827625 1.6518218 6.0922249
2.1798717 1.6521436 6.0902575
2.1827625 1.6518218 6.0922249
2.1831211 1.6529559 6.0898316
2.1841095 1.650707 6.0918885
3.8645651 1.8676597 3.0174094
3.8645493 1.8707334 3.0154428
3.8633821 1.8684768 3.0122068
3.8645493 1.8707334 3.0154428
3.8633821 1.8684768 3.0122068
3.8644687 1.8690787 3.0152456
3.863631 1.8689379 3.0158001
3.8614031 1.8692602 3.0169974
3.8620803 1.8697216 3.017429
3.8602675 1.8673788 3.018177
3.8620803 1.8697216 3.017429
3.8602675 1.8673788 3.018177
3.8639915 1.8704646 3.0147538
3.8603634 1.8720487 3.013457
1.8302269 2.6647085 3.5591741
1.8326892 2.6653038 3.5596645
1.8340084 2.6660849 3.558929
1.834002 2.6662947 3.5564191
1.8359617 2.666201 3.5576186
1.8346169 2.6650077 3.5589293
1.8399201 2.6638639 3.5650095
1.83037 2.666446 3.5609891
1.8326032 2.6653656 3.5621829
1.83037 2.666446 3.5609891
1.8340712 2.668806 3.5600206
1.837749 2.6715462 3.5622091
1.8412086 2.6701425 3.5647262
1.8423396 2.6673504 3.5667697
1.8466378 2.6664415 3.5697025
1.8423396 2.6673504 3.5667697
1.8466378 2.6664415 3.5697025
1.8381639 2.6654842 3.5682614
1.8379619 2.6660483 3.5617402
1.3476422 2.0160864 6.0853553
1.3416575 2.0165995 6.0815699
1.3450156 2.0175471 6.0854421
1.3416575 2.0165995 6.0815699
1.342108 2.0126531 6.0830912
1.3467653 2.0142267 6.086803
1.3467599 2.0129579 6.0871284
1.3467653 2.0142267 6.086803
1.3467599 2.0129579 6.0871284
1.3448089 2.0152717 6.0868373
1.3430755 2.0164232 6.0820263
1.3438309 2.0146964 6.0837913
1.3447839 2.0136435 6.0847441
3.6460803 1.706748 3.1313156
3.6465016 1.7165928 3.136777
3.6469318 1.7144583 3.1381187
3.6444558 1.7125135 3.1392311
3.646336 1.710465 3.1390686
3.6444558 1.7125135 3.1392311
3.6475094 1.7120289 3.1380547
3.6493338 1.7143998 3.1382965
3.6476126 1.7151882 3.1377802
3.6493338 1.7143998 3.1382965
3.6458314 1.715734 3.1351619
3.6486797 1.7169428 3.1352179
3.6495618 1.7164108 3.1380756
3.6504507 1.7166602 3.1392437
3.6489565 1.7144161 3.1408338
3.6504507 1.7166602 3.1392437
3.8009251 2.6294079 2.0774898
3.7862996 2.627966 2.0625275
3.7871306 2.6271103 2.0631179
4.4654324 2.445955 5.2581758
4.4644406 2.4463012 5.2605078
4.4608243 2.4451866 5.2567905
4.4644406 2.4463012 5.2605078
4.4678554 2.444416 5.2617182
4.4610788 2.4459926 5.259087
4.4678554 2.444416 5.2617182
4.4720622 2.4449246 5.2659816
4.466188 2.4429814 5.2604349
4.4644249 2.4460782 5.2636982
4.4620445 2.4448757 5.258202
4.4609005 2.4451574 5.2584633
4.4628478 2.4446288 5.2601412
4.4609005 2.4451574 5.2584633
4.4628478 2.4446288 5.2601412
4.4646588 2.0272583 1.360436
4.4692633 2.0280001 1.3578037
4.4678452 2.0274726 1.3589459
4.4692633 2.0280001 1.3578037
4.4681812 2.0279424 1.3601507
4.4684045 2.0265028 1.3619952
4.4689569 2.025076 1.360796
4.4682933 2.024307 1.3606579
4.4689569 2.025076 1.360796
4.4682933 2.024307 1.3606579
4.4695593 2.0251669 1.3668757
4.4665345 2.0287523 1.3639681
4.4695593 2.0251669 1.3668757
4.4665345 2.0287523 1.3639681
4.4692419 2.0269507 1.3640188
4.4674856 2.0237831 1.3593865
4.4677335 2.0238322 1.3606324
4.4721259 2.0265056 1.3614191
4.4677335 2.0238322 1.3606324
4.4721259 2.0265056 1.3614191
4.4643918 2.0252388 1.3590495
4.467865 2.0270477 1.3619601
0 0 0
2.1804571 1.6517562 6.0916871
2.1793906 1.6528358 6.0939986
2.1807812 1.6525739 6.0935169
2.1793512 1.6522307 6.0944962
2.1807812 1.6525739 6.0935169
2.1793512 1.6522307 6.0944962
2.1790037 1.6542801 6.0937763
2.1839191 1.6511573 6.0900894
2.1828041 1.6518446 6.0934944
2.1810842 1.6551803 6.0942745
2.1828041 1.6518446 6.0934944
2.1810842 1.6551803 6.0942745
2.1818417 1.6552162 6.0939747
2.1807497 1.6569652 6.0937861
2.1800983 1.6515634 6.0913289
2.1793985 1.6556437 6.0913167
2.1800983 1.6515634 6.0913289
2.179049 1.6516986 6.0958548
2.1786779 1.6488801 6.0936021
2.176289 1.6516366 6.0911559
2.1786779 1.6488801 6.0936021
2.176289 1.6516366 6.0911559
2.1823478 1.6517761 6.0918202
2.1802845 1.6538532 6.0888448
2.1792007 1.6525387 6.0894705
2.1844672 1.646926 6.0915968
3.8615791 1.8734596 3.0195851
3.8625942 1.8681929 3.0147605
3.8626304 1.8679835 3.0170994
3.8625942 1.8681929 3.0147605
3.8626304 1.8679835 3.0170994
3.8624032 1.8694493 3.0188085
3.8622172 1.8728863 3.0202437
3.8625223 1.8723879 3.0161931
3.861639 1.8673742 3.0162471
3.8625223 1.8723879 3.0161931
3.861639 1.8673742 3.0162471
3.8636415 1.8660081 3.0145679
1.8367895 2.6655051 3.5633945
1.8305038 2.6670781 3.5580946
1.8313702 2.6662763 3.5592013
1.8374805 2.6658701 3.5602275
1.8346422 2.6651852 3.5583021
1.8416187 2.6623892 3.5647891
1.8346422 2.6651852 3.5583021
1.8416187 2.6623892 3.5647891
1.837954 2.666776 3.5657971
1.8350478 2.6686489 3.5597136
1.837954 2.666776 3.5657971
1.8350478 2.6686489 3.5597136
1.8306883 2.6690636 3.5571869
1.8288915 2.667461 3.5553826
1.8294465 2.6687227 3.5562103
1.8406565 2.6644673 3.5663534
1.8294465 2.6687227 3.5562103
1.8406565 2.6644673 3.5663534
1.8450369 2.6635234 3.5726729
1.8379619 2.6660483 3.5617402
1.8317472 2.6719031 3.5576698
1.3475076 2.0174537 6.0834821
1.3403958 2.0175105 6.0850228
1.3395182 2.0150317 6.0816858
1.3408628 2.0147411 6.0834714
1.3451172 2.0185266 6.0859719
1.3450759 2.0156243 6.0849515
1.3451172 2.0185266 6.0859719
1.3450759 2.0156243 6.0849515
1.3452208 2.0185276 6.084978
1.3461644 2.017367 6.0856748
1.3425718 2.0122056 6.084815
0 0 0
3.6431238 1.7101401 3.1325716
3.6433991 1.7125781 3.1330826
3.6461033 1.7148707 3.1387194
3.6458946 1.7140103 3.1372418
3.6461033 1.7148707 3.1387194
3.6458946 1.7140103 3.1372418
3.6470476 1.7156551 3.1398057
3.649144 1.7129269 3.1361107
3.6469433 1.7153333 3.1371999
3.649144 1.7129269 3.1361107
3.6446947 1.7184047 3.1378154
3.6436165 1.7180741 3.136703
3.647297 1.7167712 3.136569
3.6436165 1.7180741 3.136703
3.6468858 1.7149362 3.1381924
3.6499565 1.7169321 3.1405253
3.6468858 1.7149362 3.1381924
3.6499565 1.7169321 3.1405253
3.6394848 1.7167003 3.1395881
4.4738173 2.443765 5.2623859
4.4736707 2.4452291 5.2658859
4.4587681 2.4430557 5.2553174
4.4635085 2.4461603 5.2594281
4.4587681 2.4430557 5.2553174
4.4635085 2.4461603 5.2594281
4.4660909 2.4451106 5.2597169
4.4700848 2.4416049 5.2632183
4.4639364 2.4461391 5.258955
4.4643828 2.4439542 5.2584672
4.4624576 2.4442574 5.2591299
4.4616382 2.4441377 5.2583592
4.4624576 2.4442574 5.2591299
4.4616382 2.4441377 5.2583592
4.4624191 2.4432358 5.2600386
4.4653461 2.026929 1.3607343
4.4663824 2.0287589 1.3591875
4.4665965 2.0280448 1.35939
4.4663824 2.0287589 1.3591875
4.46749 2.0280186 1.3633186
4.4681936 2.0266278 1.3627579
4.4717724 2.0268596 1.3642628
4.4689993 2.0265266 1.3630092
4.4717724 2.0268596 1.3642628
4.4652082 2.0246779 1.3624192
4.4651562 2.025147 1.3643465
4.4652082 2.0246779 1.3624192
4.4651562 2.025147 1.3643465
4.4688065 2.0266462 1.3609911
4.4681162 2.0252244 1.3614118
4.4671203 2.0258227 1.3607623
4.4680515 2.0267747 1.361566
4.4671203 2.0258227 1.3607623
4.4680515 2.0267747 1.361566
4.4708521 2.0284954 1.3615626
4.4681724 2.0277766 1.36056
4.4689905 2.0293426 1.3605632
4.4663971 2.0234382 1.3651027
2.1804055 1.6623626 6.0982002
2.1778964 1.6521827 6.0953908
2.1787892 1.6544643 6.0958739
2.1798499 1.6530281 6.0951477
2.1820327 1.6519194 6.0897267
2.1798499 1.6530281 6.0951477
2.1820327 1.6519194 6.0897267
2.1821229 1.6525419 6.0923197
2.1818638 1.653897 6.0931185
2.1795277 1.653302 6.0937744
2.1818638 1.653897 6.0931185
2.1795277 1.653302 6.0937744
2.1793903 1.6548824 6.0911868
2.1816123 1.6546912 6.092391
2.1793903 1.6548824 6.0911868
2.1816123 1.6546912 6.092391
2.1811769 1.6526247 6.0915763
2.1809057 1.6555211 6.0937184
2.1818683 1.6491086 6.093189
2.1825814 1.6522178 6.0944776
2.1818683 1.6491086 6.093189
2.1786129 1.6552183 6.0908282
2.1838554 1.652146 6.0895749
2.1831211 1.6529559 6.0898316
2.1841095 1.650707 6.0918885
2.1851498 1.6503043 6.0913486
3.8620893 1.8710953 3.0138337
3.8629176 1.8697034 3.0158697
3.8620893 1.8710953 3.0138337
3.8625653 1.8712652 3.0141875
3.8640471 1.8672745 3.0146782
3.8638847 1.8713125 3.0187662
3.8632231 1.8728161 3.0197362
3.867897 1.8728649 3.0168194
3.8615142 1.8665734 3.0143583
3.867897 1.8728649 3.0168194
3.8615142 1.8665734 3.0143583
3.8636444 1.8652613 3.0147774
1.8408563 2.6626444 3.5663
1.8302269 2.6647085 3.5591741
1.8326892 2.6653038 3.5596645
1.8340084 2.6660849 3.558929
1.834002 2.6662947 3.5564191
1.8359617 2.666201 3.5576186
1.8346169 2.6650077 3.5589293
1.8399201 2.6638639 3.5650095
1.83037 2.666446 3.5609891
1.836012 2.6674699 3.5607166
1.8334934 2.6683614 3.561262
1.836012 2.6674699 3.5607166
1.8334934 2.6683614 3.561262
1.829422 2.6652099 3.5546732
1.8314644 2.667993 3.5576678
1.829422 2.6652099 3.5546732
1.8314644 2.667993 3.5576678
1.8325267 2.6692538 3.5591961
1.8435182 2.6641574 3.5703037
1.8379619 2.6660483 3.5617402
1.826983 2.6655367 3.550671
1.3408923 2.0163945 6.0850224
1.3383473 2.0181345 6.0845868
1.3408923 2.0163945 6.0850224
1.3427657 2.0158154 6.0844829
1.3467653 2.0142267 6.086803
1.3467599 2.0129579 6.0871284
1.3467653 2.0142267 6.086803
1.3467599 2.0129579 6.0871284
1.3448089 2.0152717 6.0868373
1.3423438 2.0196173 6.0836431
1.3483765 2.0128476 6.0846088
1.3435796 2.01461 6.0791407
3.6461415 1.7153021 3.1375644
3.6470856 1.7161933 3.1386145
3.6461415 1.7153021 3.1375644
3.6444558 1.7125135 3.1392311
3.6477211 1.7153402 3.1396504
3.6444558 1.7125135 3.1392311
3.6477211 1.7153402 3.1396504
3.6492987 1.7157498 3.1366506
3.6475118 1.7152516 3.1356932
3.6463441 1.7153741 3.1331389
3.6447043 1.7180775 3.1359014
3.6449984 1.7147331 3.1358042
3.6461609 1.7155741 3.1358802
3.6455484 1.7164454 3.135326
3.6457737 1.716285 3.1355528
3.6455484 1.7164454 3.135326
3.6457737 1.716285 3.1355528
3.6480307 1.7165331 3.1383771
3.6401969 1.7143684 3.1367161
4.4654324 2.445955 5.2581758
4.4644406 2.4463012 5.2605078
4.4608243 2.4451866 5.2567905
4.4644406 2.4463012 5.2605078
4.4608243 2.4451866 5.2567905
4.4610788 2.4459926 5.259087
4.4631428 2.4447417 5.2566304
4.4685404 2.4448922 5.2599951
4.466188 2.4429814 5.2604349
4.4657585 2.4435494 5.2593157
4.4617915 2.4443696 5.2591294
4.4657585 2.4435494 5.2593157
4.4617915 2.4443696 5.2591294
4.4650472 2.4428151 5.2610305
4.4628478 2.4446288 5.2601412
4.4721401 2.4405563 5.2667002
4.4701334 2.0283724 1.3609415
4.4672104 2.0270575 1.3600267
4.4677646 2.0272417 1.3610214
4.4680046 2.0273986 1.3639685
4.4665074 2.0245293 1.3624043
4.4672187 2.0272195 1.3644092
4.4665074 2.0245293 1.3624043
4.4712436 2.0262727 1.366067
4.4672972 2.0230797 1.3645219
4.4695593 2.0251669 1.3668757
4.4665345 2.0287523 1.3639681
4.4695593 2.0251669 1.3668757
4.4665345 2.0287523 1.3639681
4.4692419 2.0269507 1.3640188
4.4674856 2.0237831 1.3593865
4.4677335 2.0238322 1.3606324
4.4721259 2.0265056 1.3614191
4.4677335 2.0238322 1.3606324
4.4721259 2.0265056 1.3614191
4.4685499 2.0269363 1.3594481
4.4631012 2.0244268 1.3594087
4.4670591 2.0214957 1.3668145
2.1802337 1.6529928 6.0942859
2.1788298 1.6532265 6.095318
2.1802337 1.6529928 6.0942859
2.1825828 1.6536102 6.091831
2.1813542 1.6534259 6.0899376
2.1814672 1.6543951 6.0927039
2.1813542 1.6534259 6.0899376
2.1811236 1.6546751 6.0947112
2.1831227 1.6550281 6.093709
2.1810842 1.6551803 6.0942745
2.1831227 1.6550281 6.093709
2.1810842 1.6551803 6.0942745
2.1818417 1.6552162 6.0939747
2.1807497 1.6569652 6.0937861
2.1800983 1.6515634 6.0913289
2.1793985 1.6556437 6.0913167
2.1800983 1.6515634 6.0913289
2.1820773 1.6552851 6.0929359
2.1786779 1.6488801 6.0936021
2.179049 1.6516986 6.0958548
2.1786779 1.6488801 6.0936021
2.1761892 1.6516181 6.0919547
2.1765966 1.6555954 6.0902107
2.18419 1.6513103 6.0922657
2.1851265 1.6492317 6.0945817
2.1844672 1.646926 6.0915968
0 0 0
3.8627758 1.8711809 3.0136961
3.8631541 1.8733848 3.013921
3.8625942 1.8681929 3.0147605
3.8626304 1.8679835 3.0170994
3.8661689 1.8733428 3.0152877
3.8633782 1.8746942 3.0161871
3.8676826 1.8728822 3.0180843
3.8641959 1.873648 3.0179611
3.8676826 1.8728822 3.0180843
3.8585449 1.8637161 3.011271
0 0 0
1.8367895 2.6655051 3.5633945
1.8282846 2.6667183 3.5551975
1.8261856 2.6669501 3.5541753
1.8356038 2.6658493 3.562857
1.8346422 2.6651852 3.5583021
1.8356038 2.6658493 3.562857
1.8346422 2.6651852 3.5583021
1.8416187 2.6623892 3.5647891
1.837954 2.666776 3.5657971
1.8401476 2.6684577 3.5657511
1.8359797 2.6683124 3.5636955
1.8401476 2.6684577 3.5657511
1.8359797 2.6683124 3.5636955
1.8305082 2.6679445 3.5580426
1.8294465 2.6687227 3.5562103
1.8363399 2.6699041 3.5660326
1.8294465 2.6687227 3.5562103
1.8363399 2.6699041 3.5660326
1.8315029 2.6685738 3.5614491
1.835368 2.6706152 3.5571074
1.8317472 2.6719031 3.5576698
1.8268608 2.6705176 3.5492884
0 0 0
1.3395182 2.0150317 6.0816858
1.3476604 2.01977 6.0890125
1.3451172 2.0185266 6.0859719
1.3450759 2.0156243 6.0849515
1.3451172 2.0185266 6.0859719
1.3450759 2.0156243 6.0849515
1.3452208 2.0185276 6.084978
1.3445416 2.0180777 6.083396
1.3463417 2.0197878 6.0842133
1.3404121 2.0176711 6.0789542
3.6455696 1.7143203 3.1373915
3.6464806 1.7139126 3.1377425
3.6455696 1.7143203 3.1373915
3.6450096 1.7130306 3.1386365
3.6461033 1.7148707 3.1387194
3.6513 1.7137179 3.1400562
3.6472576 1.7145057 3.1415714
3.6513 1.7137179 3.1400562
3.6472576 1.7145057 3.1415714
3.646963 1.7128969 3.1347066
3.6446947 1.7184047 3.1378154
3.6436165 1.7180741 3.136703
3.6443048 1.7176731 3.1368709
3.6451628 1.7156897 3.1365644
3.6445898 1.7186576 3.1357953
3.6451628 1.7156897 3.1365644
3.6445898 1.7186576 3.1357953
3.6463054 1.7176712 3.13525
3.6394848 1.7167003 3.1395881
4.4738173 2.443765 5.2623859
4.4736707 2.4452291 5.2658859
4.4753923 2.441176 5.2689668
4.4635085 2.4461603 5.2594281
4.4753923 2.441176 5.2689668
4.4635085 2.4461603 5.2594281
4.4703193 2.4438328 5.2638401
4.469558 2.4446356 5.260574
4.4673102 2.4448806 5.261634
4.4639349 2.4434626 5.2582563
4.4624576 2.4442574 5.2591299
4.4639349 2.4434626 5.2582563
4.4624576 2.4442574 5.2591299
4.4616382 2.4441377 5.2583592
4.4624191 2.4432358 5.2600386
4.4659814 2.443058 5.2613418
4.4678365 2.0271158 1.3628768
4.4655202 2.0262937 1.3607865
4.4666562 2.0260718 1.3618887
4.4657527 2.0274323 1.3610523
4.4675569 2.0260847 1.3623715
4.4657527 2.0274323 1.3610523
4.4666775 2.024621 1.3616723
4.4674596 2.030307 1.3615592
4.4652082 2.0246779 1.3624192
4.4651562 2.025147 1.3643465
4.4652082 2.0246779 1.3624192
4.4651562 2.025147 1.3643465
4.4688065 2.0266462 1.3609911
4.4681162 2.0252244 1.3614118
4.4671203 2.0258227 1.3607623
4.4680515 2.0267747 1.361566
4.4671203 2.0258227 1.3607623
4.4680515 2.0267747 1.361566
4.4663497 2.0243252 1.3592621
4.4671157 2.0235201 1.3623861
4.4663497 2.0243252 1.3592621
4.4611274 2.0223358 1.3597492
2.1809662 1.6535178 6.0942067
2.1786947 1.6535972 6.0953513
2.1809662 1.6535178 6.0942067
2.1813369 1.6534265 6.0925544
2.1820327 1.6519194 6.0897267
2.1815471 1.6543953 6.0932559
2.1820327 1.6519194 6.0897267
2.1826138 1.6541646 6.0953539
2.1823195 1.6533625 6.0928533
2.1797054 1.6540949 6.0943618
2.1823195 1.6533625 6.0928533
2.1797054 1.6540949 6.0943618
2.1788179 1.6531336 6.0895027
2.1787671 1.6540205 6.0900956
2.1797725 1.651787 6.0910539
2.1809057 1.6555211 6.0937184
2.1797725 1.651787 6.0910539
2.1809057 1.6555211 6.0937184
2.1818683 1.6491086 6.093189
2.1825814 1.6522178 6.0944776
2.1818683 1.6491086 6.093189
2.1815079 1.6517037 6.094696
2.1797374 1.6533279 6.0926478
2.1815079 1.6517037 6.094696
2.1797374 1.6533279 6.0926478
2.1822317 1.6518041 6.0974803
0 0 0
3.8629176 1.8697034 3.0158697
3.8618079 1.8716209 3.0121514
3.8625653 1.8712652 3.0141875
3.8648725 1.8745025 3.0152436
3.8662357 1.8739481 3.0163659
3.8630973 1.8718477 3.0143966
3.8667121 1.8728939 3.0174574
3.865264 1.8705909 3.0158085
3.8667121 1.8728939 3.0174574
3.8627317 1.8643452 3.0144316
1.8285307 2.664956 3.5562042
1.8408563 2.6626444 3.5663
1.8309692 2.6655082 3.5589422
1.8355338 2.6633359 3.5627742
1.8309692 2.6655082 3.5589422
1.8355338 2.6633359 3.5627742
1.8355058 2.6642446 3.5612167
1.8306616 2.6627522 3.5581584
1.826993 2.6677597 3.554269
1.8384207 2.6654301 3.5638159
1.836012 2.6674699 3.5607166
1.8334934 2.6683614 3.561262
1.836012 2.6674699 3.5607166
1.8334934 2.6683614 3.561262
1.834522 2.6661689 3.562055
1.8314644 2.667993 3.5576678
1.829422 2.6652099 3.5546732
1.8314644 2.667993 3.5576678
1.8353143 2.6663241 3.568079
1.8307788 2.6685762 3.559122
1.8352023 2.6632374 3.55916
1.826983 2.6655367 3.550671
1.8226527 2.6701564 3.5475395
0 0 0
1.3408923 2.0163945 6.0850224
1.3427657 2.0158154 6.0844829
1.3438596 2.018098 6.08619
1.3438763 2.0162341 6.0871974
1.3439031 2.0184982 6.0846777
1.3438763 2.0162341 6.0871974
1.3448618 2.019196 6.084108
1.3433227 2.0194217 6.0838651
1.3448618 2.019196 6.084108
1.3435796 2.01461 6.0791407
3.6461074 1.7145718 3.1386827
3.6474664 1.7142613 3.1378274
3.6461074 1.7145718 3.1386827
3.6470856 1.7161933 3.1386145
3.6477211 1.7153402 3.1396504
3.6492987 1.7157498 3.1366506
3.6477211 1.7153402 3.1396504
3.6492987 1.7157498 3.1366506
3.6480425 1.714523 3.138327
3.6463441 1.7153741 3.1331389
3.6436196 1.7091371 3.1343239
3.6445448 1.7110577 3.1352815
3.6436196 1.7091371 3.1343239
3.6455484 1.7164454 3.135326
3.6430368 1.7136626 3.1350307
3.6455484 1.7164454 3.135326
3.6442178 1.7187602 3.1361509
3.6439941 1.7164582 3.1356518
3.6440382 1.7195663 3.1452976
4.4690402 2.4432775 5.2674253
4.471299 2.4436159 5.2651004
4.4735758 2.4415767 5.267864
4.471299 2.4436159 5.2651004
4.4735758 2.4415767 5.267864
4.4695383 2.4449881 5.2624311
4.4666338 2.4458193 5.2616731
4.4700419 2.4446503 5.2624649
4.4690704 2.4440533 5.2618526
4.465195 2.4443085 5.2583258
4.4617915 2.4443696 5.2591294
4.465195 2.4443085 5.2583258
4.4617915 2.4443696 5.2591294
4.4650472 2.4428151 5.2610305
4.4652741 2.4423089 5.2634657
4.4721401 2.4405563 5.2667002
4.4672384 2.0262865 1.3622622
4.4652722 2.0259723 1.3601621
4.4677646 2.0272417 1.3610214
4.4636677 2.028781 1.3587738
4.4635198 2.0279677 1.3594895
4.4636677 2.028781 1.3587738
4.4635198 2.0279677 1.3594895
4.4644322 2.029386 1.3598232
4.4678578 2.0329358 1.3590085
4.4690117 2.0328188 1.360429
4.4678578 2.0329358 1.3590085
4.4690117 2.0328188 1.360429
4.4671575 2.0270009 1.3627012
4.462392 2.0275151 1.358005
4.4665416 2.0271893 1.3598198
4.4679662 2.0253727 1.3613306
4.4693332 2.0268366 1.3627184
4.468392 2.0222834 1.3643804
4.4666963 2.023203 1.3623978
4.4639933 2.0238276 1.3598124
4.4625249 2.0236688 1.3598201
4.4639933 2.0238276 1.3598124
2.1794662 1.6516196 6.0947195
2.1785515 1.6512394 6.0937372
2.1801004 1.6513708 6.0942821
2.1798552 1.6520904 6.0947822
2.1813542 1.6534259 6.0899376
2.178695 1.6548233 6.0925783
2.1813542 1.6534259 6.0899376
2.1811236 1.6546751 6.0947112
2.1801164 1.6536485 6.0925327
2.1781825 1.6536521 6.0939043
2.1801164 1.6536485 6.0925327
2.1781825 1.6536521 6.0939043
2.1783289 1.6526666 6.0950616
2.1819537 1.6527353 6.0908336
2.1831778 1.6518068 6.0935403
2.1820773 1.6552851 6.0929359
2.1826868 1.6535388 6.0945952
2.1820773 1.6552851 6.0929359
2.1826868 1.6535388 6.0945952
2.1819174 1.6567805 6.0894045
2.1814627 1.652224 6.0925433
2.1782808 1.652282 6.0927165
2.1785296 1.6531313 6.093227
2.1781188 1.6532582 6.0917292
2.1767243 1.6543957 6.0934404
2.1829987 1.6482242 6.0977061
2.1767243 1.6543957 6.0934404
3.8627758 1.8711809 3.0136961
3.8619077 1.8691139 3.0133718
3.8647064 1.8723108 3.0142693
3.8653071 1.8730429 3.0147668
3.8661689 1.8733428 3.0152877
3.8640489 1.871769 3.0148079
3.8645532 1.8722831 3.0172922
3.8631771 1.8716254 3.0160128
3.8627363 1.8680329 3.015363
3.8631771 1.8716254 3.0160128
1.8282846 2.6667183 3.5551975
1.8352015 2.6641506 3.5612971
1.8317042 2.6646459 3.5591061
1.8357203 2.6643368 3.5623514
1.8391272 2.6659242 3.5643739
1.8357203 2.6643368 3.5623514
1.8391272 2.6659242 3.5643739
1.8375982 2.665009 3.5626141
1.8309232 2.6682911 3.5565686
1.8443516 2.6654604 3.5682174
1.8401476 2.6684577 3.5657511
1.8359797 2.6683124 3.5636955
1.8401476 2.6684577 3.5657511
1.8359797 2.6683124 3.5636955
1.8371706 2.6647316 3.5648851
1.8335577 2.6638755 3.565004
1.8345402 2.6666491 3.5655853
1.8380361 2.6680573 3.5714247
1.8363399 2.6699041 3.5660326
1.8315029 2.6685738 3.5614491
1.833941 2.6665408 3.560974
1.8327755 2.6657232 3.5553235
1.8268608 2.6705176 3.5492884
1.3476604 2.01977 6.0890125
1.3465005 2.0180595 6.0864747
1.3502595 2.0175616 6.0885518
1.3477633 2.0189561 6.0862983
1.3502595 2.0175616 6.0885518
1.3477633 2.0189561 6.0862983
1.3418144 2.0199044 6.0836169
1.3456785 2.0181261 6.0849625
1.3445271 2.0183424 6.0837654
1.3456785 2.0181261 6.0849625
1.3445271 2.0183424 6.0837654
3.6455696 1.7143203 3.1373915
3.6464806 1.7139126 3.1377425
3.6455696 1.7143203 3.1373915
3.6442969 1.7152248 3.1377182
3.6488756 1.7137657 3.1394392
3.6513 1.7137179 3.1400562
3.6472576 1.7145057 3.1415714
3.6513 1.7137179 3.1400562
3.6451267 1.7149862 3.1341176
3.6459019 1.7132489 3.1361485
3.6466756 1.7133213 3.1377791
3.645515 1.7135177 3.1378119
3.6466756 1.7133213 3.1377791
3.6451628 1.7156897 3.1365644
3.644874 1.7171163 3.1368817
3.6451628 1.7156897 3.1365644
3.644874 1.7171163 3.1368817
3.6453179 1.7167818 3.1334811
3.6476251 1.718046 3.1307696
4.4657165 2.4453832 5.2631595
4.4736549 2.4408029 5.2705962
4.4709751 2.4428376 5.2657032
4.4736549 2.4408029 5.2705962
4.4709751 2.4428376 5.2657032
4.475943 2.4409684 5.2679208
4.4686914 2.446297 5.2627854
4.4692314 2.4437939 5.2639107
4.4708737 2.4451494 5.2656865
4.4639349 2.4434626 5.2582563
4.4708737 2.4451494 5.2656865
4.4639349 2.4434626 5.2582563
4.4640757 2.4432108 5.2611861
4.4637138 2.4459766 5.2582917
4.4684075 2.4432973 5.2626555
4.4637138 2.4459766 5.2582917
4.4678365 2.0271158 1.3628768
4.4655202 2.0262937 1.3607865
4.4666562 2.0260718 1.3618887
4.4657527 2.0274323 1.3610523
4.4675569 2.0260847 1.3623715
4.4657527 2.0274323 1.3610523
4.4666775 2.024621 1.3616723
4.4621215 2.0281017 1.3586942
4.4682793 2.0314003 1.3621161
4.4684099 2.0307478 1.3610173
4.4682793 2.0314003 1.3621161
4.4684099 2.0307478 1.3610173
4.4679461 2.0299589 1.3616777
4.4623826 2.0270301 1.3589136
4.4653415 2.0296942 1.3585629
4.4623826 2.0270301 1.3589136
4.4689229 2.025419 1.3641747
4.4693424 2.0261842 1.3626181
4.4663497 2.0243252 1.3592621
4.4693424 2.0261842 1.3626181
4.4663497 2.0243252 1.3592621
4.4611274 2.0223358 1.3597492
2.1773934 1.65267 6.0916253
2.180685 1.6534202 6.094005
2.1773934 1.65267 6.0916253
2.1813369 1.6534265 6.0925544
2.177867 1.6546521 6.0913501
2.1777445 1.6543163 6.0929481
2.1801841 1.6506815 6.094512
2.1781726 1.6565402 6.0924434
2.1801841 1.6506815 6.094512
2.178656 1.6506431 6.0917693
2.1760735 1.6482607 6.0925047
2.178656 1.6506431 6.0917693
2.1787765 1.6511073 6.0944676
2.1802928 1.6535572 6.0944851
2.1777727 1.6558123 6.0964004
2.1790453 1.654013 6.0919523
2.1777727 1.6558123 6.0964004
2.1819956 1.6558323 6.0910558
2.1825159 1.6553841 6.0931246
2.1806126 1.6571233 6.093647
2.1790979 1.655176 6.0948243
2.1815079 1.6517037 6.094696
2.1790979 1.655176 6.0948243
2.1815079 1.6517037 6.094696
2.1797374 1.6533279 6.0926478
2.1822317 1.6518041 6.0974803
2.1803804 1.6543523 6.0940316
3.8625205 1.8687174 3.0125089
3.8620329 1.8687184 3.014192
3.8640897 1.8709992 3.016399
3.8643536 1.8729902 3.0161661
3.8628088 1.8729697 3.0162147
3.8630973 1.8718477 3.0143966
3.8667121 1.8728939 3.0174574
3.865264 1.8705909 3.0158085
3.8667121 1.8728939 3.0174574
1.8380113 2.6682365 3.563009
1.8285307 2.664956 3.5562042
1.8289682 2.6651178 3.5578391
1.8309692 2.6655082 3.5589422
1.8355338 2.6633359 3.5627742
1.8309692 2.6655082 3.5589422
1.8355338 2.6633359 3.5627742
1.8355058 2.6642446 3.5612167
1.8300866 2.6688629 3.5570427
1.8342237 2.6706583 3.5591661
1.8300866 2.6688629 3.5570427
1.8395918 2.6702083 3.5662287
1.8357056 2.66855 3.5624813
1.834522 2.6661689 3.562055
1.8277856 2.6638942 3.5561736
1.834522 2.6661689 3.562055
1.8277856 2.6638942 3.5561736
1.8353143 2.6663241 3.568079
1.8302655 2.6660807 3.5624081
1.8353143 2.6663241 3.568079
1.8311367 2.6670153 3.5558191
1.8352023 2.6632374 3.55916
1.832323 2.6673217 3.5579204
1.8337163 2.6675746 3.5625631
1.8335962 2.6725193 3.560153
1.3438596 2.018098 6.08619
1.3454375 2.0156862 6.0848726
1.3449619 2.017522 6.0826941
1.3454375 2.0156862 6.0848726
1.3449619 2.017522 6.0826941
1.3449672 2.0165772 6.0821018
1.3448618 2.019196 6.084108
1.3448866 2.0174257 6.0850614
1.3450739 2.0168179 6.0871461
1.3439814 2.0171361 6.090445
3.6461074 1.7145718 3.1386827
3.6474664 1.7142613 3.1378274
3.6461074 1.7145718 3.1386827
3.6465407 1.7156075 3.1390427
3.6468344 1.7198095 3.1395538
3.6465407 1.7156075 3.1390427
3.6468344 1.7198095 3.1395538
3.6441115 1.7189627 3.1390899
3.6427569 1.7118365 3.1342714
3.6418864 1.7133695 3.1360175
3.6460706 1.7136991 3.1379737
3.6445448 1.7110577 3.1352815
3.6460706 1.7136991 3.1379737
3.6445448 1.7110577 3.1352815
3.6430368 1.7136626 3.1350307
3.6426805 1.714836 3.1347367
3.6427998 1.7161991 3.1350307
3.6439941 1.7164582 3.1356518
3.6477439 1.7153199 3.1329221
4.4662392 2.4453868 5.2618424
4.4692102 2.4426212 5.261978
4.4680093 2.4458796 5.2617201
4.4677365 2.4454486 5.2610517
4.4680093 2.4458796 5.2617201
4.4677365 2.4454486 5.2610517
4.4704313 2.4466794 5.2657293
4.4683892 2.4432831 5.265111
4.4683488 2.4438102 5.2642474
4.465195 2.4443085 5.2583258
4.4683488 2.4438102 5.2642474
4.465195 2.4443085 5.2583258
4.4661207 2.4434561 5.2627408
4.4650092 2.4447814 5.2619451
4.4661207 2.4434561 5.2627408
4.4650092 2.4447814 5.2619451
4.4672384 2.0262865 1.3622622
4.4652722 2.0259723 1.3601621
4.4678668 2.0270323 1.3630801
4.4636677 2.028781 1.3587738
4.4635198 2.0279677 1.3594895
4.4636677 2.028781 1.3587738
4.4635198 2.0279677 1.3594895
4.4617462 2.0284535 1.358782
4.4650716 2.0254214 1.3580445
4.4690117 2.0328188 1.360429
4.4678578 2.0329358 1.3590085
4.4690117 2.0328188 1.360429
4.4645081 2.0288108 1.360727
4.4638333 2.0284276 1.3605742
4.4654398 2.0298582 1.3592135
4.4638333 2.0284276 1.3605742
4.4654398 2.0298582 1.3592135
4.4712809 2.026773 1.3618698
4.4666963 2.023203 1.3623978
4.4639933 2.0238276 1.3598124
4.4625249 2.0236688 1.3598201
4.4639933 2.0238276 1.3598124
0 0 0
2.1785515 1.6512394 6.0937372
2.1801004 1.6513708 6.0942821
2.1798552 1.6520904 6.0947822
2.1795859 1.6540184 6.0910893
2.1792655 1.6551978 6.0913068
2.1795859 1.6540184 6.0910893
2.1792655 1.6551978 6.0913068
2.1814867 1.6562465 6.09299
2.18089 1.6533443 6.0942129
2.1814867 1.6562465 6.09299
2.18089 1.6533443 6.0942129
2.1812071 1.6543542 6.0930277
2.1783005 1.6535355 6.0946519
2.1769498 1.6532087 6.0953301
2.1783005 1.6535355 6.0946519
2.1769498 1.6532087 6.0953301
2.1778893 1.6545071 6.0913163
2.1798809 1.6544737 6.0902178
2.1819174 1.6567805 6.0894045
2.1829291 1.6568447 6.0923818
2.1819612 1.6580503 6.09345
2.1785296 1.6531313 6.093227
2.1781188 1.6532582 6.0917292
2.1767243 1.6543957 6.0934404
2.1781188 1.6532582 6.0917292
2.1767243 1.6543957 6.0934404
3.8628244 1.8687175 3.0120452
3.8619077 1.8691139 3.0133718
3.8639792 1.8754849 3.0148955
3.8655356 1.8759417 3.0120515
3.8655256 1.8735456 3.0157357
3.8640489 1.871769 3.0148079
3.8645532 1.8722831 3.0172922
3.8631771 1.8716254 3.0160128
3.8627363 1.8680329 3.015363
1.8373628 2.6658812 3.5614806
1.8351693 2.6639877 3.5599675
1.8368743 2.6644173 3.5641649
1.8351693 2.6639877 3.5599675
1.8357203 2.6643368 3.5623514
1.8391272 2.6659242 3.5643739
1.8357203 2.6643368 3.5623514
1.8391272 2.6659242 3.5643739
1.8375982 2.665009 3.5626141
1.8309232 2.6682911 3.5565686
1.8372625 2.6658165 3.5617
1.8356958 2.6664073 3.5593709
1.8373919 2.6664906 3.5628377
1.8371706 2.6647316 3.5648851
1.8373919 2.6664906 3.5628377
1.8371706 2.6647316 3.5648851
1.8335577 2.6638755 3.565004
1.8345402 2.6666491 3.5655853
1.8395063 2.6656618 3.5637267
1.8333113 2.6649906 3.5602373
1.832981 2.6673138 3.5585151
1.832001 2.6675622 3.5593575
1.8343076 2.6690652 3.5599891
1.8363396 2.6678433 3.5635546
1.835514 2.6708615 3.5607031
1.3465005 2.0180595 6.0864747
1.3502595 2.0175616 6.0885518
1.3477633 2.0189561 6.0862983
1.3502595 2.0175616 6.0885518
1.3477633 2.0189561 6.0862983
1.3448869 2.0142413 6.083853
1.3456785 2.0181261 6.0849625
1.3445271 2.0183424 6.0837654
1.3462751 2.0180823 6.0878945
1.3438865 2.0184911 6.087559
3.6482307 1.7125581 3.1402093
3.6467827 1.7134269 3.1383231
3.6482307 1.7125581 3.1402093
3.6435186 1.7153106 3.1382998
3.6442489 1.7165694 3.1404043
3.6435186 1.7153106 3.1382998
3.6442489 1.7165694 3.1404043
3.6446797 1.7166713 3.1400533
3.6430053 1.7123525 3.1337633
3.6431036 1.7136699 3.1351803
3.6466756 1.7133213 3.1377791
3.6431036 1.7136699 3.1351803
3.6466756 1.7133213 3.1377791
3.645515 1.7135177 3.1378119
3.6476287 1.7174118 3.1395718
3.6460007 1.7166937 3.1371183
3.6445766 1.7173646 3.1337961
3.6501576 1.7163207 3.1389562
3.6476251 1.718046 3.1307696
4.4657165 2.4453832 5.2631595
4.4673494 2.4439573 5.2609286
4.4662892 2.4473828 5.2616446
4.4661858 2.4431202 5.2598955
4.4662892 2.4473828 5.2616446
4.4661858 2.4431202 5.2598955
4.4696551 2.4463849 5.266609
4.4697806 2.4430609 5.266291
4.4708737 2.4451494 5.2656865
4.4697806 2.4430609 5.266291
4.4708737 2.4451494 5.2656865
4.4666183 2.4421643 5.257271
4.4631538 2.4427348 5.2573921
4.4666183 2.4421643 5.257271
4.4631538 2.4427348 5.2573921
4.4637138 2.4459766 5.2582917
0.41070597 2.036845 0.96091275
0.40939538 2.0337546 0.95930972
0.41070597 2.036845 0.96091275
0 0 0
4.4702539 2.0279344 1.361761
4.4621215 2.0281017 1.3586942
4.4689373 2.0241657 1.3610128
4.4621215 2.0281017 1.3586942
4.4689373 2.0241657 1.3610128
4.4684099 2.0307478 1.3610173
4.4677617 2.0296714 1.3594409
4.4684099 2.0307478 1.3610173
4.4679461 2.0299589 1.3616777
4.4623826 2.0270301 1.3589136
4.4653415 2.0296942 1.3585629
4.4623826 2.0270301 1.3589136
4.4680361 2.0299581 1.3585815
4.47147 2.0287586 1.360144
4.4714195 2.0262093 1.3592568
4.47147 2.0287586 1.360144
4.4714195 2.0262093 1.3592568
4.9621454 1.6232546 1.6518642
4.962459 1.6219491 1.650842
0 0 0
2.1773934 1.65267 6.0916253
2.1777445 1.6543163 6.0929481
2.1812222 1.6544945 6.0924633
2.1805301 1.6569094 6.092484
2.1812222 1.6544945 6.0924633
2.1805301 1.6569094 6.092484
2.1827928 1.652442 6.0938998
2.1814949 1.6509839 6.0957687
2.1827928 1.652442 6.0938998
2.1814949 1.6509839 6.0957687
2.1807749 1.6532107 6.0946614
2.1782749 1.6534008 6.0964764
2.1784837 1.6531862 6.0967839
2.1782749 1.6534008 6.0964764
2.1784837 1.6531862 6.0967839
2.1807092 1.6503075 6.0949737
2.1792459 1.6516732 6.0923051
2.1806126 1.6571233 6.093647
2.1790979 1.655176 6.0948243
2.1806126 1.6571233 6.093647
2.1790979 1.655176 6.0948243
2.1797078 1.6544525 6.0902258
2.1811584 1.654376 6.0912697
2.1797078 1.6544525 6.0902258
2.1792754 1.6534869 6.0896765
4.423433 1.5623386 2.3485112
4.4264892 1.5647244 2.3462078
4.423433 1.5623386 2.3485112
4.4264892 1.5647244 2.3462078
4.4274028 1.5607011 2.3488795
3.861371 1.8712435 3.0112801
3.8664495 1.8700963 3.0190135
3.867107 1.8727798 3.0183843
4.428964 1.5667782 2.3495176
1.8283637 2.6628188 3.5541514
1.829573 2.6608128 3.5554911
1.8346057 2.6649537 3.5631195
1.829573 2.6608128 3.5554911
1.8346057 2.6649537 3.5631195
1.8311195 2.6657523 3.5602207
1.8327764 2.6663592 3.5613702
1.8350739 2.6685203 3.5603641
1.8300866 2.6688629 3.5570427
1.8342237 2.6706583 3.5591661
1.8300866 2.6688629 3.5570427
1.8290134 2.6643475 3.5551114
1.8324372 2.6655866 3.5568685
1.83868 2.6664999 3.5606192
1.8324372 2.6655866 3.5568685
1.83868 2.6664999 3.5606192
1.8424808 2.6678942 3.5637041
1.8361981 2.6710006 3.5634465
1.8350587 2.6654672 3.5584852
1.8365839 2.6643309 3.5618381
1.8346871 2.6663899 3.5596505
1.8349101 2.6669338 3.5612419
1.8358916 2.6683825 3.5601932
1.8349101 2.6669338 3.5612419
1.8358916 2.6683825 3.5601932
1.3440483 2.0168869 6.0835668
1.3454375 2.0156862 6.0848726
1.3449619 2.017522 6.0826941
1.3454375 2.0156862 6.0848726
1.3449619 2.017522 6.0826941
1.3449672 2.0165772 6.0821018
1.3463192 2.0162559 6.0859985
1.3448866 2.0174257 6.0850614
1.3450739 2.0168179 6.0871461
1.3439814 2.0171361 6.090445
3.6474 1.7145132 3.1342707
3.6471775 1.7172068 3.1344623
3.6474 1.7145132 3.1342707
3.6465407 1.7156075 3.1390427
3.6433771 1.7176474 3.1410285
3.6434134 1.7170069 3.1402917
3.6445242 1.7154317 3.1396125
3.6434134 1.7170069 3.1402917
3.6445242 1.7154317 3.1396125
3.6418864 1.7133695 3.1360175
3.6460706 1.7136991 3.1379737
3.6470162 1.7154683 3.137171
3.6460706 1.7136991 3.1379737
3.6470162 1.7154683 3.137171
3.6469983 1.7179221 3.1388541
3.645811 1.7190318 3.1365334
3.649599 1.7165231 3.1413576
3.6483918 1.71643 3.141512
3.649599 1.7165231 3.1413576
4.4662392 2.4453868 5.2618424
4.4679719 2.4486707 5.2598281
4.4680093 2.4458796 5.2617201
4.4682574 2.4431555 5.2633726
4.4680093 2.4458796 5.2617201
4.4682574 2.4431555 5.2633726
4.4704313 2.4466794 5.2657293
4.4644984 2.4441581 5.2615592
4.4640854 2.4450033 5.2587066
4.4644984 2.4441581 5.2615592
4.4640854 2.4450033 5.2587066
4.4637218 2.4435898 5.2577339
4.4654167 2.4414961 5.2577828
4.4650092 2.4447814 5.2619451
4.4654167 2.4414961 5.2577828
0.412788 2.0374501 0.96325247
0.40934904 2.036438 0.96027006
0.40642898 2.0318587 0.95694724
0.40934904 2.036438 0.96027006
0.40642898 2.0318587 0.95694724
0.40386876 2.0340482 0.95453788
0.41590513 2.0449098 0.96477158
0.41496725 2.0412376 0.96212306
4.4617462 2.0284535 1.358782
4.4697438 2.0215234 1.3609442
4.4661932 2.0258587 1.3569943
4.46383 2.0274934 1.3538638
4.4650045 2.0300352 1.3572795
4.4724803 2.0307127 1.368523
4.4638333 2.0284276 1.3605742
4.4654398 2.0298582 1.3592135
4.4638333 2.0284276 1.3605742
4.4657783 2.0260345 1.3529074
4.4716649 2.0285234 1.3582614
4.4686432 2.0239797 1.3606411
4.4716649 2.0285234 1.3582614
4.9615343 1.6219365 1.6524842
4.9619142 1.6213287 1.651742
4.9653637 1.6223871 1.6556497
4.9636945 1.6255123 1.652301
4.9603511 1.6239759 1.6552792
2.1836718 1.6524601 6.0922853
2.187946 1.6504324 6.0913088
2.1792655 1.6551978 6.0913068
2.1795859 1.6540184 6.0910893
2.1792655 1.6551978 6.0913068
2.1814867 1.6562465 6.09299
2.1819396 1.6531109 6.0950991
2.1796337 1.6525374 6.0933491
2.1819396 1.6531109 6.0950991
2.1796337 1.6525374 6.0933491
2.1783005 1.6535355 6.0946519
2.1769498 1.6532087 6.0953301
2.1783005 1.6535355 6.0946519
2.1769498 1.6532087 6.0953301
2.1791248 1.6524349 6.0957669
2.1806305 1.652323 6.0953149
2.1819088 1.649221 6.0946048
2.1830887 1.6551207 6.0912017
2.1782438 1.64968 6.0943923
2.1766258 1.6510498 6.0951005
2.1779107 1.6519129 6.0933391
2.1766258 1.6510498 6.0951005
2.1779107 1.6519129 6.0933391
4.4308979 1.5645478 2.3495211
4.430051 1.5642058 2.3487454
4.4308979 1.5645478 2.3495211
4.4271298 1.5643249 2.3475421
4.4277902 1.5657603 2.348154
4.428667 1.5622425 2.3489303
0 0 0
0 0 0
4.4292701 1.5645269 2.3502149
4.4331479 1.5700778 2.3470514
4.4340317 1.5668476 2.3503077
4.4263737 1.564123 2.3515959
1.8359727 2.6661198 3.5626527
1.8339207 2.6651771 3.560474
1.8359727 2.6661198 3.5626527
1.8339207 2.6651771 3.560474
1.8270345 2.6672653 3.5564194
1.8272572 2.6679849 3.5546126
1.8391157 2.6666731 3.5654565
1.8366739 2.6635378 3.5639847
1.8339862 2.6645719 3.5599045
1.8313359 2.6636963 3.556971
1.832246 2.6649481 3.554708
1.8313359 2.6636963 3.556971
1.832246 2.6649481 3.554708
1.8378544 2.6665042 3.5621696
1.8365333 2.6672617 3.5626491
1.8357629 2.663922 3.5631264
1.8395063 2.6656618 3.5637267
1.8333113 2.6649906 3.5602373
1.8331189 2.665773 3.555581
1.8328693 2.6676096 3.5570156
1.8321651 2.6673708 3.5555926
1.8328693 2.6676096 3.5570156
1.835514 2.6708615 3.5607031
1.3371421 2.0196312 6.0739967
1.3496759 2.0148711 6.0845895
1.3467483 2.0136879 6.0836766
1.3496759 2.0148711 6.0845895
1.3467483 2.0136879 6.0836766
1.345517 2.0129892 6.0850372
1.3462469 2.0151682 6.0881668
1.3457283 2.0178253 6.0870692
1.3462751 2.0180823 6.0878945
1.3438865 2.0184911 6.087559
3.6402247 1.7105405 3.1384145
3.6454356 1.7146941 3.1399729
3.6459225 1.7148942 3.1395947
3.6435186 1.7153106 3.1382998
3.6442489 1.7165694 3.1404043
3.6435186 1.7153106 3.1382998
3.6442489 1.7165694 3.1404043
3.6439597 1.7157876 3.1368374
3.6448367 1.7150949 3.1366901
3.6431036 1.7136699 3.1351803
3.6472331 1.714694 3.1376925
3.6486723 1.7147631 3.1348788
3.6472331 1.714694 3.1376925
3.6486723 1.7147631 3.1348788
3.6481213 1.7173173 3.136636
3.6459659 1.7185648 3.1363202
3.6478999 1.7157802 3.1399276
3.6501576 1.7163207 3.1389562
3.6502641 1.7139329 3.1371355
4.4649177 2.4469066 5.2622549
4.4690877 2.4463776 5.2624371
4.4662892 2.4473828 5.2616446
4.4661858 2.4431202 5.2598955
4.4662892 2.4473828 5.2616446
4.4661858 2.4431202 5.2598955
4.4643458 2.4457002 5.2652851
4.4697806 2.4430609 5.266291
4.4679961 2.4441813 5.2635732
4.4697806 2.4430609 5.266291
4.4692917 2.4436823 5.2599434
4.4666183 2.4421643 5.257271
4.4631538 2.4427348 5.2573921
4.4666183 2.4421643 5.257271
0.41304669 2.0380792 0.9641623
0.41097467 2.0401643 0.95888922
0.41069962 2.0364542 0.95937526
0.41097467 2.0401643 0.95888922
0.41069962 2.0364542 0.95937526
0.40916009 2.0336143 0.95635311
0.4171888 2.037727 0.96321074
0.41503474 2.0401465 0.96342781
0.4171888 2.037727 0.96321074
0.41503474 2.0401465 0.96342781
0.41191585 2.0413219 0.96269753
0.41353462 2.039266 0.96028634
0.41540836 2.0303292 0.95815712
0.4201568 2.0368764 0.96267198
0.40808969 2.0317478 0.94895461
0.4201568 2.0368764 0.96267198
0.40808969 2.0317478 0.94895461
0.41255604 2.0384641 0.96283799
0.41362331 2.038718 0.96253104
0.41321522 2.0380649 0.96083987
0.41504366 2.0381699 0.96055717
4.9596335 1.6229743 1.6545971
4.9608488 1.6216551 1.6526825
4.9601675 1.621588 1.6515746
4.962289 1.6209616 1.648523
4.9615484 1.6250817 1.649699
4.9589388 1.6253868 1.652731
4.9615484 1.6250817 1.649699
2.1794449 1.6537986 6.0943805
2.1795605 1.6552522 6.0962803
2.1794449 1.6537986 6.0943805
2.1828678 1.6541583 6.0907634
2.1821296 1.6540827 6.0916834
2.1809065 1.6534921 6.0913572
2.1793736 1.6530309 6.0909041
2.1809065 1.6534921 6.0913572
2.1793736 1.6530309 6.0909041
2.1782749 1.6534008 6.0964764
2.1783049 1.6567088 6.0936795
2.1782749 1.6534008 6.0964764
2.1783049 1.6567088 6.0936795
2.1807092 1.6503075 6.0949737
2.1838975 1.654465 6.0956435
2.1797707 1.650929 6.0945407
2.1760587 1.65231 6.0944179
2.1797707 1.650929 6.0945407
2.1760587 1.65231 6.0944179
2.1766439 1.6516863 6.0953087
2.174888 1.6511822 6.0952642
4.4309385 1.5668163 2.3514741
4.4332562 1.5700097 2.3532537
4.4309385 1.5668163 2.3514741
4.4333403 1.5660576 2.3509904
4.4285859 1.5629923 2.3481298
4.4284048 1.5618665 2.3480427
4.4274028 1.5607011 2.3488795
4.4287279 1.5645116 2.3507795
4.425849 1.5632923 2.3510245
4.4287279 1.5645116 2.3507795
4.425849 1.5632923 2.3510245
4.4263952 1.5653933 2.3509712
4.4246425 1.566578 2.3482167
4.4266868 1.5627986 2.3533747
0 0 0
1.8346057 2.6649537 3.5631195
1.8311195 2.6657523 3.5602207
1.8267358 2.6657291 3.5552006
1.82857 2.6737089 3.5544309
1.8318736 2.6693965 3.5567204
1.82857 2.6737089 3.5544309
1.8318736 2.6693965 3.5567204
1.8290134 2.6643475 3.5551114
1.829438 2.663842 3.5541681
1.83868 2.6664999 3.5606192
1.829438 2.663842 3.5541681
1.83868 2.6664999 3.5606192
1.8424808 2.6678942 3.5637041
1.8303127 2.6664647 3.5591666
1.8350587 2.6654672 3.5584852
1.8365839 2.6643309 3.5618381
1.8346871 2.6663899 3.5596505
1.830957 2.667376 3.5540414
1.8358916 2.6683825 3.5601932
1.830957 2.667376 3.5540414
1.8358916 2.6683825 3.5601932
1.348045 2.0164631 6.0823114
1.3511171 2.0153113 6.0849827
1.3489022 2.0137741 6.084777
1.3511171 2.0153113 6.0849827
1.3489022 2.0137741 6.084777
1.3468264 2.0140321 6.0844516
1.344633 2.0130955 6.0839285
1.3449644 2.0125351 6.083565
1.3457151 2.0201564 6.0869601
1.3426324 2.0236185 6.0846714
3.6474 1.7145132 3.1342707
3.6471775 1.7172068 3.1344623
3.6474 1.7145132 3.1342707
3.6471775 1.7172068 3.1344623
3.6433771 1.7176474 3.1410285
3.6434134 1.7170069 3.1402917
3.6445242 1.7154317 3.1396125
3.6434134 1.7170069 3.1402917
3.6445242 1.7154317 3.1396125
3.6438204 1.7142882 3.1384068
3.6483029 1.7102645 3.1346727
3.6486802 1.7127215 3.1335995
3.6469983 1.7179221 3.1388541
3.6486802 1.7127215 3.1335995
3.6469983 1.7179221 3.1388541
3.645811 1.7190318 3.1365334
3.649599 1.7165231 3.1413576
3.6483918 1.71643 3.141512
3.6472544 1.718657 3.1436626
0 0 0
4.4679719 2.4486707 5.2598281
4.4695351 2.448459 5.2640819
4.4682574 2.4431555 5.2633726
4.4695351 2.448459 5.2640819
4.4682574 2.4431555 5.2633726
4.4613929 2.446873 5.2608727
4.4644984 2.4441581 5.2615592
4.4640854 2.4450033 5.2587066
4.4644984 2.4441581 5.2615592
4.4640854 2.4450033 5.2587066
4.4637218 2.4435898 5.2577339
4.4654167 2.4414961 5.2577828
0 0 0
0.41810924 2.0318901 0.97486331
0.41106873 2.0385407 0.9615467
0.41162172 2.0406696 0.96232862
0.41106873 2.0385407 0.9615467
0.41162172 2.0406696 0.96232862
0.41004015 2.0402615 0.96034589
0.41382359 2.0406483 0.96017604
0.41733537 2.0409463 0.96162062
0.41496725 2.0412376 0.96212306
0.41733537 2.0409463 0.96162062
0.40860045 2.0332936 0.95854385
0.41068756 2.0351045 0.95541633
0.40860045 2.0332936 0.95854385
0.4186219 2.0388595 0.96120319
0.41512942 2.0356274 0.9617373
0.4186219 2.0388595 0.96120319
0.41245529 2.037741 0.9629692
0.41376752 2.0371387 0.96322321
0.41477482 2.0371408 0.96315609
0.41383558 2.0371875 0.96131282
0.41422545 2.0382951 0.9607406
4.9606255 1.6216257 1.6501856
4.9625774 1.6201891 1.652459
4.9606255 1.6216257 1.6501856
4.9622473 1.6240703 1.6480045
4.9612144 1.6223646 1.6521686
4.9627732 1.6243995 1.6552563
4.9620787 1.6238175 1.6539188
4.9627732 1.6243995 1.6552563
2.1836718 1.6524601 6.0922853
2.1797727 1.6496604 6.0948347
2.1809583 1.6553744 6.0880698
2.1794218 1.6561861 6.0892168
2.1799656 1.6545013 6.0878432
2.1794218 1.6561861 6.0892168
2.1799656 1.6545013 6.0878432
2.1796337 1.6525374 6.0933491
2.175859 1.6530566 6.0951602
2.1778083 1.652471 6.0949096
2.1791248 1.6524349 6.0957669
2.1778083 1.652471 6.0949096
2.1791248 1.6524349 6.0957669
2.1806305 1.652323 6.0953149
2.180116 1.6537171 6.093281
2.1769477 1.652696 6.0944315
2.178351 1.6503442 6.095874
2.1769477 1.652696 6.0944315
2.178351 1.6503442 6.095874
4.4261868 1.5699947 2.3539632
4.4350508 1.5650992 2.3525336
4.4342106 1.5649432 2.3515224
4.4350508 1.5650992 2.3525336
4.4301804 1.5671897 2.3527959
4.4293602 1.5628157 2.3509629
4.4301804 1.5671897 2.3527959
4.4261458 1.5645134 2.3515821
4.4315767 1.5616409 2.3504223
4.4290318 1.5614192 2.3500719
4.4315767 1.5616409 2.3504223
4.4290318 1.5614192 2.3500719
4.42622 1.566781 2.3497021
4.4263737 1.564123 2.3515959
4.4284698 1.564956 2.3546017
4.4263737 1.564123 2.3515959
1.8359727 2.6661198 3.5626527
1.8339207 2.6651771 3.560474
1.8306047 2.6655167 3.5583032
1.1625028 1.767664 3.0082527
1.1590873 1.7663125 3.0116417
1.159084 1.7616818 3.0100568
1.1575231 1.7627976 3.0098881
1.159084 1.7616818 3.0100568
1.1575231 1.7627976 3.0098881
1.158151 1.7670465 3.0120372
1.1594881 1.7669987 3.0078805
1.8354606 2.6656109 3.5558118
1.836189 2.6654825 3.5654983
1.8416782 2.663992 3.5730543
1.836189 2.6654825 3.5654983
1.8416782 2.663992 3.5730543
1.8331189 2.665773 3.555581
1.8328693 2.6676096 3.5570156
1.8321651 2.6673708 3.5555926
1.8328693 2.6676096 3.5570156
0 0 0
1.3371421 2.0196312 6.0739967
1.3496759 2.0148711 6.0845895
1.3469678 2.0141477 6.0860782
1.3496759 2.0148711 6.0845895
1.3469678 2.0141477 6.0860782
1.3453867 2.0164184 6.0850428
1.3445757 2.0173921 6.0849561
1.3464634 2.0137019 6.0867668
1.3459147 2.0144314 6.0897168
1.3423239 2.0128582 6.0849832
3.6402247 1.7105405 3.1384145
3.6454356 1.7146941 3.1399729
3.6459225 1.7148942 3.1395947
3.6411809 1.7137842 3.1353584
3.6442974 1.7133436 3.1345259
3.6411809 1.7137842 3.1353584
3.6442974 1.7133436 3.1345259
3.6449378 1.7135274 3.1349108
3.6448367 1.7150949 3.1366901
3.6436938 1.7143566 3.1380729
3.6515339 1.7104822 3.1343521
3.6486723 1.7147631 3.1348788
3.6470788 1.7120769 3.1337343
3.6486723 1.7147631 3.1348788
3.6470788 1.7120769 3.1337343
3.6458959 1.713136 3.1371348
3.6453002 1.71556 3.1341394
3.6462483 1.7153894 3.136137
3.6491951 1.7163954 3.1405081
4.4707074 2.4459803 5.2666946
4.4651274 2.4451616 5.2578242
4.4681047 2.4502445 5.2617792
4.463788 2.4462181 5.2594594
4.4681047 2.4502445 5.2617792
4.463788 2.4462181 5.2594594
4.4683682 2.4459328 5.2653605
4.4634119 2.4438413 5.2626881
4.4683682 2.4459328 5.2653605
4.4634119 2.4438413 5.2626881
4.4626599 2.4432468 5.2596936
4.4618134 2.4421734 5.2568517
0.40942953 2.0383869 0.96258314
0.41117082 2.0380073 0.96419921
0.40942953 2.0383869 0.96258314
0.41215508 2.036976 0.9626673
0.41226985 2.0393774 0.96265426
0.41097467 2.0401643 0.95888922
0.41416655 2.0365978 0.96280059
0.41442285 2.0334681 0.96310633
0.41416655 2.0365978 0.96280059
0.41442285 2.0334681 0.96310633
0.4171888 2.037727 0.96321074
0.40685994 2.0357007 0.95387692
0.40865354 2.0347953 0.95581522
0.40685994 2.0357007 0.95387692
0.40865354 2.0347953 0.95581522
0.41035162 2.0362003 0.95564925
0.41199061 2.0368212 0.95575617
0.4201568 2.0368764 0.96267198
0.40970009 2.034799 0.96201106
0.41255604 2.0384641 0.96283799
0.41362331 2.038718 0.96253104
0.41457412 2.037642 0.9624694
0.41504366 2.0381699 0.96055717
4.9648299 1.6208234 1.6527861
4.9637913 1.6234803 1.6513036
4.9601675 1.621588 1.6515746
4.9615152 1.6247373 1.6499054
4.9652809 1.6270653 1.6530459
4.9629845 1.6244435 1.6541897
4.9606508 1.622567 1.6542365
4.9629845 1.6244435 1.6541897
4.9606508 1.622567 1.6542365
2.1794449 1.6537986 6.0943805
2.1828678 1.6541583 6.0907634
2.1821296 1.6540827 6.0916834
2.1801469 1.6544849 6.0894415
2.1793736 1.6530309 6.0909041
2.1801469 1.6544849 6.0894415
2.1793736 1.6530309 6.0909041
2.1844207 1.6534741 6.0937568
2.1783049 1.6567088 6.0936795
2.1817242 1.6560366 6.0956181
2.1783049 1.6567088 6.0936795
2.1817242 1.6560366 6.0956181
2.1838975 1.654465 6.0956435
2.1797707 1.650929 6.0945407
2.1743756 1.6549425 6.0944322
2.1737263 1.6527178 6.0956287
2.1743756 1.6549425 6.0944322
4.4288454 1.5703276 2.3542335
4.4287101 1.5688079 2.3536615
4.4297341 1.5667037 2.3526785
4.4291005 1.5658776 2.3481339
4.4334415 1.5709065 2.3509278
4.4308798 1.5679277 2.3520696
4.4334415 1.5709065 2.3509278
4.4308798 1.5679277 2.3520696
4.4274816 1.5628582 2.3519959
4.4313056 1.5637076 2.3490932
4.425849 1.5632923 2.3510245
4.4313056 1.5637076 2.3490932
4.425849 1.5632923 2.3510245
4.4268877 1.5678518 2.3487784
4.426662 1.5663826 2.3512188
4.4266868 1.5627986 2.3533747
4.426662 1.5663826 2.3512188
1.8471283 2.6489871 3.5544135
1.1567307 1.7700217 3.0038993
1.1533308 1.7727695 2.9996095
1.162711 1.7679969 3.0100883
1.1597332 1.7702776 3.0077275
1.162711 1.7679969 3.0100883
1.157512 1.7631487 3.0096755
1.1598705 1.7639495 3.0111488
1.157512 1.7631487 3.0096755
1.1593414 1.7662193 3.0127388
1.1590779 1.7660138 3.0083653
1.1601609 1.7692237 3.0106839
1.1590779 1.7660138 3.0083653
1.1601609 1.7692237 3.0106839
1.15965 1.7639121 3.00992
1.158626 1.7624894 3.0114987
1.1546966 1.7637773 3.0102961
1.156627 1.7659885 3.0093925
1.1574464 1.7661081 3.0092019
1.1624588 1.7599838 3.0062774
1.1617206 1.7669812 3.0132222
1.348045 2.0164631 6.0823114
1.3511171 2.0153113 6.0849827
1.3489022 2.0137741 6.084777
1.3511171 2.0153113 6.0849827
1.3489022 2.0137741 6.084777
1.3472452 2.0161223 6.0874318
1.3470372 2.0186316 6.0853669
1.3449644 2.0125351 6.083565
1.3491883 2.0159649 6.0933512
1.348033 2.0138969 6.0889254
0 0 0
3.6442573 1.718361 3.1358187
3.646531 1.7150053 3.1416425
3.6446881 1.7101365 3.1387896
3.645364 1.7125128 3.1371427
3.6446881 1.7101365 3.1387896
3.645364 1.7125128 3.1371427
3.6445995 1.7155299 3.1367097
3.6463885 1.7169704 3.1365003
3.6450939 1.7260192 3.1371035
3.6515295 1.7099812 3.134267
3.6486802 1.7127215 3.1335995
3.6455288 1.7115942 3.1346841
3.6486802 1.7127215 3.1335995
3.6455288 1.7115942 3.1346841
3.6449295 1.710991 3.1383715
3.6462123 1.7150594 3.1350848
3.6476434 1.7157042 3.1378085
3.6481378 1.7161925 3.1401275
4.4674319 2.4468244 5.2600088
4.4654396 2.4470279 5.2573498
4.4630588 2.4465245 5.2562166
4.4635641 2.4462716 5.2590216
4.4630588 2.4465245 5.2562166
4.4656021 2.4447987 5.2615413
4.4667842 2.4457778 5.2613734
4.4686473 2.4466374 5.2598508
4.466309 2.4455591 5.2565264
4.4686473 2.4466374 5.2598508
4.466309 2.4455591 5.2565264
0.41120069 2.0383865 0.96189847
0.41040832 2.0384357 0.95990764
0.41120069 2.0383865 0.96189847
0.40979282 2.035902 0.96417045
0.41168507 2.034459 0.96282808
0.41162172 2.0406696 0.96232862
0.41336378 2.0376973 0.96090812
0.41162172 2.0406696 0.96232862
0.41325791 2.0352933 0.9620315
0.41306256 2.0373127 0.96253857
0.41325791 2.0352933 0.9620315
0.41583788 2.0389911 0.96334866
0.40912399 2.03719 0.95545259
0.40990506 2.037779 0.9570494
0.4103373 2.0375253 0.95741374
0.40990506 2.037779 0.9570494
0.4103373 2.0375253 0.95741374
0.410744 2.0377939 0.95585508
0.4186219 2.0388595 0.96120319
0.41245529 2.037741 0.9629692
0.41376752 2.0371387 0.96322321
0.41477482 2.0371408 0.96315609
0.41410341 2.0372156 0.96260702
0.41388638 2.0370596 0.96080243
4.9639257 1.6215415 1.6519408
4.9623364 1.6234428 1.6519097
4.9633829 1.6247844 1.6509779
4.9622473 1.6240703 1.6480045
4.9627873 1.6244444 1.6547742
4.9627732 1.6243995 1.6552563
4.9620787 1.6238175 1.6539188
4.9627732 1.6243995 1.6552563
4.9620787 1.6238175 1.6539188
4.961216 1.6238333 1.6542729
0 0 0
2.1794218 1.6561861 6.0892168
2.1799656 1.6545013 6.0878432
2.1794218 1.6561861 6.0892168
2.1799656 1.6545013 6.0878432
2.1807007 1.6535404 6.0880531
2.178506 1.6530804 6.0947161
2.1804571 1.6522857 6.0940238
2.178506 1.6530804 6.0947161
2.1777106 1.6543599 6.0919514
2.1832567 1.659032 6.0936661
2.1822716 1.6534208 6.0935423
2.1730026 1.6579439 6.0923301
2.1769477 1.652696 6.0944315
2.178351 1.6503442 6.095874
0 0 0
4.4266032 1.5722767 2.3540906
4.4261868 1.5699947 2.3539632
4.4283826 1.5654786 2.3552206
4.430922 1.5705305 2.3481528
4.4312108 1.5699669 2.3512726
4.4301804 1.5671897 2.3527959
4.4312108 1.5699669 2.3512726
4.4301804 1.5671897 2.3527959
4.4275587 1.5629615 2.3523191
4.4315767 1.5616409 2.3504223
4.4308148 1.5619124 2.3486969
4.4315767 1.5616409 2.3504223
4.4308148 1.5619124 2.3486969
4.4295692 1.5682307 2.3488531
4.4290626 1.5690577 2.3511088
4.4278259 1.5684158 2.3489027
4.4290626 1.5690577 2.3511088
4.4321001 1.5684889 2.35201
4.4268931 1.5665885 2.3547065
1.1550559 1.7699662 3.0034934
1.1560085 1.7674315 3.0140302
1.1590873 1.7663125 3.0116417
1.1570854 1.7638231 3.0123603
1.1563587 1.7635226 3.0089732
1.1570854 1.7638231 3.0123603
1.1563587 1.7635226 3.0089732
1.1580643 1.7631603 3.0111079
1.1582891 1.7626971 3.0097873
1.1601615 1.7662851 3.0107623
1.1582891 1.7626971 3.0097873
1.1601615 1.7662851 3.0107623
1.1609537 1.7600886 3.0117629
1.158788 1.762089 3.0119232
1.1556329 1.7638514 3.0109308
1.1575718 1.767036 3.0097217
1.1585848 1.7638975 3.0091326
1.1655895 1.763545 3.0095689
1.1603689 1.7632185 3.0102358
1.1605923 1.7600628 3.0073554
1.3405093 2.011495 6.086629
1.3469678 2.0141477 6.0860782
1.3476072 2.0183788 6.0883892
1.3467378 2.0203653 6.0865602
1.3475636 2.0202763 6.0878423
1.3467378 2.0203653 6.0865602
1.3517098 2.0152855 6.0921189
1.3503275 2.0193263 6.090287
4.5792377 1.5290054 5.7156305
4.5790421 1.5303867 5.7248813
4.5811018 1.5284997 5.7262668
4.579506 1.5283303 5.7225986
4.5838566 1.5262232 5.7261711
4.579506 1.5283303 5.7225986
4.5838566 1.5262232 5.7261711
4.5791874 1.5262054 5.7198517
4.5804196 1.5274982 5.7219438
4.5791874 1.5262054 5.7198517
4.5735095 1.5292091 5.7207371
4.5782303 1.5276731 5.7215297
3.6492367 1.7121749 3.1340205
3.6463736 1.7129221 3.13244
3.6439926 1.7115129 3.1339538
3.6463736 1.7129221 3.13244
3.6439926 1.7115129 3.1339538
3.6453002 1.71556 3.1341394
3.6488581 1.7172264 3.1357585
3.6491951 1.7163954 3.1405081
4.4673938 2.4416857 5.264801
4.4703137 2.4408626 5.268896
4.4664712 2.4462581 5.261916
4.4688609 2.4460854 5.2652607
4.4718223 2.4421121 5.267004
4.4700497 2.4414688 5.2647337
4.4718223 2.4421121 5.267004
4.4687825 2.4458765 5.2605678
4.4700782 2.4482158 5.2604594
4.4687825 2.4458765 5.2605678
0.40671547 2.0330571 0.96318582
0.41117082 2.0380073 0.96419921
0.40942953 2.0383869 0.96258314
0.41117082 2.0380073 0.96419921
0.40942953 2.0383869 0.96258314
0.41215508 2.036976 0.9626673
0.41226985 2.0393774 0.96265426
0.41694375 2.0379081 0.96298061
0.41416655 2.0365978 0.96280059
0.41416149 2.0360378 0.96288652
0.41416655 2.0365978 0.96280059
0.41416149 2.0360378 0.96288652
0.41341288 2.0339093 0.96657883
0.41198316 2.0382794 0.95922082
0.41278378 2.0394142 0.9580994
0.41246367 2.0394241 0.95945006
0.41278378 2.0394142 0.9580994
0.41246367 2.0394241 0.95945006
0.41077008 2.0393723 0.95748227
0.40670896 2.0372947 0.95743696
0.40614262 2.0373539 0.96017892
0.40984162 2.0356301 0.96077564
0.40777511 2.0334611 0.95929569
0.41075671 2.0374979 0.96070874
4.9619313 1.6260312 1.6515636
4.9635682 1.6257114 1.6508679
4.9619313 1.6260312 1.6515636
4.9628502 1.6248834 1.6509947
4.9615152 1.6247373 1.6499054
4.9652809 1.6270653 1.6530459
4.9629845 1.6244435 1.6541897
4.9652016 1.6219899 1.6530107
4.9629845 1.6244435 1.6541897
4.9652016 1.6219899 1.6530107
4.9639986 1.6231046 1.6517944
4.9694476 1.6257555 1.6507951
2.1804613 1.6549169 6.0912193
2.1801469 1.6544849 6.0894415
2.1817604 1.6558476 6.0905558
2.1801469 1.6544849 6.0894415
2.1776205 1.6524691 6.090585
2.1779999 1.6522929 6.0925483
2.1780097 1.6527522 6.0922525
2.1779999 1.6522929 6.0925483
2.1780097 1.6527522 6.0922525
2.1776567 1.6542838 6.0935205
2.181032 1.653265 6.0954136
0 0 0
4.4319014 1.5668992 2.3478302
4.4339816 1.5685307 2.3456204
4.4287101 1.5688079 2.3536615
4.4278085 1.5690109 2.3505795
4.4287101 1.5688079 2.3536615
4.4297341 1.5667037 2.3526785
4.4291005 1.5658776 2.3481339
4.4334415 1.5709065 2.3509278
4.4308798 1.5679277 2.3520696
4.4334415 1.5709065 2.3509278
4.4308798 1.5679277 2.3520696
4.4297236 1.5641244 2.3514881
4.4275386 1.5659704 2.3500852
4.4302313 1.5631437 2.3482262
4.4275386 1.5659704 2.3500852
4.4302313 1.5631437 2.3482262
4.4268877 1.5678518 2.3487784
4.426662 1.5663826 2.3512188
4.4268877 1.5678518 2.3487784
4.426662 1.5663826 2.3512188
4.4309471 1.5647045 2.3503357
4.426171 1.5645747 2.3518952
0 0 0
1.1555438 1.7725376 3.0107607
1.1574115 1.7661404 3.0098453
1.156235 1.7644979 3.0106703
1.1574115 1.7661404 3.0098453
1.156235 1.7644979 3.0106703
1.1547055 1.7635784 3.0068255
1.158929 1.7645694 3.0103855
1.1590779 1.7660138 3.0083653
1.1593339 1.765124 3.0101286
1.1590779 1.7660138 3.0083653
1.1593339 1.765124 3.0101286
1.1611236 1.7601462 3.0126524
1.158626 1.7624894 3.0114987
1.157983 1.7616479 3.0095308
1.156627 1.7659885 3.0093925
1.157983 1.7616479 3.0095308
1.1593084 1.7672937 3.0083814
1.1587304 1.7662949 3.0089371
1.1618731 1.7642549 3.0103727
1.3445418 2.0149505 6.0870736
1.3505778 2.0142765 6.0896333
1.3472452 2.0161223 6.0874318
1.3475415 2.0175556 6.0876072
1.3494239 2.0175636 6.0890904
1.3475415 2.0175556 6.0876072
1.3494239 2.0175636 6.0890904
4.5801398 1.5221084 5.7185574
4.581073 1.5261948 5.7192959
4.5814789 1.5310433 5.7235524
4.5785848 1.5263711 5.7247036
4.5800108 1.5263122 5.7225055
4.5785848 1.5263711 5.7247036
4.5844466 1.5264566 5.7234496
4.5812508 1.5265232 5.7216903
4.5844466 1.5264566 5.7234496
4.5812508 1.5265232 5.7216903
4.5780564 1.5256134 5.7201812
4.5753339 1.5303034 5.7223367
4.5766904 1.5300716 5.7208407
4.5773546 1.5298798 5.7243982
4.5766904 1.5300716 5.7208407
4.5773546 1.5298798 5.7243982
4.5722905 1.52938 5.7230694
4.5748001 1.5290344 5.7250063
4.5736752 1.5261714 5.7233036
4.5748001 1.5290344 5.7250063
4.5768061 1.5259802 5.7205057
4.4715701 2.4427249 5.2656353
4.4737989 2.4433736 5.2704712
4.47079 2.4427937 5.2662318
4.4654037 2.4467699 5.2637038
4.4682154 2.4425356 5.2630245
4.4654037 2.4467699 5.2637038
4.4666069 2.4419856 5.2590491
4.4661267 2.4454518 5.2598674
4.4666069 2.4419856 5.2590491
0.40845199 2.0330807 0.96053921
0.40844387 2.0337695 0.96153306
0.40927897 2.0356228 0.96421902
0.40979282 2.035902 0.96417045
0.40927897 2.0356228 0.96421902
0.40979282 2.035902 0.96417045
0.41168507 2.034459 0.96282808
0.41464827 2.0366403 0.95971545
0.41411676 2.0354345 0.95971663
0.41464827 2.0366403 0.95971545
0.41107098 2.0393746 0.95897684
0.41306256 2.0373127 0.96253857
0.41107098 2.0393746 0.95897684
0.41191336 2.0342596 0.96455762
0.41314537 2.0378119 0.96203049
0.40990506 2.037779 0.9570494
0.41421639 2.0386212 0.96212571
0.41509014 2.0386712 0.96055847
0.41421639 2.0386212 0.96212571
0.41509014 2.0386712 0.96055847
0.41130389 2.0375709 0.95930305
0.40773059 2.0348474 0.9606324
0.40746832 2.0342933 0.95750508
0.41185842 2.0345766 0.96241535
0.40746832 2.0342933 0.95750508
4.9632103 1.6250655 1.6517216
4.9639257 1.6215415 1.6519408
4.9623364 1.6234428 1.6519097
4.9604378 1.62576 1.6494685
4.9632411 1.6288393 1.6516635
4.961269 1.6242662 1.6535705
4.959462 1.6229843 1.6540732
4.961269 1.6242662 1.6535705
4.959462 1.6229843 1.6540732
4.9576863 1.6231682 1.6512957
4.9661805 1.6256977 1.6518089
4.966135 1.6229482 1.6535611
0 0 0
2.1794247 1.6550726 6.089865
2.1817428 1.6537857 6.0911989
2.1794247 1.6550726 6.089865
2.1780146 1.6521309 6.0885907
2.1766946 1.6527279 6.0899536
2.177161 1.652089 6.0913521
2.1766946 1.6527279 6.0899536
2.177161 1.652089 6.0913521
2.1770036 1.654008 6.0954892
0 0 0
4.4320844 1.5714507 2.3498129
4.4324469 1.5710112 2.3519329
4.4272702 1.5687924 2.3481109
4.4269061 1.5665804 2.3504608
4.4272702 1.5687924 2.3481109
4.4269061 1.5665804 2.3504608
4.4294442 1.566645 2.3520023
4.430922 1.5705305 2.3481528
4.4312108 1.5699669 2.3512726
4.4294639 1.5687061 2.3513058
4.4312108 1.5699669 2.3512726
4.4294639 1.5687061 2.3513058
4.4288747 1.5645597 2.3496545
4.427924 1.5641119 2.3506287
4.4308148 1.5619124 2.3486969
4.427924 1.5641119 2.3506287
4.4308148 1.5619124 2.3486969
4.4295692 1.5682307 2.3488531
4.4290626 1.5690577 2.3511088
4.4278259 1.5684158 2.3489027
4.4290626 1.5690577 2.3511088
4.4278259 1.5684158 2.3489027
4.4320888 1.5672588 2.347615
4.434519 1.56621 2.3494683
1.1560085 1.7674315 3.0140302
1.1496091 1.7718665 3.0096159
1.1575881 1.7631668 3.0135729
1.1608337 1.7656477 3.0150793
1.1575881 1.7631668 3.0135729
1.1608337 1.7656477 3.0150793
1.1580643 1.7631603 3.0111079
1.1582891 1.7626971 3.0097873
1.1593719 1.7609615 3.0103609
1.1582891 1.7626971 3.0097873
1.1593719 1.7609615 3.0103609
1.1609537 1.7600886 3.0117629
1.1605764 1.758527 3.0102736
1.1593768 1.7618602 3.0106335
1.1604297 1.7610543 3.0109925
1.1579841 1.7641961 3.0099468
1.1586694 1.7644899 3.0092374
1.1579841 1.7641961 3.0099468
1.1617302 1.76237 3.0093488
1.3463762 2.0148206 6.0867368
1.3498869 2.0163853 6.088836
1.3476072 2.0183788 6.0883892
1.343619 2.0189331 6.0857466
1.3444651 2.0187201 6.0875901
1.343619 2.0189331 6.0857466
4.5754901 1.5221255 5.7197756
4.5751954 1.523677 5.7199527
4.5781249 1.5261609 5.7219192
4.5772632 1.5284576 5.7253584
4.5778324 1.5272539 5.7235793
4.5772632 1.5284576 5.7253584
4.5778324 1.5272539 5.7235793
4.5825267 1.5254984 5.7247378
4.5804196 1.5274982 5.7219438
4.5789278 1.527006 5.7208808
4.5791006 1.5304616 5.7216309
4.5789278 1.527006 5.7208808
4.5791006 1.5304616 5.7216309
4.5783173 1.5298155 5.7228933
4.5774406 1.5301422 5.7223973
4.5793737 1.5270497 5.7224333
4.5802289 1.5275959 5.7185555
4.5741384 1.5284524 5.7242622
4.5779754 1.5284029 5.7264915
4.5741384 1.5284524 5.7242622
4.5779754 1.5284029 5.7264915
4.5751829 1.5242262 5.7208929
4.4706751 2.44178 5.2691011
4.4700823 2.4418845 5.2683214
4.4706751 2.44178 5.2691011
4.4726162 2.4473279 5.2690769
4.47243 2.4462578 5.2688702
4.4726162 2.4473279 5.2690769
4.4680933 2.4383576 5.2570399
4.4687825 2.4458765 5.2605678
0.414816 2.0363888 0.95850766
0.40754096 2.033519 0.9606572
0.40909893 2.0339935 0.96024437
0.40946426 2.0336126 0.960223
0.40909893 2.0339935 0.96024437
0.41253886 2.0374887 0.96308548
0.41052577 2.0398453 0.961571
0.41253886 2.0374887 0.96308548
0.41052577 2.0398453 0.961571
0.41131398 2.0396955 0.9603331
0.41463445 2.0353431 0.96100947
0.41416149 2.0360378 0.96288652
0.41463445 2.0353431 0.96100947
0.41416149 2.0360378 0.96288652
0.41034788 2.0384074 0.96244587
0.41198316 2.0382794 0.95922082
0.41278378 2.0394142 0.9580994
0.41246367 2.0394241 0.95945006
0.41674746 2.0377436 0.96197006
0.41246367 2.0394241 0.95945006
0.41674746 2.0377436 0.96197006
0.41388857 2.0361983 0.95900065
0.41203908 2.0367495 0.95840782
0.41522076 2.0364892 0.96652428
0.41126451 2.0372004 0.96291441
0.41522076 2.0364892 0.96652428
4.9619313 1.6260312 1.6515636
4.9635682 1.6257114 1.6508679
4.9619313 1.6260312 1.6515636
4.9593109 1.6252953 1.6501569
4.9603998 1.626425 1.6520007
4.9632562 1.6241442 1.6536278
4.9591449 1.6237047 1.6521823
4.957052 1.6242777 1.6522435
4.9591449 1.6237047 1.6521823
4.957052 1.6242777 1.6522435
4.9638746 1.6233171 1.6530612
4.959848 1.6231473 1.6511228
4.9714476 1.6237932 1.6531085
4.96228 1.6203528 1.6510776
2.1780738 1.653896 6.0918725
2.1776064 1.6536653 6.0899592
2.1776205 1.6524691 6.090585
2.1779999 1.6522929 6.0925483
2.1780097 1.6527522 6.0922525
2.1779999 1.6522929 6.0925483
2.1780097 1.6527522 6.0922525
4.4306946 1.5692299 2.3522311
4.4302426 1.5720484 2.3517224
4.4328781 1.5701771 2.3501845
4.4302426 1.5720484 2.3517224
4.4278085 1.5690109 2.3505795
4.4295922 1.5702318 2.3492087
4.4317717 1.5696894 2.3492791
4.4295922 1.5702318 2.3492087
4.4317717 1.5696894 2.3492791
4.4318637 1.5643369 2.3524145
4.4345814 1.56529 2.3511494
4.4353337 1.5650617 2.3510553
4.4345814 1.56529 2.3511494
4.4336433 1.5665229 2.3520192
4.4304339 1.56502 2.3502889
4.4275386 1.5659704 2.3500852
4.4302313 1.5631437 2.3482262
4.4275386 1.5659704 2.3500852
4.4302313 1.5631437 2.3482262
4.4282939 1.5649322 2.3478076
4.4272381 1.5703788 2.3493599
4.4257497 1.5698923 2.3487987
4.4309815 1.5656301 2.3506274
4.4348776 1.5642848 2.3500975
4.4309815 1.5656301 2.3506274
4.4348776 1.5642848 2.3500975
4.4325951 1.5661378 2.3503127
1.1524957 1.7716571 3.008949
1.15719 1.765134 3.0103954
1.1564737 1.765444 3.011701
1.15719 1.765134 3.0103954
1.1564737 1.765444 3.011701
1.1601492 1.7631213 3.0063531
1.1592553 1.7613748 3.0087452
1.1609689 1.760646 3.0098277
1.1592553 1.7613748 3.0087452
1.1609689 1.760646 3.0098277
1.1611236 1.7601462 3.0126524
1.1580202 1.7605887 3.0047429
1.1598836 1.7636822 3.0113722
1.1565721 1.7636637 3.0120765
1.1566837 1.7654505 3.0115217
1.1593084 1.7672937 3.0083814
1.1587304 1.7662949 3.0089371
1.1573714 1.7598806 3.008004
1.3467213 2.014414 6.0875415
1.3444634 2.0167674 6.0848794
1.3460564 2.0149787 6.0893118
1.3475415 2.0175556 6.0876072
0 0 0
4.5801398 1.5221084 5.7185574
4.5768938 1.5198972 5.7188853
4.5801398 1.5221084 5.7185574
4.5784832 1.5263274 5.7255247
4.5805646 1.5266683 5.7252212
4.5784832 1.5263274 5.7255247
4.5805646 1.5266683 5.7252212
4.5771605 1.5235077 5.7222122
4.5805955 1.5241665 5.7258134
4.5788688 1.5233235 5.722465
4.5789288 1.5248928 5.7217064
4.5805305 1.5312313 5.7223529
4.5804482 1.531732 5.7217863
4.5805305 1.5312313 5.7223529
4.5781933 1.5273336 5.7226788
4.578773 1.5310259 5.7230683
4.5781933 1.5273336 5.7226788
4.578825 1.5281058 5.7213951
4.5795449 1.5283763 5.7214426
4.5767141 1.5291435 5.7208508
4.575601 1.526738 5.7245292
4.5805287 1.5272321 5.7229865
4.5768061 1.5259802 5.7205057
0.42093387 2.028361 0.96659451
0.4197895 2.0288691 0.96045201
0.41557948 2.0363442 0.96357067
0.42145749 2.0393125 0.96795937
0.42096532 2.0384148 0.97089556
0.42145749 2.0393125 0.96795937
0.42096532 2.0384148 0.97089556
0.41379673 2.0397911 0.96430478
0.41557508 2.0357629 0.961702
0.41554222 2.0350434 0.96111905
0.41557508 2.0357629 0.961702
0.41554222 2.0350434 0.96111905
0.41057935 2.0357532 0.95882006
0.41061345 2.0352374 0.95798279
0.41040985 2.037085 0.95973131
0.41451238 2.036965 0.96428508
0.41464827 2.0366403 0.95971545
0.41411676 2.0354345 0.95971663
0.41464827 2.0366403 0.95971545
0.41107098 2.0393746 0.95897684
0.41179451 2.040923 0.96297946
0.41107098 2.0393746 0.95897684
0.40995726 2.0392058 0.96328948
0.41023908 2.0391615 0.96248823
0.40995726 2.0392058 0.96328948
0.41023908 2.0391615 0.96248823
0.41509014 2.0386712 0.96055847
0.41577091 2.0355677 0.96085075
0.41509014 2.0386712 0.96055847
0.41577091 2.0355677 0.96085075
0.41331841 2.043763 0.96270572
0.41366072 2.0357075 0.96318227
0 0 0
4.9624438 1.621624 1.653426
4.9641308 1.6197785 1.6549699
4.9596735 1.6274556 1.6501795
4.9608575 1.6257883 1.6505802
4.9596735 1.6274556 1.6501795
4.9603334 1.6274951 1.6513906
4.9601423 1.624018 1.651874
4.9582302 1.6252082 1.6516722
4.9601423 1.624018 1.651874
4.9582302 1.6252082 1.6516722
4.9582874 1.6245604 1.6537887
4.9631725 1.6256462 1.6527817
4.9603144 1.6260465 1.6517619
4.9631725 1.6256462 1.6527817
4.966135 1.6229482 1.6535611
4.9637653 1.625422 1.6540681
2.1838741 1.6542096 6.0960476
2.1806762 1.6536244 6.0895685
2.1769787 1.6538577 6.0881088
2.173805 1.6517247 6.084865
2.1769787 1.6538577 6.0881088
4.4283153 1.566332 2.3545535
4.4303631 1.5680724 2.3526599
4.4294621 1.5696062 2.3519196
4.4303631 1.5680724 2.3526599
4.4294621 1.5696062 2.3519196
4.4272702 1.5687924 2.3481109
4.4283639 1.5694881 2.3506801
4.4272702 1.5687924 2.3481109
4.4283639 1.5694881 2.3506801
4.4296581 1.5639633 2.3503704
4.430234 1.5647167 2.350236
4.4340389 1.5634614 2.350454
4.430234 1.5647167 2.350236
4.4340389 1.5634614 2.350454
4.4320214 1.5667902 2.3500609
4.427966 1.5665697 2.351055
4.4320214 1.5667902 2.3500609
4.427966 1.5665697 2.351055
4.427924 1.5641119 2.3506287
4.4304833 1.5625765 2.3490349
4.4289419 1.5706929 2.3490652
4.4296659 1.571625 2.3488251
4.42767 1.5694938 2.348319
4.4275547 1.5671229 2.3479183
4.42767 1.5694938 2.348319
4.4275547 1.5671229 2.3479183
4.4314853 1.5659168 2.3476483
4.4267355 1.5705315 2.3493334
4.4317652 1.568061 2.3506673
0 0 0
1.1616366 1.7669981 3.0084718
1.1575881 1.7631668 3.0135729
1.1607448 1.7661928 3.0103968
1.1615699 1.7660871 3.011185
1.1616191 1.7643831 3.0127664
1.1615699 1.7660871 3.011185
1.1599778 1.7656676 3.0107851
1.1575306 1.7644891 3.0085057
1.1601261 1.7654097 3.0072674
1.1604419 1.7647384 3.0105196
1.1601261 1.7654097 3.0072674
1.1604297 1.7610543 3.0109925
1.1579841 1.7641961 3.0099468
1.1586694 1.7644899 3.0092374
1.1579841 1.7641961 3.0099468
1.1617302 1.76237 3.0093488
1.3460344 2.0154907 6.087681
1.3473119 2.0166944 6.0858861
1.3472242 2.0166374 6.0866301
1.343619 2.0189331 6.0857466
4.5754901 1.5221255 5.7197756
4.5751954 1.523677 5.7199527
4.5754901 1.5221255 5.7197756
4.5751954 1.523677 5.7199527
4.5781249 1.5261609 5.7219192
4.5772632 1.5284576 5.7253584
4.577793 1.5260289 5.7218388
4.5772632 1.5284576 5.7253584
4.576307 1.5265616 5.7213821
4.5764874 1.5267448 5.7215126
4.576307 1.5265616 5.7213821
4.5789278 1.527006 5.7208808
4.5791006 1.5304616 5.7216309
4.5789278 1.527006 5.7208808
4.5791006 1.5304616 5.7216309
4.5779021 1.5273684 5.7224779
4.5771099 1.5298715 5.7229871
4.5779021 1.5273684 5.7224779
4.5789541 1.5267785 5.7211924
4.5816254 1.5268939 5.7206317
4.5749711 1.5284866 5.7225912
4.5751469 1.5308266 5.7255113
4.5766616 1.5301381 5.725428
4.5728753 1.5289144 5.7237997
0.42057251 2.0329715 0.96722192
0.41296947 2.0407245 0.9581087
0.41517897 2.0385883 0.96137267
0.41296947 2.0407245 0.9581087
0.41449782 2.0372516 0.96550139
0.41131499 2.0386772 0.96062309
0.41449782 2.0372516 0.96550139
0.41131499 2.0386772 0.96062309
0.4146609 2.0373205 0.96247647
0.41436845 2.0370108 0.96174583
0.4146609 2.0373205 0.96247647
0.41436845 2.0370108 0.96174583
0.4081961 2.0362582 0.95825951
0.40939437 2.0355095 0.95746403
0.4081961 2.0362582 0.95825951
0.41253886 2.0374887 0.96308548
0.41368106 2.0386391 0.96258272
0.41131398 2.0396955 0.9603331
0.41463445 2.0353431 0.96100947
0.41522324 2.0354646 0.96045858
0.41463445 2.0353431 0.96100947
0.41262 2.0395672 0.96024019
0.40993058 2.0389139 0.96268002
0.41034346 2.0383973 0.96222298
0.41237022 2.0386149 0.96207992
0.41363179 2.03849 0.96188737
0.41674746 2.0377436 0.96197006
0.41363179 2.03849 0.96188737
0.41674746 2.0377436 0.96197006
0.93836106 2.1337419 3.5511924
0.94223226 2.132042 3.5504314
0.9409469 2.1308764 3.5494209
0.94223226 2.132042 3.5504314
4.9635934 1.6213359 1.6537212
4.9650207 1.6207734 1.6552944
4.9635934 1.6213359 1.6537212
4.9611307 1.6239175 1.6539288
4.9599049 1.6263689 1.6520426
4.9603998 1.626425 1.6520007
4.9632562 1.6241442 1.6536278
4.9598054 1.6251041 1.653682
4.957052 1.6242777 1.6522435
4.9574857 1.6229337 1.6514877
4.957052 1.6242777 1.6522435
4.9638746 1.6233171 1.6530612
4.959848 1.6231473 1.6511228
4.9638746 1.6233171 1.6530612
4.9624555 1.625211 1.6516944
4.9613991 1.6254911 1.6535353
4.9624855 1.6243394 1.6533825
0 0 0
2.1769145 1.651378 6.0897969
0 0 0
4.4255904 1.5629771 2.3547578
4.4286537 1.5677576 2.3565909
4.4276119 1.568508 2.3525749
4.4286537 1.5677576 2.3565909
4.4276119 1.568508 2.3525749
4.4302426 1.5720484 2.3517224
4.4271981 1.5700736 2.3494943
4.4295922 1.5702318 2.3492087
4.4317717 1.5696894 2.3492791
4.4295922 1.5702318 2.3492087
4.4317717 1.5696894 2.3492791
4.4293394 1.564451 2.3496029
4.4323004 1.5644733 2.3507352
4.4293394 1.564451 2.3496029
4.4323004 1.5644733 2.3507352
4.4335665 1.564316 2.3502998
4.4304339 1.56502 2.3502889
4.4302371 1.5644153 2.3485408
4.4304339 1.56502 2.3502889
4.4302371 1.5644153 2.3485408
4.4312425 1.5628043 2.3463371
4.4293515 1.568177 2.3510525
4.4302428 1.5678364 2.3489564
4.4306536 1.5676262 2.3487988
4.4302428 1.5678364 2.3489564
4.4306536 1.5676262 2.3487988
4.4291816 1.5682452 2.3475676
4.4348776 1.5642848 2.3500975
4.4325951 1.5661378 2.3503127
4.4302956 1.5615674 2.3550337
4.4313473 1.5597149 2.3493088
1.1579007 1.7672789 3.0087028
1.1593906 1.7652492 3.0090788
1.1579007 1.7672789 3.0087028
1.1593906 1.7652492 3.0090788
1.1593614 1.7652555 3.0107319
1.1581019 1.7638898 3.0107225
1.1569667 1.7654462 3.010848
1.1581019 1.7638898 3.0107225
1.1583443 1.7627226 3.0112392
1.1595141 1.7647474 3.0109674
1.1598836 1.7636822 3.0113722
1.1565721 1.7636637 3.0120765
1.1566837 1.7654505 3.0115217
1.1565721 1.7636637 3.0120765
1.1566837 1.7654505 3.0115217
1.1573714 1.7598806 3.008004
1.3468107 2.0150602 6.0884807
1.3452287 2.016208 6.0853009
1.3458764 2.0163019 6.0863055
4.5777403 1.5266396 5.7197533
4.5786612 1.5274696 5.7222323
4.5777403 1.5266396 5.7197533
4.5779004 1.5229707 5.7223567
4.5771337 1.5281116 5.7250372
4.5784832 1.5263274 5.7255247
4.5805646 1.5266683 5.7252212
4.5784832 1.5263274 5.7255247
4.5805646 1.5266683 5.7252212
4.5771605 1.5235077 5.7222122
4.5769659 1.523444 5.722159
4.5788688 1.5233235 5.722465
4.5789288 1.5248928 5.7217064
4.5805305 1.5312313 5.7223529
4.5804482 1.531732 5.7217863
4.5805305 1.5312313 5.7223529
4.5781933 1.5273336 5.7226788
4.578773 1.5310259 5.7230683
4.5781933 1.5273336 5.7226788
4.5756973 1.5248159 5.7214927
4.5745075 1.5239531 5.7215032
4.5768013 1.5283563 5.7236431
4.5756398 1.5284182 5.7233872
4.5804928 1.5315418 5.7264144
4.5828623 1.5365334 5.7282116
0.41778062 2.032155 0.96624295
0.41545909 2.0342742 0.96246136
0.41443496 2.0371742 0.96128276
0.41176816 2.0396338 0.95787318
0.41328404 2.0356632 0.96319134
0.4106021 2.0367685 0.95910783
0.40935162 2.0350855 0.95968313
0.4106021 2.0367685 0.95910783
0.4124359 2.0370025 0.96239388
0.41368009 2.0365895 0.96064895
0.4124359 2.0370025 0.96239388
0.41368009 2.0365895 0.96064895
0.41182066 2.0364563 0.95855968
0.41061345 2.0352374 0.95798279
0.41009525 2.0386079 0.96115227
0.41451238 2.036965 0.96428508
0.41479115 2.0386511 0.96004526
0.41511423 2.0364833 0.96132371
0.41479115 2.0386511 0.96004526
0.41511423 2.0364833 0.96132371
0.41179451 2.040923 0.96297946
0.41274493 2.0336648 0.96205305
0.40995726 2.0392058 0.96328948
0.41023908 2.0391615 0.96248823
0.40995726 2.0392058 0.96328948
0.41023908 2.0391615 0.96248823
0.41614571 2.0371357 0.96101366
0.41577091 2.0355677 0.96085075
0.94192518 2.1329848 3.553388
0.94075505 2.1339768 3.5519657
0.94338001 2.1321378 3.5513392
0.94075505 2.1339768 3.5519657
0.95039565 2.1308227 3.5576055
4.9670827 1.6226355 1.6502125
4.9662076 1.6235734 1.651741
4.964086 1.6228564 1.6513391
4.9612431 1.6251585 1.6520035
4.9596735 1.6274556 1.6501795
4.9603334 1.6274951 1.6513906
4.9667842 1.6260427 1.6526983
4.966294 1.6270594 1.6554884
4.9667842 1.6260427 1.6526983
4.966294 1.6270594 1.6554884
4.9622304 1.6231417 1.651565
4.9631725 1.6256462 1.6527817
4.9624984 1.624525 1.6492364
4.9631725 1.6256462 1.6527817
4.9624984 1.624525 1.6492364
4.9637653 1.625422 1.6540681
4.9643871 1.6250883 1.6536551
4.9601236 1.6263846 1.6554533
0 0 0
4.4247216 1.5662704 2.3532808
4.4241581 1.5642934 2.3456307
4.4324598 1.5670569 2.3546943
4.4303631 1.5680724 2.3526599
4.4294621 1.5696062 2.3519196
4.4276679 1.5635835 2.3486712
4.4280471 1.5645365 2.3500623
4.4276679 1.5635835 2.3486712
4.4280471 1.5645365 2.3500623
4.4295113 1.5645525 2.3510858
4.4283639 1.5694881 2.3506801
4.4296581 1.5639633 2.3503704
4.430234 1.5647167 2.350236
4.4340389 1.5634614 2.350454
4.430234 1.5647167 2.350236
4.4340389 1.5634614 2.350454
4.4320214 1.5667902 2.3500609
4.4302156 1.5667185 2.3512134
4.4320214 1.5667902 2.3500609
4.4302156 1.5667185 2.3512134
4.4294996 1.5649261 2.3489244
4.4317925 1.5686938 2.3486995
4.4289419 1.5706929 2.3490652
4.4296659 1.571625 2.3488251
4.4317863 1.5653485 2.350357
4.4275547 1.5671229 2.3479183
4.4317863 1.5653485 2.350357
4.4275547 1.5671229 2.3479183
4.4302374 1.5665082 2.3489299
4.4309678 1.5665533 2.3482658
4.4302276 1.5678137 2.3497199
4.432007 1.557669 2.3501368
4.4290953 1.5664519 2.3511047
1.1594735 1.7628576 3.0098603
1.1586162 1.7640682 3.0108518
1.1594735 1.7628576 3.0098603
1.157038 1.763132 3.0122638
1.1587074 1.7613813 3.0109876
1.1598441 1.7601022 3.0122703
1.1587074 1.7613813 3.0109876
1.1598441 1.7601022 3.0122703
1.1597792 1.7622352 3.0114616
1.160565 1.76313 3.0071642
1.1623159 1.7639595 3.0067416
1.160565 1.76313 3.0071642
1.1623159 1.7639595 3.0067416
1.1575691 1.7644875 3.01406
1.1583625 1.7658698 3.0069204
1.3460344 2.0154907 6.087681
0 0 0
4.5786965 1.527026 5.7230512
4.5778147 1.5277362 5.7223701
4.5786965 1.527026 5.7230512
4.5772256 1.5262553 5.7202366
4.5735011 1.524472 5.7215954
4.5770649 1.5287368 5.7261061
4.5767306 1.5282665 5.7259797
4.5770649 1.5287368 5.7261061
4.577793 1.5260289 5.7218388
4.5778463 1.5259249 5.7211473
4.576307 1.5265616 5.7213821
4.5764874 1.5267448 5.7215126
4.576307 1.5265616 5.7213821
4.5764874 1.5267448 5.7215126
4.5782587 1.5249362 5.7203852
4.5805266 1.5251998 5.7189679
4.5774426 1.5273549 5.7223476
4.5779021 1.5273684 5.7224779
4.5774426 1.5273549 5.7223476
4.5779021 1.5273684 5.7224779
4.5769699 1.5252013 5.7215463
4.5740319 1.5234979 5.720091
4.5769699 1.5252013 5.7215463
4.5785932 1.5262343 5.7212995
4.5797692 1.525017 5.7218362
4.5751469 1.5308266 5.7255113
0.41489741 2.0357956 0.96369933
0.41296947 2.0407245 0.9581087
0.41517897 2.0385883 0.96137267
0.41362788 2.0358932 0.95977591
0.41359231 2.035921 0.96176911
0.41362788 2.0358932 0.95977591
0.41359231 2.035921 0.96176911
0.40931954 2.0378739 0.9578773
0.4146609 2.0373205 0.96247647
0.41436845 2.0370108 0.96174583
0.41178058 2.0364334 0.96035975
0.41436845 2.0370108 0.96174583
0.41178058 2.0364334 0.96035975
0.41060247 2.0367385 0.96180614
0.4081961 2.0362582 0.95825951
0.41296193 2.0358298 0.96175865
0.41368106 2.0386391 0.96258272
0.41307879 2.0400834 0.96085913
0.41286766 2.0379687 0.9611053
0.41389208 2.0360155 0.96130233
0.41522578 2.0366741 0.96222373
0.4130493 2.0338085 0.96117319
0.41432983 2.0364125 0.96219516
0.41034346 2.0383973 0.96222298
0.41432983 2.0364125 0.96219516
0.41363179 2.03849 0.96188737
0.41237022 2.0386149 0.96207992
0.94169527 2.136258 3.5549697
0.94226575 2.1367527 3.5553494
0.94169527 2.136258 3.5549697
0.94227166 2.135503 3.5535436
0.94129984 2.1359634 3.5524933
0.94176022 2.1341046 3.5511055
4.9681451 1.6201109 1.6485551
4.9663758 1.6252866 1.6504916
4.9641718 1.6241852 1.6499029
4.9621128 1.625364 1.652094
4.9599049 1.6263689 1.6520426
4.9615336 1.6283037 1.652568
4.964554 1.6268377 1.656143
4.9660506 1.6270952 1.6560711
4.966909 1.6241019 1.6544138
4.9660506 1.6270952 1.6560711
4.962267 1.6238014 1.6516166
4.9648906 1.6244112 1.6532855
4.9612478 1.6268895 1.6510028
4.9610135 1.6245218 1.6483329
4.9596884 1.6268452 1.6529839
4.9613991 1.6254911 1.6535353
4.9624855 1.6243394 1.6533825
4.9609443 1.6237663 1.6532781
4.9624855 1.6243394 1.6533825
4.4273945 1.5645744 2.3485493
4.4333647 1.5669541 2.351926
4.4286537 1.5677576 2.3565909
4.4276119 1.568508 2.3525749
4.4286537 1.5677576 2.3565909
4.4276119 1.568508 2.3525749
4.4267989 1.5676583 2.3523099
4.4290071 1.566927 2.3506328
4.4267989 1.5676583 2.3523099
4.4307533 1.565148 2.350778
4.4279981 1.5687314 2.350882
4.4288288 1.5632979 2.3501391
4.4293394 1.564451 2.3496029
4.4323004 1.5644733 2.3507352
4.4293394 1.564451 2.3496029
4.4323004 1.5644733 2.3507352
4.4320653 1.5649713 2.3503648
4.4308453 1.565761 2.3502042
4.4320653 1.5649713 2.3503648
4.4308453 1.565761 2.3502042
4.4328697 1.5631036 2.3510409
4.4342576 1.5634541 2.3517239
4.4293515 1.568177 2.3510525
4.4302428 1.5678364 2.3489564
4.4306536 1.5676262 2.3487988
4.4302428 1.5678364 2.3489564
4.4306536 1.5676262 2.3487988
4.4291816 1.5682452 2.3475676
4.4306086 1.5644768 2.3499261
4.4312079 1.565664 2.3499002
4.4304184 1.5655189 2.350555
4.4308792 1.5646137 2.3507009
4.4300476 1.5662216 2.3511093
4.4363262 1.5632597 2.3501378
1.1579007 1.7672789 3.0087028
1.1601002 1.7600931 3.0075083
1.1593614 1.7652555 3.0107319
1.1573704 1.7628098 3.0109423
1.1587162 1.7640778 3.0145464
1.1573704 1.7628098 3.0109423
1.1587162 1.7640778 3.0145464
0 0 0
0 0 0
1.1634923 1.7641036 3.0041439
1.1664878 1.7632921 3.0082712
1.1618301 1.7644448 3.0071498
1.1664878 1.7632921 3.0082712
1.1570948 1.7629997 3.0070967
4.5798589 1.5291297 5.7199169
4.5778066 1.5285302 5.7213979
4.5784937 1.5291979 5.7223582
4.5781592 1.5288039 5.7228559
4.5795695 1.5277239 5.7242213
4.5767706 1.5266327 5.7226622
4.5744501 1.5245508 5.7227775
4.5756381 1.5262129 5.7205876
4.5781208 1.5234972 5.7218495
4.5801963 1.5251023 5.7218313
4.5781208 1.5234972 5.7218495
4.5790668 1.5247016 5.723784
4.5783429 1.5276268 5.7245652
4.5790668 1.5247016 5.723784
4.5783429 1.5276268 5.7245652
4.5776983 1.5274574 5.7224556
4.5764086 1.5275633 5.7233632
4.5793006 1.5290071 5.7209644
4.5761716 1.5291022 5.7222328
4.5765388 1.5255745 5.7218227
4.5761716 1.5291022 5.7222328
4.5765388 1.5255745 5.7218227
4.5756973 1.5248159 5.7214927
4.5745075 1.5239531 5.7215032
4.5768013 1.5283563 5.7236431
4.5792659 1.5268023 5.7229392
4.5804928 1.5315418 5.7264144
4.5828623 1.5365334 5.7282116
0.41422384 2.0352057 0.96630351
0.41545909 2.0342742 0.96246136
0.41443496 2.0371742 0.96128276
0.41176816 2.0396338 0.95787318
0.41328404 2.0356632 0.96319134
0.41310312 2.0347986 0.95903368
0.40903055 2.0357474 0.95811445
0.41243245 2.0369966 0.9597771
0.41261494 2.0364326 0.96177839
0.41368009 2.0365895 0.96064895
0.41261494 2.0364326 0.96177839
0.41368009 2.0365895 0.96064895
0.41182066 2.0364563 0.95855968
0.41090119 2.03654 0.95882856
0.41009525 2.0386079 0.96115227
0.41015833 2.0388684 0.96073784
0.41183659 2.0378214 0.96176902
0.41015833 2.0388684 0.96073784
0.41183659 2.0378214 0.96176902
0.41318114 2.0379275 0.96105251
0.41450445 2.0361835 0.96133651
0.41274493 2.0336648 0.96205305
0.41409881 2.0346736 0.96236438
0.41300772 2.0357418 0.96248328
0.41409881 2.0346736 0.96236438
0.41300772 2.0357418 0.96248328
0.94394847 2.134365 3.553991
0.94054305 2.1343095 3.5543562
0.94350059 2.1343986 3.5514378
0.94358384 2.133625 3.5530573
0.94350059 2.1343986 3.5514378
0.94240044 2.1347496 3.5516056
0.94414625 2.1298464 3.5553854
4.9679833 1.6210275 1.6530858
4.9662076 1.6235734 1.651741
4.964086 1.6228564 1.6513391
4.9626378 1.6262303 1.6519131
4.9652706 1.6248642 1.6558132
4.9643126 1.6254774 1.6567283
4.9667842 1.6260427 1.6526983
4.963906 1.626496 1.6556429
4.9648079 1.6248811 1.6550694
4.9649001 1.6273845 1.6533358
4.9642831 1.6265592 1.6519518
4.9649001 1.6273845 1.6533358
4.9642831 1.6265592 1.6519518
4.9637347 1.6268721 1.6525514
4.961054 1.6275701 1.652027
4.9607055 1.626891 1.6524532
4.9611504 1.6256704 1.6541505
4.9601236 1.6263846 1.6554533
4.9611504 1.6256704 1.6541505
4.4288894 1.5730301 2.3526966
4.4261155 1.5718851 2.3544754
4.4324598 1.5670569 2.3546943
4.4286738 1.5651843 2.3526437
4.4324598 1.5670569 2.3546943
4.4276679 1.5635835 2.3486712
4.4280471 1.5645365 2.3500623
4.4276679 1.5635835 2.3486712
4.4280471 1.5645365 2.3500623
4.4295113 1.5645525 2.3510858
4.429148 1.5699984 2.3515077
4.4301944 1.5673266 2.3505012
4.4306405 1.5663817 2.3485411
4.4329378 1.5654655 2.349047
4.4312603 1.5661165 2.3489691
4.4308754 1.5667348 2.3511237
4.4291537 1.5659558 2.3503418
4.4308754 1.5667348 2.3511237
4.4291537 1.5659558 2.3503418
4.4294034 1.5659173 2.3498788
4.4288711 1.5635368 2.3475972
4.4299074 1.5685243 2.3524916
4.4278468 1.5682922 2.351797
4.4299074 1.5685243 2.3524916
4.4317863 1.5653485 2.350357
4.4307919 1.5641376 2.3517788
4.4306733 1.5636057 2.3504069
4.4307919 1.5641376 2.3517788
4.4306733 1.5636057 2.3504069
4.4319093 1.5639808 2.3484889
4.4329213 1.5639419 2.3487741
4.434505 1.5687173 2.3513183
4.4340241 1.567419 2.3507219
4.4343828 1.563949 2.3534244
4.4332783 1.5680523 2.3539199
4.4343828 1.563949 2.3534244
4.4274003 1.5704704 2.349832
4.4300011 1.5662705 2.3495526
4.4292633 1.5634527 2.350237
4.4300011 1.5662705 2.3495526
4.4272536 1.5631418 2.351477
4.4296894 1.5636796 2.3508233
4.4272536 1.5631418 2.351477
4.4307198 1.5652178 2.34595
4.4271917 1.5644302 2.3438235
4.4252737 1.5637856 2.3478844
4.4347529 1.5713158 2.349221
4.4303186 1.5683738 2.3514709
4.5768484 1.525272 5.7234171
4.5758741 1.5251329 5.7242551
4.5760962 1.526683 5.7236517
4.5763323 1.5275215 5.7239187
4.5786965 1.527026 5.7230512
4.5772256 1.5262553 5.7202366
4.5757235 1.5248013 5.7219387
4.5780962 1.5266931 5.7206188
4.5757235 1.5248013 5.7219387
4.5780962 1.5266931 5.7206188
4.5773022 1.5250122 5.720462
4.5780254 1.528075 5.7236355
4.578418 1.528564 5.7252142
4.5784692 1.5289542 5.7240209
4.578418 1.528564 5.7252142
4.5784692 1.5289542 5.7240209
4.5769716 1.5274 5.7230715
4.5793723 1.5283624 5.7204152
4.5774426 1.5273549 5.7223476
4.5772657 1.5265312 5.7217681
4.5774426 1.5273549 5.7223476
4.5772657 1.5265312 5.7217681
4.5783974 1.5275004 5.720787
4.5740319 1.5234979 5.720091
4.5783974 1.5275004 5.720787
4.5785932 1.5262343 5.7212995
4.5797692 1.525017 5.7218362
4.5787782 1.5213634 5.7223539
0.41489741 2.0357956 0.96369933
0.41360164 2.0387097 0.96229864
0.41682877 2.0382527 0.96432397
0.41190507 2.036525 0.96068991
0.41344286 2.039136 0.96227314
0.41190507 2.036525 0.96068991
0.41344286 2.039136 0.96227314
0.41256995 2.0367758 0.9604064
0.41329485 2.0365544 0.96188185
0.41256995 2.0367758 0.9604064
0.41329485 2.0365544 0.96188185
0.41183927 2.037238 0.96024635
0.41178058 2.0364334 0.96035975
0.41060247 2.0367385 0.96180614
0.41124066 2.0380373 0.96409031
0.41190017 2.0383155 0.96294694
0.4128685 2.0374593 0.96258209
0.41190017 2.0383155 0.96294694
0.4128685 2.0374593 0.96258209
0.41389208 2.0360155 0.96130233
0.41358073 2.036065 0.95986201
0.4130493 2.0338085 0.96117319
0.41432983 2.0364125 0.96219516
0.41406194 2.0377807 0.96239798
0.41432983 2.0364125 0.96219516
0.94693856 2.1327941 3.5531888
0.94226575 2.1367527 3.5553494
0.94169527 2.136258 3.5549697
0.94307066 2.1348288 3.5499396
0.94169527 2.136258 3.5549697
0.94307066 2.1348288 3.5499396
0.94292682 2.1347795 3.5533075
0.94305785 2.1327686 3.5546956
0 0 0
4.9663758 1.6252866 1.6504916
4.9641718 1.6241852 1.6499029
4.9621128 1.625364 1.652094
4.9655298 1.6274661 1.6523211
4.9655585 1.6262636 1.6558557
4.9633336 1.625585 1.6592622
4.9660506 1.6270952 1.6560711
4.9633637 1.623609 1.6529157
4.9623489 1.6252991 1.6525347
4.9640563 1.6268888 1.65258
4.9623489 1.6252991 1.6525347
4.9640563 1.6268888 1.65258
4.9626603 1.6266858 1.6531018
4.9596884 1.6268452 1.6529839
4.9587112 1.6256468 1.6539472
4.9613581 1.6264314 1.6548449
4.962596 1.6267123 1.6531212
4.9630078 1.6267054 1.6530364
4.962596 1.6267123 1.6531212
4.4333647 1.5669541 2.351926
4.4328491 1.5656624 2.3517129
4.4304641 1.5673654 2.3497085
4.4328491 1.5656624 2.3517129
4.4304641 1.5673654 2.3497085
4.4285047 1.5650859 2.3490334
4.4275487 1.5637087 2.3474144
4.4280401 1.5646621 2.3510235
4.4307533 1.565148 2.350778
4.4279981 1.5687314 2.350882
4.4307533 1.565148 2.350778
4.4279981 1.5687314 2.350882
4.4305162 1.5673818 2.3523529
4.4299293 1.566267 2.3508132
4.4297559 1.5672799 2.3522141
4.4320653 1.5649713 2.3503648
4.4308453 1.565761 2.3502042
4.4320653 1.5649713 2.3503648
4.4308453 1.565761 2.3502042
4.4328697 1.5631036 2.3510409
4.4309332 1.5658094 2.350958
4.4290839 1.5651703 2.350614
4.4309332 1.5658094 2.350958
4.4316057 1.5650769 2.3503962
4.4313701 1.5640192 2.3501375
4.4306086 1.5644768 2.3499261
4.4312079 1.565664 2.3499002
4.4306086 1.5644768 2.3499261
4.4312079 1.565664 2.3499002
4.4367138 1.5661326 2.3517822
4.435287 1.5632608 2.3485156
4.4367138 1.5661326 2.3517822
0.2547635 0.61441878 0.61194281
0.25621953 0.61756073 0.61005582
0.2514688 0.61966776 0.61471482
0.25621953 0.61756073 0.61005582
0.2514688 0.61966776 0.61471482
0.25891478 0.61855111 0.60636486
0.25825871 0.61782003 0.60585447
0.25258781 0.61553507 0.6100109
0.25976292 0.61322288 0.60412006
0.25328134 0.6160685 0.61201879
0.2593099 0.61361579 0.60552166
0.25328134 0.6160685 0.61201879
0.2593099 0.61361579 0.60552166
0.26274272 0.61506498 0.60031063
0.25771983 0.61422214 0.61269569
4.5798589 1.5291297 5.7199169
4.5778066 1.5285302 5.7213979
4.5784937 1.5291979 5.7223582
4.5781592 1.5288039 5.7228559
4.5795695 1.5277239 5.7242213
4.5767706 1.5266327 5.7226622
4.5744501 1.5245508 5.7227775
4.5775105 1.5272425 5.7193094
4.5750377 1.5260305 5.7210808
4.5775105 1.5272425 5.7193094
4.5781208 1.5234972 5.7218495
4.5763833 1.5290963 5.7243937
4.5801267 1.5297772 5.7249728
4.5795914 1.5283965 5.7230638
4.5761395 1.5275848 5.7246326
4.5753145 1.5248605 5.7266329
4.5761395 1.5275848 5.7246326
4.5793006 1.5290071 5.7209644
4.5785253 1.5277219 5.7216773
4.5793006 1.5290071 5.7209644
4.5785253 1.5277219 5.7216773
4.5780106 1.5269405 5.7269714
4.5774818 1.5303524 5.7224457
4.5792659 1.5268023 5.7229392
4.5768733 1.5269887 5.7250962
4.5794287 1.5257742 5.7247063
4.5797569 1.5270971 5.7225388
4.5794287 1.5257742 5.7247063
2.6925556 1.0872528 0.68188457
2.6811085 1.0950017 0.68770178
2.6915665 1.0891271 0.67957743
2.6803136 1.0921963 0.68553179
2.682971 1.093588 0.68462487
2.6855126 1.0956218 0.68028788
2.682971 1.093588 0.68462487
0 0 0
0.41384782 2.03749 0.96404729
0.41352817 2.0366419 0.96406639
0.41384782 2.03749 0.96404729
0.41600027 2.0394407 0.96414356
0.41282661 2.0397086 0.96430788
0.41100015 2.0389955 0.96328586
0.40996573 2.0405083 0.96331672
0.41015833 2.0388684 0.96073784
0.41183659 2.0378214 0.96176902
0.41015833 2.0388684 0.96073784
0.41183659 2.0378214 0.96176902
0.41318114 2.0379275 0.96105251
0.41323353 2.0360141 0.96019555
0.41411817 2.0354203 0.96435482
0.41409881 2.0346736 0.96236438
0.41300772 2.0357418 0.96248328
0.94812415 2.1341867 3.5545468
0.94767149 2.1335765 3.5545262
0.94812415 2.1341867 3.5545468
0.94358384 2.133625 3.5530573
0.94350059 2.1343986 3.5514378
0.94358384 2.133625 3.5530573
0.94350059 2.1343986 3.5514378
0.94531494 2.1345497 3.5517151
0.94414625 2.1298464 3.5553854
4.9679833 1.6210275 1.6530858
4.9626378 1.6262303 1.6519131
4.9626467 1.6258057 1.6514954
4.9626378 1.6262303 1.6519131
4.9652706 1.6248642 1.6558132
4.9626832 1.62565 1.6573295
4.962682 1.6251225 1.6573285
4.9621082 1.6244956 1.6532262
4.9615192 1.6230703 1.6515211
4.9649001 1.6273845 1.6533358
4.9642831 1.6265592 1.6519518
4.9649001 1.6273845 1.6533358
4.9642831 1.6265592 1.6519518
4.9661348 1.6241356 1.6530277
4.961054 1.6275701 1.652027
4.9607055 1.626891 1.6524532
4.9623323 1.6277055 1.6539706
4.9621593 1.6270973 1.6532861
4.9620325 1.6241909 1.6560594
4.9621593 1.6270973 1.6532861
4.4256502 1.5740582 2.3538233
4.4247709 1.5776993 2.3552827
4.4256502 1.5740582 2.3538233
4.4285109 1.5686447 2.3514536
4.4285505 1.5696299 2.3522625
4.4261826 1.5655662 2.3526446
4.4285505 1.5696299 2.3522625
4.4280833 1.5667167 2.350651
4.4301944 1.5673266 2.3505012
4.429148 1.5699984 2.3515077
4.4301944 1.5673266 2.3505012
4.429148 1.5699984 2.3515077
4.4326267 1.5694688 2.3522846
4.4312603 1.5661165 2.3489691
4.4308754 1.5667348 2.3511237
4.4291537 1.5659558 2.3503418
4.4308754 1.5667348 2.3511237
4.4291537 1.5659558 2.3503418
4.4294034 1.5659173 2.3498788
4.4288711 1.5635368 2.3475972
4.4323081 1.5648683 2.3513262
4.4303449 1.5654146 2.3510764
4.4323081 1.5648683 2.3513262
4.4303449 1.5654146 2.3510764
4.4307919 1.5641376 2.3517788
4.4306733 1.5636057 2.3504069
4.4307919 1.5641376 2.3517788
4.4306733 1.5636057 2.3504069
4.4319093 1.5639808 2.3484889
4.4329213 1.5639419 2.3487741
0 0 0
0.26192829 0.61366876 0.60768003
0.25855687 0.61432634 0.60624215
0.25961874 0.61744048 0.60607572
0.26164814 0.61660833 0.60188419
0.25961874 0.61744048 0.60607572
0.26164814 0.61660833 0.60188419
0.26016965 0.61580261 0.60329028
0.26094872 0.6138053 0.60470375
0.25719758 0.61232717 0.60906772
0.25906603 0.61309396 0.60501612
0.25360231 0.61476129 0.6116897
0.25804298 0.61397222 0.60759103
0.25360231 0.61476129 0.6116897
0.25804298 0.61397222 0.60759103
0.25829432 0.61406715 0.60563634
0.25625084 0.61437032 0.61435246
4.5768484 1.525272 5.7234171
4.5758741 1.5251329 5.7242551
4.5760962 1.526683 5.7236517
4.5763323 1.5275215 5.7239187
4.5759338 1.5285691 5.7252453
4.5750088 1.5251472 5.7206807
4.5757235 1.5248013 5.7219387
4.5780962 1.5266931 5.7206188
4.5757235 1.5248013 5.7219387
4.5780962 1.5266931 5.7206188
4.5773022 1.5250122 5.720462
4.5769529 1.5300366 5.7244048
4.5794251 1.5302771 5.7236237
4.5752877 1.5266038 5.7265188
4.5737127 1.5274069 5.7236406
4.5752877 1.5266038 5.7265188
4.5737127 1.5274069 5.7236406
4.5770779 1.5264203 5.7247631
4.5753453 1.5276535 5.7246738
4.5762137 1.5265263 5.7258944
4.5753453 1.5276535 5.7246738
4.5762137 1.5265263 5.7258944
4.5757075 1.5273963 5.7252406
4.5796912 1.5247913 5.7225306
4.5781595 1.5265379 5.7253208
4.5796912 1.5247913 5.7225306
4.5781595 1.5265379 5.7253208
4.5812633 1.528676 5.7174721
2.6941657 1.0835201 0.68146549
2.693786 1.0887201 0.67731405
2.6943443 1.0871588 0.67768003
2.693786 1.0887201 0.67731405
2.6949824 1.0943153 0.68016376
2.6948646 1.0932649 0.67861144
2.6933199 1.0935363 0.67451633
2.6948646 1.0932649 0.67861144
0 0 0
0.41256995 2.0367758 0.9604064
0.41439403 2.0379876 0.96440836
0.41683358 2.0366902 0.96240667
0.41141739 2.0388372 0.96193609
0.41182601 2.0380976 0.96280906
0.41543406 2.0399067 0.96356621
0.41190017 2.0383155 0.96294694
0.4128685 2.0374593 0.96258209
0.41190017 2.0383155 0.96294694
0.4128685 2.0374593 0.96258209
0.41189051 2.0412329 0.9610438
0.4160457 2.0354238 0.96416257
0.41862926 2.0388154 0.9677124
0.41429245 2.0355147 0.96306726
0.94751801 2.13306 3.552289
0.94564688 2.1338779 3.5566926
0.94751801 2.13306 3.552289
0.9476144 2.1333169 3.5534474
0.94731616 2.1322163 3.5532546
0.94307066 2.1348288 3.5499396
0.94178382 2.1354899 3.5493731
0.94307066 2.1348288 3.5499396
0.94292682 2.1347795 3.5533075
0 0 0
4.9599433 1.6279088 1.6512931
4.9628611 1.6274123 1.6503672
4.9599433 1.6279088 1.6512931
4.9655585 1.6262636 1.6558557
4.9639073 1.62571 1.655306
4.9641839 1.6248844 1.6551533
4.9639073 1.62571 1.655306
4.9641839 1.6248844 1.6551533
4.9619835 1.6220112 1.6485691
4.9623489 1.6252991 1.6525347
4.9640563 1.6268888 1.65258
4.9623489 1.6252991 1.6525347
4.9640563 1.6268888 1.65258
4.9656989 1.6261993 1.6536881
4.9633706 1.6273724 1.6555258
4.9627094 1.6277629 1.6550085
4.9633706 1.6273724 1.6555258
4.962596 1.6267123 1.6531212
4.9630078 1.6267054 1.6530364
4.962596 1.6267123 1.6531212
0 0 0
4.4277493 1.5696104 2.3494787
4.4272816 1.5705571 2.3521756
4.428134 1.5684946 2.3487279
4.4279325 1.5693835 2.3486879
4.428134 1.5684946 2.3487279
4.4279325 1.5693835 2.3486879
4.4249837 1.5678414 2.3515584
4.4311852 1.5668681 2.3498944
4.4311872 1.5690653 2.3527754
4.4311852 1.5668681 2.3498944
4.4311872 1.5690653 2.3527754
4.4300229 1.5686201 2.3517071
4.4299293 1.566267 2.3508132
4.4297559 1.5672799 2.3522141
4.4302678 1.5647193 2.3507883
4.4297559 1.5672799 2.3522141
4.4302678 1.5647193 2.3507883
4.430411 1.5650352 2.3506968
4.4298509 1.5637328 2.3529684
4.4309332 1.5658094 2.350958
4.4308597 1.5664184 2.3507835
4.4278543 1.5704011 2.3499478
4.4308597 1.5664184 2.3507835
4.4278543 1.5704011 2.3499478
4.4316204 1.5652349 2.3505744
4.4323491 1.5645846 2.3471497
4.4343739 1.564269 2.3478781
4.4323491 1.5645846 2.3471497
0 0 0
0.26325687 0.61344292 0.6032513
0.25966879 0.61671664 0.60676101
0.25881946 0.61591415 0.60722723
0.26159759 0.61647184 0.60616897
0.25918889 0.61840242 0.60577924
0.26159759 0.61647184 0.60616897
0.25918889 0.61840242 0.60577924
0.25891478 0.61855111 0.60636486
0.25659464 0.61382991 0.61205605
0.25258781 0.61553507 0.6100109
0.25659464 0.61382991 0.61205605
0.25707284 0.61373988 0.60735919
0.26229504 0.61620676 0.60363983
0.26408345 0.61619813 0.60117284
0.26229504 0.61620676 0.60363983
0.26408345 0.61619813 0.60117284
0.25771983 0.61422214 0.61269569
4.5739605 1.5263694 5.7230047
4.5746123 1.5245638 5.7221333
4.5739605 1.5263694 5.7230047
4.5756434 1.5287283 5.725112
4.5742873 1.5299884 5.7278349
4.5750621 1.5261386 5.7213881
4.5750377 1.5260305 5.7210808
4.5775105 1.5272425 5.7193094
4.5750377 1.5260305 5.7210808
4.5775105 1.5272425 5.7193094
4.5770423 1.5255655 5.7186823
4.5802061 1.525312 5.7252172
4.5772513 1.5262737 5.7253974
4.5758482 1.5250983 5.7273595
4.5761395 1.5275848 5.7246326
4.5758482 1.5250983 5.7273595
4.5761395 1.5275848 5.7246326
4.5774405 1.5281416 5.7233655
4.5747387 1.5283586 5.7250578
4.5761769 1.5261958 5.7263998
4.5747387 1.5283586 5.7250578
4.5761769 1.5261958 5.7263998
4.5774818 1.5303524 5.7224457
4.5784102 1.5277666 5.7247513
4.5768733 1.5269887 5.7250962
4.5794287 1.5257742 5.7247063
4.5797569 1.5270971 5.7225388
4.5794287 1.5257742 5.7247063
2.6914107 1.086319 0.6818691
2.6913551 1.087209 0.67774956
2.6940424 1.0863119 0.67763492
2.6928469 1.0924312 0.68259915
2.6943285 1.0939376 0.68111178
2.6949892 1.09201 0.67757832
2.6943285 1.0939376 0.68111178
2.6949892 1.09201 0.67757832
2.6900871 1.091307 0.68071361
2.6965178 1.0899771 0.67674067
0.41384782 2.03749 0.96404729
0.41600027 2.0394407 0.96414356
0.41282661 2.0397086 0.96430788
0.41279359 2.0385945 0.96345347
0.41380777 2.040364 0.96261035
0.41252731 2.0398887 0.96322307
0.41310722 2.0389308 0.96276783
0.41252731 2.0398887 0.96322307
0.41201801 2.03633 0.9627314
0.41147331 2.0405047 0.96024931
0.41323204 2.0323645 0.9625704
0.41674071 2.035834 0.96845079
0.94683418 2.1333775 3.5561866
0.94462902 2.1298629 3.5544396
0.94812415 2.1341867 3.5545468
0.94767149 2.1335765 3.5545262
0.94812415 2.1341867 3.5545468
0.94657072 2.1313862 3.5524203
0.9462081 2.1328257 3.5543652
0.94250989 2.1338625 3.5505047
0.94249827 2.1324303 3.5515896
0.94531494 2.1345497 3.5517151
0 0 0
4.9657668 1.6255862 1.6536812
4.9654144 1.6268913 1.6512961
4.9657668 1.6255862 1.6536812
4.9626312 1.625354 1.6548991
4.962682 1.6251225 1.6573285
4.9632841 1.6248346 1.6506781
4.9628307 1.6239614 1.6492156
4.9632841 1.6248346 1.6506781
4.9615192 1.6230703 1.6515211
4.9621082 1.6244956 1.6532262
4.9615192 1.6230703 1.6515211
4.9624559 1.6225346 1.6543939
4.9661538 1.624657 1.6503624
4.9661348 1.6241356 1.6530277
4.9651829 1.6262224 1.6548441
4.9661348 1.6241356 1.6530277
4.9651829 1.6262224 1.6548441
4.9623522 1.6242746 1.6539355
4.9620325 1.6241909 1.6560594
4.9601577 1.6254387 1.6536244
4.9620325 1.6241909 1.6560594
4.9601577 1.6254387 1.6536244
4.433414 1.5695967 2.3541529
4.4294052 1.5685077 2.3476154
4.4282939 1.5694138 2.3481592
4.4294052 1.5685077 2.3476154
4.4282939 1.5694138 2.3481592
4.4268651 1.5692843 2.3505897
4.430552 1.5701871 2.350115
4.4302321 1.571238 2.3527409
4.432198 1.5656482 2.353828
4.4302321 1.571238 2.3527409
4.432198 1.5656482 2.353828
4.4297883 1.5686586 2.3526243
4.4318604 1.5664117 2.3525025
4.4299658 1.5659818 2.3502503
4.4310607 1.5665447 2.3526988
4.4299658 1.5659818 2.3502503
4.4310607 1.5665447 2.3526988
4.4285334 1.5638377 2.351787
4.4323081 1.5648683 2.3513262
4.4303449 1.5654146 2.3510764
4.4323081 1.5648683 2.3513262
4.4303449 1.5654146 2.3510764
4.4280734 1.5685252 2.3510032
4.4314983 1.5647691 2.3503545
4.4308805 1.5649489 2.3468116
4.4336664 1.5657912 2.3473855
0.25950236 0.61574556 0.60482085
0.26925425 0.60886893 0.59586071
0.26073283 0.6141186 0.60437906
0.25760434 0.6150322 0.6096306
0.25702533 0.6167183 0.60778562
0.26002783 0.61619732 0.60602458
0.26164814 0.61660833 0.60188419
0.26002783 0.61619732 0.60602458
0.26164814 0.61660833 0.60188419
0.26016965 0.61580261 0.60329028
0.25916974 0.61333204 0.61086548
0.2620797 0.61377265 0.607012
0.25916974 0.61333204 0.61086548
0.2620797 0.61377265 0.607012
0.25804298 0.61397222 0.60759103
0.25829432 0.61406715 0.60563634
0.25804298 0.61397222 0.60759103
0.25829432 0.61406715 0.60563634
0.26003217 0.61506788 0.61549896
4.5737294 1.5241771 5.7237609
4.5737157 1.5254407 5.722672
4.5737294 1.5241771 5.7237609
4.5777815 1.5274167 5.7226529
4.5790733 1.526236 5.7235733
4.5781435 1.527826 5.7211186
4.5790477 1.5238733 5.7190285
4.5773085 1.5248694 5.7252194
4.5790477 1.5238733 5.7190285
4.5773085 1.5248694 5.7252194
4.5794397 1.5282636 5.7211054
4.5780468 1.5268327 5.722788
4.5794397 1.5282636 5.7211054
4.5752877 1.5266038 5.7265188
4.5737127 1.5274069 5.7236406
4.5752877 1.5266038 5.7265188
4.5737127 1.5274069 5.7236406
4.5759649 1.527298 5.7197913
4.5753453 1.5276535 5.7246738
4.5762137 1.5265263 5.7258944
4.5753453 1.5276535 5.7246738
4.5762137 1.5265263 5.7258944
4.5757075 1.5273963 5.7252406
4.5799616 1.5261569 5.7218639
4.5781595 1.5265379 5.7253208
4.5793981 1.5270324 5.7231432
4.5781595 1.5265379 5.7253208
4.5812633 1.528676 5.7174721
0 0 0
2.6898911 1.0871839 0.6769742
2.6943443 1.0871588 0.67768003
2.6924699 1.090781 0.68326344
2.6924882 1.0918975 0.68108474
2.6948646 1.0932649 0.67861144
2.6924882 1.0918975 0.68108474
2.6948646 1.0932649 0.67861144
2.6915597 1.0924664 0.67882923
2.6924591 1.0924851 0.6790974
2.687096 1.0914944 0.68393374
0.41683358 2.0366902 0.96240667
0.41452395 2.0366881 0.96283098
0.41570512 2.0339762 0.95310894
0.41543406 2.0399067 0.96356621
0.41484928 2.0399959 0.96322969
0.41529563 2.0399654 0.96239005
0.41484928 2.0399959 0.96322969
0.41529563 2.0399654 0.96239005
0.41189051 2.0412329 0.9610438
0.4160457 2.0354238 0.96416257
0.94331998 2.1331749 3.5532704
0.94542676 2.1329976 3.5543434
0.94751801 2.13306 3.552289
0.9476144 2.1333169 3.5534474
0.94751801 2.13306 3.552289
0.9476144 2.1333169 3.5534474
0.94731616 2.1322163 3.5532546
0.94509282 2.1359416 3.551003
0.94179574 2.1332247 3.5490522
0.94144316 2.1327232 3.5497676
0.94156149 2.1340118 3.5472337
0.94144316 2.1327232 3.5497676
4.9649848 1.6240241 1.6538154
4.9624222 1.623784 1.6548495
4.9649848 1.6240241 1.6538154
4.9624222 1.623784 1.6548495
4.9620622 1.6249818 1.6479895
4.9641839 1.6248844 1.6551533
4.9620622 1.6249818 1.6479895
4.9641839 1.6248844 1.6551533
4.9619835 1.6220112 1.6485691
4.9630633 1.6229346 1.6491205
4.9653971 1.6225557 1.6525922
4.9637452 1.6259974 1.6527393
4.9653971 1.6225557 1.6525922
4.9637452 1.6259974 1.6527393
4.9642738 1.6260585 1.6550495
4.9656989 1.6261993 1.6536881
4.9642738 1.6260585 1.6550495
4.9646479 1.625063 1.6556276
4.9650295 1.6249278 1.6582939
4.9646794 1.6263856 1.6562744
4.9650295 1.6249278 1.6582939
4.9623159 1.6252516 1.6493954
4.4272816 1.5705571 2.3521756
4.428134 1.5684946 2.3487279
4.4279325 1.5693835 2.3486879
4.428134 1.5684946 2.3487279
4.4279325 1.5693835 2.3486879
4.4249837 1.5678414 2.3515584
4.4306916 1.5695032 2.3504826
4.4311872 1.5690653 2.3527754
4.432043 1.5644122 2.3497807
4.4311872 1.5690653 2.3527754
4.432043 1.5644122 2.3497807
4.4289123 1.5682866 2.3494219
4.4291478 1.5679399 2.3519369
4.4307339 1.5648482 2.3467609
4.430025 1.5649089 2.3527136
4.4307339 1.5648482 2.3467609
4.430025 1.5649089 2.3527136
4.4298509 1.5637328 2.3529684
4.4324828 1.5673077 2.3471749
4.4308597 1.5664184 2.3507835
4.4324828 1.5673077 2.3471749
4.4308597 1.5664184 2.3507835
4.4278543 1.5704011 2.3499478
4.4309169 1.569821 2.3509113
4.4304719 1.5654868 2.3475716
4.4363618 1.5663015 2.3474686
0.26000591 0.61988281 0.60164049
0.26264267 0.61310187 0.60121317
0.2590044 0.61859939 0.60424378
0.26004599 0.61679398 0.60589807
0.26358866 0.61487215 0.60246733
0.25485027 0.61763575 0.61093096
0.25763565 0.61626387 0.6105451
0.26237621 0.61650079 0.60563573
0.25763565 0.61626387 0.6105451
0.26237621 0.61650079 0.60563573
0.25893779 0.61360466 0.60771201
0.26023797 0.61321605 0.60621988
0.25893779 0.61360466 0.60771201
0.26023797 0.61321605 0.60621988
0.26229504 0.61620676 0.60363983
0.26408345 0.61619813 0.60117284
0.26229504 0.61620676 0.60363983
0.26408345 0.61619813 0.60117284
0.26651605 0.61541109 0.60111513
4.5747746 1.5253989 5.7244874
4.5773622 1.5297879 5.7214863
4.5780664 1.5273327 5.7228653
4.5773622 1.5297879 5.7214863
4.5780664 1.5273327 5.7228653
4.5785292 1.5339345 5.7219041
4.579595 1.5264306 5.7195444
4.5785862 1.5273675 5.7266404
4.5784591 1.5269324 5.7270548
4.5785862 1.5273675 5.7266404
4.5784591 1.5269324 5.7270548
4.5775288 1.526025 5.7235067
4.5806006 1.5268844 5.7215263
4.5786139 1.5247639 5.7241864
4.5814351 1.5259479 5.724159
4.5786139 1.5247639 5.7241864
4.5814351 1.5259479 5.724159
4.5749128 1.5265229 5.7198612
4.5747387 1.5283586 5.7250578
4.5761769 1.5261958 5.7263998
4.5747387 1.5283586 5.7250578
4.5761769 1.5261958 5.7263998
4.5772668 1.5262134 5.7254891
4.5778874 1.5276014 5.7216601
4.5782091 1.5285795 5.723949
4.5787683 1.5283294 5.725136
4.5787418 1.5293398 5.7249554
4.5782627 1.527031 5.7294303
2.6914107 1.086319 0.6818691
2.6895447 1.0914009 0.67890415
2.6940424 1.0863119 0.67763492
2.6928469 1.0924312 0.68259915
2.6943285 1.0939376 0.68111178
2.6949892 1.09201 0.67757832
2.6943285 1.0939376 0.68111178
2.6949892 1.09201 0.67757832
2.694948 1.0920667 0.67521776
2.6977936 1.0902561 0.67329306
2.6943078 1.0918736 0.67798021
2.6965178 1.0899771 0.67674067
0 0 0
0.41175606 2.0356666 0.95938475
0.41331999 2.0335088 0.94814284
0.41175606 2.0356666 0.95938475
0.41168442 2.0361086 0.96075207
0.42290865 2.0366348 0.97394395
0.41201801 2.03633 0.9627314
0.94629496 2.1296418 3.5515
0.9418103 2.1320634 3.5570637
0.94197314 2.1327724 3.5546295
0.9418103 2.1320634 3.5570637
0.94750587 2.1335859 3.5536845
0.94684735 2.1346515 3.5525935
0.94750587 2.1335859 3.5536845
0.94278718 2.1350809 3.5519041
0.94369421 2.1362733 3.5527931
0.94620501 2.1375976 3.5517875
0.94369421 2.1362733 3.5527931
0.94620501 2.1375976 3.5517875
0.94216487 2.1316291 3.5525001
0.94490468 2.1373659 3.5531077
0.94449252 2.1376927 3.5531379
4.9651376 1.6274433 1.6565873
4.9647272 1.6251083 1.6561136
4.9622201 1.6239141 1.6544784
4.9603954 1.626426 1.6493891
4.9632841 1.6248346 1.6506781
4.9611928 1.6284633 1.6506725
4.9632841 1.6248346 1.6506781
4.9629647 1.6252703 1.6544377
4.9624597 1.6237393 1.6547304
4.962475 1.6245815 1.6524321
4.9624597 1.6237393 1.6547304
4.962475 1.6245815 1.6524321
4.9601034 1.6268384 1.652896
4.9638053 1.6264686 1.6516632
4.9660034 1.6263052 1.6523418
4.9638053 1.6264686 1.6516632
4.9604306 1.6237302 1.6531392
4.9627999 1.6233226 1.6501676
4.9627017 1.622479 1.6505339
4.9627999 1.6233226 1.6501676
4.964739 1.6215763 1.6515729
4.433414 1.5695967 2.3541529
4.4294052 1.5685077 2.3476154
4.4282939 1.5694138 2.3481592
4.4294052 1.5685077 2.3476154
4.4282939 1.5694138 2.3481592
4.4326021 1.5679475 2.3504239
4.4323029 1.5689491 2.3513367
4.4320003 1.5673077 2.3496644
4.4324847 1.5636167 2.3507003
4.4297883 1.5686586 2.3526243
4.432198 1.5656482 2.353828
4.4297883 1.5686586 2.3526243
4.4314718 1.5648832 2.3487506
4.4294263 1.5675685 2.3486012
4.4310607 1.5665447 2.3526988
4.4273896 1.5662941 2.3483771
4.425813 1.5666648 2.3515644
4.4273896 1.5662941 2.3483771
4.4330917 1.5676684 2.3488453
4.43128 1.5673734 2.3472188
4.4330917 1.5676684 2.3488453
4.43128 1.5673734 2.3472188
4.4293188 1.5690161 2.3495418
4.4344429 1.5715418 2.3501397
4.432828 1.570355 2.3513897
0.26244056 0.61464498 0.60295761
0.25950236 0.61574556 0.60482085
0.26244056 0.61464498 0.60295761
0.26307039 0.61572896 0.60278027
0.26571638 0.61691726 0.60185955
0.26307039 0.61572896 0.60278027
0.25656151 0.61691288 0.61049876
0.25797566 0.61606664 0.60841268
0.26018939 0.61669597 0.60682693
0.25797566 0.61606664 0.60841268
0.26018939 0.61669597 0.60682693
0.25916974 0.61333204 0.61086548
0.26083509 0.61443046 0.60493064
0.25916974 0.61333204 0.61086548
0.26083509 0.61443046 0.60493064
0.26319815 0.61457825 0.60641933
0.25995821 0.61542163 0.60541239
0.26518764 0.61696064 0.60361248
0.26567673 0.61717391 0.6014191
0.26852345 0.61671273 0.60123027
0.26627768 0.61626439 0.60320746
4.5721138 1.533696 5.7211716
4.5771994 1.5257612 5.7250764
4.5777815 1.5274167 5.7226529
4.5790733 1.526236 5.7235733
4.578521 1.5268864 5.7190675
4.5790477 1.5238733 5.7190285
4.5774125 1.5283663 5.7252507
4.5790477 1.5238733 5.7190285
4.5774125 1.5283663 5.7252507
4.5794397 1.5282636 5.7211054
4.5780468 1.5268327 5.722788
4.5785334 1.5255828 5.7235637
4.5783592 1.5267239 5.7241936
4.5785334 1.5255828 5.7235637
4.5783592 1.5267239 5.7241936
4.577373 1.5269134 5.7233621
4.5759649 1.527298 5.7197913
4.5749986 1.5262204 5.7223596
4.5759649 1.527298 5.7197913
4.5749986 1.5262204 5.7223596
4.5799616 1.5261569 5.7218639
4.580457 1.5264998 5.7243256
4.5799616 1.5261569 5.7218639
4.580457 1.5264998 5.7243256
4.5779148 1.5270148 5.7243294
4.5770271 1.5281971 5.7217211
4.5795935 1.521129 5.7267015
2.6904469 1.0868987 0.68057847
2.6898911 1.0871839 0.6769742
2.6909135 1.0907735 0.68499201
2.6924699 1.090781 0.68326344
2.6924882 1.0918975 0.68108474
2.6924699 1.090781 0.68326344
2.6924882 1.0918975 0.68108474
2.6937554 1.0909284 0.67834812
2.6915597 1.0924664 0.67882923
2.6944096 1.0935299 0.6765536
2.6900429 1.0933583 0.67979687
2.6929622 1.0936593 0.6797212
2.6945588 1.0945206 0.67913105
0.94317596 2.1351017 3.5512325
0.94454089 2.1331982 3.5503027
0.94317596 2.1351017 3.5512325
0.9446871 2.1376951 3.5520765
0.94449389 2.1378266 3.5532196
0.94495943 2.1354931 3.5555673
0.94372832 2.137399 3.554223
0.94495943 2.1354931 3.5555673
0.94452992 2.1303305 3.5495203
0.94642679 2.132323 3.5477565
0.94762005 2.1331497 3.5557301
0.95059398 2.131661 3.55808
0.94762005 2.1331497 3.5557301
0.94668683 2.1359088 3.5539931
0.94447316 2.1393423 3.5512054
0.94565734 2.1392526 3.5488176
0.94448099 2.1387523 3.5484162
0.94374452 2.1381484 3.5500868
0.94448099 2.1387523 3.5484162
0.94374452 2.1381484 3.5500868
0.94374151 2.1385376 3.5504719
4.9637949 1.6270655 1.6534556
4.9639413 1.627118 1.6549133
4.9637949 1.6270655 1.6534556
4.9635914 1.6272464 1.6518716
4.9637808 1.626663 1.6523974
4.9620622 1.6249818 1.6479895
4.9626999 1.6263276 1.6489733
4.9618372 1.6258713 1.6516123
4.9623211 1.6249173 1.6520342
4.9621783 1.6250345 1.6506332
4.9601991 1.6262613 1.6523108
4.9621783 1.6250345 1.6506332
4.9601991 1.6262613 1.6523108
4.9630193 1.6255358 1.6524895
4.9608771 1.6259678 1.6528671
4.9633898 1.6222423 1.648946
4.9620095 1.6235585 1.6516023
4.961852 1.6249535 1.651315
4.9609947 1.6253275 1.652191
4.961852 1.6249535 1.651315
4.9609947 1.6253275 1.652191
4.9662397 1.6293147 1.6628151
4.4288049 1.5649711 2.3486444
4.4307686 1.5659544 2.3541137
4.4345506 1.5687237 2.3505513
4.4332697 1.5694312 2.3504005
4.4326204 1.5697532 2.3501914
4.4307994 1.566052 2.3507588
4.4326204 1.5697532 2.3501914
4.4307994 1.566052 2.3507588
4.4297482 1.5661197 2.3517757
4.432043 1.5644122 2.3497807
4.4289123 1.5682866 2.3494219
4.4291478 1.5679399 2.3519369
4.4307339 1.5648482 2.3467609
4.430025 1.5649089 2.3527136
4.4307339 1.5648482 2.3467609
4.4240048 1.5676064 2.3521333
4.4309503 1.5652624 2.3490215
4.4324828 1.5673077 2.3471749
4.4321221 1.5666156 2.3465891
4.4324828 1.5673077 2.3471749
4.4321221 1.5666156 2.3465891
4.431281 1.569545 2.3490731
4.4309169 1.569821 2.3509113
0.26000591 0.61988281 0.60164049
0.26043883 0.62123897 0.6009345
0.26000591 0.61988281 0.60164049
0.26051676 0.616646 0.60792362
0.26322971 0.6146949 0.6036827
0.26051676 0.616646 0.60792362
0.26322971 0.6146949 0.6036827
0.2572261 0.61723269 0.61058105
0.25783003 0.61491577 0.606983
0.25930143 0.61643989 0.60606981
0.25783003 0.61491577 0.606983
0.25930143 0.61643989 0.60606981
0.25836107 0.614112 0.6056498
0.26023797 0.61321605 0.60621988
0.25893779 0.61360466 0.60771201
0.26023797 0.61321605 0.60621988
0.25724285 0.61694166 0.60643977
0.26227532 0.61500357 0.60264802
0.25724285 0.61694166 0.60643977
0.25867769 0.61547843 0.60341207
0.25510401 0.61289344 0.60773023
0.2546228 0.62195073 0.60553312
4.5773622 1.5297879 5.7214863
4.5780664 1.5273327 5.7228653
4.5773622 1.5297879 5.7214863
4.5780664 1.5273327 5.7228653
4.5780015 1.5281347 5.7224356
4.5775176 1.5264163 5.7215966
4.5785862 1.5273675 5.7266404
4.5784591 1.5269324 5.7270548
4.5785862 1.5273675 5.7266404
4.5808502 1.5248452 5.725454
4.5786913 1.5271406 5.7256077
4.5808502 1.5248452 5.725454
4.5795594 1.5288907 5.7246523
4.5814351 1.5259479 5.724159
4.5795594 1.5288907 5.7246523
4.5814351 1.5259479 5.724159
4.5749128 1.5265229 5.7198612
4.5772704 1.5247308 5.7211997
4.5749128 1.5265229 5.7198612
4.576082 1.5257246 5.7211989
4.5778874 1.5276014 5.7216601
4.5744021 1.5276674 5.722075
4.5778874 1.5276014 5.7216601
4.5744021 1.5276674 5.722075
4.5787683 1.5283294 5.725136
4.5762033 1.5269259 5.7203405
4.5784153 1.5205993 5.7216137
2.6886086 1.0892836 0.68197231
2.6895447 1.0914009 0.67890415
2.6940485 1.0936613 0.68106676
2.6914305 1.0929262 0.68113061
2.6917885 1.0937573 0.67916769
2.6952013 1.0924515 0.67663838
2.694948 1.0920667 0.67521776
2.6938515 1.0925587 0.67931894
2.6905384 1.0918432 0.6815204
2.6938515 1.0925587 0.67931894
2.6905384 1.0918432 0.6815204
2.6927589 1.0921088 0.68172043
2.6935572 1.0918859 0.67977571
2.693557 1.0914961 0.67884188
0.94581166 2.131061 3.552581
0.94579744 2.1316485 3.5527056
0.94036723 2.1345843 3.5510212
0.94518518 2.1380389 3.5548062
0.94036723 2.1345843 3.5510212
0.94629496 2.1296418 3.5515
0.94711609 2.1328422 3.5544093
0.94629496 2.1296418 3.5515
0.94725656 2.1339405 3.5565843
0.945649 2.1323234 3.5576705
0.94858802 2.1307322 3.5561777
0.945649 2.1323234 3.5576705
0.94278718 2.1350809 3.5519041
0.94369421 2.1362733 3.5527931
0.94439316 2.1364302 3.5492729
0.94369421 2.1362733 3.5527931
0.94439316 2.1364302 3.5492729
0.9410525 2.136834 3.5476952
0.94006726 2.1383296 3.5468304
0.93818208 2.1392412 3.5455393
0.94839166 2.139611 3.5532304
4.9647272 1.6251083 1.6561136
4.9635472 1.6262543 1.6551409
4.9634406 1.6280617 1.6535828
4.9603881 1.628257 1.6497342
4.9611928 1.6284633 1.6506725
4.9622101 1.6227513 1.6516723
4.9629647 1.6252703 1.6544377
4.9624597 1.6237393 1.6547304
4.962475 1.6245815 1.6524321
4.9624597 1.6237393 1.6547304
4.962475 1.6245815 1.6524321
4.9601034 1.6268384 1.652896
4.9616868 1.6295209 1.6548652
4.9616689 1.6288711 1.6516989
4.9661305 1.6226928 1.6502029
4.964741 1.6243412 1.6507934
4.9638349 1.6238696 1.6490784
4.9622492 1.6240129 1.6493856
4.9638349 1.6238696 1.6490784
4.9622492 1.6240129 1.6493856
4.9662397 1.6293147 1.6628151
4.429355 1.5649439 2.3492452
4.4310192 1.5658852 2.3536574
4.4313943 1.5690508 2.3488061
4.4310192 1.5658852 2.3536574
4.4313943 1.5690508 2.3488061
4.4323029 1.5689491 2.3513367
4.4294761 1.5695513 2.3477661
4.4277117 1.5666975 2.3483138
4.4276307 1.5658655 2.3522554
4.428143 1.563617 2.3532239
4.4312915 1.563558 2.3539726
4.4313167 1.5641175 2.3512577
4.4312839 1.5664771 2.3452228
4.430024 1.566175 2.3487006
4.4273896 1.5662941 2.3483771
4.4235043 1.568083 2.3550371
4.4267852 1.5666331 2.3578912
4.4235043 1.568083 2.3550371
4.4267852 1.5666331 2.3578912
4.4326123 1.565761 2.3499515
4.4199944 1.5659333 2.3482893
4.432828 1.570355 2.3513897
0 0 0
0.27738613 0.61124129 0.58673025
0.25558951 0.61748918 0.60615867
0.25480966 0.61724807 0.61106527
0.2589583 0.61674743 0.60964373
0.26307039 0.61572896 0.60278027
0.2589583 0.61674743 0.60964373
0.25846397 0.61443114 0.6103948
0.25656151 0.61691288 0.61049876
0.25797566 0.61606664 0.60841268
0.26018939 0.61669597 0.60682693
0.25797566 0.61606664 0.60841268
0.26018939 0.61669597 0.60682693
0.25888711 0.61508401 0.60624447
0.26083509 0.61443046 0.60493064
0.26087712 0.61347976 0.60401913
0.26083509 0.61443046 0.60493064
0.25618623 0.61773663 0.60608298
0.2612551 0.617072 0.60247377
0.25618623 0.61773663 0.60608298
0.25962877 0.6159012 0.60487121
0.26159711 0.61070763 0.60843136
0.2615895 0.61338551 0.60777973
0.26159711 0.61070763 0.60843136
4.5790503 1.5290473 5.7187078
4.5794934 1.5226184 5.7191453
4.578659 1.5298982 5.7236904
4.5767629 1.528767 5.7245416
4.5758943 1.5260945 5.7223023
4.5774125 1.5283663 5.7252507
4.5758943 1.5260945 5.7223023
4.5779339 1.5270359 5.7251196
4.5788295 1.5252266 5.7240929
4.5779339 1.5270359 5.7251196
4.5788295 1.5252266 5.7240929
4.579829 1.5271127 5.7248148
4.5785334 1.5255828 5.7235637
4.5783592 1.5267239 5.7241936
4.5632235 1.5286624 5.7141781
4.5753834 1.525874 5.7198388
4.5773062 1.530788 5.7231321
4.5753834 1.525874 5.7198388
4.5773062 1.530788 5.7231321
4.5771577 1.5249559 5.7223519
4.5735641 1.5258242 5.7217546
4.5779148 1.5270148 5.7243294
4.5735641 1.5258242 5.7217546
4.5779148 1.5270148 5.7243294
4.5770271 1.5281971 5.7217211
4.5782272 1.5228125 5.7217684
2.6889133 1.0885885 0.68488941
2.6965013 1.0930797 0.6787049
2.6944514 1.0911605 0.68068211
2.6965013 1.0930797 0.6787049
2.6894815 1.0918107 0.68051414
2.6938283 1.0927424 0.67989501
2.6936295 1.0925756 0.67802229
2.6944096 1.0935299 0.6765536
2.6900429 1.0933583 0.67979687
2.6944096 1.0935299 0.6765536
2.6921872 1.0925177 0.68176181
2.694408 1.0920178 0.68004726
2.6921872 1.0925177 0.68176181
2.694408 1.0920178 0.68004726
0.94454089 2.1331982 3.5503027
0.94323719 2.1376277 3.5528669
0.94166698 2.1350649 3.5524057
0.94323719 2.1376277 3.5528669
0.94166698 2.1350649 3.5524057
0.94372832 2.137399 3.554223
0.94495943 2.1354931 3.5555673
0.94552293 2.1332831 3.5519023
0.94562262 2.1322516 3.5523945
0.94481843 2.1299369 3.5542495
0.94744322 2.1308495 3.5553088
0.94481843 2.1299369 3.5542495
0.94744322 2.1308495 3.5553088
0.94447316 2.1393423 3.5512054
0.94569558 2.1347658 3.5495638
0.94448099 2.1387523 3.5484162
0.94374452 2.1381484 3.5500868
0.94448099 2.1387523 3.5484162
0.94374452 2.1381484 3.5500868
0.94374151 2.1385376 3.5504719
0.94640448 2.1342543 3.5466708
4.9639413 1.627118 1.6549133
4.9637949 1.6270655 1.6534556
4.9635914 1.6272464 1.6518716
4.9637808 1.626663 1.6523974
4.9630656 1.6279507 1.6523963
4.9613215 1.6233345 1.6530427
4.9618372 1.6258713 1.6516123
4.9623211 1.6249173 1.6520342
4.9621783 1.6250345 1.6506332
4.9601991 1.6262613 1.6523108
4.9621783 1.6250345 1.6506332
4.9601991 1.6262613 1.6523108
4.9628693 1.6250454 1.6511561
4.9660666 1.6286509 1.6512834
4.9633898 1.6222423 1.648946
4.9639748 1.6253758 1.651364
4.961852 1.6249535 1.651315
4.9639748 1.6253758 1.651364
4.961852 1.6249535 1.651315
4.9609947 1.6253275 1.652191
4.5722449 1.0448192 5.4529036
4.5766814 1.0488428 5.4453891
4.5790778 1.0487037 5.4439279
4.5766814 1.0488428 5.4453891
0 0 0
4.4326204 1.5697532 2.3501914
4.4307994 1.566052 2.3507588
4.4326204 1.5697532 2.3501914
4.4307994 1.566052 2.3507588
4.4291164 1.5650418 2.3509041
4.429287 1.5651512 2.3530437
4.4322143 1.5657508 2.3533036
4.433471 1.5670178 2.3509944
4.4341097 1.5663154 2.348524
4.432989 1.5698073 2.3505427
4.4289462 1.5668765 2.3483623
0 0 0
5.2618077 1.277478 3.0328748
5.2673128 1.2776763 3.0305184
5.2618077 1.277478 3.0328748
5.267517 1.2736304 3.0314572
5.2649424 1.2723632 3.0348784
5.2658988 1.2709246 3.0350756
5.2649424 1.2723632 3.0348784
0.27738613 0.61124129 0.58673025
0.27117373 0.60936082 0.59588052
0.25429901 0.61600368 0.61023105
0.26051676 0.616646 0.60792362
0.26322971 0.6146949 0.6036827
0.26051676 0.616646 0.60792362
0.26322971 0.6146949 0.6036827
0.2572261 0.61723269 0.61058105
0.25783003 0.61491577 0.606983
0.25930143 0.61643989 0.60606981
0.25783003 0.61491577 0.606983
0.25930143 0.61643989 0.60606981
0.26314024 0.61876397 0.60441667
0.25942575 0.61490848 0.60384981
0.26163038 0.61432184 0.60404064
0.26227532 0.61500357 0.60264802
0.25724285 0.61694166 0.60643977
0.26227532 0.61500357 0.60264802
0.25724285 0.61694166 0.60643977
0.26659148 0.6162006 0.60163505
0.26412878 0.61316413 0.60738344
0.26821935 0.61366056 0.60298067
0.27005717 0.62000053 0.6053303
0 0 0
4.5800296 1.5308831 5.7191982
4.5785991 1.5303757 5.7205268
4.5798168 1.5315529 5.7215259
4.5786338 1.5305002 5.7233194
4.5771616 1.5242862 5.7218828
4.57686 1.5249688 5.7213478
4.5771931 1.5278566 5.7241434
4.5767066 1.5293453 5.7226887
4.5771931 1.5278566 5.7241434
4.5767066 1.5293453 5.7226887
4.5795594 1.5288907 5.7246523
4.5800714 1.5270998 5.724795
4.5795594 1.5288907 5.7246523
4.57732 1.5272055 5.7241786
4.5807248 1.526865 5.7206074
4.5787762 1.5291743 5.7226901
4.5794156 1.5288584 5.724383
4.5787762 1.5291743 5.7226901
4.5763893 1.526377 5.720909
4.5726285 1.5274079 5.7210433
4.5763893 1.526377 5.720909
4.5726285 1.5274079 5.7210433
4.5754108 1.5270633 5.7230309
4.5762033 1.5269259 5.7203405
4.5784153 1.5205993 5.7216137
2.6911902 1.0931792 0.67850077
2.6936525 1.0943371 0.67757963
2.6945048 1.0954166 0.67914099
2.6936525 1.0943371 0.67757963
2.6945048 1.0954166 0.67914099
2.6920516 1.0931132 0.68705948
2.6926018 1.0940729 0.68502545
2.6938515 1.0925587 0.67931894
2.6905384 1.0918432 0.6815204
2.6925707 1.0911334 0.68167918
2.691059 1.0926774 0.68313036
2.6927842 1.0936887 0.68162771
2.691059 1.0926774 0.68313036
2.6927842 1.0936887 0.68162771
2.6938588 1.0936209 0.68119571
0.93895593 2.1392602 3.5495915
0.93895593 2.1392602 3.5495915
0.93895593 2.1392602 3.5495915
0.94174765 2.1395157 3.5523634
0.94518518 2.1380389 3.5548062
0.94668138 2.1369117 3.5556628
0.94679901 2.13057 3.5546198
0.94666571 2.1321052 3.5534583
0.945649 2.1323234 3.5576705
0.94615408 2.1316898 3.5573149
0.945649 2.1323234 3.5576705
0.94615408 2.1316898 3.5573149
0.94470612 2.1368243 3.5519238
0.94640728 2.1335177 3.5506927
0.9410525 2.136834 3.5476952
0.94640728 2.1335177 3.5506927
0.9410525 2.136834 3.5476952
0.94006726 2.1383296 3.5468304
0.93818208 2.1392412 3.5455393
0.94029973 2.1386583 3.5466223
4.9634406 1.6280617 1.6535828
4.9635472 1.6262543 1.6551409
4.9634406 1.6280617 1.6535828
4.9631383 1.6275668 1.6534919
4.9646016 1.6259455 1.6510307
4.9622101 1.6227513 1.6516723
4.9631073 1.6247128 1.6494683
4.9622101 1.6227513 1.6516723
4.9631073 1.6247128 1.6494683
4.9623624 1.6257647 1.6520328
4.9653257 1.6238025 1.6517319
4.9612238 1.6254012 1.6556261
4.9653257 1.6238025 1.6517319
4.9616689 1.6288711 1.6516989
4.9661305 1.6226928 1.6502029
4.9640256 1.6248075 1.6487515
4.9638349 1.6238696 1.6490784
4.9651224 1.6195357 1.6465508
4.9638349 1.6238696 1.6490784
4.5786288 1.0487818 5.4452361
4.5767613 1.0444662 5.4500504
4.5809943 1.0492034 5.4509306
4.5782562 1.049064 5.452291
4.5809943 1.0492034 5.4509306
0 0 0
4.4313943 1.5690508 2.3488061
4.4277117 1.5666975 2.3483138
4.4294761 1.5695513 2.3477661
4.4277117 1.5666975 2.3483138
4.4339919 1.5650976 2.3552507
4.4307049 1.5650138 2.3538481
4.4339919 1.5650976 2.3552507
4.4347004 1.5668319 2.3518865
4.4362053 1.5683952 2.3487247
4.4343238 1.5718686 2.3479805
5.2607714 1.2670222 3.0324271
5.2644669 1.2777533 3.0353662
5.2629728 1.2778266 3.0343771
5.2674186 1.2757857 3.0328568
5.2629728 1.2778266 3.0343771
5.2600739 1.2730881 3.0311018
5.2656019 1.2745822 3.0310252
5.2600739 1.2730881 3.0311018
5.2647572 1.2661986 3.0285996
0.27738613 0.61124129 0.58673025
0.25495897 0.61416318 0.61179891
0.25317944 0.61676053 0.61441099
0.2589583 0.61674743 0.60964373
0.25858946 0.61384899 0.60955392
0.2589583 0.61674743 0.60964373
0.25846397 0.61443114 0.6103948
0.25640584 0.6186424 0.61110359
0.25615697 0.61705779 0.60882901
0.25689368 0.61680339 0.60795677
0.25888711 0.61508401 0.60624447
0.25689368 0.61680339 0.60795677
0.25888711 0.61508401 0.60624447
0.25939261 0.61940135 0.60614892
0.25949318 0.62086943 0.60439836
0.25939261 0.61940135 0.60614892
0.25618623 0.61773663 0.60608298
0.2612551 0.617072 0.60247377
0.25618623 0.61773663 0.60608298
0.26325411 0.61599392 0.60637798
0.26010211 0.61316595 0.6087442
0.25732755 0.61648246 0.611396
0.26010211 0.61316595 0.6087442
0 0 0
4.5785634 1.5308137 5.7225139
4.5779791 1.5296734 5.722238
4.5767629 1.528767 5.7245416
4.5758943 1.5260945 5.7223023
4.5753893 1.5279343 5.7220083
4.5758943 1.5260945 5.7223023
4.5779339 1.5270359 5.7251196
4.5788295 1.5252266 5.7240929
4.5779339 1.5270359 5.7251196
4.5788295 1.5252266 5.7240929
4.579829 1.5271127 5.7248148
4.5796495 1.5252569 5.7242688
4.5791608 1.5264405 5.7236295
4.580256 1.5260778 5.7204624
4.5810324 1.5264454 5.7195263
4.5791313 1.5273307 5.7206332
4.5768026 1.5277618 5.7225974
4.5791313 1.5273307 5.7206332
4.5768026 1.5277618 5.7225974
4.5741551 1.5259385 5.7232108
4.5753895 1.5254427 5.7209881
4.5735641 1.5258242 5.7217546
4.5756292 1.5277341 5.7220428
4.5810547 1.5239432 5.7218106
4.5782272 1.5228125 5.7217684
2.6936495 1.0876664 0.68237569
2.691169 1.0919097 0.67785873
2.6905057 1.0908926 0.6772063
2.691169 1.0919097 0.67785873
2.6916614 1.0941774 0.6790221
2.6935644 1.0934684 0.68495103
2.6898064 1.0931207 0.68390712
2.6941981 1.0934305 0.68275254
2.6919458 1.090353 0.67969085
2.6924016 1.0898979 0.67988435
2.6903805 1.0919563 0.68193753
2.694408 1.0920178 0.68004726
2.6903805 1.0919563 0.68193753
2.694408 1.0920178 0.68004726
2.6953375 1.0932877 0.67920137
0 0 0
0 0 0
0 0 0
0 0 0
0.94431345 2.1365621 3.5565768
0.94321989 2.1362944 3.549389
0.94552293 2.1332831 3.5519023
0.94562262 2.1322516 3.5523945
0.94481843 2.1299369 3.5542495
0.94744322 2.1308495 3.5553088
0.94481843 2.1299369 3.5542495
0.94744322 2.1308495 3.5553088
0.9451298 2.1364023 3.5525324
0.94836976 2.1338137 3.5502051
0.94894683 2.1341221 3.5482132
0.94836976 2.1338137 3.5502051
0.94894683 2.1341221 3.5482132
0.94562375 2.1304411 3.5559659
0.94559174 2.1327842 3.5538538
0 0 0
4.9623625 1.6279596 1.6516673
4.9590015 1.6215343 1.6511796
4.9650095 1.6231091 1.6518352
4.9590015 1.6215343 1.6511796
4.9650095 1.6231091 1.6518352
4.9636601 1.623296 1.6507596
4.9624403 1.6254426 1.6506052
4.9613215 1.6233345 1.6530427
4.9653683 1.6231746 1.650314
4.9651057 1.6214985 1.6503677
4.9656025 1.6232737 1.6500227
4.9651057 1.6214985 1.6503677
4.9656025 1.6232737 1.6500227
4.9660666 1.6286509 1.6512834
4.9651832 1.6239639 1.6516436
4.9639748 1.6253758 1.651364
4.9640434 1.6233071 1.6496667
4.9639748 1.6253758 1.651364
0 0 0
4.5756369 1.0496531 5.4505244
4.5722449 1.0448192 5.4529036
4.5809056 1.0486864 5.4487312
4.5809184 1.0491706 5.4486759
4.5783449 1.0496385 5.4506018
4.5809184 1.0491706 5.4486759
4.5783449 1.0496385 5.4506018
4.427442 1.5670842 2.3468759
4.4313778 1.5621599 2.3506943
4.4326254 1.5647681 2.3547288
4.4331944 1.5658938 2.3545256
4.4326254 1.5647681 2.3547288
4.4331944 1.5658938 2.3545256
4.4337992 1.5707117 2.3496008
5.26335 1.2668079 3.0311137
5.2610499 1.2732735 3.0328437
5.26335 1.2668079 3.0311137
5.2566332 1.2711096 3.0338345
5.2648096 1.2783596 3.0344122
5.2647124 1.2732188 3.0359133
5.2655547 1.2743244 3.031295
5.2613312 1.2722598 3.0307648
5.2616146 1.2715252 3.0321814
5.2613312 1.2722598 3.0307648
5.2616146 1.2715252 3.0321814
5.260265 1.2699756 3.033805
0.26200659 0.61068926 0.60386046
0.25865347 0.61600587 0.60243821
0.2605471 0.61679307 0.60539442
0.25544994 0.61821781 0.60893589
0.26129607 0.61331918 0.60734243
0.25706304 0.61489621 0.61149187
0.25517334 0.61887171 0.61234367
0.25460515 0.61758877 0.61006387
0.25517334 0.61887171 0.61234367
0.26314024 0.61876397 0.60441667
0.26543742 0.61674755 0.60561872
0.26314024 0.61876397 0.60441667
0.26188146 0.62207014 0.60477694
0.26292597 0.61557641 0.60656478
0.26089396 0.6142993 0.60805017
0.26318119 0.61298809 0.60803097
0.26089396 0.6142993 0.60805017
0.26318119 0.61298809 0.60803097
0.25792986 0.61560471 0.61171394
0.25856139 0.6139414 0.60845403
0.26821935 0.61366056 0.60298067
0.25856139 0.6139414 0.60845403
0.25695123 0.61535451 0.61214376
4.5797493 1.5303442 5.7237253
4.5790438 1.5305113 5.7242469
4.5792629 1.5285806 5.723073
4.5790438 1.5305113 5.7242469
4.5792629 1.5285806 5.723073
4.57686 1.5249688 5.7213478
4.5771931 1.5278566 5.7241434
4.5767066 1.5293453 5.7226887
4.5771931 1.5278566 5.7241434
4.5767066 1.5293453 5.7226887
4.5793317 1.52985 5.7234107
4.5787719 1.5276447 5.7226926
4.5799028 1.5284988 5.7209669
4.5787719 1.5276447 5.7226926
4.5799028 1.5284988 5.7209669
4.5801581 1.5264998 5.7195759
4.5794156 1.5288584 5.724383
4.5801581 1.5264998 5.7195759
4.5763893 1.526377 5.720909
4.5726285 1.5274079 5.7210433
4.5763893 1.526377 5.720909
4.5726285 1.5274079 5.7210433
4.5736645 1.5299877 5.723255
4.5805919 1.5233902 5.7217699
4.5775406 1.5272362 5.7222246
2.6881162 1.0909081 0.67719428
2.6936525 1.0943371 0.67757963
2.6945048 1.0954166 0.67914099
2.6936525 1.0943371 0.67757963
2.6945048 1.0954166 0.67914099
2.6920516 1.0931132 0.68705948
2.6872662 1.0945049 0.68299552
2.6862317 1.0936871 0.68378619
2.6889766 1.0922423 0.68179179
2.6898228 1.0912242 0.68110617
2.691059 1.0926774 0.68313036
2.6927842 1.0936887 0.68162771
2.691059 1.0926774 0.68313036
2.6927842 1.0936887 0.68162771
2.6945303 1.0924221 0.68141224
2.6953083 1.0925485 0.6795815
1.9078541 0.27115634 0.73758044
1.9372678 0.27320402 0.71301177
1.9141245 0.27322166 0.73116247
1.9192017 0.27327297 0.72682577
1.9360196 0.26957543 0.71145048
1.9139027 0.27144564 0.73460153
0 0 0
0.94906094 2.1375946 3.5630639
0.94895111 2.1376097 3.5631837
0.94906094 2.1375946 3.5630639
0.94895111 2.1376097 3.5631837
0.94459004 2.1354966 3.5530661
0.94640728 2.1335177 3.5506927
0.94459004 2.1354966 3.5530661
0.94640728 2.1335177 3.5506927
1.2655529 2.5571764 5.3967763
1.2699645 2.5579389 5.4018737
1.2609562 2.5510731 5.3884716
1.2632949 2.5559665 5.393547
2.1418675 2.3916112 1.3801466
2.1410827 2.3921448 1.3777219
2.1418675 2.3916112 1.3801466
0 0 0
4.9550198 1.6219873 1.6512891
4.9585168 1.6232848 1.6496003
4.9550198 1.6219873 1.6512891
4.9667332 1.6226008 1.6523431
4.9639268 1.623894 1.6489245
4.9665618 1.6222499 1.6491507
4.9639268 1.623894 1.6489245
4.9665618 1.6222499 1.6491507
4.9672216 1.6195923 1.6493122
4.9741466 1.6296035 1.6528847
4.9644861 1.6244903 1.6520392
4.9655452 1.6224043 1.6399337
4.966274 1.6225367 1.647446
4.5786288 1.0487818 5.4452361
4.5824929 1.0475705 5.4406535
4.5786288 1.0487818 5.4452361
4.5774833 1.0482017 5.4508157
4.5809943 1.0492034 5.4509306
4.5782562 1.049064 5.452291
4.5809943 1.0492034 5.4509306
4.5745164 1.0442775 5.4527307
4.5758379 1.0444231 5.4513583
4.5745164 1.0442775 5.4527307
5.2600523 1.2800255 3.0348843
5.2622103 1.2760999 3.0327445
5.2548622 1.2839106 3.0409734
5.2587461 1.2814239 3.0393634
5.2548622 1.2839106 3.0409734
5.2615375 1.2692722 3.0338325
5.2607714 1.2670222 3.0324271
5.2615375 1.2692722 3.0338325
5.2607714 1.2670222 3.0324271
5.2639578 1.2764848 3.0339717
5.2644671 1.275166 3.035534
5.2660467 1.2731541 3.0365514
5.2644671 1.275166 3.035534
5.2612106 1.2726848 3.0305611
5.2631042 1.2766168 3.0323795
5.2612106 1.2726848 3.0305611
5.2631042 1.2766168 3.0323795
5.266046 1.2772074 3.0319192
0.25947841 0.61532223 0.60625502
0.25947233 0.61628303 0.6030148
0.26142663 0.61778665 0.6027268
0.26201744 0.61533661 0.60161186
0.26620252 0.61632875 0.60002343
0.25340479 0.61232163 0.61420174
0.25349151 0.61553513 0.61407904
0.25459793 0.61679276 0.61146694
0.25980376 0.61788362 0.60851685
0.26469925 0.61929082 0.6024391
0.25980376 0.61788362 0.60851685
0.26469925 0.61929082 0.6024391
0.26587391 0.61655735 0.60187915
0.26477618 0.61736139 0.60408427
0.26176963 0.616538 0.60526611
0.25971555 0.61460709 0.60845101
0.26176963 0.616538 0.60526611
0.25971555 0.61460709 0.60845101
0.2553399 0.61541653 0.6133243
0.254266 0.61240253 0.61163747
0.25766443 0.61428174 0.60966538
0.254266 0.61240253 0.61163747
0.25766443 0.61428174 0.60966538
4.5709433 1.5287058 5.7244628
4.5797718 1.5280134 5.7214848
4.5776602 1.5285794 5.7228166
4.5774602 1.529081 5.7214889
4.5776602 1.5285794 5.7228166
4.5774602 1.529081 5.7214889
4.5763202 1.5304451 5.7203362
4.5761061 1.5282536 5.7199633
4.5755572 1.527692 5.7203965
4.5761061 1.5282536 5.7199633
4.5799271 1.5254972 5.7216536
4.5802426 1.5259471 5.7219105
4.5817634 1.5284557 5.721184
4.5802426 1.5259471 5.7219105
4.5810324 1.5264454 5.7195263
4.5805076 1.527761 5.7211081
4.5768026 1.5277618 5.7225974
4.5805076 1.527761 5.7211081
4.5768026 1.5277618 5.7225974
4.5741551 1.5259385 5.7232108
4.5753895 1.5254427 5.7209881
4.5749419 1.5249696 5.721795
4.579949 1.5299274 5.7240453
4.5802872 1.5300707 5.7233793
4.5787175 1.5288339 5.7258409
2.6909236 1.0918357 0.67449441
2.691169 1.0919097 0.67785873
2.6893752 1.089404 0.67850325
2.691169 1.0919097 0.67785873
2.6916614 1.0941774 0.6790221
2.6863932 1.0942969 0.68364206
2.6857728 1.0935422 0.68276396
2.6850005 1.0933357 0.68406349
2.6919458 1.090353 0.67969085
2.6924016 1.0898979 0.67988435
2.6903805 1.0919563 0.68193753
2.6916962 1.0923161 0.68164709
2.6903805 1.0919563 0.68193753
2.6916962 1.0923161 0.68164709
2.6947055 1.0916894 0.68097529
2.6969577 1.0909841 0.67932624
1.904214 0.27178202 0.74043725
1.9131619 0.27351648 0.73301257
1.9149667 0.27505552 0.73222758
1.920359 0.27299685 0.72471347
1.9182566 0.27195414 0.72854581
1.9178337 0.27138537 0.72941865
1.9145098 0.27208996 0.7336502
1.9084512 0.27291394 0.73993204
1.2644371 2.5531905 5.404876
1.2547241 2.5558111 5.3915848
1.2616744 2.5558601 5.399267
1.2547241 2.5558111 5.3915848
1.2616744 2.5558601 5.399267
1.2657216 2.5624871 5.4073938
1.2683702 2.5588693 5.4000934
1.2626863 2.5578362 5.3970657
1.2683702 2.5588693 5.4000934
1.2575792 2.5532946 5.3880628
1.2627586 2.5567366 5.3984973
2.148991 2.3921518 1.3885703
2.1469138 2.392618 1.3817359
2.1495907 2.3897882 1.3858877
2.1475601 2.3914539 1.3808474
2.1495907 2.3897882 1.3858877
2.1377519 2.388994 1.3726552
2.1398195 2.388169 1.3814982
2.1377519 2.388994 1.3726552
2.1426916 2.3839774 1.3890004
2.1489689 2.3900969 1.3932591
2.1426916 2.3839774 1.3890004
2.1489689 2.3900969 1.3932591
2.1302108 2.3899174 1.3686309
2.130937 2.3912606 1.3731722
2.1302108 2.3899174 1.3686309
2.130937 2.3912606 1.3731722
4.5805845 1.0474722 5.4442494
4.5810057 1.0484992 5.4487718
4.5779017 1.0501268 5.4491189
4.5777233 1.0492822 5.448769
4.5793834 1.0461412 5.4434003
4.5810185 1.049397 5.4467664
4.5793834 1.0461412 5.4434003
4.5781973 1.0473863 5.449911
4.5780951 1.0489116 5.4483367
4.5781973 1.0473863 5.449911
4.575963 1.0461204 5.450245
4.5812482 1.0498518 5.4487177
5.2650856 1.2738496 3.0302282
5.2620592 1.2750429 3.0347516
5.2585383 1.2769318 3.0349892
5.263925 1.2796545 3.0334298
5.2619315 1.2798421 3.0327958
5.263925 1.2796545 3.0334298
5.2619315 1.2798421 3.0327958
5.2602702 1.2789863 3.0298193
5.263124 1.2785026 3.0351654
5.2636515 1.278139 3.0346623
5.2647124 1.2732188 3.0359133
5.2639594 1.2730088 3.0328314
5.2613312 1.2722598 3.0307648
5.2633302 1.2755818 3.031214
5.2613312 1.2722598 3.0307648
5.2633302 1.2755818 3.031214
5.2619855 1.2780961 3.0340593
0.25885767 0.61541818 0.60595244
0.2602584 0.61440659 0.60238106
0.26169433 0.61632246 0.60263741
0.26422702 0.61727554 0.60482195
0.2651492 0.61707883 0.60430105
0.26422702 0.61727554 0.60482195
0.2651492 0.61707883 0.60430105
0.26835499 0.61560187 0.59980394
0.26543742 0.61674755 0.60561872
0.26777282 0.61977546 0.60093157
0.26543742 0.61674755 0.60561872
0.26777282 0.61977546 0.60093157
0.26709885 0.6146212 0.60155118
0.26704181 0.61374802 0.6009021
0.26709885 0.6146212 0.60155118
0.26318119 0.61298809 0.60803097
0.26089396 0.6142993 0.60805017
0.26318119 0.61298809 0.60803097
0.25747479 0.61762399 0.61035759
0.25856139 0.6139414 0.60845403
0.26026207 0.61376665 0.60765912
0.26000198 0.6137451 0.60693366
0.26026207 0.61376665 0.60765912
4.5746403 1.5263689 5.7224086
4.5799597 1.5269997 5.7225575
4.5784035 1.5267616 5.7231677
4.5796375 1.5264027 5.7235418
4.5784035 1.5267616 5.7231677
4.5780116 1.529024 5.7221605
4.5790867 1.5281761 5.7232131
4.5780116 1.529024 5.7221605
4.5782244 1.5307423 5.7206508
4.5799919 1.5249177 5.7210734
4.5796301 1.5237493 5.7206685
4.5804674 1.5255093 5.7199739
4.5796301 1.5237493 5.7206685
4.5804674 1.5255093 5.7199739
4.5799028 1.5284988 5.7209669
4.5801581 1.5264998 5.7195759
4.5764145 1.5268589 5.723209
4.5801581 1.5264998 5.7195759
4.5764145 1.5268589 5.723209
4.5749605 1.5277977 5.7229972
4.5761638 1.5247273 5.7217505
4.5761265 1.5267844 5.7190678
4.5761638 1.5247273 5.7217505
4.5776985 1.5279185 5.7245678
4.5741201 1.5330505 5.7199531
2.6902075 1.0897641 0.68206114
2.6913259 1.0907551 0.68025169
2.6902075 1.0897641 0.68206114
2.6895632 1.0887502 0.68385494
2.6907185 1.0911558 0.68244603
2.6882375 1.0950126 0.68060646
2.6872662 1.0945049 0.68299552
2.6862317 1.0936871 0.68378619
2.6889766 1.0922423 0.68179179
2.6898228 1.0912242 0.68110617
2.6889766 1.0922423 0.68179179
2.6920852 1.0942182 0.68254322
2.6908215 1.0930286 0.68449574
2.6920852 1.0942182 0.68254322
2.6945303 1.0924221 0.68141224
2.6870097 1.094708 0.68641553
1.9109321 0.27349547 0.73637476
1.9063749 0.27216549 0.73936751
1.9141245 0.27322166 0.73116247
1.9192017 0.27327297 0.72682577
1.9155476 0.27132514 0.73223778
1.9139027 0.27144564 0.73460153
1.9124611 0.27242848 0.73636883
1.9088565 0.27359585 0.74026339
1.2634785 2.5507516 5.4060041
1.2578264 2.5557932 5.3906498
1.264791 2.5555931 5.4015164
1.2578264 2.5557932 5.3906498
1.264791 2.5555931 5.4015164
1.2684803 2.5585285 5.4010312
1.268109 2.5575409 5.4001307
1.262122 2.5587921 5.3973786
1.268109 2.5575409 5.4001307
1.2596278 2.5557025 5.389678
1.266222 2.5578725 5.402157
2.144161 2.3925307 1.3817132
2.1385192 2.3908425 1.3813491
2.1451459 2.388613 1.38322
2.1373446 2.3907785 1.3781497
2.1451459 2.388613 1.38322
2.1406252 2.3868304 1.3778319
2.1357078 2.3902564 1.3784347
2.1348949 2.3919743 1.3781103
2.1418657 2.3878087 1.3852879
2.1492498 2.3909019 1.390217
2.1418657 2.3878087 1.3852879
2.1492498 2.3909019 1.390217
2.1394953 2.3930916 1.3792055
2.1446573 2.3914735 1.3849521
2.1394953 2.3930916 1.3792055
2.1398044 2.3945734 1.3843128
4.5798781 1.0455614 5.4433562
4.5781177 1.044897 5.4443623
4.5798781 1.0455614 5.4433562
4.5767759 1.0473313 5.4471734
4.5796778 1.0449256 5.4464863
4.5767759 1.0473313 5.4471734
4.5796778 1.0449256 5.4464863
4.5783076 1.04969 5.4443537
4.5755267 1.0433971 5.4516707
4.5763484 1.0455887 5.4515257
4.5801016 1.0508606 5.4498389
4.5797179 1.0486452 5.4524987
5.2636545 1.2779833 3.0309442
5.2599188 1.2819234 3.0343672
5.2624948 1.2768687 3.0343778
5.2652259 1.2780922 3.0354635
5.2625511 1.2775373 3.0356081
5.2652259 1.2780922 3.0354635
5.2625511 1.2775373 3.0356081
5.2634229 1.2769628 3.0313587
5.2628065 1.2785941 3.0339966
5.2644671 1.275166 3.035534
5.2628065 1.2785941 3.0339966
5.2615784 1.2755197 3.035471
5.2612106 1.2726848 3.0305611
5.2590014 1.2782304 3.033922
5.2612106 1.2726848 3.0305611
5.2590014 1.2782304 3.033922
5.2604617 1.2771524 3.0352647
0.25947841 0.61532223 0.60625502
0.2638088 0.61740835 0.6028856
0.2636172 0.61786589 0.60446173
0.26322009 0.61825274 0.60485596
0.2636172 0.61786589 0.60446173
0.26322009 0.61825274 0.60485596
0.26493395 0.61564776 0.60432704
0.26550536 0.61564973 0.60320913
0.26493395 0.61564776 0.60432704
0.26582327 0.61765047 0.6055645
0.26799197 0.61650908 0.59769702
0.26535614 0.6159155 0.60127412
0.26587391 0.61655735 0.60187915
0.26477618 0.61736139 0.60408427
0.26176963 0.616538 0.60526611
0.25971555 0.61460709 0.60845101
0.26176963 0.616538 0.60526611
0.25971555 0.61460709 0.60845101
0.2553399 0.61541653 0.6133243
0.254266 0.61240253 0.61163747
0.25766443 0.61428174 0.60966538
0.254266 0.61240253 0.61163747
0.26266587 0.61634832 0.60521414
4.5709433 1.5287058 5.7244628
4.5797718 1.5280134 5.7214848
4.5776602 1.5285794 5.7228166
4.5774602 1.529081 5.7214889
4.5776602 1.5285794 5.7228166
4.5786533 1.5282036 5.7206296
4.5763202 1.5304451 5.7203362
4.5786533 1.5282036 5.7206296
4.5775331 1.529846 5.7223785
4.5781088 1.524936 5.7213658
4.5796085 1.5232293 5.7210358
4.5802426 1.5259471 5.7219105
4.5817634 1.5284557 5.721184
4.5802426 1.5259471 5.7219105
4.5792619 1.5304068 5.7263907
4.5805076 1.527761 5.7211081
4.5792619 1.5304068 5.7263907
4.5805076 1.527761 5.7211081
4.5771886 1.5279054 5.7207653
4.5784249 1.5265062 5.7221335
4.5791637 1.5247438 5.7242424
4.5784249 1.5265062 5.7221335
4.5791637 1.5247438 5.7242424
4.5781554 1.5264559 5.7266371
4.5787175 1.5288339 5.7258409
2.6918376 1.0942934 0.68185451
2.6918311 1.0917214 0.6811539
2.690107 1.0908594 0.68340547
2.692211 1.0889065 0.68202271
2.6911397 1.0935 0.67828859
2.6903882 1.092729 0.68074857
2.6911397 1.0935 0.67828859
2.6903882 1.092729 0.68074857
2.6857728 1.0935422 0.68276396
2.6876412 1.0929579 0.6861276
2.689211 1.0931772 0.68514806
2.6889868 1.0940879 0.68338127
2.689211 1.0931772 0.68514806
2.6889868 1.0940879 0.68338127
2.6947055 1.0916894 0.68097529
2.6885544 1.0925318 0.67902687
1.911858 0.27131566 0.73613224
1.9131619 0.27351648 0.73301257
1.9149667 0.27505552 0.73222758
1.9131619 0.27351648 0.73301257
1.9118133 0.27170935 0.73786918
1.914802 0.27094902 0.73477495
1.9110231 0.27218851 0.73764854
1.9084512 0.27291394 0.73993204
1.2644371 2.5531905 5.404876
1.2547241 2.5558111 5.3915848
1.2616744 2.5558601 5.399267
1.2547241 2.5558111 5.3915848
1.2616744 2.5558601 5.399267
1.2685137 2.5590999 5.4016926
1.2706969 2.5576519 5.4047492
1.2633623 2.5611509 5.4014301
1.2706969 2.5576519 5.4047492
1.2633623 2.5611509 5.4014301
1.2627586 2.5567366 5.3984973
2.1429397 2.3921912 1.385676
2.1410428 2.3904854 1.3823754
2.1416816 2.3924191 1.3803445
2.1408855 2.3910138 1.3794407
2.1377383 2.3905301 1.3754345
2.1353308 2.3905855 1.3788187
2.1357852 2.3907927 1.3768494
2.1353308 2.3905855 1.3788187
2.1357852 2.3907927 1.3768494
2.1398191 2.3919436 1.3775762
2.1391996 2.3883954 1.3804658
2.1414147 2.3885257 1.3817645
2.1376318 2.3914464 1.3763348
2.1414147 2.3885257 1.3817645
2.1376318 2.3914464 1.3763348
2.1376478 2.3923953 1.3768527
4.5803263 1.0428247 5.4466159
4.5795181 1.0429463 5.4447615
4.5804934 1.044638 5.4442478
4.578892 1.0457759 5.4530332
4.5779201 1.0439109 5.4506872
4.5763645 1.0460379 5.4512986
4.5779201 1.0439109 5.4506872
4.5763645 1.0460379 5.4512986
4.5762422 1.0479224 5.4491501
4.5789083 1.0480992 5.4484743
4.5807854 1.0505118 5.447572
4.5812482 1.0498518 5.4487177
0 0 0
5.2620592 1.2750429 3.0347516
5.2599779 1.2747847 3.0354769
5.2620781 1.2755885 3.0350647
5.2612971 1.2736921 3.0352579
5.2620781 1.2755885 3.0350647
5.2612971 1.2736921 3.0352579
5.2625629 1.275982 3.0344589
5.2604055 1.2747892 3.0353671
5.2625629 1.275982 3.0344589
5.2625768 1.2763706 3.0353222
5.2632126 1.2752016 3.0326928
5.2605565 1.2755874 3.0339493
5.2597855 1.2780966 3.0345442
5.2619855 1.2780961 3.0340593
5.26322 1.2780169 3.0336145
5.2619855 1.2780961 3.0340593
5.26322 1.2780169 3.0336145
0.2602584 0.61440659 0.60238106
0.26090521 0.61491456 0.6052751
0.26153299 0.61655047 0.60519139
0.26090521 0.61491456 0.6052751
0.26153299 0.61655047 0.60519139
0.2651492 0.61707883 0.60430105
0.26853938 0.61620539 0.60054196
0.25552884 0.61661051 0.61108603
0.26004875 0.61769622 0.60668477
0.25552884 0.61661051 0.61108603
0.26704181 0.61374802 0.6009021
0.26709885 0.6146212 0.60155118
0.26704181 0.61374802 0.6009021
0.26709885 0.6146212 0.60155118
0.26316169 0.61689247 0.60488758
0.26090354 0.61714901 0.6052984
0.25772213 0.61836509 0.60928661
0.25747479 0.61762399 0.61035759
0.25944314 0.61199023 0.60664538
0.26026207 0.61376665 0.60765912
0.26000198 0.6137451 0.60693366
0.26026207 0.61376665 0.60765912
4.5807171 1.5228026 5.7245034
4.5810122 1.5236189 5.7256837
4.5784035 1.5267616 5.7231677
4.5796375 1.5264027 5.7235418
4.5784035 1.5267616 5.7231677
4.5780116 1.529024 5.7221605
4.5764093 1.5266604 5.7222392
4.5780116 1.529024 5.7221605
4.5764093 1.5266604 5.7222392
4.5799919 1.5249177 5.7210734
4.5796301 1.5237493 5.7206685
4.5804674 1.5255093 5.7199739
4.5796301 1.5237493 5.7206685
4.5804674 1.5255093 5.7199739
4.5801015 1.5285872 5.7203345
4.5781401 1.5306427 5.7258378
4.5791295 1.5292308 5.7270577
4.5771861 1.5283671 5.7295803
4.5770895 1.5264192 5.7257073
4.5761269 1.523251 5.7245544
4.5769149 1.5247081 5.7239909
4.5759291 1.5255158 5.7244944
4.5769149 1.5247081 5.7239909
4.5759291 1.5255158 5.7244944
4.5741201 1.5330505 5.7199531
2.6902075 1.0897641 0.68206114
2.6913259 1.0907551 0.68025169
2.6902075 1.0897641 0.68206114
2.6895632 1.0887502 0.68385494
2.693112 1.0938481 0.67921145
2.6936436 1.0900823 0.6827799
2.693112 1.0938481 0.67921145
2.690113 1.0921588 0.68099395
2.6893199 1.0939836 0.6824605
2.6883689 1.0936997 0.68482068
2.6908215 1.0930286 0.68449574
2.6920852 1.0942182 0.68254322
2.6908215 1.0930286 0.68449574
2.6920852 1.0942182 0.68254322
2.6921922 1.0951449 0.68155912
2.6870097 1.094708 0.68641553
1.9124146 0.27102589 0.73589898
1.9063749 0.27216549 0.73936751
1.9042888 0.27235107 0.74295652
1.919403 0.27427913 0.72792911
1.9050927 0.26920196 0.74486031
1.9142693 0.26909148 0.73552519
1.9164895 0.27331476 0.7320193
1.9196515 0.27433147 0.72788123
1.9164895 0.27331476 0.7320193
1.258128 2.5553198 5.3930584
1.2596441 2.556708 5.3954029
1.258128 2.5553198 5.3930584
1.2581626 2.5569702 5.3944635
1.2628489 2.5581738 5.3973725
1.268109 2.5575409 5.4001307
1.2628489 2.5581738 5.3973725
1.268109 2.5575409 5.4001307
1.262122 2.5587921 5.3973786
1.266222 2.5578725 5.402157
2.1406689 2.3921685 1.3855494
2.1385192 2.3908425 1.3813491
2.1379088 2.3910335 1.3794385
2.1373446 2.3907785 1.3781497
2.1377185 2.3929454 1.3757651
2.1365485 2.3909921 1.38022
2.1384397 2.3934042 1.3844307
2.1365485 2.3909921 1.38022
2.1384397 2.3934042 1.3844307
2.1394787 2.3904443 1.3821086
2.1411727 2.3908823 1.3817975
2.1403003 2.391508 1.380289
2.1411727 2.3908823 1.3817975
2.1403003 2.391508 1.380289
2.1364448 2.3926119 1.3765414
2.1362266 2.3938377 1.3769588
4.5794027 1.0415157 5.4465715
4.5813009 1.0431575 5.4437884
4.5804958 1.0485461 5.4505887
4.5805847 1.0464322 5.4498628
4.5779603 1.044733 5.4489718
4.5770738 1.0463126 5.4521643
4.5779603 1.044733 5.4489718
4.5770738 1.0463126 5.4521643
4.5769849 1.0481497 5.4508845
4.5777959 1.0473544 5.452088
4.5801016 1.0508606 5.4498389
4.5766582 1.0521915 5.4514184
4.5801016 1.0508606 5.4498389
4.5766582 1.0521915 5.4514184
0 0 0
5.2652259 1.2780922 3.0354635
5.2625511 1.2775373 3.0356081
5.2652259 1.2780922 3.0354635
5.2610279 1.2754125 3.0373838
5.2617261 1.2772285 3.0357621
5.2610279 1.2754125 3.0373838
5.2617261 1.2772285 3.0357621
5.2640085 1.2761456 3.0339119
5.2612502 1.2761916 3.034592
5.2613602 1.2741153 3.0321921
5.2617807 1.2757063 3.0335068
5.2613602 1.2741153 3.0321921
5.2617807 1.2757063 3.0335068
5.2654359 1.2747562 3.035007
5.2597458 1.2760275 3.0363329
0.26407873 0.61568208 0.59991515
0.26067768 0.61533013 0.60688853
0.26407873 0.61568208 0.59991515
0.26067768 0.61533013 0.60688853
0.26322009 0.61825274 0.60485596
0.26493395 0.61564776 0.60432704
0.25644224 0.61889011 0.60987186
0.26493395 0.61564776 0.60432704
0.25644224 0.61889011 0.60987186
0.25454883 0.61930157 0.61186485
0.26002557 0.61152394 0.60456677
0.26323157 0.6125039 0.60458201
0.26002557 0.61152394 0.60456677
0.26323157 0.6125039 0.60458201
0.25816717 0.61065277 0.60770191
0.25826881 0.61797774 0.60944879
0.26474787 0.61613949 0.60173295
0.25826881 0.61797774 0.60944879
0.26474787 0.61613949 0.60173295
0.25907872 0.61502657 0.60698358
0.25566915 0.61641551 0.60876919
0.26266587 0.61634832 0.60521414
4.5789139 1.5247217 5.7230713
4.5813596 1.5275803 5.7225527
4.5789139 1.5247217 5.7230713
4.5813596 1.5275803 5.7225527
4.5785578 1.5269433 5.7223779
4.5786533 1.5282036 5.7206296
4.5775331 1.529846 5.7223785
4.5786533 1.5282036 5.7206296
4.5775331 1.529846 5.7223785
4.5740196 1.5266328 5.7226059
4.5796085 1.5232293 5.7210358
4.579873 1.525332 5.7219397
4.5796085 1.5232293 5.7210358
4.5790498 1.5320843 5.7247678
4.5792619 1.5304068 5.7263907
4.5790498 1.5320843 5.7247678
4.5792619 1.5304068 5.7263907
4.5765415 1.5303671 5.7222214
4.5771886 1.5279054 5.7207653
4.5784249 1.5265062 5.7221335
4.5791637 1.5247438 5.7242424
4.5769708 1.5275098 5.7235137
4.5765542 1.5266096 5.7244466
4.5769708 1.5275098 5.7235137
4.5765542 1.5266096 5.7244466
2.6918376 1.0942934 0.68185451
2.6918311 1.0917214 0.6811539
2.690107 1.0908594 0.68340547
2.692211 1.0889065 0.68202271
2.6911397 1.0935 0.67828859
2.6903882 1.092729 0.68074857
2.6911397 1.0935 0.67828859
2.6903882 1.092729 0.68074857
2.6891144 1.0929761 0.6798573
2.6876412 1.0929579 0.6861276
2.689211 1.0931772 0.68514806
2.6889868 1.0940879 0.68338127
2.689211 1.0931772 0.68514806
2.6889868 1.0940879 0.68338127
2.6900127 1.0966234 0.681338
2.6885544 1.0925318 0.67902687
1.911858 0.27131566 0.73613224
1.9046829 0.27289849 0.74127262
1.9100206 0.27021854 0.73228314
1.9149907 0.27211144 0.72394736
1.9100206 0.27021854 0.73228314
1.9149907 0.27211144 0.72394736
1.9149623 0.27231049 0.73272778
1.9189463 0.27323664 0.73065511
1.9149623 0.27231049 0.73272778
1.9189463 0.27323664 0.73065511
0 0 0
1.2606099 2.5584654 5.396039
1.2663544 2.5591892 5.3999602
1.2685137 2.5590999 5.4016926
1.2706969 2.5576519 5.4047492
1.2633623 2.5611509 5.4014301
1.2706969 2.5576519 5.4047492
1.2593585 2.5692022 5.3898432
1.2629728 2.5625966 5.4001789
2.1429397 2.3921912 1.385676
2.1410428 2.3904854 1.3823754
2.1396531 2.3928554 1.3765748
2.1440156 2.3924006 1.3814144
2.1357988 2.3926012 1.375082
2.1353093 2.3911774 1.3787327
2.1373297 2.39041 1.383451
2.1353093 2.3911774 1.3787327
2.143719 2.3882337 1.3852
2.1413309 2.3887091 1.3804131
2.1406549 2.3900968 1.378259
2.1386096 2.3908331 1.3782503
2.1406549 2.3900968 1.378259
2.1386096 2.3908331 1.3782503
2.1376318 2.3914464 1.3763348
2.1376478 2.3923953 1.3768527
4.5774425 1.0456503 5.4477622
4.5795181 1.0429463 5.4447615
4.5804934 1.044638 5.4442478
4.578892 1.0457759 5.4530332
4.5779201 1.0439109 5.4506872
4.5765148 1.0460053 5.4521047
4.5779201 1.0439109 5.4506872
4.5765148 1.0460053 5.4521047
4.5768442 1.0483139 5.4505479
4.5757167 1.0468396 5.4551276
4.5807854 1.0505118 5.447572
4.5808887 1.0463997 5.4456506
4.5807854 1.0505118 5.447572
4.5808887 1.0463997 5.4456506
0 0 0
0 0 0
5.2612971 1.2736921 3.0352579
5.2620781 1.2755885 3.0350647
5.2629789 1.2736166 3.0368423
5.2599956 1.2755785 3.0368003
5.2629789 1.2736166 3.0368423
5.2599956 1.2755785 3.0368003
5.2612501 1.2761614 3.036042
5.2623372 1.2778162 3.0318215
5.2636012 1.2727828 3.0309474
5.2648844 1.2731372 3.0313705
5.2636012 1.2727828 3.0309474
5.2648844 1.2731372 3.0313705
5.2663553 1.2748375 3.0334579
5.2644307 1.2710733 3.0340435
0.2627903 0.61555387 0.59923922
0.26090521 0.61491456 0.6052751
0.26153299 0.61655047 0.60519139
0.26090521 0.61491456 0.6052751
0.26153299 0.61655047 0.60519139
0.26415568 0.61634439 0.60342883
0.26853938 0.61620539 0.60054196
0.25552884 0.61661051 0.61108603
0.26004875 0.61769622 0.60668477
0.25552884 0.61661051 0.61108603
0.25883536 0.61380155 0.60670207
0.25275702 0.61560895 0.61263582
0.25752731 0.61270344 0.60673504
0.26125745 0.61541404 0.60425286
0.25752731 0.61270344 0.60673504
0.26823239 0.61766865 0.59772239
0.26686407 0.61596751 0.60010729
0.26823239 0.61766865 0.59772239
0.26570531 0.61815547 0.59829972
0.25393684 0.61997641 0.61123873
0.25287666 0.62067703 0.60999267
0.25301062 0.61958312 0.61381385
4.5807171 1.5228026 5.7245034
4.5810122 1.5236189 5.7256837
4.5807171 1.5228026 5.7245034
4.5796214 1.5252317 5.7237338
4.5797045 1.5258135 5.7208604
4.5794762 1.5268053 5.7204934
4.5764093 1.5266604 5.7222392
4.5749499 1.5254107 5.7221689
4.5764093 1.5266604 5.7222392
4.5749499 1.5254107 5.7221689
4.5787577 1.5271125 5.7247944
4.5788072 1.5256173 5.7210071
4.5794252 1.5246013 5.7188479
4.5788072 1.5256173 5.7210071
4.5791295 1.5292308 5.7270577
4.5781401 1.5306427 5.7258378
4.5791295 1.5292308 5.7270577
4.5786913 1.5287213 5.7244978
4.5756246 1.5237351 5.7228415
4.5761269 1.523251 5.7245544
4.5769149 1.5247081 5.7239909
4.5759291 1.5255158 5.7244944
4.575559 1.5258135 5.7204517
4.5764672 1.5248882 5.7196727
4.5761855 1.5248551 5.7188761
2.6923763 1.0913199 0.68062672
2.6941516 1.0916827 0.67808179
2.6923763 1.0913199 0.68062672
2.6905933 1.0887706 0.68044939
2.6921364 1.0881119 0.681192
2.6928132 1.0947534 0.68198498
2.693112 1.0938481 0.67921145
2.6928132 1.0947534 0.68198498
2.6893199 1.0939836 0.6824605
2.690113 1.0921588 0.68099395
2.6893199 1.0939836 0.6824605
2.6882472 1.0939504 0.68446307
2.68914 1.0960451 0.6835098
2.6885221 1.0949936 0.68477451
2.6961739 1.0905458 0.67899833
2.6885814 1.0903257 0.67996787
1.9124146 0.27102589 0.73589898
1.9001659 0.27166167 0.7460365
1.9042888 0.27235107 0.74295652
1.917057 0.27331712 0.72568632
1.9081279 0.27554688 0.7345355
1.9070319 0.27399289 0.73657991
1.9202069 0.27285637 0.72743954
1.9056317 0.27335457 0.7384365
1.9202069 0.27285637 0.72743954
1.9056317 0.27335457 0.7384365
1.9069045 0.27444548 0.73821782
1.2720372 2.5571847 5.4035199
1.2615674 2.5586932 5.397226
1.2628489 2.5581738 5.3973725
1.2662629 2.5571602 5.4027121
1.2620509 2.560893 5.3944351
1.2648584 2.5614314 5.3956122
1.2620509 2.560893 5.3944351
2.1391167 2.3892287 1.3761357
2.1378568 2.3926764 1.3779706
2.1425319 2.3925923 1.3815424
2.1378568 2.3926764 1.3779706
2.1425319 2.3925923 1.3815424
2.1382698 2.3891948 1.3764798
2.1365485 2.3909921 1.38022
2.1384397 2.3934042 1.3844307
2.1365485 2.3909921 1.38022
2.1384397 2.3934042 1.3844307
2.1407984 2.3897606 1.3795004
2.1381508 2.3901657 1.376945
2.1403003 2.391508 1.380289
2.1381508 2.3901657 1.376945
2.1403003 2.391508 1.380289
2.1364448 2.3926119 1.3765414
4.5813009 1.0431575 5.4437884
4.5794027 1.0415157 5.4465715
4.5813009 1.0431575 5.4437884
4.5804958 1.0485461 5.4505887
4.5805847 1.0464322 5.4498628
4.5779603 1.044733 5.4489718
4.5770738 1.0463126 5.4521643
4.5779603 1.044733 5.4489718
4.5770738 1.0463126 5.4521643
4.5754139 1.0479833 5.4525942
4.5734695 1.0467917 5.4547475
4.5754321 1.0453589 5.4503489
4.5772092 1.04909 5.4491351
4.5836501 1.0494461 5.4463578
4.5843862 1.0479196 5.4450722
4.5856978 1.0494514 5.4451685
4.5843862 1.0479196 5.4450722
5.2608292 1.2796562 3.0352461
5.2583246 1.2714137 3.0365232
5.2610279 1.2754125 3.0373838
5.2617261 1.2772285 3.0357621
5.2610279 1.2754125 3.0373838
5.2617261 1.2772285 3.0357621
5.2640085 1.2761456 3.0339119
5.2624758 1.2758805 3.0304481
5.2653878 1.2723037 3.0299161
5.2645942 1.2723669 3.029742
5.2653878 1.2723037 3.0299161
5.2645942 1.2723669 3.029742
5.2654359 1.2747562 3.035007
5.2617404 1.2747737 3.0342121
0.26029138 0.61442989 0.60467271
0.26067768 0.61533013 0.60688853
0.26407873 0.61568208 0.59991515
0.26067768 0.61533013 0.60688853
0.26005197 0.61702158 0.60769368
0.25828784 0.61825268 0.60725092
0.25644224 0.61889011 0.60987186
0.25454883 0.61930157 0.61186485
0.25644224 0.61889011 0.60987186
0.25454883 0.61930157 0.61186485
0.25257751 0.60813838 0.61876539
0.25395712 0.61279462 0.61181565
0.25257751 0.60813838 0.61876539
0.25853058 0.61522925 0.60858181
0.25816717 0.61065277 0.60770191
0.26603202 0.61583231 0.60136037
0.26474787 0.61613949 0.60173295
0.26603202 0.61583231 0.60136037
0.25383584 0.61291932 0.61474578
0.25662762 0.61394012 0.60907663
0.25600805 0.61621005 0.60884241
0.25662762 0.61394012 0.60907663
4.5740425 1.5303097 5.7341248
4.5723115 1.5272367 5.7295699
4.5733189 1.5284609 5.7259116
4.5768902 1.528934 5.723688
4.5774572 1.5293333 5.7242503
4.5781518 1.5275788 5.7199758
4.5763074 1.527179 5.72086
4.574649 1.5262015 5.7224211
4.5763074 1.527179 5.72086
4.574649 1.5262015 5.7224211
4.5760187 1.5272793 5.7225228
4.5791505 1.5261092 5.7224136
4.5803852 1.5248856 5.7199929
4.5791505 1.5261092 5.7224136
4.5805267 1.5303246 5.7211123
4.578414 1.5306319 5.7210932
4.5805267 1.5303246 5.7211123
4.578414 1.5306319 5.7210932
4.5800285 1.5285316 5.7211726
4.5761411 1.5250486 5.7238852
4.5775035 1.5269353 5.7242703
4.5769708 1.5275098 5.7235137
4.5765542 1.5266096 5.7244466
4.5769708 1.5275098 5.7235137
4.5746303 1.527164 5.7201839
0 0 0
2.6936288 1.0920246 0.67725062
2.6914502 1.090738 0.67943902
2.6923544 1.0898777 0.68087606
2.6928517 1.0920238 0.68419353
2.6905601 1.092967 0.68634584
2.6892298 1.0919441 0.68530561
2.6905601 1.092967 0.68634584
2.6892298 1.0919441 0.68530561
2.6922395 1.0917728 0.68119813
2.6937375 1.0902709 0.6821536
2.6928219 1.0919035 0.682926
2.692491 1.0891287 0.68402429
2.6928219 1.0919035 0.682926
2.692491 1.0891287 0.68402429
2.7000455 1.094216 0.67945929
1.924116 0.26798619 0.72420451
1.9013346 0.26928955 0.74284105
1.9100206 0.27021854 0.73228314
1.9149907 0.27211144 0.72394736
1.9100206 0.27021854 0.73228314
1.9149907 0.27211144 0.72394736
1.9099817 0.27065476 0.73552633
1.9064046 0.2732997 0.7356086
1.9099817 0.27065476 0.73552633
1.8932598 0.27223218 0.75309541
1.899411 0.2697797 0.74596291
1.2646896 2.5574057 5.3992646
1.2713806 2.5551013 5.4054489
1.2596542 2.5595707 5.3950036
1.2617424 2.5587035 5.3964708
1.2647643 2.5605084 5.3962198
1.2617424 2.5587035 5.3964708
1.2647643 2.5605084 5.3962198
0 0 0
2.1401191 2.3922028 1.3800344
2.1432175 2.3932719 1.3829062
2.1401191 2.3922028 1.3800344
2.1432175 2.3932719 1.3829062
2.1361069 2.3918657 1.3795037
2.1353093 2.3911774 1.3787327
2.1373297 2.39041 1.383451
2.1353093 2.3911774 1.3787327
2.143719 2.3882337 1.3852
2.1413309 2.3887091 1.3804131
2.1406549 2.3900968 1.378259
2.1386096 2.3908331 1.3782503
2.1406549 2.3900968 1.378259
2.1386096 2.3908331 1.3782503
2.1363913 2.3915476 1.3759624
4.577275 1.0478798 5.453243
4.5774425 1.0456503 5.4477622
4.5794469 1.0446161 5.4456079
4.578096 1.0474202 5.4463959
4.5806673 1.0481459 5.449018
4.5782594 1.0442637 5.4481339
4.5765148 1.0460053 5.4521047
4.5782594 1.0442637 5.4481339
4.5765148 1.0460053 5.4521047
4.5768442 1.0483139 5.4505479
4.575871 1.0478771 5.4518619
4.5774285 1.0476301 5.4489748
4.5790196 1.0473406 5.4510067
4.5840174 1.0495621 5.4447298
4.5807441 1.0483618 5.4479298
4.5840174 1.0495621 5.4447298
4.5818287 1.050556 5.4494265
4.5852455 1.0513133 5.4447348
5.2599938 1.2706416 3.0340723
5.2658252 1.2739406 3.0353742
5.2599956 1.2755785 3.0368003
5.2629789 1.2736166 3.0368423
5.2599956 1.2755785 3.0368003
5.2612501 1.2761614 3.036042
5.2623372 1.2778162 3.0318215
5.2636012 1.2727828 3.0309474
5.2648844 1.2731372 3.0313705
5.2636012 1.2727828 3.0309474
5.2601199 1.2762291 3.0329052
5.2600462 1.2787066 3.0331548
5.2601199 1.2762291 3.0329052
0.2627903 0.61555387 0.59923922
0.26080969 0.61623443 0.60120865
0.26139091 0.61639688 0.60083367
0.2636267 0.61881535 0.6061449
0.26098467 0.61615644 0.60672099
0.2636267 0.61881535 0.6061449
0.26041877 0.61597402 0.60630442
0.27434851 0.6196938 0.58945912
0.26094414 0.61914995 0.60299675
0.27434851 0.6196938 0.58945912
3.3369047 2.0737158 3.9814618
3.341493 2.0801926 3.9776592
3.3372966 2.0761328 3.9775255
3.3365446 2.0790343 3.9827738
3.3360401 2.0791308 3.9798994
3.3365446 2.0790343 3.9827738
3.3360401 2.0791308 3.9798994
3.3302294 2.0742893 3.9762935
3.3300642 2.0739987 3.9759619
3.3302294 2.0742893 3.9762935
3.3342863 2.082477 3.9764653
3.3357553 2.0832167 3.9745617
4.5773014 1.5291401 5.7311671
4.580179 1.5282062 5.7241426
4.5789298 1.5267284 5.7265175
4.580179 1.5282062 5.7241426
4.579715 1.5271359 5.7188996
4.5791449 1.5259415 5.7202639
4.5784548 1.5270289 5.7207687
4.5759419 1.5255474 5.7232357
4.5784548 1.5270289 5.7207687
4.5759419 1.5255474 5.7232357
4.5782288 1.5259042 5.7203485
4.5788072 1.5256173 5.7210071
4.5794252 1.5246013 5.7188479
4.5788072 1.5256173 5.7210071
4.5794252 1.5246013 5.7188479
4.5770404 1.530803 5.7193221
4.5766914 1.5291197 5.7206334
4.5770404 1.530803 5.7193221
4.5766914 1.5291197 5.7206334
4.5754252 1.5286398 5.7218044
4.5750521 1.5276138 5.7199237
4.5752633 1.5269444 5.7196981
4.575559 1.5258135 5.7204517
4.5764672 1.5248882 5.7196727
4.5761855 1.5248551 5.7188761
2.6932998 1.0911541 0.67704006
2.6935328 1.0924337 0.67492821
2.6932998 1.0911541 0.67704006
2.6889646 1.0906061 0.68307038
2.6921364 1.0881119 0.681192
2.6908839 1.0943394 0.68492954
2.6919061 1.09489 0.68474533
2.6942337 1.0918768 0.68054475
2.6919061 1.09489 0.68474533
2.6942337 1.0918768 0.68054475
2.6954454 1.0914277 0.6794977
2.6961935 1.093033 0.67749777
2.6935299 1.0921529 0.68105284
2.6938793 1.0916447 0.68094671
2.6918477 1.0914761 0.68422838
2.6949485 1.0935884 0.67810689
1.9153656 0.27021095 0.73241275
1.9121958 0.26819834 0.73634953
1.9153656 0.27021095 0.73241275
1.9121958 0.26819834 0.73634953
1.9144423 0.26934117 0.73615751
1.9070319 0.27399289 0.73657991
1.9086306 0.27087652 0.73625251
1.9056317 0.27335457 0.7384365
1.9086306 0.27087652 0.73625251
1.9056317 0.27335457 0.7384365
1.9053532 0.26803145 0.74299681
1.9061824 0.26757291 0.74057068
1.2648459 2.5615666 5.4007807
1.2644789 2.5634694 5.3992463
1.2663275 2.5593759 5.402597
1.2656278 2.5588237 5.4011678
1.2648584 2.5614314 5.3956122
1.2620509 2.560893 5.3944351
2.1433813 2.3902452 1.3797525
2.1415745 2.3915934 1.3791703
2.1435167 2.3920825 1.3817583
2.1415745 2.3915934 1.3791703
2.1435167 2.3920825 1.3817583
2.1429653 2.3888163 1.3813319
2.1377278 2.388699 1.3800305
2.1400099 2.3891574 1.3804813
2.1432835 2.3913336 1.3819076
2.1400099 2.3891574 1.3804813
2.1407984 2.3897606 1.3795004
2.1381508 2.3901657 1.376945
2.1407984 2.3897606 1.3795004
2.1381508 2.3901657 1.376945
2.13971 2.3932209 1.3798507
4.5778943 1.045847 5.4465881
4.5785722 1.0439943 5.4459086
4.5778943 1.045847 5.4465881
4.5785722 1.0439943 5.4459086
4.5780106 1.0494574 5.448326
4.5799633 1.049631 5.4480641
4.5797663 1.0459499 5.4489097
4.5799633 1.049631 5.4480641
4.5797663 1.0459499 5.4489097
4.5781163 1.0477526 5.4488549
4.5791452 1.0472755 5.4467434
4.5781163 1.0477526 5.4488549
4.5791452 1.0472755 5.4467434
4.5794942 1.0459192 5.4482851
4.5836501 1.0494461 5.4463578
4.5843862 1.0479196 5.4450722
4.5856978 1.0494514 5.4451685
4.5843862 1.0479196 5.4450722
4.5869304 1.0515114 5.4475934
4.5856977 1.0491294 5.4461843
5.2636135 1.2717077 3.0351475
5.262444 1.2700483 3.0334408
5.2636135 1.2717077 3.0351475
5.2586634 1.2745754 3.032977
5.2597575 1.2711485 3.0303481
5.2603221 1.2738984 3.0286533
5.2653878 1.2723037 3.0299161
5.2645942 1.2723669 3.029742
5.2653878 1.2723037 3.0299161
5.2608558 1.2739742 3.0331555
5.2630733 1.2757449 3.0318759
0 0 0
0.26029138 0.61442989 0.60467271
0.26177516 0.61465739 0.60047318
0.2640484 0.61672207 0.59827327
0.26597295 0.61835997 0.60011924
0.26437897 0.62024663 0.60105195
0.26579294 0.62104973 0.6027944
0 0 0
3.3392692 2.0786112 3.98048
3.3378781 2.0773763 3.9771869
3.3379331 2.0751161 3.9809808
3.338988 2.0788366 3.9763445
3.3394867 2.0804104 3.9764939
3.33874 2.0770363 3.9772433
3.3394867 2.0804104 3.9764939
3.33874 2.0770363 3.9772433
3.3339978 2.0742242 3.9799648
3.3352335 2.0766026 3.9811389
3.3341246 2.0799344 3.9778061
3.3362879 2.081774 3.9761432
3.3381099 2.0801038 3.9754956
3.3378561 2.0797274 3.9781462
3.3381099 2.0801038 3.9754956
3.3378561 2.0797274 3.9781462
4.5774305 1.5268824 5.7259434
4.5806763 1.5258333 5.7240059
4.5774305 1.5268824 5.7259434
4.5818205 1.5290115 5.7219609
4.579404 1.528646 5.7231096
4.5800461 1.5284631 5.7221445
4.574649 1.5262015 5.7224211
4.5800461 1.5284631 5.7221445
4.574649 1.5262015 5.7224211
4.5812202 1.5277854 5.7204984
4.5791505 1.5261092 5.7224136
4.5776066 1.5286709 5.7236978
4.5791505 1.5261092 5.7224136
4.5776066 1.5286709 5.7236978
4.578414 1.5306319 5.7210932
4.5800285 1.5285316 5.7211726
4.578414 1.5306319 5.7210932
4.5800285 1.5285316 5.7211726
4.5758431 1.5282972 5.7199007
4.5759588 1.5282822 5.7194374
4.57521 1.5275503 5.7198477
4.57497 1.5273282 5.7194485
4.5746577 1.5274053 5.7190837
4.5746303 1.527164 5.7201839
2.6895751 1.0949642 0.67245996
2.6935405 1.0938674 0.67690271
2.6899732 1.0903056 0.68074934
2.6923544 1.0898777 0.68087606
2.6928517 1.0920238 0.68419353
2.6905601 1.092967 0.68634584
2.6892298 1.0919441 0.68530561
2.6905601 1.092967 0.68634584
2.6934296 1.0907977 0.68008045
2.6931235 1.0917958 0.6814504
2.6934296 1.0907977 0.68008045
2.6935287 1.0931262 0.67856966
2.6920589 1.0909287 0.67951633
2.6928219 1.0919035 0.682926
2.692491 1.0891287 0.68402429
2.6933289 1.093789 0.6771469
2.6971396 1.0938812 0.67652926
1.8978489 0.27266651 0.74572818
1.9052462 0.27169301 0.74098671
1.9048596 0.26879994 0.7434919
1.9116095 0.26786561 0.73873276
1.9134377 0.27267133 0.73373005
1.9066919 0.27204288 0.74001354
1.9030122 0.27277287 0.74473916
1.8957159 0.27219954 0.75117664
1.8932598 0.27223218 0.75309541
1.899411 0.2697797 0.74596291
1.9038238 0.26680934 0.74056114
0 0 0
1.2634828 2.5633378 5.3980093
1.2645744 2.5597538 5.4004059
1.2644984 2.5601367 5.400274
1.2617424 2.5587035 5.3964708
2.1441491 2.3920855 1.3812434
2.1465549 2.3920918 1.3840223
2.1401191 2.3922028 1.3800344
2.1432175 2.3932719 1.3829062
2.1401191 2.3922028 1.3800344
2.1432175 2.3932719 1.3829062
2.1422575 2.3892448 1.3807356
2.1438301 2.3890815 1.3822965
2.1427902 2.3899799 1.3806702
2.1438301 2.3890815 1.3822965
2.1427902 2.3899799 1.3806702
2.1442368 2.3915202 1.3805027
2.1359909 2.3881488 1.3768001
2.137935 2.3926012 1.3796895
2.1400531 2.3942457 1.3845895
2.134944 2.3914052 1.3770786
4.5776855 1.0451626 5.4534055
4.5806471 1.0447764 5.4513655
4.5795256 1.0481962 5.4504892
4.5794607 1.0479469 5.4519625
4.5812466 1.0501881 5.4458622
4.5808211 1.0477888 5.4491833
4.5803479 1.0463987 5.4473809
4.5808211 1.0477888 5.4491833
4.5803479 1.0463987 5.4473809
4.575871 1.0478771 5.4518619
4.5774285 1.0476301 5.4489748
4.575871 1.0478771 5.4518619
4.5774285 1.0476301 5.4489748
4.5790196 1.0473406 5.4510067
4.5809908 1.0484889 5.4479059
4.5758677 1.0505337 5.4528136
4.5764761 1.0527794 5.4515474
4.5818287 1.050556 5.4494265
4.5764761 1.0527794 5.4515474
4.5818287 1.050556 5.4494265
4.5813293 1.0486885 5.4510474
5.2589108 1.276136 3.0312277
5.2588846 1.276485 3.0338077
5.2589108 1.276136 3.0312277
5.2588846 1.276485 3.0338077
5.261116 1.2739268 3.0313513
5.261166 1.2755024 3.0296013
5.260732 1.2759038 3.0336286
5.2638071 1.2755315 3.0356353
5.2638993 1.2737484 3.0359566
5.2655065 1.2742466 3.0342069
0 0 0
0.25206295 0.61373033 0.6258492
0.26257244 0.61649926 0.60555839
0.26217267 0.61716476 0.60641401
0.26254739 0.62149962 0.60706224
0.26217267 0.61716476 0.60641401
0 0 0
0 0 0
3.3377772 2.0775859 3.9765813
3.3378318 2.0773382 3.9783936
3.3380807 2.0756749 3.9821695
3.3369047 2.0737158 3.9814618
3.3374605 2.0793816 3.9781292
3.3335882 2.07701 3.9751169
3.3328693 2.0749101 3.9789087
3.3335882 2.07701 3.9751169
3.3328693 2.0749101 3.9789087
3.3350824 2.0799813 3.9762176
3.3342 2.0815953 3.975936
3.3342863 2.082477 3.9764653
3.3369 2.0779976 3.9773611
3.3366281 2.0775253 3.9793167
3.3369 2.0779976 3.9773611
3.3414228 2.0822526 3.9880539
3.3386574 2.0783687 3.9820436
4.5789298 1.5267284 5.7265175
4.580179 1.5282062 5.7241426
4.5798479 1.530643 5.7211007
4.5791449 1.5259415 5.7202639
4.5784548 1.5270289 5.7207687
4.5759419 1.5255474 5.7232357
4.5809387 1.5274014 5.7200532
4.5806379 1.5284765 5.7203995
4.5809387 1.5274014 5.7200532
4.5758791 1.528335 5.7220845
4.578161 1.5284673 5.7216976
4.5758791 1.528335 5.7220845
4.5767556 1.5304054 5.7203652
4.5784266 1.5301345 5.7195127
4.5809099 1.530858 5.7170904
4.5770404 1.530803 5.7193221
4.5775029 1.5278763 5.7225846
4.5772951 1.5269121 5.7219843
4.5775029 1.5278763 5.7225846
4.5787761 1.5284283 5.7217302
4.5749663 1.5295562 5.7191629
4.574589 1.5305186 5.7172536
4.5733541 1.5303557 5.7172285
2.6945639 1.095747 0.67040141
2.6910904 1.0941653 0.68413228
2.6902831 1.0909541 0.6855174
2.6889646 1.0906061 0.68307038
2.6897729 1.0936123 0.68596932
2.6908839 1.0943394 0.68492954
2.6919061 1.09489 0.68474533
2.6942337 1.0918768 0.68054475
2.6919061 1.09489 0.68474533
2.6942337 1.0918768 0.68054475
2.6954454 1.0914277 0.6794977
2.6961935 1.093033 0.67749777
2.6935299 1.0921529 0.68105284
2.6938793 1.0916447 0.68094671
2.6918477 1.0914761 0.68422838
2.6912713 1.0926985 0.67558586
2.6971396 1.0938812 0.67652926
1.9081671 0.27029029 0.74288125
1.9114471 0.27000535 0.74022681
1.9081671 0.27029029 0.74288125
1.9114471 0.27000535 0.74022681
1.9163743 0.27259112 0.73140202
1.914895 0.27166488 0.73347882
1.9163743 0.27259112 0.73140202
1.9091669 0.27207084 0.73803278
1.9000098 0.26852527 0.74825942
1.9053532 0.26803145 0.74299681
1.9061824 0.26757291 0.74057068
1.2648459 2.5615666 5.4007807
1.2644789 2.5634694 5.3992463
1.2663275 2.5593759 5.402597
1.2656278 2.5588237 5.4011678
1.2640366 2.5560078 5.4012154
2.1389326 2.392619 1.3780522
2.1414294 2.3921394 1.3798075
2.1389326 2.392619 1.3780522
2.1435167 2.3920825 1.3817583
2.1415745 2.3915934 1.3791703
2.1435167 2.3920825 1.3817583
2.1429653 2.3888163 1.3813319
2.1454945 2.3888371 1.3833775
2.1400099 2.3891574 1.3804813
2.1454945 2.3888371 1.3833775
2.1400099 2.3891574 1.3804813
2.1442997 2.392515 1.3818289
2.1428087 2.3946285 1.3842684
2.1442997 2.392515 1.3818289
2.1428087 2.3946285 1.3842684
2.1432223 2.3935983 1.3853251
4.5774931 1.0478788 5.4506741
4.5787394 1.0475176 5.4522547
4.5774931 1.0478788 5.4506741
4.5787394 1.0475176 5.4522547
4.5780106 1.0494574 5.448326
4.5810648 1.0464808 5.4504015
4.5790022 1.0468448 5.4483058
4.5810648 1.0464808 5.4504015
4.5790022 1.0468448 5.4483058
4.5781163 1.0477526 5.4488549
4.5791452 1.0472755 5.4467434
4.5781163 1.0477526 5.4488549
4.5791452 1.0472755 5.4467434
4.5794942 1.0459192 5.4482851
4.5799255 1.0477736 5.4502272
4.5809097 1.0487685 5.4493726
4.5767068 1.0523997 5.4506445
4.5809097 1.0487685 5.4493726
4.5767068 1.0523997 5.4506445
4.579571 1.0507905 5.4445753
4.5808512 1.0521419 5.4443512
4.577709 1.0457987 5.4526139
5.2598267 1.2737907 3.0338652
5.2589828 1.2759678 3.0345999
5.2598267 1.2737907 3.0338652
5.2603221 1.2738984 3.0286533
5.2629881 1.2750651 3.0314117
5.2603221 1.2738984 3.0286533
5.2629881 1.2750651 3.0314117
5.2608558 1.2739742 3.0331555
5.2630733 1.2757449 3.0318759
5.262405 1.274325 3.03332
0.25839123 0.6127119 0.61434077
0.2586886 0.614669 0.6100557
0.25839123 0.6127119 0.61434077
0 0 0
3.3371524 2.080124 3.9810421
3.3367902 2.0769401 3.9791202
3.3371524 2.080124 3.9810421
3.3392692 2.0786112 3.98048
3.3381072 2.0768836 3.9794681
3.3379331 2.0751161 3.9809808
3.336739 2.0734496 3.9805552
3.3365094 2.0775865 3.9771259
3.332256 2.0781984 3.9730803
3.3310473 2.0785567 3.9746113
3.332256 2.0781984 3.9730803
3.3310473 2.0785567 3.9746113
3.3333123 2.0806792 3.9752091
3.3380829 2.0817422 3.978093
3.3362879 2.081774 3.9761432
3.3381099 2.0801038 3.9754956
3.3378561 2.0797274 3.9781462
3.3381099 2.0801038 3.9754956
3.3378561 2.0797274 3.9781462
3.3348126 2.0769732 3.9878589
3.3363551 2.0779054 3.9842755
4.5774305 1.5268824 5.7259434
4.5790204 1.5300853 5.7231108
4.5783449 1.5288592 5.7250439
4.5790204 1.5300853 5.7231108
4.5798587 1.5286037 5.7239123
4.5810475 1.5282554 5.7228086
4.5806554 1.5279803 5.7216938
4.5791678 1.5283814 5.7224108
4.5781257 1.527249 5.72202
4.5791678 1.5283814 5.7224108
4.5781257 1.527249 5.72202
4.5769987 1.5302714 5.7211589
4.5779115 1.5287498 5.7218211
4.5783758 1.527361 5.7193194
4.5775862 1.5259988 5.7196904
4.5783758 1.527361 5.7193194
4.576106 1.526666 5.724621
4.576029 1.5260108 5.7233055
4.576106 1.526666 5.724621
4.576029 1.5260108 5.7233055
4.5710361 1.5321455 5.7191492
4.5709553 1.531148 5.7182912
2.6937044 1.0818814 0.6885457
2.6889528 1.0942025 0.68620517
2.6911598 1.0894524 0.68515476
2.6889528 1.0942025 0.68620517
2.6894439 1.0896881 0.68577829
2.6896717 1.0931159 0.68443192
2.6873633 1.0901293 0.68081103
2.6931235 1.0917958 0.6814504
2.6934296 1.0907977 0.68008045
2.6931235 1.0917958 0.6814504
2.6934296 1.0907977 0.68008045
2.6935287 1.0931262 0.67856966
2.6920589 1.0909287 0.67951633
2.6901772 1.0903359 0.68167754
2.7001997 1.0887852 0.6749369
2.6933289 1.093789 0.6771469
1.9052462 0.27169301 0.74098671
1.8978489 0.27266651 0.74572818
1.9052462 0.27169301 0.74098671
1.9048596 0.26879994 0.7434919
1.909721 0.27179229 0.73843757
1.9055878 0.27088948 0.74287893
1.9103108 0.27133181 0.73946153
1.9055878 0.27088948 0.74287893
1.9152748 0.27203146 0.73528364
1.9169669 0.27150377 0.7347596
1.9152748 0.27203146 0.73528364
1.8999233 0.26909057 0.74506228
1.9055736 0.27328825 0.73948727
0 0 0
1.2645744 2.5597538 5.4004059
1.2723936 2.5518947 5.4067738
1.2632952 2.555723 5.4011145
2.1349987 2.3922288 1.3763337
2.1380151 2.3906666 1.3785087
2.1349987 2.3922288 1.3763337
2.1419356 2.3906192 1.37976
2.1393663 2.3931144 1.3777487
2.1423948 2.3910283 1.3810849
2.1411547 2.389464 1.3798741
2.1427676 2.3896072 1.3800932
2.1427902 2.3899799 1.3806702
2.1427676 2.3896072 1.3800932
2.1427902 2.3899799 1.3806702
2.1443939 2.393118 1.3848509
2.1407572 2.3952652 1.3836895
2.1443939 2.393118 1.3848509
2.1407572 2.3952652 1.3836895
0 0 0
4.5776855 1.0451626 5.4534055
4.5806471 1.0447764 5.4513655
4.5795256 1.0481962 5.4504892
4.5794607 1.0479469 5.4519625
4.5812466 1.0501881 5.4458622
4.5808211 1.0477888 5.4491833
4.5783896 1.0482381 5.4493744
4.5808211 1.0477888 5.4491833
4.5783896 1.0482381 5.4493744
4.5784351 1.05008 5.4500992
4.5764071 1.0470127 5.4480672
4.5778382 1.0481429 5.4476267
4.5732894 1.050032 5.4521605
4.5764838 1.0471566 5.4478888
4.5732894 1.050032 5.4521605
4.5758677 1.0505337 5.4528136
4.5764761 1.0527794 5.4515474
4.5758677 1.0505337 5.4528136
4.5810074 1.052255 5.4426074
4.5791782 1.0516094 5.4473266
4.5810074 1.052255 5.4426074
4.5795003 1.0542177 5.4439455
5.2588846 1.276485 3.0338077
5.261476 1.2772607 3.0336335
5.2588846 1.276485 3.0338077
5.2650878 1.2714621 3.027586
5.2656936 1.2734698 3.0289905
5.260732 1.2759038 3.0336286
5.2656936 1.2734698 3.0289905
5.2638993 1.2737484 3.0359566
5.2655065 1.2742466 3.0342069
5.262405 1.274325 3.03332
3.3324591 2.0771943 3.9801115
3.3338631 2.0773762 3.9775074
3.3324591 2.0771943 3.9801115
3.3309628 2.0770155 3.9804062
3.3321318 2.0789493 3.9837628
3.3372016 2.0796467 3.9778105
3.3346846 2.0795713 3.9813063
3.3372016 2.0796467 3.9778105
3.332466 2.0782766 3.976425
3.3354066 2.0741377 3.9775475
3.3276214 2.0762514 3.9749066
3.3369706 2.0773443 3.97685
3.3335882 2.07701 3.9751169
3.3335305 2.0762265 3.9755371
3.3335882 2.07701 3.9751169
3.3335305 2.0762265 3.9755371
3.3341083 2.0797349 3.9759372
3.3341962 2.0812349 3.9748386
3.3373321 2.0761077 3.9811737
3.3369 2.0779976 3.9773611
3.3366281 2.0775253 3.9793167
3.3369 2.0779976 3.9773611
3.3366281 2.0775253 3.9793167
3.3386574 2.0783687 3.9820436
3.3366194 2.082196 3.9773598
3.3342408 2.0775947 3.9803134
4.5801192 1.5281457 5.7191456
4.5794146 1.5261164 5.7224739
4.5801192 1.5281457 5.7191456
4.5790223 1.5302236 5.7242963
4.5809387 1.5274014 5.7200532
4.5790601 1.5310722 5.7227033
4.5809387 1.5274014 5.7200532
4.5790601 1.5310722 5.7227033
4.5790288 1.5316694 5.7214168
4.5758791 1.528335 5.7220845
4.5767556 1.5304054 5.7203652
4.5784266 1.5301345 5.7195127
4.5774367 1.528101 5.7211693
4.5775626 1.5270582 5.7209193
4.5774367 1.528101 5.7211693
4.5775626 1.5270582 5.7209193
4.5775029 1.5278763 5.7225846
4.5787761 1.5284283 5.7217302
4.5793096 1.5288504 5.721473
4.5799067 1.5309863 5.7208104
4.5803111 1.5251688 5.7258364
2.6881794 1.0904588 0.68475604
2.6863722 1.0942401 0.68534684
2.6881794 1.0904588 0.68475604
2.6863722 1.0942401 0.68534684
2.6902831 1.0909541 0.6855174
2.6904864 1.0954365 0.68004091
2.690545 1.0928168 0.68058189
2.6892267 1.0920176 0.67321603
2.690545 1.0928168 0.68058189
2.6892267 1.0920176 0.67321603
2.691655 1.0905593 0.67963276
4.519522 1.5021375 2.0187193
4.5168926 1.5095433 2.0188441
4.5218377 1.4959532 2.024302
4.5217462 1.4961397 2.023238
4.5218377 1.4959532 2.024302
1.8957497 0.26650999 0.74456064
1.9149983 0.27248696 0.73706602
1.9114471 0.27000535 0.74022681
1.9149983 0.27248696 0.73706602
1.9114471 0.27000535 0.74022681
1.9163743 0.27259112 0.73140202
1.913553 0.27196179 0.73545114
1.9161597 0.27160185 0.73297444
1.9099149 0.27135851 0.73796367
1.9161597 0.27160185 0.73297444
1.9099149 0.27135851 0.73796367
1.8980767 0.27224574 0.74880683
1.9105866 0.27084002 0.73814345
1.2640898 2.5654473 5.3971949
1.2672112 2.5664851 5.3999166
1.2674694 2.5621171 5.4024979
5.4119588 1.4598066 5.3464738
5.4109737 1.4592349 5.3475695
2.1414294 2.3921394 1.3798075
2.141599 2.3916801 1.3797489
2.1491659 2.3905123 1.3832605
2.1380066 2.386157 1.3739668
2.1400177 2.3882273 1.3785319
2.1362736 2.3890152 1.3771912
2.1380834 2.3909427 1.3776935
2.1362736 2.3890152 1.3771912
2.1380834 2.3909427 1.3776935
2.1452959 2.3884708 1.3828871
2.1442997 2.392515 1.3818289
2.1428087 2.3946285 1.3842684
2.1442997 2.392515 1.3818289
2.1314901 2.397666 1.3768882
4.5784115 1.0441473 5.4501178
4.5774931 1.0478788 5.4506741
4.5787394 1.0475176 5.4522547
4.5774931 1.0478788 5.4506741
4.5787394 1.0475176 5.4522547
4.5776235 1.0458444 5.4497179
4.5810648 1.0464808 5.4504015
4.5787628 1.0451697 5.4473355
4.5810648 1.0464808 5.4504015
4.5787628 1.0451697 5.4473355
4.5797385 1.0471366 5.4475474
4.5804006 1.0450264 5.4473324
4.5771812 1.0502113 5.4508097
4.5786488 1.0511221 5.4496356
4.5771812 1.0502113 5.4508097
4.5786488 1.0511221 5.4496356
4.5814293 1.0483342 5.4469408
4.5767068 1.0523997 5.4506445
4.579571 1.0507905 5.4445753
4.5797963 1.0508839 5.4444861
4.579571 1.0507905 5.4445753
4.5797963 1.0508839 5.4444861
4.5764913 1.0498841 5.4487803
4.5787397 1.0500996 5.4483171
5.2589828 1.2759678 3.0345999
5.2598267 1.2737907 3.0338652
5.2642765 1.272303 3.0307451
5.2629881 1.2750651 3.0314117
5.2636466 1.273781 3.0315787
5.2629881 1.2750651 3.0314117
5.2628182 1.2720953 3.0380082
0 0 0
3.3322883 2.0805287 3.9743194
3.3324734 2.0808529 3.9781678
3.3322883 2.0805287 3.9743194
3.3324734 2.0808529 3.9781678
3.3368058 2.0760843 3.9808797
3.3356436 2.0786444 3.9804684
3.3380255 2.0776722 3.9790397
3.3356436 2.0786444 3.9804684
3.3380255 2.0776722 3.9790397
3.3374391 2.0776692 3.9820873
3.3341306 2.0754313 3.9763048
3.336621 2.0777964 3.9773296
3.3341306 2.0754313 3.9763048
3.332256 2.0781984 3.9730803
3.3310473 2.0785567 3.9746113
3.332256 2.0781984 3.9730803
3.3310473 2.0785567 3.9746113
3.334993 2.0798983 3.9796924
3.3373759 2.082236 3.9792085
3.3377425 2.0757556 3.982502
3.338858 2.0765536 3.979347
3.3356246 2.0769745 3.9806894
3.338858 2.0765536 3.979347
3.3356246 2.0769745 3.9806894
3.334836 2.0782788 3.9789381
3.3334323 2.076316 3.9781578
3.3348834 2.0777235 3.9798022
3.3354338 2.079077 3.9799385
4.5783449 1.5288592 5.7250439
4.5827572 1.5289122 5.7214917
4.5790669 1.5293755 5.7247509
4.5810475 1.5282554 5.7228086
4.5801818 1.5307106 5.7234759
4.5791678 1.5283814 5.7224108
4.5781257 1.527249 5.72202
4.5791678 1.5283814 5.7224108
4.5781257 1.527249 5.72202
4.5769987 1.5302714 5.7211589
4.5775862 1.5259988 5.7196904
4.5783758 1.527361 5.7193194
4.5764859 1.5277802 5.7227455
4.5783758 1.527361 5.7193194
4.5764859 1.5277802 5.7227455
4.576029 1.5260108 5.7233055
4.576106 1.526666 5.724621
4.5745665 1.5267175 5.7253066
4.5750388 1.527153 5.7259124
4.5759176 1.5295228 5.7265257
4.5223262 1.4985168 2.0165521
4.5195984 1.4998846 2.0170158
4.5199599 1.4981872 2.01595
4.5209125 1.5007268 2.0155166
4.5194281 1.5038517 2.0177266
4.5180235 1.5024325 2.0200212
4.519264 1.5006938 2.0221123
4.5183357 1.4940761 2.0195902
4.519264 1.5006938 2.0221123
4.5183357 1.4940761 2.0195902
4.5169789 1.5017145 2.0189217
4.5210101 1.5002178 2.0180038
4.5169789 1.5017145 2.0189217
4.5210101 1.5002178 2.0180038
4.5189258 1.4999963 2.0191798
4.5179309 1.4968759 2.0187089
4.5221955 1.4950156 2.0174724
1.9161957 0.27291148 0.73537109
1.914598 0.27350648 0.73240868
1.9161957 0.27291148 0.73537109
1.909721 0.27179229 0.73843757
1.9055878 0.27088948 0.74287893
1.9103108 0.27133181 0.73946153
1.9055878 0.27088948 0.74287893
1.9055176 0.27005687 0.74228691
1.9169669 0.27150377 0.7347596
1.9055176 0.27005687 0.74228691
1.9005433 0.27176604 0.74590101
1.9107046 0.27064501 0.73851044
1.2636248 2.5638798 5.3955821
5.4126128 1.4600373 5.3479525
5.4114741 1.4619505 5.3468334
5.4112944 1.4606823 5.3462617
5.410276 1.4589579 5.3488755
5.4111405 1.4607692 5.3482066
0 0 0
2.1418491 2.3912466 1.3733117
2.1371518 2.3896327 1.370908
2.1396567 2.3892988 1.3771036
2.1365828 2.3889588 1.3772318
2.1366007 2.3901412 1.3763128
2.1365828 2.3889588 1.3772318
2.1366007 2.3901412 1.3763128
2.1355017 2.3931967 1.3748691
2.1443939 2.393118 1.3848509
2.1407572 2.3952652 1.3836895
2.1443939 2.393118 1.3848509
2.1304873 2.3961156 1.3784418
4.5766405 1.0502144 5.4496163
4.5789839 1.0422184 5.4495647
4.580678 1.0419774 5.4488966
4.5788614 1.0466448 5.4493822
4.5783888 1.0487589 5.4524567
4.576887 1.0476682 5.4496596
4.5797395 1.0466212 5.4513226
4.576887 1.0476682 5.4496596
4.5797395 1.0466212 5.4513226
4.5786813 1.0466018 5.4503654
4.5784351 1.05008 5.4500992
4.5811413 1.0483933 5.447279
4.5790488 1.0488827 5.4507207
4.5807498 1.049071 5.4503307
4.5790488 1.0488827 5.4507207
4.5807498 1.049071 5.4503307
4.5801335 1.0496636 5.4508769
4.5807752 1.0502564 5.4482224
4.5798258 1.0484256 5.4470232
0 0 0
0 0 0
0 0 0
0 0 0
4.5793151 1.052313 5.4486315
5.261476 1.2772607 3.0336335
5.263015 1.2739813 3.031981
5.2652093 1.2707655 3.0336967
5.2656936 1.2734698 3.0289905
5.2650878 1.2714621 3.027586
5.2656936 1.2734698 3.0289905
0 0 0
3.3329799 2.0798146 3.974256
3.3314813 2.0786947 3.9723867
3.3329799 2.0798146 3.974256
3.3314813 2.0786947 3.9723867
3.3334377 2.0790601 3.9773586
3.3326622 2.0785964 3.9735295
3.33547 2.0793851 3.9787824
3.3372016 2.0796467 3.9778105
3.332466 2.0782766 3.976425
3.3372016 2.0796467 3.9778105
3.3360533 2.0751495 3.9806148
3.3363031 2.0769977 3.9782548
3.340226 2.0798258 3.9811786
3.3363031 2.0769977 3.9782548
3.340226 2.0798258 3.9811786
3.3335305 2.0762265 3.9755371
3.3335557 2.0771432 3.974505
3.3335305 2.0762265 3.9755371
3.3348896 2.0787813 3.9803986
3.3365859 2.0778002 3.9812118
3.3386093 2.0767616 3.9812555
3.3365859 2.0778002 3.9812118
3.3386093 2.0767616 3.9812555
3.3404869 2.0773107 3.9812655
3.3364632 2.078908 3.9774329
3.3363343 2.0810884 3.9769608
3.3349849 2.0781626 3.9787142
3.3351708 2.0804584 3.9787547
3.3358661 2.0778374 3.9737802
0 0 0
4.5801192 1.5281457 5.7191456
4.578908 1.5292084 5.7242828
4.581203 1.5305184 5.7235843
4.5796814 1.5312139 5.7213719
4.581203 1.5305184 5.7235843
4.5796814 1.5312139 5.7213719
4.57946 1.5304588 5.7188105
4.5809957 1.5287333 5.7190643
4.5784945 1.5301918 5.7231628
4.5785087 1.5302021 5.7200428
4.5773303 1.528734 5.722726
4.5766833 1.5262313 5.7238104
4.5773303 1.528734 5.722726
4.5766833 1.5262313 5.7238104
4.5740668 1.5250834 5.724355
4.5776702 1.5286494 5.7246202
4.5743356 1.5284872 5.7247537
4.5776702 1.5286494 5.7246202
4.5743356 1.5284872 5.7247537
4.5199375 1.5006683 2.0168069
4.5175597 1.5019457 2.0181994
4.5184084 1.4976099 2.0167335
4.5204069 1.497809 2.0156979
4.5184084 1.4976099 2.0167335
4.5204069 1.497809 2.0156979
4.5202549 1.498624 2.0208981
4.5199008 1.5004519 2.019009
4.5202549 1.498624 2.0208981
4.5158505 1.5015668 2.0178409
4.5161164 1.4995214 2.0202637
4.5211503 1.499303 2.0196621
4.5161164 1.4995214 2.0202637
4.5211503 1.499303 2.0196621
4.5187743 1.5002151 2.0200651
4.5174766 1.4981801 2.0176148
4.5184403 1.4960486 2.017037
4.5245163 1.5015933 2.019247
1.9120847 0.27157319 0.73505475
1.9149983 0.27248696 0.73706602
1.9146147 0.27024471 0.73771521
1.9143122 0.26997182 0.73604432
1.913553 0.27196179 0.73545114
1.9161597 0.27160185 0.73297444
1.9099149 0.27135851 0.73796367
1.9161597 0.27160185 0.73297444
1.9099149 0.27135851 0.73796367
1.8980767 0.27224574 0.74880683
1.9105866 0.27084002 0.73814345
5.4110989 1.4603824 5.346516
5.4115364 1.4613699 5.3477712
5.4110989 1.4603824 5.346516
5.4119588 1.4598066 5.3464738
5.4109737 1.4592349 5.3475695
5.4109729 1.4608797 5.3478151
5.4097484 1.4571988 5.3492783
5.4115157 1.4574314 5.349256
0 0 0
2.1385048 2.3887128 1.3799798
2.1362736 2.3890152 1.3771912
2.1378046 2.3902407 1.3776045
2.1362736 2.3890152 1.3771912
2.1378046 2.3902407 1.3776045
2.1398656 2.3918258 1.3796488
2.1461611 2.4032137 1.3772451
2.1393944 2.3925884 1.379765
2.1383934 2.3952599 1.3789325
2.1314901 2.397666 1.3768882
4.5782227 1.0559764 5.4515158
4.5784519 1.0477008 5.4503967
4.577075 1.0479328 5.4529681
4.5768501 1.047878 5.4524217
4.5758737 1.0472613 5.4540435
4.5768501 1.047878 5.4524217
4.5788209 1.047085 5.4502756
4.5787628 1.0451697 5.4473355
4.5788209 1.047085 5.4502756
4.5787628 1.0451697 5.4473355
4.5797385 1.0471366 5.4475474
4.5793651 1.0478092 5.4494599
4.5809334 1.048064 5.4504432
4.5793651 1.0478092 5.4494599
4.5809334 1.048064 5.4504432
4.5786488 1.0511221 5.4496356
4.8126272 1.2769935 4.1849711
4.8122104 1.2765082 4.1820702
4.8126272 1.2769935 4.1849711
4.8143714 1.2722741 4.180157
4.8143682 1.2725414 4.18153
4.8143714 1.2722741 4.180157
4.8160892 1.2753761 4.1829736
4.8124658 1.2767757 4.1834291
4.8160892 1.2753761 4.1829736
5.26368 1.2717863 3.0304914
5.2642765 1.272303 3.0307451
5.2594831 1.2811805 3.035792
5.2636466 1.273781 3.0315787
0 0 0
0 0 0
3.3323749 2.0786899 3.9727599
3.3316867 2.0783185 3.9710725
3.3323749 2.0786899 3.9727599
3.3329772 2.0789886 3.9741803
3.335284 2.0799638 3.9772293
3.3329772 2.0789886 3.9741803
3.3380093 2.079745 3.981326
3.3389947 2.0803434 3.9823913
3.3374391 2.0776692 3.9820873
3.3389947 2.0803434 3.9823913
3.337604 2.0771001 3.9794163
3.3369624 2.0780597 3.9782215
3.337604 2.0771001 3.9794163
3.3369624 2.0780597 3.9782215
3.336621 2.0777964 3.9773296
3.3360188 2.0765236 3.9755248
3.334993 2.0798983 3.9796924
3.3373759 2.082236 3.9792085
3.3347919 2.078032 3.9805336
3.3374569 2.0785418 3.9806488
3.3378413 2.0753957 3.9803889
3.3404983 2.0765705 3.9835219
3.3365999 2.0800286 3.9758129
3.3404983 2.0765705 3.9835219
3.3365999 2.0800286 3.9758129
3.3358615 2.0801302 3.9765075
3.3334323 2.076316 3.9781578
3.3347856 2.0798687 3.9779235
3.3354338 2.079077 3.9799385
3.3386383 2.0815353 3.9833679
3.3354338 2.079077 3.9799385
4.5795341 1.5267639 5.7227093
4.5805432 1.5271793 5.722378
4.5788553 1.5281824 5.7207899
4.5785231 1.5271791 5.7204591
4.5788553 1.5281824 5.7207899
4.5785231 1.5271791 5.7204591
4.5781572 1.5278725 5.7206829
4.5790697 1.5280588 5.7222185
4.5773916 1.5286591 5.7190738
4.5767636 1.5299127 5.7215114
4.5773916 1.5286591 5.7190738
4.5767636 1.5299127 5.7215114
4.5773609 1.5266358 5.7213486
4.5743611 1.5282687 5.7237814
4.5764772 1.5261223 5.7251446
4.5745665 1.5267175 5.7253066
4.5750388 1.527153 5.7259124
0 0 0
4.5163488 1.4994858 2.0156395
4.517878 1.5010436 2.0178185
4.5174035 1.5013391 2.0170156
4.517878 1.5010436 2.0178185
4.5184716 1.4974874 2.0195757
4.5205981 1.4982845 2.0161865
4.5207214 1.4983086 2.0193117
4.5197475 1.5004509 2.0177892
4.5207214 1.4983086 2.0193117
4.5197475 1.5004509 2.0177892
4.5169789 1.5017145 2.0189217
4.5210101 1.5002178 2.0180038
4.5169789 1.5017145 2.0189217
4.5210101 1.5002178 2.0180038
4.5189258 1.4999963 2.0191798
4.5204961 1.4995431 2.0207399
4.5221955 1.4950156 2.0174724
4.5216074 1.4970974 2.0160797
4.5221955 1.4950156 2.0174724
1.9039717 0.27714573 0.75233277
1.909352 0.27428913 0.74281895
1.9110279 0.27219885 0.73799432
1.9164603 0.27056903 0.73104753
1.9121967 0.2680855 0.73581663
1.9055176 0.27005687 0.74228691
1.9005433 0.27176604 0.74590101
1.9055176 0.27005687 0.74228691
1.9005433 0.27176604 0.74590101
5.4126128 1.4600373 5.3479525
5.4114741 1.4619505 5.3468334
5.4126128 1.4600373 5.3479525
5.4114741 1.4619505 5.3468334
5.4112944 1.4606823 5.3462617
5.4103068 1.4598098 5.3470251
5.4066191 1.4566768 5.3484054
5.4079857 1.4588406 5.3497193
5.409138 1.45886 5.3488213
5.4079857 1.4588406 5.3497193
5.409138 1.45886 5.3488213
5.4129312 1.4658763 5.3510961
5.4143265 1.4616039 5.3489688
5.4079213 1.4607213 5.3527178
5.4066927 1.461638 5.3522509
5.4079213 1.4607213 5.3527178
5.4066927 1.461638 5.3522509
5.4072009 1.4570949 5.3513701
5.4008167 1.4582168 5.3465581
5.4032903 1.4548171 5.3475801
4.5766405 1.0502144 5.4496163
4.5755027 1.0478085 5.4500843
4.5770547 1.0488668 5.449827
4.5777645 1.0490931 5.4505761
4.5783888 1.0487589 5.4524567
4.576887 1.0476682 5.4496596
4.5783888 1.0487589 5.4524567
4.576887 1.0476682 5.4496596
4.578125 1.0485326 5.4489443
4.5758713 1.0495207 5.449911
4.5774817 1.048747 5.4495344
4.5812942 1.0476292 5.4490448
4.5822082 1.0436743 5.4504066
4.5812942 1.0476292 5.4490448
0 0 0
4.813331 1.2739259 4.1825765
4.8139823 1.2793778 4.1805955
4.812911 1.2774844 4.180874
4.8138872 1.2769382 4.1842706
4.813176 1.2747109 4.182532
4.8129755 1.2752157 4.1861265
4.813176 1.2747109 4.182532
4.8148511 1.2742678 4.1822895
4.8161784 1.273794 4.1817076
4.8194097 1.2826597 4.1797575
4.8180303 1.2779601 4.1811822
5.2652093 1.2707655 3.0336967
0 0 0
3.3359131 2.0730781 3.9786278
3.33522 2.0781709 3.97727
3.3359131 2.0730781 3.9786278
3.3336949 2.077953 3.9753332
3.3317101 2.0774642 3.9727078
3.3336949 2.077953 3.9753332
3.3345774 2.0793781 3.9758483
3.3383495 2.0810255 3.9801291
3.3345774 2.0793781 3.9758483
3.3340605 2.0753709 3.9775104
3.3375803 2.0839408 3.9829023
3.3352413 2.0815 3.9802796
3.3371396 2.080387 3.9798127
3.3359743 2.0787792 3.9782237
3.3363031 2.0769977 3.9782548
3.340226 2.0798258 3.9811786
3.3363031 2.0769977 3.9782548
3.340226 2.0798258 3.9811786
3.3383436 2.0778964 3.978936
3.3367538 2.0783453 3.9795902
3.3354318 2.0798761 3.9784462
3.3336068 2.0793344 3.9786296
3.3331694 2.0812511 3.976479
3.3336068 2.0793344 3.9786296
3.3331694 2.0812511 3.976479
3.3386093 2.0767616 3.9812555
3.3404869 2.0773107 3.9812655
3.3408234 2.0758436 3.9828256
3.3351826 2.0779411 3.9810466
3.3367416 2.0772295 3.9788696
3.3351708 2.0804584 3.9787547
3.3367416 2.0772295 3.9788696
3.3351708 2.0804584 3.9787547
3.3355331 2.0802852 3.9787797
3.3410133 2.077952 3.98206
4.578659 1.5279012 5.7215838
4.5794497 1.5280268 5.7243245
4.578659 1.5279012 5.7215838
4.5777947 1.528243 5.7197391
4.578697 1.5259702 5.7217955
4.5809957 1.5287333 5.7190643
4.5784945 1.5301918 5.7231628
4.5785087 1.5302021 5.7200428
4.5773303 1.528734 5.722726
4.5766833 1.5262313 5.7238104
4.5773303 1.528734 5.722726
4.5766833 1.5262313 5.7238104
4.5735442 1.5293979 5.7241062
4.5776702 1.5286494 5.7246202
4.5743356 1.5284872 5.7247537
4.5776702 1.5286494 5.7246202
4.5705899 1.5324761 5.7172665
4.5199375 1.5006683 2.0168069
4.5170214 1.5014424 2.0178479
4.5184084 1.4976099 2.0167335
4.5204069 1.497809 2.0156979
4.5184084 1.4976099 2.0167335
4.5204069 1.497809 2.0156979
4.5184124 1.4968159 2.0189775
4.5179613 1.5000538 2.0172132
4.5183679 1.4999069 2.0167547
4.5179613 1.5000538 2.0172132
4.5161164 1.4995214 2.0202637
4.5211503 1.499303 2.0196621
4.5161164 1.4995214 2.0202637
4.5211503 1.499303 2.0196621
4.5201022 1.5002025 2.0202345
4.5159472 1.4998299 2.0196963
4.5181302 1.5003491 2.0200915
4.5245163 1.5015933 2.019247
4.5227684 1.4998807 2.0196886
1.9132088 0.27330457 0.74082319
1.9196282 0.27082003 0.72637582
1.9132393 0.26938855 0.73890366
1.9196282 0.27082003 0.72637582
1.9122043 0.26823819 0.7344149
1.905056 0.26845981 0.74099876
1.9219966 0.26896197 0.72177724
1.905056 0.26845981 0.74099876
5.4103367 1.4591944 5.3513941
5.4118471 1.4606238 5.3533027
5.4103367 1.4591944 5.3513941
5.4109042 1.4605448 5.347868
5.4114449 1.4587969 5.3472933
5.411716 1.4605697 5.3451167
5.4114449 1.4587969 5.3472933
5.4069502 1.4588055 5.3481538
5.4072324 1.4597195 5.3494073
5.4078514 1.4602058 5.3494576
5.4072324 1.4597195 5.3494073
5.4078514 1.4602058 5.3494576
5.4102083 1.4606458 5.3517542
5.4108834 1.4602455 5.3487646
5.4060143 1.4566558 5.3522313
5.4108834 1.4602455 5.3487646
5.4121003 1.4568742 5.3513507
5.4120841 1.4607944 5.3508755
5.4121003 1.4568742 5.3513507
5.4120841 1.4607944 5.3508755
5.4050252 1.46398 5.3427355
4.5782227 1.0559764 5.4515158
4.5784519 1.0477008 5.4503967
4.577075 1.0479328 5.4529681
4.5768501 1.047878 5.4524217
4.5758737 1.0472613 5.4540435
4.5768501 1.047878 5.4524217
4.5758737 1.0472613 5.4540435
4.5746147 1.0471591 5.4526109
4.5774649 1.0470986 5.4511995
4.5782019 1.0502643 5.4508031
4.5799842 1.0463343 5.4501122
4.5810102 1.0473765 5.4500003
4.5799842 1.0463343 5.4501122
4.8106134 1.2736731 4.1797577
4.8153148 1.2745799 4.1819357
4.812431 1.2740215 4.1830039
4.8120823 1.2747164 4.1833318
4.8122104 1.2765082 4.1820702
4.8126272 1.2769935 4.1849711
4.8134589 1.2728337 4.1813686
4.8143682 1.2725414 4.18153
4.8157982 1.2738597 4.1813356
4.8098579 1.275207 4.1844938
4.8100849 1.275439 4.1822793
4.8098579 1.275207 4.1844938
4.8100849 1.275439 4.1822793
4.8099767 1.2729155 4.1828476
3.3325682 2.0795534 3.9807015
3.335953 2.0772653 3.9754942
3.3377361 2.0766444 3.9797034
3.3375517 2.0740645 3.9808691
3.3342865 2.0799954 3.976424
3.341834 2.0774109 3.9821008
3.3400064 2.0777284 3.9819344
3.3369687 2.0788277 3.9791187
3.3361123 2.0773196 3.9798514
3.3369687 2.0788277 3.9791187
3.3361123 2.0773196 3.9798514
3.3354701 2.0788306 3.9777949
3.3370941 2.0772986 3.9797499
3.3381071 2.0777272 3.979423
3.3347843 2.0787436 3.9783764
3.3369624 2.0780597 3.9782215
3.3347843 2.0787436 3.9783764
3.3369624 2.0780597 3.9782215
3.3352015 2.0800926 3.9776044
3.3375655 2.0771769 3.9777633
3.3355326 2.0779983 3.9784153
3.3358582 2.0783126 3.9786891
3.3356711 2.079859 3.980692
3.3335192 2.0822631 3.9772725
3.3341383 2.0796805 3.9762051
3.3404983 2.0765705 3.9835219
3.3365896 2.0771372 3.9778943
3.3404983 2.0765705 3.9835219
3.3365896 2.0771372 3.9778943
3.3359171 2.079034 3.9799132
3.3365477 2.0796241 3.9803428
3.3347856 2.0798687 3.9779235
3.3367344 2.0753227 3.9789882
3.3359537 2.0794118 3.9793368
3.3352917 2.0792982 3.9789698
3.3371754 2.0779415 3.9791357
3.3352917 2.0792982 3.9789698
0 0 0
4.5785231 1.5271791 5.7204591
4.5772847 1.5262602 5.7219496
4.5785231 1.5271791 5.7204591
4.5781572 1.5278725 5.7206829
4.5764438 1.5300424 5.7206082
4.5773916 1.5286591 5.7190738
4.5767636 1.5299127 5.7215114
4.5773916 1.5286591 5.7190738
4.5767636 1.5299127 5.7215114
4.5773609 1.5266358 5.7213486
4.5743611 1.5282687 5.7237814
4.5764772 1.5261223 5.7251446
4.5743611 1.5282687 5.7237814
4.5764772 1.5261223 5.7251446
4.5682115 1.5339066 5.7179496
4.5157237 1.4989297 2.017479
4.5119507 1.4968432 2.0167933
4.5157237 1.4989297 2.017479
4.517878 1.5010436 2.0178185
4.5184716 1.4974874 2.0195757
4.5205981 1.4982845 2.0161865
4.5207214 1.4983086 2.0193117
4.5166914 1.4996266 2.0184877
4.5183554 1.4991413 2.016248
4.5166914 1.4996266 2.0184877
4.5183554 1.4991413 2.016248
4.5204807 1.5005725 2.0172954
4.518608 1.5007423 2.0197374
4.5208698 1.5017005 2.0199215
4.5182469 1.5010718 2.0202204
4.5151641 1.5011491 2.0176318
4.5180975 1.499764 2.0202783
4.5216962 1.4995142 2.0187478
4.5219538 1.5011048 2.0167418
4.5144876 1.5076134 2.0136551
1.9072385 0.26927501 0.73676143
1.9153105 0.26870317 0.72986547
1.9218747 0.27053988 0.72534112
1.9182436 0.2703702 0.73208412
1.9276638 0.27333727 0.71942298
1.9096951 0.27130324 0.73604444
5.411822 1.4593292 5.3505064
5.4128562 1.4565645 5.3477561
5.411822 1.4593292 5.3505064
5.4103431 1.4584907 5.3504506
5.4102707 1.454782 5.3470693
5.4087296 1.4585765 5.3455801
5.4102707 1.454782 5.3470693
5.4082778 1.4556426 5.3481108
5.4059142 1.4581213 5.3502331
5.4079857 1.4588406 5.3497193
5.409138 1.45886 5.3488213
5.4079857 1.4588406 5.3497193
5.409138 1.45886 5.3488213
5.4108418 1.4601285 5.3529018
5.4097388 1.460158 5.3519882
5.4069336 1.4566382 5.3518815
5.4097388 1.460158 5.3519882
5.4127509 1.4590085 5.3503522
5.4115266 1.4623533 5.3507516
5.4127509 1.4590085 5.3503522
5.4115266 1.4623533 5.3507516
5.4082858 1.4566341 5.3485811
5.4083902 1.4597795 5.3477893
4.5755027 1.0478085 5.4500843
4.5770547 1.0488668 5.449827
4.5777645 1.0490931 5.4505761
4.5770547 1.0488668 5.449827
4.5777645 1.0490931 5.4505761
4.5769382 1.0468604 5.4506243
4.5838901 1.0435486 5.444887
4.5774026 1.0468437 5.4503482
4.5758713 1.0495207 5.449911
0 0 0
4.8127033 1.2750269 4.1816799
4.8136569 1.2751 4.1820983
4.8127033 1.2750269 4.1816799
4.8136569 1.2751 4.1820983
4.813331 1.2739259 4.1825765
4.8130793 1.2749822 4.1830269
4.8156697 1.2764892 4.1834255
4.8146478 1.2765951 4.1840136
4.8156697 1.2764892 4.1834255
4.8147152 1.2729503 4.1846095
4.8124958 1.2744984 4.1833722
4.808566 1.2753811 4.1836655
4.8104833 1.2766591 4.1819104
4.808566 1.2753811 4.1836655
4.8104833 1.2766591 4.1819104
4.8069951 1.2724743 4.1829393
3.3310098 2.0773654 3.9808128
3.3332516 2.0796079 3.9788487
3.3358351 2.0783917 3.9809805
3.3364017 2.0760354 3.9806916
3.3408504 2.0757628 3.9837606
3.340769 2.075374 3.982618
3.3378055 2.0745163 3.9821445
3.3345774 2.0793781 3.9758483
3.3352514 2.0757803 3.9791835
3.3345774 2.0793781 3.9758483
3.3352514 2.0757803 3.9791835
3.3384824 2.0785486 3.9789548
3.3352413 2.0815 3.9802796
3.3371396 2.080387 3.9798127
3.3354446 2.0792762 3.9788368
3.3360915 2.079639 3.9763435
3.3354446 2.0792762 3.9788368
3.3360915 2.079639 3.9763435
3.3358074 2.0784557 3.977918
3.335795 2.0773773 3.9785566
3.3362467 2.0768295 3.978562
3.3382612 2.0765499 3.9767347
3.3375033 2.0796798 3.9794758
3.3331694 2.0812511 3.976479
3.3375033 2.0796798 3.9794758
3.3331694 2.0812511 3.976479
3.3362361 2.0767991 3.9768074
3.3347664 2.0767268 3.9772835
3.3362361 2.0767991 3.9768074
3.3347664 2.0767268 3.9772835
3.3367416 2.0772295 3.9788696
3.3371414 2.075457 3.980872
3.3367416 2.0772295 3.9788696
3.3333687 2.0790744 3.9781707
3.3336722 2.0776465 3.9777203
3.335144 2.0763417 3.9792376
3.3339127 2.0752949 3.9802104
0 0 0
3.7758788 1.0422508 2.2904646
3.7781847 1.0425477 2.2877048
4.578697 1.5259702 5.7217955
4.5766866 1.5303219 5.7135603
4.5764287 1.5263159 5.7169846
4.5766866 1.5303219 5.7135603
4.5760006 1.5276342 5.7207283
4.5762836 1.5265333 5.7178346
4.5760006 1.5276342 5.7207283
4.5744802 1.5267722 5.7241664
4.5766744 1.5280667 5.7234948
4.5744802 1.5267722 5.7241664
4.5766744 1.5280667 5.7234948
4.5766385 1.5254456 5.7260862
4.5705899 1.5324761 5.7172665
0 0 0
4.5170214 1.5014424 2.0178479
4.5196379 1.5002156 2.01636
4.5170214 1.5014424 2.0178479
4.5196379 1.5002156 2.01636
4.5180007 1.4951203 2.0168339
4.5176456 1.4969472 2.0177267
4.5172116 1.4995845 2.0183792
4.5180137 1.499661 2.0164032
4.5192823 1.5002814 2.0180798
4.5180137 1.499661 2.0164032
4.5192823 1.5002814 2.0180798
4.5148642 1.5024215 2.0210644
4.5159472 1.4998299 2.0196963
4.5181302 1.5003491 2.0200915
4.5159472 1.4998299 2.0196963
4.5181302 1.5003491 2.0200915
4.5177154 1.4994218 2.0163361
4.5184924 1.5049307 2.0212214
4.5124435 1.5081184 2.016376
1.9108151 0.27042428 0.73355469
1.9197006 0.26777434 0.72761798
1.9196282 0.27082003 0.72637582
1.8979344 0.27270184 0.74968965
1.9044466 0.27241748 0.74460869
5.4115793 1.4558675 5.3499392
5.4119124 1.45914 5.3468462
5.4115793 1.4558675 5.3499392
5.409988 1.4573236 5.3531223
5.4082973 1.4588805 5.3456659
5.4103607 1.456656 5.3469844
5.4095357 1.45656 5.3503779
5.4103607 1.456656 5.3469844
5.4084779 1.4580908 5.3492421
5.4069502 1.4588055 5.3481538
5.4072324 1.4597195 5.3494073
5.4078514 1.4602058 5.3494576
5.4072324 1.4597195 5.3494073
5.4078514 1.4602058 5.3494576
5.4102083 1.4606458 5.3517542
5.4119467 1.4611241 5.3534357
5.4096589 1.4555959 5.3492075
5.4106331 1.4559271 5.3509132
5.4114948 1.4596701 5.3495994
5.4120841 1.4607944 5.3508755
5.4114948 1.4596701 5.3495994
5.4120841 1.4607944 5.3508755
5.4108002 1.4680291 5.3510818
5.4051826 1.4530887 5.3522984
5.4051826 1.4530887 5.3522984
4.802101 1.2718888 4.1777996
4.8035883 1.270574 4.1774162
4.802101 1.2718888 4.1777996
4.8035883 1.270574 4.1774162
4.8109894 1.2763111 4.1798943
4.8111746 1.27812 4.1883801
4.8114869 1.2745851 4.1803513
4.8111746 1.27812 4.1883801
4.8081613 1.2709407 4.177571
4.8106134 1.2736731 4.1797577
4.8115956 1.273071 4.1816491
4.8106134 1.2736731 4.1797577
4.8115956 1.273071 4.1816491
4.812431 1.2740215 4.1830039
4.8120823 1.2747164 4.1833318
4.8131246 1.2782785 4.1828506
4.8135278 1.2812872 4.1856649
4.815654 1.2732578 4.1803762
4.8121463 1.2728142 4.1802241
4.8118761 1.2751137 4.1825524
4.8090171 1.2745361 4.183376
4.8100849 1.275439 4.1822793
4.8090171 1.2745361 4.183376
4.8100849 1.275439 4.1822793
4.8099767 1.2729155 4.1828476
3.3325682 2.0795534 3.9807015
3.339238 2.0762243 3.9784737
3.3387187 2.0774638 3.9788264
3.339238 2.0762243 3.9784737
3.3378051 2.0765624 3.9824131
3.341834 2.0774109 3.9821008
3.3400064 2.0777284 3.9819344
3.3369687 2.0788277 3.9791187
3.3361123 2.0773196 3.9798514
3.3369687 2.0788277 3.9791187
3.3361123 2.0773196 3.9798514
3.3393933 2.0804463 3.9813899
3.3370941 2.0772986 3.9797499
3.3381071 2.0777272 3.979423
3.3347843 2.0787436 3.9783764
3.3371171 2.0779302 3.9787156
3.3347843 2.0787436 3.9783764
3.3371171 2.0779302 3.9787156
3.3351457 2.0771262 3.9791056
3.3352475 2.0765003 3.9803672
3.3405117 2.0768627 3.9753782
3.3389426 2.0771899 3.9767365
3.3402686 2.078811 3.9796534
3.3374106 2.0807656 3.9795597
3.3356543 2.0794907 3.976964
3.3374106 2.0807656 3.9795597
3.3343708 2.0753173 3.9776858
3.3333071 2.0776614 3.9754181
3.3343708 2.0753173 3.9776858
3.3353846 2.0753374 3.9780041
3.3385328 2.0775903 3.9806635
3.3374163 2.0779538 3.9815728
3.3367344 2.0753227 3.9789882
3.3335244 2.0785347 3.9773505
3.3328348 2.0748488 3.9778984
3.3345893 2.0747117 3.9801634
3.3336418 2.0760225 3.9812189
3.7769845 1.0430025 2.2887725
3.7744062 1.0424543 2.2924101
3.7833221 1.0422066 2.2839518
3.7798815 1.0424802 2.2868906
0 0 0
0 0 0
4.5777333 1.524824 5.7172665
4.5777333 1.524824 5.7172665
0 0 0
0 0 0
4.5788734 1.5218896 5.7221167
4.5787942 1.5182493 5.7213803
4.578275 1.528195 5.7235996
4.5782467 1.5251233 5.723613
4.578275 1.528195 5.7235996
4.582472 1.5285767 5.7283268
0 0 0
4.5119507 1.4968432 2.0167933
4.5172364 1.4996368 2.0147798
4.5182434 1.4984513 2.0166322
4.5186156 1.4977909 2.0162131
4.5163522 1.4978659 2.0197896
4.5176961 1.4972856 2.0199777
4.5166914 1.4996266 2.0184877
4.5183554 1.4991413 2.016248
4.5166914 1.4996266 2.0184877
4.5183554 1.4991413 2.016248
4.5192717 1.5007656 2.0187028
4.5191898 1.5017561 2.0183973
4.5205073 1.5013947 2.0171234
4.5151578 1.5046162 2.0211271
4.5181146 1.4983949 2.0156874
4.5167935 1.497689 2.0181206
4.5181146 1.4983949 2.0156874
4.5176239 1.4975777 2.0168816
4.5144876 1.5076134 2.0136551
0 0 0
1.9153105 0.26870317 0.72986547
1.9218747 0.27053988 0.72534112
1.9048163 0.27022434 0.73813874
5.4067983 1.4598591 5.3496245
5.4122567 1.4567888 5.3489675
5.4113717 1.4577599 5.3487894
5.4094433 1.4577255 5.3464276
5.4089851 1.4584367 5.3458106
5.4094433 1.4577255 5.3464276
5.4089851 1.4584367 5.3458106
5.409809 1.4588033 5.3477673
5.4102707 1.454782 5.3470693
5.4098826 1.4581888 5.3506709
5.4059142 1.4581213 5.3502331
5.4059292 1.4586362 5.3516667
5.4059142 1.4581213 5.3502331
5.4059292 1.4586362 5.3516667
5.4066985 1.4596875 5.3513193
5.4108418 1.4601285 5.3529018
5.412865 1.4602571 5.3534165
5.412299 1.4582902 5.3499776
5.4129404 1.4586203 5.3517915
0 0 0
5.7731063 1.4804577 4.4655411
5.772889 1.4814856 4.4653581
5.7731063 1.4804577 4.4655411
5.7733421 1.4789969 4.4631547
5.7792785 1.4713543 4.4659785
5.7705915 1.4813704 4.4694967
4.8105811 1.2851308 4.1860405
4.8122015 1.2789427 4.1805986
4.8123218 1.2805664 4.1817998
4.8122015 1.2789427 4.1805986
4.8125451 1.271608 4.1817884
4.810946 1.2746759 4.1808924
4.8125451 1.271608 4.1817884
4.810946 1.2746759 4.1808924
4.8087802 1.2758272 4.1844679
4.8122808 1.2724064 4.1810494
4.809968 1.2719506 4.183113
4.8122808 1.2724064 4.1810494
4.809968 1.2719506 4.183113
4.8106074 1.2720392 4.1846932
4.8116524 1.2750284 4.1853295
4.8129965 1.2783865 4.1860493
4.8157617 1.2746321 4.1822046
4.8177204 1.2732686 4.1802516
4.8157617 1.2746321 4.1822046
4.8138879 1.2745702 4.1815356
4.8102624 1.2747469 4.1850716
4.8120229 1.2763321 4.1869409
4.8102624 1.2747469 4.1850716
4.8120229 1.2763321 4.1869409
4.8109555 1.2780306 4.1858881
3.3329963 2.0824486 3.9852102
3.3352654 2.0794137 3.9784427
3.3369241 2.0796655 3.9792657
3.3352654 2.0794137 3.9784427
3.3369241 2.0796655 3.9792657
3.3360185 2.0812485 3.9789681
3.3378055 2.0745163 3.9821445
3.3360772 2.076696 3.9796119
3.3352514 2.0757803 3.9791835
3.3360772 2.076696 3.9796119
3.3352514 2.0757803 3.9791835
3.3396305 2.0797191 3.9794765
3.3363328 2.0798225 3.9802465
3.3373407 2.0790424 3.9791785
3.3354446 2.0792762 3.9788368
3.3360915 2.079639 3.9763435
3.3354446 2.0792762 3.9788368
3.3360915 2.079639 3.9763435
3.3349602 2.0788281 3.9760564
3.3356761 2.079012 3.9794628
3.3375109 2.0781149 3.9812887
3.3382612 2.0765499 3.9767347
3.3375033 2.0796798 3.9794758
3.3334733 2.0806423 3.9771004
3.3375033 2.0796798 3.9794758
3.3329877 2.0782214 3.9744768
3.3362361 2.0767991 3.9768074
3.3347664 2.0767268 3.9772835
3.3362361 2.0767991 3.9768074
3.3347664 2.0767268 3.9772835
3.3370335 2.0778702 3.9789799
3.3371414 2.075457 3.980872
3.3381209 2.0743703 3.9826036
3.3338502 2.077053 3.977447
3.3336722 2.0776465 3.9777203
3.335144 2.0763417 3.9792376
3.3339127 2.0752949 3.9802104
3.778608 1.0436132 2.2857151
3.7758788 1.0422508 2.2904646
3.7781847 1.0425477 2.2877048
3.7798272 1.0427959 2.2867916
3.7824525 1.0414587 2.2836936
3.7802326 1.0378561 2.2851982
3.7801855 1.0427286 2.2900365
3.7799359 1.0436102 2.2866033
3.7801855 1.0427286 2.2900365
3.7799359 1.0436102 2.2866033
3.7817369 1.0438751 2.2895865
3.7824877 1.0483018 2.2864308
3.7836528 1.047997 2.2859397
3.7824877 1.0483018 2.2864308
3.7783507 1.0411631 2.2861445
0 0 0
4.5201803 1.49938 2.0140756
4.5204218 1.5000603 2.0127465
4.5196379 1.5002156 2.01636
4.5184738 1.4987871 2.0142954
4.5196379 1.5002156 2.01636
4.5217627 1.5003276 2.0161758
4.5176456 1.4969472 2.0177267
4.5172116 1.4995845 2.0183792
4.5180137 1.499661 2.0164032
4.5186052 1.501409 2.0194874
4.5180137 1.499661 2.0164032
4.5186052 1.501409 2.0194874
4.5178338 1.5020261 2.0183274
4.5180845 1.5000855 2.0191027
4.5170976 1.5003077 2.0175269
4.5186888 1.4983833 2.0157987
4.5181111 1.4996307 2.0149558
4.5186888 1.4983833 2.0157987
4.5195661 1.5004963 2.0202926
4.5198323 1.4958828 2.0211024
1.9108151 0.27042428 0.73355469
1.9155434 0.2681266 0.73001033
1.9172122 0.26937645 0.73147297
1.8979344 0.27270184 0.74968965
5.4124032 1.4580268 5.3474354
5.4128246 1.4568236 5.3474565
5.4098736 1.4570985 5.348928
5.4128246 1.4568236 5.3474565
5.4098736 1.4570985 5.348928
5.4095328 1.4585402 5.3470947
5.4082064 1.459373 5.3481678
5.4092885 1.4612948 5.34952
5.4105849 1.4545499 5.3482146
5.4116514 1.4570905 5.3532841
5.4097551 1.4578887 5.3517847
5.4163342 1.4568017 5.3499394
5.4097551 1.4578887 5.3517847
5.4163342 1.4568017 5.3499394
5.4069767 1.45748 5.3514078
5.4120279 1.4582556 5.3495619
5.4142594 1.4586435 5.3485862
5.4138222 1.4601451 5.3476656
0 0 0
0 0 0
5.7717466 1.4800526 4.4642126
5.7724397 1.4773076 4.4666568
5.7716301 1.4780091 4.4682577
5.7722953 1.4751093 4.4625396
5.7727241 1.4739653 4.4627669
5.7703662 1.4822305 4.4693909
4.8139406 1.2779849 4.1829955
4.8128332 1.2777597 4.1816635
4.8139406 1.2779849 4.1829955
4.8128332 1.2777597 4.1816635
4.8141028 1.2766258 4.1818639
4.8105168 1.2766809 4.1834452
4.8111443 1.2778756 4.1829507
4.8115572 1.2777561 4.1825756
4.8111443 1.2778756 4.1829507
4.8115572 1.2777561 4.1825756
4.8086375 1.2727801 4.1833853
4.8125637 1.2739252 4.180241
4.8131935 1.2717848 4.1789783
4.8125637 1.2739252 4.180241
4.8131935 1.2717848 4.1789783
4.8144055 1.2809021 4.1851109
4.8114999 1.2743831 4.1804718
4.8125517 1.2717809 4.1801901
4.8100494 1.2731842 4.1820311
4.811432 1.2734563 4.1829005
4.8090171 1.2745361 4.183376
4.811432 1.2734563 4.1829005
4.8090171 1.2745361 4.183376
4.8119139 1.2757479 4.1839884
4.8133764 1.2756012 4.1831073
3.3319139 2.0816722 3.9771511
3.331985 2.0832666 3.9791971
3.3332059 2.0826891 3.9802117
3.331985 2.0832666 3.9791971
3.3332059 2.0826891 3.9802117
3.333178 2.0813265 3.9775894
3.3320652 2.0792245 3.9771838
3.3338431 2.0806368 3.9779071
3.3320652 2.0792245 3.9771838
3.3338431 2.0806368 3.9779071
3.3366035 2.078084 3.9802767
3.3355953 2.0797672 3.9769546
3.3342789 2.0794728 3.9779122
3.3355953 2.0797672 3.9769546
3.3350465 2.0782603 3.9792835
3.3371171 2.0779302 3.9787156
3.3351457 2.0771262 3.9791056
3.3371171 2.0779302 3.9787156
3.3351457 2.0771262 3.9791056
3.3352475 2.0765003 3.9803672
3.3405117 2.0768627 3.9753782
3.3389426 2.0771899 3.9767365
3.3402686 2.078811 3.9796534
3.3374106 2.0807656 3.9795597
3.3356543 2.0794907 3.976964
3.3374106 2.0807656 3.9795597
3.3343708 2.0753173 3.9776858
3.3333071 2.0776614 3.9754181
3.3343708 2.0753173 3.9776858
3.3368611 2.0738021 3.9771255
3.3378081 2.0767698 3.9779497
3.3368673 2.0772668 3.9794322
3.3377938 2.0748749 3.9805447
3.3363156 2.0737488 3.9799433
3.3328348 2.0748488 3.9778984
3.3345893 2.0747117 3.9801634
3.3336418 2.0760225 3.9812189
3.7778626 1.0457317 2.2869739
3.7773776 1.0442161 2.2884006
3.7790466 1.0449751 2.2876076
3.7811836 1.0458496 2.2871588
3.7835964 1.0428038 2.2849567
3.7764676 1.0397976 2.2870567
3.7754511 1.0394055 2.2894379
3.776498 1.0404345 2.2870704
3.7754511 1.0394055 2.2894379
3.776498 1.0404345 2.2870704
3.7778642 1.0416815 2.2908785
3.7747703 1.0423743 2.2859255
3.7753749 1.0427904 2.2879669
3.7747703 1.0423743 2.2859255
3.7783182 1.0400185 2.285894
3.7754354 1.0436747 2.28937
4.516153 1.4953693 2.0151269
4.5185188 1.4973342 2.0150624
4.516153 1.4953693 2.0151269
4.5152244 1.4945151 2.016821
4.5186156 1.4977909 2.0162131
4.5200533 1.5016684 2.0170616
4.5198048 1.5013264 2.0186361
4.5159891 1.5007844 2.0208533
4.5167875 1.4995942 2.0204385
4.5197152 1.5015004 2.020154
4.51762 1.500808 2.0183235
4.5197152 1.5015004 2.020154
4.51762 1.500808 2.0183235
4.5161655 1.4998168 2.0202201
4.5178399 1.4989763 2.0206938
4.5188846 1.4992686 2.0231819
4.5199582 1.5006573 2.0142673
4.5193737 1.4992963 2.0159359
4.5178685 1.4990988 2.0186579
4.5160205 1.4951404 2.0208049
1.9205338 0.27014615 0.72270095
1.9173621 0.26886386 0.72601012
1.9075032 0.26884855 0.7421963
5.4081706 1.4567843 5.3505245
5.4088706 1.4583189 5.3494672
5.4125462 1.4568825 5.3479498
5.4113717 1.4577599 5.3487894
5.4125462 1.4568825 5.3479498
5.4089851 1.4584367 5.3458106
5.4094433 1.4577255 5.3464276
5.4089851 1.4584367 5.3458106
5.409809 1.4588033 5.3477673
5.410141 1.4540817 5.3489872
5.4148071 1.4579036 5.3510894
5.4121358 1.4597963 5.3445425
5.4150738 1.4596428 5.3475728
5.4145275 1.4564638 5.3475339
5.4150738 1.4596428 5.3475728
5.4145275 1.4564638 5.3475339
5.4099125 1.4572029 5.3509001
5.4099932 1.4573004 5.3485416
5.7728514 1.4825208 4.4659367
5.7720358 1.4841004 4.4653233
5.7728514 1.4825208 4.4659367
5.7744897 1.4806684 4.463534
5.7755259 1.4775787 4.4654597
5.7715654 1.4740659 4.4644187
5.7733848 1.4755053 4.4636579
5.7745573 1.4762893 4.4648454
5.7764557 1.4795561 4.4673356
0 0 0
4.8122015 1.2789427 4.1805986
4.8123218 1.2805664 4.1817998
4.8122015 1.2789427 4.1805986
4.8125451 1.271608 4.1817884
4.8143934 1.2759888 4.1815471
4.8163386 1.2763118 4.1807765
4.816301 1.2745563 4.1815908
4.8163386 1.2763118 4.1807765
4.816301 1.2745563 4.1815908
4.8181427 1.2739183 4.1814837
4.8150627 1.2751626 4.1784589
4.8177949 1.275621 4.1781213
4.8150627 1.2751626 4.1784589
4.8137142 1.2739009 4.1793761
4.8123441 1.2747343 4.1799073
4.8157617 1.2746321 4.1822046
4.8177204 1.2732686 4.1802516
4.8129991 1.2746755 4.1818725
4.8138879 1.2745702 4.1815356
4.8102624 1.2747469 4.1850716
4.8120229 1.2763321 4.1869409
4.8102624 1.2747469 4.1850716
4.8120229 1.2763321 4.1869409
4.8132869 1.2694572 4.1813234
0 0 0
3.3337962 2.0832099 3.9802347
3.3335708 2.0821393 3.9799294
3.3337962 2.0832099 3.9802347
3.3335708 2.0821393 3.9799294
3.3336566 2.0802321 3.9775166
3.3331619 2.0774637 3.979295
3.3335735 2.0782142 3.9770621
3.3359138 2.0779307 3.9793541
3.3335735 2.0782142 3.9770621
3.3359138 2.0779307 3.9793541
3.3396305 2.0797191 3.9794765
3.3381275 2.0801424 3.9804731
3.3396305 2.0797191 3.9794765
3.3345807 2.0793383 3.9782502
3.3364531 2.0781464 3.9769807
3.3349602 2.0788281 3.9760564
3.3364531 2.0781464 3.9769807
3.3349602 2.0788281 3.9760564
3.3356761 2.079012 3.9794628
3.3375109 2.0781149 3.9812887
3.3378377 2.0780408 3.9817654
3.3309691 2.0790483 3.9792124
3.3332263 2.078709 3.9806881
3.330772 2.0788821 3.9780418
3.3353868 2.0822563 3.9768977
3.337031 2.0736246 3.975598
3.3360563 2.0736112 3.9766262
3.3365963 2.0775161 3.9777674
3.3360563 2.0736112 3.9766262
3.3365963 2.0775161 3.9777674
3.3370883 2.0790532 3.9835745
3.3373915 2.079172 3.983883
3.3386203 2.0787792 3.9836998
3.3339374 2.0741251 3.9822479
3.3366105 2.0739793 3.98446
3.3382708 2.0751871 3.9873073
3.7767615 1.0444723 2.2877015
3.7823654 1.0444051 2.2850264
3.7821142 1.0462004 2.2857272
3.7824104 1.0484989 2.2863459
3.7783093 1.0375702 2.284443
3.7770962 1.0397125 2.2867436
3.7771684 1.0418708 2.2890576
3.7770962 1.0397125 2.2867436
3.7771684 1.0418708 2.2890576
3.7760141 1.0421611 2.2901538
3.7791877 1.0435594 2.2912135
3.7767015 1.045079 2.2849719
3.7776832 1.0431965 2.2895553
3.7759895 1.0432485 2.2883647
3.7783507 1.0411631 2.2861445
3.7781401 1.04183 2.2867798
5.2632633 1.9168196 1.4574313
5.2583758 1.9201307 1.4526663
5.2632633 1.9168196 1.4574313
5.2571576 1.9213435 1.4509668
4.5182784 1.5004183 2.0165387
4.5217627 1.5003276 2.0161758
4.5203274 1.4998162 2.017175
4.5176962 1.4971453 2.0117104
4.5156977 1.5017734 2.0189344
4.5186052 1.501409 2.0194874
4.51698 1.5014386 2.0191112
4.5186052 1.501409 2.0194874
4.51698 1.5014386 2.0191112
4.5158979 1.499787 2.0221052
4.5175932 1.499116 2.0212267
4.5192932 1.4995161 2.0214666
4.5207816 1.4999873 2.01916
4.5181914 1.5003455 2.0140981
4.5182234 1.5007794 2.0162818
4.5181914 1.5003455 2.0140981
1.9184771 0.27077905 0.7258393
1.9226379 0.26721816 0.72164155
5.4083976 1.4566148 5.3498864
5.4074477 1.4535324 5.3499272
5.4089033 1.4562442 5.35052
5.4128246 1.4568236 5.3474565
5.4098736 1.4570985 5.348928
5.4128246 1.4568236 5.3474565
5.4098736 1.4570985 5.348928
5.4095328 1.4585402 5.3470947
5.4082064 1.459373 5.3481678
5.4092885 1.4612948 5.34952
5.4094729 1.4593017 5.3448798
5.4089742 1.4582915 5.3441332
5.4091705 1.4585388 5.3457681
5.4119017 1.4575205 5.3502021
5.4091705 1.4585388 5.3457681
5.4119017 1.4575205 5.3502021
5.412853 1.4551358 5.349875
5.4102546 1.4558479 5.3512429
5.7754241 1.4761721 4.4679628
5.7749326 1.4737896 4.467659
5.7717466 1.4800526 4.4642126
5.7724397 1.4773076 4.4666568
5.7717466 1.4800526 4.4642126
5.7724397 1.4773076 4.4666568
5.7716301 1.4780091 4.4682577
5.7776068 1.4750859 4.4639598
5.7781892 1.4757313 4.464485
5.7785303 1.4784838 4.4659946
4.8139406 1.2779849 4.1829955
4.8128332 1.2777597 4.1816635
4.8139406 1.2779849 4.1829955
4.8128332 1.2777597 4.1816635
4.8141028 1.2766258 4.1818639
4.8105168 1.2766809 4.1834452
4.819141 1.2779053 4.1798528
4.8175817 1.2757499 4.1808282
4.819141 1.2779053 4.1798528
4.8175817 1.2757499 4.1808282
4.8175496 1.2757021 4.1777694
4.8156797 1.2759754 4.1781315
4.8129294 1.2771406 4.1805809
4.8144843 1.2748174 4.1819286
4.8129294 1.2771406 4.1805809
4.8144843 1.2748174 4.1819286
4.8130543 1.2738348 4.1814298
4.8125517 1.2717809 4.1801901
4.8100494 1.2731842 4.1820311
4.811432 1.2734563 4.1829005
4.8100494 1.2731842 4.1820311
4.811432 1.2734563 4.1829005
4.8093687 1.2741209 4.1840746
4.8148216 1.2724774 4.1820616
4.8142076 1.2717039 4.182042
4.8135565 1.270116 4.1850272
3.331985 2.0832666 3.9791971
3.3332059 2.0826891 3.9802117
3.331985 2.0832666 3.9791971
3.3332059 2.0826891 3.9802117
3.3339467 2.0797784 3.9775921
3.3320652 2.0792245 3.9771838
3.3338431 2.0806368 3.9779071
3.3320652 2.0792245 3.9771838
3.3338431 2.0806368 3.9779071
3.3342789 2.0794728 3.9779122
3.3355953 2.0797672 3.9769546
3.3342789 2.0794728 3.9779122
3.3382854 2.078064 3.9808364
3.3372102 2.0804817 3.9812242
3.3363294 2.0769822 3.9791135
3.3367573 2.0791224 3.9778313
3.3363294 2.0769822 3.9791135
3.3367573 2.0791224 3.9778313
3.3362239 2.0777006 3.9772206
3.3355735 2.0787845 3.9780107
3.3335774 2.0760501 3.9811209
3.3315951 2.0749034 3.9793927
3.3335774 2.0760501 3.9811209
3.3347022 2.0740825 3.9774302
3.332254 2.0746759 3.9788287
3.337396 2.0750698 3.9754395
3.3368611 2.0738021 3.9771255
3.3378081 2.0767698 3.9779497
3.3368611 2.0738021 3.9771255
3.3378081 2.0767698 3.9779497
3.3363853 2.0809283 3.9824045
3.3377938 2.0748749 3.9805447
3.3363156 2.0737488 3.9799433
3.3357729 2.072993 3.9828637
3.3369725 2.0754505 3.9834828
3.3408654 2.07721 3.9882772
3.7778626 1.0457317 2.2869739
3.7777152 1.0412717 2.2884633
3.778471 1.0433003 2.2853812
3.7759938 1.0412139 2.2840197
3.7766812 1.0430121 2.28325
3.7759938 1.0412139 2.2840197
3.7754511 1.0394055 2.2894379
3.7759328 1.043134 2.283387
3.7783179 1.0436887 2.2826973
3.7763001 1.0452176 2.2853515
3.7783179 1.0436887 2.2826973
3.7763001 1.0452176 2.2853515
3.7753749 1.0427904 2.2879669
3.7768206 1.0438116 2.2912043
3.7768831 1.0471087 2.2891192
3.773683 1.0492016 2.2923896
5.2623465 1.9123355 1.4568914
5.2640212 1.9185793 1.4555228
5.2638778 1.9190031 1.4578466
5.2592674 1.9218636 1.4525626
5.2608751 1.9198437 1.4523579
5.2592674 1.9218636 1.4525626
4.5180906 1.5027291 2.0169337
4.5151652 1.5036539 2.0095306
4.5177975 1.502439 2.0204294
4.5197152 1.5015004 2.020154
4.51762 1.500808 2.0183235
4.5197152 1.5015004 2.020154
4.51762 1.500808 2.0183235
4.5170899 1.4975329 2.0199339
4.5153984 1.4988094 2.019552
4.5155299 1.5002287 2.020173
4.517689 1.4993104 2.0204699
4.5193737 1.4992963 2.0159359
4.5190914 1.4983287 2.0168142
4.5160205 1.4951404 2.0208049
5.4076061 1.4564245 5.3407238
5.4095412 1.4546519 5.3457993
5.4083015 1.4568514 5.350092
5.4085432 1.455307 5.3558
5.4088706 1.4583189 5.3494672
5.4085432 1.455307 5.3558
5.4088706 1.4583189 5.3494672
5.4125462 1.4568825 5.3479498
5.4115849 1.4564894 5.3480642
5.4099074 1.4604531 5.3498308
5.4083829 1.4578228 5.3499135
5.4099074 1.4604531 5.3498308
5.4077618 1.4598504 5.3464226
5.4074044 1.457379 5.3448766
5.4121358 1.4597963 5.3445425
5.4103875 1.4578209 5.3492306
5.4124194 1.4583114 5.3520183
5.4161834 1.4562026 5.3477661
0 0 0
0 0 0
5.7781401 1.4773457 4.4711072
5.7713609 1.4745994 4.4698606
5.7744897 1.4806684 4.463534
5.7755259 1.4775787 4.4654597
5.7744897 1.4806684 4.463534
5.7755259 1.4775787 4.4654597
5.7715654 1.4740659 4.4644187
5.7733848 1.4755053 4.4636579
5.7745573 1.4762893 4.4648454
5.7788358 1.4781883 4.4665709
5.7802052 1.4765673 4.465484
4.8118272 1.2757787 4.1826335
4.8149125 1.2725454 4.1816386
4.8151754 1.2727429 4.182119
4.8149125 1.2725454 4.1816386
4.8151754 1.2727429 4.182119
4.8163386 1.2763118 4.1807765
4.816301 1.2745563 4.1815908
4.8163386 1.2763118 4.1807765
4.816301 1.2745563 4.1815908
4.8181427 1.2739183 4.1814837
4.8144934 1.2757604 4.1774178
4.8115692 1.2777051 4.1800172
4.8144934 1.2757604 4.1774178
4.8115692 1.2777051 4.1800172
4.8130522 1.2724783 4.1818311
4.8128014 1.2752519 4.1828137
4.8131515 1.2764917 4.1849801
4.8132485 1.2772112 4.1852234
4.8131515 1.2764917 4.1849801
4.8132485 1.2772112 4.1852234
4.8160141 1.27854 4.1817299
4.8132824 1.2739004 4.1827227
4.8132856 1.2697607 4.1821073
4.8132869 1.2694572 4.1813234
4.8133465 1.2729001 4.1887899
3.3337962 2.0832099 3.9802347
3.3335708 2.0821393 3.9799294
3.333328 2.0800084 3.9767649
3.3335708 2.0821393 3.9799294
3.333328 2.0800084 3.9767649
3.3348898 2.0804112 3.9746652
3.3363589 2.0785758 3.9816042
3.3380215 2.0756845 3.9836104
3.338795 2.0782357 3.9813092
3.3387038 2.0783595 3.9834872
3.338795 2.0782357 3.9813092
3.3387038 2.0783595 3.9834872
3.3384227 2.0775693 3.9831783
3.3354593 2.0802451 3.9801177
3.3410893 2.0775984 3.9821356
3.3354593 2.0802451 3.9801177
3.3391529 2.0789062 3.9811288
3.3386908 2.0805773 3.9788835
3.3305469 2.0752084 3.978084
3.3309691 2.0790483 3.9792124
3.3305469 2.0752084 3.978084
3.3309691 2.0790483 3.9792124
3.3332263 2.078709 3.9806881
3.330772 2.0788821 3.9780418
3.3390275 2.0768997 3.9776216
3.3398872 2.076909 3.9761854
3.3360563 2.0736112 3.9766262
3.3365963 2.0775161 3.9777674
3.3360563 2.0736112 3.9766262
3.3365963 2.0775161 3.9777674
3.3370883 2.0790532 3.9835745
3.3373915 2.079172 3.983883
3.3386203 2.0787792 3.9836998
3.3378252 2.0761187 3.9806646
3.3369173 2.0798304 3.9846344
0 0 0
3.7767615 1.0444723 2.2877015
3.7778038 1.0405435 2.2895655
3.7803621 1.0445824 2.2861208
3.7761942 1.0418491 2.2881279
3.7783093 1.0375702 2.284443
3.7761942 1.0418491 2.2881279
3.7783093 1.0375702 2.284443
3.7755456 1.0384193 2.2858375
3.7745092 1.0399384 2.288513
3.7744099 1.0450558 2.288136
3.7782695 1.045861 2.2850053
3.7744099 1.0450558 2.288136
3.7776832 1.0431965 2.2895553
3.7767668 1.0435132 2.2910594
3.7749004 1.0451957 2.2919311
3.7747379 1.0458723 2.2888383
5.260169 1.9140532 1.4543624
5.2631567 1.9158086 1.4557448
5.2594976 1.9214159 1.4535434
5.2590134 1.9210031 1.4518683
5.2594976 1.9214159 1.4535434
5.2607591 1.914436 1.4531462
5.2615942 1.9179983 1.4524426
4.5176962 1.4971453 2.0117104
4.5182098 1.5041239 2.0207636
4.5179392 1.5028941 2.0202097
4.51698 1.5014386 2.0191112
4.5158979 1.499787 2.0221052
4.51698 1.5014386 2.0191112
4.5158979 1.499787 2.0221052
4.5148325 1.4991534 2.0190306
4.5155114 1.5012753 2.0201801
4.5207816 1.4999873 2.01916
4.5145762 1.5028189 2.0132391
4.5199027 1.5020962 2.0141282
4.5145762 1.5028189 2.0132391
3.9353119 2.5100938 0.20124198
3.9384679 2.5100884 0.20387295
3.9353119 2.5100938 0.20124198
3.9293757 2.5105943 0.19991096
3.9262398 2.517565 0.20080982
3.9258701 2.5137555 0.19649486
0 0 0
5.4030735 1.4529626 5.3543733
5.4112307 1.4561122 5.3498781
5.4030735 1.4529626 5.3543733
5.4088108 1.4545641 5.3520648
5.4095916 1.4612773 5.345661
5.4094729 1.4593017 5.3448798
5.4089889 1.4560589 5.3459664
5.4091705 1.4585388 5.3457681
5.4089889 1.4560589 5.3459664
5.4115359 1.4577838 5.3549757
5.4119017 1.4575205 5.3502021
5.7759275 1.4802512 4.468365
5.7721764 1.476335 4.4703003
5.7754241 1.4761721 4.4679628
5.7721764 1.476335 4.4703003
5.7745536 1.4764566 4.4684547
5.7766502 1.4767569 4.4651888
5.774147 1.4782104 4.4667738
5.7766502 1.4767569 4.4651888
5.774147 1.4782104 4.4667738
5.7776068 1.4750859 4.4639598
5.7771234 1.4787256 4.4650217
5.7785303 1.4784838 4.4659946
5.7827738 1.4754475 4.4650866
4.8150738 1.2734982 4.181639
4.8152466 1.2734893 4.1811528
4.81577 1.2732998 4.1815816
4.8158667 1.2744391 4.1829082
4.8161347 1.2755948 4.182883
4.819141 1.2779053 4.1798528
4.8161347 1.2755948 4.182883
4.8134947 1.2804247 4.1843048
4.8148691 1.2786551 4.1831995
4.8134947 1.2804247 4.1843048
4.812348 1.2772932 4.1813906
4.8129294 1.2771406 4.1805809
4.812348 1.2772932 4.1813906
4.8129294 1.2771406 4.1805809
4.8144843 1.2748174 4.1819286
4.8112232 1.2736994 4.1820095
4.8118865 1.2745294 4.1841812
4.8122259 1.2758841 4.1850225
4.813674 1.2768857 4.1831512
4.8122259 1.2758841 4.1850225
4.813674 1.2768857 4.1831512
4.8136913 1.2747034 4.1819211
4.8156887 1.275971 4.181923
4.8155911 1.2752043 4.181405
4.8155385 1.2738442 4.1870678
3.3331611 2.0816908 3.979726
3.3337429 2.0822592 3.9799641
3.3339467 2.0797784 3.9775921
3.3337429 2.0822592 3.9799641
3.3339467 2.0797784 3.9775921
3.3339807 2.0782005 3.9754193
3.3361466 2.0770284 3.9796302
3.3387116 2.0746559 3.9810359
3.3391923 2.0764356 3.9795571
3.3387116 2.0746559 3.9810359
3.3391923 2.0764356 3.9795571
3.33795 2.0757635 3.9814731
3.3362949 2.0771641 3.9807645
3.3396014 2.079466 3.9811785
3.3412541 2.0788955 3.981756
3.3396014 2.079466 3.9811785
3.3377628 2.076844 3.9807891
3.3277722 2.0738029 3.9771216
3.3305873 2.0750882 3.9750529
3.3324663 2.0735306 3.9761155
3.3335774 2.0760501 3.9811209
3.3324663 2.0735306 3.9761155
3.3335774 2.0760501 3.9811209
3.3347022 2.0740825 3.9774302
3.3390253 2.0793229 3.9781296
3.3397646 2.0780464 3.9762469
3.3390253 2.0793229 3.9781296
3.3397646 2.0780464 3.9762469
3.3377684 2.0783119 3.9752898
3.3337405 2.0781225 3.9748867
3.3336935 2.0798003 3.9763368
3.3315188 2.0779832 3.9800838
3.3305179 2.0797589 3.9789885
3.3329332 2.0724834 3.9799109
3.7747475 1.0422673 2.2890933
3.7777152 1.0412717 2.2884633
3.7747475 1.0422673 2.2890933
3.7777152 1.0412717 2.2884633
3.778471 1.0433003 2.2853812
3.7759938 1.0412139 2.2840197
3.7766812 1.0430121 2.28325
3.7759938 1.0412139 2.2840197
3.7771336 1.0406027 2.2857295
3.7759328 1.043134 2.283387
3.7783179 1.0436887 2.2826973
3.7763001 1.0452176 2.2853515
3.7783179 1.0436887 2.2826973
3.7763001 1.0452176 2.2853515
3.7801537 1.042124 2.2889484
3.7768206 1.0438116 2.2912043
3.7768831 1.0471087 2.2891192
3.773683 1.0492016 2.2923896
5.2608304 1.9213699 1.454321
5.2623852 1.9146841 1.4580786
5.2600678 1.9203687 1.4530889
5.259353 1.9213507 1.4531831
5.2616971 1.9199199 1.4534291
5.259353 1.9213507 1.4531831
5.2616971 1.9199199 1.4534291
5.2587303 1.9197538 1.4540566
5.2594634 1.9207846 1.4566061
4.5182759 1.503001 2.0183878
4.5170146 1.5003469 2.0174195
4.5170899 1.4975329 2.0199339
4.5153984 1.4988094 2.019552
4.5170899 1.4975329 2.0199339
4.5153984 1.4988094 2.019552
4.5155299 1.5002287 2.020173
4.517689 1.4993104 2.0204699
4.5169633 1.50053 2.0147864
4.5190914 1.4983287 2.0168142
3.936451 2.5091683 0.20324251
3.9331107 2.509901 0.2022304
3.9306663 2.5094183 0.20007989
3.9296101 2.5109776 0.19733781
3.9306663 2.5094183 0.20007989
3.9296101 2.5109776 0.19733781
3.9305233 2.512892 0.19770853
3.9313685 2.5132639 0.19675518
4.6574831 2.5600281 4.6040998
4.6557895 2.5596376 4.603873
4.6544998 2.5589544 4.6019748
4.6481791 2.5586562 4.5961591
4.6544998 2.5589544 4.6019748
4.6481791 2.5586562 4.5961591
4.650478 2.5590195 4.5939376
4.648102 2.5619745 4.5953317
5.4103875 1.4578209 5.3492306
5.4124194 1.4583114 5.3520183
5.7754 1.478132 4.4690234
5.7759276 1.4793064 4.4691238
5.7713609 1.4745994 4.4698606
5.7733837 1.4768428 4.4685052
5.7713609 1.4745994 4.4698606
5.7728298 1.4809324 4.4694008
5.772936 1.480968 4.4693174
5.7728298 1.4809324 4.4694008
5.7738365 1.4812177 4.4661571
5.7750207 1.477723 4.4684761
5.7783652 1.4783132 4.4670045
5.7723901 1.4778026 4.4672427
5.7788358 1.4781883 4.4665709
5.7802052 1.4765673 4.465484
0 0 0
4.8149125 1.2725454 4.1816386
4.8151754 1.2727429 4.182119
4.8156955 1.2726824 4.1818395
4.8134239 1.2739348 4.182421
4.8156955 1.2726824 4.1818395
4.8134239 1.2739348 4.182421
4.8132396 1.2761406 4.1824038
4.811985 1.2763115 4.1829039
4.8117893 1.2766886 4.1828146
4.8144934 1.2757604 4.1774178
4.8115692 1.2777051 4.1800172
4.8144934 1.2757604 4.1774178
4.8115692 1.2777051 4.1800172
4.8130522 1.2724783 4.1818311
4.8128014 1.2752519 4.1828137
4.8131515 1.2764917 4.1849801
4.8132485 1.2772112 4.1852234
4.8131515 1.2764917 4.1849801
4.8132485 1.2772112 4.1852234
4.8125357 1.2767515 4.1850444
4.8139103 1.2727198 4.1817878
4.8138603 1.2752857 4.1831703
4.8141665 1.2754066 4.1820006
4.8133465 1.2729001 4.1887899
3.3365871 2.0769558 3.9796727
3.3341546 2.0798029 3.9781795
3.333328 2.0800084 3.9767649
3.3341546 2.0798029 3.9781795
3.333328 2.0800084 3.9767649
3.3348898 2.0804112 3.9746652
3.337023 2.0758822 3.9831954
3.3365247 2.0749513 3.9807819
3.338795 2.0782357 3.9813092
3.3382868 2.0767534 3.9800886
3.338795 2.0782357 3.9813092
3.3382868 2.0767534 3.9800886
3.3373522 2.0772304 3.9810635
3.3391898 2.0780505 3.9828436
3.3410893 2.0775984 3.9821356
3.3382763 2.0801599 3.9800375
3.3391529 2.0789062 3.9811288
3.3307116 2.0766749 3.9786405
3.3305469 2.0752084 3.978084
3.3346619 2.0745882 3.976843
3.3305469 2.0752084 3.978084
3.3346619 2.0745882 3.976843
3.3366697 2.0760911 3.9783838
3.3376169 2.0784101 3.9779148
3.3406095 2.0798485 3.9782933
3.3402263 2.0770167 3.9771047
3.3396051 2.0760716 3.9789156
3.3401821 2.0750641 3.9791068
3.3388717 2.0769141 3.9791334
3.3401821 2.0750641 3.9791068
3.3388717 2.0769141 3.9791334
3.336719 2.0766563 3.9779932
3.3279342 2.0809277 3.9776284
3.3332949 2.0768846 3.9801361
3.7763491 1.0426261 2.2884706
3.7778038 1.0405435 2.2895655
3.7763491 1.0426261 2.2884706
3.7778038 1.0405435 2.2895655
3.778168 1.0432965 2.2863911
3.7761942 1.0418491 2.2881279
3.7767551 1.044646 2.2856578
3.7761942 1.0418491 2.2881279
3.7766092 1.0413849 2.2883075
3.7810166 1.0419123 2.2848795
3.7782695 1.045861 2.2850053
3.7765149 1.0421307 2.2887339
3.775503 1.0420352 2.2885714
3.7765149 1.0421307 2.2887339
3.775503 1.0420352 2.2885714
3.7755743 1.0413798 2.292043
3.7749004 1.0451957 2.2919311
0 0 0
5.2599824 1.9217149 1.4561106
5.2566083 1.9213729 1.4542885
5.2596205 1.9191577 1.4534291
5.2590134 1.9210031 1.4518683
5.2596205 1.9191577 1.4534291
5.2590134 1.9210031 1.4518683
5.2626956 1.917922 1.4563257
5.2570056 1.920249 1.4521412
5.2581594 1.9181008 1.4524097
5.2582863 1.9232647 1.4572622
5.2582688 1.9232902 1.452864
5.2582863 1.9232647 1.4572622
5.2582688 1.9232902 1.452864
5.2628814 1.9153202 1.4558131
5.2599329 1.9178181 1.4537861
5.2594218 1.9200428 1.455985
5.2603489 1.921549 1.4603453
5.2594218 1.9200428 1.455985
3.9235873 2.5129202 0.19363761
3.9348466 2.509566 0.20136853
3.9327906 2.5098436 0.20093125
3.9283671 2.510502 0.19797593
3.9269079 2.5104901 0.19677339
3.9283671 2.510502 0.19797593
3.9269079 2.5104901 0.19677339
3.9379021 2.5159236 0.20143542
3.9372825 2.5152342 0.20057701
0 0 0
4.6563318 2.560548 4.6026686
4.6574422 2.5588844 4.605641
4.6592862 2.5587473 4.6097705
4.6584613 2.5582791 4.6092706
4.6527421 2.5603373 4.6053996
4.6516853 2.5593045 4.6018683
4.6429773 2.5615725 4.5948975
4.6480861 2.5607017 4.5992396
4.6467038 2.5691794 4.5974346
5.7754462 1.477622 4.4688133
5.7744293 1.4790604 4.4673553
5.7728957 1.4810896 4.4677207
5.7745536 1.4764566 4.4684547
5.7721764 1.476335 4.4703003
5.7718392 1.4802652 4.4675586
5.7727375 1.4794852 4.4674019
5.7718392 1.4802652 4.4675586
5.7727375 1.4794852 4.4674019
5.7725813 1.4769996 4.4678043
5.7733853 1.4788285 4.4666891
5.7717291 1.4770188 4.4665566
5.7748188 1.4800817 4.4666786
5.7717291 1.4770188 4.4665566
5.7748188 1.4800817 4.4666786
4.8170979 1.2726445 4.1797281
4.81577 1.2732998 4.1815816
4.8158667 1.2744391 4.1829082
4.8161347 1.2755948 4.182883
4.8107718 1.2752961 4.1840725
4.8108595 1.2730523 4.184927
4.8129043 1.2739112 4.1829667
4.8116893 1.2745868 4.1822574
4.8129043 1.2739112 4.1829667
4.8116893 1.2745868 4.1822574
4.8119745 1.2786998 4.1816516
4.812348 1.2772932 4.1813906
4.8119745 1.2786998 4.1816516
4.8123377 1.2772215 4.1837721
4.8112232 1.2736994 4.1820095
4.8118865 1.2745294 4.1841812
4.8122259 1.2758841 4.1850225
4.813674 1.2768857 4.1831512
4.8122259 1.2758841 4.1850225
4.813674 1.2768857 4.1831512
4.8136913 1.2747034 4.1819211
4.8156887 1.275971 4.181923
4.8155911 1.2752043 4.181405
4.8155385 1.2738442 4.1870678
3.3365871 2.0769558 3.9796727
3.3372537 2.0774157 3.978711
3.3364161 2.0785501 3.9782586
3.332612 2.0815657 3.975933
3.3312535 2.0790131 3.9738215
3.3358198 2.0764751 3.9810791
3.3361466 2.0770284 3.9796302
3.3387116 2.0746559 3.9810359
3.3391923 2.0764356 3.9795571
3.3387116 2.0746559 3.9810359
3.3391923 2.0764356 3.9795571
3.3381715 2.0769956 3.9814984
3.3370706 2.0767761 3.9791238
3.3381715 2.0769956 3.9814984
3.3412541 2.0788955 3.981756
3.3396014 2.079466 3.9811785
3.3310847 2.0767699 3.9808804
3.3277722 2.0738029 3.9771216
3.3328535 2.0761795 3.975644
3.3338194 2.0756422 3.976626
3.3328535 2.0761795 3.975644
3.3368481 2.0804082 3.9787454
3.336738 2.0814703 3.9798874
3.3368481 2.0804082 3.9787454
3.3390253 2.0793229 3.9781296
3.3377916 2.076107 3.9735315
3.3390253 2.0793229 3.9781296
3.3377916 2.076107 3.9735315
3.3377684 2.0783119 3.9752898
3.335261 2.0768418 3.9749415
3.3336935 2.0798003 3.9763368
3.3329886 2.079778 3.9752344
3.3300409 2.081539 3.9747786
3.7776944 1.0413942 2.2887894
3.7779105 1.0420506 2.2879018
3.7786426 1.0423099 2.2885137
3.7779105 1.0420506 2.2879018
3.7786426 1.0423099 2.2885137
3.7769651 1.0446992 2.2869327
3.7767413 1.0411336 2.2876288
3.7804137 1.0434385 2.2843667
3.7794248 1.0430091 2.2848166
3.7804137 1.0434385 2.2843667
3.7794248 1.0430091 2.2848166
3.7779717 1.0404491 2.2855256
3.7767158 1.0432451 2.2871267
3.7765566 1.0420323 2.2883939
3.7767158 1.0432451 2.2871267
3.7765566 1.0420323 2.2883939
3.7787412 1.0413913 2.2847172
3.7749159 1.0398565 2.2910819
3.7748335 1.0381886 2.2915797
5.2608304 1.9213699 1.454321
5.2601772 1.9209847 1.4590029
5.2600678 1.9203687 1.4530889
5.259353 1.9213507 1.4531831
5.2616971 1.9199199 1.4534291
5.259353 1.9213507 1.4531831
5.2616971 1.9199199 1.4534291
5.2619123 1.9195909 1.4557614
5.2605447 1.9177173 1.4527861
5.2595597 1.9211738 1.4585068
5.2601375 1.9211697 1.4567078
5.2595597 1.9211738 1.4585068
5.2615372 1.9202052 1.45392
5.2606813 1.9194117 1.4552231
5.2607609 1.9175418 1.4551705
5.260142 1.9198849 1.4577141
5.2603489 1.921549 1.4603453
0 0 0
3.9235873 2.5129202 0.19363761
3.9297261 2.5148735 0.19963056
3.9289711 2.5114505 0.19757996
3.9306663 2.5094183 0.20007989
3.9296101 2.5109776 0.19733781
3.9306663 2.5094183 0.20007989
3.9296101 2.5109776 0.19733781
3.9305233 2.512892 0.19770853
3.9329631 2.5108213 0.19976931
3.9323038 2.5112148 0.19880646
4.6532982 2.5613479 4.6009038
4.6519223 2.5605518 4.6020543
4.6560085 2.5594913 4.6076465
4.6552165 2.5575772 4.6063505
4.6470573 2.5577801 4.5949731
4.6514485 2.5584654 4.6003059
4.6470573 2.5577801 4.5949731
4.6514485 2.5584654 4.6003059
4.6502116 2.5686304 4.6005026
5.7754 1.478132 4.4690234
5.7759276 1.4793064 4.4691238
5.7746592 1.4802895 4.4684336
5.7738103 1.480319 4.463763
5.7746932 1.4805518 4.4627646
5.7728298 1.4809324 4.4694008
5.772936 1.480968 4.4693174
5.7728298 1.4809324 4.4694008
5.7738365 1.4812177 4.4661571
5.7738628 1.4764051 4.4663963
5.7741493 1.4770855 4.4671553
5.7738628 1.4764051 4.4663963
5.7741493 1.4770855 4.4671553
5.7729022 1.4775297 4.4679008
5.7762512 1.4775559 4.4668776
4.8083295 1.2761649 4.1891402
4.8130747 1.27197 4.1806955
4.8156955 1.2726824 4.1818395
4.8134239 1.2739348 4.182421
4.8156955 1.2726824 4.1818395
4.8134239 1.2739348 4.182421
4.8140313 1.2741584 4.1828547
4.8125839 1.2742492 4.1823864
4.8140313 1.2741584 4.1828547
4.8098557 1.2766085 4.1817276
4.8124984 1.2760362 4.1822943
4.8098557 1.2766085 4.1817276
4.8124984 1.2760362 4.1822943
4.8132762 1.2768386 4.1837649
4.8130887 1.2715583 4.1835865
4.8113524 1.2747258 4.1821178
4.8124242 1.2759621 4.1842313
4.8125357 1.2767515 4.1850444
4.8124242 1.2759621 4.1842313
4.8125357 1.2767515 4.1850444
4.8139103 1.2727198 4.1817878
4.8138603 1.2752857 4.1831703
4.8141665 1.2754066 4.1820006
4.815533 1.2750779 4.183878
3.3365871 2.0769558 3.9796727
3.3329474 2.0746801 3.9789838
3.3356791 2.0781161 3.9777565
3.3329204 2.0793754 3.9743538
3.3329266 2.0787339 3.9751169
3.3351575 2.0797413 3.9823454
3.3349475 2.0772168 3.9818023
3.3365247 2.0749513 3.9807819
3.3373464 2.0762991 3.9788278
3.3382868 2.0767534 3.9800886
3.3373522 2.0772304 3.9810635
3.3357347 2.0786907 3.980612
3.3373522 2.0772304 3.9810635
3.3357347 2.0786907 3.980612
3.3332486 2.0775567 3.9818373
3.3329989 2.0772488 3.9802763
3.3324084 2.0771241 3.9825408
3.3396632 2.077866 3.9819637
3.3370947 2.0760023 3.9822815
3.3363541 2.0765729 3.9812615
3.3370947 2.0760023 3.9822815
3.3363541 2.0765729 3.9812615
3.3366697 2.0760911 3.9783838
3.3391036 2.0798389 3.9811888
3.3406095 2.0798485 3.9782933
3.3402263 2.0770167 3.9771047
3.3396051 2.0760716 3.9789156
3.3401821 2.0750641 3.9791068
3.3388717 2.0769141 3.9791334
3.3401821 2.0750641 3.9791068
3.3388717 2.0769141 3.9791334
3.336719 2.0766563 3.9779932
3.3279342 2.0809277 3.9776284
3.7809641 1.0413862 2.281222
3.7773462 1.0423374 2.2836244
3.777746 1.0379196 2.2828728
3.7773462 1.0423374 2.2836244
3.7782557 1.0446814 2.2851963
3.7797313 1.0412891 2.2881027
3.7774687 1.0406613 2.2901778
3.7784185 1.0417131 2.2868828
3.7775294 1.0420185 2.284247
3.7784185 1.0417131 2.2868828
3.7775294 1.0420185 2.284247
3.778956 1.041937 2.2852959
3.7765149 1.0421307 2.2887339
3.775503 1.0420352 2.2885714
3.7784374 1.0418541 2.2859223
3.775503 1.0420352 2.2885714
3.7784374 1.0418541 2.2859223
3.7795595 1.0433438 2.2879235
3.7743976 1.0465952 2.2905716
5.2599824 1.9217149 1.4561106
5.2566083 1.9213729 1.4542885
5.2596205 1.9191577 1.4534291
5.2600694 1.9199063 1.4552471
5.2596205 1.9191577 1.4534291
5.2600694 1.9199063 1.4552471
5.2626956 1.917922 1.4563257
5.2570056 1.920249 1.4521412
5.2581594 1.9181008 1.4524097
5.2570056 1.920249 1.4521412
5.2618583 1.9202803 1.457974
5.2602412 1.9210889 1.4584844
5.2608922 1.9195199 1.4545245
5.2589969 1.9197435 1.4538423
5.2599329 1.9178181 1.4537861
5.2594218 1.9200428 1.455985
5.2599329 1.9178181 1.4537861
0 0 0
3.9235873 2.5129202 0.19363761
3.9326521 2.5124986 0.20141853
3.9310642 2.510359 0.19953264
3.9283671 2.510502 0.19797593
3.9269079 2.5104901 0.19677339
3.9283671 2.510502 0.19797593
3.9269079 2.5104901 0.19677339
3.9379021 2.5159236 0.20143542
3.9298407 2.5096062 0.1990388
3.9342322 2.5168822 0.20341758
4.6512683 2.5613645 4.6002286
4.6537098 2.5587872 4.6032962
4.6566799 2.5596703 4.6088143
4.6546869 2.5580179 4.6076182
4.6465854 2.5587813 4.5938218
4.6517006 2.5587758 4.6010291
4.6465854 2.5587813 4.5938218
4.6517006 2.5587758 4.6010291
4.6467038 2.5691794 4.5974346
5.7754462 1.477622 4.4688133
5.7744293 1.4790604 4.4673553
5.7728957 1.4810896 4.4677207
5.7731986 1.4771827 4.4648197
5.7728644 1.4806525 4.467655
5.7718392 1.4802652 4.4675586
5.7727375 1.4794852 4.4674019
5.7746416 1.4786028 4.4638002
5.7751351 1.477881 4.4639993
5.7729381 1.477059 4.4634879
5.7739555 1.4781844 4.4661283
5.7729381 1.477059 4.4634879
5.7773119 1.4805848 4.4678359
5.7769595 1.4801498 4.4660986
5.7773119 1.4805848 4.4678359
4.815078 1.278143 4.1788147
4.8158123 1.2778408 4.1782268
4.8167006 1.2744283 4.1806019
4.812412 1.2733295 4.1828917
4.8107718 1.2752961 4.1840725
4.8108595 1.2730523 4.184927
4.8129043 1.2739112 4.1829667
4.8116893 1.2745868 4.1822574
4.8129043 1.2739112 4.1829667
4.8116893 1.2745868 4.1822574
4.8117932 1.2749084 4.181779
4.811129 1.2759615 4.18224
4.8138722 1.2750212 4.1829943
4.8143432 1.2767058 4.1848529
4.8127303 1.2694664 4.1822092
4.8116571 1.2710852 4.180401
4.8131105 1.2728993 4.1839513
4.8116571 1.2710852 4.180401
4.8131105 1.2728993 4.1839513
4.8114455 1.2733711 4.186815
4.8120623 1.2756412 4.1805609
4.8114669 1.2771358 4.1850021
4.8120623 1.2756412 4.1805609
4.8114669 1.2771358 4.1850021
0 0 0
3.3335797 2.0785192 3.9832026
3.3364161 2.0785501 3.9782586
3.3396806 2.0769514 3.9812054
3.3364205 2.0802537 3.9780626
3.3372721 2.0807946 3.9790783
3.3364205 2.0802537 3.9780626
3.3372721 2.0807946 3.9790783
3.3368069 2.0762904 3.9751914
3.3399661 2.0806161 3.9765459
3.3370706 2.0767761 3.9791238
3.335169 2.0782474 3.9774927
3.3370706 2.0767761 3.9791238
3.335169 2.0782474 3.9774927
3.3341593 2.0776675 3.9788622
3.3350925 2.0776597 3.9818649
3.3310847 2.0767699 3.9808804
3.3331207 2.0775882 3.9763062
3.3328535 2.0761795 3.975644
3.3345206 2.0779402 3.9805371
3.3328535 2.0761795 3.975644
3.3345206 2.0779402 3.9805371
3.336738 2.0814703 3.9798874
3.3368481 2.0804082 3.9787454
3.336738 2.0814703 3.9798874
3.3377916 2.076107 3.9735315
3.3381657 2.0790555 3.97786
3.3377916 2.076107 3.9735315
3.3375498 2.0766901 3.9756721
3.3380701 2.0752307 3.9762774
3.337129 2.078969 3.979235
3.3329886 2.079778 3.9752344
3.7775297 1.038766 2.2876847
3.7803447 1.0390252 2.283266
3.7785708 1.0412328 2.2856554
3.7769398 1.0402163 2.2872497
3.7785708 1.0412328 2.2856554
3.7769398 1.0402163 2.2872497
3.7757157 1.0442647 2.2865593
3.7767413 1.0411336 2.2876288
3.7804137 1.0434385 2.2843667
3.7755953 1.0447076 2.2858245
3.7804137 1.0434385 2.2843667
3.7755953 1.0447076 2.2858245
3.7779717 1.0404491 2.2855256
3.7801646 1.0402592 2.2854438
3.7801958 1.0372743 2.2812261
3.7756191 1.0413959 2.2875418
3.7788369 1.0431107 2.2885578
3.7756191 1.0413959 2.2875418
3.7749159 1.0398565 2.2910819
3.7790045 1.0449814 2.2902788
5.2598297 1.9223668 1.4595214
5.2601772 1.9209847 1.4590029
5.2601936 1.9202535 1.4545632
5.2598545 1.9207318 1.4565091
5.2615756 1.9190113 1.456264
5.2619123 1.9195909 1.4557614
5.2615756 1.9190113 1.456264
5.2619123 1.9195909 1.4557614
5.2605447 1.9177173 1.4527861
5.2594697 1.9169892 1.4540552
5.259477 1.917203 1.4578162
5.2601263 1.9175226 1.4599547
5.2608715 1.9211361 1.454422
5.2587342 1.9198008 1.4549916
5.2589164 1.9179335 1.4533393
5.2594672 1.9189385 1.4546578
5.2603969 1.9223802 1.4519454
5.2594672 1.9189385 1.4546578
3.932478 2.5142815 0.20281906
3.9297261 2.5148735 0.19963056
3.9289711 2.5114505 0.19757996
3.9298929 2.5116524 0.19466685
3.9280079 2.514206 0.19307959
3.9298929 2.5116524 0.19466685
3.9280079 2.514206 0.19307959
3.9308559 2.5137414 0.19350669
3.9291396 2.5096417 0.19649032
3.9323038 2.5112148 0.19880646
3.9291396 2.5096417 0.19649032
4.6519223 2.5605518 4.6020543
4.6508511 2.5599042 4.6030494
4.6553747 2.5598671 4.5989822
4.6511775 2.5605311 4.5952133
4.6542163 2.5602008 4.6003901
4.6581285 2.5613052 4.604646
4.6542163 2.5602008 4.6003901
4.6581285 2.5613052 4.604646
5.7736779 1.476745 4.4726237
5.7738103 1.480319 4.463763
5.7752278 1.4763167 4.467801
5.7738103 1.480319 4.463763
5.7774981 1.4769485 4.4644519
5.770666 1.4798483 4.4700397
5.7735492 1.4798938 4.4675583
5.7760535 1.4791531 4.4637433
5.7769162 1.4771505 4.4627894
5.7755443 1.4767706 4.4627112
5.7769162 1.4771505 4.4627894
5.7755443 1.4767706 4.4627112
5.7760144 1.4802025 4.468419
5.7759324 1.4798324 4.4672166
5.7768588 1.4816974 4.4672426
0 0 0
4.8189986 1.2781341 4.1779032
4.8153625 1.2746885 4.1806962
4.8116847 1.2774979 4.1794913
4.8126319 1.2756284 4.1843619
4.8135599 1.2747345 4.1840363
4.8140313 1.2741584 4.1828547
4.8125839 1.2742492 4.1823864
4.8140313 1.2741584 4.1828547
4.8125839 1.2742492 4.1823864
4.8144596 1.2731445 4.1823721
4.8147745 1.2730768 4.1818665
4.8144596 1.2731445 4.1823721
4.8126987 1.2744916 4.1836896
4.8130887 1.2715583 4.1835865
4.8117048 1.2730696 4.1833316
4.8130887 1.2715583 4.1835865
4.8117048 1.2730696 4.1833316
4.8131263 1.2756102 4.1886382
4.8126114 1.2762581 4.180601
4.8135415 1.2765169 4.181044
4.814742 1.2752941 4.1823544
4.8154543 1.272395 4.1834709
4.814742 1.2752941 4.1823544
3.333108 2.0771793 3.976724
3.3329474 2.0746801 3.9789838
3.3331368 2.0771863 3.9799768
3.3352156 2.0765956 3.9758577
3.3337918 2.0787555 3.9764352
3.3352758 2.0778831 3.9801783
3.3337918 2.0787555 3.9764352
3.3352758 2.0778831 3.9801783
3.3362484 2.077782 3.9746304
3.3373087 2.0808719 3.9766774
3.3371431 2.0813267 3.9795689
3.3357347 2.0786907 3.980612
3.3371431 2.0813267 3.9795689
3.3357347 2.0786907 3.980612
3.3332486 2.0775567 3.9818373
3.3329989 2.0772488 3.9802763
3.3324084 2.0771241 3.9825408
3.3396632 2.077866 3.9819637
3.3370947 2.0760023 3.9822815
3.3357006 2.0787328 3.9808546
3.3370947 2.0760023 3.9822815
3.3357006 2.0787328 3.9808546
3.3355503 2.0780583 3.9788244
3.3391036 2.0798389 3.9811888
3.3371531 2.0818699 3.9818736
5.5812386 1.2159632 2.5273419
5.5835898 1.2113274 2.5265384
5.5769041 1.2170763 2.5285942
5.5783427 1.2159897 2.5306581
0 0 0
0 0 0
0 0 0
3.7749072 1.0430802 2.2870619
3.777746 1.0379196 2.2828728
3.7773462 1.0423374 2.2836244
3.777746 1.0379196 2.2828728
3.7773462 1.0423374 2.2836244
3.7792641 1.042275 2.2864849
3.7781997 1.0412941 2.2863535
3.7774687 1.0406613 2.2901778
3.7784185 1.0417131 2.2868828
3.776048 1.0458134 2.2847128
3.7775089 1.0461604 2.2868387
3.776048 1.0458134 2.2847128
3.7775089 1.0461604 2.2868387
3.7761886 1.042446 2.2868335
3.7760891 1.0415307 2.2849902
3.7784374 1.0418541 2.2859223
3.7760891 1.0415307 2.2849902
3.7784374 1.0418541 2.2859223
3.7795595 1.0433438 2.2879235
3.7743976 1.0465952 2.2905716
5.2630669 1.9212555 1.4569973
5.2606306 1.9212325 1.4556813
5.2601198 1.9192439 1.4566071
5.2613219 1.919824 1.4587261
5.2622612 1.9191484 1.4571844
5.2613219 1.919824 1.4587261
5.2622612 1.9191484 1.4571844
5.2588177 1.9153411 1.4531974
5.260055 1.917529 1.4512501
5.2588177 1.9153411 1.4531974
5.2625548 1.9193672 1.4554344
5.2600192 1.9189944 1.4494307
5.2622702 1.9182879 1.4512784
5.2600192 1.9189944 1.4494307
5.2654041 1.9165269 1.4522395
5.265315 1.9191489 1.4532736
5.2607567 1.9241665 1.4541331
5.2621612 1.9265888 1.4580859
3.919082 2.5117261 0.18378164
3.9306148 2.5086288 0.19808166
3.9312275 2.511613 0.19833434
3.9273018 2.5118054 0.19591805
3.9312275 2.511613 0.19833434
3.9273018 2.5118054 0.19591805
3.9264556 2.513348 0.19440668
3.9346991 2.5122168 0.20137566
3.9298407 2.5096062 0.1990388
3.9321901 2.5105459 0.20104377
3.9298407 2.5096062 0.1990388
3.9321901 2.5105459 0.20104377
4.6569276 2.560006 4.6171982
4.6538805 2.5587901 4.60155
4.6515877 2.5606645 4.598379
4.6538387 2.5608343 4.6005488
4.6515877 2.5606645 4.598379
4.6538387 2.5608343 4.6005488
4.6579595 2.5615846 4.6061013
5.7744172 1.4762272 4.4686566
5.7735189 1.4765047 4.4688845
5.7744172 1.4762272 4.4686566
5.775929 1.4745797 4.4663229
5.7774212 1.4740656 4.4653923
5.7708356 1.4814683 4.4667511
5.7723342 1.4795124 4.4652055
5.7751269 1.4782545 4.4639283
5.7757723 1.4784215 4.4620665
5.7751269 1.4782545 4.4639283
5.7757723 1.4784215 4.4620665
5.7729381 1.477059 4.4634879
5.7765943 1.4796095 4.4687243
5.7761037 1.478851 4.4678775
5.7765943 1.4796095 4.4687243
5.7761037 1.478851 4.4678775
4.8158123 1.2778408 4.1782268
4.8147837 1.2760501 4.1789534
4.811136 1.2782712 4.1793714
4.8147837 1.2760501 4.1789534
4.811136 1.2782712 4.1793714
4.814019 1.2787802 4.1836151
4.8139629 1.2764155 4.1838129
4.814019 1.2787802 4.1836151
4.8139629 1.2764155 4.1838129
4.8159719 1.2758083 4.1823094
4.8148087 1.2714891 4.1814386
4.8173099 1.2744608 4.1804259
4.8167916 1.2782286 4.1820228
4.8119268 1.2706173 4.1812532
4.8155128 1.2719001 4.1877641
4.8156404 1.275801 4.1875626
4.8155128 1.2719001 4.1877641
4.8156404 1.275801 4.1875626
4.8113804 1.2775409 4.1777798
4.8120623 1.2756412 4.1805609
4.8148569 1.2764754 4.181767
4.8120623 1.2756412 4.1805609
4.8179912 1.2703465 4.1879232
3.3410975 2.0826783 3.989619
3.3403524 2.0796674 3.9872016
3.3348924 2.0815416 3.9758542
3.334787 2.0803999 3.9767589
3.3351516 2.0821107 3.9788238
3.334787 2.0803999 3.9767589
3.3351516 2.0821107 3.9788238
3.3372721 2.0807946 3.9790783
3.3397407 2.077093 3.9751489
3.3399661 2.0806161 3.9765459
3.3381795 2.0816988 3.9773406
3.335169 2.0782474 3.9774927
3.3381795 2.0816988 3.9773406
3.335169 2.0782474 3.9774927
3.3389916 2.0790741 3.9768862
3.3387945 2.0779911 3.9757895
3.3389916 2.0790741 3.9768862
3.3387945 2.0779911 3.9757895
3.3395999 2.0785119 3.9764739
3.3345206 2.0779402 3.9805371
3.3357928 2.0787903 3.9790386
3.3345206 2.0779402 3.9805371
3.3357928 2.0787903 3.9790386
5.5764433 1.2176764 2.5311283
5.5720644 1.21995 2.532506
5.5748498 1.2210264 2.530669
5.5751236 1.2145767 2.5251575
5.575466 1.2175147 2.5265568
5.576848 1.2172882 2.5305243
5.575466 1.2175147 2.5265568
5.576848 1.2172882 2.5305243
0 0 0
3.7757201 1.0418483 2.2890759
3.7773694 1.0417873 2.2861038
3.7778134 1.042825 2.2860272
3.7769398 1.0402163 2.2872497
3.7785708 1.0412328 2.2856554
3.7769398 1.0402163 2.2872497
3.7772079 1.040098 2.2874271
3.7775369 1.0428384 2.2829739
3.7772182 1.0427376 2.2841997
3.7778139 1.046232 2.2840529
3.7778887 1.0444444 2.2847524
3.7778139 1.046232 2.2840529
3.7778887 1.0444444 2.2847524
3.7779385 1.0448319 2.2848233
3.7783047 1.0425679 2.2843533
3.7756191 1.0413959 2.2875418
3.7788369 1.0431107 2.2885578
3.7756191 1.0413959 2.2875418
3.7788369 1.0431107 2.2885578
3.7780409 1.0409416 2.2875207
5.2599081 1.9199353 1.4526046
5.2605757 1.9213422 1.4557236
5.2599081 1.9199353 1.4526046
5.2605757 1.9213422 1.4557236
5.260756 1.9241165 1.4529713
5.2608636 1.9188118 1.4537989
5.2622356 1.9169998 1.4543798
5.2607198 1.916597 1.4534555
5.2622356 1.9169998 1.4543798
5.2607198 1.916597 1.4534555
5.2585528 1.9178895 1.4534815
5.258425 1.9180611 1.4516339
5.2624973 1.9197526 1.4515647
5.263823 1.9183124 1.4533712
5.2641206 1.9191505 1.4517074
5.2642014 1.9190969 1.4522
5.2635003 1.9214551 1.4514196
5.2645322 1.9187736 1.4521503
3.922809 2.5097022 0.18950991
3.9235108 2.5101984 0.19042555
3.9254358 2.508954 0.19125077
3.9298929 2.5116524 0.19466685
3.9280079 2.514206 0.19307959
3.9298929 2.5116524 0.19466685
3.9280079 2.514206 0.19307959
3.9308559 2.5137414 0.19350669
3.9291396 2.5096417 0.19649032
3.929523 2.5103809 0.19697848
3.9291396 2.5096417 0.19649032
3.929523 2.5103809 0.19697848
4.6497361 2.5589607 4.6066303
4.6564028 2.5581057 4.6054631
4.6511775 2.5605311 4.5952133
4.6542163 2.5602008 4.6003901
4.6581285 2.5613052 4.604646
4.6542163 2.5602008 4.6003901
4.6581285 2.5613052 4.604646
5.7729861 1.475932 4.4714846
5.7729768 1.4768292 4.4700087
5.7752278 1.4763167 4.467801
5.7761227 1.4764418 4.4645948
5.7774981 1.4769485 4.4644519
5.770666 1.4798483 4.4700397
5.7775289 1.4777542 4.4640472
5.7773532 1.4771783 4.4646433
5.7769162 1.4771505 4.4627894
5.7773532 1.4771783 4.4646433
5.7769162 1.4771505 4.4627894
5.7755443 1.4767706 4.4627112
5.7760144 1.4802025 4.468419
5.7759324 1.4798324 4.4672166
5.7768588 1.4816974 4.4672426
5.7759324 1.4798324 4.4672166
4.8206218 1.2706869 4.1772841
4.8102189 1.2733556 4.1809366
4.8098505 1.2797645 4.1804268
4.8123096 1.2778531 4.1808858
4.8098505 1.2797645 4.1804268
4.8159618 1.2745828 4.182334
4.8154047 1.2758952 4.1831684
4.8159618 1.2745828 4.182334
4.8154047 1.2758952 4.1831684
4.8140818 1.2734835 4.1850829
4.8131616 1.2729812 4.1850954
4.8139502 1.2745859 4.1858103
4.8147156 1.2778616 4.1834549
4.8122945 1.2717074 4.182144
4.8160452 1.2729845 4.1878756
4.8177678 1.2775876 4.1867697
4.8160452 1.2729845 4.1878756
4.8177678 1.2775876 4.1867697
4.8126114 1.2762581 4.180601
4.8135415 1.2765169 4.181044
4.814742 1.2752941 4.1823544
4.8154543 1.272395 4.1834709
4.814742 1.2752941 4.1823544
3.3346256 2.0793031 3.9807052
3.3414114 2.0799198 3.9848866
3.3346256 2.0793031 3.9807052
3.3352156 2.0765956 3.9758577
3.3337601 2.0814149 3.9785345
3.3352758 2.0778831 3.9801783
3.3337601 2.0814149 3.9785345
3.3352758 2.0778831 3.9801783
3.3333855 2.0808082 3.9772976
3.3385701 2.0748716 3.9840363
3.3331522 2.0771811 3.9791522
3.3367527 2.0778731 3.9791104
3.3331522 2.0771811 3.9791522
3.3374665 2.0781578 3.9772216
3.3394412 2.0790129 3.9784796
3.3387495 2.0787842 3.9789665
3.3394412 2.0790129 3.9784796
3.3387495 2.0787842 3.9789665
3.3401376 2.0788864 3.9817164
3.3357006 2.0787328 3.9808546
3.3355503 2.0780583 3.9788244
5.5775986 1.2196428 2.5318631
5.5765402 1.2172821 2.5322223
5.5775986 1.2196428 2.5318631
5.5715798 1.2219373 2.5299706
5.574351 1.2162727 2.5323848
5.5772014 1.215462 2.5259744
5.5769041 1.2170763 2.5285942
5.5783427 1.2159897 2.5306581
5.5769041 1.2170763 2.5285942
5.5783427 1.2159897 2.5306581
5.5736166 1.2184612 2.5358408
3.7788945 1.0443072 2.2838734
3.7801302 1.0403322 2.2837402
3.7805484 1.0448446 2.2871753
3.7814973 1.0446928 2.2872094
3.7805484 1.0448446 2.2871753
3.7814973 1.0446928 2.2872094
3.7781997 1.0412941 2.2863535
3.7797373 1.0426335 2.2806285
3.7795317 1.0426717 2.2831017
3.777386 1.0439939 2.2848567
3.7773605 1.0426502 2.2868041
3.777386 1.0439939 2.2848567
3.7773605 1.0426502 2.2868041
3.7790986 1.0430894 2.286137
3.7760891 1.0415307 2.2849902
3.7759877 1.0405404 2.2831341
3.7760891 1.0415307 2.2849902
3.7759877 1.0405404 2.2831341
3.7787996 1.0440235 2.2851747
3.7747911 1.035603 2.2875081
5.2595791 1.923069 1.4545664
5.260228 1.9240494 1.453312
5.2595791 1.923069 1.4545664
5.2575811 1.9232825 1.4540951
5.2629219 1.917851 1.4556233
5.2608217 1.917746 1.4572482
5.2621637 1.9175456 1.4568951
5.2608217 1.917746 1.4572482
5.2621637 1.9175456 1.4568951
5.2597254 1.917511 1.4548133
5.2608763 1.91577 1.4564299
5.2604855 1.9189023 1.4545735
5.2604681 1.9182531 1.4539053
5.2604855 1.9189023 1.4545735
5.2604681 1.9182531 1.4539053
5.2641008 1.9196635 1.451724
5.2623078 1.9215419 1.4521809
5.2611 1.917955 1.4520799
0 0 0
3.9215525 2.5122691 0.18940962
3.9235531 2.5118653 0.19136842
3.9306383 2.5085725 0.19728503
3.9314822 2.5067618 0.19910573
3.9306383 2.5085725 0.19728503
3.930204 2.5119149 0.19788279
3.929004 2.5096105 0.19924507
3.9309818 2.5113526 0.19533686
3.9328212 2.5121687 0.19996083
3.9309818 2.5113526 0.19533686
3.9323918 2.5072145 0.202885
3.9384639 2.5083143 0.20345797
4.6480745 2.5576848 4.6001462
4.64844 2.5610271 4.6003001
4.6538387 2.5608343 4.6005488
4.64844 2.5610271 4.6003001
4.6538387 2.5608343 4.6005488
4.6579595 2.5615846 4.6061013
5.7744172 1.4762272 4.4686566
5.7735189 1.4765047 4.4688845
5.7744172 1.4762272 4.4686566
5.775929 1.4745797 4.4663229
5.7774212 1.4740656 4.4653923
5.7708356 1.4814683 4.4667511
5.7786989 1.4768062 4.463788
5.7776825 1.4763304 4.4645891
5.7757723 1.4784215 4.4620665
5.7776825 1.4763304 4.4645891
5.7757723 1.4784215 4.4620665
5.7745602 1.4783848 4.4654345
5.7765943 1.4796095 4.4687243
5.7761037 1.478851 4.4678775
5.7765943 1.4796095 4.4687243
5.7718508 1.477061 4.4680655
4.8210059 1.2688459 4.1762741
4.8116857 1.2741377 4.1795537
4.8092932 1.2781595 4.181058
4.8133381 1.2783555 4.1792189
4.8092932 1.2781595 4.181058
4.817112 1.2786693 4.1796042
4.8159698 1.2799794 4.1821291
4.8157711 1.2784609 4.1832794
4.8129403 1.2770849 4.1846217
4.8124262 1.2770614 4.184737
4.8113673 1.276939 4.1834381
4.8124262 1.2770614 4.184737
4.8113673 1.276939 4.1834381
4.8134536 1.2790809 4.1826517
4.8155128 1.2719001 4.1877641
4.8201991 1.2796607 4.1860984
4.8155128 1.2719001 4.1877641
4.8201991 1.2796607 4.1860984
4.8113946 1.2778441 4.1766859
4.8128411 1.2770421 4.1789514
4.8148569 1.2764754 4.181767
4.8157325 1.2719526 4.1818826
1.2855 1.8075199 2.1806656
1.287875 1.8071579 2.1799429
0 0 0
3.3329174 2.0825773 3.9791268
3.334787 2.0803999 3.9767589
3.3351516 2.0821107 3.9788238
3.3354486 2.0798584 3.9769588
3.3351516 2.0821107 3.9788238
3.3354486 2.0798584 3.9769588
3.3341537 2.0816742 3.9767845
3.3391718 2.0812186 3.9814492
3.3367813 2.079913 3.9786201
3.3391718 2.0812186 3.9814492
3.3367813 2.079913 3.9786201
3.3338202 2.0760358 3.9759642
3.3356273 2.0783145 3.9770202
3.3346173 2.0793154 3.9776448
3.3356273 2.0783145 3.9770202
3.3346173 2.0793154 3.9776448
3.3360462 2.0772649 3.9802365
3.3368342 2.0765125 3.9808661
5.5784154 1.2174341 2.5288505
5.5818496 1.2176277 2.5286614
5.5784154 1.2174341 2.5288505
5.5764433 1.2176764 2.5311283
5.5759938 1.2179449 2.5341838
5.5758116 1.2148289 2.5337306
5.5759938 1.2179449 2.5341838
5.5765284 1.2172305 2.5296665
5.576848 1.2172882 2.5305243
5.5740904 1.2184802 2.5349563
5.576848 1.2172882 2.5305243
5.5740904 1.2184802 2.5349563
3.7757201 1.0418483 2.2890759
3.7773694 1.0417873 2.2861038
3.7778134 1.042825 2.2860272
3.7815365 1.0461445 2.2863751
3.7808554 1.0452767 2.2863759
3.7815365 1.0461445 2.2863751
3.7769143 1.0392937 2.2852138
3.7775369 1.0428384 2.2829739
3.7796232 1.0433053 2.2845545
3.7778139 1.046232 2.2840529
3.7777643 1.0428897 2.2870462
3.7778139 1.046232 2.2840529
3.7777643 1.0428897 2.2870462
3.7779385 1.0448319 2.2848233
3.7783047 1.0425679 2.2843533
3.7787122 1.0406625 2.2843829
3.7773453 1.0447394 2.285312
3.779274 1.0484895 2.2853988
3.7773453 1.0447394 2.285312
3.7780409 1.0409416 2.2875207
5.2568855 1.9142085 1.4555954
5.2559075 1.9246131 1.455035
5.2563019 1.9236449 1.4534993
5.2577046 1.9220989 1.4524031
5.2596846 1.9204729 1.4550677
5.2598029 1.9211272 1.4584746
5.2596846 1.9204729 1.4550677
5.2598029 1.9211272 1.4584746
5.2622356 1.9169998 1.4543798
5.2595158 1.9192196 1.4541345
5.2617346 1.9181703 1.4565158
5.2621541 1.9187048 1.4561621
5.2618421 1.9182104 1.4550208
5.2621541 1.9187048 1.4561621
5.2618421 1.9182104 1.4550208
5.2642014 1.9190969 1.4522
5.2635003 1.9214551 1.4514196
5.2645322 1.9187736 1.4521503
3.9229358 2.5136458 0.19174587
3.9229358 2.5136458 0.19174587
3.9229358 2.5136458 0.19174587
3.9237472 2.5094084 0.1902553
3.927757 2.5066045 0.19505539
3.93079 2.5079313 0.19898651
3.9326991 2.5084376 0.20157959
3.9347546 2.5123131 0.20101998
3.9320279 2.5101277 0.20031326
3.9347546 2.5123131 0.20101998
3.9328987 2.5120591 0.20110454
3.9307431 2.5057502 0.1951116
3.941941 2.5067951 0.20712716
4.6454563 2.5582732 4.5978866
4.6474272 2.5583612 4.5999416
4.6454563 2.5582732 4.5978866
4.6466263 2.5608883 4.5988884
4.6524614 2.5596903 4.6008089
4.6491447 2.5643837 4.5999818
5.7750944 1.4779405 4.4667099
5.7746947 1.4781537 4.4648374
5.7741045 1.475204 4.4643717
5.7731653 1.4750077 4.4658683
5.7782978 1.4788457 4.4653736
5.7790584 1.4741911 4.4662353
5.7793288 1.4769781 4.4653121
5.7773532 1.4771783 4.4646433
5.7778824 1.478351 4.4636366
5.7773532 1.4771783 4.4646433
5.7769781 1.4803695 4.4638489
5.7756325 1.478648 4.4648168
5.7769781 1.4803695 4.4638489
5.7756325 1.478648 4.4648168
5.7761139 1.4772515 4.4643764
5.7761772 1.4785889 4.4684138
4.8206218 1.2706869 4.1772841
4.8104706 1.2759251 4.1818462
4.8098505 1.2797645 4.1804268
4.8123096 1.2778531 4.1808858
4.8098505 1.2797645 4.1804268
4.8159618 1.2745828 4.182334
4.8154047 1.2758952 4.1831684
4.8159618 1.2745828 4.182334
4.8106969 1.2790821 4.1858144
4.8109822 1.2777538 4.1855138
4.8105774 1.2756109 4.1849308
4.8109822 1.2777538 4.1855138
4.8105774 1.2756109 4.1849308
4.8149772 1.2769278 4.1810275
4.8160452 1.2729845 4.1878756
0 0 0
0 0 0
4.8177678 1.2775876 4.1867697
4.8154309 1.2782771 4.1787142
4.8182066 1.2812502 4.1807894
1.2870496 1.8070125 2.1827979
1.286852 1.8080354 2.181695
1.2860451 1.8097355 2.1815872
1.2897016 1.8072596 2.176727
1.2868901 1.8072919 2.1801832
1.2897016 1.8072596 2.176727
3.3346729 2.0803134 3.977817
3.3337601 2.0814149 3.9785345
3.3388046 2.0785155 3.9771651
3.3337601 2.0814149 3.9785345
3.3388046 2.0785155 3.9771651
3.3372954 2.0795722 3.9781495
3.3357584 2.0799263 3.9808208
3.3331522 2.0771811 3.9791522
3.3357584 2.0799263 3.9808208
3.3331522 2.0771811 3.9791522
3.3374665 2.0781578 3.9772216
3.3394412 2.0790129 3.9784796
3.3387495 2.0787842 3.9789665
3.3394412 2.0790129 3.9784796
3.3387495 2.0787842 3.9789665
3.3401376 2.0788864 3.9817164
5.5789642 1.2159729 2.5312585
5.5822449 1.2178376 2.532379
5.5789642 1.2159729 2.5312585
5.5758554 1.2159956 2.5324077
5.5748777 1.213596 2.5338399
5.5746912 1.2159547 2.5343547
5.5762241 1.2184266 2.5301528
5.5746912 1.2159547 2.5343547
5.5762241 1.2184266 2.5301528
5.5761617 1.2183338 2.5291655
5.5756746 1.2193662 2.5357359
5.5756533 1.2204886 2.5368647
5.5794657 1.2171326 2.5347244
3.7788945 1.0443072 2.2838734
3.7801302 1.0403322 2.2837402
3.7799628 1.0447528 2.2845731
3.7814973 1.0446928 2.2872094
3.7799628 1.0447528 2.2845731
3.7814973 1.0446928 2.2872094
3.7784919 1.0453657 2.2881188
3.7797373 1.0426335 2.2806285
3.7795317 1.0426717 2.2831017
3.777386 1.0439939 2.2848567
3.7773605 1.0426502 2.2868041
3.777386 1.0439939 2.2848567
3.7773605 1.0426502 2.2868041
3.7790986 1.0430894 2.286137
3.7804026 1.045548 2.2839011
3.7834904 1.0421799 2.2809785
3.7804026 1.045548 2.2839011
3.7819513 1.0461786 2.2829225
3.7777023 1.0471408 2.2883572
3.7793767 1.0463954 2.2908666
5.2595703 1.9130001 1.4543893
5.260228 1.9240494 1.453312
5.2562198 1.9241502 1.4539137
5.2580841 1.9220712 1.4523114
5.2591003 1.921683 1.4546812
5.2580841 1.9220712 1.4523114
5.2591003 1.921683 1.4546812
5.2591817 1.9219643 1.4568768
5.2621637 1.9175456 1.4568951
5.2614873 1.9196241 1.4543142
5.2633271 1.9201798 1.4551794
5.2622643 1.9194941 1.4546587
5.2615012 1.9179375 1.4537985
5.2622643 1.9194941 1.4546587
5.2615012 1.9179375 1.4537985
5.2634477 1.9201789 1.4537015
5.2623078 1.9215419 1.4521809
0 0 0
3.1224419 1.0345137 5.8945169
3.121945 1.035962 5.8835981
3.1224419 1.0345137 5.8945169
3.9241659 2.5109918 0.19169125
3.9321282 2.5058058 0.20052272
3.9335693 2.5066548 0.1966817
3.9339342 2.5086146 0.20031117
3.9335693 2.5066548 0.1966817
3.9339342 2.5086146 0.20031117
3.9376352 2.5109371 0.20346691
3.9256653 2.5122496 0.19463085
3.9266581 2.5135057 0.19489878
3.9384639 2.5083143 0.20345797
4.6480745 2.5576848 4.6001462
4.6452602 2.5578602 4.5977977
4.6480745 2.5576848 4.6001462
4.64844 2.5610271 4.6003001
4.64906 2.5605537 4.5995138
4.6522875 2.5592203 4.6019572
5.773769 1.4768066 4.4659371
5.7733913 1.4780341 4.4656553
5.773769 1.4768066 4.4659371
5.7733913 1.4780341 4.4656553
5.7746672 1.4789847 4.4658617
5.7746714 1.477594 4.466512
5.7761838 1.4761529 4.4653916
5.7776825 1.4763304 4.4645891
5.7779701 1.4782635 4.4643361
5.7776825 1.4763304 4.4645891
5.7779701 1.4782635 4.4643361
5.7745602 1.4783848 4.4654345
5.7758404 1.4801338 4.4647191
5.7745602 1.4783848 4.4654345
5.7692184 1.4788758 4.4691159
1.1446296 0.62370498 1.5492605
1.1446296 0.62370498 1.5492605
4.812058 1.276383 4.1829664
4.8092932 1.2781595 4.181058
4.8113666 1.277031 4.1799441
4.8092932 1.2781595 4.181058
4.817112 1.2786693 4.1796042
4.8159698 1.2799794 4.1821291
4.8157711 1.2784609 4.1832794
4.8107755 1.2797723 4.1848977
4.8114145 1.2791461 4.1842931
4.8131526 1.2754164 4.1832925
4.8172059 1.275827 4.181674
4.8131526 1.2754164 4.1832925
4.8172059 1.275827 4.181674
5.754941 2.5569296 0.56335333
5.7544956 2.5581369 0.56722287
5.758106 2.5561469 0.56730704
5.7504608 2.5582588 0.55937761
5.749748 2.5578277 0.55842819
5.7504608 2.5582588 0.55937761
0 0 0
1.2869659 1.8071852 2.1808598
1.2855 1.8075199 2.1806656
1.287875 1.8071579 2.1799429
1.2858879 1.8061305 2.1798177
1.287875 1.8071579 2.1799429
1.2858879 1.8061305 2.1798177
3.3321674 2.0817233 3.9779979
3.3354486 2.0798584 3.9769588
3.3341537 2.0816742 3.9767845
3.3354486 2.0798584 3.9769588
3.3341537 2.0816742 3.9767845
3.3363991 2.0813478 3.975419
3.3343323 2.080384 3.9763446
3.3344111 2.0809752 3.9805852
3.3345323 2.0757797 3.9775436
3.3338202 2.0760358 3.9759642
3.3356273 2.0783145 3.9770202
3.3346173 2.0793154 3.9776448
3.3356273 2.0783145 3.9770202
3.3346173 2.0793154 3.9776448
5.5783967 1.2205866 2.5324709
5.5715034 1.2157622 2.5328997
5.5783967 1.2205866 2.5324709
5.5718476 1.2134573 2.5321111
5.5745226 1.2157384 2.5326915
5.5718476 1.2134573 2.5321111
5.5743719 1.214645 2.5327208
5.5748116 1.2172824 2.5317753
5.5743719 1.214645 2.5327208
5.5748116 1.2172824 2.5317753
5.5740314 1.2170548 2.5319286
5.5737557 1.2176749 2.5335696
5.5758346 1.2203338 2.5310209
0 0 0
3.7810432 1.0435546 2.2848837
3.7802865 1.0435462 2.2867367
3.7808554 1.0452767 2.2863759
3.7780138 1.0469225 2.2829108
3.7808554 1.0452767 2.2863759
3.7780138 1.0469225 2.2829108
3.7777629 1.0457921 2.2852602
3.7776998 1.0431438 2.28437
3.7786196 1.0445383 2.2887185
3.7760684 1.0434974 2.287463
3.7777643 1.0428897 2.2870462
3.7760684 1.0434974 2.287463
3.7777643 1.0428897 2.2870462
3.77783 1.0417439 2.286285
3.7787524 1.0437131 2.2861861
3.779274 1.0484895 2.2853988
3.7787524 1.0437131 2.2861861
3.779274 1.0484895 2.2853988
3.7800466 1.0464333 2.2896584
3.7806618 1.0462761 2.2908458
5.2581841 1.9102957 1.4551803
5.2587394 1.914134 1.4548374
5.2592516 1.9234679 1.4525663
5.2577046 1.9220989 1.4524031
5.2596846 1.9204729 1.4550677
5.2598029 1.9211272 1.4584746
5.2596846 1.9204729 1.4550677
5.2598029 1.9211272 1.4584746
5.2590802 1.9218248 1.456202
5.2609365 1.921487 1.4536581
5.2617346 1.9181703 1.4565158
5.2625002 1.9198184 1.4547913
5.2621438 1.9183432 1.4542869
5.2625002 1.9198184 1.4547913
5.2621438 1.9183432 1.4542869
5.2635886 1.9205687 1.4552043
3.1196645 1.0392132 5.8854298
3.1139768 1.0394598 5.8808422
3.1207947 1.0373476 5.8842179
3.1222278 1.0325339 5.8860353
3.1214297 1.0342271 5.887315
3.1222278 1.0325339 5.8860353
3.9374891 2.5091052 0.20377152
3.9315539 2.508234 0.1937939
3.9316788 2.5097479 0.19644062
3.9315539 2.508234 0.1937939
3.9316788 2.5097479 0.19644062
3.9316438 2.5123834 0.20050096
3.9283968 2.5106533 0.19648338
3.9273896 2.5112474 0.19433323
3.9283968 2.5106533 0.19648338
4.6518537 2.5571428 4.6032935
4.6513347 2.5568378 4.6029877
4.6454563 2.5582732 4.5978866
4.6466263 2.5608883 4.5988884
4.6490373 2.5590016 4.6020364
4.6529411 2.5533299 4.6049079
0 0 0
5.7746947 1.4781537 4.4648374
5.7760011 1.4770705 4.4657891
5.7750788 1.4787691 4.4654531
5.7756099 1.4800321 4.4646385
5.7790584 1.4741911 4.4662353
5.7755193 1.4786261 4.4648187
5.7790584 1.4741911 4.4662353
5.7793288 1.4769781 4.4653121
5.7782296 1.4781928 4.4650861
5.7755797 1.4786805 4.466767
5.7782296 1.4781928 4.4650861
5.7755797 1.4786805 4.466767
1.1495941 0.61769455 1.5450229
1.1379045 0.6274104 1.546452
1.150413 0.62210556 1.5422898
1.150725 0.6232629 1.5434215
1.150413 0.62210556 1.5422898
4.8103688 1.2782095 4.1828734
4.8166101 1.2879688 4.1863948
4.8103688 1.2782095 4.1828734
4.813911 1.275047 4.1807264
4.8092483 1.272881 4.1884817
4.8117442 1.2790139 4.1844415
4.8106969 1.2790821 4.1858144
4.8109822 1.2777538 4.1855138
0 0 0
5.7561086 2.5573633 0.56412835
5.7587847 2.5581425 0.56748416
5.7561086 2.5573633 0.56412835
5.745749 2.5555898 0.55787369
5.7512419 2.5568531 0.5648938
5.7572124 2.5567998 0.56678982
5.7537411 2.5577798 0.56318546
5.74879 2.5587618 0.55844373
5.7537411 2.5577798 0.56318546
0 0 0
1.2832851 1.8046352 2.1829171
1.2860451 1.8097355 2.1815872
1.2881432 1.8092218 2.1799439
1.2856463 1.8057987 2.1795976
1.2881432 1.8092218 2.1799439
1.2856463 1.8057987 2.1795976
1.2849131 1.8049828 2.1789153
0 0 0
3.3372954 2.0795722 3.9781495
3.3388046 2.0785155 3.9771651
3.3372954 2.0795722 3.9781495
3.3360091 2.07789 3.9799468
3.3345832 2.0773449 3.9780271
3.3360091 2.07789 3.9799468
3.3350441 2.0784638 3.9787573
3.3357046 2.0771364 3.9805101
3.3355531 2.0788007 3.9800001
3.3352735 2.0807558 3.9804042
3.3355531 2.0788007 3.9800001
5.5816503 1.2175223 2.5281317
5.575287 1.2197986 2.5339851
5.5735265 1.2157404 2.533481
5.575287 1.2197986 2.5339851
5.5735265 1.2157404 2.533481
5.5745153 1.2157357 2.5344894
5.5748777 1.213596 2.5338399
5.5746912 1.2159547 2.5343547
5.5762241 1.2184266 2.5301528
5.5746912 1.2159547 2.5343547
5.5762241 1.2184266 2.5301528
5.5755762 1.2203098 2.5354584
5.5740567 1.2175722 2.5344284
5.5755762 1.2203098 2.5354584
5.5794657 1.2171326 2.5347244
3.7731155 1.0387592 2.2881907
3.7762964 1.0464589 2.2902823
3.7799628 1.0447528 2.2845731
3.7768044 1.0451843 2.2853566
3.7799628 1.0447528 2.2845731
3.7768044 1.0451843 2.2853566
3.7777679 1.0443285 2.2869683
3.7812876 1.0437482 2.2864152
3.7785481 1.0455317 2.2871058
3.7765181 1.0435994 2.2881671
3.7773888 1.0437189 2.2878228
3.7765181 1.0435994 2.2881671
3.7773888 1.0437189 2.2878228
3.7746054 1.0405892 2.2861431
3.7768498 1.040967 2.2864161
3.7746054 1.0405892 2.2861431
3.7768498 1.040967 2.2864161
3.7790033 1.0457341 2.2889999
3.7784359 1.0463582 2.28914
3.778981 1.0453699 2.2861054
5.2608369 1.9126008 1.4550128
5.2601712 1.9154698 1.4540256
5.2621458 1.9224264 1.4536669
5.2580841 1.9220712 1.4523114
5.2621458 1.9224264 1.4536669
5.2580841 1.9220712 1.4523114
5.2591003 1.921683 1.4546812
5.2591817 1.9219643 1.4568768
5.2580345 1.9207922 1.4554078
5.260443 1.9207292 1.4534022
5.2610897 1.9205446 1.4536514
5.2622643 1.9194941 1.4546587
5.25984 1.9185956 1.452755
5.2622643 1.9194941 1.4546587
0 0 0
3.1197192 1.0353663 5.8837498
3.1219883 1.034938 5.8852242
3.1213142 1.0354249 5.8861715
3.1219883 1.034938 5.8852242
3.1213142 1.0354249 5.8861715
3.121386 1.0369814 5.88557
3.1225833 1.0354527 5.8867984
3.1216302 1.0366675 5.8853207
3.1207565 1.039914 5.8864433
3.9339342 2.5086146 0.20031117
3.9335693 2.5066548 0.1966817
3.9277707 2.5142963 0.19741755
3.9273664 2.5143045 0.19588991
3.9272416 2.512869 0.19510121
3.9301857 2.5133912 0.19751687
3.9309743 2.5129652 0.19841759
4.6547344 2.557631 4.6062109
4.6452602 2.5578602 4.5977977
4.6458881 2.5582237 4.5981603
4.6495525 2.55724 4.6001101
4.6559304 2.5575208 4.609034
4.6522875 2.5592203 4.6019572
5.773769 1.4768066 4.4659371
5.7733913 1.4780341 4.4656553
5.773769 1.4768066 4.4659371
5.7733913 1.4780341 4.4656553
5.7746672 1.4789847 4.4658617
5.7752294 1.4768436 4.4663034
5.7747253 1.4756425 4.4644887
5.7709839 1.4794907 4.463731
5.7708361 1.4807985 4.4633987
5.7747174 1.4805041 4.4717495
5.7746643 1.4778717 4.4697103
5.7751647 1.4769807 4.4687851
1.1480739 0.61747242 1.5450781
1.1489304 0.61940418 1.5456168
1.1450058 0.61913372 1.549519
1.1435163 0.62025825 1.5518498
1.1427433 0.62170874 1.5513262
1.1435163 0.62025825 1.5518498
1.1427433 0.62170874 1.5513262
0 0 0
4.8116439 1.2757053 4.1798396
4.8084763 1.2755169 4.1774052
4.8166722 1.2733315 4.1823641
4.8122844 1.272739 4.1804437
5.7484304 2.5607598 0.55448002
5.7538107 2.5590967 0.5592078
5.7548962 2.55682 0.56127359
5.7563195 2.5554813 0.56190407
5.7587667 2.5545769 0.5641732
5.7568221 2.5559575 0.56291261
5.754941 2.5569296 0.56335333
5.7544956 2.5581369 0.56722287
5.7556794 2.5578394 0.56546232
5.7544956 2.5581369 0.56722287
5.7506965 2.5599463 0.55809616
5.7514711 2.5573815 0.55983102
1.2839634 1.8108976 2.18385
1.2852278 1.8078437 2.1828098
1.285945 1.8068427 2.1829198
1.2874656 1.8054466 2.1833521
1.2858879 1.8061305 2.1798177
1.2880823 1.8090195 2.1816928
1.2858879 1.8061305 2.1798177
1.2880823 1.8090195 2.1816928
0 0 0
3.3358356 2.0794778 3.9732641
3.3352122 2.0794006 3.9738767
3.3358356 2.0794778 3.9732641
3.3367881 2.0791631 3.9792531
3.3356211 2.0788186 3.9772937
3.3358857 2.0785443 3.9755782
3.3367564 2.0775258 3.9774503
3.3358857 2.0785443 3.9755782
3.3357292 2.0748749 3.9750413
5.5795401 1.2181416 2.5305966
5.5775146 1.2166904 2.533018
5.5795401 1.2181416 2.5305966
5.574288 1.2190681 2.5329628
5.5715034 1.2157622 2.5328997
5.574288 1.2190681 2.5329628
5.5715034 1.2157622 2.5328997
5.5726108 1.2199137 2.5321489
5.5759144 1.2161594 2.531787
5.5726108 1.2199137 2.5321489
5.5748116 1.2172824 2.5317753
5.5743719 1.214645 2.5327208
5.5748116 1.2172824 2.5317753
5.5735809 1.22057 2.5334206
5.5731661 1.2163398 2.5343494
5.5735809 1.22057 2.5334206
5.5739735 1.2194973 2.5337136
3.7792831 1.0437286 2.289117
3.7787567 1.04275 2.2893978
3.7792831 1.0437286 2.289117
3.7784085 1.046757 2.2882508
3.7774282 1.0435181 2.2868351
3.7778812 1.0417658 2.2859434
3.7786938 1.0420918 2.2861637
3.7778812 1.0417658 2.2859434
3.7786938 1.0420918 2.2861637
3.7807634 1.0412433 2.2857322
3.7786196 1.0445383 2.2887185
3.7770194 1.0432836 2.2892336
3.7754154 1.0432422 2.2909577
3.7747297 1.0423534 2.2858505
3.7759258 1.0411984 2.2871305
3.7764311 1.0398834 2.289645
3.7760523 1.042736 2.2900526
3.7764311 1.0398834 2.289645
3.7800466 1.0464333 2.2896584
3.7781464 1.0436973 2.2834639
5.2581841 1.9102957 1.4551803
5.2587394 1.914134 1.4548374
5.2633252 1.9215206 1.4545947
5.2606383 1.9196182 1.4573872
5.2633252 1.9215206 1.4545947
5.2606383 1.9196182 1.4573872
5.258599 1.9220323 1.4533486
5.2583279 1.9185838 1.453169
5.2587183 1.9200108 1.4554617
5.2592386 1.9188894 1.4560325
5.2597243 1.9194079 1.456043
5.259032 1.9198012 1.4545819
5.260815 1.91859 1.45389
0 0 0
0 0 0
3.1214258 1.0325325 5.8867304
3.1217612 1.0345222 5.8850343
3.1214258 1.0325325 5.8867304
3.1202918 1.0357941 5.8879604
3.1222278 1.0325339 5.8860353
3.1214297 1.0342271 5.887315
3.1222278 1.0325339 5.8860353
3.1214297 1.0342271 5.887315
3.1219498 1.0341867 5.8862427
3.1208876 1.0332924 5.8849623
3.925427 2.5142869 0.19246277
3.9289625 2.5132696 0.19377682
3.9233432 2.5146458 0.19165495
3.9251794 2.5136331 0.19294234
3.928413 2.5138262 0.19555996
3.9273877 2.5122619 0.19499771
4.6556914 2.5558455 4.6075014
4.6513347 2.5568378 4.6029877
4.6520425 2.5560052 4.6027081
4.6532642 2.5547336 4.6029629
4.6538529 2.5589545 4.6114286
4.6529411 2.5533299 4.6049079
5.7760011 1.4770705 4.4657891
5.7759333 1.477247 4.4673796
5.7760011 1.4770705 4.4657891
5.7750788 1.4787691 4.4654531
5.7762366 1.4802214 4.466352
5.7762531 1.4795539 4.4653353
5.7751776 1.4789142 4.462712
5.773474 1.4784898 4.4658617
5.770534 1.4780912 4.4618135
5.7756857 1.4805435 4.4721845
5.7745319 1.4799766 4.4708047
1.1495941 0.61769455 1.5450229
1.1493685 0.61851411 1.5470461
1.1484821 0.6192365 1.54607
1.1469257 0.61888535 1.5470774
1.1484821 0.6192365 1.54607
1.1469257 0.61888535 1.5470774
1.1451778 0.62194176 1.5496128
1.1458447 0.62320416 1.5483708
1.1438163 0.62336568 1.5479526
0 0 0
5.738452 2.5629213 0.54657899
5.7443331 2.5620009 0.54917304
5.7502477 2.5585308 0.55567357
5.7443331 2.5620009 0.54917304
5.7502477 2.5585308 0.55567357
5.7523945 2.5574345 0.56100359
5.7511304 2.5573337 0.55873526
5.7456415 2.5589664 0.5560765
5.7556197 2.5581285 0.56211469
5.745749 2.5555898 0.55787369
5.7512419 2.5568531 0.5648938
5.745749 2.5555898 0.55787369
5.7512419 2.5568531 0.5648938
5.7573701 2.5585266 0.56686401
5.7594328 2.5560805 0.56767599
1.2864003 1.8087899 2.1809018
1.2884682 1.8085032 2.1809644
1.2889023 1.8092695 2.1812243
1.2869089 1.8066469 2.1819696
1.2856463 1.8057987 2.1795976
1.2869089 1.8066469 2.1819696
1.2856463 1.8057987 2.1795976
1.2898996 1.8068671 2.1826638
1.2866848 1.8084312 2.1781171
1.2865125 1.8115312 2.1775592
3.3354464 2.0801551 3.9723721
3.3351227 2.077672 3.9754012
3.3361044 2.0780632 3.9769413
3.3380263 2.0781425 3.9767242
3.3384085 2.0798759 3.9758349
3.3372003 2.0794863 3.9721131
3.3384085 2.0798759 3.9758349
5.5759481 1.2160716 2.5336072
5.5759921 1.2170129 2.5331442
5.5759481 1.2160716 2.5336072
5.5759921 1.2170129 2.5331442
5.5769684 1.2185938 2.533227
5.5761561 1.2181102 2.5311262
5.5759789 1.2167482 2.5322475
5.5731785 1.2172307 2.5325738
5.5726213 1.2208043 2.5361279
5.5735415 1.2170363 2.5316984
5.5719559 1.2177174 2.5318601
5.574472 1.2133239 2.5320965
5.575191 1.2149397 2.533578
5.5760048 1.2146548 2.52955
5.5756904 1.2193601 2.5296113
5.5760048 1.2146548 2.52955
5.5756904 1.2193601 2.5296113
0 0 0
3.778566 1.0407862 2.2873978
3.7788252 1.0429549 2.2886515
3.778566 1.0407862 2.2873978
3.7788252 1.0429549 2.2886515
3.7785073 1.0428011 2.2857058
3.7805715 1.039859 2.2847534
3.7818166 1.0416454 2.2834678
3.7805715 1.039859 2.2847534
3.7818166 1.0416454 2.2834678
3.7825873 1.0414179 2.2839465
3.7791825 1.0420011 2.2879456
3.7773966 1.0410036 2.2893308
3.7747167 1.0407154 2.288462
3.7759882 1.0402277 2.2871058
3.7785505 1.0408027 2.2850837
3.7759882 1.0402277 2.2871058
3.7785505 1.0408027 2.2850837
3.7772242 1.0425092 2.2875681
3.7784359 1.0463582 2.28914
3.7788256 1.0441342 2.2823944
5.2608369 1.9126008 1.4550128
5.2601712 1.9154698 1.4540256
5.2621458 1.9224264 1.4536669
5.2626059 1.9191712 1.4559162
5.2621458 1.9224264 1.4536669
5.2614037 1.918817 1.4561069
5.2609951 1.9164976 1.4557785
5.2617435 1.9175093 1.4547247
5.2605341 1.919741 1.4565882
5.2606817 1.9186495 1.4567719
5.2605216 1.9205782 1.4555352
5.2579328 1.9208987 1.454585
5.25984 1.9185956 1.452755
3.1197192 1.0353663 5.8837498
3.1199152 1.0341219 5.8841404
3.1197192 1.0353663 5.8837498
3.1226106 1.0329667 5.8835611
3.1213142 1.0354249 5.8861715
3.1219883 1.034938 5.8852242
3.1213142 1.0354249 5.8861715
3.121386 1.0369814 5.88557
3.1225833 1.0354527 5.8867984
3.1243743 1.0332352 5.8841486
3.1260267 1.0330103 5.8846664
3.1243743 1.0332352 5.8841486
3.1254765 1.0368274 5.8812182
3.1248149 1.0377854 5.8829723
3.9262111 2.5154257 0.19352728
3.9272416 2.512869 0.19510121
3.9301857 2.5133912 0.19751687
3.9309743 2.5129652 0.19841759
4.6547344 2.557631 4.6062109
4.6535695 2.5568947 4.6034325
4.6550974 2.5565201 4.604779
4.6478553 2.5599183 4.6009558
4.6516977 2.5597435 4.6083519
4.6542302 2.559731 4.6134161
5.7742816 1.4768303 4.4682263
5.7753471 1.4780329 4.4685043
5.7754846 1.4791721 4.4675666
5.7746374 1.4800525 4.4668094
5.7747253 1.4756425 4.4644887
5.7752294 1.4768436 4.4663034
5.7747253 1.4756425 4.4644887
5.7709839 1.4794907 4.463731
5.7708361 1.4807985 4.4633987
5.7747174 1.4805041 4.4717495
1.1463055 0.62460797 1.5397732
1.1464309 0.62317906 1.5472623
1.1414311 0.6203266 1.5505047
1.1454854 0.62172518 1.5468937
1.1452444 0.6221448 1.5479188
1.1454854 0.62172518 1.5468937
1.1452444 0.6221448 1.5479188
1.1435163 0.62025825 1.5518498
1.1427433 0.62170874 1.5513262
1.1511084 0.62786473 1.5422164
5.7486975 2.5597883 0.55468613
5.7474193 2.5575231 0.55460599
5.7484304 2.5607598 0.55448002
5.7538107 2.5590967 0.5592078
5.7484304 2.5607598 0.55448002
5.7538107 2.5590967 0.5592078
5.7548962 2.55682 0.56127359
5.7563195 2.5554813 0.56190407
5.7512091 2.5560489 0.55897073
5.750446 2.5599769 0.56161813
5.7491597 2.5588676 0.56226413
5.7543265 2.5592755 0.56906069
5.7557571 2.5607294 0.5637865
5.7554568 2.5592833 0.56467511
5.7557571 2.5607294 0.5637865
5.7554568 2.5592833 0.56467511
1.2917902 1.8055263 2.1816052
1.2908126 1.8073966 2.1809578
1.285945 1.8068427 2.1829198
1.2876685 1.8057267 2.1787258
1.2854076 1.8071757 2.1798625
1.2906744 1.8070506 2.1827341
1.2854076 1.8071757 2.1798625
1.2906744 1.8070506 2.1827341
1.2862592 1.8098308 2.1821045
1.2869537 1.8102031 2.1803694
1.288621 1.8107032 2.1822309
3.3373328 2.0797005 3.9797965
3.3381645 2.0798097 3.980805
3.3354497 2.0788801 3.9769648
3.336165 2.0795111 3.9786254
5.5746385 1.2149941 2.5362664
5.5718681 1.2182138 2.5371438
5.5746385 1.2149941 2.5362664
5.5734452 1.2179961 2.5340859
5.5740914 1.2174179 2.535532
5.5734452 1.2179961 2.5340859
5.5761552 1.2199972 2.5322253
5.5714683 1.2174236 2.5358645
5.5729687 1.2185006 2.5363519
5.5714683 1.2174236 2.5358645
5.5726108 1.2199137 2.5321489
5.5710023 1.2156271 2.5318953
5.5726108 1.2199137 2.5321489
5.5710023 1.2156271 2.5318953
5.5728988 1.217789 2.5322709
5.5788275 1.2157005 2.5293273
5.5735809 1.22057 2.5334206
5.5788275 1.2157005 2.5293273
5.5735809 1.22057 2.5334206
5.5695202 1.2142663 2.5358508
3.7792831 1.0437286 2.289117
3.7787567 1.04275 2.2893978
3.7792831 1.0437286 2.289117
3.7784085 1.046757 2.2882508
3.7774282 1.0435181 2.2868351
3.7778812 1.0417658 2.2859434
3.7786938 1.0420918 2.2861637
3.7778812 1.0417658 2.2859434
3.7786938 1.0420918 2.2861637
3.7807634 1.0412433 2.2857322
3.7798606 1.0387108 2.2884222
3.7717461 1.0417512 2.2942512
3.77218 1.0396953 2.2959414
3.7765101 1.0412042 2.2868985
3.7759258 1.0411984 2.2871305
3.7764311 1.0398834 2.289645
3.7760523 1.042736 2.2900526
3.7764311 1.0398834 2.289645
3.7785716 1.0454538 2.2862867
3.7781464 1.0436973 2.2834639
5.2635248 1.9170692 1.4548043
5.2625306 1.9144809 1.4564956
5.2633252 1.9215206 1.4545947
5.2601035 1.9188477 1.4568626
5.260722 1.9175478 1.4575498
5.2601035 1.9188477 1.4568626
5.260722 1.9175478 1.4575498
5.2625662 1.9196609 1.456301
5.2626965 1.9186847 1.4568944
5.2592386 1.9188894 1.4560325
5.2597243 1.9194079 1.456043
5.259032 1.9198012 1.4545819
0 0 0
3.1201759 1.0353676 5.884448
3.1243566 1.0352115 5.8833737
3.1214258 1.0325325 5.8867304
3.1243566 1.0352115 5.8833737
3.1214258 1.0325325 5.8867304
3.1231758 1.0365677 5.8869738
3.1206162 1.0360217 5.8877174
3.1207404 1.0356023 5.8839607
3.1219498 1.0341867 5.8862427
3.1221229 1.0321705 5.8841763
3.1220148 1.0326962 5.8839136
3.1221229 1.0321705 5.8841763
3.1220148 1.0326962 5.8839136
3.1227884 1.0371274 5.8838322
3.1228348 1.0363633 5.8835617
3.1227884 1.0371274 5.8838322
3.1232645 1.0380003 5.8874906
3.1215442 1.0345865 5.8883522
3.1251704 1.0371869 5.8848938
4.659522 2.5569431 4.6097861
4.6571585 2.5551122 4.607388
4.6543351 2.5563692 4.6036616
4.6538529 2.5589545 4.6114286
4.6559168 2.5617516 4.6121013
5.7704414 1.4798391 4.4692453
5.775703 1.4812791 4.4657474
5.7762366 1.4802214 4.466352
5.7762531 1.4795539 4.4653353
5.7731089 1.4822733 4.464174
5.7762531 1.4795539 4.4653353
5.7731089 1.4822733 4.464174
5.7728118 1.4791835 4.4611336
5.770534 1.4780912 4.4618135
0 0 0
1.1431297 0.62266777 1.5491394
1.1480512 0.6244213 1.5450983
1.1408481 0.62169394 1.5528162
1.1435027 0.62129619 1.5492962
1.1433166 0.62076028 1.550873
1.1435027 0.62129619 1.5492962
1.1433166 0.62076028 1.550873
1.1451778 0.62194176 1.5496128
1.1458447 0.62320416 1.5483708
1.1532727 0.62952375 1.5439778
5.7520195 2.5610588 0.55797693
5.7529014 2.5592189 0.55682037
5.7479303 2.5598465 0.55536152
5.7499856 2.5576167 0.55832545
5.7523945 2.5574345 0.56100359
5.7511304 2.5573337 0.55873526
5.7523945 2.5574345 0.56100359
5.7511304 2.5573337 0.55873526
5.7456415 2.5589664 0.5560765
5.744677 2.5550973 0.55513682
5.7487477 2.5532255 0.55788615
5.7488423 2.5555014 0.5578682
5.7497729 2.5574094 0.55876803
5.7523123 2.5603067 0.5616034
5.7522657 2.5605458 0.56429485
5.7614286 2.5618794 0.57460959
1.2864003 1.8087899 2.1809018
1.2884682 1.8085032 2.1809644
1.2889023 1.8092695 2.1812243
1.2869089 1.8066469 2.1819696
1.2868829 1.8078455 2.1817102
1.2904344 1.8057482 2.1848509
1.2900277 1.80576 2.1861439
1.2870752 1.8078496 2.184234
1.2900277 1.80576 2.1861439
1.2870752 1.8078496 2.184234
1.2889549 1.8120648 2.1817823
1.2872926 1.8093259 2.1837885
1.2889549 1.8120648 2.1817823
5.5756078 1.2185964 2.5347444
5.5678655 1.2185304 2.5403836
5.5711326 1.2164015 2.5385302
5.5729623 1.2165945 2.5358696
5.5759481 1.2160716 2.5336072
5.5759921 1.2170129 2.5331442
5.5759481 1.2160716 2.5336072
5.5759921 1.2170129 2.5331442
5.5769684 1.2185938 2.533227
5.5761561 1.2181102 2.5311262
5.576373 1.2183555 2.5337001
5.5747608 1.2172535 2.5342586
5.576373 1.2183555 2.5337001
5.5711878 1.2150746 2.532024
5.5728594 1.2194156 2.5288007
5.5711878 1.2150746 2.532024
5.5728594 1.2194156 2.5288007
5.5760048 1.2146548 2.52955
5.5756904 1.2193601 2.5296113
5.5760048 1.2146548 2.52955
5.5756904 1.2193601 2.5296113
5.5695202 1.2142663 2.5358508
3.778566 1.0407862 2.2873978
3.7788252 1.0429549 2.2886515
3.778566 1.0407862 2.2873978
3.7788252 1.0429549 2.2886515
3.7785073 1.0428011 2.2857058
3.7805715 1.039859 2.2847534
3.7818166 1.0416454 2.2834678
3.7805715 1.039859 2.2847534
3.7818166 1.0416454 2.2834678
3.7825873 1.0414179 2.2839465
3.7737423 1.0399757 2.2863145
3.7724481 1.0410306 2.2864986
3.7737423 1.0399757 2.2863145
3.7759882 1.0402277 2.2871058
3.7785505 1.0408027 2.2850837
3.7759882 1.0402277 2.2871058
3.7785505 1.0408027 2.2850837
3.7772242 1.0425092 2.2875681
3.7788487 1.0403746 2.2899948
3.7788256 1.0441342 2.2823944
5.2615725 1.9168193 1.4539218
5.2626059 1.9191712 1.4559162
5.2624107 1.9195239 1.4559858
5.2626059 1.9191712 1.4559162
5.2624107 1.9195239 1.4559858
5.2614037 1.918817 1.4561069
5.2617309 1.9201036 1.4553301
5.261135 1.9193291 1.4549276
5.2617309 1.9201036 1.4553301
5.2628976 1.9197006 1.4565502
5.2605216 1.9205782 1.4555352
3.1223313 1.0405762 5.8877212
3.1199228 1.036409 5.8870332
3.121551 1.034122 5.884394
3.1244566 1.0342551 5.8839066
3.1247964 1.0345965 5.8862061
3.1244566 1.0342551 5.8839066
3.1247964 1.0345965 5.8862061
3.1223476 1.0362749 5.8876997
3.1233297 1.0386482 5.8880684
3.1243099 1.0351994 5.8859704
3.1260267 1.0330103 5.8846664
3.1243743 1.0332352 5.8841486
3.1260267 1.0330103 5.8846664
3.1214701 1.0360366 5.8856166
3.1204766 1.0371933 5.8854744
3.1198452 1.0364024 5.8854297
3.1212175 1.036612 5.8866734
3.1198452 1.0364024 5.8854297
3.1212175 1.036612 5.8866734
3.1191959 1.0327134 5.8888282
3.122156 1.0358295 5.8857939
0 0 0
0 0 0
4.6478553 2.5599183 4.6009558
4.6516977 2.5597435 4.6083519
4.6542302 2.559731 4.6134161
0 0 0
5.7756418 1.4778948 4.4693771
5.7722514 1.4824154 4.4670274
5.774072 1.4784916 4.4657821
5.7702277 1.4826411 4.4655983
5.7687207 1.4837117 4.4656845
5.7702277 1.4826411 4.4655983
0 0 0
1.1469482 0.6238171 1.5445953
1.1481381 0.62716369 1.5360573
1.1463055 0.62460797 1.5397732
1.143053 0.62205115 1.5508205
1.1414311 0.6203266 1.5505047
1.1454854 0.62172518 1.5468937
1.1452444 0.6221448 1.5479188
1.1454854 0.62172518 1.5468937
1.1452444 0.6221448 1.5479188
1.145484 0.62362464 1.5492285
1.1461176 0.62209392 1.550185
1.1511084 0.62786473 1.5422164
5.7486975 2.5597883 0.55468613
5.7474193 2.5575231 0.55460599
5.7506579 2.5578784 0.56034349
5.7515508 2.556478 0.5616101
5.7506579 2.5578784 0.56034349
5.7515508 2.556478 0.5616101
5.7533043 2.5588158 0.56243822
5.7544506 2.5597737 0.56111125
5.7541321 2.5628407 0.56096924
5.7447196 2.5551669 0.55400903
5.7449986 2.5548684 0.55591899
5.7454864 2.5568631 0.55632716
5.7557571 2.5607294 0.5637865
5.7515488 2.5624581 0.56110107
5.7557571 2.5607294 0.5637865
5.7515488 2.5624581 0.56110107
1.293477 1.8071064 2.1791522
1.2908126 1.8073966 2.1809578
1.2895759 1.8090289 2.1820079
1.2876685 1.8057267 2.1787258
1.2891049 1.8070819 2.1809974
1.2906744 1.8070506 2.1827341
1.2896644 1.8070634 2.18525
1.2882856 1.8066847 2.1846834
1.2862592 1.8098308 2.1821045
1.2882856 1.8066847 2.1846834
1.288621 1.8107032 2.1822309
1.2876829 1.8074816 2.1825709
1.2902522 1.8097575 2.1842652
5.5742157 1.2137998 2.5347178
5.5725725 1.2166337 2.5316456
5.5736864 1.2169443 2.5323968
5.573388 1.2181764 2.5349314
5.5740914 1.2174179 2.535532
5.5734452 1.2179961 2.5340859
5.5740914 1.2174179 2.535532
5.5734452 1.2179961 2.5340859
5.5761552 1.2199972 2.5322253
5.5755304 1.2173993 2.5351104
5.5765596 1.2170585 2.5331143
5.5755304 1.2173993 2.5351104
5.5744157 1.2181516 2.5329023
5.5710023 1.2156271 2.5318953
5.5744157 1.2181516 2.5329023
5.5710023 1.2156271 2.5318953
5.5726227 1.2189324 2.5290662
5.5788275 1.2157005 2.5293273
5.5786294 1.2190148 2.5289395
5.5788275 1.2157005 2.5293273
5.5786294 1.2190148 2.5289395
3.7787982 1.0478573 2.2828592
3.7774283 1.0453031 2.2826208
3.776257 1.0437597 2.293396
3.7798745 1.0448076 2.2882497
3.776257 1.0437597 2.293396
3.7807265 1.0427736 2.2859782
3.7803888 1.0440781 2.2865617
3.7756043 1.041204 2.2896283
3.7761916 1.0405042 2.2879593
3.7727297 1.0424442 2.2870703
3.7738704 1.0418666 2.2873447
3.7727297 1.0424442 2.2870703
3.773183 1.0417376 2.2856152
3.7756755 1.0406874 2.2880054
3.7775555 1.0396233 2.2885607
3.779996 1.0410833 2.2871276
3.7775555 1.0396233 2.2885607
3.779996 1.0410833 2.2871276
3.7785161 1.0415209 2.28632
3.7789039 1.0431453 2.2881517
3.7798842 1.0437044 2.2867878
5.2576194 1.915895 1.4553048
5.2625144 1.9182695 1.4531738
5.2619408 1.9198335 1.4527353
5.2601035 1.9188477 1.4568626
5.260722 1.9175478 1.4575498
5.2601035 1.9188477 1.4568626
5.260722 1.9175478 1.4575498
5.2606208 1.9197251 1.4554215
5.2608569 1.9205881 1.4556136
5.2635457 1.9204767 1.4553852
3.1208441 1.0381681 5.8913441
3.1205638 1.0388604 5.8896885
3.1234801 1.0378862 5.8872391
3.124495 1.0361807 5.8840744
3.1232993 1.0372265 5.8848699
3.1232139 1.0367366 5.8853089
3.1232993 1.0372265 5.8848699
3.1232139 1.0367366 5.8853089
3.1256512 1.0364071 5.8843426
3.1231714 1.0348892 5.8856984
3.1212614 1.0355414 5.8868435
3.1227441 1.0341642 5.8856464
3.1221229 1.0321705 5.8841763
3.1220148 1.0326962 5.8839136
3.1221229 1.0321705 5.8841763
3.1220148 1.0326962 5.8839136
3.1227884 1.0371274 5.8838322
3.1228348 1.0363633 5.8835617
3.1227884 1.0371274 5.8838322
3.1183927 1.0346687 5.8884742
3.1199949 1.0334014 5.8877665
3.1251704 1.0371869 5.8848938
3.1216469 1.0340768 5.8859253
3.1251704 1.0371869 5.8848938
3.1218163 1.0332338 5.8843448
4.6568392 2.5598793 4.6103985
4.6559168 2.5617516 4.6121013
0 0 0
5.7756167 1.4791732 4.4710756
5.778101 1.4775372 4.4716977
5.7720427 1.4817705 4.4656488
5.7698091 1.4806174 4.466378
5.7720427 1.4817705 4.4656488
1.1470425 0.62491521 1.5454884
1.1430987 0.62013551 1.5470597
1.1470425 0.62491521 1.5454884
1.1424019 0.62403123 1.5490791
1.1444817 0.6233003 1.5536669
1.144999 0.62393218 1.5512311
1.1408481 0.62169394 1.5528162
1.1435027 0.62129619 1.5492962
1.1433166 0.62076028 1.550873
1.1435027 0.62129619 1.5492962
1.1433166 0.62076028 1.550873
1.1428281 0.62326612 1.5529094
1.1425368 0.62168301 1.5545107
1.1532727 0.62952375 1.5439778
5.7520195 2.5610588 0.55797693
5.7529014 2.5592189 0.55682037
5.7520195 2.5610588 0.55797693
5.7478145 2.5581684 0.55641777
5.7486218 2.5597369 0.55885795
5.7453794 2.5562099 0.55695549
5.7486218 2.5597369 0.55885795
5.7499292 2.5608313 0.55774387
5.7521643 2.5647516 0.56041966
5.7442476 2.5538748 0.55642522
5.7463763 2.5534231 0.55997164
5.7488423 2.5555014 0.5578682
5.7497729 2.5574094 0.55876803
5.7523123 2.5603067 0.5616034
5.7522657 2.5605458 0.56429485
1.2910868 1.8080195 2.179195
1.2908539 1.8080072 2.179893
1.2912131 1.8085126 2.1809051
1.2887414 1.8104746 2.1814768
1.2884917 1.8117862 2.1816448
1.2913493 1.8046384 2.182583
1.2904344 1.8057482 2.1848509
1.2900277 1.80576 2.1861439
1.2870752 1.8078496 2.184234
1.2900277 1.80576 2.1861439
1.2870752 1.8078496 2.184234
1.2875404 1.8073484 2.1834346
1.2873904 1.8069071 2.182028
1.2858992 1.8059271 2.1817983
5.5727265 1.2202905 2.5293606
5.5728465 1.2177104 2.5306421
5.574676 1.2166854 2.5302782
5.5750844 1.2171017 2.5330008
5.574676 1.2166854 2.5302782
5.5750844 1.2171017 2.5330008
5.5737525 1.2164511 2.5357388
5.5731077 1.2179365 2.5349951
5.5754202 1.2206822 2.5322554
5.5747608 1.2172535 2.5342586
5.576373 1.2183555 2.5337001
5.5747608 1.2172535 2.5342586
5.576373 1.2183555 2.5337001
5.5742293 1.2191133 2.5309105
5.5746319 1.2201377 2.5299315
5.5742293 1.2191133 2.5309105
5.5733515 1.2202831 2.5293169
5.5733956 1.2177391 2.5288788
5.5730299 1.2194052 2.5272446
5.5742595 1.2192581 2.5263897
5.573559 1.2221583 2.5254642
3.7791556 1.0475427 2.2850796
3.7784484 1.0453656 2.2855081
3.7781441 1.0436287 2.2860583
3.7765255 1.0414293 2.2874303
3.7744495 1.0420227 2.2903793
3.7809937 1.0434199 2.2842807
3.7809488 1.0381378 2.2864365
3.7809937 1.0434199 2.2842807
3.7809488 1.0381378 2.2864365
3.776801 1.0424166 2.2875709
3.7761669 1.0438601 2.2867593
3.7765302 1.0432727 2.2849665
3.7761669 1.0438601 2.2867593
3.7765302 1.0432727 2.2849665
3.7724481 1.0410306 2.2864986
3.7739901 1.0419374 2.2891174
3.7763071 1.0451442 2.2895269
3.7739901 1.0419374 2.2891174
3.7771903 1.0409134 2.2840669
3.7788487 1.0403746 2.2899948
3.7811591 1.0393717 2.2888692
5.2594 1.9188495 1.4552247
5.26067 1.9219344 1.4528464
5.2591778 1.9190481 1.4507409
5.2621335 1.9180274 1.4560242
5.2611846 1.9175884 1.4552058
5.2600496 1.9193853 1.4539543
5.2617309 1.9201036 1.4553301
5.2617234 1.9200325 1.4528405
5.2617309 1.9201036 1.4553301
5.2617234 1.9200325 1.4528405
3.1180658 1.0341044 5.8926031
3.1223313 1.0405762 5.8877212
3.1236838 1.0391548 5.886551
3.1223313 1.0405762 5.8877212
3.1244566 1.0342551 5.8839066
3.1242092 1.0368556 5.8862115
3.1244566 1.0342551 5.8839066
3.1242092 1.0368556 5.8862115
3.1263806 1.0362728 5.8848832
3.1201596 1.0352166 5.8892824
3.1216078 1.0354194 5.8870115
3.1206121 1.0375219 5.8874887
3.1216078 1.0354194 5.8870115
3.1206121 1.0375219 5.8874887
3.1214701 1.0360366 5.8856166
3.1204766 1.0371933 5.8854744
3.1198452 1.0364024 5.8854297
3.1212175 1.036612 5.8866734
3.1198452 1.0364024 5.8854297
3.1212175 1.036612 5.8866734
3.1225891 1.0354476 5.8865186
3.1223991 1.0344532 5.8847068
3.1182552 1.0335321 5.8851071
3.1223991 1.0344532 5.8847068
3.1182552 1.0335321 5.8851071
3.1205022 1.0324939 5.8858537
3.1238759 1.0349731 5.8795325
5.7761893 1.4775346 4.4653808
5.7761893 1.4775346 4.4653808
5.7761893 1.4775346 4.4653808
5.7688393 1.4801324 4.4672997
1.1449368 0.62097274 1.5465017
1.1457072 0.62222715 1.5466758
1.1449368 0.62097274 1.5465017
1.1457072 0.62222715 1.5466758
1.1469482 0.6238171 1.5445953
1.142813 0.62530221 1.5478051
1.1430752 0.62295092 1.5580197
1.1461303 0.62241146 1.552316
1.1430752 0.62295092 1.5580197
1.1461303 0.62241146 1.552316
1.1412326 0.62205067 1.5538219
1.1446689 0.62225401 1.5491524
1.1412326 0.62205067 1.5538219
1.1427478 0.62548461 1.5533652
1.1385179 0.62366426 1.5567071
1.136013 0.62338842 1.5524338
1.1437291 0.62625779 1.5577034
5.7504376 2.5551251 0.55437299
5.7531669 2.5566278 0.55753187
5.7504376 2.5551251 0.55437299
5.7531669 2.5566278 0.55753187
5.7578644 2.5628974 0.56556274
5.7541321 2.5628407 0.56096924
5.7578644 2.5628974 0.56556274
5.7541321 2.5628407 0.56096924
5.7447196 2.5551669 0.55400903
5.7449986 2.5548684 0.55591899
5.7454864 2.5568631 0.55632716
5.7449986 2.5548684 0.55591899
5.7515488 2.5624581 0.56110107
5.7531115 2.5646839 0.56601763
1.2955483 1.8089706 2.1776543
1.2901878 1.8074942 2.1800846
1.2896401 1.8057214 2.1774224
1.287991 1.8029679 2.1806309
1.2865669 1.8055267 2.1828368
1.2845592 1.809209 2.1820667
1.2848237 1.8127586 2.1803262
1.2845592 1.809209 2.1820667
1.2882856 1.8066847 2.1846834
1.2873899 1.8046538 2.1831361
1.2882856 1.8066847 2.1846834
1.2866476 1.8072571 2.1809627
1.2876829 1.8074816 2.1825709
1.2879891 1.8077117 2.1833211
1.2876829 1.8074816 2.1825709
5.5758802 1.2156553 2.5312336
5.5736864 1.2169443 2.5323968
5.573388 1.2181764 2.5349314
5.5734644 1.2161942 2.5352708
5.573388 1.2181764 2.5349314
5.5734644 1.2161942 2.5352708
5.5733513 1.2168919 2.5331823
5.5769287 1.2211164 2.5321173
5.5755304 1.2173993 2.5351104
5.5765596 1.2170585 2.5331143
5.5755304 1.2173993 2.5351104
5.5744157 1.2181516 2.5329023
5.5719986 1.2183119 2.5314958
5.5744157 1.2181516 2.5329023
5.5719986 1.2183119 2.5314958
5.5717199 1.218811 2.5315558
5.5733011 1.2157553 2.5318576
5.5744537 1.2154089 2.5296378
5.5733011 1.2157553 2.5318576
5.5744537 1.2154089 2.5296378
3.7787982 1.0478573 2.2828592
3.7799278 1.0453669 2.2850439
3.7795834 1.0433327 2.2838113
3.7766098 1.0424427 2.283907
3.776257 1.0437597 2.293396
3.7807265 1.0427736 2.2859782
3.7803888 1.0440781 2.2865617
3.7756043 1.041204 2.2896283
3.7761916 1.0405042 2.2879593
3.7727297 1.0424442 2.2870703
3.7738704 1.0418666 2.2873447
3.7727297 1.0424442 2.2870703
3.778462 1.0423448 2.284766
3.7780098 1.0421996 2.2823443
3.778841 1.0455536 2.2871406
3.7762464 1.0427935 2.2872403
3.7761896 1.0416888 2.2847495
3.7762464 1.0427935 2.2872403
3.778586 1.0431316 2.2813863
3.7777559 1.0431533 2.2827849
3.778586 1.0431316 2.2813863
0 0 0
5.2625144 1.9182695 1.4531738
5.2619408 1.9198335 1.4527353
5.2607312 1.9187872 1.4556706
5.2611958 1.9179683 1.4568239
5.2606208 1.9197251 1.4554215
5.2608569 1.9205881 1.4556136
5.2611101 1.9189055 1.4517807
5.2608569 1.9205881 1.4556136
3.122761 1.0342407 5.8883384
3.1235793 1.0337618 5.8878852
3.122761 1.0342407 5.8883384
3.1235793 1.0337618 5.8878852
3.1260195 1.0321201 5.8836749
3.1232993 1.0372265 5.8848699
3.1232139 1.0367366 5.8853089
3.1232993 1.0372265 5.8848699
3.1232139 1.0367366 5.8853089
3.1256512 1.0364071 5.8843426
3.1231714 1.0348892 5.8856984
3.1197818 1.0340585 5.8868395
3.1187907 1.036404 5.8866819
3.1197818 1.0340585 5.8868395
3.1187907 1.036404 5.8866819
3.1221168 1.0367571 5.8874872
3.1238033 1.0355173 5.8842708
3.1172541 1.0334465 5.8876482
3.1183927 1.0346687 5.8884742
3.1172541 1.0334465 5.8876482
3.1183927 1.0346687 5.8884742
3.1208244 1.0334119 5.8849582
3.1208807 1.0347786 5.8880103
3.1208244 1.0334119 5.8849582
3.1231444 1.0354226 5.8839391
3.1218163 1.0332338 5.8843448
3.1201294 1.0386719 5.8801909
3.1199731 1.0386752 5.8785457
3.1201294 1.0386719 5.8801909
1.1402024 0.6255188 1.5550604
1.1379988 0.62688814 1.5575956
1.1402024 0.6255188 1.5550604
1.140834 0.62284224 1.5563724
1.1445086 0.6248182 1.5491615
1.1470425 0.62491521 1.5454884
1.1445086 0.6248182 1.5491615
1.1470425 0.62491521 1.5454884
1.1490898 0.62233323 1.5463655
1.1467047 0.62072699 1.5523389
1.1451078 0.62052275 1.5532467
1.1467047 0.62072699 1.5523389
1.1451078 0.62052275 1.5532467
1.1418593 0.62020978 1.5538545
1.1406563 0.62067864 1.5537875
1.1445504 0.6212834 1.5489286
1.1411067 0.61901232 1.5495264
1.1445504 0.6212834 1.5489286
1.1411067 0.61901232 1.5495264
1.1392136 0.62594984 1.5674416
5.7496426 2.5577812 0.55644316
5.7517302 2.5570137 0.55855034
5.7505013 2.5582126 0.55834213
5.7517302 2.5570137 0.55855034
5.7505013 2.5582126 0.55834213
5.7556849 2.5576317 0.5618917
5.7464618 2.5596865 0.55914877
5.7473013 2.5576751 0.55739925
5.7464618 2.5596865 0.55914877
5.7473013 2.5576751 0.55739925
5.7440237 2.555259 0.55579885
5.7498457 2.5621027 0.55972489
5.7440237 2.555259 0.55579885
1.2865363 1.8089447 2.1824137
1.2858534 1.8087209 2.1822179
1.2908539 1.8080072 2.179893
1.290813 1.8079541 2.1778668
1.287119 1.8044969 2.1804699
1.2875433 1.8055216 2.1797746
1.287119 1.8044969 2.1804699
1.2853734 1.8052775 2.1808136
1.2872368 1.8088352 2.1814079
1.2888346 1.8083147 2.1816971
1.2881769 1.8046468 2.1821304
1.2888143 1.8053378 2.1812871
1.2872383 1.805821 2.1817233
1.2873904 1.8069071 2.182028
1.2858992 1.8059271 2.1817983
1.2873904 1.8069071 2.182028
5.5728465 1.2177104 2.5306421
5.574676 1.2166854 2.5302782
5.5750844 1.2171017 2.5330008
5.574676 1.2166854 2.5302782
5.5750844 1.2171017 2.5330008
5.5771327 1.2143718 2.5328799
5.5742324 1.216125 2.5315391
5.5713742 1.2177704 2.5308253
5.5741969 1.221996 2.5311818
5.5713742 1.2177704 2.5308253
5.5760201 1.2205277 2.5290963
5.5746319 1.2201377 2.5299315
5.5742293 1.2191133 2.5309105
5.5746319 1.2201377 2.5299315
5.5739045 1.2211528 2.5295885
5.571537 1.2198548 2.5329146
5.5739045 1.2211528 2.5295885
5.571537 1.2198548 2.5329146
5.5720327 1.2161782 2.5334988
5.573559 1.2221583 2.5254642
3.7830645 1.041782 2.2833159
3.7784484 1.0453656 2.2855081
3.780007 1.0408519 2.2834464
3.7765255 1.0414293 2.2874303
3.7744495 1.0420227 2.2903793
3.7809937 1.0434199 2.2842807
3.7763749 1.0424196 2.2881915
3.7809937 1.0434199 2.2842807
3.7763749 1.0424196 2.2881915
3.776801 1.0424166 2.2875709
3.7761669 1.0438601 2.2867593
3.7796287 1.0415785 2.2812123
3.7800694 1.0414292 2.2857101
3.7803909 1.0422126 2.2868139
3.7800694 1.0414292 2.2857101
3.7803909 1.0422126 2.2868139
3.7806628 1.0437513 2.2874728
3.7775919 1.0432315 2.2879627
3.7758 1.0429759 2.2871512
3.7773148 1.0407088 2.2856683
3.7822848 1.041811 2.2860239
5.2594 1.9188495 1.4552247
5.2564556 1.9218517 1.4515951
5.2634716 1.9181315 1.4567186
5.2621335 1.9180274 1.4560242
5.2603348 1.9206935 1.4565435
5.2584415 1.9210355 1.4548912
5.2603348 1.9206935 1.4565435
5.2584415 1.9210355 1.4548912
3.122543 1.0354734 5.8909753
3.1160889 1.0365309 5.8889051
3.122543 1.0354734 5.8909753
3.1198212 1.0359023 5.8897092
3.1227357 1.0351387 5.8858277
3.1226256 1.0345895 5.8867225
3.1228681 1.0374871 5.8872414
3.1242092 1.0368556 5.8862115
3.1228681 1.0374871 5.8872414
3.1242092 1.0368556 5.8862115
3.1242308 1.0373893 5.8870064
3.1193747 1.0363586 5.8890485
3.1216078 1.0354194 5.8870115
3.1177242 1.0365519 5.8866481
3.1216078 1.0354194 5.8870115
3.1177242 1.0365519 5.8866481
3.1216347 1.0368155 5.8871423
3.1230324 1.0345872 5.8848015
3.1248714 1.033831 5.8828653
3.1241312 1.0324035 5.8820422
3.1248714 1.033831 5.8828653
3.1241312 1.0324035 5.8820422
3.1216511 1.0322449 5.8818973
3.1223991 1.0344532 5.8847068
3.1182552 1.0335321 5.8851071
3.1223991 1.0344532 5.8847068
3.1182552 1.0335321 5.8851071
3.1177519 1.0359103 5.891387
3.1282649 1.0307386 5.8835919
3.1230617 1.0342106 5.8820416
1.1451016 0.62493577 1.5451391
1.1453811 0.6278159 1.5462089
1.1450775 0.62649496 1.5507309
1.1449196 0.62581044 1.5523991
1.1408339 0.62269039 1.5556097
1.1448599 0.62462501 1.5489765
1.1431921 0.62387768 1.5518153
1.1448599 0.62462501 1.5489765
1.1475721 0.6230431 1.5469544
1.1430752 0.62295092 1.5580197
1.1470609 0.6197336 1.5505967
1.1430752 0.62295092 1.5580197
1.1470609 0.6197336 1.5505967
1.1446036 0.61991197 1.5509496
1.1397531 0.62015442 1.5535114
1.1399486 0.62172501 1.5522455
1.1408215 0.61893442 1.5482519
1.1405213 0.61777298 1.54943
1.1420202 0.62175258 1.5503168
1.138648 0.62386082 1.5543531
1.1420202 0.62175258 1.5503168
5.7549564 2.5582949 0.56046173
5.7494318 2.5584993 0.55808913
5.7530708 2.557424 0.56095137
5.7494318 2.5584993 0.55808913
5.7530708 2.557424 0.56095137
5.7517681 2.5574774 0.56205833
5.7514297 2.5569897 0.56104237
5.7455749 2.5561267 0.5567211
5.75163 2.5620339 0.55808184
5.7506439 2.5643383 0.55874663
5.753187 2.5636428 0.56301587
5.7506439 2.5643383 0.55874663
1.2869688 1.8080554 2.181574
1.2889953 1.8085494 2.1807341
1.2901878 1.8074942 2.1800846
1.286968 1.8056835 2.1830187
1.2867094 1.8048021 2.1826393
1.286968 1.8056835 2.1830187
1.2867094 1.8048021 2.1826393
1.2848237 1.8127586 2.1803262
1.2845592 1.809209 2.1820667
1.2848237 1.8127586 2.1803262
1.2852342 1.8102926 2.1814277
1.2857858 1.8058506 2.1797212
1.2866476 1.8072571 2.1809627
1.2870243 1.8077055 2.1798729
1.2872674 1.80825 2.1779237
1.2870243 1.8077055 2.1798729
1.2854279 1.8079879 2.1803788
5.5792029 1.2168334 2.5294309
5.5747131 1.2176429 2.5348921
5.5780874 1.2153932 2.5327336
5.5747131 1.2176429 2.5348921
5.5780874 1.2153932 2.5327336
5.5748942 1.2171172 2.5317936
5.5730766 1.2150006 2.5328947
5.5722127 1.2211921 2.5316953
5.5726832 1.2194629 2.5286142
5.5749205 1.2198986 2.5294219
5.5726832 1.2194629 2.5286142
5.5756359 1.216604 2.5324062
5.5724173 1.2193573 2.5329817
5.5757165 1.2175019 2.5307423
5.5717199 1.218811 2.5315558
5.5733011 1.2157553 2.5318576
5.5744537 1.2154089 2.5296378
5.5733011 1.2157553 2.5318576
5.5744537 1.2154089 2.5296378
3.7844045 1.0452176 2.2801662
3.7799278 1.0453669 2.2850439
3.7795834 1.0433327 2.2838113
3.7766098 1.0424427 2.283907
3.7783543 1.0451895 2.2865205
3.7783901 1.0461068 2.2887164
3.7787848 1.0435297 2.2884439
3.780269 1.0424719 2.2870666
3.778559 1.0431781 2.284376
3.7802681 1.0421186 2.2837829
3.778559 1.0431781 2.284376
3.7780098 1.0421996 2.2823443
3.7807268 1.0421448 2.2839286
3.781347 1.0426198 2.2849017
3.7807268 1.0421448 2.2839286
3.7808673 1.0454639 2.286529
3.7823965 1.044823 2.2845577
3.7808673 1.0454639 2.286529
3.7768772 1.0440837 2.2867948
3.7777559 1.0431533 2.2827849
3.7823211 1.0428667 2.2885976
5.2597662 1.9200865 1.452421
5.2596264 1.9199713 1.4524111
5.2607581 1.9230061 1.4559708
5.262281 1.9185713 1.4555205
5.2607158 1.9221603 1.4548808
5.2591102 1.9204398 1.4557793
5.2607158 1.9221603 1.4548808
3.1199281 1.0351621 5.8917267
3.121014 1.0351482 5.891674
3.122761 1.0342407 5.8883384
3.1235793 1.0337618 5.8878852
3.122761 1.0342407 5.8883384
3.1235793 1.0337618 5.8878852
3.1207655 1.0340489 5.8890132
3.119532 1.0344818 5.8875187
3.1207655 1.0340489 5.8890132
3.119532 1.0344818 5.8875187
3.1176263 1.036163 5.8911987
3.123755 1.0344747 5.8871819
3.1176263 1.036163 5.8911987
3.1207561 1.0357716 5.8874765
3.1195854 1.0367281 5.8872653
3.1190742 1.0369717 5.8889916
3.1195854 1.0367281 5.8872653
3.1190742 1.0369717 5.8889916
3.1238033 1.0355173 5.8842708
3.1238662 1.0321807 5.8839193
3.1224209 1.031318 5.8843955
3.1238662 1.0321807 5.8839193
3.1224209 1.031318 5.8843955
3.1198773 1.0333992 5.887162
3.1209206 1.0331351 5.8852299
3.1203637 1.0367126 5.8903704
3.1200572 1.0367707 5.8888754
3.1203637 1.0367126 5.8903704
3.1200572 1.0367707 5.8888754
3.1219013 1.0346426 5.8858143
1.1479621 0.62334052 1.5512992
1.1476976 0.62231911 1.5440651
1.1457549 0.6265718 1.5480913
1.1443034 0.62607422 1.5507118
1.1427449 0.62419373 1.5515359
1.1472459 0.62311573 1.54752
1.1425595 0.62183368 1.5500337
1.1437931 0.62172263 1.5497699
1.1425595 0.62183368 1.5500337
1.1437931 0.62172263 1.5497699
1.1467047 0.62072699 1.5523389
1.1451078 0.62052275 1.5532467
1.1467047 0.62072699 1.5523389
1.1451078 0.62052275 1.5532467
1.1418593 0.62020978 1.5538545
1.1402837 0.62319541 1.5518564
1.143155 0.62102015 1.5479687
1.1443788 0.61995815 1.5470987
1.1434361 0.6195563 1.547114
1.1418094 0.62137651 1.5493868
1.1434361 0.6195563 1.547114
1.1418094 0.62137651 1.5493868
5.7517302 2.5570137 0.55855034
5.7418031 2.5600525 0.55182335
5.7517302 2.5570137 0.55855034
5.7532874 2.5603047 0.5617895
5.7537822 2.5613016 0.56289289
5.7532874 2.5603047 0.5617895
5.7537822 2.5613016 0.56289289
5.7464618 2.5596865 0.55914877
5.7495655 2.558446 0.55908551
5.7490837 2.5617432 0.55798281
5.7561408 2.560195 0.5655759
1.2858534 1.8087209 2.1822179
1.2865363 1.8089447 2.1824137
1.2858534 1.8087209 2.1822179
1.2889196 1.8067832 2.1800199
1.2896363 1.8032128 2.1816396
1.287119 1.8044969 2.1804699
1.2896363 1.8032128 2.1816396
1.287119 1.8044969 2.1804699
1.2853734 1.8052775 2.1808136
1.2876512 1.804197 2.1814015
1.2883169 1.8038957 2.1826005
1.2885804 1.8100628 2.1868392
1.2903075 1.8086109 2.1853272
1.2870553 1.8102101 2.1825391
1.2884562 1.8099866 2.180033
1.2874734 1.8087529 2.1776066
1.2857092 1.8087404 2.1801208
1.2847759 1.8083303 2.1787227
5.5794389 1.2177105 2.5297335
5.5742908 1.2170921 2.5308545
5.5782531 1.2176456 2.5326344
5.5742324 1.216125 2.5315391
5.5782531 1.2176456 2.5326344
5.5732554 1.2156 2.5354266
5.5758466 1.216066 2.5345735
5.5732554 1.2156 2.5354266
5.5792178 1.2130673 2.5325319
5.5772483 1.2151131 2.5328785
5.5792178 1.2130673 2.5325319
5.5756451 1.220051 2.528122
5.575802 1.2174052 2.5292377
5.5739045 1.2211528 2.5295885
5.571537 1.2198548 2.5329146
5.5739045 1.2211528 2.5295885
5.571537 1.2198548 2.5329146
5.5720327 1.2161782 2.5334988
0 0 0
3.7830645 1.041782 2.2833159
3.7807215 1.0406878 2.2833348
3.77683 1.0436977 2.288402
3.7772336 1.0456059 2.2892522
3.77683 1.0436977 2.288402
3.7772336 1.0456059 2.2892522
3.7791155 1.0439294 2.2874399
3.7808894 1.0436288 2.287224
3.7821199 1.0423642 2.2827077
3.7810111 1.0424494 2.2791159
3.7821199 1.0423642 2.2827077
3.7796287 1.0415785 2.2812123
3.7800694 1.0414292 2.2857101
3.7803909 1.0422126 2.2868139
3.7800694 1.0414292 2.2857101
3.7803909 1.0422126 2.2868139
3.7806628 1.0437513 2.2874728
3.7808527 1.0459124 2.2847993
3.7758 1.0429759 2.2871512
3.7785391 1.0404888 2.2840197
3.7822848 1.041811 2.2860239
4.5114552 0.768482 1.9575751
4.5114552 0.768482 1.9575751
5.2599677 1.9213921 1.4535648
5.2594892 1.9186384 1.4534092
5.2619695 1.9201268 1.453167
5.2584415 1.9210355 1.4548912
5.2619695 1.9201268 1.453167
3.1237296 1.0334603 5.8851841
3.122543 1.0354734 5.8909753
3.1237296 1.0334603 5.8851841
3.122543 1.0354734 5.8909753
3.1198212 1.0359023 5.8897092
3.1227357 1.0351387 5.8858277
3.1226256 1.0345895 5.8867225
3.1200574 1.0346201 5.8878368
3.120614 1.0338879 5.8906335
3.1200574 1.0346201 5.8878368
3.120614 1.0338879 5.8906335
3.1228582 1.0343131 5.8878649
3.1193747 1.0363586 5.8890485
3.1222381 1.0367509 5.8880931
3.1197207 1.0363466 5.8875323
3.1171538 1.0364813 5.889251
3.1197207 1.0363466 5.8875323
3.1171538 1.0364813 5.889251
3.1230324 1.0345872 5.8848015
3.1248714 1.033831 5.8828653
3.119819 1.0313562 5.8877853
3.1248714 1.033831 5.8828653
3.119819 1.0313562 5.8877853
3.1177558 1.0315935 5.8893818
3.1241042 1.0366052 5.8877581
3.1230431 1.0359918 5.8878218
3.1231904 1.0349465 5.8863415
3.1220935 1.0343635 5.8827847
3.1209641 1.0330159 5.8827099
3.1220935 1.0343635 5.8827847
1.1457127 0.62349984 1.5482789
1.1451016 0.62493577 1.5451391
1.1406095 0.62482388 1.5527728
1.1425886 0.62397629 1.5509801
1.1406095 0.62482388 1.5527728
1.1425886 0.62397629 1.5509801
1.1454609 0.62277281 1.550733
1.1455943 0.6220531 1.5517577
1.1454609 0.62277281 1.550733
1.1455943 0.6220531 1.5517577
1.1473177 0.62003194 1.5486149
1.1470609 0.6197336 1.5505967
1.1446036 0.61991197 1.5509496
1.1470609 0.6197336 1.5505967
1.1446036 0.61991197 1.5509496
1.1397531 0.62015442 1.5535114
1.1398928 0.62175792 1.5515227
1.1408215 0.61893442 1.5482519
1.1381117 0.6234465 1.5530342
1.1397533 0.62564673 1.5509095
1.138648 0.62386082 1.5543531
1.1397533 0.62564673 1.5509095
0 0 0
5.7494318 2.5584993 0.55808913
5.7530708 2.557424 0.56095137
5.7494318 2.5584993 0.55808913
5.7530708 2.557424 0.56095137
5.7517681 2.5574774 0.56205833
5.7514297 2.5569897 0.56104237
5.7455749 2.5561267 0.5567211
5.7516451 2.5558316 0.56134902
5.7506439 2.5643383 0.55874663
5.753187 2.5636428 0.56301587
1.285286 1.8098101 2.1842821
1.2869644 1.8103577 2.1859343
1.2869423 1.8096127 2.1835664
1.2887074 1.8060104 2.1810017
1.286968 1.8056835 2.1830187
1.2867094 1.8048021 2.1826393
1.286968 1.8056835 2.1830187
1.2867094 1.8048021 2.1826393
1.2862613 1.8045851 2.1819694
1.2883079 1.8055263 2.1836979
1.2862613 1.8045851 2.1819694
1.2884873 1.808732 2.1864226
1.2873394 1.8068049 2.1824584
1.2884873 1.808732 2.1864226
1.2873394 1.8068049 2.1824584
1.2872565 1.8087629 2.1772754
1.2882308 1.8075894 2.1805341
1.2854279 1.8079879 2.1803788
0 0 0
5.5765236 1.2185705 2.5279805
5.5767677 1.2200069 2.5275526
5.5744292 1.2210935 2.5312476
5.5767677 1.2200069 2.5275526
5.5744292 1.2210935 2.5312476
5.5730766 1.2150006 2.5328947
5.5779259 1.2157331 2.5305642
5.5771444 1.2148006 2.5321016
5.5779259 1.2157331 2.5305642
5.5771444 1.2148006 2.5321016
5.5782839 1.2177343 2.5307409
5.5753399 1.2193673 2.5311406
5.5757165 1.2175019 2.5307423
5.5715319 1.2164017 2.5342008
5.5757165 1.2175019 2.5307423
5.5715319 1.2164017 2.5342008
5.5814209 1.2177402 2.5327237
5.5759861 1.2172073 2.533568
3.7844045 1.0452176 2.2801662
3.7824902 1.0433968 2.2776381
3.7766007 1.0411841 2.2858537
3.7773179 1.0439272 2.2851668
3.7766007 1.0411841 2.2858537
3.7773179 1.0439272 2.2851668
3.7787848 1.0435297 2.2884439
3.780269 1.0424719 2.2870666
3.778559 1.0431781 2.284376
3.7802681 1.0421186 2.2837829
3.778559 1.0431781 2.284376
3.7796976 1.0428967 2.2802389
3.7807268 1.0421448 2.2839286
3.781347 1.0426198 2.2849017
3.7807268 1.0421448 2.2839286
3.7808673 1.0454639 2.286529
3.7823965 1.044823 2.2845577
3.7808673 1.0454639 2.286529
3.7768772 1.0440837 2.2867948
3.7752299 1.041524 2.2869694
3.7823211 1.0428667 2.2885976
4.5062865 0.76707168 1.9581585
4.5082487 0.76448669 1.9588627
4.5073617 0.76812022 1.9584109
4.5068418 0.76775215 1.957306
4.5067315 0.76824593 1.9580348
5.260066 1.9236186 1.4550593
3.1232015 1.0302338 5.8828326
3.1212921 1.032135 5.883711
3.1203059 1.032563 5.8827557
3.1192239 1.0357856 5.8892146
3.1191664 1.0362115 5.8904935
3.1192239 1.0357856 5.8892146
3.1191664 1.0362115 5.8904935
3.1207655 1.0340489 5.8890132
3.119532 1.0344818 5.8875187
3.1207655 1.0340489 5.8890132
3.119532 1.0344818 5.8875187
3.1213979 1.0353219 5.890871
3.123779 1.0340721 5.8877878
3.1224948 1.0361585 5.8873374
3.1223735 1.0348838 5.8875776
3.1205946 1.0358186 5.887716
3.1193777 1.0362321 5.8874501
3.1205946 1.0358186 5.887716
3.1193777 1.0362321 5.8874501
3.119174 1.0374123 5.8871854
3.1238662 1.0321807 5.8839193
3.1219322 1.0321857 5.884356
3.1238662 1.0321807 5.8839193
3.1219322 1.0321857 5.884356
3.1195898 1.0362842 5.8886681
3.1184021 1.0351349 5.8890567
3.1195898 1.0362842 5.8886681
3.1200572 1.0367707 5.8888754
3.1203637 1.0367126 5.8903704
3.1200572 1.0367707 5.8888754
3.1203106 1.038285 5.8791197
1.1479621 0.62334052 1.5512992
1.1462452 0.62477422 1.5467896
1.1459303 0.62400327 1.5452493
1.1477589 0.62240434 1.5440878
1.1459303 0.62400327 1.5452493
1.1477589 0.62240434 1.5440878
1.1444976 0.62282489 1.5515619
1.1428049 0.6240001 1.5525184
1.1444976 0.62282489 1.5515619
1.1428049 0.6240001 1.5525184
1.1407901 0.6246622 1.5534647
1.1428982 0.62114467 1.5500054
1.1472871 0.62234895 1.5465926
1.1402837 0.62319541 1.5518564
1.1472871 0.62234895 1.5465926
1.1402837 0.62319541 1.5518564
1.1452078 0.62044683 1.5480363
1.1437604 0.6220175 1.5515951
1.1425718 0.62486282 1.5508215
1.1437604 0.6220175 1.5515951
1.1425718 0.62486282 1.5508215
1.1418094 0.62137651 1.5493868
1.1397413 0.62007516 1.5524775
1.1400426 0.6226468 1.5547149
5.7516288 2.5594605 0.56166951
5.7532874 2.5603047 0.5617895
5.7537822 2.5613016 0.56289289
5.7532874 2.5603047 0.5617895
5.7532357 2.560852 0.56361595
5.750052 2.5613379 0.56283609
5.7532357 2.560852 0.56361595
5.7531963 2.5580071 0.56215159
1.2919315 1.8106676 2.1760214
1.2840625 1.8089632 2.1797709
1.2913918 1.8071793 2.1763304
1.2870494 1.8088261 2.1807902
1.2913918 1.8071793 2.1763304
1.2896363 1.8032128 2.1816396
1.2885878 1.8041822 2.1810461
1.287731 1.8049199 2.1784496
1.2875799 1.8059223 2.1803987
1.2879936 1.8059716 2.1789178
1.2875799 1.8059223 2.1803987
1.2879936 1.8059716 2.1789178
1.2880631 1.8077866 2.1817835
1.2893097 1.80416 2.181146
1.28974 1.8074424 2.1843084
1.2893097 1.80416 2.181146
1.2885151 1.8107324 2.1799254
1.2857092 1.8087404 2.1801208
1.2870974 1.809002 2.1800298
1.2857092 1.8087404 2.1801208
5.576405 1.2071252 2.5216005
5.5786849 1.212769 2.5268428
5.5757197 1.2199966 2.5300437
5.5781467 1.219202 2.5292431
5.5732554 1.2156 2.5354266
5.5758466 1.216066 2.5345735
5.5732554 1.2156 2.5354266
5.5713045 1.2167313 2.5332828
5.5772483 1.2151131 2.5328785
5.5713045 1.2167313 2.5332828
5.5748205 1.2177442 2.533229
5.5748245 1.2180633 2.5306939
5.5756451 1.220051 2.528122
5.575054 1.2156793 2.5327242
5.5777937 1.2171118 2.5316475
5.577473 1.2185182 2.5310838
5.5777937 1.2171118 2.5316475
0 0 0
3.7798787 1.0421296 2.2830428
3.7840281 1.0376273 2.2873907
3.77683 1.0436977 2.288402
3.7772336 1.0456059 2.2892522
3.77683 1.0436977 2.288402
3.7772336 1.0456059 2.2892522
3.7791155 1.0439294 2.2874399
3.7808894 1.0436288 2.287224
3.7821199 1.0423642 2.2827077
3.7810111 1.0424494 2.2791159
3.7821199 1.0423642 2.2827077
3.7810111 1.0424494 2.2791159
3.7829443 1.0430908 2.2844893
3.7798303 1.0426724 2.2856019
3.7829443 1.0430908 2.2844893
3.7798303 1.0426724 2.2856019
3.7810161 1.0457087 2.2842366
3.7808527 1.0459124 2.2847993
3.7785808 1.0447345 2.2860844
3.7785391 1.0404888 2.2840197
3.7807158 1.0447349 2.2890539
4.5045318 0.76736551 1.9627712
4.5069182 0.76899316 1.9578966
4.5047938 0.7663661 1.9597964
4.5073897 0.76562137 1.959425
4.5077951 0.76599894 1.958651
4.5073897 0.76562137 1.959425
3.1245271 1.0290167 5.8823928
3.1224942 1.0295638 5.8867825
3.1245271 1.0290167 5.8823928
3.1224188 1.0316322 5.883841
3.1225606 1.0336517 5.881952
3.1182335 1.0346348 5.8870975
3.1238895 1.0390639 5.8835484
3.1219081 1.0380244 5.8878012
3.1200574 1.0346201 5.8878368
3.120614 1.0338879 5.8906335
3.1200574 1.0346201 5.8878368
3.120614 1.0338879 5.8906335
3.1228582 1.0343131 5.8878649
3.123405 1.0367436 5.8849368
3.1222381 1.0367509 5.8880931
3.1197207 1.0363466 5.8875323
3.1171538 1.0364813 5.889251
3.1197207 1.0363466 5.8875323
3.1171538 1.0364813 5.889251
3.1195478 1.0367969 5.885391
3.1221415 1.0328145 5.8871178
3.119819 1.0313562 5.8877853
3.1221415 1.0328145 5.8871178
3.119819 1.0313562 5.8877853
3.1190055 1.0369373 5.8871876
3.1204709 1.0365567 5.8854983
3.1190055 1.0369373 5.8871876
3.1231904 1.0349465 5.8863415
3.1220935 1.0343635 5.8827847
3.1209641 1.0330159 5.8827099
3.1220935 1.0343635 5.8827847
1.1457935 0.62670639 1.5508845
1.1411401 0.62671789 1.5529273
1.1406095 0.62482388 1.5527728
1.1458949 0.62082096 1.5452583
1.1406095 0.62482388 1.5527728
1.1458949 0.62082096 1.5452583
1.1454609 0.62277281 1.550733
1.1455943 0.6220531 1.5517577
1.1454609 0.62277281 1.550733
1.1455943 0.6220531 1.5517577
1.1414584 0.62258038 1.5529299
1.1383251 0.62123258 1.5555356
1.1380146 0.62212394 1.5561073
1.1383251 0.62123258 1.5555356
1.1380146 0.62212394 1.5561073
1.1392525 0.62149904 1.5549873
1.1366207 0.62477609 1.5557405
1.139955 0.62063462 1.5533958
1.1403812 0.62483146 1.5530534
1.1397533 0.62564673 1.5509095
1.1403812 0.62483146 1.5530534
1.1397533 0.62564673 1.5509095
1.1415745 0.62286339 1.5487428
1.1375264 0.62309499 1.5585631
5.7446003 2.5572652 0.55725645
5.7479313 2.5589504 0.55854055
5.7472232 2.5597138 0.55505667
5.7475295 2.5610497 0.55676932
5.7529054 2.5608263 0.56186704
5.7551537 2.5625016 0.5634192
5.7546793 2.5599497 0.56231913
1.2875207 1.8098871 2.1769247
1.2928938 1.8120966 2.1732538
1.2878939 1.8084492 2.1792926
1.2905935 1.8069055 2.1793664
1.2891687 1.8080321 2.1795948
1.2905935 1.8069055 2.1793664
1.2891687 1.8080321 2.1795948
1.2898111 1.8049069 2.1809547
1.2884242 1.8032217 2.1838847
1.2870707 1.8054439 2.1834677
1.2862613 1.8045851 2.1819694
1.2883079 1.8055263 2.1836979
1.2862613 1.8045851 2.1819694
1.2884873 1.808732 2.1864226
1.2873394 1.8068049 2.1824584
1.2893422 1.8084822 2.182565
1.2873394 1.8068049 2.1824584
1.2893422 1.8084822 2.182565
1.2896081 1.8059159 2.1832265
1.2885494 1.808637 2.1808518
1.287843 1.8087806 2.176346
5.5753637 1.2164045 2.5330295
5.5784954 1.2145846 2.5296996
5.5744292 1.2210935 2.5312476
5.5767677 1.2200069 2.5275526
5.5744292 1.2210935 2.5312476
5.5750882 1.2182921 2.5356215
5.5779259 1.2157331 2.5305642
5.5719836 1.2167457 2.5318921
5.5740514 1.2184351 2.5326149
5.5719836 1.2167457 2.5318921
5.5740514 1.2184351 2.5326149
5.5754147 1.2191541 2.5308288
5.5768753 1.221712 2.5304563
5.576278 1.2184793 2.529297
5.5750364 1.2176601 2.5315398
5.576278 1.2184793 2.529297
0 0 0
2.4070998 1.6975962 3.6911504
0 0 0
3.7796678 1.0401782 2.2832293
3.7766007 1.0411841 2.2858537
3.7773179 1.0439272 2.2851668
3.7766007 1.0411841 2.2858537
3.7773179 1.0439272 2.2851668
3.7812099 1.0436251 2.2850386
3.7838961 1.0445088 2.2846022
3.7800382 1.0419029 2.2860368
3.7801497 1.0425642 2.2834673
3.7745536 1.0374345 2.2918774
3.7801497 1.0425642 2.2834673
3.7820034 1.0416448 2.2854402
3.7791277 1.041231 2.2857633
3.777572 1.0376359 2.2882413
3.7791277 1.041231 2.2857633
3.7806312 1.0409788 2.2859175
3.7805963 1.0435605 2.2857296
3.7806312 1.0409788 2.2859175
3.7752299 1.041524 2.2869694
3.7755902 1.0405271 2.2945271
4.5073089 0.76912717 1.9585809
4.5079829 0.76797893 1.9569523
4.5073617 0.76812022 1.9584109
4.5068418 0.76775215 1.957306
4.5067315 0.76824593 1.9580348
4.5068418 0.76775215 1.957306
0 0 0
3.1212921 1.032135 5.883711
3.1203059 1.032563 5.8827557
3.1212921 1.032135 5.883711
3.1273241 1.0364774 5.8821112
3.1282138 1.0367747 5.8818785
3.123174 1.0381045 5.8846817
3.1225188 1.0389945 5.8861627
3.123174 1.0381045 5.8846817
3.1225188 1.0389945 5.8861627
3.1216981 1.0359031 5.8878552
3.121078 1.036276 5.8873116
3.123779 1.0340721 5.8877878
3.121078 1.036276 5.8873116
3.1223735 1.0348838 5.8875776
3.1205946 1.0358186 5.887716
3.1193777 1.0362321 5.8874501
3.1205946 1.0358186 5.887716
3.1193777 1.0362321 5.8874501
3.119174 1.0374123 5.8871854
3.1209568 1.0339597 5.8885902
3.1206985 1.0326123 5.8892568
3.119298 1.0343336 5.8897964
3.1236885 1.0385084 5.8850195
3.1195898 1.0362842 5.8886681
3.1236885 1.0385084 5.8850195
3.1195898 1.0362842 5.8886681
3.1214291 1.0376754 5.8873831
3.1202001 1.0364067 5.8834049
3.1188504 1.0339698 5.8851382
1.148834 0.62098204 1.5450246
1.1488077 0.62523272 1.5463107
1.1462452 0.62477422 1.5467896
1.1459303 0.62400327 1.5452493
1.1477589 0.62240434 1.5440878
1.1459303 0.62400327 1.5452493
1.1477589 0.62240434 1.5440878
1.1444976 0.62282489 1.5515619
1.1428049 0.6240001 1.5525184
1.1444976 0.62282489 1.5515619
1.1428049 0.6240001 1.5525184
1.1407901 0.6246622 1.5534647
1.1426313 0.61995958 1.5502434
1.1425168 0.62186448 1.5510424
1.1426313 0.61995958 1.5502434
1.1425168 0.62186448 1.5510424
1.1391293 0.62554243 1.5511241
1.1452078 0.62044683 1.5480363
1.1437604 0.6220175 1.5515951
1.1425718 0.62486282 1.5508215
1.1437604 0.6220175 1.5515951
1.1425718 0.62486282 1.5508215
1.1406257 0.62295551 1.5543098
1.1384338 0.62366853 1.5592721
1.1380169 0.62356457 1.5602133
1.1182077 0.63457611 1.572208
5.7575095 2.5589926 0.56965242
5.7523647 2.5603242 0.56553635
5.750052 2.5613379 0.56283609
5.7545283 2.5606781 0.56120031
5.7577184 2.562355 0.5620332
5.7545283 2.5606781 0.56120031
1.2914296 1.8050646 2.1827993
1.2919315 1.8106676 2.1760214
1.2915043 1.8048196 2.1807153
1.290663 1.8066037 2.1798945
1.2895857 1.807475 2.1782452
1.290396 1.8088103 2.1782346
1.2895857 1.807475 2.1782452
1.290396 1.8088103 2.1782346
1.287731 1.8049199 2.1784496
1.2875799 1.8059223 2.1803987
1.2879936 1.8059716 2.1789178
1.2875799 1.8059223 2.1803987
1.2879936 1.8059716 2.1789178
1.2880631 1.8077866 2.1817835
1.2893097 1.80416 2.181146
1.2881252 1.8072793 2.1838638
1.2880256 1.8049105 2.1843889
1.2900849 1.8058365 2.1844027
1.2880256 1.8049105 2.1843889
1.2900849 1.8058365 2.1844027
1.2837161 1.810417 2.17886
0 0 0
5.5769403 1.218592 2.5303297
5.5741811 1.2200314 2.5331169
5.5781467 1.219202 2.5292431
5.5757197 1.2199966 2.5300437
5.5739092 1.2180321 2.5313412
5.5731794 1.2157438 2.5329952
5.5713045 1.2167313 2.5332828
5.5729154 1.2156609 2.5339563
5.5713045 1.2167313 2.5332828
5.5729154 1.2156609 2.5339563
5.5748245 1.2180633 2.5306939
5.5749151 1.2191404 2.5302947
5.5762281 1.2182279 2.5298456
5.5743624 1.2195206 2.5293071
5.5762281 1.2182279 2.5298456
2.4080002 1.6978913 3.6883732
2.4080002 1.6978913 3.6883732
2.4080002 1.6978913 3.6883732
2.4030886 1.6985061 3.6881188
3.7753902 1.0439575 2.2862925
3.7791141 1.0462988 2.2831179
3.7825465 1.0447601 2.2830403
3.7834831 1.0463244 2.2843462
3.7825465 1.0447601 2.2830403
3.7834831 1.0463244 2.2843462
3.778499 1.0444761 2.2880295
3.7806847 1.0403233 2.2856955
3.7803753 1.0387573 2.2860864
3.7806847 1.0403233 2.2856955
3.7808923 1.0399924 2.2868452
3.7800564 1.0396857 2.2879181
3.7781605 1.0396224 2.2856788
3.7800564 1.0396857 2.2879181
3.7820112 1.0437079 2.2858127
3.7844379 1.0395697 2.2839741
3.7820112 1.0437079 2.2858127
3.7844379 1.0395697 2.2839741
3.7714516 1.0401842 2.2846834
4.5082616 0.77077443 1.9565722
4.5069182 0.76899316 1.9578966
4.5047938 0.7663661 1.9597964
4.5062807 0.76738398 1.9580375
4.5047938 0.7663661 1.9597964
4.5062807 0.76738398 1.9580375
4.5044254 0.76766792 1.9620917
0 0 0
3.1245271 1.0290167 5.8823928
3.1224188 1.0316322 5.883841
3.1225606 1.0336517 5.881952
3.1222491 1.0361434 5.8824253
3.1238895 1.0390639 5.8835484
3.1219081 1.0380244 5.8878012
3.1238895 1.0390639 5.8835484
3.118414 1.0358417 5.8916209
3.1184127 1.0382109 5.8913866
3.118414 1.0358417 5.8916209
3.1234188 1.0368596 5.8867435
3.1198212 1.0360641 5.8887879
3.1234188 1.0368596 5.8867435
3.1190084 1.037318 5.8864216
3.1196656 1.0357057 5.8839558
3.1195478 1.0367969 5.885391
3.1196656 1.0357057 5.8839558
3.1195478 1.0367969 5.885391
3.1204044 1.0375639 5.8861774
3.1209023 1.0357582 5.8884695
3.1193437 1.0364095 5.8887917
3.1204709 1.0365567 5.8854983
3.1190055 1.0369373 5.8871876
3.1204709 1.0365567 5.8854983
3.1190055 1.0369373 5.8871876
3.122843 1.0340118 5.8871395
3.1193622 1.0373085 5.8839126
3.1223184 1.0373411 5.8862984
0 0 0
1.1500849 0.61843845 1.5495945
1.143133 0.62126585 1.5534483
1.1480894 0.62177802 1.5437986
1.1458949 0.62082096 1.5452583
1.1480894 0.62177802 1.5437986
1.1458949 0.62082096 1.5452583
1.1473724 0.6235787 1.5472578
1.1453638 0.62627948 1.5479067
1.1447293 0.62615783 1.5494871
1.1453638 0.62627948 1.5479067
1.142128 0.62290009 1.550678
1.1455922 0.62195851 1.5493442
1.1380146 0.62212394 1.5561073
1.1455922 0.62195851 1.5493442
1.1380146 0.62212394 1.5561073
1.1464061 0.62608619 1.5452837
1.1428998 0.62750869 1.549976
1.1464061 0.62608619 1.5452837
1.1403812 0.62483146 1.5530534
1.1403402 0.62541693 1.5532349
1.1403812 0.62483146 1.5530534
1.1403402 0.62541693 1.5532349
1.1432456 0.62098038 1.5543065
1.1375264 0.62309499 1.5585631
0 0 0
0 0 0
0 0 0
1.1603702 1.32462 3.0063809
1.1616537 1.3289746 3.0134139
1.1646547 1.316621 3.0054273
1.1682159 1.3193882 3.0060755
1.1638666 1.3236227 3.0082995
0 0 0
1.2873063 1.8049563 2.1775497
1.2910743 1.8016417 2.1774797
1.2879268 1.8070588 2.1788673
1.2905693 1.8073122 2.1787993
1.2879268 1.8070588 2.1788673
1.2905693 1.8073122 2.1787993
1.2910344 1.807038 2.177504
1.2904869 1.8081732 2.1778775
1.287287 1.8088521 2.1801618
1.2863687 1.8072242 2.1788639
1.2911314 1.8076639 2.1829433
1.2863687 1.8072242 2.1788639
1.2911314 1.8076639 2.1829433
1.2893422 1.8084822 2.182565
1.2874198 1.8066501 2.1813693
1.2893422 1.8084822 2.182565
1.2874198 1.8066501 2.1813693
1.2898261 1.8075803 2.1826495
1.2846771 1.809203 2.1820169
5.5741728 1.2191779 2.5336537
5.5746444 1.2192022 2.5308721
5.5741728 1.2191779 2.5336537
5.5744773 1.2179744 2.5334776
5.5737906 1.2170454 2.5340453
5.5762878 1.2155183 2.5314583
5.5774316 1.2155932 2.5307868
5.5762878 1.2155183 2.5314583
5.5774316 1.2155932 2.5307868
5.5719836 1.2167457 2.5318921
5.5740514 1.2184351 2.5326149
5.5754147 1.2191541 2.5308288
5.5746488 1.2180136 2.5313032
5.5753268 1.2174345 2.529059
5.5746488 1.2180136 2.5313032
2.409111 1.6956325 3.6925466
2.4037218 1.6996864 3.689587
2.4073153 1.6962767 3.6948188
2.4037218 1.6996864 3.689587
2.4026069 1.6981065 3.6921315
2.3994979 1.6945203 3.6940747
2.4050252 1.6965801 3.6947534
3.7808932 1.0454043 2.2859905
3.7814337 1.0467387 2.2858922
3.7842627 1.0426944 2.2870218
3.7814337 1.0467387 2.2858922
3.7842627 1.0426944 2.2870218
3.7842301 1.0407724 2.2837358
3.7745536 1.0374345 2.2918774
3.77745 1.0396104 2.2903875
3.7784732 1.0445578 2.2897083
3.7802617 1.0421319 2.2870736
3.7784732 1.0445578 2.2897083
3.7802617 1.0421319 2.2870736
3.7806312 1.0409788 2.2859175
3.7814736 1.0396626 2.2859281
3.7806312 1.0409788 2.2859175
3.7814736 1.0396626 2.2859281
3.769728 1.0402297 2.2845407
4.5074306 0.7665771 1.9651304
4.5087531 0.76868072 1.9588022
4.5064814 0.76702744 1.9604494
4.5079218 0.76759702 1.9571697
4.5081614 0.76663498 1.958198
4.5087173 0.76577312 1.956599
4.5075352 0.76702929 1.9571978
4.5095597 0.76876836 1.9540868
3.1262648 1.0315551 5.8784902
3.1307618 1.0408747 5.8808846
3.1273241 1.0364774 5.8821112
3.1282138 1.0367747 5.8818785
3.123174 1.0381045 5.8846817
3.1225188 1.0389945 5.8861627
3.123174 1.0381045 5.8846817
3.1210265 1.036121 5.8893773
3.1220486 1.0347486 5.8897005
3.1210265 1.036121 5.8893773
3.1220486 1.0347486 5.8897005
3.1199602 1.0334909 5.8911419
3.121264 1.0350616 5.8892466
3.1228717 1.0381918 5.8868428
3.1223012 1.03729 5.8812048
3.1228717 1.0381918 5.8868428
3.1223012 1.03729 5.8812048
3.1201249 1.0383769 5.8846248
3.1213886 1.0376854 5.8849474
3.1229256 1.0386943 5.8872417
3.120448 1.0379612 5.8879947
3.1236885 1.0385084 5.8850195
3.1204659 1.0365393 5.8880667
3.1236885 1.0385084 5.8850195
3.1204659 1.0365393 5.8880667
3.1182631 1.0330931 5.8885584
3.1164196 1.0334651 5.889828
3.1182631 1.0330931 5.8885584
1.1413339 0.62264938 1.5555971
1.1428479 0.62370142 1.5545665
1.1430507 0.62358914 1.5557284
1.1428479 0.62370142 1.5545665
1.1430507 0.62358914 1.5557284
1.1485867 0.62336281 1.5460423
1.1413816 0.62665487 1.5534039
1.1485867 0.62336281 1.5460423
1.1413816 0.62665487 1.5534039
1.1449456 0.62615713 1.5484495
1.1491289 0.6262563 1.5488884
1.1457073 0.62197288 1.5505257
1.1461097 0.6211156 1.5492041
1.1457073 0.62197288 1.5505257
1.1461097 0.6211156 1.5492041
1.1449039 0.6251369 1.5505426
1.1441629 0.6234518 1.5497377
1.143158 0.62439454 1.5508709
1.1441629 0.6234518 1.5497377
1.1441342 0.62326382 1.5510335
1.1406257 0.62295551 1.5543098
1.1441342 0.62326382 1.5510335
1.1406257 0.62295551 1.5543098
1.1468786 0.62451967 1.5499808
0 0 0
1.1586662 1.3188429 3.0137204
1.1582371 1.3198948 3.0131513
1.1601359 1.3200658 3.0137682
1.1581792 1.325963 3.0065096
1.1598005 1.3250269 3.0074638
1.1581792 1.325963 3.0065096
1.1635905 1.3218894 3.0103218
1.1623138 1.3200711 3.0086607
1.1665728 1.3226127 3.0080197
1.15862 1.3182618 3.010238
1.2863512 1.8088842 2.1782582
1.2832282 1.808373 2.177233
1.290357 1.8077681 2.1817408
1.2873847 1.8086171 2.1793111
1.290357 1.8077681 2.1817408
1.2883156 1.8057271 2.1797136
1.2880541 1.8060531 2.1794534
1.2917779 1.8078986 2.1801773
1.2935085 1.806845 2.1841075
1.290734 1.8073439 2.183742
1.2935085 1.806845 2.1841075
1.290734 1.8073439 2.183742
1.2896325 1.8053633 2.1837319
1.2880256 1.8049105 2.1843889
1.2897112 1.8059759 2.1826353
1.2880256 1.8049105 2.1843889
1.2897112 1.8059759 2.1826353
1.2889867 1.8066126 2.1837717
5.5741811 1.2200314 2.5331169
5.5769403 1.218592 2.5303297
5.5741811 1.2200314 2.5331169
5.5729179 1.2146315 2.534649
5.5747562 1.2164917 2.5323424
5.5743929 1.2165857 2.5316901
5.5752052 1.2171724 2.5314609
5.5743929 1.2165857 2.5316901
5.5752052 1.2171724 2.5314609
5.5739464 1.2140229 2.5323206
5.5729154 1.2156609 2.5339563
5.5811102 1.2149609 2.5268214
5.5768532 1.214536 2.5318739
5.5762281 1.2182279 2.5298456
2.4066061 1.6989003 3.6890272
2.4074233 1.6984372 3.691571
2.4087649 1.6979011 3.6915031
2.4074233 1.6984372 3.691571
2.4059082 1.7020455 3.6900601
2.404636 1.6996862 3.6915376
2.4037236 1.6966028 3.693668
2.404636 1.6996862 3.6915376
2.4037236 1.6966028 3.693668
3.7786708 1.0427023 2.2867987
3.7853438 1.0436683 2.2870245
3.7786708 1.0427023 2.2867987
3.7853438 1.0436683 2.2870245
3.7826286 1.0409611 2.2803029
3.7808082 1.0438866 2.2858506
3.7800211 1.0432219 2.2875244
3.7788831 1.042578 2.2876101
3.7811854 1.040537 2.2845076
3.7773504 1.0439148 2.2853948
3.7811854 1.040537 2.2845076
3.7785913 1.0445231 2.2872959
3.7797593 1.041367 2.2869616
3.776611 1.0410679 2.2868073
3.7750543 1.0400293 2.2870545
3.7731323 1.0424102 2.2871986
4.5090156 0.76450061 1.962309
4.5131792 0.76488075 1.9565734
4.505313 0.76751575 1.9628085
4.5077357 0.76759503 1.95889
4.5042774 0.76665436 1.9621766
4.5077357 0.76759503 1.95889
4.510096 0.76621908 1.9571177
4.5107995 0.76533998 1.9513954
0 0 0
3.1272752 1.0372442 5.8827396
3.13261 1.045505 5.8789148
3.1222491 1.0361434 5.8824253
3.1194542 1.0393895 5.8868531
3.1197485 1.0378657 5.8883066
3.1217909 1.0387949 5.8888485
3.1231773 1.0365084 5.8867544
3.1222489 1.0343244 5.8883403
3.1205283 1.0339865 5.8894088
3.1222489 1.0343244 5.8883403
3.1205283 1.0339865 5.8894088
3.1212603 1.0353727 5.8879655
3.1237799 1.0375456 5.8871269
3.1239979 1.0388971 5.8844227
3.1237799 1.0375456 5.8871269
3.1215653 1.0336798 5.8889073
3.1213167 1.0327048 5.8874832
3.1187082 1.0313865 5.8893762
3.1219065 1.0398367 5.887132
3.1190665 1.0386454 5.887352
3.1218088 1.0380874 5.8872584
3.1198033 1.0364686 5.8887503
3.1218088 1.0380874 5.8872584
3.1210005 1.0368444 5.8866302
3.1201126 1.0331123 5.8866607
3.1210005 1.0368444 5.8866302
3.1201126 1.0331123 5.8866607
1.1459316 0.62310851 1.5584176
1.145384 0.62419054 1.5519438
1.1447283 0.6249225 1.5532028
1.145384 0.62419054 1.5519438
1.1447283 0.6249225 1.5532028
1.1450133 0.62484214 1.5506918
1.1421371 0.62446335 1.5539913
1.1450133 0.62484214 1.5506918
1.1421371 0.62446335 1.5539913
1.1450132 0.62408615 1.5513366
1.1494905 0.62149304 1.5461074
1.1450603 0.62159488 1.5488808
1.1440406 0.62232646 1.5495909
1.1420824 0.62543844 1.5534024
1.1440406 0.62232646 1.5495909
1.1420824 0.62543844 1.5534024
1.1427327 0.62433935 1.5530478
1.1438983 0.62576975 1.54968
1.1423849 0.62852701 1.5518646
1.1438983 0.62576975 1.54968
1.1423849 0.62852701 1.5518646
1.1410739 0.6234671 1.5525855
1.1373607 0.62368479 1.5608485
1.1432456 0.62098038 1.5543065
1.1589843 1.3214495 3.0097601
1.1596989 1.3213978 3.0137616
1.1607402 1.324035 3.0099719
1.1621725 1.3256032 3.0079351
1.1595811 1.3252624 3.005976
1.1621725 1.3256032 3.0079351
1.1595811 1.3252624 3.005976
1.1674042 1.3209734 3.0086015
1.1641987 1.3229091 3.0091314
1.1674042 1.3209734 3.0086015
1.1638666 1.3236227 3.0082995
1.1602045 1.3169677 3.0092892
1.2879268 1.8070588 2.1788673
1.2853989 1.8103255 2.1742466
1.2879268 1.8070588 2.1788673
1.2904241 1.8063399 2.1822383
1.2886623 1.8035985 2.1811973
1.2913712 1.8047704 2.1814166
1.2909831 1.8055825 2.1812234
1.2926718 1.8079998 2.1827963
1.289967 1.8080087 2.1813346
1.2926718 1.8079998 2.1827963
1.289967 1.8080087 2.1813346
1.2863652 1.8069013 2.1830979
1.2874198 1.8066501 2.1813693
1.2898261 1.8075803 2.1826495
1.2874198 1.8066501 2.1813693
1.2898261 1.8075803 2.1826495
1.2901116 1.8069742 2.1811592
4.0339632 1.8735741 2.4557993
5.5746444 1.2192022 2.5308721
5.5757779 1.2145681 2.5376163
5.5738243 1.2140676 2.5354207
5.5745948 1.2160152 2.5318173
5.5762878 1.2155183 2.5314583
5.5774316 1.2155932 2.5307868
5.5762878 1.2155183 2.5314583
5.5774316 1.2155932 2.5307868
5.5753187 1.2144858 2.5317277
5.5734829 1.2163715 2.5344918
5.5788639 1.2183904 2.5283812
5.5746488 1.2180136 2.5313032
2.409111 1.6956325 3.6925466
2.4045638 1.697242 3.6906021
2.409111 1.6956325 3.6925466
2.4076072 1.6964444 3.6940385
2.4073153 1.6962767 3.6948188
2.4060231 1.6973115 3.6924797
2.4026069 1.6981065 3.6921315
2.4029649 1.6964234 3.6940097
2.4050252 1.6965801 3.6947534
2.4084507 1.6950419 3.695932
2.4050252 1.6965801 3.6947534
0 0 0
3.7802817 1.0407561 2.2865138
3.7909489 1.0414294 2.2860008
3.7806008 1.0423483 2.2819703
3.7787885 1.0431433 2.2873112
3.7788909 1.041646 2.2867337
3.7787885 1.0431433 2.2873112
3.7788909 1.041646 2.2867337
3.7801761 1.0413078 2.2852495
3.7780492 1.0455272 2.2858319
3.7783102 1.0455509 2.2863333
3.7782913 1.0428135 2.2862745
3.7768924 1.0423124 2.2864214
3.7782913 1.0428135 2.2862745
3.7768924 1.0423124 2.2864214
4.5046396 0.76921133 1.968611
4.5041069 0.76914482 1.9661016
4.5144764 0.76589532 1.9537978
4.5127712 0.76797233 1.9556853
4.5081614 0.76663498 1.958198
4.5087173 0.76577312 1.956599
4.5075352 0.76702929 1.9571978
4.5095597 0.76876836 1.9540868
4.5075352 0.76702929 1.9571978
4.5095597 0.76876836 1.9540868
0 0 0
3.1171411 1.0329159 5.8864118
3.1227684 1.0357431 5.8845655
3.1223073 1.037895 5.88565
3.1223977 1.0378105 5.8860668
3.1241221 1.0360911 5.8835606
3.1220885 1.0339157 5.8871478
3.1207964 1.0340655 5.8887246
3.1220885 1.0339157 5.8871478
3.1207964 1.0340655 5.8887246
3.1264856 1.0382649 5.885291
3.1249368 1.0372452 5.8875929
3.1264856 1.0382649 5.885291
3.1249368 1.0372452 5.8875929
3.1219356 1.034199 5.8898379
3.1197927 1.033393 5.889502
3.1204361 1.0358486 5.8889313
3.1229256 1.0386943 5.8872417
3.120448 1.0379612 5.8879947
3.1229256 1.0386943 5.8872417
3.120448 1.0379612 5.8879947
3.1216621 1.0350936 5.8824756
3.1190012 1.0356941 5.884971
3.1182631 1.0330931 5.8885584
3.1190012 1.0356941 5.884971
3.1182631 1.0330931 5.8885584
1.1413339 0.62264938 1.5555971
1.1428479 0.62370142 1.5545665
1.1430507 0.62358914 1.5557284
1.1428479 0.62370142 1.5545665
1.1430507 0.62358914 1.5557284
1.1446791 0.62517351 1.548785
1.1448628 0.62386979 1.5494109
1.1446937 0.62167561 1.5507729
1.1448628 0.62386979 1.5494109
1.1446937 0.62167561 1.5507729
1.1484522 0.62021815 1.5475918
1.143384 0.62236169 1.5498309
1.1461097 0.6211156 1.5492041
1.142601 0.62666584 1.5519969
1.1461097 0.6211156 1.5492041
1.142601 0.62666584 1.5519969
1.1396355 0.62526845 1.556387
1.1429924 0.62873204 1.5525661
1.1396355 0.62526845 1.556387
1.1429924 0.62873204 1.5525661
1.1408149 0.62910318 1.5551897
1.1400196 0.62495094 1.5530105
1.1364695 0.62597355 1.5556426
1.1653317 1.3205689 3.0144516
1.15657 1.3198055 3.0105018
1.1586662 1.3188429 3.0137204
1.1582371 1.3198948 3.0131513
1.1601359 1.3200658 3.0137682
1.1584062 1.3251308 3.0074467
1.1622447 1.32638 3.006486
1.1584062 1.3251308 3.0074467
1.1622447 1.32638 3.006486
1.1632658 1.3262531 3.0089524
1.1631419 1.3265374 3.009644
1.15862 1.3182618 3.010238
1.1574611 1.3147032 3.012515
1.1595635 1.3209879 3.0097234
0 0 0
1.2873847 1.8086171 2.1793111
1.290357 1.8077681 2.1817408
1.2883156 1.8057271 2.1797136
1.2896056 1.8057756 2.1810098
1.2899043 1.8074733 2.1811965
1.2935085 1.806845 2.1841075
1.2899043 1.8074733 2.1811965
1.2935085 1.806845 2.1841075
1.290734 1.8073439 2.183742
1.2914558 1.8070803 2.1833313
1.2914887 1.8049326 2.1843903
1.2914558 1.8070803 2.1833313
0 0 0
0 0 0
0 0 0
4.0294896 1.8716475 2.4540368
4.0318817 1.8728132 2.4538749
4.0302804 1.8721243 2.452936
5.5737706 1.215634 2.5353244
5.5742693 1.2180427 2.5303594
5.5743929 1.2165857 2.5316901
5.5742693 1.2180427 2.5303594
5.5743929 1.2165857 2.5316901
5.5752052 1.2171724 2.5314609
5.5739464 1.2140229 2.5323206
5.5742264 1.2145669 2.5356799
2.4055919 1.6985799 3.6901637
2.4066061 1.6989003 3.6890272
2.4041956 1.6989121 3.6906589
2.4066061 1.6989003 3.6890272
2.4041956 1.6989121 3.6906589
2.4034783 1.6981513 3.6926644
2.4094631 1.6988914 3.6919053
2.4061431 1.6977827 3.6900861
2.404636 1.6996862 3.6915376
2.4066986 1.6962953 3.6927067
2.404636 1.6996862 3.6915376
2.4066986 1.6962953 3.6927067
2.4073629 1.6964109 3.6931365
2.3974732 1.6980627 3.6827177
2.4003881 1.6975458 3.6846341
2.3974732 1.6980627 3.6827177
3.7826286 1.0409611 2.2803029
3.7779893 1.0437071 2.2884569
3.7800211 1.0432219 2.2875244
3.7779893 1.0437071 2.2884569
3.7829851 1.0374722 2.2856685
3.7801841 1.0421443 2.2881674
3.7786691 1.0448326 2.2880558
3.7784857 1.0440218 2.2876439
3.7786691 1.0448326 2.2880558
3.7784857 1.0440218 2.2876439
3.7784295 1.0422771 2.2861187
3.7731323 1.0424102 2.2871986
4.5113606 0.76670167 1.9563654
4.5099015 0.76653877 1.9559415
4.5113606 0.76670167 1.9563654
4.5099015 0.76653877 1.9559415
4.5100282 0.76473875 1.9571307
4.5105153 0.76456848 1.9553029
4.510096 0.76621908 1.9571177
4.5105854 0.76797917 1.9552388
4.5109929 0.76930239 1.9566325
4.5105854 0.76797917 1.9552388
4.5109929 0.76930239 1.9566325
3.1245371 1.0366323 5.8827548
3.1223912 1.0363332 5.8848609
3.1212426 1.0365004 5.8856003
3.1217909 1.0387949 5.8888485
3.1212426 1.0365004 5.8856003
3.1191703 1.0353407 5.8865731
3.1214222 1.0357647 5.8864313
3.1226522 1.0353891 5.886761
3.1214222 1.0357647 5.8864313
3.1226522 1.0353891 5.886761
3.1228178 1.037261 5.8860158
3.1244938 1.0366276 5.8856905
3.1228178 1.037261 5.8860158
3.1215653 1.0336798 5.8889073
3.1213167 1.0327048 5.8874832
3.1187082 1.0313865 5.8893762
3.1222914 1.0337414 5.8843922
3.1190665 1.0386454 5.887352
3.1219065 1.0398367 5.887132
3.1190665 1.0386454 5.887352
3.1193736 1.0358869 5.884302
3.1182043 1.0344716 5.8861566
3.1201126 1.0331123 5.8866607
3.1182043 1.0344716 5.8861566
3.1201126 1.0331123 5.8866607
1.141767 0.62442887 1.5556145
1.145384 0.62419054 1.5519438
1.1447283 0.6249225 1.5532028
1.145384 0.62419054 1.5519438
1.1447283 0.6249225 1.5532028
1.1452284 0.62630219 1.5481143
1.1421371 0.62446335 1.5539913
1.1423823 0.62199644 1.5538607
1.1421371 0.62446335 1.5539913
1.1423823 0.62199644 1.5538607
1.1447539 0.62220653 1.5504023
1.1450603 0.62159488 1.5488808
1.1440406 0.62232646 1.5495909
1.1420824 0.62543844 1.5534024
1.141786 0.62397614 1.552048
1.1420824 0.62543844 1.5534024
1.141786 0.62397614 1.552048
1.1415048 0.62952285 1.5539915
1.1406953 0.62600046 1.553708
1.1415048 0.62952285 1.5539915
1.1423849 0.62852701 1.5518646
1.1378054 0.62754716 1.5566376
1.1589843 1.3214495 3.0097601
1.1618085 1.3190097 3.0141341
1.1589843 1.3214495 3.0097601
1.1615831 1.3205959 3.0143069
1.1607402 1.324035 3.0099719
1.1592987 1.3247324 3.0091018
1.162156 1.323668 3.0061954
1.1644031 1.3235856 3.0063838
1.162156 1.323668 3.0061954
1.1644031 1.3235856 3.0063838
1.1622589 1.3260755 3.008434
1.1636179 1.3228136 3.0109751
1.1618237 1.3174792 3.0084806
1.1602045 1.3169677 3.0092892
1.1583622 1.3175461 3.0093716
1.1636471 1.324217 3.0090481
1.2880253 1.8070604 2.1795327
1.2904514 1.8047494 2.1829184
1.2867719 1.8015991 2.1806357
1.2913712 1.8047704 2.1814166
1.2898238 1.8086422 2.1804679
1.2926718 1.8079998 2.1827963
1.289967 1.8080087 2.1813346
1.2926718 1.8079998 2.1827963
1.289967 1.8080087 2.1813346
1.291476 1.8106434 2.1827755
1.2908482 1.8109066 2.1835598
1.291476 1.8106434 2.1827755
0 0 0
4.0339632 1.8735741 2.4557993
4.031945 1.872415 2.45638
4.0339632 1.8735741 2.4557993
4.032123 1.8720448 2.4544584
4.0260653 1.8712014 2.4505335
4.032123 1.8720448 2.4544584
5.5738639 1.2158256 2.5303094
5.5738243 1.2140676 2.5354207
5.5738639 1.2158256 2.5303094
5.5751368 1.2150181 2.5289604
2.413932 1.7021296 3.6913803
2.4112542 1.7003265 3.6919473
2.413932 1.7021296 3.6913803
2.4071713 1.6974713 3.690174
2.4045638 1.697242 3.6906021
2.4050092 1.6984921 3.6899772
2.4045638 1.697242 3.6906021
2.4050092 1.6984921 3.6899772
2.4042767 1.6987861 3.6921677
2.4080918 1.6958351 3.6921483
2.4059202 1.6981135 3.6912059
2.4036437 1.6982281 3.6909179
2.4059202 1.6981135 3.6912059
2.4036437 1.6982281 3.6909179
2.4053123 1.695319 3.6902761
2.407119 1.7025203 3.6866287
2.4015639 1.6998898 3.683825
2.4031959 1.6987891 3.6872067
2.4015639 1.6998898 3.683825
2.4031959 1.6987891 3.6872067
2.4064873 1.6976961 3.6882676
2.4050294 1.6969838 3.6939711
2.4066074 1.6975439 3.6924021
2.405636 1.6955419 3.6957159
2.4113379 1.6971153 3.6938931
2.4117516 1.6973335 3.6931247
2.4140038 1.7028643 3.6961416
2.4117516 1.6973335 3.6931247
2.4140038 1.7028643 3.6961416
2.4031085 1.6963101 3.6944469
0 0 0
4.5157941 0.76751863 1.9544828
4.5090274 0.76872453 1.9551643
4.5130129 0.76849097 1.953068
4.5090274 0.76872453 1.9551643
4.510938 0.76695861 1.9572767
4.5101796 0.7667492 1.9572434
4.5088431 0.76650595 1.9599142
4.5085932 0.76752421 1.9585662
4.5088431 0.76650595 1.9599142
4.5085932 0.76752421 1.9585662
4.5069042 0.76684949 1.9607838
4.506531 0.76406607 1.953151
3.1227684 1.0357431 5.8845655
3.1223073 1.037895 5.88565
3.1223977 1.0378105 5.8860668
3.1241221 1.0360911 5.8835606
3.1220885 1.0339157 5.8871478
3.1207964 1.0340655 5.8887246
3.1220885 1.0339157 5.8871478
3.1207964 1.0340655 5.8887246
3.1239475 1.0372315 5.8852044
3.1249368 1.0372452 5.8875929
3.1264856 1.0382649 5.885291
3.1249368 1.0372452 5.8875929
3.1219356 1.034199 5.8898379
3.1213291 1.0351011 5.8855314
3.121513 1.0356766 5.8850659
3.1213291 1.0351011 5.8855314
3.121513 1.0356766 5.8850659
3.1198582 1.0344318 5.886572
3.1228957 1.0332584 5.8845101
3.1216621 1.0350936 5.8824756
3.1190012 1.0356941 5.884971
3.117217 1.0345985 5.8864588
1.8303075 2.3710152 4.3194123
1.8303075 2.3710152 4.3194123
1.141347 0.62710354 1.5547602
1.1396779 0.63119655 1.5632658
1.1523392 0.62651356 1.5304858
1.147721 0.62588451 1.5465033
1.1468186 0.6329058 1.5406713
1.1461527 0.63031285 1.5432088
1.1468186 0.6329058 1.5406713
1.1434033 0.62075569 1.5508905
1.1427045 0.61856932 1.5521855
1.1434033 0.62075569 1.5508905
1.1427045 0.61856932 1.5521855
1.1418221 0.61891 1.5536975
1.8074707 1.3197471 3.8703852
1.142601 0.62666584 1.5519969
1.1369341 0.62869433 1.5605
1.142601 0.62666584 1.5519969
1.1396355 0.62526845 1.556387
1.1384201 0.63021133 1.5594796
1.1396355 0.62526845 1.556387
1.1384201 0.63021133 1.5594796
1.1408149 0.62910318 1.5551897
0 0 0
1.1641445 1.3160386 3.0149081
1.1653317 1.3205689 3.0144516
1.1628123 1.3207407 3.0105688
1.1618413 1.3217755 3.0122036
1.1621327 1.323287 3.009728
1.162311 1.3232658 3.0072727
1.1584062 1.3251308 3.0074467
1.1622447 1.32638 3.006486
1.1584062 1.3251308 3.0074467
1.1622447 1.32638 3.006486
1.1632658 1.3262531 3.0089524
1.1631419 1.3265374 3.009644
1.164173 1.3172789 3.0080591
1.1623549 1.3195087 3.0097289
1.1595635 1.3209879 3.0097234
1.1605199 1.3241069 3.0097441
1.1595635 1.3209879 3.0097234
1.2901502 1.8056776 2.1832688
1.286147 1.8030156 2.1800725
1.2896056 1.8057756 2.1810098
1.2899043 1.8074733 2.1811965
0 0 0
0 0 0
1.2907648 1.8087882 2.1812989
1.2914887 1.8049326 2.1843903
1.2880739 1.8084841 2.1795203
1.28863 1.8081349 2.1810799
1.2880739 1.8084841 2.1795203
4.0288887 1.8724514 2.4550071
4.0294896 1.8716475 2.4540368
4.0288887 1.8724514 2.4550071
4.0294896 1.8716475 2.4540368
4.0310862 1.8733985 2.4574768
4.0325926 1.8740088 2.4543008
4.0310862 1.8733985 2.4574768
4.0325926 1.8740088 2.4543008
2.4108886 1.7006729 3.6967742
2.4094562 1.6985903 3.6939798
2.4117497 1.7000238 3.6927946
2.4118439 1.6991377 3.6915093
2.4062553 1.701881 3.6940038
2.4118439 1.6991377 3.6915093
2.4070092 1.6991445 3.6907646
2.4070377 1.6984421 3.6904134
2.4059487 1.6990057 3.6902592
2.4070377 1.6984421 3.6904134
2.4059487 1.6990057 3.6902592
2.4048824 1.6985928 3.6897583
2.4045469 1.6958885 3.6880002
2.4063429 1.6983812 3.6878094
2.4059875 1.6974655 3.6876237
2.4063429 1.6983812 3.6878094
2.4059875 1.6974655 3.6876237
2.4047505 1.7010362 3.6932583
2.4046281 1.7002935 3.6921896
2.4036215 1.6994809 3.6846237
2.4050388 1.6989826 3.6862686
2.4036215 1.6994809 3.6846237
2.4050388 1.6989826 3.6862686
2.407767 1.6990583 3.6945675
2.4059262 1.6982167 3.6941354
2.4061106 1.699567 3.6917289
2.4052527 1.6996574 3.6910148
2.4061106 1.699567 3.6917289
2.4052527 1.6996574 3.6910148
2.4063442 1.696558 3.6924325
2.4065654 1.6984673 3.6907513
2.4053467 1.6974524 3.6912533
2.4031146 1.6980654 3.6921221
2.4030473 1.6955972 3.6925218
4.5171556 0.76862013 1.9531079
4.5113491 0.7678436 1.9554363
4.5141553 0.76808941 1.9534346
4.5113491 0.7678436 1.9554363
4.5113498 0.76645596 1.957277
4.5096195 0.76669683 1.9583168
4.5093167 0.76460866 1.9570552
4.5050561 0.76615082 1.9633428
4.5053497 0.76538884 1.9639082
4.5050561 0.76615082 1.9633428
4.5053497 0.76538884 1.9639082
4.5095028 0.76322625 1.9532973
4.5066164 0.76347949 1.9548173
3.1212426 1.0365004 5.8856003
3.1223912 1.0363332 5.8848609
3.1212426 1.0365004 5.8856003
3.1191703 1.0353407 5.8865731
3.1214222 1.0357647 5.8864313
3.1226522 1.0353891 5.886761
3.1214222 1.0357647 5.8864313
3.1226522 1.0353891 5.886761
3.1228178 1.037261 5.8860158
3.1244938 1.0366276 5.8856905
3.1228178 1.037261 5.8860158
3.1267289 1.0353655 5.8822567
3.1226621 1.0343243 5.8866151
3.1238345 1.0348503 5.8863608
3.1226621 1.0343243 5.8866151
3.1238345 1.0348503 5.8863608
3.1207973 1.034112 5.8873244
3.1207908 1.0350866 5.8883112
3.1193736 1.0358869 5.884302
1.8251266 2.372351 4.3197231
1.8229478 2.3726115 4.3175225
1.8251266 2.372351 4.3197231
1.8267841 2.3710964 4.319568
1.8313544 2.3706922 4.3234621
1.7986834 1.3077124 3.8795263
1.7891117 1.3058564 3.8872464
1.8033427 1.2969613 3.8776206
1.7967258 1.2997843 3.8805436
1.8033427 1.2969613 3.8776206
1.7967258 1.2997843 3.8805436
1.7959045 1.3034084 3.8822382
1.7957043 1.31145 3.8827747
1.793485 1.3047758 3.8799997
1.7934481 1.3032158 3.8781665
1.7925323 1.3021642 3.8812494
1.7923703 1.3028981 3.8818679
1.7957353 1.3031491 3.8814772
1.7945851 1.302554 3.8812753
1.7957353 1.3031491 3.8814772
0 0 0
0 0 0
1.7961237 1.3041808 3.8830872
1.7944953 1.3030102 3.8805295
1.792936 1.3032689 3.8795873
1.1627167 1.3209612 3.0060297
1.1627623 1.3188166 3.008352
1.1627167 1.3209612 3.0060297
1.1627623 1.3188166 3.008352
1.1576243 1.3192745 3.0104865
1.162409 1.3229248 3.0106222
1.1641569 1.3228571 3.0071031
1.162156 1.323668 3.0061954
1.1644031 1.3235856 3.0063838
1.162156 1.323668 3.0061954
1.1644031 1.3235856 3.0063838
1.1612399 1.325325 3.0110182
1.1611409 1.3227666 3.0105132
1.1677124 1.3208163 3.0098325
1.1664336 1.3211025 3.0095248
1.1642372 1.3252311 3.0089015
1.1636471 1.324217 3.0090481
1.1642969 1.3265057 3.0072686
1.1642977 1.3239918 3.0077342
1.2869448 1.8079326 2.183284
1.2872692 1.8095895 2.182001
1.2869448 1.8079326 2.183284
4.6829664 1.4040925 2.8330349
4.6827669 1.4060016 2.832804
4.6872563 1.4108337 2.8325
4.6845641 1.4071948 2.8302066
4.6872563 1.4108337 2.8325
4.6812799 1.4107353 2.8262039
4.0313424 1.8692459 2.4562021
4.0343869 1.8693354 2.4559695
4.027753 1.8728393 2.4533154
4.0324588 1.8731291 2.4539847
4.0317329 1.8736931 2.4537261
4.0316751 1.8742763 2.4573281
4.0313823 1.8740915 2.4543446
4.0316751 1.8742763 2.4573281
4.0313823 1.8740915 2.4543446
2.4078615 1.7050296 3.6908553
2.4162066 1.7008036 3.6952406
2.4049608 1.7010677 3.6924415
2.4044029 1.6999782 3.6967515
2.4064563 1.7005566 3.6958345
2.409002 1.6986408 3.6918762
2.4064706 1.6992378 3.6911964
2.406562 1.6991037 3.6906387
2.4050092 1.6984921 3.6899772
2.406562 1.6991037 3.6906387
2.4050092 1.6984921 3.6899772
2.4053999 1.6993703 3.6894643
2.4040155 1.6992708 3.6889115
2.4059202 1.6981135 3.6912059
2.4040155 1.6992708 3.6889115
2.4059202 1.6981135 3.6912059
2.406123 1.6982906 3.6920837
2.4060836 1.7028559 3.687454
2.407119 1.7025203 3.6866287
2.4049893 1.6994736 3.6874495
2.407119 1.7025203 3.6866287
2.4049893 1.6994736 3.6874495
2.4065887 1.6987192 3.6884467
2.4074358 1.6981058 3.6941124
2.4050294 1.6969838 3.6939711
2.4075162 1.6995943 3.6920152
2.4054651 1.6994251 3.6924832
2.4054257 1.6984551 3.6904081
2.4054651 1.6994251 3.6924832
2.4054257 1.6984551 3.6904081
2.4045292 1.6968158 3.691601
2.4061404 1.7000246 3.691832
2.4038002 1.6985498 3.6937365
2.4039854 1.6975119 3.6912393
4.5116875 0.76827689 1.9570725
4.5090274 0.76872453 1.9551643
4.5119427 0.76870684 1.9564866
4.5090274 0.76872453 1.9551643
4.5119427 0.76870684 1.9564866
4.5121953 0.76805083 1.9552613
4.5102146 0.76644139 1.9568617
4.506516 0.76576802 1.9588382
4.5049242 0.76404299 1.9653837
4.5067359 0.7634758 1.9623951
4.5049242 0.76404299 1.9653837
4.506531 0.76406607 1.953151
4.5051958 0.76299949 1.9559385
3.1186706 1.0352049 5.887297
3.1210292 1.0343982 5.8851577
3.1186706 1.0352049 5.887297
3.119823 1.0360659 5.8858392
3.122728 1.0367149 5.8849784
3.119823 1.0360659 5.8858392
3.122728 1.0367149 5.8849784
3.1239475 1.0372315 5.8852044
3.1236322 1.0360987 5.8841213
3.1226789 1.0338757 5.8851688
3.1207266 1.0336199 5.88524
3.12555 1.0369612 5.8825083
3.1213291 1.0351011 5.8855314
3.121513 1.0356766 5.8850659
3.1213291 1.0351011 5.8855314
3.121513 1.0356766 5.8850659
3.1198582 1.0344318 5.886572
0 0 0
0 0 0
1.8239414 2.3727126 4.314797
1.8229367 2.3729166 4.3155113
1.828067 2.3726255 4.3207802
1.8229367 2.3729166 4.3155113
1.828067 2.3726255 4.3207802
1.8014592 1.3085708 3.8771668
1.7953166 1.3060601 3.8833408
1.7977145 1.301471 3.877165
1.794491 1.3011386 3.8790738
1.7977145 1.301471 3.877165
1.794491 1.3011386 3.8790738
1.7937453 1.3034539 3.8769872
1.7929968 1.3052845 3.8808838
1.7914561 1.30717 3.8834662
1.7929968 1.3052845 3.8808838
1.7914561 1.30717 3.8834662
1.7948594 1.3022998 3.8797312
1.79461 1.3021837 3.8790421
1.7941667 1.301972 3.8790156
1.79461 1.3021837 3.8790421
1.7941667 1.301972 3.8790156
1.7931657 1.302383 3.8797242
1.7954413 1.3059463 3.877085
1.7937933 1.3046593 3.8789457
1.7943592 1.3031558 3.8813282
1.7937933 1.3046593 3.8789457
1.1665355 1.3231751 3.0098978
1.1639697 1.3221869 3.0088025
1.162659 1.318943 3.007918
1.1594682 1.3220037 3.0103434
1.1624537 1.3224346 3.0100791
1.1594682 1.3220037 3.0103434
1.1624537 1.3224346 3.0100791
1.1650062 1.3229115 3.0079621
1.1595832 1.3232052 3.0092427
1.164601 1.3231064 3.0128815
1.1633674 1.3228044 3.0106942
1.164601 1.3231064 3.0128815
1.1633674 1.3228044 3.0106942
1.1652397 1.3231539 3.0094285
1.1663639 1.329374 3.0086546
1.1656884 1.3271303 3.0079506
1.1648232 1.3260313 3.0064722
1.1654588 1.3236983 3.0050712
1.1648232 1.3260313 3.0064722
4.6853108 1.4035956 2.8320629
4.6825629 1.4060988 2.8329083
4.6827805 1.406025 2.8319057
4.6837492 1.4068233 2.8313672
4.6784646 1.4055714 2.8324222
4.6837492 1.4068233 2.8313672
4.6784646 1.4055714 2.8324222
4.6839173 1.4070935 2.8249336
4.6810818 1.4099624 2.8280368
4.0326551 1.8732804 2.4547509
4.0344211 1.8726316 2.4561048
4.0326551 1.8732804 2.4547509
4.0304296 1.8732726 2.456835
4.0310862 1.8733985 2.4574768
4.0332894 1.8755765 2.4561404
4.0310862 1.8733985 2.4574768
4.0332894 1.8755765 2.4561404
4.0319431 1.8734107 2.4556951
2.4046455 1.7002077 3.692111
2.4038263 1.6972544 3.6929279
2.4046455 1.7002077 3.692111
2.4038263 1.6972544 3.6929279
2.4059387 1.7007757 3.6919359
2.4070092 1.6991445 3.6907646
2.4070377 1.6984421 3.6904134
2.4059487 1.6990057 3.6902592
2.4070377 1.6984421 3.6904134
2.4059487 1.6990057 3.6902592
2.4048824 1.6985928 3.6897583
2.4050307 1.6987343 3.6883837
2.4063429 1.6983812 3.6878094
2.4050617 1.7000208 3.6913986
2.4063429 1.6983812 3.6878094
2.4050617 1.7000208 3.6913986
2.4065102 1.6989773 3.6924115
2.4046281 1.7002935 3.6921896
2.4061688 1.7024394 3.6878002
2.4046281 1.7002935 3.6921896
2.4061688 1.7024394 3.6878002
2.4058933 1.7017456 3.6886232
2.4067957 1.6978183 3.6919735
2.4059262 1.6982167 3.6941354
2.4061106 1.699567 3.6917289
2.4052527 1.6996574 3.6910148
2.4061106 1.699567 3.6917289
2.4052527 1.6996574 3.6910148
2.4067516 1.6964039 3.6902237
2.4065654 1.6984673 3.6907513
2.4053467 1.6974524 3.6912533
2.4031146 1.6980654 3.6921221
2.4030473 1.6955972 3.6925218
4.5171556 0.76862013 1.9531079
4.5113491 0.7678436 1.9554363
4.5141553 0.76808941 1.9534346
4.5113491 0.7678436 1.9554363
4.5113498 0.76645596 1.957277
4.5096195 0.76669683 1.9583168
4.5093167 0.76460866 1.9570552
4.5076058 0.76499711 1.9531731
4.512527 0.76891161 1.953672
4.5091656 0.76743316 1.9583342
4.512527 0.76891161 1.953672
4.5095028 0.76322625 1.9532973
4.5066164 0.76347949 1.9548173
4.5095028 0.76322625 1.9532973
0 0 0
3.1190441 1.0349279 5.8858857
3.116821 1.0342046 5.8865846
3.1233267 1.0361155 5.8837093
3.1202813 1.0358413 5.887401
3.1233267 1.0361155 5.8837093
3.1218181 1.0352425 5.8844925
3.1208149 1.0331617 5.8825535
3.1184184 1.0324369 5.8847823
3.1242517 1.0336359 5.8824644
3.1267289 1.0353655 5.8822567
3.1226621 1.0343243 5.8866151
3.1238345 1.0348503 5.8863608
3.1226621 1.0343243 5.8866151
3.1238345 1.0348503 5.8863608
3.1207973 1.034112 5.8873244
1.8165621 2.3699834 4.3138744
1.825072 2.3757251 4.3198813
1.8262661 2.3726532 4.3216821
1.8220138 2.372795 4.3164184
1.8262661 2.3726532 4.3216821
1.8220138 2.372795 4.3164184
1.8265024 2.3721972 4.319836
1.7986834 1.3077124 3.8795263
1.7954693 1.3089441 3.8818436
1.796255 1.3083811 3.880111
1.797279 1.3046143 3.8796152
1.8001432 1.3063493 3.8786887
1.7997874 1.3055948 3.8762724
1.8001432 1.3063493 3.8786887
1.7945198 1.305401 3.879742
1.7939605 1.3060925 3.8820075
1.7945198 1.305401 3.879742
1.7939605 1.3060925 3.8820075
1.7957009 1.3064424 3.8813556
1.7932384 1.3018002 3.878771
1.7943071 1.3017518 3.8778461
1.7932384 1.3018002 3.878771
1.7943071 1.3017518 3.8778461
1.793228 1.3020304 3.8794822
1.7948079 1.3091233 3.8792514
1.7951434 1.3079134 3.8782035
1.7956359 1.3058731 3.8805909
1.7951434 1.3079134 3.8782035
1.1633582 1.3198046 3.0049043
1.1599333 1.320271 3.0064053
1.1602849 1.3215188 3.0081444
1.1603473 1.3228023 3.0090675
1.1616096 1.3218022 3.0085856
1.1603473 1.3228023 3.0090675
1.1616096 1.3218022 3.0085856
1.1646577 1.3229144 3.0058903
1.1612399 1.325325 3.0110182
1.163716 1.3228969 3.0119362
1.1622124 1.3208075 3.0114473
1.163716 1.3228969 3.0119362
1.1622124 1.3208075 3.0114473
1.1638394 1.3244049 3.0076779
1.1662682 1.3279936 3.0070032
1.1651111 1.3267048 3.0085231
1.1642969 1.3265057 3.0072686
1.1642977 1.3239918 3.0077342
0 0 0
4.6788636 1.4075894 2.8337793
4.6821237 1.405526 2.8336048
4.6788636 1.4075894 2.8337793
4.6827669 1.4060016 2.832804
4.6826499 1.4061326 2.8316521
4.6810421 1.4074072 2.8312931
4.6823201 1.4086673 2.8297393
4.6812799 1.4107353 2.8262039
4.6807994 1.4123021 2.8242364
4.0343869 1.8693354 2.4559695
4.0318125 1.8736165 2.4519855
4.0304786 1.8738525 2.4527172
4.0380536 1.8759558 2.4601896
4.0316751 1.8742763 2.4573281
4.0313823 1.8740915 2.4543446
4.0316751 1.8742763 2.4573281
4.0313823 1.8740915 2.4543446
4.0299797 1.8726915 2.4548671
2.4092495 1.7058195 3.6930852
2.4028498 1.6985833 3.6932831
2.4050066 1.700365 3.6931875
2.4028498 1.6985833 3.6932831
2.4050702 1.698634 3.6935318
2.4064706 1.6992378 3.6911964
2.406562 1.6991037 3.6906387
2.4050026 1.6987836 3.6916373
2.406562 1.6991037 3.6906387
2.4050026 1.6987836 3.6916373
2.4053999 1.6993703 3.6894643
2.4040155 1.6992708 3.6889115
2.4057249 1.6992122 3.6900551
2.4034872 1.7007078 3.6942064
2.4057249 1.6992122 3.6900551
2.4034872 1.7007078 3.6942064
2.4051768 1.7008042 3.6953742
2.4084619 1.7034583 3.6912713
2.4064303 1.7019775 3.6877613
2.4084619 1.7034583 3.6912713
2.4064303 1.7019775 3.6877613
2.4057784 1.7017181 3.6892321
2.4043325 1.700392 3.6903751
2.404172 1.7001469 3.6922625
2.4075162 1.6995943 3.6920152
2.4054651 1.6994251 3.6924832
2.4054257 1.6984551 3.6904081
2.4054651 1.6994251 3.6924832
2.4054257 1.6984551 3.6904081
2.4046042 1.6962717 3.6900194
2.4061404 1.7000246 3.691832
2.4038002 1.6985498 3.6937365
2.4039854 1.6975119 3.6912393
4.5116875 0.76827689 1.9570725
4.5075493 0.76758063 1.9598303
4.5119427 0.76870684 1.9564866
4.5121953 0.76805083 1.9552613
4.5119427 0.76870684 1.9564866
4.5121953 0.76805083 1.9552613
4.5118299 0.76629041 1.9536631
4.5127419 0.76495014 1.9525503
4.5103077 0.76733708 1.9581021
4.5073709 0.7695814 1.9612985
4.5103077 0.76733708 1.9581021
4.5085163 0.76362603 1.956644
4.5084218 0.76620038 1.9560337
4.5085163 0.76362603 1.956644
3.1181628 1.0363465 5.8879002
3.1194117 1.0380871 5.8876397
3.1192204 1.0365638 5.8875567
3.1235648 1.0353668 5.8850187
3.119823 1.0360659 5.8858392
3.1235648 1.0353668 5.8850187
3.1217955 1.0348051 5.8860186
3.1231874 1.0372207 5.8864833
3.122765 1.0382206 5.8862133
3.1231874 1.0372207 5.8864833
3.1245699 1.0376945 5.8850123
3.1220334 1.0358487 5.8845629
3.12555 1.0369612 5.8825083
3.1220334 1.0358487 5.8845629
3.1251722 1.0343034 5.885207
1.8203041 2.3727535 4.3099741
1.8126738 2.3698322 4.312245
1.8232077 2.3760557 4.3162992
1.8261803 2.3721301 4.3200827
1.8232077 2.3760557 4.3162992
1.8264364 2.3710645 4.3174887
1.8297327 2.3709527 4.3239523
1.8264364 2.3710645 4.3174887
1.8014592 1.3085708 3.8771668
1.7889082 1.3032239 3.8828498
1.794594 1.3074428 3.8810376
1.7953196 1.3064726 3.8816622
1.794594 1.3074428 3.8810376
1.7998614 1.3024817 3.8754838
1.7994229 1.302786 3.8775908
1.7980204 1.3044107 3.8800565
1.7994229 1.302786 3.8775908
1.7980204 1.3044107 3.8800565
1.7954582 1.3061071 3.8803647
1.7920463 1.3071928 3.8789487
1.79461 1.3021837 3.8790421
1.7941667 1.301972 3.8790156
1.79461 1.3021837 3.8790421
1.7941667 1.301972 3.8790156
1.7931657 1.302383 3.8797242
1.7931661 1.3060882 3.8791663
1.7954476 1.3065975 3.8794873
1.7966291 1.304371 3.8818015
1.7954476 1.3065975 3.8794873
1.7966291 1.304371 3.8818015
0 0 0
1.1598442 1.3207108 3.0051051
1.1612697 1.3214465 3.0067398
1.1624537 1.3224346 3.0100791
1.1605711 1.3228886 3.0085622
1.1624537 1.3224346 3.0100791
1.1650062 1.3229115 3.0079621
1.1614185 1.3241185 3.0106806
1.164601 1.3231064 3.0128815
1.1633674 1.3228044 3.0106942
1.164601 1.3231064 3.0128815
1.1633674 1.3228044 3.0106942
1.1625721 1.3238654 3.0101576
1.1616642 1.3221028 3.0104361
1.1625721 1.3238654 3.0101576
1.1486499 1.3260766 3.0163076
1.1601943 1.3279335 3.0115355
0 0 0
4.6853108 1.4035956 2.8320629
4.6825629 1.4060988 2.8329083
4.6827805 1.406025 2.8319057
4.6823183 1.4068804 2.8301679
4.6784646 1.4055714 2.8324222
4.6789011 1.4062372 2.8300643
4.6784646 1.4055714 2.8324222
4.6803108 1.4059849 2.8315637
4.6823188 1.4068284 2.8309389
4.0326551 1.8732804 2.4547509
4.0344211 1.8726316 2.4561048
4.0326551 1.8732804 2.4547509
4.0338865 1.872669 2.4569661
4.0313619 1.875136 2.456257
4.0332894 1.8755765 2.4561404
4.0313619 1.875136 2.456257
4.0332894 1.8755765 2.4561404
4.0347848 1.8707567 2.4536225
2.4040011 1.700186 3.6936895
2.4038263 1.6972544 3.6929279
2.4040011 1.700186 3.6936895
2.4038263 1.6972544 3.6929279
2.4044752 1.6997716 3.6938874
2.4051832 1.6994659 3.6912066
2.4086026 1.6988798 3.6915182
2.4070352 1.6991653 3.6914463
2.4086026 1.6988798 3.6915182
2.4070352 1.6991653 3.6914463
2.4052136 1.6977503 3.6895844
2.4050307 1.6987343 3.6883837
2.4045658 1.6991916 3.689733
2.4037515 1.6991641 3.6918369
2.4045658 1.6991916 3.689733
2.4037515 1.6991641 3.6918369
2.4065102 1.6989773 3.6924115
2.4069476 1.7023225 3.6917327
2.4064866 1.7019664 3.6911591
2.4066453 1.7022188 3.6911531
2.4064866 1.7019664 3.6911591
2.4066453 1.7022188 3.6911531
2.4065696 1.7012263 3.6934131
2.4066068 1.6995757 3.6919803
2.4060519 1.6988646 3.6917805
2.402423 1.7000037 3.6922935
2.4069651 1.6962594 3.6921273
2.402423 1.7000037 3.6922935
2.4069651 1.6962594 3.6921273
2.4072388 1.6964382 3.6915771
2.407228 1.7019008 3.6923392
2.404617 1.7002324 3.6938263
2.4060425 1.7007588 3.6909073
4.5099115 0.77158538 1.9586323
4.5062495 0.76931621 1.9624838
4.5080389 0.76855271 1.9596167
4.513728 0.77056465 1.9539922
4.5137554 0.76584593 1.9529916
4.5133112 0.76700737 1.9549613
4.5137554 0.76584593 1.9529916
4.5133112 0.76700737 1.9549613
4.512527 0.76891161 1.953672
4.5091656 0.76743316 1.9583342
4.512527 0.76891161 1.953672
4.5091656 0.76743316 1.9583342
4.5095247 0.76456392 1.9581959
4.5084794 0.76480524 1.9594223
3.1207839 1.0364747 5.8879209
3.1200877 1.0382386 5.8871322
3.1192347 1.0365802 5.8873029
3.1252264 1.0354192 5.8867846
3.1202813 1.0358413 5.887401
3.1252264 1.0354192 5.8867846
3.1241668 1.0335897 5.8876758
3.1257263 1.0388045 5.8880037
3.1245556 1.0374685 5.8893787
3.1257263 1.0388045 5.8880037
3.1194669 1.0359996 5.8839405
3.1173331 1.0347884 5.885812
3.1194669 1.0359996 5.8839405
0 0 0
1.8261212 2.3734554 4.3227113
1.8233052 2.3710712 4.3117309
1.8243607 2.3720949 4.3119584
1.8233052 2.3710712 4.3117309
1.8262661 2.3726532 4.3216821
1.8238779 2.3736589 4.3137666
1.8262661 2.3726532 4.3216821
1.8286778 2.3711048 4.3239002
1.8398573 2.3709504 4.3255869
1.7935609 1.3069247 3.878412
1.7934165 1.3030561 3.8748755
1.7924729 1.3033631 3.874809
1.7934165 1.3030561 3.8748755
1.8001432 1.3063493 3.8786887
1.7997874 1.3055948 3.8762724
1.7969338 1.3040541 3.8783849
1.7970713 1.3034737 3.8818144
1.7976599 1.3041399 3.8796808
1.7970713 1.3034737 3.8818144
1.7976599 1.3041399 3.8796808
1.7994107 1.3059447 3.8793543
1.7932384 1.3018002 3.878771
1.7943071 1.3017518 3.8778461
1.7932384 1.3018002 3.878771
1.7943071 1.3017518 3.8778461
1.793228 1.3020304 3.8794822
1.7948079 1.3091233 3.8792514
1.7951434 1.3079134 3.8782035
1.7956359 1.3058731 3.8805909
1.7951434 1.3079134 3.8782035
1.7956359 1.3058731 3.8805909
1.7980649 1.3055479 3.8785121
1.1602849 1.3215188 3.0081444
1.1603473 1.3228023 3.0090675
1.1616096 1.3218022 3.0085856
1.1603473 1.3228023 3.0090675
1.1616096 1.3218022 3.0085856
1.1646577 1.3229144 3.0058903
1.1601128 1.3241181 3.0108904
1.163716 1.3228969 3.0119362
1.1622124 1.3208075 3.0114473
1.163716 1.3228969 3.0119362
1.1622124 1.3208075 3.0114473
1.1632489 1.324202 3.0086486
1.1617606 1.3246227 3.0095061
1.1632489 1.324202 3.0086486
1.1534637 1.3262311 3.0143196
4.6833112 1.4012538 2.8335839
4.6829556 1.4009159 2.8321778
4.6788636 1.4075894 2.8337793
4.6802921 1.4080622 2.830968
4.6788636 1.4075894 2.8337793
4.6802921 1.4080622 2.830968
4.6799719 1.4066455 2.8330975
4.6817408 1.4092948 2.832253
4.6806287 1.407148 2.83165
4.6810621 1.4081095 2.8348145
4.6819616 1.4058194 2.8273334
4.0298143 1.8738126 2.4493024
4.0318125 1.8736165 2.4519855
4.0304786 1.8738525 2.4527172
4.0380536 1.8759558 2.4601896
4.0356608 1.8746207 2.4607082
4.0380536 1.8759558 2.4601896
4.0356608 1.8746207 2.4607082
4.0305094 1.8711648 2.4544457
4.0314618 1.8699597 2.4561786
0 0 0
2.4028498 1.6985833 3.6932831
2.4050066 1.700365 3.6931875
2.4028498 1.6985833 3.6932831
2.4055456 1.6992318 3.6979025
2.4037243 1.6979392 3.690107
2.4045256 1.6975438 3.69084
2.4042588 1.6992564 3.6917679
2.4046245 1.6973548 3.692227
2.4042588 1.6992564 3.6917679
2.4046245 1.6973548 3.692227
2.4031227 1.6976915 3.6913804
2.4017144 1.7016643 3.692382
2.4034872 1.7007078 3.6942064
2.4017144 1.7016643 3.692382
2.4034872 1.7007078 3.6942064
2.4051768 1.7008042 3.6953742
2.4084619 1.7034583 3.6912713
2.4064303 1.7019775 3.6877613
2.4045934 1.7018123 3.6913232
2.4064303 1.7019775 3.6877613
2.4045934 1.7018123 3.6913232
2.4043325 1.700392 3.6903751
2.4061543 1.6985748 3.6922486
2.4051028 1.7003453 3.6896509
2.4057866 1.69835 3.6916269
2.40587 1.6960343 3.6914252
2.4072643 1.6973205 3.6908418
2.40587 1.6960343 3.6914252
2.4072643 1.6973205 3.6908418
2.4065171 1.6984412 3.692853
2.4054287 1.7014317 3.6911316
2.4012006 1.7000903 3.6940809
4.5037231 0.75828687 1.9603112
4.5067788 0.76351857 1.9587707
4.5062419 0.76474589 1.961072
4.5104261 0.76608104 1.9570803
4.5099708 0.76673371 1.9561945
4.5099456 0.76790747 1.9583664
4.5042863 0.76758399 1.9635262
4.5099456 0.76790747 1.9583664
4.5042863 0.76758399 1.9635262
4.5059907 0.76849267 1.9628387
4.5064114 0.76871593 1.9619818
4.5059907 0.76849267 1.9628387
4.5064114 0.76871593 1.9619818
4.5071967 0.7643252 1.9602338
3.1181628 1.0363465 5.8879002
3.1194117 1.0380871 5.8876397
3.1192204 1.0365638 5.8875567
3.1205262 1.0382849 5.886992
3.1224587 1.0379548 5.886525
3.1244648 1.0372183 5.885956
3.122765 1.0382206 5.8862133
3.1231874 1.0372207 5.8864833
3.122765 1.0382206 5.8862133
3.1231874 1.0372207 5.8864833
3.1225205 1.0368139 5.8811765
3.1186093 1.0381458 5.8892989
3.1225205 1.0368139 5.8811765
1.829367 2.3720939 4.3236597
1.8285699 2.3716302 4.3212072
1.8255774 2.3724321 4.3137894
1.8250664 2.3709998 4.3128362
1.8255774 2.3724321 4.3137894
1.8259235 2.3717334 4.3131073
1.8253617 2.3718077 4.3137777
1.8255235 2.3700362 4.3153021
1.8266881 2.3732087 4.3199672
1.835706 2.369644 4.3265826
1.7965544 1.3054584 3.8882998
1.7944015 1.3041587 3.8756561
1.794724 1.3039699 3.8758144
1.7944015 1.3041587 3.8756561
1.794724 1.3039699 3.8758144
1.7998614 1.3024817 3.8754838
1.7994229 1.302786 3.8775908
1.7957384 1.3032946 3.8827873
1.7969188 1.303492 3.8793009
1.7957384 1.3032946 3.8827873
1.7969188 1.303492 3.8793009
1.7920463 1.3071928 3.8789487
1.7913136 1.3025469 3.8780647
1.7939164 1.3046529 3.8782814
1.7913136 1.3025469 3.8780647
1.7939164 1.3046529 3.8782814
1.7943646 1.3044566 3.8794622
1.7958219 1.3059757 3.8774108
1.7954476 1.3065975 3.8794873
1.7966291 1.304371 3.8818015
1.7954476 1.3065975 3.8794873
1.7966291 1.304371 3.8818015
1.7975672 1.3041551 3.8769446
1.8012231 1.3035933 3.8745515
1.1612697 1.3214465 3.0067398
1.1593669 1.3228629 3.009328
1.1605711 1.3228886 3.0085622
1.1616944 1.3230953 3.0083077
1.1612274 1.3212292 3.0105835
1.1614185 1.3241185 3.0106806
1.1632104 1.3240604 3.0125229
1.162167 1.3232284 3.0114595
1.1632104 1.3240604 3.0125229
1.1616642 1.3221028 3.0104361
1.1625721 1.3238654 3.0101576
1.1648873 1.3263661 3.012272
1.1625721 1.3238654 3.0101576
4.6788798 1.4041888 2.8343453
4.6828316 1.402023 2.8341764
4.6836657 1.4048245 2.8331499
4.6828316 1.402023 2.8341764
4.6789315 1.4046555 2.8307043
4.677428 1.4048641 2.8337311
4.6785339 1.4084409 2.8335298
4.6777214 1.4055451 2.8348307
4.6785339 1.4084409 2.8335298
4.6788168 1.4090446 2.8327476
4.681795 1.4088688 2.8320408
4.0357222 1.8704859 2.4561407
4.0356677 1.8708911 2.4550732
4.0357222 1.8704859 2.4561407
4.0356677 1.8708911 2.4550732
4.0306088 1.8737615 2.4561984
4.0318281 1.8752069 2.4566542
4.0325554 1.8734703 2.4549827
4.0322676 1.872423 2.4557922
4.0313575 1.8721278 2.4564817
4.031566 1.871584 2.4580981
4.0313575 1.8721278 2.4564817
2.4022131 1.698801 3.6952454
2.4021795 1.696603 3.6963262
2.4022131 1.698801 3.6952454
2.4050662 1.6984765 3.6974724
2.4049753 1.6986591 3.6962493
2.4086026 1.6988798 3.6915182
2.4029673 1.69927 3.6919599
2.4050969 1.697224 3.6916312
2.4029673 1.69927 3.6919599
2.4050969 1.697224 3.6916312
2.4026961 1.6981562 3.691446
2.4041071 1.6975096 3.6937931
2.4026961 1.6981562 3.691446
2.4041071 1.6975096 3.6937931
2.4037515 1.6991641 3.6918369
2.4061951 1.6995012 3.6953131
2.4064747 1.7018124 3.6916173
2.4064866 1.7019664 3.6911591
2.4051449 1.7017549 3.6931289
2.4064866 1.7019664 3.6911591
2.4066005 1.6980744 3.6913344
2.4066972 1.6982212 3.6924889
2.4063725 1.6965476 3.691314
2.4076561 1.6980652 3.6911163
2.4070577 1.6979624 3.6897217
2.4070484 1.6984288 3.6900404
2.4061656 1.6984968 3.691058
2.4070484 1.6984288 3.6900404
2.4061656 1.6984968 3.691058
2.4039018 1.7014129 3.6933725
2.403657 1.6991464 3.6928701
2.4009701 1.700805 3.6926831
4.5063951 0.76655965 1.9597651
4.507228 0.76631171 1.9565869
4.5063951 0.76655965 1.9597651
4.5101879 0.76540566 1.9580087
4.5137554 0.76584593 1.9529916
4.5133112 0.76700737 1.9549613
4.5137554 0.76584593 1.9529916
4.5133112 0.76700737 1.9549613
4.5107575 0.76696829 1.9579416
4.5077759 0.7657835 1.9611863
4.507378 0.76717632 1.9611636
4.5077759 0.7657835 1.9611863
4.507378 0.76717632 1.9611636
4.5037357 0.76717734 1.962658
3.119147 1.0361756 5.8870794
3.1200877 1.0382386 5.8871322
3.1192347 1.0365802 5.8873029
3.1196259 1.0386144 5.8875281
3.12173 1.0368125 5.886014
3.1228109 1.036348 5.8891108
3.1245556 1.0374685 5.8893787
3.1257263 1.0388045 5.8880037
3.1245556 1.0374685 5.8893787
3.1257263 1.0388045 5.8880037
3.1194669 1.0359996 5.8839405
0 0 0
1.8301835 2.3709358 4.3221314
1.8296757 2.3712141 4.3226603
1.8292246 2.3696641 4.3217579
1.8245627 2.375297 4.3158073
1.8261732 2.3708428 4.3170513
1.8245627 2.375297 4.3158073
1.8243607 2.3720949 4.3119584
1.8268119 2.3749453 4.3211232
1.8246204 2.3720795 4.3163775
1.8268119 2.3749453 4.3211232
1.8246204 2.3720795 4.3163775
1.7957677 1.3066049 3.8769105
1.7934165 1.3030561 3.8748755
1.7958945 1.3035696 3.8765261
1.7934165 1.3030561 3.8748755
1.7958945 1.3035696 3.8765261
1.7933484 1.3031509 3.8765091
1.7969338 1.3040541 3.8783849
1.7948953 1.3036828 3.88075
1.7976599 1.3041399 3.8796808
1.7948953 1.3036828 3.88075
1.7976599 1.3041399 3.8796808
1.8014713 1.3071289 3.8749775
1.7978312 1.3072574 3.8767892
1.7934431 1.3040796 3.8795713
1.7978312 1.3072574 3.8767892
1.7934431 1.3040796 3.8795713
1.7950421 1.3046543 3.8799685
1.7968855 1.3057214 3.8786803
1.7971382 1.306636 3.8790088
1.7937933 1.3034639 3.8804134
1.7971382 1.306636 3.8790088
1.7937933 1.3034639 3.8804134
1.7946908 1.3020342 3.8763731
1.7946856 1.3040055 3.8781523
1.1641358 1.3214994 3.0101473
1.162684 1.3233194 3.011386
1.1629142 1.3232501 3.0109482
1.160347 1.3207111 3.0088634
1.1587465 1.3219339 3.0098722
1.1609332 1.3199235 3.0092436
1.1619375 1.3227272 3.0115926
1.1609332 1.3199235 3.0092436
1.1619375 1.3227272 3.0115926
1.161858 1.3209606 3.0087026
1.1632489 1.324202 3.0086486
0 0 0
4.6833112 1.4012538 2.8335839
4.6812651 1.4032358 2.8335066
4.68116 1.4033395 2.8341918
4.6804934 1.4035342 2.8346521
4.68116 1.4033395 2.8341918
4.6843547 1.4064199 2.8320417
4.6795682 1.4073259 2.8342762
4.6802378 1.410315 2.8329652
4.6800344 1.4093691 2.8320012
4.6802378 1.410315 2.8329652
4.6800344 1.4093691 2.8320012
4.6865758 1.4084199 2.8314753
4.6819616 1.4058194 2.8273334
4.0352857 1.8720447 2.4581459
4.0351473 1.8710984 2.458155
4.0293049 1.8736575 2.4567744
4.0321752 1.8731735 2.4573019
4.0293049 1.8736575 2.4567744
4.0319629 1.8734009 2.4571167
4.0302384 1.8731631 2.4564628
4.0306885 1.8724366 2.4535107
4.0325022 1.8691983 2.4572047
4.0305094 1.8711648 2.4544457
4.0325022 1.8691983 2.4572047
2.4025287 1.6985957 3.6947587
2.4025431 1.6979913 3.6961832
2.4055456 1.6992318 3.6979025
2.4037243 1.6979392 3.690107
2.4045256 1.6975438 3.69084
2.4042588 1.6992564 3.6917679
2.4046245 1.6973548 3.692227
2.4042588 1.6992564 3.6917679
2.4046245 1.6973548 3.692227
2.4031227 1.6976915 3.6913804
2.4049999 1.6990675 3.6940798
2.4019552 1.6999397 3.6893087
2.4049999 1.6990675 3.6940798
2.4034893 1.6987899 3.6936486
2.4068347 1.7006243 3.6961369
2.4026705 1.6973979 3.6936353
2.4045444 1.7003282 3.6947303
2.4045934 1.7018123 3.6913232
2.4074468 1.6991137 3.690119
2.4086499 1.6964556 3.6891781
2.4074468 1.6991137 3.690119
2.4086499 1.6964556 3.6891781
2.4071572 1.6990679 3.6906503
2.4057866 1.69835 3.6916269
2.40587 1.6960343 3.6914252
2.4052719 1.6993723 3.690616
2.40587 1.6960343 3.6914252
2.4052719 1.6993723 3.690616
2.4040277 1.7017193 3.6928864
2.4050802 1.6991313 3.6933237
2.4038498 1.7020501 3.6920849
4.5037231 0.75828687 1.9603112
4.5085135 0.76839193 1.9540714
4.5062419 0.76474589 1.961072
4.5106263 0.76769143 1.9579254
4.5099708 0.76673371 1.9561945
4.5099456 0.76790747 1.9583664
4.5042863 0.76758399 1.9635262
4.5099456 0.76790747 1.9583664
4.5042863 0.76758399 1.9635262
4.5010228 0.76462153 1.9619117
4.5064114 0.76871593 1.9619818
4.5093559 0.7688195 1.9600671
4.5064114 0.76871593 1.9619818
4.5093559 0.7688195 1.9600671
3.121339 1.0368926 5.888605
3.1212031 1.0372917 5.8895069
3.121339 1.0368926 5.888605
3.1297451 1.0352694 5.8829453
3.1255378 1.0396478 5.8851143
3.120548 1.0377775 5.8877396
3.1255378 1.0396478 5.8851143
3.1158618 1.0354953 5.8885753
3.1178233 1.0336931 5.8864425
3.1158618 1.0354953 5.8885753
0 0 0
1.829367 2.3720939 4.3236597
1.8299639 2.3727692 4.3245037
1.829367 2.3720939 4.3236597
1.8285699 2.3716302 4.3212072
1.8255774 2.3724321 4.3137894
1.8250664 2.3709998 4.3128362
1.8255774 2.3724321 4.3137894
1.8259235 2.3717334 4.3131073
1.825397 2.3728316 4.3216739
1.82202 2.3706744 4.3168737
1.825397 2.3728316 4.3216739
1.82202 2.3706744 4.3168737
1.8233678 2.3716326 4.3176343
1.7873549 1.3077598 3.87178
1.798618 1.3059172 3.8780247
1.7944015 1.3041587 3.8756561
1.798618 1.3059172 3.8780247
1.7960732 1.3048895 3.8784064
1.7948196 1.3033116 3.8802208
1.7957384 1.3032946 3.8827873
1.7969188 1.303492 3.8793009
1.7957384 1.3032946 3.8827873
1.7969188 1.303492 3.8793009
1.797824 1.3063585 3.8751542
1.7957865 1.3066745 3.8758838
1.7939164 1.3046529 3.8782814
1.7957865 1.3066745 3.8758838
1.7939164 1.3046529 3.8782814
1.7963387 1.3064474 3.8786957
1.7950423 1.3036669 3.8801526
1.7987926 1.3040755 3.8812742
1.7950423 1.3036669 3.8801526
1.7987926 1.3040755 3.8812742
1.7948522 1.3057398 3.8786149
1.7977059 1.3046152 3.8798694
1.7948522 1.3057398 3.8786149
1.7960862 1.3028216 3.878496
1.1629738 1.3249462 3.0108163
1.1588405 1.3220069 3.0107785
1.16335 1.3208533 3.0087455
1.1612274 1.3212292 3.0105835
1.1647851 1.3211499 3.0075569
1.160998 1.3250883 3.0108172
1.1647851 1.3211499 3.0075569
1.1582491 1.3297081 3.0159634
1.1597629 1.3255908 3.0119216
0 0 0
4.6788798 1.4041888 2.8343453
4.6796977 1.4031144 2.8329958
4.6788798 1.4041888 2.8343453
4.6829103 1.4066021 2.8327303
4.6842952 1.4082798 2.8319793
4.6844408 1.407297 2.834009
4.6842952 1.4082798 2.8319793
4.6844408 1.407297 2.834009
4.6803026 1.4101813 2.833615
4.6801216 1.4090146 2.8323754
4.6803026 1.4101813 2.833615
4.6801216 1.4090146 2.8323754
4.6825795 1.4085002 2.8333503
4.6883114 1.4098504 2.8281925
4.0356677 1.8708911 2.4550732
4.031658 1.8737053 2.4549102
4.0291229 1.8750024 2.4530108
4.031658 1.8737053 2.4549102
4.0291229 1.8750024 2.4530108
4.0317792 1.8749908 2.4540407
4.0322676 1.872423 2.4557922
4.0313575 1.8721278 2.4564817
4.031566 1.871584 2.4580981
4.0313575 1.8721278 2.4564817
4.031566 1.871584 2.4580981
4.0292647 1.8742802 2.4573168
2.4027252 1.6971374 3.6972979
2.4066519 1.6994639 3.6886521
2.4049753 1.6986591 3.6962493
2.4054379 1.6973616 3.6918194
2.4029673 1.69927 3.6919599
2.4050969 1.697224 3.6916312
2.4029673 1.69927 3.6919599
2.4050969 1.697224 3.6916312
2.4026961 1.6981562 3.691446
2.4041071 1.6975096 3.6937931
2.4026961 1.6981562 3.691446
2.4041071 1.6975096 3.6937931
2.4033255 1.6979313 3.6949247
2.4034697 1.6996208 3.6933532
2.4032793 1.6970157 3.6942388
2.4057186 1.700877 3.6936616
2.4051449 1.7017549 3.6931289
2.4068815 1.6983242 3.6896499
2.409349 1.6970377 3.689051
2.4067837 1.7004758 3.6907304
2.409349 1.6970377 3.689051
2.4067837 1.7004758 3.6907304
2.405956 1.6975937 3.690908
2.4070484 1.6984288 3.6900404
2.4038648 1.698728 3.6902986
2.403261 1.7018105 3.6912632
2.4038648 1.698728 3.6902986
2.403261 1.7018105 3.6912632
2.403657 1.6991464 3.6928701
2.4009701 1.700805 3.6926831
4.5063951 0.76655965 1.9597651
4.5116057 0.76795167 1.9566494
4.5086836 0.76668081 1.9593262
4.5116057 0.76795167 1.9566494
4.5086836 0.76668081 1.9593262
4.5106574 0.76741508 1.9563651
4.5040112 0.76398078 1.9602311
4.5026743 0.76488508 1.960989
4.5040112 0.76398078 1.9602311
4.5077759 0.7657835 1.9611863
4.507378 0.76717632 1.9611636
4.5077759 0.7657835 1.9611863
4.507378 0.76717632 1.9611636
4.8503868 2.0622534 0.40749453
4.8490882 2.0681333 0.40353181
4.8487545 2.0653507 0.40532021
4.8490882 2.0681333 0.40353181
0 0 0
0 0 0
0 0 0
3.125471 1.0353117 5.884926
3.1228109 1.036348 5.8891108
3.1231 1.039243 5.8827108
1.8295308 2.3694664 4.3214894
1.8301835 2.3709358 4.3221314
1.8296757 2.3712141 4.3226603
1.8301835 2.3709358 4.3221314
1.8296757 2.3712141 4.3226603
1.8292246 2.3696641 4.3217579
1.8245627 2.375297 4.3158073
1.8261732 2.3708428 4.3170513
1.8245627 2.375297 4.3158073
1.8244797 2.3729353 4.3149757
1.8230775 2.3740611 4.3182696
1.8246204 2.3720795 4.3163775
1.8289214 2.3708271 4.3204741
1.8246204 2.3720795 4.3163775
1.8289214 2.3708271 4.3204741
1.7973172 1.3078322 3.8776863
1.7988349 1.3080288 3.8789468
1.7973172 1.3078322 3.8776863
1.7988349 1.3080288 3.8789468
1.7933484 1.3031509 3.8765091
1.7944906 1.3054766 3.8770297
1.7948953 1.3036828 3.88075
1.7957408 1.3030902 3.8801623
1.7948953 1.3036828 3.88075
1.7957408 1.3030902 3.8801623
1.7970498 1.3064028 3.8745261
1.7959366 1.307998 3.8751558
1.7970498 1.3064028 3.8745261
1.7959366 1.307998 3.8751558
1.7939829 1.3056193 3.8757802
1.7967219 1.3040183 3.8784592
1.7957528 1.3007738 3.8798491
1.7967219 1.3040183 3.8784592
1.7957528 1.3007738 3.8798491
1.7980045 1.3024152 3.8790815
1.7950606 1.3029616 3.8770403
1.7971876 1.3035159 3.8791333
1.7963174 1.3037533 3.8803372
1.7971876 1.3035159 3.8791333
0 0 0
0 0 0
1.1643895 1.3186989 3.0125355
1.1587465 1.3219339 3.0098722
1.1609332 1.3199235 3.0092436
1.1611769 1.3217647 3.011004
1.1609332 1.3199235 3.0092436
1.1611769 1.3217647 3.011004
0 0 0
4.6792505 1.4077171 2.8296123
4.6814204 1.4087813 2.8286072
4.6792505 1.4077171 2.8296123
4.6840058 1.4062058 2.8321348
4.68116 1.4033395 2.8341918
4.6840058 1.4062058 2.8321348
4.68116 1.4033395 2.8341918
4.6843547 1.4064199 2.8320417
4.683689 1.4095438 2.8353072
4.6810714 1.4091961 2.832822
4.6806011 1.4078614 2.831895
4.6810714 1.4091961 2.832822
4.6806011 1.4078614 2.831895
4.6822031 1.4064251 2.8329613
4.6831889 1.4067965 2.8324739
0 0 0
4.0351473 1.8710984 2.458155
4.0293049 1.8736575 2.4567744
4.0321752 1.8731735 2.4573019
4.0293049 1.8736575 2.4567744
4.0319629 1.8734009 2.4571167
4.0302384 1.8731631 2.4564628
4.0306885 1.8724366 2.4535107
4.0325022 1.8691983 2.4572047
4.0318898 1.8692132 2.4544815
4.0325022 1.8691983 2.4572047
4.0357476 1.8741044 2.4597338
4.0283568 1.8741541 2.4554229
2.4049164 1.6979036 3.6960067
2.4058889 1.6985287 3.6928103
2.4034701 1.6956158 3.6910176
2.4017491 1.6995131 3.6915286
2.4048521 1.6982495 3.6931169
2.4017491 1.6995131 3.6915286
2.4048521 1.6982495 3.6931169
2.4034949 1.698794 3.6928763
2.4049999 1.6990675 3.6940798
2.4060295 1.7026073 3.6918484
2.4049999 1.6990675 3.6940798
2.4060295 1.7026073 3.6918484
2.4056775 1.7027139 3.6942379
2.401849 1.6987113 3.6951706
2.4045444 1.7003282 3.6947303
2.4062855 1.7000767 3.6922201
2.4074468 1.6991137 3.690119
2.4086499 1.6964556 3.6891781
1.8213274 0.83570797 2.1805004
1.8216765 0.83487183 2.1784986
1.8178974 0.82896571 2.1828752
1.8182997 0.83148218 2.1830109
1.8178974 0.82896571 2.1828752
1.8182997 0.83148218 2.1830109
1.8220343 0.83085388 2.1797438
1.815702 0.8303782 2.1825108
1.8220343 0.83085388 2.1797438
1.815702 0.8303782 2.1825108
0 0 0
4.5090406 0.76548678 1.9583666
4.5085135 0.76839193 1.9540714
4.5065486 0.76730903 1.961872
4.5052951 0.76674001 1.9611273
4.5065486 0.76730903 1.961872
4.5052951 0.76674001 1.9611273
4.5075219 0.76578144 1.9568566
4.5010228 0.76462153 1.9619117
4.5039561 0.76390594 1.960192
4.5010228 0.76462153 1.9619117
4.5093703 0.76831707 1.9584369
4.5093559 0.7688195 1.9600671
4.8509547 2.0620132 0.4073774
4.8503708 2.062337 0.40751165
4.8519427 2.0628413 0.40980121
4.8484666 2.0619338 0.40992994
4.8527032 2.0616194 0.40966786
4.8486051 2.0648001 0.41130007
4.8506795 2.0624994 0.40531065
4.8486051 2.0648001 0.41130007
4.8527099 2.0611517 0.40736009
0 0 0
1.8266492 2.3724895 4.3182391
1.8228346 2.3739623 4.3172111
1.8292418 2.3713304 4.3199728
1.8290019 2.3720193 4.3213396
1.8292418 2.3713304 4.3199728
1.8290019 2.3720193 4.3213396
1.8281241 2.373313 4.3211466
1.8261443 2.3719077 4.3212791
1.8258442 2.3693044 4.3185182
1.8276262 2.3736718 4.317806
1.8250475 2.372027 4.3158633
1.825397 2.3728316 4.3216739
1.82202 2.3706744 4.3168737
1.825397 2.3728316 4.3216739
1.831492 2.3718153 4.3229058
1.8295049 2.3733787 4.3215299
1.8304299 2.3759509 4.3218081
1.798618 1.3059172 3.8780247
1.798363 1.3063645 3.8799564
1.798618 1.3059172 3.8780247
1.7960732 1.3048895 3.8784064
1.7967072 1.3062763 3.8785304
1.7974756 1.3051931 3.8813115
1.7967072 1.3062763 3.8785304
1.7974756 1.3051931 3.8813115
1.795942 1.3057851 3.8757937
1.797824 1.3063585 3.8751542
1.7957865 1.3066745 3.8758838
1.797824 1.3063585 3.8751542
1.7957865 1.3066745 3.8758838
1.793068 1.3046686 3.8736229
1.7950873 1.3022872 3.8781808
1.7950434 1.3016909 3.878739
1.7975265 1.3013401 3.8795653
1.7950434 1.3016909 3.878739
1.7975265 1.3013401 3.8795653
1.7948522 1.3057398 3.8786149
1.7977059 1.3046152 3.8798694
1.7948522 1.3057398 3.8786149
0 0 0
0.84555703 1.8051783 5.0117753
0.84875142 1.8060221 5.0135087
1.1679357 1.3208818 3.0119609
1.1631832 1.3207969 3.013287
1.1647851 1.3211499 3.0075569
1.160998 1.3250883 3.0108172
1.1647851 1.3211499 3.0075569
1.1582491 1.3297081 3.0159634
4.681186 1.4095607 2.8280633
4.6814443 1.4097502 2.8286065
4.6830613 1.4053197 2.8309173
4.6832146 1.4059356 2.8331614
4.6839951 1.4061183 2.8307119
4.6832146 1.4059356 2.8331614
4.6839951 1.4061183 2.8307119
4.6844408 1.407297 2.834009
4.6842952 1.4082798 2.8319793
4.6844408 1.407297 2.834009
4.6803026 1.4101813 2.833615
4.6801216 1.4090146 2.8323754
4.6803026 1.4101813 2.833615
4.6801216 1.4090146 2.8323754
4.6825795 1.4085002 2.8333503
4.6883114 1.4098504 2.8281925
4.0332101 1.8711416 2.4549121
4.031658 1.8737053 2.4549102
4.0291229 1.8750024 2.4530108
4.031658 1.8737053 2.4549102
4.0291229 1.8750024 2.4530108
4.0317792 1.8749908 2.4540407
4.0314858 1.8737472 2.4579071
4.0330507 1.8749137 2.4579415
4.0314858 1.8737472 2.4579071
4.0330507 1.8749137 2.4579415
4.0325635 1.8757051 2.4590298
4.0304775 1.8744587 2.45735
4.0299697 1.8719586 2.4521971
2.4066519 1.6994639 3.6886521
2.4070546 1.6995212 3.6890456
2.4058309 1.7021277 3.6912775
2.4023727 1.6977457 3.6922976
2.4045379 1.6956467 3.6918301
2.4023727 1.6977457 3.6922976
2.4041371 1.6973169 3.6920506
2.399688 1.7036018 3.7044985
2.4034321 1.6996881 3.6939997
2.4040972 1.7007219 3.6937288
2.4034321 1.6996881 3.6939997
2.4040972 1.7007219 3.6937288
2.4034697 1.6996208 3.6933532
2.406425 1.6985896 3.6915284
2.4057186 1.700877 3.6936616
2.4062361 1.7002924 3.6907333
2.4068815 1.6983242 3.6896499
1.8167473 0.8332958 2.1816085
1.8146782 0.83212497 2.1830067
1.8152283 0.83205824 2.18136
1.8183578 0.83068791 2.1845342
1.8183934 0.83264954 2.1829584
1.8183578 0.83068791 2.1845342
1.818415 0.83168037 2.1804574
1.8207869 0.83082277 2.1788271
1.8174714 0.83049954 2.1800084
1.8176119 0.83274964 2.1810985
1.8150271 0.83047923 2.1834199
1.8204989 0.83148993 2.1777909
4.5112234 0.76486539 1.9579363
4.505257 0.7658284 1.9630022
4.5033297 0.76761042 1.9634702
4.505257 0.7658284 1.9630022
4.5033297 0.76761042 1.9634702
4.5036811 0.76922326 1.9609133
4.5040112 0.76398078 1.9602311
4.5026743 0.76488508 1.960989
4.5040112 0.76398078 1.9602311
4.5026743 0.76488508 1.960989
4.5063458 0.76722592 1.9594147
4.8503868 2.0622534 0.40749453
4.8551981 2.061875 0.41108218
4.8503868 2.0622534 0.40749453
4.8526439 2.0627506 0.40997273
4.8505509 2.0623001 0.41037534
4.8493787 2.0614429 0.40665747
4.8471538 2.0612013 0.40631425
4.8493787 2.0614429 0.40665747
4.8515681 2.0589176 0.40580753
4.8492996 2.0631533 0.40756882
4.8526441 2.0617627 0.409214
1.8285858 2.3720901 4.3203257
1.8255488 2.3764654 4.318615
1.8317206 2.3711408 4.3206941
1.8309783 2.3721575 4.3209116
1.8317206 2.3711408 4.3206941
1.8309783 2.3721575 4.3209116
1.8295176 2.3718061 4.3221956
1.8255224 2.3713259 4.3202533
1.8251996 2.371376 4.3196275
1.8236562 2.3737277 4.3147264
1.8238721 2.3733433 4.3137391
1.8236562 2.3737277 4.3147264
1.8238721 2.3733433 4.3137391
1.8289214 2.3708271 4.3204741
1.8311468 2.3704161 4.3212466
1.8296752 2.3728829 4.321191
1.8311476 2.3726284 4.3224211
3.2118716 2.3671927 2.2819401
3.2168285 2.3648694 2.2850225
3.2160491 2.3655526 2.2826785
3.2182614 2.3693363 2.287565
0 0 0
1.7972934 1.3048323 3.881005
1.7969171 1.303815 3.8773516
1.7972934 1.3048323 3.881005
1.7970327 1.3035442 3.8776215
1.7970498 1.3064028 3.8745261
1.7959366 1.307998 3.8751558
1.7970498 1.3064028 3.8745261
1.7959366 1.307998 3.8751558
1.7948321 1.3078747 3.8728561
1.7953192 1.301558 3.8781631
1.795734 1.3011296 3.8777351
1.7953192 1.301558 3.8781631
1.795734 1.3011296 3.8777351
1.7948705 1.3004442 3.8775033
1.9655249 2.2494365 3.7434107
1.9717566 2.2479558 3.7454316
1.9655249 2.2494365 3.7434107
1.9717566 2.2479558 3.7454316
0.84470057 1.8070798 5.0058353
0.85292765 1.8049256 5.0115168
0.85163356 1.8054354 5.0121004
0.85292765 1.8049256 5.0115168
0.8437323 1.8061143 5.012723
1.1636129 1.3235684 3.0114059
1.1630553 1.3238602 3.0106519
1.1608522 1.3262975 3.0106291
4.6922225 1.4033876 2.8324963
4.6894308 1.4050653 2.8322528
4.6826418 1.4080855 2.830141
4.6829395 1.4058045 2.8333573
4.6840058 1.4062058 2.8321348
4.6829395 1.4058045 2.8333573
4.6840058 1.4062058 2.8321348
4.683689 1.4095438 2.8353072
4.6841064 1.4091837 2.8328092
4.683689 1.4095438 2.8353072
4.6810714 1.4091961 2.832822
4.6806011 1.4078614 2.831895
4.6810714 1.4091961 2.832822
4.6806011 1.4078614 2.831895
4.6822031 1.4064251 2.8329613
4.676735 1.4151402 2.8420855
4.0260291 1.8695112 2.4565606
4.031723 1.874109 2.4555615
4.0260291 1.8695112 2.4565606
4.031723 1.874109 2.4555615
4.0307734 1.8756091 2.4533614
4.0280187 1.8744181 2.455072
4.0297214 1.8750216 2.4560387
4.0280187 1.8744181 2.455072
4.0297916 1.8754158 2.4582135
4.0289057 1.8747775 2.4581684
4.0286134 1.875178 2.4579928
4.0289057 1.8747775 2.4581684
4.0286134 1.875178 2.4579928
0 0 0
2.4041893 1.7021253 3.6992269
2.4040317 1.701582 3.6923571
2.4026652 1.7014523 3.6904805
2.4030678 1.699035 3.6906223
2.4045935 1.6983906 3.6919574
2.4071135 1.6994665 3.6937178
2.4021236 1.7006811 3.6905623
2.4056848 1.7029648 3.6927496
2.4060295 1.7026073 3.6918484
2.4056848 1.7029648 3.6927496
2.4060295 1.7026073 3.6918484
2.4056775 1.7027139 3.6942379
2.4047704 1.7009874 3.6906026
2.4042135 1.7006072 3.6912386
2.4047704 1.7009874 3.6906026
1.8171937 0.83473357 2.1807751
1.8213385 0.83430883 2.1787141
1.8213274 0.83570797 2.1805004
1.8216765 0.83487183 2.1784986
1.8178974 0.82896571 2.1828752
1.8182997 0.83148218 2.1830109
1.8178974 0.82896571 2.1828752
1.8182997 0.83148218 2.1830109
1.8190377 0.83151886 2.1808397
1.8135808 0.83028609 2.1859147
1.8133119 0.83168896 2.1841825
1.8130871 0.83071107 2.1850251
1.8207487 0.83104496 2.177586
4.5120222 0.76814747 1.9559088
4.5067762 0.76710986 1.9619871
4.5065486 0.76730903 1.961872
4.5052951 0.76674001 1.9611273
4.5065486 0.76730903 1.961872
4.5052951 0.76674001 1.9611273
4.5075219 0.76578144 1.9568566
4.5079965 0.76610517 1.9562596
4.5062127 0.76511117 1.9585644
4.5128024 0.76966249 1.9528641
4.8509547 2.0620132 0.4073774
4.8487271 2.0624204 0.40779418
4.8509547 2.0620132 0.4073774
4.8477463 2.0620726 0.40865304
4.8494962 2.0622156 0.40866087
4.8477463 2.0620726 0.40865304
4.8497992 2.0614147 0.40654049
4.8477965 2.061819 0.40544061
4.8497992 2.0614147 0.40654049
4.853171 2.0618662 0.40728751
4.8527099 2.0611517 0.40736009
4.8526441 2.0617627 0.409214
1.8266492 2.3724895 4.3182391
1.8263089 2.3700415 4.31661
1.8305182 2.3720975 4.3197868
1.8299144 2.3725025 4.3207865
1.8281241 2.373313 4.3211466
1.8299144 2.3725025 4.3207865
1.8281241 2.373313 4.3211466
1.8252325 2.37235 4.3192736
1.8245459 2.370592 4.3187944
1.8252325 2.37235 4.3192736
1.8245459 2.370592 4.3187944
1.8256794 2.3726245 4.3160477
1.828581 2.3735114 4.317744
1.8287999 2.3712367 4.3195602
1.831492 2.3718153 4.3229058
1.8295049 2.3733787 4.3215299
1.8293905 2.3727726 4.3213106
3.2164702 2.3647699 2.2848454
3.2195649 2.3652451 2.2862348
3.2151163 2.3691616 2.2842283
3.2151788 2.3714759 2.2852975
3.2151163 2.3691616 2.2842283
0 0 0
1.7972036 1.306426 3.8807241
1.7965491 1.3028648 3.8772986
1.795723 1.3013986 3.8796898
1.7957232 1.304867 3.8758782
1.7954 1.3061285 3.8765292
1.7957232 1.304867 3.8758782
1.7954 1.3061285 3.8765292
1.7945104 1.3070785 3.8741954
1.7950873 1.3022872 3.8781808
1.7969291 1.3055268 3.8784118
1.7975265 1.3013401 3.8795653
1.9644643 2.2427944 3.7431855
1.9653811 2.2472951 3.7439139
1.9661467 2.2474261 3.7441478
1.9653811 2.2472951 3.7439139
1.9661467 2.2474261 3.7441478
1.9690127 2.2487905 3.7445527
0 0 0
0.84875142 1.8060221 5.0135087
0.84509298 1.8060665 5.0135375
0.84520803 1.8061702 5.0142836
0.84271089 1.8067727 5.0117394
0.84520803 1.8061702 5.0142836
0 0 0
0 0 0
4.6879707 1.4029357 2.8336246
4.685991 1.4048191 2.8322546
4.6830613 1.4053197 2.8309173
4.6836187 1.405899 2.8317607
4.6839951 1.4061183 2.8307119
4.6836187 1.405899 2.8317607
4.6839951 1.4061183 2.8307119
4.6856274 1.4084528 2.8361135
4.6836312 1.4080901 2.8358123
4.6815557 1.4076341 2.8352658
4.6808492 1.4087636 2.8339421
4.6815557 1.4076341 2.8352658
4.6808492 1.4087636 2.8339421
4.6831824 1.4099406 2.8338274
4.6799826 1.4097926 2.8354687
4.6831824 1.4099406 2.8338274
4.0280543 1.8693918 2.4562857
4.0302163 1.8723443 2.4557182
4.0280543 1.8693918 2.4562857
4.0302163 1.8723443 2.4557182
4.030945 1.8752527 2.4538792
4.0287558 1.8758032 2.4542042
4.0314858 1.8737472 2.4579071
4.0287558 1.8758032 2.4542042
4.0314858 1.8737472 2.4579071
4.0273782 1.8750383 2.4537662
4.0287125 1.8714315 2.4537171
4.0273782 1.8750383 2.4537662
4.0306999 1.8747169 2.4562626
4.0304775 1.8744587 2.45735
2.402902 1.6983674 3.6917361
2.404537 1.6973747 3.6925355
2.402902 1.6983674 3.6917361
2.4026869 1.6973581 3.6934301
2.4000963 1.6974792 3.6914561
2.3988648 1.6986531 3.6888774
2.3989312 1.6981516 3.6884859
2.4032841 1.7020153 3.6916813
2.4058971 1.7000595 3.6909012
2.404965 1.7026448 3.694969
2.4058971 1.7000595 3.6909012
2.404965 1.7026448 3.694969
2.406425 1.6985896 3.6915284
0 0 0
1.8167473 0.8332958 2.1816085
1.8168137 0.83399323 2.1816346
1.8167473 0.8332958 2.1816085
1.8146782 0.83212497 2.1830067
1.8152283 0.83205824 2.18136
1.8152956 0.82945594 2.1795413
1.822149 0.8307574 2.1819255
1.8190204 0.82752095 2.1814934
1.8166501 0.83452206 2.183484
1.816806 0.83294829 2.18339
1.8175081 0.83074042 2.1813862
1.816806 0.83294829 2.18339
1.8175081 0.83074042 2.1813862
1.8204989 0.83148993 2.1777909
4.5115997 0.76854529 1.9572719
4.505257 0.7658284 1.9630022
4.5033297 0.76761042 1.9634702
4.505257 0.7658284 1.9630022
4.5033297 0.76761042 1.9634702
4.5036811 0.76922326 1.9609133
4.5065436 0.767311 1.9579746
4.504169 0.76337047 1.9624242
4.5058694 0.76499744 1.9609808
4.8491977 2.0627399 0.40902815
4.8519039 2.0614171 0.4076
4.8513926 2.0621168 0.40843922
4.8526439 2.0627506 0.40997273
4.8505509 2.0623001 0.41037534
4.8486738 2.0635966 0.40845806
4.8455879 2.0621037 0.40642385
4.8463226 2.0630094 0.40626249
4.8455879 2.0621037 0.40642385
4.8463226 2.0630094 0.40626249
4.8469343 2.0627083 0.40658166
4.8492996 2.0631533 0.40756882
4.8526441 2.0617627 0.409214
1.8243664 2.370558 4.31543
1.8287293 2.3705936 4.3220426
1.8295252 2.3728328 4.3188136
1.8284694 2.3708344 4.3185464
1.8295252 2.3728328 4.3188136
1.8284694 2.3708344 4.3185464
1.8258551 2.3713 4.3197627
1.8255224 2.3713259 4.3202533
1.828075 2.3715505 4.3183963
1.8236562 2.3737277 4.3147264
1.828075 2.3715505 4.3183963
1.8236562 2.3737277 4.3147264
1.8238721 2.3733433 4.3137391
1.8238918 2.3748374 4.3115859
1.8311468 2.3704161 4.3212466
1.8296752 2.3728829 4.321191
1.8311476 2.3726284 4.3224211
3.2200738 2.3643139 2.2886089
3.216041 2.365425 2.2855274
3.217477 2.3668667 2.2853968
3.2182614 2.3693363 2.287565
3.2160933 2.3707855 2.2814436
3.2211159 2.3718445 2.2843723
3.2160933 2.3707855 2.2814436
1.7949912 1.3026605 3.8744205
1.7974382 1.3015571 3.8713678
1.7949912 1.3026605 3.8744205
1.793829 1.3020816 3.8786258
1.7927841 1.3031932 3.8817484
1.7922501 1.3037777 3.88452
1.7946003 1.3062004 3.8828607
1.7961252 1.2986663 3.8811293
1.795734 1.3011296 3.8777351
1.96537 2.2467285 3.7401632
1.9675579 2.2395762 3.7456243
1.966692 2.2449833 3.7434847
1.9678789 2.2430121 3.7449956
1.9674855 2.2456337 3.7429971
1.9678789 2.2430121 3.7449956
1.9674855 2.2456337 3.7429971
0.84470057 1.8070798 5.0058353
0.84691412 1.806056 5.0092256
0.84601285 1.8056028 5.0122577
0.84631067 1.8050233 5.0129691
0.8437323 1.8061143 5.012723
0.84414415 1.8079286 5.0142075
0.8437323 1.8061143 5.012723
4.684257 1.4044965 2.8346552
4.6850993 1.4032025 2.8362545
4.684257 1.4044965 2.8346552
4.7018943 1.3949306 2.8224154
4.6852579 1.4080897 2.8330711
4.684464 1.4064711 2.8329896
4.6852579 1.4080897 2.8330711
4.684464 1.4064711 2.8329896
4.6841606 1.4068031 2.834772
4.6822551 1.4062663 2.8319512
4.6816788 1.404307 2.8373421
4.6833222 1.403636 2.835753
4.6816788 1.404307 2.8373421
4.6811184 1.4074895 2.8361194
4.6821702 1.4107247 2.8338973
4.6825597 1.40984 2.8319398
4.0339254 1.8750546 2.4542898
4.0260291 1.8695112 2.4565606
4.0255415 1.8689687 2.4573046
4.0260291 1.8695112 2.4565606
4.029763 1.870218 2.4566175
4.0279122 1.8726525 2.4543886
4.0280187 1.8744181 2.455072
4.0297214 1.8750216 2.4560387
4.0280187 1.8744181 2.455072
4.0297916 1.8754158 2.4582135
4.0289057 1.8747775 2.4581684
4.0286134 1.875178 2.4579928
4.0289057 1.8747775 2.4581684
4.0286134 1.875178 2.4579928
4.0275567 1.8758766 2.457893
0 0 0
2.4065021 1.6949703 3.6952754
2.4049506 1.6970617 3.6933567
2.4040646 1.6962269 3.6959164
2.3998511 1.697231 3.6936118
2.3983293 1.6993628 3.6910784
2.4001361 1.6987705 3.689392
2.4170788 1.7067999 3.6989974
2.406966 1.6996781 3.6912141
2.408665 1.7022201 3.6915824
2.406966 1.6996781 3.6912141
2.408665 1.7022201 3.6915824
1.8186011 0.83288775 2.1805211
1.8172714 0.83395906 2.1822184
1.8186011 0.83288775 2.1805211
1.8171937 0.83473357 2.1807751
1.8181558 0.83385546 2.1806024
1.8211558 0.83540727 2.178877
1.8233241 0.83243859 2.1798533
1.8182396 0.83192057 2.1836242
1.8186419 0.83296182 2.1820407
1.8165079 0.83394009 2.1814855
1.8172507 0.83598526 2.182079
1.8177362 0.8345728 2.1822342
1.8172507 0.83598526 2.182079
1.8126665 0.83144421 2.1847075
1.8137566 0.83204217 2.1826411
1.8184118 0.83292836 2.1785458
4.5120222 0.76814747 1.9559088
4.5039605 0.76470128 1.9629441
4.5047097 0.76688358 1.9605057
4.5039605 0.76470128 1.9629441
4.5047097 0.76688358 1.9605057
4.5055992 0.76937965 1.9597439
4.5088485 0.76638088 1.9582086
4.5104353 0.76704299 1.9579747
4.8484614 2.060961 0.40851504
4.8489837 2.0605002 0.40792256
4.8484614 2.060961 0.40851504
4.8489837 2.0605002 0.40792256
4.8515224 2.0617572 0.41034445
4.8477463 2.0620726 0.40865304
4.8494962 2.0622156 0.40866087
4.8477463 2.0620726 0.40865304
4.8497992 2.0614147 0.40654049
4.8477965 2.061819 0.40544061
4.8497992 2.0614147 0.40654049
4.8514843 2.0649845 0.40491976
4.8494335 2.065776 0.40698682
4.8511958 2.0659754 0.40569009
1.8223055 2.3719472 4.3148337
1.8263089 2.3700415 4.31661
1.8255075 2.3704602 4.3160697
1.8252077 2.3721177 4.315434
1.8269877 2.3737055 4.3157211
1.8197298 2.3718997 4.312576
1.8265607 2.3747085 4.3151139
1.8268141 2.3739886 4.3158011
1.827853 2.37192 4.3179536
1.8288666 2.3714995 4.319511
1.827853 2.37192 4.3179536
1.8288666 2.3714995 4.319511
1.8316083 2.3706146 4.3220513
1.8272776 2.3728653 4.3149086
1.8288451 2.3717435 4.3185083
1.8285978 2.3735395 4.3186329
1.8293905 2.3727726 4.3213106
0 0 0
3.2168884 2.3669637 2.2851903
3.2186924 2.3670833 2.2875855
3.2125805 2.3661783 2.2820386
3.2199317 2.3673568 2.2874435
3.2196594 2.3648516 2.2869502
3.2156864 2.36627 2.282749
3.2160756 2.3667174 2.2830591
1.7937521 1.3031112 3.8786997
1.7955041 1.302428 3.8753428
1.7916697 1.3041474 3.8825329
1.7922846 1.3036647 3.8804136
1.7916697 1.3041474 3.8825329
1.7934989 1.3046364 3.8803961
1.9634573 2.245003 3.7439608
1.9665707 2.2446827 3.7424907
1.9624632 2.2480307 3.7381323
1.9644643 2.2427944 3.7431855
1.9653811 2.2472951 3.7439139
1.9653009 2.2409875 3.742111
1.9635744 2.2447575 3.7398444
1.9653009 2.2409875 3.742111
1.9635744 2.2447575 3.7398444
0.84663281 1.8035651 5.0104305
0.84515659 1.8057056 5.0133958
0.84509298 1.8060665 5.0135375
0.84520803 1.8061702 5.0142836
0.84426557 1.8078445 5.0127152
0.84520803 1.8061702 5.0142836
0.84568449 1.8089889 5.0118591
0.84509594 1.8085906 5.014118
4.6879707 1.4029357 2.8336246
4.682335 1.4059801 2.831725
4.6870032 1.4103274 2.8335534
4.6836187 1.405899 2.8317607
4.6852022 1.4073931 2.8320388
4.6836187 1.405899 2.8317607
4.6852022 1.4073931 2.8320388
4.6835678 1.4059343 2.832067
4.6809056 1.4097544 2.8322225
4.6823223 1.4049575 2.834085
4.6809056 1.4097544 2.8322225
4.6831069 1.4082733 2.8322079
4.6811367 1.4084874 2.8363701
4.6831824 1.4099406 2.8338274
4.6799826 1.4097926 2.8354687
4.0368129 1.8745504 2.4586722
4.0330981 1.8742444 2.4563378
4.0332417 1.8719896 2.458554
4.0280543 1.8693918 2.4562857
4.0305842 1.8679073 2.4552842
4.0348003 1.8729271 2.4562618
4.0287558 1.8758032 2.4542042
4.029808 1.8748969 2.4549959
4.0287558 1.8758032 2.4542042
4.0286026 1.8752298 2.4562713
4.0273782 1.8750383 2.4537662
4.0287125 1.8714315 2.4537171
4.0273782 1.8750383 2.4537662
4.0287125 1.8714315 2.4537171
4.0292554 1.8694527 2.4564868
4.0312534 1.8746771 2.4572843
2.404514 1.695619 3.6947376
2.4006244 1.6956903 3.6906633
2.404514 1.695619 3.6947376
2.4006244 1.6956903 3.6906633
2.3988648 1.6986531 3.6888774
2.4049038 1.6959836 3.6928304
2.4047057 1.6992169 3.6923897
2.4035614 1.6973145 3.6902185
2.4047057 1.6992169 3.6923897
2.4035614 1.6973145 3.6902185
0 0 0
1.8176927 0.83384112 2.1785967
1.8172648 0.83476945 2.1779587
1.8176927 0.83384112 2.1785967
1.8172648 0.83476945 2.1779587
1.8166656 0.83355893 2.1819744
1.8168513 0.83131608 2.1827378
1.8167002 0.83368723 2.1828818
1.8168513 0.83131608 2.1827378
1.8167002 0.83368723 2.1828818
1.8194417 0.83504075 2.1780065
1.8206633 0.83624356 2.1774584
1.816806 0.83294829 2.18339
1.8175081 0.83074042 2.1813862
1.816806 0.83294829 2.18339
1.8175081 0.83074042 2.1813862
1.8175 0.83010116 2.17935
4.5115997 0.76854529 1.9572719
4.5072965 0.76971202 1.9622751
4.5081819 0.76772756 1.959915
4.5037657 0.76687344 1.9625999
4.5041085 0.76541367 1.9602399
4.5054434 0.76815138 1.9638978
4.5058694 0.76499744 1.9609808
4.8471823 2.0636243 0.40545464
4.8490777 2.0620483 0.40680518
4.8471823 2.0636243 0.40545464
4.8490777 2.0620483 0.40680518
4.8480797 2.0619994 0.40740203
4.8490507 2.0624806 0.40731362
4.8468725 2.0635083 0.40832026
4.8486738 2.0635966 0.40845806
4.8455879 2.0621037 0.40642385
4.8463226 2.0630094 0.40626249
4.8455879 2.0621037 0.40642385
4.8463226 2.0630094 0.40626249
4.8535034 2.0627634 0.40895499
4.8537702 2.0621785 0.40835384
4.8514268 2.063491 0.41007119
1.8280808 2.3715276 4.3206435
1.8252079 2.3720432 4.3158204
1.8280808 2.3715276 4.3206435
1.8252079 2.3720432 4.3158204
1.8256736 2.3733386 4.3169976
1.8251892 2.3708939 4.3168141
1.8278482 2.373461 4.3165816
1.8277167 2.3732064 4.3176146
1.828075 2.3715505 4.3183963
1.8270703 2.3709761 4.3175381
1.828075 2.3715505 4.3183963
1.8270703 2.3709761 4.3175381
1.8268431 2.368849 4.3181064
1.8289164 2.3726094 4.3194786
1.8272007 2.3710484 4.3181331
1.8296995 2.3731061 4.3183039
1.8290407 2.3730132 4.3208909
3.2200738 2.3643139 2.2886089
3.216041 2.365425 2.2855274
3.217477 2.3668667 2.2853968
3.2154248 2.3664329 2.2854879
3.219768 2.3658932 2.288014
3.2187675 2.3664909 2.2873255
3.2189081 2.3676623 2.2874845
3.214942 2.3661559 2.2851011
3.2166792 2.3658583 2.2853694
1.7927352 1.3050771 3.879267
1.7935213 1.30693 3.8783551
1.7909012 1.3019864 3.8800422
1.7916533 1.3044387 3.8801541
1.9658336 2.2423323 3.7431431
1.9627546 2.2475557 3.7423058
1.9658336 2.2423323 3.7431431
1.968214 2.243073 3.7463385
1.9670259 2.2426745 3.7413375
1.9643067 2.245699 3.7437914
1.9678789 2.2430121 3.7449956
1.9663045 2.2423391 3.7418607
1.9678789 2.2430121 3.7449956
0.84635128 1.8062167 5.0087991
0.84419307 1.8056443 5.0095319
0.84507418 1.8043788 5.0084799
0.84419307 1.8056443 5.0095319
0.84507418 1.8043788 5.0084799
0.84325761 1.8076959 5.0129449
0.84434798 1.8070378 5.0128292
0.84566914 1.8096518 5.0112431
0.84903124 1.8066982 5.0132467
0.84804655 1.8074834 5.0123694
0 0 0
4.6842775 1.4061686 2.8330723
4.6852579 1.4080897 2.8330711
4.685447 1.4088763 2.8343465
4.6852579 1.4080897 2.8330711
4.685447 1.4088763 2.8343465
4.6841606 1.4068031 2.834772
4.6822551 1.4062663 2.8319512
4.6818305 1.405559 2.8319857
4.6817035 1.4066139 2.8331682
4.6828054 1.4067879 2.8352348
4.6797659 1.4086032 2.8368127
4.6821702 1.4107247 2.8338973
4.6825597 1.40984 2.8319398
4.0362563 1.8723903 2.4582756
4.0303629 1.8745377 2.4546687
4.0326636 1.8727664 2.4583745
4.0302326 1.8699762 2.4574114
4.03338 1.8672417 2.4572177
4.0276058 1.8731968 2.4551519
4.0266617 1.8734886 2.4531041
4.0273103 1.8744956 2.4524332
4.0295036 1.8715466 2.4490577
4.0264849 1.8752056 2.4553505
4.0295036 1.8715466 2.4490577
4.0294853 1.870687 2.4541581
4.027944 1.8742289 2.4546731
4.0294853 1.870687 2.4541581
4.0318305 1.869524 2.4559313
4.0333994 1.8740107 2.4572492
4.9387288 2.7171457 5.1034939
4.9387288 2.7171457 5.1034939
0 0 0
0 0 0
4.9383645 2.7221067 5.1027229
4.9431048 2.7172943 5.1106943
4.9359729 2.7168835 5.1070723
4.9431048 2.7172943 5.1106943
4.9359729 2.7168835 5.1070723
4.9324289 2.719306 5.0978503
1.8246538 0.83516338 2.1746459
1.8168269 0.83424961 2.1774827
1.8246538 0.83516338 2.1746459
1.8168269 0.83424961 2.1774827
1.8211558 0.83540727 2.178877
1.8233241 0.83243859 2.1798533
1.8190731 0.83535635 2.1819005
1.8233241 0.83243859 2.1798533
1.8190731 0.83535635 2.1819005
1.8176523 0.83633522 2.1835011
1.8217151 0.83456238 2.1775942
1.8216958 0.83532506 2.177088
1.8177362 0.8345728 2.1822342
1.8216958 0.83532506 2.177088
1.8177362 0.8345728 2.1822342
1.8178856 0.83400199 2.1813424
1.818503 0.83029081 2.1752411
4.5096513 0.7689069 1.953321
4.5072596 0.77073914 1.9589536
4.5073825 0.76481201 1.9583819
4.5069706 0.76556572 1.9606169
4.5073825 0.76481201 1.9583819
4.5069706 0.76556572 1.9606169
4.8456953 2.0620575 0.4051457
4.848345 2.0615723 0.40492355
4.848766 2.0625264 0.40729193
4.8501619 2.0630875 0.40849262
4.848766 2.0625264 0.40729193
4.8501619 2.0630875 0.40849262
4.8499739 2.0625247 0.40771952
4.848095 2.0630162 0.40864377
4.8476271 2.0647204 0.40931581
4.848095 2.0630162 0.40864377
4.8476271 2.0647204 0.40931581
4.8489709 2.0618435 0.4087717
4.8547379 2.0624738 0.4125038
4.853876 2.0610042 0.41043468
4.8542555 2.0604546 0.41119433
4.853876 2.0610042 0.41043468
1.8277868 2.3716697 4.3191245
1.830099 2.3733579 4.3227274
1.8263125 2.3713706 4.3193711
1.8247424 2.3713921 4.3178272
1.8263125 2.3713706 4.3193711
1.828356 2.3709373 4.3196559
1.8265607 2.3747085 4.3151139
1.8268141 2.3739886 4.3158011
1.827853 2.37192 4.3179536
1.8288666 2.3714995 4.319511
1.827853 2.37192 4.3179536
1.8288666 2.3714995 4.319511
1.8240412 2.3698769 4.3150206
1.8271741 2.3734851 4.3177431
1.8262226 2.3711408 4.3178873
1.8271741 2.3734851 4.3177431
1.8262226 2.3711408 4.3178873
1.8316596 2.3732573 4.319748
3.2168884 2.3669637 2.2851903
3.2186924 2.3670833 2.2875855
3.2125805 2.3661783 2.2820386
3.2201572 2.3648184 2.287974
3.2111058 2.3623631 2.2807494
3.2134065 2.3631571 2.2818682
3.2162238 2.365268 2.2861834
3.2185624 2.3670746 2.2825618
3.2179281 2.3629948 2.2913266
1.7958446 1.303095 3.87805
1.7958446 1.303095 3.87805
1.9634573 2.245003 3.7439608
1.9638373 2.2431228 3.7451041
1.9634573 2.245003 3.7439608
1.9665707 2.2446827 3.7424907
1.9627211 2.2450396 3.7437335
1.9656699 2.2438348 3.7448918
1.9659071 2.2433907 3.7437774
1.9653009 2.2409875 3.742111
1.9682918 2.2414757 3.7446384
0 0 0
0.84281264 1.8059835 5.0117211
0.8418454 1.8063854 5.010887
0.84267192 1.8049664 5.0121804
0.8418454 1.8063854 5.010887
0.84267192 1.8049664 5.0121804
0.84033895 1.8092091 5.0136797
0.84401652 1.8067985 5.0127744
0.84523963 1.8065562 5.0137781
0.84699882 1.8071772 5.0139448
0.84743849 1.8054804 5.0133845
0.84839762 1.8051703 5.0131282
4.6842191 1.4040232 2.8319768
4.6830587 1.4052552 2.8339047
4.681573 1.4055987 2.831918
4.6816891 1.4053398 2.8314601
4.681573 1.4055987 2.831918
4.6816891 1.4053398 2.8314601
4.6809056 1.4097544 2.8322225
4.6822171 1.4072175 2.8318769
4.6809056 1.4097544 2.8322225
4.6831069 1.4082733 2.8322079
4.6811367 1.4084874 2.8363701
4.6780743 1.4046844 2.8387279
4.6811367 1.4084874 2.8363701
4.0368129 1.8745504 2.4586722
4.0330981 1.8742444 2.4563378
4.0332417 1.8719896 2.458554
4.0348003 1.8729271 2.4562618
4.0307823 1.8671753 2.4534726
4.0348003 1.8729271 2.4562618
4.0310964 1.8723336 2.4540502
4.0279428 1.8732751 2.4519177
4.0267756 1.87633 2.4491144
4.0275601 1.8712819 2.4526147
4.0267756 1.87633 2.4491144
4.0275601 1.8712819 2.4526147
4.0282134 1.8676568 2.4571332
4.0289974 1.8681194 2.4573141
4.0292554 1.8694527 2.4564868
4.0312534 1.8746771 2.4572843
4.927008 2.716557 5.095884
4.9445306 2.7225661 5.1086341
4.9416861 2.7218575 5.1067838
4.9467839 2.7199373 5.1099945
4.9416861 2.7218575 5.1067838
4.9467839 2.7199373 5.1099945
4.930277 2.7187689 5.0971747
4.9347407 2.7200709 5.0990371
4.9359113 2.7221242 5.1013244
4.9387251 2.7254024 5.1063623
0 0 0
1.8163321 0.8359054 2.1701705
1.8130196 0.83646922 2.1772679
1.8175001 0.83385274 2.1770993
1.8186864 0.83125129 2.1800017
1.8157002 0.83488897 2.1818281
1.8186864 0.83125129 2.1800017
1.8145798 0.83560379 2.1872782
1.8151424 0.83356885 2.1863742
1.8159589 0.83477763 2.1841363
1.8185782 0.83375339 2.181038
1.8195348 0.83272833 2.1805676
1.8194362 0.8352949 2.178631
1.8195348 0.83272833 2.1805676
1.8194362 0.8352949 2.178631
1.8200432 0.83470365 2.1802263
1.8200446 0.83543702 2.1752054
4.5094629 0.76653951 1.9565601
4.5072011 0.76935364 1.9605125
4.5068056 0.77137061 1.9582847
4.5048784 0.7706115 1.9625614
4.5057445 0.76715681 1.9579382
4.8480802 2.0627165 0.40495596
4.845742 2.0628597 0.40405459
4.8471823 2.0636243 0.40545464
4.8498384 2.0641804 0.4090738
4.849812 2.0640547 0.41103678
4.8498384 2.0641804 0.4090738
4.849812 2.0640547 0.41103678
4.8503189 2.0629071 0.41094368
4.8451371 2.0636794 0.40722018
4.846735 2.0646927 0.40936214
4.8492709 2.0617597 0.41072479
4.846735 2.0646927 0.40936214
4.8492709 2.0617597 0.41072479
4.8503281 2.0625256 0.41358238
4.8523894 2.0626763 0.41193539
4.8532193 2.0627864 0.41259231
4.8514268 2.063491 0.41007119
1.8245231 2.3709192 4.3183102
1.8252079 2.3720432 4.3158204
1.8245231 2.3709192 4.3183102
1.8252079 2.3720432 4.3158204
1.8271128 2.371948 4.3207014
1.8287928 2.3727336 4.3204586
1.8278482 2.373461 4.3165816
1.8269245 2.3735648 4.3165723
1.8287957 2.3727925 4.3176892
1.8270703 2.3709761 4.3175381
1.8218084 2.371163 4.3157081
1.8270703 2.3709761 4.3175381
1.8218084 2.371163 4.3157081
1.8237887 2.370154 4.3151569
1.8272007 2.3710484 4.3181331
1.8291468 2.3738963 4.3174117
1.8272007 2.3710484 4.3181331
1.8312035 2.3736933 4.320232
3.2164435 2.364728 2.2809808
3.2200005 2.3642595 2.2880205
3.2170992 2.3637192 2.2879996
3.2200005 2.3642595 2.2880205
3.2152498 2.3603237 2.288609
3.2148019 2.3633455 2.2864287
3.2139976 2.3647903 2.2869272
3.2137769 2.3652516 2.286272
3.2161346 2.3634175 2.2904957
3.2193155 2.3607061 2.2925602
1.9616513 2.2413192 3.7456673
1.9634073 2.2424525 3.7450862
1.9658336 2.2423323 3.7431431
1.9615379 2.246567 3.7413791
1.9658336 2.2423323 3.7431431
1.9615379 2.246567 3.7413791
1.9596535 2.2458605 3.7406756
1.9676067 2.2409589 3.7452044
1.9681734 2.2402698 3.7450472
1.9663045 2.2423391 3.7418607
0.84386612 1.8058226 5.0100532
0.84599008 1.8060998 5.0136009
0.84158805 1.8067543 5.0101783
0.84210439 1.8046213 5.0123663
0.84158805 1.8067543 5.0101783
0.84210439 1.8046213 5.0123663
0.84609167 1.8040727 5.0095598
0.84797176 1.8059078 5.0118723
0.84881283 1.8050024 5.0129931
0.84797176 1.8059078 5.0118723
0.84804655 1.8074834 5.0123694
0.84643393 1.8062118 5.0111218
0.84804655 1.8074834 5.0123694
4.6842489 1.4054689 2.8304915
4.6833032 1.4059135 2.8316154
4.6842489 1.4054689 2.8304915
4.6833032 1.4059135 2.8316154
4.6828762 1.4055993 2.8311484
4.6829308 1.4057354 2.8313862
4.6808598 1.4071708 2.8329588
4.6817035 1.4066139 2.8331682
4.6828054 1.4067879 2.8352348
4.6797659 1.4086032 2.8368127
4.6796113 1.4019173 2.8385758
4.6797659 1.4086032 2.8368127
4.0362563 1.8723903 2.4582756
4.0303629 1.8745377 2.4546687
4.0326636 1.8727664 2.4583745
4.0294312 1.8729226 2.4574688
4.0295548 1.8686356 2.4536558
4.0331565 1.8726105 2.4569493
4.031343 1.8752264 2.4567812
4.0331565 1.8726105 2.4569493
4.031343 1.8752264 2.4567812
4.0331756 1.8723164 2.4545347
4.0295036 1.8715466 2.4490577
4.0301887 1.8684046 2.4538563
4.031683 1.8722594 2.4566837
4.0412187 1.8696464 2.4614735
4.0318305 1.869524 2.4559313
4.9481732 2.7198097 5.1164096
4.9330587 2.7175095 5.1004924
4.9481732 2.7198097 5.1164096
4.9497668 2.7161604 5.1172332
4.9474157 2.7212237 5.1115656
4.9482264 2.7193472 5.1106256
4.9461521 2.7200441 5.1099857
4.9482264 2.7193472 5.1106256
4.9461521 2.7200441 5.1099857
4.9312624 2.7199722 5.0980564
4.9391827 2.7175278 5.1053651
4.9333234 2.7206633 5.1012968
1.8168269 0.83424961 2.1774827
1.8101967 0.83898179 2.1797126
1.8168269 0.83424961 2.1774827
1.8177751 0.82959498 2.1802566
1.8178809 0.83223128 2.1806338
1.8177751 0.82959498 2.1802566
1.8178809 0.83223128 2.1806338
1.8190731 0.83535635 2.1819005
1.8138712 0.83454554 2.1840016
1.8150276 0.83347429 2.1840105
1.8178531 0.83171093 2.1844273
1.817212 0.83011478 2.1822387
1.8178531 0.83171093 2.1844273
1.817212 0.83011478 2.1822387
1.8152254 0.83001337 2.1835074
1.8085074 0.83295364 2.1841716
4.5096513 0.7689069 1.953321
4.5034236 0.76630997 1.9631233
4.4998025 0.76758332 1.9661023
4.4989611 0.76983086 1.9672031
4.8501921 2.0600093 0.40728587
4.8481687 2.0620086 0.40693427
4.8456953 2.0620575 0.4051457
4.8462111 2.0632362 0.40610018
4.848766 2.0625264 0.40729193
4.8501619 2.0630875 0.40849262
4.848766 2.0625264 0.40729193
4.8501619 2.0630875 0.40849262
4.8499739 2.0625247 0.40771952
4.848095 2.0630162 0.40864377
4.847898 2.063473 0.41059763
4.848095 2.0630162 0.40864377
4.847898 2.063473 0.41059763
4.8508896 2.0611809 0.41289986
4.8547379 2.0624738 0.4125038
4.853876 2.0610042 0.41043468
4.8542555 2.0604546 0.41119433
4.8560308 2.0604864 0.41676251
1.8235164 2.3725813 4.3149981
1.8260004 2.3739905 4.3159629
1.8235164 2.3725813 4.3149981
1.8254131 2.3715606 4.3189429
1.8251414 2.3723391 4.3183035
1.8294374 2.3728219 4.3206996
1.8301748 2.3764528 4.3208929
1.8280817 2.370373 4.3175358
1.8261761 2.3730924 4.3172125
1.8281848 2.3728211 4.3230391
1.8230935 2.3727514 4.3195557
1.8281848 2.3728211 4.3230391
1.8230935 2.3727514 4.3195557
1.8248302 2.3723395 4.3194862
1.8262226 2.3711408 4.3178873
1.8271741 2.3734851 4.3177431
1.8262226 2.3711408 4.3178873
1.8276192 2.3717377 4.3125188
3.2214194 2.3643196 2.2798899
3.2169629 2.3628249 2.2868815
3.2153981 2.362462 2.2873167
3.2169629 2.3628249 2.2868815
3.2153981 2.362462 2.2873167
3.2141137 2.3642269 2.2840954
3.2130386 2.3655324 2.2846574
3.2118199 2.3646775 2.2834994
3.2179281 2.3629948 2.2913266
3.2202559 2.3588118 2.2949546
1.9647625 2.248742 3.7477588
1.9637098 2.2462522 3.7484397
1.9632253 2.2417866 3.7409673
1.96213 2.245775 3.7442247
1.9591881 2.2463421 3.7442903
1.96213 2.245775 3.7442247
1.9591881 2.2463421 3.7442903
1.9683488 2.2432728 3.744598
1.9659149 2.2429079 3.7452327
1.9682918 2.2414757 3.7446384
0.84256801 1.8047748 5.009478
0.84520472 1.8080641 5.0118924
0.8418454 1.8063854 5.010887
0.84267192 1.8049664 5.0121804
0.8418454 1.8063854 5.010887
0.84267192 1.8049664 5.0121804
0.84504314 1.8033346 5.0098156
0.84583795 1.8065386 5.0102239
0.84504314 1.8033346 5.0098156
0.84583795 1.8065386 5.0102239
0.84743849 1.8054804 5.0133845
0.84839762 1.8051703 5.0131282
0.84824967 1.8045993 5.0155983
0.84839762 1.8051703 5.0131282
4.6832439 1.4059725 2.8327792
4.682566 1.4055158 2.832729
4.6832439 1.4059725 2.8327792
4.682566 1.4055158 2.832729
4.6819957 1.4065868 2.8310813
4.6834464 1.4099873 2.8313576
4.6813713 1.4122545 2.8316043
4.6832939 1.4039087 2.8326253
4.6786672 1.4045106 2.8335945
4.6780743 1.4046844 2.8387279
4.6786672 1.4045106 2.8335945
4.0309441 1.8748491 2.456233
4.0300238 1.8722929 2.4568199
4.028581 1.8685374 2.4573361
4.0300238 1.8722929 2.4568199
4.028581 1.8685374 2.4573361
4.0303542 1.8709079 2.4566475
4.0316322 1.8728553 2.4560096
4.0303542 1.8709079 2.4566475
4.0323753 1.8697315 2.452302
4.0325485 1.8716287 2.4543555
4.0308492 1.8726602 2.4582929
4.0317988 1.8713277 2.4600832
4.0297246 1.8656161 2.4585387
4.0317988 1.8713277 2.4600832
4.9486587 2.7226419 5.1135774
4.9489658 2.7252619 5.1091377
4.9457147 2.7159516 5.1119469
4.9414941 2.7178052 5.1082207
4.9457147 2.7159516 5.1119469
4.9463422 2.7207477 5.1118355
4.945637 2.71872 5.1107643
4.9463422 2.7207477 5.1118355
4.9485783 2.7194679 5.1106687
4.9347407 2.7200709 5.0990371
4.9429431 2.717423 5.1078433
4.9387251 2.7254024 5.1063623
4.938058 2.7218227 5.0997154
4.9387251 2.7254024 5.1063623
1.8130196 0.83646922 2.1772679
1.8158997 0.83110471 2.1830182
1.8160476 0.83151765 2.1797507
1.8165513 0.83312291 2.1795777
1.8160476 0.83151765 2.1797507
1.8165513 0.83312291 2.1795777
1.8146919 0.83175486 2.1821343
1.8177587 0.83179676 2.1819598
1.8146919 0.83175486 2.1821343
1.8195348 0.83272833 2.1805676
1.8185782 0.83375339 2.181038
1.8195348 0.83272833 2.1805676
1.8208863 0.8319392 2.1786393
1.8178173 0.83017034 2.1836138
1.811075 0.83370647 2.1843021
4.5094629 0.76653951 1.9565601
4.5029103 0.76440248 1.9650897
4.5003435 0.76807942 1.966973
4.8521513 2.0639212 0.40794595
4.8496335 2.0642355 0.40913733
4.8476211 2.0623882 0.40987337
4.8496335 2.0642355 0.40913733
4.8464261 2.0641963 0.40827945
4.8498384 2.0641804 0.4090738
4.849812 2.0640547 0.41103678
4.8498384 2.0641804 0.4090738
4.849812 2.0640547 0.41103678
4.8503189 2.0629071 0.41094368
4.8451371 2.0636794 0.40722018
4.8465902 2.0627 0.41009802
4.8492709 2.0617597 0.41072479
4.8469394 2.0600075 0.40823511
4.8492709 2.0617597 0.41072479
4.8469394 2.0600075 0.40823511
4.8509464 2.0669197 0.41625305
4.8532193 2.0627864 0.41259231
4.8542094 2.062548 0.41325922
4.8553171 2.0591799 0.41353881
1.8299287 2.3729293 4.3168831
1.8245231 2.3709192 4.3183102
1.8269682 2.3716986 4.3208068
1.8271128 2.371948 4.3207014
1.8287928 2.3727336 4.3204586
1.8286056 2.3711365 4.3190711
1.8291805 2.3699779 4.3202574
1.8296494 2.3730612 4.3237277
1.8264634 2.3740466 4.322548
1.8296494 2.3730612 4.3237277
1.8264634 2.3740466 4.322548
1.824109 2.3738935 4.3222518
1.824008 2.3729293 4.3201646
1.8266121 2.373111 4.3173576
1.8252376 2.3733864 4.3149375
1.8249759 2.3733584 4.314816
1.8272599 2.3719207 4.3152883
1.8271502 2.3710293 4.3167946
3.2143825 2.3622867 2.2855361
3.2154775 2.3611659 2.2880565
3.2174527 2.3613105 2.2894279
3.2154775 2.3611659 2.2880565
3.2174527 2.3613105 2.2894279
3.2139976 2.3647903 2.2869272
3.2137769 2.3652516 2.286272
3.2161346 2.3634175 2.2904957
3.2193155 2.3607061 2.2925602
1.9663495 2.2456039 3.749456
1.9666754 2.2464705 3.7493164
1.9677406 2.2450436 3.74643
1.9615379 2.246567 3.7413791
1.9677406 2.2450436 3.74643
1.9615379 2.246567 3.7413791
1.9596535 2.2458605 3.7406756
1.9605119 2.2406353 3.7421385
1.966054 2.2423882 3.746271
0.84599008 1.8060998 5.0136009
0.84386612 1.8058226 5.0100532
0.84599008 1.8060998 5.0136009
0.84158805 1.8067543 5.0101783
0.84210439 1.8046213 5.0123663
0.84158805 1.8067543 5.0101783
0.84210439 1.8046213 5.0123663
0.84567233 1.8055033 5.0117693
0.84797176 1.8059078 5.0118723
0.84567233 1.8055033 5.0117693
0.84797176 1.8059078 5.0118723
0.84881283 1.8050024 5.0129931
0.84983069 1.8073239 5.0138015
0.84963539 1.8056684 5.0133264
0.84852153 1.8040785 5.0204475
0.84947372 1.8062551 5.0161493
4.6842489 1.4054689 2.8304915
4.6833032 1.4059135 2.8316154
4.6828762 1.4055993 2.8311484
4.6831106 1.4027085 2.8320793
4.6825314 1.4051735 2.8329757
4.6811481 1.4080956 2.8335401
4.6807159 1.4113737 2.8354775
4.6809137 1.411314 2.8331142
4.6796113 1.4019173 2.8385758
4.6761493 1.4019407 2.838218
4.0319921 1.873536 2.4567147
4.0320667 1.872585 2.4578676
4.0313526 1.8725048 2.45889
4.0320667 1.872585 2.4578676
4.0332543 1.873272 2.4578243
4.0326284 1.8719158 2.4579769
4.031343 1.8752264 2.4567812
4.0326284 1.8719158 2.4579769
4.031343 1.8752264 2.4567812
4.0331756 1.8723164 2.4545347
4.0330082 1.8698853 2.4528815
4.030203 1.8739355 2.4583571
4.0300962 1.874033 2.4581511
4.9403477 2.7171058 5.1049092
4.9420188 2.7244784 5.1085605
4.9401446 2.7210895 5.1074047
4.9420188 2.7244784 5.1085605
4.9401446 2.7210895 5.1074047
4.940214 2.7171115 5.1048732
4.9442402 2.7187844 5.1083056
4.9489628 2.7201495 5.112731
4.9442402 2.7187844 5.1083056
4.9489628 2.7201495 5.112731
4.9461521 2.7200441 5.1099857
4.9443652 2.7185249 5.1101242
4.9408588 2.7193103 5.1046369
4.9372191 2.7198832 5.0987272
4.9344735 2.7200643 5.0958864
4.9372191 2.7198832 5.0987272
1.8170079 0.82934364 2.1807261
1.8177751 0.82959498 2.1802566
1.8170079 0.82934364 2.1807261
1.8177751 0.82959498 2.1802566
1.8181055 0.83294239 2.1786527
1.8150754 0.83195339 2.1851459
1.8187437 0.83179977 2.1808995
1.8150754 0.83195339 2.1851459
1.8178531 0.83171093 2.1844273
1.8230816 0.83562823 2.1772877
1.8178531 0.83171093 2.1844273
1.8230816 0.83562823 2.1772877
1.8152254 0.83001337 2.1835074
1.8085074 0.83295364 2.1841716
4.5038577 0.76496111 1.9629922
4.8477336 2.0647016 0.41135125
4.8522454 2.0628003 0.40366088
4.848556 2.0625241 0.40706551
4.8490487 2.0625663 0.40808401
4.848556 2.0625241 0.40706551
4.8490487 2.0625663 0.40808401
4.850189 2.0627213 0.4096027
4.849199 2.0620877 0.41090601
4.8480746 2.0597687 0.41211247
4.849199 2.0620877 0.41090601
4.8480746 2.0597687 0.41211247
4.8466472 2.0587364 0.40954418
4.8495844 2.0658095 0.40923517
4.847836 2.0635154 0.40987343
4.8495844 2.0658095 0.40923517
4.847836 2.0635154 0.40987343
4.8508896 2.0611809 0.41289986
4.8521163 2.0630565 0.41621509
4.8510472 2.0676892 0.41598323
4.8547631 2.0625545 0.41667125
4.8560308 2.0604864 0.41676251
4.8515516 2.0601286 0.40978605
1.8260004 2.3739905 4.3159629
1.8235164 2.3725813 4.3149981
1.8254131 2.3715606 4.3189429
1.8251414 2.3723391 4.3183035
1.8294374 2.3728219 4.3206996
1.8301748 2.3764528 4.3208929
1.8254066 2.3694078 4.3200261
1.8282981 2.3725092 4.3230006
1.8281848 2.3728211 4.3230391
1.8282981 2.3725092 4.3230006
1.8281848 2.3728211 4.3230391
1.8230935 2.3727514 4.3195557
1.8248302 2.3723395 4.3194862
1.826243 2.3715914 4.3198635
1.829773 2.372976 4.3201777
1.826243 2.3715914 4.3198635
1.829773 2.372976 4.3201777
1.8253521 2.3719052 4.3173977
3.2169629 2.3628249 2.2868815
3.2153981 2.362462 2.2873167
3.2154793 2.3627201 2.2838906
3.2163797 2.3622178 2.2838324
3.216249 2.3641834 2.2840169
3.2130386 2.3655324 2.2846574
3.216249 2.3641834 2.2840169
3.2144969 2.3631758 2.288732
3.2147778 2.3600063 2.2885346
1.9647585 2.2444083 3.7458587
1.9685097 2.2463085 3.7464664
1.9672577 2.2430009 3.7473729
1.9659208 2.2414958 3.7476043
1.9672577 2.2430009 3.7473729
1.9659208 2.2414958 3.7476043
1.9591881 2.2463421 3.7442903
1.9597255 2.2385737 3.7406285
1.9602638 2.2454507 3.7451827
0.84520472 1.8080641 5.0118924
0.84498661 1.8079373 5.0089132
0.84520472 1.8080641 5.0118924
0.84498661 1.8079373 5.0089132
0.84556749 1.8069759 5.010764
0.84442011 1.805724 5.0081701
0.84267925 1.805187 5.0121631
0.84504314 1.8033346 5.0098156
0.84583795 1.8065386 5.0102239
0.84336721 1.8062262 5.0141493
0.84583795 1.8065386 5.0102239
0.84336721 1.8062262 5.0141493
0.84392302 1.8088184 5.0123154
0.84537949 1.810859 5.0151084
0.84615095 1.8070237 5.0165383
0.84221321 1.8067046 5.0106324
4.682566 1.4055158 2.832729
4.6832439 1.4059725 2.8327792
4.682566 1.4055158 2.832729
4.6819957 1.4065868 2.8310813
4.6834464 1.4099873 2.8313576
4.6813713 1.4122545 2.8316043
4.6832456 1.4118977 2.8343216
4.6835212 1.4098431 2.8335876
4.6841794 1.4090233 2.834018
4.6842926 1.4068735 2.8292893
4.0309441 1.8748491 2.456233
4.0300238 1.8722929 2.4568199
4.0329871 1.8728356 2.4589833
4.0348383 1.8738892 2.4577819
4.034537 1.8735793 2.4567319
4.0348383 1.8738892 2.4577819
4.034537 1.8735793 2.4567319
4.0332708 1.8711863 2.4571187
4.0342344 1.8707932 2.4570197
4.0295979 1.8731633 2.4578787
4.0308492 1.8726602 2.4582929
4.0295979 1.8731633 2.4578787
4.9408788 2.7198365 5.101424
4.9441219 2.7190582 5.1066002
4.9388712 2.7219513 5.1051096
4.9361825 2.7215809 5.1013891
4.9358699 2.7212891 5.1023676
4.9361825 2.7215809 5.1013891
4.9358699 2.7212891 5.1023676
4.9349126 2.7190617 5.1025756
4.9346291 2.7180245 5.1017409
4.9463422 2.7207477 5.1118355
4.9485783 2.7194679 5.1106687
4.9450378 2.7204586 5.1102671
4.9447266 2.7236312 5.1115433
4.9373745 2.7212785 5.1044307
4.938058 2.7218227 5.0997154
4.9373745 2.7212785 5.1044307
4.9415867 2.7228978 5.1012614
4.9375647 2.7192547 5.1054539
1.8160476 0.83151765 2.1797507
1.8165513 0.83312291 2.1795777
1.8160476 0.83151765 2.1797507
1.8165513 0.83312291 2.1795777
1.8146919 0.83175486 2.1821343
1.8177587 0.83179676 2.1819598
1.8146919 0.83175486 2.1821343
1.8212482 0.83169197 2.1834748
1.8208863 0.8319392 2.1786393
1.8212482 0.83169197 2.1834748
1.8208863 0.8319392 2.1786393
1.8142012 0.82873744 2.1872211
1.8151826 0.82990257 2.1825104
4.8506813 2.0653235 0.41149624
4.8485755 2.0639217 0.41226073
4.8492399 2.0642541 0.41035336
4.8474721 2.0617998 0.40834751
4.8481601 2.0641787 0.40849476
4.8474721 2.0617998 0.40834751
4.8481601 2.0641787 0.40849476
4.8498817 2.0645606 0.40968067
4.8465557 2.0615894 0.40974868
4.8513126 2.0655276 0.41219196
4.8523149 2.0658743 0.41230745
4.8513126 2.0655276 0.41219196
4.8511759 2.0624346 0.40933502
4.8476769 2.0637903 0.4097441
4.846631 2.0633883 0.40856678
4.8476769 2.0637903 0.4097441
4.846631 2.0633883 0.40856678
4.846476 2.0631818 0.40832724
4.8469394 2.0600075 0.40823511
4.8509464 2.0669197 0.41625305
4.8524901 2.0638155 0.41618389
4.8535408 2.0626153 0.4151383
4.8553171 2.0591799 0.41353881
0 0 0
1.8278287 2.3721629 4.3154454
1.8271171 2.3714869 4.3168803
1.8270825 2.3763646 4.320833
1.8261024 2.3742602 4.3205322
1.8286056 2.3711365 4.3190711
1.8291805 2.3699779 4.3202574
1.8296494 2.3730612 4.3237277
1.8264634 2.3740466 4.322548
1.8296494 2.3730612 4.3237277
1.8264634 2.3740466 4.322548
1.824109 2.3738935 4.3222518
1.824008 2.3729293 4.3201646
1.8269536 2.3715023 4.3174319
1.8323771 2.3724613 4.321797
1.8249759 2.3733584 4.314816
1.8272599 2.3719207 4.3152883
1.8271502 2.3710293 4.3167946
1.8272599 2.3719207 4.3152883
3.2101682 2.3655188 2.2793639
3.2174527 2.3613105 2.2894279
3.2154775 2.3611659 2.2880565
3.2174527 2.3613105 2.2894279
3.217215 2.3608967 2.2878181
3.2091704 2.3644459 2.278347
3.2105101 2.363103 2.2803407
3.2091704 2.3644459 2.278347
1.9663495 2.2456039 3.749456
1.9675008 2.2444947 3.7460485
1.9677406 2.2450436 3.74643
1.9654745 2.2407762 3.7442347
1.9677406 2.2450436 3.74643
1.9654745 2.2407762 3.7442347
1.9638665 2.2404235 3.7407233
1.9678313 2.2427506 3.7480198
1.9653269 2.2424972 3.7431657
0.84821204 1.8047009 5.0140877
0.84965977 1.805323 5.011629
0.84821204 1.8047009 5.0140877
0.84965977 1.805323 5.011629
0.84245532 1.8073053 5.012988
0.84307679 1.806752 5.0140913
0.84420847 1.8073857 5.0126621
0.84567233 1.8055033 5.0117693
0.84424807 1.8059448 5.0117091
0.84567233 1.8055033 5.0117693
0.84424807 1.8059448 5.0117091
0.84468174 1.8047961 5.0140066
0.84362582 1.8072166 5.0120411
0.84476261 1.8082763 5.0115091
0.84682665 1.8050019 5.015042
0.84631695 1.7959833 5.0119788
4.685095 1.405506 2.8360034
4.6831106 1.4027085 2.8320793
4.6842941 1.4029091 2.8333669
4.6831106 1.4027085 2.8320793
4.6825314 1.4051735 2.8329757
4.6811481 1.4080956 2.8335401
4.6800899 1.4089866 2.8342533
4.6819402 1.4061854 2.830428
4.6800899 1.4089866 2.8342533
4.6819402 1.4061854 2.830428
4.0346609 1.8737409 2.4595075
4.0345139 1.8727175 2.461081
4.0339281 1.8734255 2.4606702
4.0339457 1.8736271 2.4575958
4.0334908 1.8735602 2.4575208
4.0331895 1.8724759 2.4572622
4.0336703 1.8731107 2.45718
4.0309869 1.8719692 2.4567698
4.0336703 1.8731107 2.45718
4.0309869 1.8719692 2.4567698
4.0288827 1.8752642 2.4526359
4.0279386 1.8760176 2.4535792
4.9453688 2.7209512 5.1075288
4.9472129 2.719731 5.1095691
4.9420188 2.7244784 5.1085605
4.9402517 2.721999 5.1050218
4.9395495 2.7239671 5.1058474
4.9402517 2.721999 5.1050218
4.940214 2.7171115 5.1048732
4.9442402 2.7187844 5.1083056
4.9489628 2.7201495 5.112731
4.9442402 2.7187844 5.1083056
4.9489628 2.7201495 5.112731
4.9452144 2.7234554 5.1121536
4.9492518 2.7238592 5.1135546
4.9408588 2.7193103 5.1046369
4.9372191 2.7198832 5.0987272
4.9344735 2.7200643 5.0958864
4.9349942 2.7166531 5.0994826
4.9375647 2.7192547 5.1054539
1.8181923 0.8318424 2.1792605
1.8170079 0.82934364 2.1807261
1.8181923 0.8318424 2.1792605
1.8181055 0.83294239 2.1786527
1.8150754 0.83195339 2.1851459
1.8187437 0.83179977 2.1808995
1.8150754 0.83195339 2.1851459
1.815059 0.83548889 2.1788636
1.8230816 0.83562823 2.1772877
1.815059 0.83548889 2.1788636
1.8230816 0.83562823 2.1772877
1.8122924 0.83213091 2.1872918
1.8146477 0.8297771 2.1832653
4.8534414 2.0596086 0.41340694
4.8526916 2.0613864 0.41257289
4.8511611 2.0609621 0.4114009
4.848556 2.0625241 0.40706551
4.8490487 2.0625663 0.40808401
4.848556 2.0625241 0.40706551
4.8490487 2.0625663 0.40808401
4.850189 2.0627213 0.4096027
4.849195 2.062805 0.40990801
4.8527014 2.0584324 0.41367566
4.8500871 2.0644657 0.41165234
4.849611 2.0623593 0.41042684
4.8497568 2.0625277 0.40805045
4.849611 2.0623593 0.41042684
4.8497568 2.0625277 0.40805045
4.8496626 2.0630378 0.40957692
4.847836 2.0635154 0.40987343
4.8515628 2.0600743 0.41290181
4.8521163 2.0630565 0.41621509
4.8510472 2.0676892 0.41598323
4.8520814 2.0661428 0.41588115
4.8499812 2.0645649 0.41035579
4.8515516 2.0601286 0.40978605
4.8482253 2.0629241 0.40781652
1.8285399 2.3731631 4.3206054
1.8274186 2.3740413 4.3215614
1.824695 2.3708603 4.3162007
1.8216901 2.3709178 4.312986
1.824695 2.3708603 4.3162007
1.8216901 2.3709178 4.312986
1.8282981 2.3725092 4.3230006
1.8253939 2.3728878 4.3188481
1.8282981 2.3725092 4.3230006
1.8253939 2.3728878 4.3188481
1.8231463 2.3746606 4.3190396
1.826383 2.3722948 4.321206
1.826243 2.3715914 4.3198635
1.829773 2.372976 4.3201777
1.826243 2.3715914 4.3198635
1.829773 2.372976 4.3201777
1.8295597 2.372759 4.3196155
1.828411 2.3733873 4.3164232
3.2067918 2.364521 2.2773361
3.2087799 2.3624954 2.2754632
3.2163797 2.3622178 2.2838324
3.216249 2.3641834 2.2840169
3.2163797 2.3622178 2.2838324
3.216249 2.3641834 2.2840169
3.2157084 2.3628402 2.2840562
3.2112313 2.3640169 2.2813592
1.9647585 2.2444083 3.7458587
1.9669709 2.241697 3.7478119
1.9615314 2.2415161 3.7420931
1.965749 2.2417075 3.7441054
1.9615314 2.2415161 3.7420931
1.965749 2.2417075 3.7441054
1.9661719 2.2406619 3.74353
1.9666916 2.2398844 3.7437745
1.9669632 2.2401783 3.7446497
0.8490277 1.8042748 5.0159026
0.85136431 1.805974 5.0132231
0.84931197 1.8061438 5.0133099
0.84819292 1.8066758 5.0134456
0.84500027 1.8076481 5.0133436
0.84584607 1.8075649 5.0145237
0.84500027 1.8076481 5.0133436
0.84584607 1.8075649 5.0145237
0.84492622 1.8051586 5.0123899
0.84336721 1.8062262 5.0141493
0.84482945 1.8059061 5.0124285
0.84336721 1.8062262 5.0141493
0.84482945 1.8059061 5.0124285
0.84572314 1.8054796 5.0100324
0.84193373 1.8066206 5.0083333
0.84221321 1.8067046 5.0106324
4.6859501 1.4073171 2.8360744
4.6851707 1.4040326 2.8356183
4.6841848 1.4038364 2.8357272
4.6838792 1.4033757 2.8344487
4.6838985 1.4054545 2.8341176
4.6843339 1.4089431 2.8317441
4.6817676 1.407196 2.8343803
4.6814425 1.4059456 2.8314833
4.6813282 1.4066422 2.83111
4.6814425 1.4059456 2.8314833
4.0349016 1.8717083 2.4606149
4.0336954 1.8716247 2.4591103
4.0305293 1.8708044 2.4599567
4.0348383 1.8738892 2.4577819
4.034537 1.8735793 2.4567319
4.0348383 1.8738892 2.4577819
4.034537 1.8735793 2.4567319
4.030632 1.875004 2.4546124
4.0302226 1.8761076 2.4518446
4.0300356 1.8751212 2.4534564
4.0290287 1.8758951 2.4516765
4.0284453 1.8741055 2.4546011
4.9408788 2.7198365 5.101424
4.9441219 2.7190582 5.1066002
4.945883 2.7191335 5.111677
4.9361825 2.7215809 5.1013891
4.9358699 2.7212891 5.1023676
4.9361825 2.7215809 5.1013891
4.9358699 2.7212891 5.1023676
4.9349126 2.7190617 5.1025756
4.9346291 2.7180245 5.1017409
4.9472246 2.7223104 5.1084593
4.9511091 2.7207343 5.1157382
4.9472246 2.7223104 5.1084593
4.9511091 2.7207343 5.1157382
4.9373745 2.7212785 5.1044307
4.9397996 2.7220573 5.1054258
4.9373745 2.7212785 5.1044307
4.9441675 2.7181304 5.1105609
4.9375647 2.7192547 5.1054539
1.8192662 0.82251921 2.1800021
1.8164846 0.83417054 2.1789902
1.8177538 0.83001446 2.1824461
1.8164846 0.83417054 2.1789902
1.8177538 0.83001446 2.1824461
1.8183064 0.83336758 2.1816537
1.8176929 0.83405296 2.1848049
1.8111316 0.83239886 2.1811316
1.8142003 0.83305545 2.1809673
1.8172494 0.83131099 2.1806862
1.8142003 0.83305545 2.1809673
1.8172494 0.83131099 2.1806862
1.8151826 0.82990257 2.1825104
4.8506813 2.0653235 0.41149624
4.8485755 2.0639217 0.41226073
4.8470895 2.0583323 0.40864887
4.8474721 2.0617998 0.40834751
4.8481601 2.0641787 0.40849476
4.8474721 2.0617998 0.40834751
4.8481601 2.0641787 0.40849476
4.8498817 2.0645606 0.40968067
4.8522629 2.0595524 0.40974074
4.8485897 2.0608133 0.40840429
4.8485704 2.0629434 0.40866971
4.8495023 2.0640121 0.40827751
4.8489125 2.0624407 0.40655568
4.8495023 2.0640121 0.40827751
4.846631 2.0633883 0.40856678
4.8476769 2.0637903 0.4097441
4.846631 2.0633883 0.40856678
4.846476 2.0631818 0.40832724
4.8454025 2.0619665 0.40512005
4.8506138 2.0677546 0.41363961
4.848515 2.0654463 0.41016627
4.8512084 2.0663421 0.41189842
4.8505329 2.0649621 0.41137307
4.8495767 2.0621966 0.40912999
4.8523652 2.0607377 0.40790438
1.8247912 2.3753045 4.3211946
1.8239791 2.3739826 4.3176208
1.8229121 2.3729849 4.3140097
1.8239791 2.3739826 4.3176208
1.8229121 2.3729849 4.3140097
1.8287977 2.3711255 4.3233947
1.823929 2.371646 4.3181513
1.8287977 2.3711255 4.3233947
1.823929 2.371646 4.3181513
1.8230796 2.3732894 4.3168179
1.8282807 2.3711455 4.3189315
1.8269536 2.3715023 4.3174319
1.8323771 2.3724613 4.321797
1.8298234 2.3737161 4.3198863
1.8323771 2.3724613 4.321797
1.8298234 2.3737161 4.3198863
1.8272002 2.3711949 4.318377
3.2101682 2.3655188 2.2793639
3.2121553 2.3621667 2.2810261
3.2100674 2.3672185 2.282165
3.2105046 2.3658305 2.2811001
3.2100674 2.3672185 2.282165
3.2121576 2.3662111 2.2822329
3.2231141 2.3634444 2.288132
3.2204675 2.3647786 2.2864546
1.9540689 2.2328611 3.7557726
1.9619575 2.2393929 3.7412816
1.9633519 2.242971 3.7420022
1.9654745 2.2407762 3.7442347
1.9633519 2.242971 3.7420022
1.9654745 2.2407762 3.7442347
1.9677718 2.2457044 3.7425616
1.9678313 2.2427506 3.7480198
1.9662922 2.2459848 3.7445972
0.84644712 1.8050197 5.0122391
0.84747691 1.8044707 5.0124214
0.84728312 1.8044198 5.0109202
0.84592939 1.8057588 5.011157
0.84573513 1.8068925 5.0111058
0.84592939 1.8057588 5.011157
0.84573513 1.8068925 5.0111058
0.84307679 1.806752 5.0140913
0.84413496 1.8064657 5.0122407
0.84371467 1.8054381 5.0116417
0.84362582 1.8072166 5.0120411
0.84291762 1.8063304 5.0138359
0.84362582 1.8072166 5.0120411
0.84476261 1.8082763 5.0115091
0.83983752 1.8067491 5.0074788
0.84631695 1.7959833 5.0119788
4.6852832 1.4075894 2.8351378
4.6801958 1.4063235 2.8278869
4.6788194 1.4086443 2.8272677
4.6789905 1.4058111 2.8286951
4.6788194 1.4086443 2.8272677
4.67925 1.4068645 2.8346599
4.6804605 1.407379 2.8327531
4.6825257 1.4035578 2.8314268
4.6841334 1.4015859 2.8289374
4.6866003 1.3970175 2.8278607
4.0346609 1.8737409 2.4595075
4.0345139 1.8727175 2.461081
4.0339281 1.8734255 2.4606702
4.0339457 1.8736271 2.4575958
4.0334908 1.8735602 2.4575208
4.0331895 1.8724759 2.4572622
4.0336703 1.8731107 2.45718
4.0309869 1.8719692 2.4567698
4.0336703 1.8731107 2.45718
4.0309869 1.8719692 2.4567698
4.0298159 1.8738602 2.4538105
4.0287369 1.8741993 2.4568684
4.9453688 2.7209512 5.1075288
4.9472129 2.719731 5.1095691
4.9449428 2.7237512 5.1107619
4.942299 2.722846 5.1087217
4.9395495 2.7239671 5.1058474
4.9402517 2.721999 5.1050218
4.930816 2.7211744 5.0971772
4.9390106 2.7220462 5.1042936
4.930816 2.7211744 5.0971772
4.9489488 2.7228257 5.109627
4.9522651 2.7200446 5.1160933
4.9489488 2.7228257 5.109627
4.9522651 2.7200446 5.1160933
4.931846 2.719157 5.0975849
4.9376946 2.7175799 5.1003257
4.9365334 2.7176175 5.1039837
4.9349942 2.7166531 5.0994826
4.9405618 2.7168749 5.105872
1.821981 0.83230822 2.1786758
1.82162 0.83129857 2.1783171
1.8172565 0.82992353 2.1811981
1.82162 0.83129857 2.1783171
1.8172565 0.82992353 2.1811981
1.8149671 0.8319608 2.1819897
1.8157672 0.83252799 2.1841348
1.815059 0.83548889 2.1788636
1.8154321 0.83361652 2.1807815
1.8179329 0.83205871 2.1805891
1.8154321 0.83361652 2.1807815
1.8179329 0.83205871 2.1805891
1.8146477 0.8297771 2.1832653
4.8534414 2.0596086 0.41340694
4.8526916 2.0613864 0.41257289
4.8511611 2.0609621 0.4114009
4.8486435 2.0600583 0.40856202
4.850228 2.0634109 0.40867549
4.8486435 2.0600583 0.40856202
4.850228 2.0634109 0.40867549
4.8513364 2.0624421 0.41219593
4.8527166 2.0615084 0.41267411
4.8527014 2.0584324 0.41367566
4.8500871 2.0644657 0.41165234
4.849611 2.0623593 0.41042684
4.8497568 2.0625277 0.40805045
4.849611 2.0623593 0.41042684
4.8497568 2.0625277 0.40805045
4.8496626 2.0630378 0.40957692
4.8487245 2.0627742 0.40846032
4.8481444 2.0607958 0.40687532
4.8484891 2.0608619 0.40944828
4.8486471 2.0619242 0.40989879
4.8497562 2.0623725 0.40871323
4.8478016 2.0626033 0.40840255
4.8497562 2.0623725 0.40871323
4.8482253 2.0629241 0.40781652
4.8505173 2.0633379 0.40638527
1.8307511 2.3745587 4.3162192
1.824695 2.3708603 4.3162007
1.8264412 2.370091 4.3150324
1.824695 2.3708603 4.3162007
1.8264412 2.370091 4.3150324
1.8275954 2.3711742 4.320564
1.8285391 2.3743142 4.3210861
1.8269039 2.3771169 4.3184223
1.8285391 2.3743142 4.3210861
1.8269039 2.3771169 4.3184223
1.8247741 2.3768554 4.3152188
1.8295831 2.3679912 4.3190001
1.8327973 2.3707168 4.3200326
1.8295831 2.3679912 4.3190001
1.8327973 2.3707168 4.3200326
1.8307381 2.3741446 4.3192547
1.8282441 2.3701085 4.3202085
1.8267539 2.3763537 4.3156618
3.2149649 2.3654009 2.2852887
3.2145826 2.3657925 2.2859686
3.2149649 2.3654009 2.2852887
3.2145826 2.3657925 2.2859686
3.2134724 2.3670234 2.2842984
3.2228326 2.3660085 2.2942453
3.2177597 2.3639597 2.2895657
1.9636794 2.241779 3.7461559
1.9623644 2.2400557 3.74447
1.9615314 2.2415161 3.7420931
1.965749 2.2417075 3.7441054
1.9615314 2.2415161 3.7420931
1.965749 2.2417075 3.7441054
1.9661719 2.2406619 3.74353
1.9666916 2.2398844 3.7437745
1.9669632 2.2401783 3.7446497
0.84871736 1.8037501 5.0146227
0.84740089 1.8060816 5.0138179
0.84931197 1.8061438 5.0133099
0.84819292 1.8066758 5.0134456
0.84500027 1.8076481 5.0133436
0.84584607 1.8075649 5.0145237
0.84500027 1.8076481 5.0133436
0.84584607 1.8075649 5.0145237
0.84590188 1.8057927 5.0136934
0.84411452 1.8036938 5.0140286
0.84482945 1.8059061 5.0124285
0.84572314 1.8054796 5.0100324
0.84482945 1.8059061 5.0124285
0.84572314 1.8054796 5.0100324
0.84193373 1.8066206 5.0083333
0.84289906 1.8077292 5.0084083
4.6894646 1.404101 2.8382524
4.6802278 1.4030143 2.8292857
4.6808067 1.406267 2.8279609
4.6791566 1.405922 2.8285971
4.679026 1.4077765 2.8318588
4.6803731 1.4087519 2.8346647
4.6823186 1.40705 2.8315318
4.6814425 1.4059456 2.8314833
4.6823179 1.4002983 2.8278609
4.6814425 1.4059456 2.8314833
4.0349016 1.8717083 2.4606149
4.0347691 1.8705556 2.4561556
4.0305293 1.8708044 2.4599567
4.0293464 1.8724313 2.456888
4.0305293 1.8708044 2.4599567
4.0293464 1.8724313 2.456888
4.03162 1.8749971 2.4531449
4.030632 1.875004 2.4546124
4.0302226 1.8761076 2.4518446
4.0300356 1.8751212 2.4534564
4.0290287 1.8758951 2.4516765
4.0284453 1.8741055 2.4546011
4.9467359 2.7250303 5.1130005
4.9410057 2.7246083 5.1055276
4.945883 2.7191335 5.111677
4.9439509 2.7197522 5.1083907
4.945883 2.7191335 5.111677
4.9437648 2.7189539 5.1055037
4.9390287 2.7178619 5.1022137
4.9437648 2.7189539 5.1055037
4.9390287 2.7178619 5.1022137
4.9503006 2.7205556 5.1099883
4.9508582 2.7178512 5.1145145
4.9503006 2.7205556 5.1099883
4.9508582 2.7178512 5.1145145
4.9360237 2.7209168 5.0995183
4.9379492 2.7194789 5.1003415
4.9360237 2.7209168 5.0995183
4.9441675 2.7181304 5.1105609
4.9490834 2.7190765 5.1201023
1.8200228 0.83241136 2.1804469
1.8215887 0.83121735 2.1786292
1.8177538 0.83001446 2.1824461
1.8161133 0.83390259 2.180733
1.8156704 0.83640855 2.1818315
1.8161133 0.83390259 2.180733
1.8156704 0.83640855 2.1818315
1.8111316 0.83239886 2.1811316
1.8142003 0.83305545 2.1809673
1.8172494 0.83131099 2.1806862
1.8142003 0.83305545 2.1809673
1.8172494 0.83131099 2.1806862
1.8132947 0.82897414 2.1863629
4.850419 2.0581695 0.41444085
4.8499842 2.0596376 0.41069644
4.8470895 2.0583323 0.40864887
4.8499742 2.0596816 0.40981228
4.8525197 2.0633208 0.41012556
4.8499742 2.0596816 0.40981228
4.8525197 2.0633208 0.41012556
4.8518849 2.0642497 0.4070865
4.8522629 2.0595524 0.40974074
4.8499377 2.0641977 0.40718147
4.8485704 2.0629434 0.40866971
4.8499377 2.0641977 0.40718147
4.8489125 2.0624407 0.40655568
4.8495023 2.0640121 0.40827751
4.8489125 2.0624407 0.40655568
4.8496759 2.0625352 0.40903781
4.8454025 2.0619665 0.40512005
4.8510115 2.0610365 0.40827641
4.8504353 2.0595078 0.41119711
4.8498266 2.0612081 0.41081791
4.8498702 2.0639752 0.40910554
4.8483052 2.0635216 0.40849271
4.8498702 2.0639752 0.40910554
4.8483052 2.0635216 0.40849271
4.8524245 2.060626 0.41083011
1.8283346 2.3736551 4.3190146
1.8250217 2.3790742 4.3168091
1.824428 2.3765845 4.3160621
1.8245487 2.3762456 4.3163677
1.8229121 2.3729849 4.3140097
1.8313822 2.3739114 4.3241676
1.8309161 2.3736622 4.3223538
1.8301326 2.3762732 4.3193005
1.8309161 2.3736622 4.3223538
1.8301326 2.3762732 4.3193005
1.8262423 2.3770793 4.3153786
1.8315949 2.3680703 4.3193318
1.8305231 2.3691669 4.3185246
1.8315949 2.3680703 4.3193318
1.8305231 2.3691669 4.3185246
1.8283387 2.3732326 4.3195227
1.8272002 2.3711949 4.318377
1.8354299 2.3723552 4.3261287
3.2121553 2.3621667 2.2810261
3.2158331 2.3669356 2.289688
3.2137186 2.3664367 2.2875921
3.2158331 2.3669356 2.289688
3.216813 2.3668227 2.2874857
3.2197681 2.3653024 2.2900968
3.2151786 2.3633696 2.2860061
1.9671657 2.2431165 3.7448069
1.9664805 2.2422879 3.7471955
1.9652906 2.2427527 3.7463876
1.9611244 2.2427017 3.7436583
1.9677718 2.2457044 3.7425616
1.9644953 2.2423129 3.7403578
1.9677718 2.2457044 3.7425616
1.9645442 2.2455159 3.7441808
1.9728079 2.249376 3.7442802
0.84966291 1.7992426 5.0060438
0.84538302 1.8016801 5.0057887
0.84728312 1.8044198 5.0109202
0.84592939 1.8057588 5.011157
0.84573513 1.8068925 5.0111058
0.84592939 1.8057588 5.011157
0.84573513 1.8068925 5.0111058
0.8469357 1.8078181 5.0132573
0.84183956 1.8013222 5.0105358
0.8442736 1.8015936 5.0128319
0.84531855 1.8039712 5.0128291
0.84456471 1.8045973 5.0105304
0.84531855 1.8039712 5.0128291
0.84048734 1.8063174 5.0099446
0.83983752 1.8067491 5.0074788
0.84031261 1.8076749 5.0079693
4.6864412 1.4062282 2.8368445
4.6831727 1.4018024 2.8299222
4.6835399 1.4052791 2.8288435
4.6807236 1.4056331 2.8289755
4.6795072 1.405268 2.8316583
4.6783807 1.4070866 2.8337345
4.6804605 1.407379 2.8327531
4.6783807 1.4070866 2.8337345
4.6841334 1.4015859 2.8289374
4.6866003 1.3970175 2.8278607
4.0317451 1.8708096 2.4537525
4.0324493 1.8703253 2.4537508
4.0319607 1.8697498 2.4594139
4.0317138 1.8692068 2.4560018
4.0319607 1.8697498 2.4594139
4.0317138 1.8692068 2.4560018
4.0327923 1.8698595 2.4562472
4.0317348 1.8684307 2.4551762
4.0327147 1.8690834 2.4543643
4.0305898 1.8732248 2.4542151
4.0327147 1.8690834 2.4543643
4.0287369 1.8741993 2.4568684
4.9467359 2.7250303 5.1130005
4.9418316 2.7235231 5.1065942
4.9449428 2.7237512 5.1107619
4.942299 2.722846 5.1087217
4.9347677 2.7202189 5.1005055
4.9313931 2.7205813 5.0964274
4.9415471 2.7175402 5.1061595
4.9371618 2.7194871 5.1017934
4.9415471 2.7175402 5.1061595
4.9489488 2.7228257 5.109627
4.9454873 2.718532 5.1099325
4.9489488 2.7228257 5.109627
4.9454873 2.718532 5.1099325
4.9361487 2.7202132 5.1004911
4.9384888 2.7200422 5.1023696
4.9409862 2.7196639 5.1073051
4.9384888 2.7200422 5.1023696
4.9438339 2.7207185 5.1115905
1.8200127 0.83358099 2.1819295
1.8216951 0.83135769 2.1800092
1.8172565 0.82992353 2.1811981
1.8216951 0.83135769 2.1800092
1.8172565 0.82992353 2.1811981
1.8149671 0.8319608 2.1819897
1.8208863 0.83688419 2.1762457
1.8210727 0.83806311 2.1767866
1.8154321 0.83361652 2.1807815
1.8179329 0.83205871 2.1805891
1.8154321 0.83361652 2.1807815
1.8179329 0.83205871 2.1805891
1.8187705 0.83214632 2.1804083
4.8512893 2.0645039 0.4075362
4.8476965 2.0636069 0.40774889
4.8463884 2.0587533 0.40938777
4.8474662 2.0599568 0.4081878
4.8538568 2.0628311 0.41282666
4.8524515 2.0631086 0.40995095
4.8535935 2.0623933 0.40872824
4.853512 2.062183 0.40958362
4.8535935 2.0623933 0.40872824
4.8492916 2.0647978 0.40964603
4.8508835 2.0640059 0.40938582
4.8492916 2.0647978 0.40964603
4.8510718 2.0639263 0.4062219
4.8505447 2.0648579 0.40627292
4.8510718 2.0639263 0.4062219
4.8472869 2.0615163 0.40513539
4.8489496 2.0600562 0.40667964
4.8499891 2.059709 0.40549824
4.8484891 2.0608619 0.40944828
4.8486471 2.0619242 0.40989879
4.8497562 2.0623725 0.40871323
4.8478016 2.0626033 0.40840255
4.8497562 2.0623725 0.40871323
4.8478016 2.0626033 0.40840255
4.8536221 2.0623987 0.40834272
1.8255252 2.3760698 4.3168295
1.8266178 2.3730871 4.3180506
1.8255252 2.3760698 4.3168295
1.8266178 2.3730871 4.3180506
1.8264412 2.370091 4.3150324
1.8332166 2.3761227 4.3233269
1.8300389 2.3746151 4.3239756
1.8269039 2.3771169 4.3184223
1.8300389 2.3746151 4.3239756
1.8269039 2.3771169 4.3184223
1.8180634 2.3748745 4.309654
1.8295831 2.3679912 4.3190001
1.8209632 2.3745421 4.312754
1.8295831 2.3679912 4.3190001
1.8209632 2.3745421 4.312754
1.822543 2.3752625 4.3150665
1.8282441 2.3701085 4.3202085
1.829396 2.3697921 4.3248302
3.2149649 2.3654009 2.2852887
3.2145826 2.3657925 2.2859686
3.2149649 2.3654009 2.2852887
3.2200361 2.3651044 2.2879079
3.2197807 2.3645936 2.2884037
3.2183387 2.3646732 2.2883073
3.2177597 2.3639597 2.2895657
1.9666403 2.242761 3.7447277
1.9661728 2.2418883 3.7468222
1.9654789 2.2409194 3.7455164
1.9604775 2.2416421 3.7433404
1.963797 2.2403946 3.7446984
1.9618864 2.2394364 3.7438907
1.963797 2.2403946 3.7446984
1.9618864 2.2394364 3.7438907
1.9746179 2.2460102 3.7460611
0.84966291 1.7992426 5.0060438
0.84585394 1.802053 5.005958
0.84364009 1.8042189 5.0094604
0.8459783 1.8054273 5.0100264
0.84546791 1.8027855 5.011163
0.8459783 1.8054273 5.0100264
0.84546791 1.8027855 5.011163
0.8465004 1.8063264 5.0141423
0.84473144 1.802631 5.0125338
0.84503598 1.8024862 5.0138394
0.84739992 1.8037756 5.0151206
0.84569187 1.8049888 5.0139987
0.84739992 1.8037756 5.0151206
0.84441545 1.8064275 5.0114369
0.84568105 1.8052369 5.0135454
0.84484876 1.8087599 5.01102
4.6894646 1.404101 2.8382524
4.6802278 1.4030143 2.8292857
4.6823993 1.4038428 2.8328385
4.6805834 1.4049791 2.8334289
4.6805626 1.4047488 2.8344481
4.679216 1.4068645 2.832284
4.6805626 1.4047488 2.8344481
4.679216 1.4068645 2.832284
4.6823179 1.4002983 2.8278609
4.6764217 1.4008121 2.8272341
4.0348824 1.8704775 2.4555272
4.0347691 1.8705556 2.4561556
4.0333035 1.8706513 2.4570464
4.0322469 1.8725785 2.4559555
4.032192 1.8732944 2.4563871
4.0303355 1.8705266 2.4542188
4.032192 1.8732944 2.4563871
4.0303355 1.8705266 2.4542188
4.0316886 1.8733789 2.4534927
4.0342112 1.8731595 2.4544563
4.0343612 1.8737457 2.4538345
4.0342112 1.8731595 2.4544563
4.9467359 2.7250303 5.1130005
4.9410057 2.7246083 5.1055276
4.9355247 2.7213488 5.0999973
4.938438 2.7221204 5.1050768
4.9381085 2.7191197 5.1000005
4.9437648 2.7189539 5.1055037
4.9390287 2.7178619 5.1022137
4.9437648 2.7189539 5.1055037
4.9390287 2.7178619 5.1022137
4.9503006 2.7205556 5.1099883
4.9508582 2.7178512 5.1145145
4.9503006 2.7205556 5.1099883
4.9508582 2.7178512 5.1145145
4.935332 2.7205443 5.0995711
4.9339736 2.720228 5.1019638
4.9379373 2.719844 5.1062279
4.9366335 2.7202593 5.1055594
4.9427338 2.7207976 5.1077605
1.8223086 0.83682784 2.1852144
1.8215887 0.83121735 2.1786292
1.8198636 0.8311204 2.1794152
1.8161133 0.83390259 2.180733
1.8156704 0.83640855 2.1818315
1.8161133 0.83390259 2.180733
1.8156704 0.83640855 2.1818315
1.8188818 0.83531129 2.1786321
1.8189148 0.83356239 2.177858
1.8211298 0.83212286 2.1774231
1.8189148 0.83356239 2.177858
1.8211298 0.83212286 2.1774231
1.814728 0.82896912 2.1841255
4.8498346 2.0626321 0.40769827
4.8467714 2.0644337 0.40818824
4.8498346 2.0626321 0.40769827
4.8467714 2.0644337 0.40818824
4.8556337 2.0628601 0.41317674
4.8518849 2.0642497 0.4070865
4.8556337 2.0628601 0.41317674
4.8518849 2.0642497 0.4070865
4.8549873 2.0611749 0.40953474
4.8493861 2.0628838 0.41039922
4.8489509 2.0618136 0.41005719
4.8493861 2.0628838 0.41039922
4.8489509 2.0618136 0.41005719
4.8531575 2.0643128 0.40506673
4.8478251 2.0637584 0.41001629
4.8478251 2.0640634 0.40680746
4.8514173 2.0635279 0.40787353
4.8510115 2.0610365 0.40827641
4.8504353 2.0595078 0.41119711
4.8498266 2.0612081 0.41081791
4.8498702 2.0639752 0.40910554
4.8483052 2.0635216 0.40849271
4.8498702 2.0639752 0.40910554
4.8483052 2.0635216 0.40849271
4.8524245 2.060626 0.41083011
4.8500817 2.0606135 0.41075659
1.827904 2.3742789 4.3222723
1.8258935 2.376399 4.3206946
1.827904 2.3742789 4.3222723
1.8246637 2.3754852 4.3181974
1.832347 2.3737209 4.3229216
1.8309161 2.3736622 4.3223538
1.8293304 2.3731481 4.3201235
1.8309161 2.3736622 4.3223538
1.8293304 2.3731481 4.3201235
1.82715 2.3733691 4.318228
1.8193216 2.3744075 4.3127818
1.8215065 2.3739004 4.3116947
1.8193216 2.3744075 4.3127818
1.8215065 2.3739004 4.3116947
1.8281852 2.3714696 4.3194815
1.8277921 2.3704177 4.3192014
1.8270321 2.3728176 4.3199377
3.2153188 2.366245 2.2843967
3.2158331 2.3669356 2.289688
3.2137186 2.3664367 2.2875921
3.2158331 2.3669356 2.289688
3.2197011 2.3632237 2.2874548
3.2161777 2.363506 2.2852439
3.2164059 2.3633483 2.2851158
1.9640439 2.243827 3.743704
1.9664805 2.2422879 3.7471955
1.9652906 2.2427527 3.7463876
1.9601967 2.2420311 3.7439492
1.9629531 2.2416307 3.7445567
1.9601967 2.2420311 3.7439492
1.9629531 2.2416307 3.7445567
1.9634701 2.241376 3.7443358
1.9728079 2.249376 3.7442802
0.84966291 1.7992426 5.0060438
0.84317026 1.8003067 5.0062611
0.84252246 1.8039903 5.0068122
0.84745602 1.8065982 5.0107668
0.84787843 1.8059787 5.0119146
0.84745602 1.8065982 5.0107668
0.84637214 1.8034519 5.0118798
0.84620364 1.8099521 5.0128548
0.84512265 1.8035437 5.0104827
0.84499731 1.8045896 5.0118536
0.84781658 1.8024006 5.0147546
0.84741104 1.8061465 5.0108222
0.84263527 1.804975 5.0085565
0.84123989 1.8065782 5.0089579
0.84050554 1.8053155 5.0084765
0.8429922 1.8077059 5.0108964
4.6835241 1.4006284 2.8321461
4.6831727 1.4018024 2.8299222
4.6835399 1.4052791 2.8288435
4.6807236 1.4056331 2.8289755
4.6795072 1.405268 2.8316583
4.6783807 1.4070866 2.8337345
4.6804577 1.4053725 2.8314511
4.6783807 1.4070866 2.8337345
4.6804577 1.4053725 2.8314511
4.679258 1.4072578 2.8295879
4.0317451 1.8708096 2.4537525
4.0324493 1.8703253 2.4537508
4.0326989 1.8699452 2.454958
4.0317138 1.8692068 2.4560018
4.0320856 1.8738778 2.458106
4.0323551 1.8719792 2.4571507
4.0320856 1.8738778 2.458106
4.0323551 1.8719792 2.4571507
4.0327147 1.8690834 2.4543643
4.0317348 1.8684307 2.4551762
4.0327147 1.8690834 2.4543643
4.0260005 1.8803954 2.4542444
0 0 0
4.9412175 2.7220845 5.1052778
4.9403799 2.7216576 5.1046435
4.9412175 2.7220845 5.1052778
4.9347677 2.7202189 5.1005055
4.9313931 2.7205813 5.0964274
4.9415471 2.7175402 5.1061595
4.9371618 2.7194871 5.1017934
4.9415471 2.7175402 5.1061595
4.9420766 2.7185486 5.1074373
4.9453813 2.7192112 5.1088781
4.9420766 2.7185486 5.1074373
4.9453813 2.7192112 5.1088781
4.9361487 2.7202132 5.1004911
4.9384888 2.7200422 5.1023696
4.9407539 2.7198978 5.108786
4.938106 2.7192798 5.1067071
4.9438175 2.719718 5.1102075
1.8229148 0.83526483 2.1823831
1.8216951 0.83135769 2.1800092
1.8186839 0.8307658 2.180213
1.8216951 0.83135769 2.1800092
1.8176161 0.82978503 2.1799639
1.8210727 0.83806311 2.1767866
1.8208863 0.83688419 2.1762457
1.8210727 0.83806311 2.1767866
1.8208863 0.83688419 2.1762457
1.814581 0.83191094 2.1790854
1.8152911 0.83014723 2.178639
1.8178388 0.83530947 2.1832474
1.8186841 0.83244107 2.1781757
4.8493006 2.061471 0.40598837
4.8476665 2.0603941 0.40638324
4.8493006 2.061471 0.40598837
4.8476665 2.0603941 0.40638324
4.8538568 2.0628311 0.41282666
4.8524515 2.0631086 0.40995095
4.8535935 2.0623933 0.40872824
4.853512 2.062183 0.40958362
4.8535935 2.0623933 0.40872824
4.848662 2.061233 0.40949043
4.8481594 2.0616611 0.41063117
4.848662 2.061233 0.40949043
4.8481594 2.0616611 0.41063117
4.8495192 2.0631824 0.41235369
4.8481158 2.0601958 0.41259526
4.8495192 2.0631824 0.41235369
4.8482147 2.062721 0.41260824
4.8499891 2.059709 0.40549824
4.8494208 2.0578072 0.40602769
4.8511151 2.0618951 0.40734204
4.8507382 2.0640093 0.40733733
4.8488306 2.0636774 0.40739363
4.8507382 2.0640093 0.40733733
4.8482943 2.0605178 0.40792018
4.8485716 2.0620206 0.40691429
4.8482943 2.0605178 0.40792018
0 0 0
1.8255252 2.3760698 4.3168295
1.8289456 2.3709226 4.3221015
1.8257553 2.3723533 4.3183938
1.8332166 2.3761227 4.3233269
1.8300389 2.3746151 4.3239756
1.8298385 2.3749782 4.3215687
1.8300389 2.3746151 4.3239756
1.8298385 2.3749782 4.3215687
1.8283702 2.3757243 4.3203638
1.8196189 2.3751908 4.3118194
1.8209632 2.3745421 4.312754
1.8196189 2.3751908 4.3118194
1.8209632 2.3745421 4.312754
1.822543 2.3752625 4.3150665
1.8276675 2.3798523 4.3164483
1.8265073 2.374454 4.3201959
3.2208643 2.3654793 2.2903381
3.2204715 2.36808 2.2900652
3.2195715 2.365943 2.2893037
3.2200361 2.3651044 2.2879079
3.2197807 2.3645936 2.2884037
3.2183387 2.3646732 2.2883073
3.2193866 2.364598 2.2887935
1.9642819 2.2417605 3.744655
1.9661728 2.2418883 3.7468222
1.9654789 2.2409194 3.7455164
1.9604775 2.2416421 3.7433404
1.963797 2.2403946 3.7446984
1.9618864 2.2394364 3.7438907
1.963797 2.2403946 3.7446984
1.9618864 2.2394364 3.7438907
1.9622595 2.2458796 3.7438592
0.84437818 1.8053168 5.0092795
0.84547272 1.8044371 5.0091374
0.84437818 1.8053168 5.0092795
0.84679523 1.8058414 5.010603
0.84822402 1.8065257 5.0114104
0.84600571 1.8073372 5.0158077
0.84598643 1.8088765 5.0143729
0.84600571 1.8073372 5.0158077
0.8437523 1.8055975 5.0109853
0.85026422 1.8084167 5.0107279
0.84916086 1.8042929 5.015775
0.85167257 1.8075542 5.0112662
0.84916086 1.8042929 5.015775
0.84441545 1.8064275 5.0114369
0.84568105 1.8052369 5.0135454
0.84484876 1.8087599 5.01102
0 0 0
4.6806822 1.4094681 2.8342251
4.6823993 1.4038428 2.8328385
4.6805834 1.4049791 2.8334289
4.6805626 1.4047488 2.8344481
4.679216 1.4068645 2.832284
4.6805626 1.4047488 2.8344481
4.679216 1.4068645 2.832284
4.6805257 1.4066844 2.8306591
4.6764217 1.4008121 2.8272341
4.0318403 1.8719962 2.4537794
4.0318362 1.8698597 2.4537377
4.0305053 1.8750085 2.4567288
4.0310003 1.8736368 2.4578402
4.032192 1.8732944 2.4563871
4.0303355 1.8705266 2.4542188
4.032192 1.8732944 2.4563871
4.0303355 1.8705266 2.4542188
4.0307797 1.8718519 2.4524177
4.0326967 1.8690874 2.4524993
4.0329716 1.8687193 2.4545073
4.0254961 1.8766837 2.4507375
0 0 0
4.9468019 2.720522 5.1090643
4.9451746 2.7217654 5.1088216
4.9485913 2.7213023 5.1100322
4.9346154 2.7200949 5.0990644
4.9397107 2.7187947 5.1048544
4.9440353 2.7190217 5.1100515
4.944173 2.720676 5.1081217
4.9454066 2.7201183 5.1090039
4.9432387 2.7192875 5.1068836
4.944571 2.718459 5.1100874
4.9432387 2.7192875 5.1068836
4.944571 2.718459 5.1100874
4.935332 2.7205443 5.0995711
4.9339736 2.720228 5.1019638
4.9379373 2.719844 5.1062279
4.9448094 2.7180496 5.1115061
4.9427338 2.7207976 5.1077605
1.8223086 0.83682784 2.1852144
1.8210544 0.83095968 2.1776537
1.8216118 0.83131562 2.1765359
1.8225478 0.83172212 2.1745194
1.8216118 0.83131562 2.1765359
1.8225478 0.83172212 2.1745194
1.8176977 0.83368755 2.1783924
1.8188818 0.83531129 2.1786321
1.817196 0.83054409 2.1798158
1.8185452 0.83196538 2.1825854
1.817196 0.83054409 2.1798158
1.8185452 0.83196538 2.1825854
1.8227068 0.83417705 2.174752
4.8498346 2.0626321 0.40769827
4.8467714 2.0644337 0.40818824
4.8498346 2.0626321 0.40769827
4.8471181 2.0631385 0.40500644
4.8556337 2.0628601 0.41317674
4.8553559 2.0628903 0.41145237
4.8556337 2.0628601 0.41317674
4.8493391 2.0583811 0.40946559
4.8507558 2.0597307 0.41080008
4.8493861 2.0628838 0.41039922
4.8507558 2.0597307 0.41080008
4.8493861 2.0628838 0.41039922
4.8482268 2.0610523 0.40884447
4.850805 2.0630296 0.41070842
4.8482268 2.0610523 0.40884447
4.850805 2.0630296 0.41070842
4.8504694 2.0649772 0.41096857
4.8504867 2.0637155 0.41129471
4.8501822 2.0639065 0.40959595
4.849339 2.0645722 0.40789371
4.8487798 2.0606949 0.40564072
4.8504775 2.0656236 0.4078766
4.8471269 2.0631713 0.40715804
4.8479172 2.060976 0.40993147
4.8471269 2.0631713 0.40715804
4.8479172 2.060976 0.40993147
1.827904 2.3742789 4.3222723
1.8258935 2.376399 4.3206946
1.827904 2.3742789 4.3222723
1.8246637 2.3754852 4.3181974
1.8276821 2.3675796 4.317124
1.8282659 2.373167 4.321253
1.8293304 2.3731481 4.3201235
1.8282659 2.373167 4.321253
1.8293304 2.3731481 4.3201235
1.8313753 2.3742513 4.3199706
1.8240667 2.3720437 4.3162384
1.8218112 2.3737645 4.3143825
1.8240667 2.3720437 4.3162384
1.8218112 2.3737645 4.3143825
1.8210228 2.372636 4.3147989
1.8249102 2.3779346 4.313223
1.8270321 2.3728176 4.3199377
3.218204 2.3682073 2.2907266
3.2183414 2.3694892 2.2902208
3.2216683 2.3669254 2.2922707
3.2188576 2.364912 2.2880315
3.2197011 2.3632237 2.2874548
3.2161777 2.363506 2.2852439
3.2202073 2.3653165 2.2896809
1.9640439 2.243827 3.743704
1.9652079 2.2410745 3.7466163
1.9663362 2.2400372 3.7468726
1.9601967 2.2420311 3.7439492
1.9629531 2.2416307 3.7445567
1.9601967 2.2420311 3.7439492
1.9629531 2.2416307 3.7445567
1.9634701 2.241376 3.7443358
1.966549 2.2429605 3.7466154
0.84412107 1.8042326 5.0134149
0.84317026 1.8003067 5.0062611
0.84252246 1.8039903 5.0068122
0.84477068 1.8055738 5.0093849
0.84824163 1.8110294 5.0108195
0.84844946 1.8057934 5.0137988
0.84555801 1.8071421 5.0131155
0.84804282 1.8039228 5.01095
0.84655867 1.8061511 5.0098494
0.85082956 1.8079424 5.0093422
0.84962801 1.8075972 5.0087345
0.85082956 1.8079424 5.0093422
0.84263527 1.804975 5.0085565
0.84123989 1.8065782 5.0089579
0.84050554 1.8053155 5.0084765
0.8429922 1.8077059 5.0108964
4.6789865 1.4063474 2.8364389
4.6823429 1.4034158 2.8323493
4.682842 1.4043768 2.8344811
4.683878 1.4062561 2.8323531
4.682804 1.4045157 2.8320816
4.6800278 1.4063374 2.8308351
4.6804577 1.4053725 2.8314511
4.6800278 1.4063374 2.8308351
4.6804577 1.4053725 2.8314511
4.679258 1.4072578 2.8295879
4.0323287 1.8767779 2.4507188
4.0287296 1.8713763 2.456199
4.0300344 1.8712778 2.4553519
4.0289372 1.8722137 2.4559977
4.0320856 1.8738778 2.458106
4.0289372 1.8722137 2.4559977
4.0320856 1.8738778 2.458106
4.0323551 1.8719792 2.4571507
4.0330971 1.8721936 2.4553401
4.0316988 1.8742398 2.4542779
4.0306653 1.8747512 2.4516244
4.0260005 1.8803954 2.4542444
4.9449764 2.7209053 5.109063
4.9487076 2.7206476 5.1101208
4.9449764 2.7209053 5.109063
4.9412175 2.7220845 5.1052778
4.9391112 2.7214421 5.1039681
4.9532688 2.7154833 5.1139624
4.9478055 2.7199922 5.1126953
4.9452579 2.7200793 5.107274
4.9460058 2.7192891 5.1071437
4.9452579 2.7200793 5.107274
4.9460058 2.7192891 5.1071437
4.9420766 2.7185486 5.1074373
4.9453813 2.7192112 5.1088781
4.9435331 2.7175964 5.1066686
4.9445414 2.7178145 5.1082639
4.9407539 2.7198978 5.108786
4.938106 2.7192798 5.1067071
4.9438175 2.719718 5.1102075
1.8167928 0.83152412 2.1819098
1.8155406 0.83330859 2.18029
1.8159447 0.83227829 2.1822788
1.8186803 0.82914003 2.1776366
1.8176161 0.82978503 2.1799639
1.8158086 0.83371738 2.1797274
1.8155601 0.8319234 2.1812543
1.8158086 0.83371738 2.1797274
1.8212708 0.82950404 2.1795655
1.8196872 0.82923588 2.1806752
1.8212708 0.82950404 2.1795655
1.8178388 0.83530947 2.1832474
1.8186841 0.83244107 2.1781757
4.8493006 2.061471 0.40598837
4.8531415 2.0538377 0.40764932
4.8493006 2.061471 0.40598837
4.8531415 2.0538377 0.40764932
4.8471002 2.0640308 0.40970763
4.8470974 2.0593512 0.40970638
4.8481183 2.0592022 0.41117759
4.8490554 2.0577698 0.40873848
4.8481183 2.0592022 0.41117759
4.8490554 2.0577698 0.40873848
4.8529857 2.0609392 0.41104521
4.848662 2.061233 0.40949043
4.8473244 2.0603302 0.40986222
4.8485556 2.0627385 0.41053299
4.8494237 2.0637436 0.41042504
4.8479833 2.0621141 0.41064285
4.8494237 2.0637436 0.41042504
4.8479833 2.0621141 0.41064285
4.8492778 2.0631354 0.40997526
4.848283 2.0620399 0.40628124
4.8462279 2.0615938 0.40280353
4.8485649 2.0659078 0.40675512
4.8511254 2.0625397 0.41019538
4.8532512 2.0623836 0.40875277
4.8511254 2.0625397 0.41019538
4.8532512 2.0623836 0.40875277
1.8289456 2.3709226 4.3221015
1.8257553 2.3723533 4.3183938
1.8289456 2.3709226 4.3221015
1.8257553 2.3723533 4.3183938
1.8280214 2.367382 4.3157118
1.827888 2.3734203 4.3207367
1.8298385 2.3749782 4.3215687
1.827888 2.3734203 4.3207367
1.8298385 2.3749782 4.3215687
1.8322015 2.3737963 4.3198622
1.8329782 2.3739483 4.3198246
1.8226278 2.3750299 4.3171593
1.822576 2.3754625 4.3172436
1.8226278 2.3750299 4.3171593
1.822576 2.3754625 4.3172436
1.8256132 2.3754971 4.3155835
1.8224115 2.3754015 4.3154592
3.2208643 2.3654793 2.2903381
3.2204715 2.36808 2.2900652
3.2208643 2.3654793 2.2903381
3.2204715 2.36808 2.2900652
3.2206303 2.3626318 2.2903972
3.2150462 2.36454 2.2868874
3.2215201 2.3659217 2.2918651
1.9642819 2.2417605 3.744655
1.9652906 2.2412008 3.7472961
1.9645429 2.2399554 3.7464938
1.9645326 2.2389463 3.7472429
1.9619964 2.2433351 3.7455332
1.9655696 2.2439132 3.747241
1.9660506 2.2442358 3.7462809
1.9742291 2.2474105 3.7475255
1.9622595 2.2458796 3.7438592
0.84437818 1.8053168 5.0092795
0.84547272 1.8044371 5.0091374
0.84437818 1.8053168 5.0092795
0.85046513 1.8086004 5.0127468
0.84656086 1.8114536 5.0110493
0.84600571 1.8073372 5.0158077
0.84812777 1.8036437 5.0136687
0.85098905 1.8040289 5.0119765
0.84762303 1.8060058 5.0101304
0.85098905 1.8040289 5.0119765
0.84612238 1.8075719 5.0068204
0.84877467 1.8085494 5.0075618
0.84612238 1.8075719 5.0068204
0.85167257 1.8075542 5.0112662
0.84645743 1.8057437 5.0121671
0.84521539 1.8056699 5.009068
4.6820825 1.4036584 2.8282568
4.6806822 1.4094681 2.8342251
4.6820825 1.4036584 2.8282568
4.6801722 1.4061414 2.8335398
4.6799894 1.4042856 2.8324892
4.6791303 1.4058379 2.8342767
4.6812756 1.4053489 2.8331046
4.6791303 1.4058379 2.8342767
4.687421 1.4002245 2.8284264
4.6806754 1.4067684 2.8308337
4.0332752 1.8792717 2.4471427
4.0309582 1.8712994 2.4541243
4.0299857 1.8719286 2.4531336
4.0299557 1.8721213 2.4560443
4.0299857 1.8719286 2.4531336
4.0299557 1.8721213 2.4560443
4.0316481 1.8745964 2.4588215
4.0296257 1.8691266 2.4583857
4.0303103 1.8716396 2.4563114
4.0328916 1.8723639 2.4545001
4.0341662 1.8732719 2.4529938
4.0254961 1.8766837 2.4507375
0 0 0
4.9468019 2.720522 5.1090643
4.9451746 2.7217654 5.1088216
4.9589459 2.7140632 5.1187822
4.9510582 2.7167393 5.1126019
4.9589459 2.7140632 5.1187822
4.9482234 2.7127965 5.1118155
4.9427658 2.7217514 5.1052181
4.9431065 2.7204464 5.1047032
4.9432387 2.7192875 5.1068836
4.9431065 2.7204464 5.1047032
4.9432387 2.7192875 5.1068836
4.943475 2.720276 5.1081655
4.9473206 2.7202476 5.1109469
4.9414558 2.7153485 5.1062929
4.943762 2.7181744 5.1101215
4.9448094 2.7180496 5.1115061
4.9472502 2.7201302 5.1132602
1.8139163 0.83070005 2.1846978
1.8154309 0.83418864 2.1809987
1.8216118 0.83131562 2.1765359
1.8225478 0.83172212 2.1745194
1.8216118 0.83131562 2.1765359
1.8225478 0.83172212 2.1745194
1.8176977 0.83368755 2.1783924
1.8155863 0.83256216 2.1789311
1.817196 0.83054409 2.1798158
1.8185452 0.83196538 2.1825854
1.817196 0.83054409 2.1798158
1.8185452 0.83196538 2.1825854
1.8227068 0.83417705 2.174752
4.8497689 2.058591 0.40829323
4.8549747 2.0549112 0.41030785
4.8542573 2.0602856 0.40715233
4.8500703 2.0626372 0.40609192
4.8482113 2.0614768 0.41123436
4.8500703 2.0626372 0.40609192
4.8482113 2.0614768 0.41123436
4.8474409 2.0568364 0.40977941
4.8470056 2.0559006 0.41141963
4.8493391 2.0583811 0.40946559
4.8507558 2.0597307 0.41080008
4.8511249 2.0644941 0.41295799
4.848572 2.0638838 0.40731053
4.8482668 2.0628769 0.40731484
4.848572 2.0638838 0.40731053
4.8479707 2.0612336 0.40832414
4.8484402 2.0631803 0.40720183
4.8479707 2.0612336 0.40832414
4.8507732 2.0656622 0.41173094
4.849339 2.0645722 0.40789371
4.8561897 2.0612286 0.41621623
4.8603397 2.0628237 0.41574635
4.8561897 2.0612286 0.41621623
4.8603397 2.0628237 0.41574635
4.8487421 2.0635707 0.41054113
0 0 0
1.8320308 2.3734345 4.3248645
1.8277854 2.3738023 4.319504
1.8320308 2.3734345 4.3248645
1.8277225 2.3630009 4.3134599
1.8278557 2.3609864 4.3148117
1.8277225 2.3630009 4.3134599
1.8278557 2.3609864 4.3148117
1.8322756 2.3708879 4.3166168
1.8306701 2.372168 4.3190369
1.8301642 2.372386 4.3181245
1.8271797 2.3732707 4.32014
1.8253141 2.3749339 4.3189678
1.8271797 2.3732707 4.32014
1.8253141 2.3749339 4.3189678
1.8267251 2.37133 4.3176751
1.8256721 2.3733066 4.3177263
1.8267251 2.37133 4.3176751
0 0 0
3.2189445 2.3675474 2.2880366
3.2217885 2.3656225 2.29257
3.2138796 2.3652282 2.2926113
3.2186111 2.3657905 2.2935997
3.2136184 2.3647036 2.2881777
3.2202073 2.3653165 2.2896809
1.9580631 2.2424775 3.7377657
1.9663968 2.2406022 3.7486524
1.9608857 2.2403593 3.7448861
1.9587974 2.2466501 3.7402449
1.9608857 2.2403593 3.7448861
1.9587974 2.2466501 3.7402449
1.96914 2.2455759 3.7446463
1.9711617 2.2468105 3.7480799
1.96914 2.2455759 3.7446463
0.84412107 1.8042326 5.0134149
0.85447165 1.8102782 5.0157729
0.84613934 1.8060433 5.0109835
0.85447165 1.8102782 5.0157729
0.84824163 1.8110294 5.0108195
0.84704699 1.8055185 5.0137093
0.8465137 1.8060106 5.013009
0.84902367 1.800446 5.0117809
0.84690696 1.8007423 5.009807
0.84673552 1.8045389 5.0094567
0.8448257 1.804647 5.0093211
0.84673552 1.8045389 5.0094567
0.8448257 1.804647 5.0093211
0.84125129 1.8073337 5.0128273
0.8415893 1.8070623 5.0136454
0 0 0
4.6789865 1.4063474 2.8364389
4.6823429 1.4034158 2.8323493
4.6830181 1.4020178 2.8302813
4.6822341 1.4058337 2.8324138
4.6834411 1.4030472 2.8311699
4.6809518 1.4054897 2.8320613
4.681561 1.4030693 2.833395
4.6809518 1.4054897 2.8320613
4.6913037 1.3975312 2.8252984
4.6875093 1.3983964 2.8282627
4.0296366 1.8752382 2.4526869
4.0296124 1.8740773 2.4540697
4.0296366 1.8752382 2.4526869
4.0289372 1.8722137 2.4559977
4.0329216 1.8715599 2.4543179
4.0289372 1.8722137 2.4559977
4.032535 1.8726661 2.457245
4.0321624 1.8718011 2.4563161
4.0330782 1.8708256 2.4556444
4.0321624 1.8718011 2.4563161
4.0330782 1.8708256 2.4556444
4.035795 1.8714318 2.4552508
0 0 0
4.9412915 2.717635 5.1072261
4.9449764 2.7209053 5.109063
4.9412915 2.717635 5.1072261
4.9460427 2.7157149 5.1097633
4.9565929 2.7142371 5.117614
4.9385201 2.7176805 5.1014351
4.9417955 2.7214613 5.1048689
4.9400556 2.7207719 5.1028021
4.9417955 2.7214613 5.1048689
4.9400556 2.7207719 5.1028021
4.9400744 2.7188467 5.1035341
4.9430317 2.7192438 5.1117976
4.9401203 2.7152456 5.106029
4.9426743 2.714442 5.1099868
4.9401203 2.7152456 5.106029
4.9426743 2.714442 5.1099868
4.9461831 2.7189575 5.1093526
1.8167928 0.83152412 2.1819098
1.8156699 0.83355426 2.1824652
1.8159447 0.83227829 2.1822788
1.8166166 0.8317757 2.1825434
1.8186902 0.83203516 2.1779942
1.8091843 0.8365019 2.1863454
1.8186902 0.83203516 2.1779942
1.8091843 0.8365019 2.1863454
1.8212708 0.82950404 2.1795655
1.8184362 0.82558011 2.1767038
1.8142154 0.82706168 2.1790793
1.8184362 0.82558011 2.1767038
1.8142154 0.82706168 2.1790793
