EulerAngles_0 EulerAngles_1 EulerAngles_2
4.4694689 2.448357 5.2585791
4.469692 2.4484922 5.2608273
4.4687589 2.4470346 5.2621681
4.4686803 2.4465527 5.2625774
4.4657128 2.4471221 5.2618527
4.4654433 2.446718 5.2619634
4.4656091 2.4423446 5.2619473
4.4662248 2.4446569 5.2620833
4.4656299 2.4449002 5.2614773
4.4638797 2.4459017 5.2599552
4.4632196 2.4462566 5.2591493
4.4662643 2.4426996 5.257988
4.4612274 2.4453616 5.2507965
4.4658099 2.4455412 5.2539897
4.4657502 2.0312694 1.357645
4.4663716 2.0299446 1.3590363
4.4670237 2.0286115 1.3604394
4.4676764 2.0272646 1.361813
0 0 0
4.4675564 2.0235344 1.362886
0 0 0
4.4716087 2.0305769 1.3650553
4.468416 2.0279138 1.3612463
4.4693644 2.0276702 1.3616036
4.4689054 2.0276411 1.3614565
4.4686079 2.0276234 1.3613486
4.4682992 2.027579 1.3613354
4.4692931 2.0264867 1.3641876
4.4682352 2.0267804 1.3619324
4.4673323 2.0261468 1.36134
0 0 0
4.4685166 2.02551 1.3621956
4.469112 2.0244509 1.3640726
4.4708674 2.0251771 1.3618074
4.4714896 2.0244954 1.3614749
4.4723978 2.0241855 1.3611007
0 0 0
4.4684936 2.0236153 1.3554251
4.4688743 2.024087 1.3533253
2.1795405 1.6521705 6.0942585
2.1789524 1.6522842 6.0942621
2.1787266 1.6563746 6.0955299
2.1783083 1.6563611 6.0954189
2.1794662 1.6579823 6.0941253
2.1757605 1.6550499 6.0943172
2.1755511 1.6551552 6.0944733
2.1753283 1.6557306 6.094058
0 0 0
0 0 0
2.1786221 1.6549502 6.0946968
2.1782493 1.6547109 6.0962504
2.1785214 1.6544907 6.0958847
2.178876 1.6542061 6.0957585
2.1792485 1.653936 6.0956835
2.1799189 1.6541691 6.0926804
2.1795136 1.6525601 6.0962302
2.1798139 1.6523357 6.0961361
0 0 0
2.1808012 1.6531718 6.0948255
2.1814911 1.6538422 6.0938578
2.1821883 1.6545297 6.0928617
2.1828895 1.6552128 6.0918723
3.8616189 1.8701151 3.0144804
3.8591729 1.8696307 3.0143082
3.8600719 1.8695126 3.0147921
3.8609476 1.8694015 3.0152604
3.861772 1.8693518 3.0156691
3.8625084 1.8693999 3.0160172
3.8631531 1.8695431 3.0162934
3.863737 1.8697624 3.0165358
3.8640922 1.8708418 3.0169045
3.8621648 1.8719719 3.0159264
3.8621566 1.8726325 3.0164765
3.8628902 1.8761578 3.0192568
0 0 0
3.8643487 1.8742972 3.0178189
3.8631809 1.8721765 3.017126
3.862764 1.8711619 3.0165376
1.8368542 2.6665824 3.56096
1.8369588 2.6662012 3.5609889
1.8362578 2.666445 3.5602555
1.8359443 2.6649871 3.5605747
1.8361987 2.6646161 3.5608308
1.836461 2.6642395 3.5611913
1.8370131 2.6644018 3.5619914
1.8372221 2.6640739 3.5623132
1.8377312 2.6635801 3.5632228
1.8377367 2.6633867 3.5634479
1.8377389 2.6631972 3.5636679
1.8339474 2.6650804 3.5606935
1.8347763 2.6659253 3.5607912
1.8282604 2.6644764 3.5540869
1.8315347 2.6668702 3.5584694
1.8358071 2.6694339 3.563495
1.3464876 2.0160206 6.0904077
1.3519264 2.0156582 6.0941025
0 0 0
1.3433783 2.0177289 6.0857391
1.3436728 2.0178163 6.0857209
1.347291 2.0167249 6.0858654
1.3474242 2.0168201 6.0859627
1.3474409 2.0169238 6.0860352
1.3495576 2.0173618 6.0871767
1.348863 2.0163224 6.0873842
1.3490936 2.0159135 6.0867235
1.347787 2.0169649 6.087169
1.3445448 2.0183128 6.0862276
1.3434748 2.0183192 6.0864484
1.3422926 2.0185135 6.0865376
1.3402447 2.0206058 6.0877431
3.6469893 1.7160508 3.1348306
0 0 0
3.6471708 1.7155709 3.1361388
3.647065 1.7154564 3.1368462
3.6470661 1.7162294 3.1379696
3.6462996 1.7146473 3.1392313
3.6461132 1.7148358 3.1399669
3.6459025 1.7152054 3.1405337
3.6457256 1.7152887 3.1412461
3.797406 2.6366609 2.0649144
3.7943704 2.6325867 2.0683541
3.7913922 2.6285165 2.0718478
3.7884057 2.6293458 2.0689348
3.7884879 2.6300397 2.0684601
3.7890726 2.6302419 2.0685376
3.7912236 2.6294906 2.0698869
3.7933406 2.6287408 2.0712116
3.7959901 2.6275934 2.0730821
4.4653845 2.4487695 5.2602601
4.4683268 2.4481884 5.2610123
4.4686615 2.4465109 5.2620687
4.4686796 2.4461911 5.2624645
4.4686457 2.4458948 5.2628069
4.4685729 2.4455935 5.2630095
4.466666 2.4448323 5.2621365
4.4666763 2.4452158 5.2617088
4.4651012 2.4454985 5.2609209
4.4641494 2.4458667 5.2603698
4.4634704 2.4461334 5.2597011
4.4664626 2.4424897 5.2586529
4.4598075 2.4443098 5.2508172
4.4591607 2.444649 5.2501547
4.4661677 2.0302945 1.3586166
4.4667006 2.0292869 1.3599206
4.467137 2.0281179 1.3609562
4.4676553 2.02703 1.362011
4.4684384 2.0248975 1.3624423
4.46854 2.0249798 1.3624402
4.4686118 2.0251749 1.3623053
4.4681755 2.027435 1.3614624
4.4681038 2.0275973 1.361206
4.4689017 2.0273002 1.3616321
4.4686944 2.0273859 1.3615012
4.4683129 2.0272438 1.3613642
4.468051 2.0272226 1.3613195
4.4676465 2.0264324 1.3617894
4.4674488 2.0262874 1.3617797
4.4674508 2.0261005 1.3618066
4.4677015 2.0258582 1.3618625
4.4682373 2.0255711 1.3618955
4.4688741 2.0253483 1.3618186
4.4696054 2.0251381 1.3616749
4.4705525 2.0248885 1.3613586
4.471283 2.0247189 1.3610049
4.4715829 2.0251257 1.3597606
4.4719178 2.0255269 1.3584494
4.4722516 2.025921 1.3571034
0 0 0
2.179089 1.6483097 6.0955111
2.1787536 1.6543107 6.0950803
2.177941 1.6552806 6.0952565
2.1767416 1.6548283 6.0941722
2.1762437 1.6546958 6.0941946
2.1760786 1.65476 6.0943507
2.1760278 1.6552204 6.093878
2.1758219 1.6546534 6.0942304
2.1761127 1.6544374 6.0943836
2.1780158 1.6547064 6.0952224
2.1785778 1.6545344 6.095961
2.1788018 1.6544137 6.0956091
2.179085 1.654151 6.0954625
2.1794006 1.6539105 6.0953614
2.18008 1.6537288 6.0938177
2.1795952 1.6526269 6.0957959
2.1798781 1.6524942 6.0956221
2.1802105 1.6526072 6.0953307
2.1807294 1.6531174 6.0945422
2.1812718 1.653607 6.0938531
2.1818436 1.6541435 6.0931075
2.1824277 1.65469 6.0923827
0 0 0
3.8600921 1.8698159 3.0150146
3.8607826 1.8695936 3.0153277
3.8615089 1.8694251 3.0157003
3.8621702 1.8692979 3.0159764
3.8627216 1.8692738 3.0161479
3.8635185 1.8688296 3.0171632
3.8638767 1.8691387 3.0173204
3.8639259 1.8705333 3.0167026
3.8619082 1.8711766 3.0158643
3.861976 1.8719355 3.0161379
3.8626094 1.8754088 3.0188758
3.8641737 1.8739777 3.0195947
3.8635842 1.8727956 3.0175622
3.8632694 1.8723022 3.0172122
3.8629676 1.871777 3.0168716
1.8374721 2.6660793 3.5623556
1.8373984 2.6658657 3.5621227
1.8345538 2.6654136 3.560047
1.8350448 2.6647238 3.5602448
1.8355079 2.664545 3.5604684
1.8367344 2.6648073 3.5616596
1.8367899 2.6648155 3.5619393
1.8369047 2.6645652 3.5620829
1.8369319 2.6642373 3.5622636
1.8369274 2.6637508 3.5624161
1.8370622 2.6637048 3.5623516
1.8368136 2.6636062 3.5618814
1.8347983 2.6657349 3.5596231
1.8291536 2.6644973 3.5538275
1.8286815 2.6645843 3.5530848
1.8281668 2.6647045 3.5523187
1.3458398 2.0152645 6.0878557
1.3498214 2.0134735 6.0885924
1.3502237 2.0140851 6.0894141
1.3448194 2.0109413 6.0850996
1.3439871 2.01618 6.0871875
1.3464044 2.0167279 6.085591
1.3467346 2.0166489 6.085726
1.3467342 2.0167368 6.0858994
1.3465991 2.0168142 6.086041
1.3463381 2.0169313 6.0861328
1.3459028 2.0171361 6.0861781
1.3451933 2.0175059 6.0861221
1.3443464 2.0179323 6.0860929
1.3434338 2.0178614 6.0862457
1.3413412 2.0185438 6.0867606
1.3403959 2.0190335 6.0867296
3.6473824 1.7159808 3.1352202
3.647756 1.7159697 3.135868
3.6477 1.7158215 3.1364445
3.6475757 1.7157031 3.1370652
3.6471735 1.7157736 3.1378522
3.6463244 1.7146158 3.1390902
3.6461324 1.7148073 3.1396999
3.6459249 1.7151667 3.140046
3.6458188 1.7152533 3.1405905
3.6465651 1.716896 3.1427874
3.7927247 2.6274211 2.0720885
3.7927826 2.6277653 2.0719546
3.7899974 2.6288793 2.0691365
3.7901326 2.6292302 2.0690399
3.7905779 2.6295815 2.0692075
3.7917608 2.6291943 2.0698886
3.7930678 2.6288344 2.0706937
3.7948499 2.6280479 2.0720521
4.4641228 2.4465076 5.2578467
4.4681474 2.4475184 5.2609769
4.4685758 2.4466503 5.2617214
4.4686834 2.4458399 5.2623052
4.4686937 2.4457205 5.2626553
4.4687252 2.4455015 5.2629502
4.4677164 2.4457548 5.2628349
4.4657328 2.4454517 5.2608663
4.465302 2.4455729 5.2610951
4.4644262 2.4458103 5.2607857
4.463705 2.4460076 5.2602374
4.4702201 2.4427764 5.261523
4.4669096 2.4463414 5.2591412
4.4660348 2.4473606 5.2583042
4.4665506 2.0293457 1.3595494
4.4669386 2.0285345 1.3606722
4.4672679 2.0276335 1.3614563
4.4676067 2.0268144 1.3621895
4.4695501 2.0247554 1.3637612
4.4696777 2.0247309 1.3637665
4.4688585 2.023868 1.3623031
4.4688686 2.0239769 1.3621718
4.4683796 2.0257372 1.3620084
4.4682823 2.0259181 1.3618358
4.468511 2.0269819 1.3616027
4.4680843 2.0268716 1.3613629
4.4678292 2.026841 1.3613042
4.4674355 2.0268726 1.3615219
4.4673292 2.0260783 1.3617309
4.4673577 2.0259475 1.3617233
4.4675516 2.0257994 1.3617077
4.4679224 2.0256251 1.3616405
4.4683855 2.0254901 1.3615633
4.4688986 2.0253698 1.3614523
4.4696997 2.0252371 1.3612775
4.4701813 2.025239 1.3609936
4.4705316 2.0254634 1.3604687
4.4708228 2.0257668 1.3598606
4.4711041 2.0260721 1.3592429
0 0 0
2.1792278 1.648342 6.0953718
2.1790766 1.654186 6.0947788
2.1781081 1.6547116 6.0939176
2.1771075 1.6545024 6.0939797
2.1766721 1.654369 6.0940423
2.1766101 1.6544031 6.0942207
2.1763243 1.6538038 6.0947405
2.1764534 1.6537536 6.0949122
2.1771044 1.6542955 6.0948218
2.1783216 1.6545386 6.095079
2.178805 1.654551 6.0953587
2.1790776 1.6543254 6.0952933
2.1793026 1.6540933 6.0951684
2.179558 1.6538826 6.0950349
2.1807355 1.6538462 6.0938822
2.1796958 1.6526706 6.0953421
2.1799643 1.6526372 6.0951218
2.1802099 1.6526456 6.0948642
2.1806407 1.6530352 6.0942886
2.1810559 1.653368 6.0938217
2.1815072 1.6537712 6.0933386
2.1819637 1.6541699 6.0928786
3.861051 1.870956 3.01593
3.8611118 1.8701296 3.0155647
3.8615318 1.8697365 3.0159704
3.8620125 1.869453 3.0161022
3.8626026 1.869241 3.0163127
3.8630326 1.8685987 3.0167152
3.8633975 1.8686823 3.0167429
3.8636846 1.8689644 3.0168292
3.8642481 1.8706466 3.0161352
3.8617414 1.8706967 3.0156336
3.8617823 1.8713001 3.0158083
3.8633082 1.8721862 3.0175623
3.8632519 1.8726907 3.0178178
3.8635388 1.8724162 3.0173822
3.8633668 1.8724005 3.0172881
3.8632086 1.8723931 3.0172197
1.8365607 2.6651305 3.5645268
1.8355213 2.6650341 3.5629223
1.8353512 2.6649723 3.5624815
1.8357507 2.6651177 3.5627182
1.8361449 2.6652237 3.5620992
1.836637 2.665183 3.561905
1.8366126 2.665121 3.5619861
1.8365713 2.6650233 3.5618684
1.8365681 2.6648629 3.5618327
1.8365871 2.6643718 3.5618471
1.8366873 2.6643433 3.5616751
1.8366767 2.6641274 3.5613787
1.8364352 2.6639201 3.560888
1.8295758 2.6646339 3.5537416
1.8291973 2.6645581 3.5531787
0 0 0
1.3448887 2.0147065 6.0840452
1.3458083 2.0163702 6.0831217
1.346621 2.0169208 6.0835134
1.2958539 1.9186588 5.9691293
1.3467411 2.0170666 6.0818381
1.3456053 2.0189489 6.085491
1.3460278 2.0164966 6.0855197
1.3460059 2.0165951 6.085752
1.3458804 2.0166662 6.0859348
1.3456274 2.0167807 6.0860413
1.3452562 2.0169468 6.0860727
1.3447609 2.0172146 6.0860049
1.3441206 2.0175508 6.0859334
1.3432739 2.0175153 6.0853788
1.3425513 2.0179553 6.0852864
0 0 0
3.6477446 1.715983 3.135593
3.6479812 1.7159199 3.1362196
3.6480817 1.7158696 3.1366757
3.6478756 1.7157482 3.1371378
3.6472402 1.7157376 3.1378822
3.646283 1.7149329 3.1388375
3.6460882 1.7149567 3.1392415
3.645931 1.7150867 3.1394992
3.6461546 1.7155157 3.139867
3.6461106 1.7156798 3.1401008
3.6476641 1.7164419 3.1414608
3.790934 2.6277956 2.068706
3.7915342 2.6280812 2.0695205
3.7916096 2.6284217 2.0695463
3.7920467 2.6287881 2.0699411
3.7924106 2.6289255 2.0699804
3.79274 2.628902 2.0701328
3.7931486 2.6288677 2.07034
4.4653195 2.444959 5.2599268
4.4664446 2.4453813 5.261508
4.4684437 2.4452107 5.2619301
4.4687232 2.4452008 5.2621535
4.4687828 2.4452303 5.2623747
4.468552 2.4452985 5.2623331
4.4679289 2.4457339 5.2620663
4.465625 2.4465589 5.2615885
4.4656981 2.4456768 5.2615071
4.4653381 2.4457093 5.2616358
4.4643638 2.4452822 5.2611566
4.4703929 2.4425628 5.2621141
4.4680568 2.4446561 5.2603773
4.4641639 2.4485739 5.2601345
4.467346 2.0288595 1.3604052
4.4671851 2.0278713 1.3614047
4.4674369 2.0272459 1.3619712
4.4677185 2.0265718 1.3626449
4.4681351 2.0261941 1.3630104
4.4694404 2.024723 1.363673
4.4683219 2.0241693 1.3634398
4.4680532 2.0253909 1.3622513
4.4680484 2.0254902 1.3621181
4.4680643 2.0257006 1.3618343
4.4678487 2.0259696 1.3614987
4.4676343 2.026326 1.3611493
4.467599 2.0264519 1.3612919
4.4674414 2.0262298 1.3615535
4.4672549 2.0258973 1.3616954
4.4672983 2.025829 1.3616561
4.4674031 2.0257546 1.3615667
4.4676435 2.0256745 1.3614301
4.4679144 2.0256362 1.3613
4.4683074 2.0257415 1.3612633
4.4689423 2.0261264 1.3617313
4.468967 2.0259683 1.361783
4.4692191 2.0260559 1.3618791
4.4693992 2.0261281 1.3620459
4.4695898 2.0262519 1.3621561
2.1791211 1.6543028 6.0925801
2.1788126 1.6541197 6.092891
2.1785117 1.6539842 6.0931692
2.1782592 1.6538791 6.0934226
2.1780999 1.6537373 6.0936512
2.1779985 1.6537308 6.0938629
2.177278 1.6528737 6.0938586
2.1771442 1.6526611 6.094517
2.1769627 1.6534268 6.0947337
2.1775765 1.6539551 6.0945658
2.1788505 1.6545211 6.0951347
2.1791696 1.6543967 6.0950856
2.179389 1.654238 6.0950011
2.1795013 1.6540188 6.0948472
2.1797225 1.6538553 6.094696
2.1803891 1.6537736 6.093857
2.1792793 1.6529761 6.0932603
2.1795313 1.6528715 6.0930892
2.1802223 1.6527653 6.0943752
2.1805418 1.6529313 6.0940569
2.180872 1.6531353 6.0937753
2.1811856 1.6533857 6.093545
2.1814999 1.6536722 6.0933763
3.8619277 1.8719789 3.0169293
3.8623506 1.8710864 3.0167479
3.8626017 1.8702428 3.0169758
3.8628736 1.8698635 3.0168747
3.863239 1.869246 3.0165272
3.863457 1.86914 3.0164284
3.8636358 1.8692217 3.0163919
3.8640096 1.8700172 3.0159376
3.8641083 1.8703636 3.0159817
3.8641764 1.8707836 3.0160427
3.8643557 1.8714731 3.0166446
3.8644573 1.8716919 3.0173089
3.8641862 1.8722517 3.0179437
3.8641554 1.8726222 3.0180789
3.8632832 1.8726655 3.0174717
3.863264 1.8733182 3.0176954
1.8370762 2.6646129 3.5658337
1.8365977 2.6647997 3.5648351
1.8362478 2.6649469 3.5640448
1.8359216 2.6650889 3.5633363
1.8361854 2.6654135 3.5625071
1.8365273 2.6654256 3.5622612
1.8364267 2.6654871 3.5619343
1.8361935 2.6655261 3.5616366
1.8361772 2.6654387 3.5614447
1.8364036 2.6651196 3.5612708
1.8363944 2.6649242 3.5611498
1.8366133 2.6647274 3.5610736
1.8364365 2.6643789 3.5606772
1.8364163 2.6639863 3.5605472
1.8365279 2.6637528 3.5604527
0 0 0
1.3442918 2.0134779 6.0811049
1.3446808 2.0139593 6.0819802
1.345011 2.0143893 6.0827804
1.3449853 2.0147836 6.0830122
1.344232 2.0148972 6.0820978
1.344344 2.0184943 6.0850507
1.3453278 2.0163886 6.0852728
1.345288 2.0164804 6.0855866
1.34516 2.0165577 6.0858043
1.3449576 2.0166311 6.0859351
1.3447014 2.016743 6.085954
1.3443498 2.016926 6.0858571
1.3439214 2.017185 6.0857634
1.3435541 2.0175647 6.0856946
1.3430914 2.0179604 6.0855872
1.3426146 2.0183816 6.0854665
3.6479814 1.7158476 3.1357347
3.6483492 1.7157161 3.1380927
3.6479288 1.7154482 3.1381257
3.6473075 1.7154841 3.1382826
3.6466609 1.7151006 3.1383309
3.6463006 1.7148767 3.1386775
3.6461193 1.7149405 3.1389354
3.645984 1.7150564 3.1390039
3.6463142 1.7155218 3.1392925
3.6462188 1.7156715 3.1393483
3.6477339 1.7147541 3.1389195
3.6495152 1.7093044 3.13948
3.7933432 2.6273188 2.0701306
3.7931891 2.6276542 2.0701007
3.7935399 2.6282255 2.0704085
3.7930174 2.6286257 2.0700413
3.7924893 2.6289708 2.0696375
3.7918713 2.629321 2.0691626
4.4650144 2.4441389 5.2599387
4.4654496 2.4443791 5.2601833
4.4683993 2.4447441 5.2616662
4.468639 2.4448979 5.2619698
4.4687059 2.4449854 5.2621555
4.4683142 2.4453111 5.262135
4.4675579 2.4458595 5.2618494
4.4657045 2.4464932 5.2615336
4.4666489 2.446114 5.2624148
4.4655207 2.4456072 5.2618977
4.4644819 2.4448463 5.2616812
4.4705396 2.4423386 5.2625986
4.4681978 2.4443643 5.2610053
4.4642826 2.4482283 5.2608739
4.4671834 2.0276096 1.3616163
4.4673075 2.027251 1.3620134
4.4673814 2.0268803 1.3623551
4.4674464 2.0265719 1.3626498
4.4675186 2.0258032 1.3623149
4.4676398 2.0253642 1.3623138
4.4677307 2.0252855 1.3623427
4.4677791 2.025284 1.3622764
4.4678714 2.0253753 1.3620315
4.4678487 2.0255052 1.3618434
4.4674791 2.0255678 1.3606048
4.467576 2.0260651 1.3612644
4.4675301 2.0261943 1.3613648
4.4674069 2.0259821 1.3616183
4.4673247 2.0257856 1.3617306
4.4672695 2.0257503 1.3616172
4.4673245 2.0257227 1.3614557
4.4674088 2.0257175 1.3612731
4.4675651 2.0257359 1.3610931
4.4678372 2.0259176 1.3609691
4.4680866 2.0260532 1.3608844
4.4679673 2.0258861 1.361339
4.4681589 2.0258076 1.3614566
4.4682268 2.0262631 1.362965
4.4679897 2.0260461 1.3647234
2.1791768 1.6541831 6.0924827
2.1789966 1.6539886 6.0927386
2.1787944 1.6537808 6.0929881
2.1786262 1.6535911 6.0932229
2.1785155 1.6534732 6.0934661
2.1784572 1.6534061 6.0936698
2.178325 1.6527355 6.0941019
2.1783262 1.6529684 6.0944082
2.1783886 1.6529452 6.0945323
2.1792086 1.6544366 6.094808
2.1793019 1.6544002 6.0948502
2.1795646 1.654217 6.094786
2.1796854 1.6541265 6.0946949
2.1797191 1.6539658 6.0945176
2.1798926 1.6538268 6.0943305
2.1798732 1.6537305 6.0935981
2.1793748 1.6530274 6.0928676
2.1796106 1.6528965 6.0927363
2.1806287 1.6529838 6.0932115
2.180847 1.6530845 6.0930171
2.1811557 1.6532308 6.0929253
2.1814693 1.6534914 6.0929256
2.1817998 1.6536707 6.0928283
3.8630422 1.87229 3.0178275
3.8632484 1.8709839 3.0180884
3.8632998 1.8703051 3.0177123
3.8633249 1.8698186 3.0172544
3.8634889 1.8692645 3.0167085
3.8635709 1.86917 3.0165128
3.8636464 1.8692317 3.0163666
3.8639307 1.869959 3.0158855
3.8639402 1.8701991 3.0158199
3.8639839 1.8705142 3.016051
3.8641669 1.8710911 3.016346
3.8642617 1.8710822 3.0169407
3.8640587 1.8715916 3.0175572
3.8641147 1.8719207 3.0177565
3.8634754 1.8718634 3.0172501
3.8635115 1.8721673 3.0174182
1.8373754 2.6641201 3.566925
1.8369835 2.6644512 3.5658981
1.8365152 2.6647531 3.5647982
1.8360565 2.6650451 3.5637738
1.8362037 2.6655955 3.5628283
1.8364473 2.6656996 3.5624039
1.835905 2.665926 3.561744
1.8358245 2.665995 3.5613807
1.835795 2.6659873 3.5610982
1.8358057 2.6659377 3.5608891
1.8358113 2.6656927 3.5604917
1.8360446 2.6654407 3.5605335
1.8364055 2.6651743 3.5607182
1.8367454 2.6644127 3.5608505
1.8372731 2.6640388 3.5611562
1.8341091 2.6645456 3.5574065
1.3436024 2.0126863 6.0785175
1.344144 2.0134668 6.0802141
1.3446973 2.0142461 6.081943
1.3445787 2.0147338 6.0824296
1.3437669 2.0148507 6.0817122
1.34464 2.016171 6.0845168
1.3446621 2.016322 6.0850212
1.3446028 2.0164235 6.0853955
1.3445013 2.0164731 6.0856536
1.3443557 2.0165257 6.0857935
1.3442544 2.016516 6.0857429
1.3440283 2.0166332 6.0856915
1.343768 2.0168011 6.085585
1.343529 2.0170466 6.085459
1.3433099 2.0173429 6.0853473
1.3429745 2.0175814 6.0851975
3.6494193 1.7162422 3.1374005
3.6485152 1.7153339 3.1383714
3.6481789 1.7151769 3.1386456
3.6469747 1.7153455 3.1380871
3.6466967 1.715063 3.1382596
3.6464055 1.7147635 3.1385064
3.6462345 1.7147401 3.1386727
3.6460233 1.7150447 3.1385215
3.6458505 1.7148598 3.1382168
3.6458834 1.7148476 3.138157
3.6462293 1.7145587 3.1377892
3.6463987 1.7145451 3.1376651
3.6421925 1.7123843 3.1343542
3.7947989 2.6266783 2.0704036
3.795279 2.6280626 2.0714189
3.793719 2.6285164 2.0702586
3.7920815 2.6289376 2.0689857
3.7904975 2.6293456 2.0677292
4.4653856 2.4441042 5.2603003
4.4656575 2.4441496 5.2603967
4.4683728 2.4444916 5.2616126
4.4684863 2.4446579 5.2617826
4.4681514 2.4449827 5.2614501
4.4679017 2.4456736 5.261997
4.4674256 2.445859 5.2620673
4.4670517 2.4459466 5.2623076
4.466582 2.4460072 5.2622952
4.465917 2.4460925 5.2621562
4.4655197 2.4456048 5.2619348
4.465321 2.4453501 5.2617443
4.4647089 2.4454123 5.2618322
4.4640225 2.445475 5.2617427
4.466528 2.0257532 1.3631161
4.4666346 2.0265678 1.3630139
4.4666045 2.0265233 1.3630019
4.4658032 2.0252901 1.361962
4.4673155 2.0255365 1.3620541
4.4674057 2.0253675 1.3621636
4.4672835 2.0253287 1.3622543
4.4673386 2.0253066 1.3623083
4.4683582 2.0256243 1.3613514
4.4683396 2.025654 1.3613209
4.4673834 2.0254785 1.360715
4.4676327 2.0258796 1.3614532
4.4675924 2.0259645 1.3614103
4.4674626 2.0257865 1.361748
4.4673817 2.0257131 1.3617685
4.4673211 2.0256987 1.3616095
4.4672726 2.0257103 1.3613929
4.4672891 2.0257374 1.3611659
4.4672985 2.0258037 1.3609387
4.4674217 2.0259452 1.3607833
4.4674979 2.0262137 1.3604383
4.4676049 2.026309 1.3603755
4.4673615 2.0259079 1.3614356
4.4675 2.026229 1.3621915
2.1785315 1.6537544 6.0913987
2.1792358 1.6540805 6.0924094
2.1791652 1.6538232 6.09264
2.1790785 1.653603 6.0928481
2.1790054 1.6533879 6.0930552
2.1789618 1.653232 6.0932674
2.1789526 1.6531264 6.0934616
2.1789246 1.6528656 6.0937221
2.1787106 1.6527305 6.0941952
2.1788071 1.6527603 6.094302
2.1796173 1.6542309 6.0945295
2.1797188 1.6542632 6.0945844
2.1799068 1.6540861 6.0944581
2.1800031 1.6540288 6.0943576
2.1799884 1.6538631 6.0941417
2.1800952 1.6537757 6.0939523
2.1795995 1.6537721 6.0930248
2.1793427 1.6529109 6.0926301
2.1797845 1.652758 6.0930332
2.1805718 1.6529762 6.092858
2.1808156 1.6530103 6.0927517
2.1810951 1.653115 6.092743
2.1814011 1.6532417 6.0928063
2.1817331 1.6533718 6.0927284
2.1820796 1.6534967 6.0926494
3.863751 1.8701055 3.0180309
3.8636937 1.8698876 3.0177092
3.8636347 1.8696619 3.0173564
3.8636351 1.8693711 3.0168881
3.8635317 1.8693788 3.0167217
3.8634265 1.8694669 3.0165857
3.8634137 1.869723 3.016495
3.8633835 1.869906 3.0164627
3.8633612 1.870095 3.0164458
3.8633863 1.8703051 3.0164678
3.863385 1.8704885 3.0166611
3.8634481 1.8706641 3.0167682
3.8635198 1.8708801 3.0169025
3.8634419 1.8708439 3.0168061
3.8687255 1.8681085 3.019201
1.8379145 2.664633 3.5665002
1.8373938 2.664901 3.5655524
1.8369548 2.6651842 3.5646839
1.836547 2.6654271 3.5638403
1.8361578 2.665687 3.5629874
1.8364421 2.6659138 3.56259
1.8356362 2.6663351 3.5616566
1.8355563 2.6664024 3.5612421
1.8354876 2.6664464 3.5608792
1.8354838 2.6664242 3.5606276
1.835541 2.6663365 3.5605002
1.8356386 2.6660867 3.5605851
1.8370839 2.6660522 3.5615086
1.8377348 2.6657695 3.5620296
1.8390609 2.6655308 3.5631419
1.8395824 2.6659182 3.5656783
1.8403638 2.6655665 3.5663816
1.34456 2.0141999 6.0806542
1.3446996 2.0145394 6.0817505
1.3447852 2.0149169 6.0827174
1.3450092 2.0151769 6.0837288
1.344142 2.0161777 6.0842483
1.3440762 2.0163238 6.0847788
1.344012 2.016399 6.0852082
1.3439291 2.0164439 6.0854809
1.3438831 2.0164559 6.0856413
1.3438669 2.0163437 6.0855719
1.3438044 2.0163314 6.0855075
1.3437528 2.0162978 6.0853602
1.3436384 2.0162891 6.0851774
1.3434987 2.0163303 6.0849943
1.3433782 2.0163951 6.0847965
3.6465762 1.7182442 3.1383476
3.6485597 1.715274 3.1385196
3.6482493 1.7150598 3.1387077
3.6470402 1.7152937 3.1380491
3.6468192 1.7147735 3.1383035
3.6465959 1.7145427 3.1382944
3.646343 1.7146742 3.1383695
3.6460448 1.7151073 3.1380864
3.6460408 1.7150003 3.1377819
3.6461045 1.7149671 3.1376483
3.6463231 1.7148079 3.1373254
3.6464682 1.7148891 3.1372458
3.6466718 1.7149513 3.1371746
3.6469061 1.7150267 3.1370702
3.7971468 2.62809 2.0728039
3.7943857 2.6284763 2.0705463
3.791669 2.6289029 2.0683301
3.7888977 2.6292936 2.0660577
4.4656489 2.444416 5.260108
4.4657398 2.4445115 5.2602157
4.4667133 2.4446863 5.2607465
4.4668288 2.4448023 5.2608845
4.4668867 2.4449592 5.2610054
4.4673211 2.445454 5.2616356
4.4671803 2.4456049 5.2617622
4.4669575 2.4457412 5.2621291
4.4664557 2.4458345 5.2621295
4.4658959 2.4459066 5.262116
4.4655542 2.4454182 5.2620423
4.4653736 2.4451372 5.2620537
4.4647905 2.4451615 5.2621381
4.4642184 2.4451924 5.2622729
4.4635206 2.4451977 5.2623438
4.4665778 2.0265806 1.3628171
4.4665382 2.0264435 1.3629156
4.4662717 2.0244002 1.3614088
4.4672151 2.0254911 1.3619183
4.4672401 2.0253704 1.3620459
4.467294 2.0252723 1.3621387
4.468057 2.0255822 1.361591
4.4681391 2.0255548 1.3616485
4.4682193 2.0255696 1.3616791
4.4680713 2.0254136 1.3612207
4.4680359 2.0256628 1.3612044
4.4679575 2.0255222 1.361137
4.4675748 2.0256831 1.3619255
4.4674958 2.0256759 1.3618312
4.4673844 2.0256854 1.3616265
4.4673088 2.0256975 1.3613762
4.4672315 2.0257577 1.361086
4.4671794 2.0258265 1.3608336
4.4671209 2.0259353 1.3606178
4.4673061 2.0260534 1.360222
4.4671866 2.0261992 1.3600084
4.4673825 2.0249119 1.3616768
4.4673955 2.0250015 1.3617836
2.1772007 1.6537992 6.0912271
2.1793212 1.6539445 6.0924555
2.1793463 1.6537082 6.0926175
2.1793789 1.6534626 6.0927744
2.1793964 1.6532575 6.0929387
2.1794144 1.6530738 6.0931051
2.1794216 1.6529363 6.0932804
2.1794048 1.6527718 6.0934342
2.1791493 1.6525774 6.0939974
2.1791907 1.6526374 6.094084
2.1798045 1.6531852 6.0942365
2.1800768 1.6536072 6.0944672
2.1802269 1.6539027 6.094138
2.1802614 1.6539205 6.0940147
2.1802052 1.6538091 6.0938095
2.1802696 1.6537283 6.0935916
2.1803429 1.6536048 6.0933011
2.1804805 1.6530942 6.0927938
2.1805516 1.6529934 6.0925858
2.180668 1.6529388 6.0924589
2.1808426 1.6529532 6.0924709
2.1810614 1.6530173 6.0926
2.1813668 1.6530902 6.0926423
2.1816895 1.6531417 6.0926345
2.1820124 1.6531985 6.0926124
3.8648157 1.8667831 3.0199395
3.8640218 1.8694387 3.0174556
3.8638627 1.8694668 3.0172108
3.863713 1.8694691 3.0169149
3.8635494 1.869569 3.0167193
3.863397 1.8697183 3.0165578
3.8633082 1.869903 3.0164668
3.8632292 1.8700084 3.0163925
3.8631862 1.8700583 3.0163152
3.8630257 1.8699802 3.0164232
3.8630366 1.869929 3.0163325
3.86308 1.8698712 3.0162458
3.8631984 1.8697947 3.0162075
3.863318 1.8697206 3.0161918
1.8384826 2.6646057 3.5669928
1.8378905 2.6648002 3.5661332
1.8373515 2.665001 3.5652917
1.8368998 2.6652381 3.5645366
1.8365517 2.6654296 3.5638558
1.8358984 2.6657848 3.5627886
1.8355573 2.6660519 3.5620778
1.8355007 2.6665228 3.5616668
1.8354637 2.6666693 3.5612539
1.8353376 2.6667906 3.5608453
1.8353096 2.6668253 3.5605864
1.8354358 2.6667764 3.5605302
1.8368094 2.6674477 3.5611808
1.8376274 2.6669462 3.5620601
1.8384398 2.6665125 3.5628401
1.8391067 2.6662019 3.5634651
1.8397685 2.6664778 3.5662025
1.8404733 2.6661397 3.566891
1.3450158 2.0150403 6.0811955
1.3448284 2.015204 6.0819312
1.3446021 2.0152943 6.082647
1.3445934 2.0155619 6.0835152
1.3436486 2.016308 6.0839499
1.3435836 2.0163656 6.0845457
1.3434957 2.0164225 6.084987
1.3434606 2.0164183 6.0852972
1.3433114 2.01667 6.0869138
1.3446109 2.0166925 6.0876067
1.3450609 2.015968 6.0864798
1.3437104 2.0159226 6.0851276
1.3437147 2.0157984 6.0849406
1.3437176 2.0156838 6.0847306
1.3437173 2.0155905 6.0845105
3.6464028 1.7180428 3.1384003
3.6476836 1.7150325 3.1376253
3.6474217 1.7149967 3.1378459
3.6470777 1.7147132 3.1380122
3.6468378 1.7147598 3.1381187
3.6467612 1.7145353 3.1380327
3.6466485 1.7146589 3.1378383
3.6465282 1.7147488 3.1376834
3.646565 1.7149378 3.1374392
3.6463054 1.7150816 3.137192
3.6463496 1.7150739 3.1369308
3.6464888 1.7152149 3.1369065
3.6466146 1.7153782 3.136899
3.6467483 1.7154937 3.1369478
3.7990128 2.6281095 2.0742062
3.7951048 2.6284825 2.0709262
3.7911458 2.6288227 2.0675906
3.7872597 2.6291774 2.0643017
4.4659173 2.4448883 5.2600939
4.4657321 2.4446363 5.2601147
4.465734 2.4446903 5.2600795
4.4656801 2.4447663 5.2600629
4.4666802 2.4447755 5.2608041
4.4671853 2.4452335 5.2614736
4.4670133 2.4453345 5.2615243
4.4667206 2.4454597 5.2615806
4.4660931 2.4456807 5.2612045
4.4655674 2.4457057 5.2612541
4.4656802 2.4443664 5.2626417
4.4650382 2.4443805 5.2626818
4.4643853 2.4443635 5.2626723
4.4644615 2.4449466 5.2626551
4.463869 2.4449548 5.2627003
4.4681818 2.0261036 1.360877
4.468106 2.0259523 1.3610312
4.4680264 2.025772 1.3611546
4.4676128 2.0252896 1.3613352
4.4672323 2.0256957 1.3619739
4.4672776 2.0256122 1.3621909
4.4679366 2.0255593 1.3615643
4.4680072 2.0255434 1.361685
4.468176 2.0255978 1.3618185
4.4680637 2.0254901 1.3614038
4.4681249 2.0257097 1.3613884
4.468142 2.025775 1.3613415
4.4682046 2.0257118 1.3621676
4.468101 2.0257519 1.3619502
4.4679114 2.0257848 1.3614243
4.4674149 2.0257393 1.3613119
4.467287 2.0257621 1.3610415
4.4671233 2.0258336 1.3607592
4.4669979 2.0259091 1.3605162
4.4669441 2.0260145 1.3602037
4.4657862 2.0253678 1.3586076
4.4657009 2.0254535 1.3584364
4.4664663 2.0233126 1.35847
2.1772769 1.6536673 6.0914189
2.1792512 1.6540228 6.0927383
2.1795402 1.6536167 6.092692
2.1796356 1.6533974 6.0927593
2.1797425 1.6532003 6.0928609
2.1798289 1.6530375 6.0929685
2.179871 1.6529334 6.093105
2.1803831 1.6528199 6.0929135
2.1805556 1.6527826 6.0932561
2.1801982 1.6528825 6.0938582
2.1801829 1.6530413 6.0939198
2.1802061 1.6531216 6.0939355
2.1802465 1.6536617 6.0936015
2.1803711 1.653825 6.0936726
2.1803924 1.6537623 6.093498
2.1804626 1.6536673 6.0933086
2.1805616 1.6535483 6.0931056
2.1806711 1.6534039 6.0929389
2.180464 1.6529122 6.0923069
2.1805701 1.652866 6.0922287
2.180845 1.6529327 6.0922973
2.1810982 1.6529551 6.0922961
2.181533 1.6528939 6.092361
2.1818238 1.6528494 6.0921923
2.1809817 1.652899 6.0912174
3.8654756 1.8658864 3.0189985
3.8642208 1.8691377 3.017179
3.863979 1.8693446 3.0169841
3.863746 1.8695627 3.0167878
3.8635233 1.8697855 3.0166253
3.8633212 1.8700115 3.0164972
3.8631141 1.870211 3.0163516
3.8629629 1.870277 3.016182
3.8628985 1.8702857 3.0160044
3.8629012 1.8698514 3.0162754
3.8629453 1.8695586 3.0160881
3.8630164 1.8690927 3.0158078
3.8631193 1.8687865 3.0156625
3.8632075 1.868547 3.0155441
1.8379701 2.6648441 3.5661548
1.8376749 2.6649764 3.5656316
1.8372458 2.6650431 3.5648794
1.8367364 2.665342 3.5642152
1.8349733 2.6653727 3.5624234
1.8346131 2.6656088 3.5617809
1.8344363 2.6665177 3.5606181
1.8340482 2.6674684 3.5611726
1.8339833 2.66729 3.5611055
1.8350489 2.667271 3.5614499
1.836214 2.6680142 3.5610769
1.8364436 2.6679588 3.5611525
1.8368198 2.6678167 3.561423
1.8378304 2.6674099 3.5625066
1.8385023 2.6669668 3.5632213
1.8391546 2.6666749 3.5638655
1.8416034 2.6668988 3.5669443
1.8419577 2.6672776 3.5697019
1.3452862 2.0157083 6.0814838
1.3448587 2.0157078 6.0820878
1.3445409 2.0158319 6.0827541
1.3442417 2.0158405 6.0834367
1.3433598 2.0165138 6.0836931
1.343235 2.01643 6.0843664
1.3428241 2.0161673 6.085305
1.3442801 2.016707 6.0864674
1.3446224 2.0169394 6.0874294
1.3445764 2.0167532 6.0875058
1.3446445 2.0165952 6.0873747
1.3437167 2.0156432 6.0848815
1.3438159 2.0153591 6.0847037
1.3439249 2.0150977 6.0844695
1.3440544 2.0147996 6.0842276
3.6480802 1.7140834 3.13719
3.6475564 1.7148638 3.1375899
3.647308 1.7148021 3.1377929
3.6470691 1.7147331 3.1379275
3.646853 1.7147383 3.1379653
3.6468231 1.7145322 3.1378937
3.646746 1.7147367 3.1375333
3.6466299 1.7148914 3.1373156
3.6465782 1.7150523 3.1370963
3.6463887 1.7152453 3.136812
3.6464326 1.7153973 3.1366799
3.646463 1.7155514 3.1366482
3.6465015 1.7157321 3.1367012
3.6464973 1.715937 3.1368087
0 0 0
3.7956033 2.6284628 2.0712021
3.7905824 2.6287265 2.066828
3.7855343 2.6289551 2.062425
4.4662371 2.4449733 5.2606325
4.4660547 2.4446148 5.2604399
4.465907 2.4446097 5.2602847
4.4657644 2.4446015 5.2601463
4.4662091 2.4445042 5.2603241
4.4670625 2.4450168 5.2613457
4.4668131 2.4450829 5.2613093
4.4670122 2.4452863 5.2614201
4.4659448 2.4454755 5.2609976
4.4655057 2.4454862 5.2610938
4.4645415 2.4449726 5.2616838
4.4644592 2.4446904 5.2623477
4.4637738 2.444554 5.2624101
4.4647714 2.4447034 5.2629034
4.4631132 2.4453703 5.2617065
4.4680398 2.0262052 1.3605803
4.4680092 2.0260938 1.3607937
4.4678153 2.0258612 1.3609632
4.4677462 2.0257664 1.3611959
4.4670594 2.0259424 1.3618525
4.4671358 2.0258779 1.3620611
4.4678111 2.0256978 1.3616478
4.467947 2.0256915 1.3618089
4.468081 2.0257128 1.3619312
4.4680637 2.0256522 1.3615718
4.4681182 2.0258376 1.3614859
4.468453 2.0261037 1.3615853
4.4685323 2.0262822 1.3626963
4.4684859 2.0263225 1.3624742
4.4696427 2.0259085 1.3617614
4.4695041 2.0259229 1.3614682
4.4673634 2.0257854 1.361027
4.4671732 2.0258227 1.3607347
4.4669466 2.0258916 1.3604556
4.4666695 2.0259869 1.3601509
4.4664326 2.0260687 1.3599403
4.466203 2.0261435 1.3597382
0 0 0
2.1832805 1.6507958 6.0925054
2.1795485 1.6537406 6.0928285
2.179728 1.6535716 6.0927892
2.179881 1.65339 6.0928141
2.1800368 1.6532228 6.0928287
2.1801566 1.6530691 6.0928775
2.180255 1.6529727 6.0929539
2.180621 1.652871 6.0926848
2.1808128 1.6529338 6.0930791
2.1804958 1.6529754 6.0935052
2.180473 1.6530206 6.0935716
2.1803008 1.6530787 6.0936666
2.1804536 1.6536176 6.0933364
2.1805083 1.6536928 6.0933067
2.1805418 1.6536934 6.093187
2.1806719 1.6535923 6.093053
2.1807173 1.6535382 6.0928839
2.1807832 1.6534468 6.0927309
2.1804406 1.652708 6.092548
2.1801293 1.6525103 6.0923192
2.1806961 1.6534702 6.0914379
2.1808938 1.653202 6.0916501
2.1815157 1.6528556 6.0916838
2.1817909 1.6528137 6.0917524
2.18216 1.6526684 6.091845
3.8627002 1.8639797 3.0164965
3.8643371 1.8688696 3.0167623
3.8639952 1.8693212 3.016632
3.8637165 1.8696958 3.0165314
3.8634831 1.8700278 3.0164738
3.8632827 1.8702846 3.0164214
3.8625843 1.8705602 3.016233
3.8628494 1.8714388 3.0162598
3.8628778 1.8709798 3.0160621
3.8628198 1.869766 3.0161934
3.8628968 1.8692292 3.0158754
3.8629588 1.8685173 3.0155123
3.8630706 1.8679458 3.0152217
3.8631048 1.8673869 3.0148916
1.8355418 2.6652218 3.5630574
1.8356474 2.6652907 3.5628581
1.8355777 2.6653726 3.562555
1.8354539 2.6655127 3.56226
1.8353271 2.6657145 3.5619709
1.8351953 2.665982 3.561655
1.8350127 2.6663169 3.5612823
1.8341812 2.667097 3.5616411
1.8340694 2.6673691 3.5613123
1.8348023 2.667421 3.5613981
1.8365276 2.668792 3.5618481
1.8359137 2.6689715 3.5612894
1.8360963 2.6686908 3.5610598
1.8345927 2.6683824 3.5616676
1.83702 2.6669903 3.5633099
1.8396606 2.6652094 3.5658643
1.8401619 2.6649302 3.5665902
1.8396912 2.664398 3.5667172
1.8404906 2.6642449 3.5675756
1.3467354 2.0159435 6.0839899
1.3443645 2.0162818 6.0828607
1.3438661 2.0161264 6.0834541
1.34361 2.0160859 6.084025
1.3440546 2.0151874 6.0850661
1.3441841 2.0154364 6.0861418
1.3445265 2.0163704 6.0869167
1.3445058 2.0164418 6.0872214
1.3445416 2.0166696 6.0873494
1.3446204 2.0164803 6.0871445
1.3445702 2.0165145 6.0861597
1.3439159 2.0150295 6.0844643
1.3441138 2.014588 6.0842134
3.648196 1.7106026 3.1349295
3.6475966 1.7140557 3.1359331
3.6471298 1.7147992 3.1373728
3.6471298 1.7146835 3.1377289
3.6470083 1.7146618 3.1378617
3.6468319 1.714733 3.1378534
3.6466981 1.714781 3.137562
3.6468098 1.7147926 3.1373561
3.6466772 1.7150378 3.1370305
3.6465393 1.7152106 3.1368158
3.6463995 1.7154505 3.1365757
3.6463622 1.7156289 3.1364521
3.6463503 1.7158184 3.1364527
3.646329 1.7160383 3.1365593
3.6462441 1.7162878 3.1367336
3.646035 1.7165687 3.1368876
3.7957791 2.628433 2.0711437
3.7896483 2.6285542 2.0656768
3.7838262 2.6287055 2.0605426
4.4666283 2.4450399 5.2609456
4.4663673 2.4446604 5.2608295
4.4661253 2.4445871 5.2605575
4.465887 2.4445439 5.2603349
4.465785 2.4445164 5.2602101
4.4659479 2.4445705 5.2603518
4.466856 2.4440379 5.2608854
4.4673073 2.4428722 5.2614944
4.4665761 2.4430439 5.2610754
4.4660922 2.4437018 5.2613394
4.4649326 2.4447357 5.2614111
4.4642274 2.4443242 5.2620657
4.4639126 2.4442941 5.2623778
4.4644603 2.4447615 5.2627157
4.4636395 2.4448027 5.2622649
4.4678845 2.0263625 1.3602833
4.4678786 2.0262752 1.3605636
4.4678903 2.026224 1.3608171
4.4678901 2.0261828 1.3610759
4.467834 2.0263452 1.3615992
4.4682328 2.026584 1.362057
4.4684639 2.0263462 1.3623551
4.4691098 2.0261842 1.3630223
4.468109 2.0258699 1.3622856
4.4677386 2.0255699 1.3622551
4.4687178 2.0256391 1.3629789
4.4685718 2.0263327 1.3629716
4.468543 2.026397 1.3627714
4.4683653 2.0264326 1.3624396
4.4697025 2.0260089 1.3618015
4.4695464 2.0260209 1.3614794
4.4674585 2.025837 1.3610452
4.4672259 2.0258503 1.360739
4.4669679 2.0258795 1.3604418
4.4666547 2.0259185 1.3601656
4.4663084 2.0259564 1.3599108
4.4659066 2.0260108 1.3596505
0 0 0
2.1824733 1.6536096 6.0896864
2.1793218 1.6533613 6.0932314
2.1795059 1.6532032 6.0930928
2.1800941 1.6534254 6.0928997
2.1802536 1.6532876 6.0928381
2.1803576 1.6531693 6.0928041
2.180612 1.6533911 6.0926774
2.1807783 1.6529764 6.0925312
2.1809248 1.6533092 6.0933188
2.1808406 1.6533659 6.0933077
2.1807667 1.6534651 6.0932875
2.180708 1.6535596 6.0932365
2.1806373 1.6536214 6.0931571
2.1806366 1.6536547 6.0930741
2.1806502 1.6536627 6.0929794
2.1807887 1.6535874 6.0928826
2.1807852 1.6535339 6.092764
2.1806699 1.6534416 6.0928961
2.1805356 1.6527762 6.0924629
2.180178 1.6525702 6.0922433
2.1807318 1.6535346 6.0913743
2.1808782 1.6532724 6.0916149
2.1814302 1.6530457 6.0916864
2.1817079 1.6527962 6.0917584
2.1820513 1.6525167 6.0919142
2.1824509 1.6522585 6.0919937
3.864137 1.8690419 3.0161377
3.863885 1.8694588 3.0161557
3.8636356 1.8699003 3.0161858
3.8634271 1.8702888 3.0162661
3.8632554 1.8705547 3.0166214
3.8628603 1.87182 3.0167648
3.8630428 1.8726182 3.0168606
3.8632752 1.872002 3.0165396
3.8628193 1.869729 3.0161547
3.8629048 1.8689586 3.0157087
3.8627223 1.8657909 3.0141156
3.8628171 1.8648163 3.0138703
1.8347396 2.6655584 3.5622224
1.8348766 2.6654507 3.5621545
1.8349801 2.6654018 3.5620473
1.8350477 2.6654235 3.5618089
1.8350048 2.6655075 3.5615905
1.8350963 2.665648 3.5615715
1.835023 2.6659313 3.5613723
1.8349656 2.6663095 3.5611924
1.8348737 2.6667997 3.5617512
1.834881 2.6671904 3.5616599
1.8349901 2.6674744 3.5616852
1.8340542 2.6687517 3.5596476
1.8337339 2.6686292 3.5594541
1.8357403 2.668791 3.5615923
1.8327205 2.6675138 3.5595478
1.8332098 2.667347 3.5600228
1.8345532 2.6669424 3.5613316
1.8388118 2.6649202 3.5661215
1.839448 2.664772 3.5667369
1.8375538 2.6668864 3.5619812
1.8388627 2.6681641 3.562911
1.3436538 2.0166789 6.0829112
1.3434522 2.0164096 6.0834726
1.343304 2.0162214 6.0839421
1.3435157 2.0158162 6.0855479
1.3443997 2.0163541 6.0861154
1.3445352 2.0163453 6.0867904
1.3444926 2.0165915 6.0869315
1.3446669 2.0164581 6.0869608
1.3448564 2.016428 6.0869679
1.3456498 2.01478 6.0866047
1.345102 2.0138252 6.086795
0 0 0
3.6467059 1.7128523 3.1347138
3.6469057 1.7140108 3.1352161
3.6472632 1.7145081 3.136492
3.6469542 1.714613 3.1377248
3.6468628 1.7147151 3.1377637
3.6467692 1.7148293 3.1377645
3.6468811 1.7154388 3.1375319
3.6469047 1.7149118 3.1364687
3.6467541 1.7150088 3.1364863
3.6466872 1.7152575 3.136354
3.6459588 1.7163022 3.1369444
3.6456433 1.7159274 3.1362708
3.6459195 1.7161198 3.1363345
3.6458294 1.7163785 3.1364511
3.6458033 1.7165408 3.1366338
3.6457174 1.7168368 3.1369008
3.6454939 1.717157 3.1371823
3.6455674 1.7145639 3.139093
3.644374 1.7146948 3.1386689
4.4672227 2.4449222 5.2616136
4.4666864 2.4447736 5.2612631
4.4662938 2.4446375 5.2608386
4.4659949 2.4445323 5.2605152
4.4657369 2.4444977 5.2602909
4.4654184 2.4444969 5.2600947
4.4676274 2.4433276 5.2604054
4.4669297 2.4426283 5.2610366
4.466434 2.4429115 5.2609295
4.4661248 2.4435591 5.2612118
4.4654097 2.443975 5.2612206
4.4646966 2.4439547 5.2611029
4.4644192 2.44395 5.2614767
4.4641347 2.4439519 5.2618309
4.4637773 2.4433868 5.2619501
4.4676793 2.0265635 1.3600257
4.4676477 2.0266069 1.3604611
4.4676318 2.0266091 1.3608565
4.4676564 2.026583 1.3612233
4.4676817 2.0265563 1.3615759
4.4677579 2.0265384 1.3618791
4.4688891 2.0264837 1.3628045
4.4689804 2.0264542 1.3630207
4.468111 2.0260905 1.3628432
4.4680092 2.0260841 1.3629525
4.4680587 2.0261162 1.3629275
4.4681627 2.0263355 1.3628861
4.4682038 2.0263475 1.3626679
4.4682463 2.0263239 1.3624099
4.4681859 2.0262549 1.3620795
4.4677565 2.0260713 1.3614083
4.4675585 2.0260111 1.361087
4.4673112 2.0259324 1.3607766
4.4669959 2.0258859 1.3604707
4.4666637 2.0258591 1.3601877
4.4662272 2.0258284 1.3599098
4.4657532 2.0258202 1.3596393
4.4651495 2.0254113 1.3600011
2.1801138 1.6564266 6.0943482
2.1794141 1.6533021 6.09346
2.1793158 1.6536995 6.0934316
2.1803155 1.6541841 6.0933294
2.1805938 1.6535477 6.0927339
2.1807255 1.6534522 6.0926507
2.1807702 1.6534206 6.0925577
2.1812437 1.6535969 6.0936414
2.1810152 1.6534336 6.0931333
2.180941 1.6534621 6.0931195
2.1808536 1.6535989 6.0930871
2.1807862 1.6536115 6.0930472
2.1807318 1.6536376 6.0929836
2.1807019 1.6536682 6.0929236
2.1807311 1.653664 6.092842
2.1807757 1.6536322 6.0927681
2.1808353 1.6536337 6.0927116
2.1808818 1.6537113 6.0927476
2.180632 1.652827 6.0924497
2.1806867 1.6527597 6.0923645
2.1807724 1.6535935 6.0916314
2.1808863 1.6534244 6.0916397
2.1813489 1.6530886 6.0916481
2.1815698 1.6528529 6.0917865
2.1818012 1.6524661 6.092007
2.1830809 1.6508341 6.0925836
3.8639165 1.8692218 3.0154815
3.8636928 1.869721 3.0156179
3.8634876 1.8701741 3.0157477
3.8633574 1.8705809 3.0160162
3.8635805 1.8709255 3.0166897
3.8629163 1.8721772 3.0170447
3.8630761 1.8727179 3.0170118
3.8635765 1.8720011 3.0167214
3.8632205 1.8700943 3.0158694
3.8632026 1.8689386 3.0154813
3.862799 1.8653212 3.0139047
3.8628432 1.86414 3.0133322
1.8342164 2.6657067 3.561515
1.8342408 2.6655941 3.5613616
1.834305 2.6654806 3.5612122
1.834473 2.6654943 3.5610867
1.834525 2.6655281 3.5609811
1.8347295 2.6656075 3.561078
1.8347628 2.6658492 3.5610083
1.8361296 2.6657052 3.5621491
1.8357062 2.6666133 3.5620936
1.8352837 2.6671796 3.5615654
1.8353333 2.6674848 3.5616115
1.8348215 2.6678495 3.5608279
1.8322775 2.6676841 3.5593932
1.832567 2.6676927 3.5596851
1.832921 2.6676315 3.5600178
1.8333413 2.6675143 3.5604224
1.8338096 2.6673695 3.5608531
1.8342492 2.6672017 3.5612745
1.8381714 2.6667653 3.564476
1.8370784 2.6672265 3.5616063
1.8383125 2.6684078 3.5624203
1.3426509 2.0169681 6.0829975
1.3429182 2.0166535 6.083498
1.3431592 2.0163648 6.0839532
1.3432589 2.0157563 6.0847496
1.344289 2.0170311 6.0863572
1.3444448 2.0167884 6.0866139
1.3445971 2.0165551 6.0867737
1.344751 2.0163602 6.0867862
1.3448748 2.0161735 6.0866619
1.3459314 2.0146346 6.0869954
1.3460674 2.0143726 6.0866998
1.3463957 2.0151876 6.0821819
3.6461525 1.7124222 3.1345567
3.6468012 1.7140791 3.1363495
3.647257 1.7148592 3.1373877
3.6467428 1.7146251 3.1377404
3.6466722 1.7147505 3.1378332
3.6466467 1.7149428 3.1377265
3.6468165 1.7154729 3.1375105
3.646544 1.7155884 3.1355268
3.6466895 1.7151833 3.1363956
3.6465669 1.71542 3.1362723
3.6457902 1.7164525 3.1369005
3.6457734 1.7161507 3.1363499
3.6457136 1.716276 3.1362953
3.6456435 1.7165346 3.1364282
3.6455966 1.7167826 3.1366413
3.6455489 1.7170578 3.1369135
3.645479 1.7173743 3.137206
3.6457029 1.7147917 3.1390803
3.6443394 1.7163178 3.1394425
4.4705379 2.4433908 5.2638652
4.4674666 2.4446199 5.2618699
4.4670932 2.4445449 5.2614587
4.4666242 2.4445169 5.2610782
4.4657479 2.444558 5.2604246
4.4653642 2.444525 5.2601473
4.4675943 2.4433012 5.2604178
4.466639 2.4431011 5.2606762
4.4659404 2.4430285 5.2607132
4.466477 2.4434983 5.2613245
4.4656387 2.4438251 5.2612287
4.4654472 2.4437972 5.2615704
4.4652983 2.4437576 5.2619693
4.4651354 2.4436899 5.2624271
4.465434 2.4433352 5.2629589
4.4732933 2.4421695 5.2711904
4.4674976 2.0267936 1.3605702
4.4675015 2.0267916 1.3609118
4.4674913 2.0267863 1.3612481
4.4675447 2.0267669 1.3616377
4.4675484 2.0267388 1.3619132
4.4675972 2.0267241 1.3621668
4.4677753 2.0259893 1.3624736
4.4674992 2.0250056 1.362915
4.4675651 2.0250228 1.3629298
4.4675848 2.0257494 1.3628604
4.4678807 2.0266145 1.3627603
4.4679597 2.0266065 1.3626039
4.4680566 2.0265934 1.3622564
4.4680793 2.0265225 1.3619999
4.4677044 2.0263005 1.3613924
4.4675796 2.0261902 1.361109
4.4673519 2.0260708 1.3608133
4.4670675 2.0259369 1.3605256
4.4666923 2.0258136 1.3602493
4.4660203 2.0256515 1.3599492
4.4655779 2.0255008 1.3597282
4.4652948 2.0250247 1.3600914
2.1798467 1.655211 6.0942626
2.1795004 1.653592 6.0936433
2.1795957 1.6535706 6.0934623
2.1806277 1.6538621 6.0927824
2.1806949 1.653676 6.092649
2.1807887 1.6535947 6.0925418
2.1808316 1.6535177 6.0924443
2.1812912 1.6537202 6.0935454
2.1811983 1.6536433 6.0929699
2.1809942 1.6535908 6.0929754
2.1808874 1.6536719 6.0929477
2.1808175 1.6536482 6.0929155
2.180748 1.6536786 6.0928694
2.1807241 1.6536921 6.092808
2.1807894 1.6534303 6.092626
2.1808427 1.6536184 6.0927457
2.1809803 1.6537313 6.0928962
2.1810023 1.6537851 6.0928332
2.1806699 1.6529027 6.0924965
2.1807044 1.6528629 6.0924228
2.1807404 1.6536958 6.091684
2.1807997 1.6535453 6.0916697
2.1808666 1.6533276 6.0917051
2.1813602 1.6530078 6.0918652
2.18273 1.652213 6.0933285
2.1826558 1.65057 6.093122
0 0 0
3.8636097 1.870806 3.0151599
3.8635294 1.87121 3.0154681
3.8634405 1.8715806 3.0157139
3.8634073 1.8718713 3.0160001
3.8633714 1.8723588 3.016397
3.8631108 1.8729558 3.0170327
3.8636616 1.8717349 3.0165431
3.8638723 1.8708756 3.0162826
3.8640007 1.8698241 3.0159485
3.8618366 1.8662138 3.013591
0 0 0
1.8337689 2.6658231 3.5609151
1.8336631 2.6656811 3.5606882
1.8335551 2.665568 3.5605086
1.8336654 2.6654632 3.5605177
1.8340048 2.665567 3.5604406
1.8342369 2.6656461 3.5605468
1.8344518 2.6658269 3.5606444
1.8362032 2.6658379 3.5618687
1.8362471 2.6664905 3.5626224
1.8354739 2.6671576 3.5617557
1.8356109 2.6674706 3.561957
1.8355637 2.6677612 3.5620332
1.8326304 2.6676138 3.5598758
1.8328578 2.6676547 3.5601139
1.8331261 2.6676214 3.560404
1.8334532 2.6675669 3.5607047
1.8337886 2.6674597 3.5610152
1.8341387 2.667323 3.5612874
1.8344039 2.667202 3.5615085
1.8365997 2.6674783 3.5611507
1.8364005 2.6674138 3.5609602
1.8315011 2.6685518 3.5567257
0 0 0
1.343951 2.0179002 6.0859389
1.3441306 2.0176297 6.0862392
1.3441455 2.0173502 6.0866332
1.3442966 2.0170842 6.0867831
1.3444117 2.0168667 6.0868413
1.3440023 2.0169079 6.0860175
1.3445713 2.0173307 6.0851652
1.344648 2.0171728 6.0849897
1.3461889 2.0154118 6.085814
1.3451993 2.0151508 6.0842047
3.6465766 1.7141717 3.1371821
3.6465156 1.7143344 3.137401
3.6464991 1.7145133 3.1376046
3.64652 1.7146776 3.1377513
3.6464722 1.7148474 3.1378389
3.6470683 1.7148704 3.1377002
3.6469616 1.715187 3.1377059
3.6463861 1.715675 3.1355285
3.6465615 1.7152827 3.1364077
3.6463969 1.7155243 3.1362633
3.6458585 1.7157833 3.1363149
3.6456365 1.7160897 3.136285
3.6455286 1.7163917 3.1363262
3.6454551 1.7166583 3.1364647
3.6454454 1.7169481 3.1366798
3.6454647 1.7172449 3.1369492
3.6455006 1.7175541 3.1372286
3.645553 1.7178876 3.1375355
3.6446972 1.7177799 3.1398779
4.4713197 2.4437937 5.2652083
4.4711674 2.4431865 5.2652887
4.4707052 2.443127 5.264764
4.4700385 2.4433076 5.2639646
4.4697992 2.444277 5.2632002
4.4685834 2.4441614 5.2621797
4.46784 2.4440837 5.2616938
4.4671711 2.4437814 5.2607183
4.4668151 2.4437108 5.2612961
4.4665822 2.4436445 5.2614087
4.4658213 2.4437085 5.2611939
4.4657093 2.4436195 5.2615035
4.4655853 2.4435537 5.2618723
4.4654871 2.4434694 5.2622942
4.4658388 2.4431052 5.2627818
4.4705902 2.4422649 5.2649588
4.4673761 2.0269317 1.3608355
4.4673458 2.0269548 1.3610868
4.4673386 2.0269749 1.361337
4.4673235 2.0269906 1.3616013
4.4673353 2.0269993 1.3618142
4.4673384 2.0270133 1.3620034
4.4674941 2.0262953 1.3622917
4.4675365 2.0263346 1.362403
4.4675277 2.0264849 1.3624761
4.467357 2.026909 1.3625045
4.4675383 2.0269483 1.3625014
4.4676517 2.0269494 1.3623863
4.4678299 2.0269247 1.3620746
4.4679004 2.0268545 1.3618461
4.4676187 2.0265817 1.3613691
4.4675464 2.026448 1.3611094
4.4673837 2.0262631 1.3608667
4.4670883 2.0260316 1.3606285
4.4667203 2.0257593 1.3603992
4.4661252 2.0255183 1.360008
4.4656857 2.0252171 1.359774
4.4652109 2.0248553 1.3597244
2.1796268 1.654944 6.0949552
2.1796026 1.6534177 6.0937999
2.1803576 1.6537473 6.0931918
2.1806231 1.6537879 6.0927286
2.1807181 1.6537081 6.0925722
2.1807715 1.6537163 6.0925152
2.1804889 1.653492 6.0928887
2.1804984 1.6534671 6.092834
2.1804971 1.6534059 6.0928047
2.1805121 1.6533627 6.0928165
2.1804934 1.6533091 6.0928456
2.1804711 1.6532674 6.0928515
2.1804699 1.6532611 6.0928559
2.1808452 1.6531927 6.09261
2.1808764 1.6532581 6.0926291
2.1808627 1.6536536 6.0927805
2.1810012 1.6537751 6.0929689
2.1810452 1.6538553 6.0928829
2.1811138 1.6534785 6.0926157
2.1812484 1.6538141 6.0923469
2.1812494 1.653741 6.0922741
2.1810367 1.6535719 6.0923466
2.1810229 1.6533357 6.0923957
2.1810334 1.6530403 6.0925375
2.1810092 1.6527706 6.0927199
2.1818152 1.6517644 6.0948343
0 0 0
3.86335 1.8713606 3.0145851
3.8633967 1.8718345 3.0148782
3.8634528 1.8720946 3.015316
3.8634676 1.8723065 3.0156914
3.8635111 1.8724221 3.016078
3.8632608 1.8727509 3.0167174
3.863886 1.8716939 3.0164459
3.8640922 1.8708904 3.0163269
3.8643205 1.8700301 3.0161988
3.8631909 1.8670808 3.0148645
1.8344704 2.6655737 3.5611559
1.8334975 2.6658509 3.5604561
1.8332562 2.6656999 3.5601956
1.8330561 2.6655728 3.5599533
1.8330178 2.6655171 3.5598432
1.8328589 2.6653096 3.5596191
1.83296 2.6654434 3.5596194
1.8330493 2.6656739 3.5596851
1.833891 2.6659674 3.5602016
1.8360863 2.6658557 3.5617421
1.8356576 2.6670758 3.5618439
1.8357006 2.6674475 3.5621069
1.8358816 2.6676772 3.5623498
1.8329558 2.6674724 3.5602141
1.8332091 2.6675086 3.5605198
1.8332515 2.6674472 3.5606197
1.8337929 2.6673882 3.5613201
1.8339276 2.6672636 3.5614235
1.8343253 2.6669694 3.5617767
1.8341212 2.6667453 3.5611556
1.8344695 2.6668474 3.5608922
1.8342935 2.6660819 3.5588965
1.8342905 2.6664537 3.5586677
0 0 0
1.3442433 2.0178878 6.0858843
1.3444039 2.0175629 6.0861384
1.3443758 2.0172305 6.086463
1.3445346 2.0169518 6.0866749
1.3446548 2.0167467 6.0868248
1.3441672 2.0167453 6.0859388
1.3446848 2.0172319 6.0851351
1.3447098 2.0171601 6.0850274
1.3450251 2.0165044 6.0845916
1.3449402 2.0164875 6.0843333
3.6466579 1.7143275 3.137331
3.6464132 1.7144343 3.1374574
3.646306 1.7145999 3.1376319
3.6463982 1.7148446 3.1377864
3.6462844 1.7149877 3.1378527
3.6468606 1.7152009 3.1379101
3.6467624 1.7153287 3.1377869
3.6461703 1.7146826 3.136913
3.6459859 1.7147225 3.136717
3.6459274 1.7150612 3.1363501
3.6449631 1.7141066 3.1356644
3.6448586 1.7143986 3.1356349
3.6448144 1.7147036 3.1356915
3.6450363 1.7154973 3.1360467
3.6450912 1.7159096 3.1362032
3.6451711 1.7163235 3.1364274
3.645664 1.7173447 3.1378306
3.6460428 1.7178899 3.1382356
3.646657 1.7180222 3.1400449
4.471148 2.4434535 5.2666313
4.4706137 2.4434067 5.266037
4.4707312 2.443401 5.2649962
4.4703038 2.4433443 5.2645459
4.4699399 2.4432732 5.2637531
4.4694101 2.4438093 5.262821
4.467855 2.4442548 5.2618214
4.4674912 2.444158 5.2616173
4.4672683 2.4440102 5.2615814
4.4668992 2.4438504 5.2614864
4.4660379 2.4436198 5.2611472
4.4659401 2.443487 5.2613825
4.4658695 2.4433799 5.2616716
4.4660744 2.4429211 5.2617453
4.4669512 2.4425252 5.2634437
4.470894 2.4420098 5.2644971
4.4672495 2.0270286 1.3612343
4.4672022 2.0270875 1.3613359
4.4671406 2.0271479 1.3614492
4.4671041 2.0271993 1.3615578
4.467054 2.0272453 1.3616598
4.4670384 2.0272881 1.3617355
4.4670175 2.0273399 1.3617935
4.4674926 2.0285345 1.3617654
4.4675208 2.0285941 1.3618198
4.4676114 2.0286479 1.3618237
4.4677335 2.0286976 1.3617928
4.467698 2.0285903 1.3619237
4.4669478 2.0268014 1.3621673
4.4662977 2.0275627 1.361039
4.4663873 2.027453 1.3608694
4.4671002 2.0264846 1.3607344
4.4674057 2.026548 1.3608902
4.4671903 2.0261744 1.3607093
4.4668611 2.025803 1.3604769
4.4664147 2.0253944 1.3601977
4.465976 2.0249555 1.3599865
4.4654815 2.0244688 1.3598052
2.1796068 1.6531749 6.0941744
2.179686 1.6532614 6.0938454
2.1808627 1.6534101 6.0935382
2.1809237 1.6539142 6.093455
2.1809583 1.6540253 6.0932033
2.1801336 1.6538885 6.0924771
2.1804375 1.6535827 6.09284
2.1804412 1.6535667 6.0928019
2.1803396 1.6534519 6.0927711
2.1799875 1.653412 6.0928416
2.1799283 1.6533604 6.0928551
2.1804673 1.6532953 6.092801
2.1805881 1.6533217 6.0929665
2.1810285 1.6529964 6.0924461
2.1812512 1.6534627 6.0934735
2.1809192 1.6538034 6.0930983
2.1809608 1.6538114 6.0930977
2.1809561 1.6539388 6.0927142
2.1811357 1.6538956 6.0926079
2.1811217 1.6538967 6.0925075
2.18107 1.653814 6.092445
2.181004 1.6536618 6.0924704
2.1807687 1.6534406 6.0924936
2.1806884 1.6531766 6.0926402
2.1805551 1.65291 6.0928452
2.1804003 1.6526213 6.0931187
2.1803833 1.6520982 6.093624
3.8630596 1.8718849 3.0140737
3.8632146 1.8722049 3.0144476
3.8633417 1.8723405 3.0148935
3.8634775 1.8724272 3.0153269
3.8636146 1.8723871 3.0157225
3.8637608 1.8721283 3.016027
3.8641509 1.8716403 3.016345
3.8644096 1.870968 3.0164336
3.864682 1.8702268 3.016493
3.863559 1.8673795 3.0152932
1.8346685 2.6654082 3.5609508
1.8333584 2.6657673 3.5601224
1.83293 2.6656458 3.559775
1.8326476 2.665572 3.5595101
1.8325346 2.6655571 3.5593726
1.8324155 2.6654171 3.5592232
1.832568 2.6655387 3.5592726
1.8327355 2.6657406 3.5593941
1.8327626 2.6661864 3.5590496
1.836089 2.6659825 3.5615526
1.8359772 2.6670376 3.5621088
1.8357122 2.6674348 3.562006
1.8360649 2.6675734 3.5624119
1.8344185 2.6670786 3.5617047
1.8346479 2.6671712 3.5620122
1.8346064 2.6672083 3.5629932
1.8346975 2.6673 3.5630593
1.8347693 2.6673622 3.5631234
1.8343605 2.6668427 3.5616703
1.8342684 2.6667905 3.5609788
1.8343908 2.6668497 3.5609401
1.8346554 2.6659822 3.5596202
1.8337484 2.6666095 3.558055
1.3494601 2.0220907 6.095918
1.3449203 2.0178575 6.08566
1.3450729 2.0175249 6.0859233
1.345202 2.0171941 6.0861417
1.3452962 2.0169099 6.0863137
1.345193 2.0167479 6.0862728
1.3445803 2.0162486 6.0860736
1.3448334 2.0168576 6.085295
1.3447936 2.016878 6.0852327
1.3447356 2.0169565 6.0851399
1.3444855 2.0173581 6.0843756
3.6465953 1.7144755 3.1373835
3.646288 1.7146021 3.1375152
3.6461474 1.7147673 3.1376853
3.6460157 1.7149093 3.1378456
3.6460847 1.7151085 3.1378658
3.6466205 1.7153635 3.1380112
3.646515 1.7155737 3.1380576
3.6457368 1.7147325 3.1368604
3.6454902 1.7150621 3.1366133
3.6457225 1.7150521 3.1364468
3.6449245 1.7142347 3.1361177
3.6448466 1.7143611 3.1360784
3.6448269 1.7148179 3.136036
3.6449085 1.715416 3.136181
3.6449098 1.7157909 3.1363293
3.6451758 1.716396 3.1364451
3.6454166 1.7168832 3.1367243
3.6456891 1.7173061 3.1370271
3.6460135 1.7177308 3.1373487
4.4710434 2.4436356 5.2667099
4.4705861 2.4435725 5.266205
4.4706331 2.443705 5.2651484
4.4703379 2.4435836 5.2647498
4.4699698 2.4435131 5.2640308
4.4691367 2.4434809 5.2629473
4.4676759 2.4445363 5.2618644
4.4674838 2.4443315 5.2617417
4.4672479 2.4441417 5.2616478
4.4670377 2.4439103 5.2615876
4.4668235 2.4437251 5.2615982
4.4666515 2.4435216 5.2615998
4.4666567 2.4432591 5.2617941
4.4663907 2.4429767 5.261375
4.4664936 2.4431211 5.2617893
4.464919 2.4450095 5.2610082
4.4671444 2.0270931 1.3617058
4.467042 2.027198 1.3616383
4.4669498 2.0273037 1.3615663
4.4668459 2.0273982 1.3615064
4.4667639 2.0274755 1.3614429
4.4666826 2.0275443 1.3614005
4.4666359 2.0276213 1.3613592
4.4667768 2.0280661 1.3611168
4.467116 2.0289357 1.3613881
4.4671748 2.0290056 1.3613842
4.4673291 2.0291018 1.3613954
4.4673378 2.0290069 1.3616279
4.4667406 2.0277439 1.362021
4.46621 2.0277055 1.3610591
4.4663164 2.0276042 1.3607723
4.466428 2.0273758 1.3606136
4.4674749 2.0268823 1.360924
4.4673099 2.02641 1.3607388
4.4670874 2.025911 1.360525
4.4667207 2.0253592 1.3602912
4.466279 2.0247459 1.3600821
4.4658407 2.0241179 1.3599033
2.1797911 1.6529425 6.0942077
2.1798299 1.6531125 6.0938027
2.1798763 1.6532718 6.0934195
2.1799157 1.653419 6.0931255
2.1800624 1.653753 6.0926443
2.1801151 1.6538944 6.092481
2.180435 1.6536374 6.0927961
2.1804134 1.6536596 6.0927724
2.1791445 1.6512337 6.0925881
2.1790911 1.6512206 6.0926199
2.1790378 1.6511913 6.0926709
2.1804627 1.6533683 6.0927908
2.1807219 1.653132 6.0927462
2.1809264 1.6530292 6.0924966
2.1805765 1.6536992 6.0934387
2.1805413 1.6536635 6.093505
2.1804019 1.6538573 6.0933284
2.1809256 1.6539372 6.0928827
2.1810381 1.6539216 6.0927832
2.1809441 1.6538969 6.0926986
2.1808399 1.6538356 6.0926373
2.1806936 1.6537243 6.0926041
2.1804574 1.6535255 6.0926008
2.1802763 1.6533129 6.0927185
2.1800985 1.6530449 6.0928994
2.1798865 1.6527636 6.0931114
2.1798497 1.6523032 6.0935134
3.86278 1.8724626 3.0135965
3.8630132 1.8725107 3.0140354
3.863258 1.872542 3.0144705
3.8634866 1.8724731 3.0148919
3.863725 1.872271 3.0152771
3.8639872 1.8719224 3.0156092
3.8644472 1.8715563 3.0162248
3.864756 1.8710037 3.0165247
3.865079 1.8704146 3.0168065
1.8383396 2.6715132 3.5660462
1.8342499 2.6661721 3.5602604
1.8335161 2.6656499 3.5600572
1.832772 2.665526 3.5595213
1.8324028 2.6655627 3.5592465
1.8321723 2.6655985 3.5590611
1.8321348 2.6656092 3.5590068
1.8328241 2.6661622 3.559363
1.8331838 2.666374 3.5596054
1.8336351 2.6666041 3.5599486
1.8342048 2.6668173 3.5603845
1.8348659 2.6671086 3.5612067
1.835673 2.6672825 3.5617993
1.8361049 2.6673771 3.5622341
1.8347004 2.666815 3.5617609
1.8349819 2.6668743 3.5620636
1.8349705 2.6670963 3.56299
1.8349708 2.6670854 3.5629468
1.8349015 2.6671297 3.5629349
1.8343817 2.6666037 3.5614382
1.8341685 2.6668197 3.5605987
1.8341204 2.6668744 3.5604135
1.8340835 2.6659509 3.5589075
1.8334862 2.6666588 3.559326
1.8338089 2.6676253 3.5601097
1.3453734 2.0177094 6.0854757
1.3455027 2.0173424 6.0857643
1.345587 2.0170204 6.0860264
1.3456565 2.0167386 6.086255
1.3447278 2.0163436 6.0851565
1.3444276 2.0163119 6.084845
1.3450064 2.0167454 6.0854202
1.3449084 2.0168337 6.0854501
1.3447751 2.016999 6.0854585
1.3446593 2.0171457 6.0855447
3.6465011 1.7147323 3.1374537
3.6462334 1.7147882 3.1376879
3.6460614 1.7149316 3.1378219
3.645863 1.7150944 3.1379125
3.6461503 1.715685 3.1380872
3.6458385 1.7160345 3.1380548
3.6456056 1.7161696 3.1378955
3.6447337 1.7140162 3.1362963
3.6446341 1.7141327 3.1362065
3.6445257 1.7143061 3.1360936
3.6447389 1.7141805 3.1362658
3.6447317 1.7144649 3.1362416
3.6447947 1.7147922 3.1362101
3.6448778 1.7152482 3.136303
3.6446746 1.7159061 3.1362126
3.6448952 1.7163626 3.1364196
3.6455046 1.7169311 3.1367302
3.6457788 1.7174054 3.1369925
3.6465593 1.7179318 3.136558
4.4702591 2.4445797 5.2645063
4.470423 2.4445246 5.2642914
4.4700057 2.4445405 5.2639092
4.4695151 2.4445517 5.2635294
4.4690763 2.4444682 5.2631282
4.4681928 2.4451705 5.2624677
4.4678321 2.4449326 5.2621722
4.4675593 2.4446006 5.2620426
4.467301 2.4442998 5.2617962
4.4670616 2.4440234 5.2616008
4.4669456 2.4437324 5.2615074
4.4666678 2.4434622 5.2612218
4.4666786 2.4431882 5.2612863
4.4665119 2.4431038 5.2612052
4.4675207 2.4435731 5.2624646
4.4690675 2.4445055 5.2647545
4.4670323 2.0271478 1.3622057
4.4668968 2.0272945 1.3619516
4.4701853 2.0300487 1.3653502
4.4700524 2.0301794 1.3650904
4.4670493 2.0282578 1.3609703
4.4645534 2.028316 1.3596307
4.4644667 2.0283992 1.359487
4.4657303 2.0278578 1.3595111
4.4656898 2.0279251 1.3593102
4.4662365 2.0290176 1.3595616
4.4663561 2.0291054 1.359598
4.4667212 2.0287762 1.360989
4.4656935 2.0281698 1.3608149
4.4659317 2.0281478 1.3608327
4.4661301 2.0280518 1.3606577
4.4663458 2.0277986 1.3605709
4.4669175 2.0279439 1.3605743
4.4674987 2.0266578 1.3607625
4.4673888 2.0260584 1.3605779
4.4671084 2.025361 1.3603897
4.4665865 2.0245864 1.3601711
4.466201 2.0237715 1.3600102
0 0 0
2.1800166 1.6529963 6.093709
2.1800247 1.6531872 6.0933618
2.1800412 1.65336 6.0930963
2.1801753 1.6537633 6.0926222
2.1801853 1.653916 6.0924913
2.180166 1.6540053 6.0924393
2.1802674 1.6540313 6.0924932
2.1802247 1.6540373 6.0925312
2.180559 1.6535119 6.0926193
2.1804885 1.6534724 6.0927011
2.1804206 1.6534325 6.0927931
2.1804956 1.6534904 6.0925679
2.1805077 1.6537889 6.0927276
2.1803256 1.6537455 6.0935119
2.1802914 1.6537844 6.0935928
2.1802848 1.6538653 6.0935789
2.1808671 1.6539227 6.0929269
2.1808789 1.6538709 6.0929672
2.1809031 1.6540007 6.0928883
2.1807449 1.6538927 6.0927932
2.1804033 1.6537611 6.092793
2.180051 1.6535301 6.092701
2.1798027 1.6533834 6.0925325
2.1796169 1.6531446 6.0925377
2.1763266 1.6540568 6.0921913
2.1760765 1.6541468 6.0923983
3.8624883 1.8730202 3.01313
3.8628295 1.8728817 3.0135849
3.8631879 1.872763 3.0140194
3.863536 1.8725204 3.014452
3.8638845 1.8721811 3.0148641
3.8642708 1.8717708 3.0152892
3.8647395 1.8714561 3.0160749
3.8651266 1.8710195 3.0165925
3.8654923 1.8705838 3.0171222
1.8398972 2.6680309 3.5648631
1.8358105 2.6662651 3.5612805
1.833546 2.6652805 3.559826
1.832859 2.6653926 3.5594533
1.8323481 2.6655526 3.5591541
1.8319672 2.665735 3.5588969
1.8318305 2.6659539 3.5587854
1.83246 2.666365 3.5591261
1.8327691 2.6665585 3.5593165
1.8332613 2.6667163 3.5596316
1.8338781 2.6668376 3.5600623
1.8347573 2.6668799 3.5606718
1.8356277 2.667146 3.561505
1.8360647 2.6671437 3.5618755
1.835332 2.6665472 3.5620694
1.8354372 2.6665609 3.562145
1.835227 2.6668122 3.5628056
1.8360193 2.667285 3.5632511
1.8371059 2.6672039 3.5636965
1.8342734 2.666568 3.56046
1.8341426 2.6666498 3.5601983
1.8339519 2.6667738 3.5598639
1.8332778 2.6671226 3.5587545
1.8334197 2.6672147 3.5590502
1.8332374 2.6675722 3.5588302
1.3458936 2.0175022 6.0852963
1.3459607 2.0171518 6.0856445
1.3460169 2.0168304 6.0859609
1.3460438 2.0165828 6.086255
1.3452152 2.0160638 6.0845552
1.3451467 2.0160244 6.0847739
1.3452585 2.0166087 6.0856903
1.3450927 2.0167873 6.0857688
1.3449013 2.0170114 6.0858855
1.3447287 2.0172556 6.0860172
3.6463717 1.7150535 3.1375024
3.6461958 1.7151509 3.1376568
3.6460699 1.7150851 3.1377837
3.6456135 1.7152514 3.1378264
3.6456305 1.715905 3.1379423
3.6454923 1.7160162 3.1379486
3.6453749 1.7161653 3.1379123
3.6445364 1.7139766 3.136276
3.644464 1.714057 3.1361895
3.6443988 1.7141516 3.136077
3.644615 1.71409 3.1363598
3.644631 1.7142956 3.1363447
3.6456212 1.7151604 3.1366522
3.6448893 1.7150437 3.1363721
3.6460766 1.7159421 3.1369695
3.6463074 1.7163734 3.1372012
3.6456253 1.7168601 3.1371548
3.6465736 1.7175065 3.1373364
3.6467444 1.717888 3.1365813
4.4697647 2.4449712 5.2639902
4.4693104 2.4445819 5.2635287
4.4688402 2.4452661 5.2629813
4.4681525 2.4456084 5.2624891
4.46782 2.445471 5.2622777
4.4676413 2.4452672 5.2621192
4.467614 2.4452221 5.2622471
4.4674435 2.4447987 5.2621371
4.4671882 2.4444831 5.2618212
4.4670063 2.4441329 5.2615398
4.4668597 2.4438145 5.261269
4.4665798 2.4434285 5.260731
4.4665323 2.4431771 5.2605997
4.4665014 2.4429588 5.2605515
4.4663306 2.4430507 5.2605871
4.4692627 2.4442601 5.2640503
0.41198603 2.0382955 0.96196423
0.4101269 2.0361745 0.95987328
0.40982109 2.036152 0.95877882
0 0 0
4.4687654 2.0268578 1.3600103
4.4641824 2.0285533 1.3592333
4.4640633 2.0286596 1.3589796
4.4665805 2.0264228 1.3595595
4.4666103 2.0265528 1.3595428
4.465697 2.0289946 1.3590147
4.4658484 2.029136 1.3591408
4.4663349 2.0292031 1.3606325
4.4665963 2.0292602 1.3607641
4.4656262 2.0286456 1.3606045
4.4659386 2.0284954 1.3605481
4.4662383 2.0282133 1.3605143
4.4669591 2.0283273 1.3605577
4.4677177 2.0272702 1.3604558
4.467876 2.0265724 1.3603011
4.4680083 2.0257666 1.360139
4.4681051 2.0248868 1.3599334
4.958724 1.6252987 1.6491569
4.9587289 1.6257666 1.6493011
0 0 0
2.1783518 1.6513159 6.088756
2.1824744 1.6521798 6.0942921
2.1803387 1.6537638 6.0926112
2.1803276 1.6539194 6.0924864
2.1803296 1.6540256 6.0924136
2.1803353 1.6540812 6.0924301
2.1802852 1.6540882 6.0924622
2.1805798 1.6535788 6.0925602
2.1804682 1.6535314 6.0926634
2.1802991 1.6534616 6.0928384
2.1805544 1.6537434 6.0929895
2.1801526 1.6536575 6.0934742
2.1800951 1.6537422 6.0937155
2.1800969 1.6537968 6.093781
2.1801275 1.6539426 6.0937905
2.1806976 1.6538951 6.0932299
2.1806396 1.6538413 6.0931763
2.1805411 1.6537344 6.0930833
2.1803819 1.6536059 6.0929409
2.18016 1.6534473 6.0927986
2.1799436 1.653323 6.0926802
2.1819639 1.6541658 6.09198
2.1799397 1.6531558 6.0921818
2.1779705 1.6539895 6.0911181
2.1820477 1.657513 6.089458
4.4284149 1.5638622 2.3509469
4.4282793 1.5632811 2.3505464
4.4277349 1.5629734 2.3496485
4.4276497 1.5623785 2.3492886
4.4329741 1.5586012 2.3476507
3.8645161 1.8715824 3.0149131
3.8674105 1.8668229 3.0195563
3.8715758 1.8688396 3.0212235
4.4306156 1.5668664 2.3498561
1.8364175 2.6663954 3.5610224
1.8344083 2.6645289 3.5598889
1.8336777 2.6648899 3.5597045
1.8330449 2.665212 3.5594715
1.832484 2.6655097 3.5592337
1.8319281 2.6658682 3.558871
1.8316493 2.6661725 3.5587017
1.8320843 2.6666901 3.558922
1.8323335 2.6668063 3.5590212
1.8328113 2.6668467 3.5592535
1.833437 2.666828 3.5595939
1.833962 2.6667456 3.5598072
1.8346457 2.666694 3.5602415
1.8354123 2.6666998 3.5607484
1.8359096 2.6666901 3.5610969
1.8362108 2.667202 3.561299
1.8363796 2.667219 3.5614223
1.8363908 2.6672521 3.5613941
1.8356698 2.6668979 3.5606909
1.834562 2.6662601 3.560203
1.8342218 2.6664101 3.559764
1.8338564 2.6666183 3.559261
1.8334917 2.666903 3.5587071
1.8330728 2.6671925 3.5581287
1.8326819 2.6674837 3.557563
1.3468433 2.0176388 6.081749
1.3457612 2.0156651 6.0833332
1.3457831 2.0153355 6.0837538
1.3457677 2.0150715 6.0841679
1.3457114 2.0155906 6.0846078
1.3455179 2.0153668 6.0858762
1.3455705 2.0156748 6.0865761
1.3453148 2.016639 6.0863057
1.3451166 2.0169712 6.0865087
1.3449166 2.0173166 6.0866345
3.646558 1.7156239 3.1364836
3.6459903 1.7154207 3.1373235
3.6457603 1.7154251 3.1374003
3.6453493 1.7155877 3.137711
3.6448718 1.7159311 3.1381153
3.6447197 1.7158741 3.1380846
3.6446002 1.7157909 3.1380159
3.6445509 1.715732 3.1379137
3.6441113 1.7140585 3.1367279
3.6439829 1.7140685 3.1365719
3.6445624 1.7139012 3.1363231
3.6446441 1.7141303 3.136403
3.645748 1.7148913 3.1366138
3.6459447 1.7152617 3.1367367
3.6461591 1.7156855 3.1369144
3.6464331 1.71616 3.1371416
3.646721 1.7166573 3.1375008
3.6469933 1.7171045 3.1378815
3.647381 1.7175304 3.1381763
4.4692103 2.4469557 5.2629918
4.4687783 2.4468678 5.2627988
4.4684381 2.4468689 5.2627322
4.4678411 2.4459729 5.2623508
4.4675148 2.4457838 5.2621891
4.4672701 2.4453964 5.2624921
4.4666474 2.4453514 5.262042
4.4664259 2.4449754 5.2617685
4.4663118 2.4445953 5.2614211
4.4661666 2.4441616 5.2608391
4.466186 2.4437847 5.2604995
4.4663422 2.4434364 5.2601402
4.4663817 2.44311 5.2599263
4.4663209 2.4428299 5.25976
4.466378 2.4425289 5.2597084
0.41474772 2.0372567 0.96376352
0.41213256 2.0382058 0.96196211
0.41040094 2.0361836 0.96008475
0.41022433 2.0361784 0.95917127
0.40911293 2.0359858 0.95774877
0.40895261 2.038713 0.95892159
0.41327648 2.0398952 0.96067101
0.41417793 2.0404291 0.96163904
4.4660836 2.0266856 1.3588896
4.4661563 2.02686 1.358969
4.4628785 2.0290712 1.3553587
4.4618687 2.0288426 1.3564457
4.4693741 2.0308816 1.364042
4.469684 2.0309517 1.3642456
4.4653578 2.0291194 1.3603986
4.4657648 2.0289622 1.3605056
4.4661463 2.0286155 1.3604632
4.4667229 2.0279351 1.3595794
4.4678945 2.0275571 1.3604596
4.4682412 2.026784 1.3603205
4.4686011 2.0259597 1.3601554
4.9635556 1.6228582 1.6504763
4.9627331 1.621836 1.6513923
4.9627244 1.6222491 1.6515527
4.9627378 1.6226555 1.6517172
4.962334 1.6231875 1.6522615
2.1837972 1.6520075 6.0926
2.1837674 1.6522316 6.0924441
2.1809274 1.6538027 6.0924924
2.1808113 1.6539844 6.0924049
2.1806691 1.6540914 6.0923625
2.1804634 1.6541406 6.0923873
2.1807483 1.6536121 6.0925905
2.1805705 1.6536054 6.0926974
2.1802283 1.6536511 6.0931125
2.1800966 1.653629 6.0932924
2.1799929 1.6537071 6.0935305
2.1798283 1.6536076 6.0938377
2.1798065 1.6535934 6.0939792
2.1797618 1.6533969 6.0938818
2.179967 1.6528368 6.0939301
2.180607 1.6530039 6.0937439
2.1807625 1.6526709 6.093395
2.179998 1.653309 6.0927099
2.1798621 1.6527919 6.0927996
2.1795765 1.6532015 6.0928913
2.1815092 1.6541613 6.0920888
2.1793577 1.653221 6.0921251
2.1776588 1.6536741 6.0893452
4.4318982 1.5659113 2.3517985
4.4311048 1.5648527 2.3510361
4.4309362 1.5642758 2.3506528
4.4280216 1.5631752 2.3498672
4.4278936 1.5626862 2.349599
4.4281343 1.5610013 2.3516678
0 0 0
0 0 0
4.4310017 1.567038 2.3491559
4.4307862 1.5670621 2.3495206
4.4306828 1.5643474 2.3528838
4.4287048 1.5654579 2.3523944
1.8338014 2.6645329 3.5596417
1.8332701 2.6649963 3.5595385
1.8327895 2.6654755 3.5594303
1.8320743 2.6659586 3.5589992
1.831593 2.6664466 3.5587241
1.8311135 2.6669247 3.5583919
1.8319257 2.6671039 3.5587587
1.8323928 2.6669812 3.5588933
1.8330619 2.6668326 3.5591822
1.8335947 2.6666117 3.5593006
1.8343928 2.6664618 3.5596884
1.8354544 2.6663324 3.5601797
1.8361357 2.666246 3.5605474
1.8366568 2.6662108 3.5608635
1.8368724 2.6661818 3.5610395
1.8368613 2.666189 3.5610727
1.835808 2.6665398 3.5602598
1.8347453 2.6659336 3.5598206
1.8342952 2.6661244 3.5592686
1.8337687 2.6663881 3.5585893
1.8332209 2.6667149 3.5578508
1.832663 2.6670647 3.5570965
1.8320923 2.6674079 3.5563244
1.343733 2.0186262 6.080478
1.3462439 2.0153904 6.0833139
1.3462345 2.0151456 6.0838085
1.3462188 2.0149591 6.0843346
1.3455389 2.0146075 6.084936
1.3454267 2.0146092 6.0853378
1.3459503 2.0157519 6.0869428
1.3453422 2.0163018 6.087281
1.3454634 2.0170414 6.0870926
1.3452354 2.017425 6.087278
3.6438311 1.7143737 3.1372586
3.6455786 1.7158184 3.1374307
3.6454239 1.7158343 3.1374603
3.6449852 1.7166471 3.137328
3.6445692 1.7160502 3.1380207
3.644416 1.7159141 3.1379702
3.644377 1.7157859 3.1379189
3.6444271 1.7156038 3.1377318
3.6439244 1.7148778 3.1376825
3.6440418 1.7139096 3.1364468
3.6445903 1.7136943 3.1362439
3.645333 1.7141421 3.1363623
3.6459662 1.7146174 3.1365321
3.6461141 1.7149462 3.1366369
3.6463109 1.7153588 3.1368145
3.6465627 1.7158296 3.1370248
3.6469214 1.7162723 3.1374272
3.647192 1.7168256 3.137711
3.6474437 1.7173969 3.1380184
4.4687119 2.4475299 5.2624793
4.4683668 2.4474041 5.2624088
4.4680166 2.4472434 5.2624148
4.467517 2.446275 5.2622053
4.4672033 2.4460466 5.2620969
4.4666403 2.4456054 5.2621566
4.4660203 2.4454026 5.2619447
4.4661312 2.4451046 5.261656
4.4660088 2.4447133 5.2611963
4.4659204 2.4442814 5.2606356
4.4658643 2.4438762 5.2600192
4.4659842 2.4434514 5.259565
4.4661309 2.4430731 5.2591687
4.4656542 2.4417423 5.2567948
0.41426861 2.0351956 0.96791923
0.41249256 2.0369349 0.96294494
0.41227004 2.0381143 0.96198005
0.41182496 2.0382143 0.96036517
0.41185087 2.0365091 0.95995498
0.4122194 2.038043 0.95989155
0.41344319 2.0384183 0.96082015
0.41379765 2.0388638 0.96072104
0.41391576 2.0388116 0.96053034
0.41383923 2.0384159 0.96026142
0.41248322 2.0388168 0.96008011
0.4155152 2.0384544 0.96197588
0.41361667 2.035498 0.96000075
0.4161949 2.0344325 0.96061061
0.41218288 2.0328769 0.95743279
0.41218271 2.0329884 0.95730115
0.41056891 2.0367065 0.952635
0.41071898 2.036985 0.95276196
0.40934793 2.0398107 0.95805924
0.41214178 2.0383067 0.95969928
0.41234699 2.038758 0.95984332
4.9624183 1.6217654 1.6510787
4.9624337 1.6221171 1.6512077
4.9626991 1.6224108 1.6513044
4.962732 1.6227367 1.6514427
4.9627272 1.6230579 1.6515951
4.9624009 1.6234703 1.6523113
4.9623985 1.6237204 1.6524822
2.1812458 1.6536867 6.0925998
2.1811808 1.6538611 6.0924356
2.1810767 1.6540855 6.0922809
2.1808792 1.6541925 6.0922128
2.1810942 1.6536612 6.0923659
2.1808275 1.6536803 6.092462
2.1805838 1.6536894 6.0926126
2.1801143 1.6536819 6.0930876
2.1799359 1.6536771 6.093308
2.1794178 1.6540311 6.093563
2.1796405 1.6536433 6.0939681
2.179564 1.6536406 6.0941282
2.1800571 1.6538467 6.0943732
2.1804595 1.6534713 6.0945274
2.1802409 1.6529885 6.0940177
2.1799082 1.6526341 6.0939427
2.1792481 1.6529124 6.0937514
2.1789094 1.6527814 6.0936437
2.1785184 1.6527094 6.0934846
2.1783069 1.652649 6.0935088
2.1774977 1.6527548 6.0926163
4.4324822 1.5664847 2.3523661
4.4322514 1.5659317 2.3519476
4.4314407 1.5649591 2.351199
4.4312585 1.5644082 2.3508304
4.4283376 1.56335 2.3500863
4.4281441 1.562961 2.3498702
4.4279618 1.5651482 2.3504795
4.4276811 1.5663104 2.3499158
4.4280922 1.5643241 2.3503687
4.4282007 1.5646474 2.3504599
4.4277087 1.5647587 2.3509232
4.4309238 1.5645796 2.3524959
4.4268465 1.5646595 2.3513822
4.4265993 1.564771 2.351721
0 0 0
1.8338411 2.6652269 3.5600527
1.8327127 2.6659759 3.5594586
1.8315404 2.6667228 3.5588192
1.8309521 2.6681493 3.5583763
1.8314805 2.667419 3.5584535
1.8319763 2.6670979 3.5585191
1.8326679 2.6668376 3.5587473
1.8330198 2.6662895 3.5587523
1.8341225 2.6662171 3.5591339
1.8354333 2.6660626 3.5597461
1.8363086 2.6659326 3.5601966
1.8370594 2.6658986 3.5605656
1.8371939 2.6658318 3.5606838
1.8341893 2.666129 3.5588077
1.833974 2.6661797 3.5586391
1.8349529 2.6655888 3.5594167
1.8343543 2.6657835 3.5586896
1.8336542 2.6661264 3.5578184
1.8329337 2.6664958 3.556899
1.8321876 2.6668806 3.5559067
1.8314774 2.6672759 3.5549312
1.3437331 2.0168379 6.0799635
1.3468013 2.015262 6.0833902
1.3467142 2.0150682 6.0840022
1.3466501 2.0149354 6.0845661
1.3463865 2.0146318 6.0849963
1.3458654 2.0147729 6.0854399
1.3457134 2.0149644 6.0858307
1.3455084 2.0152409 6.0861583
1.3453084 2.0155889 6.086456
1.3448467 2.01888 6.0860129
3.6434651 1.7147821 3.1373075
3.6452175 1.7161669 3.1374062
3.6450779 1.7160616 3.137411
3.6446457 1.7168223 3.1371757
3.6446 1.7166041 3.1373799
3.6441383 1.7159869 3.137787
3.6442441 1.7155765 3.1375388
3.6443156 1.7154701 3.1374774
3.6439297 1.7147249 3.1375097
3.6434755 1.7136652 3.137828
3.6429637 1.7134624 3.1379985
3.6458862 1.7138257 3.1360615
3.6461787 1.7143037 3.1363807
3.6463605 1.7146175 3.1364897
3.6465488 1.7149939 3.1366587
3.6467097 1.7154335 3.1368817
3.6469458 1.7159118 3.1371954
3.6471316 1.716469 3.1375078
3.6472926 1.7170597 3.1378599
0 0 0
4.4678431 2.4479801 5.2619205
4.467616 2.4475799 5.2620735
4.4672845 2.4471867 5.2620612
4.4668379 2.4467951 5.2618708
4.4658479 2.4460934 5.2618153
4.4656966 2.4457164 5.2615808
4.4657341 2.4452252 5.2613854
4.465596 2.4448609 5.2608854
4.4655347 2.444372 5.2602021
4.4655062 2.4439583 5.259583
4.4654586 2.4435561 5.2589441
4.4658954 2.4430414 5.2584063
0 0 0
0.41464637 2.0352509 0.96716135
0.41437698 2.0361453 0.96545371
0.41239916 2.0380354 0.9619803
0.41216583 2.0384861 0.96164567
0.41239274 2.0387018 0.96119874
0.4124168 2.0389027 0.96052462
0.41390516 2.0388058 0.96120676
0.41394074 2.0387523 0.96095706
0.41396984 2.0386211 0.96070629
0.4139631 2.0383439 0.96042676
0.41281222 2.0374282 0.96036914
0.4127308 2.0371189 0.96018754
0.41229399 2.0354579 0.96072936
0.41499338 2.036255 0.96114867
0.41494399 2.0361017 0.96105064
0.41494928 2.0361884 0.95951913
0.41280298 2.037857 0.95861426
0.41171179 2.0373233 0.95992804
0.41188616 2.0374882 0.96011175
0.41207135 2.0377088 0.96031629
0.41224325 2.0379478 0.96049731
4.9624883 1.6223785 1.6511546
4.9625817 1.6227272 1.6511489
4.9625804 1.623084 1.6511553
4.9638844 1.623997 1.65096
4.9625234 1.6234908 1.6522448
4.9624916 1.6237345 1.6523862
4.9624544 1.623888 1.6525066
4.9605199 1.6251306 1.6556931
2.1815228 1.6539109 6.0922875
2.1812928 1.6539128 6.0921433
2.1813346 1.654116 6.0915647
2.1809763 1.6541275 6.0915288
2.1806226 1.6540984 6.0915726
2.18027 1.6540287 6.0916923
2.1797498 1.6534644 6.0917777
2.1794561 1.6532865 6.0920269
2.1782124 1.6534969 6.0933609
2.1780629 1.653522 6.0935404
2.1793811 1.6543127 6.0939005
2.1799983 1.6543555 6.0942977
2.1801146 1.6536382 6.0946323
2.1819221 1.6525973 6.094127
2.1815484 1.6523638 6.093976
2.1788069 1.6527982 6.0940391
2.1785199 1.6526539 6.093942
2.178169 1.652503 6.0938793
2.177852 1.6524487 6.093742
4.4274314 1.5686802 2.3541996
4.4326541 1.5664147 2.3522588
4.4325299 1.5658974 2.3519533
4.4317237 1.5651175 2.3513509
4.4298644 1.5657477 2.3516006
4.4289334 1.5653246 2.3517385
4.4285938 1.5655578 2.3508584
4.4282731 1.5653347 2.3506894
4.4285349 1.5646233 2.3503295
4.4283032 1.5644955 2.3503131
4.4280414 1.5644607 2.3503661
4.4278037 1.56451 2.350477
4.4273107 1.5647477 2.3507689
4.4271258 1.5649044 2.3509819
4.4269524 1.5651293 2.3512157
4.4273228 1.5654269 2.353353
1.8349932 2.664915 3.5607488
1.8333072 2.6659927 3.5598809
1.8329644 2.6686016 3.5629366
1.1608175 1.7666944 3.0096494
1.160105 1.7665723 3.009945
1.1593919 1.7661645 3.0102622
1.1585298 1.7657672 3.0103216
1.1580464 1.765503 3.0104945
1.1577795 1.7653047 3.0105757
1.1580647 1.767083 3.0115635
1.1581575 1.7659715 3.0100979
1.824952 2.6694692 3.5469483
1.8351384 2.6658578 3.5592146
1.8349891 2.6658497 3.5591062
1.8362467 2.6649315 3.562156
1.8366747 2.6647988 3.5625125
1.8330948 2.6646379 3.5565783
1.8335026 2.6658907 3.55702
1.8326341 2.6662851 3.5559373
1.8317755 2.6667046 3.5548435
0 0 0
1.3445652 2.0161367 6.0800281
1.3470799 2.0150834 6.0835682
1.3470345 2.0150212 6.0842233
1.3469904 2.0150096 6.0848552
1.3463825 2.0148763 6.0853011
1.3463005 2.0149917 6.0858391
1.3461862 2.0151874 6.0862957
1.3460185 2.0154616 6.0866964
1.345846 2.0157656 6.0870747
1.3456414 2.016077 6.0874502
3.6434921 1.7151898 3.1376984
3.6445633 1.7167028 3.1377246
3.644438 1.716482 3.1376647
3.6438915 1.7162227 3.1372175
3.6438772 1.7159764 3.1371909
3.6439408 1.7157244 3.1372035
3.6440624 1.7154905 3.1372054
3.6441862 1.715353 3.1372324
3.6436662 1.7165367 3.137362
3.6429391 1.7132776 3.1379974
3.6431915 1.7131742 3.1378109
3.6466862 1.7132046 3.1358553
3.6467594 1.7134231 3.1358914
3.6467713 1.7137617 3.1359896
3.6468707 1.7142315 3.1361361
3.6467401 1.7149952 3.1366316
3.6466699 1.7154249 3.1366581
3.6467383 1.7159901 3.1369314
3.6470598 1.7166304 3.1376152
4.4674603 2.4452542 5.2626817
4.4671168 2.4450824 5.2624593
4.4669491 2.4467263 5.261034
4.4666256 2.4471729 5.2617198
4.4665073 2.4468455 5.2617261
4.4651451 2.4460241 5.2608998
4.4655017 2.4456536 5.2614245
4.4654155 2.4452701 5.2610516
4.4652283 2.4449 5.2605094
4.4628113 2.4425863 5.2581543
4.4632342 2.4410133 5.2555437
4.4648097 2.4426049 5.2525585
0.4101287 2.035965 0.96271707
0.41070702 2.036561 0.96261424
0.41123926 2.0371151 0.9624809
0.41189379 2.0374676 0.96232236
0.4122175 2.0377587 0.96203051
0.41246883 2.0379506 0.96168122
0.41262074 2.0380733 0.96132255
0.41270561 2.0381205 0.96094207
0.41327543 2.0378247 0.96119399
0.41282704 2.0366316 0.96187491
0.41262085 2.0366622 0.96137358
0.41123416 2.0364027 0.95868362
0.41110289 2.0362061 0.95846174
0.4109606 2.0359936 0.95826257
0.41176054 2.0353286 0.95856934
0.41442522 2.0373719 0.95984911
0.41444013 2.0373071 0.9600547
0.41463868 2.037232 0.96014948
0.41148785 2.0373968 0.9603056
0.41170336 2.0371638 0.96048393
0.4118897 2.0371254 0.96074901
0.41201034 2.0371251 0.96095268
0.41212924 2.0371383 0.96114905
4.962568 1.6229547 1.6512448
4.9626292 1.6233301 1.6511778
4.9626347 1.6236007 1.6512628
4.9639465 1.6244545 1.6510239
4.9632774 1.6249657 1.6518332
4.9625387 1.6240609 1.6524292
4.9624981 1.6240949 1.6525289
4.9624478 1.6240525 1.6526267
4.962193 1.6228997 1.6528345
2.1820533 1.653877 6.0920217
2.1815205 1.6542212 6.0913881
2.1810441 1.6542032 6.0913412
2.1806081 1.654146 6.0914233
2.1801937 1.6540495 6.0915778
2.1796083 1.6534945 6.0917451
2.179297 1.6533029 6.0919853
2.1795414 1.6532683 6.0937947
2.1779825 1.6536052 6.0932663
2.177877 1.6554647 6.0925783
2.1805974 1.6555762 6.0934259
2.182261 1.6528812 6.0942702
2.1815711 1.6525602 6.0943379
2.1813313 1.6523828 6.0943814
2.1783635 1.6526995 6.0943316
2.1780645 1.6525176 6.0942843
2.1777663 1.6523273 6.094204
4.4296724 1.5681429 2.3522945
4.4296226 1.5676256 2.3520842
4.4303918 1.5663941 2.3508254
4.4307943 1.5668839 2.3493645
4.4312433 1.5678919 2.3502799
4.430549 1.5669734 2.3510198
4.4304097 1.566607 2.350835
4.4289406 1.5657178 2.3510408
4.428556 1.5654499 2.3507519
4.4288071 1.5647899 2.3504022
4.4285576 1.5646595 2.3502609
4.4282977 1.5646454 2.3502069
4.4273214 1.565558 2.3501847
4.4271503 1.5657373 2.350288
4.4271567 1.5659903 2.3503646
4.4271153 1.5658097 2.3507205
4.426236 1.5650497 2.35173
1.9076256 2.5563597 3.5017977
1.1542693 1.7715656 2.999774
1.1565004 1.7694083 3.0049699
1.1588035 1.7672141 3.0101655
1.1585688 1.7668344 3.0103538
1.1583516 1.7664697 3.0105174
1.1579259 1.7658684 3.0104129
1.1578009 1.7655489 3.0104986
1.1577589 1.7652136 3.0105176
1.1585876 1.7655993 3.0108838
1.1585091 1.7657158 3.009938
1.1587151 1.7649039 3.0100858
1.1589292 1.7645449 3.0100566
1.1591967 1.7642432 3.01
1.1581042 1.762519 3.0094538
1.1582891 1.76373 3.0097944
1.1576011 1.764817 3.009621
1.1605702 1.764627 3.0087485
1.1608299 1.764801 3.009389
1.1614988 1.7636097 3.0110037
1.1565949 1.7695571 3.0108008
1.3481979 2.0175625 6.0845361
1.3473709 2.0149466 6.083767
1.347274 2.0148448 6.0850846
1.3473207 2.0149038 6.0857584
1.3466902 2.0151631 6.0856982
1.3467032 2.0153208 6.0862563
1.3466637 2.0155409 6.0867654
1.3465562 2.0157694 6.087211
1.3464363 2.0160174 6.0876759
1.3462641 2.0162381 6.0881247
0 0 0
3.6421475 1.7189946 3.1346033
3.6438674 1.7178361 3.1387152
3.6436313 1.7162431 3.1371987
3.6436458 1.7159313 3.1371074
3.6437336 1.7156624 3.1370552
3.6438991 1.7154126 3.137014
3.6441146 1.7152425 3.1369874
3.6442841 1.7171067 3.1372376
3.6441685 1.71723 3.1365101
3.6471576 1.7124653 3.1357058
3.6477041 1.7125105 3.135642
3.6471091 1.7129998 3.1356198
3.6469859 1.713378 3.1357455
3.6468806 1.7137257 3.1359418
3.6468288 1.714212 3.13651
3.6466337 1.7149476 3.1363783
3.6465937 1.715513 3.1366488
3.6467724 1.716173 3.1373473
4.4673911 2.444596 5.2637102
4.4670568 2.4444616 5.2631086
4.4669563 2.4460257 5.2617514
4.4667301 2.4459848 5.2614555
4.4651838 2.4462416 5.2602352
4.4649507 2.4459447 5.2607151
4.4647944 2.4456976 5.260281
4.4655791 2.4452545 5.2602981
4.4654371 2.4449111 5.2597527
4.46628 2.4441449 5.2587391
4.4614402 2.4414835 5.2527423
0.40970155 2.0353485 0.96229707
0.41022457 2.0359496 0.96232338
0.41076528 2.0364845 0.96229565
0.41129092 2.0369442 0.96221855
0.41184114 2.0373397 0.96212773
0.41227164 2.0376555 0.96195382
0.41260889 2.0378594 0.96174717
0.41279532 2.0379566 0.96146921
0.41286532 2.037927 0.96115004
0.41301941 2.0372389 0.9616977
0.41271725 2.0365541 0.96195972
0.41230238 2.0365504 0.96176577
0.4113028 2.0363777 0.95892944
0.41114905 2.0362309 0.95870645
0.41098779 2.0361003 0.9585399
0.41175006 2.0359139 0.95891316
0.41319095 2.0367674 0.95885793
0.41260232 2.0370737 0.95910134
0.41112283 2.0367333 0.96042489
0.4111678 2.0363963 0.96106167
0.41158108 2.036899 0.96101781
0.41170292 2.0367231 0.96124823
0.41183963 2.0365475 0.96150224
0.41198641 2.0363339 0.96177942
4.9628575 1.6231193 1.6513377
4.962684 1.6238801 1.6512756
4.9628059 1.6243666 1.6513528
4.9630399 1.6246611 1.6517769
4.9630218 1.6247802 1.6519045
4.9625802 1.6243807 1.6524713
4.9625477 1.6243284 1.6525414
4.9625112 1.6241983 1.6525788
4.9633932 1.6242229 1.6519711
4.9629836 1.6249226 1.6503882
0 0 0
2.181017 1.6542956 6.0911252
2.1805413 1.6541735 6.0912777
2.180071 1.6540307 6.0914695
2.1796768 1.6538698 6.0916587
2.1794971 1.6535174 6.0919976
2.1793354 1.6532325 6.0936876
2.1776774 1.6535263 6.093156
2.1775698 1.6553903 6.0924938
2.1810291 1.6559913 6.0935334
2.1820548 1.6552424 6.0935826
2.1812295 1.6525497 6.0945281
2.1791039 1.6546902 6.0940104
2.1770284 1.6538924 6.0937859
2.1764911 1.652663 6.0944592
0 0 0
4.429607 1.5681113 2.3519811
4.4296633 1.5674689 2.3517936
4.4301554 1.5662371 2.3512178
4.4306768 1.5678763 2.3500573
4.4311684 1.5678867 2.3508201
4.4308301 1.5670141 2.3510738
4.4307041 1.5666779 2.3509284
4.4294475 1.565544 2.351116
4.4290522 1.5649298 2.3511165
4.4291156 1.5649291 2.3504481
4.4289715 1.564739 2.3500854
4.4286725 1.5647263 2.3499554
4.4281144 1.5648544 2.3499617
4.4276046 1.5659813 2.3496909
4.4274876 1.5662878 2.3499711
4.4274475 1.5666167 2.3501422
4.4264923 1.5676268 2.3508859
4.4295838 1.5673121 2.3502664
4.4297588 1.5677695 2.3504782
1.1565102 1.7679848 3.0109671
1.1566485 1.7675613 3.0109482
1.1568244 1.767127 3.0109121
1.1570429 1.7667203 3.0109121
1.1573036 1.7659646 3.0105184
1.1575275 1.765545 3.0105069
1.1577311 1.7650916 3.0104624
1.1581106 1.7646485 3.0107977
1.1587743 1.7644098 3.0101775
1.1589821 1.7639661 3.0101236
1.1592165 1.7635703 3.0100613
1.1594403 1.7632202 3.0100909
1.1596757 1.7629883 3.0101328
1.1583909 1.763501 3.0099007
1.1576335 1.7645866 3.0097818
1.1604887 1.7644867 3.0094915
1.1607223 1.764602 3.0096437
1.1617101 1.7639156 3.0119396
1.1612497 1.7643829 3.0125665
1.1584529 1.7588795 3.0065054
1.3459941 2.014355 6.0850022
1.3472891 2.0150124 6.0860439
1.3474628 2.0154898 6.0866478
1.346964 2.0161225 6.0863353
1.3471003 2.0164677 6.0869088
1.3472315 2.0166936 6.0874786
1.3473786 2.0167932 6.0880798
1.3481307 2.01623 6.0895524
4.5781583 1.5301756 5.7197287
4.5802543 1.5308528 5.720527
4.5797368 1.5281888 5.7237372
4.5796643 1.5276263 5.7235787
4.5804793 1.5265991 5.7234578
4.5806964 1.5261714 5.7233806
4.5807253 1.5258648 5.7233038
4.5799189 1.5260088 5.7221151
4.5784696 1.5265168 5.721345
4.5779805 1.5266521 5.7209637
4.576093 1.5270491 5.7199126
4.5761217 1.5274438 5.7198376
3.6484974 1.7124516 3.1358373
3.6475057 1.7126157 3.1353357
3.6471929 1.7129811 3.1355194
3.6470631 1.7133573 3.1357017
3.6466705 1.7137554 3.1358686
3.646551 1.7144748 3.1360517
3.6464122 1.7150472 3.1363669
3.6465011 1.7157235 3.1370565
4.4672326 2.4434189 5.2647359
4.4670882 2.4437781 5.2638642
4.4667255 2.445257 5.2622662
4.4667431 2.445533 5.2618546
4.4674428 2.4450681 5.2628293
4.4672096 2.4449922 5.2622503
4.4669506 2.444839 5.2616043
4.4666881 2.4446628 5.260894
4.4662961 2.4448246 5.259895
4.4661479 2.4442394 5.2583522
0.40837845 2.0331843 0.96132161
0.40964597 2.0350887 0.96199239
0.41013058 2.0357401 0.96231344
0.41086141 2.03643 0.96197243
0.41132402 2.0368833 0.96195669
0.41188135 2.0372482 0.96194081
0.41228224 2.0375629 0.96187966
0.41276207 2.0377494 0.96176066
0.4129384 2.0378615 0.96159435
0.41300254 2.0378191 0.96131239
0.41305139 2.0366151 0.96241723
0.41283204 2.0364036 0.96219316
0.41228644 2.0362934 0.96199004
0.41125555 2.0373758 0.95978294
0.41156524 2.0373704 0.95928691
0.4114992 2.0373352 0.95915822
0.41141034 2.0373045 0.95904926
0.41136465 2.0372167 0.9590093
0.41136383 2.0370742 0.95906574
0.41043224 2.0365141 0.9606817
0.41046199 2.036253 0.96085594
0.40958529 2.0357916 0.95989038
0.4096207 2.0354642 0.9601235
0.40966142 2.0351053 0.96038259
4.9627321 1.6240943 1.6511087
4.9627173 1.6243422 1.6512679
4.962757 1.6245921 1.6514268
4.962929 1.6247648 1.6515285
4.9630843 1.6250525 1.6518976
4.9631234 1.6250902 1.6520196
4.9626107 1.6246961 1.6525275
4.9625932 1.6245645 1.6525867
4.9625682 1.6243782 1.6526147
4.965533 1.6238563 1.6500684
4.9636533 1.6278213 1.6485923
4.9647385 1.6264344 1.6448546
2.1862599 1.6533474 6.0925356
2.1804554 1.654198 6.0911473
2.1798981 1.6539957 6.0913847
2.1794434 1.6538223 6.0915768
2.1790258 1.6536235 6.0918863
2.1787052 1.6535159 6.092118
2.17848 1.6534385 6.0924073
2.178279 1.6533962 6.0926907
2.1784314 1.6541867 6.0921286
2.1786844 1.6540217 6.0927714
2.1808995 1.6513313 6.0952413
0 0 0
4.431417 1.5692748 2.3498399
4.4302553 1.5693129 2.3505588
4.429709 1.5684716 2.3509512
4.4295702 1.5680347 2.351651
4.4296455 1.5672903 2.3514711
4.4299405 1.566754 2.3513527
4.430805 1.5678136 2.3498958
4.431108 1.5674978 2.3498299
4.4310456 1.5670312 2.3510319
4.4309249 1.566801 2.3510436
4.4297721 1.5655843 2.351158
4.4294338 1.5650213 2.3512069
4.4294174 1.5650786 2.3504701
4.4293304 1.5649278 2.3500255
4.429005 1.5649649 2.3498158
4.4286683 1.5651067 2.3496384
4.4279274 1.5662828 2.349497
4.4278267 1.5665344 2.3496036
4.4277602 1.5668838 2.3497932
4.426853 1.5678473 2.3505298
4.4299297 1.5672936 2.3499814
4.4301592 1.5675067 2.3502835
0 0 0
1.1546202 1.7681525 3.0114078
1.1553617 1.7675301 3.0112509
1.1560635 1.7669536 3.0111227
1.1567071 1.7660301 3.0106159
1.1572502 1.765498 3.0105088
1.1577026 1.7649654 3.0103695
1.1587054 1.7646672 3.0102011
1.1590092 1.7641688 3.0100933
1.1592479 1.7637046 3.010055
1.1594591 1.7633068 3.0100504
1.1596446 1.7629909 3.0101134
1.1598385 1.7627602 3.0102072
1.1584913 1.7632763 3.010029
1.1580189 1.7637019 3.0094978
1.159294 1.763676 3.009848
1.1594257 1.7638154 3.0100227
1.159989 1.7654226 3.0104226
1.1601401 1.7656325 3.0105936
1.1597361 1.7647819 3.0102246
1.345515 2.0149324 6.085337
1.3472013 2.015316 6.0863996
1.3474502 2.0158022 6.0869726
1.3470406 2.0166744 6.0866151
1.3473368 2.0170121 6.0872341
1.3476402 2.0172425 6.0878745
1.3479524 2.0173348 6.0885467
4.5837695 1.528087 5.7185323
4.580455 1.5297469 5.7189041
4.5809346 1.5300543 5.7206207
4.5789867 1.5276489 5.7237004
4.5791715 1.5273829 5.7236933
4.5792424 1.5263118 5.722959
4.5802707 1.5260394 5.7234046
4.5801898 1.5258883 5.7232184
4.5793131 1.526142 5.722185
4.5785144 1.5266705 5.7212122
4.5779576 1.5266276 5.7210573
4.5768991 1.5277481 5.7210748
4.5765082 1.5279691 5.720894
4.5774463 1.528012 5.720986
4.5773284 1.5280981 5.7213247
4.5771805 1.5280805 5.7217864
4.5770207 1.5279581 5.7222956
4.5769774 1.5277529 5.7231537
4.5768016 1.5274773 5.723781
4.5768215 1.5271577 5.7242624
4.5766625 1.5268083 5.7248612
4.4688338 2.4435962 5.2663169
4.4685077 2.443857 5.2655024
4.4668079 2.4445994 5.2628956
4.4665143 2.4448746 5.2623293
4.4675186 2.4447058 5.2630152
4.4672442 2.4447184 5.2622226
4.4669242 2.4446744 5.2613684
4.4666423 2.4445799 5.2605313
4.4662477 2.4448604 5.2595235
0.40975974 2.0318061 0.95985186
0.40958749 2.0347951 0.96148766
0.40973155 2.0351107 0.96155634
0.41000575 2.0354939 0.96167695
0.41089071 2.0363429 0.96161864
0.41144733 2.0368926 0.96171201
0.41190292 2.0372417 0.96177563
0.41232413 2.0375194 0.96177036
0.41286634 2.0376786 0.96176436
0.41303579 2.0377338 0.96162882
0.41307503 2.0377482 0.96144712
0.41301379 2.0377146 0.96118241
0.41289681 2.0366896 0.96148374
0.41183047 2.0355987 0.96083602
0.41177486 2.0371907 0.96026215
0.41170898 2.0373968 0.95963957
0.41161075 2.0373901 0.95951697
0.41154454 2.0374151 0.95943085
0.41154972 2.0373931 0.95950157
0.41158977 2.0372483 0.95964557
0.41032173 2.0374874 0.96094497
0.41035437 2.0371664 0.9612094
0.41023889 2.0361339 0.96075006
0.41023498 2.0356173 0.96109281
0.41095099 2.0346792 0.96151969
4.9627504 1.624323 1.651215
4.9627254 1.6246616 1.6513977
4.9626889 1.6249581 1.6515904
4.9632967 1.6258295 1.6519824
4.9632711 1.6259761 1.6521508
4.9624986 1.6249857 1.6524509
4.9624551 1.6249184 1.6525443
4.9612542 1.6243888 1.6522943
4.9612378 1.6241894 1.6522885
4.9648553 1.6248634 1.6490486
4.9637522 1.6279585 1.6486244
4.967525 1.6278916 1.6515448
0 0 0
2.1786808 1.6574612 6.0892318
2.1796563 1.6539274 6.0913131
2.1792107 1.6537169 6.0914909
2.1787862 1.6535376 6.0916634
2.1784519 1.6534029 6.0918844
2.1781838 1.6532946 6.0921608
2.1779626 1.6532389 6.0924837
2.1777615 1.6531939 6.0928467
2.1790984 1.6556823 6.0972042
0 0 0
4.4328036 1.5678662 2.3503232
4.4303785 1.5693095 2.3510522
4.4299498 1.5689481 2.3505473
4.4294996 1.5682516 2.3507564
4.4295697 1.5679308 2.3508706
4.4295389 1.5669549 2.3512335
4.429748 1.566548 2.3512202
4.4310751 1.5677201 2.349686
4.431235 1.5674177 2.3496819
4.4312633 1.5669982 2.3509398
4.4312014 1.5667117 2.3508506
4.4310506 1.5664809 2.3506731
4.4306638 1.5658108 2.3504157
4.4297748 1.5652065 2.3504988
4.4297586 1.5650898 2.3499734
4.4294582 1.565163 2.3497389
4.4292559 1.5652863 2.3495309
4.4286044 1.5667957 2.349502
4.4285098 1.5670731 2.3494323
4.4273188 1.5679272 2.3482154
4.4273334 1.5682003 2.3483254
4.4304319 1.5675326 2.3494215
4.4308771 1.5674388 2.3496748
4.4326333 1.567064 2.3521391
1.1525825 1.768742 3.0118792
1.1538252 1.7679972 3.0115839
1.155446 1.7668698 3.0116583
1.1565865 1.7661856 3.0114332
1.1574969 1.7655786 3.0111973
1.1581511 1.7650253 3.0110395
1.1588332 1.7647329 3.0102444
1.1591895 1.7639556 3.0100049
1.1594529 1.7634786 3.0100115
1.1596708 1.763083 3.0100673
1.1598867 1.762639 3.0101689
1.1600131 1.7624203 3.0103202
1.1591246 1.7623676 3.0082394
1.1584379 1.7634147 3.0090818
1.1593017 1.7633817 3.0099201
1.1593045 1.7635566 3.0102202
1.1592823 1.7640253 3.0102051
1.1592838 1.7642048 3.0103403
1.1593917 1.7643728 3.0105448
1.3451471 2.0152529 6.0854831
1.3453663 2.0158945 6.0859365
1.3460968 2.0166128 6.0866288
1.3470222 2.0173141 6.0868625
1.3474812 2.0176503 6.087506
1.3480124 2.0179066 6.0882219
4.5779998 1.5252096 5.7209969
4.583456 1.5276477 5.7185786
4.5800942 1.5293466 5.7190109
4.5775346 1.5282297 5.7236015
4.5785272 1.5272918 5.7237474
4.5786872 1.527133 5.7237683
4.5786919 1.5263244 5.7229297
4.5794962 1.5254011 5.7235354
4.5794377 1.5256454 5.7233355
4.5790162 1.5262206 5.7222268
4.5787107 1.5271007 5.7211596
4.5784146 1.5272086 5.7209227
4.5769568 1.527689 5.7213157
4.5767286 1.52784 5.7212592
4.5775952 1.5278609 5.7211831
4.5775287 1.5278433 5.7214543
4.5774164 1.5278164 5.7217997
4.5772274 1.5277216 5.7223494
4.5771813 1.527638 5.7231103
4.5770475 1.5273738 5.7237512
4.5775008 1.5272871 5.7242991
4.5773466 1.5270598 5.7248319
4.4689023 2.4427556 5.2673973
4.4685988 2.4431391 5.2663703
4.4681934 2.443633 5.2652506
4.4678322 2.4441595 5.2641682
4.4675743 2.4443253 5.2632033
4.4672918 2.444446 5.2622099
4.467025 2.4442128 5.2610109
4.4666608 2.4442275 5.2600042
0.41553996 2.035635 0.95628785
0.41125206 2.0355591 0.95949808
0.41038048 2.0354827 0.96116353
0.40995823 2.0353579 0.96130126
0.41017379 2.0356394 0.96118484
0.41105522 2.036509 0.96142823
0.4115649 2.0370157 0.96156596
0.41199236 2.0373099 0.96164742
0.41237444 2.0375793 0.9616921
0.41295534 2.0376133 0.96172703
0.4131556 2.0376429 0.96166204
0.41313025 2.0376483 0.96153643
0.4130928 2.037601 0.96135735
0.41272125 2.0373567 0.96096984
0.41159121 2.0361998 0.96077463
0.41211804 2.0371572 0.96091768
0.41185162 2.0373154 0.96000535
0.41176955 2.0373312 0.9599522
0.41236759 2.0376822 0.96020599
0.41233674 2.0376125 0.96028796
0.41181164 2.0373821 0.96014844
0.41085535 2.0379723 0.96008888
0.41046408 2.0372469 0.96173166
0.41168505 2.0361525 0.96239615
0.41095994 2.0354818 0.96210027
0.41088324 2.0348099 0.96247248
4.9631251 1.6249239 1.6512256
4.9627263 1.6249133 1.6515353
4.9627236 1.6252406 1.651755
4.9629601 1.6255699 1.6518046
4.9633214 1.6259817 1.6523225
4.9630922 1.6247896 1.6530215
4.9621883 1.6250694 1.6524158
4.9615323 1.6247259 1.652364
4.9613313 1.6243563 1.652387
4.9609253 1.6234481 1.6515582
4.9627613 1.6238021 1.6514563
4.9628777 1.6235688 1.6514993
4.964591 1.6226948 1.6518378
4.964551 1.6224503 1.65174
2.1791544 1.6536686 6.0915746
2.178751 1.6534684 6.0917217
2.1785352 1.6534098 6.0914551
2.1781897 1.6532569 6.0916047
2.1778776 1.6531011 6.0918539
2.1776459 1.6530968 6.092245
2.1774292 1.653052 6.0925777
4.4290267 1.5648043 2.3533799
4.4294938 1.5671501 2.3523101
4.4300727 1.5688818 2.3514017
4.4299955 1.5687882 2.3510863
4.4296459 1.5685765 2.350541
4.4293651 1.5680871 2.350616
4.4295393 1.5678051 2.3505618
4.4299426 1.5674499 2.3505045
4.4304436 1.5669172 2.350577
4.4310049 1.566341 2.3504441
4.4316842 1.5668882 2.3509928
4.4317817 1.5665667 2.3510378
4.4316067 1.5664735 2.3508453
4.4315193 1.5663173 2.3508087
4.4314601 1.5654307 2.3503408
4.4306475 1.5652535 2.3501674
4.4302434 1.5652471 2.3499608
4.4298531 1.5653434 2.3497363
4.4296155 1.5654764 2.349526
4.4288715 1.567041 2.3493321
4.4288154 1.5672609 2.3492867
4.4275901 1.568076 2.3480937
4.4275987 1.5682557 2.3481438
4.4308966 1.5671641 2.3495864
4.4311343 1.5669192 2.3498914
4.4318653 1.5667663 2.3504254
4.4271857 1.5717186 2.3499017
1.1521931 1.7688618 3.012314
1.1545525 1.7670424 3.0117802
1.1567111 1.7659908 3.0113486
1.1574515 1.7654616 3.0111289
1.1593214 1.7657544 3.0114813
1.1591856 1.7646913 3.0096346
1.1594418 1.7637174 3.009714
1.159783 1.7633917 3.0098978
1.1598385 1.762925 3.0101438
1.1599864 1.7624918 3.0102855
1.1600913 1.7622796 3.0104617
1.1591676 1.7622063 3.0084123
1.159284 1.7634669 3.0096319
1.1592194 1.7632684 3.0101924
1.1592209 1.7633413 3.0104151
1.1590898 1.7636857 3.0104023
1.159049 1.7638143 3.0106134
1.1590494 1.7639174 3.0108571
1.3450951 2.0153547 6.0859395
1.3448673 2.0161941 6.0861749
1.3450525 2.0168655 6.0866143
1.3455011 2.0177544 6.0867936
0 0 0
4.5775301 1.5239112 5.7198582
4.5777762 1.5249249 5.7211501
4.578078 1.5263306 5.7222007
4.5781022 1.526885 5.7233922
4.5771992 1.5276452 5.7238204
4.578075 1.5269422 5.723775
4.5782118 1.526872 5.7238053
4.5782221 1.5260373 5.7231731
4.5790221 1.5253757 5.7235417
4.5790664 1.525615 5.723351
4.5784314 1.5260514 5.7223118
4.5785779 1.5271596 5.7213095
4.5784489 1.5272579 5.7211084
4.5780526 1.5276242 5.7213569
4.5778892 1.5276886 5.721335
4.577748 1.5277054 5.7214362
4.5776731 1.5276641 5.7216352
4.5775836 1.5276013 5.7219245
4.5774069 1.5274811 5.7224146
4.5773239 1.5273251 5.722843
4.5777528 1.5270968 5.7239448
4.5778036 1.5272635 5.724164
4.5776882 1.5271037 5.7246049
0.41832072 2.0312315 0.96191208
0.41685689 2.0358924 0.96279928
0.41470322 2.039359 0.96365488
0.41517836 2.0385325 0.963505
0.4167643 2.0387223 0.96671823
0.41587691 2.038771 0.96624093
0.41484079 2.0385709 0.96554565
0.41385764 2.0397184 0.96472352
0.41291365 2.0367985 0.96143054
0.41212061 2.0358293 0.95980669
0.41096521 2.0360592 0.96104254
0.41073005 2.0360786 0.96094552
0.41081976 2.0363185 0.96097457
0.41124846 2.0367946 0.96126528
0.41170872 2.0371815 0.96146564
0.41209563 2.0374421 0.96159305
0.41246286 2.0376996 0.9616139
0.41302596 2.0376425 0.96169423
0.41321429 2.0376151 0.96167224
0.41318201 2.0376083 0.96162413
0.41314756 2.0375155 0.96147979
0.41277225 2.0376233 0.96111986
0.41213528 2.0374032 0.9614444
0.41198169 2.0374064 0.96127599
0.41186038 2.0374482 0.96116037
0.4117453 2.0375093 0.96110806
0.41259192 2.0376691 0.96068243
0.41255443 2.0376661 0.96076801
0.41259932 2.037284 0.96074539
0.41256844 2.0370522 0.96096937
0.41195198 2.0382362 0.96205712
0.41187119 2.0377406 0.96264886
0 0 0
4.9631417 1.6222444 1.6521251
4.9631721 1.6226712 1.6524407
4.9627531 1.6251059 1.6516864
4.9627506 1.6254385 1.6519509
4.9627213 1.6256672 1.6521571
4.9632497 1.6257549 1.6528555
4.9631773 1.6256152 1.6531413
4.9622424 1.6252553 1.6526259
4.9621256 1.6249816 1.6527618
4.9608768 1.6244676 1.653622
4.9608204 1.6237924 1.6516139
4.9624415 1.6238238 1.6516678
4.9625185 1.6236242 1.6516882
4.962554 1.6221356 1.6516038
4.9616637 1.6215501 1.6514534
4.9617744 1.6209787 1.6529332
2.183885 1.6536264 6.0985519
2.1800647 1.6529933 6.0924898
2.1781779 1.6532581 6.0913072
2.177415 1.6529322 6.0910893
2.177006 1.652772 6.0912074
4.4246686 1.5636246 2.3511024
4.4291154 1.5650057 2.3531808
4.429373 1.5670343 2.3522565
4.429703 1.568322 2.3514858
4.4296399 1.5683265 2.3511001
4.4293532 1.5682505 2.3504552
4.429222 1.5678189 2.3505112
4.4294473 1.5675935 2.3503887
4.4298067 1.5672984 2.3503364
4.4301449 1.5668953 2.3503504
4.4304556 1.5665025 2.3504017
4.4316762 1.5663382 2.3503932
4.4318682 1.5660449 2.3504261
4.4320216 1.5657876 2.350401
4.4320381 1.5656273 2.3503901
4.4316801 1.5654921 2.3503295
4.4310319 1.5653573 2.3501851
4.4306364 1.565322 2.3499753
4.4303768 1.565436 2.3498016
4.4299932 1.5659105 2.349527
4.4291745 1.5671714 2.3493493
4.4291124 1.5674318 2.3492394
4.4279343 1.5683949 2.3483058
4.4280205 1.5683974 2.3482541
4.4305453 1.5668731 2.3494869
4.4308552 1.566645 2.3498236
4.4311718 1.5662532 2.350235
4.431244 1.5658478 2.3508473
4.431477 1.5652654 2.3513765
0 0 0
1.1579569 1.7661148 3.0108746
1.1585221 1.765525 3.0108574
1.1597446 1.7652982 3.0109922
1.1592921 1.7644313 3.0104913
1.1596861 1.7644119 3.0104824
1.1600477 1.7644143 3.0101635
1.1599109 1.7628254 3.010293
1.1583806 1.7634677 3.0103501
1.1593468 1.7635664 3.0093387
1.1593844 1.7634163 3.0095509
1.159327 1.7633358 3.00982
1.159075 1.7632032 3.0110604
1.1589313 1.7633865 3.0108062
1.1588582 1.7634418 3.0110477
1.1587895 1.7634782 3.0113315
1.1586778 1.7633296 3.0111465
1.3451163 2.015491 6.0863687
1.3450887 2.0165487 6.0865076
1.3450929 2.0175908 6.0866715
1.3451481 2.0186139 6.0868498
4.577138 1.5262532 5.7212173
4.5770645 1.5260956 5.7217248
4.5770353 1.5259311 5.7222057
4.5772465 1.5267334 5.722935
4.5773492 1.5266778 5.7233343
4.5774886 1.5266427 5.7236334
4.5776604 1.5266125 5.7237704
4.5778127 1.5265686 5.723715
4.5777934 1.525945 5.7231706
4.5778705 1.5259929 5.7229457
4.57812 1.5260199 5.72268
4.5780953 1.5260942 5.7224435
4.5784447 1.527184 5.7215151
4.5783729 1.5272418 5.7213641
4.578029 1.5275658 5.7216414
4.5779347 1.5275789 5.7216341
4.5778267 1.5275432 5.7217119
4.5777729 1.5274784 5.7218684
4.5777431 1.5273987 5.7220599
4.5775852 1.5272732 5.7224724
4.5775366 1.5271704 5.7228111
4.577178 1.5278536 5.7240659
4.5771589 1.5277524 5.7244195
4.5749959 1.5284817 5.7257955
0.4180749 2.0340428 0.96394372
0.41609891 2.0366691 0.96263965
0.4151724 2.0379269 0.9626066
0.41465567 2.0383936 0.96260824
0.41524105 2.0380662 0.96580295
0.41429157 2.038073 0.96493555
0.41400529 2.0383136 0.9631411
0.41306324 2.0391533 0.96247127
0.41301441 2.0369342 0.96110278
0.41252564 2.0367731 0.96071187
0.41123452 2.0364791 0.96095918
0.41108254 2.0365376 0.96089533
0.41099703 2.0367017 0.96090849
0.41147049 2.0371142 0.96121405
0.41182918 2.037425 0.96139905
0.41221549 2.0376229 0.96154634
0.41257282 2.0379008 0.96159381
0.41304851 2.0378148 0.96174367
0.41321626 2.0377312 0.96175312
0.41327375 2.0375703 0.96169582
0.41324906 2.0374439 0.96163103
0.4131021 2.0376056 0.96154449
0.41229797 2.0372547 0.96175776
0.41218484 2.0372265 0.96166279
0.4120784 2.03727 0.96161365
0.41198644 2.0373444 0.96159004
0.41285246 2.0375794 0.96121723
0.41280059 2.0376349 0.96129233
0.41321567 2.0371505 0.96124643
0.93869271 2.1339999 3.553335
0.9406121 2.1334133 3.5523911
0.94142874 2.1328866 3.5518879
0.94280118 2.1323985 3.5518155
4.9632349 1.622441 1.6526005
4.9633443 1.6227853 1.6529209
4.9628739 1.6249409 1.6521184
4.9627811 1.6255898 1.6523429
4.9627958 1.6258226 1.6525613
4.9629264 1.6262306 1.6534592
4.963457 1.6257991 1.6538378
4.9631955 1.624758 1.6539867
4.9626072 1.6250206 1.6532717
4.9609897 1.6245825 1.6537949
4.9609352 1.623949 1.6517273
4.9625387 1.6240385 1.6519368
4.9625046 1.6239017 1.6518619
4.9622902 1.6233189 1.6508363
4.9621785 1.6232788 1.6507545
4.9620154 1.6242977 1.6519309
4.9617332 1.6247044 1.6522022
0 0 0
2.1779396 1.6530862 6.0910681
0 0 0
4.4265086 1.5644782 2.3529375
4.4261757 1.5653745 2.3534412
4.4291041 1.5661371 2.3530345
4.4292674 1.5669874 2.3521924
4.4293543 1.5678443 2.3514831
4.4288553 1.5677964 2.3513674
4.4288217 1.5677999 2.3507984
4.429074 1.5676023 2.3504372
4.4293168 1.5674097 2.3502997
4.429704 1.567202 2.3501869
4.4300893 1.5667892 2.3501912
4.4304251 1.5664841 2.350205
4.4316924 1.5663039 2.3502477
4.4318971 1.5660263 2.3502858
4.4320274 1.5657894 2.3503253
4.431975 1.5656208 2.3503455
4.4318283 1.5655381 2.3503409
4.4313389 1.5654738 2.3501713
4.4310365 1.5655669 2.3500301
4.43127 1.5656174 2.349059
4.4310269 1.5657915 2.3488668
4.4294065 1.5672498 2.3494624
4.429345 1.5674671 2.3493294
4.42942 1.5676845 2.3492331
4.4295012 1.5676991 2.349122
4.4306202 1.5667624 2.349471
4.4308392 1.5665021 2.3496969
4.4314097 1.5660341 2.3500626
4.4316462 1.5655006 2.3507318
4.4314965 1.5649859 2.3516147
4.4312077 1.5630646 2.3513399
1.158407 1.7663918 3.010148
1.1586435 1.7658347 3.0102223
1.1590407 1.7652865 3.0103035
1.1594034 1.7647808 3.0103979
1.1597312 1.7643023 3.0105248
1.1600354 1.764399 3.0102686
1.1589184 1.7636739 3.0106209
1.1590844 1.7633873 3.0108343
1.1594787 1.7638347 3.0095639
1.1595238 1.763685 3.0098132
1.1595522 1.7635483 3.0100207
1.1590817 1.7630579 3.0112511
1.1588613 1.7631669 3.0109786
1.158712 1.7631168 3.0112739
1.1585558 1.7630445 3.0115972
1.1583284 1.7627798 3.0114546
1.3452182 2.0156329 6.0868368
1.3450012 2.0169307 6.0868397
1.3448044 2.0182234 6.086842
4.5769507 1.5274796 5.7208996
4.5770574 1.5263764 5.7215915
4.5769583 1.526093 5.7219977
4.5768503 1.5259793 5.7227506
4.5770119 1.5265043 5.723071
4.5770972 1.5264016 5.7234282
4.5772215 1.5263458 5.7236753
4.5773459 1.5263556 5.7237985
4.5776868 1.5260236 5.7234068
4.5776169 1.525903 5.7232173
4.5776421 1.5260563 5.7229881
4.5777147 1.5261401 5.7227588
4.5777704 1.5261554 5.7226147
4.5783001 1.527161 5.7217381
4.5782763 1.527222 5.7216356
4.5779225 1.527498 5.7219483
4.5778855 1.5274681 5.7219412
4.5778105 1.5273641 5.7220231
4.5776377 1.5271292 5.7220959
4.577592 1.5271005 5.7223099
4.577545 1.5270497 5.7225929
4.5775231 1.5269951 5.7228816
4.5774751 1.5278157 5.7239179
4.5774916 1.5277407 5.7242416
4.5785964 1.5298396 5.7260158
0.41712252 2.0353728 0.96406064
0.41532444 2.0374069 0.96246393
0.41457416 2.0381099 0.96216112
0.41402277 2.0383831 0.96199388
0.41463402 2.0378455 0.96495464
0.41364454 2.037533 0.96229393
0.41308673 2.0373997 0.96189046
0.41258838 2.0372191 0.96153685
0.41214477 2.0370424 0.96126776
0.41177858 2.0369498 0.96107919
0.41151226 2.0369029 0.96094114
0.41138593 2.0369974 0.96091666
0.4114164 2.0372202 0.96099627
0.41163818 2.0374814 0.96119961
0.41196706 2.0377111 0.96138033
0.41257457 2.0381177 0.96169681
0.41286974 2.0381206 0.9617684
0.41313393 2.0380256 0.96184651
0.41329196 2.0377588 0.96176532
0.41336178 2.0375494 0.96177912
0.41336977 2.0373636 0.96178831
0.41325075 2.037252 0.96180758
0.41253188 2.0369596 0.96205373
0.41244071 2.0369639 0.9620776
0.41235764 2.0370162 0.96210886
0.41228675 2.0371173 0.9621493
0.41311182 2.0374004 0.9617452
0.41305352 2.0375662 0.96181222
0.94338359 2.1297466 3.5485165
0.94046704 2.1330905 3.5526852
0.94105082 2.1335605 3.5523942
0.94160288 2.1331292 3.5519163
0.94269885 2.132671 3.5519276
4.9634847 1.623736 1.6518802
4.9634942 1.6240631 1.652244
4.9629166 1.6250558 1.6522992
4.9628602 1.6257035 1.6525218
4.9628963 1.625892 1.6527586
4.9644897 1.6257002 1.6530107
4.9648012 1.6255202 1.6535423
4.964115 1.6255267 1.6533104
4.9634224 1.6251826 1.6535496
4.963841 1.6249794 1.6543066
4.9624052 1.6239735 1.6521589
4.9626137 1.6242368 1.6521093
4.9625897 1.6241653 1.6518107
4.9623556 1.6237006 1.6509901
4.9622384 1.6237534 1.6509641
4.9620401 1.6248488 1.6522281
4.9617684 1.6253021 1.6525593
4.9614274 1.6259103 1.6529636
0 0 0
4.4267831 1.5650306 2.3506373
4.4266243 1.5654134 2.3500996
4.4293911 1.5661798 2.3533127
4.4292554 1.5665396 2.3527631
4.4291839 1.5668884 2.3522447
4.428856 1.5669906 2.3514472
4.4287822 1.5670592 2.3510361
4.4288295 1.5671374 2.3506881
4.4289802 1.5671654 2.3504353
4.4292139 1.5671887 2.3502454
4.4295749 1.5670916 2.3501461
4.4300206 1.5667326 2.3500843
4.4303797 1.5665115 2.3500934
4.4316302 1.5662861 2.3501162
4.431859 1.5660399 2.3501816
4.4319824 1.5658228 2.3502465
4.4319848 1.5656579 2.3503081
4.4318297 1.5655743 2.3503193
4.4315734 1.5655529 2.3502787
4.4313006 1.5658411 2.3509384
4.4316688 1.566054 2.3509345
4.4315438 1.5663016 2.350819
4.4303649 1.5670272 2.350137
4.430257 1.5671182 2.349942
4.4301169 1.5670232 2.3496693
4.4302455 1.5669909 2.3496292
4.4306783 1.5666066 2.3495405
4.4308894 1.5663744 2.349601
4.4315673 1.5659105 2.3498925
4.4317575 1.5653473 2.3503254
4.4315939 1.5651933 2.3510632
4.4316442 1.5637823 2.3510745
4.4326942 1.5602042 2.3503173
1.1589071 1.7656489 3.0100344
1.1592125 1.7651502 3.0102281
1.1595062 1.7646721 3.0104058
1.159776 1.7642393 3.010615
1.1589127 1.7637873 3.0106816
1.159087 1.7635073 3.010865
1.1592155 1.7632707 3.0110591
1.159479 1.7628643 3.0104512
1.1595302 1.7636097 3.009981
1.1595678 1.7634643 3.0101841
1.1596172 1.7632644 3.0103113
1.1594364 1.7631403 3.0107085
1.1592525 1.762953 3.0110811
1.1583216 1.760932 3.0132028
1.1579923 1.7621759 3.0117727
1.3453664 2.015784 6.0873288
0 0 0
4.5773695 1.5275161 5.7214316
4.5771168 1.5269395 5.7217081
4.5769278 1.5265027 5.7220136
4.5764622 1.5261164 5.7218454
4.5760962 1.5258254 5.7225354
4.57688 1.52629 5.7230951
4.5770287 1.5261675 5.7235433
4.5770596 1.5261226 5.7237101
4.5769248 1.5262314 5.7231408
4.5772456 1.52591 5.7232902
4.5772835 1.5259938 5.7232615
4.5774682 1.5263472 5.723125
4.5774889 1.526464 5.7230203
4.5774631 1.5264828 5.7228213
4.5781736 1.5265292 5.7212408
4.5784245 1.5268453 5.7211869
4.5777055 1.5272484 5.7222625
4.5777335 1.5272348 5.7222811
4.5777365 1.5271954 5.7223132
4.5776475 1.5269587 5.7223415
4.577633 1.5268814 5.7224669
4.5776729 1.5269219 5.7227168
4.5776676 1.5269015 5.7229039
4.5776625 1.5268971 5.7231043
4.5778358 1.5277291 5.7240976
4.5791522 1.530441 5.7253201
0.41549721 2.0374199 0.96325046
0.41456098 2.0381402 0.96228561
0.41396364 2.0382778 0.96174787
0.41345949 2.0382535 0.96126543
0.41360475 2.0374363 0.96190169
0.41317578 2.0373525 0.96153932
0.41275334 2.03726 0.96122822
0.41236229 2.0372021 0.96099705
0.41218363 2.0370742 0.96100402
0.41193194 2.0371185 0.96095744
0.4117466 2.037229 0.96096573
0.41167516 2.03742 0.9610396
0.41171349 2.0376243 0.96112889
0.41186368 2.0378271 0.96127551
0.41215059 2.0380535 0.96150123
0.41271627 2.0383631 0.96170227
0.41294042 2.038356 0.96180132
0.41310169 2.0382309 0.96181278
0.41329705 2.0377834 0.96179272
0.41348285 2.0374758 0.96184176
0.41358532 2.0372272 0.96192189
0.41277343 2.0348123 0.96188905
0.41273502 2.0346385 0.9619784
0.41297828 2.0359998 0.96224685
0.41266776 2.0367392 0.96265579
0.41259719 2.036752 0.96274787
0.41338149 2.0371773 0.96230095
0.94137062 2.1347105 3.5537449
0.9412477 2.1345166 3.5533785
0.94123892 2.1342661 3.5530187
0.94157994 2.133737 3.5524793
0.94173977 2.1336294 3.552036
0.94203217 2.1333485 3.5516944
4.9637075 1.6239168 1.6517262
4.9634253 1.6244626 1.6523112
4.9629613 1.6251627 1.652504
4.9629357 1.6254961 1.652917
4.9642565 1.625569 1.6532315
4.96477 1.6256196 1.6533549
4.9649025 1.6255405 1.6537637
4.964114 1.6257178 1.6541381
4.9641748 1.6251723 1.6543074
4.9641811 1.6250572 1.654204
4.9628015 1.6237433 1.6521519
4.9627741 1.623787 1.652172
4.9626589 1.6242957 1.6519069
4.9623862 1.6241029 1.6511274
4.9623156 1.6245104 1.6516333
4.9619947 1.6252696 1.6524691
4.961837 1.6257234 1.65286
4.9616197 1.6262721 1.6533121
4.9613464 1.6269303 1.6538329
4.4291426 1.5665596 2.3532077
4.4298839 1.5668444 2.3534187
4.4296049 1.5669106 2.352946
4.4293532 1.5669328 2.3524587
4.4291533 1.5669384 2.3520068
4.4286571 1.5668384 2.3512301
4.4286378 1.5668843 2.3509162
4.428705 1.5669274 2.3506419
4.4288935 1.5669353 2.3504044
4.4291955 1.5668736 2.3502412
4.4294943 1.5670456 2.3501572
4.4298732 1.566876 2.3501188
4.4302087 1.5666668 2.3501299
4.431515 1.5663423 2.3500196
4.4317499 1.566122 2.3500549
4.4318667 1.5658965 2.3501793
4.4319032 1.5657073 2.3502944
4.431745 1.5656223 2.3503579
4.4315531 1.5655792 2.3503832
4.4313628 1.5658399 2.3510545
4.4319492 1.5658458 2.3513961
4.4317077 1.5659833 2.3513108
4.4304539 1.566858 2.3510021
4.4302408 1.5668869 2.3501324
4.4302295 1.5668677 2.3499343
4.4303324 1.5668119 2.3497896
4.4307379 1.5664709 2.3496677
4.4310056 1.5662098 2.3497996
4.4312956 1.5658456 2.3499932
4.4316142 1.5654886 2.3502174
4.4317806 1.5651276 2.3505379
4.4320434 1.564536 2.3507492
4.4322685 1.5639649 2.3509114
4.4356533 1.5628164 2.347732
1.159388 1.7650035 3.0101494
1.1596232 1.7645691 3.0104073
1.1586346 1.7655223 3.0111804
1.1589076 1.7637949 3.0108344
1.1590527 1.7635037 3.0110369
1.1591719 1.7632656 3.0112506
1.1593349 1.7630773 3.0119749
0 0 0
0 0 0
1.1595546 1.7639241 3.005751
1.1607223 1.7628992 3.0099463
1.1604064 1.7625995 3.0103651
1.1580901 1.7604829 3.013484
1.157662 1.7615805 3.0120999
4.577831 1.5288675 5.7213406
4.5774569 1.5281941 5.7216462
4.5771424 1.5275757 5.7219185
4.5769323 1.5270391 5.722156
4.5767968 1.5265858 5.7223912
4.5763191 1.5261683 5.7220676
4.5762693 1.52586 5.7222975
4.57716 1.525988 5.722684
4.5771458 1.5258299 5.7228461
4.5769378 1.5254114 5.7232385
4.5768475 1.5255774 5.7231015
4.5770075 1.5257429 5.7233529
4.5770627 1.5258827 5.7233452
4.5775341 1.5265375 5.7234525
4.57754 1.526693 5.7234109
4.577234 1.526449 5.7230404
4.5772084 1.5265873 5.7231662
4.5774614 1.5271467 5.7226481
4.5775057 1.5271432 5.7226042
4.5775757 1.5271037 5.7226248
4.5776463 1.527061 5.7226043
4.5775341 1.5268214 5.7225724
4.5776336 1.5267707 5.7226546
4.5778135 1.526823 5.7228381
4.5779631 1.5268131 5.7230027
4.5780422 1.5267968 5.7231486
4.578353 1.5269546 5.7237773
4.5794733 1.53047 5.7251353
0.41457293 2.0386759 0.96336126
0.41381205 2.0388732 0.96211478
0.41330432 2.0386015 0.96137043
0.41281784 2.0382323 0.96060534
0.4130344 2.0372611 0.9610958
0.41271878 2.0371442 0.96077433
0.4124485 2.0371073 0.9605946
0.41225533 2.0371378 0.96053325
0.41220723 2.0370607 0.96082225
0.41208719 2.0372273 0.96091402
0.41202584 2.0374503 0.9610535
0.41198665 2.0377187 0.96121069
0.4120293 2.038009 0.96141113
0.41210602 2.0384169 0.96175434
0.41224347 2.0386132 0.9618904
0.41242172 2.0389756 0.96176509
0.41263881 2.0388885 0.96181969
0.41305745 2.0383816 0.96184675
0.41335859 2.0379035 0.96191276
0.41358727 2.03738 0.96194905
0.41368923 2.0369734 0.96198776
0.41341783 2.0362631 0.96240597
0.41341819 2.0359701 0.96255198
0.41335102 2.0357604 0.96272518
0.41333868 2.0356415 0.96289389
0.41220751 2.0358162 0.96323054
0.9428957 2.1346259 3.5539329
0.9426115 2.1345384 3.5535612
0.94238323 2.1343769 3.5531962
0.94222573 2.1341931 3.5528559
0.94211169 2.1339282 3.5525217
0.94207307 2.1336866 3.5522123
0.94207761 2.1334659 3.5519079
4.9637393 1.6242289 1.6518843
4.9633437 1.6250704 1.6523874
4.9630594 1.6253364 1.652733
4.9631868 1.625487 1.6531032
4.9645773 1.6253376 1.6543118
4.9633877 1.6260368 1.6534571
4.9640804 1.6258216 1.653943
4.9642306 1.6256797 1.6542666
4.9642859 1.6251726 1.6544128
4.9643032 1.6250986 1.6543102
4.9629313 1.6238566 1.6522339
4.9629083 1.6241729 1.6522276
4.9627282 1.6245676 1.6520288
4.9625587 1.6249416 1.6522399
4.9623984 1.6252188 1.6523503
4.9621039 1.6256356 1.6526358
4.9620352 1.6260256 1.6531204
4.9618939 1.6264728 1.6535876
4.9617164 1.6269566 1.6540885
4.4265493 1.5687443 2.3559574
4.4303275 1.5685465 2.352314
4.4300405 1.5682777 2.3519227
4.429835 1.5669883 2.3517167
4.4294114 1.5668107 2.3514106
4.4288738 1.566728 2.3509081
4.4287454 1.5666632 2.3506676
4.4287373 1.5666363 2.3504444
4.4288508 1.5667721 2.3503985
4.4291396 1.5667658 2.3502679
4.4294394 1.5670369 2.3502139
4.4298141 1.5669401 2.3501749
4.4301462 1.5667586 2.350146
4.4314116 1.5665968 2.350069
4.431622 1.5662218 2.3499952
4.4316531 1.5659977 2.3501806
4.4316328 1.5658207 2.350299
4.4315528 1.5656692 2.3504133
4.431393 1.5655908 2.3505252
4.4311625 1.5655902 2.3506128
4.4315545 1.56536 2.3503826
4.4310898 1.5661039 2.3509187
4.4304374 1.5667177 2.3512233
4.4303278 1.5667951 2.3510498
4.4303833 1.5665839 2.3505158
4.4306715 1.5663839 2.3503854
4.4307537 1.5660882 2.3500602
4.4310382 1.5659232 2.3499038
4.4314063 1.5657511 2.3498208
4.4317793 1.5655569 2.3498762
4.4321606 1.5653801 2.3500531
4.4325452 1.5653463 2.3503918
4.4329913 1.5655039 2.3508243
4.4333014 1.5653773 2.3512322
4.4335513 1.5648997 2.3524258
4.4325654 1.5661655 2.3508208
4.4291848 1.569567 2.349585
4.42914 1.5690103 2.3498599
4.429667 1.5666178 2.349918
4.4294583 1.5659567 2.3501187
4.4291976 1.5653054 2.3503208
4.4289161 1.5647048 2.3505596
4.4286273 1.5641983 2.3508655
4.4281513 1.5645744 2.347536
4.4260661 1.5645062 2.3497933
4.4257578 1.5642914 2.3503479
4.4330659 1.5699701 2.3493025
4.4325515 1.5696582 2.3498504
4.5771339 1.5284955 5.722044
4.5769813 1.5280328 5.7222167
4.5768484 1.5275642 5.7223915
4.576746 1.5271095 5.7225648
4.5766714 1.5266654 5.7227112
4.5762596 1.5262599 5.7222586
4.5762518 1.5258965 5.7224285
4.5768377 1.5260518 5.7223377
4.5769468 1.5257492 5.7225824
4.5770634 1.5256758 5.7227579
4.5771389 1.5257148 5.7229067
4.5772731 1.5265607 5.7231953
4.5772963 1.5266636 5.7232815
4.5773993 1.5265035 5.7235573
4.5773672 1.5266457 5.7235687
4.5770142 1.5265642 5.7233315
4.5769765 1.5265771 5.7234293
4.5774294 1.5271905 5.7232232
4.5773517 1.5270625 5.7230508
4.5774189 1.527014 5.7230046
4.5775483 1.5269659 5.7230311
4.5774631 1.5267679 5.7227796
4.5776133 1.5267152 5.7228112
4.5779059 1.5267991 5.7229641
4.5781043 1.5268078 5.7230576
4.578618 1.5253719 5.7226642
4.5782061 1.5249832 5.7228194
4.5776235 1.5243198 5.7225349
0.41368704 2.0400096 0.96357748
0.41336061 2.0409302 0.96335806
0.41430071 2.039429 0.96282757
0.4128356 2.0376012 0.96109268
0.41241871 2.0369859 0.96016034
0.41226659 2.0369458 0.96003814
0.412166 2.0369487 0.96000796
0.41216882 2.0370485 0.96013675
0.41227221 2.0370321 0.9606993
0.41231611 2.0372979 0.96096293
0.41234026 2.0376135 0.96121826
0.41231176 2.0379634 0.96147596
0.41234377 2.038268 0.96165115
0.41240196 2.0385512 0.96180992
0.41248499 2.0387433 0.9618613
0.41263102 2.0387991 0.96185704
0.41279813 2.0387051 0.96190443
0.41303869 2.0384759 0.96196485
0.41333617 2.0380033 0.9620379
0.41371147 2.0373782 0.96214756
0.41352187 2.0367414 0.96242667
0.41364177 2.0361318 0.96271507
0.41367476 2.0357692 0.96293262
0.41369419 2.0354654 0.96318206
0.41368898 2.0352488 0.96343334
0.94571154 2.1344491 3.5533548
0.94450636 2.1345663 3.5535772
0.94372978 2.1344513 3.553374
0.9432825 2.1343774 3.5530552
0.94292456 2.1342866 3.5527544
0.94260044 2.1341567 3.5524575
0.94230415 2.1340055 3.552188
0.9420386 2.1338811 3.5518924
0 0 0
4.9630692 1.6256873 1.6525278
4.963129 1.6256738 1.6528693
4.9632755 1.6256004 1.653237
4.9639751 1.6257058 1.6551282
4.9633987 1.6256583 1.6550468
4.9634447 1.6256116 1.6550644
4.9634795 1.6255649 1.6549977
4.9643678 1.6250338 1.6545654
4.9633898 1.6248659 1.6528287
4.9633831 1.624856 1.652724
4.9633069 1.6250389 1.6525679
4.9630982 1.6253059 1.6524971
4.962887 1.6255939 1.6525417
4.9627292 1.6258111 1.6527293
4.9625428 1.6260547 1.6530165
4.9623971 1.6263179 1.6533746
4.9622287 1.6265777 1.6537935
4.962118 1.6268838 1.6542928
4.9620371 1.6272273 1.6548819
4.4304767 1.5694744 2.3517703
4.4301295 1.5689803 2.351474
4.4298615 1.5674529 2.3511642
4.4295084 1.5670235 2.3509794
4.4289094 1.5668569 2.3506871
4.4287888 1.566692 2.3505293
4.4287109 1.5665651 2.3503946
4.4288604 1.5666835 2.350382
4.4291345 1.5667028 2.3502822
4.4294123 1.5670528 2.3503129
4.429749 1.5669566 2.3502561
4.4307072 1.567933 2.3504051
4.4313389 1.5665462 2.3501418
4.4314353 1.5663259 2.3500082
4.4313294 1.5661805 2.3502697
4.431357 1.5659187 2.3503606
4.4312916 1.5657193 2.3504935
4.4311411 1.5656025 2.3506094
4.4309262 1.5655689 2.3507121
4.4305649 1.5651787 2.3507433
4.431019 1.5660241 2.3510782
4.430502 1.566478 2.3512075
4.4302307 1.5664044 2.3509096
4.4303275 1.5664479 2.3506568
4.4306742 1.5662865 2.3504818
4.4307558 1.5660436 2.3500994
4.4310881 1.5659059 2.3498239
4.4314852 1.5657577 2.3496066
4.4319628 1.565599 2.3494881
4.4326136 1.5656178 2.3495918
4.4331275 1.5660697 2.3500595
4.4334418 1.5667203 2.35062
0.25944205 0.61636047 0.60720223
0.25880142 0.6161815 0.6073617
0.25816319 0.616 0.60751353
0.25756731 0.61578287 0.60762938
0.25708516 0.61554539 0.60770068
0.25679738 0.61527267 0.60765561
0.25648497 0.6150199 0.60752846
0.25565691 0.61438882 0.6080939
0.25747392 0.61414438 0.60652249
0.25812228 0.61408402 0.60601352
0.25883162 0.61410793 0.60547076
0.25967324 0.61424432 0.60486987
0.26362559 0.61535986 0.60008653
0.26363687 0.61558201 0.59962803
0.26182759 0.61480033 0.60543937
4.5765087 1.5281844 5.7226967
4.5765264 1.5278701 5.7227461
4.5765486 1.5275363 5.7228252
4.5765658 1.5271669 5.7229217
4.5765753 1.5267981 5.7230487
4.5761528 1.5263807 5.7223171
4.5764432 1.5261299 5.7223388
4.5769121 1.526013 5.7222889
4.5769967 1.5258087 5.7224799
4.577265 1.5258087 5.722535
4.5772944 1.5257406 5.7226665
4.5771462 1.5263453 5.723148
4.5773077 1.5266188 5.7233758
4.5773355 1.5264587 5.7236546
4.5772686 1.5265901 5.723696
4.5769452 1.5266264 5.7237723
4.5767924 1.5265495 5.7237055
4.5769543 1.5267932 5.7234553
4.5769891 1.5268194 5.7233544
4.5772275 1.526947 5.7232637
4.5773938 1.5269276 5.7232398
4.577586 1.526896 5.7232395
4.5778041 1.5268977 5.7231875
4.5780285 1.5268824 5.7231748
4.5782457 1.5268682 5.7231639
4.5782295 1.5256202 5.723072
4.5784529 1.5256206 5.7230943
4.5788042 1.5249275 5.7231023
2.6872753 1.0901168 0.68241929
2.6869058 1.0907056 0.68252155
2.6902075 1.0897414 0.67975697
2.6889748 1.0905422 0.6808302
2.6891012 1.0914089 0.68083221
2.6897501 1.0925159 0.6799699
2.6907263 1.0930044 0.67946443
0 0 0
0.41243751 2.0370004 0.96066497
0.41260112 2.0373696 0.9611108
0.41269001 2.0377258 0.96144122
0.41269191 2.0380808 0.96169548
0.41269081 2.0383894 0.96186738
0.41267203 2.0386128 0.96197222
0.41270788 2.0389471 0.96185933
0.41276707 2.0389141 0.96194095
0.41289525 2.0387642 0.96199367
0.4130461 2.0385308 0.9620905
0.4133267 2.0380784 0.96220509
0.41343268 2.0376676 0.96205821
0.41369279 2.036621 0.96271825
0.41449036 2.0362809 0.9639796
0.41403179 2.0353892 0.96362099
0.4140324 2.0351287 0.9636443
0.94635654 2.1338391 3.5541148
0.94578279 2.1340658 3.5538049
0.94521901 2.1342254 3.5535268
0.94455585 2.1342794 3.5531515
0.94406402 2.1343682 3.5529008
0.9435613 2.1344132 3.5526121
0.94305188 2.1344014 3.5523316
0.94257616 2.1343808 3.5520843
0.94206624 2.1343273 3.551892
4.9622057 1.6259837 1.6526718
4.9623432 1.6258405 1.6529488
4.9631303 1.6258364 1.6530868
4.9633462 1.6256961 1.653338
4.9633527 1.6257302 1.6545644
4.9634068 1.625624 1.6550441
4.9634719 1.6255761 1.6550202
4.9635186 1.6255379 1.6549702
4.9639806 1.624847 1.6544153
4.9634377 1.6248723 1.6528192
4.9634361 1.6249155 1.6527032
4.9634785 1.6250725 1.6526329
4.9634034 1.6252702 1.6525935
4.9632815 1.6254977 1.6526657
4.9630326 1.6258299 1.652887
4.9628857 1.6260513 1.653151
4.9626405 1.6263479 1.6534797
4.9625531 1.6265039 1.6538891
4.9625067 1.6266524 1.6543248
4.9625017 1.626757 1.6547693
4.4278503 1.5727155 2.3531439
4.4282227 1.5723918 2.3525684
4.4299153 1.5678632 2.3506672
4.4294225 1.5671961 2.3505352
4.428859 1.5674402 2.3507102
4.4286661 1.5670383 2.350822
4.4287512 1.5666951 2.3504167
4.4288868 1.566616 2.3503686
4.4292034 1.5667217 2.3502684
4.4293928 1.5670918 2.3504337
4.430374 1.5680436 2.3504402
4.4306248 1.5679463 2.3504417
4.4306594 1.567528 2.350107
4.4309738 1.5665447 2.3502427
4.4310857 1.5662804 2.3503119
4.431054 1.5659901 2.3504354
4.4310008 1.565777 2.3505541
4.4308889 1.5656337 2.3506841
4.4307369 1.5655709 2.350783
4.4301879 1.565407 2.3509285
4.4305711 1.5659349 2.3512114
4.4304139 1.5661085 2.3511473
4.4303131 1.5662842 2.3509487
4.4303353 1.5663578 2.3507261
4.4304938 1.5663389 2.3504951
4.4307681 1.5660727 2.3501065
4.4310991 1.5659698 2.349733
4.4315552 1.5658566 2.3493625
4.4320344 1.56573 2.3490573
4.4328313 1.5658881 2.3490751
0 0 0
0.26040596 0.6171058 0.60781668
0.25922237 0.61634125 0.60740898
0.2587645 0.61619539 0.60753049
0.25829969 0.61601848 0.60763208
0.25789526 0.61580949 0.60766105
0.25760584 0.6155422 0.60759775
0.25743737 0.61526105 0.60748085
0.25737848 0.614808 0.60731332
0.25752314 0.61453499 0.60701499
0.25830914 0.61428318 0.60625753
0.25887407 0.61422751 0.60577236
0.25951296 0.61426776 0.60529887
0.26023069 0.61442845 0.60481165
0.26101238 0.61466805 0.60430709
0.26181356 0.61494075 0.60380125
0.26181745 0.61494213 0.60590098
4.5755559 1.5274677 5.7233082
4.5758108 1.5273462 5.7232735
4.575993 1.5273194 5.7232835
4.5758468 1.5277405 5.723621
4.5755966 1.5276942 5.723777
4.5760722 1.5267719 5.722157
4.5765698 1.5262357 5.7223295
4.5770128 1.5261439 5.722171
4.5770581 1.5259092 5.7222881
4.5774308 1.5258891 5.7225391
4.5774199 1.5257847 5.7226789
4.5778908 1.5256469 5.7234817
4.5774151 1.5262088 5.7235443
4.5773185 1.526366 5.7238188
4.5771968 1.526491 5.7238771
4.5768631 1.5265635 5.7238959
4.5767033 1.5264994 5.7238705
4.5766807 1.5265337 5.7238896
4.576837 1.5268203 5.7234877
4.5770116 1.5269108 5.7234263
4.5772165 1.5269202 5.7233545
4.5774738 1.5269338 5.7233114
4.5777443 1.5269361 5.7232677
4.5780303 1.5269356 5.7232489
4.5783223 1.5269389 5.7232398
4.5786927 1.5267417 5.723346
4.5789597 1.5268279 5.7232815
4.5792382 1.5268638 5.7232275
2.6901883 1.0880647 0.68061223
2.6903698 1.0890289 0.68016967
2.6907628 1.0898595 0.67991526
2.6909922 1.0908741 0.68005675
2.6913963 1.091581 0.6797038
2.6918105 1.092182 0.67949933
2.692198 1.0926967 0.67912289
2.6925961 1.0931277 0.67861818
0 0 0
0.41299476 2.0374706 0.96138386
0.41308022 2.0378252 0.96171437
0.41309303 2.0381337 0.96192345
0.41303196 2.0383901 0.96203336
0.41298606 2.038563 0.96208574
0.412909 2.0389673 0.96198933
0.41292943 2.0389084 0.96205004
0.41298066 2.0387446 0.96211331
0.41309757 2.0385007 0.96224114
0.41332165 2.0381291 0.96241037
0.4133902 2.0376926 0.96233837
0.41375331 2.0366519 0.9628809
0.41465277 2.0362207 0.96428632
0.41491774 2.0356965 0.96455988
0.9467208 2.1333306 3.5544816
0.94638353 2.1336248 3.5541306
0.9460473 2.1338569 3.5537766
0.94570609 2.134035 3.5534428
0.94524235 2.1342159 3.5530942
0.94468203 2.1343735 3.5528032
0.94402771 2.1345392 3.5524263
0.94346684 2.1346729 3.5521502
0.94290445 2.1348336 3.5518982
0 0 0
4.9623766 1.6261932 1.6530847
4.9624757 1.6260106 1.6532332
4.9632126 1.6259417 1.6532631
4.9633498 1.6257962 1.6533801
4.9634154 1.6256026 1.6536102
4.963429 1.6256127 1.6549597
4.9634698 1.6255553 1.6549278
4.963514 1.6255345 1.6548498
4.963339 1.6247986 1.6527401
4.9633776 1.6248324 1.6526533
4.9634353 1.6249308 1.652629
4.96353 1.6251377 1.6526276
4.9635184 1.6253614 1.652603
4.9634081 1.6255949 1.6526797
4.9631955 1.6258785 1.6529624
4.9630737 1.6260608 1.6532142
4.9630105 1.6261868 1.6535565
4.9628384 1.6263082 1.6538755
4.9628693 1.6263016 1.6542571
4.9629595 1.6262337 1.6546308
0 0 0
4.4281766 1.5730184 2.3520387
4.4293763 1.5686303 2.3504332
4.4291154 1.5680786 2.3503848
4.4289275 1.5676495 2.3503886
4.4287327 1.5673349 2.3504391
4.4287325 1.56715 2.3504617
4.4284356 1.5666059 2.3505899
4.4295292 1.5674157 2.3507579
4.4298187 1.5674162 2.3507664
4.4303404 1.5680628 2.3505152
4.4305648 1.5679893 2.3505132
4.4305045 1.5675629 2.3501619
4.4307843 1.5666597 2.3503417
4.4308003 1.5664691 2.3504365
4.4307687 1.5660884 2.3505063
4.4307213 1.5658508 2.3506114
4.4306546 1.5656972 2.3507023
4.4299054 1.5648814 2.3521048
4.4296749 1.5650229 2.3520937
4.4304568 1.5655296 2.3513442
4.4304241 1.5656324 2.3512403
4.4302653 1.5663092 2.3509277
4.4303053 1.5663753 2.350719
4.4297515 1.5675505 2.350512
4.4306855 1.5660376 2.3503605
4.4310955 1.5660842 2.3496143
4.4315733 1.5660181 2.3491054
4.4320454 1.5659066 2.3486583
0 0 0
0.26455499 0.61505166 0.6078868
0.25907356 0.61738704 0.60731551
0.25853191 0.61715277 0.60769554
0.25869173 0.61621386 0.60772587
0.25840087 0.61604105 0.60776061
0.25819524 0.61582443 0.60769701
0.25809759 0.61557806 0.60752724
0.25805989 0.61522803 0.60733609
0.25818427 0.61490593 0.60702449
0.25845223 0.61464993 0.60665931
0.25901566 0.61447085 0.60616792
0.25969689 0.61439605 0.60548198
0.2602081 0.61444558 0.60512026
0.26076225 0.61460234 0.60476874
0.26135694 0.61483511 0.60443169
0.26196153 0.61508867 0.60410871
0.26180039 0.61508397 0.60637539
4.5752551 1.527682 5.723258
4.5756318 1.5274342 5.7235491
4.5757905 1.5273327 5.723591
4.5763355 1.5288079 5.7237224
4.5757921 1.5279674 5.7239256
4.5764497 1.52769 5.7223169
4.5765478 1.5273992 5.7223529
4.5771653 1.5262996 5.7220675
4.5771159 1.5259929 5.7218514
4.5776287 1.5260422 5.722541
4.5782604 1.5256799 5.7233736
4.5782029 1.5256808 5.7235771
4.5775231 1.5261888 5.7236001
4.5773908 1.5263554 5.7238903
4.5772315 1.5264516 5.7239595
4.5768643 1.5265556 5.723949
4.5767282 1.5264975 5.7238915
4.5769473 1.5265223 5.7237928
4.5767782 1.5268809 5.7235105
4.5769055 1.5269326 5.723423
4.5771087 1.5269716 5.7233557
4.5773725 1.5269959 5.7233019
4.5776715 1.5270126 5.7232757
4.5779893 1.5270144 5.7232667
4.5783226 1.5270055 5.7232821
4.5786616 1.5269792 5.7233025
4.5789904 1.5269193 5.7232762
4.5793065 1.5268712 5.7232416
2.6910859 1.0882094 0.68057806
2.6913619 1.0890372 0.68033357
2.6916359 1.0897882 0.68007021
2.6914056 1.091026 0.68030996
2.6917232 1.0917282 0.68010274
2.6920639 1.0922379 0.67977811
2.6924162 1.092654 0.67940738
2.6926292 1.0929005 0.67906518
2.6896396 1.0913073 0.68232451
2.6911976 1.0918381 0.681309
0.41354643 2.0379445 0.96205888
0.4134857 2.0381817 0.96216071
0.41335032 2.0383715 0.96218541
0.4132223 2.0385081 0.96217809
0.41309796 2.0385553 0.96214252
0.4130249 2.038576 0.96213614
0.4131116 2.0386208 0.96220586
0.41315326 2.0384348 0.962415
0.4132992 2.0381262 0.96263626
0.41337424 2.0377363 0.96265744
0.41374182 2.0366272 0.96315313
0.41402918 2.0361111 0.9634519
0.94501949 2.1318645 3.555023
0.94660643 2.1332217 3.5544783
0.94642201 2.133476 3.5541469
0.94616896 2.1337161 3.5537857
0.94586615 2.1339486 3.5534053
0.94549052 2.1341539 3.5530396
0.94504452 2.1344097 3.5526954
0.94436365 2.1346553 3.5522641
0.94379106 2.134943 3.5519348
0.94321559 2.1352369 3.5516133
0 0 0
4.9630781 1.6264067 1.6534871
4.9630999 1.6262496 1.6535604
4.9632024 1.6258751 1.6536239
4.9629672 1.6252492 1.6537794
4.9629439 1.625166 1.6537994
4.962836 1.6251446 1.6536318
4.9631144 1.6248517 1.6531566
4.9631847 1.6247996 1.653079
4.9631887 1.6248024 1.6525416
4.9632921 1.6248452 1.6525209
4.9633891 1.6249394 1.6525188
4.963603 1.6251235 1.6527008
4.9636202 1.6253752 1.6525837
4.9651065 1.6255074 1.6525074
4.9633242 1.6258676 1.6529413
4.9632542 1.6259646 1.653185
4.9632328 1.6260052 1.6534528
4.9632168 1.6258623 1.6536944
4.9632585 1.6256783 1.6541744
4.9634346 1.6253747 1.6545471
4.9637348 1.6249526 1.6549427
4.9639282 1.624346 1.654463
4.4293321 1.5687367 2.3499432
4.4291435 1.568283 2.3500043
4.4289907 1.567872 2.3500908
4.4288842 1.5675383 2.3501953
4.4288816 1.5673202 2.3502943
4.4285581 1.5672676 2.3510452
4.4296981 1.5675781 2.3507427
4.4299042 1.5675117 2.3507825
4.4302166 1.5676165 2.3510012
4.4306447 1.5677728 2.3510842
4.4308078 1.5670493 2.3508785
4.4305872 1.5668049 2.3506178
4.4306985 1.5664758 2.3506274
4.4305367 1.5662317 2.3505844
4.4304859 1.565928 2.3506099
4.4304486 1.5657884 2.3507104
4.4297692 1.5649483 2.3520943
4.4295996 1.565075 2.3520942
4.4305078 1.5653451 2.3512597
4.430335 1.5661102 2.3509391
4.4302619 1.5664081 2.3507942
4.4302629 1.5665755 2.3503312
4.4285106 1.5675668 2.3501834
4.4304437 1.5659946 2.3498936
4.430003 1.5659538 2.3489237
4.4315122 1.5662589 2.3489103
0.26325118 0.61327362 0.60277934
0.2631521 0.61320522 0.60325917
0.26036654 0.61307802 0.60910077
0.2599591 0.61569326 0.60953012
0.2580023 0.61617725 0.6084857
0.25853381 0.61624103 0.60797209
0.25847805 0.61606609 0.60790893
0.25846159 0.61586158 0.60773901
0.25854148 0.61561604 0.60746007
0.25871251 0.61526649 0.60714797
0.25902479 0.61493262 0.60678188
0.25939291 0.61473224 0.60635165
0.25975141 0.61462177 0.60593387
0.26049059 0.61457865 0.60524029
0.26088855 0.61462741 0.60494766
0.26125205 0.61479168 0.6047382
0.26164538 0.6149956 0.60458373
0.26206428 0.6152248 0.60444783
0.26262805 0.61514687 0.60680501
4.5755757 1.5279159 5.7237777
4.5758382 1.527665 5.7235801
4.5763472 1.5268987 5.7233472
4.5773348 1.5289085 5.7219399
4.5775197 1.5285946 5.7218631
4.5786511 1.5295883 5.7204125
4.5779967 1.527262 5.7210914
4.5786365 1.5256752 5.7216076
4.5777175 1.5253986 5.7219642
4.5779151 1.5262057 5.7231211
4.5784373 1.5260302 5.7233164
4.5781164 1.5262015 5.7234413
4.5777219 1.5263175 5.7238085
4.5775328 1.5263756 5.7238936
4.5773527 1.5264845 5.7239213
4.5772088 1.5265625 5.7238735
4.5769691 1.5268687 5.7235391
4.5768765 1.5268933 5.7234358
4.576824 1.5269379 5.7233592
4.5768879 1.527 5.7233096
4.577047 1.5270534 5.7232495
4.5773002 1.5270886 5.7232112
4.577583 1.5271091 5.7231973
4.5778992 1.5270985 5.7232174
4.5782368 1.5270872 5.7232675
4.578579 1.5270286 5.7233146
4.5789209 1.5269514 5.7233398
4.5792815 1.526846 5.7232504
0 0 0
2.6919437 1.0889582 0.67984068
2.6919744 1.0899904 0.68024761
2.691779 1.0912111 0.68053312
2.6920295 1.0917926 0.68031432
2.6923012 1.0922749 0.68002906
2.6925867 1.0926267 0.6797127
2.6927196 1.0927773 0.67941379
2.6922648 1.092724 0.6795962
2.6931545 1.0926676 0.67858765
2.693565 1.0926671 0.67818482
0.41757841 2.0362517 0.95904625
0.41314467 2.036755 0.95846056
0.41297542 2.0368223 0.95840383
0.4132313 2.0379423 0.96193215
0.41306284 2.0378803 0.96206095
0.41321816 2.0384944 0.96233022
0.41321906 2.038366 0.96261609
0.41326705 2.038117 0.96288037
0.41183475 2.0388308 0.96246099
0.41354245 2.0362581 0.9635373
0.94445109 2.1325222 3.5550184
0.94445766 2.132794 3.5548407
0.94650457 2.1331699 3.5544665
0.94641011 2.1333883 3.5541644
0.94623315 2.1336289 3.5538059
0.94597259 2.1338694 3.5534034
0.94560831 2.1341596 3.5529384
0.94513645 2.134433 3.5525137
0.94458527 2.1347856 3.552121
0.9440217 2.135145 3.5517123
0.94344352 2.1355677 3.5512979
0.94331423 2.1363791 3.5512103
4.9643525 1.6236748 1.6491656
4.9632131 1.6258414 1.6537729
4.9631385 1.6256195 1.6536771
4.9630405 1.6254061 1.6535206
4.9629742 1.6251986 1.6533592
4.9629688 1.6250298 1.653161
4.9630162 1.6248908 1.653008
4.9631081 1.6248119 1.6528685
4.9629935 1.6247663 1.6521008
4.9631633 1.6248573 1.6523314
4.9633745 1.6248275 1.6524732
4.9636441 1.6251403 1.6526324
4.963778 1.6252316 1.6526285
4.9652077 1.6254592 1.652444
4.9634646 1.6257698 1.6528785
4.9634081 1.6258038 1.6530455
4.9633471 1.6257419 1.6532334
4.9634368 1.6256228 1.6534714
4.9635135 1.6253318 1.6538147
4.9640435 1.6251874 1.6542851
4.9642015 1.6249064 1.654531
4.9639221 1.6241327 1.6537485
4.4292672 1.5688429 2.3494812
4.4291539 1.5684513 2.3496244
4.4290757 1.5680761 2.3497834
4.429033 1.567762 2.3499493
4.4290316 1.5675242 2.350085
4.4286855 1.5674089 2.3509144
4.4295694 1.567351 2.3504729
4.4302844 1.5670419 2.3508127
4.4305986 1.5668051 2.3508778
4.4307408 1.5667324 2.3508845
4.4305494 1.5668747 2.3507754
4.4305251 1.566793 2.3507161
4.4305513 1.5665721 2.3507497
4.4304002 1.5663041 2.3505081
4.430318 1.566056 2.3506376
4.4304313 1.5660273 2.3516913
4.4301205 1.5655529 2.3523046
4.4300833 1.5655738 2.3522727
4.4303172 1.5661177 2.350903
4.4303162 1.5662338 2.3508069
4.4302802 1.5666106 2.3504251
4.4303357 1.5667259 2.3501576
4.428549 1.5679579 2.3500594
4.4283451 1.5680358 2.349445
4.4285676 1.5681003 2.3490261
4.4357614 1.5654742 2.3498536
0.26002554 0.61637056 0.6052566
0.2599571 0.61626144 0.60572637
0.25992842 0.61615672 0.60607077
0.25942623 0.61492763 0.60822555
0.25983014 0.61494233 0.60779546
0.25850869 0.61624216 0.60813571
0.25856661 0.61608869 0.60802088
0.2587176 0.61590649 0.60776729
0.25895848 0.61569273 0.60739522
0.25928174 0.61542304 0.60694762
0.25962832 0.6151557 0.60652808
0.26003219 0.61495621 0.60606257
0.26043211 0.61483402 0.60566144
0.26114628 0.61479035 0.60501731
0.26149512 0.61479342 0.60480943
0.26297343 0.61566985 0.60365316
0.26324248 0.61580492 0.60361953
0.2634913 0.6159898 0.60365892
0.26371812 0.61620505 0.60373797
4.5797842 1.5286012 5.7282719
4.5759726 1.5278164 5.7236214
4.5764937 1.5270222 5.7233067
4.5776665 1.5286618 5.7220758
4.5776411 1.5287496 5.7218077
4.5787573 1.5297207 5.7203484
4.5785673 1.5271153 5.7192801
4.5787731 1.5258704 5.7215648
4.5781035 1.5265871 5.7230388
4.5781364 1.5263999 5.7232208
4.578255 1.5262892 5.7232975
4.5782308 1.5263319 5.7234348
4.5781362 1.5263677 5.723566
4.5780148 1.5264295 5.7236778
4.5777285 1.5265058 5.7237448
4.5774607 1.5266268 5.7237576
4.577533 1.5267663 5.7234288
4.5770086 1.5269446 5.7232489
4.5769156 1.5270246 5.7231755
4.5769251 1.5270955 5.72312
4.5770119 1.5271463 5.7230853
4.577259 1.5271995 5.7230384
4.5774823 1.5271997 5.7230534
4.5777676 1.5271769 5.7231012
4.5780837 1.5271653 5.7232977
4.5784141 1.5270801 5.7233273
4.5787887 1.5291486 5.7244153
4.5785905 1.5280133 5.7258255
2.6911718 1.0890413 0.68064745
2.6914065 1.0896533 0.68045201
2.6921912 1.090208 0.68040638
2.6920436 1.0914046 0.68071484
2.6922432 1.0919249 0.68053232
2.6924416 1.0923481 0.680316
2.692682 1.092646 0.68001853
2.6929021 1.092521 0.67953379
2.693143 1.0926028 0.67921215
2.6934266 1.0925926 0.67886679
2.6935417 1.0925558 0.67875543
2.6979036 1.089913 0.67462028
0 0 0
0.41398877 2.0350681 0.95479632
0.4120621 2.0358378 0.95533478
0.41083982 2.0364474 0.96178812
0.41072871 2.0363589 0.9619595
0.41634117 2.0373908 0.9667114
0.41629276 2.0372365 0.96696093
0.94868473 2.131082 3.5510849
0.94656434 2.1320444 3.5538336
0.9441267 2.1326807 3.5548561
0.94426438 2.132861 3.5547849
0.94638466 2.133115 3.5549514
0.94667571 2.1333318 3.5547758
0.94620598 2.133578 3.5538687
0.94593438 2.1339509 3.5533133
0.94558697 2.1342786 3.5529627
0.94517951 2.1345696 3.5525192
0.94471469 2.1349109 3.5520348
0.94418561 2.1353925 3.5515921
0.94344493 2.1358216 3.5512133
0.94372085 2.1373703 3.5508709
0.94092707 2.1386802 3.5502266
4.9632747 1.625934 1.6539563
4.9631803 1.6257169 1.6537308
4.9617402 1.6247469 1.6528067
4.9616232 1.6249029 1.6520384
4.9625206 1.625563 1.6520768
4.9625123 1.6254712 1.65198
4.9625433 1.6254014 1.6519886
4.9626295 1.6253371 1.6520399
4.9627473 1.6250262 1.6524858
4.9628471 1.6251619 1.6525087
4.9629466 1.6252904 1.6525775
4.9630566 1.6254363 1.6526409
4.9634013 1.6262412 1.6529478
4.9634618 1.6263111 1.6530275
4.9632993 1.6254425 1.6526923
4.9634491 1.6254388 1.6528776
4.9633901 1.6253389 1.6532299
4.9635509 1.6250439 1.6532984
4.9634249 1.6243092 1.6528465
4.9638705 1.6237295 1.6528697
4.96397 1.623466 1.6530505
4.432445 1.5708093 2.3522821
4.429164 1.5685974 2.3492735
4.429164 1.5682691 2.349485
4.4291958 1.5679653 2.3496956
4.4292995 1.5677047 2.3499334
4.429458 1.5675226 2.3501407
4.430294 1.5669702 2.3506161
4.4304091 1.5667708 2.3506258
4.4307169 1.5667002 2.3508099
4.4307377 1.5666963 2.3508809
4.4305288 1.566877 2.3508055
4.4305285 1.5667847 2.3508225
4.4305314 1.5666479 2.3508568
4.4302167 1.5660979 2.3493406
4.4302373 1.5662145 2.3506594
4.4302091 1.5661033 2.3507267
4.4295297 1.5658057 2.3511489
4.4293951 1.5655309 2.3511312
4.4303127 1.566297 2.3507728
4.4304091 1.5664334 2.3504105
4.4304083 1.5666797 2.3501861
4.4304178 1.5668964 2.3499318
4.4306592 1.5686879 2.351471
4.4308082 1.5688245 2.3510935
4.4291728 1.5692765 2.3482396
0.25928204 0.61738797 0.60430152
0.25969984 0.61638064 0.60539651
0.25965873 0.61621012 0.60590879
0.25948205 0.61611863 0.60646245
0.25972584 0.6158982 0.60679441
0.25977415 0.61581514 0.6069687
0.25852016 0.61625167 0.60824955
0.25867761 0.61611568 0.60810997
0.25895737 0.61598732 0.60777382
0.25933475 0.6158231 0.60730289
0.25978655 0.61563332 0.60677576
0.26021388 0.61538919 0.60626236
0.26062638 0.61521829 0.60578159
0.26101727 0.61509873 0.60537424
0.26140265 0.61505834 0.604999
0.2619632 0.61497828 0.60472823
0.26321344 0.61586329 0.60373232
0.26331858 0.6159314 0.60387519
0.26335474 0.61604925 0.60412677
0.263396 0.61623846 0.60439035
0.25914112 0.61700314 0.60656989
4.5764089 1.5292961 5.7223045
4.5775085 1.5288992 5.7219855
4.5778854 1.5288049 5.7219753
4.5785947 1.5278147 5.7222053
4.5797389 1.528769 5.7196757
4.5786333 1.5272961 5.7192516
4.5787996 1.5262984 5.7216224
4.5781955 1.5268128 5.7230381
4.5782531 1.5265946 5.7231805
4.5783341 1.5264772 5.723266
4.5783436 1.5264545 5.723396
4.5782911 1.5264846 5.7235003
4.5781911 1.5265405 5.7235547
4.5780222 1.52664 5.7235397
4.577903 1.5267525 5.7234043
4.5777532 1.5268689 5.7232435
4.5770875 1.5267687 5.7227901
4.5769955 1.5268652 5.7226828
4.5771204 1.5272604 5.7225363
4.5771256 1.5270976 5.7226861
4.5771978 1.5272535 5.7227159
4.5773745 1.5272782 5.7228584
4.5776116 1.5272145 5.722952
4.5778367 1.5272105 5.7231889
4.5781798 1.5270823 5.7232973
4.5777811 1.5285214 5.7256102
4.5783681 1.5279524 5.7258888
2.6912885 1.0899909 0.68102436
2.6915078 1.0905393 0.68098922
2.6920819 1.0915794 0.68193673
2.6925221 1.0919785 0.68158483
2.6922522 1.0921222 0.68081026
2.6924718 1.09246 0.68060389
2.6926657 1.0926949 0.68035622
2.6928573 1.0928197 0.68000887
2.6930432 1.0928584 0.67969532
2.6932375 1.0928326 0.67942444
2.6934215 1.0927336 0.67923426
2.6960332 1.0948658 0.67730844
2.6989557 1.0967407 0.67851749
0.9421016 2.1336473 3.5477791
0.94487168 2.1334093 3.5522435
0.94534468 2.1333705 3.5532478
0.94418133 2.1345603 3.5527267
0.94465443 2.1345396 3.5536774
0.94513829 2.1345233 3.5545781
0.94555701 2.1345432 3.5550811
0.94548605 2.1328506 3.5527355
0.94624278 2.1318578 3.5517863
0.9465105 2.1319401 3.5518379
0.94648719 2.1332334 3.5550766
0.94662893 2.1333086 3.5548606
0.94663834 2.1331686 3.554639
0.94626468 2.1336682 3.5537092
0.94567561 2.1344343 3.553055
0.9452873 2.1348825 3.5524929
0.94487285 2.1357395 3.5515967
0.94437474 2.1361931 3.5510596
0.94379257 2.1366597 3.5505256
0.94346525 2.137269 3.5502174
0.94649839 2.138544 3.5517534
4.9633341 1.6261273 1.6541292
4.9631138 1.6259135 1.6536505
4.9625496 1.6258656 1.6525731
4.9624959 1.6257066 1.6521229
4.9624352 1.625575 1.6519379
4.9624141 1.6254624 1.6518626
4.9624304 1.6253953 1.6518415
4.962576 1.6251814 1.652044
4.9626906 1.624965 1.6523891
4.9628311 1.6250539 1.6524584
4.9629722 1.6251782 1.6525183
4.9631373 1.6252829 1.6525881
4.9623919 1.6264662 1.6530229
4.963325 1.6261713 1.653509
4.9634313 1.6251874 1.6523388
4.9634351 1.6250538 1.6522927
4.9633671 1.6248721 1.6523124
4.9633779 1.6246625 1.652381
4.9633619 1.6244398 1.6524735
4.96336 1.6242341 1.6525818
4.9633479 1.624038 1.6526895
4.9651766 1.6270402 1.6586413
4.4283439 1.5646642 2.3455198
4.4279004 1.5680033 2.350471
4.4304233 1.5673015 2.3502869
4.4304781 1.5672086 2.3504324
4.4303776 1.5676025 2.3501338
4.4304195 1.5670814 2.3503721
4.4305664 1.5668706 2.3506216
4.430724 1.5666491 2.3507339
4.4307704 1.5666365 2.3508639
4.4305662 1.5667758 2.3508934
4.4296394 1.5682675 2.351435
4.4299693 1.5676637 2.352115
4.4303256 1.5662313 2.3494187
4.4303492 1.5661377 2.3494171
4.4303304 1.5660667 2.3493801
4.4286129 1.5664806 2.3508725
4.4286002 1.5664623 2.3507725
4.4297328 1.5661555 2.350893
4.4304563 1.5657895 2.3506207
4.4304731 1.5669123 2.3499892
4.4303306 1.5677571 2.3504575
4.430419 1.5679547 2.3501122
4.434951 1.5687564 2.3512093
0.25934168 0.61738262 0.60347647
0.25930736 0.61718941 0.60403631
0.25935393 0.61696372 0.60448453
0.25910161 0.61623402 0.60644021
0.25923657 0.61606961 0.60678739
0.25966107 0.61585317 0.60686106
0.25979737 0.615782 0.60702948
0.25851998 0.61624296 0.60864176
0.25876031 0.61613657 0.60817301
0.25918938 0.61608959 0.60774642
0.25965518 0.61602368 0.6071998
0.26009192 0.61593911 0.60662805
0.2603695 0.61537582 0.60565855
0.26079626 0.61532426 0.60515259
0.26114258 0.61529864 0.60475477
0.26134524 0.61526766 0.60456571
0.26143833 0.61530876 0.6045375
0.26145295 0.6153202 0.60464912
0.26133749 0.61534383 0.60494226
0.25723098 0.6149926 0.60760403
0.25616748 0.61482969 0.60966216
0.25735209 0.61766865 0.60650948
4.5762362 1.5309413 5.7206939
4.5783782 1.5292538 5.7198744
4.5777061 1.528237 5.7207678
4.577813 1.527924 5.7207843
4.5785739 1.527821 5.7191512
4.578678 1.527486 5.7192303
4.5788604 1.5264468 5.7215862
4.5782346 1.5270028 5.7229723
4.578309 1.5267955 5.7231105
4.5783578 1.5266348 5.7232603
4.5784471 1.5266213 5.7232891
4.5784521 1.5266298 5.7233594
4.578398 1.5266816 5.7233751
4.5783159 1.5267705 5.7233256
4.5781943 1.5268817 5.7232028
4.57804 1.5269751 5.7229814
4.5773768 1.5268848 5.7225317
4.5772564 1.5269619 5.7224188
4.57725 1.5273817 5.7223041
4.5773659 1.5273724 5.7223833
4.5771569 1.5273259 5.7224725
4.5770069 1.5273211 5.7225369
4.5771736 1.5272804 5.7226939
4.5774296 1.5271106 5.7227204
4.5777103 1.5268234 5.7226171
4.5780223 1.526644 5.722735
4.5783371 1.5264852 5.7228964
2.6916272 1.0907056 0.68139834
2.6924755 1.0913665 0.68116649
2.6924158 1.0917354 0.68164371
2.6925774 1.0921608 0.68167113
2.6922154 1.0922934 0.68101801
2.6924039 1.0925887 0.68091336
2.6925914 1.0927809 0.68072613
2.6927846 1.0928685 0.68040475
2.6929409 1.0928766 0.68014433
2.6930415 1.0928189 0.68000055
2.6932846 1.0927256 0.67978169
2.6935671 1.0926185 0.67957195
2.6936109 1.0922344 0.67952588
2.688335 1.0940119 0.68083507
0.94452313 2.1340255 3.5529027
0.94508394 2.1339002 3.5537351
0.943695 2.1343866 3.5535259
0.94399841 2.1352847 3.5534683
0.9445879 2.1351992 3.5542358
0.94508982 2.1350838 3.5547784
0.94541998 2.1334576 3.5528414
0.9460199 2.1320813 3.5517171
0.94636883 2.1320565 3.5518483
0.94639367 2.1334523 3.5552807
0.94676439 2.1331967 3.5553085
0.9466814 2.1329907 3.5547839
0.94638614 2.1336606 3.5538802
0.94578284 2.134509 3.5531687
0.94537476 2.1349462 3.552479
0.94491499 2.1357157 3.5514508
0.94424004 2.1361922 3.5507275
0.94346378 2.1366504 3.5499363
0.94277185 2.1372241 3.5492917
0.94513928 2.1377772 3.5500288
0.94499817 2.1372905 3.5491447
4.962797 1.6264667 1.6529387
4.9626851 1.6261927 1.6526869
4.9625835 1.6259466 1.6524511
4.962512 1.6257197 1.6523054
4.962504 1.6255221 1.6522392
4.9624205 1.6250375 1.6521123
4.9625406 1.6249723 1.6521335
4.9627055 1.6249149 1.6522764
4.9628811 1.6249386 1.6523871
4.963062 1.6249949 1.6525124
4.963163 1.6251127 1.6525375
4.9625513 1.6262583 1.6528952
4.963137 1.6262297 1.6527857
4.9631654 1.6253558 1.6516839
4.9636994 1.6247726 1.6517908
4.9636755 1.6246436 1.6517439
4.9636166 1.6244732 1.6517132
4.9635335 1.6242791 1.6517375
4.963428 1.6240969 1.6517984
4.9633131 1.6239476 1.6519214
4.9648228 1.6270278 1.6583054
4.4253822 1.5667396 2.3439468
4.4281524 1.5680408 2.3502643
4.4305357 1.5675028 2.3500041
4.4305957 1.5673961 2.3501156
4.4305333 1.5677721 2.3497558
4.4304351 1.5671927 2.3499933
4.4303979 1.566892 2.3502431
4.4305121 1.5665983 2.3506296
4.4306418 1.5663702 2.3511372
4.4307848 1.5663131 2.3513478
4.4297821 1.5682864 2.3515109
4.4291111 1.5678847 2.3510413
4.4292545 1.5679056 2.3509072
4.432719 1.569479 2.3520848
4.4315512 1.5674161 2.3483819
4.4286916 1.5667607 2.350837
4.4286483 1.5667194 2.3506985
4.4284367 1.5662893 2.3520493
4.4304669 1.5658484 2.3517789
4.4313225 1.5666115 2.3508972
4.426745 1.5666524 2.3501473
4.4275154 1.5677541 2.3488263
0 0 0
0.25934996 0.61721583 0.60317133
0.25658814 0.61541883 0.60688456
0.25646903 0.6154481 0.60760209
0.25873534 0.61594464 0.60698922
0.25878312 0.61583641 0.60743599
0.2596602 0.61576609 0.60691083
0.25982468 0.6157283 0.60710651
0.25863414 0.61622167 0.608707
0.25895098 0.61619426 0.60813108
0.25943404 0.61621507 0.60767345
0.25999804 0.616215 0.60703777
0.26049273 0.61621285 0.60641916
0.26077002 0.61563295 0.60550299
0.26115831 0.61561406 0.60498994
0.26143539 0.61559443 0.60465061
0.26156301 0.61556861 0.60452639
0.26153035 0.61554796 0.6046054
0.26141409 0.61549748 0.60485515
0.26121401 0.61542755 0.60525672
0.26150309 0.61457616 0.60384143
0.25928366 0.61279032 0.60741026
0.25839913 0.61401261 0.60740115
0.2630444 0.61543482 0.60744114
4.5817755 1.5235668 5.7199458
4.5781047 1.5275934 5.7204903
4.5782228 1.529153 5.7220832
4.5782352 1.5288259 5.7221839
4.5779785 1.5278781 5.7223339
4.5780045 1.5275347 5.7224831
4.5780434 1.5272096 5.7226297
4.5781452 1.5270576 5.7229306
4.5783384 1.5267807 5.723149
4.5785203 1.5267989 5.723118
4.5785882 1.5267968 5.723162
4.578634 1.526848 5.7231626
4.5786029 1.5269144 5.7231009
4.5784655 1.5271124 5.7229586
4.4750633 1.5636094 5.6669609
4.5776944 1.5270053 5.7222603
4.5775404 1.5270587 5.7221697
4.5774245 1.5277361 5.7222285
4.5772918 1.5277549 5.7222454
4.5773459 1.5275871 5.7222627
4.5768629 1.5273118 5.7223867
4.5769492 1.5271884 5.722544
4.5772012 1.5271125 5.7226372
4.5774472 1.5267631 5.7226047
4.5780462 1.5265992 5.7226166
4.5783515 1.5250314 5.7228718
2.6919599 1.0908053 0.68147255
2.6925631 1.0914922 0.68124622
2.6926966 1.0918949 0.68134837
2.6928682 1.0923147 0.68142796
2.6920851 1.0924285 0.6812187
2.6922693 1.0927283 0.68118909
2.6924493 1.0928233 0.68114272
2.6926213 1.0929542 0.68103341
2.6925943 1.0929298 0.68075875
2.6927529 1.0928441 0.68060286
2.6928917 1.0926642 0.68047032
2.6932247 1.0924649 0.68029299
2.6933501 1.0922464 0.68014735
2.693662 1.0920187 0.68005904
0.94384712 2.1350464 3.5534263
0.94443308 2.1363566 3.5539105
0.94311369 2.1352435 3.5535968
0.94343109 2.1361017 3.5533594
0.94403602 2.1358821 3.5539433
0.94460185 2.1356765 3.5544787
0.94438163 2.1343645 3.5518264
0.94505318 2.1342776 3.5520115
0.94579121 2.1336808 3.5527346
0.94631583 2.1329594 3.5552522
0.94661449 2.1329102 3.5552512
0.94674209 2.1329255 3.5550479
0.94696978 2.1336894 3.5542943
0.94590016 2.1345826 3.5532782
0.94550477 2.134963 3.552496
0.94489777 2.1356649 3.5513196
0.94414113 2.1360687 3.5504249
0.94317817 2.1365391 3.5494531
0.9421254 2.1369849 3.5484322
0.94101889 2.1373796 3.5474153
0.94016414 2.1375999 3.5465207
4.9625951 1.6266285 1.6526347
4.9625348 1.6262956 1.6524678
4.9624882 1.6259707 1.6523354
4.9625004 1.6256692 1.6522381
4.9625684 1.6254197 1.6522061
4.962362 1.6248658 1.6522213
4.9625465 1.6247359 1.6522689
4.9627853 1.6246578 1.6523484
4.9630174 1.6246709 1.6524154
4.9632571 1.6247115 1.6525619
4.963497 1.6247955 1.6525333
4.9628631 1.6259758 1.6527317
4.9633115 1.6256907 1.6517715
4.9636066 1.625707 1.6516485
4.9640623 1.6245748 1.6513031
4.9640046 1.6244789 1.6511219
4.9639027 1.6243378 1.6509914
4.9637414 1.6241647 1.6509039
4.9635252 1.6239893 1.6509303
4.9632783 1.6239031 1.6511474
4.5740264 1.0434454 5.4531544
4.5773073 1.0475726 5.4496069
4.5782982 1.0482503 5.4491279
4.5792757 1.0489392 5.4486503
0 0 0
4.4294468 1.5682094 2.3480897
4.4296945 1.5674439 2.3489096
4.4300289 1.5669374 2.3496624
4.4303685 1.5664647 2.3504283
4.4307033 1.5660703 2.3513514
4.4309617 1.5661993 2.351489
4.4312981 1.5667733 2.3509158
4.4313829 1.5669544 2.3509383
4.4309064 1.5669881 2.3509355
4.4328952 1.569912 2.3522739
4.4366822 1.5657943 2.35263
0 0 0
5.2629785 1.2768712 3.0327898
5.2643964 1.276016 3.0338803
5.2644985 1.2753906 3.0337373
5.2651485 1.273601 3.0316538
5.2636247 1.2728091 3.0323308
5.2636673 1.272136 3.0322361
5.2636942 1.2714635 3.0321358
0.26552275 0.61354627 0.59881268
0.26219543 0.61374701 0.60237892
0.25837568 0.61469251 0.60533606
0.25881057 0.61581861 0.6068173
0.25890466 0.61573719 0.6072967
0.25932877 0.61545748 0.60724481
0.25904296 0.61510347 0.60798308
0.25887502 0.61618427 0.60864432
0.2591041 0.61626141 0.60810229
0.25965945 0.61633617 0.60762934
0.26035331 0.61639984 0.6068035
0.26083654 0.61646534 0.60620653
0.26125062 0.61654191 0.60557813
0.26150424 0.61633653 0.60457059
0.26161078 0.61591211 0.60459275
0.26163202 0.61585055 0.60457559
0.26149612 0.61577362 0.60475711
0.26126149 0.61564645 0.60511579
0.26096346 0.61550023 0.60561283
0.26311273 0.61482138 0.60505546
0.26163276 0.6139745 0.60693922
0.26123666 0.6137579 0.6076776
0.26253768 0.61531999 0.60787925
0 0 0
4.5782978 1.5277197 5.7204903
4.5783561 1.5291484 5.7220625
4.5783073 1.5288458 5.7221645
4.5780016 1.527953 5.7223102
4.5779746 1.5276307 5.7224106
4.5780109 1.5273468 5.7225138
4.5781552 1.5272111 5.7227393
4.5783285 1.5270663 5.7227952
4.578519 1.5269764 5.7228668
4.5786943 1.5269609 5.7228939
4.5788267 1.5269825 5.7228914
4.5788937 1.5270465 5.7228337
4.5787541 1.5272478 5.7227108
4.5732687 1.5320317 5.7216603
4.5787359 1.5274587 5.7221994
4.5781971 1.5276838 5.7220507
4.577776 1.5277225 5.7222232
4.5775404 1.5277459 5.722237
4.577385 1.5276086 5.7221438
4.5767386 1.5272947 5.7222791
4.5767189 1.5271849 5.722468
4.5766092 1.5271732 5.7225796
4.5769167 1.5268315 5.7231105
4.578124 1.5262896 5.7230395
4.5785417 1.5258154 5.7229406
2.6919764 1.0915779 0.67990426
2.6920907 1.0920747 0.68015234
2.6922671 1.0924833 0.68034912
2.6924657 1.0928724 0.68051968
2.6919867 1.0926461 0.68161404
2.6921116 1.0929048 0.68174916
2.6922977 1.0933095 0.6823006
2.6924262 1.0933984 0.68227998
2.6924856 1.0930379 0.68176953
2.6926631 1.0929789 0.68166094
2.6924906 1.0926995 0.68106597
2.6927105 1.0925136 0.68095034
2.6930184 1.0922919 0.68078206
2.6933707 1.0920438 0.68065764
2.6946698 1.0905153 0.68507325
0.94168468 2.1374484 3.5524632
0.94228991 2.137174 3.5528485
0.94289775 2.1368684 3.5532533
0.94350037 2.1365803 3.5536987
0.94413391 2.1362552 3.5542206
0.94332373 2.1352457 3.55096
0.94491938 2.1341026 3.5524157
0.94559328 2.1337719 3.5528851
0.94649131 2.1328637 3.5556738
0.94667793 2.1329198 3.5555302
0.94677969 2.1329475 3.555373
0.94667502 2.133185 3.5547708
0.94598865 2.134604 3.5533722
0.94559163 2.1349765 3.5524642
0.94498599 2.135414 3.5513509
0.94412957 2.1358925 3.5501847
0.94281052 2.1363414 3.5489221
0.94162058 2.1367403 3.5477998
0.94037767 2.1371218 3.546647
0.93590707 2.1337894 3.5515397
4.9623617 1.6268233 1.6522846
4.962346 1.6263959 1.65223
4.9623503 1.6259873 1.6522032
4.9623947 1.625591 1.6522308
4.9625113 1.6252434 1.6522658
4.9623315 1.6246529 1.6524458
4.9626403 1.6243778 1.6524607
4.9629596 1.6243073 1.6525233
4.9633121 1.6243042 1.6525149
4.9635382 1.6243698 1.6526355
4.9638593 1.6244611 1.6525162
4.9645525 1.6251894 1.652409
4.9646191 1.6255496 1.6518895
4.9648179 1.6257784 1.6516039
4.9646206 1.6245333 1.6510388
4.9643483 1.6244005 1.6505524
4.9642265 1.624269 1.6502351
4.9640359 1.6240761 1.6499625
4.9648723 1.6218375 1.6480467
4.5753103 1.0467967 5.4502622
4.5759906 1.0466452 5.4502014
4.577692 1.0475613 5.449346
4.578318 1.0480433 5.44912
4.5789313 1.0485154 5.4488985
0 0 0
4.4278858 1.5685745 2.346232
4.4286056 1.56792 2.347456
4.4295489 1.5669501 2.3489791
4.4301557 1.5663195 2.3501943
4.4308962 1.5657484 2.3516802
4.431163 1.566045 2.351674
4.4320147 1.5665716 2.3513772
4.4323948 1.5671775 2.3510183
4.4328653 1.5689951 2.3494171
4.4329782 1.5703832 2.3522507
5.26303 1.2697027 3.0331679
5.2627819 1.2757002 3.0377844
5.2627857 1.2771396 3.032904
5.2643088 1.2755465 3.0345482
5.2644242 1.2750888 3.0344606
5.2648567 1.2739052 3.0318427
5.2633337 1.2733065 3.0325436
5.263344 1.2727958 3.0324869
5.2634335 1.27225 3.0323773
0.26810314 0.6132346 0.59496176
0.26287828 0.61325714 0.60265207
0.2588845 0.61584391 0.60594996
0.25894315 0.61578156 0.60655416
0.25923593 0.61600637 0.60706802
0.2595634 0.61538859 0.6070418
0.25814345 0.61318394 0.60895457
0.25912737 0.61583007 0.60854332
0.25925323 0.61628805 0.6080648
0.25966144 0.61638978 0.60771339
0.26063042 0.6165464 0.60665423
0.26105025 0.61663863 0.60613802
0.26160942 0.61718759 0.60540869
0.26175642 0.61723264 0.60511492
0.26172426 0.61623205 0.60459969
0.2616044 0.61610862 0.60469237
0.26135201 0.61595411 0.60497695
0.26101429 0.6157741 0.60541372
0.26063124 0.61555543 0.60596275
0.26268674 0.61487558 0.60548649
0.26121854 0.61395471 0.60733444
0.2607623 0.61370872 0.60805671
0.25962743 0.61368347 0.60944395
0 0 0
4.5785614 1.5293265 5.7220944
4.5784429 1.5290474 5.7221166
4.5783305 1.5287647 5.722147
4.5780326 1.5279774 5.7222929
4.5779227 1.5276589 5.7223285
4.5779345 1.5274418 5.7223798
4.5780197 1.5272868 5.7224474
4.578268 1.5271915 5.7225304
4.5785205 1.5271152 5.7225673
4.5787423 1.5271095 5.7225823
4.5790054 1.5270906 5.7226074
4.5791211 1.5271523 5.7225497
4.5790038 1.5273462 5.7224863
4.578934 1.5274474 5.7224215
4.578984 1.5275191 5.7220116
4.5784423 1.5277094 5.7219391
4.5780017 1.5277716 5.7221295
4.5776805 1.5277634 5.7221913
4.5768782 1.5273782 5.7220738
4.5766644 1.5272693 5.7222369
4.5765864 1.5271371 5.7224283
4.5764159 1.5271485 5.7225895
4.5774538 1.5280814 5.7230962
4.5783296 1.5261893 5.7227218
4.5783329 1.5259633 5.7229194
2.6919189 1.0917374 0.67955798
2.692029 1.0921496 0.67987586
2.6921431 1.0925773 0.6802207
2.6922438 1.0929706 0.68051879
2.6924296 1.093651 0.68109705
2.6921016 1.0931098 0.68233301
2.6921423 1.0933594 0.68250412
2.692268 1.0935039 0.68256026
2.6924429 1.0935442 0.68251783
2.6929056 1.092836 0.68168932
2.6921105 1.0927992 0.68160085
2.6923553 1.0926185 0.68149085
2.6926157 1.0923824 0.68132665
2.6930019 1.0921266 0.68118731
2.6954639 1.0920834 0.67867703
0 0 0
0 0 0
0 0 0
0 0 0
0.93758649 2.1311905 3.5483622
0.94302987 2.1356775 3.550873
0.94402426 2.1339478 3.5517587
0.94484734 2.1335183 3.5523552
0.94856671 2.1308094 3.5545968
0.94862253 2.1309719 3.5543291
0.94685075 2.1329965 3.5556639
0.94674648 2.1332141 3.555054
0.94546689 2.1343032 3.5541575
0.94570886 2.1349464 3.5524912
0.94525316 2.1352666 3.5512435
0.944544 2.1355944 3.5499822
0.94311596 2.1359007 3.5487352
0.94263175 2.1348577 3.5496413
0.94115997 2.1351761 3.5483652
0 0 0
4.9637842 1.6279248 1.6466334
4.9620827 1.6264717 1.6519163
4.9621737 1.6259484 1.6520814
4.9622928 1.6254466 1.6522287
4.9624617 1.6249963 1.6523985
4.9623021 1.624394 1.6526799
4.9625286 1.6242164 1.6529384
4.9631767 1.6239504 1.6527161
4.9636606 1.6239158 1.6526653
4.964117 1.6239124 1.6524903
4.9644936 1.6240446 1.6522793
4.9651105 1.6245277 1.6520685
4.9661793 1.6252316 1.6509992
4.9704299 1.6276267 1.6525178
4.9655162 1.6241037 1.6543544
4.9647523 1.6242867 1.6499047
4.9646046 1.6241991 1.6494523
4.9643885 1.6240508 1.6490037
0 0 0
4.5764849 1.0472006 5.4494317
4.576765 1.0474999 5.4494528
4.5780474 1.0475171 5.4491072
4.5783224 1.0478103 5.4491273
4.5786151 1.048135 5.4491375
4.577991 1.0473292 5.4495013
4.57785 1.0473539 5.449782
4.4279322 1.5681835 2.3463001
4.4290508 1.5669871 2.3482499
4.4299456 1.5661721 2.3499653
4.4309647 1.5653739 2.351956
4.4313612 1.5658413 2.3518833
4.4321427 1.5666001 2.3514309
4.4327694 1.5685563 2.349775
5.2634293 1.2739382 3.0326021
5.2602479 1.271542 3.0329879
5.2604582 1.2712593 3.0328841
5.258025 1.2746385 3.0335222
5.2624524 1.2770727 3.0330373
5.2639393 1.2754993 3.0347838
5.2641178 1.2752434 3.0346069
5.2629707 1.2742212 3.0328513
5.2630577 1.2738133 3.0327636
5.2631072 1.2734027 3.0326902
5.263201 1.2730253 3.0326068
5.2598897 1.2677633 3.0356854
0.26242076 0.61279806 0.6025774
0.25901406 0.61584954 0.60481095
0.25918 0.61572844 0.60534808
0.26120817 0.61641035 0.60394708
0.26210311 0.61430205 0.60276469
0.25844478 0.61318619 0.60866663
0.25940865 0.61580493 0.60838112
0.2594767 0.61630896 0.60793155
0.25988822 0.61642765 0.60760824
0.26184052 0.61684079 0.60610155
0.26220901 0.61700362 0.60570359
0.26183274 0.61744388 0.60527384
0.26162063 0.61744742 0.60530025
0.26170576 0.61647814 0.60473961
0.26158797 0.61623576 0.60502723
0.2618 0.61565923 0.60552535
0.2614034 0.61544063 0.60603212
0.26107372 0.6151905 0.60660078
0.26058894 0.61487885 0.60726733
0.26013425 0.61456702 0.60794455
0.25958181 0.61425459 0.60885043
0.2590727 0.61393164 0.60963097
0.25748931 0.61598233 0.6116793
4.5787048 1.5292089 5.7223138
4.5784819 1.5288304 5.7222815
4.5783197 1.528596 5.7222497
4.5780084 1.5281144 5.7222716
4.577973 1.5275379 5.7221708
4.5779203 1.5273877 5.7221463
4.5778671 1.527356 5.7221697
4.5779828 1.5276307 5.7219398
4.5781558 1.5276047 5.7219113
4.5783687 1.5276549 5.7218122
4.5797445 1.5278077 5.7220355
4.5794429 1.5274644 5.7225105
4.5793052 1.5274443 5.7221131
4.5792246 1.5275497 5.7220799
4.5790075 1.5276531 5.722062
4.578668 1.5277019 5.7219087
4.5782206 1.5277713 5.7221006
4.5778332 1.5277282 5.7222041
4.5769032 1.5273746 5.7220848
4.5766521 1.5272365 5.7222586
4.5765049 1.5270955 5.7224559
4.5762609 1.5274213 5.7231051
4.5764472 1.5274984 5.7234981
4.578023 1.526169 5.7226722
4.5777159 1.5248979 5.7226622
2.6886238 1.0916457 0.67937205
2.691694 1.0922368 0.67952119
2.6920081 1.0926624 0.68008111
2.6921089 1.0930222 0.68044194
2.6922531 1.0937346 0.68094834
2.6907098 1.0925825 0.68264857
2.6910509 1.092912 0.68261623
2.6911405 1.0930596 0.68273198
2.6905066 1.0929663 0.68195174
2.6906984 1.0929445 0.68194193
2.6912247 1.0928448 0.68192282
2.6916384 1.0927097 0.68185615
2.6921134 1.0925165 0.68178312
2.6926177 1.0922483 0.68161074
2.6930583 1.0919327 0.68145606
2.692808 1.091197 0.68215488
1.9239631 0.2728967 0.72370129
1.9104917 0.27218697 0.7347573
1.9119508 0.27210227 0.73392138
1.9150635 0.27230131 0.73122777
1.9167546 0.27206653 0.73034649
1.9180485 0.2719933 0.72963687
0 0 0
0.94886612 2.1322609 3.5581365
0.94884071 2.1324791 3.5576842
0.94743754 2.1341002 3.557203
0.94734945 2.1342922 3.5566551
0.94565894 2.1361973 3.5538991
0.94578408 2.134913 3.5524621
0.94532708 2.1351567 3.5511545
0.94477557 2.1354604 3.5497506
1.2678043 2.5586105 5.402483
1.2667661 2.5566384 5.3995193
1.2639926 2.554386 5.3951725
1.2626642 2.5524395 5.3921352
2.1448405 2.3923271 1.3827186
2.1441953 2.391959 1.3817749
2.1435338 2.3916046 1.3808137
0 0 0
4.9624131 1.6247131 1.6525776
4.9606646 1.6235043 1.6524597
4.9607645 1.6231615 1.6528265
4.963492 1.6234075 1.6530545
4.964039 1.6233995 1.6528966
4.9645089 1.6234987 1.6525291
4.9649567 1.6236305 1.6521932
4.9666839 1.6234859 1.6512119
4.966921 1.6236462 1.6507345
5.0050804 1.6475458 1.6605416
4.9659582 1.6239361 1.653869
4.9653434 1.6237285 1.6475513
4.9652195 1.6237488 1.646942
4.5798124 1.0475016 5.446729
4.5795042 1.0475906 5.4471695
4.5776452 1.0476186 5.4485828
4.5774302 1.0477099 5.4490234
4.5783304 1.0474582 5.4489505
4.5783353 1.0476235 5.4491495
4.5783562 1.0478175 5.4493275
4.5778872 1.0471685 5.4496161
4.5777902 1.0473302 5.4498617
4.5776466 1.0475168 5.4501503
5.2625579 1.2773642 3.0340609
5.262673 1.2770143 3.0334542
5.2601285 1.2789062 3.0365251
5.2602217 1.2785327 3.0359976
5.2603091 1.278167 3.0355182
5.2615427 1.2768794 3.0340655
5.2630886 1.2739932 3.0328742
5.2608963 1.2723453 3.033729
5.2577034 1.2730251 3.0329062
5.2577105 1.2744872 3.0336176
5.2616036 1.2749591 3.0330792
5.2635883 1.2755312 3.0349093
5.2636832 1.2752993 3.0348708
5.2626851 1.2745394 3.0330076
5.2628076 1.2742966 3.0329583
5.2629695 1.2743434 3.0329019
5.2641293 1.2754457 3.0332868
5.2670323 1.2734332 3.0318194
0.26062202 0.615813 0.60303628
0.2604354 0.61603221 0.60363398
0.26061894 0.61596389 0.60417693
0.26227768 0.6143251 0.60192779
0.26246016 0.61432235 0.60236268
0.25832651 0.61393004 0.60860078
0.25839246 0.61412824 0.60924221
0.25877577 0.61426753 0.60906325
0.26283077 0.61626768 0.60556331
0.2632915 0.61645619 0.60508974
0.26353639 0.61658197 0.60474516
0.26257177 0.61659176 0.60454408
0.26248961 0.6164307 0.6046567
0.26232615 0.61637556 0.60474655
0.26204906 0.61629837 0.60500951
0.26157687 0.6157478 0.60576617
0.26111882 0.6155292 0.60630339
0.26058098 0.61525499 0.60696
0.26007155 0.61498444 0.60764274
0.25961022 0.61467186 0.60824069
0.25912907 0.61439167 0.60887313
0.25876048 0.61417654 0.6093995
0.25949276 0.61624772 0.60936919
4.5782602 1.5285254 5.7228994
4.5784022 1.5283944 5.7225305
4.5781932 1.528161 5.7223617
4.5780028 1.5280056 5.7222188
4.5779159 1.5278974 5.7220421
4.5778407 1.5278906 5.7213533
4.5778011 1.5277972 5.721227
4.5780427 1.5276726 5.7212133
4.5782032 1.5275922 5.721432
4.5784236 1.5275186 5.7214413
4.5795943 1.527964 5.7215691
4.5793623 1.5273704 5.7218746
4.5794124 1.5274237 5.7219005
4.5793629 1.5275621 5.7219413
4.5791791 1.5276692 5.7219844
4.5788257 1.5277211 5.7219489
4.5784338 1.5277347 5.7220761
4.5779237 1.5276816 5.7223013
4.5767357 1.5273495 5.7224302
4.5766458 1.5271765 5.7223371
4.5764623 1.5270483 5.722468
4.5760252 1.5256595 5.7231438
4.5771202 1.5273688 5.7230452
4.5777054 1.5270726 5.7230443
4.5780785 1.5269411 5.7236647
2.69018 1.0909652 0.67824647
2.6904063 1.0913598 0.67943825
2.6905027 1.091675 0.67986361
2.6905457 1.0920536 0.68030678
2.6906119 1.0923454 0.68142084
2.6907553 1.0925852 0.68197494
2.6900065 1.0930944 0.68230299
2.6898008 1.0932413 0.68245608
2.6903087 1.09305 0.68216107
2.6905087 1.0930608 0.68222268
2.6908296 1.0929858 0.6822258
2.6911201 1.0927635 0.68212939
2.6917832 1.0927142 0.68214219
2.6921734 1.0924443 0.68202675
2.6927032 1.0921004 0.68179331
2.6917579 1.0902781 0.6850588
1.9083647 0.27121731 0.73632336
1.9096704 0.27187349 0.73575552
1.9120375 0.27207781 0.73393039
1.913281 0.27209624 0.73320273
1.9143758 0.27209383 0.7325985
1.9155056 0.2718991 0.73211671
1.916484 0.27196881 0.73157556
1.9174395 0.27207038 0.73107194
1.2589817 2.5529102 5.3971216
1.2583693 2.5538645 5.3942169
1.2602102 2.5551469 5.3974166
1.261283 2.5561162 5.3979979
1.2636443 2.5567758 5.3999484
1.2630146 2.5606726 5.4045242
1.2642241 2.5614835 5.4055373
1.2667633 2.5589226 5.4015042
1.2651634 2.5574849 5.3986841
1.2635642 2.5562746 5.3958495
1.2625435 2.5550254 5.3935824
2.1448525 2.3922085 1.3822822
2.144254 2.3919088 1.3815526
2.1436799 2.3916102 1.3808802
2.1412365 2.3906058 1.3790627
2.1409445 2.3903534 1.378837
2.1385175 2.3899697 1.376007
2.138139 2.3909067 1.3778094
2.1381865 2.3909102 1.3780771
2.1396932 2.3883045 1.3820439
2.1398523 2.3884695 1.3824507
2.1419199 2.3899287 1.3838552
2.1427625 2.3906925 1.3843166
2.1392824 2.3910814 1.3798728
2.1395119 2.3915702 1.3802838
2.1394579 2.3920947 1.3806072
2.1396745 2.3926528 1.3810218
4.5784797 1.0454097 5.4475801
4.5794748 1.0466671 5.4492894
4.5805156 1.0488225 5.4497845
4.5781569 1.0472747 5.4485281
4.578068 1.0472927 5.4486494
4.5783423 1.0472033 5.4483955
4.5780392 1.0474133 5.4484472
4.5779554 1.0475658 5.4487323
4.5777909 1.047009 5.4496927
4.5777475 1.0472521 5.4498965
4.5776194 1.0475696 5.4501289
4.5777526 1.0479548 5.4503412
5.2626368 1.2762953 3.0329458
5.2607833 1.2773602 3.0356829
5.2608638 1.2771657 3.0351876
5.2610888 1.2769005 3.0348448
5.2614188 1.2764709 3.0340903
5.2616767 1.2772434 3.0335995
5.2610856 1.2749712 3.0332445
5.2576934 1.2736368 3.0328326
5.2624359 1.2760813 3.0340794
5.2625658 1.2758036 3.033991
5.2628793 1.2758652 3.034095
5.2630372 1.275736 3.0340334
5.262392 1.2748304 3.0331172
5.2625753 1.2746813 3.0330426
5.262743 1.2747518 3.0330778
5.263951 1.2759961 3.033416
5.2652261 1.2756228 3.0345011
0.26091753 0.61581618 0.60258457
0.26119856 0.61582134 0.60300617
0.26138936 0.61578706 0.60363862
0.26180197 0.61547594 0.60416713
0.26217955 0.61593954 0.60478367
0.26239505 0.61596718 0.60514286
0.26263384 0.61598839 0.60536502
0.26290969 0.61608701 0.6053526
0.26315016 0.6161835 0.60527972
0.26329017 0.61645817 0.60513459
0.26343693 0.61659715 0.60490918
0.26314547 0.61621388 0.60435821
0.26268989 0.61606343 0.60457884
0.26242546 0.61611355 0.60496332
0.26181709 0.61596279 0.60542095
0.2613723 0.61579248 0.60592089
0.26086542 0.615572 0.60648448
0.26032269 0.61535441 0.60710532
0.25975237 0.61512015 0.60773798
0.25928217 0.6147876 0.60824342
0.25884257 0.61462973 0.60877202
0.25846014 0.61446693 0.60919092
0.25815074 0.61428231 0.6095127
4.5780707 1.5279144 5.7230837
4.5784835 1.5278356 5.7226883
4.5781006 1.5278693 5.7225599
4.5779551 1.5278375 5.7222665
4.5778611 1.5278168 5.7219824
4.5777793 1.5278333 5.7217027
4.5778315 1.5277965 5.7214796
4.5780015 1.5277233 5.7212275
4.5782058 1.5276535 5.7211414
4.5785322 1.5273998 5.7212192
4.5790263 1.527197 5.7215083
4.579248 1.5272294 5.7215853
4.5793933 1.5272972 5.7217054
4.5794511 1.5275971 5.72186
4.5792549 1.5277092 5.7218529
4.5789711 1.5277422 5.7219672
4.5784553 1.5276829 5.7223528
4.5780374 1.5276427 5.7224456
4.5769067 1.527486 5.7227322
4.5767262 1.5275915 5.7224244
4.5760852 1.5263871 5.7221361
4.575949 1.5256683 5.7230976
4.5769768 1.5274042 5.7229828
4.5776155 1.5275616 5.7228507
4.5773938 1.5276778 5.7233063
2.6903287 1.090971 0.67832893
2.6905705 1.0909806 0.67954321
2.6905647 1.0913536 0.6800642
2.6905638 1.0920065 0.68089749
2.6906418 1.0923507 0.68129742
2.689814 1.0928649 0.6816011
2.6898354 1.0931275 0.68194942
2.6898667 1.0933172 0.68223142
2.6899718 1.0934083 0.68240153
2.6901024 1.0934345 0.68250497
2.6906049 1.0931991 0.6824724
2.6908039 1.0930898 0.68247919
2.6914807 1.0929081 0.68240019
2.6917136 1.0926767 0.6823231
2.6919807 1.092435 0.68220413
2.6900459 1.0916189 0.68535584
1.9096936 0.27189341 0.73552053
1.9103752 0.27181577 0.73529662
1.9114453 0.27185539 0.7346136
1.9124566 0.27190891 0.73395696
1.9132282 0.27195031 0.73360887
1.9142318 0.27183172 0.73309495
1.9150322 0.2720369 0.7326506
1.9157951 0.27224314 0.73223099
1.2590722 2.5536541 5.3965981
1.2592825 2.5546478 5.395792
1.2601083 2.5555483 5.3969046
1.261107 2.5563961 5.397519
1.2628746 2.557255 5.3990716
1.2638788 2.5580952 5.399709
1.2652933 2.5589592 5.400543
1.2653724 2.5590185 5.4001037
1.2644955 2.5585702 5.3985985
1.2632567 2.5581738 5.396618
1.2625198 2.5576737 5.3951699
2.1413028 2.3920196 1.3803244
2.1407132 2.391773 1.3797761
2.1402085 2.3915027 1.3793097
2.1397452 2.3912279 1.3789094
2.1397831 2.3907948 1.3781186
2.1391852 2.3909099 1.37787
2.1383031 2.3909437 1.3781681
2.138327 2.3908981 1.3784531
2.1392818 2.3907693 1.379346
2.1396448 2.3909087 1.3799021
2.1417989 2.3900468 1.3837997
2.1429725 2.390685 1.3836928
2.139746 2.3913684 1.3805392
2.1399402 2.3918857 1.3808305
2.1400882 2.3924446 1.3810819
2.144393 2.3947296 1.3882254
4.5789749 1.0462331 5.4461283
4.5786554 1.0462607 5.446511
4.580709 1.0487898 5.4498903
4.5782643 1.0470683 5.448666
4.5784275 1.0468029 5.4482693
4.578351 1.0467499 5.4482893
4.5778905 1.0470895 5.4485813
4.5778325 1.0474427 5.448905
4.5775561 1.0465931 5.4498894
4.5775326 1.0468569 5.4500575
4.577852 1.0477118 5.4500291
4.5779571 1.0480481 5.4501201
5.2607765 1.2810459 3.033822
5.2606844 1.2767978 3.0352773
5.2607886 1.2765985 3.0350155
5.2619629 1.276835 3.034496
5.2620586 1.2766575 3.0342649
5.2614659 1.2768849 3.0337193
5.2618076 1.2763413 3.0327344
5.2620311 1.2759195 3.0324099
5.2622645 1.2761526 3.0340112
5.2624165 1.275995 3.0341538
5.2625813 1.2759188 3.0341167
5.2627415 1.2758384 3.0340657
5.2621312 1.2750644 3.0331696
5.2623216 1.2750497 3.0331735
5.262549 1.2750425 3.0331506
5.2627372 1.2757544 3.0337309
5.2650323 1.2758886 3.0346123
0.26121961 0.61585027 0.60214268
0.26153402 0.61592889 0.60273253
0.26192574 0.61607327 0.60327777
0.26214244 0.61606602 0.60387022
0.26243109 0.61609748 0.60440269
0.26260569 0.61609967 0.60485162
0.26278476 0.61613272 0.60514085
0.26296139 0.61618506 0.60528899
0.26311386 0.61629211 0.6053223
0.26323741 0.61642741 0.60525585
0.26351271 0.6166525 0.60460655
0.26208537 0.6158039 0.60530899
0.26207271 0.61587044 0.6052154
0.26193664 0.61595143 0.60537447
0.26155519 0.61589508 0.60569242
0.26113774 0.61576649 0.60613012
0.26067269 0.61560071 0.60662143
0.26014592 0.61542167 0.60713907
0.25964636 0.61528265 0.60763861
0.25909845 0.61501809 0.60811349
0.25862381 0.6149502 0.60855604
0.25816327 0.61492035 0.6089357
0.25769227 0.61489345 0.60933196
4.5778854 1.5273375 5.7234896
4.5783484 1.5274243 5.7229996
4.5780375 1.5275792 5.7228244
4.5778906 1.5276516 5.7223851
4.5778174 1.527724 5.7219909
4.577771 1.5277641 5.7216337
4.5778268 1.5277586 5.7213215
4.5779898 1.5277002 5.7210652
4.5783568 1.5278086 5.7210877
4.5786226 1.5274245 5.7212062
4.5789592 1.5271382 5.7212706
4.5791967 1.527151 5.7213698
4.5793414 1.5272126 5.7215372
4.5794932 1.5275861 5.7218157
4.5791669 1.5279318 5.722404
4.5789293 1.5279449 5.7225707
4.5785497 1.5277567 5.7225711
4.5780819 1.5276295 5.7225664
4.5772505 1.5276685 5.7224473
4.5768591 1.5276091 5.722503
4.5768767 1.5265268 5.7229194
4.5766713 1.5264413 5.7230837
4.5770062 1.5266635 5.7235183
4.5772798 1.5279323 5.7231087
4.5771427 1.5278179 5.7231059
2.6913479 1.0905861 0.67936649
2.6913279 1.0909053 0.67986457
2.6913126 1.0912142 0.6803503
2.6912873 1.091532 0.68083381
2.6907545 1.0924592 0.68064344
2.6898629 1.092888 0.68152713
2.6898505 1.0931147 0.68191565
2.6898816 1.0933028 0.68220453
2.689918 1.0934327 0.68242395
2.6900171 1.093496 0.68253515
2.6904474 1.0933758 0.6826147
2.6906027 1.0933051 0.68263063
2.6908889 1.093346 0.68245636
2.6911286 1.0931943 0.68237417
2.6913694 1.0930248 0.68229482
2.6915154 1.092918 0.68219233
1.9090299 0.27133699 0.73658919
1.909905 0.27145404 0.73597758
1.9107942 0.2715656 0.73533013
1.9116356 0.27172264 0.73475788
1.9116185 0.27182369 0.73524243
1.9131086 0.27176921 0.73400215
1.913653 0.27208754 0.73366133
1.9141312 0.27241098 0.73343313
1.2591303 2.5544342 5.3960794
1.2590918 2.5552176 5.3956227
1.2600585 2.5559463 5.3963356
1.2610009 2.5566673 5.3970872
1.2622242 2.5576026 5.3980587
1.2635544 2.5585386 5.3990682
1.2645892 2.559142 5.399657
1.2642853 2.5593861 5.3991447
1.2637421 2.5596611 5.3984223
1.2627166 2.5599851 5.3976229
1.2620656 2.5601703 5.396837
2.1413292 2.3919269 1.3800038
2.1407517 2.3917307 1.3796018
2.1402452 2.3915521 1.379295
2.1399469 2.3913833 1.3790955
2.1395308 2.3926683 1.3778873
2.1393445 2.3924777 1.3779222
2.1385031 2.3909764 1.3785578
2.1385283 2.3908621 1.378794
2.1395156 2.3910654 1.3795531
2.1396068 2.3911999 1.3798159
2.1391622 2.3901135 1.3799405
2.1394366 2.3902134 1.3803276
2.1395638 2.3914587 1.380328
2.139621 2.3920237 1.3804163
2.1397148 2.3926096 1.380516
2.143894 2.3949764 1.3875276
4.579064 1.0462328 5.4463843
4.5787848 1.0462539 5.4467136
4.5801304 1.0469288 5.4466477
4.5785531 1.0470048 5.4488276
4.5785199 1.046753 5.4484019
4.5783975 1.0466502 5.4484063
4.5778089 1.0467294 5.4492104
4.5774484 1.0468476 5.4495063
4.5774211 1.0469953 5.449735
4.577587 1.047116 5.4499759
4.5783308 1.048024 5.4494767
4.5785039 1.048403 5.4493937
0 0 0
5.2605569 1.2761092 3.0349924
5.2598172 1.2755633 3.0352223
5.2618256 1.2763324 3.03445
5.2618595 1.2762208 3.0342972
5.2616615 1.2764258 3.0340385
5.2617044 1.2758332 3.0328552
5.2617493 1.2756661 3.032481
5.2619927 1.2758338 3.0342421
5.2621443 1.2758699 3.0341593
5.2621517 1.2758322 3.0341486
5.2623101 1.2758206 3.0340669
5.2621676 1.2755341 3.0335119
5.2620514 1.2758175 3.0335771
5.2622504 1.2758695 3.0336502
5.2624887 1.275898 3.0337256
5.263208 1.2752662 3.03502
5.2633327 1.2743936 3.0339991
0.26197708 0.61609114 0.60229641
0.26225521 0.61619233 0.60284552
0.2624483 0.61624754 0.60348119
0.26260966 0.61628431 0.60408246
0.26271594 0.6163093 0.60461863
0.26285499 0.61630699 0.60497396
0.26293059 0.61633893 0.60523147
0.26296741 0.61637614 0.60534708
0.26261636 0.61632047 0.60570456
0.26081438 0.61543792 0.60688591
0.26134631 0.61518878 0.60605367
0.26125145 0.61521254 0.60607684
0.261124 0.61520435 0.60613558
0.26105541 0.61516674 0.60618693
0.25944834 0.61566212 0.60722215
0.26047356 0.61592109 0.60674123
0.2603227 0.61592341 0.60674754
0.2600428 0.61552123 0.60679521
0.25967768 0.61540818 0.60701768
0.25888783 0.61542203 0.60786191
0.25790818 0.61550605 0.60862049
0.25729149 0.61558584 0.60905922
4.5785592 1.52585 5.7244642
4.5784602 1.5263771 5.7238369
4.5783597 1.5266661 5.7232729
4.5783025 1.5269632 5.7227327
4.5782469 1.5271429 5.7222249
4.5782661 1.5272385 5.7217982
4.5778844 1.5274073 5.7213673
4.5780668 1.5274345 5.7211482
4.5783466 1.527399 5.7211332
4.5786312 1.5273875 5.7210633
4.578869 1.5271072 5.721087
4.5791254 1.5270668 5.7211693
4.579232 1.5271587 5.7214063
4.5791741 1.527592 5.7219093
4.5791003 1.5279449 5.7224562
4.5785145 1.5278942 5.7235492
4.578213 1.527894 5.7237003
4.5781386 1.5276501 5.7226347
4.5773547 1.527677 5.7224192
4.5769727 1.5276285 5.7225017
4.5769264 1.5266106 5.7228913
4.5766825 1.5265534 5.7229819
4.57649 1.5265134 5.7230809
4.5763029 1.5264488 5.7231796
4.5756959 1.5291155 5.7217195
2.6916138 1.0906624 0.67917204
2.6915938 1.0909543 0.67966565
2.6915578 1.0912563 0.68017446
2.6914719 1.0915706 0.68068982
2.6915094 1.0920056 0.68097955
2.6914634 1.092257 0.68140003
2.6912658 1.0932291 0.68047887
2.6911982 1.0934402 0.68084203
2.6901719 1.0935106 0.68236804
2.6902241 1.093573 0.68254016
2.6903264 1.0935573 0.6826301
2.6904868 1.0934689 0.68265253
2.6906981 1.0934684 0.6824959
2.6908542 1.0933819 0.68245216
2.691011 1.093264 0.68238544
2.691186 1.0931128 0.6823149
1.9088889 0.27087217 0.73703093
1.9095627 0.27107161 0.73649274
1.910273 0.27128747 0.73596332
1.9109811 0.2714901 0.73536515
1.9061851 0.27103183 0.73969753
1.909191 0.27054188 0.73723067
1.9124945 0.27211735 0.734515
1.9128083 0.27252541 0.73429857
1.9168593 0.27436104 0.72984866
1.2593586 2.5556435 5.3947573
1.2603273 2.5561906 5.3955354
1.261184 2.5567412 5.3962257
1.2614841 2.5578583 5.3971541
1.2622374 2.5585368 5.3976699
1.2634424 2.5589687 5.3986923
1.2634659 2.5597645 5.3985211
1.2631457 2.560565 5.398135
1.2622137 2.5617324 5.3975762
1.2615407 2.5627251 5.3969716
2.1413184 2.3918318 1.3796783
2.1409003 2.3916737 1.379563
2.1405266 2.3915561 1.3793194
2.1401808 2.3914038 1.3792879
2.1395133 2.3916846 1.3781064
2.1392783 2.3912943 1.3790969
2.1391674 2.3911002 1.3796644
2.1390463 2.391005 1.3799595
2.1390238 2.391047 1.3800735
2.1389884 2.3911827 1.3801325
2.1394575 2.3905541 1.3805023
2.1396262 2.3909289 1.3805105
2.1393157 2.3915085 1.3800281
2.1392197 2.3921446 1.3799339
2.1389284 2.3929377 1.3795585
2.1388215 2.393585 1.3793887
4.5793416 1.0458905 5.4465778
4.5791272 1.0459418 5.446849
4.5791026 1.0470597 5.4484114
4.5786787 1.0469943 5.4489833
4.5785096 1.0466881 5.4489365
4.5781677 1.0467141 5.4492595
4.5778341 1.0467778 5.4495661
4.5775767 1.0469302 5.4498013
4.5774505 1.0471424 5.4499229
4.5775112 1.0467877 5.4515337
4.5783947 1.0480067 5.4493698
4.5787574 1.048465 5.4491255
4.5793366 1.0490477 5.4487222
4.578935 1.0513239 5.4481208
0 0 0
5.261671 1.2758256 3.0344039
5.2616187 1.2757614 3.0343107
5.2612074 1.2746818 3.0352538
5.2612369 1.2746778 3.0351009
5.2612369 1.2747507 3.0349889
5.2617634 1.2756593 3.0342543
5.2618449 1.2756951 3.0341566
5.261971 1.2757368 3.0340416
5.2621267 1.2757425 3.0339805
5.2619397 1.2756029 3.0333753
5.2619388 1.2757832 3.0334116
5.262192 1.2757999 3.0334874
5.262417 1.2759305 3.0337106
5.2631784 1.2752213 3.0350582
5.2625623 1.2744751 3.0348744
0.26240489 0.6163219 0.60167202
0.26255377 0.61634348 0.6024927
0.26266606 0.61644294 0.60315888
0.26271913 0.61653108 0.60387553
0.26273266 0.61658553 0.60447697
0.26265619 0.61663314 0.60498741
0.26252333 0.61666254 0.60541121
0.26237848 0.61670228 0.60572703
0.26161124 0.61646684 0.60658134
0.26048287 0.61542543 0.60715511
0.26042126 0.61508814 0.60675418
0.25925209 0.61461609 0.60762634
0.25972224 0.61441147 0.6073384
0.25964902 0.61446369 0.60728802
0.25960563 0.61443698 0.60719449
0.26038362 0.61592106 0.60680153
0.26034748 0.61595451 0.60656316
0.26016675 0.6157237 0.60643022
0.25967561 0.61589912 0.60675461
0.25878153 0.61585663 0.60747748
0.25683373 0.61637743 0.60863926
0.25631938 0.61657769 0.60919039
4.5784632 1.525364 5.72493
4.5784089 1.5259599 5.7242105
4.5783671 1.5263541 5.7235665
4.5783297 1.5269663 5.7229771
4.5770081 1.526892 5.7224169
4.5777817 1.5272754 5.7217401
4.5778957 1.5273472 5.7213623
4.5780286 1.5273362 5.7211106
4.578016 1.5271805 5.7212383
4.5782531 1.5271288 5.7211849
4.5788208 1.5270985 5.7209657
4.5790305 1.5270716 5.7210192
4.579121 1.5271431 5.7212986
4.5788906 1.5279272 5.7219727
4.5790969 1.5280079 5.7223767
4.5784851 1.5279323 5.7234764
4.5782339 1.5279328 5.7236403
4.5776595 1.527927 5.7239668
4.5774449 1.5277239 5.7223721
4.5770634 1.5276963 5.7224418
4.576974 1.5267172 5.7228031
4.5767168 1.5266959 5.7228383
4.5764542 1.5266585 5.7228735
4.5761731 1.526632 5.7229852
4.5760233 1.5267034 5.723602
2.6918998 1.0907595 0.67902483
2.6918861 1.0910393 0.67953981
2.6918521 1.0912943 0.68006142
2.69217 1.0914905 0.68043478
2.6920999 1.0917807 0.68097566
2.6920196 1.0920532 0.68145716
2.6913705 1.0931659 0.68037581
2.6912085 1.0933318 0.6808306
2.6901857 1.0935035 0.68229268
2.6902204 1.0935665 0.68244763
2.690299 1.0935696 0.68253848
2.690437 1.093535 0.6825728
2.6905798 1.0935289 0.68241559
2.6906962 1.093434 0.68240247
2.6908417 1.0933274 0.68236433
2.6903934 1.0916444 0.68119263
1.9088587 0.27038388 0.73730742
1.9093016 0.27070181 0.73693454
1.9098399 0.27091678 0.73642708
1.9103822 0.27117576 0.73567487
1.909904 0.2714816 0.73489892
1.9103731 0.27198723 0.73385919
1.9113589 0.27220717 0.73502891
1.9114507 0.27267568 0.73503746
1.9115078 0.27319862 0.73508191
1.9126382 0.27508221 0.74003741
0 0 0
1.2601967 2.5575381 5.3964029
1.2615695 2.5581094 5.3970982
1.2619232 2.558758 5.3972165
1.2628827 2.5592793 5.3980593
1.2628398 2.5602058 5.3980074
1.262678 2.5613061 5.3979595
1.261103 2.5647594 5.395958
1.2605334 2.5665986 5.3955848
2.141313 2.3917436 1.3792896
2.1409785 2.391626 1.379376
2.1407306 2.3915 1.3794069
2.1403587 2.3913263 1.379432
2.1395204 2.3908069 1.3787045
2.139314 2.3909226 1.3795995
2.1392966 2.3907245 1.3800238
2.1392762 2.3906773 1.3801966
2.139291 2.3907554 1.380376
2.1392733 2.3903578 1.3804293
2.1395523 2.3906085 1.3805552
2.1394592 2.3909759 1.3803093
2.1391524 2.3916283 1.379821
2.1388909 2.3922668 1.3795021
2.1385585 2.3930068 1.3790879
2.1382785 2.3937388 1.3786775
4.5792746 1.0459356 5.4469481
4.5790929 1.0459722 5.4471683
4.5791178 1.0471336 5.4486797
4.5790702 1.047132 5.449077
4.5785586 1.0467748 5.4491074
4.5781942 1.0467858 5.4493949
4.5778655 1.0468598 5.4496578
4.5776057 1.0469811 5.4498529
4.577485 1.0471908 5.4499276
4.5775423 1.0468116 5.4515107
4.578855 1.0478191 5.4487753
4.5788967 1.04829 5.4488576
4.5795338 1.048719 5.4484737
4.5823928 1.0487464 5.446361
0 0 0
0 0 0
5.2605521 1.2747476 3.0341598
5.2602008 1.2741838 3.0341141
5.2610141 1.2743412 3.0350021
5.2611397 1.2744136 3.0348075
5.2615441 1.2754779 3.0343424
5.2616919 1.2755552 3.0340611
5.2618187 1.2756345 3.0338741
5.262027 1.2756803 3.0337545
5.2617623 1.2755186 3.03317
5.2619772 1.275522 3.0332198
5.2622196 1.2754924 3.0332981
5.2624386 1.275825 3.0336482
5.2637663 1.2748851 3.0344173
5.2626665 1.2742698 3.0349689
0.26268822 0.61634919 0.60140508
0.26270673 0.61646063 0.60231614
0.2627771 0.61663095 0.60297058
0.26278092 0.61679915 0.60378823
0.26274974 0.61690258 0.6043844
0.2627231 0.61693701 0.60479894
0.26211873 0.61695291 0.60554168
0.26052519 0.61738417 0.60642614
0.26028624 0.61725444 0.60675619
0.26012144 0.61541269 0.60742506
0.26035798 0.61496552 0.60729499
0.25845544 0.61515506 0.61107014
0.25908531 0.61427413 0.60792344
0.25919707 0.61426671 0.60768946
0.25933479 0.61431801 0.60740437
0.26137822 0.61572509 0.60553439
0.26141723 0.61591815 0.60528468
0.26117032 0.61606809 0.60522335
0.25983416 0.61626732 0.60631395
0.25813275 0.61701224 0.60793323
0.25670059 0.61741663 0.60836702
0.25508202 0.61776069 0.60970422
4.5782386 1.5255011 5.7253899
4.5782398 1.5258603 5.7246883
4.5776884 1.5257301 5.7237122
4.5767833 1.5265043 5.7231111
4.5770401 1.5272599 5.7221871
4.5778826 1.5272877 5.7218549
4.577988 1.5273488 5.7214199
4.5778061 1.527268 5.7211077
4.5781269 1.5271853 5.7211396
4.5783205 1.5271742 5.7210652
4.5787849 1.5271578 5.7208153
4.5789618 1.5271692 5.7209437
4.5790287 1.5272069 5.7212095
4.5790169 1.5276456 5.7217402
4.579056 1.5278497 5.722106
4.5784768 1.5279999 5.7233816
4.5782333 1.5280205 5.7235422
4.5777299 1.5279875 5.7238791
4.5777868 1.527137 5.722119
4.5771128 1.5267468 5.7226904
4.5768055 1.5266989 5.7227206
4.5764516 1.5269459 5.7222022
4.5761606 1.5269379 5.7221221
4.5758848 1.526922 5.7220399
4.575597 1.5268952 5.7218008
2.6941018 1.0911767 0.67744493
2.6922554 1.0911044 0.67932367
2.6921211 1.0913568 0.68000679
2.6921163 1.0914596 0.68061266
2.6921938 1.0918419 0.68098813
2.6920987 1.0920594 0.68142799
2.6918361 1.0933446 0.6803027
2.6915459 1.0930916 0.68074947
2.6911529 1.0929687 0.68110529
2.6911169 1.0930645 0.68123043
2.6910689 1.093197 0.68156467
2.6904925 1.093517 0.68240653
2.6908885 1.0935525 0.68188873
2.6923935 1.0913614 0.68232047
2.6924398 1.0910377 0.68184549
2.6920352 1.0910203 0.68218651
1.9085237 0.26936407 0.73795872
1.9056926 0.26927392 0.74055177
1.9060247 0.26972611 0.74025093
1.9111121 0.27050039 0.73325886
1.9102276 0.27166229 0.7337929
1.9103563 0.27210282 0.73372769
1.9104657 0.27215489 0.73585002
1.9103806 0.27255545 0.7360482
1.9101717 0.27294757 0.7363809
1.9061334 0.27489859 0.74030411
1.9078605 0.27593166 0.7393949
1.2617602 2.5578817 5.3972256
1.2616898 2.5584571 5.3970967
1.2616633 2.5590401 5.3969496
1.261504 2.5597712 5.396768
1.2612786 2.5606846 5.3965017
1.2611065 2.5616547 5.3963183
1.2618813 2.563196 5.396116
2.1501695 2.3911158 1.3836052
2.141184 2.3916006 1.3787214
2.1411183 2.3915025 1.3793482
2.1409238 2.3914188 1.3794803
2.1405724 2.3911785 1.3795108
2.1403233 2.3909755 1.3795684
2.1397277 2.3908372 1.3800298
2.1395622 2.3907273 1.3802333
2.1395114 2.3906912 1.3803971
2.1397863 2.3907465 1.3808628
2.1400059 2.3903756 1.3806771
2.1397516 2.3906833 1.3804615
2.1394285 2.3911289 1.3801798
2.139081 2.3916918 1.3797134
2.1386504 2.39238 1.3792613
2.1383088 2.39304 1.3787886
4.5791343 1.0458916 5.4473839
4.5790935 1.0459428 5.447416
4.5790343 1.0460416 5.447512
4.5790487 1.0474928 5.4491653
4.5790845 1.0472632 5.4492887
4.5785847 1.0469152 5.4492794
4.578237 1.0469333 5.4495177
4.5779043 1.0469796 5.4497378
4.5776631 1.0470891 5.4498822
4.5775624 1.0472837 5.4499029
4.5763589 1.0464195 5.4517516
4.5779172 1.0471081 5.448568
4.578345 1.0474509 5.4482491
4.5796079 1.0485604 5.4483689
4.5811018 1.0487898 5.447647
4.5821907 1.0490304 5.4471876
4.5852245 1.0471213 5.4449853
5.2585362 1.279102 3.0342426
5.2598317 1.2736503 3.0339468
5.2608125 1.2740136 3.0348522
5.2609755 1.2741453 3.0346251
5.2614036 1.2752375 3.0341887
5.261493 1.275441 3.0338338
5.2617411 1.275481 3.0336484
5.2619673 1.2755247 3.0335627
5.2617661 1.2753317 3.0329414
5.2620043 1.2753122 3.033021
5.26226 1.2752545 3.0331651
5.2625466 1.2751692 3.0333159
5.2638857 1.2746279 3.0344573
5.2638154 1.2741409 3.0349401
0.26247997 0.61617899 0.60196801
0.26265569 0.6164819 0.60248633
0.26278585 0.61677338 0.60299776
0.2626554 0.61712239 0.60405834
0.26270941 0.61728044 0.60441344
0.26153613 0.61732043 0.60515183
0.26139505 0.61726474 0.60552605
0.26044306 0.61765364 0.60632087
0.26004989 0.61737209 0.60682714
0.25842302 0.61702731 0.608713
0.25806671 0.61520775 0.61141963
0.25779738 0.6149633 0.61173696
0.25772365 0.6136889 0.60942095
0.25875202 0.6140884 0.60809386
0.26124407 0.61278184 0.60585708
0.26137112 0.61571921 0.60545534
0.26149987 0.61596247 0.60505508
0.26212165 0.6156933 0.60459024
0.25906245 0.6159681 0.60765275
0.2579513 0.61644527 0.60825855
0.25620872 0.61780826 0.6084803
0.25505605 0.61829864 0.60913524
4.5758663 1.5268081 5.7273512
4.5756512 1.5261417 5.7253599
4.5766119 1.5272156 5.7239471
4.5775351 1.527233 5.7233905
4.5776404 1.5274007 5.7227528
4.5780283 1.5273654 5.7220358
4.5781401 1.5274293 5.7215611
4.577976 1.5273416 5.7212464
4.5782608 1.5273056 5.7212038
4.5783959 1.5272968 5.7210758
4.5785565 1.5273365 5.7208509
4.5788856 1.5273139 5.7210105
4.5789655 1.5273742 5.7211507
4.5789451 1.527436 5.7213298
4.5790205 1.5277269 5.7211701
4.5787405 1.5278254 5.7214988
4.5785156 1.5278185 5.7216723
4.578334 1.5275189 5.7219864
4.5778706 1.5272773 5.7219404
4.5773672 1.5272192 5.7220397
4.57695 1.5271796 5.7220024
4.5765542 1.5271899 5.721924
4.5761874 1.5271672 5.7218004
4.5758251 1.5271673 5.7217019
4.5754759 1.527136 5.7216208
0 0 0
2.6924337 1.0913324 0.67949502
2.6922429 1.0914593 0.68012562
2.6921136 1.0916165 0.68065665
2.6921902 1.0918891 0.68109302
2.6920912 1.0920611 0.68146012
2.6918092 1.0932606 0.68028707
2.6915168 1.0929223 0.68069884
2.691239 1.0922332 0.68091718
2.6930958 1.0926392 0.68071535
2.6929408 1.0916573 0.68071395
2.6919634 1.0921351 0.68189578
2.6923888 1.0918383 0.68180337
2.6925157 1.0912872 0.68196601
2.6919827 1.0907726 0.68283507
2.6920435 1.0907061 0.68289652
1.911503 0.26778605 0.73534247
1.905807 0.26893389 0.74064078
1.9060952 0.26948288 0.74036298
1.9110403 0.27038395 0.73351839
1.9099373 0.27155754 0.73416589
1.9098043 0.27204982 0.73431497
1.9040631 0.27170464 0.74048128
1.9037578 0.2720525 0.74093102
1.9065745 0.27245571 0.73974587
1.9048792 0.27347406 0.7416514
1.9042275 0.27359041 0.74242471
1.2642515 2.5577115 5.399563
1.2623327 2.5586277 5.3975836
1.2617385 2.5593584 5.3970281
1.2614222 2.5599445 5.3966818
1.2613891 2.5605057 5.3965398
1.261676 2.5610406 5.3965719
1.2623106 2.5625336 5.3960204
0 0 0
2.141243 2.3914034 1.3785677
2.1412885 2.3913532 1.3794139
2.1410371 2.3913213 1.3797165
2.1409421 2.3913615 1.3798169
2.1402853 2.3914122 1.3799575
2.1399467 2.3907124 1.3801412
2.1398164 2.3906561 1.3803395
2.139758 2.3906231 1.3805017
2.1403215 2.3902632 1.3812478
2.1402581 2.3904759 1.3808344
2.1399011 2.3907754 1.3805281
2.1394083 2.3913071 1.3801331
2.1390422 2.3918573 1.3797018
2.1385751 2.3924514 1.3791506
2.1329826 2.3941516 1.3714463
4.5789366 1.0457798 5.4478864
4.5788789 1.0459322 5.447929
4.5787121 1.046057 5.4481051
4.5776851 1.0475589 5.449332
4.578696 1.0471565 5.4495157
4.5786012 1.0471125 5.4494332
4.5782899 1.0471246 5.4496084
4.5779756 1.0471463 5.449793
4.5777488 1.0472165 5.4498825
4.5776502 1.0473542 5.4498662
4.5764003 1.046434 5.4517367
4.577825 1.0472596 5.449175
4.5782784 1.0475642 5.4488572
4.5799791 1.0483458 5.448126
4.5807978 1.0486614 5.4477978
4.5817064 1.0489453 5.4474823
4.5826733 1.0491811 5.4471718
4.5838008 1.049463 5.4470613
5.2611505 1.2727116 3.034222
5.2621085 1.2734474 3.0344242
5.2609947 1.2728137 3.0346304
5.2604038 1.274592 3.0344499
5.2596229 1.2757745 3.0344857
5.2607436 1.2750675 3.0332216
5.2613894 1.2760369 3.0325647
5.2618814 1.2749496 3.0321669
5.2626021 1.2745612 3.0317844
5.2629655 1.2744915 3.0320305
5.2626568 1.2748359 3.0331759
5.2625531 1.2755221 3.0338813
5.2628734 1.2752688 3.0340457
0.26220525 0.61593949 0.60251798
0.26229222 0.61679752 0.60231429
0.2632431 0.61750672 0.60224836
0.26263169 0.61737708 0.6041394
0.26274136 0.61772177 0.60429681
0.26228378 0.61783127 0.60513752
0.26148819 0.61768896 0.60520147
0.26769034 0.61931693 0.59722941
0.26724954 0.61897345 0.59788223
0.26052586 0.61685709 0.60630183
3.3378043 2.074785 3.9795867
3.3370209 2.0767659 3.9787764
3.3367834 2.0772316 3.9785092
3.3357465 2.0774173 3.9784322
3.3352839 2.0777894 3.9783556
3.3349099 2.0783031 3.9782045
3.3345613 2.0788132 3.9780685
3.3340359 2.0790041 3.977922
3.3339037 2.0793863 3.9779584
3.3352129 2.0815039 3.9776766
3.3338607 2.0840489 3.9790305
3.3331965 2.0857174 3.9757692
4.5752717 1.5271157 5.7295857
4.5756059 1.5262887 5.7257039
4.5775419 1.5270548 5.7243456
4.5777891 1.5273466 5.7236232
4.5779073 1.5275697 5.7229227
4.5782217 1.5274955 5.7222702
4.5783493 1.5275683 5.7217822
4.578323 1.5274542 5.7215834
4.5784325 1.5274893 5.7213373
4.5785326 1.5275124 5.7211847
4.5788382 1.5274961 5.7210363
4.5789272 1.5275667 5.7210516
4.5789546 1.5276099 5.7211173
4.5789314 1.5276771 5.7212425
4.5788107 1.5277004 5.7210376
4.5787338 1.5279738 5.7213344
4.5785077 1.5279419 5.7214991
4.5782198 1.5278844 5.7216407
4.5777658 1.5275029 5.7219025
4.5774068 1.5273929 5.7219483
4.5771665 1.5279145 5.721136
4.5767908 1.527895 5.7210826
4.5761015 1.5274007 5.7211825
4.5757565 1.5273973 5.7211171
4.5753969 1.527443 5.7210693
2.6934456 1.0932562 0.67516232
2.6924798 1.091604 0.67977365
2.6922343 1.0917133 0.68039506
2.6920039 1.091838 0.68093088
2.6918208 1.0919627 0.68136046
2.6917063 1.0921612 0.68172218
2.6915592 1.0924137 0.68195615
2.6916007 1.0923931 0.6818313
2.6918694 1.0921782 0.68156079
2.6928346 1.0914113 0.68046854
2.6928957 1.091402 0.68044663
2.6924923 1.091843 0.68127988
2.6924352 1.0916031 0.68145098
2.6933004 1.0914187 0.68131104
2.6936459 1.0914757 0.68141817
2.6938588 1.0915199 0.6814179
1.9118166 0.26733042 0.73521601
1.9121076 0.26809826 0.73494018
1.9116503 0.26932304 0.73600734
1.9117234 0.26992097 0.73595384
1.9120273 0.2716294 0.7354267
1.9119485 0.27201276 0.73554873
1.9074964 0.27171735 0.73899558
1.9069585 0.27195125 0.73957255
1.9061128 0.27211519 0.74041951
1.9037509 0.27300656 0.74286952
1.9039482 0.27140333 0.74294776
1.9027029 0.27062778 0.74419483
1.2624967 2.5595702 5.3977642
1.2625421 2.5598015 5.3977899
1.2624856 2.5598272 5.3977564
1.2622902 2.5597311 5.3976314
1.2623925 2.560478 5.3969909
1.2630585 2.5617287 5.3963644
2.1449389 2.3858477 1.3802135
2.1416116 2.3909296 1.3789685
2.1414466 2.3911875 1.3794204
2.1411636 2.3910971 1.3796469
2.1409884 2.3909906 1.3799016
2.1403544 2.390524 1.3799701
2.1402192 2.3905038 1.3802031
2.140045 2.3900239 1.3802183
2.1399823 2.3901142 1.3804759
2.1406589 2.3903483 1.3809093
2.1404852 2.3906129 1.3809323
2.1386761 2.3898876 1.3798249
2.1381409 2.3910445 1.3799746
2.1388487 2.3921641 1.379914
2.1397879 2.3937147 1.3806731
4.5784988 1.0502269 5.4504483
4.5787677 1.045658 5.4483403
4.5787311 1.0459163 5.4483351
4.5786025 1.0461305 5.4484714
4.577638 1.0464062 5.4494636
4.5786194 1.0475281 5.4497131
4.5786243 1.0473225 5.4495326
4.578387 1.0473362 5.4496032
4.5780525 1.0473217 5.4498306
4.57787 1.0473554 5.4498241
4.5777935 1.0474304 5.4497603
4.5779193 1.0474857 5.4495976
4.5781438 1.0476832 5.4493834
4.5785886 1.0480234 5.4494007
4.5791168 1.0483424 5.4491171
4.5805376 1.0485162 5.4480894
4.5812021 1.0488256 5.4477748
4.5819034 1.0491147 5.4476304
4.5828169 1.0494647 5.447529
4.5822632 1.0494618 5.4477146
5.2619295 1.2731723 3.0341515
5.2629862 1.2722121 3.0316484
5.2603629 1.2743126 3.0340865
5.2597602 1.2756259 3.0341316
5.2601377 1.2738822 3.0327087
5.2610937 1.2744269 3.0309014
5.2616128 1.2742929 3.0311601
5.2628454 1.2742068 3.0317149
5.2632182 1.2741139 3.0320376
5.2623885 1.2747201 3.03308
5.2626934 1.2746344 3.0333826
0 0 0
0.26127348 0.61510165 0.60517037
0.26265716 0.61606317 0.60317506
0.26308074 0.61743466 0.60287043
0.26312161 0.61823575 0.60333367
0.26336305 0.61880719 0.60311383
0.26625656 0.61816779 0.60421038
0 0 0
3.3373347 2.0757199 3.9796287
3.3372627 2.075925 3.9794651
3.3372563 2.0762006 3.9795652
3.3368777 2.0766045 3.9787584
3.336673 2.0769261 3.9785537
3.3365043 2.077333 3.9782477
3.335557 2.077463 3.9781661
3.3351986 2.0777341 3.9781381
3.3349431 2.0781458 3.9780505
3.3365451 2.0811045 3.9789732
3.3364267 2.0815142 3.9788383
3.3359529 2.0813733 3.9783466
3.3361849 2.0812856 3.9777852
3.3363513 2.081531 3.978046
3.3366535 2.0814255 3.978499
3.3372587 2.0814284 3.9799814
4.5756052 1.5264958 5.7259824
4.5777228 1.527284 5.7246147
4.5780062 1.5275396 5.7238775
4.5782878 1.5276067 5.7231681
4.5784779 1.5277152 5.7225484
4.5786232 1.5277867 5.7220374
4.5786367 1.52778 5.7218062
4.578665 1.5277787 5.7215398
4.5786972 1.5277883 5.721344
4.5789893 1.5278846 5.7211962
4.579006 1.5278983 5.7211353
4.5789813 1.5279517 5.7211538
4.5789102 1.5279821 5.7211883
4.5789236 1.5281232 5.72108
4.5787384 1.5281331 5.7211885
4.5784978 1.5280825 5.7213411
4.5782066 1.5280171 5.7214922
4.5777768 1.5277215 5.7217662
4.5775948 1.5280906 5.7212464
4.5772268 1.528077 5.7212955
4.5768128 1.5280778 5.7213034
4.5764319 1.5281201 5.7212424
4.5751652 1.5290168 5.7204576
4.5747702 1.5290845 5.7203464
2.6932745 1.0934681 0.67624861
2.6951123 1.0927522 0.67848175
2.691432 1.0928893 0.68121484
2.6916854 1.092053 0.6816129
2.6915188 1.0921121 0.68180812
2.6914197 1.0921463 0.68193006
2.6913674 1.0922965 0.68200806
2.69141 1.0921533 0.68177589
2.6917172 1.091846 0.68139413
2.6921837 1.0915638 0.68091514
2.6922821 1.0915339 0.68085136
2.6923865 1.0915215 0.68080075
2.6921293 1.0910846 0.68159959
2.6922771 1.0911466 0.68155284
2.6923589 1.0913949 0.68163185
2.6929496 1.0922122 0.68066705
2.6934852 1.0925878 0.68046207
1.9102291 0.26955776 0.73714219
1.9115863 0.2695905 0.7364116
1.9119496 0.26993517 0.73615953
1.9148698 0.27080333 0.73371007
1.9147803 0.27116257 0.73385143
1.9081651 0.27170104 0.73933938
1.9113661 0.27186011 0.7365515
1.9060925 0.27127273 0.74145072
1.9026368 0.27115099 0.74510131
1.9021871 0.27089688 0.74529394
1.9018244 0.27049319 0.74532542
0 0 0
1.2633215 2.56049 5.3985731
1.2633839 2.5597175 5.3987749
1.2634227 2.5589311 5.3989143
1.2634869 2.5580509 5.3991646
2.1480839 2.39099 1.3847892
2.1452794 2.3903892 1.3813651
2.1433017 2.3907188 1.379945
2.1415126 2.3909837 1.3793239
2.1412406 2.3908507 1.3795061
2.141092 2.3907298 1.3797066
2.1405095 2.3902965 1.3797567
2.1405758 2.3901844 1.3800174
2.1406691 2.3901306 1.3803597
2.1406906 2.3902207 1.380576
2.1408196 2.3904287 1.3808502
2.140677 2.3907815 1.3809064
2.1390564 2.3899802 1.3799728
2.1372929 2.3917714 1.3803081
2.1369913 2.3924106 1.3802169
2.1368442 2.3931461 1.3800126
4.5789931 1.0462241 5.4496769
4.5789695 1.0465573 5.449628
4.5789144 1.0468539 5.4496078
4.5788524 1.0471381 5.4496139
4.5783369 1.0473635 5.4491932
4.5788814 1.0475008 5.4493663
4.5786959 1.047544 5.4494576
4.5784582 1.0475276 5.4495697
4.578233 1.0474987 5.4496264
4.5780444 1.0474923 5.449699
4.577945 1.0475075 5.4496663
4.5780182 1.0475019 5.4495834
4.5781792 1.0476347 5.4494451
4.5784759 1.0478324 5.4492872
4.5788066 1.0481009 5.4491153
4.5790725 1.0485478 5.4490819
4.5794154 1.049115 5.4489913
4.5799411 1.0494424 5.4487438
4.5804794 1.0496197 5.4484439
4.5806567 1.0491217 5.4484824
4.5766473 1.0473244 5.4553752
5.2611347 1.2721332 3.0289777
5.2594465 1.2770685 3.0322501
5.25994 1.2762471 3.0330862
5.2605523 1.2745089 3.032205
5.2614101 1.2740552 3.0307174
5.2619689 1.2739069 3.0310137
5.2622649 1.2742896 3.0313719
5.2626759 1.2744978 3.0323332
5.2628193 1.2742686 3.0332469
5.2632043 1.2742037 3.0337282
0 0 0
0.25827103 0.61450115 0.61250532
0.26133187 0.61577152 0.60666065
0.26250184 0.61693954 0.60427635
0.26299887 0.61839057 0.60361771
0.26342566 0.61932962 0.60287987
0 0 0
0 0 0
3.3368656 2.0763559 3.9795399
3.3368473 2.0763768 3.9793537
3.3365064 2.0759692 3.9791805
3.3363503 2.0761334 3.9788947
3.336159 2.0769484 3.9785073
3.3359582 2.0771888 3.9783171
3.3353373 2.077532 3.9778506
3.3351273 2.0778852 3.9777026
3.3349678 2.0780341 3.977931
3.3367695 2.080925 3.9781498
3.3367178 2.0812003 3.9782441
3.3361582 2.0810508 3.9783751
3.3364733 2.0807644 3.9778925
3.3366422 2.0808492 3.9781898
3.3368421 2.0809136 3.9785465
3.3374629 2.0808269 3.9800686
3.339069 2.080014 3.9865835
4.5809872 1.5266302 5.724739
4.5783489 1.5277977 5.7240784
4.5786108 1.5279521 5.7234177
4.5787836 1.5280493 5.7228406
4.5789072 1.5280896 5.7223454
4.5789422 1.5280848 5.722074
4.5789772 1.5280879 5.7217497
4.5789888 1.5281225 5.7215282
4.5791137 1.5282133 5.7213505
4.5790648 1.52824 5.7212284
4.5790099 1.5282563 5.7211586
4.578919 1.5282688 5.721134
4.578905 1.5283472 5.7209753
4.5787328 1.5283038 5.7210437
4.5785378 1.5282366 5.721129
4.5780495 1.5280478 5.7212792
4.57774 1.5279137 5.7216288
4.5775506 1.52818 5.7211692
4.5771798 1.5281699 5.721253
4.5776723 1.5285364 5.7218216
4.5772662 1.5286145 5.7217869
4.5752064 1.5292748 5.7203937
4.5747392 1.5294131 5.7201886
2.6962826 1.0937126 0.67667545
2.6960019 1.0937306 0.67682244
2.6929405 1.0934483 0.68118477
2.6913691 1.0921359 0.68216256
2.6911252 1.0921071 0.68227974
2.6910514 1.0921606 0.68214926
2.6910989 1.0921636 0.68203592
2.691139 1.0919126 0.68173721
2.691512 1.0914641 0.68121015
2.6920277 1.091177 0.68071405
2.6921737 1.091114 0.68050839
2.6923076 1.0911096 0.68033616
2.6921447 1.0907235 0.68117719
2.6922957 1.090866 0.68110028
2.6918972 1.0924386 0.68108955
2.6925529 1.0922188 0.67982185
2.6927475 1.0924071 0.6797056
1.9102383 0.26993041 0.73748571
1.91195 0.2698994 0.73652835
1.9126582 0.27026272 0.73602497
1.9129771 0.27060262 0.73581385
1.9153178 0.27093632 0.73375979
1.9126136 0.27130802 0.73575406
1.9116928 0.27147239 0.73655758
1.9061434 0.27090515 0.74162556
1.9067562 0.27017175 0.74125469
1.9046205 0.27035813 0.74324013
1.9027086 0.27032547 0.74490457
1.2641042 2.5629324 5.3991016
1.2641481 2.5612508 5.3994806
1.2644072 2.5596509 5.3998975
1.264597 2.5581176 5.4003022
1.2646626 2.5556146 5.4012488
2.1432834 2.3913298 1.3801838
2.1428858 2.3912287 1.380087
2.1418981 2.3908824 1.3793051
2.1414697 2.390726 1.3791639
2.141263 2.3905707 1.3792426
2.1411387 2.3904753 1.3794242
2.1405931 2.3899669 1.3792905
2.140859 2.3898573 1.3798511
2.1408561 2.3899719 1.3800941
2.1408622 2.3902079 1.3803767
2.1409011 2.39053 1.3806367
2.1408295 2.3909828 1.3808358
2.1405861 2.3915532 1.380882
2.1396727 2.3920515 1.3811022
2.1385992 2.3929067 1.3818598
2.1381871 2.3934127 1.3816897
4.5789457 1.046091 5.4499427
4.578882 1.0464576 5.4498977
4.5788157 1.04684 5.4498618
4.5787428 1.0471624 5.4498294
4.5787502 1.0475449 5.4494208
4.5788458 1.0475984 5.4494788
4.5786999 1.0476688 5.4494909
4.578535 1.0476527 5.449515
4.5783639 1.047605 5.4495522
4.5782087 1.0475771 5.4495673
4.5780967 1.0475664 5.4495706
4.5767162 1.0463909 5.4498784
4.5767606 1.0465039 5.4498091
4.5765376 1.0467525 5.4495899
4.5783148 1.0480642 5.4496623
4.5786549 1.0484908 5.4493993
4.5789201 1.0491318 5.4493127
4.5792075 1.0495115 5.4490821
4.5793243 1.0498761 5.4486248
4.5795425 1.04956 5.4485133
4.5797328 1.0486681 5.4497773
4.5791083 1.049314 5.4491494
5.2595286 1.2767756 3.0317325
5.2601637 1.2758757 3.0326784
5.2608596 1.2741062 3.0319691
5.2618945 1.273901 3.030692
5.262347 1.2738359 3.0309869
5.2627362 1.2738114 3.0314119
5.2631875 1.2740265 3.0324168
5.2633069 1.2737911 3.033524
5.2637176 1.2737814 3.0341053
5.2641118 1.2737586 3.0347506
0.25702859 0.61334078 0.61666835
0.26039028 0.61522497 0.6092284
0.26218438 0.61671325 0.60514608
0 0 0
3.3354132 2.0780948 3.9798779
3.3357986 2.0777195 3.9797735
3.3361455 2.0773854 3.979665
3.3364224 2.0769984 3.9794687
3.33612 2.0765144 3.9790402
3.3360504 2.0764817 3.9788125
3.3360336 2.0763947 3.9786862
3.3358513 2.0771389 3.9782698
3.3356735 2.0773536 3.9780344
3.335169 2.0775778 3.9775615
3.3350671 2.0778612 3.9774722
3.3350864 2.0783301 3.9776473
3.3372525 2.0789031 3.9777365
3.3371943 2.0787389 3.978696
3.3367776 2.0789487 3.9789122
3.336854 2.0790673 3.9792108
3.3369191 2.0791503 3.9794874
3.3369582 2.0791689 3.9797565
3.3369892 2.0791675 3.9800127
3.3360455 2.0786641 3.9816744
3.3360481 2.0785722 3.9819147
4.5787046 1.5281382 5.7242475
4.5789609 1.5282768 5.7236572
4.5791176 1.5283758 5.7231197
4.5792261 1.5284282 5.7226945
4.5792475 1.5284225 5.7223688
4.5792914 1.5284855 5.7220476
4.5792791 1.5285177 5.7217625
4.5792263 1.5285303 5.7215171
4.5791497 1.5285433 5.7213168
4.5790532 1.5285422 5.7211713
4.5789296 1.5285195 5.7210974
4.5788525 1.5285477 5.7208846
4.5786623 1.5284673 5.7209478
4.5785097 1.5282979 5.7209913
4.5780842 1.5281388 5.721304
4.5777879 1.5280525 5.7215683
4.5775156 1.5280493 5.7218995
4.5771155 1.5280244 5.7220549
4.5771384 1.5281662 5.7219782
4.5788282 1.5283721 5.7200779
4.5751695 1.5291485 5.720759
4.5747902 1.5291875 5.7207835
2.6932918 1.087936 0.68457673
2.6915944 1.0923077 0.68311264
2.6912569 1.0922815 0.68307689
2.6909506 1.0922388 0.68301755
2.6907639 1.0920915 0.68267683
2.6907099 1.0921045 0.68236215
2.6902454 1.0913577 0.68157017
2.6903502 1.0912114 0.68133763
2.6906807 1.0906751 0.68098635
2.6910395 1.090505 0.68066226
2.6914539 1.0904031 0.68040021
2.6918658 1.0904124 0.68015681
2.6922329 1.0905373 0.67994319
2.6922963 1.0905797 0.68062841
2.6934449 1.0909925 0.67948515
2.6936867 1.0915457 0.67907515
1.9035909 0.26876011 0.74070259
1.9100997 0.27016948 0.73780505
1.9123728 0.27021669 0.73663423
1.9131513 0.27037017 0.73611989
1.9136558 0.27057362 0.73561768
1.9137033 0.27079195 0.73552306
1.9133393 0.27093874 0.73581537
1.9123736 0.27106151 0.73661943
1.9110434 0.27111803 0.73780088
1.9093497 0.27115415 0.73931608
1.9052368 0.27071173 0.74255468
1.9020478 0.27056235 0.74520678
1.8994316 0.27179282 0.74699867
0 0 0
1.2658501 2.5613973 5.400293
1.2658182 2.5572693 5.4017835
1.2657115 2.5531501 5.4033131
2.1408325 2.3915122 1.3789606
2.1408174 2.3911738 1.3789344
2.1406619 2.3908423 1.3787777
2.1413058 2.3891014 1.3795365
2.1394084 2.3909258 1.3779636
2.1395818 2.3910176 1.3781663
2.139999 2.3904701 1.3788536
2.1408921 2.3896482 1.3793828
2.1409019 2.3898899 1.3796857
2.1409525 2.3902077 1.3800231
2.1409689 2.390615 1.3803637
2.1409975 2.391218 1.3807689
2.1408729 2.3918698 1.3811581
2.1407804 2.3925658 1.3815358
2.1403792 2.3936266 1.3818428
0 0 0
4.5789135 1.0460169 5.4501431
4.578824 1.0464354 5.4500767
4.5787407 1.0468357 5.4500243
4.5786485 1.0471757 5.4499668
4.5786205 1.0476113 5.4493215
4.5787552 1.0475953 5.4495519
4.5786789 1.0476826 5.449486
4.5785977 1.0476902 5.4494246
4.5782338 1.0487325 5.4494632
4.5780813 1.04885 5.4490652
4.5777767 1.0484345 5.4486168
4.5768538 1.0464088 5.4498555
4.575303 1.047815 5.4513562
4.5753399 1.0480091 5.4513327
4.5776833 1.0478442 5.449431
4.5777381 1.0482448 5.4494813
4.5774995 1.0501582 5.4510313
4.5780521 1.0494902 5.4496268
4.5783206 1.0500455 5.4489016
4.5788062 1.0504464 5.4478021
4.5788165 1.0508979 5.447332
4.577759 1.0503229 5.4484417
5.2598138 1.2755998 3.0319267
5.260457 1.2755053 3.0322455
5.2612594 1.2736803 3.031768
5.2625049 1.2733363 3.0305814
5.2629139 1.2733633 3.0310066
5.2633007 1.273344 3.0315029
5.2637295 1.2735092 3.0325525
5.2640395 1.2733266 3.0343962
5.2644255 1.2732719 3.035058
5.2645646 1.2734141 3.0352325
3.3325328 2.0790026 3.9756536
3.3331634 2.0788648 3.9765735
3.3338095 2.0786895 3.9777328
3.3345211 2.0785252 3.9786411
3.335254 2.0783256 3.9795055
3.3356699 2.0780291 3.9795291
3.3359327 2.0777753 3.9795121
3.3361048 2.0775592 3.979381
3.3352221 2.0772937 3.9785833
3.3352029 2.0772466 3.9783124
3.3351077 2.0772635 3.9780114
3.3356105 2.0773263 3.9780788
3.335484 2.0774693 3.9778181
3.3350852 2.0775877 3.9774118
3.3350202 2.0778077 3.9773367
3.3351792 2.078239 3.9775921
3.3356249 2.0788938 3.9769887
3.335712 2.0790169 3.9772028
3.3369301 2.0785963 3.9790094
3.3370294 2.0786488 3.9793065
3.3371011 2.078661 3.9795917
3.3371279 2.0786526 3.9798353
3.3370861 2.0786497 3.9800349
3.3374503 2.0792281 3.9805616
3.3373634 2.0792101 3.9806748
3.330986 2.0798114 3.9807025
4.5794006 1.5286675 5.7238791
4.5794889 1.5287185 5.7234166
4.579526 1.528756 5.722976
4.5795308 1.528754 5.7226722
4.5794916 1.5287783 5.7223069
4.5794256 1.5287952 5.7219739
4.5793284 1.5287943 5.7216653
4.5792069 1.5287865 5.7213898
4.5790709 1.5287622 5.7211775
4.5789121 1.5286948 5.7210371
4.578745 1.5287214 5.7208186
4.5785305 1.5285791 5.7208576
4.5783669 1.5283587 5.720897
4.5779295 1.5282069 5.7212478
4.5776283 1.5280861 5.7215236
4.5773081 1.5280001 5.7218379
4.576958 1.5279856 5.7221252
4.5770351 1.528114 5.722179
4.5787493 1.5282776 5.7203762
4.5782093 1.5284783 5.7204721
4.5792852 1.5255019 5.7226174
2.6930782 1.0881717 0.68565497
2.6913248 1.092497 0.68402194
2.6909478 1.0924053 0.68379916
2.6906091 1.0923017 0.68357964
2.6901015 1.0862178 0.68254284
2.6899464 1.0860213 0.68228019
2.6898636 1.0911582 0.68165739
2.6894815 1.0907603 0.68065681
2.6896851 1.0904885 0.68028081
2.6907644 1.0903415 0.67991419
2.6910317 1.089484 0.68191979
4.5179396 1.5031717 2.0197443
4.5182797 1.5023154 2.0193535
4.5190183 1.4994447 2.0199611
4.5193993 1.4985165 2.0195437
4.5198256 1.4976195 2.0190554
1.9038437 0.26865674 0.74103341
1.9116089 0.27093704 0.73686529
1.9127449 0.27053812 0.736842
1.9137327 0.27050388 0.73610936
1.9141581 0.27055048 0.73557811
1.9143544 0.27060844 0.73523855
1.9138934 0.27068424 0.73551729
1.913021 0.27074965 0.73615247
1.9115022 0.27083998 0.73739929
1.9097325 0.27092032 0.73893335
1.9056005 0.27112194 0.74216448
1.9019365 0.27149931 0.74540038
1.8995118 0.27167673 0.74743074
1.2675856 2.5698714 5.3980623
1.267257 2.5631414 5.4006685
1.2670395 2.5564296 5.4032902
5.4113301 1.4608445 5.3478127
5.4107407 1.4604156 5.3477984
2.139912 2.3912047 1.378361
2.1401934 2.390704 1.378374
2.1447235 2.3891397 1.3796771
2.1411175 2.3879567 1.3771985
2.1412217 2.3881536 1.3777493
2.1401234 2.3893073 1.3779491
2.1404959 2.389572 1.3785689
2.1407223 2.3898734 1.3790553
2.1408762 2.3902769 1.3795412
2.1410343 2.3907557 1.3800835
2.1410863 2.3914122 1.3805865
2.1410272 2.3921364 1.3810591
2.1409982 2.3928755 1.3814891
2.1394642 2.3943995 1.3810245
4.5795362 1.0426178 5.4487271
4.5788942 1.0460647 5.4502619
4.5787748 1.0464845 5.4501654
4.5786667 1.046881 5.4501088
4.5785732 1.0471994 5.4500228
4.578311 1.0473273 5.4495362
4.5786526 1.0475478 5.4495676
4.5786222 1.0475918 5.4494438
4.578619 1.0476143 5.4493205
4.5786071 1.0476348 5.4491999
4.5785855 1.0476304 5.449167
4.5786525 1.0474232 5.4490705
4.5777412 1.0466868 5.4498723
4.5760672 1.0482131 5.4509504
4.5777991 1.0485242 5.4492111
4.5788165 1.0479956 5.4487825
4.5787374 1.0482857 5.4488177
4.5770598 1.0510273 5.4512119
4.5772076 1.0495417 5.4501965
4.5773453 1.050232 5.4491277
4.5776669 1.0508999 5.4477608
4.5775511 1.0516106 5.4469861
4.5763174 1.0516011 5.4478944
4.5819059 1.0486425 5.4418838
5.261094 1.2749812 3.0318697
5.2626207 1.2727725 3.03084
5.2632571 1.2729379 3.030829
5.2638128 1.2728075 3.0313214
5.2643315 1.2727313 3.0318375
5.2648066 1.2726951 3.0324067
5.2615981 1.2701347 3.0371875
0 0 0
3.3315397 2.0789738 3.9734207
3.3332604 2.0788924 3.9762899
3.3337136 2.0788451 3.9769999
3.3341812 2.0787726 3.9777146
3.3348292 2.0785581 3.9784705
3.335274 2.0784452 3.979025
3.3355718 2.0783069 3.9793212
3.3357768 2.0781468 3.9793677
3.3358958 2.0779976 3.979257
3.3350036 2.0776886 3.9785052
3.3349833 2.0775858 3.9782165
3.3349232 2.0775392 3.9779019
3.3354544 2.077488 3.9779124
3.3353838 2.0775615 3.9776822
3.3351341 2.0775952 3.977361
3.3349698 2.0777954 3.9772281
3.3352497 2.0781528 3.977553
3.3360086 2.0790688 3.9777488
3.3368631 2.0785735 3.9776948
3.3370277 2.0782626 3.9790985
3.3371258 2.0782655 3.9793931
3.3372178 2.0782184 3.9796513
3.3372319 2.078173 3.9798864
3.3359992 2.0787644 3.9791097
3.3358763 2.0787558 3.9792469
3.3358045 2.0786965 3.97948
3.3355621 2.0784133 3.9800496
3.3350241 2.0785153 3.9789899
4.5799115 1.5290893 5.7237025
4.5798488 1.5290736 5.7232903
4.5797529 1.5290739 5.7229814
4.5796743 1.529045 5.7225649
4.5795513 1.5290142 5.7221627
4.5794018 1.5289901 5.7217812
4.5792285 1.5289485 5.7214371
4.5790354 1.5288947 5.7211545
4.5788224 1.5288065 5.7209693
4.5785697 1.5287653 5.7207654
4.5783179 1.5286102 5.720798
4.5780283 1.5284128 5.7209512
4.5777124 1.5282207 5.7211983
4.5774148 1.5280582 5.7214842
4.5768433 1.5278264 5.7222194
4.5765093 1.5276893 5.722532
4.576632 1.5284177 5.7241446
4.5755326 1.5276653 5.7244962
4.5752349 1.5276318 5.7247878
4.5749452 1.5276017 5.7250868
4.523367 1.4994363 2.0152445
4.5212286 1.5013135 2.0150922
4.5205719 1.5001434 2.0174444
4.52204 1.4997756 2.0170789
4.5216514 1.5010029 2.0164664
4.5195353 1.5017779 2.0188068
4.5196014 1.5031537 2.020794
4.51942 1.50336 2.0211008
4.518519 1.5016539 2.0201532
4.5183417 1.5016408 2.020263
4.5175981 1.5028402 2.0201851
4.5182854 1.5022666 2.0192978
4.518496 1.5008049 2.0196742
4.5187717 1.500143 2.0193611
4.5184564 1.4988656 2.0181099
4.518791 1.4981968 2.0177604
4.5212642 1.4969812 2.0181591
1.9119678 0.27135952 0.73714096
1.9132996 0.27079555 0.73691128
1.9141807 0.27061919 0.73619542
1.9146985 0.2704915 0.73543695
1.9147399 0.27041731 0.7351356
1.914474 0.27037722 0.73503807
1.9134163 0.27039486 0.73571726
1.9118656 0.27049817 0.73684756
1.9097728 0.27069533 0.73856374
1.9061905 0.27099891 0.74152163
1.9022026 0.27145561 0.74501819
1.8995679 0.27173441 0.74727756
1.2633802 2.5591878 5.3992066
5.4116998 1.4603483 5.3476194
5.4112445 1.4600802 5.3475659
5.410777 1.4597855 5.3475228
5.410336 1.4594691 5.3475159
5.4098755 1.4591343 5.3475881
0 0 0
2.1445654 2.3886952 1.3791807
2.1403807 2.3889512 1.3743878
2.1403859 2.3889629 1.3745385
2.1404679 2.3891073 1.3747753
2.1402819 2.3894618 1.3778914
2.1403578 2.3898732 1.3783016
2.1404673 2.3903921 1.37878
2.1405704 2.3910463 1.3793367
2.1412191 2.3916424 1.380394
2.1412542 2.3924366 1.3810031
2.1413546 2.3932428 1.3816303
2.1387083 2.3945243 1.3810036
4.5795096 1.0456482 5.4496777
4.5796234 1.0459398 5.4499512
4.5794164 1.0463123 5.4499926
4.5786502 1.0469229 5.4500083
4.5785199 1.0471848 5.4500029
4.5784954 1.0473158 5.449777
4.5785165 1.0473912 5.449586
4.578551 1.0474131 5.4493997
4.5786173 1.0474387 5.4492173
4.5786718 1.0474707 5.4491124
4.5787093 1.0475331 5.4490996
4.5789281 1.0476192 5.4489743
4.5786683 1.0477667 5.449263
4.5785044 1.0482364 5.4495592
4.5783696 1.0484688 5.4497462
4.5788709 1.0481031 5.4489866
4.5784556 1.0483711 5.4491351
4.5765183 1.0510799 5.4516348
4.5796282 1.0493748 5.4543614
0 0 0
0 0 0
0 0 0
0 0 0
4.5867208 1.0494259 5.456648
5.2631253 1.2748896 3.0314879
5.2632314 1.2722784 3.0306726
5.2637409 1.2722195 3.0313113
5.2644238 1.2723482 3.0313956
5.2649211 1.2722824 3.0320174
5.2654019 1.272233 3.0326404
0 0 0
3.333402 2.0780729 3.9771628
3.3335868 2.0782518 3.9760671
3.333829 2.0783643 3.9765274
3.3340866 2.0784867 3.9770098
3.3347535 2.0786741 3.9779352
3.3350274 2.0786783 3.9784274
3.3352863 2.0786296 3.9788256
3.3357383 2.0790923 3.9795053
3.3358476 2.0788274 3.9796033
3.3359461 2.0786304 3.9795526
3.3351454 2.0777393 3.9791981
3.3349919 2.0775442 3.9786119
3.3353146 2.0777176 3.9781628
3.3353905 2.0776851 3.9778192
3.3353639 2.0776669 3.9776167
3.3352203 2.0775972 3.9773424
3.3357981 2.077748 3.9781297
3.3359118 2.0778601 3.97824
3.3361673 2.0783119 3.978378
3.3363768 2.0783514 3.9786857
3.3369321 2.0780187 3.979173
3.3370906 2.0779562 3.9794637
3.3372664 2.077881 3.9795469
3.3372709 2.0777864 3.9797527
3.3363648 2.0785173 3.9788551
3.3359197 2.078333 3.9792911
3.335736 2.0783535 3.9793101
3.3355077 2.0783989 3.9792181
3.3353626 2.0785381 3.9791256
0 0 0
4.5810134 1.529605 5.7222865
4.579983 1.5293559 5.723263
4.5798572 1.5292543 5.722787
4.5796587 1.5291675 5.7223122
4.5794345 1.5290904 5.7218523
4.5791962 1.5290162 5.7214413
4.5789446 1.528928 5.7210963
4.5786652 1.528827 5.7208707
4.5783644 1.5287042 5.7207675
4.5780525 1.5285596 5.7207164
4.5777495 1.5283808 5.720891
4.5773883 1.5281433 5.7211909
4.5770679 1.5279273 5.7216188
4.5766462 1.5276971 5.7222961
4.5762092 1.5275993 5.7227926
4.5771274 1.5291557 5.7246763
4.5754666 1.5274111 5.7248613
4.5752293 1.5273664 5.7252747
4.5749672 1.5273692 5.7256829
4.5206073 1.5004194 2.0170142
4.5203219 1.5005606 2.0174821
4.5198184 1.5000031 2.017335
4.5196473 1.5000933 2.0177073
4.5195018 1.500223 2.0180697
4.5192738 1.5011257 2.0188043
4.51888 1.501278 2.0197624
4.5187188 1.5009371 2.0198507
4.5185916 1.5011548 2.0200094
4.5182145 1.5013955 2.019821
4.5181946 1.5013757 2.0198327
4.5182929 1.5011899 2.0197402
4.5185266 1.5007815 2.0196185
4.5187361 1.5003057 2.0193897
4.5187157 1.4998208 2.0190076
4.5186386 1.4986553 2.0178389
4.5207482 1.4975471 2.0188293
4.5202164 1.4983833 2.0186683
1.9139839 0.27100727 0.7369857
1.9147055 0.27069702 0.7360845
1.9150165 0.27042156 0.73546685
1.9151652 0.27022573 0.73494601
1.9149115 0.27020758 0.73463955
1.9140091 0.27020503 0.73507305
1.9122981 0.27030297 0.73630559
1.9102261 0.27050723 0.73788178
1.9070838 0.2708849 0.74047852
1.9019294 0.27139155 0.74532011
1.8996261 0.27179309 0.74716813
5.4116379 1.4599246 5.3478606
5.4112805 1.4597416 5.3478497
5.4108818 1.4594912 5.3478253
5.410486 1.4592295 5.3478379
5.4101104 1.4589795 5.3478985
5.409789 1.4588156 5.3480683
5.4093455 1.4577324 5.3481582
5.4101209 1.4570266 5.3490365
0 0 0
2.1398048 2.3886093 1.3764226
2.1399384 2.3889605 1.376785
2.1401743 2.3893547 1.3773137
2.140305 2.3898499 1.3777826
2.1404206 2.3904352 1.3782977
2.1424721 2.3952094 1.3787946
2.1433531 2.3943478 1.3785293
2.1436499 2.3895201 1.3798963
2.1436382 2.3907055 1.3806681
2.139195 2.3949848 1.3813779
4.5791004 1.0477942 5.4500741
4.5791442 1.0475435 5.4501225
4.5789305 1.047309 5.4502391
4.5784641 1.0472963 5.4500316
4.578381 1.0472483 5.4499425
4.5783602 1.0472183 5.4497667
4.5784086 1.04718 5.4495531
4.5784704 1.0471654 5.4493437
4.5786093 1.0471901 5.4490989
4.5787055 1.0472593 5.4490174
4.5788021 1.0473839 5.4490215
4.5788647 1.0475613 5.4490966
4.5788706 1.047766 5.449249
4.5787224 1.0482601 5.4495818
4.5784745 1.0485875 5.4498987
4.5795594 1.0482447 5.4490334
4.8132139 1.276055 4.1839134
4.813612 1.2760333 4.1841482
4.8132996 1.2754171 4.1876223
4.8135941 1.2753757 4.1878259
4.813836 1.2745825 4.1840659
4.8140319 1.2747231 4.1837651
4.8146499 1.2751105 4.1834618
4.814659 1.2753305 4.1830185
4.8148667 1.2767929 4.1821767
5.2638486 1.2717966 3.030506
5.2643398 1.2717703 3.0312924
5.2631114 1.2748454 3.032886
5.2635986 1.2748185 3.0336643
0 0 0
0 0 0
3.3342762 2.0779102 3.9781145
3.3343444 2.0781332 3.976887
3.3344576 2.0783011 3.9771148
3.3346009 2.0784684 3.9774374
3.3348373 2.0785841 3.9778615
3.3350782 2.0786641 3.9782856
3.3357716 2.0786867 3.9796305
3.3357311 2.079292 3.9796713
3.3359034 2.0791664 3.9797669
3.3362386 2.0787863 3.9798983
3.336084 2.0784608 3.9793795
3.3360894 2.078333 3.9790812
3.3360753 2.078181 3.9787854
3.3360616 2.078062 3.9785173
3.3360739 2.0779819 3.9783176
3.3354454 2.0774467 3.9774526
3.335857 2.0776999 3.9781301
3.335948 2.0778214 3.9782852
3.3360383 2.0778603 3.9785354
3.3366517 2.0780335 3.9788889
3.3368788 2.0778016 3.9792214
3.3369821 2.0777192 3.9794738
3.3372496 2.0775736 3.9795153
3.3372122 2.0774524 3.9796853
3.3370989 2.0773297 3.9798
3.3369385 2.0772955 3.9798204
3.3355643 2.0774513 3.9790191
3.3354965 2.0781181 3.9791049
3.3354581 2.0783317 3.9790007
3.3354685 2.0786584 3.9787982
3.3355785 2.078975 3.9786077
4.5801323 1.5294853 5.7233421
4.5800369 1.5293744 5.7229666
4.5797421 1.5292339 5.722399
4.5794373 1.5290904 5.7218569
4.5791211 1.5289736 5.7213822
4.578794 1.5288615 5.7209997
4.5784597 1.5287587 5.7207599
4.5780848 1.5286209 5.7206394
4.5777097 1.5284561 5.7205895
4.5773759 1.5282578 5.7207623
4.5770797 1.5280489 5.7210803
4.5766684 1.527746 5.7217863
4.5764138 1.5274626 5.7223196
4.576066 1.5273831 5.7229918
4.5770516 1.5288558 5.7249317
4.5756862 1.5274924 5.7243931
4.5754937 1.5274031 5.7249301
0 0 0
4.519024 1.5004888 2.0164721
4.5190287 1.5003463 2.0168663
4.5190875 1.4998444 2.0172524
4.5191292 1.4997838 2.0176017
4.5191578 1.4998321 2.0179017
4.5191567 1.4999389 2.0182324
4.5190881 1.5000667 2.0185425
4.5188188 1.5002885 2.0191737
4.518739 1.5004527 2.019417
4.5183136 1.500885 2.0195644
4.5183154 1.5009481 2.019642
4.5183858 1.5009205 2.0196212
4.5185782 1.5007109 2.019568
4.5187311 1.5004246 2.0193966
4.5186177 1.5001438 2.0191143
4.52053 1.4992906 2.0192447
4.5206572 1.4987131 2.0187414
4.5211564 1.4983381 2.0184026
4.523858 1.4978018 2.0160798
1.9141546 0.27139501 0.73720898
1.9154939 0.27077968 0.7349851
1.9156473 0.27024268 0.73427237
1.9153034 0.27007845 0.73416495
1.914719 0.26989831 0.73418453
1.9126159 0.27017745 0.73581764
1.9106921 0.2703998 0.73728401
1.9083923 0.27071909 0.73904054
1.9015409 0.27254377 0.74615769
5.4117582 1.4593806 5.3492134
5.4111703 1.4593872 5.3480434
5.4108721 1.4591431 5.3480652
5.4105542 1.4589282 5.3481063
5.4102168 1.45869 5.3481644
5.4099158 1.4585188 5.348291
5.4096477 1.4583616 5.3485135
5.4095192 1.4583829 5.3488541
5.4094119 1.4584402 5.3492461
5.4095438 1.4589538 5.3497683
5.4100957 1.4596572 5.3499556
5.410418 1.461048 5.3508686
5.4105825 1.4604765 5.3510249
5.4098066 1.4592495 5.3510861
5.4092971 1.4584609 5.351068
5.4087477 1.4577056 5.350996
5.4081959 1.4569341 5.3503661
5.4075734 1.4560353 5.3497224
5.4060907 1.4566339 5.3480354
5.4052975 1.4573929 5.3459214
4.5787279 1.0491723 5.4501484
4.5785402 1.0484688 5.4500515
4.5784024 1.0480705 5.4500274
4.5782594 1.047706 5.4499889
4.5782147 1.047385 5.4498752
4.5781903 1.0471059 5.4497112
4.5781997 1.0469372 5.4495046
4.5784535 1.0468316 5.449038
4.5785882 1.0468759 5.4489597
4.5787404 1.0470076 5.448928
4.5788867 1.0472078 5.44897
4.5790122 1.047462 5.4490748
4.5790892 1.0477529 5.4492423
4.5795452 1.0468833 5.4498165
0 0 0
4.8126189 1.275719 4.1833576
4.8130889 1.2758775 4.1836493
4.8134872 1.2759488 4.1838762
4.8138645 1.2758547 4.1841454
4.8141196 1.2758651 4.1842154
4.8135063 1.2746078 4.1837464
4.8136025 1.2747311 4.1835177
4.8136284 1.2749379 4.1832183
4.8140736 1.2751857 4.1829233
4.8148179 1.2765986 4.1819767
4.8164954 1.2799688 4.1816656
5.2670878 1.2708355 3.0370799
0 0 0
3.3368274 2.076514 3.9801596
3.3366143 2.0766707 3.9796636
3.3364221 2.0763906 3.9793286
3.3354204 2.0777761 3.9781353
3.3350884 2.0780359 3.977726
3.3349898 2.0782916 3.9777057
3.3350404 2.0784515 3.9778354
3.3351387 2.0785787 3.9780645
3.3349803 2.0782715 3.9783062
3.3355006 2.0780985 3.9794988
3.3358254 2.0794764 3.979655
3.3358376 2.0795442 3.9795624
3.335906 2.0794424 3.9794913
3.3360775 2.0787993 3.9792532
3.336106 2.0785938 3.9790229
3.3361149 2.0783959 3.9787558
3.3361167 2.0782114 3.978511
3.3361435 2.0780727 3.9783382
3.3358855 2.0776208 3.9781597
3.3359655 2.0776525 3.9781414
3.3360584 2.0775817 3.9782346
3.3360443 2.0777104 3.9785515
3.3365736 2.0778631 3.9788562
3.3367102 2.0777401 3.9791235
3.3368223 2.0775877 3.9794116
3.3382985 2.0771442 3.9811339
3.3382634 2.0770434 3.9812954
3.337618 2.0765124 3.9806022
3.3358311 2.0770708 3.9803854
3.3358275 2.077457 3.9792802
3.3355864 2.0778401 3.979076
3.3355741 2.0780762 3.9790087
3.3352433 2.0783241 3.978375
3.3353995 2.078587 3.9783126
3.3386667 2.0785647 3.9806873
4.5801917 1.529507 5.7231221
4.5798047 1.5292761 5.7224605
4.5794172 1.5290582 5.7218204
4.5790162 1.5288733 5.7212926
4.578606 1.5287155 5.7208811
4.5782252 1.5286097 5.7206125
4.5777177 1.5285674 5.7205122
4.5773135 1.5283185 5.7204216
4.5769518 1.5281013 5.7205991
4.5766584 1.5278817 5.7209527
4.5763315 1.5275375 5.7217512
4.5761632 1.5271762 5.7224043
4.5757112 1.527213 5.7231509
4.5758654 1.5272019 5.724019
4.5757156 1.5270887 5.7247245
4.5755535 1.5270101 5.7253948
4.5711848 1.5314595 5.7226027
4.5179141 1.5005502 2.0164377
4.5181334 1.5003662 2.0167599
4.5184794 1.4996462 2.0171867
4.5186916 1.4995009 2.0175071
4.5194276 1.4985361 2.0173856
4.5195376 1.4985445 2.0177067
4.519622 1.4986589 2.0180507
4.5187547 1.4997994 2.0189089
4.5187182 1.5000359 2.0191737
4.5187537 1.5004584 2.0191705
4.5183606 1.5006452 2.0194859
4.518439 1.5007215 2.0195017
4.5185918 1.5006442 2.0195174
4.5187094 1.5005054 2.0194044
4.5185847 1.5003361 2.0191284
4.5203646 1.4997452 2.0193557
4.5203715 1.5001011 2.0190237
4.5230091 1.5017918 2.0186995
4.5231925 1.5014346 2.0185161
1.9133555 0.27280021 0.74011084
1.9155783 0.27072882 0.73504022
1.9161709 0.27021224 0.73325743
1.9155986 0.27017761 0.73345759
1.9149969 0.27017243 0.7336625
1.9129579 0.27007536 0.7353263
1.9117119 0.27025612 0.7360924
1.917008 0.2708537 0.7291309
5.4109543 1.4594718 5.3496933
5.4107802 1.4592401 5.3497848
5.4107247 1.4588503 5.348213
5.4105016 1.4586256 5.3482878
5.4102327 1.4583877 5.3483544
5.4099747 1.4582004 5.3484715
5.4097537 1.4580878 5.3486485
5.4095885 1.4580462 5.3488929
5.4095352 1.4581371 5.3492161
5.4095546 1.4583218 5.3495657
5.4096942 1.4586623 5.3499537
5.4100589 1.4593 5.3503058
5.4103517 1.4596766 5.3506425
5.4104991 1.4596391 5.350861
5.4103593 1.4591705 5.3509013
5.4101649 1.4587852 5.3509154
5.4099168 1.4584311 5.3508348
5.4095803 1.4580914 5.35054
5.409236 1.4577616 5.3501886
5.4086122 1.4582038 5.3492423
5.4075869 1.459357 5.3477604
4.5793219 1.0536135 5.4511251
4.5782278 1.0495417 5.4500839
4.5781252 1.0488683 5.4500145
4.5780414 1.0482034 5.4499204
4.5780362 1.0475615 5.4497788
4.5780351 1.0470046 5.4496385
4.5780889 1.0466113 5.449435
4.5784229 1.0464753 5.4489086
4.5785793 1.0465704 5.4488744
4.5787675 1.0467419 5.4488516
4.5789671 1.0470113 5.4489305
4.5791562 1.0473609 5.4490619
4.5793389 1.0477209 5.4492131
4.8114277 1.2741203 4.1827607
4.8120426 1.2745592 4.1830495
4.81264 1.2750273 4.1833343
4.8130048 1.2757518 4.1834357
4.8133756 1.2758741 4.1836016
4.8136937 1.2758296 4.1837883
4.8139027 1.2758729 4.1838122
4.8130459 1.2745036 4.1834332
4.8131424 1.2747079 4.1832458
4.8131447 1.2749478 4.1830951
4.8129706 1.2751448 4.1829384
4.8122475 1.2754233 4.1829873
4.8118411 1.2755561 4.182719
4.811199 1.2754651 4.1824796
3.3365417 2.0772298 3.9802647
3.3364913 2.0772528 3.9799567
3.3367515 2.0771144 3.9800084
3.3366427 2.0771814 3.9797012
3.3356937 2.0779899 3.9785737
3.3356701 2.0780687 3.9784517
3.336728 2.0782836 3.979343
3.3360773 2.0783797 3.978852
3.3358491 2.0783658 3.9789373
3.3358526 2.0785087 3.9790814
3.3358732 2.0785874 3.9792959
3.3355509 2.0789704 3.9789536
3.3359897 2.0796916 3.9795922
3.3360087 2.0796084 3.9794833
3.3361779 2.0789972 3.9792594
3.3361904 2.0788001 3.979019
3.3361958 2.0785672 3.978771
3.3362006 2.0783422 3.9785452
3.3362034 2.0781501 3.978386
3.3360816 2.0777183 3.978154
3.3360446 2.0776098 3.9781705
3.3360851 2.0775037 3.9782454
3.3360012 2.0773992 3.9785898
3.3363237 2.0782005 3.9785585
3.3363458 2.0780661 3.9787449
3.3363425 2.0778606 3.9789041
3.3363025 2.0776719 3.9790471
3.3362683 2.0775309 3.9791937
3.3358177 2.0771119 3.9800457
3.3357408 2.0775475 3.9801064
3.3358639 2.0773023 3.9792545
3.3357172 2.0775682 3.9791115
3.3354304 2.0775289 3.9787354
3.3352985 2.0780315 3.9785579
3.3354344 2.0782402 3.9785773
3.3363624 2.0783541 3.9789536
3.3376308 2.0794935 3.9781375
0 0 0
4.5793848 1.5289656 5.7217031
4.5788862 1.5287366 5.721197
4.5783943 1.5285155 5.7207522
4.5771131 1.5293559 5.718748
4.576632 1.529205 5.7185728
4.5768815 1.5280442 5.7200775
4.5765023 1.5278962 5.7203838
4.5761946 1.5276485 5.7208437
4.5759102 1.5273469 5.7217217
4.5759101 1.5270091 5.7222747
4.5756367 1.5271124 5.7234422
4.5759918 1.5266748 5.7242129
4.5762472 1.5263305 5.7249684
4.5765358 1.5260163 5.7256982
4.5743665 1.5289698 5.7208684
4.5166144 1.5001041 2.0166173
4.5172912 1.499734 2.0167915
4.5180279 1.4994739 2.0170351
4.5183793 1.4992902 2.0173421
4.5183515 1.4987543 2.0180453
4.5185728 1.4987322 2.0180953
4.518662 1.4988525 2.0184317
4.5185854 1.4995409 2.0187385
4.5186563 1.499817 2.0189542
4.5186873 1.5002224 2.0190336
4.5187264 1.500431 2.0191328
4.519088 1.5011298 2.0195533
4.5184714 1.5013714 2.0195928
4.5180724 1.5009291 2.0194101
4.5182632 1.5005299 2.0191294
4.5184042 1.5002663 2.0189508
4.5185194 1.499979 2.0187805
4.5195376 1.5008335 2.0139241
4.519569 1.5005995 2.013784
4.5164037 1.5028069 2.0154561
1.9164468 0.26998965 0.73284467
1.9158277 0.26996339 0.733188
1.9152623 0.27007064 0.73352479
1.9144909 0.27006729 0.73411801
1.9138658 0.27019003 0.73436522
1.9129251 0.27029632 0.73483266
5.4114146 1.4582788 5.348943
5.4113007 1.4580434 5.3491523
5.4102718 1.4587558 5.3499208
5.4103398 1.4583793 5.3483963
5.4101661 1.4581476 5.3484861
5.4099692 1.4579436 5.3485943
5.4097917 1.457789 5.3487644
5.4096447 1.457728 5.3489805
5.4095628 1.4577556 5.3492522
5.4095722 1.457887 5.3495394
5.4096764 1.458116 5.3498367
5.4098331 1.4583646 5.3500987
5.4101462 1.4588043 5.3503257
5.4108887 1.4593879 5.3512236
5.4110833 1.4594398 5.351397
5.4109406 1.4590499 5.3506785
5.4110182 1.4590647 5.3507196
5.4110354 1.4591036 5.3507355
5.4109777 1.4592268 5.3507093
5.4108455 1.4594943 5.3506146
5.4106193 1.4599441 5.3503994
5.4103936 1.4604586 5.3501306
5.4100186 1.463423 5.3503821
4.5762959 1.0522145 5.451056
4.5777802 1.049622 5.4499361
4.577799 1.0487317 5.4498335
4.5782202 1.0479834 5.4492988
4.5782518 1.0467043 5.4491089
4.5783424 1.045886 5.4489709
4.5791266 1.0459728 5.4486516
4.5793397 1.0459809 5.4485872
4.5794597 1.0496983 5.4494087
0 0 0
4.8105179 1.2733959 4.18208
4.8110305 1.273696 4.1823635
4.8116095 1.2741172 4.1826355
4.8121131 1.2744661 4.1828721
4.8125831 1.2750031 4.183114
4.8129676 1.2756484 4.1831924
4.8132552 1.2757978 4.1833231
4.8135212 1.2758027 4.1834364
4.8134071 1.2755943 4.1832805
4.8126674 1.2745142 4.1831547
4.8124013 1.2750844 4.1833238
4.8122417 1.2751351 4.1832433
4.8120106 1.2752053 4.183054
4.8116574 1.2752774 4.182946
4.8112249 1.2753653 4.1828231
4.8108736 1.2752423 4.1827409
3.3355271 2.0788777 3.9809851
3.3358301 2.0789028 3.9807665
3.3366329 2.0776368 3.979998
3.3366865 2.0775795 3.9798524
3.3367916 2.0775296 3.9797726
3.3371541 2.0775907 3.9799011
3.3372041 2.0776298 3.979916
3.3364901 2.0782192 3.9793424
3.3360838 2.0783544 3.9792282
3.3360787 2.0784907 3.9793431
3.3360694 2.0786019 3.9794226
3.3361832 2.0792501 3.9791605
3.3361931 2.0795653 3.9798913
3.3363207 2.0794993 3.9795997
3.3362934 2.0791536 3.979309
3.3363007 2.0789385 3.979074
3.3362914 2.0786896 3.9788271
3.3362686 2.0784257 3.9786111
3.3362514 2.0781866 3.978453
3.3361265 2.0777478 3.9781803
3.3361 2.0775981 3.9781514
3.3360895 2.0774141 3.9782259
3.3359457 2.0773064 3.9785036
3.3362003 2.0781168 3.9784521
3.336211 2.0780111 3.9786057
3.3359378 2.0779215 3.9785073
3.3361631 2.0775576 3.9787965
3.3361352 2.077422 3.9789605
3.3360937 2.0772904 3.9790883
3.3360616 2.0771996 3.9792166
3.3359807 2.0771926 3.9792908
3.335705 2.0765383 3.9795898
3.3354444 2.0773485 3.9788417
3.335192 2.0777517 3.9786855
3.3353935 2.0779281 3.9787676
3.3358441 2.0778575 3.9788486
3.3359133 2.0779909 3.9789211
0 0 0
3.779112 1.0432615 2.287724
3.7806908 1.0427938 2.2864601
4.5809587 1.5252024 5.7263563
4.576814 1.5291348 5.7186151
4.5762801 1.5290013 5.7183912
4.575855 1.528328 5.7175283
4.5755704 1.5264077 5.7190346
4.5752835 1.5261594 5.7195353
4.5742206 1.527338 5.722773
4.574415 1.5269231 5.7234158
4.575599 1.5266334 5.7235662
4.5762083 1.5261629 5.7243419
4.5772334 1.5253682 5.7248696
4.5787914 1.5223796 5.7252683
4.5760897 1.5276492 5.7213224
0 0 0
4.5173976 1.4994753 2.0162912
4.5178728 1.4993132 2.0167262
4.5181486 1.4991196 2.0171346
4.5183908 1.4989792 2.0175656
4.5183048 1.4985946 2.0179161
4.518416 1.498698 2.0182607
4.5183589 1.4993618 2.018583
4.5185243 1.4997806 2.0187758
4.5185699 1.5000648 2.0188989
4.5186091 1.500302 2.0189999
4.5189578 1.5010291 2.0194854
4.5183342 1.5015027 2.019574
4.5179649 1.5009247 2.0194022
4.5181587 1.5005843 2.0190782
4.5182687 1.5003686 2.0189484
4.518375 1.5001274 2.0188091
4.5169476 1.4999053 2.0174505
4.5170302 1.49961 2.0173103
4.5163527 1.502818 2.0154739
1.9167886 0.2694154 0.73162828
1.9157049 0.26970172 0.73270257
1.9143963 0.26998138 0.73409749
1.9123965 0.27027779 0.7362196
1.9123008 0.27049202 0.7359938
5.4109526 1.4579325 5.3490013
5.4109001 1.4577501 5.3491491
5.4108435 1.4572532 5.349748
5.4098059 1.4582993 5.3501183
5.4097266 1.4583476 5.3482883
5.4099417 1.4579329 5.3482663
5.4097608 1.4575445 5.3488081
5.4096583 1.4574298 5.3490107
5.4095495 1.457472 5.3493507
5.4095619 1.457518 5.3495815
5.4096188 1.4576368 5.3498041
5.4097571 1.4578355 5.3500141
5.4099614 1.4580891 5.3501752
5.4102212 1.4583153 5.3503103
5.4110568 1.4589488 5.3510695
5.4112358 1.4586735 5.3503512
5.4115369 1.4589053 5.3504004
5.4118327 1.4592309 5.3505135
5.4121071 1.4597332 5.3506378
5.4123246 1.4603599 5.3508337
5.4124749 1.4610922 5.3511327
5.4121053 1.4627532 5.3517238
5.4121503 1.4633684 5.3522081
5.4079351 1.4573167 5.3523462
5.4076752 1.4573106 5.3528614
4.8041584 1.276257 4.1799117
4.8058369 1.2761094 4.1801457
4.8077732 1.2762381 4.1803617
4.8097525 1.2762815 4.1808018
4.8101768 1.2760394 4.1807886
4.8104352 1.2752311 4.1813773
4.8106871 1.2746951 4.1815746
4.810886 1.2742815 4.1817801
4.810702 1.2737073 4.1817929
4.8111069 1.2738007 4.1820928
4.8113865 1.2738704 4.1823472
4.8116743 1.2739441 4.1826011
4.8120003 1.2740511 4.1828343
4.8123433 1.275487 4.1829611
4.812643 1.27567 4.18309
4.8134231 1.2770786 4.1834415
4.8128248 1.2770108 4.1830003
4.8131725 1.2755618 4.1829498
4.8120904 1.2742864 4.1826464
4.812037 1.2750406 4.1830896
4.8118655 1.2750692 4.1830878
4.8116439 1.2751015 4.1830322
4.8113741 1.2751497 4.1830306
4.8110712 1.275191 4.1830317
4.8129578 1.2731167 4.1830831
3.335617 2.0800997 3.9809031
3.3368656 2.0785391 3.9804867
3.3375934 2.0785058 3.9796576
3.3370477 2.0779941 3.9794064
3.3368118 2.0777818 3.9799416
3.3368946 2.0776386 3.9799848
3.3369375 2.0775817 3.9800007
3.3364891 2.0778749 3.9795844
3.3361972 2.0782744 3.9795893
3.336247 2.0784411 3.9796105
3.3362766 2.0785632 3.9796331
3.3364252 2.0795542 3.9801598
3.3364172 2.0795635 3.9800563
3.336504 2.0794098 3.9796357
3.3364579 2.0792416 3.9794273
3.3364126 2.0790233 3.9791757
3.3363577 2.0787524 3.9789239
3.3362983 2.0784704 3.9786921
3.3362223 2.0781739 3.9785351
3.3361717 2.0777663 3.9782011
3.3365366 2.0776844 3.9778711
3.3365019 2.0775602 3.9778641
3.3362951 2.0775821 3.9782087
3.3360954 2.078065 3.9782939
3.3360885 2.0779826 3.9783856
3.3358656 2.0778708 3.978286
3.336031 2.0775173 3.978518
3.3360361 2.0773962 3.9786933
3.3360404 2.0772772 3.9788901
3.336063 2.077182 3.9791028
3.3361503 2.0771576 3.9793656
3.335721 2.0764644 3.9796317
3.3358211 2.0765283 3.9798618
3.3357298 2.0773927 3.9775006
3.3354194 2.0775873 3.9786365
3.3356637 2.0775178 3.9790896
3.3356912 2.0776006 3.9792911
3.7781443 1.0440357 2.2882852
3.7793048 1.0436177 2.2873626
3.7804552 1.0432096 2.2864309
3.7815795 1.0428228 2.2855194
0 0 0
0 0 0
4.5758237 1.5277224 5.7169299
4.5750605 1.5262227 5.7188546
0 0 0
0 0 0
4.5754377 1.5250205 5.7225518
4.5762544 1.5244228 5.7233566
4.5768929 1.5252011 5.7242852
4.5778737 1.5245527 5.7251041
4.5798169 1.5213726 5.7255738
4.5826992 1.5258198 5.7279425
0 0 0
4.5175143 1.4991885 2.0157982
4.5179076 1.49913 2.0163293
4.518108 1.4990496 2.0168398
4.5182363 1.4990147 2.0173317
4.5183514 1.4991464 2.0178465
4.518416 1.4992438 2.0182422
4.518364 1.499447 2.0185515
4.5183413 1.4997901 2.0186356
4.5183761 1.5000524 2.0187798
4.5184039 1.5002477 2.0188787
4.5186072 1.500859 2.0193503
4.5186892 1.5010554 2.0194133
4.5187823 1.5011337 2.018224
4.5180123 1.5005744 2.0190246
4.5184974 1.4998355 2.0175864
4.5185737 1.4996099 2.0174577
4.5186398 1.5000889 2.0171337
4.5166543 1.4990774 2.0166309
4.5170491 1.5020311 2.0150331
0 0 0
1.914667 0.26960005 0.73328657
1.9121721 0.2697778 0.736128
1.9095244 0.26994842 0.73915722
5.406178 1.4570284 5.3496828
5.406702 1.456689 5.3501815
5.4110384 1.4573453 5.3491277
5.4110774 1.4572195 5.3491922
5.4100011 1.4579139 5.3486516
5.409807 1.4578198 5.348354
5.4097521 1.4576592 5.34847
5.4096338 1.4572784 5.3489955
5.4101974 1.4552321 5.349246
5.4103399 1.4553241 5.3496241
5.4095743 1.4572748 5.3498014
5.4096731 1.45736 5.3499938
5.409837 1.4575176 5.3501673
5.4100882 1.4576291 5.3503564
5.4103541 1.4579251 5.3502552
5.4107019 1.4580463 5.3503141
5.4115418 1.4583607 5.3501385
5.4120133 1.4587335 5.3501919
5.4149931 1.4618612 5.3538688
0 0 0
5.7776285 1.4848645 4.4666064
5.7731778 1.4801807 4.464021
5.7734741 1.4784604 4.4647028
5.7773171 1.4793799 4.4672397
5.7765219 1.4745581 4.4657345
5.7748109 1.4749513 4.4662915
4.8086597 1.278946 4.1812312
4.809451 1.2777551 4.1809528
4.8100715 1.2768453 4.1810345
4.8107874 1.2761558 4.1811401
4.8111842 1.2756024 4.1812926
4.8114265 1.2751169 4.1814613
4.8114866 1.2748113 4.1817367
4.811595 1.2745378 4.1819015
4.811592 1.2743212 4.1821995
4.8117579 1.2742725 4.1823301
4.8117893 1.2742374 4.1824001
4.811951 1.273997 4.1826035
4.8121392 1.2741078 4.1827067
4.812309 1.2738822 4.1830053
4.8127544 1.2759129 4.184109
4.8129289 1.2767221 4.1843467
4.8131389 1.2766045 4.1836398
4.8142052 1.2750219 4.1826101
4.8155393 1.2733044 4.18142
4.8142834 1.2749814 4.1816418
4.8120501 1.2749557 4.1829242
4.8118262 1.2750216 4.1831283
4.811552 1.2751935 4.183445
4.8125497 1.2760286 4.1838354
4.8128174 1.2740526 4.1839607
3.3351699 2.0807891 3.9805303
3.3361284 2.0793962 3.9798037
3.3370233 2.0788402 3.9791571
3.3368818 2.0783473 3.9793535
3.3368814 2.0784493 3.9795793
3.3366785 2.078657 3.9799295
3.3368872 2.0776134 3.9801178
3.3365515 2.0778246 3.9797997
3.33633 2.0782743 3.9798154
3.3364086 2.0783721 3.9798412
3.3364679 2.0784886 3.979873
3.3367551 2.0794388 3.9802085
3.3366755 2.0794935 3.9800697
3.3366863 2.0793724 3.9798419
3.3365925 2.0792417 3.9795977
3.3364982 2.0790275 3.9793319
3.3363915 2.0787566 3.9790586
3.336276 2.0784563 3.9788023
3.3361699 2.0781603 3.9785998
3.3360685 2.0779033 3.9784425
3.3365114 2.0776492 3.9778545
3.336451 2.0775214 3.9777598
3.3363931 2.0774327 3.9776865
3.336026 2.0780385 3.9780838
3.336015 2.0779835 3.9781251
3.3358395 2.0778521 3.9780323
3.3359248 2.0775474 3.978207
3.335917 2.0773572 3.9783966
3.3359659 2.077272 3.9786398
3.3360312 2.077206 3.9789179
3.3361481 2.077187 3.9793001
3.3357005 2.0765863 3.9796697
3.3358082 2.0763337 3.9802746
3.335586 2.077827 3.9777059
3.335227 2.0773761 3.9788498
3.3354183 2.0772399 3.9793668
3.3353945 2.0772691 3.9796518
3.7786815 1.044297 2.2876475
3.7794669 1.0439529 2.2870163
3.7802364 1.0435986 2.2863954
3.7809883 1.0432727 2.2857889
3.780831 1.0393887 2.2847511
3.7789271 1.0399189 2.2862893
3.7786523 1.0406783 2.2870312
3.7784755 1.0411166 2.2873996
3.7783674 1.0419388 2.2879797
3.7782458 1.0424459 2.2882876
3.7791441 1.0432499 2.2882941
3.7791789 1.044226 2.2867398
3.7790919 1.0447074 2.2868645
3.7789999 1.0451527 2.2870458
3.7789018 1.0455922 2.2871865
0 0 0
4.5179418 1.4988481 2.014508
4.518004 1.4989393 2.0151804
4.518029 1.4989933 2.0158847
4.5181011 1.4990431 2.0165147
4.5182202 1.4991718 2.0170755
4.5183148 1.4992857 2.0175707
4.518212 1.4993966 2.0180588
4.5180535 1.4996353 2.0183662
4.5180732 1.4998409 2.0185791
4.5180105 1.5005929 2.0191593
4.5181133 1.5007661 2.0192833
4.5182702 1.5008638 2.0193118
4.5184248 1.5009422 2.0193256
4.5203822 1.4991219 2.0171571
4.5205369 1.4990239 2.0170943
4.5183297 1.499759 2.0175462
4.5184389 1.499531 2.017431
4.5185355 1.4992311 2.0173782
4.5187201 1.4991158 2.0176643
4.5191006 1.4985948 2.0178
1.9155564 0.26859904 0.73138832
1.9113111 0.26865859 0.73655094
1.9069451 0.26871026 0.74184724
1.9053068 0.26956819 0.74303218
5.4105731 1.4572191 5.3488837
5.4108644 1.4571971 5.3487563
5.4109894 1.4571899 5.3487852
5.410984 1.4571927 5.3488338
5.4096954 1.4575642 5.3486915
5.4095892 1.4575195 5.3485914
5.4096031 1.4574134 5.3486873
5.4095738 1.4571518 5.3493487
5.410118 1.4549886 5.3493946
5.4103046 1.4551314 5.3497764
5.4103407 1.4571679 5.3495573
5.4110498 1.4571371 5.3498857
5.4108399 1.4569042 5.3498165
5.4110892 1.456991 5.3499533
5.4104565 1.4575185 5.3501509
5.4108182 1.4577187 5.3501639
5.4118397 1.4580027 5.3500137
5.4118081 1.4594439 5.3483347
0 0 0
0 0 0
5.7714335 1.4809023 4.4659708
5.7730415 1.4797984 4.4646632
5.773714 1.4784084 4.465061
5.7739765 1.4761625 4.4639499
5.774513 1.4747996 4.4645001
5.7726163 1.477064 4.4668235
4.8125282 1.2805731 4.1819733
4.8122197 1.2784502 4.1814957
4.8118885 1.2768552 4.1813742
4.8119739 1.276068 4.1814171
4.8121592 1.2755047 4.1815205
4.8122844 1.2751198 4.1816731
4.8123353 1.2749436 4.1818749
4.8121458 1.2750112 4.1822299
4.8120962 1.2748422 4.1823587
4.8121124 1.2747582 4.182452
4.8121412 1.2747099 4.182549
4.8123412 1.2745311 4.1822776
4.8124329 1.2743599 4.181966
4.8124939 1.2739157 4.1822457
4.813146 1.2745573 4.1822951
4.8140287 1.2762295 4.1835325
4.8139064 1.2764463 4.182948
4.8139807 1.27497 4.18242
4.8152942 1.273236 4.1813046
4.8130874 1.2746529 4.1821844
4.8118646 1.2748434 4.1829014
4.8118262 1.2749042 4.1833057
4.8117077 1.2751021 4.1836812
4.8124725 1.2758244 4.1840573
4.8122126 1.2770737 4.1836521
3.3309172 2.0817348 3.974163
3.3344412 2.0807412 3.9787253
3.334748 2.0802365 3.9788778
3.3350201 2.0797672 3.9790158
3.3352965 2.0793491 3.9791383
3.3355815 2.079007 3.9792722
3.3357444 2.0786917 3.9793677
3.3359893 2.0785913 3.9795541
3.3362753 2.0785756 3.9797652
3.3364388 2.0786754 3.9798963
3.3368556 2.0791229 3.9804092
3.3368922 2.079231 3.9803602
3.3369165 2.0792916 3.980258
3.3368642 2.0792713 3.980075
3.3366764 2.0791586 3.9797996
3.336547 2.0789657 3.9795243
3.336384 2.0787066 3.9792214
3.3362238 2.0784096 3.9789377
3.3360886 2.0781218 3.9786871
3.3359892 2.0778516 3.9784946
3.3362601 2.0776688 3.9779274
3.3361963 2.0773881 3.9776338
3.3363455 2.0773807 3.9775109
3.3360134 2.0780294 3.9778818
3.336016 2.0780061 3.9778626
3.3360012 2.0779978 3.9778802
3.3359124 2.0776194 3.977894
3.3359198 2.0774286 3.9781145
3.3359779 2.077384 3.9783957
3.3360572 2.077292 3.9787219
3.3360925 2.0772941 3.9791698
3.3350496 2.0769759 3.9793686
3.3357419 2.0763837 3.9803315
3.336042 2.0766812 3.9803486
3.3356199 2.076061 3.9805916
3.3356327 2.0760131 3.9810659
3.3356078 2.0759888 3.9814656
3.7792265 1.0445729 2.2869946
3.7797438 1.0443886 2.2866176
3.7800746 1.0444429 2.2863945
3.7805033 1.0442156 2.286072
3.780328 1.0398616 2.2849834
3.778692 1.0405587 2.286222
3.7783593 1.0409307 2.28683
3.7782594 1.0412885 2.287191
3.7781897 1.0420047 2.2877624
3.7780872 1.0424072 2.2881298
3.7789724 1.0431402 2.2881471
3.7789467 1.043979 2.2866196
3.778801 1.0443596 2.2868967
3.7780543 1.0444303 2.2876021
3.7779249 1.0446903 2.2877888
3.7777278 1.0449769 2.2880364
4.5182731 1.4984209 2.0138304
4.5181689 1.498597 2.014652
4.5181046 1.4988313 2.0154626
4.5180731 1.4990367 2.0162027
4.5181017 1.4993357 2.0168481
4.5181064 1.4995312 2.0173648
4.5179641 1.4996239 2.0178869
4.5175147 1.4997777 2.0186227
4.5156801 1.5009206 2.0192926
4.5157408 1.5010124 2.0195107
4.5177553 1.5008166 2.0191916
4.5179 1.5008099 2.0192457
4.5180793 1.5007699 2.0192028
4.5185162 1.5002687 2.0191978
4.5190452 1.499685 2.0192937
4.5186556 1.4997622 2.0190605
4.5182663 1.4993707 2.0173621
4.518427 1.4991058 2.0172632
4.5186824 1.499037 2.0175422
4.5187793 1.4986941 2.0175349
1.9185571 0.26890078 0.72648614
1.911647 0.26848183 0.73538584
1.9019482 0.2673356 0.75050684
5.4095816 1.4563924 5.3493816
5.4098651 1.4565233 5.349339
5.4102869 1.4565957 5.3491984
5.4105126 1.4567069 5.3491846
5.4106848 1.4567863 5.3491945
5.409379 1.4572682 5.3489705
5.4094476 1.4572664 5.3489434
5.4095032 1.4572231 5.3489536
5.4095426 1.4571636 5.3490086
5.4092562 1.4558366 5.3478989
5.411045 1.4581753 5.3478979
5.4111812 1.4581804 5.3480752
5.4116012 1.4583943 5.3482147
5.411834 1.457576 5.3486744
5.4119867 1.457296 5.3495735
5.4115501 1.4571895 5.3496505
5.4119678 1.4573752 5.3496481
5.4103702 1.4569447 5.3458261
5.774287 1.4789942 4.4643941
5.7740911 1.4790677 4.4642683
5.7741685 1.4786092 4.4649226
5.7738419 1.4786322 4.4651632
5.773853 1.4781875 4.4651854
5.773959 1.4776512 4.4652527
5.7741403 1.4762529 4.4644045
5.7743817 1.4756099 4.4645975
5.77412 1.4777653 4.4667697
0 0 0
4.8131036 1.2770891 4.1814003
4.8130627 1.2763923 4.181514
4.8130433 1.2757944 4.1815877
4.8130839 1.2753662 4.1816852
4.8130879 1.2751635 4.1818704
4.8131097 1.2750755 4.1820169
4.8131419 1.2750846 4.1821392
4.81313 1.2750949 4.1822056
4.8133217 1.2750971 4.1819513
4.8132596 1.275038 4.1819434
4.8132112 1.2749735 4.1819452
4.8130849 1.2748902 4.1817874
4.8127734 1.2740221 4.1817353
4.8127958 1.2739944 4.181737
4.8127127 1.2749973 4.1820776
4.8129863 1.2747316 4.1818892
4.8130538 1.2745554 4.1818925
4.8129823 1.2745665 4.1820308
4.8128889 1.2745667 4.1822106
4.8123678 1.274715 4.1826278
4.8121831 1.2746768 4.1829462
4.8116849 1.2750624 4.1842339
4.8116423 1.2749642 4.1844731
4.8115362 1.2750221 4.1838057
0 0 0
3.3340696 2.0810883 3.9784365
3.334403 2.08049 3.9786118
3.3347511 2.0799185 3.9787914
3.3350784 2.0794046 3.9789815
3.3353439 2.0789174 3.9790729
3.3356462 2.0786455 3.9793499
3.3360022 2.0785148 3.9796472
3.3362908 2.0785013 3.9798803
3.3365074 2.0785658 3.9800674
3.3370201 2.0789761 3.9805918
3.3370771 2.0790448 3.9805673
3.3370762 2.0791121 3.9804703
3.3369963 2.0791131 3.9802999
3.3367639 2.0790228 3.9800303
3.3365804 2.0788522 3.9797383
3.3363629 2.0786164 3.9794183
3.3361555 2.0783412 3.9790872
3.3360078 2.0780616 3.9787984
3.335945 2.0778047 3.9786073
3.3351223 2.0774181 3.9782948
3.334143 2.0773395 3.9787192
3.3345253 2.0777067 3.9774962
3.3344347 2.0778505 3.9772321
3.3336986 2.0768695 3.9777855
3.3361269 2.0782217 3.9775013
3.3364271 2.0779767 3.9777314
3.3361864 2.0767154 3.9775021
3.3361466 2.0767055 3.9777598
3.336126 2.0774428 3.9784896
3.3360964 2.0780203 3.979185
3.3359593 2.0775639 3.9806058
3.3359224 2.0770698 3.9800903
3.3359668 2.0769196 3.9805107
3.3353167 2.0759517 3.9809604
3.3352783 2.075899 3.981344
3.3364816 2.0760242 3.9834365
3.779474 1.044694 2.2866242
3.7798272 1.0444996 2.2864154
3.7798045 1.044715 2.2863668
3.7800115 1.0445947 2.2861807
3.7798493 1.0403312 2.2851937
3.7791875 1.0405736 2.2849385
3.778101 1.0411308 2.2867256
3.7780747 1.0414708 2.2870801
3.7780237 1.0420913 2.2874646
3.7779322 1.0435745 2.2884957
3.7810693 1.0440291 2.286624
3.7787232 1.0437492 2.286564
3.7785102 1.0440232 2.286963
3.7777225 1.0439731 2.2878706
3.7775016 1.0441729 2.2882134
3.7772631 1.0443897 2.2885708
5.2619586 1.9167781 1.4569772
5.261432 1.9178095 1.4562383
5.2609888 1.9190817 1.4558571
5.253991 1.9189757 1.4508724
4.5191088 1.5020757 2.0173018
4.5184381 1.4993127 2.0168219
4.5176664 1.4989163 2.0165286
4.5176408 1.4990311 2.0168654
4.5170416 1.5010693 2.0187659
4.5171321 1.501009 2.0189795
4.5173181 1.5008839 2.0191245
4.5175025 1.5007614 2.0192102
4.5177058 1.500595 2.0192585
4.5179131 1.5002444 2.019495
4.5193521 1.4999966 2.0195659
4.5195849 1.4998043 2.0194557
4.5182836 1.4998592 2.0164128
4.5185183 1.4996567 2.0162328
4.5183822 1.4997604 2.0165835
4.5185805 1.4989102 2.0168476
1.9216132 0.26920061 0.72152384
1.911976 0.26832143 0.73422855
5.4087791 1.4548306 5.3480014
5.4085819 1.4551851 5.3499436
5.4090443 1.4554834 5.3499529
5.409734 1.4560088 5.3496529
5.4100855 1.4562429 5.3496295
5.4103618 1.4564101 5.3496071
5.4094103 1.4568536 5.3495049
5.4093915 1.4572219 5.3495627
5.4091172 1.4572436 5.3498442
5.4096544 1.4591374 5.3469888
5.4097783 1.4590872 5.3470106
5.4104226 1.4587301 5.3467383
5.4106696 1.4581199 5.3473506
5.4109211 1.4580965 5.3475333
5.4119531 1.4572771 5.3487194
5.4122768 1.4569433 5.349627
5.4104606 1.4553235 5.3483435
5.4086564 1.454684 5.3557151
5.7753845 1.4774585 4.4667981
5.7747337 1.477626 4.464145
5.77428 1.4783269 4.4638373
5.7742376 1.478384 4.4653133
5.7740608 1.478293 4.4655617
5.7740359 1.4779031 4.4656823
5.7736418 1.4776491 4.4659441
5.774363 1.4763929 4.4647072
5.7746022 1.4759344 4.4648111
5.7753741 1.4770337 4.4660135
4.8142231 1.2769223 4.1837268
4.8139817 1.2758039 4.1812909
4.8139464 1.2755843 4.1814601
4.8139172 1.2753747 4.1816233
4.8138971 1.2751841 4.1817776
4.8137998 1.2751437 4.1819824
4.8137426 1.2751833 4.1821531
4.814466 1.2754518 4.1816771
4.8144247 1.2754553 4.1817455
4.8143473 1.2754329 4.1817531
4.8143588 1.2753298 4.1817001
4.8142306 1.2752614 4.1817078
4.8133594 1.2751988 4.1815531
4.8132009 1.2750181 4.1816148
4.813085 1.2748776 4.1816744
4.8129753 1.2747513 4.1817588
4.812871 1.2746852 4.1818901
4.8128923 1.2744782 4.1819143
4.8127869 1.2744663 4.1821268
4.8127255 1.2744533 4.1823295
4.8122987 1.2746113 4.1827691
4.8120993 1.2745504 4.1831274
4.8120575 1.2744516 4.1833992
4.812646 1.2734829 4.1833661
4.8129754 1.2730695 4.1831476
4.8130944 1.2724856 4.1832763
3.3336342 2.0813877 3.9781656
3.3340415 2.0806476 3.9783238
3.3344527 2.0799623 3.9785192
3.3348492 2.079368 3.9787416
3.3351752 2.0788694 3.9789452
3.335518 2.0785841 3.9792562
3.3360045 2.0784306 3.9796957
3.3363351 2.0783901 3.9799555
3.3366287 2.0785422 3.9804712
3.3369409 2.0786444 3.9806271
3.3370728 2.0788105 3.9806735
3.3371032 2.0789056 3.980614
3.3370446 2.0789216 3.980477
3.3368591 2.0788419 3.9802578
3.336618 2.0787068 3.9799678
3.3363532 2.0785066 3.9796262
3.3361127 2.0782565 3.9792653
3.3359516 2.0780031 3.978925
3.3340386 2.0766535 3.9774334
3.3329977 2.0776461 3.9774036
3.3336311 2.0769582 3.9782471
3.3337324 2.0768771 3.9780434
3.3338278 2.0768475 3.9778662
3.3338538 2.0768955 3.9776818
3.3355684 2.0768418 3.9776193
3.3364324 2.0767806 3.9771456
3.336374 2.0768486 3.9772944
3.3362692 2.0768857 3.9775314
3.3361664 2.0776133 3.9782248
3.3359829 2.0782364 3.9789222
3.3357519 2.0777997 3.9803718
3.3356605 2.0774402 3.980278
3.3356836 2.0770644 3.9805619
3.3350213 2.0757326 3.9809506
3.3348608 2.0758117 3.9815766
3.3364499 2.0763791 3.9831691
3.7783028 1.0434921 2.2867214
3.7785053 1.0434286 2.2865531
3.7782858 1.0427635 2.2859816
3.778073 1.0416979 2.2858104
3.7781961 1.0416958 2.2857424
3.7782305 1.0415432 2.2857376
3.7778688 1.0413121 2.2866329
3.7778879 1.0416365 2.2869374
3.7778954 1.0421556 2.2872392
3.778408 1.0433654 2.2868533
3.7809324 1.0439013 2.2864673
3.77847 1.0436053 2.2868318
3.7781978 1.0437657 2.2873401
3.7777032 1.0434997 2.2886043
3.7773251 1.0440804 2.2888577
3.7767949 1.0444513 2.2896315
5.2616101 1.9175271 1.4568507
5.2612013 1.9183212 1.456197
5.2607405 1.9190795 1.4555536
5.2601289 1.9201739 1.4546752
5.2598271 1.9207264 1.454128
5.2595486 1.9212496 1.4536562
4.5166353 1.5018469 2.0144676
4.5165891 1.5018431 2.0147924
4.5176845 1.5027006 2.0191128
4.5177625 1.5025952 2.0193766
4.5168964 1.5009133 2.019039
4.5170844 1.5006822 2.0191591
4.5173142 1.5004419 2.0192055
4.5175516 1.5000565 2.0193475
4.5178254 1.4998028 2.0192257
4.5181297 1.4995645 2.0190735
4.5184511 1.4993628 2.0188831
4.5184749 1.499877 2.0162349
4.518334 1.4995917 2.0164047
4.5185865 1.4987929 2.0166475
5.3991885 1.4587492 5.3452427
5.4092721 1.4555472 5.3395352
5.4100886 1.455938 5.3398697
5.4078182 1.4545106 5.3507492
5.4084664 1.454918 5.3507662
5.4091883 1.4554439 5.3501355
5.4097014 1.455776 5.3500995
5.410112 1.4560303 5.3500316
5.4094982 1.4557676 5.3500923
5.4089977 1.4547528 5.351965
5.4091914 1.4547998 5.3518509
5.4095442 1.458958 5.3471293
5.4097142 1.4589269 5.3470587
5.4098175 1.4584194 5.3470672
5.4100132 1.458355 5.3470066
5.4103852 1.4582043 5.3473192
5.4109348 1.4580743 5.3478836
5.4124046 1.4572898 5.3488002
0 0 0
0 0 0
5.7738504 1.4777857 4.4671263
5.7737981 1.4777422 4.4669428
5.7739963 1.478586 4.4656145
5.7746681 1.4783997 4.4657054
5.7746962 1.4782831 4.4656914
5.7738206 1.4784684 4.4659174
5.7739424 1.4779879 4.4662897
5.7745537 1.4765181 4.4649775
5.7748143 1.4762141 4.4650081
5.7761434 1.4774369 4.4661734
5.7764964 1.4771511 4.4661987
4.8131718 1.2724489 4.1785859
4.8148084 1.2746119 4.1812458
4.8147096 1.2747498 4.1814753
4.8145989 1.2748977 4.1816994
4.8145317 1.2750013 4.1818423
4.8149315 1.2756389 4.1817324
4.8148448 1.2756951 4.181806
4.8147618 1.2757155 4.1818331
4.8146497 1.2757111 4.1818382
4.8145671 1.2756959 4.1814387
4.8144059 1.27555 4.1813839
4.8134572 1.2753852 4.1815896
4.8132681 1.2751719 4.1816334
4.8130917 1.2749583 4.1816983
4.8129434 1.2747451 4.1818223
4.812834 1.2746037 4.1819779
4.8127639 1.274543 4.1821893
4.8127417 1.2745434 4.1823904
4.8127092 1.2745734 4.1826704
4.8133051 1.2751851 4.1826337
4.81331 1.2751772 4.1828696
4.8122198 1.2744279 4.1838349
4.8127652 1.2741217 4.1836389
4.8131422 1.2733321 4.1836137
4.8132068 1.2731982 4.1838824
3.3334893 2.0809301 3.9777229
3.3338641 2.080372 3.9779854
3.3342501 2.0798012 3.9782257
3.3346463 2.079284 3.9785033
3.3350348 2.0788423 3.9787931
3.3356814 2.0784866 3.97903
3.3362051 2.0782418 3.9797828
3.3364572 2.0781284 3.9803436
3.3368132 2.0782443 3.9805638
3.337145 2.078461 3.9807797
3.3372798 2.0785341 3.9808646
3.3372907 2.0786061 3.9808418
3.3371802 2.0786439 3.9807075
3.3369476 2.0786314 3.9804674
3.3366695 2.0785455 3.9801744
3.3363819 2.0783947 3.9798532
3.3361549 2.0782075 3.9795402
3.3361619 2.0777155 3.9794007
3.3338182 2.076848 3.978009
3.3326305 2.0769365 3.9777291
3.3337296 2.0769616 3.9783196
3.3338802 2.0769097 3.9780913
3.3340411 2.0769057 3.9779
3.3340577 2.0769616 3.9775845
3.3358444 2.0766616 3.9776318
3.336718 2.0769068 3.9770142
3.3366347 2.0769964 3.9770976
3.3364734 2.0770853 3.9773173
3.3361953 2.0777979 3.977945
3.3356668 2.0781435 3.9784231
3.3353014 2.0778855 3.979195
3.3349153 2.0778293 3.9796672
3.3345693 2.0776555 3.9802631
3.3343695 2.0759649 3.9807881
3.3338087 2.080635 3.984276
0 0 0
3.7780153 1.0426344 2.2867032
3.7782546 1.042737 2.2865308
3.7780704 1.0428588 2.2860019
3.7779527 1.0421615 2.28572
3.777926 1.0419533 2.2857527
3.7779481 1.0417988 2.2857333
3.7779989 1.0418522 2.2857965
3.7774024 1.042702 2.2857323
3.7781047 1.0430593 2.2857792
3.7780497 1.0432052 2.2861263
3.7777494 1.0451391 2.2874643
3.777514 1.0452424 2.2879887
3.7781056 1.043561 2.2877884
3.7774382 1.0430831 2.2887551
3.7769323 1.0434892 2.2893857
3.7763808 1.0438814 2.2900746
5.2610048 1.9179531 1.4566397
5.2608971 1.9188064 1.4561371
5.2606148 1.9193475 1.4555781
5.2600948 1.9200948 1.4547788
5.2598512 1.9205194 1.4543291
5.2597057 1.9207912 1.4539807
5.260622 1.9177604 1.4545939
4.5160491 1.502157 2.0145988
4.5164846 1.5034653 2.0192063
4.5165161 1.5032001 2.0194522
4.5169017 1.5026159 2.0179385
4.5166818 1.5005629 2.0191
4.5168996 1.5002188 2.0191725
4.5171536 1.4998423 2.0192179
4.5174856 1.4995447 2.019119
4.5178537 1.4993098 2.018949
4.5182347 1.4991009 2.0187379
4.5166232 1.5005137 2.0158826
4.5170484 1.5003943 2.0156559
4.5189121 1.4996706 2.0152346
3.9325417 2.5104345 0.20069068
3.931401 2.51115 0.19998837
3.9302068 2.5118607 0.19924925
3.9256931 2.5126912 0.19615043
3.9271099 2.5139096 0.19768464
3.9258326 2.514713 0.19695053
0 0 0
5.4077965 1.4550166 5.3529943
5.4081044 1.4551634 5.352815
5.4086651 1.4544326 5.3522659
5.4092433 1.4542974 5.3520641
5.4094364 1.4587955 5.3472915
5.4102597 1.4589665 5.3482777
5.4097941 1.4582782 5.3469965
5.4100006 1.4581756 5.3468048
5.4103043 1.4578532 5.3474087
5.410862 1.4578528 5.3487774
5.4126523 1.4568816 5.3489166
5.7740674 1.4791705 4.466663
5.7736976 1.4779282 4.467754
5.7737331 1.4777521 4.4674357
5.7737363 1.4776582 4.4672158
5.7748476 1.4782828 4.4659796
5.7748397 1.4781719 4.46599
5.774778 1.4781435 4.4659556
5.7740912 1.4784909 4.4662582
5.7741096 1.4783563 4.4664993
5.777196 1.4776658 4.4666237
5.77746 1.4774988 4.4665962
5.7763218 1.4778197 4.4662854
5.7766373 1.4776228 4.4662622
4.8175269 1.2774772 4.1758924
4.8156198 1.273728 4.1811286
4.815344 1.2742539 4.1813899
4.8150426 1.274694 4.1816045
4.8148741 1.2749589 4.1818024
4.8152146 1.2757628 4.1817843
4.8151367 1.2759214 4.1818762
4.8146369 1.276269 4.1819875
4.8144515 1.2762995 4.1820056
4.8142734 1.2762523 4.1820049
4.8145389 1.2756897 4.1814197
4.813576 1.2755299 4.1816907
4.8133455 1.275289 4.1817311
4.8131292 1.2750427 4.1818256
4.812949 1.2746982 4.1819743
4.8127918 1.2745292 4.1821776
4.8126966 1.2744464 4.1824126
4.8126557 1.2744692 4.1827096
4.8126461 1.2744968 4.1829641
4.8130268 1.2748677 4.1829746
4.8132167 1.2749983 4.1830538
4.8130675 1.2745341 4.1832921
4.8131498 1.2745268 4.1835007
4.8132366 1.2745252 4.1837175
4.8133161 1.2745206 4.1839259
3.3292775 2.0777003 3.9709434
3.3337143 2.0800418 3.97772
3.3341099 2.0795725 3.9779704
3.3345417 2.0791386 3.9783137
3.3349271 2.0787657 3.9786261
3.3355991 2.0783562 3.9792518
3.3360935 2.0781149 3.9797708
3.3364527 2.0780387 3.9802873
3.3367985 2.0780731 3.98053
3.3371826 2.0782926 3.9807947
3.3373219 2.0783329 3.9808766
3.337335 2.0783999 3.9808743
3.3372272 2.0784402 3.9807802
3.3370129 2.0784387 3.9805869
3.3367509 2.0783891 3.9803318
3.3364581 2.0782816 3.9800446
3.3362607 2.0781497 3.9797607
3.3329291 2.0765786 3.9788738
3.332889 2.0764306 3.9785371
3.3329139 2.0762859 3.9781597
3.333821 2.0766702 3.9783059
3.3343785 2.0762717 3.9780514
3.3345424 2.0762992 3.9777971
3.3346855 2.0763469 3.9776415
3.336449 2.0771967 3.9771151
3.3371145 2.0770735 3.9770076
3.3371505 2.0773361 3.976924
3.3369158 2.077442 3.9770256
3.3361822 2.0779675 3.9775965
3.3349799 2.0784783 3.9774639
3.3346965 2.0787838 3.9782264
3.3342103 2.0782016 3.9791025
3.3336662 2.078135 3.9796309
3.3330444 2.0766145 3.9799501
3.777374 1.0420161 2.2870045
3.7775998 1.0422551 2.2868519
3.7778225 1.0424995 2.286684
3.7779807 1.0426332 2.2865731
3.7778889 1.0429223 2.2859685
3.7777626 1.0422877 2.2857283
3.7777287 1.0421461 2.2857132
3.7777993 1.0420498 2.2857303
3.7785076 1.0426134 2.2860259
3.7776501 1.0429232 2.285484
3.7783093 1.0430589 2.2854652
3.7780545 1.0431776 2.2859388
3.7779423 1.043391 2.2865556
3.7782289 1.0426871 2.2870876
3.7779379 1.0427024 2.2877726
3.7773067 1.0426827 2.288717
3.7766977 1.0430619 2.2895656
3.7760185 1.0433332 2.2904606
5.2603901 1.9191419 1.4565497
5.2602391 1.9194255 1.4560772
5.2602996 1.9198333 1.4554877
5.2600871 1.9200931 1.4549562
5.2599239 1.9202999 1.4545442
5.2597981 1.9204574 1.454258
5.2597513 1.9205394 1.4540884
5.2585213 1.921132 1.4540926
5.2588341 1.9208676 1.4542863
4.5161423 1.5026569 2.0178519
4.5161095 1.5025273 2.0171619
4.5170596 1.4998555 2.0180229
4.5164979 1.499567 2.0189507
4.5166951 1.4995828 2.0191467
4.5161928 1.5005062 2.0201869
4.5165645 1.5002631 2.0200421
4.5191704 1.4979585 2.0180309
4.5165071 1.5002798 2.0156873
4.5170002 1.5001746 2.015444
3.9357075 2.5092752 0.20001644
3.9317243 2.5107545 0.19993047
3.9309065 2.5112715 0.19936395
3.9300906 2.5118468 0.19882329
3.9293272 2.5124467 0.19832446
3.9285997 2.5132044 0.19781568
3.9277471 2.5137953 0.19727229
3.9167755 2.5110836 0.19038156
4.6582586 2.5589743 4.605468
4.6571247 2.5593502 4.6049501
4.6559623 2.5597417 4.6043743
4.6548298 2.5601543 4.6037395
4.652241 2.5603692 4.600891
4.6511626 2.5609189 4.6000922
4.6500783 2.5615532 4.5992033
4.649079 2.5622023 4.5983244
5.4103326 1.4574525 5.3472288
5.4110547 1.4575076 5.348725
5.7744844 1.4793687 4.4684159
5.7744764 1.4793059 4.4681213
5.7736719 1.4777095 4.4679187
5.7736497 1.4776759 4.4676739
5.7736416 1.4776349 4.467489
5.7741724 1.4784147 4.4671845
5.7740255 1.4787772 4.4668208
5.7740548 1.4786772 4.4667495
5.774247 1.478531 4.4664164
5.7759318 1.4791875 4.4691108
5.7761498 1.4791166 4.4690788
5.7753676 1.4783596 4.4666215
5.7758186 1.4781242 4.4665585
5.7761387 1.4780829 4.4664809
0 0 0
4.8155502 1.2738826 4.1808418
4.8153586 1.2742747 4.1811335
4.8151533 1.274642 4.1814068
4.81495 1.2749652 4.1816476
4.8153107 1.2758234 4.1817758
4.814901 1.2761673 4.1819431
4.8147419 1.2763609 4.1820244
4.8145712 1.2764284 4.1820827
4.8143886 1.2763787 4.1821085
4.8139993 1.2758449 4.1818625
4.8137147 1.2756141 4.18185
4.8134456 1.2753515 4.1819264
4.8132071 1.2750825 4.182027
4.8129247 1.274726 4.182313
4.8127918 1.2744573 4.1824235
4.8126784 1.2743386 4.1826821
4.8126477 1.2744297 4.1830018
4.8126365 1.2744685 4.1832605
4.8130517 1.274784 4.1832268
4.8130938 1.2748572 4.1834624
4.8131073 1.2745856 4.1834605
4.8131917 1.2746586 4.1836388
4.8132857 1.2747363 4.1837959
4.8133743 1.2748161 4.1839608
3.3292017 2.0772712 3.9707036
3.3336684 2.0794829 3.9771342
3.3340374 2.0791534 3.9775499
3.334411 2.0788825 3.97799
3.3348774 2.0786424 3.9784701
3.3355725 2.0782586 3.9792189
3.3359903 2.07815 3.9797908
3.3364121 2.0779601 3.9802095
3.3367955 2.0779797 3.9804595
3.3371644 2.0780492 3.980667
3.3373043 2.0781351 3.9808021
3.3373323 2.0782045 3.9808352
3.3372466 2.0782481 3.9807777
3.3370788 2.0782413 3.9806476
3.3368825 2.0779342 3.9805955
3.3361429 2.0779128 3.9801419
3.3334082 2.0766706 3.9793251
3.3331433 2.0765546 3.979065
3.3330972 2.0764289 3.9787471
3.3333318 2.0762546 3.9783284
3.3340299 2.0767326 3.9784658
3.3354158 2.0767586 3.9784285
3.3364378 2.0769444 3.9777264
3.3364798 2.0774745 3.9770802
3.3368544 2.0775451 3.9771926
3.3376962 2.0774215 3.9769425
3.3375443 2.0775151 3.9768372
3.337211 2.0776159 3.9768567
3.3365403 2.0779499 3.9772483
3.3357837 2.0780816 3.9774689
3.3349641 2.0782059 3.9777721
3.3342049 2.0779321 3.9787755
3.3324271 2.0787391 3.9787227
3.3320173 2.0779136 3.9791157
3.777404 1.0419362 2.2868864
3.7775606 1.042182 2.2867688
3.7776897 1.0424123 2.2866533
3.7778192 1.0425985 2.286537
3.7776848 1.0429535 2.2860387
3.7780742 1.0423041 2.286419
3.7782286 1.0423633 2.2862917
3.7783824 1.0424108 2.2861834
3.7785976 1.0425089 2.2860032
3.7789361 1.0425844 2.2859385
3.7788747 1.043021 2.2863028
3.7784272 1.0430126 2.2862208
3.7780095 1.0431764 2.2866226
3.7779772 1.0423311 2.2869647
3.7776191 1.0422721 2.2876761
3.7772046 1.0421828 2.2884914
3.776125 1.0427061 2.2902619
0 0 0
5.2601975 1.9198767 1.4564452
5.2600636 1.9199535 1.4559887
5.2602058 1.9200502 1.455527
5.2600889 1.920098 1.4550745
5.2599775 1.9201381 1.454729
5.2599298 1.9201052 1.454469
5.2599005 1.9200239 1.4542794
5.2586325 1.9207251 1.4542142
5.2588791 1.9207288 1.4542658
5.259617 1.9199957 1.45531
5.2596998 1.9199676 1.4554424
5.2596802 1.9204803 1.4550021
5.2600767 1.920147 1.4539976
5.2601238 1.9200932 1.4542402
5.2599611 1.9197254 1.454963
5.2598929 1.919636 1.4554149
5.2598149 1.9195207 1.4558107
5.2596053 1.9204506 1.4580883
3.9312284 2.5119621 0.19985167
3.9306997 2.5122061 0.19937307
3.93098 2.5110124 0.19919227
3.9304255 2.5113958 0.1987466
3.9299741 2.511794 0.19838724
3.9296175 2.5122457 0.19810968
3.9293936 2.5127793 0.19785609
3.9291908 2.5132734 0.19768328
3.9313262 2.5144128 0.19815406
0 0 0
4.6552879 2.5589993 4.6044582
4.6545224 2.5593908 4.6039937
4.6537204 2.5598222 4.603461
4.6515261 2.5599715 4.6007821
4.6507835 2.5605366 4.6001518
4.6501778 2.5611505 4.5995676
4.6496037 2.561859 4.598957
4.6491615 2.562643 4.5983974
4.6484042 2.5641773 4.5972773
5.7745093 1.4789107 4.4685036
5.7744937 1.4789472 4.4682242
5.7744718 1.4789809 4.4679566
5.7736488 1.4774921 4.4677704
5.7738841 1.4782939 4.4674281
5.7738707 1.4787161 4.4672329
5.773917 1.4786922 4.4670531
5.7740756 1.478606 4.4668057
5.7741987 1.4785316 4.4667405
5.7745703 1.4777672 4.4695373
5.7758618 1.4795907 4.4690173
5.7748299 1.4780009 4.4666813
5.7751206 1.4780255 4.4666479
5.7747177 1.4784026 4.4665839
5.7722407 1.4795552 4.4666302
4.8158075 1.2740029 4.1799281
4.8151228 1.2744065 4.1803352
4.8150862 1.2746762 4.1811868
4.8148952 1.2749892 4.1814832
4.8146187 1.2754306 4.1817816
4.814445 1.2756604 4.1819815
4.8143282 1.2758105 4.1821218
4.8142193 1.2758794 4.1821685
4.8140968 1.2758875 4.1821737
4.8139365 1.2758054 4.1821506
4.8137422 1.2756303 4.1821604
4.8135356 1.275371 4.18218
4.8133138 1.2750783 4.1823088
4.8130489 1.2747791 4.1825361
4.812852 1.2743956 4.1827108
4.8126978 1.2742206 4.1829531
4.8125969 1.274161 4.183193
4.8126896 1.2744315 4.1834405
4.8131111 1.2748072 4.1834962
4.8131465 1.2749183 4.1836414
4.8131591 1.2747076 4.1835513
4.813235 1.2748459 4.1836724
4.8133232 1.2749875 4.1837749
4.8134097 1.2751393 4.1838735
3.3335668 2.0788958 3.9766824
3.3338285 2.0791881 3.9770768
3.3340696 2.0788841 3.9774941
3.3343249 2.0784756 3.9778259
3.3350848 2.0779768 3.9784806
3.3354381 2.0781245 3.9794594
3.3359399 2.0780712 3.9797073
3.3363855 2.077908 3.9801116
3.3367511 2.0779088 3.9803618
3.3370713 2.0779358 3.9805678
3.3372424 2.0779881 3.9806965
3.3372718 2.0780568 3.9807265
3.3372301 2.0780806 3.9807154
3.3371288 2.0780983 3.9806278
3.3366623 2.0777644 3.9807034
3.3348587 2.0776675 3.9801029
3.3336181 2.0766454 3.9794378
3.333402 2.0765479 3.9792591
3.3338471 2.0768906 3.9782701
3.3339232 2.0768373 3.9779922
3.3344619 2.0769802 3.9778029
3.3357443 2.0775062 3.9782882
3.336152 2.0777448 3.9779947
3.3363672 2.0778277 3.9776893
3.3373924 2.0778185 3.9774036
3.3382084 2.0776208 3.9769544
3.3379555 2.0776832 3.9767534
3.3375721 2.077721 3.976596
3.3366083 2.0781152 3.9768844
3.3355707 2.0783484 3.9770022
3.334461 2.0786015 3.9771841
3.3329999 2.0788891 3.9775846
3.3314099 2.0793815 3.9777657
3.7775224 1.0406333 2.2863516
3.7776151 1.0409314 2.2863391
3.7777966 1.0421121 2.2864845
3.7776155 1.0423889 2.2865762
3.7776676 1.0425591 2.2865393
3.777699 1.0426671 2.2864557
3.7779896 1.0423604 2.2864029
3.7781801 1.042452 2.2862037
3.7783796 1.0425172 2.2860499
3.7785706 1.0425642 2.2859142
3.7787432 1.0425552 2.2858746
3.7789022 1.0424898 2.2859552
3.7789631 1.0424676 2.2860865
3.778258 1.0423257 2.2861192
3.778021 1.0422512 2.2866813
3.7776655 1.04215 2.2873945
3.7780536 1.042389 2.2843925
3.7763264 1.0417279 2.2893912
3.7749118 1.0386233 2.2929262
5.2600913 1.920513 1.456379
5.2600616 1.9204111 1.4559922
5.2601379 1.9202728 1.4555197
5.2600835 1.9201655 1.4551681
5.2600529 1.9200289 1.4548739
5.2600074 1.9198735 1.4546266
5.260009 1.919694 1.4544474
5.2596613 1.9194193 1.4540648
5.2597017 1.9193019 1.4540127
5.2597575 1.9195395 1.4552246
5.2598862 1.919531 1.455383
5.260129 1.9195558 1.4544994
5.2603082 1.9195441 1.4546844
5.2602057 1.9198711 1.4544582
5.2603569 1.9195407 1.4546123
5.2604249 1.9195583 1.4549186
5.2604966 1.9195874 1.455244
0 0 0
3.9301092 2.5122063 0.19875706
3.9297988 2.5124325 0.19845777
3.9303561 2.5121112 0.19918733
3.9299839 2.511455 0.19811883
3.9298254 2.5117428 0.19793913
3.9298356 2.5120162 0.19785328
3.9300534 2.512342 0.19786814
3.9327497 2.5134536 0.19864653
3.9335715 2.5137842 0.19899623
3.9342887 2.5147029 0.20023135
4.6534904 2.558642 4.6039698
4.6530401 2.5590632 4.6035582
4.6526368 2.5594758 4.6031729
4.6507762 2.5595732 4.6006597
4.6504609 2.5601355 4.6002389
4.6502217 2.5607656 4.5998894
4.650159 2.5614277 4.599641
4.6502036 2.5630529 4.5990154
4.6502662 2.5642019 4.5991988
5.7742068 1.4782927 4.4673595
5.7742257 1.4784209 4.4670917
5.7742545 1.478529 4.4668177
5.7743232 1.4785999 4.4665565
5.7743091 1.4786897 4.466339
5.7739467 1.4786533 4.4671021
5.7740155 1.4786434 4.4669692
5.774163 1.4785957 4.4667773
5.7743041 1.4785676 4.4666866
5.7744932 1.4773628 4.4686931
5.774704 1.4773934 4.4686545
5.7749073 1.4781727 4.4666487
5.7751537 1.4782408 4.466634
5.7749501 1.4781932 4.4669035
5.7771855 1.4773453 4.4646933
4.8123522 1.2753026 4.1825293
4.8123863 1.2752503 4.1811807
4.8148207 1.2747689 4.1809535
4.8147037 1.2750623 4.181328
4.8145085 1.2754751 4.1816868
4.8143616 1.2757137 4.1819575
4.8142586 1.2758533 4.1821305
4.8141866 1.275884 4.1822379
4.8140856 1.2758056 4.182276
4.8139449 1.2756469 4.1823124
4.8138166 1.2753899 4.1823571
4.813654 1.2750915 4.1824551
4.8135729 1.2747942 4.1826496
4.8133981 1.2745747 4.182863
4.8130555 1.2742674 4.1831687
4.8128203 1.2742198 4.1832548
4.8126908 1.2741921 4.1834655
4.8125627 1.2741926 4.1837126
4.8129554 1.2744247 4.1855444
4.8129725 1.2745549 4.18567
4.8132238 1.2748895 4.1835427
4.8132794 1.275088 4.1836077
4.8130283 1.2754083 4.1836934
4.8130938 1.2756286 4.1837112
3.3343455 2.0779023 3.9772791
3.3348104 2.0778459 3.9778646
3.3352561 2.0782649 3.9784973
3.3355971 2.0784483 3.9786087
3.3359157 2.0781133 3.9791921
3.3354635 2.0781184 3.9794408
3.335876 2.0780083 3.9798116
3.3362225 2.0778997 3.9800568
3.3365137 2.0777828 3.9801843
3.3368217 2.0779492 3.9802163
3.3369889 2.0779354 3.98033
3.3371444 2.0779513 3.980562
3.3371722 2.0779668 3.9806072
3.3371363 2.0779669 3.9805617
3.3350295 2.0774664 3.9809169
3.3349763 2.0774059 3.9807878
3.3349197 2.0773323 3.9806502
3.3347974 2.0772077 3.9793707
3.3348909 2.077173 3.9791886
3.3350648 2.0771746 3.9790002
3.335235 2.0771623 3.9787449
3.3361885 2.0777737 3.9786792
3.3365817 2.0781916 3.9785817
3.3368601 2.0782841 3.978307
3.3386258 2.0787665 3.9780825
3.3395901 2.0777973 3.9767114
3.3384246 2.0778064 3.9766706
3.3379476 2.0777628 3.9763586
3.3367368 2.0782119 3.9765766
3.3352984 2.0786446 3.9764929
3.3339159 2.0790237 3.9765398
3.3318364 2.0796458 3.975139
3.3296207 2.0783568 3.9770504
3.7776513 1.0407202 2.2860049
3.7777197 1.0409891 2.2859839
3.7778577 1.0414239 2.2857993
3.7774442 1.0424646 2.2864417
3.7774215 1.0421029 2.2863079
3.7777491 1.0422553 2.2863119
3.7779462 1.0423936 2.2863322
3.778124 1.0425012 2.286177
3.7783323 1.0425842 2.2859827
3.778546 1.042601 2.285827
3.7787337 1.0425809 2.2857342
3.7788813 1.0425129 2.2857671
3.7789288 1.0424544 2.2859123
3.7782872 1.0423093 2.2858672
3.7780929 1.0422641 2.2863523
3.7780272 1.042319 2.2865151
3.778188 1.042408 2.2840453
3.7765727 1.0418749 2.2889784
3.7761632 1.0417709 2.2898379
5.2600619 1.9210389 1.456325
5.2601008 1.9207531 1.4558885
5.2601132 1.9205209 1.4555173
5.260117 1.9202618 1.4552241
5.2601 1.9200117 1.4549609
5.2600915 1.9197379 1.4547426
5.260067 1.9194927 1.4545483
5.2597818 1.9191167 1.4541294
5.2598126 1.9189744 1.4540238
5.2599287 1.9190511 1.4551705
5.2601138 1.9189896 1.4551674
5.2602891 1.919166 1.4543541
5.2605466 1.9191892 1.4544868
5.2604122 1.9195507 1.4541752
5.2607584 1.9193406 1.4542292
5.2609635 1.9194862 1.4544528
5.2611331 1.9196482 1.45466
0 0 0
3.9301029 2.5118458 0.19871456
3.9300541 2.5120035 0.19869105
3.9299204 2.5121518 0.19855426
3.929603 2.5114701 0.19750862
3.9297468 2.5116055 0.19752461
3.9299901 2.5117815 0.19761976
3.9304369 2.5119201 0.19777885
3.9329451 2.512941 0.19859071
3.9321931 2.5124733 0.19861787
3.9328965 2.5125971 0.19901846
4.6516586 2.558294 4.603419
4.6516012 2.5587007 4.6030903
4.6515305 2.5591667 4.6027906
4.6501156 2.5591922 4.6008247
4.6499556 2.5596211 4.6001722
4.6501844 2.5602162 4.600152
4.6506173 2.5609997 4.6003349
4.6516264 2.5619987 4.6011538
4.6514697 2.5637208 4.60059
5.7742257 1.4778391 4.4673921
5.7742738 1.4780335 4.4671198
5.774335 1.4782155 4.4668404
5.7745542 1.4782884 4.4665111
5.7746567 1.4784003 4.4662717
5.7738808 1.4787571 4.4669378
5.774156 1.4786333 4.4669067
5.7743154 1.4785739 4.4665932
5.7744194 1.478586 4.4665257
5.7746805 1.4782675 4.4664511
5.7748355 1.4783162 4.4663893
5.7749973 1.4783363 4.4663285
5.7754202 1.4784821 4.4662987
5.7760913 1.4786614 4.4660391
5.7774658 1.4785415 4.4655211
4.8121985 1.2754275 4.1823032
4.813672 1.2762396 4.180223
4.8148703 1.2756249 4.1806245
4.8144869 1.2756867 4.1809346
4.8143585 1.2759058 4.1813144
4.8141656 1.2757962 4.1819392
4.8141149 1.2758913 4.1821635
4.814111 1.2758884 4.1823041
4.8140972 1.275793 4.1824085
4.8140793 1.27561 4.1824934
4.8140964 1.2753352 4.1825433
4.8139571 1.2750914 4.182667
4.8137649 1.2748427 4.1828542
4.8134112 1.2745995 4.1833802
4.8132141 1.2743332 4.1834592
4.8127901 1.2732366 4.1837573
4.8126994 1.2732869 4.1840123
4.8127444 1.2741514 4.1841613
4.8124601 1.2732633 4.1865768
4.8122922 1.2733765 4.1865933
4.8128705 1.2751922 4.1835844
4.8134138 1.2764588 4.1831891
4.8124853 1.2754056 4.1826265
4.8111739 1.2754375 4.1855944
0 0 0
3.3350618 2.0782769 3.9785293
3.3354425 2.0781834 3.9787775
3.337266 2.0775242 3.9794708
3.3360757 2.0782855 3.9794906
3.3358723 2.0785483 3.9790581
3.3361282 2.0784193 3.979252
3.3361256 2.0779279 3.9799264
3.3367613 2.077544 3.9789977
3.3372313 2.0777413 3.9790084
3.3373112 2.0782737 3.9791898
3.3367962 2.0783139 3.9796568
3.3368201 2.0782738 3.979638
3.3366448 2.0780942 3.9796308
3.3350777 2.0773919 3.9808795
3.3350998 2.0773537 3.9808134
3.3351345 2.0773158 3.9807299
3.3354783 2.077208 3.9805962
3.3353819 2.0772672 3.9795226
3.3355421 2.0773384 3.9793242
3.3358411 2.0774147 3.9792769
3.3366395 2.0780609 3.9791006
3.3370492 2.078417 3.9789245
3.3373583 2.0785656 3.9786203
3.336033 2.0788843 3.9786709
3.340305 2.0780588 3.9767904
3.338815 2.0779554 3.9762515
3.3381704 2.0777703 3.9757699
3.3365587 2.0784986 3.9760642
3.3350239 2.0789354 3.9759724
3.3324658 2.0826503 3.9747327
3.328067 2.0810386 3.9713592
3.7733578 1.0462176 2.2915239
3.7773853 1.0407447 2.2865858
3.7777968 1.0411468 2.2859094
3.7778358 1.0413994 2.2858998
3.7775921 1.0418534 2.2864632
3.7776563 1.0420805 2.2864161
3.7777672 1.0423141 2.2863058
3.7779292 1.042447 2.2863291
3.7780921 1.0425608 2.2861687
3.7782933 1.0426445 2.2859357
3.7785061 1.0426461 2.2857475
3.778688 1.0425998 2.2856259
3.7788415 1.0425209 2.285635
3.7788968 1.0424457 2.2857553
3.7953414 1.0145056 2.2519839
3.7781488 1.0423508 2.2860365
3.7779077 1.0423266 2.2866433
3.7775811 1.0422684 2.2874052
3.7770847 1.0423259 2.2884469
3.7767174 1.0422771 2.2892773
5.2606411 1.9216444 1.4567492
5.260574 1.9212848 1.4564613
5.2602642 1.9208493 1.4555843
5.2602048 1.920466 1.4552823
5.2601831 1.9200736 1.4550162
5.2601681 1.9197337 1.4547544
5.2601702 1.9194382 1.4545214
5.2601918 1.9191787 1.4543312
5.2597769 1.9184036 1.4534999
5.2600142 1.9186974 1.4550945
5.260165 1.918623 1.45501
5.2603773 1.9181721 1.4541591
5.2606947 1.918833 1.4535369
5.2609615 1.9189764 1.4536751
5.2612346 1.9191799 1.4538548
5.261507 1.9193908 1.4540361
5.2618725 1.9198861 1.4540985
5.262232 1.92044 1.4543633
3.9297617 2.5116122 0.19806959
3.9292861 2.5120367 0.19782252
3.9294539 2.5121325 0.19789705
3.9293465 2.5113673 0.19695264
3.9297014 2.5114325 0.19714294
3.9301498 2.5114766 0.19735527
3.9307209 2.5123928 0.19691186
3.9328919 2.5123989 0.1983041
3.9316402 2.5113098 0.19848992
3.9321532 2.5109799 0.19869826
3.9327752 2.5106149 0.19915878
4.6501025 2.5582983 4.6025151
4.6504792 2.5587207 4.6024497
4.6530475 2.5593951 4.6016275
4.6514837 2.5599101 4.599789
4.6517557 2.5601357 4.5998566
4.6527229 2.5607917 4.6006863
4.6540325 2.5616236 4.6021466
4.6548377 2.5622854 4.6026294
5.7744513 1.4768694 4.4676999
5.7746598 1.4772856 4.4669502
5.7747451 1.477634 4.4666886
5.7748165 1.4779723 4.4664379
5.7749178 1.4781912 4.466167
5.7741351 1.4785422 4.4670208
5.7742312 1.4786532 4.466864
5.7745539 1.4785911 4.4663561
5.7753676 1.478392 4.4656818
5.7753835 1.4783847 4.4656526
5.7754731 1.4784453 4.4656778
5.775625 1.4785666 4.4657797
5.7758058 1.4786889 4.4659375
5.7760034 1.4788121 4.4660697
5.7762049 1.4789388 4.4662225
0 0 0
4.8143873 1.2757134 4.179997
4.8143579 1.2756001 4.180381
4.8142406 1.2758196 4.1808435
4.8141172 1.2759834 4.1812768
4.8140424 1.2761009 4.1816732
4.8140087 1.2761535 4.1819909
4.8140873 1.2759574 4.1823472
4.8140975 1.275833 4.1825271
4.8141044 1.2756177 4.1826588
4.814136 1.2753905 4.1827529
4.8140764 1.275151 4.1828853
4.8139693 1.2749314 4.1830101
4.8117348 1.2772806 4.182537
4.8130935 1.2744121 4.1833252
4.813052 1.2734794 4.1839385
4.8129522 1.273532 4.1841027
4.8128983 1.2739264 4.186398
4.8127091 1.2735592 4.1864854
4.8125473 1.273718 4.1863758
4.8130306 1.2755336 4.183301
4.8135162 1.2768009 4.1828487
4.8133236 1.2753053 4.182583
4.8128009 1.2749851 4.183325
3.333404 2.0792233 3.9798557
3.3337843 2.0791141 3.9798776
3.3341428 2.078962 3.9798543
3.3374452 2.0775543 3.9795961
3.3351395 2.0780682 3.9785248
3.3357478 2.0786034 3.9789421
3.3359883 2.0784852 3.979099
3.3363062 2.0777593 3.9802494
3.3366688 2.0775382 3.9788955
3.337048 2.0778996 3.979073
3.3373358 2.0784202 3.9791462
3.3365871 2.0782751 3.979422
3.3366542 2.0782439 3.9794667
3.3365137 2.0780549 3.9794831
3.3365405 2.0780417 3.9794953
3.3365817 2.0780304 3.9794939
3.3364064 2.076807 3.9804828
3.3382586 2.0774456 3.9808511
3.3384589 2.0775307 3.9808143
3.3365982 2.0778705 3.9800407
3.3368416 2.0781073 3.9797708
3.3371619 2.0783401 3.9795547
3.3375333 2.0786443 3.9793096
3.3378705 2.0788367 3.9789387
3.3329547 2.082148 3.9793682
5.577896 1.2160446 2.5284932
5.5778152 1.2154868 2.5263772
5.5767737 1.2166988 2.5266514
5.5762922 1.2155703 2.5269676
0 0 0
0 0 0
0 0 0
3.775757 1.0471015 2.2863022
3.7770383 1.0409871 2.2865868
3.7779132 1.0413539 2.2859128
3.7779637 1.0416111 2.2858726
3.7776945 1.0420055 2.2864632
3.777756 1.0422209 2.2863963
3.7778443 1.0424125 2.2862991
3.7779468 1.0425722 2.2863428
3.7780555 1.0426356 2.286211
3.777882 1.0425679 2.2857394
3.7781037 1.0430948 2.2855847
3.7781993 1.0430614 2.2855657
3.7786108 1.0426393 2.2860682
3.7785023 1.0424865 2.286112
3.7783913 1.0426936 2.2854397
3.7781936 1.0424828 2.2857481
3.7780095 1.0424739 2.2863168
3.7777812 1.0425098 2.286978
3.7784315 1.044318 2.2888221
3.7773215 1.0448163 2.2902065
5.2639969 1.9226687 1.4564405
5.2606181 1.922068 1.4559283
5.2602503 1.9209956 1.4554742
5.2602199 1.9205644 1.4552547
5.2602098 1.9201206 1.4550079
5.2602496 1.9197368 1.4547976
5.2601916 1.9193607 1.4544691
5.2597333 1.9185051 1.4536506
5.25983 1.9182611 1.45348
5.2598575 1.9184226 1.4538571
5.2604122 1.9185308 1.4536255
5.260586 1.9184234 1.4534064
5.2609082 1.9185563 1.4533892
5.2612785 1.9187826 1.4534454
5.2616728 1.9190395 1.4535339
5.2621234 1.9193713 1.4536161
5.2624807 1.9198951 1.45369
5.2628672 1.9205654 1.4539976
3.9275673 2.5119145 0.19568458
3.9285952 2.5120206 0.19696795
3.9298002 2.5115343 0.1976493
3.929182 2.5111292 0.19649458
3.9297625 2.5111252 0.19685789
3.9302924 2.5111924 0.19716305
3.9304958 2.5119317 0.19685769
3.933005 2.51198 0.19851196
3.9316766 2.5109097 0.19833405
3.9320415 2.5108243 0.19860075
3.9324241 2.5106561 0.19890937
3.9355599 2.5102416 0.20704257
4.6542083 2.5592367 4.6083703
4.6522769 2.5590106 4.6016473
4.6511422 2.5595014 4.5999653
4.6521598 2.5600721 4.60074
4.653123 2.5607412 4.6014291
4.6541853 2.5613519 4.6022424
4.6568249 2.5620368 4.6050831
5.7744663 1.4764605 4.4676092
5.774703 1.4767273 4.4672398
5.774942 1.4769864 4.466878
5.7751433 1.4772625 4.4665279
5.7753144 1.4775484 4.4662485
5.774269 1.4785419 4.46682
5.7743247 1.4786321 4.4666546
5.7748264 1.478594 4.4661213
5.7756141 1.4784151 4.4655199
5.7756065 1.4784696 4.4654929
5.7755988 1.4785432 4.465543
5.7756265 1.4786262 4.4656559
5.775701 1.4787428 4.4658569
5.7758226 1.4788656 4.4660724
5.7760526 1.4790644 4.4663435
5.776297 1.4792637 4.4666206
4.8160036 1.2759069 4.1785904
4.8140584 1.2752144 4.1798183
4.8137918 1.2759127 4.1806453
4.8137165 1.2761405 4.1810103
4.8136513 1.2762697 4.1813687
4.8138388 1.2763472 4.181977
4.8139423 1.2762922 4.1823339
4.8139911 1.2759084 4.1826672
4.814058 1.275675 4.182808
4.8141281 1.2754808 4.1829518
4.8141501 1.2752904 4.1830793
4.8144574 1.275162 4.1833085
4.8119144 1.2774934 4.182691
4.8134696 1.2744746 4.18183
4.8133291 1.2731868 4.18422
4.8132663 1.2738706 4.1841963
4.8141186 1.2741853 4.185904
4.8136616 1.2745993 4.186194
4.8132112 1.2758831 4.1824014
4.8130653 1.2760844 4.1822357
4.8133561 1.2767916 4.1817752
4.8134051 1.275659 4.1820264
4.8145184 1.2740946 4.1839243
3.3364573 2.0797244 3.9825628
3.3358246 2.079399 3.9815072
3.3355365 2.079279 3.9787024
3.3355864 2.0790888 3.9786777
3.3355644 2.078916 3.9787397
3.3357058 2.0787373 3.9788089
3.3358747 2.0786084 3.9789028
3.3362043 2.0778022 3.9800539
3.3365204 2.077177 3.9798391
3.3369287 2.0780162 3.979083
3.3371844 2.0782507 3.978919
3.3363751 2.0782883 3.979155
3.3364737 2.0781751 3.9791919
3.3368442 2.0779535 3.979224
3.3369772 2.0780149 3.9791698
3.3372783 2.0779734 3.9791025
3.337545 2.0779543 3.9791816
3.3378993 2.0779952 3.9791698
3.3382268 2.0780977 3.9792188
3.3369914 2.0780921 3.9801862
3.3373361 2.0782691 3.9801819
3.3376471 2.0785517 3.9799524
3.3351726 2.0808364 3.9746314
5.5756151 1.2181907 2.5304277
5.5735835 1.2186104 2.5293849
5.5752503 1.2173771 2.5283387
5.5750837 1.216437 2.5280016
5.5764279 1.2166777 2.5272695
5.5759723 1.2162637 2.5288932
5.576347 1.2170625 2.5302991
5.580902 1.2175003 2.5295635
0 0 0
3.7782733 1.0422981 2.2863783
3.7783337 1.042513 2.2863399
3.7784259 1.0427595 2.2863441
3.778848 1.042722 2.2859209
3.7778558 1.0422537 2.2864642
3.77792 1.0424291 2.2863989
3.7779751 1.0425918 2.2862759
3.7780009 1.0427057 2.2861671
3.7778642 1.0427734 2.2859914
3.7779219 1.0431616 2.2857234
3.778024 1.0431269 2.2855844
3.7781309 1.0430794 2.2854606
3.7782346 1.0429488 2.2852475
3.7783163 1.0428646 2.285233
3.7783422 1.0427742 2.2853303
3.7781858 1.0425986 2.2855681
3.778088 1.042663 2.2860422
3.7779522 1.0427418 2.2866232
3.7785185 1.043682 2.2882255
3.7783862 1.0432865 2.2895574
5.2600485 1.9187683 1.4508871
5.260324 1.9216113 1.4559052
5.2602485 1.9210507 1.455339
5.2602984 1.9207299 1.455262
5.2600053 1.9216011 1.4541187
5.2599759 1.9212241 1.4539183
5.2602786 1.920115 1.4536509
5.2597685 1.9184913 1.4536439
5.259871 1.9182275 1.4534947
5.2600452 1.9182494 1.4535416
5.2602936 1.9181626 1.4533991
5.2606172 1.9181997 1.4532628
5.2611676 1.9184712 1.4533077
5.2615654 1.918674 1.4532957
5.2620784 1.919004 1.4533273
5.2626174 1.919355 1.4533529
5.2630925 1.9199036 1.4533805
5.2636637 1.9202427 1.4533883
3.926281 2.5110724 0.19419634
3.9272033 2.5109297 0.19476998
3.928125 2.5108443 0.1953815
3.9290911 2.5108622 0.19608465
3.9298708 2.5108328 0.19664839
3.9305485 2.5108642 0.19707091
3.9300242 2.5111649 0.19701084
3.9302696 2.5097836 0.19640015
3.9305574 2.5097953 0.19668028
3.9318279 2.5108411 0.19819383
3.9319297 2.5107799 0.19854413
3.9303486 2.5081973 0.19851936
4.6532562 2.5586891 4.6079227
4.6558986 2.5592065 4.6072797
4.650997 2.558995 4.6002935
4.6521518 2.5595926 4.6012307
4.6533996 2.5602031 4.6022045
4.6545816 2.5608675 4.6031792
4.6574457 2.5614041 4.6062028
5.7744521 1.4761774 4.4675101
5.7747752 1.476468 4.4671288
5.7750966 1.476759 4.4667405
5.7753865 1.47709 4.4663779
5.7756272 1.4774227 4.466056
5.7752766 1.4780203 4.4660673
5.7753906 1.4782925 4.4658603
5.7754591 1.4785286 4.4657412
5.775895 1.4784493 4.4653588
5.7758645 1.4785497 4.4653545
5.7757709 1.4786285 4.4654193
5.7756478 1.4787033 4.4655706
5.7755558 1.4787604 4.4657817
5.7755104 1.4788191 4.4660334
5.7754817 1.4788578 4.4663062
5.7754809 1.4789215 4.4665879
4.8160179 1.2741667 4.1796998
4.8155834 1.2743804 4.18039
4.8130462 1.2761239 4.180905
4.8129439 1.2763177 4.1813184
4.8132137 1.2767383 4.1816182
4.8138137 1.276169 4.1820778
4.8138381 1.2761287 4.1824222
4.8138555 1.2759906 4.1827268
4.8139246 1.2758187 4.1829767
4.8140252 1.2756453 4.1831423
4.8141572 1.2755153 4.1832754
4.8149122 1.2758774 4.1834497
4.8149874 1.2767923 4.182797
4.8135315 1.2737455 4.1841761
4.814158 1.273573 4.1847158
4.8144946 1.27443 4.1854568
4.8146032 1.2746467 4.1858114
4.814294 1.2751541 4.1845755
4.8130032 1.2749158 4.1807892
4.8133998 1.2765335 4.1812102
4.8130929 1.2772979 4.1812194
4.8134963 1.2760369 4.1814119
4.8144928 1.2744445 4.1833257
3.3388428 2.0801427 3.9848201
3.3371505 2.0796754 3.9827394
3.334488 2.0794552 3.9786178
3.3349549 2.0791791 3.9779423
3.3355309 2.0791555 3.9785228
3.3356699 2.078865 3.9786183
3.3357861 2.0787313 3.9786483
3.3361101 2.077877 3.9797863
3.3363835 2.0772405 3.9795841
3.3368466 2.0777688 3.9798739
3.3360482 2.078439 3.9788768
3.336095 2.0783337 3.9789821
3.3362207 2.0781416 3.9789734
3.336638 2.078029 3.9791085
3.3368197 2.078069 3.9790944
3.3372636 2.077996 3.9791218
3.3376265 2.0780229 3.9792713
3.3377192 2.0782823 3.9794661
3.3382839 2.0786282 3.9797281
3.3373657 2.0782218 3.9805337
3.3378177 2.0784191 3.9806096
5.5764148 1.2168088 2.5316641
5.5758111 1.2170397 2.5313716
5.5752911 1.2179438 2.5309878
5.5732111 1.218361 2.5299612
5.5756654 1.2158467 2.5295531
5.5768171 1.2171693 2.5288826
5.5761143 1.2166379 2.5279235
5.5756216 1.2163452 2.5296468
5.5759699 1.2173829 2.531111
5.5759165 1.217482 2.5313865
5.5681592 1.2168537 2.5332933
3.7783899 1.0425623 2.2865611
3.7784712 1.0428015 2.2864774
3.7785658 1.0430739 2.2864794
3.7786445 1.0433056 2.2864282
3.778666 1.043507 2.286385
3.7786713 1.0436555 2.2863249
3.7779888 1.042961 2.2862067
3.77808 1.0429934 2.2859375
3.7780281 1.0429406 2.2859064
3.7779145 1.0431864 2.2858008
3.7779296 1.0430923 2.2856922
3.7779871 1.0430117 2.2855529
3.7780771 1.042919 2.2854016
3.7781792 1.0428876 2.2853054
3.7782336 1.0427734 2.2852541
3.7784516 1.0426447 2.2850413
3.7782807 1.0429031 2.2853519
3.778228 1.0435029 2.2860127
3.7783326 1.0440745 2.2872141
3.7774517 1.0403876 2.288795
5.2608001 1.9219853 1.4540004
5.2601578 1.9214184 1.455199
5.2601926 1.920997 1.4551337
5.2602491 1.9206712 1.4549965
5.2618202 1.919449 1.4547233
5.2611094 1.9187434 1.4536396
5.2602245 1.9190977 1.4540482
5.2602214 1.9185177 1.4538832
5.2603152 1.9182298 1.4536905
5.2600374 1.9182908 1.4535767
5.2603546 1.9181789 1.4534888
5.2607323 1.9183045 1.4533764
5.261216 1.9184278 1.4533257
5.2618189 1.9186882 1.4532643
5.2624227 1.9189972 1.4532209
5.2630685 1.9194154 1.4532028
5.2636857 1.9198617 1.4531565
5.2643335 1.9202726 1.4531222
0 0 0
3.9259371 2.5108784 0.193447
3.9272486 2.5106748 0.19444684
3.9284548 2.5104583 0.19539305
3.9306319 2.5096758 0.19750859
3.9312676 2.509698 0.19805539
3.9304433 2.510288 0.19850069
3.9286448 2.5108258 0.19707383
3.930357 2.5098125 0.19617578
3.9316663 2.5108534 0.19812022
3.9317596 2.5111598 0.19841472
3.9319164 2.509719 0.19818744
3.9318532 2.5098385 0.19828749
4.6495493 2.557705 4.6002774
4.650721 2.558298 4.6011074
4.6520032 2.5590505 4.6017651
4.6533792 2.5596601 4.6028838
4.6548626 2.5603083 4.6040909
4.6580145 2.5611012 4.6083292
5.7744287 1.4760433 4.4674176
5.7748122 1.4763451 4.4670048
5.775215 1.4766196 4.4665983
5.7755726 1.4769274 4.4662311
5.7759223 1.4773803 4.4658648
5.7761973 1.477713 4.4655916
5.7758919 1.4784557 4.4652865
5.7763928 1.4782238 4.4652696
5.7763011 1.4784383 4.4652116
5.77613 1.4786007 4.4652473
5.7758927 1.4787204 4.4653419
5.7756351 1.4787654 4.4655212
5.7753709 1.4787708 4.4657242
5.7751349 1.4787246 4.4659935
5.7748881 1.4786415 4.4662723
5.7746238 1.4785398 4.4665474
4.8158139 1.2743049 4.1797506
4.815685 1.2745323 4.180165
4.8128729 1.2762628 4.1809651
4.8127702 1.2764458 4.1813804
4.8129903 1.2768489 4.1816971
4.8135931 1.2763245 4.1821524
4.8136174 1.276299 4.1825043
4.8136846 1.2762354 4.1828231
4.8136755 1.2760281 4.1831642
4.8138031 1.2759282 4.1833743
4.8137962 1.2763502 4.1832339
4.8138395 1.276497 4.1834391
4.8140132 1.2764311 4.1834688
4.8139932 1.2766278 4.1838371
4.8144247 1.2739877 4.1850408
4.8151207 1.274886 4.1856158
4.8151173 1.2751094 4.1856935
4.8151234 1.2759794 4.1839473
4.8128383 1.2763781 4.1790955
4.8125828 1.276574 4.1786958
4.8132737 1.2777361 4.180638
4.8126122 1.2750935 4.1775331
1.2851058 1.809489 2.1779438
1.2868633 1.8070963 2.1770262
0 0 0
3.3351478 2.0798584 3.9787891
3.3351645 2.0797567 3.9785699
3.3349495 2.0799152 3.9787981
3.3356974 2.0789823 3.9783582
3.3357615 2.0788484 3.9783107
3.3358747 2.0785562 3.9782017
3.3358249 2.078641 3.9783934
3.3358369 2.0785326 3.9785051
3.3358357 2.0784377 3.97864
3.3358659 2.0783584 3.9787801
3.3359543 2.0781485 3.9788027
3.3360551 2.0780084 3.9788175
3.3362782 2.078015 3.9790104
3.3365662 2.0780575 3.9792095
3.3369659 2.0781524 3.9794388
3.3374603 2.0782853 3.9796672
3.3379429 2.0771433 3.979997
3.3410403 2.0752593 3.983111
5.5765194 1.2168667 2.5322416
5.5761028 1.2168229 2.5319673
5.5753891 1.2167002 2.5319028
5.575081 1.216722 2.5317136
5.5750452 1.2170149 2.5319455
5.5753581 1.2169555 2.5308836
5.575235 1.2171148 2.5307573
5.5753771 1.2161084 2.5300168
5.5753265 1.2164312 2.5303254
5.5753351 1.2177223 2.5318943
5.5755307 1.2179985 2.5321816
5.5721425 1.2161761 2.5369333
3.778506 1.0428211 2.2867877
3.7786063 1.0430892 2.2866843
3.7787019 1.0433852 2.2866073
3.7787784 1.0436103 2.2865405
3.7788299 1.0437841 2.2864524
3.7788369 1.0438695 2.2863946
3.7776893 1.043342 2.2864626
3.7782129 1.0431727 2.2859672
3.7781504 1.0430833 2.2858901
3.7778537 1.0431579 2.2859783
3.7778 1.0430237 2.2858935
3.7778056 1.0429061 2.285791
3.7778534 1.0428417 2.2856637
3.7783248 1.0427467 2.2853159
3.7784853 1.0426746 2.2848761
3.7785509 1.042794 2.2849993
3.7781918 1.0441799 2.2858577
3.7782474 1.0444059 2.286242
3.7782835 1.0446696 2.286679
3.7777277 1.0425874 2.2871051
5.2599492 1.921232 1.4550956
5.2600143 1.9210609 1.4549587
5.2601837 1.9208233 1.4549324
5.2589128 1.9216451 1.4544944
5.2603181 1.9199923 1.4542407
5.2602804 1.919652 1.4541026
5.2602584 1.9192147 1.4541115
5.26026 1.918841 1.4539929
5.2602466 1.9184938 1.4536097
5.2599786 1.918603 1.4533442
5.2603444 1.9184744 1.4535668
5.260803 1.9184602 1.4534888
5.2613827 1.918579 1.4534372
5.2620249 1.9187909 1.4533674
5.2627375 1.9191062 1.4532933
5.2634791 1.9194546 1.4531536
5.2642494 1.9198579 1.4530245
5.2649944 1.9202941 1.4528361
3.9234194 2.5110301 0.19094317
3.925149 2.5107278 0.19236079
3.9268352 2.5104321 0.1937344
3.9284612 2.510138 0.19504699
3.9312885 2.5092919 0.19774864
3.9316674 2.5094674 0.19815223
3.9305455 2.5097947 0.19861964
3.928673 2.5108048 0.19696151
3.9315569 2.5113376 0.19737129
3.9316083 2.5111297 0.19835317
3.9297389 2.5116095 0.19739304
3.9288626 2.510543 0.19499805
3.9310519 2.5103484 0.1975682
4.6484904 2.5578011 4.5996403
4.6499081 2.5583194 4.6008991
4.651231 2.5588504 4.6020731
4.6525973 2.5593406 4.6032317
4.6538953 2.5598038 4.6043301
4.6544753 2.5621436 4.6051344
5.7744042 1.4760549 4.4673255
5.7748213 1.4763848 4.4668873
5.7752469 1.4766592 4.4664541
5.7756515 1.4769707 4.4660884
5.7761913 1.4773522 4.4657098
5.7765357 1.477599 4.4654338
5.7767476 1.4778654 4.4652249
5.7767878 1.4781439 4.4651177
5.776639 1.4784215 4.4651095
5.7763171 1.4786685 4.4652073
5.775994 1.4787901 4.4653753
5.7756153 1.4788459 4.4655347
5.7751399 1.478769 4.4656588
5.7747149 1.4786627 4.4658639
5.7741618 1.478219 4.466073
5.7737965 1.4781769 4.4665294
4.8177268 1.2736554 4.1777583
4.8125363 1.2757612 4.181436
4.8127258 1.2763922 4.1810466
4.81261 1.2765848 4.1814603
4.81254 1.2768264 4.1816948
4.8133375 1.2765399 4.1822298
4.8132838 1.2766663 4.182601
4.813312 1.2767891 4.1829662
4.8130841 1.2769724 4.1833496
4.8132282 1.2769463 4.1835157
4.8134688 1.2768688 4.1835895
4.8137781 1.276827 4.1835791
4.8140814 1.276783 4.183547
4.8152845 1.2769169 4.1823429
4.8139747 1.2747588 4.1829097
0 0 0
0 0 0
4.8181083 1.2804675 4.1830796
4.8133866 1.2769821 4.1787751
4.8130566 1.2771715 4.1782767
1.2874746 1.816473 2.1873544
1.2871215 1.8080731 2.1829559
1.2866287 1.8080115 2.1820228
1.2863947 1.8080066 2.181105
1.2861811 1.8079988 2.1801962
1.2859923 1.8079841 2.1792976
3.3366169 2.0805822 3.9822524
3.3349778 2.0800739 3.9785935
3.3357677 2.0791174 3.9780438
3.3358339 2.0789603 3.9779099
3.3358341 2.0788158 3.9778906
3.3358031 2.0786849 3.9779885
3.3357301 2.0785644 3.9781454
3.3356097 2.0784089 3.9783568
3.3355803 2.0783085 3.9785519
3.3355589 2.0780562 3.9786131
3.3357581 2.0780348 3.978761
3.3359836 2.0780634 3.9790108
3.3362909 2.0781457 3.9792779
3.3367457 2.0782692 3.9795629
3.3373249 2.0784082 3.9798476
3.3393974 2.0758192 3.9833013
5.5766854 1.2171516 2.5325413
5.5762264 1.2170145 2.5324158
5.5754386 1.2166719 2.5323871
5.5750562 1.2165819 2.5322633
5.5747456 1.216528 2.5321577
5.5747433 1.2165823 2.5322442
5.5750205 1.2167118 2.5314917
5.5749868 1.2168776 2.5314069
5.5754818 1.2167827 2.5303751
5.5751808 1.2175494 2.531841
5.5750691 1.2180251 2.5324385
5.5750644 1.2185373 2.5329827
5.5765629 1.2185919 2.5352746
3.7786605 1.0430378 2.2870184
3.7787725 1.0432748 2.2868515
3.7788276 1.0436852 2.2867977
3.7789246 1.0438989 2.2866509
3.7789849 1.0440279 2.2865516
3.7790021 1.0440778 2.2864514
3.7786548 1.0440334 2.2867833
3.7783622 1.0432973 2.2859919
3.7782269 1.0431526 2.2859523
3.7777543 1.043064 2.2862149
3.7776478 1.0428813 2.2861669
3.7775878 1.0427715 2.2861245
3.7776058 1.0426782 2.2859629
3.7781152 1.0426615 2.2854904
3.7783188 1.043223 2.2849947
3.778419 1.043508 2.2853231
3.7781472 1.0442477 2.2858325
3.7783237 1.0445717 2.2860904
3.7784797 1.0449124 2.2864193
3.7783203 1.044583 2.2869227
5.2599933 1.9208445 1.4548459
5.2600103 1.9206834 1.4548672
5.2579476 1.9223279 1.4547432
5.2579798 1.9221691 1.4546891
5.2597135 1.920493 1.4544018
5.2596918 1.9202771 1.4543202
5.2595922 1.9200059 1.454458
5.2596376 1.9197357 1.4543871
5.2597548 1.9191258 1.4536021
5.2599854 1.9188458 1.4535097
5.2603651 1.9187273 1.4537445
5.2608424 1.9186974 1.4536813
5.2614464 1.9187654 1.4535852
5.2621825 1.9189317 1.4535044
5.2629418 1.9191269 1.453353
5.2639255 1.9195073 1.4531557
5.2647606 1.9198123 1.4529149
0 0 0
3.1215029 1.0350616 5.8877229
3.1221471 1.0343401 5.8882896
3.1227412 1.0336682 5.889064
3.9325224 2.5089861 0.19824459
3.9322321 2.5091172 0.19813825
3.9325702 2.5093642 0.19852181
3.9324799 2.5097529 0.19874484
3.9323089 2.5101426 0.1987627
3.932178 2.5106561 0.1988728
3.9317214 2.5110003 0.19868991
3.9285534 2.5119767 0.19629212
3.9280034 2.5123446 0.19603351
3.9283216 2.5115462 0.19542395
4.6486625 2.5572805 4.5999191
4.6501172 2.5578297 4.6013295
4.6515355 2.5583 4.6026719
4.6527866 2.5587699 4.603903
4.6539438 2.5592369 4.6050779
4.6550894 2.5597315 4.6062655
5.774378 1.4761594 4.4672478
5.7747937 1.4766303 4.4667915
5.7751999 1.4769971 4.4663298
5.775602 1.4772942 4.4658804
5.7759562 1.4775693 4.4655201
5.7762418 1.4778188 4.4652516
5.7764288 1.4780688 4.4650928
5.7764961 1.4783253 4.4650343
5.7764451 1.4785708 4.4650681
5.7762889 1.478759 4.4651881
5.7760193 1.4788712 4.4653946
5.7756703 1.4788655 4.4656185
5.7749163 1.4787851 4.4656483
5.7743342 1.4785764 4.4658502
5.770448 1.4798089 4.4679649
1.1469678 0.6210375 1.5452304
1.1468807 0.62193575 1.5455608
4.8144734 1.2744083 4.186923
4.8143603 1.2745882 4.1873358
4.811408 1.2760135 4.1833998
4.81137 1.2751517 4.1820923
4.8152392 1.2755772 4.1802705
4.8128258 1.2772206 4.1827458
4.8128158 1.2772708 4.1830387
4.8127449 1.2772993 4.1834982
4.8128343 1.2773463 4.1837616
4.8132702 1.2772448 4.1837316
4.813714 1.2771876 4.1836809
4.8141466 1.2771498 4.183608
4.8155235 1.2773047 4.1823866
5.7644965 2.5610296 0.5748574
5.7572768 2.559944 0.56939934
5.756226 2.5574501 0.56638109
5.7558116 2.5572422 0.56552362
5.7538885 2.5574601 0.56236775
5.7534555 2.5572585 0.56150608
0 0 0
1.2871103 1.8079035 2.182841
1.2866984 1.8079067 2.1820649
1.2865648 1.8078881 2.1812941
1.2864607 1.8078649 2.1805382
1.2863727 1.8078505 2.1798166
1.284924 1.8094258 2.1800545
3.3293774 2.0800038 3.9728582
3.3358417 2.0792465 3.9777011
3.3359936 2.0790631 3.9773834
3.3358776 2.0789014 3.9774224
3.3358168 2.0787424 3.9775999
3.335736 2.0785707 3.9778294
3.3355192 2.0784507 3.9781113
3.3354682 2.0783657 3.9784173
3.3354038 2.0783214 3.9786329
3.3354146 2.0781729 3.9788567
3.3356956 2.0780705 3.9790184
3.3360017 2.0782146 3.9793362
3.3364513 2.0783805 3.9796666
3.3370732 2.0785408 3.9800338
5.5760183 1.2221675 2.5339611
5.5761066 1.2174186 2.5325441
5.5756559 1.217195 2.5325316
5.5751063 1.2167166 2.5326061
5.5747114 1.2165291 2.5325794
5.5744206 1.2164093 2.5324932
5.5745576 1.2161386 2.5323861
5.5746968 1.2165269 2.5319769
5.5746913 1.2167475 2.5319298
5.5747429 1.2171075 2.5319468
5.5747617 1.2176023 2.5321006
5.5748764 1.2182629 2.5325947
5.5749076 1.2188591 2.5328018
0 0 0
3.7788279 1.0431436 2.2875522
3.7787356 1.0436737 2.287257
3.7789276 1.0439108 2.2869761
3.7790456 1.0441045 2.2867864
3.7790861 1.0442548 2.2866087
3.7790465 1.0442893 2.2864779
3.7788193 1.044065 2.2868228
3.7786695 1.0438545 2.2867683
3.7785263 1.0435972 2.2866682
3.7776284 1.04304 2.286895
3.7774679 1.0428278 2.2867647
3.7773511 1.0426346 2.2866119
3.7769361 1.0424687 2.2865822
3.7767389 1.0424631 2.2864555
3.7768838 1.0426632 2.2864301
3.7782326 1.043488 2.2854944
3.7791218 1.0445232 2.2853176
3.7794015 1.04494 2.2854616
3.7790973 1.0450085 2.2866643
3.7793818 1.0453753 2.287343
5.2598041 1.9176516 1.4546809
5.2600381 1.9190653 1.454706
5.2581005 1.9220576 1.4546106
5.2581041 1.9220082 1.4546181
5.2598799 1.9204074 1.4543773
5.2598323 1.9202964 1.4543494
5.2597244 1.9200852 1.4545378
5.259745 1.9199229 1.454493
5.2595568 1.9197697 1.4539835
5.2599125 1.9192795 1.4540058
5.2603278 1.9191114 1.4539775
5.2608167 1.9190345 1.4538992
5.2614605 1.9190231 1.4538212
5.2622039 1.9190842 1.4536708
5.2631727 1.9192398 1.4534821
5.2643896 1.9197168 1.4534177
3.1190278 1.0375755 5.8834972
3.1194909 1.0369769 5.8839624
3.1214265 1.0359234 5.8852315
3.1218517 1.0342229 5.8854022
3.122436 1.0335856 5.8858377
3.1231315 1.0332915 5.8861546
3.9402204 2.5123501 0.20509002
3.9399409 2.5128322 0.20505329
3.9327007 2.5098194 0.19878431
3.9323029 2.5103804 0.19862612
3.9318279 2.5110094 0.19852856
3.9311642 2.51144 0.1981724
3.9302317 2.5118217 0.19764946
3.9293732 2.5122104 0.19707749
3.9271284 2.5121934 0.19442229
4.6500983 2.5569378 4.6009176
4.6510641 2.5573783 4.6021281
4.6519543 2.5578229 4.6032967
4.6533337 2.5575978 4.6048118
4.6544004 2.5578329 4.6061432
4.6552554 2.5582451 4.6072053
0 0 0
5.7747166 1.4771392 4.466766
5.7750442 1.4773946 4.4662517
5.7753567 1.477626 4.4657741
5.7756284 1.4778413 4.4653749
5.7758444 1.4780415 4.4651039
5.7760125 1.4782345 4.4649513
5.7761912 1.478478 4.4649683
5.7753129 1.4801367 4.4656074
5.7760998 1.4788652 4.4651595
5.7759297 1.4789452 4.4654221
5.7757174 1.4789984 4.4656537
5.7735361 1.4779446 4.4673796
1.1438091 0.62197533 1.5458882
1.1437124 0.62271961 1.5461388
1.1464603 0.62109127 1.5461962
1.1463769 0.62188024 1.5464906
1.1463077 0.62268261 1.5468041
4.8148533 1.2824837 4.184578
4.8147371 1.2809857 4.1856965
4.8135663 1.2741407 4.1817584
4.8150607 1.2750536 4.1806355
4.8109403 1.2753492 4.1846902
4.8108605 1.2754844 4.1850603
4.8110692 1.2769078 4.1851081
4.8105332 1.2780632 4.1851833
0 0 0
5.7552776 2.556577 0.56279792
5.7552434 2.5570206 0.5636143
5.7555644 2.5573695 0.56476873
5.7553046 2.5578155 0.56614751
5.7552132 2.5577766 0.56601925
5.7553327 2.5575939 0.56573068
5.7553706 2.5574752 0.56537139
5.7540895 2.5577754 0.56287876
5.7540859 2.5576662 0.56249701
0 0 0
1.2865513 1.8070551 2.1825324
1.2867393 1.8077992 2.1820903
1.2867688 1.8077657 2.1814725
1.2867521 1.807732 2.1808742
1.2867415 1.8077109 2.1803153
1.2866512 1.8076963 2.1798439
1.2844365 1.8037355 2.1773671
0 0 0
3.337115 2.0785011 3.9765208
3.3368245 2.0786644 3.976808
3.3359005 2.0786826 3.9772525
3.3357523 2.0785722 3.9775356
3.3355889 2.0785085 3.9779543
3.3354032 2.078393 3.9782744
3.3352388 2.0783519 3.9785398
3.3353274 2.0783164 3.9789134
3.3352988 2.0773764 3.9802522
3.3358064 2.0782959 3.9813605
3.3363704 2.0819136 3.9805288
5.5802466 1.2167612 2.5253323
5.5770435 1.2176984 2.532361
5.575721 1.2175546 2.5326264
5.5752756 1.217325 2.532639
5.5748243 1.2168361 2.532782
5.5744951 1.216662 2.532754
5.5742052 1.2165231 2.5327346
5.5741124 1.2162452 2.5327333
5.5743881 1.2164014 2.5323362
5.5744198 1.2166636 2.5322831
5.5745114 1.2171176 2.5323521
5.5746273 1.2177322 2.5324422
5.5747105 1.2184068 2.5325192
5.5748015 1.2191252 2.5325475
5.5748299 1.2196722 2.5324263
3.7766989 1.0421585 2.2877656
3.7777444 1.04386 2.2884872
3.7781036 1.0438757 2.2876496
3.7786552 1.0441222 2.2869636
3.77875 1.044113 2.2867824
3.778701 1.0441192 2.2867009
3.7788949 1.0440177 2.2869423
3.7788912 1.0438095 2.2868395
3.778627 1.0435719 2.2868387
3.777574 1.0428682 2.2870515
3.7773257 1.0426258 2.2870039
3.777149 1.0424563 2.2869134
3.7761112 1.042204 2.2875198
3.7760908 1.04224 2.2870489
3.77636 1.0424536 2.2869613
3.7772985 1.0426649 2.2864404
3.7791126 1.0439697 2.2854764
3.7797747 1.0447125 2.2854558
3.7791605 1.0449392 2.2869285
3.7796087 1.0455989 2.2871206
5.2601881 1.9178383 1.4545232
5.2601448 1.9187216 1.4545056
5.2601484 1.9202429 1.4542366
5.2601012 1.9202914 1.4543189
5.2600439 1.9203123 1.454379
5.2600227 1.9202979 1.4544047
5.2599238 1.9200788 1.4545711
5.2599286 1.9199148 1.4545608
5.2598924 1.9196805 1.4543213
5.2600882 1.9195238 1.4542973
5.2603876 1.919442 1.454248
5.2608337 1.9193446 1.4541997
5.2613886 1.9193137 1.4540943
5.2621281 1.9192847 1.4539454
0 0 0
3.1204349 1.0371517 5.8841952
3.1207947 1.0366473 5.8846152
3.1211325 1.0361831 5.8850521
3.1214497 1.0357248 5.8854825
3.1217806 1.0352618 5.8858436
3.1221096 1.034837 5.8861159
3.1224998 1.0344406 5.8863026
3.1210329 1.0361891 5.8870307
3.1210877 1.0411861 5.883167
3.9330128 2.5099368 0.19891042
3.9317207 2.5107077 0.19719962
3.9314076 2.511509 0.19816968
3.9305214 2.5120023 0.19762873
3.9293727 2.5123778 0.19685106
3.9283727 2.5128383 0.19620194
3.9274418 2.5132727 0.19561926
4.651545 2.5565754 4.6018598
4.6520659 2.5570114 4.6029097
4.6527154 2.5573975 4.6040549
4.6537807 2.5567714 4.6055622
4.6542938 2.557105 4.6065955
4.654736 2.5575561 4.6075046
5.7743732 1.477695 4.4674071
5.774576 1.4778001 4.4668003
5.7747785 1.4779292 4.4662254
5.7749765 1.4780615 4.4656975
5.7751448 1.4781884 4.4652683
5.7752824 1.4782965 4.4649692
5.7750509 1.4784918 4.4647563
5.7741835 1.4794673 4.4650092
5.7748731 1.4802534 4.4655606
5.7746993 1.4797872 4.4671425
5.7745595 1.4799466 4.4678367
5.7761017 1.4800824 4.4677566
1.1469702 0.61862982 1.5460878
1.1462389 0.61976042 1.5465285
1.146037 0.62050087 1.5469047
1.1459517 0.62114101 1.5471566
1.1458519 0.62183345 1.5474227
1.1457726 0.62256115 1.5476892
1.1456678 0.62358126 1.5476981
0 0 0
4.8125895 1.2747327 4.1808113
4.8123949 1.2749356 4.1812166
4.8123257 1.2749751 4.1833846
4.8121525 1.2751707 4.1837864
5.7489596 2.558813 0.55573646
5.7512759 2.5577623 0.55816366
5.7533203 2.5568465 0.56043932
5.7538777 2.5569202 0.56168059
5.7539005 2.5573199 0.56256281
5.7542078 2.5575044 0.56352722
5.753803 2.5573256 0.5638228
5.7540146 2.5577839 0.56491105
5.7544937 2.5577549 0.56506929
5.754956 2.5577182 0.56523801
5.7543407 2.5581179 0.56331669
5.7547612 2.558065 0.56350168
1.2852284 1.8088029 2.1842748
1.2862669 1.8072155 2.1826305
1.2869276 1.8076518 2.1820844
1.2870388 1.8076214 2.1816242
1.2870768 1.8075779 2.181188
1.2870919 1.8075748 2.1807903
1.2871255 1.8076173 2.1804387
1.2871189 1.8085641 2.1804214
0 0 0
3.3370979 2.0788455 3.9758433
3.3369134 2.0786817 3.976203
3.3360891 2.0787819 3.9766943
3.3358638 2.0786531 3.9772173
3.3356088 2.0785343 3.9776921
3.3353693 2.0784011 3.9781021
3.3351375 2.0782441 3.9782977
3.3350345 2.0781665 3.978716
3.3377525 2.0724881 3.9801167
5.5826355 1.2197668 2.5275839
5.5780668 1.2177901 2.5327196
5.578613 1.2189068 2.531147
5.5768267 1.2176106 2.5323776
5.5753663 1.2176954 2.53267
5.5749543 1.2174621 2.5327411
5.5744801 1.2169422 2.5328556
5.5741677 1.2168315 2.5328721
5.5739032 1.2166907 2.5328068
5.5737783 1.2165591 2.5327238
5.5740894 1.2163699 2.5325039
5.5741823 1.216201 2.5326043
5.5743318 1.2170104 2.5324786
5.5744651 1.2178206 2.5324867
5.5745521 1.2185009 2.532359
5.5747379 1.2193412 2.5319387
5.5746717 1.2205187 2.5298033
3.7769954 1.0424616 2.2889346
3.7778561 1.0438243 2.2885968
3.7784493 1.0440009 2.2880076
3.7786976 1.0441059 2.2870916
3.7788593 1.0439306 2.2868772
3.7788676 1.0437061 2.286762
3.7788506 1.0433393 2.286795
3.7786309 1.042967 2.2868092
3.7783359 1.0425939 2.2868758
3.7779766 1.0422305 2.2869951
3.7766584 1.0413537 2.2884533
3.7754519 1.0416931 2.2898754
3.7753383 1.0416741 2.2898339
3.7758855 1.0420875 2.2872581
3.7761576 1.0423258 2.2871682
3.776923 1.0422718 2.2872369
3.7773031 1.0427003 2.2871866
3.7777715 1.0431777 2.287143
3.7783229 1.043791 2.287064
3.7788576 1.0442832 2.2869528
5.2602831 1.917455 1.4542924
5.2603984 1.9183831 1.4543607
5.2607933 1.9198918 1.4539255
5.2607691 1.9200943 1.4540994
5.2603965 1.9200225 1.4545368
5.2601909 1.9200408 1.4547499
5.2601663 1.9200928 1.4547387
5.2601702 1.9199737 1.4547743
5.2601679 1.9198563 1.4546387
5.2602963 1.9197871 1.4546108
5.2605435 1.919704 1.4545846
5.2608497 1.919663 1.4545354
5.2612409 1.9196251 1.4544849
0 0 0
0 0 0
3.12098 1.0365635 5.8848019
3.121224 1.0362817 5.8850945
3.1214598 1.0359823 5.8853962
3.1216867 1.0356735 5.8856949
3.1219039 1.0353559 5.8859312
3.1221017 1.0350672 5.8860703
3.1222919 1.0349133 5.8860027
3.1221974 1.0350116 5.8857389
3.1208751 1.0346931 5.8857413
3.1215289 1.0339584 5.8854866
3.931655 2.5110536 0.19705452
3.9305608 2.511935 0.19728415
3.9294026 2.5125416 0.19657175
3.9283359 2.513037 0.1958873
3.9272971 2.5134874 0.19523637
3.9262091 2.5139556 0.19454526
4.6530511 2.5561998 4.6028304
4.6531368 2.5566197 4.6036438
4.6532749 2.5570725 4.6045069
4.6533713 2.5576326 4.6052994
4.6535776 2.5583244 4.6064953
4.654062 2.5569584 4.6076764
5.7743321 1.47851 4.4674551
5.7743864 1.4785114 4.4668449
5.774436 1.4785317 4.4662293
5.7744834 1.47856 4.4656656
5.7745307 1.4786024 4.4651813
5.7745731 1.4786718 4.4648067
5.7741243 1.4788817 4.4644494
5.7734349 1.4796049 4.4649297
5.7735405 1.4794254 4.4653994
5.7740981 1.479915 4.467582
5.7743721 1.4800076 4.4678112
1.1456823 0.61975751 1.5470273
1.1458258 0.61985076 1.5472209
1.1457116 0.62017539 1.5475123
1.1455669 0.62066092 1.5478243
1.1454317 0.62120384 1.5481034
1.1453231 0.62179424 1.5483348
1.1452113 0.62246056 1.5485317
1.1450293 0.6233605 1.5485042
1.143025 0.62163563 1.5494152
0 0 0
5.7417608 2.5614873 0.55026568
5.7457049 2.560404 0.55300179
5.7474583 2.5595788 0.55468547
5.749174 2.558755 0.55636676
5.7506233 2.5581084 0.55809346
5.7519244 2.5575198 0.55973584
5.7523149 2.557543 0.56068423
5.7522833 2.5577486 0.56139681
5.7529899 2.5577726 0.56250573
5.7527878 2.5576763 0.56288344
5.7529512 2.5578979 0.56386502
5.7536836 2.5579509 0.56443621
5.754432 2.5579838 0.56494031
5.7559547 2.5577805 0.56592579
5.759745 2.554224 0.56563695
1.2869948 1.8080863 2.1824852
1.2873044 1.8075709 2.1822473
1.2873553 1.8074938 2.1819697
1.287376 1.8074423 2.181724
1.2873963 1.8074046 2.181472
1.2874242 1.8074026 2.1812202
1.2874452 1.8074705 2.1810054
1.2880966 1.8077025 2.1817377
1.2885072 1.8057773 2.1774245
1.2872367 1.8075174 2.1758935
3.3376761 2.0798128 3.9738059
3.3362872 2.0788031 3.976268
3.3360152 2.0786644 3.9768195
3.335736 2.0785216 3.9773603
3.3354819 2.0784165 3.9778883
3.3352105 2.0783437 3.9778748
3.3349922 2.0782215 3.9783246
5.5753275 1.2170658 2.5341723
5.5763646 1.2176075 2.5331356
5.5764826 1.2177295 2.5328329
5.57643 1.2178022 2.5326222
5.5762297 1.2178051 2.5324982
5.575336 1.2177312 2.5323556
5.5746767 1.217615 2.5328223
5.574219 1.2173923 2.5329607
5.5738284 1.2171354 2.5330089
5.5735669 1.2167888 2.532812
5.5733861 1.2167305 2.5327442
5.5737867 1.2160962 2.5326525
5.5740413 1.2161816 2.5326183
5.5741401 1.2167905 2.5323452
5.5744224 1.2178137 2.5320467
5.5745711 1.2184508 2.5317827
5.5746845 1.2193719 2.5315114
0 0 0
3.7778775 1.0428394 2.2882401
3.77819 1.0434935 2.2880888
3.7784535 1.0436189 2.2877514
3.7787134 1.0436953 2.2874102
3.7788761 1.0436853 2.287125
3.7789076 1.0433975 2.2868588
3.7787861 1.0431182 2.2868153
3.7786787 1.0427033 2.2868239
3.7783585 1.0423675 2.2868923
3.7778951 1.0420194 2.2870934
3.7767724 1.0406536 2.2885187
3.7753375 1.0415424 2.2899592
3.7751999 1.0415226 2.2899556
3.7755365 1.0414435 2.2881204
3.7762783 1.0417597 2.2874881
3.7767325 1.0421123 2.2873495
3.7771824 1.0425111 2.287219
3.7777049 1.0429664 2.2870715
3.7782907 1.0434316 2.2869056
3.7788629 1.0438593 2.2867225
5.2606053 1.9172981 1.4540271
5.2606051 1.9181219 1.4542358
5.2606338 1.9192742 1.4542674
5.2606103 1.9196307 1.454504
5.2606315 1.9198589 1.4546243
5.2604788 1.9198422 1.4548121
5.260476 1.9199225 1.45493
5.2604642 1.9199764 1.4550072
5.2604884 1.9199925 1.4549804
5.2605913 1.9199618 1.4549844
5.2607261 1.9199456 1.4549695
5.2609161 1.9199488 1.4549437
5.2610813 1.9199389 1.4548718
3.1211373 1.0359211 5.8852019
3.121352 1.0360056 5.8852943
3.1215038 1.0360403 5.8853756
3.1216475 1.0360024 5.8854999
3.1217765 1.0358628 5.885683
3.1219024 1.0356766 5.8858767
3.1220407 1.0354661 5.886026
3.1221208 1.0352128 5.8859225
3.122354 1.0350642 5.8858384
3.1225717 1.0350087 5.8855548
3.1228407 1.0349961 5.8852184
3.1232578 1.0351613 5.8845482
3.1243184 1.0355299 5.883249
3.1247088 1.0359606 5.8831313
3.9287191 2.5131279 0.19594537
3.9274778 2.5136343 0.19511673
3.9262448 2.5141285 0.19430392
3.9250002 2.5146213 0.19348129
4.6546013 2.5557683 4.6038234
4.6542524 2.556205 4.6043988
4.6538623 2.5566761 4.6049223
4.6532347 2.557667 4.6053302
4.6532199 2.5582263 4.6064763
4.6531847 2.5588256 4.607627
5.7742916 1.4793229 4.4674875
5.7741726 1.4792194 4.4668731
5.7740458 1.4791379 4.4662426
5.7739294 1.4790657 4.4656612
5.7738245 1.479017 4.4651593
5.7737551 1.4789895 4.4647418
5.7732173 1.4786916 4.4636675
5.7727283 1.4797741 4.4644101
5.7723663 1.479191 4.4650723
5.7745108 1.4790949 4.4667461
1.1453179 0.62086958 1.547264
1.1452029 0.62033557 1.54785
1.1450899 0.62041999 1.5481819
1.1451088 0.62060432 1.5484594
1.1450043 0.62090129 1.5487617
1.1448878 0.62130665 1.5490147
1.1447415 0.62180371 1.5492251
1.1446174 0.62236738 1.5493538
1.1448637 0.62300409 1.5489513
1.1446538 0.62349065 1.54866
5.7447497 2.5610372 0.55183141
5.7459641 2.5604007 0.5531311
5.7471904 2.5598112 0.55444247
5.748308 2.5592254 0.55568921
5.7493762 2.5587076 0.55694434
5.7502408 2.5582745 0.55812976
5.7508959 2.5579974 0.55916702
5.7512211 2.5579005 0.55995845
5.7510617 2.5579613 0.56047918
5.7517448 2.5582324 0.56190412
5.751886 2.5580621 0.56262115
5.7524021 2.5581802 0.56337877
5.7534173 2.5583892 0.56400745
5.7543325 2.5585473 0.56488422
5.7546148 2.5578953 0.56387572
5.7571262 2.5542782 0.56361137
1.2879821 1.8079134 2.1816507
1.2879719 1.8078507 2.1816331
1.2877534 1.8072667 2.1817653
1.2877479 1.8071959 2.1817136
1.2877297 1.8071757 2.1816623
1.2877065 1.8072181 2.1816068
1.2877186 1.8073167 2.1815219
1.2877592 1.8074958 2.1814648
1.2876057 1.8078174 2.1812102
1.2876002 1.8080991 2.1812119
1.2876159 1.8083926 2.1812165
3.3364939 2.0788328 3.9757612
3.3361502 2.0786961 3.9764333
3.3357988 2.0785534 3.9771233
3.3354598 2.0784211 3.9777878
5.5735192 1.2162798 2.5348825
5.5742701 1.2167124 2.5343931
5.5749852 1.2171056 2.5338879
5.5756283 1.2175164 2.5332719
5.5757952 1.217746 2.5329767
5.5757954 1.2180122 2.5326978
5.5757639 1.2182431 2.5324585
5.5750223 1.2178198 2.532347
5.5744352 1.2177536 2.5328218
5.5740411 1.2175448 2.5329026
5.5736881 1.2173076 2.5329632
5.5733342 1.2169643 2.53273
5.573184 1.2168758 2.5326421
5.573354 1.2167785 2.5324308
5.5735502 1.2169814 2.5327395
5.5740073 1.2168819 2.5321308
5.5744081 1.2177223 2.5316122
5.5745536 1.2183625 2.5313492
5.5745946 1.2192654 2.5310542
5.5728005 1.2176338 2.5327803
3.7781023 1.0426486 2.2879376
3.7781599 1.0434166 2.2880605
3.7784432 1.0434835 2.2877549
3.7786879 1.0434944 2.2874811
3.7788282 1.043452 2.2871337
3.7788937 1.0430958 2.2869507
3.7787583 1.0428504 2.2868552
3.7786981 1.0424239 2.2868137
3.7783866 1.0421083 2.2868279
3.7781804 1.0415862 2.286906
3.7767708 1.0405622 2.2885094
3.774299 1.0414878 2.289031
3.7741383 1.0414722 2.2890221
3.7755174 1.04138 2.2882023
3.7762665 1.0416811 2.287501
3.7766206 1.0419567 2.2873787
3.7771002 1.0423284 2.2871792
3.7776441 1.0426731 2.2869837
3.7782288 1.0430301 2.2867541
3.7788239 1.0433528 2.286527
5.2607207 1.9177154 1.4538724
5.260808 1.9179824 1.4541637
5.2607097 1.9190634 1.4541986
5.2607383 1.91929 1.4545172
5.2607469 1.9195337 1.4547835
5.2607853 1.9197285 1.4549743
5.2608461 1.9198639 1.4551592
5.2609203 1.9199393 1.4552638
5.260973 1.9199766 1.4553519
5.261028 1.9200076 1.4554092
5.260991 1.9201578 1.4553697
5.2610076 1.9202096 1.4553711
0 0 0
3.1215823 1.0360896 5.8860678
3.1217976 1.0360231 5.8858225
3.1219071 1.0359634 5.8857657
3.1219842 1.0358841 5.8858272
3.122037 1.0357796 5.8859368
3.1220693 1.0356965 5.886078
3.1221345 1.035579 5.8861423
3.1220219 1.035387 5.8861058
3.1222714 1.0352453 5.8859191
3.1224374 1.0352126 5.885688
3.1226457 1.0352459 5.8853861
3.1229568 1.0352427 5.8847751
3.123507 1.0355454 5.8842122
3.1241352 1.0358259 5.8837664
3.1227944 1.036184 5.8848016
3.1223997 1.0361456 5.8852568
3.1224461 1.0360391 5.8871802
3.1216693 1.0351573 5.887683
3.1214714 1.0352755 5.8877654
4.6591399 2.5568878 4.6100924
4.6543632 2.5562777 4.6050939
4.6506049 2.5568735 4.6004987
4.6528761 2.5582078 4.6064176
4.6528111 2.5590868 4.6080893
5.7708462 1.4807908 4.4702398
5.7739185 1.4799195 4.4667767
5.7736515 1.4797053 4.4662171
5.7733509 1.4795558 4.465672
5.7730676 1.4794338 4.4651641
5.7728286 1.4793214 4.4646966
5.772236 1.4789624 4.4635313
5.772283 1.4781712 4.4634454
5.77144 1.4792742 4.4649529
0 0 0
1.1454514 0.62234869 1.5454315
1.1447492 0.6208527 1.5486608
1.1446655 0.62084113 1.5489851
1.144576 0.6209313 1.5493174
1.1444702 0.62111982 1.5496128
1.1443108 0.6214237 1.5498756
1.1441444 0.62180324 1.550065
1.143949 0.62248092 1.5502432
1.1442985 0.62279678 1.5496016
1.1442629 0.62343225 1.5495778
5.7472956 2.5600197 0.55388372
5.7479591 2.5596368 0.55484063
5.7485585 2.5592539 0.55575552
5.7491202 2.5589123 0.55664732
5.7495622 2.5586277 0.55745607
5.7499427 2.5584385 0.55822288
5.750164 2.5583122 0.55885493
5.7500981 2.558339 0.5590142
5.7491342 2.5585321 0.55931508
5.7493299 2.5584806 0.55980777
5.7505188 2.5575868 0.56062759
5.7495353 2.5571186 0.55932746
5.7513773 2.5577911 0.5611986
5.7524531 2.5581592 0.56221574
5.7537326 2.5583727 0.56340142
5.7554648 2.558637 0.56509739
1.2884565 1.807781 2.1810308
1.2883991 1.807693 2.181217
1.2882723 1.8076281 2.1814192
1.2880988 1.8069705 2.1817093
1.2879895 1.8069707 2.181853
1.2879393 1.8070201 2.1819485
1.2879031 1.8071419 2.1819775
1.287888 1.8073212 2.1819355
1.2876406 1.8076718 2.1818511
1.2875766 1.8079525 2.1816419
1.2875154 1.8082298 2.1816232
1.2874201 1.8085441 2.181606
1.2873098 1.8088506 2.1816055
5.5741494 1.2155735 2.5328367
5.5734853 1.2159303 2.5338544
5.5736427 1.2164672 2.5341449
5.5741833 1.2168246 2.5339046
5.57471 1.2171608 2.5336
5.5750983 1.217454 2.5332865
5.5753015 1.2177009 2.5330342
5.5753846 1.21804 2.5327478
5.5753831 1.2182659 2.532413
5.5747704 1.2178369 2.5322595
5.5742903 1.2178878 2.5327096
5.5739203 1.2176913 2.5328379
5.5735957 1.2175058 2.5328306
5.5726268 1.2167489 2.5325418
5.5730137 1.2170106 2.532134
5.5729191 1.2170474 2.5320105
5.5732555 1.2171832 2.5313497
5.5745159 1.2170372 2.5309087
5.5751411 1.2177089 2.5306957
5.575134 1.2182394 2.5303521
5.5750009 1.2187735 2.5302308
5.5727849 1.2173063 2.5322438
3.7779332 1.0424303 2.2879942
3.7779425 1.0429536 2.2881503
3.7784081 1.0432569 2.287775
3.7786723 1.0432582 2.2875286
3.7788092 1.0431978 2.2871382
3.7788266 1.042841 2.2869705
3.7790135 1.0421994 2.2867802
3.7787918 1.0419961 2.2867135
3.7784534 1.0418208 2.2866847
3.7781014 1.0415739 2.2866768
3.777484 1.0409222 2.2867753
3.7751872 1.0413805 2.2868336
3.7750212 1.0414483 2.2868907
3.775001 1.0416461 2.2867928
3.7763321 1.0416198 2.2874482
3.7765874 1.0418208 2.2873457
3.777136 1.0421758 2.2870552
3.7776105 1.0423883 2.2868671
3.7781639 1.0425992 2.2866206
3.7787285 1.0428146 2.2863683
5.2595179 1.9178445 1.4525388
5.2606193 1.9186154 1.453675
5.2607641 1.9189419 1.4541033
5.2608344 1.9192165 1.4544821
5.2609238 1.9194433 1.4548165
5.2609941 1.9196462 1.4550939
5.2611058 1.9197831 1.455322
5.261208 1.9199017 1.4555092
5.2613069 1.9199734 1.455656
5.2613817 1.9200729 1.4558028
5.2614919 1.9203536 1.4556729
3.1210932 1.0378993 5.8885223
3.1220645 1.0367175 5.8878014
3.122212 1.0364157 5.8869629
3.122197 1.0360075 5.8862326
3.1222324 1.0358969 5.8861228
3.1222524 1.035825 5.8861232
3.12226 1.0357649 5.8861901
3.122223 1.0357233 5.8862671
3.1221751 1.0356905 5.886343
3.1219724 1.0354524 5.8863988
3.1221448 1.0354147 5.886114
3.1222477 1.0354159 5.8858895
3.1223903 1.0354384 5.8856284
3.1225517 1.0355171 5.8853353
3.1226405 1.0355745 5.8851347
3.1226096 1.0356831 5.8850918
3.1224375 1.0356333 5.8853091
3.1221758 1.0355797 5.8856344
3.1223454 1.0354808 5.8866203
3.1219709 1.0353267 5.8869544
3.1216074 1.0351212 5.8872231
0 0 0
0 0 0
4.646475 2.5582083 4.5946881
4.6527001 2.5588377 4.6042272
4.6526305 2.5600835 4.6065691
0 0 0
5.7738497 1.4802737 4.4666238
5.7732902 1.4801701 4.4661293
5.7720736 1.4797082 4.4657107
5.7715638 1.4796206 4.465222
5.771272 1.4797569 4.4646853
5.7709678 1.4796705 4.464109
0 0 0
1.145336 0.62361802 1.5442982
1.1453332 0.62321556 1.5444894
1.1446659 0.62147301 1.5464912
1.1443781 0.62126883 1.5493549
1.1442429 0.62119616 1.5497095
1.1441153 0.62120546 1.5500493
1.1439456 0.62132274 1.5503656
1.143776 0.62153218 1.5506089
1.1435417 0.62184195 1.5508353
1.1433011 0.62224365 1.5510123
1.1429946 0.62261768 1.5511476
1.1432344 0.62327977 1.5506139
5.7498363 2.5590087 0.55596866
5.749807 2.5588685 0.55645955
5.7498303 2.5587553 0.5569886
5.7497722 2.5585878 0.55747539
5.7497717 2.5585426 0.55797186
5.7497414 2.5585379 0.55841151
5.7512591 2.5600259 0.55955652
5.7513122 2.5600174 0.56000364
5.7483116 2.5588108 0.55875842
5.7484768 2.5588142 0.55923361
5.748161 2.5573553 0.5578751
5.7487654 2.5574315 0.55872092
5.7498688 2.5578131 0.55991367
5.7514659 2.5585853 0.56146459
5.7524386 2.5590355 0.56255473
5.7542889 2.5594464 0.56466602
1.2893803 1.8074177 2.1803721
1.2888459 1.8075509 2.1807995
1.2886108 1.8074611 2.1812068
1.2884515 1.8072657 2.181325
1.2888234 1.8060422 2.1811417
1.2880771 1.8068414 2.1822428
1.2880039 1.8069744 2.1823402
1.287923 1.8071707 2.1823454
1.2876869 1.807493 2.1822376
1.2875864 1.80776 2.1820802
1.287469 1.8080531 2.1818673
1.2873408 1.8083288 2.1816631
1.28724 1.8086273 2.1814735
5.5727785 1.2150743 2.5333861
5.5735913 1.216307 2.5332444
5.5738324 1.2166382 2.5333881
5.5741642 1.216962 2.5334027
5.5745038 1.2172154 2.5333051
5.5747597 1.2174648 2.533165
5.5749282 1.2176683 2.5330033
5.5750672 1.2180615 2.5326652
5.5750853 1.2182913 2.5323774
5.5745698 1.2179003 2.5321933
5.5742146 1.2179726 2.5325784
5.5738831 1.2178352 2.5327018
5.5736011 1.2176299 2.5326985
5.5725828 1.216942 2.5323354
5.5729815 1.2171967 2.531925
5.5728853 1.2171964 2.5317672
5.5732072 1.2172664 2.5311628
5.5744485 1.2170466 2.5306854
5.5753074 1.2179099 2.5303005
5.5755226 1.2183178 2.5298065
5.5757454 1.2187555 2.5293092
3.7775767 1.0433301 2.286837
3.7778146 1.0432736 2.2867658
3.7780689 1.0431957 2.2879592
3.7783075 1.043154 2.2877719
3.7785789 1.0430695 2.287506
3.7788445 1.0429951 2.2870758
3.7787262 1.0426261 2.2869639
3.7786529 1.0419983 2.2869778
3.7784559 1.0418214 2.2868458
3.7778268 1.041852 2.2869389
3.7763479 1.0415972 2.2863252
3.7757038 1.0415158 2.2865471
3.775449 1.0414335 2.2866147
3.7752556 1.0414849 2.2866726
3.7752124 1.0416623 2.2866405
3.7765011 1.0416109 2.2872911
3.7767036 1.0417198 2.2872291
3.7770957 1.0421306 2.2869667
3.7774292 1.042008 2.2864874
3.7780814 1.0421965 2.2864922
3.7786017 1.042268 2.2862623
5.2600524 1.9180906 1.4530504
5.2606992 1.9187231 1.4535352
5.2607869 1.9189889 1.4539918
5.2608892 1.9192247 1.4544259
5.2609982 1.9194317 1.4548168
5.2611446 1.9195902 1.4551581
5.2612852 1.9197288 1.4554546
5.2614511 1.9198414 1.4556984
5.2615937 1.9199882 1.4559265
5.2621213 1.920259 1.456604
3.1223279 1.0346284 5.8907679
3.1219546 1.0364271 5.8885998
3.1221505 1.0363526 5.8878212
3.1223088 1.0361978 5.8871625
3.1224043 1.0359645 5.8866386
3.1224435 1.0358643 5.8864374
3.1224294 1.0357973 5.8863972
3.1223787 1.0357659 5.8864147
3.1223048 1.0357322 5.8864403
3.1219774 1.0356431 5.886648
3.1218953 1.0356476 5.8866119
3.121881 1.0356819 5.8864646
3.1219782 1.0355785 5.8862004
3.1220787 1.0355909 5.8859484
3.1221758 1.0355914 5.8857111
3.1222155 1.0355755 5.885546
3.122145 1.0355108 5.8855465
3.1220347 1.0354248 5.8856352
3.1218627 1.0353292 5.8858423
3.1221481 1.0352734 5.8866477
3.121863 1.035095 5.8868324
3.1215938 1.0348882 5.8868374
3.1217917 1.0344031 5.8862521
3.1215888 1.0340785 5.8858922
3.1210401 1.0336848 5.8858582
4.6618106 2.5588411 4.6091577
4.6570488 2.5618917 4.6105988
0 0 0
5.7755566 1.4788532 4.4702689
5.7752486 1.478043 4.4687778
5.7715352 1.4802171 4.4657297
5.7708511 1.4801447 4.465267
5.7702215 1.4800789 4.46474
1.1441869 0.62365464 1.5483811
1.1443248 0.62336554 1.5481716
1.1445174 0.62305477 1.5479566
1.143246 0.62188139 1.5492291
1.1447601 0.62168604 1.5489673
1.1440571 0.62161979 1.5499388
1.1438955 0.62148654 1.5502973
1.1436822 0.621445 1.5506684
1.1434947 0.6214787 1.5509568
1.1432638 0.62161956 1.5511918
1.1430052 0.62181742 1.5514322
1.1422702 0.62265834 1.5518343
1.1417886 0.62238464 1.5519399
1.1415352 0.62260942 1.5519263
5.7528138 2.5580489 0.55849434
5.7515774 2.558138 0.55804974
5.7507967 2.5582826 0.55799259
5.7502968 2.5583257 0.55817755
5.7499066 2.558449 0.55839227
5.7495277 2.5600716 0.55808842
5.7509091 2.5601871 0.55956988
5.7508427 2.5602663 0.55985123
5.7457434 2.5593604 0.55547077
5.7453824 2.5580633 0.55555909
5.7474821 2.5573913 0.55762526
5.7479426 2.5575734 0.55821283
5.7485588 2.5577347 0.55895215
5.7496137 2.5585475 0.55959421
5.751328 2.5594838 0.56174219
1.290258 1.8076257 2.1790444
1.2898657 1.807376 2.1797747
1.2892497 1.807435 2.1804747
1.2884788 1.8069208 2.1804682
1.288685 1.8070989 2.1812496
1.2891633 1.8057 2.1812452
1.2881503 1.8067259 2.1825172
1.2880297 1.8068436 2.1826321
1.2879072 1.807041 2.1826581
1.2877207 1.80733 2.1825796
1.2875801 1.8075967 2.1823831
1.2874028 1.8078326 2.1820535
1.2872682 1.8081169 2.1816854
1.2871086 1.8083529 2.1813116
5.573748 1.2249591 2.5306605
5.5722353 1.2197006 2.5320193
5.5739019 1.2167396 2.531853
5.5742599 1.2171259 2.5328614
5.5744545 1.2173148 2.532934
5.574606 1.217481 2.5329299
5.5747111 1.2176696 2.5328674
5.5748538 1.2182249 2.5324546
5.5748232 1.2183193 2.5323373
5.5744886 1.218079 2.5324667
5.5742429 1.2180764 2.5323903
5.5744889 1.2179018 2.5320754
5.5741349 1.217811 2.5318076
5.573361 1.2179072 2.5317178
5.5731786 1.2178203 2.5316079
5.5731598 1.2177727 2.531356
5.5731494 1.2177869 2.5310823
5.5730475 1.2177069 2.5311249
5.572851 1.2183583 2.530295
5.5734931 1.2190224 2.5288862
5.573748 1.2194008 2.5283607
3.7779234 1.0433306 2.2862441
3.7780348 1.0432448 2.2863375
3.7783045 1.0431591 2.2874692
3.7784094 1.0430589 2.2875007
3.7785428 1.0429464 2.2874019
3.7788672 1.04283 2.2869969
3.7786202 1.0425213 2.2869
3.7785023 1.0423608 2.2867599
3.777936 1.0421373 2.2868426
3.7777305 1.0420151 2.2867621
3.7767213 1.0420551 2.2861834
3.776442 1.0420365 2.2862571
3.7761788 1.042079 2.2863591
3.7759819 1.0421214 2.2864813
3.7760209 1.0423459 2.2871038
3.7766301 1.04207 2.2870498
3.77674 1.0421112 2.2869705
3.7768962 1.0420805 2.2868747
3.7771101 1.0419518 2.2864274
3.7780328 1.0418471 2.2863777
3.7784392 1.0418007 2.2861796
5.2600765 1.9182286 1.4528414
5.2606855 1.918907 1.4533499
5.2607538 1.919137 1.4538572
5.2608552 1.9193164 1.4543299
5.2610036 1.9194737 1.4547729
5.2611767 1.9195902 1.4551731
5.2613898 1.9196936 1.4555312
5.2616055 1.9198114 1.4558522
5.2618317 1.9199394 1.4561786
5.2626853 1.9197645 1.4559242
3.1210495 1.0339961 5.8903842
3.1219901 1.0360925 5.8884888
3.1222217 1.0360864 5.8878081
3.1223833 1.036006 5.8872772
3.1224936 1.0358959 5.8869305
3.122533 1.0358349 5.8867418
3.1225013 1.0358113 5.8866688
3.1224082 1.0358023 5.8866901
3.1222845 1.0358362 5.8867252
3.1218452 1.0357498 5.8869431
3.1217059 1.0358037 5.8869213
3.1216245 1.0358395 5.8868125
3.1216801 1.0358973 5.8866175
3.1217101 1.0358759 5.8864442
3.121708 1.0357148 5.8863087
3.1224225 1.0360629 5.8857475
3.1217157 1.0353724 5.8859104
3.1216309 1.0351865 5.8859297
3.1215333 1.0349224 5.8859792
3.1213985 1.0346286 5.8860883
3.1212666 1.0344059 5.8861247
3.1214824 1.0344902 5.8863095
3.1213393 1.0343619 5.8861619
3.1212031 1.0342272 5.8859397
3.1210785 1.0340812 5.8856559
3.1203931 1.0354603 5.8833676
3.119741 1.0368586 5.8810491
5.7770804 1.4781633 4.4687988
5.7759402 1.4782335 4.4686583
5.7748112 1.4782855 4.4684958
5.771496 1.4771808 4.4706641
1.1424971 0.6239536 1.5524584
1.1425811 0.62360045 1.5521377
1.1442866 0.62370874 1.5488569
1.1442908 0.6234923 1.5486135
1.1442325 0.62324472 1.5486422
1.1440834 0.62300127 1.5488587
1.1441442 0.62208183 1.5501191
1.1438866 0.62187927 1.5504601
1.1436086 0.62172599 1.5508197
1.1433594 0.62162168 1.5511303
1.1430708 0.62159769 1.5514247
1.1430803 0.62198837 1.5514258
1.1427701 0.62205076 1.5515775
1.1414769 0.62308935 1.5520049
1.1404967 0.62278891 1.5517124
1.140235 0.62288553 1.5516598
1.1400458 0.62443673 1.5595514
5.7510341 2.5558538 0.55626128
5.7516436 2.5575098 0.55750622
5.7509934 2.5578884 0.55755194
5.7507467 2.5584785 0.55802238
5.7541118 2.5603071 0.56159951
5.7538565 2.5604923 0.56176521
5.750903 2.5610152 0.56012264
5.7487284 2.561028 0.55817388
5.7459701 2.5578132 0.55544945
5.7470422 2.5577252 0.55735034
5.7474191 2.5579221 0.55782362
5.7472887 2.5584387 0.55779452
5.748589 2.5589644 0.55877434
5.7568889 2.5632429 0.56682309
1.2902635 1.8076838 2.1790117
1.2899591 1.8073329 2.1796325
1.289287 1.805816 2.1790692
1.2890051 1.8054592 2.1796868
1.28898 1.8048954 2.1812434
1.2888072 1.804869 2.1816759
1.2875578 1.8072808 2.1819524
1.2874541 1.8074322 2.1821998
1.2873704 1.8076477 2.1823245
1.2875243 1.8072089 2.1826794
1.2874364 1.8074692 2.1824641
1.287349 1.80772 2.1821235
1.2872255 1.8079694 2.1816712
1.2870857 1.8081965 2.1811044
1.2868995 1.8083923 2.1805168
5.5740591 1.2168673 2.5311287
5.5741536 1.2169655 2.5312898
5.5744126 1.2173089 2.5323798
5.5745237 1.2174094 2.5325176
5.5746307 1.217538 2.5325868
5.5747107 1.2176336 2.532596
5.5747182 1.218193 2.5323174
5.5746954 1.2182777 2.5322485
5.5744452 1.2181012 2.5323477
5.5740538 1.2181855 2.5317503
5.573932 1.2182098 2.5316483
5.5737496 1.2181443 2.5315668
5.5735231 1.218061 2.5314964
5.5733757 1.2179458 2.5313848
5.5732898 1.2178736 2.5312265
5.573241 1.217807 2.5310682
5.5731138 1.2175818 2.5310679
5.5733149 1.21767 2.5304256
5.5734161 1.2177221 2.5301291
5.5735213 1.2178528 2.5294791
3.7782729 1.0433139 2.285677
3.7783099 1.0432126 2.2858855
3.7785076 1.043104 2.2870901
3.7785352 1.0430124 2.287212
3.778562 1.0428906 2.2872404
3.7786255 1.0427179 2.2869451
3.7786215 1.0425245 2.2867887
3.778602 1.0423628 2.2866193
3.7781412 1.0421207 2.2866329
3.7779973 1.0420373 2.2865197
3.7773714 1.0421075 2.2858747
3.7772154 1.0420812 2.2858295
3.7775594 1.0423584 2.2858576
3.7772857 1.0431338 2.2852397
3.7774578 1.0436966 2.2858387
3.7772022 1.0428983 2.2865379
3.7769194 1.0423964 2.2865927
3.7775179 1.0422226 2.2859987
3.7779166 1.0422087 2.2855533
3.7781489 1.0421244 2.2854074
3.7784417 1.0419954 2.2849983
0 0 0
5.2606181 1.9192043 1.4531784
5.260675 1.9193414 1.4536954
5.2607645 1.9194859 1.4542091
5.2609185 1.919576 1.4546937
5.2611215 1.9196556 1.4551336
5.2613735 1.9196994 1.4555638
5.261689 1.9197869 1.4559561
5.2620264 1.9198812 1.4563979
3.1209761 1.0348657 5.8905792
3.1214065 1.0349329 5.8899009
3.1220944 1.0352511 5.8882622
3.1223201 1.035372 5.8877247
3.1225102 1.035487 5.8873311
3.1224834 1.035785 5.8871483
3.1225183 1.0358234 5.8869991
3.1224787 1.0358461 5.8869417
3.1223614 1.0358696 5.8869527
3.1217387 1.0358065 5.8873829
3.1215913 1.0358635 5.8873734
3.1214669 1.0359251 5.8872972
3.1213517 1.036011 5.8871341
3.121335 1.0360066 5.8869832
3.1213762 1.0360141 5.8867974
3.121474 1.0357937 5.8868673
3.1220629 1.0360529 5.886065
3.1213302 1.0352407 5.8862578
3.1213228 1.0349242 5.8861942
3.121251 1.0346612 5.8861988
3.1211896 1.034482 5.8861986
3.1211326 1.0343144 5.8861824
3.1214435 1.0345027 5.8862929
3.1213655 1.0344544 5.886169
3.1212833 1.0344449 5.8859956
3.121174 1.0344456 5.8858051
3.1212629 1.0349949 5.884394
3.1213027 1.0355389 5.8829958
3.1213241 1.0360737 5.8816168
1.1432677 0.62620046 1.5517299
1.1433834 0.62590094 1.5515467
1.1432622 0.62462612 1.5517868
1.1428605 0.62386342 1.5523801
1.1428323 0.62359252 1.5522179
1.1443628 0.62370079 1.5492624
1.144324 0.62357225 1.5489698
1.144211 0.62336077 1.549049
1.143967 0.62308807 1.5493134
1.1438307 0.62223093 1.5500675
1.1436887 0.62206624 1.5508415
1.1433752 0.62189641 1.5511675
1.143027 0.6217709 1.5514856
1.1427391 0.62170521 1.5517339
1.142903 0.62185687 1.5515864
1.1426528 0.62186491 1.5516144
1.141864 0.62170953 1.5520731
1.1405888 0.6222564 1.5520897
1.1396424 0.6224183 1.5524546
1.1398221 0.62420804 1.5596386
5.7494628 2.5574991 0.55243341
5.7518661 2.557159 0.55793261
5.7511357 2.5577584 0.55804519
5.7508459 2.5583197 0.55829122
5.7524289 2.5594415 0.55973898
5.7535599 2.5607163 0.56161453
5.7507308 2.5614407 0.56031021
5.7486706 2.5612406 0.55836676
5.7461475 2.5585873 0.55655994
5.7468734 2.5580101 0.55734358
5.7470937 2.5582584 0.5576152
5.7473064 2.5590037 0.55759785
5.7476202 2.5593574 0.55795246
1.2886493 1.8082068 2.1799806
1.2884117 1.8077045 2.1805164
1.2897514 1.8068491 2.1797342
1.2894224 1.8057173 2.1789758
1.2892033 1.8054752 2.1795808
1.2890966 1.8047845 2.1811123
1.2888885 1.8047682 2.1816103
1.2875735 1.8072073 2.1819542
1.287454 1.807341 2.1822726
1.2874045 1.8075709 2.1824427
1.2874856 1.8071966 2.1828024
1.287459 1.8073387 2.1825892
1.2873586 1.807589 2.1822428
1.2872572 1.8078254 2.18171
1.2871303 1.8080676 2.1810488
1.2870117 1.808286 2.1803773
5.5744758 1.2171496 2.5305312
5.5745142 1.2172005 2.5307832
5.5746184 1.2174683 2.5319083
5.5746783 1.2175308 2.5321003
5.5747411 1.2175824 2.5322452
5.5747692 1.2176669 2.5323226
5.5745382 1.2180234 2.5322058
5.5745317 1.2180812 2.5321851
5.5740744 1.2181607 2.5317941
5.5740304 1.2181972 2.5316568
5.5739513 1.218396 2.5313835
5.5738701 1.2183757 2.5312447
5.573961 1.2182765 2.5311695
5.5736233 1.2180433 2.5311929
5.5735279 1.2179172 2.5311171
5.5734622 1.2178663 2.5310207
5.5732623 1.2174328 2.5310747
5.5732873 1.2172362 2.5309185
5.5733627 1.2170349 2.5307278
5.5733911 1.2170199 2.529984
3.7786263 1.0432762 2.2851306
3.7785771 1.0431718 2.2854843
3.7785297 1.0430396 2.2858587
3.7782108 1.0431924 2.286649
3.7782735 1.0430232 2.2868112
3.7786062 1.0427764 2.2866088
3.7786891 1.0425971 2.2865746
3.7787369 1.0424415 2.2864603
3.7784804 1.0421625 2.2863538
3.7784976 1.04205 2.286198
3.7783575 1.0422537 2.2857648
3.7782524 1.0423312 2.2855532
3.7781891 1.0424318 2.2855373
3.7781532 1.04249 2.2855711
3.7781597 1.0426126 2.2858382
3.778043 1.042593 2.2859277
3.7780335 1.0425732 2.2859456
3.7777673 1.0421525 2.2858467
3.7780788 1.0421441 2.2854517
3.7781625 1.0419562 2.2853512
3.7783017 1.0417661 2.2852089
5.2597229 1.9200381 1.4524384
5.2597895 1.9200864 1.4529602
5.2605367 1.9195964 1.4535239
5.260644 1.9196712 1.4540606
5.2607735 1.9197517 1.4545897
5.2609582 1.9197699 1.4550321
5.2612603 1.9197529 1.4555097
5.2616516 1.9197727 1.4560359
3.1182473 1.0355779 5.89177
3.1211954 1.0346119 5.8897124
3.1214618 1.0348255 5.8891232
3.1221352 1.0350689 5.8879366
3.1223431 1.0352767 5.8875645
3.1225035 1.0354918 5.8873294
3.1224002 1.0357473 5.8872958
3.1224161 1.0358507 5.8872488
3.1223319 1.0359684 5.8873493
3.121803 1.0358819 5.8875915
3.1216148 1.0359197 5.8876625
3.1214337 1.0359621 5.8876852
3.1212731 1.0360219 5.8876304
3.1210169 1.0361819 5.8874033
3.1208698 1.0361658 5.8872735
3.1207855 1.0360553 5.8871264
3.1211285 1.0360058 5.8868485
3.1211213 1.0357761 5.8867156
3.1211341 1.0353753 5.8865152
3.1211055 1.0348207 5.8863684
3.1211132 1.0345997 5.8863003
3.1210991 1.0344186 5.8862492
3.1210458 1.0343253 5.8861669
3.1213446 1.0346001 5.8864376
3.1213642 1.0346273 5.8862773
3.1213131 1.0347224 5.8861692
3.1212955 1.0347801 5.8859549
3.1220556 1.0345203 5.8854559
3.1228315 1.034254 5.8849125
3.1235952 1.0339777 5.8843691
1.1445226 0.62583789 1.5498199
1.1442969 0.62577304 1.5507613
1.14371 0.6244131 1.551502
1.1440211 0.62379753 1.5508436
1.1437285 0.62334808 1.551097
1.1445208 0.62371351 1.5495055
1.1440993 0.62315929 1.5498033
1.1439265 0.62299003 1.5499188
1.1439545 0.62362523 1.5498909
1.1436555 0.62346062 1.5501693
1.1435627 0.62220327 1.551125
1.1431586 0.62204508 1.5514319
1.1427488 0.62184774 1.5517096
1.1422314 0.62164666 1.552041
1.1418888 0.62151707 1.5522102
1.1423593 0.62195513 1.5517064
1.1414639 0.62157251 1.5511455
1.1411953 0.62139308 1.5510046
1.1412942 0.62143076 1.5507298
1.1422147 0.62220927 1.5506202
1.1427376 0.62252379 1.549837
5.7513429 2.5573835 0.55817122
5.7508946 2.5578027 0.55834893
5.7505675 2.5582139 0.55862505
5.7501723 2.5585547 0.55876617
5.7501359 2.5586514 0.55916758
5.7493778 2.559051 0.55900122
5.7492773 2.5592515 0.55891897
5.7482312 2.5589464 0.55782867
5.7483638 2.5592829 0.55779454
5.7484808 2.5598187 0.55791327
5.7484049 2.5601875 0.55789316
5.7467451 2.5617096 0.557499
1.2884796 1.8082716 2.180153
1.2883331 1.8077236 2.1805551
1.2893646 1.8064672 2.1794027
1.2888879 1.8060327 2.180022
1.2886599 1.8057652 2.1805543
1.2884116 1.8056198 2.1810947
1.2881946 1.8055869 2.1815928
1.2875934 1.8069258 2.1821826
1.2874624 1.8070605 2.1825367
1.2873735 1.807238 2.1827791
1.2872495 1.8072084 2.1828896
1.287292 1.8072388 2.1826799
1.2874412 1.8074693 2.182364
1.2873334 1.8077019 2.1818245
1.2872592 1.8079585 2.1810864
1.2873271 1.8085289 2.1798038
1.2871821 1.8088158 2.1789309
5.5771091 1.2180736 2.5301316
5.5742125 1.2179614 2.5321812
5.5751217 1.2179346 2.5324646
5.5749138 1.2178325 2.5318873
5.5747261 1.2178238 2.5319746
5.5746148 1.2179229 2.5320998
5.5745522 1.2179959 2.5321155
5.574548 1.2183635 2.5321919
5.5746129 1.2182875 2.531973
5.5750034 1.2183066 2.5317904
5.5739288 1.2180865 2.5314207
5.5742382 1.2183576 2.5310411
5.5740426 1.2184004 2.5312654
5.5740159 1.2182233 2.5310739
5.5737222 1.2179081 2.5310005
5.5735155 1.2173302 2.53117
5.5734498 1.2169492 2.5311248
5.5733343 1.2165156 2.5311382
5.5701935 1.2127208 2.5324524
3.7789556 1.0432218 2.2846032
3.7788679 1.0431499 2.2850543
3.7787701 1.0430564 2.2855142
3.7784037 1.043259 2.2863154
3.7784634 1.0431357 2.2865653
3.77875 1.0428536 2.2864064
3.7788561 1.0427149 2.2863656
3.778989 1.0425761 2.2862065
3.7788402 1.0423808 2.2858131
3.7789006 1.0422816 2.2855772
3.7789095 1.0422139 2.2853964
3.7791683 1.0423536 2.2830785
3.7788078 1.0425246 2.2852865
3.7787732 1.0425467 2.2853282
3.7787408 1.0426144 2.285554
3.778615 1.042602 2.2856447
3.7784587 1.042516 2.2857309
3.7783528 1.042361 2.2857262
3.7782464 1.0421306 2.2853569
3.7782014 1.0419181 2.2852852
3.7783175 1.041594 2.285247
5.2595915 1.920488 1.4522527
5.2596976 1.9203984 1.4527906
5.2601116 1.9203222 1.4535153
5.2601466 1.9200334 1.4531125
5.2604613 1.919963 1.4542911
5.2607076 1.9199787 1.454866
5.2608901 1.920146 1.4554469
3.122221 1.0334036 5.8925568
3.1230762 1.0340955 5.8907417
3.1214579 1.0343761 5.8887051
3.1216195 1.0346449 5.8883757
3.1217595 1.0349016 5.888035
3.1218894 1.0351346 5.8878056
3.1219823 1.0353146 5.8876611
3.1220115 1.0354741 5.8876377
3.1219756 1.0356015 5.8876574
3.1208956 1.0361833 5.8881429
3.1207748 1.0362369 5.8881692
3.1214574 1.0360048 5.8879652
3.1212859 1.0360635 5.8879423
3.1211008 1.0360818 5.8878915
3.1207987 1.0363463 5.8875981
3.1206298 1.0362778 5.8874907
3.1205182 1.0361715 5.8873376
3.1208389 1.0360469 5.8871051
3.1208168 1.0358266 5.8869644
3.1208189 1.0354059 5.8868142
3.1208823 1.0348386 5.8865612
3.1208984 1.0346186 5.8865311
3.1209321 1.0344849 5.8864575
3.1209889 1.0344227 5.8863614
3.1211898 1.0347894 5.886649
3.1212611 1.0348926 5.886527
3.1213238 1.0350131 5.8863158
3.1214361 1.0350762 5.8860494
3.1218942 1.0348791 5.8855656
3.1224017 1.0346758 5.8850777
1.1452391 0.62573773 1.5491805
1.1449591 0.62547846 1.5493808
1.1443735 0.6254089 1.5499264
1.1441436 0.62422677 1.5511838
1.1444574 0.62351161 1.5506702
1.144112 0.62337079 1.551012
1.1445648 0.62335906 1.5497144
1.1443148 0.62323124 1.5499021
1.1440922 0.62307823 1.5500595
1.1438741 0.62292867 1.550178
1.1435716 0.62276985 1.5503849
1.1435595 0.62223514 1.5510652
1.1431164 0.62206978 1.5514024
1.1425917 0.62197982 1.5517684
1.1422463 0.62194965 1.5511054
1.1418319 0.62183338 1.5512201
1.1415471 0.62170902 1.5512337
1.1412777 0.62165327 1.5512132
1.1417213 0.6211648 1.5502822
1.1416356 0.62105804 1.5501431
1.1415875 0.62103159 1.550039
1.1408699 0.62156234 1.5508578
5.7507066 2.5575874 0.55829833
5.7504304 2.5579711 0.55852872
5.7501532 2.5583385 0.55874989
5.749975 2.5587001 0.55900887
5.7497632 2.5589885 0.55916792
5.7496878 2.5592636 0.55932732
5.7496276 2.559479 0.55943203
5.7483645 2.5590447 0.55812583
5.7486945 2.5595481 0.55825341
5.7487199 2.5600131 0.55821674
5.7487604 2.5602229 0.55826768
1.2880734 1.8094314 2.1810635
1.2881636 1.8085345 2.1810379
1.2882167 1.8076878 2.1806104
1.2892932 1.8065233 2.1793398
1.2889308 1.8060528 2.1799324
1.288705 1.8057901 2.1804031
1.2884863 1.8056512 2.1809081
1.2882348 1.8056296 2.1814294
1.2881275 1.8060817 2.181948
1.2879618 1.806219 2.1823419
1.2878797 1.8068151 2.183182
1.287403 1.8073568 2.1829203
1.2878961 1.8074725 2.1831245
1.2878269 1.8076794 2.1828282
1.2882841 1.8083556 2.1819533
1.2879946 1.808482 2.1809321
1.2875583 1.8083216 2.1802077
1.2874681 1.8085692 2.1795051
5.5753341 1.2181419 2.5303442
5.574908 1.2180908 2.5306851
5.5754452 1.2188437 2.5315171
5.5752609 1.2185004 2.531261
5.5748747 1.2178669 2.5317335
5.5747191 1.217853 2.5319687
5.5746089 1.2179004 2.5320905
5.5745907 1.218081 2.5321279
5.5747538 1.217891 2.5320915
5.5750433 1.2178343 2.531877
5.5740979 1.2180681 2.5314043
5.5744953 1.2183541 2.5309476
5.5745577 1.2184629 2.5309627
5.5745634 1.2183033 2.5308388
5.5740659 1.2178686 2.5309988
5.5738684 1.217164 2.5313805
5.5730306 1.2169965 2.5328572
5.5729713 1.2159502 2.5325968
0 0 0
3.7792776 1.0431506 2.2840501
3.7792144 1.0430723 2.284411
3.7789583 1.0431208 2.2852441
3.7786641 1.0433557 2.2860456
3.7787244 1.0432673 2.2862709
3.7788596 1.0431841 2.2863628
3.7790994 1.0428586 2.2861515
3.7792776 1.0427043 2.2860152
3.7792714 1.0425157 2.2856073
3.7794885 1.0423081 2.2851825
3.7795396 1.0422422 2.2850188
3.7796216 1.0424118 2.2829657
3.7797482 1.0425434 2.2849841
3.7794602 1.0425644 2.2851762
3.7793134 1.0425707 2.2853019
3.7790955 1.0425608 2.2854856
3.7788772 1.0424676 2.2855686
3.7786552 1.0422951 2.2856095
3.7784575 1.0420613 2.2855857
3.7785584 1.0417559 2.2853396
3.7783571 1.041564 2.2853123
4.5088985 0.7682246 1.9579923
4.5084891 0.76802974 1.9583507
5.2589696 1.9220871 1.4533868
5.2582642 1.9194521 1.4526428
5.2602961 1.9201834 1.4541644
5.260461 1.9201415 1.4547308
5.2606516 1.9201829 1.4553098
3.1230507 1.0335461 5.8882295
3.1232368 1.0338592 5.8882416
3.1217754 1.0341969 5.8876276
3.1218301 1.0345784 5.8875675
3.121733 1.0349684 5.8875281
3.1218202 1.0352731 5.8875121
3.121863 1.0355136 5.887605
3.1218603 1.0356684 5.8877013
3.1217997 1.0357923 5.8878554
3.1216995 1.035903 5.8880115
3.1215744 1.0359753 5.8881166
3.1214107 1.0360693 5.8881181
3.121209 1.0361267 5.8881101
3.1210064 1.0361716 5.8880436
3.1206439 1.0364301 5.8877266
3.120464 1.0363719 5.8876002
3.1203105 1.0362351 5.8874874
3.1199775 1.0362371 5.8876712
3.1199145 1.035988 5.8876041
3.1204843 1.0353527 5.8870953
3.120655 1.0348758 5.8868789
3.1207144 1.0347215 5.8867753
3.1207674 1.0346061 5.8867066
3.1208403 1.0345632 5.8866143
3.1212365 1.035207 5.8867906
3.1211955 1.0352114 5.8867094
3.1212879 1.0353051 5.8864761
3.1214403 1.0353084 5.8861321
3.1216682 1.0352054 5.8857095
3.121984 1.0350543 5.8852363
1.1454325 0.62528999 1.549069
1.1451687 0.62517586 1.5492755
1.1448314 0.62508381 1.5495347
1.144032 0.62414752 1.5510184
1.1447643 0.62342249 1.5505476
1.1450807 0.62347742 1.5495098
1.1448545 0.62340824 1.549682
1.1445982 0.62330644 1.5498872
1.1443065 0.62319605 1.5500846
1.144006 0.62303674 1.5502688
1.1435995 0.6228763 1.5504865
1.1435694 0.62250957 1.5505164
1.1431333 0.62234356 1.5507141
1.1425782 0.62221838 1.5510062
1.1420924 0.62210766 1.551162
1.1417452 0.62198918 1.5511969
1.1414382 0.62190062 1.5511987
1.1411834 0.62183343 1.5512078
1.1408967 0.62165791 1.5512273
1.1411177 0.62183835 1.5510653
1.1409333 0.62185738 1.5512341
1.1408023 0.62186914 1.55142
0 0 0
5.7498035 2.5581568 0.5586062
5.7497311 2.5585251 0.55892051
5.7496945 2.5588579 0.55921748
5.7497765 2.5591821 0.55953702
5.749865 2.5594508 0.55977806
5.7500459 2.5597162 0.56000737
5.7486335 2.5593288 0.55858515
5.7492643 2.5598065 0.55888928
5.7492613 2.5600403 0.55885555
5.7492273 2.5602865 0.55875272
1.288061 1.8090369 2.1812834
1.2881316 1.8085565 2.1815012
1.2892105 1.8071884 2.1791028
1.2891702 1.8066853 2.1793532
1.2890135 1.8060749 2.1798869
1.2887618 1.8058567 2.1802177
1.2885501 1.8057575 2.1806936
1.2884127 1.806026 2.1813736
1.2882035 1.8061468 2.181781
1.2880654 1.8062816 2.1821417
1.2880865 1.8065844 2.1829217
1.2882096 1.8070471 2.1832848
1.2880657 1.8073784 2.183133
1.288026 1.8075243 2.1828905
1.288334 1.8078819 2.1820758
1.2884991 1.8082762 2.181278
1.2878025 1.8081223 2.1806425
1.2877717 1.8083219 2.1800879
0 0 0
5.575311 1.2198248 2.5317319
5.5756749 1.2185453 2.5305914
5.5754763 1.2185246 2.5310136
5.5750217 1.2178497 2.5315873
5.5748519 1.2178632 2.531908
5.5749898 1.2178754 2.5324241
5.5749214 1.2179003 2.5324513
5.5752059 1.2176972 2.5321013
5.5751542 1.217716 2.531885
5.5752212 1.2177079 2.5316746
5.5750145 1.2187854 2.5308551
5.5748809 1.218421 2.5309748
5.5749953 1.2177863 2.5312796
5.574975 1.2168519 2.5316522
5.5749994 1.2165214 2.5317636
5.5734916 1.2168473 2.5329634
5.5764016 1.216988 2.5326604
5.5763909 1.2165529 2.5328682
3.7795402 1.0431224 2.2836211
3.7794934 1.043113 2.2840224
3.7791648 1.0431925 2.2849948
3.7789475 1.043434 2.2857492
3.7790102 1.0433998 2.2859941
3.7791366 1.0433175 2.286102
3.7794286 1.0430232 2.2859629
3.7796441 1.0428024 2.2858021
3.7797295 1.042622 2.2854088
3.7798952 1.0423653 2.2850863
3.7799887 1.0422525 2.2849121
3.7800553 1.0424489 2.2828931
3.7802203 1.0425431 2.2849307
3.7800314 1.0425267 2.2850364
3.7798277 1.0425 2.2851923
3.779545 1.0425034 2.2853694
3.7792441 1.0424212 2.2854728
3.7789167 1.0422591 2.2855387
3.7778715 1.0416487 2.2861953
3.7775585 1.0414816 2.2862275
3.777321 1.0413399 2.2864725
4.5089494 0.76806804 1.9584003
4.5085601 0.76781544 1.9586582
4.5092148 0.76913755 1.9581909
4.5087762 0.76891923 1.9584369
4.5075241 0.76830234 1.9589426
5.2623873 1.9241854 1.4524353
3.1234546 1.0316798 5.8842165
3.1227513 1.03248 5.8853914
3.1224994 1.0329182 5.8856973
3.1220739 1.0339984 5.8860224
3.1219605 1.0345424 5.8863854
3.1219008 1.0350537 5.8867346
3.1218103 1.0354424 5.8870978
3.1217975 1.0357308 5.8874518
3.1217062 1.035889 5.8877167
3.121621 1.0360209 5.8879598
3.1215468 1.0360811 5.8881653
3.1214632 1.0361266 5.8882724
3.1216656 1.0361173 5.8880667
3.1215604 1.0361125 5.8880387
3.1217684 1.0361388 5.8876827
3.1205892 1.0364948 5.8877586
3.120387 1.0364073 5.8876467
3.1202129 1.0362892 5.8875247
3.1198699 1.0363118 5.8877689
3.1197903 1.0361163 5.8877269
3.1202916 1.0354318 5.8873006
3.1203388 1.0349391 5.887354
3.1203546 1.0348495 5.8874483
3.1202857 1.0348528 5.8876072
3.1203406 1.0348498 5.8875458
3.1210916 1.0354721 5.88702
3.121153 1.0355124 5.8868262
3.1212287 1.0355618 5.8865516
3.1213477 1.035594 5.88618
3.1214591 1.035608 5.8857711
3.1215169 1.0356239 5.885144
1.1473342 0.62471076 1.5497866
1.1471327 0.62471515 1.5499257
1.1459545 0.62380245 1.5487703
1.1456674 0.62370877 1.5489601
1.1456307 0.62361922 1.5490572
1.1455416 0.62347858 1.5492275
1.1452284 0.62345769 1.549508
1.1449125 0.62341343 1.5497547
1.1446002 0.62330859 1.5499802
1.1442375 0.62317654 1.5501958
1.1437428 0.62299186 1.5504791
1.1432815 0.62270654 1.5506766
1.1429344 0.62258653 1.5508238
1.1424529 0.62245221 1.5510066
1.1419931 0.62231072 1.551198
1.1411376 0.62226688 1.5516831
1.1415359 0.62215044 1.5510486
1.14129 0.6221424 1.5511413
1.1411046 0.62219869 1.5512657
1.1408878 0.62225598 1.5515081
1.1406711 0.62229047 1.5518702
1.1404373 0.62228839 1.5523375
1.1411573 0.62149758 1.5522189
1.1408436 0.62152953 1.5529198
5.7487328 2.5581724 0.55958719
5.7494155 2.5590651 0.55946842
5.7497157 2.5593655 0.55987067
5.7500964 2.5596785 0.56029609
5.750454 2.5599579 0.56067064
5.7508229 2.5602229 0.56101463
5.7508184 2.5599931 0.56090273
5.7487788 2.5525026 0.55751798
1.289414 1.8089657 2.1767366
1.2886211 1.8082081 2.1786655
1.2891497 1.8076652 2.178585
1.2891722 1.8072612 2.1786231
1.2891536 1.8069313 2.1787692
1.2889525 1.8061363 2.1797229
1.2887972 1.8059897 2.1800438
1.2886753 1.8059433 2.1804391
1.2884498 1.8061625 2.1809382
1.2883306 1.8063047 2.1813983
1.2882178 1.806442 2.1818567
1.2881733 1.8065994 2.1821624
1.288233 1.8071314 2.1830056
1.2882738 1.8072503 2.1830874
1.2882639 1.8073512 2.1829538
1.2883686 1.8071798 2.1822881
1.2887624 1.8080959 2.1816191
1.288164 1.8079046 2.1812144
1.2881026 1.8080663 2.1807022
1.2880345 1.8082319 2.1801945
5.5760995 1.2132204 2.5261874
5.5758872 1.2185439 2.5303929
5.5756134 1.2184898 2.5308902
5.5753416 1.2184052 2.5313355
5.5749122 1.2179881 2.5321235
5.5749954 1.2177757 2.5324769
5.5749644 1.2177364 2.5324892
5.5751497 1.2175692 2.5321684
5.5752468 1.2175289 2.5319479
5.5753585 1.2175114 2.5317143
5.5752695 1.2185667 2.530864
5.5751952 1.2182504 2.5309804
5.5753272 1.2176218 2.53127
5.5757089 1.2165222 2.5315782
5.576002 1.216374 2.5314184
5.5754884 1.217355 2.5322749
5.5769435 1.2169294 2.5327841
0 0 0
3.7795976 1.0421851 2.2844903
3.7795919 1.0422194 2.2849293
3.7791321 1.0425496 2.285336
3.7789852 1.0432156 2.2856611
3.7793565 1.0435205 2.2857215
3.7794893 1.0434387 2.285841
3.7798357 1.0431501 2.285758
3.7800394 1.0430299 2.2856805
3.7802074 1.0425602 2.2852269
3.7803016 1.0424129 2.2850652
3.7804068 1.0422424 2.2847912
3.7804856 1.0418966 2.2840358
3.7807964 1.0424154 2.2850599
3.7805142 1.0424243 2.2851663
3.7802376 1.0424332 2.2852057
3.779889 1.0424216 2.2853326
3.7795145 1.0423649 2.2854296
3.7790892 1.0421937 2.2854982
3.7779382 1.0416287 2.2861977
3.777522 1.0414705 2.2862453
3.7771452 1.0413321 2.2865288
4.5086906 0.76882699 1.9591118
4.5087904 0.76897305 1.958479
4.508396 0.76866499 1.9586387
4.5080244 0.76832301 1.9587543
4.5076558 0.76795986 1.9588372
4.5072513 0.76761832 1.9589028
3.1232794 1.0307626 5.8832736
3.1232853 1.0319622 5.8836807
3.1230676 1.0327466 5.8841958
3.1223925 1.0339183 5.8848578
3.1220944 1.0345156 5.8851104
3.1218982 1.035031 5.8856568
3.1224306 1.0362165 5.8859847
3.1220857 1.03624 5.8868597
3.1215255 1.0362955 5.8875617
3.1214338 1.0362584 5.8880032
3.1214044 1.036279 5.8882286
3.1213705 1.0362618 5.8883591
3.1215603 1.0362544 5.8880997
3.1219083 1.0362582 5.8877814
3.1217696 1.0362103 5.8876771
3.1206272 1.036492 5.8877412
3.1204208 1.0364262 5.8875894
3.1202242 1.0363037 5.8874779
3.1200492 1.0361705 5.8873814
3.1200974 1.0360085 5.8874349
3.1200839 1.0358525 5.8874497
3.1201179 1.0352173 5.8877526
3.120209 1.0350774 5.8877141
3.1202281 1.0350372 5.8877651
3.1202515 1.0350668 5.8877178
3.1209643 1.0356935 5.887211
3.1210033 1.0357288 5.8869921
3.1210596 1.0357293 5.8867037
3.1210841 1.0357454 5.8863361
3.121104 1.0357717 5.8859433
3.1211232 1.0358965 5.8852895
1.1483547 0.62378763 1.5471243
1.1481641 0.62394096 1.5472503
1.1461801 0.62353039 1.5486483
1.1459031 0.62355587 1.5488302
1.145881 0.6235708 1.5488995
1.1458451 0.62350897 1.5490598
1.1455523 0.62354405 1.5492933
1.1452512 0.62350698 1.5495341
1.1448981 0.62344071 1.5497883
1.1445196 0.62329821 1.5500379
1.143921 0.62307599 1.5503395
1.143452 0.62287002 1.5505752
1.142982 0.62275713 1.5508052
1.1424535 0.62262063 1.5510448
1.141963 0.62256126 1.5512101
1.1411745 0.62256112 1.5516471
1.1415392 0.6225246 1.5510491
1.1412908 0.62252548 1.5512425
1.1410125 0.62270992 1.5515401
1.1407153 0.62277076 1.5519908
1.1403671 0.62283383 1.5525894
1.1400362 0.62286715 1.553303
1.1396218 0.62271003 1.5543301
1.1390969 0.62274632 1.5554101
5.7479209 2.5588296 0.55871786
5.74907 2.5592654 0.55967181
5.7496716 2.5595821 0.56022518
5.7502619 2.559877 0.56074345
5.7508875 2.5601809 0.56126578
5.7514585 2.5604396 0.56171009
5.7520408 2.5606929 0.56211747
1.2919734 1.8121398 2.1775115
1.2910048 1.8092593 2.1778108
1.2888325 1.8076696 2.1788562
1.2890227 1.8074142 2.1788039
1.2891095 1.8074086 2.1788182
1.2890888 1.8073123 2.1788953
1.2886789 1.8074559 2.1805179
1.2889573 1.8085241 2.1784266
1.2887047 1.8061762 2.180241
1.2886086 1.806238 2.1807058
1.2884607 1.8065017 2.1811425
1.2884333 1.8065823 2.1816111
1.2883967 1.8067224 2.1819705
1.2884775 1.8070913 2.1828299
1.2884871 1.8071343 2.1829629
1.2885572 1.8071566 2.1829585
1.2886348 1.8070587 2.1825243
1.2886807 1.8071417 2.1822611
1.2887078 1.8072652 2.1818882
1.2887117 1.8074166 2.1814915
1.288409 1.8078403 2.1808857
5.5764318 1.2132366 2.5258567
5.5760522 1.2184948 2.5302826
5.5756287 1.2184084 2.5309771
5.5753055 1.2182905 2.5314685
5.5749543 1.2181596 2.5319688
5.5749745 1.2178146 2.5326279
5.5748833 1.2177625 2.5320532
5.5746253 1.2176838 2.5321072
5.5747136 1.2176856 2.5319361
5.5748492 1.2176875 2.531716
5.5755679 1.2182543 2.5309774
5.5757011 1.2182227 2.5307861
5.5761431 1.2183728 2.5307767
5.5760752 1.2182738 2.5304567
5.5760773 1.2175498 2.531353
5.5762038 1.2173177 2.5314405
0 0 0
2.4076253 1.6984778 3.6897418
0 0 0
3.7851463 1.0394252 2.2846511
3.7792107 1.0417205 2.2847994
3.7780997 1.0441404 2.2847034
3.7797508 1.043645 2.285459
3.779939 1.0435683 2.2855826
3.7801675 1.0434725 2.2856967
3.7803016 1.043329 2.2857275
3.7790495 1.0425065 2.2861152
3.7806202 1.0424045 2.2851156
3.7796297 1.0405382 2.2859285
3.7798188 1.0405347 2.2854984
3.7797293 1.0404568 2.2855233
3.7799226 1.0413182 2.2860817
3.7796756 1.0412786 2.2861351
3.7793643 1.0412396 2.2861709
3.779099 1.0413423 2.2861893
3.7789147 1.041553 2.2861926
3.7783039 1.0415022 2.2862258
3.7770067 1.0413316 2.2866832
3.7765331 1.0409607 2.2870268
4.5109216 0.7707613 1.9546065
4.5089152 0.76874313 1.9586769
4.5085152 0.76836102 1.9587767
4.5081793 0.76797993 1.9587597
4.5078404 0.76761112 1.9587229
4.5074916 0.76725336 1.9586583
0 0 0
3.1238036 1.0315957 5.8819376
3.1235373 1.0325939 5.8826789
3.1227539 1.0339966 5.8837146
3.1236153 1.0355029 5.8840277
3.1232898 1.0360158 5.8847452
3.1228858 1.0363655 5.8854389
3.1223735 1.0367234 5.8864037
3.1213408 1.0364667 5.8874988
3.1212464 1.0364901 5.8879209
3.1212925 1.0364303 5.888211
3.1212984 1.0363995 5.8883219
3.1214851 1.0363274 5.8880704
3.1213436 1.0365187 5.8880168
3.1209975 1.0364637 5.8878844
3.1207602 1.0364515 5.8876797
3.1205477 1.0363781 5.8874878
3.1203678 1.0362976 5.8873499
3.1202167 1.036183 5.8872655
3.1201833 1.0360533 5.8874056
3.1201332 1.035893 5.887466
3.1200979 1.035402 5.8878616
3.1202158 1.0356648 5.8879868
3.1206801 1.0359002 5.8875504
3.1207549 1.0358847 5.8874861
3.1208129 1.0358831 5.8873319
3.1208155 1.0358658 5.8871161
3.1207029 1.0358864 5.886835
3.1206165 1.0358551 5.8865314
3.1204977 1.0356743 5.886295
1.1581298 0.62890416 1.5384562
1.1489139 0.62279577 1.5452036
1.1479972 0.62323718 1.5459541
1.1477755 0.62357222 1.5460731
1.1469123 0.62303168 1.5479135
1.1467359 0.62328478 1.5480126
1.1460869 0.62357579 1.548859
1.1458577 0.62360914 1.549034
1.1455418 0.62359155 1.5492601
1.1452057 0.62354266 1.5495316
1.1448098 0.62349039 1.5497891
1.1443947 0.62337254 1.5500525
1.1437097 0.62301272 1.5504172
1.1431741 0.62293852 1.5506806
1.1425485 0.62283455 1.5509893
1.1420286 0.62285171 1.5512177
1.1412162 0.62291244 1.5516833
1.1415261 0.62303222 1.5511365
1.1412978 0.62317612 1.5514589
1.1409346 0.62330093 1.5519385
1.1405071 0.62339455 1.5526118
1.1400616 0.62344497 1.5534822
1.1395054 0.62348508 1.5545762
1.1389421 0.6235003 1.5557131
1.1383318 0.623556 1.5568677
1.009353 0.71074286 1.6521637
5.7490739 2.559343 0.5601693
5.7495639 2.5597831 0.56053174
5.750442 2.5600961 0.56120131
5.7512757 2.5603863 0.56183072
5.7521277 2.5606799 0.5624648
5.7529589 2.5609467 0.56306912
1.291195 1.807857 2.1794382
1.2910278 1.8085092 2.1781984
1.2912869 1.8056856 2.1812083
1.2912519 1.8056635 2.1811243
1.2890501 1.8072888 2.1787891
1.2890177 1.8072788 2.1788219
1.2890398 1.8072934 2.1789206
1.2889091 1.8087375 2.1781822
1.2888992 1.8086939 2.1785066
1.2887298 1.8072881 2.1801038
1.2886798 1.8071821 2.1806687
1.2886368 1.8070597 2.181233
1.2886802 1.8069323 2.1817414
1.2887363 1.8070918 2.1826685
1.2888586 1.8069535 2.1827886
1.2888842 1.806978 2.1828856
1.2889528 1.8069317 2.1827685
1.2889871 1.8069454 2.1826092
1.2890027 1.806981 2.1823835
1.2890111 1.8070314 2.1821288
1.2882 1.8076198 2.1818603
0 0 0
5.5757354 1.2185643 2.5311333
5.5753227 1.2184401 2.531551
5.5751706 1.21818 2.5317787
5.5748688 1.2179706 2.5320745
5.5747404 1.2177707 2.5322335
5.5746774 1.2175414 2.5323094
5.5746897 1.2173614 2.5321328
5.5748347 1.217307 2.5319393
5.5750124 1.2172979 2.5317183
5.5757677 1.2177995 2.5309711
5.5759882 1.2178333 2.5308065
5.576227 1.2181682 2.5304856
5.5764407 1.2181164 2.5304317
5.5765758 1.2180544 2.5304422
5.5766946 1.2179906 2.5304752
2.4073804 1.6982732 3.6903649
2.4063257 1.6987643 3.6895378
2.4045665 1.7001724 3.6820881
2.403603 1.700317 3.6812425
3.7730815 1.0465204 2.2899533
3.7763485 1.0479029 2.2867712
3.7801884 1.0437006 2.2852103
3.7803793 1.043584 2.2853802
3.7805019 1.0434215 2.2855257
3.7805955 1.0432426 2.2856113
3.7794204 1.0424501 2.285995
3.7796862 1.040499 2.2854069
3.7794545 1.0405584 2.2859325
3.7792296 1.0404396 2.2864109
3.7790868 1.0403986 2.2864033
3.7800805 1.0412873 2.2861591
3.7797972 1.0412521 2.2862128
3.7794423 1.0412218 2.2862656
3.7791387 1.0413779 2.2861976
3.7790036 1.0413634 2.2861247
3.7784384 1.0414432 2.286114
3.7777833 1.0412328 2.2860515
3.7766902 1.0409914 2.2863506
4.5110382 0.77053857 1.9548924
4.509281 0.76884925 1.9588351
4.5086479 0.76802078 1.9589705
4.5083606 0.76764833 1.9587987
4.5080696 0.76726733 1.9586149
4.507779 0.76688379 1.9584491
4.502292 0.7670062 1.967963
0 0 0
3.1249276 1.0339072 5.8814272
3.1237719 1.0352443 5.8831492
3.1239826 1.0359781 5.8832837
3.1233508 1.0363106 5.8841828
3.1228171 1.0365803 5.8850646
3.1222516 1.0369448 5.8861189
3.1211653 1.0366233 5.887323
3.1210726 1.0366211 5.8877949
3.1210614 1.0365976 5.8880978
3.1211105 1.0365231 5.8882414
3.1212838 1.0365868 5.8879985
3.1213069 1.0364937 5.8879072
3.1211824 1.0364059 5.8877785
3.1207662 1.0364156 5.8877405
3.1207972 1.0365071 5.8869871
3.1205979 1.036359 5.8869827
3.1204348 1.0362126 5.8870283
3.1202544 1.0362752 5.8876255
3.1202355 1.0359054 5.8877106
3.1201967 1.0355061 5.8878639
3.1202027 1.0357274 5.8880062
3.1207003 1.0360014 5.8876107
3.1207154 1.0360015 5.8875278
3.1207053 1.0359613 5.887383
3.1206312 1.0359148 5.8871585
3.1205019 1.0358405 5.8868958
3.1202432 1.035773 5.886653
3.1200808 1.0356687 5.8863795
0 0 0
1.1505549 0.62017719 1.5455628
1.1468999 0.62140396 1.5492143
1.1475523 0.62186071 1.5482289
1.1469113 0.62288881 1.5481745
1.1467615 0.62330268 1.5482522
1.146258 0.62368087 1.5487833
1.146068 0.62371473 1.5489019
1.1462228 0.62391589 1.5484292
1.1459119 0.6238023 1.5486186
1.1466147 0.62372757 1.5484724
1.1482533 0.62306408 1.5473148
1.1477334 0.62299892 1.5476033
1.1433781 0.623101 1.5505628
1.1428516 0.6231549 1.5508441
1.1423728 0.62359314 1.5511666
1.1423428 0.62372049 1.5509565
1.1418281 0.62390224 1.5513012
1.1413738 0.62404407 1.5516932
1.1408151 0.62401225 1.5524901
1.1402772 0.62412405 1.5533167
1.1396931 0.62422329 1.5543161
1.1389774 0.62428301 1.5556467
1.1383091 0.62430668 1.5569205
1.1375793 0.62435666 1.5582892
0 0 0
0 0 0
0 0 0
1.1598531 1.3252817 3.0094472
1.1606756 1.3241368 3.0091503
1.1612538 1.3217966 3.0084686
1.1630111 1.3214041 3.0088375
1.1636168 1.3206834 3.0085101
0 0 0
1.2907453 1.8046577 2.1797706
1.2906576 1.8047908 2.1796153
1.2888888 1.8070579 2.1788006
1.2888891 1.8071342 2.1788011
1.2889244 1.8072416 2.1788725
1.2889604 1.8088344 2.178038
1.2890075 1.8089093 2.178359
1.2888926 1.8075095 2.1798339
1.2889097 1.8077396 2.1807902
1.2887667 1.8071819 2.1810356
1.289016 1.8070251 2.1816253
1.2890729 1.8069742 2.1820246
1.2891837 1.8069392 2.1826736
1.2892439 1.8069085 2.1828717
1.2892838 1.8068103 2.1829009
1.2893305 1.806761 2.1828783
1.2893651 1.8067434 2.1827974
1.2894127 1.8067389 2.182674
1.2894487 1.8067676 2.1825283
5.5752542 1.2190359 2.5318438
5.5751065 1.2186972 2.5319722
5.5749819 1.218384 2.5321283
5.5748698 1.2180739 2.5322403
5.5746596 1.217785 2.5324008
5.5746565 1.2173765 2.5323132
5.5746881 1.2171377 2.5322586
5.5747899 1.2169458 2.5320878
5.5749688 1.2168485 2.5318972
5.5752056 1.2168147 2.5316924
5.5756286 1.2171358 2.5315151
5.5763923 1.217651 2.5306212
5.5765705 1.2178405 2.5304557
5.5768458 1.2179031 2.5303512
5.5771062 1.2179951 2.530277
2.4075785 1.6978554 3.6922252
2.4067573 1.6981885 3.6915944
2.4059923 1.6984722 3.6906696
2.4041831 1.6989868 3.689171
2.4034597 1.699065 3.688512
2.4034193 1.6977669 3.6903311
2.4031771 1.6972024 3.6914885
3.7804981 1.0433169 2.2856241
3.7806191 1.0430799 2.2857793
3.7807298 1.0428595 2.2859188
3.7815659 1.0426371 2.2854174
3.7819459 1.0417682 2.285265
3.7799753 1.0404111 2.2853592
3.7795266 1.0405431 2.2858956
3.7793707 1.0403864 2.2864939
3.7789657 1.041481 2.2880574
3.7800607 1.0415494 2.2864224
3.7797644 1.0415176 2.2864932
3.7794083 1.0414366 2.2865406
3.7790681 1.0414453 2.2862636
3.7788953 1.0413985 2.2861902
3.7783143 1.0412947 2.286178
3.7777276 1.0411585 2.2861284
3.7764077 1.0410284 2.2862788
4.5084617 0.76972328 1.9619946
4.5092423 0.76811807 1.9594929
4.5088853 0.76776918 1.9593529
4.5086702 0.76737691 1.9587527
4.5083916 0.76700312 1.9584668
4.5081177 0.76664313 1.9582132
4.5078579 0.76630806 1.957977
4.5075807 0.76597692 1.9577077
3.1279121 1.0364426 5.8796755
3.1250034 1.0369777 5.8825921
3.1236975 1.0370087 5.8838712
3.1223993 1.0363464 5.8844092
3.121833 1.0365365 5.8854009
3.1214032 1.0366586 5.8862199
3.1208871 1.0368189 5.8871123
3.1208537 1.0367659 5.8875649
3.1209484 1.0366283 5.8878883
3.1210628 1.0365533 5.887989
3.1212004 1.0364571 5.8879543
3.121284 1.0363719 5.8878123
3.1213076 1.0362737 5.8876233
3.1212726 1.0361663 5.8873845
3.1210537 1.036393 5.8867805
3.1208864 1.0362662 5.8867628
3.1207315 1.036132 5.8868157
3.1202491 1.0362558 5.8875352
3.1204888 1.0358303 5.8876073
3.1204857 1.0357817 5.8876512
3.1205471 1.0357471 5.8876453
3.1207491 1.0360886 5.8876013
3.1207075 1.0360257 5.8874965
3.120642 1.0359432 5.8873399
3.1204873 1.0358137 5.8871764
3.1202398 1.0356124 5.8869905
3.1197571 1.0354139 5.886975
3.1194873 1.0352338 5.8867808
1.1456592 0.62077309 1.5515567
1.1459636 0.62139226 1.5507059
1.1461272 0.62208262 1.550231
1.1462689 0.62265938 1.5497915
1.1463603 0.62295989 1.5494302
1.1474321 0.62349218 1.5480991
1.1463645 0.62374177 1.5486067
1.1462412 0.6237048 1.5486589
1.1460745 0.62399515 1.5489004
1.1471498 0.62295025 1.5483386
1.1467435 0.6230948 1.548892
1.1470146 0.62313539 1.5485782
1.1457926 0.62281173 1.549159
1.144623 0.62308192 1.5498844
1.1440376 0.62325953 1.5502382
1.1430199 0.62390478 1.5507349
1.1423725 0.62417086 1.5512456
1.1418068 0.6244218 1.5517457
1.141253 0.62461664 1.5523794
1.1406333 0.6247793 1.5531904
1.1399642 0.62493276 1.554161
1.1392815 0.6250544 1.5552659
1.1384573 0.62515432 1.5567018
1.1377239 0.62524332 1.5579809
0 0 0
1.1581048 1.3213412 3.0123606
1.1557061 1.3222703 3.0132541
1.1562331 1.3230898 3.0125137
1.1599742 1.3248822 3.0089337
1.1608269 1.3240468 3.0090072
1.1613332 1.3236079 3.0087272
1.1629971 1.3217887 3.0090205
1.1634899 1.321151 3.0088881
1.1644466 1.3241929 3.008656
1.1636328 1.3225906 3.0090609
1.2888144 1.8065206 2.178945
1.28868 1.8068348 2.1787778
1.2886935 1.8069114 2.1788318
1.2887406 1.8069939 2.178962
1.2887885 1.807107 2.1791736
1.2888533 1.8071796 2.1794458
1.2889586 1.8072481 2.1798418
1.2891438 1.8076539 2.1802802
1.2892769 1.8071906 2.1810305
1.2893878 1.8071218 2.1814898
1.2895513 1.807032 2.1820355
1.2895666 1.8069658 2.182513
1.2895419 1.8068175 2.1827784
1.2896203 1.8067151 2.182975
1.2896777 1.8066202 2.1831053
1.2897411 1.8065169 2.1831803
1.2897949 1.8064102 2.1832423
1.2919644 1.8064924 2.1819543
5.5737149 1.2207427 2.5318796
5.5746512 1.2187018 2.5328328
5.5746099 1.2182641 2.5327366
5.5745111 1.217734 2.5326411
5.5745213 1.2173315 2.53253
5.5745898 1.2169621 2.5323695
5.5747041 1.2166647 2.5321717
5.574878 1.2164462 2.5319651
5.5751049 1.2163089 2.5317743
5.5753802 1.2162535 2.5316274
5.5758065 1.2165252 2.5316458
5.5772426 1.2167894 2.5300862
5.5773401 1.2169417 2.5301903
5.5777039 1.2171382 2.5300698
2.4077184 1.6979953 3.6921607
2.407067 1.6977372 3.692048
2.4064563 1.6979409 3.6916431
2.4064199 1.6982202 3.6911805
2.4059915 1.6987967 3.6904936
2.4055391 1.6988653 3.6900302
2.404528 1.698037 3.6907158
2.4043551 1.6977802 3.6907496
2.4063805 1.6965021 3.6932757
3.7797855 1.0372629 2.2846119
3.7813475 1.0425262 2.2854878
3.782032 1.0424392 2.2853164
3.7825005 1.0422705 2.2855362
3.780981 1.0401173 2.283603
3.7823441 1.0403945 2.2829258
3.7813971 1.0417352 2.2852496
3.7788886 1.0424966 2.2876081
3.7800162 1.0416261 2.2865214
3.7796606 1.0416328 2.2865708
3.7792507 1.0416439 2.2864284
3.7787696 1.0416154 2.2864574
3.7787356 1.0414884 2.2862999
3.7781362 1.0413899 2.2862821
3.7772215 1.0411408 2.2863788
3.77624 1.0411418 2.2862674
4.5087106 0.76685866 1.9612106
4.5094066 0.76764129 1.9596159
4.5091047 0.76721443 1.9592614
4.5089487 0.76716837 1.95859
4.5087106 0.76680561 1.9582442
4.5084992 0.76646112 1.9579522
4.5081646 0.7662085 1.9578044
4.5078977 0.76594583 1.9576338
0 0 0
3.1279015 1.0400956 5.880529
3.1260623 1.0397484 5.8821429
3.1192565 1.035284 5.884841
3.1207689 1.0363957 5.8853375
3.1205536 1.0364667 5.8861209
3.1205927 1.0367835 5.8869295
3.1207204 1.0366601 5.8872969
3.1208268 1.0365841 5.8875662
3.1209953 1.0364805 5.887689
3.1211868 1.036378 5.8876548
3.1213504 1.0362413 5.8875519
3.1214636 1.0361556 5.8873237
3.1214903 1.0359844 5.8871914
3.1214262 1.0358126 5.8871315
3.1212911 1.0356465 5.8871567
3.1211202 1.0355271 5.8872297
3.1209513 1.0354137 5.8873428
3.1205433 1.0355164 5.8879121
3.1209128 1.0358635 5.8874726
3.1208032 1.035885 5.8874779
3.1208286 1.0360283 5.8874655
3.1207219 1.0359716 5.8873417
3.1206379 1.0358097 5.8872085
3.1203957 1.035689 5.8870652
3.1200203 1.0353049 5.8869317
3.1196327 1.0350604 5.8868081
3.1191971 1.034831 5.8867299
1.1442648 0.62287698 1.5533816
1.1447892 0.62302519 1.5521573
1.1453673 0.62321795 1.5511063
1.1458118 0.6233428 1.5502462
1.1461282 0.62337441 1.5496103
1.1472882 0.62370339 1.5481038
1.1463725 0.62376008 1.5487507
1.1461098 0.62374045 1.5488894
1.1460355 0.62355382 1.548921
1.1471715 0.6227597 1.5481645
1.1468021 0.62258402 1.5484619
1.1463225 0.62256531 1.5488921
1.1458929 0.62275264 1.549057
1.1447139 0.62319418 1.5499184
1.1440226 0.62352108 1.5504737
1.143194 0.62414154 1.5510434
1.14255 0.62452378 1.5515965
1.1418495 0.62490921 1.5522763
1.141128 0.62525523 1.5530945
1.1403764 0.6255553 1.5540594
1.1396094 0.62576734 1.555115
1.1387986 0.62596133 1.5563065
1.1379681 0.62609227 1.5577137
1.1371653 0.62618888 1.5589995
1.1585407 1.3207551 3.0124574
1.1590137 1.3215897 3.0119084
1.1594875 1.3223607 3.011269
1.1599004 1.3231514 3.0106303
1.1601764 1.3245205 3.0088084
1.1608502 1.3240801 3.0087146
1.1614572 1.323687 3.0085697
1.163144 1.3220287 3.0091073
1.1630575 1.3215073 3.0093337
1.1628896 1.3215448 3.0092955
1.1627345 1.3217462 3.0093394
1.1619947 1.3184622 3.0096332
1.2884629 1.8066246 2.1787111
1.2884614 1.8066335 2.1788782
1.2884671 1.8066071 2.1791259
1.2885864 1.8065815 2.1794163
1.2887863 1.8066945 2.1796803
1.2890458 1.8068556 2.1799605
1.2893008 1.8070142 2.180289
1.289637 1.8071277 2.1809898
1.2897386 1.8071569 2.1814174
1.2899087 1.807116 2.1818909
1.2899753 1.807043 2.1823496
1.2899639 1.8068456 2.1827104
1.289996 1.8067311 2.1830099
1.2900429 1.8065662 2.1832678
1.2901069 1.8063361 2.1835392
1.2901869 1.8060951 2.1837911
1.2854699 1.8083237 2.173931
4.0382846 1.8784335 2.4543689
5.5741515 1.2183955 2.5339697
5.5742234 1.2178574 2.5335924
5.5742722 1.2173395 2.5332068
5.5743711 1.2168707 2.5327969
5.574523 1.2164875 2.5323972
5.5747222 1.2161555 2.5320558
5.5749605 1.2159039 2.5317825
5.5752418 1.2157421 2.5316003
5.5755418 1.2156924 2.5314953
5.5760273 1.2159044 2.5315748
5.5774866 1.216277 2.5300355
5.5776593 1.2165004 2.5301775
2.4073076 1.6980562 3.6919719
2.4069031 1.6978428 3.6918172
2.4066106 1.697595 3.6919741
2.4062117 1.6975214 3.6917145
2.4061476 1.6975128 3.6914282
2.4058938 1.6975368 3.6912191
2.4055137 1.6980097 3.6910205
2.4047954 1.6979851 3.690947
2.4046617 1.6979808 3.6906838
2.4053984 1.697714 3.6906863
2.4054191 1.69782 3.6902519
0 0 0
3.7848078 1.0418297 2.2849294
3.7846238 1.0417091 2.2851208
3.7827523 1.0403967 2.2826852
3.7824923 1.0403539 2.2828926
3.7806119 1.0417395 2.2858537
3.7803136 1.0417605 2.2860347
3.7799946 1.041783 2.2861827
3.7796379 1.0418263 2.2863105
3.7792027 1.0418424 2.2863984
3.7787319 1.0418587 2.2864457
3.7781834 1.0417983 2.2864385
3.777585 1.0416884 2.2864155
3.7769627 1.0415365 2.2863669
3.7761892 1.0413677 2.286328
4.5091665 0.76800508 1.9615895
4.5089666 0.76754324 1.9609186
4.5099711 0.76709878 1.9583096
4.5097032 0.76682201 1.9579269
4.5093533 0.76652509 1.957722
4.508969 0.76630373 1.9576113
4.5085746 0.76616519 1.957683
4.5082129 0.7661062 1.9577924
4.5079654 0.76610988 1.957837
4.5073159 0.76642722 1.9577755
0 0 0
3.1174274 1.0350018 5.8870486
3.1196856 1.0345044 5.885161
3.1205707 1.0364193 5.8859288
3.1205025 1.0365111 5.8865427
3.1205458 1.0365053 5.886956
3.120692 1.036433 5.887227
3.1209148 1.0363518 5.887328
3.1211731 1.036232 5.8873198
3.1214182 1.0361058 5.8872097
3.1216265 1.0359981 5.8870128
3.121735 1.0358266 5.8868903
3.1217441 1.0356421 5.8868389
3.121658 1.0354916 5.8868423
3.1215229 1.0353647 5.8869436
3.1213468 1.0352712 5.8870638
3.1209211 1.0353921 5.8876293
3.1211076 1.0358384 5.8873671
3.1210862 1.0358067 5.8871901
3.1209695 1.0358375 5.8871381
3.1207898 1.0357985 5.8870893
3.1209157 1.0355884 5.8866662
3.1204363 1.0354085 5.8866195
3.1198591 1.0349959 5.8868101
3.1193444 1.034724 5.8867698
3.1184229 1.0343731 5.8867293
1.1426843 0.62497983 1.5552335
1.143638 0.62466887 1.5535605
1.1446578 0.62443435 1.5518924
1.1454105 0.62411046 1.5506334
1.145869 0.6238667 1.5497862
1.1461269 0.62388829 1.5489975
1.1462105 0.62364129 1.5487592
1.1462233 0.62334045 1.5486888
1.1461158 0.62304809 1.5487692
1.1471246 0.62239232 1.5479948
1.1468333 0.62223817 1.5482332
1.1464378 0.62216738 1.54856
1.1456559 0.622421 1.5490489
1.1447173 0.62330107 1.5500162
1.144005 0.62377299 1.5506955
1.1431985 0.62444607 1.5514341
1.1424339 0.62496058 1.55223
1.1416769 0.62545799 1.5531024
1.1408787 0.62594188 1.5540486
1.1400974 0.62635317 1.555045
1.1388926 0.62687939 1.5563555
1.1380569 0.62719963 1.5575014
1.1447278 0.62781218 1.5452391
1.160764 1.3203246 3.0126081
1.1591368 1.3207946 3.0117832
1.1595489 1.3215807 3.0113228
1.1598888 1.3223186 3.0108555
1.1602081 1.3230177 3.0103629
1.1602474 1.3240787 3.009117
1.1610676 1.3240561 3.0086025
1.1616373 1.3238629 3.0085281
1.1627163 1.3237488 3.0087636
1.1627444 1.3225784 3.0098046
1.1617498 1.3216084 3.00969
1.1618203 1.3197643 3.0091189
1.1617127 1.3189727 3.0098509
1.1620714 1.3186806 3.0098727
0 0 0
1.2879309 1.8054102 2.1797778
1.2882345 1.8057843 2.1799043
1.288377 1.8060655 2.1799297
1.2888973 1.8064768 2.1801546
1.2893256 1.8068117 2.1804104
1.2897979 1.807062 2.1809081
1.2901019 1.8071875 2.1812898
1.2903379 1.8072319 2.1817568
1.2903884 1.8070992 2.1822367
1.290389 1.80696 2.1826449
1.2903949 1.80681 2.1830094
1.290369 1.80666 2.1833538
0 0 0
0 0 0
0 0 0
4.0298645 1.8728638 2.4540196
4.0298434 1.8730177 2.4529451
4.0299006 1.8731389 2.4519331
5.5729144 1.2149019 2.5369599
5.5741832 1.2164747 2.5329668
5.5744523 1.2160254 2.532409
5.5747436 1.2156339 2.5318785
5.575064 1.2153183 2.531391
5.5753918 1.215155 2.5313855
5.5757656 1.2150599 2.5313655
5.5750015 1.2135188 2.5366281
2.4095954 1.7007331 3.6965155
2.4074007 1.6987868 3.6917075
2.4068339 1.6982422 3.6916799
2.4064385 1.6979031 3.6916133
2.4060175 1.6977025 3.6917594
2.4058551 1.6972564 3.6913014
2.4062313 1.6967904 3.6913019
2.4060195 1.6968216 3.6910212
2.4054883 1.6980272 3.6905136
2.4054738 1.6981368 3.6902639
2.405489 1.6979856 3.6900388
2.4060213 1.6979723 3.68962
2.4054453 1.6989974 3.6899272
2.4028795 1.6992014 3.6862431
2.403116 1.6992488 3.6862498
2.4033195 1.6992916 3.6862672
3.7795405 1.0387319 2.2789177
3.7826242 1.040306 2.2828771
3.7806612 1.0417448 2.2859055
3.7802872 1.0417995 2.2861218
3.7799029 1.0418607 2.286315
3.7794927 1.0419171 2.2864567
3.7790396 1.0419592 2.2865506
3.7785449 1.0419667 2.286578
3.7779932 1.0419141 2.2865613
3.7773986 1.0418087 2.2864974
3.7767623 1.0416596 2.2864204
3.7760846 1.0414981 2.2863344
4.5093242 0.76814255 1.9600987
4.5096324 0.76772963 1.9592056
4.5102657 0.76704124 1.9579426
4.5100116 0.76674614 1.9576173
4.5096787 0.7664663 1.95741
4.5093745 0.76620004 1.9572527
4.508989 0.76601348 1.9577647
4.5086673 0.76584715 1.9578122
4.5078386 0.76606849 1.9584596
4.5073976 0.76593224 1.9586549
4.5093668 0.76642631 1.9586112
3.1187499 1.0351759 5.885816
3.1211168 1.0360071 5.8839645
3.1201592 1.0363033 5.8858247
3.120194 1.0363169 5.886296
3.1203186 1.0362958 5.8866608
3.1205296 1.0362466 5.8868767
3.1208232 1.0361659 5.8869787
3.1211671 1.0360754 5.8869464
3.1215096 1.0359446 5.8868493
3.1218057 1.0358116 5.8866921
3.1220008 1.0356545 5.8865608
3.1220907 1.0355044 5.8864675
3.122035 1.0353106 5.8864676
3.1216502 1.0349646 5.8865296
3.1215312 1.0348912 5.8865365
3.1213169 1.0348312 5.8866348
3.1214207 1.0352941 5.8870733
3.1208818 1.0354817 5.8862911
3.1215272 1.0355527 5.8860497
3.1213289 1.0351741 5.8867407
3.1208813 1.0351384 5.8865536
3.1203732 1.03494 5.8865826
3.1197512 1.0346889 5.8866732
3.1190577 1.034384 5.88675
3.1195246 1.0294121 5.8868905
1.1411788 0.62708711 1.557267
1.1424789 0.62635014 1.5550005
1.1441608 0.62572358 1.5521212
1.1454299 0.62507054 1.5499086
1.1455645 0.62462767 1.5495347
1.1458445 0.62418583 1.5490716
1.1460103 0.62374051 1.5487907
1.146047 0.6232959 1.5486989
1.1459999 0.62288105 1.5487464
1.1460535 0.6223428 1.5487794
1.1468363 0.62196307 1.5480714
1.1465189 0.62169601 1.5483544
1.14575 0.62227118 1.548961
1.1447121 0.62340253 1.5501445
1.1439518 0.62404535 1.5509896
1.1431343 0.62473722 1.5519078
1.1423266 0.62538062 1.5528711
1.1414838 0.62600125 1.5539049
1.1406356 0.62658969 1.5549803
1.1397529 0.62714102 1.5561265
1.1388436 0.62766344 1.5573642
1.1374945 0.62796998 1.5588887
1.1614639 1.3197414 3.0123407
1.1616607 1.3205943 3.0119793
1.1601814 1.3217093 3.0100488
1.160084 1.3215691 3.0108167
1.1606094 1.3226592 3.0102215
1.1605153 1.3229442 3.0100766
1.1609117 1.3236414 3.0088661
1.1613924 1.323978 3.0085168
1.1618338 1.3238834 3.0085461
1.1627957 1.3238789 3.0088652
1.1632102 1.3239193 3.0090111
1.1635307 1.3237641 3.0090631
1.1650862 1.3210838 3.0087546
1.16527 1.3209188 3.0087957
1.1634459 1.3206426 3.0091047
1.1635103 1.3203324 3.0091301
1.2873607 1.8042276 2.1804
1.2878288 1.8048713 2.1803838
1.2881048 1.8053216 2.1802773
1.2886554 1.8058788 2.1803366
1.2894357 1.8066886 2.1804896
1.2899824 1.8069769 2.1808102
1.2904212 1.8072104 2.1811496
1.2909903 1.8077255 2.1814222
1.2908499 1.8072457 2.1821525
1.2908719 1.8072385 2.182566
1.2908326 1.8071798 2.1829827
1.2907942 1.8070732 2.183401
0 0 0
4.0304731 1.8728657 2.4560399
4.0304495 1.8729561 2.4552098
4.0304382 1.8730325 2.4543706
4.0304423 1.873135 2.4535635
4.0304806 1.873241 2.4528028
4.0305556 1.8733316 2.4521237
5.5739915 1.216055 2.5331563
5.5743824 1.2155838 2.5324115
5.5747798 1.2151261 2.5316644
5.577216 1.2127407 2.5268573
2.4102409 1.7011858 3.6920537
2.4095372 1.7006753 3.6919088
2.4087691 1.7000756 3.6918271
2.407775 1.699237 3.691646
2.4069003 1.698824 3.6916142
2.4064172 1.6983607 3.6914963
2.4060047 1.6979551 3.691436
2.405674 1.6976771 3.6913205
2.4056174 1.6972341 3.6912711
2.4060181 1.696695 3.6911984
2.4058924 1.6967788 3.6910221
2.4056038 1.6980493 3.6901295
2.4055403 1.6982516 3.689902
2.4051254 1.6982499 3.689228
2.4054918 1.699565 3.6888081
2.4058012 1.7002451 3.6881418
2.4055195 1.7003371 3.6877043
2.4056545 1.7004135 3.6877656
2.4058314 1.6998057 3.6886341
2.4063518 1.6997435 3.6892962
2.4074758 1.6995023 3.6895118
2.4064843 1.6985895 3.6913863
2.4066729 1.6982976 3.6918997
2.4066391 1.6980272 3.6923476
2.4067438 1.6978088 3.6925986
2.4066925 1.6975753 3.6928606
2.4065365 1.6973593 3.6930471
2.4062925 1.6971449 3.6931706
2.4062629 1.6972583 3.6936664
2.4045761 1.6946057 3.697074
0 0 0
4.5099306 0.76797252 1.9589256
4.5098229 0.76770563 1.9583371
4.5104008 0.76720721 1.9575361
4.5101839 0.76684916 1.9572946
4.5099704 0.76652599 1.9570941
4.5096801 0.76625994 1.957003
4.508189 0.7661673 1.9583672
4.5075935 0.76586588 1.9592492
4.5071301 0.76570279 1.9594797
4.5066609 0.76548925 1.9597083
4.5061162 0.76526117 1.9599989
4.5018382 0.76668648 1.9573696
3.125756 1.0356015 5.883023
3.1196982 1.036121 5.8857383
3.1197835 1.0360721 5.8861324
3.120001 1.0360548 5.8863993
3.1203382 1.036031 5.8865886
3.1207334 1.0359873 5.8866434
3.1211776 1.0358995 5.886608
3.1216219 1.0358054 5.8864804
3.1220044 1.0356825 5.8863339
3.1222802 1.0355515 5.8861736
3.1224392 1.0353812 5.8860798
3.1223771 1.035202 5.8860467
3.1222069 1.0349282 5.8861423
3.1219917 1.0348017 5.886062
3.1218201 1.034728 5.8861188
3.1216215 1.0347277 5.8861974
3.1212144 1.0343946 5.8856279
3.1218392 1.0330311 5.8867191
3.1214626 1.0329004 5.8867646
3.1210023 1.0327202 5.8868071
3.1202172 1.0318822 5.8857591
3.1184908 1.032823 5.8847084
1.8265053 2.3720146 4.31891
1.8294047 2.37161 4.3218806
1.139651 0.62921155 1.5593505
1.1413514 0.6280505 1.5563959
1.1476039 0.62723203 1.5426343
1.1493865 0.62611153 1.5395443
1.1496 0.6253465 1.5392371
1.1466681 0.62719394 1.5448566
1.1468145 0.62653612 1.5446226
1.145858 0.62325326 1.5487219
1.1458435 0.62271408 1.5487419
1.1459912 0.62181545 1.5487008
1.1459002 0.62144611 1.5488739
1.1458244 0.62110716 1.549052
1.8917315 1.405146 3.8303942
1.143268 0.62501227 1.5522953
1.1438639 0.62430087 1.5513152
1.1430461 0.6250615 1.5524034
1.1421786 0.62581253 1.5535433
1.1412858 0.62652797 1.554724
1.1403641 0.62724274 1.555925
1.1394272 0.62789482 1.5571481
1.1410995 0.62226042 1.5584842
0 0 0
1.1623855 1.3201088 3.0115855
1.1623857 1.3207898 3.0113027
1.16073 1.3217652 3.0094766
1.1608654 1.3219946 3.0098851
1.1609837 1.3226 3.0098044
1.1611867 1.3233453 3.0094424
1.1612767 1.32354 3.0087395
1.1615861 1.3237855 3.008591
1.1619626 1.3238602 3.0085581
1.1628049 1.3239893 3.0086277
1.1637928 1.3247677 3.0092005
1.1641177 1.3246981 3.009277
1.1647949 1.3223577 3.0092344
1.1654132 1.3216815 3.0096665
1.1654722 1.3215456 3.0096058
1.1649533 1.3236578 3.0088717
1.1648912 1.3235242 3.0088405
1.2873533 1.8039152 2.1808987
1.2878064 1.8046262 2.1806466
1.2884887 1.8055405 2.180515
1.2897034 1.8072887 2.1803834
0 0 0
0 0 0
1.2914995 1.8078115 2.1813444
1.2916276 1.8069614 2.1822522
1.2912722 1.8073745 2.1825057
1.2912063 1.8073246 2.1829606
1.2911137 1.8072589 2.1834228
4.0309862 1.8728722 2.4562754
4.0309955 1.872973 2.4557686
4.0310014 1.873085 2.4552379
4.0310023 1.8731792 2.4547029
4.0310076 1.8732646 2.4541584
4.0310159 1.873335 2.4536409
4.031059 1.8733901 2.4531658
4.0312675 1.8734265 2.4528141
2.4117749 1.7007161 3.6936754
2.410565 1.7018034 3.6930521
2.4098982 1.7020869 3.6928181
2.4091532 1.7009114 3.6923856
2.408448 1.7004316 3.6921793
2.4077187 1.6999247 3.6919155
2.4070841 1.699402 3.6916993
2.4065208 1.6988915 3.6914916
2.4060474 1.6984453 3.6913116
2.4056831 1.6981083 3.6910891
2.4054136 1.6978701 3.6909269
2.4050769 1.6971069 3.6913889
2.4057127 1.6967218 3.6911397
2.4057041 1.6968282 3.6910325
2.4055321 1.6981657 3.6902204
2.4055637 1.6984268 3.690066
2.4055004 1.6989896 3.6892903
2.4055662 1.6998753 3.6892831
2.4056521 1.7000941 3.6892356
2.4057489 1.700213 3.6892194
2.4058495 1.7002215 3.6892185
2.405934 1.7001063 3.6893148
2.4062749 1.6999842 3.689805
2.4066867 1.7001435 3.690303
2.406274 1.6988003 3.6915046
2.406391 1.6985141 3.6918419
2.4064574 1.6982439 3.6921115
2.4065271 1.698001 3.6923495
2.4065308 1.6978156 3.6925359
2.4064543 1.6976841 3.6926669
2.4062932 1.6975899 3.6927736
2.4060492 1.6975299 3.6928712
2.4057634 1.6975091 3.6929671
2.4053271 1.6973944 3.6931136
4.510979 0.76807031 1.9575488
4.5108231 0.76770475 1.9572952
4.5106172 0.76729408 1.9571068
4.5104451 0.76694736 1.9569177
4.5102157 0.7666257 1.956792
4.5099257 0.76637038 1.9567635
4.508462 0.76622702 1.9582575
4.5077289 0.76597386 1.9592671
4.507269 0.76578561 1.9595486
4.5067725 0.7656011 1.9598582
4.5063172 0.76538593 1.9601238
4.5073211 0.76485932 1.9575392
4.5069006 0.7645831 1.9577478
3.1188016 1.0356608 5.8857302
3.1191354 1.0357277 5.8860739
3.1195286 1.0357888 5.8863453
3.1200107 1.0358111 5.8864379
3.1206638 1.0358189 5.8863869
3.121232 1.035769 5.8862996
3.1217723 1.0356846 5.8861618
3.1219873 1.0355501 5.8859559
3.1223349 1.0354301 5.8857874
3.122556 1.0353375 5.8856198
3.1226368 1.0352045 5.8855416
3.1227179 1.0349961 5.8854054
3.1225555 1.0348338 5.8854857
3.1223466 1.0347068 5.8855784
3.1220072 1.0345693 5.8857699
3.1217114 1.0344282 5.8858779
3.1214744 1.0343338 5.8867182
3.1222114 1.0356651 5.8897785
3.1211779 1.0408992 5.885939
1.8226058 2.3724117 4.314241
1.82374 2.3725682 4.3161864
1.8262258 2.3722218 4.3187264
1.8287358 2.3718797 4.3212978
1.8313097 2.3715367 4.3239711
1.7948249 1.3053228 3.8821159
1.7947155 1.3054302 3.8818644
1.7983363 1.3026645 3.8794038
1.7977158 1.302602 3.8791766
1.7968603 1.303998 3.8793793
1.7955298 1.3054137 3.8794735
1.7953372 1.3054924 3.8794121
1.7951229 1.3055394 3.8794225
1.7953777 1.3040968 3.8793251
1.7950686 1.305154 3.8765457
1.7935512 1.3041123 3.8785756
1.790713 1.3077059 3.8810533
1.790678 1.3075545 3.8812596
1.792841 1.3060461 3.8817973
1.7952149 1.3019551 3.8822294
0 0 0
0 0 0
1.7944428 1.304266 3.8806606
1.7946246 1.3042301 3.8804532
1.7948115 1.3043174 3.8800265
1.1608114 1.3197351 2.9987525
1.1617561 1.3200565 3.0094252
1.1612907 1.320624 3.009458
1.1611372 1.3211969 3.0093538
1.1611795 1.3220188 3.0095579
1.1612807 1.3225529 3.0094631
1.1614043 1.3230086 3.0087679
1.1616334 1.3233404 3.0087396
1.1620624 1.3235175 3.0088193
1.1624315 1.323661 3.0089206
1.1628086 1.3237349 3.0089716
1.162897 1.3238632 3.0092532
1.163265 1.3229326 3.0091416
1.1639877 1.3231004 3.0101421
1.1648897 1.3222265 3.0096744
1.1649862 1.3244712 3.0089567
1.1649268 1.3244983 3.0088617
1.164763 1.3246587 3.0084404
1.1646331 1.3247624 3.0082016
1.2874574 1.804396 2.1813812
1.2883088 1.8057264 2.1809911
1.2891356 1.8070676 2.1806132
4.6812986 1.4028442 2.8333232
4.6824988 1.4054372 2.8317246
4.6823274 1.4062119 2.8311418
4.6821372 1.4069125 2.8305121
4.6819417 1.4076761 2.829824
4.6817316 1.4084329 2.8290654
4.0314562 1.8727877 2.4560087
4.031501 1.8729394 2.4557711
4.0315189 1.8730771 2.4555143
4.0315275 1.8732 2.4552573
4.0315385 1.8733035 2.4549984
4.0315305 1.8733773 2.4547119
4.0315294 1.8734216 2.4544125
4.0315397 1.8734326 2.4541249
4.0315615 1.8734247 2.4538682
2.4111268 1.7032026 3.6946747
2.4099231 1.7024767 3.6930832
2.4086356 1.7021983 3.6924138
2.4074663 1.7010268 3.6928801
2.4072969 1.7004048 3.6926338
2.4069745 1.6997578 3.6920406
2.4065189 1.6992985 3.6917397
2.4060917 1.6988566 3.6914668
2.4057099 1.6984639 3.6912062
2.4054116 1.6981585 3.6909905
2.4051627 1.6979523 3.690816
2.4048302 1.6979011 3.6905558
2.4044993 1.6976001 3.690742
2.4052968 1.6980829 3.6903845
2.4053905 1.698326 3.6903492
2.4054971 1.6986341 3.6902962
2.4057524 1.6987546 3.6903836
2.405886 1.6990435 3.6903858
2.4057052 1.700339 3.6897943
2.4057984 1.7004758 3.6898758
2.4058287 1.7004243 3.6899385
2.4058915 1.7003325 3.6900601
2.4062316 1.7001753 3.6903095
2.4061209 1.6994254 3.6911628
2.4061162 1.6989913 3.691617
2.4062212 1.6986796 3.6918429
2.4062073 1.6984224 3.6919451
2.4063029 1.6981914 3.6920948
2.4063646 1.6980409 3.6922016
2.4063751 1.6979896 3.6922902
2.4063276 1.6980156 3.6923617
2.4062496 1.6981108 3.6924338
2.4058891 1.698249 3.6926099
2.4057446 1.698344 3.692694
4.5110107 0.76800636 1.9571554
4.5108847 0.76769053 1.9569412
4.5107823 0.76736451 1.9567346
4.5106213 0.76704503 1.9565914
4.5104378 0.76675631 1.9565215
4.5100562 0.76649158 1.9566023
4.5093971 0.76539242 1.9563592
4.5089655 0.76516326 1.9566814
4.5088442 0.76546128 1.9583
4.5083381 0.76527403 1.9586409
4.5064446 0.76565344 1.9603229
4.5075045 0.76502488 1.9577198
4.5070147 0.76480287 1.9580191
3.1170401 1.0343157 5.8841889
3.1185196 1.0354086 5.8860157
3.1190807 1.0356387 5.8863638
3.1198703 1.0356876 5.8862816
3.1206493 1.0357058 5.8861994
3.1213607 1.0356835 5.8860781
3.1219762 1.035657 5.8858827
3.1217877 1.0354315 5.8858267
3.1221259 1.0342767 5.884241
3.1225459 1.0337334 5.884771
3.1226657 1.0336448 5.884668
3.1239655 1.0346806 5.8842927
3.1228916 1.034864 5.884958
3.1226844 1.0346902 5.8850636
3.1224023 1.0344849 5.8852554
3.1221074 1.0342448 5.8854321
3.1209878 1.0340141 5.8852049
0 0 0
0 0 0
1.8244718 2.3707105 4.313935
1.8238687 2.3727255 4.3164299
1.8259453 2.3724338 4.3185424
1.8280852 2.3721354 4.3207374
1.8302371 2.3718523 4.322955
1.7962832 1.3063883 3.8806986
1.7956432 1.3057216 3.8803851
1.795696 1.3055246 3.8799967
1.7956835 1.305522 3.8797426
1.7956538 1.3055562 3.87949
1.7957146 1.3054571 3.8793754
1.7956194 1.3055084 3.8792402
1.7954825 1.3055223 3.8792076
1.794197 1.3052253 3.8804317
1.7940571 1.3051846 3.8805316
1.7939266 1.3051128 3.8806546
1.7936693 1.304359 3.8808788
1.793609 1.3042863 3.8809868
1.7936001 1.3042302 3.8810856
1.793677 1.3041716 3.8811067
1.7938728 1.3042964 3.8808946
1.7942438 1.3045405 3.8805028
1.7945329 1.3045825 3.8802007
1.7947914 1.30452 3.8799306
1.7949905 1.3044238 3.8795817
1.794606 1.3037223 3.8794272
1.1626145 1.3205033 3.0086814
1.1619742 1.3208658 3.0088079
1.1614557 1.321264 3.0089775
1.1612941 1.3217959 3.0090313
1.1615686 1.3223875 3.0089431
1.161732 1.3227628 3.0089147
1.1619875 1.3230479 3.0089233
1.1622256 1.3233052 3.0089528
1.1625066 1.3235692 3.0090719
1.1628497 1.3237154 3.0091219
1.1632463 1.3232993 3.009384
1.1634527 1.3232509 3.0094365
1.1637742 1.3234751 3.0092384
1.1640665 1.3234877 3.0090675
1.1645132 1.3248502 3.0091011
1.164298 1.3250775 3.0089809
1.1640088 1.3253728 3.0087719
1.1636979 1.3255654 3.008487
1.1633645 1.325877 3.0083032
4.6823589 1.4036133 2.8329841
4.6822356 1.4043479 2.8326324
4.6821446 1.4050677 2.8322846
4.682067 1.4057518 2.8319172
4.6819812 1.406448 2.8314626
4.6818884 1.4070949 2.8309314
4.681777 1.4077395 2.8303353
4.6816718 1.4084098 2.8296787
4.681565 1.4090841 2.82903
4.0320031 1.8730096 2.4553181
4.0320171 1.8731606 2.4552602
4.0320082 1.8733045 2.4552205
4.0320125 1.8734026 2.4552632
4.0319912 1.8734582 2.4551743
4.0319572 1.8734792 2.4550842
4.0319364 1.8734741 2.454972
4.0319173 1.8734316 2.4548722
4.0305615 1.8714403 2.4566599
2.4061048 1.7030302 3.6924786
2.4066221 1.7015114 3.6928368
2.4065467 1.7004757 3.693094
2.4063075 1.7000333 3.6927688
2.4060529 1.6996309 3.6924098
2.4060002 1.6991515 3.6918053
2.4057064 1.6987775 3.6914607
2.405433 1.6984553 3.6911622
2.4051784 1.6982081 3.690908
2.4049789 1.6980622 3.6907529
2.4047468 1.6981215 3.6902791
2.4047051 1.69819 3.6902676
2.4049777 1.6983222 3.6903553
2.405109 1.6985604 3.690431
2.4053151 1.6988682 3.6905597
2.4055536 1.6991977 3.690797
2.4058756 1.6993765 3.6912686
2.4055915 1.7002438 3.6911776
2.4057969 1.7006831 3.6905427
2.4058644 1.7006352 3.6905575
2.4059133 1.7005322 3.6905832
2.4060351 1.7003498 3.6906774
2.406075 1.6994222 3.6914579
2.4060335 1.6991546 3.6917022
2.4060843 1.6988396 3.6918101
2.4060047 1.6985845 3.6917752
2.4060947 1.6983651 3.691838
2.4061988 1.6982381 3.6918942
2.4062959 1.698244 3.691933
2.406324 1.6984021 3.6919913
2.4063266 1.6986636 3.6920539
2.4060342 1.6989994 3.6922859
2.4060137 1.6992656 3.6923777
4.5108723 0.76795081 1.9569466
4.5108731 0.76767888 1.9566779
4.5108241 0.76740506 1.9564638
4.5107661 0.76716464 1.95631
4.5105986 0.76691742 1.9562769
4.510146 0.76662129 1.9564684
4.5092916 0.76552953 1.9562695
4.5082712 0.76592478 1.9567498
4.5089744 0.76622207 1.9567123
4.5086049 0.7663044 1.9578384
4.5081028 0.76616821 1.9581981
4.507616 0.76541667 1.958196
4.507174 0.76517404 1.9584639
4.506835 0.76514466 1.9582633
0 0 0
3.1184851 1.0354031 5.8863134
3.119508 1.0355204 5.8862383
3.1208205 1.035678 5.8861101
3.121607 1.0356862 5.8859258
3.1222211 1.0356245 5.8856953
3.1216526 1.0347207 5.8855946
3.1223696 1.0343833 5.8839151
3.1227812 1.0343577 5.8843365
3.1232637 1.033747 5.8840787
3.1242133 1.0349745 5.8838259
3.1231796 1.0349953 5.8843934
3.1230382 1.0347835 5.8844247
3.1232853 1.0339672 5.8844645
3.1231035 1.0336345 5.8845825
3.121385 1.033099 5.8855727
1.8214925 2.3700317 4.3162903
1.8280497 2.3716303 4.319317
1.8246186 2.372614 4.3178064
1.8261454 2.3723984 4.3193235
1.8276189 2.3716432 4.3200771
1.8274666 2.3723706 4.320194
1.8292115 2.3721286 4.3219777
1.7956343 1.3070058 3.8802457
1.7945584 1.3075499 3.8800653
1.7946246 1.3075407 3.8797312
1.7957799 1.3059587 3.8801723
1.7958678 1.3058556 3.8799449
1.7961014 1.3056735 3.8792789
1.7960634 1.3056746 3.8791475
1.795484 1.3054931 3.8791134
1.7946177 1.3052394 3.8802014
1.7945417 1.3052087 3.8801876
1.7944384 1.3051865 3.8802641
1.7941893 1.3044818 3.8803507
1.7941103 1.3044755 3.8804069
1.7940672 1.3044845 3.8804126
1.7940882 1.3045293 3.8803602
1.794188 1.3046034 3.8802053
1.7943645 1.3048084 3.8800138
1.7946536 1.3049057 3.8797359
1.7949658 1.3049443 3.8794933
1.7952695 1.3049311 3.8792506
1.7956316 1.3048999 3.878961
1.1634748 1.3209148 3.0078899
1.162541 1.3211283 3.0082453
1.1617164 1.3213799 3.0086205
1.1615353 1.3218844 3.0088038
1.1617693 1.3223489 3.0088675
1.1619566 1.3226381 3.0088949
1.1621409 1.3228607 3.0090158
1.1628184 1.3230955 3.0088591
1.163078 1.3231762 3.0089732
1.1633026 1.3232311 3.0090763
1.1632629 1.3230543 3.0094769
1.1633697 1.3232003 3.0095634
1.1634314 1.3232876 3.0095439
1.1637385 1.3237185 3.0091689
1.1635113 1.3240025 3.0090824
1.1627833 1.3245714 3.0095588
1.1619215 1.3255936 3.0098854
1.1614969 1.3260153 3.009891
0 0 0
4.6817111 1.4040981 2.8330492
4.6816811 1.4047722 2.8327291
4.6816651 1.4054706 2.8324085
4.6816554 1.4061871 2.8320248
4.6809616 1.406752 2.8317064
4.6809683 1.4073921 2.8312372
4.6816207 1.407776 2.8308437
4.6816163 1.40837 2.8303019
4.6816112 1.4089432 2.8297602
4.0324832 1.8730799 2.4548707
4.0324444 1.8732135 2.4550144
4.0324132 1.8733742 2.4551884
4.0324607 1.8735198 2.4553826
4.0324335 1.8735819 2.4554836
4.0323754 1.8735848 2.4556691
4.0322696 1.8735414 2.4556681
4.0321716 1.8734852 2.4556884
4.0307122 1.8714899 2.4574283
2.4060299 1.7023324 3.6935171
2.4055196 1.7009016 3.69347
2.4056007 1.7001292 3.6934451
2.4055515 1.6997169 3.6930484
2.4055142 1.6993255 3.6926297
2.4055471 1.6990015 3.6918844
2.405396 1.6986784 3.6914968
2.405203 1.6984276 3.6911495
2.4050144 1.698261 3.6908983
2.4048326 1.6981728 3.6907337
2.4045567 1.6983188 3.6903972
2.4044962 1.6984253 3.690462
2.4045392 1.6986694 3.6906712
2.4046552 1.6989385 3.69086
2.4050179 1.6992651 3.6914479
2.4052634 1.6995961 3.6915548
2.4055528 1.6998954 3.6915965
2.4059121 1.7005818 3.6914303
2.4057696 1.7008085 3.6911912
2.4058556 1.7007637 3.6911114
2.4058936 1.7006458 3.6910436
2.4056659 1.7001139 3.6914316
2.405693 1.6997603 3.6914479
2.405723 1.6993896 3.6914537
2.4057946 1.6990295 3.6914536
2.4058099 1.6987062 3.69158
2.4059246 1.6985213 3.6916048
2.4060492 1.6984062 3.6916167
2.4061847 1.6983619 3.6916364
2.4062744 1.6987355 3.6916831
2.4065485 1.6997429 3.6916324
2.4062857 1.6998568 3.6920717
2.4063187 1.7002286 3.69209
4.5107447 0.76785688 1.9567319
4.5106988 0.76763973 1.9566012
4.5108463 0.76741855 1.9562502
4.5107993 0.76725082 1.9561129
4.511101 0.76746101 1.9553787
4.5107999 0.76653834 1.9551975
4.5103773 0.76639216 1.9555369
4.5094199 0.76628119 1.9558977
4.5090135 0.76641192 1.9568274
4.5085584 0.76661551 1.9580595
4.508055 0.76646784 1.9585106
4.5073884 0.76590927 1.9591668
4.5070284 0.76577926 1.9594767
4.506734 0.76566593 1.9596915
3.1183669 1.0358187 5.8869873
3.1192971 1.0357878 5.8866932
3.1201639 1.0357788 5.8864068
3.1212482 1.0358318 5.8861197
3.1219446 1.0357837 5.8858686
3.1224911 1.0357638 5.8856524
3.1227724 1.0357268 5.8854654
3.1225138 1.0362946 5.8848462
3.123109 1.0362856 5.8843636
3.1237946 1.0357308 5.8841765
3.1238979 1.0357773 5.8838897
3.1231698 1.0360994 5.8833805
3.1232498 1.0357987 5.8832596
3.1242746 1.0346012 5.8826075
3.1259049 1.0334055 5.8857827
1.8155036 2.3729854 4.3107796
1.8163253 2.3729382 4.3114272
1.8212331 2.3744635 4.3139499
1.8250437 2.3726865 4.3183302
1.8262351 2.3725549 4.3195105
1.8278063 2.3719626 4.3204473
1.8299042 2.3711653 4.3215975
1.8306 2.3704285 4.3221521
1.7925518 1.3044376 3.8805925
1.7925108 1.3042219 3.8804858
1.795686 1.3040362 3.8786839
1.7951485 1.3054209 3.8803472
1.7954384 1.3053845 3.8799511
1.7962461 1.3056347 3.8792303
1.7963186 1.3056151 3.8790155
1.7959403 1.3048995 3.8789789
1.7953873 1.3050069 3.879776
1.795106 1.3052756 3.8799344
1.7949644 1.3052606 3.8798536
1.7948815 1.305295 3.8798711
1.7946133 1.3046953 3.8797608
1.7945149 1.3047901 3.8796839
1.7944703 1.3048411 3.8796206
1.7945032 1.3049007 3.8795545
1.7945802 1.305092 3.8793998
1.7948093 1.3051365 3.8792711
1.7951368 1.3051295 3.8790928
1.7955523 1.3050472 3.8789096
1.7960927 1.304972 3.8786393
1.7996045 1.3042115 3.8788226
0 0 0
1.161774 1.3215837 3.0084664
1.1617772 1.3219574 3.008733
1.1618643 1.3223019 3.0089524
1.1621959 1.3225037 3.008933
1.1623266 1.3226894 3.0091198
1.1628323 1.3229 3.0091088
1.1628788 1.322881 3.0092725
1.1631283 1.3228867 3.0095156
1.16313 1.3230143 3.009599
1.1632194 1.3230541 3.0096982
1.1631474 1.3233331 3.0097321
1.1628834 1.3236035 3.0098205
1.1625562 1.3240067 3.0098787
1.162018 1.3246692 3.0099415
1.1557506 1.3260101 3.0133128
1.1551439 1.3266129 3.0133444
0 0 0
4.6810796 1.4045524 2.833104
4.6811374 1.4051685 2.8328483
4.681161 1.4057809 2.8325495
4.681333 1.4063294 2.8319163
4.680709 1.4070112 2.8320342
4.6807972 1.4075622 2.831648
4.6815161 1.4077996 2.8313516
4.6815665 1.4081959 2.8310247
4.6816521 1.4086738 2.8306165
4.0331148 1.8734541 2.4542332
4.0327664 1.873314 2.4546785
4.0327019 1.8733944 2.4551734
4.0326576 1.8735263 2.4554642
4.0325836 1.8735975 2.4556737
4.0326188 1.8736466 2.4560544
4.0324018 1.8736011 2.4561452
4.0323409 1.8735387 2.4562897
4.0325773 1.8721141 2.4555217
2.4047546 1.7019954 3.6939182
2.4045876 1.7000998 3.6942756
2.404758 1.6997269 3.6938102
2.4048775 1.6993651 3.6933502
2.4051084 1.6990822 3.6923609
2.4051643 1.6987867 3.6919199
2.4051523 1.6985507 3.691532
2.4050404 1.6983958 3.6911952
2.4048706 1.6983109 3.6909434
2.4047091 1.698306 3.6908353
2.4043886 1.6984887 3.6905772
2.4043071 1.6986336 3.6907355
2.4042772 1.6989071 3.6909735
2.4043965 1.699152 3.691252
2.4047572 1.6994346 3.6919063
2.4049867 1.6997228 3.6921037
2.405384 1.7000183 3.6920404
2.4057849 1.7006799 3.6920129
2.4057136 1.7008166 3.6916787
2.4058717 1.7008311 3.6916079
2.4057831 1.7003343 3.6917678
2.4057904 1.700137 3.6916461
2.4057566 1.6997728 3.6915342
2.4057802 1.6994224 3.6914278
2.4058059 1.6990981 3.6913315
2.4056829 1.6988123 3.6913189
2.4058647 1.698643 3.6913792
2.405957 1.6985612 3.6913907
2.4060875 1.6985904 3.6914309
2.4061691 1.6989981 3.6915192
2.4070902 1.7000847 3.6916453
2.406971 1.7009671 3.691545
2.4071616 1.7015918 3.6915699
4.5106149 0.7677203 1.9565882
4.5106911 0.76754025 1.9563813
4.5112538 0.76754682 1.9557294
4.5112197 0.76742668 1.9557323
4.5113041 0.76697382 1.9550078
4.5107731 0.76661806 1.9551708
4.5103048 0.76653096 1.955608
4.5098462 0.76644729 1.9560422
4.5096203 0.76658098 1.9567202
4.5084865 0.7668798 1.9582926
4.5080089 0.76677364 1.9587773
4.5073433 0.76627256 1.959544
4.5070032 0.76615673 1.959859
4.5066663 0.76604623 1.9601773
3.1194881 1.0361181 5.8875432
3.1202082 1.0360977 5.8870701
3.120904 1.0360713 5.8866011
3.1218252 1.0361006 5.8861594
3.1226958 1.0361661 5.8858258
3.1234397 1.035996 5.8854963
3.1236011 1.0365503 5.8863571
3.1237986 1.0365895 5.886097
3.1238119 1.0368533 5.8856674
3.1238711 1.0368207 5.8854296
3.122569 1.0367259 5.8851712
3.1218696 1.0360583 5.884305
3.1218145 1.0357415 5.8831281
0 0 0
1.8198396 2.3737517 4.3188428
1.8200941 2.3720577 4.3140038
1.8214253 2.3722648 4.3131396
1.8221593 2.3737125 4.3143126
1.8229738 2.3736541 4.3150983
1.8263248 2.372682 4.3196425
1.8281281 2.3721973 4.321195
1.8292357 2.3720829 4.3223224
1.833857 2.3716464 4.32494
1.7918937 1.3045763 3.8809292
1.7922984 1.3043774 3.8802332
1.7931793 1.3019452 3.8769789
1.7933862 1.301858 3.8766411
1.7951763 1.3049291 3.8756715
1.7975357 1.3037716 3.8755178
1.7976695 1.3037506 3.8752547
1.7960577 1.3049105 3.8792873
1.7958058 1.3050193 3.8796078
1.7957792 1.3050674 3.8794787
1.7956658 1.3051715 3.8794066
1.795358 1.3054091 3.8793899
1.7952017 1.3054422 3.8793515
1.7949168 1.3050526 3.878995
1.7948148 1.3050785 3.8789694
1.794796 1.3051187 3.8789039
1.7948268 1.3052883 3.8788288
1.7950246 1.3053242 3.8787867
1.7953235 1.3052177 3.8787369
1.7957216 1.3050359 3.8786429
1.7962511 1.3047762 3.8785111
1.7969549 1.3044725 3.8782821
1.7994467 1.3039525 3.8741468
1.1618219 1.3217286 3.0083153
1.1619292 1.3220286 3.0087384
1.1620406 1.3222741 3.0091203
1.1624222 1.3223952 3.0090871
1.162532 1.3225454 3.0092873
1.162658 1.3226405 3.0094192
1.1627954 1.3226964 3.0095443
1.1628539 1.3227776 3.0096536
1.1629019 1.3229102 3.0097573
1.1629684 1.3228907 3.009835
1.16278 1.323168 3.0098934
1.1624962 1.3237027 3.0099779
1.1621513 1.3242645 3.0100297
1.1617239 1.3249125 3.0100483
1.1548277 1.3254116 3.012147
4.6813876 1.4030049 2.8324951
4.6807501 1.4031663 2.832145
4.6800644 1.4046185 2.8334609
4.6802625 1.4052719 2.8333242
4.6808279 1.4060722 2.8327917
4.6813007 1.4067572 2.8323852
4.6834995 1.4086895 2.8320466
4.6836425 1.4091464 2.8317098
4.6820988 1.4075339 2.8318631
4.6815703 1.4083373 2.8319675
4.6817103 1.4085353 2.8313429
4.0329923 1.8730162 2.4538172
4.0329031 1.8731264 2.4542599
4.0328529 1.8733423 2.4551228
4.0327473 1.873482 2.4554819
4.0326228 1.8735589 2.4557406
4.0330245 1.8734415 2.4567617
4.032977 1.8734373 2.4570179
4.0312576 1.8719026 2.4552301
4.0320817 1.8716754 2.454928
0 0 0
2.4037271 1.6995672 3.6946908
2.4040681 1.6992702 3.6941657
2.4043494 1.6989834 3.6936069
2.40503 1.6988093 3.6931066
2.4049533 1.6985684 3.6919864
2.4049935 1.6984249 3.6915962
2.404907 1.6983588 3.6912671
2.4047597 1.6983673 3.6910793
2.4045667 1.698427 3.6910165
2.4042766 1.6985364 3.6910734
2.4040866 1.6988595 3.6910752
2.4040425 1.6991365 3.691388
2.4040673 1.6993579 3.691648
2.4044751 1.6995733 3.6924019
2.404691 1.6998016 3.6926031
2.4056094 1.7005683 3.6946485
2.4058801 1.7007125 3.6946703
2.4053685 1.700507 3.692416
2.4055967 1.7004504 3.6922373
2.4057689 1.7002973 3.6920075
2.4058572 1.7000584 3.6917778
2.4058988 1.6997426 3.6915611
2.4059179 1.6993879 3.6913393
2.4059305 1.6991151 3.6911833
2.4059059 1.6988184 3.6911217
2.4059265 1.6986702 3.6911486
2.4059338 1.6987056 3.6911835
2.405965 1.6988291 3.6912764
2.4059522 1.6992328 3.6914349
2.4066072 1.7001238 3.6916982
2.4063282 1.7011286 3.6917864
2.4063517 1.7016554 3.6919806
4.507697 0.76339906 1.9583914
4.5105919 0.76730893 1.9562823
4.5105744 0.76715911 1.9561818
4.5113109 0.76664231 1.9550121
4.5111056 0.76650192 1.9551885
4.5107732 0.7664113 1.9555168
4.5093634 0.76679547 1.9572493
4.5083089 0.76704161 1.9583837
4.5077225 0.76708439 1.9590024
4.5075125 0.7672805 1.9596015
4.5074693 0.76735096 1.9598509
4.5071783 0.76666905 1.9599494
4.5067887 0.76658265 1.9603683
4.502394 0.76164229 1.961076
3.1206372 1.0363963 5.8881103
3.1212009 1.0363824 5.8874496
3.1217604 1.0363746 5.8868006
3.1222921 1.0364183 5.8861916
3.123181 1.0361444 5.8853758
3.1235231 1.0361861 5.8849253
3.1238211 1.0369439 5.8862434
3.1239392 1.0369664 5.8859074
3.1239405 1.0372297 5.8853926
3.1239426 1.0372234 5.8851143
3.1232349 1.0367296 5.8830078
3.1219488 1.0365085 5.8837949
3.121891 1.0364131 5.8834953
1.8256926 2.372233 4.3186265
1.8250653 2.3723569 4.3176602
1.8240038 2.3719904 4.3157182
1.8236431 2.3725008 4.3150182
1.8243006 2.3727024 4.3157859
1.8248134 2.3727171 4.3162463
1.8252365 2.3727538 4.3172704
1.828066 2.3718792 4.3208893
1.8287767 2.3726911 4.3216263
1.8327415 2.3720893 4.3233705
1.7929802 1.3046177 3.8831064
1.7932811 1.3044826 3.8827484
1.7941476 1.3037598 3.8770461
1.7941816 1.3036356 3.8765233
1.7952267 1.3051028 3.8756152
1.7949118 1.303471 3.8733359
1.7950844 1.3034052 3.8730238
1.7961454 1.3049138 3.8796519
1.7961428 1.3049944 3.8794091
1.7961401 1.3050937 3.8791953
1.796025 1.3052373 3.8788508
1.795883 1.3053773 3.8786377
1.795529 1.3054372 3.8786033
1.7952797 1.305306 3.8783768
1.7951883 1.3054281 3.8782656
1.7951444 1.3055138 3.8782577
1.7951693 1.3054911 3.8782673
1.7952813 1.3053664 3.8783436
1.7955007 1.3051844 3.8784167
1.7958426 1.3049057 3.8784784
1.7962512 1.3045469 3.8784957
1.7967355 1.3041383 3.8784914
1.7987352 1.3018968 3.8736574
1.8002759 1.3011775 3.8737271
1.162313 1.3222172 3.0091726
1.162251 1.3223345 3.009447
1.1625941 1.3223061 3.0093875
1.16273 1.3224096 3.0095116
1.1626807 1.3223904 3.0096996
1.1627366 1.3225335 3.0097764
1.1627138 1.3226409 3.0098622
1.1626361 1.3227987 3.0099169
1.1627601 1.322701 3.0099238
1.1624994 1.3230688 3.0099943
1.1621706 1.3234457 3.010014
1.1618192 1.3244984 3.0102204
1.1613728 1.3251753 3.0102133
4.6821397 1.4030502 2.8328878
4.682237 1.40341 2.833039
4.6810262 1.4040838 2.8332688
4.6803986 1.4048082 2.833615
4.6804817 1.405339 2.8335247
4.6805077 1.4061316 2.8331319
4.6812342 1.4070674 2.8327078
4.6815658 1.4077041 2.8324346
4.681819 1.4081055 2.8320996
4.682378 1.4083406 2.8318881
4.6825971 1.4088028 2.8321855
4.033279 1.8723609 2.4534098
4.0331166 1.8726233 2.4537827
4.0332797 1.8726936 2.4543923
4.03308 1.8729749 2.4546896
4.0325211 1.8731875 2.4553008
4.0325098 1.8735239 2.4557027
4.0324252 1.8736209 2.456038
4.0329238 1.8734613 2.4571216
4.0322251 1.872187 2.4558476
4.0321744 1.8721787 2.4561478
4.0321528 1.8722264 2.4565467
2.4029619 1.6989964 3.6951009
2.4035435 1.6987476 3.6945114
2.4040479 1.6985163 3.6940173
2.4047319 1.6985725 3.6932488
2.404844 1.6983094 3.6921081
2.4048911 1.698292 3.6916645
2.4048119 1.6983345 3.6913974
2.4046377 1.6984177 3.6912685
2.4044308 1.6985485 3.6912976
2.4041876 1.6987088 3.6914364
2.4040291 1.6989299 3.6916928
2.4039507 1.6991512 3.6920126
2.403994 1.6993758 3.6923845
2.4041977 1.6996687 3.6928457
2.404442 1.6998587 3.6930573
2.405436 1.6988941 3.6949509
2.4033847 1.6965886 3.6923546
2.404829 1.6996079 3.6928554
2.4054797 1.7002592 3.69256
2.4057457 1.7001175 3.6922324
2.4059474 1.6999099 3.6918703
2.406059 1.6996542 3.691548
2.4061109 1.6992624 3.6912336
2.4061339 1.6990003 3.69103
2.4061034 1.6988268 3.6909201
2.4060463 1.6987608 3.6909142
2.4059624 1.6988405 3.6909991
2.4058414 1.6990672 3.6911727
2.4056857 1.6994084 3.6914263
2.4049382 1.7004826 3.6921823
2.4047512 1.7009154 3.6924816
2.4045604 1.7013768 3.6927704
4.5074761 0.76360863 1.9584432
4.5100039 0.76675147 1.9565983
4.509906 0.76670523 1.9566772
4.5100032 0.76653242 1.9564271
4.5096141 0.76674243 1.9568043
4.5093553 0.76679445 1.9570917
4.5090304 0.76682347 1.9574749
4.5081231 0.7671018 1.9585674
4.5075817 0.76724019 1.95918
4.5072188 0.76726767 1.9596645
4.5073441 0.76703216 1.9598922
4.506971 0.76703986 1.9603726
4.5065044 0.76705007 1.960927
4.5020993 0.7621101 1.961843
3.1217962 1.0366559 5.8886967
3.1222417 1.0366348 5.8878474
3.1226574 1.0366571 5.8869989
3.1230419 1.0367 5.8862541
3.123741 1.0364472 5.8853299
3.1239368 1.0365311 5.8848302
3.123665 1.0364469 5.8872603
3.1237306 1.0366928 5.8869928
3.1239273 1.0381549 5.8851195
3.1239119 1.0381531 5.8847496
3.1239148 1.0374206 5.8820137
0 0 0
1.827002 2.3719977 4.3197424
1.8263308 2.3721086 4.3189257
1.8257693 2.3721978 4.3181636
1.8249083 2.3723175 4.3167015
1.8247782 2.3724459 4.3163955
1.8248773 2.3725933 4.316379
1.8251801 2.3726268 4.3165914
1.8253536 2.3728335 4.3173619
1.8257759 2.3728197 4.3179203
1.8262154 2.3727886 4.3184381
1.8266865 2.3720183 4.3179991
1.7957611 1.3063545 3.8816999
1.7954087 1.3062025 3.8793035
1.7945747 1.3042795 3.8770897
1.7942453 1.3037566 3.8765359
1.7938433 1.3032822 3.8753089
1.794141 1.3033449 3.8742934
1.7947073 1.3035251 3.8737205
1.7958998 1.3047966 3.8795833
1.7963592 1.3050226 3.8792501
1.7963796 1.3050683 3.8789237
1.7963507 1.3051726 3.8785766
1.796645 1.3055643 3.8778957
1.7964158 1.3055436 3.8778804
1.795802 1.305526 3.8776789
1.7955844 1.305572 3.8776641
1.795459 1.3055343 3.8776847
1.7954397 1.3054444 3.8778217
1.795504 1.3052685 3.8779979
1.7956693 1.3050103 3.8782108
1.7958888 1.3046672 3.8783978
1.7961681 1.3042466 3.8785705
1.7950306 1.3026204 3.877998
1.7978727 1.3002799 3.8755296
1.7981731 1.2998201 3.8756044
1.1655789 1.3228785 3.0113432
1.1652788 1.3235008 3.010334
1.162633 1.3222242 3.0100361
1.1627066 1.3220912 3.0098718
1.1626525 1.3222311 3.0099961
1.1625531 1.3223854 3.0100455
1.1624642 1.3225732 3.0100621
1.1623125 1.3227613 3.0100875
1.1624723 1.322483 3.0100809
1.1621783 1.3228395 3.0101165
1.1618893 1.3233457 3.0101619
0 0 0
4.6806195 1.4039364 2.8327571
4.680737 1.404166 2.8331042
4.6812145 1.4041557 2.8332695
4.681256 1.4045738 2.8333926
4.6812487 1.405007 2.8334603
4.6824215 1.406687 2.8330922
4.6805403 1.4064096 2.8334402
4.6812741 1.4073312 2.8330634
4.6814617 1.4077699 2.8328427
4.6819617 1.4081866 2.8324052
4.6824846 1.408172 2.8319819
4.682986 1.4083059 2.831733
4.6834449 1.4085072 2.8313543
4.0331822 1.8721697 2.4543504
4.0330038 1.8724487 2.4546463
4.0329094 1.872794 2.4546494
4.0323545 1.8730745 2.4553151
4.0322422 1.8732634 2.4556679
4.032113 1.8734027 2.4559464
4.0320071 1.8734844 2.456233
4.0321079 1.8722546 2.4558573
4.0320777 1.8722951 2.4561845
4.0320049 1.8724303 2.4564913
4.0317579 1.868706 2.4569484
2.4032311 1.6980157 3.6949128
2.4037886 1.697981 3.6942524
2.4045555 1.6983539 3.6934252
2.4047229 1.6980829 3.6921798
2.4048605 1.6980495 3.6916883
2.4046858 1.6983251 3.6915655
2.4045338 1.6984696 3.691532
2.4043111 1.6986399 3.6916299
2.4041115 1.6988394 3.6918589
2.4038698 1.699112 3.6921033
2.4038086 1.6993451 3.6924518
2.4038489 1.6995364 3.6928766
2.4039525 1.6997443 3.6932097
2.4041003 1.6998817 3.6933766
2.4055719 1.6997387 3.6918695
2.4028771 1.6964051 3.6925801
2.4044114 1.6990778 3.6931458
2.4054256 1.7000806 3.692654
2.4057537 1.6999337 3.6922789
2.4060549 1.6997012 3.6918552
2.4062394 1.6994642 3.6914654
2.4063304 1.6991562 3.6911071
2.4063702 1.6989578 3.690857
2.4063418 1.6988284 3.6906877
2.4062415 1.6988151 3.6906571
2.4060156 1.6989735 3.6908232
2.4057262 1.6992528 3.6911128
2.4054054 1.6996003 3.6914638
2.4044834 1.7006532 3.6923657
2.4041286 1.7010578 3.6927754
2.4037598 1.7014707 3.6932013
4.5097251 0.76662852 1.9564845
4.509846 0.76663097 1.9567297
4.5096941 0.76659173 1.9568654
4.5095251 0.76656507 1.956972
4.5092948 0.76664172 1.9571159
4.5089909 0.76669794 1.9574051
4.5086559 0.76676638 1.9577597
4.5070906 0.76663523 1.9587503
4.506171 0.76658255 1.9596718
4.5057515 0.76667598 1.9602041
4.5072395 0.76723756 1.9600534
4.5068285 0.76732839 1.9606293
4.5064238 0.76743283 1.9612321
4.5082328 0.7678637 1.9621299
3.123124 1.0368559 5.8896569
3.1233081 1.0368528 5.8882749
3.1239942 1.0369243 5.8870093
3.1243182 1.0369026 5.8859317
3.1243238 1.0370143 5.8853744
3.1242762 1.0371328 5.8848708
3.1236981 1.0365993 5.8864735
3.1211038 1.0366795 5.8869958
3.1209977 1.0367416 5.8865564
3.1209195 1.0367805 5.8861127
0 0 0
1.8278906 2.3720765 4.3200784
1.8273544 2.3720276 4.3196516
1.8268611 2.3720373 4.3191643
1.8263201 2.3720832 4.3184674
1.8258916 2.3722384 4.3178536
1.8256891 2.3723611 4.3174699
1.8253429 2.3725926 4.3168521
1.8254205 2.3726873 4.3168646
1.8255618 2.3728388 4.3175448
1.8257629 2.3728605 4.3178073
1.8259946 2.3728828 4.3181224
1.8242692 2.3721571 4.3163765
1.8227246 2.3739823 4.3158673
1.7921673 1.3063572 3.875943
1.7946062 1.30448 3.8771738
1.7949654 1.3043193 3.8767292
1.7952874 1.304165 3.8762679
1.7943189 1.3040277 3.8753832
1.7945292 1.3039207 3.8749682
1.7960207 1.3048652 3.8794346
1.7964886 1.3050487 3.8790594
1.796538 1.3051236 3.8786813
1.7965104 1.3052163 3.8782525
1.7968003 1.3056477 3.8774647
1.7964781 1.3056956 3.8772296
1.7960038 1.3055882 3.8772248
1.795815 1.3055867 3.8772229
1.7956709 1.3054657 3.8773244
1.7956255 1.3053177 3.8775036
1.7956614 1.3050157 3.877809
1.7957432 1.3047133 3.8781088
1.7958911 1.3043219 3.8784196
1.7960214 1.3038534 3.8786974
1.7956469 1.3035186 3.8785223
1.7957964 1.3029304 3.8785359
1.795892 1.3024539 3.8786951
1.794806 1.2971513 3.8777213
1.1680589 1.3269214 3.0079397
1.1603261 1.322123 3.011312
1.1627974 1.3218457 3.0103001
1.1625879 1.3220465 3.0103435
1.1623813 1.3223509 3.010325
1.1621727 1.3226408 3.0102804
1.1619384 1.3228576 3.0102788
1.1617967 1.3232396 3.0107192
1.1615461 1.3235289 3.0107883
0 0 0
4.6813338 1.4054534 2.8309669
4.681027 1.4047425 2.8325315
4.6810596 1.4048828 2.8330386
4.681534 1.4046928 2.8333071
4.6824229 1.406118 2.8330887
4.6823621 1.4064569 2.8332798
4.6825578 1.4069859 2.8333153
4.6822251 1.4071595 2.8333499
4.6814975 1.4075416 2.8334561
4.6815764 1.4078912 2.8332395
4.6820112 1.408168 2.8327946
4.6823398 1.4084018 2.8324943
4.6832212 1.4085578 2.8320565
4.6836271 1.4087708 2.8317254
4.0330313 1.8719175 2.45443
4.0327266 1.8722154 2.4547968
4.0322392 1.8726463 2.4550016
4.0320936 1.8729349 2.4552764
4.0319727 1.8731638 2.4555612
4.031879 1.8733599 2.4558258
4.0317785 1.8734986 2.4561146
4.0315129 1.8723271 2.4553459
4.0319359 1.8723857 2.4560823
4.0319 1.8725219 2.4563523
4.0318481 1.8727298 2.4566181
4.0304805 1.8777983 2.456437
2.404374 1.6981071 3.6930909
2.404624 1.6980842 3.6927794
2.40465 1.6978886 3.6921869
2.4047278 1.6979785 3.6918872
2.4045849 1.6983025 3.6917704
2.404422 1.6984911 3.691815
2.4042009 1.6987065 3.6920077
2.4040274 1.6989187 3.6922544
2.4037602 1.6992518 3.6925203
2.4037399 1.6994908 3.6928645
2.4037978 1.6996769 3.6932021
2.4038166 1.699823 3.6935099
2.4040005 1.6999358 3.6936308
2.4030344 1.6986332 3.6919723
2.4028028 1.6963465 3.6926869
2.4050563 1.6994744 3.6932623
2.4053688 1.6999074 3.6927044
2.4057546 1.6997283 3.6922751
2.4061608 1.6995075 3.6918303
2.4064038 1.6992937 3.6913872
2.4065533 1.6990807 3.6910022
2.4066049 1.6989279 3.6906964
2.4065806 1.698843 3.6904788
2.4065217 1.6988131 3.6903012
2.4060624 1.6991085 3.6906832
2.4055996 1.6994376 3.6910887
2.4051188 1.6997907 3.6915424
2.4040162 1.7008225 3.6925635
2.4034864 1.7011922 3.6930944
2.4029557 1.7015658 3.6936271
4.509658 0.76690681 1.9564701
4.5096326 0.76654204 1.9569748
4.5094092 0.76649228 1.9571537
4.5091796 0.76649431 1.9573082
4.508881 0.7665069 1.9575227
4.5086459 0.76657091 1.9577404
4.5082386 0.76641746 1.958125
4.5066227 0.76632188 1.9590008
4.5061067 0.76656147 1.9595942
4.5057992 0.76670334 1.9600852
4.507089 0.7673422 1.9601715
4.5067544 0.76755445 1.9607585
4.5063399 0.76777343 1.9614607
4.8462205 2.0632553 0.40442544
4.8489515 2.0649937 0.40608103
4.8494888 2.0641974 0.40706804
4.8494121 2.064111 0.40679275
0 0 0
0 0 0
0 0 0
3.1240085 1.0371993 5.8862938
3.1212481 1.0371285 5.8868533
3.1210521 1.0372405 5.8863719
1.8281924 2.3727571 4.3193382
1.8281327 2.3724488 4.3195016
1.8278975 2.3721898 4.3196249
1.8275959 2.3720693 4.3195194
1.8272562 2.3720075 4.3192808
1.8268182 2.3718009 4.3189943
1.8263366 2.3721361 4.3182083
1.8260973 2.3723011 4.3177504
1.8258859 2.3727349 4.3175429
1.8257959 2.3728405 4.3174083
1.8258058 2.3729494 4.3177705
1.825793 2.3728645 4.3177427
1.8259607 2.3729029 4.3179642
1.8260304 2.3728792 4.3180565
1.8263093 2.3729039 4.3184221
1.7921955 1.3065652 3.8760643
1.7960237 1.3060458 3.8782592
1.7963691 1.3057762 3.8778125
1.7966908 1.3055422 3.8773647
1.7955779 1.3042828 3.8783889
1.7960798 1.3059427 3.8757962
1.7961804 1.3050854 3.8791232
1.7965472 1.3050957 3.87886
1.7965821 1.3051648 3.8784716
1.7961262 1.3053715 3.8779115
1.7965422 1.305622 3.8771422
1.7964746 1.3057098 3.8768749
1.7961112 1.3058415 3.8766168
1.7959816 1.3057568 3.8766175
1.7955901 1.3053379 3.8766924
1.7957309 1.3051164 3.8773329
1.7957454 1.3045891 3.8777532
1.7961426 1.3040727 3.8783706
1.7961736 1.3035064 3.8787781
1.7962123 1.3029692 3.8791377
1.7953301 1.3030193 3.8787039
1.7952351 1.302511 3.8789598
1.7950997 1.3020292 3.8792182
1.7950801 1.3011046 3.8800763
0 0 0
0 0 0
1.1628419 1.3214533 3.0107838
1.1625202 1.3218922 3.0107218
1.1621932 1.3223265 3.0106001
1.1618275 1.322832 3.0104751
1.161486 1.3234705 3.0103453
1.1600362 1.3260602 3.0116336
0 0 0
4.6815245 1.4091191 2.829099
4.6819679 1.4071442 2.830194
4.6819155 1.4070154 2.830921
4.6827405 1.4061569 2.832239
4.6827079 1.4062274 2.8327633
4.6826768 1.4064665 2.8331391
4.6825767 1.4067407 2.8334284
4.6824523 1.4070283 2.8335705
4.6823482 1.4073117 2.8335999
4.6819529 1.4077308 2.8335245
4.6819996 1.4079571 2.8333704
4.6821321 1.4081688 2.8331452
4.6823324 1.4083702 2.8328803
4.6831672 1.4085139 2.8325587
4.6834409 1.4086897 2.8322037
0 0 0
4.0323508 1.8719686 2.4549926
4.0319079 1.8724586 2.4550206
4.0317536 1.8727953 2.4552371
4.031649 1.8730717 2.4554455
4.0315629 1.8733096 2.4556713
4.0314837 1.8734912 2.4559365
4.0312751 1.8724132 2.4551211
4.031856 1.8721519 2.4557816
4.0318755 1.8724879 2.4561884
4.0317763 1.8727628 2.456454
4.032968 1.8730845 2.4562052
4.0326045 1.8733909 2.4563527
2.4057257 1.6986144 3.6911322
2.4057705 1.6987601 3.691035
2.4044852 1.697904 3.6918469
2.404451 1.6982742 3.692009
2.4043348 1.6984903 3.6921308
2.4042325 1.6989356 3.6926982
2.4047774 1.6995117 3.6939305
2.4052812 1.6997129 3.6963017
2.4043394 1.7002988 3.6931087
2.4043926 1.7004953 3.6932404
2.4045491 1.7006031 3.6933203
2.4047524 1.7006403 3.6933215
2.4030446 1.6986507 3.692007
2.4025124 1.6988593 3.6921884
2.4049994 1.6993863 3.6932264
2.4053621 1.6997582 3.6926822
2.4057386 1.6995436 3.6922805
2.4064963 1.6991642 3.6915433
1.8237582 0.83475636 2.1794048
1.8208631 0.83233266 2.1804169
1.8200364 0.83179425 2.1812258
1.8195896 0.83132963 2.181469
1.8190685 0.83091459 2.1817339
1.8184587 0.83141048 2.1816443
1.8177774 0.83110325 2.1819001
1.8170266 0.83085305 2.182136
1.8162575 0.83063554 2.1823479
1.8154579 0.83041708 2.1825733
0 0 0
4.5094024 0.76650918 1.9570877
4.509358 0.76651497 1.9573042
4.5090383 0.7664503 1.9575956
4.5087136 0.76640411 1.9577917
4.5084305 0.76638501 1.9579717
4.5080817 0.76630837 1.9582516
4.5078375 0.76632056 1.9584735
4.5062662 0.76626242 1.9592453
4.5059571 0.76645255 1.9596262
4.5056375 0.76665025 1.9600918
4.5063091 0.76730325 1.9595489
4.5070934 0.76795322 1.9606451
4.8506751 2.06283 0.40896953
4.8505484 2.0628362 0.40889282
4.849662 2.062758 0.40932604
4.8489746 2.0626087 0.40869619
4.8512333 2.0632959 0.40899647
4.8503489 2.0627189 0.40808209
4.8504043 2.0626206 0.40751732
4.8504418 2.0625501 0.40686373
4.8510841 2.0622876 0.40598885
0 0 0
1.8274776 2.373689 4.3181616
1.8273467 2.3734109 4.3184007
1.8280306 2.3724511 4.319187
1.8278857 2.3722586 4.3192904
1.8277307 2.3721138 4.3193043
1.8274315 2.3719821 4.319209
1.8268247 2.3720196 4.3191496
1.8263525 2.3718463 4.318777
1.8264012 2.3720305 4.3178419
1.8262367 2.3726177 4.3177424
1.8262501 2.3726984 4.3176385
1.8260851 2.3728555 4.3175979
1.8258659 2.3728146 4.317718
1.8261236 2.3728873 4.3179633
1.8264386 2.3729085 4.3182999
1.8268792 2.3729434 4.318746
1.8283283 2.3746334 4.3200913
1.7960768 1.3061791 3.878334
1.7964389 1.3059014 3.8778345
1.7967595 1.3056371 3.8773354
1.7948589 1.303451 3.8783545
1.7962861 1.3053319 3.8766662
1.7965229 1.3051581 3.8792739
1.7965778 1.3051456 3.8787484
1.7965498 1.3051858 3.8782859
1.7960726 1.305631 3.8773686
1.7964724 1.3056172 3.8768909
1.7963333 1.3056698 3.8766935
1.7960929 1.3056634 3.8766327
1.795938 1.3055656 3.8766826
1.795619 1.3050689 3.8765782
1.7957849 1.304518 3.877411
1.7957416 1.3041414 3.8778222
1.7960614 1.3036607 3.8784652
1.7960782 1.3030565 3.878912
1.7960789 1.3024591 3.8793487
1.7939511 1.3020532 3.8790782
1.7936309 1.3015864 3.8795123
1.7943026 1.3016159 3.8797369
0 0 0
0.83475104 1.799738 4.9984989
0.84932961 1.8055627 5.0125528
1.1629076 1.3210782 3.0113302
1.1624618 1.3216703 3.0111446
1.163235 1.3224478 3.0108256
1.1623013 1.3233982 3.0107088
1.1610148 1.3239033 3.0104598
1.1594489 1.3265658 3.0115831
4.6815798 1.4049496 2.8269346
4.6821585 1.4087483 2.8309644
4.6832973 1.4073 2.8299948
4.6833083 1.4065071 2.8315126
4.6831724 1.406473 2.8323145
4.6830409 1.4065718 2.8327672
4.6829052 1.4067144 2.8331422
4.68279 1.4069817 2.83354
4.682618 1.4071864 2.8337196
4.6824631 1.4074194 2.8337968
4.6820601 1.4077095 2.8337915
4.6820533 1.4079113 2.8336797
4.6821199 1.4081102 2.8335117
4.6822595 1.4083141 2.8332834
4.6826875 1.4083218 2.8330959
4.6831878 1.4086243 2.8326475
4.032428 1.8665026 2.4543756
4.0316634 1.8716982 2.4551824
4.0315389 1.8722789 2.4550418
4.0313634 1.8726903 2.4552242
4.0312803 1.8729822 2.455322
4.0312212 1.8732324 2.4554877
4.0311512 1.8734245 2.4557103
4.0310346 1.8735377 2.4559657
4.0309845 1.8736733 2.4562517
4.0320032 1.8744163 2.4566158
4.0319136 1.874531 2.4569086
4.0327752 1.8734032 2.4560928
4.0323826 1.8733144 2.4561646
2.407598 1.6990452 3.6889457
2.4055673 1.6990624 3.6917347
2.4044414 1.6981006 3.6920471
2.404324 1.6982052 3.6923264
2.4045445 1.6982733 3.6919275
2.4040896 1.6989388 3.6931155
2.4044075 1.6996117 3.6937116
2.3831277 1.7394861 3.7677902
2.4043834 1.7004704 3.6932595
2.404491 1.700595 3.6933403
2.4046707 1.7006804 3.6933273
2.4049006 1.700737 3.6932865
2.4046747 1.7004565 3.6941863
2.4052678 1.6984358 3.6940741
2.4050222 1.6993451 3.6931487
2.4050678 1.7004399 3.6907219
2.4049673 1.7002549 3.6902372
1.8193743 0.83324813 2.1804389
1.8191064 0.83278254 2.1806915
1.8188358 0.83232449 2.180937
1.8185632 0.83189489 2.1811374
1.8192556 0.83153769 2.181686
1.818799 0.8311958 2.1819127
1.8183768 0.83174746 2.1817094
1.817779 0.8314885 2.1818711
1.8171602 0.83127786 2.1819523
1.8165023 0.83107737 2.1820138
1.8158466 0.83088597 2.1820516
1.8152226 0.83071234 2.1820299
4.5099272 0.76625255 1.9571681
4.5090419 0.76654091 1.957876
4.5086096 0.76647028 1.9581273
4.5082084 0.76637506 1.9583898
4.5078801 0.76627697 1.9585868
4.5076718 0.76622261 1.9586402
4.5074339 0.76619673 1.9588278
4.5072366 0.76621604 1.9590166
4.5050791 0.76635899 1.9598755
4.5049332 0.7665233 1.9601264
4.5061874 0.7672241 1.9595002
4.8505442 2.0626323 0.40881375
4.8504371 2.0626745 0.40891049
4.850297 2.0627153 0.40895189
4.8502498 2.0627236 0.40895497
4.8500863 2.0619603 0.40914086
4.8510336 2.0624396 0.40946129
4.8502391 2.0625505 0.40818198
4.8502162 2.0625913 0.40745115
4.8504492 2.0625721 0.40693597
4.8506763 2.0625692 0.40636323
4.850917 2.0625923 0.4057669
1.8273167 2.3736055 4.3180884
1.8278447 2.3749877 4.3185097
1.8278066 2.374795 4.3186176
1.8281575 2.3724836 4.3189087
1.8277329 2.3721583 4.3190469
1.8274538 2.3719806 4.319018
1.8270063 2.3720291 4.3191127
1.8264598 2.3718193 4.3186772
1.826301 2.3718867 4.3184435
1.8264575 2.3725391 4.3178196
1.8264222 2.3726239 4.3176841
1.8263019 2.3726961 4.3174332
1.8265361 2.3728041 4.3175585
1.8268685 2.3728988 4.3178037
1.8279113 2.3726258 4.3186562
1.8283566 2.3727009 4.319034
1.8288162 2.3727774 4.3194338
3.213488 2.3657808 2.2838658
3.2152337 2.3663429 2.284872
3.2167046 2.3671839 2.285589
3.2155514 2.3701843 2.2852245
0 0 0
1.7965895 1.3051507 3.8789827
1.796542 1.3051596 3.8784461
1.7964304 1.3051694 3.8779734
1.7962694 1.3051888 3.8777012
1.7963361 1.3055302 3.8767216
1.7961461 1.3055268 3.8766769
1.7959498 1.3054964 3.8767037
1.7958234 1.3053919 3.876844
1.7957203 1.305168 3.8770887
1.7956504 1.304116 3.8776321
1.7956557 1.303698 3.8779841
1.795668 1.3031532 3.8783823
1.7956514 1.3020611 3.8788119
1.7959813 1.3018986 3.8795368
1.957801 2.2468066 3.7406063
1.9671587 2.2483881 3.7428315
1.9693437 2.2482311 3.7440677
1.9713468 2.2417258 3.7452407
0.84874008 1.8052718 5.0117806
0.84819703 1.8055955 5.0120505
0.84767765 1.8059319 5.0123246
0.84716863 1.8062932 5.0126232
0.84644901 1.8066346 5.013003
1.1615257 1.324421 3.0142879
1.1579368 1.3251136 3.0115631
1.1663696 1.3234243 3.003094
4.6878976 1.4056603 2.8291139
4.6848944 1.4062426 2.8309002
4.6838153 1.4062448 2.8311938
4.6838018 1.4065269 2.8320104
4.683569 1.4066592 2.83241
4.6833453 1.4067737 2.8327895
4.6831224 1.4068897 2.8331285
4.6829709 1.4071448 2.8335565
4.6827546 1.4072832 2.8337854
4.6825327 1.4074441 2.8339523
4.6822088 1.4075994 2.8339111
4.6820842 1.4078129 2.8339183
4.6820627 1.4080188 2.8338231
4.6821104 1.4082173 2.8336702
4.6822035 1.4082368 2.8335608
4.6805103 1.4108722 2.8363181
4.0286407 1.8698985 2.4568982
4.0297526 1.8704176 2.4563455
4.0309826 1.8718925 2.4553227
4.0309919 1.8726155 2.4552259
4.0308965 1.8728906 2.4552227
4.030589 1.8731629 2.4552993
4.0305443 1.8734409 2.4554527
4.0305564 1.8736884 2.4556591
4.0303855 1.8738928 2.4560354
4.030293 1.8740657 2.4563265
4.0301715 1.8743169 2.4568799
4.0299788 1.8742881 2.4571494
4.0298455 1.8743787 2.4574631
0 0 0
2.4044623 1.6991369 3.6930123
2.4039707 1.6985568 3.691753
2.4038954 1.6987226 3.6918391
2.4043595 1.6981917 3.6923287
2.4046192 1.6997894 3.6932975
2.4046316 1.7000871 3.693413
2.4043504 1.7003432 3.6933606
2.4044669 1.7005458 3.6933569
2.4045957 1.7006481 3.6929379
2.4049349 1.7008154 3.693174
2.4051519 1.7008509 3.6931147
2.4048766 1.7005473 3.6940293
2.4054623 1.6985116 3.6939113
2.4049698 1.6993046 3.6920969
2.4052113 1.700711 3.6915665
1.8189554 0.83389624 2.1804384
1.8188923 0.83327363 2.1805296
1.8186016 0.83283265 2.1809053
1.8183116 0.8324305 2.1812403
1.8186329 0.83118004 2.1808525
1.8189176 0.83174674 2.1819
1.8185394 0.8314736 2.1820735
1.818306 0.83209479 2.1817903
1.8177168 0.83192836 2.1817491
1.8172801 0.83170465 2.1817595
1.8167049 0.83151921 2.1817105
1.8161977 0.83132853 2.1815935
1.8157225 0.83114748 2.1814518
4.5088666 0.76696913 1.9582627
4.5085172 0.76679797 1.9584508
4.508141 0.76662926 1.9586564
4.5077525 0.76649348 1.9588457
4.5074776 0.76633714 1.9589696
4.5072604 0.76620492 1.9590412
4.5071147 0.76610556 1.9590851
4.5069564 0.76606658 1.9592075
4.5068083 0.76599936 1.9593325
4.5107829 0.76800489 1.9539179
4.8501706 2.0625057 0.40840794
4.8501674 2.0625387 0.40868768
4.8501221 2.0625745 0.40887608
4.8499984 2.0625876 0.4089651
4.8499137 2.0625783 0.40894532
4.8498688 2.0625501 0.40880765
4.8499467 2.0625376 0.40860244
4.8500259 2.0625807 0.40821547
4.8502168 2.0626672 0.40782534
4.8505227 2.062765 0.40739745
4.8508497 2.0628874 0.40694392
4.8511591 2.0629891 0.40647766
1.8271739 2.3730617 4.3176744
1.8271787 2.3728947 4.3177335
1.8271671 2.3727283 4.3177982
1.827154 2.3725576 4.3178683
1.8271182 2.3724278 4.317953
1.8265671 2.3718691 4.318351
1.826537 2.3718181 4.3184292
1.826485 2.3718091 4.3184912
1.8264123 2.371857 4.3184254
1.8264831 2.3723814 4.3177293
1.8265335 2.3724941 4.3176799
1.8266 2.3726206 4.3175931
1.8268527 2.3727856 4.3175527
1.8272113 2.3729027 4.3177334
1.8281412 2.3726402 4.3186676
1.8286095 2.3727557 4.3189725
1.8290744 2.3728692 4.3192963
3.2151056 2.3655379 2.2844012
3.2160763 2.3661859 2.2849286
3.2169661 2.3667773 2.2854366
3.2179574 2.3673817 2.2861017
3.2187514 2.3678794 2.2865228
0 0 0
1.7967817 1.3069089 3.8767534
1.7962886 1.3051206 3.8775678
1.7960854 1.3050116 3.87758
1.7958077 1.3049372 3.8776084
1.7955556 1.304882 3.8777028
1.7953495 1.3050056 3.8777463
1.7952915 1.3048253 3.877916
1.7949469 1.3050156 3.8774742
1.7954266 1.3037187 3.8779185
1.7955203 1.303272 3.8782442
1.7955611 1.3027677 3.8785096
1.9665285 2.2427714 3.7439968
1.9650381 2.2463736 3.7422848
1.9650519 2.2469181 3.7422872
1.96708 2.2473828 3.7431183
1.968579 2.2473928 3.7438992
1.9719588 2.2465988 3.7472416
0 0 0
0.84707583 1.8056426 5.0115646
0.84673851 1.805961 5.011958
0.84637085 1.8062869 5.0123612
0.8458957 1.8066514 5.0127467
0.84532359 1.8071651 5.0131141
0 0 0
0 0 0
4.6886319 1.4054191 2.8299431
4.6855407 1.4060631 2.8315339
4.6846798 1.4053907 2.8314302
4.6842027 1.4065669 2.8322832
4.6838946 1.4067355 2.8325384
4.6835854 1.4068739 2.8328184
4.683296 1.4069743 2.8331075
4.683042 1.4070685 2.8333809
4.6829324 1.4071405 2.8337286
4.682609 1.4071127 2.8340534
4.6822552 1.4073487 2.834109
4.6820299 1.4077183 2.8340991
4.6819584 1.4079105 2.8340701
4.6819313 1.4081191 2.8340029
4.6819549 1.4083268 2.833926
4.6801722 1.4108367 2.8368085
4.0282645 1.8700356 2.457291
4.0294306 1.8702991 2.4564541
4.030452 1.8716173 2.4555899
4.0304059 1.8718977 2.4555024
4.030549 1.8727522 2.4550961
4.0302657 1.8730769 2.4551418
4.030202 1.8733379 2.4552411
4.030131 1.873588 2.4554187
4.0300911 1.8737846 2.4557913
4.0299932 1.8739437 2.4560992
4.0298594 1.8740227 2.4564373
4.0297507 1.8740908 2.4568165
4.0296561 1.8741483 2.4571824
4.0295414 1.8742251 2.4575369
2.4041128 1.698977 3.6933482
2.4036506 1.6983649 3.692163
2.4036487 1.698556 3.6923175
2.4041533 1.698041 3.6927264
2.402694 1.6985378 3.6911177
2.4017719 1.6990435 3.6911236
2.4017574 1.6991364 3.6918087
2.4019612 1.6994208 3.6917455
2.4046672 1.6999144 3.6928908
2.4052507 1.7009136 3.6928379
2.4054836 1.7009841 3.6927017
2.4055531 1.6996311 3.69432
2.4057253 1.6986856 3.6937265
0 0 0
1.8189232 0.8344108 2.1798267
1.8185512 0.83391626 2.1803556
1.8180314 0.8332147 2.1810751
1.817932 0.83241044 2.1810882
1.8177274 0.8321123 2.1814087
1.81825 0.83133719 2.1811292
1.8187581 0.83195806 2.1820506
1.8179221 0.83202879 2.1826377
1.8182469 0.83242742 2.1818248
1.8176587 0.83230494 2.1817626
1.8173207 0.83213195 2.1816224
1.8169532 0.83194145 2.1814198
1.8165598 0.83174383 2.1811704
1.8161989 0.83156213 2.1809074
4.5081942 0.76743566 1.9589285
4.507896 0.76716943 1.9590721
4.5075787 0.76693073 1.959204
4.5072577 0.7667225 1.9593343
4.5070265 0.76649385 1.9593963
4.5068893 0.76628042 1.9593704
4.5067605 0.76609447 1.9593901
4.506696 0.76591596 1.959352
4.5065782 0.76579161 1.9594166
4.8471759 2.0676422 0.41177224
4.8497094 2.0624601 0.40828721
4.8499342 2.0624826 0.40870931
4.8499233 2.0624653 0.4089752
4.8496817 2.0625419 0.40901335
4.8496496 2.0625311 0.4090506
4.849649 2.062555 0.40897384
4.8497133 2.0625924 0.40878427
4.849901 2.062672 0.40853168
4.8501828 2.0627624 0.40822548
4.8505712 2.0629116 0.40789064
4.8501614 2.064168 0.40696262
4.8505255 2.06436 0.40657645
1.827008 2.3729405 4.3176789
1.8270127 2.3728102 4.3176715
1.8270209 2.3726754 4.3176713
1.8270183 2.3725548 4.317678
1.826967 2.372458 4.3176646
1.824042 2.3711062 4.3153606
1.8238331 2.3712748 4.3159199
1.8264693 2.3717914 4.3184053
1.8264571 2.371824 4.318393
1.8266143 2.3722771 4.3177722
1.8266853 2.3723662 4.317759
1.8267917 2.3725596 4.3176664
1.8270577 2.3726956 4.3176957
1.8274509 2.3728425 4.3178622
1.8283064 2.3726508 4.318597
1.828775 2.3728154 4.3188474
1.8292353 2.3729872 4.3190866
3.2161913 2.3655608 2.2846113
3.2166635 2.3659442 2.2849434
3.217191 2.3663552 2.2853048
3.2176897 2.3667178 2.2856856
3.2181545 2.3670321 2.2859896
3.2184165 2.3672217 2.2861325
3.2185162 2.3672969 2.2862551
1.7962103 1.3045614 3.8751176
1.7957054 1.3044352 3.8772461
1.7951668 1.3045156 3.8779415
1.7949798 1.3042749 3.8786633
1.794876 1.3044524 3.8794261
1.7946071 1.3045549 3.8797364
1.7956987 1.3051666 3.8784292
1.7952678 1.303326 3.8783609
1.795367 1.3028754 3.8784917
1.9652501 2.2440526 3.7428511
1.9655712 2.2442758 3.7428443
1.9653512 2.2454889 3.7429406
1.9658864 2.2457459 3.743089
1.9669861 2.2463959 3.7434553
1.9678765 2.246541 3.7437789
1.9699877 2.245782 3.7436216
0.84615938 1.80575 5.0091727
0.84603656 1.8057417 5.0109379
0.84593324 1.8059876 5.0115767
0.84575746 1.8062579 5.0120797
0.8451909 1.8066922 5.0124809
0.84496426 1.8070812 5.0128644
0.84482052 1.8074685 5.0132206
4.6884768 1.4006364 2.8349618
4.6864782 1.4054974 2.8324702
4.6860476 1.4058299 2.8323916
4.8124831 1.3298937 2.758335
4.6845346 1.4065261 2.8325529
4.6841375 1.4067303 2.8326707
4.6837501 1.406872 2.8328463
4.6833734 1.4069841 2.8330684
4.6829898 1.4070453 2.8332897
4.6826606 1.4071077 2.8335149
4.682443 1.4068639 2.8341869
4.6822321 1.4069817 2.8342972
4.6819543 1.4076144 2.834154
4.68182 1.4078083 2.8342101
4.6817205 1.4080151 2.834233
4.6816393 1.4082324 2.8342352
4.0299961 1.8714377 2.4548919
4.0283122 1.870339 2.4576131
4.0293426 1.8704006 2.456683
4.0303577 1.8713121 2.4555591
4.0312393 1.871312 2.4555078
4.0302377 1.8726649 2.4550466
4.0300104 1.8729622 2.4550264
4.0299191 1.8731832 2.4550831
4.0298621 1.8734072 2.4552016
4.0289264 1.8747954 2.4549619
4.0289145 1.8749667 2.455282
4.0296263 1.8738027 2.4562239
4.0296094 1.873864 2.4566033
4.0296055 1.8738973 2.457015
4.0295855 1.8739269 2.457478
0 0 0
2.4034055 1.6976208 3.693174
2.4034793 1.6980536 3.693145
2.4024459 1.6971382 3.6953827
2.4014999 1.6985872 3.6914435
2.4017058 1.6989698 3.6913036
2.4029378 1.6988677 3.6920763
2.5000983 1.7293478 3.7481774
2.4053226 1.7003847 3.6926372
2.4058191 1.7009051 3.6925795
2.4062951 1.7008825 3.6922004
2.4069823 1.7029442 3.6921372
1.8194477 0.83528097 2.1782063
1.8189763 0.83482303 2.1789212
1.8185363 0.83436624 2.1796338
1.8181973 0.83399023 2.1802751
1.8185876 0.83335432 2.1809622
1.8183271 0.83308082 2.1814916
1.8181056 0.83286042 2.1819318
1.8179446 0.83275142 2.1823278
1.8178373 0.83264821 2.1824979
1.8177771 0.83254626 2.1824817
1.8174441 0.83284238 2.1824847
1.8174672 0.8327202 2.1820893
1.8174309 0.83248628 2.1815522
1.8172061 0.83232174 2.1812165
1.8169548 0.83212637 2.1807308
1.8166566 0.83192466 2.180411
4.5074358 0.76787539 1.9596395
4.5071573 0.76761266 1.9597432
4.506913 0.76731664 1.9598145
4.5066962 0.76706406 1.9598372
4.5065356 0.76676609 1.9598372
4.5064485 0.76647193 1.9597703
4.5064249 0.76615717 1.9596475
4.5064227 0.7658181 1.9595368
4.8488935 2.0591314 0.4137197
4.8491161 2.0624197 0.40779092
4.8493021 2.0624367 0.40824638
4.8495997 2.0624463 0.4087142
4.8496569 2.062462 0.40903283
4.8493557 2.0625104 0.40906718
4.8493637 2.0625368 0.40916288
4.8494171 2.0625739 0.4091494
4.8495612 2.0626434 0.40906035
4.8497915 2.0627269 0.40888301
4.8501349 2.0628623 0.40867506
4.8502772 2.0639865 0.40721457
4.8507473 2.0641884 0.40695526
4.851219 2.0643915 0.40667004
1.826856 2.3728432 4.3177774
1.8268789 2.3727307 4.3177123
1.8268846 2.3726398 4.3176402
1.8268518 2.3726262 4.3174993
1.8268794 2.3725336 4.3174927
1.824158 2.3710622 4.3149087
1.8236428 2.3719835 4.3151392
1.8259974 2.3724673 4.3174394
1.8266455 2.3721446 4.3177913
1.8266926 2.37219 4.317833
1.8268091 2.3722565 4.3178965
1.8271783 2.372363 4.3180474
1.8274542 2.3725047 4.3181468
1.8275347 2.3726458 4.3179607
1.8283888 2.3726846 4.3185492
1.8288244 2.3728878 4.3186681
1.8292616 2.3730984 4.3187771
0 0 0
3.2171376 2.3657002 2.2849753
3.2172485 2.3658799 2.2851158
3.2174098 2.3660685 2.2853243
3.2176261 2.3662287 2.2855191
3.2176331 2.3662854 2.2856488
3.2175749 2.3663047 2.2857947
3.2173435 2.3661979 2.2857321
1.7954348 1.3042732 3.877019
1.7947964 1.3041439 3.8780264
1.79438 1.3039837 3.879143
1.7941558 1.304322 3.8799137
1.7940449 1.3042038 3.8803897
1.7965336 1.3048444 3.87742
1.9638744 2.2455774 3.7422845
1.9652203 2.2447462 3.742559
1.9655447 2.2447564 3.7425113
1.965732 2.2436379 3.7433805
1.9655502 2.2446445 3.7434863
1.9659679 2.2447361 3.743518
1.9663909 2.2448982 3.7435109
1.966632 2.2452537 3.743337
1.9633437 2.2487511 3.7382269
0.84642433 1.8058339 5.0105187
0.84539018 1.8054863 5.0105653
0.84532542 1.8059449 5.011456
0.84516849 1.8062127 5.0118547
0.84459313 1.8066706 5.0122457
0.84457415 1.8069972 5.0126493
0.84465019 1.807351 5.0130176
0.84483861 1.8076807 5.0134209
4.6872155 1.4052639 2.8332659
4.6866196 1.4056382 2.8330036
4.6877014 1.4081189 2.8346972
4.6848132 1.4064467 2.8327996
4.6843125 1.4066431 2.8327977
4.6838357 1.4067938 2.8328701
4.6833998 1.4068908 2.8329942
4.6830013 1.4069955 2.8331861
4.6826577 1.4070939 2.8333992
4.6823423 1.4072218 2.8336409
4.6820822 1.407367 2.8338752
4.6818612 1.4075272 2.8340955
4.6816741 1.4077064 2.8342449
4.6815024 1.4079131 2.8343516
4.6813479 1.4081129 2.834431
4.0317602 1.8720717 2.4569277
4.0314864 1.8720789 2.4565236
4.0315847 1.8708528 2.4567348
4.0313507 1.8712214 2.4562048
4.0311071 1.8713109 2.4556266
4.0306061 1.8728118 2.4551361
4.0298061 1.8728261 2.454977
4.0297299 1.8730128 2.454963
4.0285998 1.8743546 2.4533602
4.0284557 1.874506 2.4539745
4.0281278 1.8750429 2.4547004
4.0291103 1.8724149 2.4553211
4.029293 1.8723542 2.4556219
4.0296969 1.8714325 2.4567791
4.0298577 1.8713955 2.457233
4.030026 1.8713327 2.4577105
2.4030415 1.6971685 3.6939636
2.4031898 1.6977228 3.6937406
2.4022297 1.6969367 3.6958132
2.401352 1.6984678 3.6917426
2.4016461 1.6990237 3.6914435
2.4030426 1.6987451 3.6921193
2.4051211 1.7001174 3.6927226
2.4055383 1.7004015 3.6924363
2.405962 1.7006349 3.6921384
2.4063897 1.7008501 3.6918394
0 0 0
1.8188608 0.83497258 2.1778606
1.8184608 0.83458798 2.1786765
1.8180852 0.83421774 2.1794878
1.8177765 0.83388778 2.180251
1.8181771 0.83328993 2.1810576
1.8179324 0.8330855 2.1816591
1.817766 0.8329421 2.1821444
1.8176449 0.83284032 2.1825045
1.8176316 0.83303736 2.182507
1.8174236 0.83316948 2.182688
1.8173828 0.83311214 2.1825537
1.817558 0.83297653 2.1819994
1.8175352 0.83282169 2.1815344
1.8174533 0.83265743 2.1810589
1.8177473 0.83186914 2.1795185
1.8176079 0.83166918 2.1790097
4.5065921 0.76858356 1.9602089
4.5064076 0.76828551 1.9602714
4.5062113 0.7679206 1.960334
4.5060175 0.76753287 1.9604083
4.5059526 0.76718479 1.9603337
4.5059596 0.766774 1.9601918
4.5060052 0.76631893 1.9600123
4.8484394 2.0623869 0.40691754
4.8486507 2.0623898 0.40741223
4.8488346 2.0624025 0.40786889
4.8489602 2.0624188 0.4082629
4.8490429 2.0624413 0.40859186
4.8490991 2.0624698 0.40888462
4.8490737 2.0625906 0.409127
4.8491248 2.0626238 0.40928945
4.8492222 2.0626593 0.40935699
4.8494046 2.0627013 0.40934025
4.8497097 2.0628131 0.40926462
4.8500986 2.0629442 0.40914648
4.8511819 2.0636453 0.40860657
4.852534 2.0639616 0.40762622
4.8531111 2.0641623 0.40745145
1.8271257 2.3728915 4.3183208
1.8267618 2.3726645 4.3177398
1.8267602 2.3726117 4.3176307
1.8267668 2.3725652 4.3175611
1.8267612 2.3725291 4.3174896
1.8254996 2.3704985 4.3162049
1.8267029 2.3721315 4.3175383
1.8266992 2.3721086 4.3176359
1.8267083 2.3721151 4.3177417
1.8267422 2.3721234 4.3179706
1.8268758 2.3721734 4.3180597
1.8271285 2.3722449 4.3181879
1.8274463 2.37237 4.3182852
1.8278359 2.372534 4.3183969
1.8282922 2.3727217 4.3184445
1.828737 2.3729488 4.3184471
1.8291498 2.3731974 4.3184002
3.2180825 2.3652383 2.2855536
3.2173851 2.3653514 2.284832
3.2172681 2.3654407 2.2849183
3.2170817 2.3654412 2.284935
3.216992 2.3654843 2.2850043
3.2168762 2.3655645 2.2850846
3.2167628 2.3656085 2.2852471
3.2164899 2.3655989 2.2853105
3.2160757 2.3654887 2.2853937
1.7943867 1.3037904 3.8781426
1.7937915 1.3040562 3.879594
1.7935409 1.3038747 3.8803601
1.7933178 1.3037189 3.8810578
1.9640397 2.2443139 3.7432024
1.9643306 2.2441902 3.7431048
1.9654241 2.2442996 3.7430613
1.9657312 2.244238 3.7430549
1.9655108 2.2444796 3.7440745
1.9658329 2.2444776 3.744107
1.9660277 2.2438858 3.7439438
1.9662888 2.2439569 3.7438827
1.966453 2.2440296 3.7437094
0.84607122 1.8059157 5.010495
0.84593163 1.8059953 5.0107774
0.84491118 1.8056008 5.0106229
0.84481534 1.8057559 5.010875
0.84477643 1.805963 5.0111675
0.84405206 1.8066842 5.0120781
0.8441865 1.8069252 5.0124504
0.84443371 1.8071957 5.0128661
0.84483623 1.8074623 5.0133496
0.84743527 1.8074228 5.0137749
0 0 0
4.6876359 1.4088252 2.8346851
4.6849501 1.4062841 2.8329854
4.6843967 1.4064956 2.8329158
4.6838706 1.4066507 2.832906
4.6833995 1.4067789 2.8329582
4.6829771 1.4068985 2.8330815
4.6826145 1.4070374 2.8332856
4.6822973 1.4071736 2.8335091
4.6820044 1.4073411 2.8337429
4.6817691 1.4074463 2.8339904
4.6815319 1.4076148 2.8341876
4.681303 1.4078048 2.834357
4.681089 1.4079767 2.8344946
4.0320111 1.8724898 2.4572335
4.0316749 1.8723873 2.4568054
4.0318191 1.8713938 2.4569448
4.0315718 1.8713064 2.4565402
4.0309812 1.8712033 2.4559672
4.0307546 1.87129 2.4556367
4.0281926 1.8711381 2.4550255
4.0280949 1.8712754 2.4549978
4.0284329 1.8741674 2.4532689
4.0283005 1.8743277 2.4538372
4.0279759 1.8748654 2.4545606
4.0294594 1.8714962 2.4558102
4.0295628 1.8715349 2.4561936
4.029697 1.8711718 2.4566486
4.0299309 1.8710894 2.4571399
4.0301767 1.8709766 2.4576537
4.9394215 2.7199227 5.1054975
4.9398008 2.7202896 5.1053267
0 0 0
0 0 0
4.9416099 2.7214611 5.1053651
4.9401282 2.7194008 5.1048126
4.9384376 2.7190646 5.1035049
4.9368651 2.7187335 5.1022302
4.9340016 2.7176574 5.1008746
4.9338312 2.7157555 5.099982
1.8279765 0.83973389 2.1722671
1.8182458 0.83466842 2.177518
1.8179271 0.83431841 2.1784582
1.8175948 0.83399706 2.1793944
1.8179546 0.8341641 2.1800363
1.8178774 0.83364926 2.1809103
1.8176785 0.83331469 2.1816795
1.8175717 0.83322313 2.1821796
1.81751 0.83317978 2.1825255
1.8174486 0.83316131 2.1826914
1.8181804 0.83322417 2.1818159
1.8180951 0.83320356 2.18173
1.8180077 0.83329195 2.1814497
1.8179155 0.83316875 2.1811327
1.8177304 0.83292346 2.1808988
1.8178424 0.83310636 2.1802532
1.8183255 0.83249523 2.179271
4.5057048 0.76894112 1.9609026
4.5055097 0.76867239 1.9609863
4.5053541 0.76836794 1.9610366
4.5052643 0.76810847 1.9609852
4.5052627 0.76774557 1.960892
4.5071946 0.76856138 1.9621545
4.8485306 2.0624428 0.40691603
4.8485472 2.0624027 0.40727946
4.8485882 2.0623834 0.40765837
4.8486617 2.0623912 0.40803132
4.8487357 2.0624235 0.4084058
4.8487925 2.0624503 0.40864048
4.8488598 2.0625016 0.40895491
4.848882 2.0626584 0.40925555
4.8489667 2.0627179 0.40948874
4.8491463 2.0627871 0.40965975
4.8494119 2.0628958 0.40978447
4.8504376 2.0625918 0.41007848
4.8510556 2.0631428 0.41032005
4.8515867 2.0636088 0.40969258
4.8525081 2.0628972 0.41008772
4.8531167 2.0630705 0.41012857
1.8270182 2.3728834 4.3182061
1.8266802 2.3726127 4.3178273
1.8265524 2.372563 4.3175668
1.8266541 2.3725754 4.317594
1.8266926 2.3725431 4.3176444
1.8254176 2.3705521 4.3162199
1.8266822 2.3721641 4.317684
1.826668 2.3721376 4.31777
1.8266717 2.3721114 4.3179427
1.826721 2.3721113 4.3181059
1.8268463 2.372127 4.318249
1.8270783 2.3722144 4.318357
1.8273816 2.3723445 4.3184163
1.8277291 2.3725296 4.3184119
1.8281384 2.3727443 4.3183558
1.8285423 2.3729853 4.3182065
1.8289162 2.3732543 4.3179839
1.835667 2.3773824 4.3230257
3.2175273 2.3648722 2.284225
3.2170808 2.3647822 2.2843241
3.2167223 2.3647992 2.2843701
3.2164564 2.3648741 2.2845463
3.2161404 2.3649444 2.2845252
3.2158617 2.3649856 2.2845867
3.2156935 2.3650614 2.284776
3.2154929 2.3650563 2.284978
3.215085 2.3650639 2.28509
1.7933216 1.3036525 3.8800157
1.7929919 1.3034693 3.8810424
1.963819 2.2443627 3.7454258
1.9643471 2.2438636 3.7437509
1.9645579 2.2437282 3.743589
1.9654861 2.2438401 3.7436093
1.9653162 2.2435489 3.7445741
1.9656045 2.2438558 3.7445248
1.9658765 2.2438199 3.7445066
1.9660445 2.2430985 3.7444167
1.9662675 2.2430961 3.7443382
0 0 0
0.84512259 1.8056658 5.0102227
0.84479595 1.8056904 5.010694
0.8445569 1.8057057 5.0107771
0.84440242 1.8057821 5.0109132
0.84436354 1.80592 5.0111328
0.84367613 1.806641 5.0119784
0.84387116 1.8068074 5.0123315
0.84422477 1.8070274 5.0127599
0.84472088 1.8072322 5.0132702
0.84711089 1.8068717 5.0137222
0.84795208 1.8070482 5.0144538
4.6881634 1.4083327 2.8293871
4.6849315 1.4059845 2.8331735
4.6843452 1.4062062 2.8330219
4.6838226 1.4064535 2.8329536
4.6833148 1.4065948 2.8329175
4.6829063 1.4067835 2.832971
4.6816429 1.4077405 2.8341683
4.6813282 1.4079026 2.8342967
4.6819204 1.4073321 2.8335916
4.6817731 1.4074033 2.8337998
4.681421 1.4075286 2.8340297
4.6811278 1.4076832 2.8342537
4.6808635 1.4078062 2.834434
4.0323003 1.8728769 2.4575418
4.0319289 1.8727282 2.4570977
4.0319671 1.8717052 2.4575138
4.0316508 1.871516 2.456696
4.0310181 1.8711714 2.4560675
4.0307842 1.8712425 2.4557708
4.0292438 1.8700841 2.4546392
4.0289197 1.8702895 2.4546398
4.0301076 1.8727328 2.4536034
4.0302293 1.8722228 2.4540099
4.0301828 1.8713485 2.4539
4.0307515 1.8709088 2.4546721
4.0300743 1.8711776 2.4577997
4.030144 1.8702533 2.4579393
4.0306308 1.8697465 2.4574628
4.0303364 1.8706342 2.4576106
4.939295 2.7201117 5.1055339
4.9405092 2.7210297 5.1058047
4.9401881 2.7207691 5.1058648
4.9423912 2.7200037 5.1071026
4.9415269 2.7198404 5.1062797
4.9404832 2.7196326 5.1053448
4.9391145 2.7193999 5.1042329
4.9378408 2.7191811 5.1031424
4.9365355 2.7190291 5.102114
4.9353446 2.7189274 5.1011234
0 0 0
1.8175656 0.83438296 2.1771656
1.8173924 0.8340104 2.1782604
1.817181 0.83365784 2.1793517
1.817741 0.83369631 2.1801216
1.8175872 0.83352884 2.1809468
1.8174602 0.83326239 2.1817148
1.8174053 0.83325282 2.1822507
1.8173728 0.8332572 2.1826194
1.8173659 0.83327385 2.1828175
1.8176908 0.83313882 2.1825008
1.8180714 0.83342884 2.1817734
1.8180495 0.83350488 2.1814481
1.817956 0.8332769 2.1812925
1.8178671 0.83311975 2.1809005
1.8193083 0.83367553 2.1794619
1.819337 0.83350754 2.1789056
4.504818 0.76892045 1.9616588
4.5045428 0.76886192 1.9617822
4.5043127 0.76886466 1.9618197
4.5043553 0.76874208 1.9616847
4.5067745 0.76870293 1.9540546
4.850336 2.0625713 0.40743815
4.8488337 2.0624825 0.40739674
4.8486985 2.0624171 0.40769625
4.8486273 2.0623732 0.40797289
4.8486156 2.0623869 0.40828286
4.84862 2.0624518 0.40857832
4.8486403 2.0625546 0.40889768
4.8486695 2.0626506 0.40916199
4.8487281 2.0627297 0.40940987
4.84884 2.0628085 0.40962728
4.8490423 2.0628898 0.40986462
4.8493249 2.0629679 0.41002966
4.8504115 2.0627164 0.41054048
4.85097 2.0628446 0.41075295
4.8518317 2.0627415 0.41085428
4.8525072 2.0628816 0.41099451
4.8531784 2.0630274 0.41110842
1.8262602 2.3725265 4.3179413
1.8263626 2.3725137 4.3179401
1.8264915 2.3725096 4.3179572
1.8265576 2.3724734 4.3179379
1.8266434 2.3724228 4.3179827
1.8266781 2.3723662 4.3180356
1.8266141 2.3723132 4.3180137
1.8265988 2.3721865 4.3181024
1.8266133 2.3721452 4.318196
1.8266558 2.3721449 4.3183297
1.826699 2.3721028 4.3184328
1.8268832 2.3721782 4.3184879
1.8271599 2.3723318 4.3184931
1.8275422 2.3725444 4.3184489
1.8279124 2.372767 4.3182624
1.8282795 2.3730041 4.3179863
1.8286419 2.3732451 4.3176483
1.8296814 2.3758125 4.3183919
3.218995 2.3629689 2.2837311
3.2186537 2.3626705 2.2854522
3.2172792 2.3641778 2.2856761
3.2168817 2.3642115 2.2856929
3.2157498 2.3638014 2.2852161
3.215535 2.3638364 2.285369
3.2153265 2.3639347 2.2855273
3.2148919 2.3643719 2.2854429
3.2146287 2.3645274 2.2855584
3.2159762 2.3625036 2.2885399
1.9634574 2.243569 3.7461677
1.9642022 2.2438862 3.7460367
1.9622647 2.2421205 3.7426303
1.9624195 2.2420235 3.7424578
1.963685 2.2433182 3.7433562
1.9638917 2.2431903 3.7433143
1.9639875 2.2426435 3.7430477
1.9658239 2.2425767 3.7448437
1.966029 2.2424379 3.7448061
1.9662608 2.2423074 3.7448112
0.84532355 1.8060297 5.0114003
0.84495178 1.8058919 5.0111882
0.84463947 1.8058055 5.0110264
0.84435126 1.8057694 5.0109784
0.8441694 1.8057893 5.0110452
0.8441228 1.8058661 5.0111952
0.84440222 1.806198 5.0111844
0.84489103 1.8060751 5.0118938
0.84538144 1.8062464 5.0123633
0.8460771 1.8064423 5.0129649
0.84688145 1.8065982 5.0136502
0.84770854 1.8067214 5.0144163
0.84859222 1.806841 5.0152659
4.6849373 1.4057661 2.8332412
4.6843102 1.4059777 2.8330884
4.6837586 1.4062004 2.8329669
4.6832671 1.4064479 2.8329227
4.6828505 1.4066738 2.8329173
4.6821607 1.4071189 2.8342134
4.6812585 1.4079046 2.8341712
4.6810999 1.4083341 2.8335977
4.6816932 1.4073596 2.8335792
4.681366 1.4074262 2.8337602
4.6805823 1.4068465 2.834937
4.6781523 1.406237 2.8368639
4.0326179 1.8732599 2.457774
4.0322019 1.8729938 2.4573371
4.0322078 1.8719474 2.4576653
4.0311391 1.8716594 2.4569229
4.03059 1.8704203 2.4556487
4.0316167 1.8708379 2.4552567
4.0313742 1.8718847 2.455813
4.0312312 1.871966 2.4556773
4.0311429 1.8720691 2.4556411
4.0310907 1.8711162 2.4544765
4.0311068 1.871211 2.4546568
4.0319114 1.8717148 2.4570277
4.033979 1.8719283 2.4563759
4.03548 1.8712994 2.4585441
4.036335 1.8696045 2.4578346
4.9430042 2.7209899 5.108333
4.9392145 2.7202592 5.1056007
4.9426165 2.7201394 5.1086829
4.9420654 2.7201148 5.1075522
4.9422648 2.7201878 5.1071738
4.9416308 2.7200207 5.1066001
4.9408481 2.7198571 5.1058825
4.9399458 2.7196951 5.1050857
4.9388965 2.7195877 5.1041722
4.9379313 2.719506 5.1033145
4.9375287 2.7198722 5.1028343
4.938684 2.7268242 5.1048434
1.815848 0.83589039 2.1760962
1.8151944 0.83473909 2.1794655
1.8168267 0.83322218 2.1794558
1.8172881 0.83254878 2.1804424
1.8171699 0.83254325 2.1811995
1.8173431 0.83315064 2.1817147
1.8173245 0.83323574 2.1822627
1.8173362 0.83330039 2.182619
1.8173142 0.83335028 2.1828295
1.817333 0.83334644 2.1828827
1.8173359 0.83329941 2.1827694
1.8175799 0.83290504 2.1824331
1.817505 0.8327571 2.182106
1.8164303 0.83208232 2.1822485
1.8163122 0.83188729 2.1818861
1.8161783 0.83168051 2.1815607
4.5039613 0.76836264 1.9625109
4.5035908 0.76890945 1.9625951
4.5030944 0.76933636 1.9627638
4.5034899 0.76947205 1.9623548
4.84987 2.0629757 0.40789438
4.8495255 2.0627348 0.40796323
4.8492501 2.0625321 0.40808671
4.8489181 2.0624195 0.40814488
4.8487797 2.0623562 0.40836618
4.8487053 2.0623731 0.40855981
4.848665 2.0624698 0.40880379
4.8486364 2.0625915 0.40903051
4.8486537 2.0627112 0.40928223
4.8486877 2.062804 0.4094888
4.8487931 2.0628925 0.40973972
4.8489989 2.0629777 0.4100304
4.850282 2.0625278 0.41213464
4.8507169 2.0625954 0.4123726
4.851258 2.0626735 0.41265465
4.8518193 2.0627304 0.41135208
4.8525153 2.0628243 0.4116842
4.8532408 2.0629092 0.4120747
1.8261423 2.3725102 4.3178924
1.8263106 2.3725843 4.3179233
1.8264463 2.3726013 4.3179971
1.8265602 2.3725925 4.3180884
1.82664 2.3725386 4.3181821
1.8267019 2.372457 4.3182742
1.8267793 2.3726144 4.3185569
1.8265742 2.3722053 4.3183382
1.826557 2.372188 4.318464
1.8266883 2.3720447 4.3189146
1.8265155 2.3721162 4.3186502
1.8266879 2.3721895 4.3186385
1.8269228 2.3723322 4.3185728
1.8273495 2.3725928 4.318486
1.8276501 2.372781 4.318193
1.8279747 2.3729882 4.3177931
1.8282965 2.3732052 4.3173049
1.8286499 2.3734299 4.3167872
3.2238565 2.3643714 2.2869967
3.221459 2.3643649 2.287076
3.2165938 2.3637572 2.2852639
3.2161204 2.363734 2.285259
3.2151951 2.3635498 2.2848318
3.2150287 2.3635096 2.2850036
3.2148922 2.3636814 2.2851675
3.2146469 2.3641207 2.2851134
3.2145859 2.3643372 2.2853854
3.2147708 2.3639353 2.2861255
1.9648715 2.2445098 3.7458076
1.9648724 2.2443924 3.7454551
1.9642682 2.2423864 3.7434347
1.9631677 2.2429082 3.743262
1.9632816 2.2437162 3.7433235
1.9628831 2.2435145 3.7433474
1.9630079 2.243316 3.7433098
1.9643054 2.2426254 3.7431123
1.9640981 2.2426327 3.7434475
1.9662277 2.2415623 3.745247
0.84557628 1.8060491 5.0116676
0.84509736 1.8059728 5.0114876
0.8446555 1.8058741 5.0113048
0.84431131 1.8058044 5.0112291
0.84409052 1.8057783 5.011255
0.8440243 1.8057956 5.011404
0.84416836 1.8056435 5.0115082
0.84470546 1.8059424 5.011951
0.84515654 1.8060582 5.0123692
0.84584867 1.806248 5.0129369
0.84668439 1.806235 5.0136891
0.8473519 1.806386 5.0142975
0.84802387 1.8065042 5.0149971
0.84870508 1.8065917 5.0158264
4.6842265 1.405727 2.8331398
4.6836998 1.4060098 2.8330405
4.6832284 1.4062992 2.8329645
4.682806 1.4065847 2.8329299
4.6824668 1.4078393 2.8324567
4.6819851 1.4085952 2.833226
4.6816766 1.4086699 2.8332362
4.6816531 1.4073211 2.8333102
4.6807503 1.4070433 2.8318389
4.6802141 1.4057498 2.8352938
4.6781676 1.4059769 2.8363171
4.0328408 1.8750125 2.4572917
4.0324359 1.8731789 2.4575528
4.0322424 1.8721739 2.4576024
4.0314171 1.8716434 2.4573346
4.0304682 1.8696744 2.4564439
4.0301783 1.8697161 2.4560972
4.0314691 1.8718429 2.4559745
4.031261 1.8719254 2.4557952
4.0311959 1.8720201 2.4556537
4.0317825 1.8715798 2.4557649
4.0314472 1.8718692 2.4561656
4.0318682 1.8717018 2.4568612
4.0323516 1.8708367 2.457071
4.0340379 1.8699875 2.4586836
4.9449057 2.7218914 5.1096388
4.9441899 2.7218679 5.1089659
4.9429019 2.7202709 5.1087134
4.9424537 2.7201689 5.1082269
4.9420458 2.720053 5.1077287
4.9417683 2.7204879 5.1071385
4.9418438 2.7201821 5.1070019
4.9412482 2.7200873 5.1064064
4.9406028 2.7199735 5.1057618
4.9398522 2.7199088 5.1051044
4.9392411 2.7198899 5.1044886
4.9388116 2.7200506 5.1039739
4.9377165 2.7213892 5.1025231
4.9369338 2.7207046 5.1036127
1.814489 0.83441991 2.1793893
1.8159051 0.8332583 2.1815648
1.8171426 0.83223859 2.1804312
1.8171012 0.83235874 2.1811358
1.8170762 0.83253747 2.181762
1.817082 0.83271852 2.1822684
1.8170697 0.83287997 2.1826464
1.8172289 0.83311376 2.1827489
1.8172023 0.83319988 2.1828122
1.817358 0.83319834 2.1827285
1.8175532 0.83300306 2.1824508
1.817517 0.83286264 2.1821751
1.8166002 0.83240118 2.1820305
1.8161082 0.83189013 2.1825444
1.8160738 0.83174571 2.1819189
4.503113 0.76779757 1.9633411
4.5026249 0.76887693 1.9634528
4.5007673 0.77112778 1.9648206
4.8577224 2.0592609 0.4120968
4.850079 2.0630023 0.40835281
4.8497787 2.0627487 0.40842321
4.8495113 2.0625385 0.4085212
4.8491648 2.0623579 0.40864883
4.8490122 2.0623266 0.40877794
4.8488877 2.062341 0.40898891
4.8488045 2.0623766 0.4091754
4.8487708 2.0624466 0.40939273
4.8487699 2.0627832 0.40937198
4.8487971 2.0629504 0.40961288
4.8488461 2.0630242 0.40989206
4.8490293 2.0630572 0.41017239
4.849335 2.0623493 0.41089334
4.8496815 2.0624253 0.41126849
4.8501106 2.062516 0.41167375
4.850893 2.0642181 0.41270191
4.8515799 2.0642392 0.4132652
4.8524292 2.064032 0.4137583
4.8532629 2.0640779 0.4145649
1.8263076 2.3727409 4.3178765
1.8264108 2.3727478 4.318003
1.8265091 2.3727464 4.3181645
1.8266042 2.3729824 4.3183159
1.8266502 2.3728985 4.3185448
1.8267228 2.372772 4.3187829
1.8266202 2.3722216 4.3186785
1.8266642 2.3721519 4.3188909
1.8265292 2.3721572 4.3191607
1.8263749 2.3722377 4.3192381
1.8264795 2.3722885 4.3191668
1.8266096 2.3723573 4.3189401
1.826793 2.3724494 4.3186256
1.8279519 2.3740099 4.317473
1.8282382 2.3741661 4.3170591
1.827579 2.3734034 4.3167959
1.828367 2.3732872 4.3165561
1.8286961 2.373417 4.3159249
3.2127819 2.3629572 2.2803575
3.2152132 2.3630333 2.2844632
3.2150401 2.363115 2.2845928
3.2148046 2.3632498 2.2846347
3.2146815 2.3633577 2.2847437
3.2146372 2.36348 2.2849041
3.213675 2.3639831 2.2839657
3.2138708 2.3641545 2.2844339
3.2144 2.36394 2.2853668
1.9652472 2.2440187 3.7463485
1.9652435 2.2437921 3.7458001
1.964988 2.2436534 3.7451174
1.9645894 2.2433218 3.7446283
1.9638771 2.2433893 3.7439282
1.9629491 2.243044 3.7436849
1.9630734 2.2429219 3.7435703
1.9638097 2.2423477 3.743644
1.9640233 2.2422695 3.743635
0.84668179 1.8063339 5.0122157
0.84610327 1.8062145 5.0119737
0.84556276 1.8061084 5.0118085
0.84479407 1.8058882 5.0115256
0.8444055 1.8058087 5.0114779
0.84417045 1.805753 5.0115093
0.84410633 1.8057424 5.0116339
0.84426292 1.8057502 5.0118461
0.84457742 1.8058119 5.0121267
0.8450024 1.8058835 5.0124749
0.84555326 1.8060188 5.012923
0.8463685 1.8059879 5.0135948
0.84691298 1.8060777 5.0140903
0.84746997 1.8063613 5.0146005
0.84784252 1.8062901 5.0152298
0.84822369 1.8054639 5.0170304
4.6836342 1.4058147 2.8331285
4.6831868 1.4061644 2.833049
4.6827841 1.4064865 2.8329635
4.68239 1.407427 2.8328301
4.6819005 1.4085416 2.8331436
4.6815909 1.408637 2.8330876
4.6815447 1.4086043 2.8330702
4.6806061 1.4084087 2.8320614
4.6811574 1.4047191 2.8336916
4.6809213 1.4046225 2.8336375
4.03329 1.8740625 2.4587322
4.0326232 1.8732227 2.457677
4.0324802 1.8722742 2.4577472
4.0318978 1.8719235 2.4575427
4.0305031 1.8704576 2.4569575
4.031871 1.8718276 2.4564929
4.0315968 1.8718439 2.4561434
4.0313659 1.8719069 2.4559081
4.0312584 1.872052 2.4556972
4.0316922 1.8717363 2.4555254
4.0314334 1.8719385 2.4559855
4.0311112 1.8729209 2.457146
4.0299935 1.8699813 2.4573757
4.9375042 2.7181726 5.1038794
4.9446626 2.7220317 5.1093592
4.9428744 2.7208598 5.1086602
4.9425997 2.7204468 5.1084695
4.9420666 2.7203073 5.1079551
4.94185 2.7201875 5.1075821
4.9413089 2.720154 5.1069783
4.9420229 2.7203808 5.1072717
4.9416862 2.7203175 5.1069073
4.9413066 2.7202492 5.1064883
4.9407377 2.7201502 5.1059465
4.9402507 2.7200995 5.1054399
4.9400469 2.7201993 5.1050645
4.9384455 2.7206972 5.103056
4.9374272 2.7206748 5.1014435
4.937019 2.7206024 5.1008303
1.8156289 0.83196653 2.1816265
1.8170798 0.83192208 2.1804445
1.817197 0.83215243 2.1810216
1.8172202 0.83240181 2.1815761
1.8172026 0.83265741 2.1820601
1.8171913 0.83290215 2.1824219
1.8171964 0.83311444 2.1826311
1.8171682 0.83323161 2.1827189
1.8173433 0.833238 2.1827946
1.8175399 0.83307566 2.1824218
1.8174679 0.83291875 2.182234
1.817018 0.8326449 2.182043
1.8160175 0.83197186 2.1828382
1.8150862 0.83179622 2.1830801
4.4991457 0.76559833 1.9679922
4.8495801 2.0645573 0.40804471
4.8517987 2.0638243 0.4080128
4.8517161 2.0633445 0.40788168
4.8502261 2.0629337 0.40873297
4.8499687 2.0627156 0.40882369
4.8497735 2.0625277 0.40892282
4.8495065 2.0623457 0.40904312
4.8493491 2.0623163 0.40914378
4.8492115 2.0623339 0.40925055
4.8490452 2.0623069 0.40942523
4.8489638 2.0624089 0.40953366
4.8488966 2.0628407 0.40937533
4.849038 2.0629625 0.40964837
4.8490575 2.0630198 0.40988094
4.8491419 2.0630784 0.41017894
4.8493617 2.0623245 0.41089726
4.8496456 2.0623935 0.41128696
4.850077 2.0624524 0.41174597
4.8507492 2.0641722 0.41276665
4.8513644 2.064212 0.41332587
4.8519874 2.0642456 0.41375832
4.8525846 2.0640897 0.41387302
1.826309 2.3729305 4.3177968
1.8263951 2.3729364 4.3179803
1.8264631 2.3729236 4.3181667
1.8265708 2.3731297 4.3185313
1.8265915 2.3730898 4.3187145
1.8265041 2.3730458 4.318873
1.8259543 2.3720856 4.3185958
1.8263188 2.3722866 4.3192547
1.8263529 2.372268 4.3193426
1.8262591 2.3723252 4.3193836
1.8263172 2.3723657 4.3192595
1.8264424 2.3724313 4.3190841
1.826648 2.3725341 4.3188117
1.8269495 2.3726733 4.318496
1.8274804 2.3728067 4.3178354
1.827812 2.3729584 4.3173739
1.8280825 2.3730765 4.3165296
1.8284817 2.3732031 4.3160787
3.2113709 2.361427 2.2817719
3.2142836 2.3628716 2.2839981
3.2143278 2.363044 2.2841897
3.2143665 2.3631748 2.2843736
3.2144328 2.3632833 2.284574
3.2145514 2.3634392 2.2848036
3.2137863 2.3638601 2.2838773
3.2140303 2.3641013 2.2841766
3.2136965 2.3632034 2.2845758
1.9655223 2.2435129 3.7468107
1.9656133 2.2431098 3.746099
1.9649346 2.2429804 3.7454378
1.9648411 2.242889 3.7449878
1.9646392 2.2427872 3.7449672
1.9629998 2.2426479 3.7439598
1.9631009 2.2425682 3.7438223
1.9638337 2.2418601 3.7441329
1.9633141 2.2431942 3.7455222
0.846916 1.8063627 5.0134906
0.84626888 1.8060836 5.0120381
0.84573678 1.8060508 5.0119574
0.84527883 1.8060117 5.0114704
0.84467542 1.80576 5.0115723
0.84435047 1.8057006 5.0117813
0.84424907 1.8056927 5.0119142
0.84437061 1.8056686 5.012106
0.84453412 1.8056943 5.0123457
0.84477555 1.8057358 5.0126306
0.84506288 1.8057619 5.0129472
0.84586709 1.8060001 5.0135229
0.84626409 1.8064332 5.0136746
0.84650853 1.8063557 5.0144526
0.84668985 1.8061105 5.0144318
0.84693025 1.8060907 5.0146982
4.6835714 1.4056383 2.8332606
4.6831353 1.4060258 2.8331536
4.6827193 1.4063842 2.8330429
4.6823715 1.4073562 2.8328482
4.6821517 1.4078983 2.832797
4.681485 1.4085432 2.8329466
4.6814436 1.4084837 2.832823
4.68159 1.4079185 2.8323443
4.6832254 1.4064975 2.8320478
4.6819257 1.4062513 2.8282625
4.0338976 1.8732873 2.458913
4.0334521 1.8728981 2.4583373
4.0330128 1.872508 2.4578629
4.0326231 1.8721713 2.4574413
4.0323443 1.871981 2.4569877
4.0320238 1.8718857 2.4565882
4.0317332 1.8718692 2.456247
4.0314807 1.8719443 2.4559827
4.0317146 1.8721709 2.4559354
4.030891 1.8724413 2.456526
4.0308268 1.8726458 2.4564876
4.0310077 1.8731236 2.4568146
4.9440651 2.7210084 5.108786
4.9432852 2.7209945 5.1084084
4.9425099 2.7209769 5.1079247
4.9418774 2.7208862 5.1074895
4.9414695 2.7207104 5.107219
4.9412509 2.7205677 5.1070516
4.9411107 2.7204343 5.1068993
4.9410412 2.720319 5.1067476
4.9420965 2.7205174 5.1073892
4.9421311 2.7205354 5.1073655
4.9419482 2.7204969 5.1071339
4.9416215 2.7206031 5.1069165
4.9413596 2.7204476 5.1064498
4.9409666 2.7203358 5.1060223
4.9393534 2.7205762 5.1039557
4.938261 2.720484 5.1024347
4.937754 2.7203361 5.1018445
4.9371872 2.7201522 5.1011919
1.8175491 0.83164521 2.1802824
1.8175035 0.83196302 2.180819
1.8174525 0.83228344 2.1813223
1.8173932 0.83259732 2.1817635
1.8172982 0.83288554 2.1821459
1.8172353 0.83312183 2.1824056
1.8171301 0.83324562 2.1825492
1.817361 0.83328962 2.1826272
1.8175854 0.83317408 2.1821964
1.8175147 0.83300022 2.1821416
1.8169713 0.83267505 2.1821222
1.8159057 0.83184491 2.1832451
1.8158549 0.83160998 2.1830988
4.8492082 2.0652902 0.40982703
4.8491901 2.0649353 0.40974155
4.8501825 2.0641073 0.40905963
4.8501249 2.0632031 0.40891344
4.85012 2.062901 0.40902203
4.8501482 2.0626657 0.40918917
4.8500332 2.062492 0.40927693
4.8498807 2.0623915 0.40934196
4.8497306 2.0623384 0.40940333
4.8501198 2.0625569 0.4094252
4.8499786 2.0626651 0.40944309
4.8495359 2.0628575 0.40959333
4.8494041 2.0628459 0.40949776
4.8492929 2.0629264 0.409603
4.8492413 2.0629753 0.40974534
4.849026 2.062885 0.40999505
4.8491984 2.0628651 0.41028813
4.8494747 2.0628623 0.41067285
4.8501357 2.0626755 0.41150779
4.8505213 2.0641299 0.41246283
4.8509178 2.0642076 0.41267165
4.8513321 2.0642954 0.41285591
4.8517154 2.0644026 0.4129648
0 0 0
1.8301253 2.3729689 4.3194601
1.8280532 2.3738768 4.3194081
1.8264563 2.3732912 4.3191652
1.8258941 2.3733345 4.3188634
1.8260272 2.3725908 4.3185079
1.825997 2.372211 4.3188165
1.8263176 2.372439 4.3194615
1.8262717 2.3724099 4.3195212
1.8262126 2.3724242 4.3194623
1.8262023 2.3724558 4.3192831
1.8262846 2.3725033 4.319036
1.8264381 2.3725485 4.318729
1.8266149 2.3726118 4.3183239
1.8273151 2.3727422 4.3178472
1.8275865 2.3728574 4.3173439
1.8279491 2.3729401 4.316847
1.8283173 2.3730189 4.3163415
1.8287578 2.3730519 4.3158931
3.2133712 2.3629648 2.2835045
3.2136692 2.3630614 2.2838679
3.2139637 2.3631706 2.2841895
3.214264 2.3633137 2.2845103
3.214517 2.3633314 2.2839792
3.2147808 2.3636365 2.2843325
3.213947 2.3635535 2.2825641
3.2121855 2.3649858 2.2808946
1.965491 2.2425781 3.7473947
1.9653576 2.2425298 3.7469192
1.965136 2.2425458 3.7457253
1.9650234 2.2425164 3.7452922
1.9649187 2.2423786 3.7446521
1.9639915 2.2419701 3.7433885
1.963874 2.2422823 3.7428434
1.9645898 2.2422391 3.743734
1.9660743 2.2427466 3.7452372
0.84901385 1.8039933 5.013545
0.84885457 1.804399 5.013839
0.84824476 1.8051223 5.0138458
0.84815057 1.8053062 5.0128197
0.84492529 1.805734 5.0117856
0.84461827 1.8056416 5.0120487
0.84450826 1.8056412 5.0121974
0.84453583 1.8056335 5.0123999
0.84460044 1.8056193 5.0126029
0.84469934 1.8056011 5.0128121
0.8448686 1.8055947 5.0130084
0.84513924 1.806023 5.0131438
0.84532987 1.8060349 5.0133211
0.84566566 1.8061745 5.0138174
0.84612904 1.8053161 5.0136914
0.84583654 1.8048058 5.0132655
4.6837558 1.4054821 2.8337393
4.683334 1.4057024 2.8334219
4.6826705 1.4062488 2.8330983
4.682339 1.4072377 2.8329043
4.681983 1.4074779 2.8327584
4.6817401 1.407963 2.832455
4.6812312 1.4081866 2.8327373
4.681476 1.4076996 2.8319953
4.6812369 1.4074349 2.8309968
4.6828235 1.4034185 2.8295629
4.0347949 1.8736621 2.4579106
4.0338001 1.8727229 2.4584433
4.033291 1.8724647 2.4579795
4.0328701 1.872186 2.4575175
4.0324788 1.8720018 2.4570388
4.032149 1.8719026 2.4566233
4.0318707 1.8719638 2.4562698
4.0316448 1.8721299 2.4560106
4.0314644 1.8723291 2.4558442
4.0309318 1.8725622 2.456339
4.0308292 1.8728187 2.4562315
4.0307229 1.8734785 2.4558413
4.9437057 2.7213041 5.1084159
4.942883 2.7212086 5.1078959
4.9420617 2.7211819 5.107399
4.9413482 2.7210732 5.1069059
4.9407152 2.7210014 5.1064254
4.9402485 2.7208977 5.106053
4.9399199 2.7207829 5.1057316
4.9396328 2.7205305 5.1052015
4.9421814 2.7205971 5.1074315
4.9425219 2.7206474 5.1076717
4.9424544 2.7205709 5.1075529
4.9425995 2.721085 5.107284
4.942478 2.7209414 5.1071664
4.9395257 2.7206742 5.1043866
4.9391108 2.7204701 5.1040474
4.9386198 2.720243 5.1036495
4.9377822 2.7198044 5.1026636
4.9372613 2.7195653 5.1022562
1.8180169 0.8274847 2.1808403
1.8179169 0.83181552 2.1805842
1.8177813 0.83218018 2.1810099
1.8176283 0.83252211 2.1813901
1.8174651 0.83285981 2.181896
1.8172785 0.83311587 2.1821313
1.8171132 0.83327149 2.1822962
1.8171366 0.83340741 2.1820869
1.8172259 0.83349703 2.1817596
1.8173823 0.83356364 2.1814727
1.8173741 0.83337293 2.1814117
1.8158597 0.83188236 2.1833778
1.815867 0.83163844 2.1832737
4.8497376 2.0626772 0.40983182
4.8497947 2.06245 0.40980258
4.8500421 2.0623006 0.40906139
4.8497007 2.062127 0.40941139
4.8501398 2.0627566 0.40929756
4.8504286 2.0625883 0.40955783
4.8504583 2.0624536 0.40965977
4.8504859 2.0623663 0.40975054
4.850494 2.0623322 0.40979344
4.8503934 2.062361 0.40977044
4.8502326 2.0628209 0.40970387
4.8498761 2.0628361 0.4096142
4.8497331 2.062808 0.40949025
4.8495359 2.0628807 0.40946001
4.8494532 2.0629126 0.40958254
4.8491811 2.0627954 0.40980734
4.8492813 2.0627931 0.41006722
4.8503488 2.0621721 0.41098846
4.850611 2.0623506 0.41166027
4.8502449 2.0640652 0.4118644
4.8505567 2.0641374 0.41208826
4.8508317 2.0642524 0.4120662
4.8510644 2.0643564 0.41208993
4.8508609 2.0636939 0.41101216
1.8290724 2.3752448 4.3197748
1.8291049 2.3751503 4.3200746
1.8264213 2.3735376 4.3191742
1.8255887 2.3729441 4.3176204
1.8256669 2.3726695 4.3178574
1.8256394 2.3723257 4.3185969
1.8263563 2.3725844 4.3196609
1.826289 2.372548 4.3196351
1.826217 2.3725445 4.3195229
1.8261478 2.3725681 4.3192569
1.8261272 2.3725961 4.3188671
1.8265697 2.3725157 4.3187379
1.8265516 2.3724737 4.3181783
1.8271321 2.3726548 4.3178517
1.8278279 2.3727531 4.3177353
1.8281424 2.3728041 4.3173875
1.8281225 2.3729172 4.3166029
1.8284556 2.3730171 4.3162748
3.211186 2.3634288 2.2807469
3.2117734 2.3635519 2.2812171
3.2134663 2.3636985 2.2827924
3.2139737 2.3640296 2.2833742
3.2144379 2.3639133 2.2841248
3.2151301 2.3637103 2.2845714
3.2168948 2.3631186 2.2860161
3.2119667 2.3662493 2.281495
1.965614 2.2421378 3.7476779
1.9655825 2.2409938 3.7476551
1.9654691 2.2409833 3.74719
1.9647084 2.2420301 3.7449357
1.9647033 2.2420689 3.7446012
1.9641493 2.2417563 3.7436485
1.9641392 2.2418489 3.743088
1.9647179 2.2421782 3.7438439
1.9668317 2.2421346 3.7458742
0.84925122 1.8048895 5.0136758
0.84884098 1.8050437 5.0137683
0.84844255 1.8051852 5.0138736
0.84836004 1.8057726 5.0135571
0.84550426 1.8055849 5.0123261
0.84523991 1.8056502 5.0124559
0.84501144 1.8056714 5.012594
0.84483255 1.8056538 5.0127081
0.84474952 1.8055928 5.0128188
0.84472506 1.8055436 5.0129425
0.84472437 1.8054897 5.0130076
0.84485669 1.8058773 5.0129427
0.84482702 1.8057651 5.0128448
0.84480157 1.8055881 5.0127589
0.84476431 1.8053478 5.012639
0.84489849 1.8045187 5.0122924
4.6836162 1.4057778 2.8337109
4.6830312 1.4060792 2.8336293
4.6825456 1.4064809 2.8334517
4.6822699 1.4070263 2.8328798
4.6819044 1.4076122 2.8325756
4.6816057 1.4077335 2.8323264
4.6813914 1.4076886 2.8325495
4.6811546 1.4073376 2.8317636
4.6809229 1.407042 2.8312415
4.6805164 1.4065184 2.8305427
4.0343011 1.8728988 2.4588687
4.033822 1.872645 2.458421
4.0333639 1.8723706 2.4579697
4.0329124 1.8721394 2.4574731
4.032534 1.8719757 2.4569885
4.0322163 1.8719328 2.4565669
4.0319479 1.8720429 2.4561797
4.0316787 1.8722319 2.4558547
4.0314101 1.8725044 2.4555666
4.0311246 1.8728578 2.4553459
4.0308352 1.8732564 2.4550742
4.0306254 1.8736203 2.4549172
4.9432947 2.7215939 5.1079812
4.9424236 2.721462 5.1073688
4.9416119 2.721341 5.1068832
4.9408483 2.7212064 5.1063181
4.9402835 2.7210774 5.1058945
4.9398922 2.7209569 5.1055696
4.9396677 2.7208082 5.1053358
4.9394042 2.720642 5.1050194
4.9393276 2.720626 5.1047735
4.9416342 2.7210565 5.1052835
4.9432205 2.7210206 5.1076956
4.9431772 2.720971 5.1076957
4.9430757 2.7208582 5.1076527
4.9401393 2.7205593 5.1049982
4.9397639 2.7203154 5.104772
4.9392408 2.7200266 5.1044599
4.9386181 2.7196287 5.1039231
4.937966 2.7193252 5.1034641
1.818472 0.82731024 2.1807714
1.818334 0.83170188 2.180362
1.8181457 0.83210395 2.1806933
1.8179096 0.83247013 2.1809912
1.8176127 0.83276008 2.1815237
1.817388 0.83345445 2.1814359
1.8172371 0.83356616 2.181604
1.8166674 0.83355532 2.1814579
1.8165855 0.83345946 2.181602
1.8168617 0.8332348 2.1813633
1.8168575 0.83301751 2.1813727
1.8158855 0.83192206 2.1833857
1.8159208 0.8316438 2.1833731
4.8494755 2.0621661 0.40982619
4.8495966 2.0620445 0.409853
4.8494668 2.0618768 0.40964418
4.8495883 2.0617336 0.40967214
4.850198 2.0620318 0.40977506
4.8506444 2.062463 0.40985767
4.850683 2.0623858 0.40990251
4.8508175 2.0622081 0.41013596
4.8509006 2.0622921 0.40995581
4.8507783 2.0622929 0.40989497
4.8504524 2.0627057 0.40972331
4.8502252 2.0627705 0.40964248
4.8499652 2.0628029 0.40935284
4.8497817 2.0628256 0.40933745
4.8496497 2.0628605 0.40936341
4.8495754 2.0628926 0.40949014
4.8490973 2.0626483 0.40938857
4.8491603 2.0626849 0.40960368
4.8494967 2.0629975 0.41005571
4.8500139 2.0640047 0.41125213
4.8502151 2.0640786 0.41130932
4.8504065 2.0641375 0.41137731
4.8505464 2.0642266 0.41134088
4.8503153 2.0634601 0.41030669
4.8503896 2.0635314 0.41013332
1.8244468 2.3743867 4.3157891
1.8264563 2.3737456 4.3191929
1.8256462 2.3731421 4.3176299
1.8256238 2.3730604 4.3178454
1.825576 2.3730005 4.318066
1.8265021 2.3727103 4.3197303
1.8264061 2.3726642 4.3196927
1.8263066 2.3726485 4.3195241
1.8262261 2.3726626 4.3192856
1.825935 2.3721384 4.3182563
1.8270769 2.3717816 4.3182636
1.8272751 2.3718134 4.3177538
1.8276497 2.3719043 4.317595
1.8277087 2.3721049 4.3173332
1.8279646 2.3721664 4.3171067
1.8278708 2.3728454 4.3168822
1.828183 2.3729135 4.3167807
3.210399 2.3635185 2.2803705
3.2112361 2.3636258 2.2809525
3.2119679 2.3648333 2.2820032
3.2127956 2.3649514 2.2826137
3.213839 2.3645171 2.2840141
3.2169423 2.3627111 2.2842556
3.2175922 2.3628179 2.2846804
3.2172968 2.3654705 2.2850024
1.8998915 2.1704079 3.8337846
1.9635131 2.2415471 3.7446306
1.9634528 2.2415822 3.7441746
1.9634252 2.2416108 3.7437735
1.9645733 2.2420177 3.744208
1.9646935 2.2421296 3.7440209
1.9648423 2.2422875 3.74389
1.9650075 2.2424982 3.7438386
1.9652234 2.24282 3.7438048
0.84619556 1.8049097 5.0106995
0.84737294 1.8050487 5.013076
0.84726015 1.8050868 5.0122879
0.84738827 1.8050587 5.0126376
0.84579663 1.8055437 5.0124315
0.84556168 1.8056533 5.0126308
0.84533075 1.805716 5.0127967
0.8451268 1.805714 5.01292
0.84492075 1.8056115 5.0129588
0.84479307 1.8055477 5.0129961
0.84466858 1.8054457 5.0129671
0.84526376 1.8049442 5.0129704
0.84446686 1.8054073 5.0121095
0.84377896 1.8051686 5.0108311
0.84293315 1.804224 5.0107165
0.84487267 1.8024976 5.0110531
4.6835474 1.405652 2.8338463
4.6816422 1.4064246 2.8318939
4.681182 1.4067569 2.8316556
4.6807525 1.4070288 2.8314011
4.6803739 1.4071985 2.8310923
4.6809439 1.406794 2.8323459
4.6802386 1.4074037 2.8321036
4.6805435 1.4068665 2.8314358
4.6805668 1.4065407 2.8308705
4.6804451 1.4061677 2.830139
4.034335 1.8729005 2.458915
4.0337062 1.8725651 2.4582789
4.0332772 1.8723137 2.4578154
4.0328762 1.8720914 2.4573377
4.0324924 1.8719413 2.4568478
4.032149 1.8718955 2.4564283
4.0319927 1.872133 2.4560194
4.0316978 1.8723513 2.4556604
4.0314203 1.8726417 2.4553629
4.0311488 1.8730064 2.4551068
4.0308748 1.8734153 2.4548669
4.0306491 1.8737764 2.4546377
4.9428586 2.7218741 5.1075347
4.9420193 2.7216736 5.1069207
4.941147 2.7214942 5.1062912
4.940414 2.7212952 5.1057423
4.9399072 2.7211273 5.1053477
4.9396402 2.7209714 5.1051119
4.9394869 2.7209362 5.1049337
4.9393599 2.7206872 5.1047204
4.9395233 2.7205647 5.1047879
4.9434905 2.7214977 5.1070177
4.9435672 2.7209524 5.1078449
4.9436771 2.7208487 5.108007
4.9436803 2.7206491 5.1081078
4.9406312 2.720417 5.1054922
4.940279 2.7201336 5.1053743
4.9398006 2.7198147 5.1051901
4.9392863 2.7194302 5.1049573
4.9386824 2.7190787 5.1046581
1.8225412 0.83141271 2.1774248
1.8199663 0.83182351 2.1797895
1.8185143 0.83207556 2.1803801
1.8181667 0.83244347 2.1806105
1.8177352 0.83265452 2.1811627
1.8174361 0.83339077 2.1810656
1.817226 0.83350501 2.1812381
1.8166034 0.83353638 2.1810737
1.8164831 0.83348544 2.1811836
1.8168745 0.83321156 2.1810863
1.8169069 0.83300265 2.1811424
1.8159341 0.83195506 2.1832834
1.8160418 0.83156622 2.1833645
4.8492566 2.0616579 0.40981686
4.8494273 2.0617305 0.40979509
4.8493533 2.0615598 0.40971952
4.8495398 2.0615047 0.40973852
4.850238 2.0618185 0.4099428
4.8508336 2.0623191 0.41005725
4.8509852 2.0622716 0.41013752
4.8511439 2.061988 0.41031977
4.8514746 2.0620694 0.41029266
4.8510795 2.0621959 0.40995299
4.8504351 2.0625121 0.40957772
4.8502907 2.0625535 0.40946205
4.8501986 2.0627246 0.40928691
4.8499987 2.0627604 0.40919486
4.8498212 2.0627769 0.40916186
4.8497108 2.0627845 0.40920026
4.8490341 2.0624271 0.40861602
4.8490758 2.0624647 0.40873529
4.8493879 2.0629539 0.40945634
4.8493454 2.0638525 0.40961381
4.8496625 2.0632437 0.40985084
4.8497097 2.0632724 0.40977651
4.8497903 2.0632474 0.40975229
4.849867 2.0632148 0.40972394
4.8499492 2.063173 0.40970635
1.8262501 2.3745957 4.3157511
1.8259742 2.3734165 4.3172283
1.8258436 2.3732287 4.3175867
1.8258398 2.3731452 4.3178906
1.8258302 2.3730764 4.3181086
1.8267307 2.3727757 4.3197696
1.8266361 2.3727069 4.3196924
1.8264058 2.3729197 4.3194184
1.8263745 2.3728595 4.3191204
1.8263556 2.3725225 4.3184068
1.8268085 2.3717278 4.3179289
1.8274016 2.3716501 4.3179357
1.8274842 2.3716936 4.3176072
1.827534 2.3720856 4.3173819
1.8276941 2.3721588 4.317213
1.8276895 2.3728037 4.31727
1.8278828 2.372923 4.3172113
1.8291553 2.3724973 4.3189154
3.2125541 2.3651898 2.283006
3.2129956 2.3652598 2.2834703
3.2143713 2.3653016 2.2844105
3.2150928 2.3653677 2.2848382
3.2158472 2.3653725 2.2853014
3.2166052 2.3653047 2.2857604
3.2178598 2.3654336 2.2855183
1.958716 2.2461202 3.7457066
1.9635535 2.2412941 3.7448269
1.96351 2.2413849 3.7443997
1.963487 2.2414488 3.7439863
1.9646737 2.2421034 3.744203
1.9649984 2.2422903 3.7441201
1.9651462 2.2424853 3.7440472
1.9653083 2.2427157 3.7439749
1.9654753 2.2429474 3.743948
0.84769771 1.803814 5.0128179
0.8475599 1.8046848 5.0127485
0.84745589 1.8049334 5.0123641
0.84628006 1.8052201 5.0121912
0.84607594 1.8055082 5.012487
0.84588843 1.805692 5.0127435
0.84572605 1.8057774 5.0129506
0.84587603 1.8056984 5.0135934
0.84571566 1.8051766 5.0136206
0.84541335 1.8048302 5.0133118
0.84520334 1.8047146 5.0131365
0.84494398 1.8045815 5.0128765
0.84428945 1.8053361 5.0117711
0.84340528 1.8054207 5.0104084
0.84277966 1.8053964 5.0099453
0.84491819 1.8042294 5.0087884
4.6839023 1.405596 2.8345537
4.6814061 1.4047193 2.8331465
4.6810626 1.4065818 2.8317147
4.6806565 1.4067789 2.831374
4.6802965 1.4069047 2.8310502
4.6804517 1.4070384 2.832257
4.6801727 1.4070603 2.8319085
4.6804217 1.4065285 2.8312343
4.6806358 1.4056522 2.8303197
4.6808143 1.4047871 2.8295784
4.0338331 1.8722204 2.4581173
4.033487 1.872011 2.4577281
4.0330151 1.8718142 2.4573878
4.0325334 1.8716881 2.4571443
4.0323517 1.871909 2.4566438
4.0320972 1.8718828 2.4562945
4.0320427 1.8721654 2.4557314
4.0316863 1.872444 2.4555022
4.031454 1.872726 2.4552098
4.0312012 1.8730896 2.4549465
4.0309615 1.8734886 2.4546879
4.0307372 1.8738998 2.4544677
4.9423625 2.7221182 5.107013
4.9415101 2.721869 5.106349
4.9407615 2.7215928 5.1057665
4.9401012 2.7213302 5.1052337
4.939698 2.7210938 5.1048963
4.9395467 2.720918 5.104752
4.9395424 2.7208208 5.1047022
4.9396925 2.7205942 5.1047386
4.939826 2.7204664 5.1048246
4.9436974 2.7213738 5.1070017
4.9438985 2.7207822 5.1079422
4.9440325 2.7206162 5.1081614
4.9440802 2.7204633 5.1083622
4.9410124 2.7202421 5.1058699
4.9407421 2.7199669 5.1059027
4.9403259 2.7196268 5.1058597
4.9399164 2.7192612 5.1058776
4.9401481 2.7188671 5.1073112
1.8198754 0.8312971 2.1796139
1.819448 0.83170603 2.1797701
1.8187899 0.83206069 2.1801211
1.8183329 0.83243972 2.1802748
1.817905 0.8327643 2.1804017
1.8172523 0.83345899 2.180711
1.8169947 0.83356382 2.1808323
1.8165851 0.83344785 2.180688
1.8164777 0.83336461 2.1808163
1.816918 0.83319069 2.1807458
1.8169612 0.83297572 2.180862
1.8166309 0.83168268 2.1825943
1.8162119 0.83143713 2.1832242
4.8486989 2.0610888 0.40978662
4.8489518 2.0610489 0.40872623
4.8492025 2.0612135 0.40886294
4.8496455 2.0616045 0.40989373
4.8504088 2.0618259 0.41030977
4.8509139 2.0621577 0.41015875
4.8518269 2.0624825 0.40996162
4.8516247 2.0622555 0.40954685
4.8518825 2.0619372 0.41032381
4.8512569 2.062247 0.40987133
4.8506304 2.0623629 0.40922192
4.8510572 2.0633831 0.40882691
4.8508617 2.0634166 0.40867553
4.8507393 2.0630056 0.40814685
4.8502621 2.0623299 0.40881594
4.849788 2.0626709 0.4089666
4.8496439 2.0627223 0.40890638
4.8495462 2.0627947 0.40892834
4.8494661 2.0628996 0.40897465
4.8494177 2.0630329 0.40916545
4.84946 2.0631037 0.40919796
4.8494653 2.0631431 0.40917393
4.8494919 2.0630735 0.4092076
4.849525 2.0629532 0.4092634
4.8495675 2.0628195 0.40934452
1.8254663 2.3750834 4.316263
1.8256122 2.3749162 4.3166513
1.8260418 2.3734254 4.3176029
1.826173 2.3732858 4.3179554
1.8262398 2.3731248 4.3181654
1.8266867 2.3727992 4.3198264
1.8279342 2.3737425 4.3204289
1.8275488 2.373768 4.3197681
1.8269942 2.3739891 4.3187069
1.8268695 2.3743023 4.3182493
1.8266711 2.3742898 4.3177854
1.8274462 2.3716872 4.3179074
1.8274336 2.371717 4.3176092
1.8270061 2.3719516 4.3176468
1.8274198 2.3724677 4.3176085
1.8275723 2.3725705 4.3176679
1.8277774 2.3726802 4.3178411
1.8285156 2.372738 4.318923
3.2136511 2.365791 2.284455
3.2143712 2.3656977 2.2849041
3.2150279 2.3656162 2.2852939
3.2156849 2.3655318 2.2856223
3.2163238 2.3654429 2.2859724
3.2171638 2.3653057 2.2864414
3.2178605 2.3651683 2.2868593
1.9636243 2.2411829 3.7454684
1.9635699 2.2412738 3.7450347
1.9635533 2.2413391 3.7446143
1.9634741 2.2413435 3.7441156
1.9641487 2.2429422 3.7430804
1.96424 2.2431578 3.7428719
1.9650045 2.2440744 3.7437211
1.9643254 2.2439369 3.7438094
1.9659992 2.2448386 3.7437366
0.84673746 1.8038663 5.0109565
0.84664453 1.8042998 5.0113547
0.8465324 1.8047597 5.0117542
0.84642803 1.805205 5.0121375
0.84630183 1.8055557 5.0124908
0.84616294 1.8057951 5.0127898
0.84601886 1.8059106 5.0130066
0.84611956 1.8062916 5.0134832
0.84585145 1.8050971 5.0133387
0.84561834 1.8049649 5.0132065
0.84536486 1.8047939 5.0129531
0.84501333 1.8046297 5.0126033
0.84446108 1.8051573 5.0120982
0.8429879 1.8055603 5.0101275
0.84250022 1.805348 5.0094772
0.84189683 1.8051682 5.0087478
4.6837508 1.4034118 2.8334206
4.682034 1.4035216 2.8323806
4.681569 1.4054345 2.8317964
4.6809822 1.4061858 2.830977
4.6803465 1.4064569 2.8306616
4.6804229 1.4065711 2.8320912
4.6802501 1.4066281 2.8317315
4.6801712 1.4063338 2.8311893
4.6805804 1.405275 2.8300429
4.6808526 1.4045134 2.8294133
4.0297218 1.8714565 2.455087
4.0330717 1.872012 2.4572083
4.0328053 1.8717946 2.4569757
4.032561 1.8715838 2.456718
4.0323653 1.8714216 2.456448
4.0321479 1.8713244 2.4561714
4.0319749 1.8713308 2.4558293
4.0318211 1.8714601 2.4555149
4.0316878 1.8717009 2.4552032
4.0315531 1.8720312 2.454873
4.0313881 1.8723875 2.454548
4.0312292 1.8736081 2.4545616
4.9419233 2.7223055 5.1065004
4.9412377 2.7219521 5.105931
4.9405815 2.7215998 5.1053827
4.9399641 2.7212321 5.1048299
4.9397081 2.7209622 5.1046049
4.9396489 2.7207337 5.1045216
4.9398299 2.720553 5.1046322
4.9401432 2.720406 5.104865
4.9404832 2.7202938 5.1051671
4.9439047 2.7211968 5.1069708
4.9441243 2.7205586 5.1079349
4.9443562 2.7204322 5.1082944
4.9443944 2.7202724 5.108526
4.9413392 2.7200684 5.1061837
4.9411196 2.7197925 5.1063111
4.9407902 2.7194754 5.106382
4.9406173 2.7191246 5.1066602
4.9407315 2.7188039 5.1078687
1.8157736 0.83250705 2.1819326
1.8195599 0.83173069 2.1798268
1.8190788 0.83210308 2.1799279
1.818378 0.83241444 2.1800524
1.8179498 0.83269216 2.1801181
1.8175157 0.83362703 2.1801021
1.8172432 0.83369448 2.180192
1.8170957 0.83351817 2.1800693
1.8170066 0.83337941 2.1802163
1.8170106 0.8331349 2.180358
1.8170542 0.83289774 2.1805386
1.8175685 0.83241539 2.1811115
1.8205753 0.83222318 2.1778539
4.8498941 2.063251 0.40967544
4.850039 2.0622657 0.40778692
4.8486342 2.0618389 0.40920304
4.8487333 2.0616452 0.40938334
4.8503933 2.0615841 0.41033221
4.8509634 2.0623555 0.40959348
4.8518752 2.0622907 0.41002672
4.851983 2.0623273 0.410041
4.8518976 2.0618942 0.41026351
4.8513206 2.0621575 0.40995107
4.8507184 2.0628803 0.40954101
4.8511614 2.0633056 0.40883326
4.8509533 2.0633582 0.40866997
4.8513968 2.0632474 0.40849566
4.8513838 2.0632936 0.40851403
4.8499768 2.0625007 0.40791115
4.8496584 2.0627067 0.40860929
4.8495451 2.0627906 0.40854282
4.8494548 2.0627998 0.40850353
4.8493958 2.0628131 0.40849035
4.8493482 2.0631075 0.40863896
4.8493206 2.06306 0.40868718
4.8493096 2.0629167 0.40878505
4.849303 2.0627199 0.40892584
4.8492977 2.0624832 0.40908968
1.8256308 2.3751766 4.3163605
1.8259024 2.3749525 4.3168411
1.8264555 2.3734105 4.3178403
1.826636 2.3732262 4.3181664
1.826771 2.3730562 4.3183699
1.8272598 2.3737725 4.3190502
1.8281112 2.3738094 4.3199277
1.8278958 2.3737388 4.3196385
1.8274428 2.373914 4.3188725
1.8271598 2.3742492 4.3182185
1.82481 2.3736113 4.3160789
1.8246719 2.3735519 4.3157608
1.8245483 2.3736081 4.3155507
1.8244718 2.3736981 4.3154805
1.8244245 2.3738202 4.3154469
1.826378 2.373452 4.3159757
1.8275023 2.3729798 4.3179583
1.8264941 2.3724158 4.3186622
3.2146775 2.3662881 2.2855373
3.2152158 2.3661141 2.2858727
3.2157634 2.3658903 2.2861508
3.2163243 2.365689 2.2864675
3.2169272 2.3654796 2.2867987
3.2175287 2.3652936 2.2871688
3.218179 2.3651148 2.2875882
1.9635687 2.2410243 3.7455224
1.9635556 2.241203 3.7451503
1.9634276 2.2413985 3.7447573
1.9632482 2.2417139 3.7443369
1.9633556 2.2419437 3.7441161
1.9635173 2.2422313 3.7439481
1.9637444 2.2425402 3.7438633
1.9640353 2.2428803 3.7438141
1.9666569 2.2444312 3.7443203
0.84641918 1.803518 5.0100255
0.8463249 1.8041413 5.0105602
0.84622024 1.8047793 5.0118256
0.84654521 1.8052866 5.012069
0.84648514 1.8056792 5.0124629
0.84638433 1.8059571 5.01276
0.84625502 1.8061101 5.0129664
0.84640116 1.806358 5.0128464
0.84620719 1.8062747 5.0128093
0.8454594 1.8060123 5.0125962
0.8460359 1.8052579 5.0131479
0.8457027 1.8050318 5.0127559
0.84530722 1.8048079 5.0122526
0.8443951 1.8051054 5.0112236
0.84388937 1.8048637 5.0106628
0.84338131 1.8046075 5.0101002
4.6835593 1.4033623 2.8334746
4.6816715 1.4036858 2.8326091
4.6815862 1.4051256 2.832155
4.6812426 1.4052443 2.8317754
4.6808645 1.4061624 2.8323955
4.6805642 1.4062099 2.8319972
4.6803782 1.4061512 2.8315331
4.6802361 1.4059415 2.8309463
4.6801602 1.4052558 2.8300424
4.6799642 1.4047854 2.829408
4.0324396 1.8725359 2.4568854
4.0325924 1.8720718 2.4566777
4.0324327 1.8718557 2.4566177
4.0322629 1.8716522 2.4565222
4.0321031 1.8714782 2.4563716
4.0319764 1.8713842 2.4561805
4.0318602 1.8713613 2.455818
4.0317866 1.8715077 2.4555608
4.0317165 1.8717083 2.4552506
4.031637 1.8720069 2.4548947
4.0315433 1.8723589 2.4545046
4.0327137 1.8739513 2.4547796
4.9414877 2.7224292 5.1059592
4.9411277 2.7219452 5.1055889
4.9405155 2.7214238 5.1050313
4.9402217 2.7210512 5.104762
4.9400508 2.7207334 5.1045951
4.940048 2.7204851 5.1045768
4.9403215 2.7202883 5.1047879
4.9406143 2.7201283 5.1050339
4.9413856 2.7201192 5.1057486
4.944339 2.7208232 5.107591
4.944236 2.7203038 5.1078185
4.9443041 2.7201444 5.1079929
4.9428233 2.7198717 5.1075225
4.9415889 2.7198751 5.1063973
4.9414779 2.7196558 5.1066519
4.9412892 2.7193721 5.1070423
4.9409838 2.7191238 5.1072301
4.9407042 2.7188746 5.1074266
1.8198293 0.83279508 2.1810212
1.8195444 0.83175482 2.1798835
1.8190778 0.83208524 2.1798772
1.8183842 0.83239227 2.1799102
1.817934 0.83262692 2.1799191
1.8175212 0.83349993 2.1798607
1.8172335 0.83355952 2.1799071
1.8171395 0.83336035 2.1797498
1.8170336 0.83322384 2.1799008
1.8171132 0.83295315 2.1799524
1.8170882 0.83290038 2.1802223
1.8176797 0.8322073 2.180791
1.817182 0.83036842 2.1822945
4.8493922 2.0621349 0.40694532
4.8499589 2.0618943 0.4076272
4.8490273 2.0628886 0.40881795
4.8491501 2.0630254 0.40921049
4.8518425 2.0627708 0.41083549
4.8520868 2.0628351 0.41100235
4.8518793 2.062063 0.41002612
4.8520123 2.0621224 0.41007923
4.8521015 2.0621628 0.41005229
4.8512683 2.0620346 0.41003024
4.8506738 2.0627728 0.40961099
4.8508742 2.0626738 0.40925615
4.850579 2.0616738 0.40843039
4.8519352 2.0630292 0.40879673
4.8516675 2.0634644 0.40880086
4.8495088 2.0627658 0.40811666
4.849362 2.0628747 0.40797274
4.8494099 2.0629559 0.40789314
4.849423 2.0628459 0.40815613
4.8493589 2.062856 0.40810717
4.8492971 2.0631051 0.40822707
4.849253 2.0630265 0.40831533
4.8492321 2.0628167 0.40848398
4.8492066 2.0625363 0.40869849
4.849173 2.0622037 0.40895521
4.8490883 2.0618176 0.40921738
1.8272391 2.3751826 4.3192292
1.8268656 2.3737932 4.3188085
1.8271147 2.3734794 4.319093
1.827203 2.3737556 4.3192251
1.8288303 2.3737876 4.3200628
1.8285847 2.3736643 4.3198959
1.8282711 2.3736435 4.3194663
1.8278702 2.3737041 4.3189135
1.827498 2.3739362 4.3181112
1.8249747 2.373501 4.3160481
1.8246754 2.3736524 4.3157261
1.8244239 2.3737736 4.3155
1.8243042 2.373822 4.3155891
1.8242017 2.3739805 4.3155767
1.824362 2.3747427 4.3164533
1.826237 2.3740333 4.3172695
1.8262109 2.3742519 4.3173702
3.215827 2.3669275 2.28674
3.2161837 2.3665285 2.2868884
3.2165693 2.3661507 2.2871277
3.2169846 2.3657894 2.2872881
3.2174176 2.3655151 2.2876533
3.2178732 2.3652574 2.2880278
3.2183214 2.3649952 2.2883963
1.9635127 2.2409528 3.745519
1.9634596 2.2411852 3.7452092
1.9634392 2.2414104 3.7448783
1.9632179 2.2417522 3.7444971
1.9633968 2.2420485 3.7443118
1.963645 2.2423721 3.744199
1.9639873 2.2427106 3.7441491
1.9644077 2.2430727 3.7441528
1.96727 2.2446117 3.7448034
0.84620933 1.8032856 5.0096902
0.84622598 1.8040657 5.0103542
0.84623526 1.8050408 5.0112221
0.84664966 1.8054281 5.012039
0.84664019 1.8058473 5.0124054
0.84652247 1.8062405 5.0127041
0.84644106 1.8063439 5.0128344
0.84673333 1.8066006 5.0125383
0.84649512 1.80633 5.0124469
0.84590815 1.8061692 5.0120097
0.84631885 1.8053904 5.012869
0.84592915 1.805147 5.0124771
0.84546894 1.8048889 5.0118313
0.84454717 1.8051977 5.0109689
0.84404557 1.8048983 5.0104605
0.84353911 1.8046236 5.0099562
4.6820325 1.4047261 2.8310515
4.6818651 1.4035583 2.8329275
4.6818147 1.4048594 2.8326659
4.6813027 1.4058261 2.8326165
4.6809975 1.4058579 2.8323264
4.6807817 1.405842 2.8319125
4.680609 1.4057432 2.8314261
4.6804468 1.4055664 2.8309087
4.6803791 1.4050033 2.8300896
4.6800592 1.4046499 2.8294018
4.0318344 1.8726791 2.4561262
4.0316635 1.8721389 2.4560666
4.0316186 1.8718692 2.4561797
4.0315818 1.8716472 2.4562367
4.0317447 1.8715754 2.456346
4.0317389 1.8714703 2.4562634
4.0317158 1.8715353 2.4561589
4.0317599 1.8715254 2.4557522
4.0317602 1.8717116 2.4554011
4.0317733 1.8718245 2.4550018
4.0315642 1.8722059 2.4544664
4.0301764 1.875381 2.4547881
0 0 0
4.9406982 2.7216746 5.1048561
4.9408858 2.7211623 5.1050131
4.9407842 2.720741 5.1049258
4.9406656 2.7204193 5.1048298
4.9406169 2.7201761 5.1048045
4.9413324 2.7199926 5.1056347
4.9415076 2.7199041 5.1058136
4.9418108 2.7198747 5.1061054
4.9421854 2.7198691 5.1065252
4.9424877 2.7199052 5.10676
4.9426733 2.7198414 5.1070709
4.9428119 2.7197064 5.1074008
4.9417746 2.7196913 5.106492
4.9418246 2.7194855 5.106892
4.9417811 2.7192531 5.1073153
4.9416743 2.7190382 5.1076821
4.9414617 2.718835 5.1080184
1.819592 0.83288412 2.1813034
1.8192773 0.83179354 2.1800514
1.818813 0.83207464 2.1799233
1.8183532 0.83233381 2.179827
1.8178273 0.83255544 2.1798629
1.8176045 0.8328811 2.1797125
1.8172931 0.83324398 2.1793916
1.8171472 0.8331928 2.1794775
1.8169997 0.83295636 2.179668
1.8167984 0.83264953 2.1798709
1.8168913 0.83239879 2.1799965
1.8177556 0.83301437 2.1817129
1.8179029 0.83274097 2.1818297
4.8493544 2.0617682 0.40671795
4.8492917 2.062199 0.40786253
4.849101 2.0621515 0.40814448
4.8493377 2.0622409 0.40835357
4.851762 2.0624581 0.41075023
4.8519937 2.0625464 0.41093777
4.8518189 2.0618025 0.41001807
4.8519558 2.0618994 0.41009479
4.8518891 2.062216 0.40995316
4.8511244 2.06187 0.410095
4.8505937 2.0621801 0.41005396
4.8503283 2.0623245 0.41004434
4.8500458 2.0623338 0.41005695
4.8498055 2.0624758 0.40981447
4.8495366 2.0625395 0.40956867
4.8491339 2.0626223 0.40909734
4.8489696 2.062686 0.40883518
4.8493487 2.0627618 0.40820401
4.8492827 2.0626438 0.40794933
4.8491433 2.0629736 0.40748715
4.8491398 2.0629008 0.40749969
4.8500329 2.06319 0.40845743
4.8490844 2.0629609 0.40805462
4.8490901 2.0626389 0.40830646
4.8492265 2.0620303 0.40889696
4.8492227 2.0616704 0.40923561
0 0 0
1.8279895 2.3733025 4.3199534
1.8279252 2.37308 4.3196797
1.8277416 2.3730067 4.3191748
1.8294545 2.373429 4.3201735
1.8291045 2.3734418 4.3198733
1.8286956 2.3734238 4.319352
1.8282556 2.3734359 4.3188026
1.8276672 2.3737543 4.3180413
1.8257762 2.3734123 4.3164835
1.8254161 2.373575 4.3162438
1.8245606 2.3737932 4.3159369
1.8242453 2.3739636 4.3157683
1.8239975 2.3741722 4.3156958
1.8239978 2.3749393 4.3164252
1.826268 2.3762607 4.3165168
1.825819 2.3751618 4.3176591
3.2180291 2.3661508 2.2892599
3.2173702 2.3665712 2.2876621
3.2175234 2.3662264 2.2879454
3.2176633 2.365885 2.2882397
3.2178944 2.3655016 2.2885598
3.2181108 2.3651623 2.2889309
3.2183382 2.364854 2.2893433
1.9634872 2.240903 3.7455256
1.963419 2.2412071 3.745249
1.9633504 2.2414514 3.7449399
1.9632007 2.2418487 3.7446742
1.9633403 2.2422 3.744505
1.9637561 2.2425848 3.7444202
1.9642805 2.2429813 3.7444274
1.9643886 2.2421256 3.7462601
1.9649427 2.2424803 3.7463555
0.84631235 1.8039091 5.0103469
0.84633303 1.8045253 5.0107562
0.84634067 1.8053128 5.0113384
0.84672741 1.8056596 5.0120481
0.84675523 1.8060702 5.0123548
0.84627342 1.806524 5.0126255
0.84621996 1.8067066 5.0127086
0.84684565 1.8068473 5.0125795
0.84665808 1.8067649 5.0124115
0.84617779 1.8063226 5.0118645
0.84692101 1.8060488 5.0122449
0.84664013 1.8058375 5.0119737
0.84615173 1.8055787 5.0115886
0.84500256 1.8053762 5.0107852
0.84440442 1.8050686 5.0103251
0.84383916 1.8047324 5.0098924
0 0 0
4.6814493 1.4057313 2.8331885
4.6814521 1.4055006 2.8327409
4.6813301 1.4055698 2.8325579
4.6812194 1.4055724 2.8322481
4.681074 1.4055016 2.8318443
4.6809471 1.4053853 2.8314069
4.6808199 1.4052216 2.8309157
4.6807685 1.4050018 2.8303787
4.6803085 1.4044374 2.8295259
4.0311728 1.8728887 2.4553075
4.0311303 1.8723782 2.4554525
4.0312016 1.8724253 2.4559851
4.0312419 1.8722367 2.4563
4.0313793 1.8721018 2.4565441
4.0315034 1.8717102 2.4566353
4.0315674 1.871642 2.4564737
4.031714 1.8715866 2.4561165
4.0318163 1.8717035 2.4556367
4.0319152 1.8717657 2.4551513
4.0299963 1.8726357 2.4552288
4.0296234 1.8744811 2.4537927
0 0 0
4.9420665 2.7212016 5.1055809
4.9418494 2.7207397 5.1054547
4.9417471 2.7203086 5.1054344
4.9415851 2.7199119 5.1053699
4.9419043 2.7196106 5.105765
4.9421494 2.7196218 5.1061283
4.9421633 2.7195631 5.1062164
4.9422885 2.719617 5.1064036
4.9423559 2.7196503 5.1064874
4.9424908 2.7196586 5.1066819
4.942584 2.7196273 5.1068972
4.9426925 2.7195635 5.1071933
4.9420969 2.7194383 5.1066523
4.9421497 2.7193307 5.107015
4.9422928 2.7191381 5.1075481
4.9424732 2.7189354 5.1080898
4.9427109 2.7187297 5.1086675
1.8195192 0.83226802 2.181572
1.8188554 0.83181571 2.1802887
1.8185071 0.83206021 2.1800713
1.8181822 0.83227409 2.1798523
1.8178724 0.83246905 2.1796625
1.8175957 0.83264725 2.1795408
1.8164951 0.83313533 2.1799095
1.8167393 0.83264704 2.1796804
1.8167462 0.83248902 2.17964
1.8168405 0.83232414 2.1796526
1.8169266 0.83208999 2.1797566
1.8178251 0.83271527 2.1813818
1.8179395 0.83243909 2.1814938
4.8489731 2.0617051 0.40733494
4.8492472 2.0618254 0.40764695
4.8492064 2.061287 0.40785445
4.8492305 2.0618906 0.40816842
4.8499087 2.0621587 0.40854268
4.8501874 2.0622617 0.40878782
4.8516993 2.0615052 0.40998851
4.8518201 2.061638 0.4101133
4.8505978 2.0612571 0.41016279
4.8506005 2.0613824 0.41019937
4.8504213 2.0620456 0.41024493
4.8501967 2.062229 0.41018144
4.8499225 2.0622801 0.41019794
4.8496995 2.0624735 0.40995756
4.8494759 2.0626473 0.40965064
4.8492801 2.0628423 0.40929846
4.8491184 2.0630158 0.40893803
4.8493767 2.0628646 0.40814129
4.84931 2.0629263 0.40787352
4.8488831 2.0633331 0.40749442
4.8488717 2.0631881 0.4074728
4.8500843 2.0632515 0.4083122
4.8490461 2.0630851 0.4085114
4.8491178 2.0627314 0.40889388
4.8491637 2.0623501 0.4092977
4.8502201 2.0612281 0.41169956
1.829301 2.3731531 4.3218454
1.8291428 2.3728603 4.3211938
1.8289619 2.3725794 4.3205199
1.8285096 2.3724421 4.3194793
1.8282585 2.3719828 4.3190083
1.8278996 2.3718804 4.3184142
1.8290137 2.3727968 4.3189593
1.8285891 2.3730227 4.3185821
1.8281387 2.3733069 4.3181668
1.8276072 2.3736385 4.317771
1.8264835 2.3735513 4.317007
1.824615 2.3738187 4.3160979
1.8241879 2.3740842 4.315922
1.8237974 2.374351 4.3157978
1.8233371 2.3745495 4.315938
1.8247186 2.376795 4.314933
1.8243905 2.3770633 4.3148516
3.2142726 2.3658427 2.2846971
3.2184529 2.3666304 2.2883527
3.2184539 2.3663258 2.2888447
3.2183255 2.3658708 2.2891378
3.2183453 2.3654659 2.2894868
3.2182769 2.3650385 2.2898767
3.2182087 2.364637 2.2902951
1.963496 2.2408956 3.7455225
1.9633875 2.2412402 3.7452891
1.963279 2.2415594 3.7450272
1.9632176 2.2419216 3.7448255
1.9628724 2.2423563 3.7447612
1.9635699 2.2429617 3.7446284
1.9646916 2.2433512 3.7446978
1.9659424 2.2436413 3.7463556
1.966226 2.2440086 3.7462673
0.84641221 1.8046574 5.011034
0.84640373 1.8050857 5.0112074
0.84648736 1.805776 5.0114503
0.8470717 1.8066279 5.0120532
0.84706518 1.8069719 5.0121712
0.84651854 1.8069401 5.0125956
0.84648161 1.8070746 5.0126161
0.84702009 1.8068562 5.0122787
0.8464142 1.8066782 5.0116426
0.84648779 1.8063801 5.0114205
0.84856718 1.8069697 5.0114691
0.84819928 1.8066894 5.0111255
0.84674377 1.8057137 5.0106774
0.84537786 1.8055355 5.0106559
0.84475255 1.8051989 5.0102527
0.84419487 1.8048711 5.009885
4.6813317 1.4056552 2.8333927
4.6813803 1.4056242 2.833012
4.6814152 1.4055496 2.832649
4.6816419 1.4054321 2.8324272
4.681572 1.4053696 2.8321037
4.6814858 1.4052548 2.83177
4.681352 1.4050607 2.8314272
4.6812526 1.4048823 2.8310018
4.6811239 1.4047317 2.8305249
4.6801468 1.4054241 2.8300541
4.0304828 1.8731306 2.4544307
4.0305903 1.8728993 2.4550332
4.0307012 1.8726748 2.4555917
4.0308082 1.8724476 2.4561397
4.0309382 1.8722885 2.4566131
4.0310056 1.8721789 2.4569666
4.031148 1.8720697 2.4571097
4.0318032 1.8717506 2.4571913
4.0318531 1.8719754 2.4565282
4.0319744 1.8723131 2.4559108
4.0299435 1.8737468 2.4541387
4.0301135 1.8739415 2.4533982
4.9436173 2.7211278 5.1062454
4.943307 2.7206754 5.1061463
4.9430488 2.7202484 5.106075
4.9428184 2.7198298 5.1060134
4.9427244 2.7194588 5.106077
4.9437191 2.7191428 5.1069233
4.9436359 2.7192515 5.1070344
4.9432221 2.7192557 5.1068232
4.9428116 2.7193049 5.1066356
4.9425572 2.7193696 5.1065586
4.942441 2.7194226 5.1065619
4.9424131 2.7194245 5.1066607
4.9425061 2.7194017 5.1069097
4.9427043 2.7192483 5.106882
4.9425827 2.7192371 5.1070367
4.9428076 2.7190211 5.1077141
4.9433199 2.7188364 5.1084435
4.9438766 2.7186402 5.1092226
1.8183926 0.83181116 2.1810651
1.8182425 0.83194156 2.1806862
1.8181078 0.83205311 2.1802998
1.8179471 0.83216548 2.1799533
1.8178194 0.83224904 2.1796293
1.8175197 0.83247393 2.1795101
1.8161773 0.83295869 2.1802481
1.815768 0.83293603 2.1803214
1.8171828 0.83237393 2.1799751
1.8175242 0.832023 2.1801527
1.8182578 0.83152905 2.1804464
1.8182579 0.83200019 2.1807284
1.8185059 0.8318434 2.1805969
4.8484677 2.0604758 0.40477558
4.850111 2.0589873 0.40696493
4.8503457 2.0590768 0.40729747
4.8505799 2.0591773 0.40761266
4.8497172 2.0618185 0.40837019
4.8497245 2.0614985 0.40890936
4.8502209 2.0610558 0.40987827
4.8503178 2.060892 0.41000603
4.8503797 2.0610461 0.41017086
4.850379 2.0612235 0.41025025
4.8502984 2.0618961 0.41044069
4.8499692 2.0621397 0.41035915
4.8497755 2.0622488 0.41038441
4.8495752 2.0624961 0.41012805
4.8493804 2.0627258 0.40979581
4.8492116 2.0629376 0.40939557
4.849073 2.0630988 0.40898569
4.8489402 2.0631163 0.40850779
4.8491647 2.0634251 0.40757679
4.8489216 2.0634666 0.40736765
4.8489368 2.0632743 0.40735606
4.8490722 2.0634605 0.40803728
4.8491328 2.0631171 0.4083586
4.8493034 2.0627255 0.40887272
4.8493737 2.0623126 0.40930728
4.8485183 2.0612305 0.40409026
1.8325679 2.3726223 4.3257099
1.8310355 2.3726181 4.3232533
1.8301941 2.372065 4.3215991
1.8293845 2.3714879 4.3199871
1.8285965 2.3709659 4.3184252
1.8282851 2.371188 4.3181242
1.8293807 2.3722672 4.3187528
1.8289189 2.3726003 4.3184648
1.8285403 2.3730514 4.3182265
1.8278343 2.3731536 4.3175494
1.8272816 2.3735419 4.3173193
1.8246872 2.3738504 4.3162636
1.8241537 2.3742092 4.3161009
1.8236552 2.37454 4.3159614
1.8229847 2.3748856 4.3158272
1.8242339 2.3763989 4.3151393
1.8237617 2.3766823 4.3149648
3.2178628 2.366453 2.2869005
3.2196129 2.3667428 2.2890791
3.2193342 2.3662027 2.2894453
3.2189059 2.3658228 2.2900556
3.2186487 2.3652792 2.2905659
3.2180139 2.3649208 2.2908204
3.2179626 2.3644498 2.2913009
1.9635477 2.2408934 3.7455351
1.9634167 2.2413091 3.7453491
1.9632117 2.2416374 3.7451109
1.9631113 2.2420596 3.7449301
1.9610455 2.2432925 3.7431327
1.963642 2.2433078 3.744917
1.9651084 2.2437117 3.7449367
1.9687778 2.2452427 3.7458519
1.9698988 2.245719 3.7459505
0.84660678 1.8054008 5.0117713
0.84674671 1.8059453 5.0118346
0.84669976 1.8063346 5.0118623
0.84706691 1.8070285 5.0119446
0.84613762 1.8080569 5.0120224
0.84620046 1.8064184 5.0133532
0.84620908 1.8064925 5.013268
0.8478227 1.8060084 5.0119053
0.84772068 1.8059107 5.0117273
0.8482509 1.8072507 5.0108032
0.84799605 1.8070487 5.0105184
0.84814959 1.80679 5.0101271
0.84774091 1.8064941 5.009831
0.8472243 1.8061636 5.0108519
0.84544901 1.8043601 5.0123741
0.84525762 1.8043589 5.0099343
4.6818009 1.4052745 2.8321911
4.6817488 1.405286 2.8320996
4.6816953 1.4053252 2.8319935
4.681889 1.4052196 2.8322202
4.6818663 1.4051279 2.83202
4.6818361 1.4049786 2.8317572
4.6817775 1.4047491 2.8315021
4.6817455 1.4045081 2.8311267
4.6817991 1.4042238 2.830677
4.6817973 1.4039611 2.8302485
4.0307291 1.8747149 2.4521339
4.0300199 1.8731535 2.4543376
4.0301904 1.8729239 2.4551606
4.030374 1.8727087 2.4559626
4.0305509 1.8725179 2.4567115
4.0307507 1.872406 2.4573771
4.0312667 1.8725507 2.4586465
4.0315276 1.8716876 2.4580762
4.0315008 1.8720808 2.4570173
4.0317575 1.8722167 2.4561249
4.0315367 1.8729586 2.4545557
4.0311568 1.8733594 2.4532869
0 0 0
4.9446247 2.720089 5.1067793
4.9443419 2.7197059 5.1067641
4.9473568 2.7185539 5.1089981
4.9480978 2.7171812 5.1103894
4.9479477 2.7168506 5.1104623
4.9431444 2.7183736 5.107083
4.9436079 2.7189926 5.1070744
4.9430547 2.7190667 5.1067433
4.9425035 2.719172 5.1064349
4.942039 2.7192691 5.1062078
4.941813 2.7193212 5.1061744
4.9399402 2.721289 5.1059796
4.9435156 2.7210602 5.1079273
4.9425086 2.7190353 5.1068703
4.943278 2.7188847 5.107739
4.9441265 2.7187236 5.1087101
4.9450282 2.7185646 5.1097338
1.8176431 0.83192546 2.1815367
1.8176486 0.83197896 2.1810577
1.8176711 0.83201276 2.1805555
1.8176711 0.83205132 2.1801167
1.8179616 0.8322197 2.1789401
1.8177922 0.83240838 2.1788529
1.8148999 0.8346266 2.1819991
1.8154381 0.83495589 2.1807942
1.8174472 0.83197685 2.1800823
1.8176159 0.83169519 2.1799372
1.8182093 0.83118223 2.180271
1.8182445 0.8313805 2.180962
1.8185093 0.8315216 2.1802666
4.8487319 2.0607338 0.4087212
4.850073 2.0575943 0.40897472
4.8512756 2.0582638 0.40782609
4.8507813 2.0590386 0.40739885
4.8495537 2.0614641 0.40818967
4.8495949 2.061159 0.40881425
4.8499546 2.0606091 0.40986832
4.8500865 2.0605883 0.40998441
4.8501617 2.0608145 0.41019482
4.8501573 2.0610525 0.41033999
4.8513025 2.0624795 0.4108372
4.8507491 2.062857 0.41153953
4.8495972 2.0622374 0.41057515
4.8494355 2.0625265 0.41031876
4.8492765 2.0628014 0.40994889
4.8491344 2.0630385 0.40950287
4.8490226 2.0632099 0.40901991
4.8489428 2.0632807 0.4085542
4.8495573 2.0641103 0.40848881
4.8489441 2.0635971 0.40726438
4.8509722 2.0630274 0.40942552
4.8513675 2.0630202 0.40982158
4.8514588 2.0626759 0.41010306
4.8526061 2.0625234 0.41031531
4.8495975 2.0623058 0.40933149
0 0 0
1.8362306 2.3747062 4.3312524
1.8340897 2.3754562 4.326405
1.8321963 2.3715798 4.3230162
1.8293681 2.3695178 4.3188189
1.8287416 2.3680716 4.3168225
1.8286485 2.3683905 4.3170849
1.8282627 2.3688646 4.3169501
1.8293917 2.3714665 4.3177129
1.828732 2.3724464 4.3178149
1.8281122 2.3729873 4.3176326
1.8274605 2.3734969 4.3174442
1.8247559 2.3739027 4.3164242
1.8241087 2.3743313 4.3162394
1.8234733 2.3747227 4.3160435
1.8228538 2.3750639 4.3158438
1.8239897 2.3752621 4.3156357
1.82336 2.3755732 4.3153866
0 0 0
3.2139109 2.3690371 2.2771999
3.221378 2.3669485 2.2854029
3.2195544 2.3657733 2.2909399
3.2190581 2.3652682 2.2914712
3.2182273 2.3647809 2.2918215
3.2177963 2.3642198 2.2923322
1.9567027 2.2429018 3.7360525
1.9659478 2.2433332 3.7467293
1.963485 2.2414704 3.7450564
1.9630052 2.2423094 3.7448539
1.9607936 2.2434959 3.7432621
1.9624163 2.2445351 3.743091
1.965211 2.2444243 3.7417509
1.9695401 2.2456718 3.7461905
1.9715767 2.2459521 3.7463888
0.84679996 1.8060623 5.0130519
0.84749178 1.8067475 5.0130192
0.8476567 1.807492 5.0124661
0.8476277 1.8077521 5.0123175
0.84622283 1.8083646 5.0119702
0.84458765 1.8051489 5.0105681
0.84459624 1.8065004 5.011274
0.8480334 1.8057449 5.0114811
0.84797357 1.8056233 5.0112744
0.84830077 1.8071394 5.0104449
0.84810688 1.8068859 5.0102152
0.84781846 1.8065993 5.0099923
0.84641266 1.8064451 5.0105907
0.84545814 1.8063919 5.0117303
0.84591936 1.8045374 5.0123265
0 0 0
4.6820925 1.4049624 2.8312897
4.682041 1.4048794 2.8314091
4.6819384 1.4051119 2.8315795
4.6822572 1.4059121 2.831454
4.6821664 1.4048967 2.831922
4.6821897 1.4047186 2.8317659
4.6822072 1.4044368 2.8315773
4.6822717 1.4041171 2.8312742
4.6853619 1.401723 2.8290706
4.6854628 1.4013301 2.8287167
4.0300165 1.874978 2.4512163
4.0294265 1.8734173 2.4536466
4.0296818 1.8731852 2.454713
4.0299397 1.8729528 2.4557682
4.0302111 1.8727588 2.4567685
4.030375 1.8726836 2.4577176
4.0311101 1.8727059 2.4594446
4.0314034 1.8720627 2.4586983
4.0315961 1.8721123 2.4573738
4.031964 1.8721918 2.456302
4.0323762 1.8722963 2.4552327
4.0330835 1.8728406 2.4536335
0 0 0
4.9458906 2.7194934 5.1073562
4.9456096 2.7191505 5.1074328
4.9476099 2.7181577 5.1092551
4.9492596 2.7166864 5.1110883
4.9491307 2.7163342 5.1112665
4.9430437 2.7169301 5.1056921
4.9442543 2.7186328 5.1075235
4.9434273 2.7187393 5.1069929
4.9426549 2.7188887 5.106509
4.9419966 2.7190319 5.1061132
4.9349568 2.7190239 5.1012182
4.9397534 2.7211426 5.1057088
4.942291 2.7201688 5.1068894
4.9427651 2.7188406 5.1070744
4.9438027 2.7187531 5.1078489
4.9449641 2.7186167 5.1089859
4.9472086 2.7202745 5.1073551
1.8168553 0.83204696 2.1820276
1.8170045 0.8320193 2.1814635
1.8171342 0.83196045 2.1810275
1.8171612 0.83204177 2.1804617
1.8178005 0.83185218 2.1789706
1.8177341 0.83216477 2.1788577
1.8148558 0.83434916 2.1819501
1.8145205 0.83462687 2.1818412
1.820014 0.83078123 2.1804773
1.8181233 0.83039182 2.179628
1.8181834 0.83019225 2.1796168
1.8174258 0.83004593 2.1800404
1.8161691 0.83024275 2.1805313
