EulerAngles_0 EulerAngles_1 EulerAngles_2
4.466807 2.4447569 5.261543
4.4668066 2.4447566 5.261543
4.4668056 2.4447559 5.261543
4.4668041 2.4447552 5.2615427
4.4668021 2.4447542 5.2615423
4.4667998 2.4447531 5.2615417
4.4667972 2.4447519 5.2615408
4.4667944 2.4447508 5.2615398
4.4667915 2.4447497 5.2615386
4.4667888 2.4447487 5.2615374
4.4667865 2.4447477 5.2615362
4.4667846 2.4447468 5.2615352
4.466783 2.4447461 5.2615344
4.4667819 2.4447456 5.2615339
4.4674598 2.0264545 1.361303
4.4674602 2.0264538 1.3613028
4.467461 2.0264523 1.3613024
4.467462 2.0264502 1.3613016
0 0 0
4.4674648 2.0264448 1.3612987
0 0 0
4.4674681 2.0264384 1.3612939
4.4674698 2.0264347 1.3612908
4.4674716 2.0264307 1.3612875
4.4674734 2.0264264 1.361284
4.4674752 2.0264219 1.3612803
4.4674769 2.0264173 1.3612766
4.4674787 2.0264125 1.3612727
4.4674806 2.0264077 1.3612687
4.4674824 2.026403 1.3612647
0 0 0
4.4674865 2.0263943 1.3612569
4.4674886 2.0263904 1.3612534
4.4674905 2.0263869 1.36125
4.4674923 2.0263839 1.361247
4.4674937 2.0263815 1.3612444
0 0 0
4.4674955 2.0263784 1.3612408
4.4674959 2.0263778 1.36124
2.1798843 1.6534962 6.0932195
2.1798852 1.6534961 6.0932196
2.1798865 1.6534959 6.0932197
2.1798883 1.6534954 6.0932196
2.1798907 1.6534946 6.0932194
2.1798936 1.6534936 6.0932192
2.1798972 1.6534924 6.0932188
2.1799016 1.6534911 6.0932182
0 0 0
0 0 0
2.1799182 1.6534859 6.0932154
2.1799245 1.6534839 6.093214
2.1799309 1.6534816 6.0932121
2.1799374 1.6534793 6.0932099
2.1799438 1.6534768 6.0932074
2.1799501 1.6534744 6.0932049
2.1799561 1.6534719 6.0932024
2.1799619 1.6534697 6.0932
0 0 0
2.1799721 1.653466 6.0931952
2.1799765 1.6534646 6.093193
2.1799801 1.6534635 6.0931911
2.179983 1.6534625 6.0931895
3.8634503 1.870373 3.0162051
3.8634505 1.8703731 3.0162053
3.863451 1.8703735 3.0162055
3.8634518 1.8703741 3.0162059
3.8634528 1.8703748 3.0162064
3.8634538 1.8703758 3.0162068
3.863455 1.870377 3.0162074
3.8634561 1.8703784 3.0162079
3.8634571 1.8703801 3.0162085
3.863458 1.8703818 3.0162092
3.8634588 1.8703834 3.01621
3.8634595 1.8703848 3.0162108
0 0 0
3.8634606 1.8703868 3.0162119
3.8634608 1.8703873 3.0162122
3.863461 1.8703876 3.0162123
1.8350375 2.6661751 3.5611107
1.8350382 2.666176 3.5611081
1.8350389 2.6661771 3.5611051
1.8350398 2.6661784 3.5611018
1.8350408 2.66618 3.5610983
1.8350418 2.6661817 3.5610945
1.8350427 2.6661837 3.5610906
1.8350434 2.6661857 3.5610865
1.835044 2.6661877 3.5610823
1.8350444 2.6661898 3.5610779
1.8350446 2.666192 3.5610735
1.8350446 2.6661943 3.5610691
1.8350444 2.6661966 3.561065
1.8350442 2.6661987 3.5610611
1.8350442 2.6662008 3.5610581
1.8350444 2.6662027 3.5610556
1.3451687 2.0163711 6.0855502
1.3451685 2.0163714 6.0855505
0 0 0
1.3451668 2.0163731 6.0855517
1.3451657 2.0163742 6.0855526
1.3451644 2.0163754 6.0855538
1.3451628 2.0163767 6.085555
1.3451611 2.016378 6.0855564
1.3451593 2.0163793 6.0855578
1.3451573 2.0163806 6.0855589
1.3451553 2.0163818 6.0855599
1.3451532 2.0163829 6.0855606
1.3451513 2.0163839 6.0855612
1.3451497 2.0163847 6.0855617
1.3451486 2.0163852 6.0855621
1.345148 2.0163856 6.0855623
3.6462182 1.7152884 3.1373439
0 0 0
3.6462166 1.7152891 3.1373439
3.6462153 1.7152897 3.1373438
3.6462138 1.7152904 3.1373436
3.646212 1.7152913 3.1373432
3.6462102 1.7152924 3.1373425
3.6462084 1.7152937 3.1373416
3.6462066 1.7152951 3.1373405
3.7922287 2.6288463 2.0692943
3.7922286 2.6288462 2.0692943
3.7922283 2.6288462 2.0692943
3.7922281 2.6288461 2.0692941
3.7922279 2.6288462 2.069294
3.7922279 2.6288462 2.069294
3.7922281 2.628846 2.069294
3.7922282 2.6288459 2.069294
3.7922283 2.6288457 2.0692941
4.466807 2.444756 5.2615433
4.4668066 2.4447557 5.2615434
4.4668057 2.4447551 5.2615433
4.4668043 2.4447543 5.2615431
4.4668024 2.4447534 5.2615427
4.4668001 2.4447524 5.261542
4.4667974 2.4447513 5.2615411
4.4667945 2.4447502 5.2615401
4.4667917 2.4447491 5.261539
4.466789 2.444748 5.2615378
4.4667867 2.444747 5.2615367
4.4667847 2.444746 5.2615357
4.4667832 2.4447454 5.2615349
4.466782 2.4447449 5.2615344
4.4674596 2.0264545 1.3613029
4.46746 2.0264538 1.3613027
4.4674607 2.0264523 1.3613023
4.4674617 2.0264503 1.3613015
4.467463 2.0264477 1.3613002
4.4674645 2.0264449 1.3612985
4.467466 2.0264418 1.3612963
4.4674677 2.0264385 1.3612937
4.4674694 2.0264348 1.3612906
4.4674712 2.0264308 1.3612873
4.4674729 2.0264266 1.3612838
4.4674747 2.0264221 1.3612801
4.4674764 2.0264175 1.3612763
4.4674781 2.0264128 1.3612725
4.46748 2.026408 1.3612685
4.4674818 2.0264033 1.3612645
4.4674838 2.0263988 1.3612605
4.4674858 2.0263946 1.3612567
4.4674878 2.0263908 1.3612531
4.4674897 2.0263873 1.3612498
4.4674915 2.0263844 1.3612469
4.4674929 2.0263819 1.3612443
4.467494 2.0263801 1.3612423
4.4674948 2.0263789 1.3612408
4.4674951 2.0263783 1.36124
0 0 0
2.179886 1.6534959 6.0932187
2.1798873 1.6534957 6.0932188
2.1798891 1.6534952 6.0932187
2.1798914 1.6534944 6.0932186
2.1798944 1.6534934 6.0932183
2.179898 1.6534922 6.0932179
2.1799023 1.6534909 6.0932174
2.1799072 1.6534893 6.0932167
2.1799127 1.6534876 6.0932158
2.1799187 1.6534858 6.0932146
2.179925 1.6534837 6.0932132
2.1799314 1.6534815 6.0932113
2.1799377 1.6534792 6.0932091
2.1799441 1.6534767 6.0932067
2.1799503 1.6534742 6.0932041
2.1799563 1.6534718 6.0932016
2.179962 1.6534696 6.0931992
2.1799673 1.6534676 6.0931968
2.1799721 1.6534659 6.0931945
2.1799764 1.6534645 6.0931924
2.17998 1.6534634 6.0931904
2.1799829 1.6534624 6.0931889
0 0 0
3.863451 1.8703733 3.0162051
3.8634515 1.8703736 3.0162054
3.8634522 1.8703741 3.0162058
3.8634532 1.8703749 3.0162062
3.8634542 1.8703758 3.0162067
3.8634554 1.870377 3.0162072
3.8634564 1.8703785 3.0162077
3.8634574 1.8703801 3.0162083
3.8634583 1.8703817 3.0162089
3.8634591 1.8703833 3.0162097
3.8634598 1.8703847 3.0162105
3.8634604 1.8703858 3.0162111
3.8634608 1.8703866 3.0162116
3.8634611 1.8703872 3.0162119
3.8634613 1.8703874 3.016212
1.8350367 2.6661756 3.5611101
1.8350373 2.6661765 3.5611075
1.835038 2.6661777 3.5611045
1.8350389 2.666179 3.5611012
1.8350399 2.6661806 3.5610977
1.835041 2.6661825 3.5610939
1.8350419 2.6661844 3.56109
1.8350426 2.6661864 3.5610858
1.8350431 2.6661885 3.5610815
1.8350435 2.6661905 3.5610772
1.8350439 2.6661928 3.5610729
1.835044 2.666195 3.5610686
1.8350439 2.6661972 3.5610645
1.8350437 2.6661994 3.5610607
1.8350437 2.6662014 3.5610576
1.8350439 2.6662033 3.5610552
1.3451691 2.0163708 6.08555
1.3451688 2.0163712 6.0855503
1.3451682 2.0163719 6.0855509
1.3451673 2.0163728 6.0855517
1.3451661 2.016374 6.0855527
1.3451648 2.0163752 6.0855538
1.3451633 2.0163764 6.0855551
1.3451616 2.0163777 6.0855565
1.3451597 2.016379 6.0855579
1.3451578 2.0163802 6.085559
1.3451558 2.0163814 6.08556
1.3451538 2.0163825 6.0855607
1.3451519 2.0163835 6.0855614
1.3451504 2.0163842 6.0855619
1.3451493 2.0163848 6.0855622
1.3451488 2.0163851 6.0855624
3.6462177 1.7152884 3.1373435
3.6462171 1.7152887 3.1373435
3.6462162 1.7152892 3.1373434
3.6462149 1.7152897 3.1373432
3.6462133 1.7152905 3.137343
3.6462116 1.7152913 3.1373426
3.6462097 1.7152925 3.1373419
3.6462079 1.7152938 3.137341
3.6462062 1.7152952 3.1373399
3.6462045 1.7152966 3.1373386
3.7922286 2.6288461 2.0692942
3.7922284 2.6288461 2.0692942
3.7922281 2.6288461 2.0692941
3.792228 2.6288461 2.069294
3.792228 2.6288461 2.0692939
3.792228 2.628846 2.0692938
3.7922281 2.6288458 2.0692939
3.7922282 2.6288457 2.0692939
4.4668071 2.4447542 5.2615439
4.4668068 2.4447539 5.261544
4.466806 2.4447534 5.2615439
4.4668046 2.4447527 5.2615437
4.4668028 2.4447519 5.2615433
4.4668005 2.4447509 5.2615427
4.4667977 2.4447499 5.2615418
4.4667948 2.4447488 5.2615407
4.466792 2.4447477 5.2615396
4.4667893 2.4447466 5.2615386
4.466787 2.4447455 5.2615375
4.4667851 2.4447446 5.2615366
4.4667835 2.4447439 5.2615358
4.4667822 2.4447435 5.2615352
4.4674591 2.0264546 1.3613026
4.4674595 2.0264538 1.3613025
4.4674601 2.0264524 1.361302
4.4674611 2.0264504 1.3613012
4.4674624 2.0264479 1.3612999
4.4674638 2.0264451 1.3612982
4.4674653 2.026442 1.361296
4.4674669 2.0264387 1.3612933
4.4674685 2.026435 1.3612902
4.4674703 2.0264311 1.3612869
4.467472 2.0264269 1.3612834
4.4674737 2.0264225 1.3612796
4.4674754 2.026418 1.3612758
4.4674771 2.0264133 1.361272
4.4674788 2.0264086 1.361268
4.4674807 2.0264039 1.361264
4.4674826 2.0263995 1.3612601
4.4674845 2.0263953 1.3612563
4.4674864 2.0263915 1.3612527
4.4674883 2.0263881 1.3612494
4.4674899 2.0263852 1.3612465
4.4674913 2.0263828 1.3612441
4.4674924 2.0263809 1.3612421
4.4674931 2.0263797 1.3612407
4.4674935 2.0263791 1.3612399
0 0 0
2.1798875 1.6534958 6.0932169
2.1798888 1.6534954 6.093217
2.1798906 1.6534949 6.0932169
2.1798929 1.6534941 6.0932168
2.1798959 1.6534931 6.0932165
2.1798995 1.6534918 6.0932162
2.1799037 1.6534904 6.0932158
2.1799086 1.6534889 6.0932151
2.179914 1.6534873 6.0932142
2.1799199 1.6534855 6.093213
2.179926 1.6534835 6.0932115
2.1799322 1.6534813 6.0932097
2.1799385 1.653479 6.0932075
2.1799447 1.6534765 6.0932051
2.1799508 1.6534741 6.0932026
2.1799567 1.6534717 6.0932001
2.1799622 1.6534694 6.0931977
2.1799674 1.6534675 6.0931954
2.1799721 1.6534658 6.0931931
2.1799763 1.6534644 6.0931911
2.1799798 1.6534632 6.0931892
2.1799827 1.6534622 6.0931877
3.8634516 1.8703735 3.0162048
3.8634519 1.8703736 3.0162049
3.8634523 1.8703739 3.0162051
3.8634531 1.8703744 3.0162055
3.863454 1.8703751 3.0162059
3.863455 1.870376 3.0162063
3.863456 1.8703771 3.0162068
3.8634571 1.8703785 3.0162072
3.863458 1.8703801 3.0162078
3.8634589 1.8703816 3.0162084
3.8634596 1.8703831 3.0162091
3.8634604 1.8703844 3.0162099
3.8634609 1.8703855 3.0162105
3.8634613 1.8703863 3.016211
3.8634616 1.8703868 3.0162113
3.8634618 1.8703871 3.0162114
1.8350349 2.6661767 3.5611088
1.8350355 2.6661777 3.5611063
1.8350362 2.6661789 3.5611033
1.8350372 2.6661803 3.5611001
1.8350382 2.666182 3.5610965
1.8350393 2.6661838 3.5610927
1.8350402 2.6661858 3.5610888
1.8350409 2.6661879 3.5610845
1.8350414 2.66619 3.5610802
1.8350419 2.6661921 3.5610759
1.8350424 2.6661943 3.5610716
1.8350426 2.6661964 3.5610675
1.8350427 2.6661986 3.5610635
1.8350427 2.6662007 3.5610599
1.8350428 2.6662027 3.5610569
0 0 0
1.3451698 2.0163703 6.0855499
1.3451696 2.0163707 6.0855502
1.345169 2.0163714 6.0855508
1.3451681 2.0163723 6.0855517
1.345167 2.0163734 6.0855527
1.3451657 2.0163746 6.085554
1.3451642 2.0163758 6.0855554
1.3451625 2.0163771 6.0855568
1.3451607 2.0163783 6.0855582
1.3451588 2.0163795 6.0855593
1.3451569 2.0163807 6.0855603
1.3451551 2.0163817 6.0855611
1.3451533 2.0163827 6.0855617
1.3451519 2.0163834 6.0855622
1.3451509 2.0163839 6.0855625
0 0 0
3.6462167 1.7152885 3.1373426
3.6462161 1.7152888 3.1373426
3.6462152 1.7152892 3.1373425
3.6462139 1.7152898 3.1373422
3.6462123 1.7152906 3.1373419
3.6462106 1.7152915 3.1373414
3.6462088 1.7152926 3.1373407
3.646207 1.7152939 3.1373397
3.6462053 1.7152953 3.1373385
3.6462036 1.7152968 3.1373372
3.6462021 1.7152981 3.1373358
3.7922284 2.628846 2.069294
3.7922282 2.6288459 2.0692939
3.7922281 2.6288459 2.0692938
3.7922281 2.6288459 2.0692938
3.792228 2.6288459 2.0692936
3.792228 2.6288458 2.0692935
3.7922281 2.6288457 2.0692935
4.4668074 2.4447516 5.2615449
4.4668071 2.4447514 5.2615449
4.4668063 2.4447509 5.2615449
4.466805 2.4447503 5.2615446
4.4668032 2.4447495 5.2615442
4.4668009 2.4447487 5.2615435
4.4667982 2.4447477 5.2615426
4.4667953 2.4447467 5.2615417
4.4667925 2.4447456 5.2615407
4.4667898 2.4447445 5.2615397
4.4667875 2.4447434 5.2615386
4.4667855 2.4447424 5.2615377
4.4667838 2.4447418 5.2615369
4.4667825 2.4447413 5.2615363
4.4674583 2.0264547 1.3613022
4.4674586 2.026454 1.361302
4.4674593 2.0264526 1.3613015
4.4674602 2.0264507 1.3613006
4.4674614 2.0264483 1.3612993
4.4674628 2.0264455 1.3612976
4.4674642 2.0264424 1.3612953
4.4674657 2.0264391 1.3612926
4.4674674 2.0264355 1.3612896
4.467469 2.0264316 1.3612862
4.4674707 2.0264275 1.3612826
4.4674723 2.0264232 1.3612789
4.467474 2.0264187 1.3612752
4.4674756 2.0264141 1.3612713
4.4674773 2.0264094 1.3612674
4.4674791 2.0264048 1.3612634
4.4674809 2.0264004 1.3612594
4.4674827 2.0263963 1.3612556
4.4674845 2.0263926 1.361252
4.4674862 2.0263893 1.3612488
4.4674878 2.0263864 1.3612459
4.4674891 2.0263839 1.3612436
4.4674901 2.0263821 1.3612417
4.4674908 2.0263808 1.3612404
4.4674911 2.0263802 1.3612397
2.1798888 1.6534959 6.0932143
2.1798897 1.6534956 6.0932143
2.179891 1.6534951 6.0932144
2.1798928 1.6534945 6.0932143
2.1798952 1.6534937 6.0932142
2.1798982 1.6534926 6.093214
2.1799017 1.6534913 6.0932137
2.1799058 1.6534899 6.0932133
2.1799106 1.6534885 6.0932127
2.1799159 1.6534869 6.0932118
2.1799215 1.6534851 6.0932106
2.1799275 1.6534832 6.0932091
2.1799335 1.653481 6.0932073
2.1799396 1.6534787 6.0932052
2.1799456 1.6534763 6.0932028
2.1799515 1.6534739 6.0932003
2.1799571 1.6534715 6.0931978
2.1799625 1.6534692 6.0931955
2.1799676 1.6534673 6.0931933
2.1799722 1.6534656 6.0931911
2.1799762 1.6534642 6.0931891
2.1799796 1.653463 6.0931874
2.1799824 1.653462 6.0931859
3.8634529 1.8703739 3.0162045
3.8634531 1.870374 3.0162046
3.8634536 1.8703743 3.0162048
3.8634543 1.8703747 3.016205
3.8634551 1.8703754 3.0162053
3.863456 1.8703763 3.0162057
3.863457 1.8703774 3.0162061
3.863458 1.8703787 3.0162065
3.8634589 1.8703801 3.016207
3.8634597 1.8703816 3.0162077
3.8634605 1.8703829 3.0162084
3.8634612 1.8703841 3.0162091
3.8634617 1.8703851 3.0162097
3.8634621 1.8703859 3.0162101
3.8634623 1.8703864 3.0162104
3.8634625 1.8703866 3.0162105
1.8350322 2.6661783 3.5611068
1.8350329 2.6661793 3.5611044
1.8350337 2.6661806 3.5611015
1.8350346 2.6661822 3.5610983
1.8350357 2.6661839 3.5610947
1.8350367 2.6661859 3.5610909
1.8350376 2.666188 3.5610869
1.8350383 2.6661901 3.5610826
1.8350389 2.6661923 3.5610783
1.8350396 2.6661944 3.561074
1.8350401 2.6661965 3.5610698
1.8350406 2.6661987 3.5610659
1.835041 2.6662007 3.5610622
1.8350412 2.6662027 3.5610589
1.8350414 2.6662046 3.5610559
0 0 0
1.3451711 2.0163696 6.0855499
1.3451708 2.01637 6.0855502
1.3451703 2.0163706 6.0855509
1.3451694 2.0163716 6.0855519
1.3451683 2.0163726 6.085553
1.345167 2.0163738 6.0855543
1.3451656 2.016375 6.0855558
1.345164 2.0163762 6.0855572
1.3451623 2.0163774 6.0855586
1.3451605 2.0163785 6.0855598
1.3451587 2.0163796 6.0855608
1.345157 2.0163806 6.0855616
1.3451555 2.0163815 6.0855622
1.3451542 2.0163822 6.0855627
1.3451533 2.0163827 6.085563
1.3451528 2.0163829 6.0855632
3.6462152 1.7152885 3.1373412
3.6462146 1.7152888 3.1373412
3.6462137 1.7152893 3.1373411
3.6462124 1.7152899 3.1373408
3.6462109 1.7152906 3.1373404
3.6462091 1.7152916 3.1373398
3.6462074 1.7152928 3.1373389
3.6462056 1.7152941 3.1373379
3.6462039 1.7152956 3.1373366
3.6462023 1.715297 3.1373352
3.6462009 1.7152984 3.1373338
3.6461995 1.7152997 3.1373324
3.7922283 2.6288458 2.0692937
3.7922282 2.6288458 2.0692936
3.7922282 2.6288458 2.0692935
3.792228 2.6288458 2.0692933
3.792228 2.6288457 2.0692932
3.7922279 2.6288457 2.0692931
4.4668078 2.4447485 5.2615462
4.4668075 2.4447483 5.2615461
4.4668068 2.4447479 5.261546
4.4668055 2.4447473 5.2615457
4.4668037 2.4447466 5.2615452
4.4668014 2.4447458 5.2615446
4.4667987 2.444745 5.2615438
4.4667959 2.444744 5.2615429
4.4667931 2.4447429 5.2615419
4.4667904 2.4447417 5.2615409
4.466788 2.4447406 5.2615399
4.4667859 2.4447397 5.2615389
4.4667842 2.444739 5.2615381
4.4667828 2.4447385 5.2615376
4.4674571 2.0264548 1.3613015
4.4674574 2.0264542 1.3613013
4.467458 2.0264529 1.3613007
4.4674589 2.0264511 1.3612998
4.46746 2.0264488 1.3612984
4.4674613 2.0264461 1.3612966
4.4674628 2.0264431 1.3612944
4.4674643 2.0264398 1.3612917
4.4674659 2.0264363 1.3612887
4.4674675 2.0264324 1.3612853
4.4674691 2.0264284 1.3612817
4.4674707 2.0264241 1.361278
4.4674723 2.0264197 1.3612743
4.4674739 2.0264151 1.3612705
4.4674755 2.0264105 1.3612666
4.4674771 2.026406 1.3612626
4.4674788 2.0264017 1.3612586
4.4674805 2.0263976 1.3612547
4.4674821 2.0263939 1.3612511
4.4674837 2.0263906 1.3612479
4.4674851 2.0263877 1.3612451
4.4674863 2.0263853 1.3612428
4.4674872 2.0263834 1.361241
4.4674878 2.0263822 1.3612398
4.4674881 2.0263816 1.3612392
2.1798916 1.6534957 6.093211
2.1798925 1.6534954 6.0932111
2.1798939 1.6534948 6.0932111
2.1798957 1.6534941 6.093211
2.1798981 1.6534932 6.0932109
2.179901 1.6534921 6.0932107
2.1799045 1.6534908 6.0932105
2.1799086 1.6534894 6.0932101
2.1799131 1.653488 6.0932095
2.1799182 1.6534864 6.0932086
2.1799237 1.6534847 6.0932075
2.1799294 1.6534827 6.093206
2.1799352 1.6534806 6.0932043
2.1799409 1.6534783 6.0932022
2.1799467 1.653476 6.0931999
2.1799523 1.6534736 6.0931974
2.1799578 1.6534712 6.093195
2.179963 1.653469 6.0931927
2.1799678 1.653467 6.0931905
2.1799722 1.6534653 6.0931885
2.1799761 1.6534639 6.0931866
2.1799794 1.6534627 6.0931849
2.1799821 1.6534617 6.0931835
3.8634545 1.8703743 3.0162041
3.8634547 1.8703745 3.0162042
3.8634551 1.8703747 3.0162043
3.8634557 1.8703752 3.0162045
3.8634564 1.8703758 3.0162047
3.8634573 1.8703767 3.016205
3.8634581 1.8703777 3.0162053
3.863459 1.870379 3.0162057
3.8634599 1.8703803 3.0162062
3.8634607 1.8703815 3.0162068
3.8634614 1.8703827 3.0162074
3.863462 1.8703837 3.016208
3.8634625 1.8703846 3.0162086
3.8634629 1.8703853 3.016209
3.8634632 1.8703857 3.0162092
3.8634633 1.8703859 3.0162093
1.8350287 2.6661804 3.5611039
1.8350295 2.6661815 3.5611017
1.8350303 2.6661829 3.5610988
1.8350312 2.6661845 3.5610956
1.8350322 2.6661864 3.561092
1.8350332 2.6661885 3.5610882
1.8350341 2.6661907 3.5610842
1.8350349 2.6661929 3.56108
1.8350357 2.6661951 3.5610757
1.8350364 2.6661973 3.5610715
1.8350371 2.6661995 3.5610675
1.8350378 2.6662015 3.5610637
1.8350385 2.6662035 3.5610603
1.835039 2.6662054 3.5610572
1.8350393 2.6662072 3.5610545
1.8350396 2.6662089 3.5610521
1.3451729 2.0163689 6.0855502
1.3451726 2.0163692 6.0855506
1.3451721 2.0163698 6.0855513
1.3451713 2.0163706 6.0855523
1.3451703 2.0163716 6.0855535
1.345169 2.0163728 6.0855549
1.3451677 2.0163739 6.0855564
1.3451662 2.0163751 6.0855578
1.3451646 2.0163762 6.0855592
1.3451629 2.0163773 6.0855604
1.3451613 2.0163782 6.0855615
1.3451598 2.0163792 6.0855623
1.3451583 2.01638 6.085563
1.3451572 2.0163806 6.0855635
1.3451564 2.0163811 6.0855638
1.345156 2.0163813 6.085564
3.6462132 1.7152886 3.1373394
3.6462126 1.7152889 3.1373394
3.6462117 1.7152893 3.1373392
3.6462104 1.7152899 3.1373388
3.6462089 1.7152907 3.1373383
3.6462073 1.7152917 3.1373376
3.6462056 1.7152929 3.1373366
3.6462039 1.7152943 3.1373354
3.6462022 1.7152958 3.1373341
3.6462006 1.7152973 3.1373327
3.6461992 1.7152987 3.1373313
3.6461979 1.7153001 3.13733
3.6461967 1.7153014 3.1373287
3.7922284 2.6288456 2.0692934
3.7922283 2.6288457 2.0692933
3.7922281 2.6288457 2.069293
3.7922279 2.6288456 2.0692928
3.7922278 2.6288456 2.0692927
4.4668084 2.444745 5.2615477
4.4668081 2.4447447 5.2615476
4.4668073 2.4447444 5.2615474
4.466806 2.4447439 5.261547
4.4668042 2.4447432 5.2615465
4.466802 2.4447425 5.2615459
4.4667994 2.4447417 5.2615451
4.4667966 2.4447407 5.2615442
4.4667938 2.4447396 5.2615433
4.466791 2.4447384 5.2615422
4.4667886 2.4447373 5.2615412
4.4667864 2.4447364 5.2615402
4.4667846 2.4447356 5.2615395
4.4667832 2.4447351 5.2615389
4.4674558 2.0264552 1.3613006
4.4674561 2.0264546 1.3613003
4.4674566 2.0264534 1.3612997
4.4674574 2.0264517 1.3612986
4.4674584 2.0264494 1.3612972
4.4674597 2.0264469 1.3612955
4.4674611 2.026444 1.3612932
4.4674626 2.0264408 1.3612906
4.4674642 2.0264373 1.3612876
4.4674657 2.0264336 1.3612842
4.4674673 2.0264295 1.3612807
4.4674688 2.0264254 1.361277
4.4674704 2.026421 1.3612733
4.4674719 2.0264165 1.3612695
4.4674734 2.026412 1.3612656
4.4674749 2.0264076 1.3612616
4.4674764 2.0264033 1.3612576
4.4674779 2.0263992 1.3612537
4.4674794 2.0263955 1.3612501
4.4674808 2.0263922 1.3612469
4.4674821 2.0263893 1.361244
4.4674831 2.0263869 1.3612417
4.4674839 2.026385 1.36124
4.4674845 2.0263838 1.3612389
2.1798944 1.6534956 6.0932071
2.1798949 1.6534955 6.0932071
2.1798958 1.6534951 6.0932072
2.1798972 1.6534945 6.0932072
2.1798991 1.6534937 6.0932071
2.1799015 1.6534928 6.093207
2.1799044 1.6534916 6.0932068
2.1799078 1.6534903 6.0932066
2.1799117 1.6534889 6.0932062
2.1799161 1.6534874 6.0932056
2.179921 1.6534859 6.0932048
2.1799261 1.6534842 6.0932037
2.1799316 1.6534823 6.0932023
2.179937 1.6534802 6.0932006
2.1799425 1.6534779 6.0931986
2.179948 1.6534756 6.0931963
2.1799533 1.6534733 6.093194
2.1799585 1.6534709 6.0931917
2.1799634 1.6534687 6.0931894
2.179968 1.6534668 6.0931873
2.1799722 1.6534651 6.0931853
2.1799759 1.6534636 6.0931836
2.1799791 1.6534624 6.093182
2.1799816 1.6534614 6.0931807
2.1799835 1.6534607 6.0931796
3.8634564 1.8703749 3.0162034
3.8634567 1.8703753 3.0162035
3.8634572 1.8703758 3.0162036
3.8634579 1.8703764 3.0162038
3.8634586 1.8703772 3.0162041
3.8634594 1.8703782 3.0162044
3.8634602 1.8703793 3.0162047
3.863461 1.8703804 3.0162052
3.8634617 1.8703815 3.0162057
3.8634624 1.8703825 3.0162062
3.863463 1.8703833 3.0162068
3.8634635 1.870384 3.0162072
3.8634638 1.8703846 3.0162076
3.8634641 1.8703849 3.0162078
3.8634643 1.8703851 3.0162079
1.8350245 2.666183 3.5611003
1.8350253 2.6661842 3.5610981
1.8350261 2.6661856 3.5610953
1.835027 2.6661874 3.5610921
1.835028 2.6661894 3.5610886
1.835029 2.6661915 3.5610848
1.8350299 2.6661939 3.5610808
1.8350309 2.6661962 3.5610768
1.8350318 2.6661985 3.5610727
1.8350326 2.6662007 3.5610686
1.8350335 2.6662029 3.5610647
1.8350344 2.6662049 3.5610611
1.8350353 2.6662069 3.561058
1.8350361 2.6662086 3.5610551
1.8350367 2.6662103 3.5610525
1.835037 2.6662118 3.5610502
1.8350372 2.6662132 3.5610482
1.3451751 2.0163684 6.0855514
1.3451746 2.0163689 6.0855521
1.3451738 2.0163696 6.0855531
1.3451728 2.0163706 6.0855543
1.3451716 2.0163716 6.0855557
1.3451703 2.0163727 6.0855572
1.345169 2.0163738 6.0855587
1.3451675 2.0163748 6.0855601
1.345166 2.0163758 6.0855614
1.3451646 2.0163767 6.0855625
1.3451632 2.0163775 6.0855633
1.345162 2.0163782 6.085564
1.345161 2.0163787 6.0855644
1.3451603 2.0163791 6.0855648
1.3451599 2.0163793 6.085565
3.6462106 1.7152887 3.1373371
3.6462101 1.7152889 3.137337
3.6462092 1.7152894 3.1373368
3.646208 1.71529 3.1373363
3.6462066 1.7152908 3.1373357
3.646205 1.7152918 3.1373349
3.6462034 1.7152931 3.1373339
3.6462017 1.7152946 3.1373326
3.6462002 1.7152962 3.1373312
3.6461986 1.7152977 3.1373298
3.6461972 1.7152992 3.1373283
3.6461959 1.7153007 3.137327
3.6461948 1.7153021 3.1373259
3.6461938 1.7153033 3.1373249
3.7922284 2.6288456 2.069293
3.7922282 2.6288456 2.0692927
3.7922279 2.6288456 2.0692924
3.7922277 2.6288455 2.0692922
4.4668092 2.4447412 5.2615494
4.4668088 2.444741 5.2615493
4.4668079 2.4447406 5.261549
4.4668066 2.4447401 5.2615486
4.4668048 2.4447394 5.261548
4.4668026 2.4447387 5.2615474
4.4668001 2.4447378 5.2615466
4.4667974 2.4447368 5.2615457
4.4667945 2.4447357 5.2615447
4.4667918 2.4447346 5.2615436
4.4667892 2.4447335 5.2615425
4.466787 2.4447326 5.2615416
4.4667851 2.4447318 5.2615408
4.4667837 2.4447312 5.2615403
4.4667828 2.4447309 5.2615399
4.4674546 2.0264553 1.361299
4.467455 2.0264542 1.3612983
4.4674558 2.0264525 1.3612973
4.4674567 2.0264504 1.3612959
4.4674579 2.0264479 1.3612941
4.4674593 2.0264451 1.3612919
4.4674607 2.0264421 1.3612893
4.4674623 2.0264386 1.3612864
4.4674638 2.026435 1.3612831
4.4674653 2.026431 1.3612795
4.4674668 2.0264269 1.3612759
4.4674683 2.0264227 1.3612721
4.4674697 2.0264183 1.3612683
4.4674711 2.0264138 1.3612644
4.4674725 2.0264094 1.3612604
4.4674738 2.0264051 1.3612564
4.4674751 2.0264011 1.3612525
4.4674764 2.0263974 1.3612489
4.4674777 2.026394 1.3612457
4.4674788 2.0263911 1.3612429
4.4674797 2.0263887 1.3612405
4.4674805 2.0263868 1.3612388
4.467481 2.0263856 1.3612377
2.1798981 1.6534954 6.0932028
2.1798986 1.6534952 6.0932028
2.1798996 1.6534949 6.0932029
2.1799011 1.6534942 6.0932029
2.179903 1.6534934 6.0932028
2.1799053 1.6534924 6.0932026
2.1799081 1.6534912 6.0932024
2.1799114 1.6534899 6.0932021
2.1799152 1.6534885 6.0932018
2.1799193 1.653487 6.0932012
2.1799239 1.6534854 6.0932004
2.1799288 1.6534837 6.0931994
2.1799338 1.6534818 6.093198
2.179939 1.6534797 6.0931963
2.1799442 1.6534775 6.0931945
2.1799493 1.6534753 6.0931924
2.1799544 1.653473 6.0931902
2.1799592 1.6534707 6.0931879
2.1799638 1.6534685 6.0931858
2.1799681 1.6534665 6.0931837
2.1799721 1.6534648 6.0931819
2.1799756 1.6534633 6.0931802
2.1799786 1.6534621 6.0931788
2.179981 1.6534611 6.0931775
2.1799828 1.6534604 6.0931765
3.8634581 1.8703755 3.0162024
3.8634584 1.8703759 3.0162025
3.8634589 1.8703764 3.0162026
3.8634594 1.8703771 3.0162027
3.8634601 1.8703779 3.016203
3.8634608 1.8703788 3.0162032
3.8634615 1.8703797 3.0162036
3.8634622 1.8703807 3.016204
3.8634629 1.8703816 3.0162044
3.8634635 1.8703823 3.0162049
3.863464 1.8703829 3.0162053
3.8634645 1.8703834 3.0162057
3.8634649 1.8703839 3.0162059
3.8634651 1.8703841 3.0162061
1.8350188 2.666185 3.5610975
1.8350195 2.666186 3.5610959
1.8350203 2.6661872 3.5610937
1.8350211 2.6661888 3.561091
1.835022 2.6661906 3.5610879
1.835023 2.6661926 3.5610844
1.835024 2.6661949 3.5610807
1.8350251 2.6661973 3.5610769
1.8350262 2.6661997 3.5610731
1.8350273 2.6662021 3.5610691
1.8350283 2.6662044 3.5610651
1.8350293 2.6662066 3.5610614
1.8350304 2.6662087 3.5610581
1.8350314 2.6662105 3.561055
1.8350324 2.6662122 3.5610523
1.8350332 2.6662138 3.5610499
1.8350337 2.6662151 3.5610477
1.835034 2.6662164 3.5610457
1.3451781 2.0163675 6.0855527
1.3451777 2.0163679 6.0855534
1.3451769 2.0163686 6.0855543
1.345176 2.0163695 6.0855555
1.3451748 2.0163704 6.0855569
1.3451737 2.0163714 6.0855584
1.3451724 2.0163723 6.0855599
1.3451711 2.0163733 6.0855613
1.3451698 2.0163742 6.0855627
1.3451686 2.016375 6.0855638
1.3451674 2.0163757 6.0855647
1.3451664 2.0163763 6.0855653
1.3451655 2.0163767 6.0855657
1.3451649 2.016377 6.085566
1.3451646 2.0163771 6.0855662
3.6462076 1.7152888 3.1373344
3.6462071 1.7152891 3.1373343
3.6462062 1.7152895 3.137334
3.6462051 1.7152902 3.1373335
3.6462038 1.715291 3.1373328
3.6462024 1.7152921 3.1373318
3.6462009 1.7152934 3.1373307
3.6461993 1.715295 3.1373293
3.6461978 1.7152966 3.1373279
3.6461963 1.7152983 3.1373264
3.646195 1.7152999 3.137325
3.6461938 1.7153014 3.1373238
3.6461927 1.7153029 3.1373227
3.6461918 1.7153042 3.1373218
3.7922284 2.6288455 2.0692928
3.7922281 2.6288455 2.0692925
3.7922278 2.6288455 2.0692921
3.7922276 2.6288455 2.0692918
4.4668103 2.4447372 5.2615515
4.4668098 2.444737 5.2615513
4.4668088 2.4447365 5.2615509
4.4668074 2.444736 5.2615503
4.4668056 2.4447353 5.2615497
4.4668035 2.4447345 5.261549
4.466801 2.4447336 5.2615482
4.4667983 2.4447325 5.2615472
4.4667954 2.4447315 5.261546
4.4667926 2.4447304 5.2615449
4.46679 2.4447293 5.2615439
4.4667877 2.4447283 5.2615429
4.4667858 2.4447275 5.2615422
4.4667844 2.444727 5.2615416
4.4667834 2.4447266 5.2615412
4.467453 2.0264563 1.3612976
4.4674535 2.0264552 1.3612968
4.4674541 2.0264536 1.3612957
4.467455 2.0264516 1.3612943
4.4674561 2.0264493 1.3612926
4.4674573 2.0264466 1.3612905
4.4674587 2.0264436 1.3612879
4.4674602 2.0264402 1.361285
4.4674617 2.0264366 1.3612818
4.4674631 2.0264328 1.3612783
4.4674645 2.0264288 1.3612746
4.4674659 2.0264246 1.3612709
4.4674673 2.0264203 1.3612671
4.4674686 2.0264159 1.3612631
4.4674699 2.0264116 1.361259
4.4674711 2.0264073 1.3612551
4.4674722 2.0264032 1.3612512
4.4674734 2.0263994 1.3612477
4.4674745 2.0263961 1.3612444
4.4674754 2.0263932 1.3612415
4.4674762 2.0263907 1.3612392
4.4674768 2.0263888 1.3612375
4.4674773 2.0263875 1.3612364
2.1799022 1.6534952 6.0931981
2.1799027 1.653495 6.0931982
2.1799037 1.6534946 6.0931982
2.1799052 1.653494 6.0931981
2.179907 1.6534931 6.093198
2.1799093 1.6534921 6.0931978
2.1799121 1.6534909 6.0931976
2.1799153 1.6534896 6.0931973
2.1799188 1.6534881 6.0931969
2.1799227 1.6534866 6.0931964
2.1799269 1.6534849 6.0931956
2.1799314 1.6534832 6.0931946
2.1799361 1.6534813 6.0931932
2.179941 1.6534794 6.0931917
2.1799458 1.6534772 6.09319
2.1799507 1.6534749 6.0931881
2.1799554 1.6534727 6.093186
2.1799599 1.6534704 6.0931839
2.1799641 1.6534682 6.0931819
2.1799681 1.6534663 6.0931799
2.1799718 1.6534646 6.0931781
2.1799751 1.6534631 6.0931766
2.1799779 1.6534619 6.0931752
2.1799801 1.6534609 6.093174
2.1799818 1.6534601 6.0931731
3.8634599 1.8703763 3.0162012
3.8634602 1.8703767 3.0162012
3.8634606 1.8703772 3.0162013
3.8634611 1.8703778 3.0162014
3.8634616 1.8703786 3.0162017
3.8634622 1.8703794 3.0162019
3.8634628 1.8703803 3.0162023
3.8634635 1.8703811 3.0162026
3.8634641 1.8703818 3.016203
3.8634647 1.8703823 3.0162034
3.8634652 1.8703827 3.0162037
3.8634657 1.870383 3.016204
3.863466 1.8703832 3.0162042
3.8634663 1.8703834 3.0162043
1.8350132 2.6661882 3.5610924
1.835014 2.6661892 3.5610908
1.8350148 2.6661905 3.5610886
1.8350156 2.6661922 3.561086
1.8350165 2.666194 3.561083
1.8350175 2.6661961 3.5610796
1.8350186 2.6661985 3.5610761
1.8350197 2.666201 3.5610725
1.835021 2.6662035 3.5610688
1.8350222 2.6662059 3.5610651
1.8350234 2.6662083 3.5610613
1.8350245 2.6662106 3.5610577
1.8350257 2.6662126 3.5610544
1.8350269 2.6662144 3.5610515
1.835028 2.666216 3.5610489
1.8350289 2.6662174 3.5610466
1.8350296 2.6662187 3.5610445
1.83503 2.6662198 3.5610425
1.3451818 2.0163665 6.0855545
1.3451813 2.0163669 6.0855551
1.3451806 2.0163675 6.085556
1.3451798 2.0163683 6.0855571
1.3451787 2.0163691 6.0855584
1.3451776 2.0163699 6.0855599
1.3451765 2.0163708 6.0855614
1.3451754 2.0163716 6.0855629
1.3451744 2.0163725 6.0855643
1.3451733 2.0163732 6.0855654
1.3451723 2.0163738 6.0855663
1.3451713 2.0163743 6.0855668
1.3451706 2.0163746 6.0855673
1.3451701 2.0163748 6.0855676
1.3451699 2.0163749 6.0855677
3.6462042 1.7152889 3.1373314
3.6462036 1.7152893 3.1373312
3.6462028 1.7152898 3.1373308
3.6462018 1.7152905 3.1373303
3.6462007 1.7152914 3.1373295
3.6461994 1.7152925 3.1373285
3.646198 1.7152939 3.1373272
3.6461966 1.7152955 3.1373258
3.6461951 1.7152972 3.1373243
3.6461937 1.7152989 3.1373228
3.6461924 1.7153006 3.1373214
3.6461913 1.7153022 3.1373202
3.6461903 1.7153037 3.1373191
3.6461894 1.7153051 3.1373183
0 0 0
3.792228 2.6288454 2.0692922
3.7922277 2.6288454 2.0692918
3.7922275 2.6288454 2.0692915
4.4668117 2.444733 5.2615539
4.4668111 2.4447327 5.2615536
4.46681 2.4447323 5.2615531
4.4668085 2.4447317 5.2615525
4.4668067 2.4447309 5.2615517
4.4668046 2.4447301 5.2615509
4.4668021 2.4447291 5.2615499
4.4667994 2.444728 5.2615487
4.4667964 2.4447269 5.2615475
4.4667935 2.4447258 5.2615463
4.4667908 2.4447248 5.2615452
4.4667885 2.4447238 5.2615442
4.4667866 2.444723 5.2615434
4.4667852 2.4447224 5.2615428
4.4667842 2.4447219 5.2615423
4.4674514 2.0264575 1.361296
4.4674518 2.0264565 1.3612952
4.4674524 2.026455 1.3612942
4.4674532 2.0264531 1.3612928
4.4674541 2.0264509 1.3612911
4.4674553 2.0264483 1.361289
4.4674566 2.0264454 1.3612865
4.467458 2.0264421 1.3612837
4.4674594 2.0264386 1.3612805
4.4674607 2.0264348 1.361277
4.4674621 2.0264309 1.3612734
4.4674634 2.0264269 1.3612696
4.4674647 2.0264226 1.3612658
4.467466 2.0264183 1.3612618
4.4674672 2.0264139 1.3612577
4.4674682 2.0264096 1.3612537
4.4674692 2.0264055 1.3612498
4.4674702 2.0264017 1.3612463
4.4674712 2.0263983 1.361243
4.467472 2.0263953 1.3612402
4.4674727 2.0263929 1.3612379
4.4674732 2.026391 1.3612361
0 0 0
2.1799066 1.653495 6.0931932
2.1799071 1.6534948 6.0931932
2.179908 1.6534944 6.0931932
2.1799094 1.6534938 6.0931931
2.1799112 1.6534929 6.0931929
2.1799135 1.6534919 6.0931927
2.1799161 1.6534907 6.0931924
2.1799191 1.6534894 6.0931921
2.1799225 1.6534879 6.0931917
2.1799261 1.6534863 6.0931912
2.1799299 1.6534846 6.0931904
2.1799341 1.6534829 6.0931895
2.1799384 1.653481 6.0931882
2.1799429 1.653479 6.0931868
2.1799474 1.6534769 6.0931852
2.1799519 1.6534747 6.0931835
2.1799563 1.6534724 6.0931816
2.1799604 1.6534702 6.0931797
2.1799643 1.6534681 6.0931778
2.1799679 1.6534661 6.093176
2.1799713 1.6534645 6.0931743
2.1799743 1.653463 6.0931728
2.179977 1.6534617 6.0931715
2.1799791 1.6534607 6.0931704
2.1799807 1.6534599 6.0931696
3.8634616 1.8703773 3.0161998
3.8634619 1.8703777 3.0161998
3.8634622 1.8703782 3.0161999
3.8634627 1.8703788 3.0162
3.8634632 1.8703795 3.0162003
3.8634637 1.8703802 3.0162006
3.8634643 1.870381 3.0162009
3.8634649 1.8703817 3.0162012
3.8634655 1.8703822 3.0162015
3.8634661 1.8703825 3.0162019
3.8634665 1.8703826 3.0162021
3.8634669 1.8703827 3.0162023
3.8634673 1.8703828 3.0162025
3.8634675 1.8703829 3.0162026
1.835007 2.6661916 3.5610867
1.8350078 2.6661927 3.5610851
1.8350087 2.6661941 3.5610829
1.8350096 2.6661957 3.5610804
1.8350106 2.6661976 3.5610776
1.8350117 2.6661998 3.5610745
1.8350129 2.6662022 3.5610712
1.8350142 2.6662047 3.5610678
1.8350155 2.6662073 3.5610642
1.8350168 2.6662098 3.5610606
1.8350181 2.6662123 3.5610569
1.8350192 2.6662145 3.5610534
1.8350205 2.6662165 3.5610502
1.8350217 2.6662183 3.5610474
1.8350229 2.6662198 3.5610449
1.835024 2.6662211 3.5610426
1.8350249 2.6662223 3.5610405
1.8350253 2.6662233 3.5610385
1.8350256 2.6662242 3.5610366
1.3451856 2.0163659 6.0855572
1.3451849 2.0163664 6.085558
1.3451841 2.016367 6.0855591
1.3451832 2.0163677 6.0855604
1.3451823 2.0163684 6.0855618
1.3451813 2.0163691 6.0855634
1.3451804 2.0163699 6.0855648
1.3451795 2.0163706 6.0855662
1.3451785 2.0163713 6.0855673
1.3451777 2.0163718 6.0855681
1.3451769 2.0163722 6.0855687
1.3451763 2.0163725 6.0855691
1.3451759 2.0163726 6.0855694
3.6462006 1.7152889 3.1373282
3.6462003 1.7152892 3.1373281
3.6461998 1.7152896 3.137328
3.6461991 1.7152902 3.1373276
3.6461982 1.715291 3.137327
3.6461972 1.7152919 3.1373261
3.646196 1.7152931 3.1373249
3.6461948 1.7152945 3.1373236
3.6461935 1.715296 3.1373221
3.6461922 1.7152977 3.1373205
3.6461908 1.7152995 3.137319
3.6461896 1.7153013 3.1373176
3.6461886 1.715303 3.1373164
3.6461876 1.7153046 3.1373154
3.6461868 1.715306 3.1373146
3.6461861 1.7153072 3.137314
3.7922279 2.6288454 2.069292
3.7922276 2.6288453 2.0692916
3.7922274 2.6288453 2.0692914
4.4668133 2.4447287 5.2615566
4.4668127 2.4447284 5.2615563
4.4668115 2.444728 5.2615557
4.4668099 2.4447273 5.2615549
4.466808 2.4447265 5.2615539
4.4668058 2.4447256 5.2615528
4.4668033 2.4447245 5.2615517
4.4668005 2.4447233 5.2615504
4.4667976 2.4447222 5.261549
4.4667946 2.4447211 5.2615476
4.4667919 2.4447201 5.2615464
4.4667895 2.4447191 5.2615453
4.4667875 2.4447182 5.2615445
4.4667861 2.4447175 5.2615439
4.4667852 2.4447171 5.2615434
4.4674497 2.0264589 1.3612944
4.4674501 2.026458 1.3612937
4.4674506 2.0264566 1.3612926
4.4674513 2.0264548 1.3612912
4.4674522 2.0264527 1.3612895
4.4674533 2.0264502 1.3612875
4.4674545 2.0264473 1.3612851
4.4674558 2.0264441 1.3612823
4.467457 2.0264407 1.3612791
4.4674582 2.026437 1.3612757
4.4674595 2.0264332 1.3612721
4.4674608 2.0264292 1.3612683
4.467462 2.0264251 1.3612644
4.4674632 2.0264208 1.3612603
4.4674643 2.0264164 1.3612563
4.4674653 2.026412 1.3612522
4.4674662 2.0264079 1.3612484
4.4674672 2.026404 1.3612449
4.467468 2.0264006 1.3612416
4.4674687 2.0263976 1.3612388
4.4674692 2.0263952 1.3612365
4.4674697 2.0263932 1.3612347
0 0 0
2.179911 1.6534949 6.093188
2.1799115 1.6534947 6.093188
2.1799123 1.6534943 6.093188
2.1799137 1.6534937 6.0931878
2.1799155 1.6534928 6.0931876
2.1799176 1.6534918 6.0931874
2.1799201 1.6534906 6.0931871
2.1799229 1.6534893 6.0931867
2.179926 1.6534878 6.0931863
2.1799293 1.6534862 6.0931858
2.1799329 1.6534845 6.0931851
2.1799367 1.6534827 6.0931842
2.1799406 1.6534808 6.093183
2.1799447 1.6534788 6.0931817
2.1799489 1.6534767 6.0931803
2.179953 1.6534745 6.0931787
2.179957 1.6534723 6.0931771
2.1799608 1.6534702 6.0931754
2.1799643 1.6534681 6.0931737
2.1799676 1.6534662 6.093172
2.1799706 1.6534645 6.0931704
2.1799734 1.653463 6.093169
2.1799758 1.6534617 6.0931677
2.1799778 1.6534607 6.0931668
2.1799792 1.6534599 6.093166
2.1799802 1.6534593 6.0931656
3.8634635 1.8703788 3.0161984
3.8634638 1.8703792 3.0161985
3.8634642 1.8703798 3.0161986
3.8634647 1.8703805 3.0161989
3.8634653 1.8703812 3.0161992
3.8634658 1.8703818 3.0161995
3.8634664 1.8703824 3.0161999
3.863467 1.8703827 3.0162001
3.8634676 1.8703828 3.0162004
3.863468 1.8703827 3.0162005
3.8634683 1.8703825 3.0162007
3.8634686 1.8703825 3.0162008
1.8349999 2.6661944 3.5610819
1.8350005 2.6661952 3.5610807
1.8350013 2.6661963 3.561079
1.8350022 2.6661977 3.561077
1.8350033 2.6661993 3.5610746
1.8350045 2.6662013 3.5610719
1.8350058 2.6662035 3.5610691
1.8350071 2.6662059 3.561066
1.8350085 2.6662085 3.5610627
1.8350099 2.6662111 3.5610593
1.8350112 2.6662137 3.5610558
1.8350124 2.6662161 3.5610522
1.8350136 2.6662184 3.5610487
1.8350149 2.6662203 3.5610456
1.8350161 2.6662221 3.5610428
1.8350174 2.6662235 3.5610403
1.8350186 2.6662248 3.5610381
1.8350196 2.6662259 3.561036
1.8350202 2.6662269 3.561034
1.8350205 2.6662277 3.561032
1.8350206 2.6662284 3.5610304
1.3451898 2.0163651 6.0855604
1.345189 2.0163656 6.0855614
1.3451882 2.0163662 6.0855626
1.3451874 2.0163668 6.0855641
1.3451867 2.0163675 6.0855655
1.3451859 2.0163682 6.085567
1.3451851 2.0163688 6.0855682
1.3451843 2.0163694 6.0855693
1.3451836 2.0163699 6.0855702
1.345183 2.0163701 6.0855708
1.3451825 2.0163703 6.0855712
0 0 0
3.6461964 1.7152895 3.137325
3.6461962 1.7152897 3.1373249
3.6461958 1.7152902 3.1373247
3.6461952 1.7152908 3.1373243
3.6461944 1.7152916 3.1373236
3.6461935 1.7152926 3.1373226
3.6461925 1.7152938 3.1373213
3.6461914 1.7152952 3.1373199
3.6461902 1.7152967 3.1373183
3.646189 1.7152984 3.1373167
3.6461877 1.7153002 3.1373152
3.6461866 1.715302 3.1373138
3.6461856 1.7153037 3.1373125
3.6461847 1.7153054 3.1373115
3.646184 1.7153068 3.1373108
3.6461834 1.7153081 3.1373102
3.646183 1.7153091 3.1373098
3.6461826 1.7153097 3.1373096
3.6461824 1.71531 3.1373095
4.4668153 2.4447244 5.2615597
4.4668146 2.4447241 5.2615593
4.4668133 2.4447236 5.2615585
4.4668116 2.444723 5.2615575
4.4668095 2.4447221 5.2615563
4.4668072 2.4447211 5.261555
4.4668046 2.4447199 5.2615535
4.4668018 2.4447187 5.261552
4.4667988 2.4447175 5.2615505
4.4667958 2.4447163 5.261549
4.466793 2.4447153 5.2615476
4.4667906 2.4447142 5.2615464
4.4667887 2.4447133 5.2615455
4.4667872 2.4447126 5.2615448
4.4667863 2.4447121 5.2615444
4.467448 2.0264604 1.3612929
4.4674483 2.0264596 1.3612922
4.4674488 2.0264583 1.3612911
4.4674495 2.0264566 1.3612897
4.4674503 2.0264546 1.361288
4.4674512 2.0264521 1.361286
4.4674523 2.0264494 1.3612836
4.4674534 2.0264463 1.3612808
4.4674545 2.0264429 1.3612776
4.4674556 2.0264394 1.3612742
4.4674568 2.0264356 1.3612706
4.467458 2.0264317 1.3612668
4.4674592 2.0264276 1.3612629
4.4674603 2.0264233 1.3612589
4.4674614 2.0264189 1.3612548
4.4674623 2.0264146 1.3612508
4.4674632 2.0264104 1.361247
4.4674641 2.0264066 1.3612434
4.4674649 2.0264031 1.3612402
4.4674655 2.0264 1.3612374
4.467466 2.0263974 1.3612351
4.4674663 2.0263955 1.3612334
4.4674666 2.0263941 1.3612323
2.1799154 1.6534949 6.0931828
2.1799158 1.6534947 6.0931827
2.1799166 1.6534943 6.0931826
2.179918 1.6534937 6.0931824
2.1799196 1.6534929 6.0931821
2.1799216 1.6534918 6.0931818
2.179924 1.6534906 6.0931815
2.1799266 1.6534892 6.0931812
2.1799294 1.6534877 6.0931808
2.1799324 1.6534861 6.0931803
2.1799357 1.6534844 6.0931797
2.1799391 1.6534826 6.0931788
2.1799427 1.6534807 6.0931778
2.1799464 1.6534787 6.0931766
2.1799502 1.6534766 6.0931753
2.1799539 1.6534745 6.093174
2.1799575 1.6534724 6.0931725
2.179961 1.6534703 6.093171
2.1799641 1.6534682 6.0931695
2.1799671 1.6534663 6.0931679
2.1799698 1.6534647 6.0931665
2.1799722 1.6534632 6.0931652
2.1799744 1.6534619 6.0931641
2.1799762 1.6534608 6.0931632
2.1799776 1.6534599 6.0931625
2.1799785 1.6534593 6.0931621
3.863465 1.87038 3.016197
3.8634653 1.8703804 3.0161971
3.8634657 1.8703809 3.0161972
3.8634663 1.8703815 3.0161975
3.8634668 1.8703821 3.0161979
3.8634674 1.8703827 3.0161982
3.863468 1.8703831 3.0161985
3.8634686 1.8703832 3.0161988
3.8634691 1.8703831 3.016199
3.8634694 1.8703829 3.0161991
3.8634697 1.8703826 3.0161992
3.8634699 1.8703824 3.0161993
1.8349932 2.666198 3.5610757
1.8349938 2.6661988 3.5610744
1.8349946 2.6661999 3.5610728
1.8349957 2.6662014 3.5610709
1.8349969 2.666203 3.5610686
1.8349982 2.666205 3.5610661
1.8349997 2.6662072 3.5610635
1.8350013 2.6662096 3.5610606
1.8350028 2.6662122 3.5610575
1.8350042 2.6662148 3.5610542
1.8350056 2.6662174 3.5610508
1.8350068 2.6662198 3.5610473
1.835008 2.666222 3.5610439
1.8350093 2.666224 3.5610408
1.8350106 2.6662257 3.5610381
1.8350119 2.6662272 3.5610355
1.8350131 2.6662285 3.5610332
1.835014 2.6662296 3.561031
1.8350148 2.6662305 3.561029
1.8350152 2.6662313 3.5610271
1.8350153 2.6662319 3.5610254
1.3451951 2.0163638 6.0855631
1.3451945 2.0163642 6.0855641
1.3451938 2.0163647 6.0855652
1.3451931 2.0163653 6.0855666
1.3451925 2.0163659 6.085568
1.3451918 2.0163664 6.0855693
1.3451912 2.016367 6.0855705
1.3451905 2.0163675 6.0855716
1.34519 2.0163679 6.0855724
1.3451895 2.0163681 6.0855731
1.3451891 2.0163682 6.0855735
1.3451888 2.0163684 6.0855737
3.6461921 1.7152902 3.1373219
3.6461919 1.7152904 3.1373218
3.6461916 1.7152909 3.1373215
3.646191 1.7152915 3.1373211
3.6461904 1.7152924 3.1373203
3.6461896 1.7152934 3.1373192
3.6461887 1.7152946 3.1373178
3.6461877 1.7152959 3.1373162
3.6461866 1.7152973 3.1373146
3.6461856 1.715299 3.1373129
3.6461845 1.7153007 3.1373114
3.6461834 1.7153025 3.1373099
3.6461825 1.7153043 3.1373087
3.6461818 1.715306 3.1373077
3.6461812 1.7153076 3.1373069
3.6461807 1.715309 3.1373063
3.6461803 1.71531 3.137306
3.6461801 1.7153107 3.1373058
3.6461799 1.7153111 3.1373057
4.4668173 2.4447202 5.2615629
4.4668166 2.4447199 5.2615624
4.4668153 2.4447194 5.2615615
4.4668135 2.4447187 5.2615603
4.4668112 2.4447179 5.2615588
4.4668087 2.4447168 5.2615572
4.466806 2.4447156 5.2615555
4.4668031 2.4447143 5.2615537
4.4668 2.444713 5.261552
4.4667971 2.4447118 5.2615503
4.4667943 2.4447106 5.2615488
4.4667918 2.4447095 5.2615474
4.4667899 2.4447085 5.2615464
4.4667885 2.4447078 5.2615457
4.4667877 2.4447072 5.2615453
4.4667873 2.4447069 5.2615451
4.4674466 2.0264612 1.3612908
4.467447 2.02646 1.3612897
4.4674476 2.0264584 1.3612883
4.4674483 2.0264564 1.3612866
4.4674491 2.026454 1.3612845
4.46745 2.0264514 1.361282
4.467451 2.0264484 1.3612792
4.4674521 2.0264452 1.3612761
4.4674531 2.0264417 1.3612726
4.4674542 2.0264381 1.3612691
4.4674553 2.0264343 1.3612653
4.4674564 2.0264302 1.3612614
4.4674575 2.0264259 1.3612573
4.4674585 2.0264216 1.3612533
4.4674594 2.0264172 1.3612493
4.4674603 2.026413 1.3612455
4.4674612 2.0264091 1.3612421
4.4674619 2.0264055 1.3612389
4.4674625 2.0264023 1.3612361
4.4674628 2.0263996 1.3612338
4.4674632 2.0263976 1.3612321
4.4674634 2.0263961 1.361231
2.1799197 1.6534949 6.0931773
2.1799201 1.6534947 6.0931772
2.1799209 1.6534943 6.093177
2.1799221 1.6534937 6.0931768
2.1799237 1.6534929 6.0931765
2.1799255 1.6534918 6.0931762
2.1799276 1.6534906 6.0931759
2.17993 1.6534893 6.0931757
2.1799326 1.6534877 6.0931753
2.1799353 1.6534861 6.0931748
2.1799382 1.6534843 6.0931742
2.1799413 1.6534825 6.0931734
2.1799446 1.6534806 6.0931725
2.1799479 1.6534787 6.0931715
2.1799513 1.6534766 6.0931704
2.1799547 1.6534745 6.0931692
2.1799579 1.6534725 6.093168
2.179961 1.6534704 6.0931667
2.1799638 1.6534684 6.0931653
2.1799664 1.6534666 6.093164
2.1799688 1.6534649 6.0931627
2.1799709 1.6534634 6.0931615
2.1799728 1.6534621 6.0931604
2.1799744 1.653461 6.0931596
2.1799756 1.6534601 6.0931591
2.1799764 1.6534595 6.0931587
0 0 0
3.8634667 1.8703815 3.0161957
3.8634672 1.8703821 3.0161959
3.8634677 1.8703826 3.0161962
3.8634683 1.8703831 3.0161966
3.8634688 1.8703835 3.0161969
3.8634694 1.8703837 3.0161972
3.86347 1.8703837 3.0161975
3.8634705 1.8703835 3.0161977
3.8634708 1.8703832 3.0161979
3.863471 1.8703828 3.016198
0 0 0
1.8349866 2.6662015 3.5610696
1.8349871 2.6662024 3.5610683
1.834988 2.6662035 3.5610667
1.8349891 2.666205 3.5610649
1.8349904 2.6662067 3.5610627
1.8349919 2.6662086 3.5610603
1.8349935 2.6662108 3.5610577
1.8349953 2.6662132 3.5610551
1.834997 2.6662158 3.5610522
1.8349986 2.6662184 3.5610491
1.8350001 2.6662209 3.5610459
1.8350014 2.6662233 3.5610425
1.8350026 2.6662255 3.5610392
1.8350038 2.6662274 3.5610361
1.8350052 2.6662291 3.5610333
1.8350065 2.6662306 3.5610308
1.8350076 2.666232 3.5610283
1.8350086 2.666233 3.561026
1.8350093 2.6662339 3.5610238
1.8350097 2.6662346 3.5610218
1.8350099 2.6662352 3.5610201
1.83501 2.6662357 3.5610189
0 0 0
1.3451999 2.0163632 6.085568
1.3451994 2.0163637 6.0855693
1.3451988 2.0163642 6.0855707
1.3451982 2.0163646 6.0855719
1.3451977 2.0163651 6.0855731
1.3451971 2.0163655 6.085574
1.3451966 2.0163659 6.0855748
1.3451963 2.0163661 6.0855755
1.345196 2.0163662 6.085576
1.3451957 2.0163663 6.0855762
3.6461878 1.7152911 3.1373189
3.6461876 1.7152913 3.1373188
3.6461873 1.7152918 3.1373185
3.6461868 1.7152924 3.1373179
3.6461862 1.7152932 3.137317
3.6461856 1.7152942 3.1373159
3.6461848 1.7152953 3.1373144
3.6461839 1.7152966 3.1373128
3.646183 1.715298 3.137311
3.646182 1.7152995 3.1373093
3.6461811 1.7153012 3.1373076
3.6461802 1.7153029 3.1373062
3.6461795 1.7153048 3.1373049
3.6461789 1.7153065 3.1373039
3.6461784 1.7153082 3.1373031
3.6461781 1.7153097 3.1373026
3.6461778 1.7153108 3.1373022
3.6461776 1.7153116 3.137302
3.6461776 1.715312 3.137302
4.4668191 2.4447162 5.261566
4.4668184 2.4447159 5.2615655
4.4668171 2.4447154 5.2615645
4.4668152 2.4447147 5.2615631
4.4668129 2.4447138 5.2615614
4.4668103 2.4447128 5.2615595
4.4668074 2.4447115 5.2615575
4.4668044 2.4447102 5.2615555
4.4668013 2.4447088 5.2615535
4.4667983 2.4447074 5.2615516
4.4667955 2.4447062 5.2615498
4.4667931 2.444705 5.2615484
4.4667912 2.4447039 5.2615473
4.4667898 2.4447031 5.2615464
4.4667889 2.4447025 5.2615459
4.4667886 2.4447022 5.2615457
4.467445 2.0264626 1.3612895
4.4674454 2.0264615 1.3612884
4.4674458 2.02646 1.361287
4.4674464 2.0264581 1.3612852
4.4674471 2.0264559 1.361283
4.4674479 2.0264534 1.3612804
4.4674488 2.0264505 1.3612776
4.4674497 2.0264475 1.3612744
4.4674507 2.0264442 1.361271
4.4674517 2.0264406 1.3612674
4.4674527 2.0264368 1.3612637
4.4674538 2.0264327 1.3612598
4.4674548 2.0264285 1.3612559
4.4674558 2.0264241 1.3612518
4.4674567 2.0264197 1.3612479
4.4674576 2.0264155 1.3612442
4.4674585 2.0264114 1.3612408
4.4674592 2.0264077 1.3612377
4.4674597 2.0264044 1.3612349
4.4674601 2.0264017 1.3612326
4.4674603 2.0263995 1.3612309
4.4674605 2.0263981 1.3612298
2.1799238 1.6534949 6.0931718
2.1799242 1.6534947 6.0931717
2.179925 1.6534943 6.0931714
2.1799261 1.6534938 6.0931712
2.1799275 1.653493 6.0931709
2.1799292 1.653492 6.0931706
2.1799311 1.6534907 6.0931703
2.1799331 1.6534893 6.0931701
2.1799354 1.6534878 6.0931697
2.1799379 1.6534861 6.0931693
2.1799405 1.6534843 6.0931688
2.1799433 1.6534825 6.0931681
2.1799462 1.6534806 6.0931674
2.1799492 1.6534787 6.0931665
2.1799522 1.6534767 6.0931656
2.1799552 1.6534747 6.0931646
2.1799581 1.6534727 6.0931636
2.1799608 1.6534707 6.0931624
2.1799633 1.6534688 6.0931612
2.1799656 1.653467 6.09316
2.1799677 1.6534653 6.0931589
2.1799695 1.6534638 6.0931579
2.1799711 1.6534624 6.093157
2.1799724 1.6534613 6.0931562
2.1799734 1.6534604 6.0931557
2.1799741 1.6534598 6.0931554
0 0 0
3.863468 1.8703826 3.0161945
3.8634685 1.8703831 3.0161947
3.863469 1.8703835 3.016195
3.8634696 1.8703839 3.0161953
3.8634702 1.8703842 3.0161957
3.8634707 1.8703842 3.0161961
3.8634713 1.8703841 3.0161964
3.8634718 1.8703839 3.0161966
3.8634721 1.8703835 3.0161968
3.8634723 1.8703831 3.0161969
1.8349801 2.6662044 3.5610645
1.8349803 2.666205 3.5610636
1.8349808 2.6662058 3.5610623
1.8349816 2.666207 3.5610608
1.8349828 2.6662084 3.561059
1.8349841 2.6662101 3.5610569
1.8349857 2.6662121 3.5610545
1.8349874 2.6662143 3.5610521
1.8349893 2.6662167 3.5610495
1.8349913 2.6662192 3.5610468
1.8349932 2.6662218 3.5610439
1.8349948 2.6662243 3.5610409
1.8349962 2.6662266 3.5610377
1.8349975 2.6662287 3.5610345
1.8349988 2.6662306 3.5610315
1.8350001 2.6662323 3.5610286
1.8350014 2.6662338 3.561026
1.8350025 2.6662351 3.5610235
1.8350034 2.6662362 3.5610211
1.835004 2.666237 3.5610187
1.8350045 2.6662378 3.5610166
1.8350047 2.6662383 3.5610149
1.8350048 2.6662388 3.5610136
0 0 0
1.3452064 2.0163616 6.0855709
1.345206 2.0163619 6.0855722
1.3452055 2.0163623 6.0855734
1.345205 2.0163627 6.0855747
1.3452045 2.0163631 6.0855758
1.345204 2.0163635 6.0855767
1.3452036 2.0163638 6.0855775
1.3452033 2.0163641 6.0855782
1.345203 2.0163642 6.0855787
1.3452028 2.0163643 6.085579
3.6461834 1.7152922 3.137316
3.6461833 1.7152924 3.1373159
3.646183 1.7152928 3.1373155
3.6461826 1.7152935 3.1373148
3.6461821 1.7152942 3.1373139
3.6461815 1.7152951 3.1373126
3.6461808 1.7152962 3.1373111
3.6461801 1.7152973 3.1373094
3.6461793 1.7152986 3.1373076
3.6461785 1.7153 3.1373058
3.6461778 1.7153015 3.1373041
3.6461771 1.7153033 3.1373026
3.6461765 1.7153051 3.1373013
3.6461761 1.7153069 3.1373003
3.6461758 1.7153086 3.1372995
3.6461756 1.7153102 3.1372989
3.6461755 1.7153114 3.1372985
3.6461754 1.7153122 3.1372984
3.6461754 1.7153126 3.1372983
4.4668204 2.4447125 5.2615688
4.4668198 2.4447123 5.2615683
4.4668185 2.4447118 5.2615672
4.4668166 2.444711 5.2615656
4.4668143 2.4447101 5.2615637
4.4668116 2.444709 5.2615616
4.4668086 2.4447078 5.2615593
4.4668055 2.4447064 5.2615571
4.4668025 2.4447049 5.2615549
4.4667995 2.4447034 5.2615528
4.4667967 2.444702 5.2615508
4.4667943 2.4447007 5.2615492
4.4667924 2.4446996 5.2615479
4.466791 2.4446988 5.261547
4.4667901 2.4446982 5.2615464
4.4667897 2.4446979 5.2615461
4.4674436 2.026464 1.3612884
4.4674438 2.0264629 1.3612872
4.4674442 2.0264615 1.3612857
4.4674447 2.0264597 1.3612838
4.4674452 2.0264576 1.3612815
4.4674459 2.0264553 1.3612789
4.4674467 2.0264526 1.361276
4.4674475 2.0264496 1.3612728
4.4674485 2.0264464 1.3612694
4.4674494 2.0264429 1.3612658
4.4674504 2.0264392 1.3612621
4.4674514 2.0264351 1.3612584
4.4674524 2.0264308 1.3612545
4.4674533 2.0264265 1.3612505
4.4674542 2.0264221 1.3612466
4.4674552 2.0264177 1.3612429
4.4674561 2.0264136 1.3612396
4.4674568 2.0264098 1.3612366
4.4674574 2.0264064 1.3612339
4.4674577 2.0264035 1.3612316
4.467458 2.0264013 1.3612299
4.4674581 2.0263998 1.3612287
2.1799277 1.6534949 6.0931663
2.1799281 1.6534947 6.0931661
2.1799288 1.6534943 6.0931659
2.1799298 1.6534938 6.0931656
2.179931 1.6534931 6.0931653
2.1799325 1.6534921 6.093165
2.1799342 1.6534909 6.0931648
2.1799361 1.6534895 6.0931646
2.179938 1.6534879 6.0931642
2.1799402 1.6534862 6.0931639
2.1799426 1.6534845 6.0931635
2.1799451 1.6534826 6.0931629
2.1799477 1.6534807 6.0931624
2.1799503 1.6534788 6.0931617
2.179953 1.6534769 6.093161
2.1799555 1.6534749 6.0931602
2.179958 1.653473 6.0931593
2.1799604 1.653471 6.0931583
2.1799626 1.6534691 6.0931573
2.1799646 1.6534674 6.0931562
2.1799664 1.6534657 6.0931553
2.1799679 1.6534641 6.0931544
2.1799692 1.6534628 6.0931536
2.1799703 1.6534617 6.0931529
2.1799711 1.6534608 6.0931524
2.1799717 1.6534603 6.0931521
2.1799719 1.65346 6.0931519
3.863469 1.8703834 3.0161935
3.8634695 1.8703839 3.0161937
3.8634701 1.8703843 3.016194
3.8634707 1.8703846 3.0161943
3.8634713 1.8703847 3.0161947
3.8634718 1.8703847 3.016195
3.8634724 1.8703845 3.0161954
3.8634728 1.8703842 3.0161957
3.8634732 1.8703838 3.0161959
3.8634733 1.8703833 3.0161961
1.8349741 2.6662077 3.5610589
1.8349743 2.6662083 3.561058
1.8349748 2.6662091 3.5610567
1.8349756 2.6662103 3.5610552
1.8349768 2.6662117 3.5610534
1.8349782 2.6662135 3.5610513
1.8349798 2.6662155 3.5610491
1.8349816 2.6662177 3.5610466
1.8349836 2.66622 3.5610441
1.8349858 2.6662225 3.5610416
1.8349879 2.6662249 3.5610389
1.8349897 2.6662273 3.561036
1.8349914 2.6662296 3.5610331
1.8349928 2.6662316 3.56103
1.8349942 2.6662335 3.561027
1.8349955 2.6662352 3.5610242
1.8349967 2.6662367 3.5610215
1.8349978 2.666238 3.5610189
1.8349986 2.6662391 3.5610163
1.8349992 2.66624 3.5610138
1.8349996 2.6662407 3.5610116
1.8349998 2.6662412 3.5610098
1.8349998 2.6662417 3.5610085
1.3452134 2.0163595 6.0855728
1.3452131 2.0163598 6.0855739
1.3452128 2.0163601 6.085575
1.3452124 2.0163604 6.0855762
1.3452121 2.0163607 6.0855774
1.3452116 2.016361 6.0855785
1.3452112 2.0163613 6.0855795
1.3452108 2.0163617 6.0855804
1.3452105 2.0163619 6.0855811
1.3452103 2.0163621 6.0855816
1.3452101 2.0163622 6.085582
3.6461792 1.7152933 3.1373132
3.646179 1.7152935 3.137313
3.6461787 1.7152939 3.1373126
3.6461783 1.7152945 3.1373118
3.6461779 1.7152953 3.1373108
3.6461775 1.7152961 3.1373095
3.6461769 1.7152971 3.137308
3.6461762 1.7152981 3.1373062
3.6461756 1.7152992 3.1373043
3.6461751 1.7153005 3.1373025
3.6461746 1.7153019 3.1373007
3.6461741 1.7153036 3.1372992
3.6461738 1.7153054 3.1372979
3.6461735 1.7153072 3.1372969
3.6461734 1.7153089 3.137296
3.6461733 1.7153105 3.1372954
3.6461733 1.7153117 3.137295
3.6461734 1.7153126 3.1372948
3.6461734 1.715313 3.1372947
4.4668213 2.4447093 5.2615711
4.4668207 2.444709 5.2615705
4.4668194 2.4447085 5.2615694
4.4668176 2.4447077 5.2615678
4.4668152 2.4447068 5.2615657
4.4668124 2.4447056 5.2615634
4.4668094 2.4447043 5.2615609
4.4668064 2.4447029 5.2615585
4.4668034 2.4447013 5.2615561
4.4668005 2.4446998 5.2615538
4.4667978 2.4446983 5.2615517
4.4667954 2.4446969 5.2615499
4.4667935 2.4446957 5.2615484
4.466792 2.4446948 5.2615473
4.466791 2.4446943 5.2615467
4.4667905 2.444694 5.2615463
4.4674423 2.0264651 1.3612874
4.4674425 2.0264641 1.3612862
4.4674429 2.0264628 1.3612846
4.4674432 2.0264611 1.3612826
4.4674436 2.0264591 1.3612802
4.4674442 2.0264568 1.3612775
4.4674448 2.0264542 1.3612745
4.4674457 2.0264514 1.3612713
4.4674465 2.0264483 1.3612679
4.4674475 2.0264449 1.3612644
4.4674484 2.0264412 1.3612607
4.4674494 2.0264372 1.361257
4.4674503 2.0264329 1.3612532
4.4674512 2.0264285 1.3612493
4.4674522 2.0264241 1.3612455
4.4674531 2.0264198 1.3612419
4.4674541 2.0264156 1.3612386
4.4674549 2.0264117 1.3612356
4.4674555 2.0264081 1.361233
4.4674559 2.0264052 1.3612308
4.4674561 2.0264029 1.3612291
4.4674563 2.0264014 1.3612279
2.1799314 1.6534949 6.0931608
2.1799317 1.6534947 6.0931607
2.1799324 1.6534944 6.0931605
2.1799332 1.6534939 6.0931602
2.1799343 1.6534932 6.0931599
2.1799356 1.6534923 6.0931596
2.1799371 1.6534911 6.0931594
2.1799387 1.6534897 6.0931592
2.1799405 1.6534881 6.0931589
2.1799424 1.6534864 6.0931586
2.1799444 1.6534847 6.0931583
2.1799466 1.6534828 6.0931579
2.1799489 1.6534809 6.0931575
2.1799511 1.653479 6.0931571
2.1799534 1.6534771 6.0931566
2.1799555 1.6534752 6.093156
2.1799577 1.6534733 6.0931552
2.1799598 1.6534714 6.0931544
2.1799617 1.6534695 6.0931535
2.1799634 1.6534677 6.0931526
2.1799649 1.6534661 6.0931518
2.1799662 1.6534645 6.093151
2.1799672 1.6534632 6.0931503
2.1799681 1.6534621 6.0931497
2.1799687 1.6534613 6.0931492
2.1799691 1.6534607 6.0931489
2.1799694 1.6534605 6.0931487
3.8634699 1.8703841 3.0161927
3.8634704 1.8703845 3.0161929
3.8634709 1.8703848 3.0161932
3.8634715 1.8703851 3.0161935
3.8634721 1.8703851 3.0161939
3.8634727 1.870385 3.0161942
3.8634733 1.8703848 3.0161947
3.8634737 1.8703844 3.016195
3.863474 1.870384 3.0161953
1.8349687 2.6662105 3.5610544
1.8349687 2.6662107 3.5610538
1.8349689 2.6662113 3.5610529
1.8349693 2.6662121 3.5610516
1.8349702 2.6662133 3.5610501
1.8349713 2.6662148 3.5610483
1.8349727 2.6662165 3.5610462
1.8349744 2.6662186 3.561044
1.8349763 2.6662208 3.5610416
1.8349783 2.6662231 3.5610391
1.8349806 2.6662254 3.5610367
1.8349829 2.6662278 3.5610341
1.834985 2.6662301 3.5610314
1.8349868 2.6662322 3.5610285
1.8349885 2.6662342 3.5610256
1.83499 2.6662361 3.5610227
1.8349913 2.6662378 3.5610199
1.8349925 2.6662393 3.5610171
1.8349935 2.6662406 3.5610144
1.8349942 2.6662417 3.5610116
1.8349947 2.6662426 3.561009
1.834995 2.6662433 3.5610067
1.8349951 2.6662439 3.5610048
1.8349952 2.6662443 3.5610036
1.8349953 2.6662446 3.561003
1.3452199 2.0163579 6.0855768
1.3452197 2.0163581 6.0855779
1.3452195 2.0163583 6.0855791
1.3452192 2.0163586 6.0855802
1.3452188 2.0163588 6.0855814
1.3452184 2.0163591 6.0855824
1.3452182 2.0163594 6.0855834
1.3452179 2.0163597 6.0855841
1.3452177 2.01636 6.0855848
1.3452176 2.0163601 6.0855852
3.646175 1.7152946 3.1373105
3.6461749 1.7152948 3.1373103
3.6461746 1.7152951 3.1373098
3.6461743 1.7152957 3.137309
3.6461739 1.7152964 3.137308
3.6461735 1.7152971 3.1373066
3.646173 1.715298 3.137305
3.6461725 1.7152988 3.1373031
3.6461721 1.7152998 3.1373012
3.6461718 1.715301 3.1372994
3.6461716 1.7153024 3.1372977
3.6461714 1.7153039 3.1372961
3.6461713 1.7153057 3.1372948
3.6461713 1.7153075 3.1372937
3.6461712 1.7153092 3.1372929
3.6461713 1.7153107 3.1372922
3.6461714 1.7153119 3.1372918
3.6461716 1.7153128 3.1372915
3.6461717 1.7153132 3.1372913
4.4668218 2.4447065 5.2615728
4.4668211 2.4447062 5.2615722
4.4668199 2.4447057 5.261571
4.466818 2.4447049 5.2615693
4.4668156 2.4447039 5.2615672
4.4668129 2.4447027 5.2615648
4.46681 2.4447013 5.2615623
4.466807 2.4446997 5.2615597
4.4668041 2.4446981 5.2615571
4.4668012 2.4446964 5.2615547
4.4667986 2.4446949 5.2615524
4.4667963 2.4446935 5.2615504
4.4667943 2.4446923 5.2615488
4.4667928 2.4446914 5.2615476
4.4667919 2.4446908 5.2615468
4.4667914 2.4446905 5.2615464
4.4674414 2.026466 1.3612867
4.4674415 2.026465 1.3612854
4.4674418 2.0264638 1.3612838
4.4674421 2.0264622 1.3612817
4.4674424 2.0264603 1.3612792
4.4674428 2.0264581 1.3612764
4.4674434 2.0264556 1.3612733
4.4674442 2.0264527 1.3612701
4.467445 2.0264497 1.3612666
4.4674459 2.0264464 1.3612631
4.4674468 2.0264428 1.3612595
4.4674478 2.0264388 1.3612559
4.4674487 2.0264346 1.3612521
4.4674496 2.0264302 1.3612483
4.4674506 2.0264258 1.3612446
4.4674516 2.0264214 1.361241
4.4674526 2.0264172 1.3612378
4.4674534 2.0264132 1.3612348
4.4674541 2.0264096 1.3612323
4.4674545 2.0264066 1.3612301
4.4674547 2.0264042 1.3612284
4.4674549 2.0264026 1.3612273
0 0 0
2.1799351 1.6534947 6.0931554
2.1799357 1.6534944 6.0931552
2.1799364 1.6534939 6.0931549
2.1799374 1.6534933 6.0931546
2.1799385 1.6534925 6.0931544
2.1799398 1.6534914 6.0931542
2.1799412 1.65349 6.093154
2.1799428 1.6534885 6.0931538
2.1799444 1.6534868 6.0931536
2.1799461 1.653485 6.0931534
2.1799479 1.6534831 6.0931532
2.1799498 1.6534813 6.0931529
2.1799517 1.6534794 6.0931527
2.1799535 1.6534774 6.0931524
2.1799554 1.6534755 6.0931519
2.1799572 1.6534736 6.0931514
2.179959 1.6534716 6.0931507
2.1799607 1.6534698 6.09315
2.1799622 1.653468 6.0931492
2.1799634 1.6534664 6.0931486
2.1799644 1.6534648 6.0931479
2.1799652 1.6534635 6.0931472
2.1799659 1.6534625 6.0931466
2.1799664 1.6534617 6.0931462
2.1799667 1.6534612 6.0931459
2.1799668 1.6534609 6.0931457
3.8634704 1.8703846 3.0161922
3.8634709 1.8703849 3.0161924
3.8634715 1.8703852 3.0161926
3.8634721 1.8703854 3.0161929
3.8634727 1.8703854 3.0161933
3.8634733 1.8703852 3.0161937
3.8634739 1.8703849 3.0161942
3.8634743 1.8703846 3.0161946
3.8634746 1.8703841 3.0161948
1.8349639 2.6662131 3.5610498
1.834964 2.6662134 3.5610493
1.8349641 2.6662139 3.5610484
1.8349645 2.6662148 3.5610471
1.8349653 2.666216 3.5610455
1.8349663 2.6662175 3.5610436
1.8349677 2.6662193 3.5610416
1.8349695 2.6662213 3.5610394
1.8349714 2.6662235 3.561037
1.8349736 2.6662257 3.5610346
1.834976 2.6662279 3.5610322
1.8349784 2.6662302 3.5610296
1.8349806 2.6662324 3.561027
1.8349827 2.6662345 3.5610243
1.8349845 2.6662365 3.5610215
1.8349862 2.6662384 3.5610186
1.8349876 2.6662401 3.5610158
1.8349888 2.6662416 3.5610129
1.8349897 2.6662428 3.5610101
1.8349903 2.6662439 3.5610072
1.8349907 2.6662448 3.5610045
1.8349909 2.6662456 3.5610022
1.834991 2.6662462 3.5610003
1.8349911 2.6662466 3.560999
1.8349912 2.6662469 3.5609984
1.3452268 2.016356 6.0855797
1.3452267 2.0163561 6.0855807
1.3452265 2.0163562 6.0855819
1.3452263 2.0163564 6.0855831
1.345226 2.0163566 6.0855843
1.3452258 2.0163569 6.0855855
1.3452255 2.0163572 6.0855865
1.3452253 2.0163575 6.0855874
1.3452251 2.0163578 6.085588
1.345225 2.016358 6.0855885
3.6461711 1.7152959 3.1373079
3.646171 1.7152961 3.1373076
3.6461708 1.7152963 3.1373071
3.6461705 1.7152968 3.1373063
3.6461702 1.7152974 3.1373052
3.6461698 1.7152981 3.1373039
3.6461695 1.7152988 3.1373022
3.6461692 1.7152995 3.1373004
3.646169 1.7153004 3.1372984
3.6461689 1.7153015 3.1372965
3.6461689 1.7153027 3.1372948
3.646169 1.7153042 3.1372933
3.6461692 1.7153059 3.137292
3.6461693 1.7153076 3.1372909
3.6461695 1.7153093 3.13729
3.6461697 1.7153108 3.1372893
3.6461699 1.715312 3.1372889
3.6461701 1.7153128 3.1372886
3.6461702 1.7153132 3.1372884
4.4668218 2.4447041 5.2615742
4.4668211 2.4447038 5.2615735
4.4668198 2.4447033 5.2615723
4.466818 2.4447024 5.2615705
4.4668157 2.4447013 5.2615684
4.466813 2.4447001 5.2615659
4.4668102 2.4446986 5.2615634
4.4668073 2.4446969 5.2615607
4.4668044 2.4446952 5.2615579
4.4668016 2.4446935 5.2615552
4.4667991 2.4446919 5.2615528
4.4667968 2.4446904 5.2615506
4.466795 2.4446892 5.2615489
4.4667935 2.4446883 5.2615476
4.4667925 2.4446877 5.2615468
4.466792 2.4446874 5.2615464
0.4126399 2.0373026 0.9614584
0.41263534 2.0373018 0.9614501
0.41263099 2.037301 0.96144181
0 0 0
4.4674416 2.026461 1.3612785
4.4674419 2.0264589 1.3612756
4.4674425 2.0264564 1.3612725
4.4674432 2.0264536 1.3612692
4.467444 2.0264506 1.3612658
4.4674448 2.0264474 1.3612622
4.4674457 2.0264438 1.3612587
4.4674467 2.0264399 1.3612551
4.4674476 2.0264358 1.3612514
4.4674486 2.0264314 1.3612477
4.4674496 2.026427 1.361244
4.4674506 2.0264226 1.3612404
4.4674516 2.0264183 1.3612372
4.4674524 2.0264143 1.3612343
4.4674531 2.0264106 1.3612317
4.4674536 2.0264076 1.3612296
4.4674539 2.0264052 1.3612279
4.9630042 1.6248596 1.6524456
4.9630049 1.6248605 1.6524463
0 0 0
2.1799387 1.6534945 6.0931501
2.1799394 1.6534941 6.0931499
2.1799403 1.6534934 6.0931496
2.1799412 1.6534926 6.0931494
2.1799423 1.6534916 6.0931492
2.1799436 1.6534903 6.093149
2.1799448 1.6534888 6.0931489
2.1799462 1.6534871 6.0931488
2.1799476 1.6534853 6.0931487
2.179949 1.6534835 6.0931486
2.1799505 1.6534816 6.0931486
2.179952 1.6534797 6.0931485
2.1799536 1.6534777 6.0931484
2.1799551 1.6534758 6.0931481
2.1799567 1.6534738 6.0931478
2.1799582 1.6534719 6.0931473
2.1799596 1.65347 6.0931467
2.1799608 1.6534682 6.0931461
2.1799618 1.6534665 6.0931455
2.1799626 1.6534651 6.0931449
2.1799633 1.6534638 6.0931444
2.1799638 1.6534628 6.0931438
2.1799642 1.653462 6.0931434
2.1799644 1.6534616 6.0931431
2.1799645 1.6534613 6.093143
4.4300375 1.5665787 2.3505655
4.430045 1.5665654 2.3505583
4.4300527 1.566552 2.3505509
4.4300607 1.5665386 2.3505434
4.430069 1.5665255 2.3505358
3.8634736 1.8703853 3.0161935
3.8634742 1.870385 3.016194
3.8634747 1.8703846 3.0161944
4.430104 1.5664766 2.3505051
1.8349596 2.6662153 3.5610457
1.8349597 2.6662156 3.5610453
1.8349599 2.6662162 3.5610444
1.8349603 2.6662171 3.5610432
1.834961 2.6662184 3.5610416
1.834962 2.6662199 3.5610396
1.8349634 2.6662217 3.5610375
1.8349652 2.6662237 3.5610354
1.8349672 2.6662258 3.5610331
1.8349695 2.6662279 3.5610307
1.8349719 2.6662301 3.5610282
1.8349743 2.6662322 3.5610256
1.8349767 2.6662344 3.561023
1.834979 2.6662364 3.5610204
1.834981 2.6662384 3.5610176
1.8349828 2.6662403 3.5610148
1.8349843 2.6662419 3.5610119
1.8349855 2.6662434 3.561009
1.8349864 2.6662446 3.5610061
1.8349869 2.6662457 3.5610032
1.8349873 2.6662466 3.5610005
1.8349874 2.6662474 3.5609981
1.8349876 2.6662481 3.5609962
1.8349876 2.6662486 3.5609949
1.8349876 2.6662489 3.5609943
1.3452335 2.0163541 6.0855826
1.3452335 2.0163541 6.0855836
1.3452334 2.0163542 6.0855848
1.3452333 2.0163543 6.0855861
1.3452331 2.0163544 6.0855874
1.3452329 2.0163547 6.0855886
1.3452327 2.016355 6.0855898
1.3452325 2.0163553 6.0855907
1.3452324 2.0163557 6.0855913
1.3452322 2.0163559 6.0855918
3.6461675 1.7152972 3.1373054
3.6461674 1.7152973 3.1373052
3.6461672 1.7152976 3.1373047
3.646167 1.715298 3.1373038
3.6461667 1.7152985 3.1373028
3.6461665 1.715299 3.1373014
3.6461663 1.7152996 3.1372997
3.6461662 1.7153002 3.1372979
3.6461662 1.7153009 3.137296
3.6461663 1.7153019 3.137294
3.6461666 1.715303 3.1372923
3.6461669 1.7153044 3.1372907
3.6461673 1.715306 3.1372894
3.6461677 1.7153077 3.1372883
3.646168 1.7153093 3.1372874
3.6461684 1.7153107 3.1372867
3.6461687 1.7153119 3.1372863
3.6461689 1.7153127 3.137286
3.6461691 1.7153131 3.1372859
4.4668215 2.444702 5.2615752
4.4668209 2.4447017 5.2615746
4.4668196 2.4447012 5.2615733
4.4668177 2.4447003 5.2615715
4.4668155 2.4446991 5.2615693
4.4668128 2.4446977 5.2615668
4.46681 2.4446962 5.2615641
4.4668072 2.4446944 5.2615613
4.4668044 2.4446926 5.2615584
4.4668017 2.4446909 5.2615555
4.4667993 2.4446892 5.2615529
4.4667972 2.4446877 5.2615506
4.4667954 2.4446865 5.2615488
4.4667939 2.4446855 5.2615475
4.466793 2.4446849 5.2615467
0.41264486 2.0373032 0.96146683
0.41264018 2.0373026 0.96145869
0.41263564 2.0373019 0.96145043
0.4126313 2.037301 0.96144216
0.41262717 2.0373001 0.96143404
0.41262321 2.0372992 0.96142613
0.4126194 2.0372981 0.96141845
0.41261564 2.0372969 0.961411
4.4674427 2.0264541 1.3612688
4.4674434 2.0264511 1.3612653
4.4674442 2.0264478 1.3612617
4.4674451 2.0264443 1.3612582
4.4674462 2.0264405 1.3612547
4.4674471 2.0264364 1.3612511
4.4674481 2.026432 1.3612474
4.4674491 2.0264276 1.3612437
4.4674501 2.0264231 1.3612401
4.467451 2.0264189 1.3612368
4.4674519 2.0264148 1.3612339
4.4674527 2.0264112 1.3612314
4.4674532 2.0264081 1.3612293
4.9630039 1.6248595 1.6524454
4.9630045 1.6248602 1.6524459
4.9630052 1.6248611 1.6524466
4.963006 1.6248622 1.6524474
4.9630068 1.6248635 1.6524483
2.1799422 1.6534942 6.0931452
2.1799429 1.6534936 6.0931449
2.1799437 1.6534928 6.0931447
2.1799446 1.6534918 6.0931445
2.1799456 1.6534906 6.0931443
2.1799467 1.6534891 6.0931443
2.1799478 1.6534874 6.0931443
2.1799488 1.6534857 6.0931443
2.1799499 1.6534838 6.0931444
2.1799511 1.6534819 6.0931445
2.1799522 1.65348 6.0931446
2.1799535 1.653478 6.0931446
2.1799547 1.653476 6.0931446
2.1799561 1.6534741 6.0931444
2.1799574 1.6534721 6.0931441
2.1799585 1.6534702 6.0931436
2.1799595 1.6534683 6.0931432
2.1799603 1.6534667 6.0931427
2.1799609 1.6534652 6.0931422
2.1799613 1.653464 6.0931418
2.1799618 1.653463 6.0931414
2.1799621 1.6534623 6.093141
2.1799622 1.6534619 6.0931407
4.4300304 1.5665924 2.3505724
4.4300378 1.5665793 2.3505654
4.4300454 1.566566 2.3505583
4.4300531 1.5665526 2.3505509
4.4300611 1.5665392 2.3505433
4.4300693 1.5665261 2.3505357
0 0 0
0 0 0
4.4300953 1.5664887 2.3505126
4.4301044 1.566477 2.350505
4.4301136 1.5664656 2.3504975
4.4301229 1.5664547 2.3504901
1.8349565 2.6662181 3.5610411
1.8349569 2.666219 3.5610399
1.8349576 2.6662203 3.5610383
1.8349585 2.6662218 3.5610364
1.8349599 2.6662236 3.5610343
1.8349617 2.6662255 3.5610321
1.8349638 2.6662276 3.5610299
1.8349662 2.6662296 3.5610275
1.8349687 2.6662317 3.561025
1.8349711 2.6662338 3.5610224
1.8349735 2.6662359 3.5610197
1.8349759 2.6662379 3.561017
1.8349781 2.6662399 3.5610142
1.83498 2.6662417 3.5610114
1.8349815 2.6662433 3.5610086
1.8349827 2.6662448 3.5610056
1.8349835 2.666246 3.5610027
1.8349841 2.6662471 3.5609998
1.8349844 2.666248 3.560997
1.8349846 2.6662489 3.5609946
1.8349846 2.6662496 3.5609927
1.8349847 2.6662501 3.5609914
1.8349847 2.6662504 3.5609907
1.34524 2.0163523 6.0855856
1.3452401 2.0163522 6.0855866
1.3452402 2.0163522 6.0855879
1.3452401 2.0163523 6.0855892
1.34524 2.0163524 6.0855905
1.3452399 2.0163526 6.0855918
1.3452397 2.0163529 6.085593
1.3452395 2.0163533 6.0855939
1.3452394 2.0163536 6.0855946
1.3452393 2.0163539 6.0855951
3.6461642 1.7152983 3.1373034
3.6461642 1.7152985 3.1373031
3.646164 1.7152987 3.1373025
3.6461638 1.7152991 3.1373017
3.6461637 1.7152994 3.1373006
3.6461635 1.7152998 3.1372992
3.6461636 1.7153003 3.1372975
3.6461637 1.7153008 3.1372957
3.6461639 1.7153014 3.1372938
3.6461642 1.7153022 3.1372919
3.6461647 1.7153033 3.1372901
3.6461653 1.7153046 3.1372885
3.6461659 1.715306 3.1372871
3.6461664 1.7153076 3.137286
3.6461668 1.7153092 3.1372851
3.6461673 1.7153105 3.1372844
3.6461677 1.7153116 3.137284
3.6461679 1.7153124 3.1372837
3.6461681 1.7153128 3.1372836
4.4668211 2.4447001 5.2615761
4.4668204 2.4446999 5.2615754
4.4668192 2.4446993 5.2615741
4.4668173 2.4446983 5.2615723
4.466815 2.4446971 5.26157
4.4668125 2.4446957 5.2615674
4.4668097 2.444694 5.2615646
4.466807 2.4446923 5.2615617
4.4668043 2.4446904 5.2615586
4.4668017 2.4446886 5.2615557
4.4667993 2.4446869 5.2615529
4.4667973 2.4446854 5.2615506
4.4667956 2.4446842 5.2615488
4.4667943 2.4446833 5.2615474
0.41265004 2.0373038 0.96147519
0.41264532 2.0373033 0.96146734
0.41264072 2.0373027 0.96145928
0.41263624 2.037302 0.96145109
0.41263195 2.0373012 0.9614429
0.41262782 2.0373002 0.96143481
0.41262385 2.0372992 0.96142692
0.41261995 2.037298 0.96141921
0.4126161 2.0372968 0.96141172
0.4126123 2.0372954 0.96140451
0.4126086 2.037294 0.9613977
0.41260509 2.0372926 0.96139137
0.41260175 2.0372913 0.96138556
0.41259864 2.03729 0.96138035
0.4125957 2.037289 0.96137574
0.41259302 2.0372881 0.96137176
0.41259064 2.0372873 0.96136845
0.41258868 2.0372867 0.96136588
0.41258719 2.0372863 0.96136399
0.41258624 2.0372859 0.96136274
0.41258577 2.0372858 0.96136212
4.9630041 1.6248604 1.6524456
4.9630045 1.6248609 1.652446
4.9630051 1.6248616 1.6524465
4.9630058 1.6248624 1.6524472
4.9630066 1.6248635 1.652448
4.9630074 1.6248647 1.6524489
4.9630084 1.624866 1.6524498
2.1799451 1.6534938 6.0931406
2.1799458 1.653493 6.0931403
2.1799466 1.6534921 6.0931401
2.1799474 1.6534908 6.09314
2.1799482 1.6534894 6.0931399
2.179949 1.6534878 6.09314
2.1799498 1.653486 6.0931401
2.1799506 1.6534841 6.0931403
2.1799514 1.6534822 6.0931406
2.1799523 1.6534803 6.0931408
2.1799533 1.6534783 6.093141
2.1799544 1.6534764 6.0931412
2.1799555 1.6534744 6.0931412
2.1799566 1.6534724 6.0931411
2.1799575 1.6534704 6.0931408
2.1799582 1.6534686 6.0931405
2.1799588 1.6534669 6.0931402
2.1799592 1.6534655 6.0931398
2.1799595 1.6534642 6.0931395
2.1799599 1.6534633 6.0931391
2.1799601 1.6534626 6.0931388
4.4300235 1.5666061 2.3505788
4.4300309 1.5665935 2.3505722
4.4300384 1.5665805 2.3505653
4.4300461 1.5665672 2.3505581
4.4300538 1.5665537 2.3505508
4.4300618 1.5665404 2.3505433
4.43007 1.5665272 2.3505356
4.4300785 1.5665143 2.3505279
4.4300872 1.5665017 2.3505201
4.4300961 1.5664895 2.3505124
4.4301051 1.5664778 2.3505048
4.4301143 1.5664664 2.3504973
4.4301236 1.5664555 2.3504899
4.4301331 1.566445 2.3504827
0 0 0
1.8349551 2.6662218 3.5610359
1.834956 2.6662233 3.561034
1.8349574 2.6662251 3.5610319
1.8349592 2.666227 3.5610297
1.8349613 2.666229 3.5610274
1.8349636 2.666231 3.561025
1.8349661 2.666233 3.5610225
1.8349686 2.666235 3.5610198
1.834971 2.666237 3.5610171
1.8349735 2.666239 3.5610144
1.8349757 2.666241 3.5610116
1.8349777 2.6662428 3.5610088
1.8349793 2.6662444 3.5610059
1.8349804 2.6662458 3.5610029
1.8349813 2.666247 3.5609999
1.8349819 2.6662481 3.560997
1.8349822 2.6662491 3.5609942
1.8349823 2.66625 3.5609918
1.8349823 2.6662507 3.5609898
1.8349824 2.6662512 3.5609885
1.8349824 2.6662514 3.5609878
1.3452462 2.0163506 6.0855886
1.3452465 2.0163505 6.0855897
1.3452466 2.0163505 6.085591
1.3452467 2.0163505 6.0855923
1.3452466 2.0163506 6.0855936
1.3452465 2.0163508 6.0855949
1.3452463 2.0163511 6.0855961
1.3452462 2.0163514 6.085597
1.3452461 2.0163518 6.0855978
1.345246 2.0163521 6.0855982
3.6461615 1.7152993 3.1373017
3.6461615 1.7152994 3.1373014
3.6461614 1.7152996 3.1373008
3.6461612 1.7152999 3.1372998
3.6461612 1.7153002 3.1372987
3.6461612 1.7153005 3.1372973
3.6461614 1.7153009 3.1372956
3.6461617 1.7153013 3.1372938
3.646162 1.7153018 3.137292
3.6461626 1.7153025 3.13729
3.6461632 1.7153034 3.1372882
3.646164 1.7153046 3.1372865
3.6461647 1.715306 3.1372851
3.6461653 1.7153075 3.137284
3.6461659 1.7153089 3.1372831
3.6461664 1.7153102 3.1372824
3.6461668 1.7153113 3.1372819
3.6461671 1.7153121 3.1372817
3.6461672 1.7153125 3.1372816
0 0 0
4.4668199 2.4446981 5.2615762
4.4668186 2.4446975 5.2615748
4.4668168 2.4446966 5.2615729
4.4668146 2.4446954 5.2615706
4.466812 2.4446939 5.2615679
4.4668094 2.4446922 5.261565
4.4668067 2.4446904 5.2615619
4.4668041 2.4446886 5.2615588
4.4668016 2.4446867 5.2615557
4.4667994 2.444685 5.261553
4.4667974 2.4446835 5.2615506
4.4667959 2.4446823 5.2615487
0 0 0
0.4126507 2.0373039 0.96147587
0.41264605 2.0373034 0.96146811
0.41264151 2.0373029 0.96146015
0.41263709 2.0373022 0.96145208
0.41263284 2.0373013 0.96144398
0.4126287 2.0373003 0.96143593
0.41262468 2.0372992 0.96142806
0.41262068 2.037298 0.96142034
0.41261673 2.0372967 0.9614128
0.41261284 2.0372953 0.96140555
0.41260905 2.0372939 0.96139871
0.41260546 2.0372925 0.96139238
0.4126021 2.0372912 0.9613866
0.41259899 2.03729 0.96138142
0.41259606 2.037289 0.96137688
0.41259337 2.037288 0.96137295
0.41259098 2.0372873 0.96136969
0.41258901 2.0372866 0.96136714
0.41258754 2.0372861 0.96136526
0.4125866 2.0372858 0.96136402
0.41258613 2.0372856 0.96136339
4.963005 1.6248624 1.6524466
4.9630055 1.6248629 1.6524469
4.963006 1.6248636 1.6524474
4.9630067 1.6248645 1.6524481
4.9630075 1.6248655 1.6524489
4.9630084 1.6248666 1.6524498
4.9630093 1.6248678 1.6524506
4.9630104 1.6248691 1.6524515
2.1799476 1.6534932 6.0931364
2.1799482 1.6534922 6.0931362
2.1799488 1.6534911 6.093136
2.1799495 1.6534897 6.0931359
2.17995 1.6534881 6.093136
2.1799506 1.6534863 6.0931362
2.1799511 1.6534844 6.0931365
2.1799517 1.6534825 6.0931369
2.1799523 1.6534806 6.0931373
2.179953 1.6534787 6.0931377
2.1799539 1.6534767 6.093138
2.1799548 1.6534747 6.0931382
2.1799557 1.6534727 6.0931382
2.1799565 1.6534707 6.0931382
2.179957 1.6534689 6.093138
2.1799574 1.6534672 6.0931378
2.1799577 1.6534657 6.0931376
2.179958 1.6534645 6.0931374
2.1799582 1.6534636 6.0931371
4.4300167 1.5666198 2.3505848
4.430024 1.5666078 2.3505785
4.4300316 1.5665952 2.3505719
4.4300393 1.5665822 2.3505651
4.430047 1.5665689 2.3505579
4.4300549 1.5665555 2.3505506
4.4300629 1.5665421 2.3505431
4.4300712 1.5665288 2.3505354
4.4300797 1.5665158 2.3505276
4.4300884 1.5665031 2.3505198
4.4300972 1.5664909 2.3505121
4.4301062 1.566479 2.3505044
4.4301154 1.5664677 2.3504969
4.4301248 1.5664567 2.3504895
4.4301343 1.5664461 2.3504823
4.4301438 1.5664359 2.3504753
1.8349534 2.6662228 3.5610344
1.8349544 2.6662243 3.5610325
1.8349558 2.6662261 3.5610304
1.1586651 1.7646543 3.0101622
1.1586675 1.7646507 3.0101621
1.1586706 1.764646 3.0101619
1.1586742 1.7646403 3.0101614
1.1586784 1.764634 3.0101608
1.1586832 1.7646272 3.01016
1.1586882 1.7646199 3.0101592
1.1586935 1.7646124 3.0101581
1.834976 2.6662435 3.5610069
1.8349776 2.6662451 3.5610041
1.8349789 2.6662465 3.5610011
1.8349797 2.6662477 3.5609981
1.8349804 2.6662488 3.5609952
1.8349806 2.6662498 3.5609923
1.8349807 2.6662507 3.5609898
1.8349808 2.6662514 3.5609878
1.8349807 2.6662519 3.5609864
0 0 0
1.345252 2.0163491 6.0855917
1.3452524 2.016349 6.0855929
1.3452526 2.0163489 6.0855941
1.3452527 2.016349 6.0855954
1.3452527 2.0163491 6.0855967
1.3452526 2.0163493 6.085598
1.3452526 2.0163496 6.0855991
1.3452525 2.0163499 6.0856001
1.3452524 2.0163501 6.0856008
1.3452522 2.0163504 6.0856012
3.6461594 1.7153001 3.1373004
3.6461594 1.7153002 3.1373001
3.6461593 1.7153003 3.1372994
3.6461592 1.7153005 3.1372985
3.6461593 1.7153007 3.1372973
3.6461594 1.715301 3.1372958
3.6461597 1.7153013 3.1372942
3.6461602 1.7153017 3.1372924
3.6461607 1.7153022 3.1372905
3.6461614 1.7153028 3.1372886
3.6461622 1.7153036 3.1372867
3.6461631 1.7153046 3.137285
3.6461639 1.7153058 3.1372836
3.6461645 1.7153072 3.1372824
3.6461651 1.7153086 3.1372815
3.6461656 1.7153099 3.1372808
3.6461661 1.715311 3.1372803
3.6461664 1.7153118 3.13728
3.6461666 1.7153122 3.13728
4.4668201 2.4446966 5.2615777
4.4668194 2.4446963 5.2615769
4.4668181 2.4446958 5.2615754
4.4668164 2.444695 5.2615735
4.4668142 2.4446938 5.2615711
4.4668117 2.4446923 5.2615683
4.4668092 2.4446906 5.2615653
4.4668066 2.4446888 5.2615622
4.466804 2.444687 5.2615589
4.4668016 2.4446851 5.2615558
4.4667994 2.4446834 5.261553
4.4667976 2.444682 5.2615506
0.41266105 2.037305 0.96149098
0.41265625 2.0373045 0.96148403
0.41265156 2.0373041 0.9614767
0.412647 2.0373036 0.96146909
0.41264254 2.037303 0.96146126
0.41263818 2.0373023 0.96145331
0.41263393 2.0373014 0.96144532
0.41262977 2.0373003 0.96143735
0.41262566 2.0372991 0.96142952
0.41262156 2.0372978 0.96142182
0.41261748 2.0372965 0.96141427
0.41261348 2.0372952 0.96140696
0.41260963 2.0372938 0.96140009
0.41260597 2.0372925 0.96139374
0.41260259 2.0372912 0.96138797
0.41259945 2.03729 0.96138283
0.41259649 2.037289 0.96137835
0.41259379 2.037288 0.96137451
0.41259139 2.0372872 0.96137131
0.41258946 2.0372865 0.96136878
0.41258803 2.037286 0.96136692
0.41258708 2.0372856 0.96136567
0.41258661 2.0372854 0.96136503
4.9630063 1.6248651 1.6524479
4.9630067 1.6248656 1.6524482
4.9630072 1.6248663 1.6524487
4.9630079 1.6248672 1.6524493
4.9630087 1.6248681 1.6524501
4.9630096 1.6248691 1.6524509
4.9630106 1.6248701 1.6524517
4.9630117 1.6248712 1.6524525
4.9630128 1.6248724 1.6524532
2.1799495 1.6534924 6.0931327
2.17995 1.6534913 6.0931325
2.1799504 1.6534899 6.0931324
2.1799508 1.6534883 6.0931325
2.1799511 1.6534866 6.0931327
2.1799515 1.6534847 6.0931331
2.1799518 1.6534828 6.0931336
2.1799523 1.6534808 6.0931341
2.1799528 1.6534789 6.0931346
2.1799534 1.653477 6.093135
2.1799542 1.653475 6.0931354
2.1799549 1.653473 6.0931356
2.1799555 1.653471 6.0931358
2.1799559 1.6534692 6.0931358
2.1799562 1.6534676 6.0931357
2.1799564 1.6534661 6.0931356
2.1799566 1.6534649 6.0931355
4.4300101 1.5666331 2.3505901
4.4300172 1.5666218 2.3505844
4.4300247 1.5666098 2.3505781
4.4300324 1.5665973 2.3505715
4.4300403 1.5665844 2.3505647
4.4300483 1.5665711 2.3505576
4.4300563 1.5665576 2.3505503
4.4300644 1.5665442 2.3505427
4.4300727 1.5665308 2.350535
4.4300813 1.5665177 2.3505273
4.43009 1.5665049 2.3505194
4.4300989 1.5664926 2.3505116
4.4301078 1.5664808 2.3505039
4.430117 1.5664694 2.3504964
4.4301264 1.5664583 2.350489
4.4301359 1.5664477 2.3504818
4.4301454 1.5664374 2.3504748
1.8349526 2.6662233 3.5610336
1.1586626 1.7646578 3.0101623
1.1586634 1.7646566 3.0101623
1.1586651 1.7646541 3.0101624
1.1586675 1.7646505 3.0101622
1.1586706 1.7646458 3.010162
1.1586742 1.7646402 3.0101615
1.1586785 1.7646339 3.0101609
1.1586832 1.764627 3.0101601
1.1586883 1.7646197 3.0101592
1.1586936 1.7646122 3.0101581
1.1586989 1.7646045 3.010157
1.1587041 1.7645969 3.010156
1.158709 1.7645896 3.0101549
1.1587136 1.7645829 3.010154
1.1587179 1.7645768 3.0101531
1.1587218 1.7645715 3.0101523
1.1587253 1.7645669 3.0101517
1.1587281 1.7645632 3.0101513
1.1587303 1.7645604 3.0101511
1.1587317 1.7645585 3.0101509
1.3452573 2.0163477 6.0855948
1.3452577 2.0163476 6.0855959
1.345258 2.0163476 6.0855972
1.3452582 2.0163477 6.0855985
1.3452582 2.0163479 6.0855997
1.3452582 2.0163481 6.0856009
1.3452583 2.0163483 6.085602
1.3452582 2.0163485 6.0856029
1.3452581 2.0163488 6.0856037
1.345258 2.0163489 6.0856041
0 0 0
3.6461579 1.7153007 3.1372992
3.6461579 1.7153008 3.1372985
3.6461579 1.7153009 3.1372976
3.646158 1.715301 3.1372963
3.6461583 1.7153013 3.1372949
3.6461587 1.7153015 3.1372932
3.6461592 1.7153019 3.1372914
3.6461599 1.7153024 3.1372895
3.6461607 1.715303 3.1372876
3.6461616 1.7153036 3.1372857
3.6461625 1.7153045 3.137284
3.6461633 1.7153057 3.1372825
3.646164 1.715307 3.1372813
3.6461646 1.7153083 3.1372804
3.6461651 1.7153095 3.1372797
3.6461656 1.7153106 3.1372792
3.6461659 1.7153114 3.1372789
3.6461661 1.7153119 3.1372788
4.4668197 2.4446951 5.2615784
4.466819 2.4446948 5.2615776
4.4668178 2.4446943 5.2615761
4.4668161 2.4446935 5.261574
4.466814 2.4446924 5.2615715
4.4668116 2.4446909 5.2615687
4.4668091 2.4446893 5.2615656
4.4668066 2.4446875 5.2615624
4.4668041 2.4446857 5.2615591
4.4668017 2.4446839 5.2615559
4.4667996 2.4446822 5.261553
0.41266694 2.0373058 0.9614983
0.41266206 2.0373052 0.96149181
0.41265731 2.0373047 0.96148495
0.41265269 2.0373043 0.96147774
0.4126482 2.0373037 0.96147027
0.41264379 2.0373032 0.96146257
0.41263948 2.0373024 0.96145475
0.41263524 2.0373015 0.96144689
0.41263102 2.0373003 0.96143902
0.41262682 2.0372991 0.96143126
0.41262261 2.0372978 0.96142361
0.41261842 2.0372965 0.96141608
0.41261434 2.0372951 0.96140876
0.41261043 2.0372938 0.96140188
0.41260673 2.0372925 0.96139554
0.41260329 2.0372912 0.96138979
0.41260008 2.0372901 0.96138465
0.41259707 2.037289 0.96138019
0.41259434 2.037288 0.96137642
0.41259196 2.0372871 0.96137327
0.41259004 2.0372864 0.96137074
0.41258861 2.0372858 0.96136885
0.41258768 2.0372854 0.96136759
0.41258722 2.0372852 0.96136697
4.9630078 1.6248684 1.6524494
4.9630082 1.6248689 1.6524498
4.9630088 1.6248696 1.6524502
4.9630095 1.6248703 1.6524509
4.9630102 1.6248712 1.6524516
4.9630111 1.624872 1.6524523
4.9630121 1.6248729 1.652453
4.9630131 1.6248739 1.6524537
4.9630143 1.624875 1.6524543
4.9630156 1.6248761 1.6524549
0 0 0
2.1799511 1.6534901 6.0931294
2.1799514 1.6534885 6.0931295
2.1799515 1.6534868 6.0931297
2.1799517 1.653485 6.0931301
2.1799519 1.653483 6.0931307
2.1799522 1.653481 6.0931313
2.1799525 1.6534791 6.0931318
2.1799529 1.6534772 6.0931324
2.1799535 1.6534753 6.0931328
2.1799541 1.6534733 6.0931333
2.1799545 1.6534713 6.0931336
2.1799548 1.6534695 6.0931338
2.179955 1.6534679 6.0931338
2.1799552 1.6534664 6.0931338
0 0 0
4.4300105 1.5666355 2.3505897
4.4300178 1.5666242 2.3505839
4.4300255 1.5666123 2.3505776
4.4300334 1.5665998 2.350571
4.4300416 1.5665869 2.3505642
4.4300497 1.5665736 2.3505571
4.430058 1.5665601 2.3505498
4.4300662 1.5665466 2.3505423
4.4300747 1.5665331 2.3505346
4.4300833 1.56652 2.3505268
4.4300921 1.5665071 2.3505189
4.4301009 1.5664947 2.3505111
4.4301099 1.5664828 2.3505034
4.4301191 1.5664714 2.3504958
4.4301285 1.5664603 2.3504885
4.4301379 1.5664495 2.3504813
4.4301474 1.5664391 2.3504743
4.4301569 1.5664291 2.3504675
4.4301662 1.5664194 2.3504609
1.1586636 1.7646562 3.0101626
1.1586652 1.7646537 3.0101626
1.1586675 1.7646501 3.0101624
1.1586706 1.7646455 3.0101621
1.1586743 1.7646399 3.0101616
1.1586786 1.7646336 3.0101609
1.1586834 1.7646267 3.0101601
1.1586885 1.7646194 3.0101592
1.1586938 1.7646118 3.0101582
1.1586991 1.7646041 3.0101571
1.1587042 1.7645965 3.010156
1.1587092 1.7645893 3.010155
1.1587138 1.7645825 3.010154
1.1587181 1.7645765 3.0101531
1.1587219 1.7645712 3.0101523
1.1587253 1.7645667 3.0101517
1.1587282 1.764563 3.0101513
1.1587303 1.7645602 3.0101511
1.1587317 1.7645583 3.0101509
1.1587324 1.7645573 3.0101507
1.3452624 2.0163465 6.0855988
1.3452628 2.0163465 6.0856001
1.345263 2.0163467 6.0856013
1.3452631 2.0163469 6.0856025
1.3452632 2.0163471 6.0856037
1.3452633 2.0163473 6.0856047
1.3452633 2.0163475 6.0856056
1.3452632 2.0163476 6.0856063
4.5777845 1.5272494 5.7225275
4.5777852 1.5272491 5.72253
4.5777857 1.5272487 5.7225327
4.5777859 1.5272483 5.7225352
4.577786 1.5272481 5.7225376
4.5777859 1.5272482 5.72254
4.5777854 1.5272485 5.7225423
4.5777845 1.5272491 5.7225444
4.5777834 1.52725 5.7225466
4.5777821 1.5272509 5.7225488
4.5777809 1.527252 5.7225512
4.5777797 1.5272531 5.7225536
3.6461623 1.7153045 3.1372835
3.6461631 1.7153056 3.1372819
3.6461637 1.7153068 3.1372807
3.6461643 1.7153081 3.1372798
3.6461648 1.7153093 3.1372791
3.6461653 1.7153104 3.1372786
3.6461656 1.7153113 3.1372783
3.6461658 1.7153117 3.1372782
4.4668194 2.4446938 5.2615791
4.4668188 2.4446936 5.2615783
4.4668176 2.4446931 5.2615767
4.4668159 2.4446924 5.2615746
4.4668139 2.4446912 5.2615721
4.4668117 2.4446898 5.2615692
4.4668092 2.4446882 5.261566
4.4668067 2.4446864 5.2615626
4.4668043 2.4446847 5.2615593
4.4668019 2.444683 5.2615561
0.41267311 2.0373067 0.96150513
0.41266817 2.0373061 0.96149909
0.41266332 2.0373055 0.96149272
0.41265862 2.037305 0.96148596
0.41265407 2.0373046 0.96147889
0.41264963 2.037304 0.96147156
0.41264527 2.0373034 0.96146402
0.41264102 2.0373026 0.96145636
0.41263676 2.0373016 0.96144866
0.41263249 2.0373004 0.96144092
0.41262819 2.0372992 0.96143326
0.41262388 2.0372978 0.96142567
0.4126196 2.0372965 0.96141821
0.41261546 2.0372952 0.96141096
0.41261152 2.0372939 0.9614041
0.41260779 2.0372926 0.96139779
0.41260427 2.0372914 0.96139204
0.41260097 2.0372902 0.96138689
0.41259791 2.037289 0.96138244
0.41259515 2.037288 0.96137868
0.41259279 2.0372871 0.96137553
0.41259086 2.0372863 0.96137298
0.41258944 2.0372857 0.96137108
0.41258851 2.0372853 0.96136982
4.9630094 1.6248719 1.6524511
4.9630096 1.6248722 1.6524513
4.96301 1.6248727 1.6524516
4.9630106 1.6248733 1.6524521
4.9630113 1.624874 1.6524527
4.963012 1.6248746 1.6524533
4.9630128 1.6248754 1.652454
4.9630138 1.6248761 1.6524546
4.9630148 1.6248769 1.6524551
4.9630161 1.6248779 1.6524556
4.9630173 1.6248789 1.6524562
4.9630185 1.6248798 1.6524568
2.1799517 1.6534902 6.093127
2.1799517 1.6534887 6.0931271
2.1799518 1.653487 6.0931273
2.1799518 1.6534851 6.0931277
2.1799519 1.6534832 6.0931282
2.179952 1.6534812 6.0931288
2.1799521 1.6534792 6.0931295
2.1799524 1.6534773 6.0931301
2.1799528 1.6534754 6.0931307
2.1799533 1.6534734 6.0931312
2.1799536 1.6534715 6.0931317
0 0 0
4.4299923 1.5666662 2.3506037
4.4299978 1.5666579 2.3505993
4.4300041 1.5666485 2.3505944
4.430011 1.5666382 2.3505891
4.4300185 1.566627 2.3505833
4.4300264 1.566615 2.350577
4.4300346 1.5666025 2.3505704
4.430043 1.5665896 2.3505636
4.4300514 1.5665763 2.3505565
4.4300598 1.5665629 2.3505493
4.4300683 1.5665493 2.3505418
4.4300769 1.5665358 2.3505341
4.4300856 1.5665226 2.3505263
4.4300944 1.5665097 2.3505184
4.4301033 1.5664972 2.3505106
4.4301124 1.5664852 2.3505029
4.4301216 1.5664737 2.3504953
4.4301309 1.5664625 2.3504879
4.4301403 1.5664517 2.3504807
4.4301498 1.5664411 2.3504737
4.4301592 1.5664309 2.3504669
4.4301684 1.5664211 2.3504604
0 0 0
1.1586654 1.7646532 3.0101628
1.1586677 1.7646497 3.0101626
1.1586708 1.7646451 3.0101623
1.1586746 1.7646395 3.0101617
1.1586789 1.7646332 3.010161
1.1586836 1.7646264 3.0101602
1.1586888 1.764619 3.0101593
1.1586941 1.7646114 3.0101582
1.1586993 1.7646037 3.0101571
1.1587045 1.7645961 3.010156
1.1587094 1.7645889 3.0101549
1.158714 1.7645821 3.0101539
1.1587182 1.7645761 3.010153
1.158722 1.7645708 3.0101522
1.1587254 1.7645663 3.0101517
1.1587282 1.7645627 3.0101513
1.1587303 1.7645599 3.010151
1.1587317 1.764558 3.0101508
1.1587324 1.7645571 3.0101507
1.3452664 2.0163456 6.0856013
1.3452668 2.0163457 6.0856026
1.3452671 2.0163459 6.0856038
1.3452673 2.0163461 6.085605
1.3452675 2.0163463 6.0856061
1.3452676 2.0163465 6.0856071
1.3452676 2.0163466 6.0856079
4.5777839 1.5272506 5.7225247
4.5777846 1.5272502 5.7225271
4.5777852 1.5272499 5.7225296
4.5777856 1.5272495 5.7225322
4.5777859 1.5272492 5.7225347
4.5777859 1.527249 5.7225371
4.5777858 1.5272491 5.7225395
4.5777853 1.5272494 5.7225418
4.5777845 1.52725 5.7225439
4.5777834 1.5272509 5.7225461
4.5777822 1.5272519 5.7225484
4.5777809 1.5272529 5.7225507
4.5777798 1.527254 5.7225532
4.5777787 1.5272549 5.7225556
4.5777777 1.5272558 5.7225581
4.5777768 1.5272565 5.7225605
4.5777759 1.5272572 5.7225628
4.5777752 1.5272576 5.7225648
4.5777746 1.527258 5.7225664
4.5777743 1.5272582 5.7225675
4.5777741 1.5272583 5.722568
4.4668194 2.4446929 5.2615797
4.4668188 2.4446927 5.2615789
4.4668175 2.4446923 5.2615773
4.4668159 2.4446915 5.2615751
4.4668139 2.4446904 5.2615725
4.4668117 2.444689 5.2615695
4.4668093 2.4446874 5.2615662
4.4668068 2.4446857 5.2615628
4.4668044 2.444684 5.2615594
0.41267957 2.0373079 0.9615115
0.41267459 2.0373072 0.96150587
0.41266965 2.0373065 0.96149991
0.41266481 2.0373059 0.96149363
0.41266016 2.0373054 0.96148701
0.41265565 2.037305 0.9614801
0.41265124 2.0373044 0.96147293
0.41264695 2.0373038 0.96146557
0.41264272 2.0373029 0.96145809
0.41263846 2.0373019 0.96145053
0.41263412 2.0373007 0.96144294
0.41262975 2.0372994 0.96143539
0.41262537 2.037298 0.96142792
0.41262104 2.0372966 0.96142058
0.41261688 2.0372953 0.96141347
0.4126129 2.037294 0.96140669
0.41260914 2.0372928 0.96140043
0.41260558 2.0372915 0.96139469
0.41260223 2.0372903 0.96138954
0.41259912 2.0372892 0.96138506
0.41259633 2.0372881 0.96138127
0.41259397 2.0372872 0.96137811
0.41259206 2.0372864 0.96137556
0.41259063 2.0372857 0.96137365
0.41258971 2.0372853 0.96137237
4.9630113 1.624876 1.6524532
4.9630116 1.6248764 1.6524534
4.963012 1.6248768 1.6524537
4.9630126 1.6248774 1.6524542
4.9630133 1.624878 1.6524547
4.963014 1.6248785 1.6524553
4.9630148 1.6248791 1.6524558
4.9630157 1.6248797 1.6524563
4.9630167 1.6248804 1.6524568
4.9630179 1.6248811 1.6524572
4.9630192 1.624882 1.6524577
4.9630205 1.6248828 1.6524583
0 0 0
2.179952 1.6534888 6.0931251
2.1799519 1.6534871 6.0931254
2.1799518 1.6534852 6.0931257
2.1799518 1.6534833 6.0931262
2.1799517 1.6534813 6.0931268
2.1799518 1.6534793 6.0931275
2.179952 1.6534774 6.0931282
2.1799523 1.6534755 6.0931289
2.1799526 1.6534736 6.0931296
0 0 0
4.4299873 1.5666762 2.3506071
4.4299924 1.5666691 2.3506031
4.4299981 1.5666609 2.3505987
4.4300045 1.5666515 2.3505937
4.4300116 1.5666411 2.3505884
4.4300193 1.5666299 2.3505826
4.4300274 1.5666179 2.3505763
4.4300359 1.5666054 2.3505698
4.4300445 1.5665925 2.3505629
4.4300532 1.5665792 2.3505559
4.4300619 1.5665658 2.3505487
4.4300706 1.5665522 2.3505412
4.4300794 1.5665387 2.3505335
4.4300881 1.5665255 2.3505258
4.430097 1.5665125 2.3505179
4.430106 1.5665 2.3505101
4.4301151 1.5664879 2.3505024
4.4301243 1.5664763 2.3504948
4.4301336 1.566465 2.3504874
4.4301429 1.566454 2.3504802
4.4301524 1.5664433 2.3504732
4.4301617 1.566433 2.3504664
4.4301709 1.5664229 2.3504599
4.4301797 1.5664133 2.3504537
1.1586657 1.7646526 3.010163
1.1586681 1.7646491 3.0101628
1.1586712 1.7646446 3.0101624
1.158675 1.7646391 3.0101619
1.1586793 1.7646328 3.0101612
1.1586841 1.764626 3.0101604
1.1586892 1.7646187 3.0101594
1.1586944 1.764611 3.0101583
1.1586997 1.7646033 3.0101572
1.1587048 1.7645957 3.0101561
1.1587097 1.7645885 3.010155
1.1587143 1.7645817 3.0101539
1.1587184 1.7645757 3.0101529
1.1587222 1.7645704 3.0101522
1.1587255 1.7645659 3.0101516
1.1587282 1.7645623 3.0101512
1.1587303 1.7645595 3.0101509
1.1587316 1.7645577 3.0101507
1.1587324 1.7645567 3.0101506
1.3452698 2.016345 6.0856035
1.3452701 2.0163451 6.0856047
1.3452704 2.0163452 6.0856059
1.3452707 2.0163454 6.085607
1.3452709 2.0163456 6.0856081
1.3452711 2.0163458 6.085609
4.5777832 1.5272527 5.7225217
4.5777839 1.5272523 5.7225239
4.5777846 1.527252 5.7225262
4.5777851 1.5272516 5.7225287
4.5777856 1.5272512 5.7225313
4.5777858 1.5272509 5.7225338
4.5777858 1.5272508 5.7225362
4.5777856 1.5272508 5.7225385
4.5777852 1.5272512 5.7225408
4.5777844 1.5272518 5.722543
4.5777834 1.5272527 5.7225451
4.5777823 1.5272537 5.7225474
4.5777811 1.5272547 5.7225498
4.5777799 1.5272557 5.7225522
4.5777789 1.5272566 5.7225546
4.5777779 1.5272574 5.722557
4.5777769 1.5272582 5.7225594
4.5777761 1.5272588 5.7225616
4.5777753 1.5272592 5.7225637
4.5777748 1.5272596 5.7225653
4.5777745 1.5272598 5.7225664
4.5777743 1.52726 5.7225669
4.4668194 2.4446925 5.2615801
4.4668188 2.4446923 5.2615792
4.4668176 2.4446918 5.2615776
4.4668159 2.4446911 5.2615754
4.466814 2.44469 5.2615728
4.4668118 2.4446886 5.2615697
4.4668094 2.4446869 5.2615664
4.4668069 2.4446853 5.2615629
0.41268612 2.0373095 0.9615175
0.41268126 2.0373087 0.96151222
0.41267631 2.0373079 0.96150666
0.41267137 2.0373072 0.96150078
0.41266655 2.0373065 0.96149458
0.41266194 2.037306 0.96148813
0.41265746 2.0373056 0.96148141
0.41265308 2.037305 0.96147442
0.41264881 2.0373042 0.96146724
0.41264459 2.0373033 0.96145993
0.41264031 2.0373022 0.96145252
0.41263592 2.0373009 0.96144509
0.41263149 2.0372996 0.96143769
0.41262704 2.0372983 0.96143035
0.41262267 2.0372968 0.96142317
0.4126185 2.0372955 0.96141622
0.4126145 2.0372942 0.96140954
0.41261071 2.0372929 0.96140333
0.41260715 2.0372917 0.96139762
0.41260377 2.0372904 0.96139246
0.41260064 2.0372893 0.96138793
0.41259783 2.0372882 0.96138407
0.41259546 2.0372873 0.9613809
0.41259356 2.0372865 0.96137837
0.4125921 2.0372859 0.96137643
0.41259114 2.0372854 0.96137513
4.9630135 1.6248804 1.6524555
4.9630137 1.6248808 1.6524557
4.9630142 1.6248812 1.652456
4.9630148 1.6248817 1.6524564
4.9630155 1.6248822 1.6524569
4.9630162 1.6248826 1.6524574
4.963017 1.6248831 1.6524579
4.9630179 1.6248836 1.6524583
4.9630189 1.6248841 1.6524587
4.96302 1.6248847 1.652459
4.9630213 1.6248853 1.6524594
4.9630226 1.624886 1.6524599
4.9630238 1.6248866 1.6524604
4.963025 1.6248872 1.652461
2.179952 1.6534871 6.0931239
2.1799518 1.6534852 6.0931243
2.1799517 1.6534833 6.0931247
2.1799515 1.6534813 6.0931253
2.1799515 1.6534794 6.093126
2.1799516 1.6534774 6.0931268
2.1799518 1.6534755 6.0931275
4.4299794 1.5666899 2.3506126
4.429983 1.5666852 2.3506099
4.4299874 1.5666793 2.3506065
4.4299925 1.5666722 2.3506025
4.4299983 1.566664 2.3505979
4.4300049 1.5666546 2.350593
4.4300122 1.5666442 2.3505876
4.4300202 1.566633 2.3505818
4.4300285 1.566621 2.3505756
4.4300373 1.5666085 2.3505691
4.4300462 1.5665956 2.3505623
4.4300552 1.5665823 2.3505553
4.4300641 1.5665688 2.350548
4.4300731 1.5665553 2.3505406
4.4300819 1.5665418 2.350533
4.4300908 1.5665285 2.3505253
4.4300998 1.5665155 2.3505175
4.4301088 1.5665029 2.3505097
4.430118 1.5664908 2.350502
4.4301271 1.5664791 2.3504944
4.4301364 1.5664677 2.350487
4.4301457 1.5664565 2.3504798
4.430155 1.5664457 2.3504728
4.4301643 1.5664351 2.350466
4.4301734 1.5664249 2.3504595
4.4301821 1.5664151 2.3504532
4.4301903 1.5664057 2.3504472
1.1586685 1.7646485 3.0101629
1.1586716 1.764644 3.0101626
1.1586754 1.7646386 3.0101621
1.1586798 1.7646324 3.0101614
1.1586846 1.7646256 3.0101605
1.1586896 1.7646183 3.0101595
1.1586948 1.7646107 3.0101584
1.1587 1.764603 3.0101573
1.1587051 1.7645954 3.0101561
1.1587099 1.7645882 3.010155
1.1587145 1.7645815 3.0101539
1.1587186 1.7645754 3.0101529
1.1587224 1.7645701 3.0101522
1.1587256 1.7645656 3.0101516
1.1587282 1.7645619 3.0101512
1.1587302 1.7645592 3.0101509
1.1587316 1.7645573 3.0101507
1.1587323 1.7645563 3.0101506
1.3452724 2.0163444 6.0856052
1.3452728 2.0163446 6.0856064
1.3452731 2.0163447 6.0856075
1.3452734 2.0163449 6.0856086
0 0 0
4.5777828 1.5272561 5.7225185
4.5777834 1.5272555 5.7225204
4.5777841 1.5272551 5.7225225
4.5777847 1.5272546 5.7225249
4.5777852 1.5272542 5.7225274
4.5777856 1.5272538 5.7225299
4.5777858 1.5272536 5.7225323
4.5777858 1.5272534 5.7225347
4.5777855 1.5272535 5.722537
4.5777851 1.5272539 5.7225393
4.5777844 1.5272545 5.7225415
4.5777834 1.5272554 5.7225437
4.5777824 1.5272564 5.722546
4.5777812 1.5272574 5.7225483
4.5777801 1.5272583 5.7225507
4.577779 1.5272591 5.7225531
4.577778 1.5272599 5.7225555
4.5777771 1.5272606 5.7225577
4.5777762 1.5272612 5.72256
4.5777755 1.5272616 5.7225619
4.577775 1.527262 5.7225635
4.5777746 1.5272623 5.7225646
4.5777744 1.5272625 5.7225652
0.41271099 2.0373142 0.96154122
0.41271021 2.0373142 0.96154055
0.4127087 2.0373141 0.96153922
0.41270658 2.0373137 0.96153727
0.41270385 2.0373133 0.96153471
0.41270051 2.0373127 0.96153145
0.41269665 2.037312 0.96152757
0.4126924 2.0373112 0.96152313
0.41268785 2.0373104 0.96151824
0.41268308 2.0373095 0.96151299
0.41267817 2.0373087 0.96150749
0.41267326 2.037308 0.96150168
0.41266846 2.0373073 0.96149561
0.41266387 2.0373068 0.96148933
0.41265943 2.0373062 0.96148281
0.41265507 2.0373056 0.96147601
0.41265079 2.0373048 0.96146899
0.41264656 2.0373038 0.96146185
0.41264225 2.0373026 0.96145461
0.41263781 2.0373013 0.96144735
0.41263335 2.0373 0.96144011
0.41262887 2.0372986 0.96143293
0.41262447 2.0372971 0.96142591
0.41262024 2.0372957 0.96141908
0.41261621 2.0372944 0.96141253
0.4126124 2.037293 0.96140637
0.41260884 2.0372918 0.96140067
0.41260547 2.0372905 0.9613955
0.41260234 2.0372894 0.96139093
0.41259955 2.0372883 0.96138704
0.41259715 2.0372874 0.96138382
0.41259521 2.0372867 0.96138125
0 0 0
4.9630157 1.6248848 1.6524578
4.9630158 1.624885 1.6524579
4.9630161 1.6248854 1.6524581
4.9630165 1.6248858 1.6524584
4.9630171 1.6248862 1.6524588
4.9630179 1.6248866 1.6524593
4.9630187 1.624887 1.6524597
4.9630195 1.6248873 1.6524601
4.9630203 1.6248876 1.6524605
4.9630213 1.624888 1.6524607
4.9630224 1.6248884 1.652461
4.9630236 1.6248889 1.6524612
4.9630249 1.6248894 1.6524616
4.9630261 1.6248899 1.652462
4.9630273 1.6248904 1.6524625
4.9630283 1.624891 1.652463
2.1799519 1.6534853 6.0931234
2.1799516 1.6534834 6.0931238
2.1799514 1.6534814 6.0931243
2.1799513 1.6534794 6.093125
2.1799513 1.6534774 6.0931258
4.4299765 1.5666966 2.3506141
4.4299793 1.5666931 2.350612
4.429983 1.5666884 2.3506092
4.4299875 1.5666825 2.3506057
4.4299927 1.5666754 2.3506017
4.4299987 1.5666671 2.3505971
4.4300055 1.5666578 2.3505921
4.430013 1.5666474 2.3505867
4.4300211 1.5666362 2.3505809
4.4300297 1.5666242 2.3505748
4.4300386 1.5666117 2.3505683
4.4300478 1.5665987 2.3505615
4.430057 1.5665854 2.3505546
4.4300663 1.566572 2.3505474
4.4300754 1.5665585 2.35054
4.4300845 1.566545 2.3505325
4.4300935 1.5665317 2.3505248
4.4301026 1.5665187 2.3505171
4.4301117 1.566506 2.3505093
4.4301209 1.5664938 2.3505017
4.43013 1.566482 2.3504941
4.4301392 1.5664705 2.3504867
4.4301485 1.5664592 2.3504795
4.4301577 1.5664481 2.3504724
4.4301669 1.5664374 2.3504656
4.4301759 1.566427 2.3504591
4.4301845 1.566417 2.3504529
4.4301927 1.5664074 2.3504469
4.4302004 1.5663983 2.3504412
0 0 0
1.1586759 1.7646382 3.0101621
1.1586803 1.764632 3.0101615
1.158685 1.7646252 3.0101606
1.15869 1.7646179 3.0101596
1.1586952 1.7646104 3.0101585
1.1587003 1.7646028 3.0101574
1.1587053 1.7645952 3.0101562
1.1587101 1.764588 3.0101551
1.1587146 1.7645813 3.010154
1.1587188 1.7645753 3.010153
1.1587225 1.7645699 3.0101522
1.1587257 1.7645654 3.0101516
1.1587283 1.7645617 3.0101512
1.1587302 1.7645589 3.0101509
1.1587315 1.764557 3.0101507
1.1587322 1.764556 3.0101506
1.3452745 2.016344 6.0856065
1.3452748 2.0163442 6.0856076
1.3452751 2.0163444 6.0856088
1.3452754 2.0163445 6.0856098
4.5777828 1.5272606 5.722515
4.5777833 1.52726 5.7225166
4.5777838 1.5272593 5.7225186
4.5777844 1.5272588 5.7225207
4.577785 1.5272583 5.7225231
4.5777855 1.5272578 5.7225255
4.5777858 1.5272574 5.7225279
4.5777859 1.5272572 5.7225303
4.5777858 1.5272571 5.7225327
4.5777856 1.5272572 5.722535
4.5777851 1.5272576 5.7225373
4.5777844 1.5272582 5.7225395
4.5777835 1.527259 5.7225417
4.5777825 1.5272599 5.722544
4.5777814 1.5272609 5.7225463
4.5777802 1.5272617 5.7225487
4.5777791 1.5272625 5.722551
4.5777781 1.5272632 5.7225533
4.5777772 1.5272638 5.7225555
4.5777763 1.5272644 5.7225577
4.5777756 1.5272649 5.7225596
4.5777751 1.5272653 5.7225612
4.5777748 1.5272656 5.7225622
4.5777746 1.5272658 5.7225628
0.41271255 2.0373151 0.96154174
0.41271174 2.0373151 0.96154103
0.41271023 2.0373149 0.96153968
0.4127081 2.0373146 0.96153774
0.41270536 2.0373141 0.96153521
0.41270202 2.0373135 0.96153195
0.41269822 2.0373129 0.96152809
0.41269403 2.0373121 0.96152372
0.41268957 2.0373112 0.96151892
0.41268488 2.0373104 0.96151379
0.41268004 2.0373096 0.96150835
0.41267518 2.0373089 0.96150263
0.4126704 2.0373082 0.96149668
0.41266584 2.0373076 0.96149057
0.41266142 2.037307 0.96148423
0.4126571 2.0373063 0.96147764
0.41265283 2.0373054 0.96147081
0.41264858 2.0373043 0.96146386
0.41264425 2.037303 0.96145679
0.41263983 2.0373017 0.96144969
0.41263534 2.0373003 0.96144261
0.41263083 2.0372988 0.96143558
0.41262638 2.0372973 0.96142868
0.41262208 2.0372959 0.96142196
0.412618 2.0372945 0.96141549
0.41261417 2.0372931 0.96140939
0.41261058 2.0372919 0.96140372
0.41260721 2.0372906 0.96139855
0.4126041 2.0372895 0.96139397
0.94438885 2.1343937 3.5526217
0.94438598 2.1343949 3.5526189
0.94438368 2.1343959 3.5526165
0.94438205 2.1343967 3.5526148
4.9630181 1.6248896 1.6524604
4.9630183 1.6248898 1.6524605
4.9630185 1.6248901 1.6524606
4.963019 1.6248905 1.6524609
4.9630196 1.6248909 1.6524613
4.9630204 1.6248912 1.6524617
4.9630213 1.6248914 1.6524621
4.9630221 1.6248916 1.6524624
4.963023 1.6248918 1.6524627
4.9630239 1.624892 1.6524629
4.963025 1.6248923 1.652463
4.9630262 1.6248927 1.6524631
4.9630275 1.624893 1.6524633
4.9630287 1.6248934 1.6524636
4.9630298 1.6248938 1.652464
4.9630309 1.6248943 1.6524645
4.963032 1.6248947 1.652465
0 0 0
2.1799514 1.6534814 6.0931238
0 0 0
4.4299748 1.5667024 2.3506147
4.4299766 1.5667 2.3506133
4.4299795 1.5666964 2.3506112
4.4299832 1.5666917 2.3506083
4.4299877 1.5666857 2.3506048
4.429993 1.5666786 2.3506008
4.4299991 1.5666703 2.3505962
4.4300061 1.566661 2.3505912
4.4300138 1.5666507 2.3505858
4.430022 1.5666395 2.35058
4.4300308 1.5666275 2.3505739
4.4300399 1.566615 2.3505675
4.4300493 1.566602 2.3505608
4.4300588 1.5665887 2.3505539
4.4300683 1.5665753 2.3505467
4.4300777 1.5665618 2.3505394
4.4300869 1.5665484 2.350532
4.4300961 1.5665351 2.3505244
4.4301053 1.566522 2.3505168
4.4301145 1.5665093 2.3505091
4.4301237 1.5664969 2.3505015
4.4301329 1.566485 2.350494
4.430142 1.5664733 2.3504866
4.4301512 1.5664618 2.3504793
4.4301604 1.5664506 2.3504722
4.4301694 1.5664397 2.3504654
4.4301783 1.5664291 2.3504588
4.4301869 1.5664189 2.3504526
4.430195 1.5664092 2.3504466
4.4302026 1.5664 2.3504409
4.4302097 1.5663912 2.3504354
1.1586763 1.7646378 3.0101621
1.1586806 1.7646317 3.0101615
1.1586853 1.7646249 3.0101607
1.1586903 1.7646177 3.0101597
1.1586954 1.7646102 3.0101586
1.1587005 1.7646026 3.0101575
1.1587054 1.7645951 3.0101563
1.1587102 1.7645879 3.0101552
1.1587148 1.7645812 3.010154
1.1587189 1.7645752 3.010153
1.1587226 1.7645698 3.0101522
1.1587258 1.7645652 3.0101516
1.1587283 1.7645615 3.0101512
1.1587303 1.7645586 3.0101509
1.1587315 1.7645567 3.0101507
1.1587322 1.7645557 3.0101506
1.3452759 2.0163438 6.0856074
1.3452762 2.0163439 6.0856085
1.3452765 2.0163441 6.0856096
4.5777833 1.5272664 5.7225114
4.5777836 1.5272656 5.7225127
4.577784 1.5272649 5.7225143
4.5777845 1.5272642 5.7225162
4.577785 1.5272635 5.7225183
4.5777855 1.5272629 5.7225206
4.5777859 1.5272624 5.722523
4.5777862 1.527262 5.7225254
4.5777863 1.5272617 5.7225278
4.5777861 1.5272617 5.7225302
4.5777858 1.5272618 5.7225325
4.5777853 1.5272622 5.7225347
4.5777845 1.5272627 5.722537
4.5777837 1.5272634 5.7225392
4.5777826 1.5272643 5.7225414
4.5777815 1.5272652 5.7225437
4.5777803 1.527266 5.7225461
4.5777792 1.5272666 5.7225484
4.5777782 1.5272673 5.7225506
4.5777773 1.5272679 5.7225528
4.5777764 1.5272684 5.7225548
4.5777758 1.5272689 5.7225566
4.5777753 1.5272693 5.7225581
4.577775 1.5272696 5.7225592
4.5777748 1.5272698 5.7225597
0.41271386 2.0373159 0.96154213
0.41271306 2.0373159 0.9615414
0.41271156 2.0373158 0.96154004
0.41270943 2.0373154 0.96153809
0.4127067 2.0373149 0.96153555
0.41270341 2.0373144 0.96153232
0.41269966 2.0373137 0.96152851
0.41269554 2.0373129 0.96152423
0.41269116 2.0373121 0.96151956
0.41268659 2.0373113 0.96151455
0.41268186 2.0373106 0.96150921
0.41267708 2.0373098 0.9615036
0.41267235 2.0373092 0.96149779
0.41266781 2.0373085 0.96149183
0.41266342 2.0373079 0.96148567
0.41265914 2.0373071 0.96147928
0.41265487 2.0373061 0.96147264
0.4126506 2.0373049 0.96146586
0.41264625 2.0373035 0.96145894
0.41264182 2.037302 0.961452
0.41263733 2.0373005 0.96144506
0.4126328 2.037299 0.96143816
0.41262832 2.0372974 0.96143138
0.41262398 2.0372959 0.96142476
0.41261984 2.0372945 0.96141837
0.41261595 2.0372932 0.96141231
0.41261231 2.0372919 0.96140666
0.41260892 2.0372907 0.96140152
0.94439269 2.1343927 3.5526248
0.94438929 2.134394 3.5526216
0.94438641 2.1343952 3.5526188
0.94438409 2.1343962 3.5526164
0.94438242 2.1343971 3.5526146
4.9630206 1.6248946 1.6524628
4.9630207 1.6248947 1.6524629
4.963021 1.624895 1.6524631
4.9630215 1.6248953 1.6524633
4.9630222 1.6248956 1.6524637
4.9630231 1.6248958 1.652464
4.963024 1.6248959 1.6524644
4.9630249 1.624896 1.6524646
4.9630258 1.6248961 1.6524648
4.9630268 1.6248962 1.6524649
4.9630279 1.6248963 1.6524649
4.963029 1.6248965 1.6524649
4.9630302 1.6248968 1.652465
4.9630314 1.6248971 1.6524652
4.9630326 1.6248974 1.6524655
4.9630337 1.6248977 1.6524659
4.9630348 1.624898 1.6524663
4.9630358 1.6248983 1.6524667
0 0 0
4.4299741 1.5667071 2.3506144
4.4299751 1.5667059 2.3506137
4.429977 1.5667034 2.3506123
4.4299798 1.5666998 2.3506102
4.4299835 1.5666949 2.3506073
4.4299881 1.5666889 2.3506038
4.4299935 1.5666817 2.3505997
4.4299998 1.5666734 2.3505952
4.4300068 1.5666641 2.3505902
4.4300146 1.5666539 2.3505849
4.4300231 1.5666428 2.3505791
4.430032 1.5666309 2.3505731
4.4300413 1.5666184 2.3505667
4.4300509 1.5666054 2.3505601
4.4300605 1.5665922 2.3505532
4.4300702 1.5665787 2.3505462
4.4300797 1.5665652 2.3505389
4.4300892 1.5665518 2.3505316
4.4300985 1.5665384 2.3505241
4.4301078 1.5665253 2.3505166
4.4301172 1.5665125 2.3505091
4.4301264 1.5665001 2.3505015
4.4301356 1.566488 2.350494
4.4301447 1.5664761 2.3504866
4.4301538 1.5664645 2.3504792
4.4301629 1.5664531 2.3504721
4.4301719 1.566442 2.3504652
4.4301806 1.5664313 2.3504586
4.4301891 1.566421 2.3504523
4.4301971 1.5664112 2.3504463
4.4302046 1.5664018 2.3504406
4.4302117 1.5663929 2.350435
4.4302183 1.5663846 2.3504297
1.1586809 1.7646314 3.0101615
1.1586856 1.7646247 3.0101607
1.1586905 1.7646175 3.0101597
1.1586955 1.76461 3.0101587
1.1587005 1.7646024 3.0101576
1.1587055 1.7645949 3.0101564
1.1587103 1.7645878 3.0101553
1.1587149 1.7645811 3.0101541
1.158719 1.7645751 3.0101531
1.1587227 1.7645697 3.0101522
1.1587259 1.7645651 3.0101515
1.1587284 1.7645613 3.0101511
1.1587303 1.7645585 3.0101508
1.1587316 1.7645565 3.0101507
1.1587322 1.7645555 3.0101505
1.3452765 2.0163437 6.0856078
0 0 0
4.5777842 1.527273 5.7225077
4.5777844 1.5272724 5.7225086
4.5777847 1.5272716 5.7225098
4.577785 1.5272708 5.7225113
4.5777854 1.52727 5.7225132
4.5777859 1.5272692 5.7225153
4.5777864 1.5272685 5.7225175
4.5777867 1.5272679 5.7225199
4.5777868 1.5272675 5.7225223
4.5777868 1.5272673 5.7225247
4.5777866 1.5272672 5.7225271
4.5777862 1.5272674 5.7225294
4.5777856 1.5272677 5.7225317
4.5777848 1.5272681 5.7225339
4.5777839 1.5272688 5.7225361
4.5777828 1.5272695 5.7225383
4.5777816 1.5272703 5.7225406
4.5777805 1.527271 5.7225429
4.5777793 1.5272716 5.7225451
4.5777783 1.5272722 5.7225473
4.5777773 1.5272727 5.7225494
4.5777765 1.5272732 5.7225513
4.5777759 1.5272737 5.722553
4.5777755 1.5272741 5.7225544
4.5777752 1.5272744 5.7225554
4.5777751 1.5272745 5.7225559
0.41271493 2.0373168 0.96154237
0.41271416 2.0373168 0.96154165
0.41271269 2.0373166 0.96154028
0.41271059 2.0373162 0.96153831
0.41270791 2.0373157 0.96153577
0.41270467 2.0373151 0.96153259
0.41270098 2.0373145 0.96152886
0.41269692 2.0373137 0.96152467
0.41269265 2.037313 0.96152013
0.41268819 2.0373123 0.96151525
0.41268359 2.0373115 0.96151006
0.41267891 2.0373108 0.9615046
0.41267425 2.0373101 0.96149895
0.41266973 2.0373094 0.96149313
0.41266535 2.0373087 0.9614871
0.41266106 2.0373078 0.96148084
0.41265678 2.0373067 0.96147438
0.41265248 2.0373054 0.96146773
0.41264813 2.0373039 0.96146098
0.41264373 2.0373023 0.96145419
0.41263925 2.0373007 0.96144738
0.41263471 2.037299 0.96144061
0.41263023 2.0372975 0.96143394
0.41262586 2.037296 0.96142741
0.41262166 2.0372945 0.96142111
0.41261769 2.0372932 0.9614151
0.412614 2.0372919 0.96140947
0.94439721 2.1343917 3.5526282
0.94439352 2.1343932 3.5526247
0.94439013 2.1343946 3.5526214
0.94438723 2.1343958 3.5526186
0.94438487 2.1343969 3.5526161
0.94438315 2.1343978 3.5526143
4.963023 1.6248996 1.652465
4.9630232 1.6248997 1.6524652
4.9630235 1.6248999 1.6524654
4.963024 1.6249001 1.6524657
4.9630248 1.6249002 1.652466
4.9630257 1.6249003 1.6524663
4.9630266 1.6249004 1.6524665
4.9630276 1.6249004 1.6524667
4.9630286 1.6249003 1.6524668
4.9630297 1.6249002 1.6524668
4.9630308 1.6249002 1.6524667
4.963032 1.6249003 1.6524666
4.9630332 1.6249005 1.6524666
4.9630343 1.6249007 1.6524667
4.9630355 1.6249009 1.6524669
4.9630366 1.6249011 1.6524673
4.9630377 1.6249013 1.6524676
4.9630388 1.6249014 1.652468
4.9630397 1.6249015 1.6524682
4.4299746 1.5667106 2.3506132
4.4299756 1.5667094 2.3506125
4.4299775 1.5667069 2.350611
4.4299804 1.5667031 2.3506089
4.4299841 1.5666982 2.350606
4.4299887 1.5666921 2.3506025
4.4299942 1.5666849 2.3505985
4.4300005 1.5666766 2.350594
4.4300077 1.5666673 2.3505891
4.4300156 1.5666571 2.3505839
4.4300242 1.5666461 2.3505782
4.4300332 1.5666343 2.3505722
4.4300426 1.5666219 2.3505659
4.4300524 1.566609 2.3505594
4.4300622 1.5665957 2.3505525
4.4300719 1.5665822 2.3505456
4.4300816 1.5665687 2.3505385
4.4300912 1.5665552 2.3505312
4.4301007 1.5665418 2.3505239
4.4301102 1.5665286 2.3505165
4.4301196 1.5665157 2.350509
4.4301289 1.5665032 2.3505015
4.430138 1.5664909 2.3504941
4.4301472 1.5664789 2.3504866
4.4301563 1.5664671 2.3504792
4.4301653 1.5664556 2.3504721
4.4301742 1.5664444 2.3504651
4.4301828 1.5664336 2.3504584
4.4301912 1.5664232 2.3504521
4.4301991 1.5664132 2.350446
4.4302066 1.5664037 2.3504403
4.4302136 1.5663947 2.3504347
4.4302201 1.5663864 2.3504295
4.4302261 1.5663785 2.3504244
1.1586857 1.7646245 3.0101607
1.1586905 1.7646173 3.0101598
1.1586955 1.7646099 3.0101588
1.1587006 1.7646023 3.0101576
1.1587055 1.7645948 3.0101565
1.1587104 1.7645877 3.0101553
1.1587149 1.7645811 3.0101542
0 0 0
0 0 0
1.1587259 1.764565 3.0101515
1.1587285 1.7645613 3.010151
1.1587304 1.7645584 3.0101508
1.1587317 1.7645564 3.0101506
1.1587323 1.7645554 3.0101505
4.5777855 1.5272808 5.7225035
4.5777856 1.5272805 5.7225038
4.5777857 1.5272801 5.7225044
4.5777859 1.5272794 5.7225053
4.5777861 1.5272785 5.7225064
4.5777864 1.5272776 5.7225079
4.5777868 1.5272767 5.7225096
4.5777872 1.5272759 5.7225116
4.5777876 1.5272751 5.7225138
4.5777878 1.5272744 5.7225162
4.5777878 1.527274 5.7225185
4.5777877 1.5272738 5.722521
4.5777874 1.5272737 5.7225234
4.5777869 1.5272739 5.7225258
4.5777862 1.5272741 5.7225281
4.5777852 1.5272745 5.7225303
4.5777842 1.527275 5.7225325
4.577783 1.5272757 5.7225347
4.5777818 1.5272763 5.7225369
4.5777806 1.5272769 5.7225391
4.5777795 1.5272775 5.7225413
4.5777784 1.527278 5.7225434
4.5777774 1.5272785 5.7225453
4.5777767 1.527279 5.7225472
4.5777761 1.5272793 5.7225488
4.5777757 1.5272796 5.72255
4.5777754 1.5272799 5.722551
4.5777753 1.52728 5.7225514
0.41271579 2.0373177 0.96154258
0.41271506 2.0373176 0.96154186
0.41271363 2.0373174 0.96154049
0.41271158 2.037317 0.9615385
0.41270896 2.0373164 0.96153596
0.41270579 2.0373158 0.96153284
0.41270218 2.0373152 0.96152918
0.41269825 2.0373145 0.96152509
0.41269408 2.0373138 0.96152068
0.41268974 2.0373131 0.96151593
0.41268524 2.0373124 0.96151089
0.41268064 2.0373117 0.96150557
0.41267606 2.037311 0.96150007
0.41267156 2.0373103 0.96149439
0.41266716 2.0373095 0.96148846
0.41266283 2.0373085 0.96148231
0.41265854 2.0373073 0.96147597
0.41265423 2.0373059 0.96146947
0.41264989 2.0373043 0.96146288
0.41264548 2.0373026 0.96145622
0.41264101 2.0373009 0.96144953
0.4126365 2.0372992 0.9614429
0.41263202 2.0372975 0.96143632
0.41262763 2.037296 0.96142987
0.41262338 2.0372945 0.96142362
0.41261934 2.0372932 0.96141765
0.94440221 2.1343906 3.5526318
0.94439841 2.1343923 3.5526281
0.94439474 2.1343939 3.5526245
0.94439135 2.1343954 3.5526211
0.9443884 2.1343967 3.5526182
0.944386 2.1343978 3.5526157
0.94438423 2.1343987 3.5526138
4.9630253 1.6249046 1.6524672
4.9630255 1.6249046 1.6524673
4.9630259 1.6249047 1.6524675
4.9630265 1.6249048 1.6524678
4.9630272 1.6249048 1.6524681
4.9630281 1.6249048 1.6524683
4.9630291 1.6249047 1.6524685
4.9630302 1.6249046 1.6524685
4.9630313 1.6249044 1.6524685
4.9630325 1.6249042 1.6524684
4.9630337 1.6249041 1.6524682
4.963035 1.6249041 1.6524681
4.9630362 1.6249042 1.652468
4.9630374 1.6249042 1.652468
4.9630386 1.6249043 1.6524682
4.9630398 1.6249044 1.6524685
4.963041 1.6249044 1.6524688
4.963042 1.6249044 1.6524691
4.963043 1.6249044 1.6524693
4.4299752 1.5667141 2.3506117
4.4299762 1.5667129 2.350611
4.4299782 1.5667103 2.3506095
4.4299811 1.5667065 2.3506073
4.4299848 1.5667015 2.3506045
4.4299894 1.5666953 2.3506011
4.429995 1.566688 2.3505972
4.4300014 1.5666797 2.3505928
4.4300087 1.5666705 2.350588
4.4300167 1.5666604 2.3505828
4.4300253 1.5666494 2.3505773
4.4300345 1.5666377 2.3505714
4.430044 1.5666254 2.3505652
4.4300538 1.5666125 2.3505587
4.4300637 1.5665992 2.350552
4.4300736 1.5665857 2.3505451
4.4300833 1.5665721 2.3505381
4.430093 1.5665586 2.3505309
4.4301027 1.5665451 2.3505237
4.4301122 1.5665318 2.3505163
4.4301217 1.5665189 2.3505089
4.430131 1.5665062 2.3505015
4.4301402 1.5664939 2.350494
4.4301493 1.5664817 2.3504866
4.4301584 1.5664698 2.3504793
4.4301674 1.5664582 2.3504721
4.4301762 1.5664468 2.3504651
4.4301848 1.5664359 2.3504583
4.4301931 1.5664253 2.3504519
4.430201 1.5664153 2.3504458
4.4302084 1.5664057 2.35044
4.4302153 1.5663967 2.3504345
4.4302217 1.5663882 2.3504292
4.4302277 1.5663802 2.3504242
4.430233 1.5663728 2.3504195
4.4302379 1.566366 2.350415
4.4302424 1.5663597 2.3504108
4.4302464 1.5663539 2.350407
4.43025 1.5663485 2.3504034
4.4302533 1.5663437 2.3504002
4.4302561 1.5663394 2.3503973
4.4302586 1.5663357 2.3503947
4.4302607 1.5663326 2.3503925
4.4302625 1.56633 2.3503907
4.4302639 1.566328 2.3503892
4.4302649 1.5663264 2.3503882
4.4302657 1.5663255 2.3503874
4.4302661 1.566325 2.3503871
4.5777874 1.5272886 5.7224998
4.5777874 1.5272884 5.7225001
4.5777875 1.5272879 5.7225007
4.5777877 1.5272873 5.7225015
4.5777879 1.5272864 5.7225026
4.5777882 1.5272854 5.7225039
4.5777885 1.5272844 5.7225055
4.5777889 1.5272835 5.7225074
4.5777891 1.5272826 5.7225095
4.5777892 1.5272819 5.7225118
4.5777892 1.5272815 5.7225142
4.5777889 1.5272812 5.7225167
4.5777885 1.5272811 5.7225191
4.5777878 1.5272812 5.7225216
4.5777869 1.5272814 5.7225239
4.5777858 1.5272817 5.7225261
4.5777847 1.5272821 5.7225283
4.5777834 1.5272826 5.7225305
4.5777821 1.5272832 5.7225326
4.5777809 1.5272838 5.7225348
4.5777797 1.5272843 5.7225369
4.5777785 1.5272847 5.7225388
4.5777776 1.5272851 5.7225407
4.5777768 1.5272855 5.7225424
4.5777762 1.5272859 5.7225438
4.5777758 1.5272861 5.722545
4.5777755 1.5272862 5.7225459
4.5777753 1.5272863 5.7225463
0.41271646 2.0373184 0.96154272
0.41271577 2.0373183 0.96154203
0.41271442 2.037318 0.96154068
0.41271242 2.0373176 0.9615387
0.41270986 2.0373171 0.96153617
0.4127068 2.0373165 0.96153309
0.41270331 2.0373159 0.96152952
0.41269949 2.0373152 0.96152553
0.41269543 2.0373146 0.96152122
0.41269119 2.0373139 0.9615166
0.41268679 2.0373132 0.96151167
0.41268225 2.0373125 0.96150648
0.41267772 2.0373118 0.96150108
0.41267325 2.037311 0.96149547
0.41266884 2.0373102 0.96148965
0.41266448 2.0373091 0.96148363
0.41266015 2.0373078 0.96147743
0.41265582 2.0373063 0.96147108
0.41265147 2.0373047 0.96146461
0.41264707 2.0373029 0.96145806
0.41264258 2.0373011 0.96145151
0.41263809 2.0372993 0.96144498
0.41263362 2.0372976 0.96143848
0.41262921 2.0372961 0.96143208
0.41262495 2.0372946 0.96142586
0.94440738 2.1343893 3.5526355
0.94440366 2.1343912 3.5526317
0.9443999 2.134393 3.5526279
0.94439624 2.1343947 3.5526242
0.94439283 2.1343963 3.5526207
0.94438983 2.1343978 3.5526176
0.94438739 2.134399 3.5526151
0.94438556 2.1343999 3.5526131
0 0 0
4.9630277 1.6249094 1.6524692
4.9630281 1.6249094 1.6524694
4.9630287 1.6249093 1.6524696
4.9630295 1.6249092 1.6524699
4.9630304 1.624909 1.6524701
4.9630314 1.6249088 1.6524701
4.9630326 1.6249086 1.6524701
4.9630339 1.6249082 1.6524699
4.9630352 1.624908 1.6524697
4.9630366 1.6249078 1.6524695
4.9630379 1.6249077 1.6524693
4.9630393 1.6249076 1.6524692
4.9630406 1.6249076 1.6524692
4.9630419 1.6249076 1.6524693
4.9630431 1.6249075 1.6524695
4.9630443 1.6249074 1.6524697
4.9630454 1.6249073 1.6524699
4.9630464 1.6249071 1.6524701
4.9630473 1.6249069 1.6524702
4.429977 1.5667162 2.3506093
4.429979 1.5667136 2.3506078
4.4299819 1.5667097 2.3506057
4.4299856 1.5667047 2.3506029
4.4299903 1.5666985 2.3505996
4.4299959 1.5666912 2.3505958
4.4300024 1.5666829 2.3505915
4.4300097 1.5666737 2.3505868
4.4300178 1.5666636 2.3505818
4.4300265 1.5666527 2.3505764
4.4300357 1.5666411 2.3505706
4.4300453 1.5666288 2.3505645
4.4300552 1.5666159 2.3505581
4.4300651 1.5666026 2.3505515
4.430075 1.5665892 2.3505447
4.4300849 1.5665755 2.3505377
4.4300947 1.5665619 2.3505306
4.4301044 1.5665484 2.3505234
4.430114 1.566535 2.3505161
4.4301235 1.5665219 2.3505088
4.4301329 1.5665092 2.3505014
4.4301422 1.5664968 2.350494
4.4301513 1.5664845 2.3504866
4.4301603 1.5664725 2.3504792
4.4301693 1.5664608 2.350472
4.430178 1.5664493 2.350465
4.4301866 1.5664382 2.3504582
4.4301948 1.5664275 2.3504517
4.4302026 1.5664174 2.3504455
4.43021 1.5664077 2.3504397
4.4302168 1.5663986 2.3504342
4.4302232 1.56639 2.350429
0.26058393 0.61573397 0.60588737
0.26058305 0.61573185 0.6058897
0.26058231 0.61572943 0.60589198
0.2605818 0.61572671 0.60589414
0.26058151 0.61572373 0.60589617
0.26058156 0.61572056 0.60589797
0.26058187 0.61571733 0.6058996
0.2605825 0.61571416 0.60590106
0.26058352 0.61571122 0.60590223
0.26058463 0.61570861 0.6059034
0.2605858 0.61570629 0.60590449
0.26058702 0.61570428 0.60590545
0.26058813 0.61570258 0.60590639
0.26058892 0.61570114 0.60590749
0.26058947 0.61569999 0.60590865
4.5777896 1.5272973 5.7224956
4.5777897 1.5272971 5.7224959
4.5777898 1.5272967 5.7224964
4.57779 1.527296 5.7224972
4.5777902 1.5272951 5.7224982
4.5777904 1.5272941 5.7224993
4.5777907 1.5272931 5.7225008
4.5777909 1.527292 5.7225026
4.5777911 1.5272911 5.7225047
4.5777911 1.5272903 5.7225069
4.5777909 1.5272898 5.7225093
4.5777905 1.5272894 5.7225118
4.5777899 1.5272893 5.7225143
4.577789 1.5272893 5.7225167
4.577788 1.5272894 5.722519
4.5777867 1.5272897 5.7225213
4.5777853 1.52729 5.7225235
4.577784 1.5272904 5.7225256
4.5777825 1.5272909 5.7225276
4.5777812 1.5272914 5.7225297
4.5777799 1.5272919 5.7225317
4.5777787 1.5272923 5.7225336
4.5777777 1.5272927 5.7225353
4.5777769 1.527293 5.7225369
4.5777762 1.5272933 5.7225383
4.5777757 1.5272934 5.7225394
4.5777754 1.5272935 5.7225402
4.5777753 1.5272936 5.7225405
2.6916578 1.0920492 0.68108921
2.6916581 1.0920498 0.68108933
2.6916587 1.0920508 0.68108957
2.6916595 1.0920523 0.68109002
2.6916606 1.0920541 0.68109057
2.6916619 1.092056 0.68109118
2.6916633 1.0920579 0.6810919
0 0 0
0.41269664 2.0373152 0.96152175
0.41269251 2.0373145 0.96151721
0.41268819 2.0373139 0.96151236
0.41268373 2.0373132 0.96150726
0.41267921 2.0373124 0.96150191
0.41267476 2.0373116 0.96149638
0.41267034 2.0373107 0.96149066
0.41266596 2.0373095 0.96148479
0.4126616 2.0373082 0.96147871
0.41265722 2.0373067 0.96147248
0.41265285 2.037305 0.96146612
0.41264842 2.0373032 0.96145967
0.41264395 2.0373013 0.96145323
0.41263948 2.0372995 0.96144681
0.41263499 2.0372978 0.96144035
0.41263057 2.0372962 0.96143397
0.94441235 2.134388 3.5526394
0.94440892 2.1343899 3.5526356
0.94440529 2.1343918 3.5526316
0.94440155 2.1343938 3.5526276
0.94439791 2.1343957 3.5526238
0.94439447 2.1343974 3.5526201
0.94439143 2.134399 3.5526169
0.94438896 2.1344004 3.5526143
0.94438708 2.1344014 3.5526123
4.9630294 1.624914 1.6524707
4.9630297 1.6249139 1.6524708
4.9630301 1.6249138 1.6524709
4.9630308 1.6249136 1.6524711
4.9630316 1.6249134 1.6524713
4.9630326 1.6249131 1.6524714
4.9630337 1.6249127 1.6524714
4.9630349 1.6249123 1.6524712
4.9630363 1.6249119 1.652471
4.9630378 1.6249115 1.6524707
4.9630393 1.6249112 1.6524705
4.9630408 1.624911 1.6524703
4.9630424 1.6249108 1.6524701
4.9630438 1.6249106 1.6524701
4.9630452 1.6249105 1.6524701
4.9630465 1.6249103 1.6524703
4.9630478 1.6249101 1.6524704
4.9630489 1.6249098 1.6524706
4.9630499 1.6249096 1.6524707
4.9630507 1.6249093 1.6524708
4.4299778 1.5667192 2.3506075
4.4299798 1.5667167 2.3506061
4.4299827 1.5667128 2.350604
4.4299865 1.5667077 2.3506013
4.4299912 1.5667016 2.3505981
4.4299969 1.5666943 2.3505944
4.4300034 1.566686 2.3505902
4.4300108 1.5666767 2.3505857
4.4300189 1.5666667 2.3505807
4.4300277 1.5666558 2.3505754
4.430037 1.5666442 2.3505698
4.4300466 1.566632 2.3505638
4.4300565 1.5666192 2.3505575
4.4300664 1.5666059 2.350551
4.4300764 1.5665924 2.3505443
4.4300863 1.5665788 2.3505374
4.4300962 1.5665651 2.3505304
4.4301059 1.5665515 2.3505232
4.4301156 1.5665381 2.350516
4.4301251 1.566525 2.3505087
4.4301346 1.5665121 2.3505013
4.4301439 1.5664996 2.3504939
4.430153 1.5664872 2.3504865
4.430162 1.5664752 2.3504791
4.4301709 1.5664633 2.3504719
4.4301796 1.5664518 2.3504649
4.4301881 1.5664406 2.3504581
4.4301963 1.5664298 2.3504516
4.4302041 1.5664195 2.3504454
4.4302113 1.5664098 2.3504395
0 0 0
0.26058571 0.61573619 0.60588449
0.26058473 0.61573435 0.60588686
0.26058389 0.61573222 0.60588921
0.26058319 0.61572979 0.60589149
0.26058271 0.61572706 0.60589366
0.26058245 0.61572408 0.60589569
0.26058247 0.61572091 0.60589757
0.26058276 0.61571769 0.60589928
0.26058335 0.61571456 0.60590078
0.2605843 0.61571165 0.60590203
0.26058535 0.61570903 0.60590324
0.26058644 0.61570669 0.6059044
0.26058754 0.61570467 0.60590546
0.26058853 0.61570295 0.60590652
0.26058927 0.61570151 0.60590768
0.26058979 0.61570037 0.60590885
4.5777924 1.5273067 5.7224909
4.5777924 1.5273065 5.7224912
4.5777926 1.5273062 5.7224916
4.5777927 1.5273056 5.7224923
4.5777929 1.5273047 5.7224932
4.5777931 1.5273037 5.7224943
4.5777933 1.5273025 5.7224957
4.5777934 1.5273014 5.7224974
4.5777934 1.5273004 5.7224993
4.5777933 1.5272996 5.7225015
4.577793 1.5272989 5.7225039
4.5777924 1.5272985 5.7225063
4.5777916 1.5272983 5.7225088
4.5777905 1.5272982 5.7225112
4.5777893 1.5272983 5.7225135
4.5777878 1.5272984 5.7225157
4.5777862 1.5272987 5.7225178
4.5777847 1.527299 5.7225199
4.5777831 1.5272994 5.7225219
4.5777815 1.5272999 5.7225239
4.5777801 1.5273003 5.7225258
4.5777789 1.5273007 5.7225276
4.5777778 1.527301 5.7225293
4.5777769 1.5273013 5.7225308
4.5777761 1.5273015 5.7225321
4.5777756 1.5273017 5.7225331
4.5777752 1.5273018 5.7225338
4.5777751 1.5273018 5.7225341
2.6916578 1.0920495 0.6810898
2.6916581 1.0920501 0.68108992
2.6916587 1.0920511 0.6810902
2.6916596 1.0920526 0.68109064
2.6916606 1.0920544 0.68109117
2.6916619 1.0920563 0.6810918
2.6916632 1.0920582 0.68109252
2.6916646 1.0920601 0.68109333
0 0 0
0.41269362 2.0373151 0.9615177
0.41268938 2.0373144 0.96151291
0.41268499 2.0373137 0.96150784
0.41268051 2.0373129 0.96150256
0.41267606 2.037312 0.96149709
0.41267163 2.0373111 0.96149148
0.41266724 2.0373099 0.96148573
0.41266285 2.0373085 0.96147977
0.41265843 2.037307 0.96147365
0.41265402 2.0373053 0.96146738
0.41264954 2.0373034 0.961461
0.41264507 2.0373015 0.96145463
0.4126406 2.0372997 0.96144826
0.41263611 2.0372979 0.96144184
0.9444169 2.1343865 3.5526432
0.94441386 2.1343885 3.5526395
0.94441053 2.1343905 3.5526355
0.94440697 2.1343926 3.5526315
0.9444033 2.1343947 3.5526273
0.94439966 2.1343968 3.5526233
0.9443962 2.1343987 3.5526195
0.94439312 2.1344004 3.5526162
0.9443906 2.1344019 3.5526134
0 0 0
4.9630313 1.6249182 1.6524721
4.9630316 1.6249181 1.6524721
4.9630321 1.6249179 1.6524722
4.9630327 1.6249176 1.6524723
4.9630336 1.6249173 1.6524723
4.9630346 1.6249168 1.6524723
4.9630358 1.6249163 1.6524722
4.9630371 1.6249158 1.652472
4.9630386 1.6249152 1.6524717
4.9630402 1.6249147 1.6524714
4.9630418 1.6249143 1.6524711
4.9630436 1.624914 1.6524709
4.9630453 1.6249137 1.6524707
4.9630469 1.6249134 1.6524706
4.9630484 1.6249132 1.6524707
4.9630498 1.6249129 1.6524708
4.9630511 1.6249125 1.6524709
4.9630523 1.6249121 1.652471
4.9630533 1.6249117 1.6524711
4.9630542 1.6249114 1.6524711
0 0 0
4.4299807 1.5667194 2.3506043
4.4299836 1.5667156 2.3506022
4.4299874 1.5667105 2.3505996
4.4299922 1.5667044 2.3505965
4.4299979 1.5666971 2.350593
4.4300044 1.5666889 2.3505889
4.4300119 1.5666796 2.3505845
4.4300201 1.5666696 2.3505797
4.4300289 1.5666587 2.3505745
4.4300382 1.5666472 2.350569
4.4300479 1.566635 2.3505631
4.4300577 1.5666222 2.3505569
4.4300677 1.566609 2.3505505
4.4300777 1.5665955 2.3505439
4.4300877 1.5665819 2.3505371
4.4300976 1.5665682 2.3505302
4.4301074 1.5665546 2.3505231
4.430117 1.5665411 2.3505159
4.4301266 1.5665279 2.3505086
4.4301361 1.5665149 2.3505012
4.4301454 1.5665023 2.3504938
4.4301546 1.5664899 2.3504864
4.4301635 1.5664778 2.350479
4.4301723 1.5664659 2.3504719
4.430181 1.5664542 2.3504648
4.4301894 1.5664429 2.350458
4.4301975 1.5664321 2.3504514
4.4302052 1.5664217 2.3504452
0 0 0
0.26058825 0.61573839 0.60588111
0.26058728 0.6157369 0.60588343
0.2605863 0.61573508 0.60588588
0.26058549 0.61573295 0.60588829
0.26058484 0.61573052 0.6058906
0.2605844 0.61572779 0.60589279
0.26058419 0.61572482 0.60589486
0.26058418 0.61572166 0.60589684
0.26058442 0.61571846 0.60589866
0.26058495 0.61571538 0.60590026
0.26058577 0.6157125 0.60590165
0.26058673 0.61570986 0.60590292
0.26058766 0.61570751 0.60590422
0.26058858 0.61570547 0.60590544
0.26058941 0.61570372 0.60590664
0.26059002 0.61570225 0.60590791
0.26059043 0.61570109 0.60590914
4.5777956 1.527317 5.7224856
4.5777957 1.5273167 5.7224859
4.5777958 1.5273164 5.7224863
4.577796 1.5273158 5.7224869
4.5777961 1.527315 5.7224877
4.5777962 1.5273139 5.7224887
4.5777963 1.5273128 5.72249
4.5777963 1.5273116 5.7224916
4.5777962 1.5273105 5.7224935
4.5777959 1.5273096 5.7224957
4.5777954 1.5273088 5.722498
4.5777947 1.5273083 5.7225003
4.5777936 1.527308 5.7225027
4.5777923 1.5273079 5.7225051
4.5777908 1.5273079 5.7225073
4.5777891 1.527308 5.7225094
4.5777874 1.5273081 5.7225114
4.5777856 1.5273084 5.7225134
4.5777837 1.5273088 5.7225154
4.577782 1.5273091 5.7225173
4.5777804 1.5273095 5.7225192
4.577779 1.5273098 5.7225209
4.5777777 1.5273101 5.7225224
4.5777767 1.5273104 5.7225239
4.5777759 1.5273106 5.7225251
4.5777753 1.5273107 5.7225261
4.5777748 1.5273108 5.7225268
4.5777747 1.5273108 5.7225271
2.6916577 1.0920502 0.681091
2.691658 1.0920507 0.68109114
2.6916587 1.0920518 0.68109145
2.6916595 1.0920533 0.68109192
2.6916605 1.092055 0.68109248
2.6916617 1.0920569 0.68109308
2.691663 1.0920587 0.68109378
2.6916644 1.0920606 0.68109458
2.6916657 1.0920623 0.68109549
2.691667 1.092064 0.68109641
0.41269031 2.0373147 0.96151329
0.41268598 2.037314 0.96150825
0.41268152 2.0373131 0.96150299
0.41267705 2.0373122 0.96149756
0.41267262 2.0373112 0.96149206
0.41266821 2.0373101 0.9614864
0.41266381 2.0373087 0.96148057
0.41265937 2.0373072 0.96147457
0.41265491 2.0373055 0.96146839
0.4126504 2.0373036 0.96146206
0.4126459 2.0373017 0.9614557
0.41264141 2.0372998 0.96144933
0.94442093 2.1343852 3.5526468
0.94441833 2.134387 3.5526434
0.9444154 2.134389 3.5526396
0.94441211 2.1343912 3.5526355
0.94440859 2.1343935 3.5526313
0.94440496 2.1343957 3.552627
0.94440137 2.134398 3.5526228
0.94439791 2.1344001 3.5526188
0.94439481 2.1344019 3.5526153
0.94439223 2.1344035 3.5526124
0 0 0
4.9630331 1.624922 1.6524731
4.9630334 1.6249219 1.6524732
4.9630338 1.6249216 1.6524732
4.9630345 1.6249212 1.6524731
4.9630353 1.6249208 1.6524731
4.9630364 1.6249203 1.6524729
4.9630377 1.6249197 1.6524727
4.9630391 1.624919 1.6524724
4.9630407 1.6249183 1.6524721
4.9630424 1.6249176 1.6524718
4.9630443 1.6249171 1.6524716
4.9630461 1.6249167 1.6524713
4.963048 1.6249163 1.6524711
4.9630497 1.6249159 1.652471
4.9630514 1.6249156 1.6524709
4.9630529 1.6249151 1.652471
4.9630543 1.6249146 1.652471
4.9630556 1.6249141 1.652471
4.9630566 1.6249136 1.6524711
4.9630575 1.6249132 1.6524712
4.9630582 1.6249129 1.6524712
4.9630587 1.6249127 1.6524711
4.4299846 1.566718 2.3506005
4.4299884 1.566713 2.350598
4.4299932 1.5667069 2.350595
4.429999 1.5666997 2.3505915
4.4300056 1.5666915 2.3505876
4.430013 1.5666823 2.3505833
4.4300213 1.5666722 2.3505786
4.4300301 1.5666614 2.3505736
4.4300394 1.5666498 2.3505682
4.4300491 1.5666376 2.3505625
4.4300589 1.5666249 2.3505564
4.4300689 1.5666118 2.3505501
4.4300789 1.5665983 2.3505435
4.4300889 1.5665847 2.3505368
4.4300988 1.566571 2.3505299
4.4301087 1.5665574 2.3505229
4.4301184 1.5665439 2.3505158
4.430128 1.5665307 2.3505085
4.4301375 1.5665176 2.3505011
4.4301468 1.5665049 2.3504936
4.4301559 1.5664925 2.3504862
4.4301648 1.5664803 2.3504789
4.4301736 1.5664683 2.3504717
4.4301822 1.5664566 2.3504647
4.4301905 1.5664452 2.3504579
4.4301986 1.5664342 2.3504514
0.26059205 0.61574153 0.60587553
0.2605914 0.61574058 0.60587728
0.26059056 0.61573937 0.60587947
0.26058963 0.61573788 0.60588189
0.26058866 0.61573609 0.60588441
0.26058784 0.615734 0.60588691
0.2605872 0.61573158 0.60588933
0.26058678 0.61572886 0.6058916
0.26058659 0.6157259 0.60589375
0.26058656 0.61572276 0.60589583
0.26058673 0.6157196 0.60589778
0.26058716 0.61571655 0.60589954
0.26058782 0.6157137 0.60590109
0.26058861 0.61571107 0.60590252
0.26058934 0.61570873 0.60590398
0.26059004 0.61570666 0.60590539
0.26059065 0.61570487 0.60590678
0.26059107 0.61570335 0.60590821
0.26059134 0.61570214 0.60590955
4.5777994 1.5273278 5.72248
4.5777995 1.5273276 5.7224801
4.5777996 1.5273272 5.7224805
4.5777997 1.5273266 5.7224809
4.5777998 1.5273258 5.7224816
4.5777998 1.5273248 5.7224826
4.5777998 1.5273236 5.7224838
4.5777996 1.5273224 5.7224854
4.5777992 1.5273213 5.7224873
4.5777988 1.5273203 5.7224893
4.5777981 1.5273195 5.7224915
4.5777972 1.5273189 5.7224937
4.5777959 1.5273185 5.722496
4.5777944 1.5273183 5.7224982
4.5777926 1.5273182 5.7225004
4.5777907 1.5273182 5.7225024
4.5777887 1.5273184 5.7225043
4.5777866 1.5273186 5.7225062
4.5777845 1.5273188 5.722508
4.5777825 1.5273191 5.7225099
4.5777807 1.5273194 5.7225117
4.5777791 1.5273197 5.7225134
4.5777776 1.5273199 5.7225149
4.5777764 1.5273201 5.7225163
4.5777755 1.5273203 5.7225175
4.5777747 1.5273205 5.7225184
4.5777742 1.5273205 5.7225191
4.577774 1.5273205 5.7225194
0 0 0
2.6916578 1.0920517 0.68109296
2.6916584 1.0920528 0.68109332
2.6916592 1.0920542 0.6810938
2.6916602 1.0920559 0.68109435
2.6916614 1.0920577 0.68109494
2.6916627 1.0920595 0.68109561
2.691664 1.0920613 0.6810964
2.6916653 1.092063 0.68109728
2.6916666 1.0920647 0.68109817
2.6916679 1.0920662 0.68109911
0.41268665 2.0373141 0.96150844
0.41268221 2.0373133 0.96150319
0.41267773 2.0373123 0.9614978
0.41267328 2.0373113 0.96149237
0.41266884 2.0373101 0.96148682
0.41266444 2.0373088 0.9614811
0.41266002 2.0373073 0.96147522
0.41265552 2.0373056 0.9614691
0.41265098 2.0373037 0.9614628
0.41264646 2.0373018 0.96145645
0.94442442 2.134384 3.5526502
0.9444222 2.1343856 3.5526471
0.94441971 2.1343875 3.5526436
0.94441686 2.1343897 3.5526397
0.94441362 2.134392 3.5526355
0.94441013 2.1343944 3.5526311
0.94440651 2.1343969 3.5526266
0.94440294 2.1343993 3.5526222
0.94439951 2.1344015 3.5526181
0.9443964 2.1344035 3.5526144
0.94439378 2.1344053 3.5526113
0.9443918 2.1344067 3.5526089
4.9630347 1.6249254 1.6524739
4.9630349 1.6249253 1.6524739
4.9630354 1.6249249 1.6524738
4.963036 1.6249245 1.6524737
4.9630369 1.624924 1.6524735
4.963038 1.6249234 1.6524732
4.9630394 1.6249227 1.652473
4.9630409 1.6249219 1.6524726
4.9630426 1.6249211 1.6524723
4.9630445 1.6249203 1.652472
4.9630465 1.6249196 1.6524718
4.9630485 1.6249191 1.6524715
4.9630504 1.6249186 1.6524712
4.9630523 1.6249181 1.652471
4.9630541 1.6249176 1.6524709
4.9630557 1.6249171 1.6524708
4.9630572 1.6249165 1.6524708
4.9630586 1.6249159 1.6524708
4.9630597 1.6249153 1.6524709
4.9630607 1.6249148 1.6524709
4.9630614 1.6249144 1.6524709
4.9630619 1.6249142 1.6524709
4.4299856 1.56672 2.3505989
4.4299895 1.5667151 2.3505965
4.4299943 1.566709 2.3505935
4.4300001 1.5667019 2.3505901
4.4300067 1.5666937 2.3505864
4.4300142 1.5666846 2.3505822
4.4300224 1.5666745 2.3505776
4.4300313 1.5666636 2.3505727
4.4300406 1.566652 2.3505674
4.4300502 1.5666399 2.3505618
4.43006 1.5666273 2.3505559
4.43007 1.5666142 2.3505496
4.43008 1.5666009 2.3505431
4.43009 1.5665873 2.3505364
4.4301 1.5665737 2.3505296
4.4301098 1.5665601 2.3505227
4.4301196 1.5665466 2.3505156
4.4301292 1.5665332 2.3505083
4.4301387 1.5665202 2.3505009
4.430148 1.5665074 2.3504935
4.4301571 1.5664948 2.3504861
4.430166 1.5664826 2.3504788
4.4301747 1.5664705 2.3504717
4.4301832 1.5664588 2.3504647
4.4301915 1.5664473 2.3504579
4.4301994 1.5664362 2.3504514
0.26059505 0.61574285 0.60587325
0.26059442 0.61574192 0.60587504
0.26059364 0.6157407 0.60587727
0.26059275 0.61573918 0.60587979
0.26059185 0.6157374 0.6058824
0.26059096 0.61573536 0.60588507
0.26059027 0.61573298 0.60588767
0.26058984 0.61573029 0.60589007
0.2605896 0.61572737 0.60589235
0.26058951 0.61572428 0.60589453
0.26058955 0.61572115 0.60589664
0.2605898 0.61571811 0.6058986
0.26059027 0.61571526 0.60590037
0.26059083 0.61571263 0.60590203
0.26059133 0.61571026 0.60590371
0.26059179 0.61570817 0.60590535
0.26059213 0.61570632 0.60590698
0.26059233 0.61570475 0.60590859
0.26059238 0.61570349 0.60591008
4.5778036 1.5273391 5.7224739
4.5778036 1.5273389 5.722474
4.5778037 1.5273385 5.7224742
4.5778038 1.5273379 5.7224747
4.5778037 1.5273372 5.7224753
4.5778036 1.5273362 5.7224761
4.5778034 1.527335 5.7224773
4.5778031 1.5273338 5.7224788
4.5778025 1.5273327 5.7224806
4.5778019 1.5273317 5.7224826
4.577801 1.5273308 5.7224846
4.5777999 1.5273302 5.7224866
4.5777984 1.5273297 5.7224887
4.5777967 1.5273294 5.7224908
4.5777947 1.5273292 5.7224928
4.5777926 1.5273292 5.7224947
4.5777903 1.5273292 5.7224965
4.5777878 1.5273294 5.7224983
4.5777854 1.5273296 5.7225
4.5777831 1.5273298 5.7225018
4.577781 1.52733 5.7225035
4.5777791 1.5273302 5.7225051
4.5777774 1.5273304 5.7225066
4.577776 1.5273306 5.722508
4.5777748 1.5273307 5.7225092
4.577774 1.5273308 5.7225101
4.5777734 1.5273309 5.7225108
4.5777731 1.5273309 5.7225111
2.691657 1.0920525 0.6810952
2.6916573 1.0920531 0.68109537
2.6916579 1.092054 0.68109575
2.6916586 1.0920554 0.68109623
2.6916596 1.092057 0.68109678
2.6916608 1.0920587 0.68109737
2.6916621 1.0920605 0.68109803
2.6916634 1.0920622 0.68109879
2.6916647 1.0920639 0.68109965
2.691666 1.0920655 0.68110055
2.6916672 1.092067 0.6811015
2.6916683 1.0920683 0.68110238
0 0 0
0.41267808 2.0373124 0.96149789
0.41267359 2.0373113 0.96149248
0.41266914 2.0373101 0.96148702
0.41266472 2.0373088 0.96148137
0.41266035 2.0373073 0.96147556
0.41265586 2.0373056 0.96146949
0.94442891 2.1343817 3.5526557
0.94442737 2.1343829 3.5526532
0.94442553 2.1343844 3.5526504
0.94442343 2.1343861 3.5526473
0.94442101 2.1343881 3.5526438
0.94441823 2.1343903 3.5526398
0.94441503 2.1343928 3.5526355
0.94441156 2.1343954 3.5526309
0.94440796 2.134398 3.5526263
0.94440441 2.1344006 3.5526217
0.94440102 2.134403 3.5526173
0.9443979 2.1344051 3.5526135
0.94439524 2.134407 3.5526102
0.94439321 2.1344085 3.5526077
0.9443918 2.1344095 3.552606
4.9630363 1.6249283 1.6524744
4.9630368 1.6249279 1.6524743
4.9630374 1.6249275 1.6524741
4.9630383 1.6249269 1.6524737
4.9630395 1.6249262 1.6524734
4.9630409 1.6249254 1.6524731
4.9630425 1.6249246 1.6524727
4.9630444 1.6249236 1.6524724
4.9630463 1.6249227 1.6524721
4.9630484 1.6249219 1.6524718
4.9630506 1.6249212 1.6524715
4.9630526 1.6249206 1.6524712
4.9630547 1.62492 1.6524709
4.9630566 1.6249194 1.6524707
4.9630583 1.6249187 1.6524705
4.9630599 1.624918 1.6524704
4.9630613 1.6249173 1.6524703
4.9630625 1.6249167 1.6524703
4.9630635 1.6249162 1.6524703
4.9630643 1.6249157 1.6524703
4.9630648 1.6249155 1.6524704
4.4299866 1.5667217 2.3505975
4.4299905 1.5667168 2.350595
4.4299954 1.5667108 2.3505922
4.4300012 1.5667037 2.3505889
4.4300078 1.5666956 2.3505852
4.4300153 1.5666865 2.3505811
4.4300235 1.5666764 2.3505766
4.4300323 1.5666655 2.3505718
4.4300416 1.566654 2.3505667
4.4300512 1.5666419 2.3505612
4.430061 1.5666293 2.3505553
4.430071 1.5666164 2.3505492
4.4300811 1.5666031 2.3505427
4.4300911 1.5665896 2.350536
4.430101 1.566576 2.3505293
4.4301109 1.5665624 2.3505224
4.4301206 1.5665489 2.3505153
4.4301302 1.5665355 2.3505081
4.4301397 1.5665224 2.3505008
4.430149 1.5665095 2.3504934
4.4301581 1.5664969 2.350486
4.430167 1.5664846 2.3504787
4.4301757 1.5664725 2.3504717
4.4301841 1.5664607 2.3504647
4.4301923 1.5664492 2.3504579
0.26059924 0.61574504 0.60586915
0.26059878 0.61574443 0.60587049
0.26059818 0.61574351 0.60587236
0.26059742 0.6157423 0.60587465
0.26059662 0.6157408 0.6058772
0.26059572 0.61573903 0.60587996
0.26059478 0.615737 0.60588282
0.260594 0.61573467 0.60588561
0.26059345 0.61573203 0.6058882
0.26059312 0.61572917 0.60589064
0.26059292 0.61572613 0.60589297
0.26059281 0.61572304 0.60589525
0.26059286 0.61572002 0.60589743
0.26059304 0.61571715 0.60589949
0.26059326 0.61571448 0.60590149
0.26059348 0.61571205 0.60590348
0.26059362 0.6157099 0.60590542
0.26059365 0.61570798 0.60590735
0.26059356 0.61570635 0.60590919
0.26059341 0.61570504 0.60591086
0.26059323 0.61570405 0.60591223
4.577808 1.5273506 5.7224674
4.577808 1.5273502 5.7224677
4.577808 1.5273497 5.7224681
4.5778079 1.5273489 5.7224687
4.5778076 1.527348 5.7224694
4.5778072 1.5273468 5.7224705
4.5778067 1.5273457 5.7224719
4.577806 1.5273446 5.7224736
4.5778051 1.5273436 5.7224753
4.577804 1.5273427 5.7224772
4.5778027 1.527342 5.722479
4.577801 1.5273415 5.7224809
4.5777991 1.5273411 5.7224828
4.5777969 1.5273409 5.7224847
4.5777945 1.5273408 5.7224865
4.5777919 1.5273407 5.7224881
4.5777891 1.5273408 5.7224898
4.5777864 1.5273409 5.7224914
4.5777838 1.5273411 5.7224931
4.5777813 1.5273412 5.7224947
4.577779 1.5273413 5.7224963
4.577777 1.5273415 5.7224978
4.5777754 1.5273416 5.7224991
4.577774 1.5273417 5.7225003
4.577773 1.5273417 5.7225012
4.5777724 1.5273417 5.7225018
4.577772 1.5273417 5.7225022
2.6916563 1.0920541 0.68109806
2.6916566 1.0920546 0.68109826
2.6916571 1.0920556 0.68109867
2.6916579 1.0920568 0.68109917
2.6916588 1.0920583 0.68109974
2.6916599 1.09206 0.68110036
2.6916612 1.0920617 0.68110105
2.6916625 1.0920634 0.68110181
2.6916638 1.092065 0.68110265
2.691665 1.0920666 0.68110356
2.6916662 1.092068 0.68110449
2.6916674 1.0920693 0.68110535
2.6916683 1.0920704 0.6811062
0.94443367 2.1343787 3.5526632
0.9444335 2.1343788 3.5526629
0.94443311 2.1343792 3.5526623
0.94443251 2.1343797 3.5526612
0.94443175 2.1343804 3.5526598
0.94443081 2.1343812 3.5526581
0.94442966 2.1343822 3.5526559
0.94442823 2.1343834 3.5526534
0.94442653 2.1343848 3.5526506
0.94442454 2.1343866 3.5526474
0.94442219 2.1343887 3.5526439
0.94441948 2.134391 3.55264
0.94441635 2.1343935 3.5526355
0.94441292 2.1343962 3.5526308
0.94440933 2.1343991 3.5526259
0.94440576 2.1344018 3.5526211
0.94440235 2.1344044 3.5526166
0.94439921 2.1344066 3.5526125
0.94439651 2.1344086 3.5526091
0.94439442 2.1344101 3.5526065
0.944393 2.1344111 3.5526047
4.9630375 1.6249309 1.6524748
4.963038 1.6249306 1.6524746
4.9630386 1.6249301 1.6524743
4.9630396 1.6249295 1.6524739
4.9630408 1.6249287 1.6524735
4.9630423 1.6249278 1.6524732
4.963044 1.6249268 1.6524728
4.9630459 1.6249258 1.6524724
4.963048 1.6249248 1.6524721
4.9630502 1.6249238 1.6524717
4.9630524 1.624923 1.6524713
4.9630546 1.6249223 1.652471
4.9630568 1.6249216 1.6524706
4.9630588 1.6249209 1.6524703
4.9630607 1.6249201 1.65247
4.9630624 1.6249193 1.6524697
4.9630638 1.6249185 1.6524696
4.9630651 1.6249179 1.6524696
4.9630661 1.6249173 1.6524696
4.9630668 1.6249169 1.6524696
4.9630674 1.6249166 1.6524697
4.9630676 1.6249165 1.6524698
4.4299914 1.5667182 2.3505938
4.4299963 1.5667122 2.350591
4.4300022 1.5667052 2.3505878
4.4300089 1.5666971 2.3505842
4.4300163 1.5666881 2.3505801
4.4300245 1.566678 2.3505757
4.4300333 1.5666672 2.350571
4.4300425 1.5666556 2.350566
4.4300521 1.5666436 2.3505606
4.430062 1.5666311 2.3505548
4.4300719 1.5666182 2.3505488
4.430082 1.566605 2.3505424
4.430092 1.5665916 2.3505358
4.430102 1.5665781 2.350529
4.4301118 1.5665645 2.3505221
4.4301214 1.566551 2.3505151
4.430131 1.5665376 2.350508
4.4301405 1.5665243 2.3505007
4.4301498 1.5665114 2.3504933
4.4301589 1.5664987 2.350486
4.4301678 1.5664863 2.3504788
4.4301765 1.5664741 2.3504717
4.4301849 1.5664623 2.3504647
0.26060399 0.61574704 0.60586509
0.2606037 0.61574676 0.60586586
0.26060319 0.61574619 0.6058673
0.26060257 0.61574531 0.60586929
0.26060188 0.61574412 0.60587164
0.26060112 0.61574264 0.60587426
0.2606002 0.61574089 0.60587715
0.26059919 0.61573889 0.60588022
0.26059829 0.61573658 0.60588319
0.26059761 0.61573403 0.60588598
0.2605971 0.61573122 0.60588864
0.26059671 0.61572826 0.60589119
0.2605964 0.6157252 0.60589368
0.2605962 0.6157222 0.60589613
0.26059607 0.61571931 0.60589852
0.26059593 0.61571658 0.60590089
0.26059576 0.6157141 0.60590324
0.26059554 0.61571185 0.60590554
0.26059523 0.61570984 0.60590779
0.26059486 0.61570812 0.6059099
0.2605945 0.61570673 0.60591178
0.26059421 0.61570574 0.60591326
4.5778126 1.5273626 5.7224607
4.5778125 1.5273622 5.7224609
4.5778124 1.5273617 5.7224612
4.5778121 1.527361 5.7224618
4.5778117 1.5273601 5.7224625
4.5778111 1.527359 5.7224634
4.5778104 1.5273579 5.7224647
4.5778095 1.5273569 5.7224662
4.5778084 1.5273559 5.7224677
4.5778071 1.527355 5.7224694
4.5778056 1.5273543 5.722471
4.5778037 1.5273537 5.7224727
4.5778016 1.5273533 5.7224745
4.5777991 1.527353 5.7224761
4.5777965 1.5273529 5.7224778
4.5777935 1.5273528 5.7224793
4.5777905 1.5273528 5.7224808
4.5777874 1.5273529 5.7224824
4.5777844 1.527353 5.7224839
4.5777815 1.527353 5.7224855
4.5777789 1.527353 5.722487
4.5777765 1.5273531 5.7224884
4.5777746 1.5273531 5.7224897
4.577773 1.5273531 5.7224908
4.5777719 1.527353 5.7224917
4.5777711 1.527353 5.7224923
4.5777708 1.5273529 5.7224926
2.6916554 1.0920558 0.68110128
2.6916557 1.0920563 0.68110147
2.6916562 1.0920572 0.68110189
2.6916569 1.0920584 0.68110245
2.6916577 1.0920598 0.68110308
2.6916588 1.0920614 0.6811038
2.69166 1.092063 0.68110457
2.6916613 1.0920647 0.68110536
2.6916625 1.0920662 0.68110621
2.6916638 1.0920677 0.68110712
2.691665 1.0920691 0.68110803
2.6916661 1.0920704 0.68110885
2.691667 1.0920714 0.68110965
2.6916677 1.0920722 0.68111039
0.94443392 2.1343792 3.5526632
0.94443354 2.1343795 3.5526626
0.94443295 2.13438 3.5526615
0.94443221 2.1343808 3.5526601
0.94443136 2.1343816 3.5526583
0.94443029 2.1343826 3.5526562
0.94442896 2.1343839 3.5526536
0.94442735 2.1343853 3.5526507
0.94442545 2.1343871 3.5526475
0.94442316 2.1343892 3.552644
0.94442051 2.1343916 3.55264
0.94441745 2.1343942 3.5526355
0.94441408 2.134397 3.5526307
0.94441052 2.1344 3.5526257
0.94440694 2.1344028 3.5526207
0.94440348 2.1344055 3.5526159
0.94440028 2.1344079 3.5526117
0.94439751 2.1344099 3.5526081
0.94439536 2.1344115 3.5526053
0.94439389 2.1344125 3.5526034
0.94439315 2.134413 3.5526025
4.963039 1.6249328 1.6524747
4.9630397 1.6249323 1.6524744
4.9630407 1.6249316 1.6524741
4.963042 1.6249308 1.6524737
4.9630435 1.6249298 1.6524733
4.9630453 1.6249287 1.6524728
4.9630473 1.6249275 1.6524724
4.9630494 1.6249264 1.652472
4.9630517 1.6249254 1.6524715
4.9630541 1.6249245 1.6524711
4.9630564 1.6249236 1.6524707
4.9630587 1.6249228 1.6524702
4.9630608 1.624922 1.6524698
4.9630628 1.6249211 1.6524694
4.9630646 1.6249203 1.6524691
4.9630661 1.6249195 1.6524689
4.9630673 1.6249188 1.6524687
4.9630683 1.6249182 1.6524687
4.963069 1.6249178 1.6524688
4.9630696 1.6249176 1.6524689
4.9630698 1.6249175 1.652469
4.4299922 1.5667192 2.3505927
4.4299971 1.5667133 2.35059
4.430003 1.5667064 2.3505868
4.4300097 1.5666983 2.3505832
4.4300171 1.5666893 2.3505792
4.4300253 1.5666793 2.3505749
4.430034 1.5666685 2.3505703
4.4300432 1.566657 2.3505654
4.4300529 1.5666449 2.3505601
4.4300627 1.5666325 2.3505545
4.4300727 1.5666197 2.3505484
4.4300828 1.5666066 2.3505421
4.4300928 1.5665933 2.3505356
4.4301028 1.5665798 2.3505289
4.4301126 1.5665662 2.350522
4.4301222 1.5665527 2.350515
4.4301317 1.5665392 2.3505079
4.4301412 1.5665259 2.3505007
4.4301505 1.5665129 2.3504933
4.4301596 1.5665001 2.350486
4.4301684 1.5664877 2.3504788
4.430177 1.5664755 2.3504717
0 0 0
0.26060914 0.61574886 0.60586139
0.26060877 0.6157486 0.60586225
0.2606082 0.61574808 0.60586379
0.26060758 0.61574726 0.60586585
0.26060688 0.6157461 0.60586829
0.2606061 0.61574466 0.60587103
0.26060513 0.61574294 0.6058741
0.26060407 0.61574098 0.60587733
0.26060307 0.61573875 0.60588049
0.26060221 0.61573626 0.60588353
0.2606015 0.61573353 0.60588643
0.26060089 0.61573063 0.60588924
0.26060031 0.61572762 0.60589201
0.2605998 0.61572463 0.60589476
0.26059929 0.61572169 0.60589753
0.26059878 0.61571892 0.60590027
0.26059821 0.61571635 0.60590301
0.26059762 0.61571399 0.60590568
0.26059701 0.61571187 0.60590823
0.26059643 0.61571006 0.60591055
0.26059583 0.61570859 0.60591268
0.26059534 0.61570755 0.60591436
0.26059503 0.61570689 0.60591552
4.577817 1.5273744 5.722454
4.5778168 1.5273739 5.7224543
4.5778164 1.5273733 5.7224548
4.5778158 1.5273725 5.7224554
4.577815 1.5273715 5.7224562
4.5778141 1.5273704 5.7224572
4.5778129 1.5273694 5.7224584
4.5778116 1.5273685 5.7224597
4.5778102 1.5273676 5.7224612
4.5778084 1.5273669 5.7224626
4.5778064 1.5273664 5.7224641
4.577804 1.5273659 5.7224657
4.5778013 1.5273656 5.7224672
4.5777983 1.5273655 5.7224687
4.5777951 1.5273654 5.7224701
4.5777918 1.5273653 5.7224715
4.5777883 1.5273653 5.722473
4.5777849 1.5273653 5.7224744
4.5777817 1.5273653 5.7224759
4.5777786 1.5273652 5.7224773
4.5777759 1.5273651 5.7224787
4.5777737 1.527365 5.7224799
4.5777719 1.527365 5.722481
4.5777706 1.5273649 5.7224818
4.5777698 1.5273648 5.7224824
4.5777694 1.5273646 5.7224827
2.6916543 1.0920575 0.68110474
2.6916546 1.0920579 0.68110496
2.691655 1.0920588 0.6811054
2.6916557 1.0920599 0.68110603
2.6916565 1.0920613 0.68110681
2.6916574 1.0920628 0.68110766
2.6916586 1.0920644 0.68110855
2.6916598 1.092066 0.68110941
2.691661 1.0920675 0.68111027
2.6916622 1.0920689 0.68111115
2.6916634 1.0920703 0.68111202
2.6916646 1.0920714 0.68111278
2.6916656 1.0920724 0.68111351
2.6916664 1.0920732 0.6811142
0.94443423 2.1343795 3.5526635
0.94443387 2.1343799 3.5526628
0.94443329 2.1343804 3.5526617
0.9444326 2.1343811 3.5526603
0.94443177 2.134382 3.5526585
0.94443076 2.1343831 3.5526564
0.94442948 2.1343843 3.5526538
0.94442795 2.1343858 3.5526509
0.94442611 2.1343876 3.5526476
0.94442388 2.1343897 3.5526441
0.94442129 2.1343921 3.55264
0.94441831 2.1343948 3.5526355
0.94441502 2.1343977 3.5526306
0.94441148 2.1344007 3.5526254
0.9444079 2.1344037 3.5526203
0.94440441 2.1344064 3.5526153
0.94440115 2.1344088 3.5526109
0.94439832 2.1344109 3.5526072
0.94439609 2.1344125 3.5526043
0.94439453 2.1344136 3.5526024
0.94439376 2.1344141 3.5526014
4.9630398 1.6249346 1.6524748
4.9630406 1.6249341 1.6524745
4.9630416 1.6249333 1.6524741
4.9630429 1.6249324 1.6524737
4.9630445 1.6249313 1.6524733
4.9630463 1.6249301 1.6524728
4.9630484 1.6249288 1.6524723
4.9630507 1.6249277 1.6524718
4.9630531 1.6249266 1.6524713
4.9630555 1.6249255 1.6524708
4.963058 1.6249246 1.6524703
4.9630604 1.6249237 1.6524698
4.9630626 1.6249228 1.6524693
4.9630647 1.624922 1.6524688
4.9630665 1.624921 1.6524684
4.963068 1.6249202 1.6524681
4.9630692 1.6249195 1.652468
4.9630702 1.6249189 1.6524679
4.9630709 1.6249185 1.6524679
4.9630714 1.6249182 1.6524681
4.5785031 1.0476272 5.4493078
4.5785048 1.0476314 5.4493079
4.5785069 1.0476359 5.449308
4.578509 1.0476406 5.4493081
0 0 0
4.4300177 1.5666903 2.3505785
4.4300258 1.5666803 2.3505742
4.4300345 1.5666695 2.3505697
4.4300438 1.566658 2.3505649
4.4300534 1.566646 2.3505597
4.4300634 1.5666336 2.3505542
4.4300734 1.5666209 2.3505482
4.4300835 1.5666078 2.3505419
4.4300935 1.5665946 2.3505354
4.4301035 1.5665811 2.3505288
4.4301132 1.5665675 2.3505219
0 0 0
5.2623668 1.2748039 3.0333794
5.2623699 1.2748018 3.033378
5.2623728 1.2747996 3.0333765
5.2623753 1.2747976 3.0333752
5.2623774 1.2747957 3.0333741
5.2623792 1.2747941 3.0333732
5.2623805 1.2747929 3.0333725
0.26061486 0.6157509 0.60585735
0.26061447 0.61575067 0.60585824
0.26061384 0.61575018 0.60585986
0.26061315 0.61574941 0.60586202
0.26061239 0.61574829 0.60586461
0.26061152 0.61574685 0.60586753
0.26061046 0.61574515 0.6058708
0.26060931 0.61574325 0.60587423
0.26060817 0.61574108 0.60587762
0.26060713 0.61573866 0.6058809
0.26060622 0.615736 0.60588405
0.26060537 0.61573317 0.60588714
0.26060449 0.61573023 0.60589024
0.26060359 0.61572722 0.60589335
0.26060267 0.61572422 0.60589653
0.26060177 0.61572137 0.60589965
0.2606008 0.61571872 0.60590278
0.26059984 0.61571627 0.60590582
0.26059892 0.61571408 0.60590867
0.26059809 0.61571219 0.60591126
0.26059724 0.61571066 0.6059136
0.26059653 0.61570958 0.60591548
0.26059604 0.61570891 0.60591678
0 0 0
4.5778212 1.5273863 5.7224473
4.5778206 1.5273858 5.7224477
4.5778199 1.527385 5.7224482
4.5778189 1.5273841 5.7224488
4.5778178 1.5273832 5.7224495
4.5778164 1.5273822 5.7224504
4.5778149 1.5273813 5.7224514
4.5778132 1.5273806 5.7224526
4.5778112 1.5273799 5.7224538
4.577809 1.5273793 5.7224551
4.5778064 1.5273789 5.7224565
4.5778034 1.5273786 5.7224579
4.5778001 1.5273783 5.7224592
4.5777966 1.5273782 5.7224605
4.577793 1.5273781 5.7224618
4.5777891 1.527378 5.7224632
4.5777853 1.527378 5.7224646
4.5777817 1.5273779 5.7224661
4.5777783 1.5273777 5.7224674
4.5777752 1.5273775 5.7224687
4.5777726 1.5273774 5.7224698
4.5777706 1.5273773 5.7224708
4.5777691 1.5273771 5.7224717
4.5777682 1.527377 5.7224722
4.5777678 1.5273768 5.7224725
2.6916529 1.0920591 0.68110837
2.6916532 1.0920596 0.68110863
2.6916536 1.0920604 0.68110913
2.6916542 1.0920615 0.68110988
2.6916549 1.0920628 0.68111082
2.6916558 1.0920643 0.68111181
2.6916569 1.0920658 0.68111281
2.691658 1.0920673 0.68111373
2.6916592 1.0920688 0.6811146
2.6916605 1.0920702 0.68111547
2.6916617 1.0920714 0.68111628
2.6916629 1.0920726 0.68111701
2.691664 1.0920736 0.68111769
2.6916649 1.0920743 0.68111829
2.6916655 1.0920749 0.68111878
0.94443407 2.1343802 3.5526629
0.94443354 2.1343807 3.5526618
0.94443288 2.1343814 3.5526604
0.94443206 2.1343823 3.5526586
0.94443107 2.1343834 3.5526565
0.94442983 2.1343847 3.5526539
0.94442836 2.1343862 3.552651
0.94442657 2.134388 3.5526477
0.94442441 2.1343901 3.5526441
0.94442185 2.1343925 3.55264
0.94441891 2.1343952 3.5526355
0.94441568 2.1343982 3.5526305
0.94441219 2.1344013 3.5526253
0.94440863 2.1344042 3.55262
0.94440514 2.134407 3.5526149
0.94440186 2.1344095 3.5526104
0.94439897 2.1344116 3.5526066
0.94439669 2.1344132 3.5526036
0.94439509 2.1344143 3.5526016
0.94439427 2.1344148 3.5526007
4.9630404 1.624936 1.6524748
4.9630412 1.6249353 1.6524745
4.9630423 1.6249345 1.6524741
4.9630436 1.6249335 1.6524737
4.9630453 1.6249323 1.6524733
4.9630472 1.6249311 1.6524728
4.9630493 1.6249298 1.6524723
4.9630517 1.6249285 1.6524718
4.9630542 1.6249273 1.6524712
4.9630567 1.6249262 1.6524706
4.9630593 1.6249252 1.65247
4.9630618 1.6249243 1.6524694
4.9630641 1.6249234 1.6524688
4.9630662 1.6249225 1.6524683
4.963068 1.6249216 1.6524679
4.9630695 1.6249208 1.6524675
4.9630707 1.62492 1.6524673
4.9630717 1.6249194 1.6524672
4.9630724 1.624919 1.6524672
4.578502 1.0476236 5.4493077
4.5785034 1.0476273 5.4493079
4.5785051 1.0476315 5.4493081
4.5785071 1.047636 5.4493082
4.5785093 1.0476407 5.4493083
0 0 0
4.430018 1.5666909 2.350578
4.4300261 1.5666809 2.3505737
4.4300349 1.5666701 2.3505693
4.4300442 1.5666587 2.3505646
4.4300539 1.5666467 2.3505595
4.4300639 1.5666343 2.350554
4.430074 1.5666216 2.350548
4.430084 1.5666087 2.3505418
4.430094 1.5665955 2.3505353
4.4301039 1.566582 2.3505287
5.2623604 1.2748079 3.033382
5.2623635 1.2748058 3.0333807
5.2623667 1.2748037 3.0333792
5.2623698 1.2748016 3.0333778
5.2623727 1.2747995 3.0333764
5.2623752 1.2747974 3.033375
5.2623773 1.2747956 3.0333739
5.262379 1.2747941 3.033373
5.2623804 1.2747929 3.0333723
0.26062086 0.61575321 0.60585321
0.26062046 0.61575298 0.60585413
0.26061981 0.61575253 0.60585578
0.26061909 0.61575176 0.60585798
0.2606183 0.61575067 0.60586066
0.26061734 0.61574922 0.60586374
0.26061616 0.61574751 0.60586724
0.26061489 0.61574564 0.60587089
0.26061358 0.61574351 0.60587455
0.26061232 0.61574115 0.60587812
0.2606112 0.61573854 0.60588156
0.26061006 0.61573577 0.60588497
0.26060882 0.61573286 0.60588843
0.26060749 0.61572987 0.60589195
0.26060613 0.61572683 0.60589553
0.26060478 0.6157239 0.60589909
0.2606034 0.61572117 0.60590261
0.26060206 0.61571865 0.605906
0.26060082 0.61571641 0.60590915
0.26059968 0.61571448 0.60591201
0.26059858 0.6157129 0.60591454
0.26059764 0.61571177 0.60591656
0.26059697 0.61571108 0.60591799
0 0 0
4.5778255 1.5273988 5.7224403
4.5778248 1.5273983 5.7224405
4.5778239 1.5273976 5.7224408
4.5778228 1.5273968 5.7224412
4.5778214 1.527396 5.7224416
4.5778199 1.5273951 5.7224422
4.5778181 1.5273943 5.7224429
4.5778161 1.5273937 5.7224438
4.5778139 1.527393 5.7224448
4.5778114 1.5273925 5.7224459
4.5778086 1.527392 5.7224471
4.5778054 1.5273916 5.7224483
4.5778018 1.5273914 5.7224495
4.577798 1.5273912 5.7224507
4.577794 1.5273911 5.7224519
4.5777898 1.527391 5.7224532
4.5777856 1.5273909 5.7224546
4.5777815 1.5273907 5.722456
4.5777777 1.5273905 5.7224572
4.5777743 1.5273902 5.7224584
4.5777715 1.52739 5.7224595
4.5777692 1.5273899 5.7224605
4.5777676 1.5273897 5.7224613
4.5777666 1.5273895 5.7224618
4.577766 1.5273894 5.7224621
2.6916513 1.0920606 0.68111222
2.6916515 1.092061 0.68111252
2.691652 1.0920618 0.68111311
2.6916525 1.0920629 0.68111395
2.6916532 1.0920642 0.68111498
2.6916541 1.0920656 0.68111609
2.691655 1.0920671 0.68111716
2.6916561 1.0920687 0.68111814
2.6916573 1.0920701 0.68111903
2.6916586 1.0920714 0.68111987
2.6916599 1.0920726 0.68112067
2.6916611 1.0920738 0.68112138
2.6916622 1.0920747 0.68112201
2.6916632 1.0920755 0.68112252
2.6916639 1.092076 0.68112293
0 0 0
0 0 0
0 0 0
0 0 0
0.94443122 2.1343836 3.5526565
0.94443002 2.1343849 3.5526539
0.94442858 2.1343864 3.552651
0.94442684 2.1343882 3.5526478
0.94442476 2.1343903 3.5526441
0.94442223 2.1343928 3.55264
0.94441933 2.1343956 3.5526355
0.94441612 2.1343986 3.5526305
0.94441265 2.1344017 3.5526252
0.94440914 2.1344046 3.5526198
0.94440568 2.1344074 3.5526147
0.9444024 2.1344099 3.5526101
0.94439951 2.134412 3.5526062
0.94439719 2.1344136 3.5526033
0.94439556 2.1344147 3.5526012
0 0 0
4.9630408 1.6249368 1.6524747
4.9630416 1.6249361 1.6524744
4.9630427 1.6249353 1.6524741
4.9630441 1.6249342 1.6524737
4.9630458 1.624933 1.6524733
4.9630477 1.6249317 1.6524728
4.9630499 1.6249304 1.6524723
4.9630523 1.6249291 1.6524717
4.9630549 1.6249278 1.6524711
4.9630576 1.6249267 1.6524704
4.9630602 1.6249256 1.6524698
4.9630628 1.6249246 1.6524691
4.9630652 1.6249237 1.6524685
4.9630673 1.6249228 1.652468
4.9630691 1.6249219 1.6524675
4.9630706 1.6249211 1.6524671
4.9630718 1.6249204 1.6524668
4.9630727 1.6249198 1.6524667
0 0 0
4.5785025 1.0476238 5.449308
4.5785039 1.0476276 5.4493082
4.5785056 1.0476317 5.4493084
4.5785075 1.0476362 5.4493085
4.5785097 1.0476409 5.4493086
4.578512 1.0476457 5.4493087
4.5785144 1.0476506 5.4493086
4.4300263 1.5666812 2.3505735
4.4300351 1.5666705 2.350569
4.4300444 1.566659 2.3505644
4.4300541 1.5666471 2.3505594
4.4300641 1.5666347 2.3505539
4.4300742 1.5666221 2.350548
4.4300843 1.5666091 2.3505417
5.2623549 1.2748117 3.0333843
5.2623575 1.2748096 3.033383
5.2623603 1.2748075 3.0333816
5.2623634 1.2748054 3.0333802
5.2623665 1.2748033 3.0333788
5.2623696 1.2748012 3.0333774
5.2623725 1.2747991 3.033376
5.262375 1.2747971 3.0333747
5.2623771 1.2747953 3.0333735
5.2623789 1.2747939 3.0333726
5.2623803 1.2747927 3.0333719
5.2623813 1.2747919 3.0333715
0.26062656 0.61575549 0.60585002
0.26062594 0.61575505 0.60585162
0.26062525 0.61575426 0.60585382
0.26062444 0.61575316 0.60585655
0.26062341 0.61575172 0.60585979
0.26062209 0.61575002 0.60586352
0.26062066 0.61574812 0.60586743
0.26061918 0.61574599 0.60587135
0.26061772 0.61574364 0.60587521
0.26061632 0.61574108 0.60587897
0.26061483 0.61573833 0.60588274
0.26061318 0.61573543 0.60588658
0.26061139 0.61573242 0.60589055
0.26060959 0.61572938 0.60589454
0.26060778 0.61572641 0.60589855
0.26060598 0.61572362 0.60590247
0.26060423 0.61572107 0.60590619
0.26060261 0.61571881 0.60590965
0.26060109 0.61571686 0.60591276
0.26059975 0.61571528 0.60591541
0.26059863 0.61571413 0.60591756
0.26059786 0.61571341 0.60591903
0.26059745 0.61571308 0.60591979
4.5778297 1.5274112 5.7224333
4.5778289 1.5274108 5.7224334
4.5778279 1.5274102 5.7224334
4.5778266 1.5274095 5.7224335
4.5778251 1.5274088 5.7224337
4.5778233 1.5274081 5.722434
4.5778212 1.5274074 5.7224344
4.577819 1.5274068 5.7224349
4.5778165 1.5274063 5.7224357
4.5778138 1.5274057 5.7224365
4.5778107 1.5274053 5.7224375
4.5778072 1.5274049 5.7224385
4.5778033 1.5274046 5.7224396
4.5777992 1.5274045 5.7224407
4.5777948 1.5274043 5.7224419
4.5777903 1.5274041 5.7224431
4.5777857 1.5274039 5.7224444
4.5777812 1.5274037 5.7224457
4.577777 1.5274034 5.7224469
4.5777733 1.5274031 5.722448
4.5777702 1.5274029 5.7224491
4.5777677 1.5274027 5.72245
4.5777658 1.5274025 5.7224508
4.5777647 1.5274023 5.7224513
4.5777641 1.5274022 5.7224515
2.6916496 1.0920619 0.68111626
2.6916498 1.0920623 0.68111659
2.6916502 1.0920631 0.68111724
2.6916507 1.0920642 0.68111815
2.6916514 1.0920655 0.68111923
2.6916522 1.0920669 0.6811204
2.6916531 1.0920684 0.68112151
2.6916541 1.0920699 0.68112254
2.6916553 1.0920713 0.68112344
2.6916566 1.0920726 0.68112429
2.6916579 1.0920738 0.68112507
2.6916592 1.0920749 0.68112575
2.6916604 1.0920758 0.68112634
2.6916614 1.0920766 0.68112681
2.6916622 1.0920771 0.68112719
2.6916626 1.0920774 0.68112749
1.9105212 0.27097044 0.73691978
1.9105209 0.27097052 0.73692032
1.9105205 0.27097068 0.73692111
1.9105202 0.27097091 0.73692206
1.9105195 0.27097111 0.73692358
1.9105183 0.2709713 0.73692564
0 0 0
0.94442493 2.1343905 3.5526442
0.94442243 2.134393 3.5526401
0.94441955 2.1343958 3.5526355
0.94441635 2.1343988 3.5526305
0.9444129 2.1344019 3.5526251
0.94440939 2.1344049 3.5526198
0.94440595 2.1344076 3.5526146
0.9444027 2.1344101 3.55261
1.2630338 2.558466 5.3979709
1.2630345 2.5584666 5.3979706
1.2630347 2.5584669 5.3979703
1.2630348 2.558467 5.39797
2.1405287 2.391114 1.3798983
2.1405269 2.3911145 1.3798987
2.1405245 2.3911152 1.3798993
0 0 0
4.963046 1.6249333 1.6524733
4.9630479 1.624932 1.6524728
4.9630501 1.6249306 1.6524723
4.9630527 1.6249293 1.6524717
4.9630553 1.6249281 1.652471
4.963058 1.6249269 1.6524703
4.9630607 1.6249258 1.6524696
4.9630633 1.6249248 1.6524689
4.9630657 1.6249238 1.6524683
4.9630678 1.624923 1.6524678
4.9630696 1.6249221 1.6524673
4.9630711 1.6249212 1.6524668
4.9630723 1.6249205 1.6524665
4.5785014 1.0476177 5.449308
4.5785022 1.0476206 5.4493082
4.5785033 1.047624 5.4493085
4.5785046 1.0476278 5.4493087
4.5785063 1.047632 5.4493089
4.5785081 1.0476365 5.449309
4.5785102 1.0476412 5.4493091
4.5785125 1.0476461 5.4493092
4.578515 1.047651 5.4493091
4.5785176 1.0476559 5.4493088
5.2623469 1.2748183 3.0333881
5.2623473 1.274818 3.0333879
5.262348 1.2748172 3.0333876
5.2623491 1.2748162 3.0333869
5.2623507 1.2748147 3.033386
5.2623526 1.274813 3.0333849
5.2623549 1.2748111 3.0333836
5.2623574 1.274809 3.0333823
5.2623602 1.2748069 3.0333809
5.2623632 1.2748048 3.0333795
5.2623663 1.2748027 3.0333781
5.2623694 1.2748006 3.0333768
5.2623722 1.2747985 3.0333754
5.2623747 1.2747966 3.0333741
5.2623769 1.274795 3.033373
5.2623787 1.2747936 3.0333721
5.2623802 1.2747925 3.0333714
5.2623812 1.2747917 3.033371
0.26063267 0.61575816 0.60584602
0.26063214 0.61575769 0.60584755
0.26063146 0.61575687 0.60584975
0.26063059 0.61575573 0.60585257
0.26062946 0.61575432 0.60585595
0.26062801 0.61575261 0.60585986
0.26062643 0.61575066 0.60586399
0.26062478 0.61574849 0.60586813
0.2606231 0.61574612 0.60587228
0.26062133 0.61574354 0.60587641
0.26061947 0.61574076 0.60588054
0.2606174 0.61573783 0.60588477
0.26061521 0.6157348 0.60588914
0.26061296 0.61573178 0.60589357
0.26061068 0.61572884 0.60589796
0.26060841 0.61572605 0.60590226
0.26060624 0.6157235 0.60590631
0.26060423 0.61572123 0.60591005
0.26060238 0.61571929 0.60591338
0.26060083 0.61571769 0.60591614
0.26059956 0.61571652 0.60591835
0.26059874 0.61571579 0.60591983
0.26059834 0.61571545 0.60592058
4.5778337 1.5274235 5.7224263
4.5778329 1.5274232 5.7224262
4.5778317 1.5274227 5.7224261
4.5778303 1.5274222 5.7224259
4.5778285 1.5274216 5.7224258
4.5778265 1.527421 5.7224257
4.5778242 1.5274205 5.7224258
4.5778218 1.52742 5.7224261
4.577819 1.5274194 5.7224265
4.5778159 1.5274189 5.7224271
4.5778126 1.5274185 5.7224279
4.5778088 1.5274182 5.7224287
4.5778046 1.5274179 5.7224297
4.5778001 1.5274177 5.7224307
4.5777954 1.5274176 5.7224318
4.5777905 1.5274173 5.7224329
4.5777856 1.5274171 5.7224342
4.5777807 1.5274168 5.7224354
4.5777762 1.5274165 5.7224366
4.5777722 1.5274161 5.7224376
4.5777688 1.5274158 5.7224386
4.577766 1.5274156 5.7224395
4.5777639 1.5274154 5.7224402
4.5777626 1.5274152 5.7224407
4.5777619 1.5274151 5.722441
2.691648 1.0920631 0.68112043
2.6916482 1.0920635 0.68112081
2.6916486 1.0920642 0.68112147
2.691649 1.0920653 0.6811224
2.6916497 1.0920666 0.68112348
2.6916504 1.092068 0.68112463
2.6916512 1.0920696 0.68112577
2.6916522 1.092071 0.68112684
2.6916534 1.0920724 0.68112778
2.6916547 1.0920737 0.68112865
2.691656 1.0920749 0.6811294
2.6916574 1.092076 0.68113003
2.6916586 1.0920769 0.68113059
2.6916597 1.0920776 0.68113103
2.6916605 1.0920781 0.68113136
2.6916609 1.0920784 0.68113165
1.9105206 0.27096965 0.73692117
1.9105203 0.27096976 0.73692164
1.9105201 0.27096993 0.73692234
1.9105197 0.27097016 0.73692335
1.9105188 0.27097038 0.73692494
1.9105177 0.27097058 0.73692698
1.9105161 0.27097081 0.73692937
1.9105144 0.27097103 0.73693191
1.2630267 2.5584612 5.3979689
1.2630271 2.5584616 5.397969
1.2630279 2.5584622 5.3979694
1.263029 2.558463 5.3979699
1.2630304 2.5584639 5.3979704
1.2630317 2.5584649 5.3979709
1.2630329 2.5584658 5.3979711
1.2630339 2.5584665 5.3979711
1.2630345 2.5584671 5.3979708
1.2630348 2.5584674 5.3979705
1.2630349 2.5584676 5.3979704
2.1405288 2.3911138 1.3798982
2.1405269 2.3911144 1.3798986
2.1405246 2.3911151 1.3798992
2.1405217 2.391116 1.3799
2.1405186 2.3911171 1.379901
2.1405153 2.3911185 1.3799022
2.1405121 2.39112 1.3799037
2.1405091 2.3911216 1.3799055
2.1405064 2.3911233 1.3799073
2.140504 2.391125 1.3799091
2.1405018 2.3911267 1.3799107
2.1404998 2.3911283 1.3799119
2.1404979 2.3911297 1.3799128
2.1404964 2.3911309 1.3799134
2.1404954 2.3911318 1.3799137
2.1404949 2.3911322 1.379914
4.5785016 1.0476156 5.4493087
4.5785023 1.047618 5.4493089
4.5785032 1.0476209 5.4493091
4.5785042 1.0476243 5.4493093
4.5785055 1.0476281 5.4493095
4.5785071 1.0476324 5.4493096
4.5785089 1.0476369 5.4493097
4.578511 1.0476417 5.4493098
4.5785133 1.0476465 5.4493098
4.5785158 1.0476516 5.4493097
4.5785184 1.0476566 5.4493094
4.5785211 1.0476616 5.449309
5.2623475 1.2748168 3.033387
5.2623482 1.2748161 3.0333866
5.2623494 1.274815 3.033386
5.2623509 1.2748136 3.0333851
5.2623528 1.274812 3.033384
5.2623549 1.2748102 3.0333827
5.2623574 1.2748081 3.0333814
5.2623602 1.274806 3.03338
5.2623631 1.274804 3.0333786
5.2623662 1.2748019 3.0333773
5.2623692 1.2747998 3.0333759
5.2623719 1.2747978 3.0333746
5.2623744 1.274796 3.0333733
5.2623766 1.2747944 3.0333722
5.2623785 1.274793 3.0333713
5.26238 1.274792 3.0333707
5.262381 1.2747912 3.0333703
0.26063864 0.61576085 0.60584224
0.26063817 0.61576034 0.60584373
0.26063749 0.61575953 0.60584598
0.26063655 0.6157584 0.60584888
0.26063534 0.615757 0.60585236
0.26063381 0.61575528 0.60585634
0.26063209 0.61575326 0.60586061
0.26063022 0.61575103 0.60586498
0.2606282 0.61574858 0.60586948
0.26062604 0.61574594 0.605874
0.26062377 0.61574309 0.60587852
0.26062131 0.61574008 0.60588312
0.26061872 0.61573703 0.60588785
0.26061606 0.61573404 0.60589264
0.26061335 0.61573114 0.60589737
0.2606107 0.61572842 0.60590195
0.26060816 0.61572591 0.60590627
0.26060582 0.61572365 0.60591022
0.26060371 0.61572171 0.60591369
0.26060196 0.6157201 0.60591655
0.26060057 0.61571893 0.60591883
0.26059965 0.61571819 0.60592035
0.2605992 0.61571782 0.60592112
4.5778376 1.5274357 5.7224194
4.5778366 1.5274354 5.7224191
4.5778354 1.5274351 5.7224188
4.5778338 1.5274347 5.7224184
4.5778318 1.5274343 5.722418
4.5778296 1.5274339 5.7224177
4.5778271 1.5274334 5.7224174
4.5778244 1.527433 5.7224174
4.5778213 1.5274325 5.7224175
4.5778179 1.5274321 5.7224179
4.5778142 1.5274316 5.7224184
4.5778101 1.5274313 5.722419
4.5778057 1.5274311 5.7224198
4.5778009 1.527431 5.7224207
4.5777958 1.5274308 5.7224217
4.5777905 1.5274306 5.7224229
4.5777853 1.5274303 5.722424
4.5777801 1.5274299 5.7224252
4.5777752 1.5274295 5.7224263
4.5777709 1.5274292 5.7224272
4.5777671 1.5274288 5.7224282
4.5777641 1.5274285 5.722429
4.5777619 1.5274283 5.7224297
4.5777604 1.5274282 5.7224302
4.5777596 1.5274281 5.7224304
2.6916467 1.0920641 0.68112473
2.6916468 1.0920645 0.68112511
2.6916471 1.0920652 0.68112577
2.6916476 1.0920663 0.68112666
2.6916481 1.0920676 0.68112766
2.6916488 1.0920691 0.68112876
2.6916496 1.0920706 0.68112987
2.6916505 1.0920721 0.68113096
2.6916517 1.0920735 0.68113193
2.6916529 1.0920748 0.68113281
2.6916543 1.092076 0.68113355
2.6916557 1.092077 0.68113416
2.6916569 1.0920779 0.68113465
2.691658 1.0920787 0.68113503
2.6916588 1.0920792 0.68113533
2.6916593 1.0920795 0.68113556
1.9105197 0.27096814 0.7369235
1.9105195 0.27096823 0.73692394
1.9105193 0.27096842 0.73692462
1.9105188 0.27096866 0.73692568
1.9105179 0.27096889 0.73692735
1.9105166 0.27096913 0.73692938
1.9105151 0.2709694 0.7369317
1.9105134 0.27096968 0.73693418
1.2630271 2.5584621 5.3979692
1.2630274 2.5584624 5.3979693
1.2630282 2.558463 5.3979696
1.2630292 2.5584638 5.3979701
1.2630306 2.5584647 5.3979707
1.2630319 2.5584657 5.3979711
1.2630331 2.5584666 5.3979714
1.263034 2.5584674 5.3979714
1.2630346 2.558468 5.3979713
1.2630349 2.5584684 5.3979711
1.2630351 2.5584686 5.397971
2.1405289 2.3911135 1.3798979
2.140527 2.3911141 1.3798983
2.1405246 2.3911149 1.3798989
2.1405218 2.3911158 1.3798997
2.1405187 2.391117 1.3799008
2.1405154 2.3911183 1.3799021
2.1405122 2.3911199 1.3799036
2.1405093 2.3911215 1.3799054
2.1405066 2.3911232 1.3799072
2.1405042 2.3911249 1.3799089
2.140502 2.3911266 1.3799105
2.1405 2.3911282 1.3799117
2.1404981 2.3911297 1.3799126
2.1404967 2.3911309 1.3799132
2.1404956 2.3911318 1.3799135
2.1404951 2.3911322 1.3799137
4.5785027 1.047616 5.4493097
4.5785034 1.0476183 5.4493099
4.5785042 1.0476213 5.4493101
4.5785053 1.0476247 5.4493103
4.5785066 1.0476285 5.4493105
4.5785081 1.0476328 5.4493106
4.5785099 1.0476374 5.4493107
4.5785119 1.0476422 5.4493107
4.5785142 1.0476472 5.4493107
4.5785167 1.0476523 5.4493105
4.5785194 1.0476574 5.4493101
4.5785221 1.0476625 5.4493096
5.2623478 1.2748152 3.0333859
5.2623485 1.2748145 3.0333855
5.2623497 1.2748135 3.0333848
5.2623512 1.2748122 3.033384
5.262353 1.2748106 3.0333829
5.2623551 1.2748089 3.0333817
5.2623575 1.2748069 3.0333803
5.2623602 1.2748049 3.0333789
5.2623631 1.2748028 3.0333776
5.2623661 1.2748008 3.0333762
5.262369 1.2747988 3.0333749
5.2623717 1.2747969 3.0333736
5.2623741 1.2747951 3.0333723
5.2623763 1.2747935 3.0333713
5.2623782 1.2747922 3.0333704
5.2623797 1.2747912 3.0333698
5.2623808 1.2747905 3.0333694
0.26064431 0.61576349 0.60583881
0.26064385 0.61576298 0.6058403
0.26064316 0.61576219 0.60584255
0.26064215 0.61576106 0.60584551
0.26064083 0.61575964 0.60584907
0.26063919 0.61575788 0.60585313
0.26063729 0.61575582 0.60585754
0.26063515 0.61575354 0.60586217
0.26063279 0.61575102 0.60586699
0.26063025 0.61574826 0.60587186
0.26062753 0.61574531 0.60587676
0.26062467 0.61574222 0.60588175
0.26062175 0.61573914 0.60588677
0.26061877 0.61573616 0.60589182
0.26061576 0.61573333 0.60589679
0.2606128 0.61573069 0.60590158
0.26061 0.61572824 0.60590607
0.26060743 0.61572604 0.60591013
0.26060515 0.61572411 0.60591366
0.2606032 0.61572252 0.60591663
0.26060166 0.61572138 0.60591897
0.26060058 0.61572065 0.6059206
0.26060007 0.61572029 0.6059214
4.5778412 1.5274476 5.7224126
4.5778402 1.5274475 5.7224121
4.5778388 1.5274473 5.7224116
4.5778371 1.527447 5.722411
4.577835 1.5274467 5.7224104
4.5778326 1.5274465 5.7224098
4.5778298 1.5274462 5.7224093
4.5778268 1.5274458 5.7224089
4.5778234 1.5274455 5.7224088
4.5778197 1.527445 5.7224088
4.5778157 1.5274447 5.7224091
4.5778113 1.5274444 5.7224095
4.5778065 1.5274442 5.7224101
4.5778013 1.5274441 5.7224109
4.5777959 1.5274439 5.7224119
4.5777903 1.5274437 5.722413
4.5777847 1.5274433 5.722414
4.5777792 1.5274429 5.7224151
4.577774 1.5274425 5.722416
4.5777694 1.5274421 5.7224169
4.5777654 1.5274416 5.7224178
4.5777621 1.5274413 5.7224186
4.5777596 1.5274411 5.7224193
4.5777579 1.527441 5.7224197
4.5777571 1.527441 5.72242
2.6916456 1.0920651 0.681129
2.6916457 1.0920654 0.68112936
2.691646 1.0920661 0.68112999
2.6916464 1.0920672 0.68113079
2.6916469 1.0920685 0.68113171
2.6916475 1.09207 0.68113275
2.6916483 1.0920715 0.6811338
2.6916492 1.092073 0.68113485
2.6916503 1.0920744 0.68113581
2.6916515 1.0920757 0.68113668
2.6916529 1.0920769 0.68113743
2.6916542 1.0920779 0.68113799
2.6916554 1.0920789 0.68113841
2.6916565 1.0920796 0.68113872
2.6916573 1.0920801 0.68113895
2.6916578 1.0920804 0.68113911
1.9105186 0.27096583 0.73692691
1.9105184 0.27096594 0.73692727
1.9105182 0.27096615 0.7369279
1.9105176 0.27096641 0.73692897
1.9105166 0.27096669 0.7369307
1.9105153 0.27096698 0.73693266
1.9105138 0.27096733 0.73693495
1.9105121 0.27096766 0.73693737
1.2630277 2.5584634 5.3979697
1.263028 2.5584637 5.3979698
1.2630287 2.5584643 5.3979701
1.2630297 2.558465 5.3979705
1.2630309 2.5584659 5.397971
1.2630322 2.5584669 5.3979715
1.2630334 2.5584678 5.3979718
1.2630342 2.5584686 5.3979719
1.2630348 2.5584693 5.3979719
1.2630351 2.5584698 5.3979718
1.2630353 2.55847 5.3979717
2.1405292 2.3911131 1.3798976
2.1405273 2.3911137 1.379898
2.1405249 2.3911145 1.3798986
2.1405221 2.3911155 1.3798995
2.140519 2.3911167 1.3799006
2.1405158 2.3911181 1.379902
2.1405126 2.3911196 1.3799036
2.1405097 2.3911213 1.3799053
2.140507 2.3911231 1.3799071
2.1405045 2.3911248 1.3799087
2.1405023 2.3911265 1.3799102
2.1405002 2.3911281 1.3799114
2.1404984 2.3911296 1.3799122
2.140497 2.3911308 1.3799128
2.1404959 2.3911317 1.3799131
2.1404954 2.3911322 1.3799133
4.5785039 1.0476164 5.4493111
4.5785046 1.0476188 5.4493112
4.5785055 1.0476217 5.4493114
4.5785065 1.0476252 5.4493117
4.5785078 1.0476291 5.4493118
4.5785093 1.0476334 5.4493119
4.578511 1.047638 5.4493119
4.578513 1.0476429 5.4493119
4.5785152 1.047648 5.4493117
4.5785178 1.0476532 5.4493114
4.5785205 1.0476584 5.4493109
4.5785232 1.0476636 5.4493104
0 0 0
5.2623489 1.2748127 3.0333841
5.26235 1.2748117 3.0333835
5.2623515 1.2748104 3.0333827
5.2623532 1.2748089 3.0333816
5.2623553 1.2748072 3.0333804
5.2623576 1.2748053 3.0333791
5.2623603 1.2748033 3.0333777
5.2623631 1.2748013 3.0333764
5.262366 1.2747994 3.033375
5.2623688 1.2747975 3.0333737
5.2623715 1.2747956 3.0333723
5.2623739 1.2747939 3.0333711
5.2623761 1.2747924 3.0333701
5.262378 1.2747911 3.0333693
5.2623795 1.2747901 3.0333687
5.2623806 1.2747894 3.0333684
5.2623811 1.274789 3.0333682
0.2606491 0.61576551 0.60583723
0.26064834 0.6157647 0.6058395
0.26064724 0.61576358 0.60584251
0.26064576 0.61576215 0.60584616
0.26064401 0.61576038 0.60585028
0.26064193 0.61575828 0.60585481
0.26063951 0.61575594 0.60585967
0.26063678 0.61575334 0.60586479
0.26063383 0.61575047 0.60587003
0.26063073 0.6157474 0.60587531
0.26062757 0.61574424 0.60588056
0.26062433 0.61574112 0.60588587
0.26062108 0.61573813 0.60589114
0.26061784 0.61573535 0.60589627
0.26061465 0.61573279 0.6059012
0.26061171 0.61573044 0.60590574
0.26060902 0.61572832 0.60590982
0.2606066 0.61572643 0.6059134
0.26060452 0.61572489 0.60591643
0.26060281 0.61572377 0.60591889
0.26060156 0.61572306 0.60592062
0.26060094 0.61572272 0.60592149
4.5778447 1.5274594 5.7224059
4.5778436 1.5274593 5.7224053
4.577842 1.5274592 5.7224046
4.5778402 1.5274591 5.7224038
4.5778379 1.527459 5.7224029
4.5778353 1.5274588 5.7224021
4.5778323 1.5274586 5.7224013
4.577829 1.5274584 5.7224007
4.5778253 1.5274581 5.7224003
4.5778213 1.5274578 5.7224001
4.5778169 1.5274575 5.7224
4.5778122 1.5274572 5.7224002
4.577807 1.5274571 5.7224006
4.5778015 1.527457 5.7224013
4.5777957 1.5274569 5.7224022
4.5777898 1.5274566 5.7224032
4.5777839 1.5274562 5.7224042
4.5777781 1.5274557 5.7224051
4.5777726 1.5274553 5.722406
4.5777677 1.5274548 5.7224068
4.5777634 1.5274543 5.7224076
4.5777599 1.527454 5.7224084
4.5777572 1.5274538 5.722409
4.5777553 1.5274537 5.7224094
4.5777544 1.5274536 5.7224096
2.6916447 1.092066 0.6811331
2.6916448 1.0920663 0.68113343
2.691645 1.092067 0.68113404
2.6916454 1.092068 0.68113478
2.6916459 1.0920693 0.68113564
2.6916466 1.0920707 0.68113658
2.6916473 1.0920722 0.68113752
2.6916482 1.0920737 0.6811385
2.6916492 1.0920751 0.68113941
2.6916504 1.0920764 0.68114023
2.6916517 1.0920776 0.68114093
2.691653 1.0920787 0.68114145
2.6916542 1.0920796 0.68114181
2.6916553 1.0920803 0.68114206
2.6916561 1.0920808 0.68114221
2.6916567 1.0920811 0.68114231
1.9105174 0.2709628 0.73693105
1.9105172 0.27096295 0.7369314
1.9105169 0.27096319 0.73693198
1.9105163 0.27096349 0.73693308
1.9105151 0.27096384 0.7369348
1.9105138 0.27096421 0.73693675
1.9105123 0.27096464 0.736939
1.9105106 0.27096504 0.73694137
1.9105088 0.27096539 0.73694378
1.2630289 2.5584653 5.3979705
1.2630295 2.5584658 5.3979708
1.2630303 2.5584665 5.3979711
1.2630314 2.5584674 5.3979716
1.2630326 2.5584683 5.397972
1.2630337 2.5584692 5.3979724
1.2630346 2.5584701 5.3979726
1.2630352 2.5584708 5.3979726
1.2630355 2.5584713 5.3979726
1.2630357 2.5584716 5.3979725
2.1405297 2.3911125 1.3798973
2.1405278 2.3911131 1.3798977
2.1405254 2.391114 1.3798984
2.1405226 2.3911151 1.3798993
2.1405195 2.3911163 1.3799004
2.1405163 2.3911177 1.3799019
2.1405132 2.3911193 1.3799035
2.1405103 2.391121 1.3799053
2.1405076 2.3911228 1.379907
2.140505 2.3911245 1.3799086
2.1405028 2.3911263 1.37991
2.1405007 2.3911279 1.3799111
2.1404989 2.3911295 1.3799118
2.1404974 2.3911307 1.3799124
2.1404963 2.3911317 1.3799126
2.1404958 2.3911322 1.3799128
4.5785052 1.047617 5.4493127
4.5785059 1.0476194 5.4493128
4.5785068 1.0476224 5.449313
4.5785078 1.0476259 5.4493132
4.5785091 1.0476298 5.4493133
4.5785105 1.0476341 5.4493134
4.5785122 1.0476388 5.4493134
4.5785141 1.0476438 5.4493132
4.5785164 1.0476489 5.449313
4.5785189 1.0476542 5.4493125
4.5785216 1.0476595 5.4493119
4.5785243 1.0476647 5.4493112
4.5785271 1.0476697 5.4493105
4.5785297 1.0476744 5.4493098
0 0 0
5.2623518 1.2748084 3.0333812
5.2623535 1.2748069 3.0333802
5.2623555 1.2748051 3.033379
5.2623578 1.2748033 3.0333778
5.2623604 1.2748014 3.0333764
5.2623631 1.2747996 3.033375
5.2623659 1.2747977 3.0333736
5.2623687 1.2747958 3.0333722
5.2623713 1.274794 3.0333709
5.2623738 1.2747923 3.0333696
5.262376 1.2747909 3.0333686
5.2623779 1.2747896 3.0333679
5.2623794 1.2747887 3.0333674
5.2623805 1.274788 3.033367
5.262381 1.2747876 3.0333669
0.26065381 0.61576785 0.60583456
0.26065297 0.61576703 0.60583685
0.26065174 0.61576592 0.60583992
0.26065012 0.61576449 0.60584365
0.2606482 0.61576273 0.60584786
0.26064589 0.61576061 0.60585252
0.26064319 0.61575821 0.60585758
0.26064018 0.61575554 0.60586293
0.26063692 0.61575259 0.60586844
0.26063353 0.61574942 0.60587399
0.26063007 0.61574619 0.60587952
0.26062655 0.61574302 0.60588508
0.26062309 0.61574 0.6058905
0.26061968 0.61573724 0.60589575
0.26061638 0.61573471 0.60590072
0.26061333 0.61573244 0.60590531
0.26061054 0.61573038 0.6059094
0.26060798 0.61572855 0.60591306
0.26060575 0.61572709 0.60591618
0.26060387 0.615726 0.60591873
0.26060248 0.61572532 0.60592053
0.26060178 0.615725 0.60592147
4.5778479 1.527471 5.7223994
4.5778467 1.527471 5.7223987
4.577845 1.527471 5.7223978
4.577843 1.527471 5.7223968
4.5778405 1.527471 5.7223957
4.5778377 1.5274709 5.7223946
4.5778345 1.5274708 5.7223936
4.5778309 1.5274707 5.7223927
4.5778269 1.5274705 5.7223921
4.5778226 1.5274702 5.7223916
4.5778179 1.52747 5.7223912
4.5778128 1.5274698 5.7223912
4.5778073 1.5274697 5.7223914
4.5778014 1.5274696 5.722392
4.5777954 1.5274695 5.7223927
4.5777891 1.5274692 5.7223935
4.5777829 1.5274688 5.7223944
4.5777768 1.5274683 5.7223953
4.5777711 1.5274678 5.7223961
4.5777659 1.5274672 5.7223969
4.5777614 1.5274667 5.7223977
4.5777576 1.5274664 5.7223984
4.5777547 1.5274662 5.7223989
4.5777527 1.527466 5.7223993
4.5777517 1.527466 5.7223995
2.691644 1.0920669 0.68113695
2.6916441 1.0920672 0.68113727
2.6916443 1.0920678 0.68113786
2.6916447 1.0920687 0.68113857
2.6916452 1.09207 0.68113938
2.6916458 1.0920714 0.68114023
2.6916465 1.0920729 0.68114105
2.6916474 1.0920743 0.6811419
2.6916485 1.0920757 0.6811427
2.6916497 1.092077 0.6811434
2.6916509 1.0920782 0.68114402
2.6916521 1.0920792 0.6811445
2.6916533 1.0920801 0.68114479
2.6916544 1.0920808 0.681145
2.6916552 1.0920812 0.68114509
2.6916558 1.0920815 0.68114514
1.9105164 0.27095918 0.73693559
1.9105162 0.27095934 0.73693597
1.9105158 0.27095961 0.73693661
1.910515 0.27095999 0.73693766
1.9105138 0.27096044 0.73693928
1.9105124 0.27096092 0.7369413
1.9105107 0.2709614 0.73694365
1.9105089 0.27096184 0.73694612
1.910507 0.27096222 0.73694862
1.9105051 0.27096251 0.73695103
0 0 0
1.2630312 2.5584682 5.397972
1.2630322 2.558469 5.3979724
1.2630332 2.5584699 5.3979728
1.2630342 2.5584708 5.3979731
1.263035 2.5584716 5.3979734
1.2630357 2.5584723 5.3979735
1.263036 2.5584729 5.3979734
1.2630362 2.5584732 5.3979734
2.1405303 2.3911118 1.3798968
2.1405284 2.3911125 1.3798973
2.1405261 2.3911134 1.3798981
2.1405233 2.3911145 1.3798991
2.1405202 2.3911157 1.3799003
2.1405171 2.3911172 1.3799018
2.140514 2.3911188 1.3799034
2.1405111 2.3911205 1.3799052
2.1405084 2.3911224 1.3799069
2.1405058 2.3911242 1.3799084
2.1405035 2.391126 1.3799097
2.1405014 2.3911277 1.3799107
2.1404995 2.3911293 1.3799115
2.140498 2.3911306 1.379912
2.1404969 2.3911316 1.3799122
2.1404964 2.3911321 1.3799124
4.5785065 1.0476177 5.4493146
4.5785072 1.0476202 5.4493146
4.5785081 1.0476232 5.4493148
4.5785092 1.0476267 5.4493149
4.5785104 1.0476306 5.449315
4.5785118 1.047635 5.449315
4.5785134 1.0476397 5.4493149
4.5785154 1.0476448 5.4493147
4.5785176 1.04765 5.4493143
4.5785201 1.0476553 5.4493137
4.5785228 1.0476606 5.4493129
4.5785255 1.0476659 5.4493121
4.5785283 1.047671 5.4493113
4.578531 1.0476758 5.4493105
0 0 0
0 0 0
5.2623539 1.2748046 3.0333785
5.2623558 1.2748029 3.0333774
5.2623581 1.2748012 3.0333761
5.2623606 1.2747993 3.0333748
5.2623632 1.2747975 3.0333734
5.262366 1.2747957 3.0333719
5.2623687 1.2747939 3.0333705
5.2623713 1.2747921 3.0333691
5.2623738 1.2747905 3.0333679
5.262376 1.2747891 3.0333669
5.2623779 1.2747879 3.0333662
5.2623795 1.274787 3.0333657
5.2623805 1.2747863 3.0333655
5.2623811 1.274786 3.0333653
0.26065787 0.61576992 0.60583239
0.26065695 0.61576912 0.60583468
0.26065562 0.61576802 0.60583777
0.26065389 0.6157666 0.60584154
0.2606518 0.61576482 0.60584582
0.2606493 0.61576269 0.60585058
0.26064636 0.61576025 0.60585579
0.2606431 0.61575754 0.60586129
0.26063963 0.61575453 0.60586697
0.26063601 0.6157513 0.60587276
0.26063233 0.61574802 0.60587853
0.26062856 0.61574482 0.60588429
0.26062488 0.61574178 0.60588984
0.26062135 0.615739 0.60589515
0.26061799 0.61573647 0.60590015
0.26061485 0.61573422 0.60590476
0.26061197 0.6157322 0.60590891
0.26060928 0.61573044 0.60591266
0.26060688 0.61572902 0.60591592
0.26060489 0.61572799 0.60591853
0.26060345 0.61572734 0.60592033
0.26060268 0.61572702 0.60592132
4.5778508 1.5274824 5.7223931
4.5778495 1.5274824 5.7223922
4.5778477 1.5274825 5.7223912
4.5778455 1.5274826 5.72239
4.577843 1.5274827 5.7223887
4.57784 1.5274827 5.7223874
4.5778365 1.5274827 5.7223861
4.5778326 1.5274826 5.722385
4.5778284 1.5274825 5.7223841
4.5778238 1.5274824 5.7223834
4.5778187 1.5274823 5.7223828
4.5778133 1.5274821 5.7223825
4.5778074 1.527482 5.7223826
4.5778012 1.5274819 5.7223829
4.5777949 1.5274817 5.7223834
4.5777883 1.5274815 5.7223841
4.5777818 1.527481 5.7223849
4.5777754 1.5274805 5.7223857
4.5777694 1.5274799 5.7223865
4.5777639 1.5274793 5.7223873
4.5777591 1.5274789 5.722388
4.5777552 1.5274785 5.7223886
4.5777521 1.5274783 5.7223891
4.5777499 1.5274781 5.7223895
4.5777489 1.527478 5.7223896
2.6916434 1.0920677 0.68114052
2.6916435 1.092068 0.68114085
2.6916437 1.0920685 0.68114143
2.691644 1.0920694 0.68114213
2.6916445 1.0920706 0.68114287
2.6916451 1.092072 0.68114362
2.6916459 1.0920734 0.68114431
2.6916469 1.0920748 0.681145
2.6916479 1.0920761 0.68114563
2.6916491 1.0920774 0.68114618
2.6916504 1.0920785 0.68114669
2.6916516 1.0920795 0.68114712
2.6916527 1.0920804 0.68114735
2.6916538 1.092081 0.68114752
2.6916546 1.0920815 0.68114757
2.6916552 1.0920818 0.6811476
1.9105157 0.27095502 0.73694048
1.9105154 0.27095519 0.73694093
1.9105149 0.27095553 0.7369416
1.9105141 0.270956 0.73694256
1.9105129 0.27095656 0.73694415
1.9105112 0.27095713 0.73694625
1.9105093 0.27095766 0.73694874
1.9105073 0.27095811 0.73695134
1.9105052 0.27095851 0.73695394
1.9105031 0.27095884 0.73695646
1.9105015 0.27095904 0.73695846
1.2630324 2.55847 5.397973
1.2630331 2.5584708 5.3979734
1.263034 2.5584716 5.3979737
1.2630348 2.5584724 5.397974
1.2630356 2.5584732 5.3979742
1.2630362 2.5584738 5.3979744
1.2630366 2.5584743 5.3979744
2.1405323 2.3911105 1.3798961
2.140531 2.391111 1.3798964
2.1405291 2.3911118 1.379897
2.1405268 2.3911127 1.3798978
2.1405241 2.3911138 1.3798989
2.1405211 2.3911151 1.3799001
2.140518 2.3911166 1.3799017
2.1405149 2.3911182 1.3799033
2.1405121 2.39112 1.3799051
2.1405094 2.3911219 1.3799068
2.1405069 2.3911238 1.3799083
2.1405044 2.3911257 1.3799095
2.1405022 2.3911275 1.3799105
2.1405003 2.3911292 1.3799112
2.1404988 2.3911305 1.3799117
2.1404977 2.3911315 1.379912
4.5785072 1.0476168 5.4493168
4.5785078 1.0476186 5.4493167
4.5785085 1.0476211 5.4493166
4.5785094 1.0476242 5.4493167
4.5785105 1.0476277 5.4493168
4.5785117 1.0476317 5.4493167
4.5785131 1.047636 5.4493166
4.5785147 1.0476408 5.4493164
4.5785166 1.0476458 5.4493161
4.5785188 1.0476511 5.4493156
4.5785212 1.0476564 5.4493149
4.5785239 1.0476618 5.4493141
4.5785266 1.0476672 5.4493132
4.5785294 1.0476724 5.4493123
4.5785321 1.0476772 5.4493114
4.5785345 1.0476816 5.4493106
4.5785366 1.0476855 5.44931
5.2623544 1.2748024 3.0333768
5.2623563 1.2748007 3.0333756
5.2623585 1.2747989 3.0333744
5.2623609 1.2747971 3.033373
5.2623634 1.2747953 3.0333716
5.2623661 1.2747935 3.0333701
5.2623688 1.2747917 3.0333686
5.2623714 1.2747901 3.0333673
5.2623739 1.2747885 3.033366
5.2623761 1.2747871 3.0333651
5.262378 1.2747859 3.0333644
5.2623795 1.2747851 3.033364
5.2623806 1.2747845 3.0333638
5.2623811 1.2747841 3.0333637
0.26066124 0.61577172 0.60583075
0.26066029 0.61577095 0.60583299
0.2606589 0.61576987 0.60583605
0.26065705 0.61576844 0.60583985
0.26065481 0.61576664 0.60584417
0.26065212 0.61576448 0.605849
0.26064907 0.61576201 0.60585424
0.26064569 0.61575925 0.60585981
0.26064203 0.61575621 0.60586564
0.26063817 0.61575297 0.60587164
0.26063428 0.61574965 0.60587762
0.26063035 0.61574643 0.60588349
0.2606265 0.61574337 0.60588917
0.26062286 0.61574057 0.60589454
0.26061941 0.615738 0.60589958
0.26061616 0.61573575 0.60590427
0.26061316 0.61573375 0.60590852
0.26061039 0.61573201 0.60591233
0.26060791 0.61573063 0.60591564
0.26060589 0.61572962 0.60591824
0.26060444 0.61572897 0.60592004
0.26060369 0.61572866 0.60592098
4.5778535 1.5274934 5.7223869
4.577852 1.5274935 5.722386
4.5778502 1.5274937 5.7223848
4.5778479 1.5274939 5.7223835
4.5778452 1.527494 5.722382
4.5778421 1.5274941 5.7223805
4.5778384 1.5274942 5.722379
4.5778342 1.5274942 5.7223777
4.5778297 1.5274942 5.7223766
4.5778247 1.5274942 5.7223756
4.5778194 1.5274941 5.7223748
4.5778136 1.527494 5.7223743
4.5778074 1.5274939 5.7223741
4.5778009 1.5274938 5.7223742
4.5777941 1.5274936 5.7223745
4.5777873 1.5274933 5.7223751
4.5777805 1.5274928 5.7223758
4.5777739 1.5274923 5.7223765
4.5777676 1.5274916 5.7223773
4.5777619 1.5274911 5.722378
4.5777569 1.5274906 5.7223787
4.5777527 1.5274903 5.7223793
4.5777494 1.52749 5.7223798
4.5777472 1.5274898 5.7223801
4.5777461 1.5274897 5.7223803
0 0 0
2.6916429 1.0920687 0.68114419
2.6916431 1.0920692 0.68114473
2.6916434 1.09207 0.68114537
2.6916439 1.0920712 0.68114605
2.6916446 1.0920725 0.68114671
2.6916454 1.0920738 0.6811473
2.6916464 1.0920751 0.6811478
2.6916475 1.0920764 0.68114824
2.6916488 1.0920776 0.68114862
2.69165 1.0920787 0.681149
2.6916512 1.0920797 0.68114934
2.6916524 1.0920805 0.68114953
2.6916534 1.0920811 0.68114965
2.6916542 1.0920816 0.6811497
2.6916548 1.092082 0.68114968
1.9105155 0.27095055 0.73694538
1.9105151 0.27095074 0.73694588
1.9105145 0.27095112 0.73694662
1.9105137 0.27095164 0.73694767
1.9105122 0.27095228 0.73694934
1.9105104 0.2709529 0.73695156
1.9105082 0.27095344 0.73695416
1.9105059 0.27095391 0.73695685
1.9105036 0.27095431 0.73695958
1.9105014 0.27095465 0.73696215
1.9104996 0.27095485 0.73696419
1.2630336 2.5584717 5.3979742
1.2630342 2.5584724 5.3979745
1.2630349 2.5584732 5.3979747
1.2630357 2.5584739 5.397975
1.2630364 2.5584746 5.3979753
1.263037 2.5584752 5.3979754
1.2630374 2.5584756 5.3979755
0 0 0
2.1405317 2.3911102 1.379896
2.1405299 2.391111 1.3798966
2.1405276 2.391112 1.3798975
2.140525 2.3911131 1.3798986
2.1405221 2.3911145 1.3799
2.140519 2.391116 1.3799015
2.140516 2.3911177 1.3799032
2.1405132 2.3911195 1.3799049
2.1405105 2.3911214 1.3799066
2.140508 2.3911235 1.3799081
2.1405055 2.3911255 1.3799093
2.1405033 2.3911274 1.3799103
2.1405014 2.3911291 1.379911
2.1404998 2.3911304 1.3799115
2.1404987 2.3911314 1.3799118
4.5785085 1.0476178 5.449319
4.5785091 1.0476196 5.4493189
4.5785098 1.0476221 5.4493188
4.5785107 1.0476253 5.4493188
4.5785118 1.0476288 5.4493187
4.5785131 1.0476328 5.4493185
4.5785145 1.0476372 5.4493183
4.578516 1.047642 5.449318
4.5785179 1.047647 5.4493176
4.57852 1.0476523 5.4493169
4.5785223 1.0476577 5.4493162
4.578525 1.0476631 5.4493153
4.5785277 1.0476685 5.4493143
4.5785305 1.0476738 5.4493133
4.5785331 1.0476787 5.4493124
4.5785355 1.0476832 5.4493116
4.5785376 1.0476872 5.4493109
4.5785394 1.0476905 5.4493104
5.2623569 1.2747984 3.0333738
5.262359 1.2747966 3.0333726
5.2623613 1.2747948 3.0333712
5.2623637 1.2747931 3.0333697
5.2623663 1.2747913 3.0333682
5.2623689 1.2747895 3.0333667
5.2623715 1.2747879 3.0333653
5.262374 1.2747863 3.0333641
5.2623763 1.274785 3.0333632
5.2623782 1.2747839 3.0333625
5.2623796 1.2747831 3.0333622
5.2623806 1.2747825 3.033362
5.2623811 1.2747822 3.0333619
0.26066394 0.61577318 0.60582958
0.26066296 0.61577245 0.60583174
0.26066157 0.6157714 0.60583471
0.26065966 0.61576996 0.60583848
0.2606573 0.61576814 0.60584282
0.26065451 0.61576594 0.6058477
0.26065134 0.61576343 0.60585296
0.26064787 0.61576063 0.60585855
0.26064407 0.61575758 0.60586447
0.26064005 0.61575433 0.60587061
3.335882 2.0781676 3.9788163
3.3358843 2.0781637 3.9788153
3.3358864 2.0781599 3.9788145
3.3358884 2.0781564 3.978814
3.3358902 2.0781531 3.9788137
3.335892 2.07815 3.9788136
3.3358937 2.0781471 3.9788138
3.3358953 2.0781442 3.9788142
3.3358968 2.0781413 3.9788149
3.3358982 2.0781384 3.9788157
3.3358993 2.0781355 3.9788167
3.3359002 2.0781324 3.9788179
4.577856 1.527504 5.7223809
4.5778544 1.5275042 5.7223799
4.5778525 1.5275044 5.7223786
4.5778502 1.5275047 5.7223772
4.5778473 1.5275049 5.7223756
4.5778439 1.5275051 5.722374
4.5778401 1.5275053 5.7223723
4.5778357 1.5275054 5.7223709
4.5778309 1.5275054 5.7223695
4.5778256 1.5275055 5.7223683
4.5778199 1.5275055 5.7223673
4.5778137 1.5275054 5.7223666
4.5778072 1.5275053 5.7223662
4.5778003 1.5275051 5.7223661
4.5777933 1.5275049 5.7223662
4.5777861 1.5275046 5.7223666
4.577779 1.5275041 5.7223671
4.5777722 1.5275035 5.7223679
4.5777657 1.5275029 5.7223686
4.5777598 1.5275023 5.7223694
4.5777546 1.5275018 5.72237
4.5777502 1.5275015 5.7223706
4.5777468 1.5275012 5.7223711
4.5777445 1.5275009 5.7223714
4.5777433 1.5275008 5.7223715
2.6916424 1.0920691 0.68114691
2.6916425 1.0920694 0.68114722
2.6916426 1.0920699 0.68114772
2.6916429 1.0920707 0.6811483
2.6916434 1.0920717 0.6811489
2.6916441 1.0920729 0.68114945
2.6916449 1.0920742 0.68114991
2.691646 1.0920754 0.68115024
2.6916472 1.0920766 0.68115049
2.6916485 1.0920777 0.6811507
2.6916498 1.0920788 0.68115094
2.691651 1.0920797 0.68115117
2.6916521 1.0920805 0.68115132
2.6916531 1.0920812 0.68115139
2.6916539 1.0920817 0.6811514
2.6916545 1.0920821 0.68115135
1.9105158 0.27094598 0.73695024
1.9105155 0.27094616 0.73695066
1.9105148 0.27094652 0.73695149
1.9105137 0.27094704 0.73695274
1.9105122 0.27094769 0.73695447
1.9105102 0.27094832 0.73695675
1.9105078 0.27094887 0.73695941
1.9105052 0.27094935 0.7369622
1.9105026 0.27094974 0.73696509
1.9105002 0.27095007 0.73696776
1.9104983 0.27095026 0.73696981
1.910497 0.27095037 0.7369712
1.2630354 2.558474 5.3979757
1.2630361 2.5584747 5.397976
1.2630367 2.5584753 5.3979763
1.2630374 2.5584758 5.3979765
1.2630379 2.5584763 5.3979766
1.2630383 2.5584767 5.3979767
2.1405338 2.3911088 1.3798952
2.1405325 2.3911093 1.3798955
2.1405306 2.3911101 1.3798962
2.1405284 2.3911111 1.3798972
2.1405259 2.3911123 1.3798983
2.140523 2.3911137 1.3798997
2.14052 2.3911153 1.3799013
2.1405171 2.391117 1.3799029
2.1405144 2.391119 1.3799047
2.1405117 2.3911211 1.3799064
2.1405092 2.3911232 1.3799079
2.1405067 2.3911252 1.3799091
2.1405044 2.3911272 1.3799101
2.1405025 2.391129 1.3799109
2.140501 2.3911304 1.3799115
4.5785094 1.0476176 5.4493216
4.5785098 1.0476188 5.4493214
4.5785103 1.0476207 5.4493212
4.578511 1.0476233 5.449321
4.5785119 1.0476264 5.4493209
4.578513 1.04763 5.4493206
4.5785143 1.047634 5.4493203
4.5785157 1.0476384 5.4493199
4.5785173 1.0476432 5.4493195
4.5785191 1.0476483 5.4493189
4.5785212 1.0476536 5.4493182
4.5785235 1.047659 5.4493174
4.578526 1.0476644 5.4493165
4.5785287 1.0476699 5.4493155
4.5785314 1.0476752 5.4493145
4.578534 1.0476802 5.4493136
4.5785363 1.0476847 5.4493127
4.5785384 1.0476888 5.449312
4.5785402 1.0476922 5.4493114
4.5785415 1.0476949 5.449311
5.2623596 1.2747945 3.0333707
5.2623618 1.2747926 3.0333693
5.2623642 1.2747909 3.0333678
5.2623667 1.2747891 3.0333663
5.2623692 1.2747873 3.0333648
5.2623718 1.2747857 3.0333634
5.2623743 1.2747842 3.0333622
5.2623765 1.2747829 3.0333613
5.2623784 1.2747818 3.0333608
5.2623798 1.2747811 3.0333605
5.2623808 1.2747805 3.0333603
0 0 0
0.26066595 0.61577427 0.60582885
0.260665 0.61577355 0.60583091
0.26066358 0.61577254 0.6058338
0.26066163 0.61577113 0.6058375
0.26065921 0.61576927 0.60584181
0.26065635 0.61576705 0.60584671
0 0 0
3.3358743 2.0781812 3.9788192
3.335877 2.0781765 3.9788183
3.3358795 2.078172 3.9788174
3.3358819 2.0781677 3.9788163
3.3358842 2.0781637 3.9788154
3.3358863 2.0781598 3.9788145
3.3358883 2.0781563 3.9788139
3.3358901 2.0781529 3.9788136
3.335892 2.0781498 3.9788136
3.3358938 2.0781469 3.9788138
3.3358954 2.0781439 3.9788142
3.3358969 2.078141 3.9788148
3.3358982 2.078138 3.9788156
3.3358993 2.078135 3.9788167
3.3359002 2.0781319 3.9788178
3.3359008 2.0781288 3.978819
4.5778566 1.5275143 5.7223741
4.5778546 1.5275146 5.7223728
4.5778521 1.5275149 5.7223713
4.5778492 1.5275153 5.7223696
4.5778456 1.5275155 5.7223678
4.5778416 1.5275158 5.7223661
4.577837 1.527516 5.7223644
4.5778319 1.5275162 5.7223629
4.5778263 1.5275163 5.7223615
4.5778203 1.5275163 5.7223604
4.5778138 1.5275163 5.7223595
4.5778068 1.5275162 5.7223589
4.5777997 1.527516 5.7223585
4.5777923 1.5275157 5.7223585
4.5777848 1.5275153 5.7223587
4.5777775 1.5275147 5.7223592
4.5777704 1.5275141 5.7223598
4.5777637 1.5275135 5.7223606
4.5777576 1.5275129 5.7223614
4.5777522 1.5275124 5.7223621
4.5777478 1.527512 5.7223627
4.5777443 1.5275117 5.7223632
4.5777418 1.5275115 5.7223635
4.5777406 1.5275114 5.7223637
2.6916421 1.0920696 0.68114961
2.6916421 1.0920699 0.6811499
2.6916422 1.0920704 0.68115035
2.6916425 1.0920712 0.68115086
2.6916429 1.0920721 0.68115133
2.6916436 1.0920733 0.68115174
2.6916446 1.0920745 0.68115204
2.6916457 1.0920756 0.68115221
2.6916469 1.0920767 0.68115231
2.6916482 1.0920778 0.68115238
2.6916495 1.0920788 0.6811525
2.6916507 1.0920797 0.68115263
2.6916518 1.0920805 0.68115274
2.6916527 1.0920812 0.68115278
2.6916535 1.0920817 0.68115275
2.6916541 1.0920821 0.68115264
2.6916545 1.0920823 0.68115257
1.9105161 0.27094152 0.73695543
1.9105154 0.27094183 0.73695629
1.9105143 0.27094228 0.7369576
1.9105128 0.27094288 0.73695929
1.9105106 0.27094349 0.73696157
1.910508 0.27094406 0.73696426
1.9105054 0.27094454 0.73696707
1.9105025 0.27094491 0.73697008
1.9104998 0.27094521 0.73697286
1.9104977 0.27094543 0.73697502
1.9104963 0.27094558 0.73697645
0 0 0
1.2630371 2.558476 5.3979772
1.2630378 2.5584765 5.3979775
1.2630383 2.5584769 5.3979777
1.2630388 2.5584773 5.3979778
2.1405352 2.3911078 1.3798946
2.1405345 2.391108 1.3798947
2.1405331 2.3911085 1.379895
2.1405313 2.3911093 1.3798957
2.1405291 2.3911103 1.3798966
2.1405267 2.3911115 1.3798979
2.1405239 2.391113 1.3798993
2.1405211 2.3911147 1.3799009
2.1405183 2.3911165 1.3799026
2.1405155 2.3911186 1.3799044
2.1405129 2.3911208 1.3799061
2.1405104 2.391123 1.3799077
2.1405079 2.3911251 1.379909
2.1405056 2.3911272 1.3799101
2.1405037 2.3911289 1.3799109
2.1405022 2.3911303 1.3799115
4.5785106 1.0476186 5.4493239
4.578511 1.0476199 5.4493237
4.5785115 1.0476219 5.4493235
4.5785123 1.0476244 5.4493232
4.5785132 1.0476276 5.4493229
4.5785143 1.0476312 5.4493225
4.5785156 1.0476352 5.449322
4.578517 1.0476396 5.4493215
4.5785185 1.0476444 5.4493209
4.5785203 1.0476495 5.4493203
4.5785223 1.0476548 5.4493195
4.5785245 1.0476602 5.4493186
4.578527 1.0476657 5.4493177
4.5785295 1.0476712 5.4493167
4.5785321 1.0476765 5.4493157
4.5785346 1.0476816 5.4493148
4.5785369 1.0476863 5.4493139
4.578539 1.0476904 5.4493131
4.5785408 1.0476938 5.4493124
4.5785422 1.0476966 5.4493119
4.5785432 1.0476986 5.4493116
5.2623624 1.2747906 3.0333674
5.2623647 1.2747888 3.033366
5.2623672 1.274787 3.0333644
5.2623697 1.2747853 3.033363
5.2623723 1.2747836 3.0333616
5.2623746 1.2747821 3.0333605
5.2623768 1.2747809 3.0333597
5.2623786 1.2747799 3.0333592
5.26238 1.2747791 3.033359
5.262381 1.2747786 3.0333588
0 0 0
0.26066724 0.615775 0.60582853
0.26066628 0.61577428 0.60583054
0.26066485 0.61577325 0.60583336
0.2606629 0.61577185 0.60583696
0.26066044 0.61577001 0.60584123
0 0 0
0 0 0
3.3358743 2.0781815 3.9788194
3.3358769 2.0781767 3.9788184
3.3358794 2.0781721 3.9788175
3.3358818 2.0781677 3.9788164
3.3358841 2.0781636 3.9788154
3.3358862 2.0781597 3.9788146
3.3358881 2.0781561 3.9788139
3.33589 2.0781526 3.9788135
3.3358919 2.0781494 3.9788135
3.3358937 2.0781463 3.9788137
3.3358954 2.0781433 3.9788141
3.3358968 2.0781402 3.9788147
3.3358981 2.0781371 3.9788156
3.3358992 2.0781339 3.9788166
3.3359 2.0781308 3.9788177
3.3359006 2.0781278 3.9788188
3.335901 2.0781249 3.9788199
4.5778565 1.5275241 5.7223672
4.5778539 1.5275245 5.7223657
4.5778508 1.527525 5.722364
4.5778471 1.5275254 5.7223621
4.5778429 1.5275257 5.7223603
4.5778381 1.527526 5.7223585
4.5778327 1.5275262 5.7223568
4.5778269 1.5275264 5.7223553
4.5778205 1.5275265 5.7223539
4.5778136 1.5275265 5.7223529
4.5778063 1.5275263 5.7223521
4.5777988 1.5275261 5.7223516
4.5777912 1.5275257 5.7223514
4.5777835 1.5275252 5.7223515
4.5777759 1.5275246 5.7223519
4.5777685 1.5275239 5.7223526
4.5777616 1.5275232 5.7223534
4.5777554 1.5275226 5.7223542
4.5777499 1.5275221 5.722355
4.5777454 1.5275216 5.7223557
4.5777418 1.5275213 5.7223562
4.5777393 1.5275211 5.7223566
4.577738 1.527521 5.7223567
2.6916418 1.09207 0.68115186
2.6916418 1.0920702 0.68115211
2.6916419 1.0920708 0.68115249
2.6916421 1.0920715 0.6811529
2.6916426 1.0920724 0.68115325
2.6916433 1.0920735 0.68115348
2.6916442 1.0920747 0.68115361
2.6916454 1.0920758 0.68115366
2.6916467 1.0920768 0.68115366
2.691648 1.0920778 0.68115364
2.6916493 1.0920788 0.68115366
2.6916505 1.0920797 0.6811537
2.6916516 1.0920804 0.68115375
2.6916525 1.0920811 0.68115376
2.6916533 1.0920817 0.68115369
2.6916539 1.0920821 0.68115356
2.6916542 1.0920823 0.68115347
1.9105172 0.27093685 0.73695983
1.9105166 0.27093711 0.73696069
1.9105154 0.2709375 0.73696199
1.9105138 0.27093802 0.7369637
1.9105117 0.27093857 0.73696586
1.9105091 0.27093911 0.73696848
1.9105063 0.27093958 0.73697131
1.9105032 0.27093994 0.73697436
1.9105005 0.27094024 0.7369771
1.9104982 0.2709405 0.73697939
1.9104965 0.2709407 0.73698098
1.2630375 2.5584766 5.3979779
1.2630381 2.5584771 5.3979782
1.2630387 2.5584775 5.3979786
1.2630392 2.5584779 5.3979788
1.2630396 2.5584781 5.397979
2.1405355 2.3911071 1.379894
2.1405348 2.3911073 1.3798941
2.1405335 2.3911078 1.3798945
2.1405318 2.3911085 1.3798951
2.1405297 2.3911096 1.3798961
2.1405273 2.3911108 1.3798973
2.1405246 2.3911123 1.3798988
2.140522 2.3911141 1.3799005
2.1405193 2.3911161 1.3799023
2.1405166 2.3911182 1.3799041
2.140514 2.3911205 1.3799059
2.1405115 2.3911229 1.3799075
2.140509 2.3911251 1.3799089
2.1405068 2.3911272 1.3799101
2.1405048 2.3911289 1.379911
2.1405033 2.3911303 1.3799116
4.5785118 1.0476197 5.4493262
4.5785121 1.047621 5.449326
4.5785127 1.047623 5.4493257
4.5785134 1.0476256 5.4493254
4.5785143 1.0476287 5.4493249
4.5785155 1.0476323 5.4493243
4.5785167 1.0476363 5.4493237
4.5785181 1.0476408 5.4493231
4.5785197 1.0476456 5.4493224
4.5785215 1.0476507 5.4493216
4.5785234 1.047656 5.4493207
4.5785255 1.0476614 5.4493198
4.5785278 1.0476669 5.4493189
4.5785302 1.0476724 5.4493179
4.5785327 1.0476778 5.4493169
4.5785352 1.0476829 5.4493159
4.5785375 1.0476877 5.449315
4.5785396 1.0476918 5.4493141
4.5785413 1.0476953 5.4493134
4.5785428 1.0476981 5.4493128
4.5785439 1.0477001 5.4493124
4.5785446 1.0477015 5.4493121
5.2623654 1.274787 3.0333643
5.2623678 1.2747851 3.0333628
5.2623703 1.2747834 3.0333613
5.2623728 1.2747817 3.03336
5.2623751 1.2747803 3.033359
5.2623772 1.2747791 3.0333583
5.2623789 1.2747781 3.0333579
5.2623803 1.2747773 3.0333577
5.2623813 1.2747768 3.0333575
5.2623817 1.2747766 3.0333575
0.26066788 0.61577535 0.60582842
0.26066689 0.61577463 0.60583044
0.26066546 0.61577358 0.60583319
0 0 0
3.3358662 2.0781963 3.9788219
3.3358689 2.0781917 3.9788213
3.3358716 2.0781869 3.9788206
3.3358743 2.078182 3.9788197
3.3358768 2.0781771 3.9788187
3.3358793 2.0781724 3.9788177
3.3358817 2.0781678 3.9788166
3.335884 2.0781636 3.9788156
3.335886 2.0781596 3.9788146
3.335888 2.0781558 3.9788139
3.3358899 2.0781522 3.9788135
3.3358917 2.0781488 3.9788134
3.3358936 2.0781455 3.9788136
3.3358952 2.0781422 3.978814
3.3358967 2.078139 3.9788147
3.335898 2.0781357 3.9788155
3.335899 2.0781325 3.9788164
3.3358997 2.0781294 3.9788174
3.3359002 2.0781264 3.9788185
3.3359005 2.0781235 3.9788195
3.3359006 2.0781208 3.9788204
4.5778554 1.5275334 5.7223605
4.5778521 1.5275339 5.7223587
4.5778483 1.5275344 5.7223569
4.5778439 1.5275348 5.722355
4.5778389 1.5275352 5.7223531
4.5778333 1.5275355 5.7223513
4.5778272 1.5275357 5.7223496
4.5778205 1.5275358 5.7223481
4.5778134 1.5275358 5.7223468
4.5778058 1.5275356 5.7223459
4.577798 1.5275353 5.7223453
4.57779 1.5275349 5.7223449
4.577782 1.5275343 5.722345
4.5777742 1.5275336 5.7223454
4.5777666 1.5275328 5.7223461
4.5777596 1.5275321 5.7223469
4.5777532 1.5275314 5.7223479
4.5777476 1.5275308 5.7223487
4.5777429 1.5275303 5.7223495
4.5777393 1.52753 5.7223501
4.5777368 1.5275298 5.7223505
4.5777355 1.5275296 5.7223507
2.6916415 1.0920701 0.68115357
2.6916415 1.0920704 0.68115374
2.6916416 1.092071 0.68115404
2.6916418 1.0920717 0.68115435
2.6916423 1.0920726 0.68115455
2.691643 1.0920737 0.68115465
2.691644 1.0920748 0.68115466
2.6916451 1.0920758 0.68115463
2.6916464 1.0920768 0.68115456
2.6916478 1.0920778 0.68115448
2.6916491 1.0920787 0.68115446
2.6916503 1.0920796 0.68115443
2.6916514 1.0920804 0.68115441
2.6916523 1.0920811 0.68115439
2.6916532 1.0920816 0.68115428
2.6916537 1.0920821 0.68115415
1.9105192 0.27093206 0.7369632
1.9105189 0.27093219 0.73696362
1.9105183 0.27093241 0.73696448
1.9105171 0.27093274 0.7369658
1.9105155 0.27093318 0.73696749
1.9105133 0.27093367 0.73696964
1.9105107 0.27093416 0.73697214
1.9105078 0.27093462 0.73697491
1.9105048 0.270935 0.73697784
1.9105019 0.27093534 0.73698059
1.9104993 0.27093563 0.736983
1.9104974 0.27093585 0.73698474
1.9104965 0.270936 0.73698559
0 0 0
1.2630395 2.5584783 5.3979794
1.26304 2.5584786 5.3979797
1.2630403 2.5584788 5.3979799
2.1405356 2.3911064 1.3798934
2.140535 2.3911067 1.3798935
2.1405338 2.3911071 1.3798939
2.1405321 2.3911079 1.3798946
2.14053 2.3911089 1.3798955
2.1405277 2.3911102 1.3798967
2.1405252 2.3911118 1.3798983
2.1405227 2.3911136 1.3799
2.1405201 2.3911157 1.3799019
2.1405174 2.391118 1.3799037
2.1405149 2.3911204 1.3799055
2.1405124 2.3911228 1.3799072
2.14051 2.3911251 1.3799088
2.1405078 2.3911272 1.37991
2.1405059 2.391129 1.379911
0 0 0
4.5785128 1.0476207 5.4493283
4.5785132 1.0476221 5.4493281
4.5785137 1.0476241 5.4493278
4.5785144 1.0476266 5.4493273
4.5785153 1.0476297 5.4493267
4.5785165 1.0476333 5.4493261
4.5785178 1.0476373 5.4493254
4.5785191 1.0476418 5.4493246
4.5785207 1.0476467 5.4493237
4.5785225 1.0476518 5.4493228
4.5785243 1.0476571 5.4493219
4.5785264 1.0476626 5.449321
4.5785285 1.0476681 5.4493201
4.5785309 1.0476737 5.449319
4.5785333 1.047679 5.449318
4.5785357 1.0476841 5.449317
4.578538 1.0476889 5.4493161
4.57854 1.047693 5.4493151
4.5785418 1.0476966 5.4493143
4.5785433 1.0476994 5.4493136
4.5785444 1.0477015 5.4493132
4.5785451 1.0477029 5.4493129
5.262366 1.2747853 3.0333629
5.2623684 1.2747835 3.0333614
5.2623709 1.2747817 3.03336
5.2623734 1.27478 3.0333587
5.2623756 1.2747786 3.0333577
5.2623776 1.2747774 3.0333571
5.2623793 1.2747765 3.0333567
5.2623806 1.2747757 3.0333566
5.2623816 1.2747752 3.0333564
5.262382 1.274775 3.0333564
3.3358571 2.0782129 3.9788235
3.335859 2.0782095 3.9788232
3.3358613 2.0782057 3.978823
3.3358637 2.0782016 3.9788228
3.3358664 2.0781971 3.9788224
3.3358691 2.0781925 3.9788218
3.3358717 2.0781876 3.978821
3.3358743 2.0781826 3.9788201
3.3358768 2.0781776 3.978819
3.3358793 2.0781728 3.978818
3.3358816 2.0781681 3.9788169
3.3358839 2.0781636 3.9788158
3.3358859 2.0781594 3.9788148
3.3358878 2.0781554 3.978814
3.3358897 2.0781516 3.9788135
3.3358916 2.078148 3.9788134
3.3358933 2.0781445 3.9788135
3.335895 2.078141 3.9788139
3.3358964 2.0781376 3.9788145
3.3358976 2.0781342 3.9788153
3.3358986 2.0781309 3.9788162
3.3358993 2.0781277 3.9788171
3.3358997 2.0781247 3.978818
3.3358999 2.0781218 3.9788189
3.3359 2.0781192 3.9788197
3.3358999 2.0781168 3.9788204
4.5778532 1.527542 5.7223539
4.5778492 1.5275425 5.722352
4.5778446 1.5275431 5.72235
4.5778395 1.5275435 5.7223481
4.5778337 1.5275438 5.7223462
4.5778273 1.5275441 5.7223444
4.5778204 1.5275442 5.7223428
4.577813 1.5275442 5.7223414
4.5778051 1.527544 5.7223403
4.577797 1.5275436 5.7223396
4.5777888 1.5275431 5.7223392
4.5777805 1.5275425 5.7223392
4.5777725 1.5275417 5.7223396
4.5777647 1.5275408 5.7223403
4.5777575 1.52754 5.7223413
4.577751 1.5275392 5.7223423
4.5777453 1.5275386 5.7223433
4.5777405 1.5275381 5.7223441
4.5777369 1.5275377 5.7223448
4.5777344 1.5275375 5.7223453
4.5777332 1.5275373 5.7223455
2.6916413 1.0920701 0.68115448
2.6916413 1.0920705 0.68115461
2.6916414 1.092071 0.68115485
2.6916417 1.0920718 0.6811551
2.6916422 1.0920726 0.68115522
2.6916429 1.0920737 0.68115525
2.6916439 1.0920748 0.68115521
2.691645 1.0920758 0.6811551
2.6916463 1.0920768 0.68115499
2.6916477 1.0920778 0.68115489
2.691649 1.0920787 0.68115487
4.5183944 1.5001201 2.0181462
4.5183941 1.5001203 2.0181486
4.5183939 1.5001203 2.0181507
4.5183938 1.5001201 2.0181523
4.5183937 1.5001199 2.0181536
1.9105214 0.27092753 0.73696635
1.9105211 0.27092765 0.73696674
1.9105205 0.27092784 0.73696763
1.9105193 0.2709281 0.73696892
1.9105177 0.27092845 0.73697051
1.9105155 0.27092885 0.7369726
1.9105129 0.27092929 0.73697503
1.91051 0.27092973 0.73697773
1.9105069 0.27093013 0.7369806
1.9105039 0.27093051 0.73698336
1.9105012 0.27093084 0.73698581
1.9104991 0.27093109 0.73698764
1.9104982 0.27093123 0.7369885
1.2630395 2.5584786 5.3979796
1.2630401 2.5584789 5.39798
1.2630406 2.5584791 5.3979803
5.4100665 1.4579789 5.3491109
5.4100686 1.4579831 5.3491171
2.1405352 2.3911061 1.3798931
2.140534 2.3911066 1.3798934
2.1405324 2.3911073 1.3798941
2.1405304 2.3911084 1.379895
2.1405281 2.3911097 1.3798962
2.1405256 2.3911114 1.3798978
2.1405231 2.3911133 1.3798995
2.1405205 2.3911155 1.3799014
2.140518 2.3911178 1.3799033
2.1405155 2.3911203 1.3799052
2.1405131 2.3911227 1.379907
2.1405107 2.3911251 1.3799086
2.1405085 2.3911272 1.3799099
2.1405066 2.391129 1.3799109
4.5785135 1.0476211 5.4493303
4.5785137 1.0476218 5.4493302
4.578514 1.0476231 5.44933
4.5785145 1.0476251 5.4493296
4.5785153 1.0476276 5.4493291
4.5785162 1.0476307 5.4493285
4.5785173 1.0476342 5.4493277
4.5785186 1.0476382 5.4493269
4.57852 1.0476427 5.4493259
4.5785216 1.0476476 5.449325
4.5785234 1.0476527 5.449324
4.5785253 1.0476581 5.449323
4.5785273 1.0476636 5.449322
4.5785294 1.0476692 5.4493211
4.5785317 1.0476748 5.44932
4.578534 1.0476801 5.4493189
4.5785363 1.0476852 5.4493179
4.5785385 1.0476899 5.449317
4.5785405 1.047694 5.449316
4.5785422 1.0476976 5.4493152
4.5785437 1.0477004 5.4493145
4.5785448 1.0477026 5.449314
4.5785456 1.047704 5.4493137
4.578546 1.0477047 5.4493135
5.2623691 1.2747821 3.0333603
5.2623715 1.2747802 3.0333589
5.2623739 1.2747786 3.0333577
5.2623761 1.2747772 3.0333567
5.2623781 1.274776 3.0333561
5.2623797 1.2747751 3.0333558
5.2623809 1.2747744 3.0333556
0 0 0
3.3358557 2.0782171 3.9788243
3.3358573 2.0782141 3.978824
3.3358593 2.0782106 3.9788238
3.3358615 2.0782068 3.9788236
3.335864 2.0782026 3.9788234
3.3358666 2.0781981 3.978823
3.3358693 2.0781934 3.9788224
3.3358719 2.0781885 3.9788216
3.3358744 2.0781834 3.9788207
3.3358769 2.0781783 3.9788196
3.3358793 2.0781732 3.9788184
3.3358816 2.0781683 3.9788172
3.3358838 2.0781636 3.9788161
3.3358859 2.0781592 3.978815
3.3358877 2.0781549 3.9788142
3.3358896 2.0781509 3.9788136
3.3358913 2.0781471 3.9788134
3.3358931 2.0781434 3.9788134
3.3358946 2.0781396 3.9788137
3.335896 2.078136 3.9788143
3.3358972 2.0781324 3.978815
3.3358981 2.078129 3.9788157
3.3358987 2.0781258 3.9788165
3.335899 2.0781228 3.9788173
3.3358991 2.0781199 3.9788182
3.3358991 2.0781173 3.9788189
3.335899 2.0781149 3.9788196
3.3358988 2.0781129 3.9788201
4.5778499 1.5275497 5.7223477
4.5778451 1.5275503 5.7223457
4.5778398 1.5275508 5.7223437
4.5778338 1.5275512 5.7223417
4.5778273 1.5275515 5.7223398
4.5778201 1.5275516 5.7223381
4.5778124 1.5275516 5.7223366
4.5778044 1.5275513 5.7223354
4.577796 1.5275509 5.7223346
4.5777875 1.5275504 5.7223342
4.5777791 1.5275496 5.7223342
4.5777708 1.5275488 5.7223347
4.5777629 1.5275478 5.7223354
4.5777555 1.5275469 5.7223364
4.5777488 1.5275461 5.7223375
4.5777431 1.5275454 5.7223386
4.5777383 1.5275449 5.7223396
4.5777346 1.5275444 5.7223404
4.5777321 1.5275442 5.7223409
4.5777309 1.527544 5.7223412
4.5184007 1.500113 2.0181178
4.5184005 1.5001132 2.0181185
4.5184002 1.5001134 2.0181199
4.5183998 1.5001139 2.0181218
4.5183991 1.5001146 2.0181243
4.5183984 1.5001154 2.0181273
4.5183976 1.5001162 2.0181305
4.5183967 1.5001171 2.0181339
4.5183959 1.500118 2.0181372
4.5183952 1.5001189 2.0181404
4.5183946 1.5001196 2.0181434
4.5183941 1.5001201 2.0181461
4.5183938 1.5001203 2.0181485
4.5183936 1.5001203 2.0181505
4.5183935 1.5001201 2.0181522
4.5183934 1.50012 2.0181534
4.5183935 1.5001199 2.0181544
1.9105236 0.27092329 0.73696929
1.9105229 0.27092342 0.73697012
1.9105218 0.27092361 0.73697135
1.9105202 0.27092385 0.73697292
1.9105181 0.27092417 0.73697488
1.9105155 0.27092456 0.73697718
1.9105126 0.27092497 0.7369798
1.9105094 0.2709254 0.73698262
1.9105064 0.2709258 0.73698533
1.9105036 0.27092616 0.73698776
1.9105016 0.27092644 0.73698958
1.9105006 0.27092658 0.73699047
1.2630398 2.5584789 5.3979799
5.4100622 1.4579704 5.3490997
5.4100644 1.4579745 5.3491051
5.4100665 1.4579786 5.3491109
5.4100686 1.4579828 5.3491171
5.4100706 1.457987 5.3491236
0 0 0
2.1405326 2.391107 1.3798937
2.1405306 2.391108 1.3798946
2.1405283 2.3911094 1.3798958
2.1405258 2.3911111 1.3798974
2.1405233 2.3911131 1.3798992
2.1405208 2.3911153 1.379901
2.1405183 2.3911178 1.379903
2.1405159 2.3911203 1.3799049
2.1405135 2.3911227 1.3799068
2.1405112 2.3911251 1.3799084
2.1405091 2.3911272 1.3799097
2.1405071 2.391129 1.3799108
4.5785142 1.0476223 5.449332
4.5785144 1.0476229 5.4493319
4.5785148 1.0476242 5.4493316
4.5785152 1.0476261 5.4493312
4.5785159 1.0476285 5.4493307
4.5785169 1.0476315 5.44933
4.578518 1.0476351 5.4493291
4.5785193 1.047639 5.4493282
4.5785207 1.0476435 5.4493271
4.5785224 1.0476484 5.449326
4.5785242 1.0476535 5.449325
4.5785261 1.0476589 5.4493239
4.5785281 1.0476645 5.4493229
4.5785302 1.0476701 5.4493219
4.5785324 1.0476757 5.4493208
4.5785347 1.047681 5.4493197
4.5785369 1.047686 5.4493187
4.578539 1.0476907 5.4493178
4.5785409 1.0476948 5.4493168
0 0 0
0 0 0
0 0 0
0 0 0
4.5785463 1.0477055 5.4493143
5.2623696 1.274781 3.0333595
5.262372 1.2747791 3.0333582
5.2623744 1.2747775 3.033357
5.2623765 1.2747762 3.0333561
5.2623784 1.274775 3.0333555
5.26238 1.2747741 3.0333551
0 0 0
3.3358547 2.078221 3.9788256
3.3358561 2.0782184 3.9788252
3.3358577 2.0782154 3.9788248
3.3358597 2.0782119 3.9788246
3.335862 2.078208 3.9788244
3.3358644 2.0782038 3.9788241
3.335867 2.0781993 3.9788237
3.3358696 2.0781945 3.9788232
3.3358722 2.0781895 3.9788224
3.3358747 2.0781843 3.9788214
3.3358771 2.078179 3.9788203
3.3358794 2.0781737 3.978819
3.3358817 2.0781686 3.9788177
3.3358838 2.0781637 3.9788165
3.3358858 2.078159 3.9788153
3.3358876 2.0781544 3.9788144
3.3358894 2.0781501 3.9788138
3.3358911 2.078146 3.9788134
3.3358927 2.0781421 3.9788134
3.3358942 2.0781382 3.9788136
3.3358955 2.0781343 3.978814
3.3358966 2.0781306 3.9788145
3.3358974 2.0781271 3.9788151
3.3358979 2.0781238 3.9788158
3.3358981 2.0781206 3.9788166
3.3358982 2.0781177 3.9788173
3.335898 2.0781151 3.978818
3.3358979 2.0781128 3.9788186
3.3358977 2.0781108 3.9788191
0 0 0
4.5778455 1.5275565 5.7223418
4.5778399 1.5275571 5.7223398
4.5778338 1.5275575 5.7223378
4.5778271 1.5275578 5.7223358
4.5778197 1.5275579 5.722334
4.5778118 1.5275579 5.7223324
4.5778036 1.5275576 5.7223312
4.577795 1.5275571 5.7223303
4.5777863 1.5275565 5.7223299
4.5777777 1.5275557 5.7223299
4.5777692 1.5275548 5.7223304
4.5777611 1.5275538 5.7223312
4.5777536 1.5275529 5.7223322
4.5777469 1.527552 5.7223334
4.577741 1.5275512 5.7223346
4.5777363 1.5275507 5.7223357
4.5777326 1.5275502 5.7223365
4.57773 1.5275499 5.7223371
4.5777288 1.5275498 5.7223375
4.5184 1.500113 2.0181177
4.5183998 1.5001131 2.0181183
4.5183995 1.5001133 2.0181197
4.5183991 1.5001138 2.0181216
4.5183985 1.5001144 2.0181241
4.5183978 1.5001152 2.018127
4.518397 1.5001161 2.0181303
4.5183962 1.500117 2.0181336
4.5183954 1.5001179 2.0181369
4.5183947 1.5001188 2.0181401
4.5183941 1.5001195 2.0181431
4.5183936 1.50012 2.0181458
4.5183933 1.5001203 2.0181482
4.5183931 1.5001204 2.0181503
4.518393 1.5001203 2.0181519
4.5183929 1.5001201 2.0181532
4.5183929 1.50012 2.0181542
4.5183929 1.50012 2.0181549
1.9105255 0.27091922 0.73697209
1.9105244 0.27091934 0.73697323
1.9105229 0.2709195 0.73697472
1.9105208 0.27091976 0.73697652
1.9105184 0.2709201 0.73697866
1.9105155 0.27092049 0.73698115
1.9105124 0.2709209 0.73698394
1.9105093 0.27092132 0.73698661
1.9105066 0.2709217 0.73698898
1.9105046 0.27092198 0.73699078
1.9105037 0.27092213 0.73699161
5.41006 1.4579659 5.3490948
5.4100621 1.4579699 5.3490997
5.4100643 1.4579739 5.3491051
5.4100664 1.457978 5.3491109
5.4100685 1.4579822 5.3491171
5.4100706 1.4579865 5.3491236
5.4100727 1.4579907 5.3491303
5.4100747 1.457995 5.3491371
0 0 0
2.1405284 2.3911092 1.3798957
2.1405259 2.3911109 1.3798972
2.1405234 2.391113 1.379899
2.1405209 2.3911153 1.3799008
2.1405185 2.3911178 1.3799028
2.1405161 2.3911203 1.3799048
2.1405138 2.3911228 1.3799066
2.1405115 2.3911251 1.3799083
2.1405093 2.3911272 1.3799096
2.1405074 2.391129 1.3799107
4.5785147 1.0476235 5.4493334
4.5785149 1.047624 5.4493333
4.5785153 1.0476252 5.449333
4.5785157 1.047627 5.4493326
4.5785164 1.0476294 5.449332
4.5785173 1.0476323 5.4493312
4.5785185 1.0476358 5.4493303
4.5785198 1.0476397 5.4493292
4.5785213 1.0476442 5.4493281
4.5785229 1.047649 5.449327
4.5785247 1.0476542 5.4493259
4.5785267 1.0476596 5.4493248
4.5785288 1.0476652 5.4493237
4.5785309 1.0476708 5.4493226
4.5785331 1.0476763 5.4493215
4.5785353 1.0476816 5.4493204
4.8131714 1.2753449 4.1824345
4.8131709 1.2753411 4.1824417
4.8131703 1.2753374 4.1824485
4.8131698 1.2753338 4.1824547
4.8131692 1.2753304 4.1824603
4.8131686 1.2753274 4.1824653
4.813168 1.2753249 4.1824697
4.8131675 1.2753227 4.1824734
4.8131669 1.275321 4.1824764
5.2623724 1.2747784 3.0333577
5.2623746 1.2747768 3.0333566
5.2623767 1.2747755 3.0333557
5.2623786 1.2747743 3.0333551
0 0 0
0 0 0
3.3358552 2.0782226 3.9788266
3.3358566 2.07822 3.9788262
3.3358583 2.0782169 3.9788258
3.3358602 2.0782133 3.9788255
3.3358624 2.0782094 3.9788253
3.3358648 2.0782051 3.978825
3.3358673 2.0782005 3.9788246
3.3358699 2.0781956 3.978824
3.3358725 2.0781905 3.9788232
3.335875 2.0781852 3.9788222
3.3358774 2.0781797 3.978821
3.3358796 2.0781743 3.9788196
3.3358818 2.078169 3.9788183
3.3358839 2.0781638 3.9788169
3.3358858 2.0781588 3.9788158
3.3358875 2.0781539 3.9788147
3.3358892 2.0781493 3.9788139
3.3358908 2.078145 3.9788134
3.3358922 2.0781408 3.9788132
3.3358936 2.0781367 3.9788133
3.3358948 2.0781326 3.9788135
3.3358958 2.0781288 3.9788139
3.3358965 2.0781251 3.9788145
3.335897 2.0781216 3.9788151
3.3358971 2.0781184 3.9788157
3.3358971 2.0781154 3.9788163
3.3358969 2.0781128 3.9788169
3.3358966 2.0781105 3.9788174
3.3358964 2.0781085 3.9788179
3.3358962 2.078107 3.9788183
3.3358961 2.0781057 3.9788187
4.5778399 1.5275622 5.7223364
4.5778337 1.5275627 5.7223344
4.5778267 1.527563 5.7223324
4.5778192 1.5275631 5.7223305
4.5778112 1.527563 5.7223289
4.5778027 1.5275627 5.7223276
4.577794 1.5275622 5.7223267
4.5777851 1.5275616 5.7223263
4.5777763 1.5275608 5.7223263
4.5777677 1.5275598 5.7223267
4.5777595 1.5275588 5.7223276
4.577752 1.5275578 5.7223287
4.5777452 1.5275568 5.72233
4.5777393 1.5275561 5.7223313
4.5777345 1.5275555 5.7223324
4.5777308 1.527555 5.7223334
4.5777283 1.5275547 5.722334
0 0 0
4.518399 1.5001129 2.0181174
4.5183988 1.500113 2.0181181
4.5183986 1.5001132 2.0181194
4.5183982 1.5001136 2.0181213
4.5183977 1.5001142 2.0181238
4.518397 1.5001149 2.0181267
4.5183963 1.5001158 2.0181299
4.5183955 1.5001168 2.0181332
4.5183948 1.5001178 2.0181365
4.518394 1.5001187 2.0181397
4.5183934 1.5001195 2.0181427
4.5183929 1.50012 2.0181454
4.5183926 1.5001203 2.0181479
4.5183924 1.5001205 2.0181499
4.5183922 1.5001204 2.0181516
4.5183921 1.5001203 2.0181528
4.5183921 1.5001203 2.0181538
4.5183921 1.5001202 2.0181545
4.5183921 1.5001202 2.0181549
1.910527 0.27091541 0.73697466
1.9105256 0.27091554 0.73697596
1.9105237 0.27091573 0.7369776
1.9105214 0.27091601 0.73697962
1.9105186 0.27091635 0.73698201
1.9105154 0.27091674 0.73698473
1.9105125 0.27091715 0.73698726
1.91051 0.27091755 0.73698945
1.9105081 0.27091785 0.73699114
5.4100577 1.4579614 5.3490903
5.4100598 1.4579652 5.3490948
5.4100619 1.4579691 5.3490997
5.4100641 1.4579731 5.3491051
5.4100663 1.4579772 5.3491109
5.4100685 1.4579814 5.3491172
5.4100706 1.4579857 5.3491237
5.4100727 1.4579901 5.3491304
5.4100748 1.4579944 5.3491371
5.4100768 1.4579987 5.3491438
5.4100787 1.4580029 5.3491503
5.4100803 1.4580068 5.3491565
5.4100818 1.4580104 5.3491623
5.4100829 1.4580137 5.3491676
5.4100838 1.4580166 5.3491724
5.4100846 1.4580192 5.3491767
5.4100851 1.4580215 5.3491803
5.4100855 1.4580235 5.3491833
5.4100858 1.4580251 5.3491857
5.410086 1.4580264 5.3491874
4.5785151 1.0476244 5.4493345
4.5785152 1.0476249 5.4493343
4.5785155 1.0476261 5.449334
4.578516 1.0476278 5.4493336
4.5785168 1.0476301 5.449333
4.5785177 1.0476329 5.4493322
4.5785188 1.0476363 5.4493312
4.5785202 1.0476402 5.44933
4.5785218 1.0476447 5.4493289
4.5785234 1.0476495 5.4493277
4.5785252 1.0476547 5.4493266
4.5785272 1.0476602 5.4493254
4.5785293 1.0476657 5.4493243
4.5785314 1.0476713 5.4493232
0 0 0
4.8131723 1.2753488 4.182427
4.8131718 1.2753451 4.1824345
4.8131713 1.2753413 4.1824417
4.8131708 1.2753376 4.1824484
4.8131701 1.275334 4.1824546
4.8131695 1.2753306 4.1824603
4.8131688 1.2753276 4.1824653
4.8131682 1.275325 4.1824697
4.8131677 1.2753228 4.1824734
4.8131672 1.2753211 4.1824764
4.8131667 1.2753198 4.1824787
5.2623748 1.2747765 3.0333564
0 0 0
3.3358532 2.0782297 3.9788286
3.3358538 2.0782285 3.9788284
3.3358547 2.0782267 3.9788281
3.3358558 2.0782245 3.9788277
3.3358572 2.0782217 3.9788273
3.3358589 2.0782185 3.978827
3.3358608 2.0782149 3.9788266
3.335863 2.0782108 3.9788263
3.3358653 2.0782064 3.9788259
3.3358678 2.0782017 3.9788255
3.3358703 2.0781968 3.9788249
3.3358728 2.0781916 3.978824
3.3358752 2.0781862 3.978823
3.3358776 2.0781805 3.9788217
3.3358798 2.0781749 3.9788203
3.3358819 2.0781694 3.9788188
3.3358839 2.0781639 3.9788174
3.3358857 2.0781586 3.9788161
3.3358873 2.0781534 3.9788149
3.3358889 2.0781485 3.978814
3.3358903 2.0781439 3.9788133
3.3358916 2.0781394 3.9788129
3.3358928 2.0781351 3.9788128
3.3358939 2.078131 3.9788129
3.3358948 2.0781269 3.9788131
3.3358955 2.0781231 3.9788136
3.3358959 2.0781194 3.9788141
3.335896 2.0781161 3.9788146
3.3358958 2.0781131 3.9788152
3.3358956 2.0781104 3.9788157
3.3358953 2.0781081 3.9788162
3.335895 2.0781062 3.9788166
3.3358947 2.0781046 3.978817
3.3358946 2.0781034 3.9788173
3.3358945 2.0781026 3.9788176
4.5778334 1.5275667 5.7223316
4.5778263 1.527567 5.7223296
4.5778187 1.5275671 5.7223277
4.5778105 1.527567 5.722326
4.5778019 1.5275667 5.7223247
4.577793 1.5275663 5.7223238
4.577784 1.5275656 5.7223233
4.5777751 1.5275647 5.7223233
4.5777664 1.5275637 5.7223238
4.5777582 1.5275627 5.7223247
4.5777506 1.5275616 5.7223259
4.5777437 1.5275607 5.7223272
4.5777378 1.5275599 5.7223286
4.577733 1.5275593 5.7223298
4.5777293 1.5275588 5.7223308
4.5777268 1.5275585 5.7223315
4.5777255 1.5275584 5.7223319
4.5183978 1.5001128 2.018117
4.5183977 1.5001129 2.0181177
4.5183974 1.5001131 2.0181191
4.5183971 1.5001135 2.018121
4.5183966 1.500114 2.0181234
4.518396 1.5001147 2.0181263
4.5183954 1.5001156 2.0181294
4.5183946 1.5001166 2.0181327
4.5183939 1.5001176 2.018136
4.5183932 1.5001186 2.0181392
4.5183925 1.5001194 2.0181422
4.5183921 1.5001201 2.018145
4.5183917 1.5001204 2.0181474
4.5183914 1.5001206 2.0181495
4.5183912 1.5001206 2.0181511
4.5183911 1.5001205 2.0181524
4.518391 1.5001205 2.0181533
4.518391 1.5001205 2.0181539
4.518391 1.5001205 2.0181543
1.9105294 0.27091182 0.7369757
1.9105281 0.27091192 0.73697688
1.9105263 0.27091208 0.73697835
1.9105241 0.27091235 0.73698027
1.9105215 0.27091267 0.73698254
1.9105185 0.27091302 0.73698508
1.9105158 0.2709134 0.73698741
1.9105135 0.27091378 0.73698939
5.4100554 1.457957 5.3490862
5.4100574 1.4579605 5.3490903
5.4100595 1.4579642 5.3490947
5.4100617 1.4579681 5.3490997
5.410064 1.4579721 5.3491051
5.4100662 1.4579762 5.349111
5.4100684 1.4579804 5.3491172
5.4100706 1.4579848 5.3491237
5.4100728 1.4579892 5.3491305
5.4100749 1.4579937 5.3491372
5.410077 1.457998 5.3491439
5.4100789 1.4580023 5.3491503
5.4100807 1.4580062 5.3491565
5.4100821 1.4580099 5.3491623
5.4100833 1.4580132 5.3491676
5.4100843 1.4580161 5.3491724
5.410085 1.4580188 5.3491766
5.4100856 1.4580212 5.3491802
5.410086 1.4580232 5.3491832
5.4100863 1.4580249 5.3491856
5.4100864 1.4580261 5.3491874
4.5785152 1.0476252 5.4493352
4.5785154 1.0476256 5.4493351
4.5785157 1.0476267 5.4493348
4.5785162 1.0476284 5.4493343
4.578517 1.0476306 5.4493336
4.5785179 1.0476333 5.4493328
4.5785191 1.0476367 5.4493318
4.5785205 1.0476406 5.4493306
4.578522 1.047645 5.4493294
4.5785237 1.0476499 5.4493283
4.5785255 1.0476551 5.4493271
4.5785275 1.0476605 5.4493259
4.5785296 1.0476661 5.4493247
4.8131743 1.2753568 4.1824117
4.8131738 1.275353 4.1824193
4.8131733 1.2753492 4.1824269
4.8131727 1.2753454 4.1824344
4.8131722 1.2753417 4.1824415
4.8131716 1.2753379 4.1824483
4.8131709 1.2753343 4.1824545
4.8131701 1.2753309 4.1824602
4.8131694 1.2753279 4.1824652
4.8131687 1.2753253 4.1824697
4.8131681 1.2753231 4.1824734
4.8131676 1.2753213 4.1824764
4.8131672 1.2753199 4.1824787
4.8131669 1.2753189 4.1824802
3.3358532 2.0782327 3.9788297
3.3358536 2.078232 3.9788296
3.3358542 2.0782307 3.9788295
3.3358552 2.0782288 3.9788292
3.3358564 2.0782265 3.9788288
3.3358579 2.0782236 3.9788285
3.3358596 2.0782203 3.9788282
3.3358615 2.0782165 3.9788278
3.3358636 2.0782124 3.9788274
3.3358659 2.0782078 3.978827
3.3358683 2.078203 3.9788265
3.3358707 2.078198 3.9788257
3.3358731 2.0781927 3.9788248
3.3358755 2.0781871 3.9788237
3.3358778 2.0781813 3.9788224
3.3358799 2.0781755 3.9788209
3.3358819 2.0781697 3.9788193
3.3358837 2.078164 3.9788178
3.3358855 2.0781584 3.9788164
3.335887 2.0781529 3.9788151
3.3358884 2.0781478 3.978814
3.3358898 2.0781428 3.9788131
3.3358909 2.0781382 3.9788125
3.335892 2.0781337 3.9788121
3.3358929 2.0781294 3.978812
3.3358937 2.0781251 3.9788121
3.3358943 2.0781211 3.9788124
3.3358946 2.0781174 3.9788128
3.3358946 2.078114 3.9788133
3.3358945 2.0781109 3.9788138
3.3358942 2.0781081 3.9788143
3.3358938 2.0781058 3.9788148
3.3358934 2.0781038 3.9788152
3.3358931 2.0781022 3.9788155
3.3358929 2.078101 3.9788159
3.3358928 2.0781002 3.9788162
3.3358928 2.0780997 3.9788163
0 0 0
4.5778182 1.5275701 5.7223255
4.5778099 1.52757 5.7223239
4.5778012 1.5275697 5.7223225
4.5777922 1.5275692 5.7223215
4.5777831 1.5275685 5.722321
4.5777741 1.5275676 5.722321
4.5777654 1.5275666 5.7223215
4.5777571 1.5275655 5.7223225
4.5777494 1.5275645 5.7223237
4.5777426 1.5275635 5.7223252
4.5777367 1.5275627 5.7223266
4.5777319 1.5275621 5.7223279
4.5777282 1.5275616 5.722329
4.5777258 1.5275612 5.7223297
4.5777245 1.5275611 5.72233
4.5183965 1.5001126 2.0181166
4.5183964 1.5001128 2.0181173
4.5183962 1.500113 2.0181187
4.5183959 1.5001134 2.0181206
4.5183954 1.5001139 2.0181231
4.5183949 1.5001146 2.0181259
4.5183942 1.5001155 2.018129
4.5183935 1.5001165 2.0181322
4.5183928 1.5001176 2.0181355
4.5183921 1.5001186 2.0181386
4.5183915 1.5001195 2.0181417
4.518391 1.5001201 2.0181444
4.5183906 1.5001206 2.0181469
4.5183902 1.5001207 2.0181489
4.51839 1.5001207 2.0181505
4.5183898 1.5001207 2.0181517
4.5183897 1.5001206 2.0181527
4.5183897 1.5001206 2.0181533
4.5183896 1.5001206 2.0181537
4.5183896 1.5001206 2.0181539
1.9105303 0.27090867 0.73697752
1.9105287 0.27090883 0.73697896
1.9105266 0.27090909 0.7369808
1.9105241 0.2709094 0.736983
1.9105214 0.27090977 0.73698525
1.9105188 0.27091013 0.73698743
5.4100533 1.4579528 5.3490824
5.4100551 1.4579559 5.3490861
5.4100571 1.4579594 5.3490902
5.4100593 1.4579631 5.3490947
5.4100615 1.457967 5.3490996
5.4100638 1.4579709 5.3491051
5.4100662 1.4579751 5.349111
5.4100685 1.4579794 5.3491173
5.4100708 1.4579838 5.3491238
5.410073 1.4579883 5.3491305
5.4100752 1.4579928 5.3491372
5.4100773 1.4579972 5.3491439
5.4100793 1.4580015 5.3491503
5.4100811 1.4580055 5.3491565
5.4100826 1.4580092 5.3491622
5.4100838 1.4580126 5.3491675
5.4100848 1.4580156 5.3491723
5.4100856 1.4580183 5.3491765
5.4100862 1.4580208 5.3491801
5.4100866 1.4580228 5.3491831
5.4100868 1.4580245 5.3491855
5.410087 1.4580258 5.3491873
5.4100871 1.4580266 5.3491886
4.5785154 1.047626 5.4493355
4.5785158 1.0476271 5.4493351
4.5785163 1.0476287 5.4493346
4.5785171 1.0476308 5.4493339
4.5785181 1.0476335 5.449333
4.5785193 1.0476368 5.449332
4.5785207 1.0476407 5.4493309
4.5785222 1.0476452 5.4493297
4.5785239 1.0476501 5.4493285
0 0 0
4.8131769 1.275365 4.1823967
4.8131764 1.2753612 4.182404
4.8131758 1.2753574 4.1824115
4.8131753 1.2753536 4.1824191
4.8131747 1.2753498 4.1824268
4.8131741 1.2753461 4.1824342
4.8131735 1.2753423 4.1824414
4.8131728 1.2753385 4.1824481
4.813172 1.2753349 4.1824543
4.8131712 1.2753315 4.18246
4.8131704 1.2753284 4.1824652
4.8131696 1.2753258 4.1824696
4.813169 1.2753235 4.1824734
4.8131684 1.2753216 4.1824764
4.813168 1.2753202 4.1824787
4.8131678 1.2753192 4.1824803
3.3358535 2.0782353 3.9788306
3.3358539 2.0782346 3.9788305
3.3358546 2.0782332 3.9788304
3.3358556 2.0782312 3.9788301
3.3358569 2.0782286 3.9788299
3.3358584 2.0782256 3.9788296
3.3358602 2.0782222 3.9788293
3.3358621 2.0782183 3.978829
3.3358642 2.078214 3.9788285
3.3358664 2.0782094 3.978828
3.3358688 2.0782044 3.9788274
3.3358712 2.0781992 3.9788266
3.3358735 2.0781938 3.9788256
3.3358758 2.078188 3.9788244
3.3358779 2.0781821 3.978823
3.3358799 2.0781761 3.9788214
3.3358818 2.07817 3.9788198
3.3358835 2.078164 3.9788181
3.3358851 2.0781582 3.9788166
3.3358866 2.0781525 3.9788151
3.3358879 2.078147 3.9788138
3.3358891 2.0781419 3.9788128
3.3358902 2.078137 3.978812
3.3358911 2.0781323 3.9788114
3.3358918 2.0781278 3.978811
3.3358925 2.0781235 3.9788109
3.3358929 2.0781193 3.978811
3.3358932 2.0781154 3.9788113
3.3358932 2.0781119 3.9788117
3.335893 2.0781087 3.9788123
3.3358927 2.0781059 3.9788127
3.3358923 2.0781035 3.9788132
3.3358918 2.0781015 3.9788136
3.3358914 2.0780999 3.978814
3.3358912 2.0780987 3.9788144
3.3358911 2.0780978 3.9788147
3.335891 2.0780974 3.9788148
0 0 0
3.7781831 1.0427092 2.2866739
3.7781815 1.042709 2.2866758
4.5778007 1.5275717 5.722321
4.5777917 1.5275712 5.72232
4.5777825 1.5275705 5.7223194
4.5777734 1.5275695 5.7223194
4.5777647 1.5275685 5.72232
4.5777563 1.5275674 5.722321
4.5777486 1.5275664 5.7223223
4.5777418 1.5275654 5.7223238
4.577736 1.5275646 5.7223253
4.5777312 1.5275639 5.7223266
4.5777276 1.5275634 5.7223277
4.5777252 1.5275631 5.7223284
4.5777239 1.5275629 5.7223288
0 0 0
4.5183952 1.5001128 2.0181169
4.518395 1.500113 2.0181182
4.5183947 1.5001134 2.0181202
4.5183943 1.500114 2.0181226
4.5183937 1.5001147 2.0181254
4.518393 1.5001156 2.0181285
4.5183923 1.5001166 2.0181317
4.5183916 1.5001176 2.0181349
4.5183909 1.5001186 2.0181381
4.5183904 1.5001195 2.0181411
4.5183899 1.5001202 2.0181439
4.5183894 1.5001206 2.0181463
4.518389 1.5001208 2.0181483
4.5183887 1.5001208 2.0181498
4.5183885 1.5001207 2.018151
4.5183884 1.5001206 2.0181519
4.5183883 1.5001206 2.0181525
4.5183883 1.5001206 2.0181529
4.5183882 1.5001206 2.0181531
1.9105322 0.27090586 0.73697801
1.9105306 0.27090602 0.73697945
1.9105285 0.2709063 0.73698134
1.910526 0.27090662 0.73698351
1.9105236 0.27090697 0.73698558
5.4100511 1.4579489 5.349079
5.4100529 1.4579517 5.3490823
5.4100548 1.4579548 5.349086
5.4100568 1.4579582 5.3490901
5.410059 1.4579619 5.3490945
5.4100614 1.4579658 5.3490995
5.4100638 1.4579698 5.349105
5.4100662 1.4579739 5.349111
5.4100686 1.4579783 5.3491173
5.410071 1.4579828 5.3491238
5.4100733 1.4579874 5.3491304
5.4100755 1.4579919 5.3491371
5.4100776 1.4579963 5.3491438
5.4100797 1.4580006 5.3491502
5.4100815 1.4580047 5.3491563
5.410083 1.4580084 5.349162
5.4100843 1.4580119 5.3491672
5.4100853 1.458015 5.349172
5.4100861 1.4580178 5.3491762
5.4100867 1.4580203 5.3491799
5.4100871 1.4580224 5.3491829
5.4100873 1.4580241 5.3491854
5.4100875 1.4580253 5.3491872
5.4100876 1.4580262 5.3491884
5.4100876 1.4580266 5.3491891
4.8131811 1.2753871 4.1823578
4.8131812 1.2753865 4.1823587
4.8131812 1.2753854 4.1823606
4.8131812 1.2753837 4.1823635
4.8131811 1.2753816 4.1823672
4.8131809 1.2753791 4.1823718
4.8131806 1.2753762 4.1823771
4.8131802 1.2753731 4.1823831
4.8131797 1.2753696 4.1823896
4.8131791 1.275366 4.1823965
4.8131785 1.2753622 4.1824037
4.8131779 1.2753584 4.1824113
4.8131773 1.2753545 4.1824189
4.8131766 1.2753507 4.1824265
4.8131759 1.2753469 4.182434
4.8131752 1.2753431 4.1824411
4.8131744 1.2753393 4.1824478
4.8131735 1.2753356 4.1824541
4.8131726 1.2753321 4.1824598
4.8131718 1.2753291 4.182465
4.8131709 1.2753264 4.1824695
4.8131702 1.2753241 4.1824734
4.8131697 1.2753222 4.1824764
4.8131693 1.2753207 4.1824788
4.813169 1.2753197 4.1824803
3.3358537 2.078238 3.9788313
3.3358541 2.0782372 3.9788312
3.3358549 2.0782358 3.9788311
3.3358559 2.0782336 3.9788309
3.3358572 2.078231 3.9788307
3.3358588 2.0782278 3.9788305
3.3358606 2.0782241 3.9788302
3.3358625 2.0782201 3.9788299
3.3358646 2.0782157 3.9788295
3.3358669 2.0782109 3.9788289
3.3358693 2.0782059 3.9788283
3.3358716 2.0782005 3.9788275
3.3358739 2.0781949 3.9788264
3.3358761 2.0781889 3.9788251
3.3358781 2.0781828 3.9788237
3.3358799 2.0781765 3.978822
3.3358817 2.0781703 3.9788203
3.3358833 2.0781641 3.9788185
3.3358847 2.0781579 3.9788168
3.3358861 2.078152 3.9788152
3.3358873 2.0781463 3.9788137
3.3358884 2.0781409 3.9788124
3.3358893 2.0781359 3.9788114
3.3358901 2.078131 3.9788106
3.3358907 2.0781263 3.97881
3.3358912 2.0781219 3.9788096
3.3358916 2.0781176 3.9788096
3.3358918 2.0781136 3.9788097
3.3358917 2.07811 3.9788101
3.3358916 2.0781068 3.9788106
3.3358912 2.0781039 3.9788111
3.3358907 2.0781014 3.9788116
3.3358902 2.0780994 3.978812
3.3358898 2.0780977 3.9788123
3.3358894 2.0780965 3.9788127
3.3358893 2.0780956 3.9788131
3.3358892 2.0780951 3.9788133
3.778185 1.0427089 2.2866714
3.7781836 1.0427087 2.286673
3.778182 1.0427085 2.286675
3.7781801 1.0427082 2.2866772
0 0 0
0 0 0
4.5777731 1.5275704 5.7223186
4.5777643 1.5275694 5.7223192
0 0 0
0 0 0
4.5777415 1.5275663 5.7223231
4.5777356 1.5275655 5.7223246
4.5777309 1.5275648 5.722326
4.5777273 1.5275643 5.722327
4.5777249 1.527564 5.7223278
4.5777237 1.5275638 5.7223282
0 0 0
4.5183941 1.5001128 2.0181165
4.5183939 1.5001131 2.0181178
4.5183936 1.5001136 2.0181197
4.5183931 1.5001142 2.0181222
4.5183925 1.5001149 2.018125
4.5183918 1.5001158 2.018128
4.5183911 1.5001168 2.0181312
4.5183904 1.5001178 2.0181344
4.5183897 1.5001188 2.0181376
4.5183891 1.5001196 2.0181405
4.5183886 1.5001202 2.0181433
4.5183882 1.5001206 2.0181457
4.5183878 1.5001208 2.0181476
4.5183875 1.5001208 2.0181492
4.5183873 1.5001207 2.0181503
4.5183871 1.5001206 2.0181512
4.518387 1.5001205 2.0181517
4.5183869 1.5001205 2.0181521
4.5183869 1.5001205 2.0181523
0 0 0
1.910532 0.27090369 0.73698002
1.9105299 0.27090396 0.7369819
1.9105276 0.27090429 0.73698392
5.4100492 1.4579455 5.349076
5.4100507 1.4579478 5.3490788
5.4100526 1.4579505 5.349082
5.4100545 1.4579536 5.3490858
5.4100566 1.4579571 5.3490899
5.4100588 1.4579608 5.3490944
5.4100612 1.4579646 5.3490994
5.4100637 1.4579687 5.3491049
5.4100663 1.4579728 5.3491108
5.4100688 1.4579772 5.3491171
5.4100713 1.4579818 5.3491236
5.4100737 1.4579863 5.3491302
5.4100759 1.4579909 5.349137
5.4100781 1.4579953 5.3491436
5.41008 1.4579996 5.3491499
5.4100819 1.4580037 5.349156
5.4100834 1.4580076 5.3491617
5.4100847 1.4580111 5.3491669
5.4100858 1.4580144 5.3491717
0 0 0
5.7747302 1.4783425 4.466261
5.774731 1.4783422 4.4662602
5.7747319 1.4783417 4.4662596
5.7747328 1.4783413 4.4662591
5.7747337 1.478341 4.4662587
5.7747343 1.4783408 4.4662584
4.8131846 1.2753885 4.1823575
4.8131846 1.2753878 4.1823584
4.8131846 1.2753867 4.1823603
4.8131845 1.275385 4.1823632
4.8131844 1.2753828 4.1823669
4.8131841 1.2753803 4.1823715
4.8131837 1.2753775 4.1823768
4.8131832 1.2753744 4.1823828
4.8131827 1.275371 4.1823893
4.8131821 1.2753674 4.1823962
4.8131813 1.2753635 4.1824035
4.8131806 1.2753596 4.182411
4.8131798 1.2753556 4.1824186
4.813179 1.2753517 4.1824262
4.8131782 1.2753479 4.1824337
4.8131773 1.2753441 4.1824409
4.8131764 1.2753403 4.1824476
4.8131755 1.2753365 4.1824539
4.8131745 1.275333 4.1824596
4.8131736 1.2753299 4.1824648
4.8131727 1.2753272 4.1824694
4.8131719 1.2753248 4.1824733
4.8131713 1.2753229 4.1824765
4.813171 1.2753214 4.1824788
4.8131707 1.2753203 4.1824804
3.3358538 2.0782408 3.9788317
3.3358542 2.07824 3.9788316
3.335855 2.0782385 3.9788315
3.335856 2.0782363 3.9788314
3.3358574 2.0782335 3.9788313
3.335859 2.0782301 3.9788311
3.3358608 2.0782263 3.9788309
3.3358628 2.078222 3.9788306
3.335865 2.0782175 3.9788302
3.3358673 2.0782125 3.9788297
3.3358697 2.0782073 3.9788291
3.335872 2.0782018 3.9788282
3.3358742 2.0781959 3.9788271
3.3358763 2.0781898 3.9788258
3.3358782 2.0781835 3.9788243
3.3358799 2.078177 3.9788226
3.3358815 2.0781705 3.9788207
3.335883 2.0781641 3.9788188
3.3358843 2.0781577 3.978817
3.3358855 2.0781516 3.9788152
3.3358866 2.0781457 3.9788135
3.3358875 2.0781401 3.978812
3.3358884 2.0781348 3.9788107
3.3358891 2.0781298 3.9788097
3.3358896 2.078125 3.9788089
3.33589 2.0781204 3.9788083
3.3358903 2.078116 3.9788081
3.3358904 2.078112 3.9788081
3.3358903 2.0781083 3.9788084
3.33589 2.078105 3.9788088
3.3358897 2.0781022 3.9788093
3.3358891 2.0780997 3.9788098
3.3358886 2.0780976 3.9788103
3.3358881 2.0780959 3.9788106
3.3358877 2.0780946 3.978811
3.3358875 2.0780936 3.9788114
3.3358874 2.0780932 3.9788116
3.7781861 1.042708 2.2866696
3.7781847 1.0427079 2.2866713
3.7781831 1.0427076 2.2866732
3.7781811 1.0427073 2.2866754
3.7781788 1.042707 2.2866779
3.7781763 1.042707 2.2866807
3.7781737 1.0427071 2.2866837
3.7781711 1.0427074 2.2866867
3.7781686 1.0427079 2.2866897
3.7781663 1.0427085 2.2866926
3.7781642 1.0427091 2.2866952
3.7781623 1.0427097 2.2866975
3.7781607 1.0427102 2.2866995
3.7781595 1.0427106 2.2867011
3.7781586 1.0427109 2.2867022
0 0 0
4.5183932 1.5001128 2.0181155
4.5183931 1.500113 2.0181162
4.5183928 1.5001133 2.0181175
4.5183925 1.5001138 2.0181194
4.518392 1.5001145 2.0181218
4.5183914 1.5001152 2.0181245
4.5183907 1.5001161 2.0181276
4.5183899 1.5001171 2.0181307
4.5183891 1.5001181 2.0181339
4.5183885 1.500119 2.0181371
4.5183879 1.5001197 2.01814
4.5183874 1.5001203 2.0181427
4.5183869 1.5001206 2.0181451
4.5183866 1.5001207 2.018147
4.5183863 1.5001207 2.0181485
4.5183861 1.5001206 2.0181496
4.5183859 1.5001205 2.0181504
4.5183858 1.5001204 2.018151
4.5183858 1.5001203 2.0181513
4.5183857 1.5001203 2.0181515
1.9105347 0.27090174 0.73697879
1.910533 0.27090187 0.73698046
1.9105309 0.27090213 0.73698239
1.9105287 0.27090248 0.73698427
5.4100488 1.4579444 5.3490757
5.4100504 1.4579467 5.3490785
5.4100523 1.4579494 5.3490818
5.4100543 1.4579525 5.3490855
5.4100564 1.457956 5.3490897
5.4100587 1.4579597 5.3490942
5.4100611 1.4579636 5.3490993
5.4100637 1.4579677 5.3491048
5.4100663 1.4579719 5.3491106
5.410069 1.4579763 5.3491168
5.4100716 1.4579809 5.3491233
5.4100741 1.4579854 5.3491299
5.4100764 1.4579899 5.3491366
5.4100785 1.4579944 5.3491432
5.4100805 1.4579987 5.3491495
5.4100822 1.4580028 5.3491556
5.4100838 1.4580068 5.3491613
5.4100851 1.4580104 5.3491665
0 0 0
0 0 0
5.7747303 1.4783427 4.4662611
5.7747311 1.4783424 4.4662603
5.774732 1.478342 4.4662597
5.7747329 1.4783416 4.4662591
5.7747337 1.4783413 4.4662588
5.7747344 1.4783412 4.4662585
4.8131886 1.2753898 4.1823572
4.8131886 1.2753892 4.1823581
4.8131885 1.275388 4.1823601
4.8131884 1.2753864 4.1823629
4.8131882 1.2753843 4.1823667
4.8131879 1.2753818 4.1823712
4.8131874 1.2753791 4.1823766
4.8131869 1.275376 4.1823825
4.8131862 1.2753726 4.182389
4.8131855 1.275369 4.1823959
4.8131847 1.2753651 4.1824031
4.8131838 1.2753612 4.1824106
4.8131828 1.2753571 4.1824181
4.8131818 1.2753531 4.1824258
4.8131808 1.2753491 4.1824333
4.8131798 1.2753452 4.1824405
4.8131788 1.2753414 4.1824473
4.8131778 1.2753376 4.1824536
4.8131767 1.2753341 4.1824594
4.8131757 1.2753309 4.1824647
4.8131748 1.2753281 4.1824693
4.813174 1.2753257 4.1824733
4.8131734 1.2753238 4.1824765
4.813173 1.2753223 4.1824788
4.8131727 1.2753212 4.1824804
3.3358538 2.0782436 3.9788318
3.3358542 2.0782428 3.9788318
3.335855 2.0782412 3.9788317
3.3358561 2.0782389 3.9788317
3.3358575 2.078236 3.9788316
3.3358591 2.0782325 3.9788314
3.335861 2.0782285 3.9788313
3.3358631 2.0782241 3.9788311
3.3358654 2.0782193 3.9788307
3.3358677 2.0782142 3.9788303
3.3358701 2.0782087 3.9788297
3.3358724 2.078203 3.9788288
3.3358745 2.078197 3.9788277
3.3358765 2.0781906 3.9788264
3.3358783 2.0781841 3.9788248
3.3358799 2.0781775 3.978823
3.3358813 2.0781708 3.9788211
3.3358826 2.0781641 3.9788191
3.3358838 2.0781576 3.9788171
3.3358848 2.0781512 3.9788152
3.3358857 2.0781452 3.9788133
3.3358866 2.0781394 3.9788116
3.3358873 2.0781339 3.9788101
3.335888 2.0781287 3.9788088
3.3358885 2.0781238 3.9788078
3.3358888 2.0781191 3.9788071
3.335889 2.0781147 3.9788066
3.335889 2.0781105 3.9788065
3.3358889 2.0781069 3.9788066
3.3358886 2.0781036 3.978807
3.3358881 2.0781008 3.9788074
3.3358875 2.0780983 3.9788079
3.335887 2.0780961 3.9788084
3.3358864 2.0780943 3.9788088
3.335886 2.0780929 3.9788093
3.3358858 2.078092 3.9788096
3.3358856 2.0780916 3.9788099
3.7781877 1.0427066 2.2866671
3.7781863 1.0427065 2.2866687
3.7781846 1.0427063 2.2866706
3.7781826 1.0427059 2.2866728
3.7781803 1.0427056 2.2866753
3.7781777 1.0427055 2.2866781
3.7781751 1.0427056 2.286681
3.7781726 1.0427059 2.2866841
3.7781701 1.0427064 2.2866871
3.7781678 1.042707 2.28669
3.7781657 1.0427075 2.2866926
3.7781638 1.0427081 2.2866949
3.7781622 1.0427086 2.286697
3.7781609 1.0427089 2.2866987
3.77816 1.0427092 2.2866998
3.7781595 1.0427093 2.2867004
4.5183923 1.500113 2.0181153
4.5183921 1.5001132 2.018116
4.5183919 1.5001135 2.0181173
4.5183915 1.5001141 2.0181191
4.518391 1.5001148 2.0181214
4.5183903 1.5001156 2.0181241
4.5183896 1.5001165 2.0181271
4.5183888 1.5001174 2.0181303
4.518388 1.5001184 2.0181335
4.5183873 1.5001192 2.0181366
4.5183867 1.5001199 2.0181395
4.5183862 1.5001203 2.0181422
4.5183857 1.5001206 2.0181445
4.5183854 1.5001206 2.0181465
4.5183851 1.5001206 2.018148
4.5183849 1.5001205 2.018149
4.5183848 1.5001204 2.0181497
4.5183847 1.5001203 2.0181502
4.5183846 1.5001202 2.0181506
4.5183846 1.5001201 2.0181507
1.9105355 0.27090052 0.73697893
1.9105337 0.27090065 0.73698065
1.9105316 0.2709009 0.7369826
5.410047 1.4579416 5.3490731
5.4100484 1.4579434 5.3490755
5.4100501 1.4579457 5.3490783
5.410052 1.4579484 5.3490816
5.410054 1.4579515 5.3490854
5.4100562 1.457955 5.3490895
5.4100586 1.4579587 5.3490941
5.4100611 1.4579627 5.3490991
5.4100637 1.4579668 5.3491046
5.4100664 1.4579711 5.3491103
5.4100691 1.4579755 5.3491165
5.4100718 1.4579801 5.3491229
5.4100743 1.4579846 5.3491295
5.4100767 1.4579891 5.3491362
5.4100789 1.4579936 5.3491428
5.4100808 1.4579979 5.3491491
5.4100826 1.458002 5.3491552
5.4100841 1.458006 5.3491609
5.7747284 1.4783434 4.4662636
5.774729 1.4783435 4.4662628
5.7747296 1.4783434 4.466262
5.7747304 1.4783432 4.4662613
5.7747312 1.4783429 4.4662606
5.7747321 1.4783426 4.4662599
5.774733 1.4783423 4.4662594
5.7747338 1.4783421 4.4662589
5.7747345 1.478342 4.4662587
0 0 0
4.813193 1.2753906 4.1823579
4.8131929 1.2753895 4.1823598
4.8131927 1.2753879 4.1823627
4.8131925 1.2753858 4.1823664
4.8131921 1.2753835 4.182371
4.8131916 1.2753808 4.1823763
4.813191 1.2753778 4.1823822
4.8131902 1.2753745 4.1823887
4.8131894 1.2753709 4.1823956
4.8131885 1.275367 4.1824028
4.8131874 1.275363 4.1824102
4.8131862 1.2753588 4.1824178
4.813185 1.2753547 4.1824254
4.8131838 1.2753506 4.1824329
4.8131827 1.2753466 4.1824402
4.8131815 1.2753427 4.182447
4.8131804 1.2753389 4.1824534
4.8131792 1.2753353 4.1824593
4.8131782 1.2753321 4.1824646
4.8131773 1.2753293 4.1824693
4.8131764 1.2753269 4.1824733
4.8131758 1.2753249 4.1824765
4.8131754 1.2753233 4.1824788
4.8131751 1.2753222 4.1824804
0 0 0
3.3358543 2.0782455 3.9788318
3.335855 2.0782439 3.9788318
3.3358561 2.0782416 3.9788317
3.3358576 2.0782385 3.9788316
3.3358593 2.0782348 3.9788315
3.3358613 2.0782306 3.9788315
3.3358634 2.078226 3.9788313
3.3358657 2.0782211 3.9788311
3.3358681 2.0782157 3.9788307
3.3358704 2.0782101 3.9788301
3.3358727 2.0782042 3.9788293
3.3358748 2.078198 3.9788282
3.3358767 2.0781915 3.9788268
3.3358784 2.0781848 3.9788252
3.3358799 2.0781779 3.9788234
3.3358812 2.0781711 3.9788214
3.3358823 2.0781642 3.9788193
3.3358833 2.0781575 3.9788172
3.3358841 2.0781509 3.9788151
3.3358849 2.0781447 3.9788131
3.3358856 2.0781387 3.9788112
3.3358863 2.0781331 3.9788095
3.3358868 2.0781278 3.978808
3.3358873 2.0781228 3.9788068
3.3358877 2.078118 3.9788058
3.3358879 2.0781136 3.9788052
3.3358878 2.0781094 3.9788049
3.3358876 2.0781057 3.9788048
3.3358872 2.0781025 3.9788051
3.3358866 2.0780997 3.9788055
3.335886 2.0780972 3.978806
3.3358854 2.078095 3.9788065
3.3358848 2.0780932 3.9788069
3.3358844 2.0780918 3.9788074
3.3358841 2.0780908 3.9788077
3.335884 2.0780904 3.978808
3.7781897 1.0427047 2.2866638
3.7781883 1.0427046 2.2866654
3.7781866 1.0427044 2.2866673
3.7781845 1.042704 2.2866694
3.7781822 1.0427037 2.2866719
3.7781797 1.0427036 2.2866746
3.7781771 1.0427037 2.2866775
3.7781746 1.042704 2.2866806
3.7781721 1.0427044 2.2866836
3.7781698 1.0427049 2.2866865
3.7781677 1.0427055 2.2866891
3.7781658 1.042706 2.2866915
3.7781642 1.0427064 2.2866937
3.7781629 1.0427067 2.2866954
3.778162 1.0427069 2.2866966
3.7781615 1.0427071 2.2866972
5.2605898 1.919615 1.4545392
5.26059 1.919615 1.4545388
5.2605905 1.9196148 1.4545381
5.2605913 1.9196144 1.454537
4.5183901 1.5001151 2.0181212
4.5183894 1.5001159 2.0181238
4.5183886 1.5001168 2.0181267
4.5183878 1.5001177 2.0181299
4.518387 1.5001186 2.0181331
4.5183863 1.5001194 2.0181362
4.5183857 1.50012 2.0181391
4.5183851 1.5001203 2.0181418
4.5183847 1.5001205 2.0181441
4.5183843 1.5001206 2.018146
4.5183841 1.5001205 2.0181475
4.5183839 1.5001204 2.0181485
4.5183838 1.5001203 2.0181491
4.5183837 1.5001202 2.0181495
4.5183837 1.5001201 2.0181498
4.5183836 1.5001201 2.01815
1.9105359 0.2708999 0.73697897
1.9105341 0.27090002 0.73698064
5.4100455 1.4579393 5.349071
5.4100466 1.4579407 5.3490729
5.4100481 1.4579426 5.3490753
5.4100498 1.4579448 5.3490782
5.4100517 1.4579475 5.3490815
5.4100538 1.4579506 5.3490853
5.4100561 1.4579541 5.3490895
5.4100585 1.4579579 5.349094
5.410061 1.4579619 5.349099
5.4100636 1.4579661 5.3491043
5.4100664 1.4579705 5.34911
5.4100691 1.4579749 5.3491161
5.4100719 1.4579794 5.3491225
5.4100745 1.457984 5.3491291
5.4100769 1.4579884 5.3491358
5.4100792 1.4579929 5.3491424
5.4100811 1.4579972 5.3491487
5.4100828 1.4580014 5.3491548
5.774728 1.4783441 4.4662646
5.7747284 1.4783441 4.4662639
5.7747291 1.4783442 4.4662631
5.7747298 1.4783442 4.4662623
5.7747306 1.4783441 4.4662616
5.7747314 1.4783438 4.4662609
5.7747323 1.4783436 4.4662603
5.7747332 1.4783433 4.4662597
5.774734 1.4783432 4.4662592
5.7747348 1.4783431 4.4662589
4.8131977 1.2753926 4.1823567
4.8131976 1.2753921 4.1823577
4.8131975 1.275391 4.1823596
4.8131973 1.2753895 4.1823625
4.813197 1.2753876 4.1823662
4.8131966 1.2753853 4.1823708
4.8131961 1.2753827 4.1823761
4.8131954 1.2753798 4.182382
4.8131945 1.2753765 4.1823885
4.8131935 1.2753729 4.1823953
4.8131925 1.2753691 4.1824025
4.8131912 1.275365 4.1824099
4.8131899 1.2753608 4.1824175
4.8131885 1.2753566 4.1824251
4.8131871 1.2753523 4.1824327
4.8131858 1.2753482 4.18244
4.8131844 1.2753442 4.1824469
4.8131832 1.2753403 4.1824533
4.813182 1.2753368 4.1824593
4.8131809 1.2753336 4.1824646
4.81318 1.2753308 4.1824693
4.8131791 1.2753283 4.1824733
4.8131785 1.2753263 4.1824764
4.813178 1.2753246 4.1824788
4.8131777 1.2753235 4.1824804
4.8131776 1.2753229 4.1824811
3.3358545 2.078248 3.9788317
3.3358552 2.0782464 3.9788317
3.3358563 2.078244 3.9788316
3.3358578 2.0782408 3.9788315
3.3358596 2.078237 3.9788315
3.3358616 2.0782327 3.9788315
3.3358639 2.078228 3.9788314
3.3358662 2.0782228 3.9788313
3.3358686 2.0782173 3.978831
3.3358709 2.0782115 3.9788304
3.3358731 2.0782054 3.9788295
3.3358751 2.078199 3.9788285
3.335877 2.0781923 3.9788271
3.3358786 2.0781854 3.9788255
3.3358799 2.0781784 3.9788237
3.3358811 2.0781714 3.9788217
3.335882 2.0781644 3.9788194
3.3358828 2.0781574 3.9788172
3.3358834 2.0781507 3.9788149
3.335884 2.0781443 3.9788127
3.3358847 2.0781382 3.9788107
3.3358853 2.0781325 3.9788089
3.3358858 2.0781271 3.9788072
3.3358863 2.078122 3.9788057
3.3358867 2.0781172 3.9788046
3.3358868 2.0781127 3.9788038
3.3358867 2.0781086 3.9788032
3.3358864 2.0781049 3.9788031
3.3358859 2.0781017 3.9788032
3.3358852 2.0780989 3.9788035
3.3358845 2.0780964 3.978804
3.3358838 2.0780942 3.9788044
3.3358833 2.0780924 3.9788049
3.3358828 2.0780909 3.9788052
3.3358824 2.07809 3.9788056
3.3358823 2.0780896 3.9788058
3.7781924 1.0427023 2.2866598
3.7781909 1.0427021 2.2866613
3.7781891 1.0427019 2.2866631
3.778187 1.0427016 2.2866653
3.7781847 1.0427013 2.2866677
3.7781823 1.0427012 2.2866703
3.7781797 1.0427013 2.2866732
3.7781772 1.0427015 2.2866762
3.7781748 1.0427019 2.2866792
3.7781725 1.0427024 2.2866821
3.7781703 1.0427029 2.2866848
3.7781684 1.0427033 2.2866873
3.7781668 1.0427036 2.2866895
3.7781655 1.0427039 2.2866913
3.7781646 1.0427042 2.2866925
3.7781641 1.0427043 2.2866932
5.26059 1.9196151 1.454539
5.2605903 1.919615 1.4545386
5.2605907 1.9196148 1.4545379
5.2605915 1.9196144 1.4545368
5.2605926 1.9196138 1.4545355
5.260594 1.919613 1.4545342
4.5183879 1.5001171 2.0181264
4.5183871 1.5001181 2.0181295
4.5183863 1.5001189 2.0181327
4.5183855 1.5001196 2.0181358
4.5183848 1.5001201 2.0181387
4.5183842 1.5001204 2.0181414
4.5183838 1.5001205 2.0181437
4.5183834 1.5001205 2.0181457
4.5183832 1.5001204 2.0181471
4.518383 1.5001204 2.0181481
4.5183829 1.5001203 2.0181487
4.5183829 1.5001202 2.018149
4.5183828 1.5001201 2.0181493
4.5183828 1.50012 2.0181494
5.410044 1.4579373 5.3490688
5.4100444 1.4579378 5.3490694
5.4100453 1.4579387 5.3490707
5.4100464 1.45794 5.3490727
5.4100478 1.4579419 5.3490752
5.4100496 1.4579442 5.3490781
5.4100515 1.4579469 5.3490814
5.4100537 1.4579499 5.3490852
5.4100559 1.4579534 5.3490894
5.4100584 1.4579571 5.349094
5.4100609 1.4579612 5.3490989
5.4100636 1.4579655 5.3491042
5.4100664 1.4579699 5.3491099
5.4100691 1.4579744 5.3491159
5.4100719 1.4579789 5.3491222
5.4100745 1.4579834 5.3491288
5.410077 1.4579879 5.3491355
5.4100793 1.4579923 5.3491421
0 0 0
0 0 0
5.774728 1.478345 4.466265
5.7747285 1.4783451 4.4662643
5.7747292 1.4783452 4.4662635
5.77473 1.4783453 4.4662627
5.7747308 1.4783452 4.466262
5.7747316 1.4783451 4.4662613
5.7747325 1.478345 4.4662607
5.7747335 1.4783448 4.4662601
5.7747343 1.4783447 4.4662596
5.774735 1.4783446 4.4662592
5.7747356 1.4783446 4.4662589
4.8132023 1.2753936 4.1823575
4.8132022 1.2753926 4.1823594
4.813202 1.2753912 4.1823623
4.8132016 1.2753894 4.182366
4.8132012 1.2753873 4.1823706
4.8132006 1.2753848 4.1823759
4.8131997 1.2753819 4.1823819
4.8131988 1.2753787 4.1823884
4.8131977 1.2753751 4.1823952
4.8131964 1.2753713 4.1824024
4.8131951 1.2753672 4.1824098
4.8131935 1.275363 4.1824174
4.813192 1.2753587 4.1824251
4.8131905 1.2753543 4.1824326
4.813189 1.27535 4.1824399
4.8131876 1.2753459 4.1824469
4.8131863 1.2753421 4.1824534
4.813185 1.2753385 4.1824594
4.8131839 1.2753353 4.1824647
4.8131829 1.2753325 4.1824694
4.8131821 1.27533 4.1824733
4.8131814 1.2753279 4.1824765
4.8131809 1.2753262 4.1824788
4.8131806 1.2753251 4.1824804
4.8131805 1.2753245 4.1824812
3.3358548 2.0782503 3.9788314
3.3358556 2.0782487 3.9788313
3.3358567 2.0782463 3.9788313
3.3358582 2.0782431 3.9788313
3.33586 2.0782392 3.9788313
3.3358621 2.0782347 3.9788313
3.3358644 2.0782298 3.9788313
3.3358667 2.0782245 3.9788313
3.3358691 2.0782188 3.978831
3.3358714 2.0782129 3.9788304
3.3358736 2.0782066 3.9788296
3.3358756 2.0782 3.9788286
3.3358774 2.0781931 3.9788273
3.3358788 2.0781861 3.9788257
3.3358801 2.078179 3.9788238
3.335881 2.0781718 3.9788217
3.3358818 2.0781646 3.9788194
3.3358824 2.0781575 3.9788171
3.3358829 2.0781506 3.9788147
3.3358834 2.0781441 3.9788124
3.335884 2.0781379 3.9788102
3.3358846 2.0781321 3.9788083
3.3358851 2.0781266 3.9788064
3.3358855 2.0781215 3.9788048
3.3358858 2.0781166 3.9788034
3.3358859 2.0781122 3.9788024
3.3358857 2.0781081 3.9788017
3.3358853 2.0781044 3.9788013
3.3358846 2.0781012 3.9788013
3.3358838 2.0780984 3.9788015
3.3358831 2.0780959 3.9788018
3.3358823 2.0780937 3.9788022
3.3358817 2.0780919 3.9788026
3.3358812 2.0780905 3.978803
3.3358809 2.0780896 3.9788032
0 0 0
3.7781956 1.0426994 2.286655
3.7781941 1.0426992 2.2866565
3.7781922 1.042699 2.2866583
3.7781902 1.0426988 2.2866604
3.7781879 1.0426985 2.2866627
3.7781855 1.0426984 2.2866653
3.778183 1.0426984 2.2866681
3.7781805 1.0426987 2.286671
3.7781781 1.042699 2.2866739
3.7781758 1.0426994 2.2866768
3.7781736 1.0426997 2.2866796
3.7781717 1.0427001 2.2866821
3.7781701 1.0427003 2.2866844
3.7781688 1.0427005 2.2866862
3.7781678 1.0427007 2.2866875
3.7781673 1.0427009 2.2866881
5.2605903 1.9196153 1.4545386
5.2605906 1.9196152 1.4545382
5.2605911 1.919615 1.4545375
5.2605919 1.9196145 1.4545364
5.260593 1.9196139 1.4545352
5.2605944 1.919613 1.4545339
5.2605961 1.919612 1.4545326
4.5183865 1.5001183 2.0181293
4.5183857 1.5001191 2.0181325
4.5183849 1.5001198 2.0181356
4.5183842 1.5001202 2.0181384
4.5183836 1.5001204 2.0181411
4.5183831 1.5001205 2.0181434
4.5183827 1.5001205 2.0181453
4.5183825 1.5001204 2.0181468
4.5183824 1.5001203 2.0181478
4.5183823 1.5001202 2.0181484
4.5183822 1.5001201 2.0181487
4.5183822 1.5001201 2.0181488
4.5183823 1.50012 2.0181489
3.9301617 2.5114251 0.19754851
3.9301614 2.5114255 0.19754826
3.9301611 2.511426 0.19754777
3.9301607 2.5114266 0.19754722
3.9301607 2.5114272 0.1975468
3.9301607 2.5114277 0.19754641
0 0 0
5.4100535 1.4579495 5.3490852
5.4100558 1.4579529 5.3490894
5.4100583 1.4579566 5.349094
5.4100609 1.4579607 5.3490989
5.4100636 1.4579651 5.3491041
5.4100664 1.4579695 5.3491098
5.4100691 1.457974 5.3491158
5.4100719 1.4579785 5.349122
5.4100745 1.4579831 5.3491286
5.4100771 1.4579876 5.3491353
5.4100794 1.457992 5.3491419
5.7747273 1.4783461 4.4662662
5.7747276 1.4783461 4.4662659
5.774728 1.4783462 4.4662653
5.7747286 1.4783463 4.4662646
5.7747293 1.4783465 4.4662638
5.7747301 1.4783466 4.4662631
5.774731 1.4783467 4.4662623
5.7747318 1.4783467 4.4662616
5.7747328 1.4783466 4.466261
5.7747337 1.4783465 4.4662604
5.7747345 1.4783465 4.4662599
5.7747352 1.4783465 4.4662595
5.7747357 1.4783465 4.4662592
4.8132069 1.2753954 4.1823574
4.8132068 1.2753944 4.1823593
4.8132065 1.2753931 4.1823622
4.8132061 1.2753914 4.1823659
4.8132056 1.2753893 4.1823706
4.8132049 1.2753869 4.1823759
4.813204 1.2753842 4.1823819
4.8132029 1.275381 4.1823884
4.8132017 1.2753775 4.1823953
4.8132003 1.2753737 4.1824025
4.8131988 1.2753695 4.1824099
4.8131972 1.2753653 4.1824175
4.8131956 1.2753609 4.1824252
4.813194 1.2753564 4.1824328
4.8131924 1.275352 4.1824401
4.8131909 1.2753479 4.1824471
4.8131894 1.2753439 4.1824536
4.8131881 1.2753404 4.1824596
4.813187 1.2753371 4.1824649
4.813186 1.2753343 4.1824695
4.8131851 1.2753318 4.1824734
4.8131844 1.2753297 4.1824765
4.8131839 1.2753281 4.1824788
4.8131836 1.275327 4.1824804
4.8131834 1.2753264 4.1824812
3.3358554 2.0782525 3.9788309
3.3358561 2.0782508 3.9788309
3.3358573 2.0782484 3.9788308
3.3358587 2.0782452 3.9788308
3.3358606 2.0782412 3.9788309
3.3358627 2.0782367 3.9788309
3.3358649 2.0782317 3.978831
3.3358673 2.0782262 3.9788309
3.3358696 2.0782204 3.9788306
3.3358719 2.0782142 3.9788301
3.3358741 2.0782078 3.9788293
3.335876 2.0782011 3.9788284
3.3358777 2.0781941 3.9788271
3.3358791 2.0781869 3.9788255
3.3358802 2.0781796 3.9788236
3.3358811 2.0781723 3.9788215
3.3358817 2.0781649 3.9788193
3.3358822 2.0781577 3.9788169
3.3358826 2.0781508 3.9788144
3.3358831 2.0781441 3.978812
3.3358836 2.0781379 3.9788097
3.3358842 2.078132 3.9788076
3.3358846 2.0781265 3.9788056
3.335885 2.0781213 3.9788039
3.3358852 2.0781165 3.9788024
3.3358852 2.078112 3.9788012
3.3358849 2.0781079 3.9788002
3.3358843 2.0781042 3.9787997
3.3358835 2.078101 3.9787995
3.3358826 2.0780982 3.9787995
3.3358817 2.0780957 3.9787997
3.3358809 2.0780935 3.9788
3.3358802 2.0780918 3.9788003
3.3358797 2.0780903 3.9788006
3.7782019 1.0426963 2.2866473
3.7782008 1.0426962 2.2866483
3.7781995 1.0426961 2.2866495
3.7781979 1.0426959 2.286651
3.7781961 1.0426957 2.2866528
3.778194 1.0426955 2.2866548
3.7781917 1.0426953 2.2866571
3.7781894 1.0426951 2.2866596
3.778187 1.0426952 2.2866623
3.7781845 1.0426953 2.2866651
3.7781821 1.0426956 2.286668
3.7781797 1.0426958 2.2866708
3.7781776 1.0426961 2.2866736
3.7781757 1.0426963 2.2866761
3.778174 1.0426965 2.2866784
3.7781727 1.0426966 2.2866802
3.7781718 1.0426968 2.2866815
3.7781713 1.0426969 2.2866821
5.2605909 1.9196157 1.4545381
5.2605912 1.9196155 1.4545377
5.2605918 1.9196152 1.4545369
5.2605926 1.9196147 1.4545359
5.2605938 1.919614 1.4545346
5.2605952 1.9196131 1.4545334
5.2605968 1.919612 1.4545321
5.2605986 1.919611 1.4545308
5.2606007 1.91961 1.4545295
4.5183846 1.5001199 2.0181354
4.5183839 1.5001203 2.0181382
4.5183833 1.5001204 2.0181409
4.5183828 1.5001204 2.0181433
4.5183824 1.5001204 2.0181452
4.5183821 1.5001204 2.0181467
4.518382 1.5001203 2.0181476
4.518382 1.5001202 2.0181482
4.5183819 1.5001201 2.0181485
4.5183819 1.5001201 2.0181486
3.9301616 2.5114247 0.19754824
3.9301615 2.5114249 0.1975481
3.9301613 2.5114253 0.19754785
3.930161 2.5114258 0.19754739
3.9301608 2.5114264 0.1975469
3.9301607 2.511427 0.19754647
3.9301607 2.5114275 0.1975461
3.9301609 2.5114278 0.19754579
4.6526693 2.5593109 4.6030387
4.6526691 2.5593111 4.6030384
4.6526686 2.5593114 4.6030378
4.6526679 2.5593119 4.6030369
4.652667 2.5593126 4.6030357
4.6526663 2.5593135 4.6030345
4.6526656 2.5593143 4.6030335
4.6526652 2.559315 4.6030328
5.4100746 1.4579828 5.3491285
5.4100771 1.4579874 5.3491352
5.7747272 1.4783474 4.4662667
5.7747273 1.4783474 4.4662665
5.7747276 1.4783475 4.4662661
5.774728 1.4783476 4.4662656
5.7747286 1.4783478 4.4662649
5.7747293 1.4783481 4.4662642
5.7747302 1.4783483 4.4662634
5.7747311 1.4783484 4.4662626
5.774732 1.4783485 4.4662619
5.7747329 1.4783485 4.4662613
5.7747338 1.4783485 4.4662608
5.7747346 1.4783485 4.4662602
5.7747353 1.4783486 4.4662598
5.7747358 1.4783486 4.4662595
0 0 0
4.8132112 1.2753964 4.1823593
4.8132109 1.2753951 4.1823622
4.8132104 1.2753935 4.182366
4.8132098 1.2753915 4.1823706
4.813209 1.2753891 4.182376
4.8132079 1.2753864 4.182382
4.8132068 1.2753833 4.1823885
4.8132055 1.2753799 4.1823955
4.813204 1.275376 4.1824028
4.8132025 1.2753719 4.1824102
4.8132008 1.2753676 4.1824178
4.8131991 1.2753631 4.1824255
4.8131974 1.2753587 4.1824331
4.8131958 1.2753542 4.1824404
4.8131942 1.2753499 4.1824473
4.8131927 1.275346 4.1824538
4.8131913 1.2753423 4.1824598
4.8131901 1.2753391 4.1824651
4.8131891 1.2753362 4.1824697
4.8131882 1.2753337 4.1824735
4.8131875 1.2753316 4.1824765
4.8131869 1.2753301 4.1824788
4.8131866 1.275329 4.1824804
4.8131864 1.2753285 4.1824812
3.3358561 2.0782545 3.9788303
3.3358568 2.0782529 3.9788303
3.3358579 2.0782504 3.9788302
3.3358594 2.0782472 3.9788302
3.3358612 2.0782432 3.9788303
3.3358633 2.0782386 3.9788304
3.3358655 2.0782335 3.9788304
3.3358678 2.0782279 3.9788303
3.3358702 2.078222 3.9788299
3.3358725 2.0782157 3.9788294
3.3358745 2.0782091 3.9788287
3.3358764 2.0782022 3.9788278
3.335878 2.0781951 3.9788265
3.3358794 2.0781878 3.978825
3.3358804 2.0781804 3.9788232
3.3358811 2.0781729 3.9788212
3.3358817 2.0781655 3.9788189
3.3358821 2.0781582 3.9788165
3.3358825 2.0781511 3.978814
3.335883 2.0781444 3.9788115
3.3358835 2.0781381 3.9788092
3.335884 2.0781322 3.978807
3.3358844 2.0781267 3.9788049
3.3358846 2.0781215 3.978803
3.3358847 2.0781167 3.9788014
3.3358846 2.0781122 3.9788
3.3358842 2.078108 3.9787989
3.3358835 2.0781043 3.9787982
3.3358826 2.078101 3.9787978
3.3358816 2.0780982 3.9787976
3.3358806 2.0780957 3.9787976
3.3358797 2.0780935 3.9787978
3.335879 2.0780918 3.978798
3.3358784 2.0780904 3.9787982
3.7782066 1.0426927 2.2866411
3.7782055 1.0426925 2.2866421
3.7782041 1.0426924 2.2866434
3.7782025 1.0426922 2.2866449
3.7782006 1.042692 2.2866466
3.7781985 1.0426917 2.2866486
3.7781963 1.0426915 2.2866508
3.778194 1.0426914 2.2866532
3.7781916 1.0426914 2.2866558
3.7781892 1.0426914 2.2866585
3.7781867 1.0426916 2.2866613
3.7781844 1.0426918 2.2866641
3.7781822 1.0426919 2.2866668
3.7781803 1.042692 2.2866693
3.7781786 1.0426921 2.2866715
3.7781773 1.0426922 2.2866732
3.7781764 1.0426924 2.2866746
0 0 0
5.2605918 1.9196161 1.4545373
5.260592 1.9196159 1.4545369
5.2605927 1.9196155 1.4545362
5.2605936 1.9196149 1.4545352
5.2605948 1.9196141 1.454534
5.2605962 1.9196131 1.4545327
5.2605978 1.919612 1.4545314
5.2605996 1.9196109 1.45453
5.2606017 1.9196098 1.4545288
5.2606039 1.9196088 1.4545276
5.2606062 1.9196079 1.4545265
5.2606084 1.9196071 1.4545254
5.2606105 1.9196064 1.4545244
5.2606123 1.9196058 1.4545235
5.2606139 1.9196052 1.4545229
5.2606152 1.9196049 1.4545224
5.260616 1.9196047 1.4545221
5.2606165 1.9196046 1.454522
3.9301613 2.5114243 0.19754749
3.9301612 2.5114244 0.19754744
3.9301612 2.5114246 0.1975473
3.930161 2.5114249 0.19754702
3.9301608 2.5114254 0.19754661
3.9301606 2.511426 0.19754617
3.9301606 2.5114266 0.19754578
3.9301608 2.5114271 0.19754549
3.9301609 2.5114274 0.19754525
0 0 0
4.6526692 2.5593104 4.6030391
4.6526688 2.5593107 4.6030386
4.6526681 2.5593113 4.6030377
4.6526673 2.5593119 4.6030365
4.6526666 2.5593127 4.6030354
4.6526661 2.5593135 4.6030345
4.6526656 2.5593143 4.6030338
4.6526654 2.5593148 4.6030334
4.6526653 2.5593152 4.6030332
5.7747272 1.4783488 4.4662668
5.7747273 1.4783489 4.4662665
5.7747276 1.4783491 4.4662662
5.774728 1.4783493 4.4662656
5.7747286 1.4783495 4.466265
5.7747294 1.4783499 4.4662643
5.7747302 1.4783501 4.4662635
5.7747311 1.4783503 4.4662628
5.774732 1.4783505 4.4662621
5.774733 1.4783506 4.4662615
5.7747339 1.4783507 4.4662609
5.7747346 1.4783507 4.4662604
5.7747353 1.4783508 4.46626
5.7747358 1.4783509 4.4662597
5.7747361 1.4783509 4.4662594
4.8132152 1.2753985 4.1823594
4.8132148 1.2753973 4.1823623
4.8132143 1.2753956 4.182366
4.8132136 1.2753937 4.1823707
4.8132127 1.2753914 4.1823761
4.8132116 1.2753887 4.1823822
4.8132104 1.2753856 4.1823888
4.8132091 1.2753822 4.1823958
4.8132076 1.2753783 4.1824031
4.813206 1.2753742 4.1824106
4.8132043 1.2753699 4.1824183
4.8132026 1.2753654 4.1824259
4.8132009 1.2753609 4.1824335
4.8131992 1.2753564 4.1824408
4.8131975 1.2753521 4.1824477
4.813196 1.2753481 4.1824541
4.8131945 1.2753444 4.18246
4.8131933 1.2753411 4.1824653
4.8131922 1.2753382 4.1824698
4.8131913 1.2753358 4.1824736
4.8131905 1.2753338 4.1824765
4.8131899 1.2753322 4.1824788
4.8131895 1.2753312 4.1824803
4.8131893 1.2753307 4.1824811
3.3358569 2.0782564 3.9788297
3.3358576 2.0782548 3.9788297
3.3358587 2.0782523 3.9788296
3.3358601 2.0782491 3.9788295
3.3358619 2.0782451 3.9788296
3.3358639 2.0782405 3.9788296
3.3358661 2.0782354 3.9788295
3.3358684 2.0782297 3.9788294
3.3358707 2.0782236 3.978829
3.3358729 2.0782172 3.9788285
3.335875 2.0782105 3.9788278
3.3358768 2.0782035 3.9788269
3.3358784 2.0781963 3.9788257
3.3358797 2.0781888 3.9788243
3.3358806 2.0781813 3.9788226
3.3358813 2.0781737 3.9788205
3.3358819 2.0781662 3.9788183
3.3358823 2.0781589 3.9788159
3.3358828 2.0781518 3.9788135
3.3358831 2.078145 3.978811
3.3358835 2.0781387 3.9788087
3.3358839 2.0781327 3.9788064
3.3358842 2.0781272 3.9788043
3.3358843 2.078122 3.9788023
3.3358843 2.0781171 3.9788005
3.335884 2.0781125 3.978799
3.3358835 2.0781083 3.9787978
3.3358828 2.0781045 3.9787968
3.3358818 2.0781012 3.9787962
3.3358808 2.0780983 3.9787959
3.3358797 2.0780959 3.9787957
3.3358787 2.0780938 3.9787957
3.3358779 2.078092 3.9787958
3.7782129 1.0426888 2.2866337
3.7782121 1.0426886 2.2866343
3.778211 1.0426885 2.2866353
3.7782095 1.0426883 2.2866365
3.7782078 1.0426881 2.286638
3.7782059 1.0426878 2.2866397
3.7782038 1.0426875 2.2866416
3.7782016 1.0426873 2.2866437
3.7781993 1.0426872 2.2866461
3.7781969 1.0426871 2.2866486
3.7781944 1.0426871 2.2866512
3.778192 1.0426871 2.2866539
3.7781897 1.0426872 2.2866566
3.7781875 1.0426873 2.2866592
3.7781856 1.0426873 2.2866616
3.778184 1.0426874 2.2866637
3.7781827 1.0426875 2.2866654
3.7781817 1.0426875 2.2866667
3.7781812 1.0426876 2.2866674
5.2605929 1.9196165 1.4545364
5.2605932 1.9196162 1.454536
5.2605938 1.9196157 1.4545353
5.2605947 1.919615 1.4545343
5.260596 1.9196141 1.4545332
5.2605974 1.9196131 1.4545319
5.2605991 1.9196119 1.4545306
5.2606009 1.9196107 1.4545292
5.260603 1.9196096 1.4545279
5.2606052 1.9196086 1.4545268
5.2606075 1.9196076 1.4545256
5.2606098 1.9196068 1.4545245
5.260612 1.9196061 1.4545235
5.2606139 1.9196055 1.4545226
5.2606155 1.919605 1.4545219
5.2606168 1.9196047 1.4545214
5.2606177 1.9196045 1.4545211
0 0 0
3.9301608 2.5114238 0.19754633
3.9301608 2.5114239 0.19754629
3.9301607 2.5114241 0.19754615
3.9301606 2.5114244 0.19754585
3.9301604 2.5114248 0.19754547
3.9301604 2.5114254 0.19754509
3.9301605 2.5114259 0.19754479
3.9301607 2.5114265 0.19754458
3.9301608 2.5114269 0.1975444
3.9301609 2.5114271 0.19754427
4.6526695 2.5593091 4.6030406
4.6526691 2.5593094 4.6030401
4.6526685 2.5593099 4.6030392
4.6526678 2.5593106 4.6030381
4.6526672 2.5593113 4.6030371
4.6526668 2.5593121 4.6030363
4.6526665 2.5593128 4.6030357
4.6526664 2.5593134 4.6030354
4.6526664 2.5593137 4.6030353
5.7747272 1.4783504 4.4662667
5.7747273 1.4783505 4.4662664
5.7747276 1.4783508 4.466266
5.7747281 1.478351 4.4662655
5.7747287 1.4783514 4.4662648
5.7747294 1.4783517 4.4662642
5.7747302 1.4783521 4.4662635
5.7747311 1.4783524 4.4662627
5.774732 1.4783526 4.466262
5.774733 1.4783527 4.4662615
5.7747338 1.4783529 4.4662609
5.7747346 1.4783531 4.4662604
5.7747352 1.4783532 4.4662601
5.7747357 1.4783533 4.4662598
5.7747361 1.4783534 4.4662595
4.8132189 1.2754007 4.1823597
4.8132185 1.2753995 4.1823625
4.8132179 1.2753979 4.1823662
4.8132172 1.275396 4.1823709
4.8132162 1.2753937 4.1823763
4.8132151 1.275391 4.1823825
4.8132138 1.275388 4.1823891
4.8132125 1.2753845 4.1823961
4.813211 1.2753806 4.1824035
4.8132093 1.2753765 4.182411
4.8132077 1.2753722 4.1824187
4.813206 1.2753677 4.1824264
4.8132043 1.2753632 4.1824339
4.8132025 1.2753587 4.1824411
4.8132008 1.2753543 4.182448
4.8131992 1.2753503 4.1824544
4.8131977 1.2753466 4.1824602
4.8131964 1.2753433 4.1824654
4.8131953 1.2753404 4.1824699
4.8131943 1.275338 4.1824736
4.8131935 1.275336 4.1824764
4.8131929 1.2753345 4.1824786
4.8131924 1.2753335 4.1824801
4.8131922 1.275333 4.1824809
3.3358578 2.0782583 3.9788291
3.3358585 2.0782566 3.978829
3.3358596 2.0782542 3.9788289
3.335861 2.078251 3.9788287
3.3358627 2.078247 3.9788287
3.3358646 2.0782425 3.9788286
3.3358667 2.0782373 3.9788285
3.3358689 2.0782315 3.9788282
3.3358711 2.0782254 3.9788278
3.3358733 2.0782189 3.9788272
3.3358753 2.0782121 3.9788265
3.3358771 2.0782049 3.9788257
3.3358787 2.0781975 3.9788246
3.3358799 2.07819 3.9788233
3.3358809 2.0781823 3.9788217
3.3358817 2.0781747 3.9788197
3.3358823 2.0781672 3.9788176
3.3358828 2.0781598 3.9788153
3.3358832 2.0781527 3.978813
3.3358835 2.0781459 3.9788106
3.3358838 2.0781394 3.9788082
3.335884 2.0781335 3.978806
3.3358842 2.0781279 3.9788038
3.3358841 2.0781226 3.9788017
3.3358839 2.0781177 3.9787998
3.3358836 2.0781131 3.9787982
3.3358829 2.0781088 3.9787967
3.3358821 2.078105 3.9787956
3.3358811 2.0781016 3.9787949
3.33588 2.0780987 3.9787943
3.3358789 2.0780962 3.978794
3.3358779 2.0780941 3.9787938
3.3358771 2.0780923 3.9787938
3.7782191 1.0426844 2.2866263
3.7782183 1.0426842 2.286627
3.7782171 1.0426841 2.2866278
3.7782156 1.0426838 2.2866291
3.7782139 1.0426835 2.2866305
3.7782119 1.0426832 2.2866322
3.7782098 1.0426829 2.2866341
3.7782076 1.0426827 2.2866361
3.7782052 1.0426825 2.2866383
3.7782028 1.0426823 2.2866407
3.7782003 1.0426822 2.2866432
3.7781979 1.0426822 2.2866458
3.7781956 1.0426822 2.2866484
3.7781935 1.0426822 2.2866508
3.7781916 1.0426822 2.2866531
3.77819 1.0426822 2.2866551
3.7781887 1.0426823 2.2866568
3.7781878 1.0426823 2.2866581
3.7781874 1.0426823 2.2866587
5.2605944 1.9196168 1.4545354
5.2605947 1.9196165 1.454535
5.2605953 1.919616 1.4545343
5.2605962 1.9196152 1.4545334
5.2605974 1.9196142 1.4545322
5.2605989 1.9196131 1.454531
5.2606006 1.9196118 1.4545296
5.2606025 1.9196106 1.4545282
5.2606045 1.9196094 1.4545269
5.2606068 1.9196083 1.4545258
5.2606092 1.9196073 1.4545246
5.2606115 1.9196065 1.4545235
5.2606137 1.9196058 1.4545224
5.2606156 1.9196053 1.4545215
5.2606173 1.9196048 1.4545208
5.2606187 1.9196045 1.4545203
5.2606196 1.9196044 1.45452
0 0 0
3.9301602 2.511423 0.19754488
3.9301602 2.5114231 0.19754483
3.9301601 2.5114233 0.19754465
3.93016 2.5114236 0.19754436
3.93016 2.5114241 0.19754405
3.93016 2.5114246 0.19754376
3.9301602 2.5114252 0.19754351
3.9301604 2.5114257 0.19754337
3.9301605 2.5114261 0.19754325
3.9301606 2.5114264 0.19754315
4.6526701 2.5593072 4.6030427
4.6526698 2.5593075 4.6030423
4.6526693 2.559308 4.6030415
4.6526687 2.5593086 4.6030405
4.6526682 2.5593093 4.6030396
4.6526679 2.55931 4.6030389
4.6526678 2.5593107 4.6030386
4.6526678 2.5593112 4.6030384
4.6526678 2.5593116 4.6030383
5.7747272 1.4783521 4.4662665
5.7747273 1.4783523 4.4662662
5.7747276 1.4783525 4.4662658
5.7747281 1.4783528 4.4662652
5.7747287 1.4783533 4.4662646
5.7747294 1.4783537 4.466264
5.7747302 1.4783541 4.4662633
5.7747311 1.4783545 4.4662625
5.774732 1.4783548 4.4662618
5.7747329 1.4783551 4.4662612
5.7747337 1.4783553 4.4662607
5.7747344 1.4783555 4.4662603
5.7747351 1.4783557 4.46626
5.7747356 1.4783559 4.4662598
5.774736 1.478356 4.4662596
4.8132222 1.2754028 4.18236
4.8132218 1.2754017 4.1823628
4.8132212 1.2754002 4.1823665
4.8132204 1.2753983 4.1823712
4.8132194 1.2753961 4.1823766
4.8132183 1.2753934 4.1823828
4.813217 1.2753903 4.1823895
4.8132156 1.2753868 4.1823966
4.8132141 1.275383 4.182404
4.8132126 1.2753788 4.1824115
4.8132109 1.2753745 4.1824192
4.8132092 1.27537 4.1824268
4.8132074 1.2753655 4.1824343
4.8132057 1.275361 4.1824415
4.813204 1.2753566 4.1824483
4.8132023 1.2753525 4.1824546
4.8132008 1.2753488 4.1824604
4.8131995 1.2753456 4.1824655
4.8131983 1.2753427 4.1824699
4.8131972 1.2753403 4.1824735
4.8131964 1.2753383 4.1824762
4.8131957 1.2753369 4.1824783
4.8131953 1.2753359 4.1824797
4.813195 1.2753353 4.1824805
0 0 0
3.3358594 2.0782584 3.9788282
3.3358605 2.078256 3.978828
3.3358619 2.0782528 3.9788278
3.3358635 2.0782489 3.9788277
3.3358653 2.0782444 3.9788274
3.3358673 2.0782392 3.9788272
3.3358694 2.0782334 3.9788269
3.3358716 2.0782271 3.9788264
3.3358737 2.0782206 3.9788258
3.3358757 2.0782137 3.9788251
3.3358774 2.0782065 3.9788243
3.3358789 2.0781989 3.9788233
3.3358802 2.0781913 3.9788221
3.3358812 2.0781835 3.9788205
3.3358821 2.0781758 3.9788188
3.3358828 2.0781682 3.9788168
3.3358834 2.0781608 3.9788147
3.3358838 2.0781537 3.9788124
3.335884 2.0781468 3.9788101
3.3358841 2.0781404 3.9788078
3.3358842 2.0781344 3.9788055
3.3358842 2.0781287 3.9788033
3.335884 2.0781234 3.9788012
3.3358836 2.0781184 3.9787992
3.3358831 2.0781137 3.9787974
3.3358824 2.0781094 3.9787959
3.3358815 2.0781055 3.9787946
3.3358805 2.0781022 3.9787937
3.3358794 2.0780992 3.978793
3.3358783 2.0780967 3.9787925
3.3358773 2.0780945 3.9787922
3.7782266 1.04268 2.2866182
3.7782261 1.0426798 2.2866185
3.7782252 1.0426796 2.2866191
3.778224 1.0426793 2.2866199
3.7782225 1.042679 2.2866211
3.7782207 1.0426786 2.2866225
3.7782187 1.0426783 2.2866241
3.7782166 1.0426779 2.2866259
3.7782142 1.0426776 2.2866278
3.7782118 1.0426774 2.2866299
3.7782093 1.0426772 2.2866322
3.7782069 1.042677 2.2866346
3.7782045 1.0426768 2.286637
3.7782022 1.0426768 2.2866395
3.7782001 1.0426767 2.2866418
3.7781982 1.0426767 2.2866439
3.7781967 1.0426767 2.2866458
3.7781955 1.0426767 2.2866474
3.7781947 1.0426767 2.2866486
3.7781942 1.0426768 2.2866493
5.260596 1.919617 1.4545342
5.2605963 1.9196167 1.4545338
5.2605969 1.9196162 1.4545332
5.2605978 1.9196153 1.4545323
5.260599 1.9196143 1.4545312
5.2606005 1.9196131 1.4545299
5.2606022 1.9196118 1.4545285
5.2606041 1.9196104 1.4545272
5.2606062 1.9196091 1.4545259
5.2606085 1.919608 1.4545247
5.2606109 1.9196071 1.4545235
5.2606133 1.9196062 1.4545223
5.2606155 1.9196056 1.4545213
5.2606176 1.919605 1.4545204
5.2606194 1.9196045 1.4545197
5.2606208 1.9196043 1.4545192
5.2606218 1.9196042 1.4545189
5.2606223 1.9196042 1.4545188
3.9301595 2.5114221 0.19754309
3.9301594 2.5114223 0.19754305
3.9301594 2.5114225 0.19754291
3.9301594 2.5114228 0.19754266
3.9301594 2.5114232 0.19754242
3.9301595 2.5114238 0.19754219
3.9301597 2.5114244 0.19754201
3.9301599 2.5114249 0.19754193
3.93016 2.5114252 0.19754187
3.93016 2.5114256 0.19754179
3.9301601 2.5114258 0.19754176
4.6526706 2.5593051 4.6030451
4.6526703 2.5593055 4.6030445
4.6526699 2.5593061 4.6030437
4.6526696 2.5593067 4.6030429
4.6526694 2.5593073 4.6030424
4.6526694 2.559308 4.6030421
4.6526696 2.5593085 4.6030421
4.6526697 2.5593088 4.6030421
5.7747271 1.4783539 4.4662662
5.7747273 1.4783541 4.4662659
5.7747276 1.4783544 4.4662655
5.7747281 1.4783548 4.4662649
5.7747287 1.4783553 4.4662643
5.7747294 1.4783558 4.4662637
5.7747301 1.4783563 4.466263
5.774731 1.4783568 4.4662622
5.7747319 1.4783572 4.4662615
5.7747327 1.4783575 4.4662609
5.7747335 1.4783578 4.4662604
5.7747342 1.4783581 4.4662601
5.7747348 1.4783583 4.4662599
5.7747353 1.4783585 4.4662597
5.7747356 1.4783587 4.4662596
0 0 0
4.8132248 1.2754038 4.1823632
4.8132241 1.2754024 4.1823669
4.8132233 1.2754005 4.1823715
4.8132223 1.2753983 4.182377
4.8132211 1.2753957 4.1823831
4.8132199 1.2753927 4.1823898
4.8132185 1.2753892 4.182397
4.8132171 1.2753853 4.1824044
4.8132155 1.2753811 4.182412
4.8132139 1.2753768 4.1824196
4.8132122 1.2753723 4.1824272
4.8132104 1.2753678 4.1824346
4.8132086 1.2753634 4.1824418
4.8132069 1.275359 4.1824485
4.8132053 1.2753549 4.1824548
4.8132038 1.2753512 4.1824605
4.8132024 1.2753479 4.1824655
4.8132012 1.2753451 4.1824697
4.8132001 1.2753426 4.1824732
4.8131992 1.2753407 4.1824758
4.8131986 1.2753392 4.1824779
4.8131981 1.2753382 4.1824792
4.8131979 1.2753376 4.18248
3.3358596 2.0782618 3.9788274
3.3358602 2.0782602 3.9788272
3.3358613 2.0782578 3.978827
3.3358626 2.0782546 3.9788267
3.3358641 2.0782507 3.9788264
3.3358659 2.0782462 3.9788261
3.3358678 2.078241 3.9788258
3.3358699 2.0782352 3.9788254
3.335872 2.0782289 3.9788249
3.3358741 2.0782223 3.9788243
3.335876 2.0782153 3.9788237
3.3358777 2.078208 3.9788229
3.3358792 2.0782004 3.9788219
3.3358805 2.0781926 3.9788207
3.3358816 2.0781848 3.9788193
3.3358826 2.0781771 3.9788177
3.3358834 2.0781694 3.9788159
3.335884 2.0781619 3.9788139
3.3358843 2.0781548 3.9788118
3.3358845 2.0781479 3.9788096
3.3358845 2.0781414 3.9788073
3.3358844 2.0781353 3.978805
3.3358842 2.0781296 3.9788028
3.3358838 2.0781242 3.9788006
3.3358833 2.0781191 3.9787986
5.5749421 1.217533 2.5318443
5.5749416 1.2175324 2.531842
5.5749411 1.217532 2.5318402
5.5749407 1.2175317 2.5318388
0 0 0
0 0 0
0 0 0
3.7782343 1.0426751 2.2866099
3.7782338 1.0426749 2.2866102
3.7782329 1.0426746 2.2866108
3.7782317 1.0426743 2.2866115
3.7782301 1.0426739 2.2866126
3.7782283 1.0426735 2.2866139
3.7782263 1.042673 2.2866154
3.778224 1.0426726 2.2866171
3.7782216 1.0426721 2.286619
3.778219 1.0426718 2.286621
3.7782165 1.0426715 2.2866231
3.778214 1.0426713 2.2866254
3.7782117 1.042671 2.2866277
3.7782094 1.0426709 2.28663
3.7782073 1.0426707 2.2866321
3.7782055 1.0426706 2.2866341
3.7782041 1.0426706 2.2866359
3.7782029 1.0426706 2.2866374
3.7782022 1.0426707 2.2866385
3.7782017 1.0426707 2.2866392
5.2605976 1.9196171 1.4545327
5.2605979 1.9196168 1.4545324
5.2605985 1.9196162 1.4545318
5.2605994 1.9196154 1.454531
5.2606007 1.9196143 1.4545299
5.2606022 1.9196131 1.4545287
5.2606039 1.9196117 1.4545274
5.2606058 1.9196103 1.454526
5.260608 1.919609 1.4545247
5.2606103 1.9196078 1.4545235
5.2606127 1.9196069 1.4545223
5.2606152 1.919606 1.4545211
5.2606175 1.9196053 1.4545201
5.2606196 1.9196048 1.4545193
5.2606215 1.9196044 1.4545186
5.260623 1.9196041 1.4545182
5.260624 1.9196041 1.4545178
5.2606245 1.9196041 1.4545177
3.9301585 2.5114212 0.19754105
3.9301586 2.5114213 0.19754109
3.9301587 2.5114215 0.19754105
3.9301588 2.5114218 0.1975409
3.9301588 2.5114222 0.19754074
3.9301589 2.5114228 0.19754057
3.930159 2.5114234 0.19754043
3.9301592 2.5114239 0.19754038
3.9301593 2.5114244 0.19754033
3.9301594 2.5114248 0.19754028
3.9301594 2.5114251 0.19754026
3.9301594 2.5114253 0.19754029
4.6526715 2.5593027 4.6030481
4.6526713 2.5593031 4.6030474
4.6526711 2.5593037 4.6030468
4.6526711 2.5593043 4.6030465
4.6526712 2.5593049 4.6030464
4.6526714 2.5593053 4.6030464
4.6526716 2.5593056 4.6030465
5.7747269 1.4783559 4.4662659
5.7747271 1.4783561 4.4662656
5.7747275 1.4783564 4.4662652
5.774728 1.4783568 4.4662646
5.7747286 1.4783574 4.4662639
5.7747292 1.478358 4.4662633
5.77473 1.4783586 4.4662626
5.7747308 1.4783591 4.4662618
5.7747317 1.4783596 4.4662611
5.7747325 1.47836 4.4662605
5.7747332 1.4783603 4.4662601
5.7747339 1.4783607 4.4662599
5.7747344 1.478361 4.4662598
5.7747348 1.4783612 4.4662597
5.7747351 1.4783613 4.4662596
5.7747353 1.4783614 4.4662596
4.8132275 1.2754058 4.1823637
4.8132267 1.2754043 4.1823674
4.8132258 1.2754026 4.182372
4.8132247 1.2754005 4.1823774
4.8132236 1.2753979 4.1823835
4.8132224 1.2753949 4.1823902
4.813221 1.2753914 4.1823974
4.8132196 1.2753875 4.1824049
4.8132181 1.2753833 4.1824125
4.8132165 1.275379 4.1824201
4.8132148 1.2753746 4.1824276
4.8132131 1.2753701 4.182435
4.8132113 1.2753657 4.182442
4.8132096 1.2753614 4.1824486
4.813208 1.2753572 4.1824548
4.8132065 1.2753536 4.1824604
4.8132052 1.2753503 4.1824653
4.8132039 1.2753474 4.1824694
4.8132028 1.275345 4.1824727
4.8132019 1.275343 4.1824753
4.8132012 1.2753416 4.1824773
4.8132008 1.2753405 4.1824786
4.8132006 1.2753399 4.1824794
3.3358605 2.0782634 3.9788264
3.3358611 2.0782618 3.9788261
3.335862 2.0782595 3.9788258
3.3358633 2.0782563 3.9788254
3.3358647 2.0782525 3.978825
3.3358664 2.0782479 3.9788246
3.3358683 2.0782427 3.9788242
3.3358703 2.0782369 3.9788238
3.3358723 2.0782306 3.9788234
3.3358743 2.0782239 3.9788228
3.3358762 2.0782168 3.9788221
3.3358779 2.0782094 3.9788214
3.3358794 2.0782017 3.9788204
3.3358808 2.0781939 3.9788193
3.335882 2.0781861 3.978818
3.335883 2.0781783 3.9788165
3.3358838 2.0781706 3.9788148
3.3358844 2.0781631 3.978813
3.3358847 2.0781559 3.978811
3.3358848 2.078149 3.9788089
3.3358847 2.0781424 3.9788067
3.3358845 2.0781363 3.9788045
3.3358842 2.0781304 3.9788022
5.5749431 1.2175345 2.5318499
5.5749424 1.2175338 2.5318471
5.5749418 1.2175331 2.5318445
5.5749413 1.2175325 2.5318422
5.5749409 1.2175321 2.5318404
5.5749405 1.2175319 2.531839
5.5749402 1.2175317 2.5318382
5.5749399 1.2175317 2.5318376
0 0 0
3.7782428 1.0426699 2.2866011
3.7782422 1.0426697 2.2866014
3.7782414 1.0426694 2.2866019
3.7782402 1.042669 2.2866027
3.7782385 1.0426686 2.2866037
3.7782366 1.042668 2.2866049
3.7782345 1.0426674 2.2866063
3.7782321 1.0426668 2.2866079
3.7782296 1.0426663 2.2866096
3.778227 1.0426658 2.2866115
3.7782244 1.0426654 2.2866136
3.7782219 1.0426651 2.2866157
3.7782195 1.0426647 2.2866178
3.7782173 1.0426644 2.2866199
3.7782153 1.0426642 2.2866219
3.7782135 1.0426641 2.2866237
3.7782121 1.042664 2.2866254
3.778211 1.0426641 2.2866268
3.7782103 1.0426641 2.2866278
3.7782099 1.042664 2.2866284
5.2605993 1.9196169 1.4545312
5.2605996 1.9196167 1.4545309
5.2606002 1.9196161 1.4545304
5.2606012 1.9196153 1.4545297
5.2606024 1.9196142 1.4545286
5.260604 1.919613 1.4545275
5.2606057 1.9196116 1.4545262
5.2606077 1.9196102 1.4545249
5.2606099 1.9196089 1.4545237
5.2606122 1.9196077 1.4545224
5.2606146 1.9196067 1.4545212
5.2606171 1.9196059 1.4545201
5.2606195 1.9196052 1.4545192
5.2606217 1.9196047 1.4545183
5.2606236 1.9196043 1.4545177
5.2606251 1.9196041 1.4545172
5.2606261 1.919604 1.4545168
5.2606266 1.919604 1.4545167
3.9301577 2.5114202 0.19753903
3.9301578 2.5114203 0.19753909
3.9301579 2.5114205 0.19753912
3.930158 2.5114208 0.1975391
3.9301582 2.5114213 0.19753907
3.9301583 2.5114218 0.19753898
3.9301584 2.5114225 0.19753888
3.9301584 2.5114231 0.19753877
3.9301585 2.5114236 0.19753869
3.9301585 2.5114241 0.19753865
3.9301585 2.5114245 0.19753863
3.9301585 2.5114247 0.19753862
4.6526729 2.5592995 4.6030521
4.6526728 2.5592998 4.6030517
4.6526727 2.5593003 4.6030512
4.6526728 2.5593008 4.603051
4.652673 2.5593013 4.603051
4.6526732 2.5593017 4.6030511
4.6526734 2.5593019 4.6030513
5.7747266 1.4783581 4.4662656
5.7747268 1.4783583 4.4662653
5.7747272 1.4783586 4.4662648
5.7747278 1.4783591 4.4662642
5.7747284 1.4783597 4.4662636
5.774729 1.4783603 4.4662629
5.7747297 1.478361 4.4662621
5.7747305 1.4783616 4.4662614
5.7747313 1.4783621 4.4662608
5.7747321 1.4783626 4.4662602
5.7747328 1.478363 4.4662599
5.7747333 1.4783633 4.4662597
5.7747338 1.4783636 4.4662596
5.7747341 1.4783638 4.4662596
5.7747344 1.4783639 4.4662595
5.7747345 1.478364 4.4662595
4.8132297 1.2754075 4.1823642
4.8132289 1.2754061 4.1823679
4.8132279 1.2754045 4.1823725
4.8132268 1.2754024 4.1823779
4.8132257 1.2753999 4.182384
4.8132245 1.2753968 4.1823907
4.8132232 1.2753934 4.1823979
4.8132217 1.2753895 4.1824054
4.8132202 1.2753854 4.182413
4.8132186 1.2753811 4.1824206
4.813217 1.2753767 4.182428
4.8132154 1.2753723 4.1824353
4.8132137 1.2753679 4.1824422
4.813212 1.2753636 4.1824487
4.8132105 1.2753595 4.1824548
4.813209 1.2753558 4.1824602
4.8132077 1.2753525 4.182465
4.8132064 1.2753497 4.1824689
4.8132052 1.2753472 4.1824721
4.8132043 1.2753453 4.1824747
4.8132036 1.2753437 4.1824766
4.8132032 1.2753427 4.182478
4.813203 1.2753421 4.1824787
3.3358613 2.0782649 3.9788252
3.3358618 2.0782633 3.9788249
3.3358627 2.078261 3.9788244
3.3358638 2.0782579 3.978824
3.3358652 2.0782541 3.9788235
3.3358668 2.0782495 3.9788231
3.3358686 2.0782443 3.9788227
3.3358706 2.0782385 3.9788222
3.3358726 2.0782321 3.9788218
3.3358745 2.0782254 3.9788212
3.3358763 2.0782183 3.9788206
3.335878 2.0782108 3.9788199
3.3358795 2.078203 3.978819
3.335881 2.0781952 3.9788179
3.3358822 2.0781873 3.9788167
3.3358833 2.0781795 3.9788153
3.3358841 2.0781718 3.9788138
3.3358847 2.0781643 3.9788121
3.335885 2.078157 3.9788103
3.3358851 2.07815 3.9788083
3.3358849 2.0781434 3.9788062
5.5749446 1.2175363 2.5318559
5.5749437 1.2175354 2.531853
5.5749428 1.2175346 2.5318502
5.5749421 1.2175339 2.5318474
5.5749415 1.2175332 2.5318448
5.574941 1.2175327 2.5318426
5.5749405 1.2175323 2.5318407
5.5749401 1.2175321 2.5318394
5.5749398 1.217532 2.5318385
5.5749395 1.217532 2.5318379
5.5749394 1.217532 2.5318377
3.778252 1.0426644 2.2865919
3.7782514 1.0426642 2.2865922
3.7782505 1.0426639 2.2865927
3.7782492 1.0426634 2.2865934
3.7782476 1.0426629 2.2865943
3.7782456 1.0426622 2.2865955
3.7782433 1.0426615 2.2865968
3.7782409 1.0426607 2.2865982
3.7782383 1.04266 2.2865999
3.7782356 1.0426594 2.2866017
3.778233 1.0426588 2.2866036
3.7782304 1.0426583 2.2866056
3.778228 1.0426578 2.2866075
3.7782258 1.0426575 2.2866094
3.7782238 1.0426572 2.2866112
3.7782221 1.0426571 2.2866129
3.7782207 1.042657 2.2866144
3.7782196 1.042657 2.2866157
3.7782189 1.042657 2.2866167
3.7782186 1.0426569 2.2866172
5.260601 1.9196167 1.4545297
5.2606013 1.9196164 1.4545294
5.2606019 1.9196158 1.454529
5.2606029 1.9196151 1.4545283
5.2606042 1.919614 1.4545274
5.2606058 1.9196128 1.4545263
5.2606076 1.9196115 1.4545252
5.2606096 1.9196101 1.454524
5.2606118 1.9196088 1.4545227
5.2606141 1.9196077 1.4545215
5.2606166 1.9196067 1.4545204
5.260619 1.9196059 1.4545193
5.2606214 1.9196052 1.4545184
5.2606236 1.9196047 1.4545176
5.2606255 1.9196044 1.4545169
5.260627 1.9196041 1.4545164
5.260628 1.9196041 1.454516
5.2606286 1.919604 1.4545159
0 0 0
3.930157 2.5114195 0.19753728
3.9301572 2.5114196 0.19753737
3.9301574 2.5114199 0.19753743
3.9301576 2.5114204 0.19753751
3.9301577 2.511421 0.1975375
3.9301577 2.5114216 0.19753742
3.9301577 2.5114223 0.19753727
3.9301577 2.511423 0.19753714
3.9301577 2.5114235 0.19753709
3.9301576 2.511424 0.19753702
3.9301575 2.5114242 0.19753695
3.9301575 2.5114243 0.19753693
4.6526743 2.5592963 4.6030561
4.6526743 2.5592967 4.6030559
4.6526744 2.5592971 4.6030558
4.6526747 2.5592975 4.6030559
4.652675 2.5592979 4.6030561
4.6526752 2.5592981 4.6030564
5.7747261 1.4783606 4.4662652
5.7747263 1.4783608 4.4662649
5.7747267 1.4783611 4.4662645
5.7747273 1.4783615 4.4662639
5.7747279 1.4783622 4.4662632
5.7747286 1.4783628 4.4662624
5.7747293 1.4783635 4.4662617
5.7747301 1.4783641 4.466261
5.7747308 1.4783646 4.4662604
5.7747315 1.4783652 4.46626
5.7747321 1.4783656 4.4662597
5.7747326 1.4783659 4.4662595
5.7747329 1.4783662 4.4662595
5.7747332 1.4783663 4.4662595
5.7747334 1.4783665 4.4662595
5.7747335 1.4783665 4.4662595
4.8132316 1.275409 4.1823648
4.8132307 1.2754078 4.1823685
4.8132297 1.2754061 4.1823731
4.8132286 1.2754041 4.1823785
4.8132275 1.2754016 4.1823845
4.8132262 1.2753986 4.1823912
4.8132249 1.2753951 4.1823984
4.8132235 1.2753914 4.1824059
4.813222 1.2753873 4.1824135
4.8132204 1.275383 4.182421
4.8132188 1.2753787 4.1824284
4.8132172 1.2753743 4.1824355
4.8132156 1.2753699 4.1824423
4.813214 1.2753656 4.1824488
4.8132125 1.2753616 4.1824547
4.8132111 1.2753579 4.18246
4.8132098 1.2753546 4.1824646
4.8132085 1.2753517 4.1824685
4.8132074 1.2753492 4.1824716
4.8132064 1.2753472 4.1824741
4.8132057 1.2753457 4.182476
4.8132053 1.2753446 4.1824773
1.2883593 1.8072425 2.1810716
1.2883587 1.8072427 2.1810734
0 0 0
3.3358633 2.0782623 3.9788231
3.3358644 2.0782592 3.9788226
3.3358657 2.0782554 3.9788221
3.3358673 2.0782509 3.9788216
3.335869 2.0782457 3.9788211
3.3358708 2.0782399 3.9788206
3.3358727 2.0782336 3.9788201
3.3358746 2.0782268 3.9788196
3.3358763 2.0782195 3.9788191
3.335878 2.078212 3.9788184
3.3358795 2.0782042 3.9788176
3.3358809 2.0781963 3.9788166
3.3358822 2.0781884 3.9788155
3.3358833 2.0781806 3.9788142
3.3358842 2.0781729 3.9788129
3.3358847 2.0781654 3.9788113
3.3358851 2.078158 3.9788096
3.3358852 2.078151 3.9788077
5.5749452 1.2175374 2.5318589
5.5749442 1.2175365 2.5318561
5.5749432 1.2175356 2.5318533
5.5749424 1.2175348 2.5318506
5.5749417 1.2175341 2.5318478
5.5749411 1.2175335 2.5318452
5.5749405 1.217533 2.531843
5.5749401 1.2175327 2.5318411
5.5749396 1.2175325 2.5318397
5.5749393 1.2175324 2.5318388
5.5749391 1.2175324 2.5318382
5.5749389 1.2175324 2.531838
3.7782617 1.0426585 2.2865823
3.7782611 1.0426583 2.2865826
3.7782601 1.042658 2.2865831
3.7782588 1.0426575 2.2865838
3.7782571 1.0426568 2.2865846
3.7782551 1.0426561 2.2865857
3.7782528 1.0426552 2.2865869
3.7782502 1.0426542 2.2865883
3.7782476 1.0426533 2.2865898
3.7782448 1.0426525 2.2865915
3.7782421 1.0426517 2.2865934
3.7782394 1.042651 2.2865952
3.778237 1.0426504 2.286597
3.7782349 1.04265 2.2865987
3.7782329 1.0426497 2.2866003
3.7782313 1.0426495 2.2866018
3.7782299 1.0426495 2.2866031
3.7782289 1.0426494 2.2866043
3.7782282 1.0426494 2.2866051
3.7782278 1.0426493 2.2866056
5.2606027 1.9196161 1.4545282
5.2606031 1.9196159 1.454528
5.2606037 1.9196155 1.4545276
5.2606047 1.9196148 1.4545269
5.260606 1.9196138 1.4545261
5.2606076 1.9196127 1.4545252
5.2606094 1.9196114 1.4545242
5.2606115 1.9196101 1.4545231
5.2606137 1.9196089 1.4545218
5.260616 1.9196078 1.4545207
5.2606185 1.9196068 1.4545197
5.2606209 1.919606 1.4545187
5.2606233 1.9196053 1.4545178
5.2606254 1.9196049 1.454517
5.2606273 1.9196045 1.4545163
5.2606288 1.9196043 1.4545158
5.2606298 1.9196042 1.4545155
5.2606303 1.9196042 1.4545153
3.9301564 2.5114187 0.19753575
3.9301565 2.5114188 0.1975358
3.9301567 2.511419 0.1975359
3.9301569 2.5114192 0.19753598
3.9301571 2.5114197 0.19753609
3.9301572 2.5114203 0.19753611
3.9301571 2.511421 0.19753605
3.9301571 2.5114218 0.1975359
3.930157 2.5114225 0.19753575
3.9301568 2.5114231 0.19753562
3.9301566 2.5114237 0.19753543
3.9301565 2.511424 0.19753526
3.9301564 2.5114241 0.19753523
4.6526758 2.5592927 4.6030606
4.6526759 2.559293 4.6030606
4.6526761 2.5592933 4.6030607
4.6526764 2.5592937 4.6030609
4.6526767 2.5592939 4.6030612
4.6526769 2.5592941 4.6030614
5.7747254 1.4783634 4.4662648
5.7747256 1.4783635 4.4662645
5.774726 1.4783638 4.4662641
5.7747266 1.4783642 4.4662635
5.7747272 1.4783648 4.4662628
5.7747279 1.4783654 4.4662621
5.7747287 1.478366 4.4662614
5.7747294 1.4783667 4.4662608
5.77473 1.4783672 4.4662602
5.7747307 1.4783678 4.4662598
5.7747312 1.4783682 4.4662596
5.7747316 1.4783685 4.4662595
5.7747319 1.4783687 4.4662594
5.7747321 1.4783688 4.4662594
5.7747323 1.4783689 4.4662594
5.7747324 1.478369 4.4662594
4.813233 1.2754104 4.1823654
4.8132322 1.2754091 4.1823691
4.8132311 1.2754075 4.1823737
4.81323 1.2754054 4.182379
4.8132288 1.2754029 4.1823851
4.8132276 1.2754 4.1823917
4.8132263 1.2753966 4.1823988
4.8132248 1.2753929 4.1824063
4.8132233 1.2753889 4.1824139
4.8132217 1.2753847 4.1824214
4.8132202 1.2753803 4.1824287
4.8132186 1.275376 4.1824357
4.8132171 1.2753716 4.1824424
4.8132156 1.2753674 4.1824487
4.8132142 1.2753633 4.1824545
0 0 0
0 0 0
4.8132103 1.2753534 4.182468
4.8132091 1.2753509 4.1824711
4.8132082 1.2753489 4.1824737
1.2883616 1.8072418 2.1810681
1.2883609 1.8072419 2.1810697
1.2883601 1.8072421 2.1810715
1.2883596 1.8072423 2.1810734
1.2883591 1.8072425 2.1810754
1.2883588 1.8072427 2.1810775
3.3358649 2.0782603 3.9788214
3.3358661 2.0782565 3.9788207
3.3358677 2.078252 3.9788202
3.3358693 2.0782469 3.9788196
3.3358711 2.0782411 3.978819
3.3358729 2.0782347 3.9788186
3.3358746 2.0782279 3.9788181
3.3358763 2.0782206 3.9788176
3.3358779 2.078213 3.978817
3.3358795 2.0782052 3.9788163
3.3358809 2.0781973 3.9788154
3.3358822 2.0781895 3.9788144
3.3358832 2.0781816 3.9788133
3.3358841 2.0781739 3.978812
3.3358847 2.0781663 3.9788106
3.3358851 2.078159 3.9788089
5.5749457 1.2175387 2.5318618
5.5749447 1.2175377 2.5318591
5.5749437 1.2175368 2.5318564
5.5749427 1.2175358 2.5318537
5.5749419 1.217535 2.5318509
5.5749412 1.2175343 2.5318482
5.5749405 1.2175338 2.5318456
5.57494 1.2175334 2.5318433
5.5749395 1.2175331 2.5318414
5.5749391 1.2175329 2.53184
5.5749388 1.2175329 2.531839
5.5749385 1.2175329 2.5318384
5.5749384 1.2175329 2.5318381
3.7782719 1.0426523 2.2865724
3.7782712 1.042652 2.2865727
3.7782702 1.0426517 2.2865731
3.7782689 1.0426511 2.2865737
3.7782672 1.0426504 2.2865745
3.7782651 1.0426495 2.2865755
3.7782627 1.0426484 2.2865767
3.7782602 1.0426473 2.286578
3.7782574 1.0426461 2.2865795
3.7782545 1.042645 2.2865812
3.7782517 1.0426441 2.2865829
3.778249 1.0426432 2.2865846
3.7782465 1.0426425 2.2865862
3.7782443 1.042642 2.2865877
3.7782425 1.0426416 2.2865891
3.7782409 1.0426414 2.2865905
3.7782396 1.0426414 2.2865917
3.7782386 1.0426413 2.2865927
3.7782379 1.0426413 2.2865934
3.7782376 1.0426413 2.2865938
5.2606047 1.9196154 1.4545268
5.260605 1.9196153 1.4545266
5.2606056 1.919615 1.4545263
5.2606066 1.9196144 1.4545257
5.2606079 1.9196135 1.454525
5.2606095 1.9196125 1.4545242
5.2606113 1.9196114 1.4545233
5.2606133 1.9196102 1.4545222
5.2606155 1.919609 1.4545211
5.2606179 1.9196079 1.45452
5.2606203 1.919607 1.4545191
5.2606227 1.9196062 1.4545182
5.260625 1.9196056 1.4545173
5.2606271 1.9196051 1.4545166
5.2606289 1.9196047 1.4545159
5.2606304 1.9196045 1.4545155
5.2606313 1.9196044 1.4545151
0 0 0
3.1216312 1.0356095 5.8864584
3.1216267 1.0356058 5.8864566
3.1216221 1.0356021 5.8864547
3.9301565 2.5114188 0.19753483
3.9301567 2.5114192 0.19753487
3.9301567 2.5114198 0.19753488
3.9301567 2.5114205 0.19753481
3.9301565 2.5114213 0.19753466
3.9301563 2.5114222 0.19753449
3.930156 2.5114229 0.19753424
3.9301556 2.5114235 0.19753393
3.9301554 2.5114238 0.1975337
3.9301553 2.511424 0.19753358
4.6526773 2.5592891 4.603065
4.6526775 2.5592893 4.6030652
4.6526777 2.5592895 4.6030655
4.6526781 2.5592897 4.603066
4.6526785 2.5592899 4.6030664
4.6526786 2.5592901 4.6030666
5.7747245 1.4783663 4.4662644
5.7747247 1.4783665 4.4662642
5.7747251 1.4783667 4.4662638
5.7747256 1.4783671 4.4662632
5.7747263 1.4783676 4.4662625
5.7747269 1.4783681 4.4662618
5.7747276 1.4783687 4.4662611
5.7747283 1.4783693 4.4662605
5.774729 1.4783699 4.4662601
5.7747296 1.4783703 4.4662597
5.7747301 1.4783707 4.4662596
5.7747305 1.478371 4.4662595
5.7747308 1.4783711 4.4662594
5.774731 1.4783713 4.4662594
5.7747311 1.4783713 4.4662594
1.1437023 0.62318726 1.5505408
1.1436914 0.62318548 1.5505485
4.8132332 1.2754102 4.1823697
4.8132322 1.2754085 4.1823742
4.813231 1.2754065 4.1823795
4.8132298 1.2754039 4.1823855
4.8132286 1.275401 4.1823921
4.8132272 1.2753977 4.1823992
4.8132257 1.2753941 4.1824066
4.8132242 1.2753901 4.1824142
4.8132227 1.275386 4.1824216
4.8132212 1.2753816 4.1824289
4.8132197 1.2753772 4.1824358
4.8132183 1.2753729 4.1824424
4.8132168 1.2753687 4.1824486
5.7509312 2.5586426 0.56002412
5.7509345 2.5586419 0.56002992
5.7509374 2.5586413 0.56003475
5.7509396 2.5586409 0.56003841
5.7509411 2.5586406 0.56004081
5.7509419 2.5586404 0.56004198
0 0 0
1.2883625 1.8072412 2.1810694
1.2883618 1.8072414 2.1810712
1.2883612 1.8072416 2.1810732
1.2883608 1.8072418 2.1810753
1.2883604 1.807242 2.1810775
1.2883602 1.8072422 2.1810797
3.3358666 2.0782574 3.9788195
3.3358681 2.0782529 3.9788188
3.3358697 2.0782477 3.9788182
3.3358714 2.078242 3.9788177
3.3358731 2.0782356 3.9788172
3.3358747 2.0782288 3.9788167
3.3358764 2.0782216 3.9788162
3.3358779 2.078214 3.9788158
3.3358794 2.0782062 3.9788151
3.3358808 2.0781983 3.9788144
3.3358821 2.0781903 3.9788135
3.3358831 2.0781825 3.9788124
3.335884 2.0781748 3.9788112
3.3358846 2.0781672 3.9788098
5.5749461 1.21754 2.5318644
5.5749452 1.2175391 2.5318619
5.5749442 1.2175382 2.5318593
5.5749432 1.2175372 2.5318566
5.5749422 1.2175363 2.5318539
5.5749413 1.2175354 2.5318511
5.5749406 1.2175347 2.5318484
5.5749399 1.2175342 2.5318459
5.5749394 1.2175338 2.5318436
5.5749389 1.2175335 2.5318417
5.5749385 1.2175334 2.5318402
5.5749382 1.2175334 2.5318391
5.574938 1.2175335 2.5318384
0 0 0
3.7782824 1.0426457 2.2865622
3.7782817 1.0426454 2.2865625
3.7782807 1.042645 2.2865629
3.7782794 1.0426444 2.2865634
3.7782777 1.0426435 2.2865641
3.7782756 1.0426424 2.2865651
3.7782732 1.0426412 2.2865662
3.7782705 1.0426398 2.2865675
3.7782677 1.0426385 2.286569
3.7782647 1.0426372 2.2865706
3.7782618 1.042636 2.2865722
3.778259 1.0426349 2.2865738
3.7782564 1.0426341 2.2865753
3.7782542 1.0426334 2.2865766
3.7782524 1.042633 2.2865778
3.7782509 1.0426328 2.286579
3.7782497 1.0426327 2.28658
3.7782488 1.0426327 2.2865809
3.7782481 1.0426327 2.2865816
3.7782478 1.0426326 2.2865819
5.2606068 1.9196146 1.4545255
5.2606071 1.9196145 1.4545253
5.2606077 1.9196144 1.454525
5.2606087 1.9196139 1.4545245
5.26061 1.9196132 1.4545239
5.2606115 1.9196123 1.4545232
5.2606133 1.9196112 1.4545224
5.2606153 1.9196102 1.4545215
5.2606174 1.9196091 1.4545205
5.2606197 1.9196081 1.4545195
5.2606221 1.9196073 1.4545186
5.2606245 1.9196065 1.4545178
5.2606267 1.9196059 1.454517
5.2606287 1.9196054 1.4545163
5.2606304 1.919605 1.4545157
5.2606317 1.9196048 1.4545153
3.1216394 1.0356163 5.8864621
3.1216354 1.0356132 5.8864603
3.1216311 1.0356097 5.8864585
3.1216267 1.0356061 5.8864566
3.121622 1.0356023 5.8864547
3.1216172 1.0355985 5.8864528
3.9301564 2.5114189 0.1975339
3.9301563 2.5114195 0.19753383
3.9301562 2.5114202 0.1975337
3.9301559 2.5114211 0.19753352
3.9301556 2.511422 0.19753331
3.9301552 2.5114228 0.19753303
3.9301548 2.5114234 0.19753268
3.9301544 2.5114238 0.19753235
3.9301542 2.511424 0.19753214
4.652679 2.5592857 4.6030694
4.6526792 2.5592858 4.6030698
4.6526795 2.5592859 4.6030703
4.6526799 2.559286 4.6030708
4.6526803 2.5592861 4.6030714
4.6526804 2.5592862 4.6030716
0 0 0
5.7747237 1.4783695 4.466264
5.774724 1.4783697 4.4662635
5.7747245 1.4783701 4.4662629
5.7747251 1.4783705 4.4662623
5.7747257 1.4783709 4.4662616
5.7747264 1.4783715 4.4662609
5.7747271 1.478372 4.4662604
5.7747277 1.4783725 4.46626
5.7747283 1.4783729 4.4662597
5.7747288 1.4783732 4.4662596
5.7747292 1.4783733 4.4662595
5.7747295 1.4783735 4.4662594
1.1437248 0.62319272 1.5505262
1.1437131 0.62319008 1.550534
1.1437017 0.62318786 1.5505419
1.1436907 0.6231861 1.5505496
1.1436804 0.62318475 1.550557
4.8132329 1.2754093 4.1823746
4.8132318 1.2754072 4.1823799
4.8132305 1.2754046 4.1823859
4.8132292 1.2754017 4.1823924
4.8132278 1.2753984 4.1823996
4.8132263 1.2753948 4.1824069
4.8132248 1.2753909 4.1824144
4.8132233 1.2753868 4.1824218
0 0 0
5.7509188 2.558645 0.56000275
5.7509227 2.5586442 0.56000971
5.7509264 2.5586435 0.56001656
5.75093 2.5586428 0.56002301
5.7509333 2.5586422 0.56002877
5.7509362 2.5586416 0.56003361
5.7509385 2.5586412 0.56003735
5.7509401 2.5586409 0.56003978
5.7509409 2.5586408 0.56004099
0 0 0
1.288365 1.80724 2.1810688
1.2883643 1.8072402 2.1810708
1.2883637 1.8072405 2.1810729
1.2883632 1.8072407 2.1810751
1.2883628 1.8072409 2.1810774
1.2883626 1.8072412 2.1810797
1.2883625 1.8072415 2.1810819
0 0 0
3.33587 2.0782484 3.978817
3.3358716 2.0782427 3.9788165
3.3358732 2.0782363 3.978816
3.3358748 2.0782295 3.9788155
3.3358764 2.0782223 3.9788151
3.335878 2.0782148 3.9788146
3.3358794 2.078207 3.9788141
3.3358808 2.0781991 3.9788134
3.335882 2.0781911 3.9788126
3.335883 2.0781832 3.9788117
3.3358839 2.0781755 3.9788105
5.5749465 1.2175411 2.5318667
5.5749457 1.2175404 2.5318644
5.5749447 1.2175396 2.5318619
5.5749437 1.2175387 2.5318594
5.5749426 1.2175377 2.5318567
5.5749417 1.2175368 2.5318539
5.5749408 1.217536 2.5318512
5.57494 1.2175352 2.5318485
5.5749393 1.2175346 2.5318459
5.5749388 1.2175342 2.5318437
5.5749383 1.217534 2.5318417
5.574938 1.2175339 2.5318402
5.5749376 1.2175339 2.531839
5.5749375 1.217534 2.5318383
5.5749373 1.217534 2.5318379
3.7782932 1.0426387 2.2865518
3.7782926 1.0426385 2.286552
3.7782916 1.0426379 2.2865524
3.7782903 1.0426372 2.2865528
3.7782885 1.0426362 2.2865534
3.7782864 1.0426349 2.2865543
3.778284 1.0426335 2.2865554
3.7782814 1.0426319 2.2865567
3.7782785 1.0426304 2.2865581
3.7782754 1.0426289 2.2865596
3.7782723 1.0426275 2.2865612
3.7782694 1.0426263 2.2865627
3.7782667 1.0426253 2.2865641
3.7782645 1.0426245 2.2865653
3.7782627 1.042624 2.2865664
3.7782613 1.0426237 2.2865674
3.7782601 1.0426235 2.2865682
3.7782593 1.0426235 2.286569
3.7782587 1.0426235 2.2865696
3.7782584 1.0426235 2.2865699
5.2606091 1.9196138 1.4545242
5.2606094 1.9196138 1.4545241
5.26061 1.9196136 1.4545238
5.2606109 1.9196133 1.4545234
5.2606121 1.9196127 1.4545229
5.2606136 1.9196119 1.4545224
5.2606153 1.919611 1.4545217
5.2606172 1.9196101 1.4545209
5.2606193 1.9196091 1.45452
5.2606215 1.9196083 1.4545191
5.2606238 1.9196075 1.4545183
5.2606261 1.9196068 1.4545175
5.2606281 1.9196062 1.4545168
5.26063 1.9196057 1.4545161
0 0 0
3.1216433 1.0356196 5.886464
3.1216395 1.0356167 5.8864622
3.1216354 1.0356136 5.8864604
3.1216311 1.0356102 5.8864586
3.1216266 1.0356065 5.8864568
3.1216219 1.0356028 5.8864549
3.1216171 1.0355989 5.8864529
3.1216122 1.035595 5.8864509
3.1216072 1.0355911 5.8864489
3.9301557 2.5114202 0.19753276
3.9301554 2.5114211 0.1975325
3.930155 2.511422 0.19753227
3.9301545 2.5114228 0.19753194
3.9301539 2.5114235 0.19753155
3.9301536 2.5114239 0.19753122
3.9301534 2.5114241 0.19753104
4.6526807 2.5592827 4.6030736
4.652681 2.5592826 4.6030741
4.6526813 2.5592826 4.6030747
4.6526817 2.5592827 4.6030753
4.652682 2.5592827 4.6030759
4.6526821 2.5592828 4.6030762
5.7747224 1.4783723 4.4662641
5.7747226 1.4783724 4.4662638
5.7747229 1.4783727 4.4662634
5.7747233 1.4783729 4.4662628
5.7747238 1.4783733 4.4662621
5.7747244 1.4783736 4.4662614
5.774725 1.4783741 4.4662608
5.7747256 1.4783745 4.4662603
5.7747263 1.4783749 4.4662599
5.7747269 1.4783752 4.4662597
5.7747275 1.4783754 4.4662596
5.774728 1.4783756 4.4662595
1.1437359 0.62319702 1.5505202
1.1437239 0.62319392 1.550528
1.1437121 0.62319129 1.550536
1.1437005 0.62318911 1.550544
1.1436893 0.62318736 1.5505519
1.1436789 0.62318605 1.5505593
1.1436693 0.62318506 1.5505663
0 0 0
4.8132309 1.2754049 4.182386
4.8132295 1.275402 4.1823926
4.8132281 1.2753987 4.1823997
4.8132266 1.2753951 4.182407
5.7509065 2.5586478 0.55998224
5.7509099 2.5586471 0.55998808
5.7509135 2.5586463 0.55999449
5.7509171 2.5586455 0.5600012
5.7509208 2.5586448 0.56000801
5.7509244 2.5586441 0.56001471
5.7509278 2.5586434 0.56002098
5.750931 2.5586428 0.56002665
5.7509339 2.5586422 0.56003147
5.7509363 2.5586418 0.56003525
5.750938 2.5586415 0.56003772
5.7509388 2.5586414 0.56003898
1.2883691 1.8072383 2.1810661
1.2883683 1.8072385 2.1810681
1.2883676 1.8072387 2.1810702
1.288367 1.807239 2.1810725
1.2883665 1.8072392 2.1810749
1.2883661 1.8072395 2.1810772
1.2883658 1.8072398 2.1810797
1.2883657 1.8072402 2.181082
0 0 0
3.3358702 2.078249 3.9788161
3.3358718 2.0782432 3.9788155
3.3358734 2.0782369 3.978815
3.335875 2.0782301 3.9788145
3.3358765 2.0782229 3.9788142
3.335878 2.0782153 3.9788137
3.3358794 2.0782075 3.9788132
3.3358808 2.0781996 3.9788126
3.335882 2.0781916 3.9788119
5.574947 1.2175425 2.5318707
5.5749467 1.2175421 2.5318688
5.5749461 1.2175416 2.5318666
5.5749453 1.2175409 2.5318643
5.5749443 1.2175401 2.5318618
5.5749432 1.2175393 2.5318593
5.5749421 1.2175383 2.5318566
5.5749411 1.2175375 2.5318538
5.5749402 1.2175366 2.531851
5.5749394 1.2175357 2.5318483
5.5749388 1.2175351 2.5318458
5.5749382 1.2175346 2.5318435
5.5749378 1.2175344 2.5318415
5.5749375 1.2175343 2.5318399
5.5749372 1.2175344 2.5318387
5.574937 1.2175344 2.5318379
5.5749369 1.2175345 2.5318374
3.7783045 1.0426315 2.286541
3.7783038 1.0426311 2.2865412
3.7783028 1.0426306 2.2865415
3.7783015 1.0426297 2.2865419
3.7782998 1.0426285 2.2865425
3.7782977 1.042627 2.2865433
3.7782953 1.0426254 2.2865443
3.7782926 1.0426237 2.2865455
3.7782896 1.0426219 2.2865469
3.7782864 1.0426202 2.2865484
3.7782833 1.0426187 2.2865499
3.7782803 1.0426173 2.2865514
3.7782776 1.0426162 2.2865527
3.7782753 1.0426153 2.2865537
3.7782735 1.0426146 2.2865547
3.778272 1.0426142 2.2865556
3.7782709 1.0426139 2.2865563
3.7782701 1.0426138 2.286557
3.7782695 1.0426138 2.2865574
3.7782693 1.0426138 2.2865577
5.2606114 1.919613 1.454523
5.2606117 1.919613 1.4545229
5.2606123 1.9196129 1.4545227
5.2606132 1.9196127 1.4545224
5.2606144 1.9196122 1.4545221
5.2606158 1.9196116 1.4545216
5.2606174 1.9196108 1.454521
5.2606192 1.91961 1.4545204
5.2606212 1.9196092 1.4545196
5.2606233 1.9196084 1.4545188
5.2606255 1.9196077 1.4545181
5.2606276 1.9196071 1.4545173
5.2606295 1.9196065 1.4545167
0 0 0
0 0 0
3.1216434 1.0356201 5.8864641
3.1216396 1.0356172 5.8864624
3.1216354 1.0356141 5.8864606
3.1216311 1.0356108 5.8864588
3.1216265 1.0356072 5.886457
3.1216218 1.0356034 5.8864551
3.1216169 1.0355996 5.8864531
3.121612 1.0355956 5.8864511
3.121607 1.0355916 5.886449
3.1216021 1.0355877 5.886447
3.9301549 2.5114211 0.19753177
3.9301544 2.511422 0.19753144
3.9301538 2.5114229 0.19753104
3.9301533 2.5114235 0.19753065
3.9301529 2.511424 0.19753036
3.9301527 2.5114243 0.1975302
4.6526822 2.55928 4.6030773
4.6526826 2.5592799 4.6030779
4.6526829 2.5592799 4.6030785
4.6526832 2.5592799 4.6030792
4.6526835 2.5592799 4.6030798
4.6526836 2.5592799 4.6030801
5.7747213 1.4783752 4.4662641
5.7747214 1.4783753 4.4662638
5.7747217 1.4783754 4.4662633
5.7747221 1.4783756 4.4662627
5.7747226 1.4783759 4.466262
5.7747231 1.4783762 4.4662613
5.7747236 1.4783765 4.4662607
5.7747242 1.4783768 4.4662602
5.7747249 1.4783771 4.4662599
5.7747256 1.4783773 4.4662597
5.7747262 1.4783775 4.4662596
1.1437469 0.62320245 1.5505149
1.1437348 0.62319893 1.5505227
1.1437226 0.62319581 1.5505308
1.1437105 0.62319318 1.550539
1.1436987 0.62319102 1.5505472
1.1436874 0.62318931 1.5505551
1.1436768 0.62318802 1.5505627
1.1436671 0.62318705 1.5505697
1.1436584 0.62318627 1.550576
0 0 0
5.7508982 2.55865 0.55996928
5.7508998 2.5586496 0.55997194
5.750902 2.5586491 0.55997583
5.7509048 2.5586485 0.55998073
5.7509079 2.5586478 0.55998639
5.7509112 2.5586471 0.55999257
5.7509147 2.5586464 0.55999904
5.7509181 2.5586457 0.56000561
5.7509216 2.558645 0.56001213
5.7509249 2.5586443 0.56001821
5.750928 2.5586437 0.56002374
5.7509308 2.5586432 0.56002847
5.7509332 2.5586428 0.56003219
5.7509349 2.5586425 0.56003471
5.7509358 2.5586423 0.56003597
1.2883731 1.8072365 2.181065
1.2883724 1.8072367 2.1810671
1.2883717 1.8072369 2.1810694
1.2883711 1.8072372 2.1810719
1.2883705 1.8072374 2.1810745
1.2883701 1.8072378 2.181077
1.2883698 1.8072382 2.1810796
1.2883696 1.8072386 2.1810821
1.2883695 1.8072391 2.1810844
1.2883694 1.8072396 2.1810866
3.3358719 2.0782436 3.9788148
3.3358735 2.0782373 3.9788143
3.335875 2.0782305 3.9788138
3.3358766 2.0782232 3.9788135
3.3358781 2.0782157 3.9788131
3.3358795 2.0782079 3.9788126
3.3358808 2.0782 3.9788121
5.5749466 1.2175432 2.5318723
5.5749465 1.2175429 2.5318706
5.5749461 1.2175425 2.5318687
5.5749456 1.217542 2.5318665
5.5749448 1.2175414 2.5318641
5.5749438 1.2175407 2.5318616
5.5749427 1.2175398 2.531859
5.5749416 1.217539 2.5318564
5.5749406 1.217538 2.5318536
5.5749397 1.2175371 2.5318507
5.574939 1.2175363 2.531848
5.5749384 1.2175355 2.5318455
5.5749379 1.217535 2.5318431
5.5749374 1.2175347 2.5318411
5.5749371 1.2175347 2.5318394
5.5749368 1.2175347 2.5318381
5.5749366 1.2175348 2.5318373
0 0 0
3.7783161 1.042624 2.2865299
3.7783154 1.0426236 2.2865301
3.7783144 1.0426229 2.2865304
3.778313 1.0426219 2.2865308
3.7783113 1.0426206 2.2865313
3.7783092 1.0426189 2.2865321
3.7783068 1.0426171 2.286533
3.7783041 1.0426152 2.2865341
3.7783011 1.0426133 2.2865354
3.7782979 1.0426114 2.2865368
3.7782946 1.0426097 2.2865383
3.7782916 1.0426082 2.2865397
3.7782888 1.0426069 2.2865409
3.7782865 1.0426059 2.2865419
3.7782847 1.0426051 2.2865428
3.7782832 1.0426045 2.2865436
3.778282 1.0426041 2.2865442
3.7782812 1.042604 2.2865448
3.7782807 1.0426039 2.2865452
3.7782804 1.0426039 2.2865453
5.2606137 1.9196123 1.4545218
5.260614 1.9196124 1.4545218
5.2606146 1.9196123 1.4545217
5.2606155 1.9196122 1.4545215
5.2606166 1.9196118 1.4545213
5.2606179 1.9196112 1.454521
5.2606195 1.9196106 1.4545205
5.2606212 1.9196099 1.4545199
5.2606231 1.9196092 1.4545193
5.2606251 1.9196085 1.4545186
5.2606271 1.9196079 1.454518
5.260629 1.9196073 1.4545173
5.2606308 1.9196068 1.4545166
3.1216503 1.0356255 5.8864673
3.1216471 1.0356233 5.8864657
3.1216436 1.0356208 5.8864641
3.1216397 1.035618 5.8864625
3.1216355 1.035615 5.8864608
3.121631 1.0356117 5.8864591
3.1216264 1.0356081 5.8864573
3.1216216 1.0356043 5.8864553
3.1216167 1.0356004 5.8864533
3.1216117 1.0355964 5.8864513
3.1216067 1.0355924 5.8864492
3.1216017 1.0355884 5.8864472
3.1215968 1.0355845 5.8864453
3.1215919 1.0355807 5.8864436
3.9301535 2.5114229 0.19753058
3.9301529 2.5114236 0.19753016
3.9301525 2.5114241 0.19752988
3.9301523 2.5114244 0.19752972
4.6526835 2.5592779 4.6030803
4.6526839 2.5592777 4.603081
4.6526842 2.5592777 4.6030817
4.6526845 2.5592777 4.6030824
4.6526847 2.5592777 4.603083
4.6526849 2.5592777 4.6030834
5.7747202 1.4783777 4.4662642
5.7747203 1.4783778 4.4662639
5.7747206 1.4783779 4.4662634
5.7747209 1.478378 4.4662627
5.7747214 1.4783782 4.466262
5.7747218 1.4783784 4.4662613
5.7747224 1.4783786 4.4662606
5.774723 1.4783788 4.4662601
5.7747237 1.478379 4.4662598
5.7747244 1.4783791 4.4662596
1.143758 0.62320879 1.55051
1.1437457 0.62320501 1.5505179
1.1437332 0.62320151 1.5505261
1.1437207 0.62319841 1.5505344
1.1437084 0.62319579 1.5505428
1.1436964 0.62319365 1.5505512
1.1436849 0.62319195 1.5505593
1.1436741 0.62319065 1.550567
1.1436643 0.62318965 1.5505741
1.1436555 0.62318888 1.5505805
5.7508959 2.5586508 0.55996657
5.7508966 2.5586506 0.55996784
5.750898 2.5586503 0.55997045
5.7509 2.5586499 0.55997422
5.7509026 2.5586494 0.55997894
5.7509055 2.5586488 0.55998438
5.7509085 2.5586482 0.55999026
5.7509116 2.5586475 0.55999642
5.7509148 2.5586468 0.5600027
5.750918 2.5586461 0.56000892
5.7509212 2.5586454 0.56001478
5.7509242 2.5586448 0.5600201
5.7509269 2.5586444 0.56002467
5.7509292 2.558644 0.56002829
5.7509308 2.5586437 0.56003075
5.7509317 2.5586436 0.56003201
1.2883779 1.8072344 2.1810636
1.2883772 1.8072346 2.1810658
1.2883765 1.8072348 2.1810684
1.2883758 1.807235 2.1810711
1.2883752 1.8072354 2.1810739
1.2883748 1.8072358 2.1810767
1.2883744 1.8072362 2.1810795
1.2883741 1.8072367 2.1810822
1.2883739 1.8072373 2.1810847
1.2883738 1.8072378 2.1810869
1.2883738 1.8072383 2.181089
3.3358735 2.0782375 3.9788139
3.3358751 2.0782307 3.9788135
3.3358766 2.0782234 3.9788131
3.3358781 2.0782159 3.9788127
5.5749462 1.217544 2.5318743
5.5749461 1.2175438 2.5318734
5.574946 1.2175435 2.5318721
5.5749459 1.2175433 2.5318704
5.5749456 1.2175429 2.5318684
5.574945 1.2175424 2.5318661
5.5749443 1.2175419 2.5318637
5.5749434 1.2175412 2.5318612
5.5749423 1.2175403 2.5318586
5.5749413 1.2175395 2.5318559
5.5749403 1.2175385 2.5318531
5.5749394 1.2175376 2.5318502
5.5749387 1.2175368 2.5318475
5.5749381 1.217536 2.5318449
5.5749376 1.2175355 2.5318426
5.5749372 1.2175351 2.5318405
5.5749369 1.217535 2.5318387
5.5749367 1.217535 2.5318374
5.5749364 1.217535 2.5318366
5.5749363 1.217535 2.5318361
3.7783278 1.0426164 2.2865185
3.7783272 1.0426159 2.2865188
3.7783262 1.0426151 2.2865191
3.7783248 1.042614 2.2865195
3.7783231 1.0426125 2.28652
3.778321 1.0426107 2.2865207
3.7783186 1.0426087 2.2865215
3.7783158 1.0426066 2.2865225
3.7783128 1.0426046 2.2865237
3.7783096 1.0426026 2.2865251
3.7783063 1.0426007 2.2865264
3.7783032 1.0425991 2.2865278
3.7783005 1.0425977 2.2865289
3.7782982 1.0425965 2.2865299
3.7782963 1.0425956 2.2865307
3.7782947 1.0425948 2.2865314
3.7782936 1.0425943 2.286532
3.7782927 1.042594 2.2865325
3.7782921 1.0425938 2.2865328
3.7782919 1.0425938 2.2865329
5.2606158 1.9196119 1.4545208
5.2606162 1.9196119 1.4545207
5.2606168 1.9196119 1.4545207
5.2606176 1.9196117 1.4545207
5.2606187 1.9196114 1.4545206
5.26062 1.919611 1.4545203
5.2606215 1.9196104 1.45452
5.2606232 1.9196099 1.4545195
5.2606249 1.9196093 1.454519
5.2606268 1.9196087 1.4545185
5.2606286 1.9196081 1.4545179
5.2606303 1.9196076 1.4545172
0 0 0
3.1216506 1.0356264 5.8864671
3.1216473 1.0356243 5.8864656
3.1216437 1.0356218 5.8864641
3.1216398 1.035619 5.8864626
3.1216355 1.035616 5.886461
3.1216309 1.0356128 5.8864594
3.1216262 1.0356092 5.8864576
3.1216212 1.0356054 5.8864557
3.1216163 1.0356015 5.8864536
3.1216112 1.0355974 5.8864516
3.1216062 1.0355934 5.8864495
3.1216011 1.0355894 5.8864474
3.1215962 1.0355854 5.8864455
3.1215912 1.0355816 5.8864437
3.1215864 1.0355778 5.8864422
3.1215818 1.0355742 5.8864408
3.1215775 1.0355708 5.8864394
3.1215735 1.0355677 5.8864381
3.1215699 1.0355649 5.8864368
4.6526849 2.5592761 4.6030834
4.6526852 2.559276 4.6030841
4.6526854 2.559276 4.6030847
4.6526857 2.5592761 4.6030854
4.6526859 2.5592761 4.6030858
5.7747192 1.4783798 4.4662643
5.7747193 1.4783798 4.466264
5.7747195 1.4783799 4.4662635
5.7747199 1.47838 4.4662628
5.7747203 1.4783801 4.4662621
5.7747207 1.4783803 4.4662613
5.7747213 1.4783804 4.4662606
5.7747219 1.4783804 4.4662601
5.7747226 1.4783805 4.4662598
0 0 0
1.143757 0.62321191 1.5505133
1.1437443 0.62320815 1.5505216
1.1437314 0.62320469 1.5505302
1.1437185 0.62320164 1.5505388
1.1437059 0.62319903 1.5505475
1.1436935 0.6231969 1.5505561
1.1436818 0.6231952 1.5505644
1.1436708 0.62319389 1.5505722
1.1436608 0.62319284 1.5505794
1.1436518 0.62319207 1.5505859
5.7508942 2.5586515 0.55996513
5.7508947 2.5586513 0.55996637
5.750896 2.5586511 0.55996887
5.7508978 2.5586507 0.55997247
5.7509001 2.5586503 0.55997698
5.7509027 2.5586499 0.55998213
5.7509055 2.5586494 0.5599877
5.7509082 2.5586488 0.55999348
5.750911 2.5586481 0.55999937
5.750914 2.5586474 0.56000519
5.7509169 2.5586467 0.56001074
5.7509197 2.5586461 0.56001578
5.7509223 2.5586457 0.56002018
5.7509244 2.5586455 0.56002369
5.750926 2.5586453 0.56002613
5.7509268 2.5586451 0.56002743
1.2883832 1.8072321 2.181062
1.2883825 1.8072323 2.1810644
1.2883818 1.8072325 2.1810671
1.2883811 1.8072327 2.1810701
1.2883805 1.8072331 2.1810732
1.28838 1.8072335 2.1810763
1.2883796 1.807234 2.1810794
1.2883792 1.8072346 2.1810823
1.288379 1.8072352 2.181085
1.2883788 1.8072358 2.1810873
1.2883787 1.8072363 2.1810894
1.2883788 1.8072368 2.1810912
1.2883788 1.8072372 2.1810927
5.5749459 1.2175444 2.5318746
5.5749458 1.2175444 2.5318744
5.5749457 1.2175442 2.5318738
5.5749456 1.2175441 2.5318729
5.5749455 1.2175438 2.5318716
5.5749454 1.2175436 2.5318699
5.5749451 1.2175432 2.5318679
5.5749446 1.2175428 2.5318656
5.5749439 1.2175423 2.5318631
5.5749431 1.2175416 2.5318606
5.5749421 1.2175408 2.5318579
5.5749412 1.2175399 2.5318552
5.5749402 1.217539 2.5318524
5.5749394 1.217538 2.5318495
5.5749386 1.2175372 2.5318467
5.574938 1.2175364 2.5318442
5.5749376 1.2175358 2.5318418
5.5749372 1.2175354 2.5318397
5.574937 1.2175352 2.531838
5.5749367 1.2175351 2.5318366
5.5749365 1.2175351 2.5318358
5.5749364 1.2175351 2.5318354
3.7783397 1.0426087 2.2865071
3.778339 1.0426081 2.2865074
3.778338 1.0426073 2.2865077
3.7783368 1.042606 2.2865081
3.7783351 1.0426044 2.2865085
3.778333 1.0426025 2.2865092
3.7783305 1.0426003 2.28651
3.7783278 1.0425981 2.2865109
3.7783247 1.042596 2.286512
3.7783215 1.0425939 2.2865132
3.7783183 1.0425919 2.2865144
3.7783152 1.0425901 2.2865157
3.7783125 1.0425886 2.2865168
3.7783101 1.0425872 2.2865178
3.7783082 1.0425861 2.2865186
3.7783066 1.0425852 2.2865193
3.7783053 1.0425846 2.2865198
3.7783044 1.0425841 2.2865202
3.7783038 1.0425838 2.2865204
3.7783035 1.0425837 2.2865206
5.2606177 1.9196117 1.4545197
5.2606181 1.9196117 1.4545197
5.2606187 1.9196116 1.4545198
5.2606195 1.9196115 1.4545199
5.2606206 1.9196112 1.4545199
5.2606218 1.9196108 1.4545197
5.2606233 1.9196104 1.4545195
5.2606249 1.9196099 1.4545192
5.2606266 1.9196094 1.4545188
5.2606283 1.9196088 1.4545183
5.26063 1.9196083 1.4545177
3.1216563 1.0356306 5.8864691
3.1216538 1.0356292 5.886468
3.1216508 1.0356275 5.8864668
3.1216475 1.0356254 5.8864654
3.1216439 1.035623 5.886464
3.1216398 1.0356203 5.8864626
3.1216354 1.0356173 5.8864611
3.1216308 1.0356141 5.8864595
3.1216259 1.0356105 5.8864578
3.1216209 1.0356067 5.886456
3.1216158 1.0356028 5.886454
3.1216107 1.0355987 5.8864519
3.1216055 1.0355946 5.8864498
3.1216004 1.0355906 5.8864478
3.1215954 1.0355866 5.8864458
3.1215904 1.0355826 5.886444
3.1215855 1.0355788 5.8864424
3.1215809 1.0355751 5.8864409
3.1215766 1.0355717 5.8864395
3.1215727 1.0355685 5.8864381
3.1215691 1.0355657 5.8864368
0 0 0
0 0 0
4.6526861 2.559275 4.6030863
4.6526864 2.559275 4.603087
4.6526866 2.559275 4.6030874
0 0 0
5.7747186 1.4783814 4.4662641
5.7747187 1.4783814 4.4662636
5.774719 1.4783815 4.466263
5.7747194 1.4783816 4.4662622
5.7747199 1.4783817 4.4662614
5.7747204 1.4783817 4.4662607
0 0 0
1.1437808 0.62322337 1.5505012
1.1437687 0.62321945 1.5505089
1.1437559 0.62321555 1.5505171
1.1437428 0.62321184 1.5505258
1.1437294 0.62320844 1.5505348
1.1437161 0.62320541 1.5505438
1.143703 0.62320283 1.5505528
1.1436903 0.62320069 1.5505616
1.1436782 0.62319897 1.5505702
1.1436669 0.62319762 1.5505782
1.1436566 0.62319655 1.5505856
1.1436476 0.62319576 1.5505921
5.7508922 2.5586522 0.55996373
5.7508928 2.5586521 0.55996491
5.7508939 2.5586519 0.5599673
5.7508955 2.5586517 0.55997071
5.7508975 2.5586514 0.55997498
5.7508998 2.5586511 0.55997984
5.7509023 2.5586507 0.55998507
5.7509047 2.5586502 0.55999047
5.7509071 2.5586495 0.55999589
5.7509097 2.5586488 0.56000127
5.7509123 2.5586482 0.56000644
5.7509149 2.5586476 0.56001123
5.7509173 2.5586473 0.5600154
5.7509193 2.5586471 0.56001875
5.7509207 2.558647 0.56002112
5.7509216 2.5586469 0.56002239
1.288389 1.8072295 2.1810602
1.2883883 1.8072297 2.1810628
1.2883876 1.8072299 2.1810658
1.2883869 1.8072302 2.1810689
1.2883863 1.8072305 2.1810723
1.2883857 1.807231 2.1810757
1.2883853 1.8072316 2.1810791
1.2883848 1.8072322 2.1810822
1.2883845 1.8072329 2.1810851
1.2883843 1.8072335 2.1810876
1.2883842 1.8072341 2.1810898
1.2883842 1.8072346 2.1810917
1.2883843 1.807235 2.1810932
5.5749455 1.2175447 2.5318738
5.5749454 1.2175446 2.5318735
5.5749454 1.2175445 2.531873
5.5749453 1.2175443 2.5318721
5.5749452 1.2175441 2.5318708
5.574945 1.2175438 2.5318691
5.5749447 1.2175435 2.5318671
5.5749443 1.2175431 2.5318648
5.5749437 1.2175425 2.5318623
5.5749429 1.2175418 2.5318598
5.5749421 1.217541 2.5318571
5.5749412 1.2175401 2.5318544
5.5749404 1.2175392 2.5318515
5.5749396 1.2175383 2.5318487
5.5749388 1.2175375 2.5318459
5.5749382 1.2175367 2.5318434
5.5749377 1.2175361 2.531841
5.5749374 1.2175356 2.531839
5.5749372 1.2175353 2.5318372
5.5749369 1.2175352 2.5318359
5.5749368 1.2175351 2.531835
3.7783519 1.0426016 2.2864953
3.7783516 1.0426012 2.2864956
3.7783509 1.0426005 2.2864959
3.7783499 1.0425995 2.2864963
3.7783487 1.0425982 2.2864967
3.778347 1.0425965 2.2864971
3.778345 1.0425944 2.2864977
3.7783425 1.0425921 2.2864985
3.7783398 1.0425898 2.2864993
3.7783367 1.0425876 2.2865003
3.7783335 1.0425853 2.2865014
3.7783304 1.0425833 2.2865025
3.7783274 1.0425813 2.2865036
3.7783247 1.0425797 2.2865047
3.7783223 1.0425782 2.2865057
3.7783203 1.0425769 2.2865065
3.7783185 1.0425759 2.2865072
3.7783172 1.0425751 2.2865076
3.7783162 1.0425744 2.286508
3.7783156 1.0425741 2.2865082
3.7783153 1.0425739 2.2865083
5.2606195 1.9196116 1.4545188
5.2606198 1.9196116 1.4545188
5.2606204 1.9196116 1.4545189
5.2606212 1.9196114 1.4545191
5.2606223 1.9196111 1.4545192
5.2606235 1.9196108 1.4545192
5.2606249 1.9196104 1.454519
5.2606264 1.91961 1.4545188
5.260628 1.9196095 1.4545184
5.2606297 1.919609 1.4545181
3.1216587 1.0356325 5.8864691
3.1216566 1.0356316 5.8864683
3.121654 1.0356303 5.8864673
3.121651 1.0356287 5.8864662
3.1216476 1.0356267 5.886465
3.1216439 1.0356243 5.8864637
3.1216397 1.0356217 5.8864625
3.1216352 1.0356187 5.8864611
3.1216305 1.0356155 5.8864596
3.1216255 1.0356119 5.886458
3.1216204 1.0356082 5.8864562
3.1216152 1.0356043 5.8864543
3.12161 1.0356003 5.8864523
3.1216048 1.0355962 5.8864502
3.1215996 1.035592 5.8864481
3.1215945 1.0355879 5.8864461
3.1215894 1.0355839 5.8864443
3.1215845 1.0355799 5.8864426
3.12158 1.0355762 5.886441
3.1215757 1.0355727 5.8864395
3.1215717 1.0355695 5.8864381
3.1215682 1.0355668 5.8864367
3.1215651 1.0355643 5.8864354
3.1215624 1.0355623 5.8864343
3.1215602 1.0355606 5.8864333
4.6526869 2.5592745 4.6030879
4.6526871 2.5592745 4.6030883
0 0 0
5.7747181 1.4783824 4.4662643
5.7747182 1.4783824 4.4662638
5.7747184 1.4783825 4.4662631
5.7747188 1.4783826 4.4662624
5.7747193 1.4783826 4.4662616
1.1438034 0.62323487 1.5504906
1.1437925 0.62323124 1.5504972
1.1437807 0.62322745 1.5505046
1.143768 0.62322354 1.5505127
1.1437549 0.6232197 1.5505213
1.1437412 0.62321605 1.5505304
1.1437274 0.6232127 1.5505398
1.1437136 0.62320968 1.5505491
1.1437 0.62320709 1.5505585
1.1436869 0.62320495 1.5505676
1.1436743 0.62320321 1.5505765
1.1436627 0.62320184 1.5505847
1.1436521 0.62320072 1.5505922
1.1436429 0.62319988 1.5505989
5.7508903 2.5586529 0.55996248
5.7508907 2.5586528 0.55996356
5.7508916 2.5586528 0.55996577
5.7508931 2.5586526 0.55996896
5.7508949 2.5586525 0.55997298
5.7508969 2.5586523 0.55997756
5.7508991 2.558652 0.55998247
5.7509011 2.5586516 0.55998746
5.7509032 2.558651 0.55999241
5.7509054 2.5586503 0.55999737
5.7509077 2.5586497 0.56000223
5.7509101 2.5586492 0.56000671
5.7509122 2.5586489 0.5600106
5.7509141 2.5586488 0.56001374
5.7509155 2.5586487 0.56001602
1.2883956 1.8072268 2.1810559
1.288395 1.8072268 2.1810583
1.2883943 1.8072269 2.1810611
1.2883936 1.8072271 2.1810642
1.288393 1.8072274 2.1810677
1.2883923 1.8072278 2.1810714
1.2883917 1.8072284 2.1810751
1.2883912 1.807229 2.1810787
1.2883908 1.8072297 2.181082
1.2883905 1.8072304 2.1810851
1.2883903 1.807231 2.1810878
1.2883902 1.8072316 2.1810902
1.2883902 1.8072322 2.1810921
1.2883902 1.8072327 2.1810937
5.5749453 1.2175449 2.5318728
5.5749453 1.2175448 2.5318725
5.5749452 1.2175447 2.5318719
5.5749451 1.2175445 2.531871
5.574945 1.2175442 2.5318698
5.5749449 1.2175439 2.5318682
5.5749446 1.2175436 2.5318662
5.5749442 1.2175432 2.5318639
5.5749436 1.2175426 2.5318614
5.574943 1.2175419 2.5318589
5.5749422 1.2175411 2.5318562
5.5749415 1.2175402 2.5318534
5.5749407 1.2175393 2.5318505
5.57494 1.2175385 2.5318478
5.5749392 1.2175376 2.5318451
5.5749386 1.2175369 2.5318425
5.5749381 1.2175362 2.5318403
5.5749378 1.2175356 2.5318383
5.5749375 1.2175353 2.5318366
5.5749373 1.217535 2.5318353
5.5749372 1.2175348 2.5318344
3.7783638 1.0425942 2.2864839
3.7783634 1.0425938 2.2864842
3.7783628 1.0425931 2.2864845
3.7783618 1.042592 2.286485
3.7783605 1.0425905 2.2864854
3.7783589 1.0425887 2.2864858
3.7783569 1.0425865 2.2864864
3.7783545 1.0425842 2.2864871
3.7783517 1.0425818 2.2864879
3.7783488 1.0425794 2.2864888
3.7783457 1.0425771 2.2864897
3.7783426 1.0425749 2.2864907
3.7783397 1.0425729 2.2864918
3.778337 1.0425711 2.2864928
3.7783345 1.0425695 2.2864938
3.7783324 1.042568 2.2864947
3.7783306 1.0425668 2.2864953
3.7783291 1.0425658 2.2864958
3.778328 1.0425651 2.286496
3.7783274 1.0425646 2.2864962
3.7783271 1.0425643 2.2864964
5.260621 1.9196117 1.454518
5.2606214 1.9196117 1.454518
5.2606219 1.9196116 1.4545182
5.2606227 1.9196114 1.4545184
5.2606237 1.9196111 1.4545185
5.2606249 1.9196108 1.4545186
5.2606262 1.9196105 1.4545185
5.2606277 1.9196101 1.4545183
5.2606292 1.9196097 1.4545181
5.2606308 1.9196092 1.4545178
3.121659 1.0356336 5.8864679
3.1216568 1.0356327 5.8864672
3.1216542 1.0356315 5.8864663
3.1216511 1.03563 5.8864654
3.1216476 1.0356281 5.8864644
3.1216437 1.0356258 5.8864633
3.1216395 1.0356232 5.8864622
3.1216349 1.0356203 5.8864609
3.12163 1.0356171 5.8864596
3.1216249 1.0356136 5.886458
3.1216197 1.0356099 5.8864563
3.1216145 1.035606 5.8864545
3.1216092 1.035602 5.8864525
3.121604 1.0355979 5.8864504
3.1215987 1.0355937 5.8864484
3.1215936 1.0355895 5.8864464
3.1215885 1.0355853 5.8864445
3.1215836 1.0355813 5.8864427
3.121579 1.0355774 5.8864411
3.1215747 1.0355739 5.8864395
3.1215708 1.0355707 5.886438
3.1215672 1.0355679 5.8864367
3.1215641 1.0355655 5.8864353
3.1215615 1.0355635 5.8864342
3.1215593 1.0355619 5.8864332
3.1215577 1.0355607 5.8864323
3.1215567 1.0355599 5.8864317
5.7747177 1.4783828 4.4662646
5.7747178 1.4783829 4.4662644
5.7747179 1.4783829 4.4662639
5.7747181 1.478383 4.4662633
1.1438234 0.62324566 1.5504819
1.1438144 0.62324261 1.5504873
1.1438042 0.62323926 1.5504934
1.1437929 0.62323566 1.5505004
1.1437806 0.6232319 1.5505082
1.1437675 0.62322806 1.5505167
1.1437538 0.62322426 1.5505258
1.1437397 0.62322065 1.5505353
1.1437253 0.62321732 1.550545
1.143711 0.62321433 1.5505547
1.1436969 0.62321174 1.5505644
1.1436833 0.62320961 1.5505739
1.1436704 0.62320784 1.5505829
1.1436583 0.62320643 1.5505914
1.1436475 0.62320527 1.5505992
1.1436379 0.62320438 1.5506061
1.1436299 0.62320371 1.550612
5.7508885 2.5586536 0.55996227
5.7508894 2.5586536 0.55996433
5.7508907 2.5586536 0.55996732
5.7508923 2.5586536 0.55997113
5.7508941 2.5586535 0.55997549
5.750896 2.5586533 0.55998007
5.7508977 2.558653 0.55998467
5.7508995 2.5586525 0.55998923
5.7509014 2.5586518 0.55999378
5.7509034 2.5586513 0.55999828
5.7509055 2.5586509 0.56000242
5.7509074 2.5586506 0.56000603
5.7509091 2.5586505 0.560009
5.7509104 2.5586504 0.56001116
1.2884018 1.8072239 2.1810538
1.2884013 1.8072239 2.1810563
1.2884006 1.807224 2.1810592
1.2883999 1.8072241 2.1810626
1.2883993 1.8072244 2.1810664
1.2883987 1.8072249 2.1810703
1.288398 1.8072256 2.1810743
1.2883975 1.8072263 2.1810781
1.2883972 1.807227 2.1810817
1.2883969 1.8072277 2.181085
1.2883967 1.8072284 2.1810879
1.2883966 1.8072291 2.1810904
1.2883966 1.8072297 2.1810925
1.2883966 1.8072302 2.1810941
1.2883966 1.8072306 2.1810953
5.5749453 1.2175449 2.5318713
5.5749453 1.2175448 2.5318707
5.5749452 1.2175446 2.5318698
5.5749451 1.2175443 2.5318686
5.5749449 1.2175439 2.531867
5.5749446 1.2175435 2.5318651
5.5749442 1.2175431 2.5318628
5.5749437 1.2175425 2.5318604
5.5749431 1.2175418 2.5318578
5.5749425 1.217541 2.5318551
5.5749419 1.2175401 2.5318523
5.5749412 1.2175393 2.5318495
5.5749406 1.2175384 2.5318468
5.5749399 1.2175375 2.5318442
5.5749393 1.2175367 2.5318418
5.5749388 1.2175361 2.5318396
5.5749384 1.2175354 2.5318377
5.5749381 1.217535 2.5318361
5.5749379 1.2175346 2.5318348
5.5749378 1.2175344 2.5318339
3.7783754 1.0425871 2.2864728
3.7783751 1.0425866 2.286473
3.7783744 1.0425858 2.2864734
3.7783734 1.0425847 2.2864739
3.7783721 1.0425831 2.2864743
3.7783706 1.0425812 2.2864748
3.7783686 1.042579 2.2864754
3.7783663 1.0425766 2.286476
3.7783637 1.0425741 2.2864768
3.7783608 1.0425716 2.2864775
3.7783579 1.0425691 2.2864784
3.7783549 1.0425668 2.2864793
3.778352 1.0425647 2.2864803
3.7783493 1.0425627 2.2864813
3.7783468 1.042561 2.2864823
3.7783445 1.0425594 2.2864831
3.7783425 1.042558 2.2864838
3.7783409 1.0425569 2.2864842
3.7783398 1.042556 2.2864845
3.778339 1.0425555 2.2864847
3.7783387 1.0425552 2.2864847
0 0 0
5.2606226 1.9196118 1.4545174
5.2606232 1.9196117 1.4545175
5.2606239 1.9196115 1.4545178
5.2606249 1.9196112 1.454518
5.260626 1.9196109 1.4545181
5.2606273 1.9196106 1.4545181
5.2606287 1.9196103 1.4545179
5.2606302 1.9196098 1.4545177
3.1216611 1.0356354 5.8864666
3.1216593 1.0356348 5.8864662
3.121657 1.035634 5.8864657
3.1216543 1.0356329 5.886465
3.1216511 1.0356314 5.8864643
3.1216475 1.0356296 5.8864635
3.1216435 1.0356275 5.8864626
3.1216391 1.035625 5.8864617
3.1216345 1.0356221 5.8864606
3.1216295 1.0356189 5.8864593
3.1216244 1.0356154 5.8864579
3.1216191 1.0356117 5.8864562
3.1216138 1.0356079 5.8864544
3.1216085 1.0356039 5.8864525
3.1216032 1.0355997 5.8864505
3.1215979 1.0355955 5.8864485
3.1215927 1.0355912 5.8864465
3.1215876 1.0355869 5.8864446
3.1215827 1.0355828 5.8864427
3.1215781 1.0355789 5.886441
3.1215738 1.0355753 5.8864395
3.1215699 1.0355721 5.8864379
3.1215664 1.0355694 5.8864365
3.1215633 1.035567 5.8864352
3.1215606 1.035565 5.8864341
3.1215585 1.0355633 5.886433
3.121557 1.0355621 5.8864321
3.121556 1.0355613 5.8864315
3.1215555 1.0355609 5.8864311
1.1438447 0.62325681 1.5504722
1.1438397 0.62325516 1.5504752
1.1438332 0.62325293 1.5504793
1.1438252 0.62325025 1.5504842
1.1438158 0.62324722 1.5504899
1.1438052 0.62324389 1.5504964
1.1437934 0.62324032 1.5505037
1.1437806 0.6232366 1.5505119
1.1437671 0.62323282 1.5505208
1.1437529 0.62322909 1.5505303
1.1437382 0.62322553 1.5505402
1.1437233 0.62322224 1.5505503
1.1437085 0.62321927 1.5505604
1.1436938 0.6232167 1.5505705
1.1436798 0.62321455 1.5505802
1.1436664 0.62321276 1.5505895
1.143654 0.62321128 1.5505983
1.1436428 0.6232101 1.5506063
1.143633 0.62320919 1.5506134
1.1436248 0.62320851 1.5506195
5.7508864 2.5586545 0.55996113
5.7508872 2.5586545 0.55996309
5.7508883 2.5586546 0.5599659
5.7508897 2.5586546 0.55996945
5.7508913 2.5586546 0.55997352
5.750893 2.5586545 0.55997782
5.7508945 2.5586542 0.55998213
5.750896 2.5586538 0.55998638
5.7508977 2.5586533 0.5599906
5.7508996 2.5586528 0.55999475
5.7509014 2.5586525 0.5599986
5.7509032 2.5586523 0.56000196
5.7509047 2.5586521 0.5600047
1.2884085 1.8072211 2.1810496
1.2884082 1.8072211 2.1810517
1.2884077 1.807221 2.1810544
1.2884071 1.807221 2.1810575
1.2884064 1.8072212 2.1810611
1.2884058 1.8072215 2.1810651
1.2884052 1.807222 2.1810692
1.2884046 1.8072227 2.1810734
1.2884041 1.8072235 2.1810775
1.2884038 1.8072243 2.1810813
1.2884036 1.807225 2.1810849
1.2884034 1.8072258 2.181088
1.2884033 1.8072265 2.1810906
1.2884033 1.8072271 2.1810928
1.2884033 1.8072277 2.1810945
1.2884034 1.8072281 2.1810957
5.5749455 1.2175449 2.53187
5.5749455 1.2175448 2.5318694
5.5749454 1.2175446 2.5318686
5.5749453 1.2175442 2.5318674
5.5749451 1.2175438 2.5318658
5.5749448 1.2175434 2.5318639
5.5749444 1.2175428 2.5318618
5.5749439 1.2175422 2.5318594
5.5749434 1.2175415 2.5318568
5.574943 1.2175407 2.5318541
5.5749425 1.2175398 2.5318513
5.5749419 1.217539 2.5318486
5.5749414 1.2175381 2.5318459
5.5749408 1.2175372 2.5318434
5.5749402 1.2175365 2.5318411
5.5749397 1.2175357 2.531839
5.5749393 1.217535 2.5318372
5.574939 1.2175345 2.5318357
5.5749388 1.2175341 2.5318345
5.5749387 1.2175338 2.5318336
3.7783868 1.0425801 2.2864621
3.7783864 1.0425797 2.2864623
3.7783857 1.0425788 2.2864627
3.7783847 1.0425776 2.2864632
3.7783835 1.042576 2.2864637
3.778382 1.042574 2.2864641
3.7783801 1.0425717 2.2864647
3.778378 1.0425692 2.2864653
3.7783754 1.0425666 2.286466
3.7783727 1.042564 2.2864667
3.7783699 1.0425614 2.2864675
3.778367 1.042559 2.2864683
3.7783641 1.0425567 2.2864693
3.7783613 1.0425547 2.2864703
3.7783588 1.0425528 2.2864712
3.7783564 1.0425511 2.2864721
3.7783543 1.0425496 2.2864728
3.7783525 1.0425484 2.2864732
3.7783513 1.0425474 2.2864735
3.7783505 1.0425468 2.2864737
3.7783501 1.0425464 2.2864738
5.2606232 1.919612 1.4545167
5.2606235 1.919612 1.4545168
5.2606241 1.9196118 1.454517
5.2606249 1.9196116 1.4545172
5.2606258 1.9196114 1.4545174
5.2606269 1.9196111 1.4545176
5.2606281 1.9196108 1.4545176
5.2606294 1.9196104 1.4545176
3.1216628 1.0356372 5.8864646
3.1216613 1.0356368 5.8864645
3.1216594 1.0356362 5.8864642
3.1216571 1.0356355 5.8864638
3.1216543 1.0356344 5.8864633
3.121651 1.035633 5.8864628
3.1216473 1.0356313 5.8864623
3.1216432 1.0356292 5.8864616
3.1216388 1.0356268 5.8864609
3.1216341 1.035624 5.8864599
3.1216291 1.0356208 5.8864587
3.1216239 1.0356174 5.8864574
3.1216186 1.0356137 5.8864558
3.1216132 1.0356099 5.8864541
3.1216078 1.0356059 5.8864522
3.1216024 1.0356017 5.8864503
3.1215972 1.0355974 5.8864483
3.121592 1.0355931 5.8864463
3.1215869 1.0355887 5.8864444
3.121582 1.0355845 5.8864426
3.1215774 1.0355806 5.8864409
3.1215731 1.035577 5.8864393
3.1215691 1.0355739 5.8864378
3.1215656 1.0355711 5.8864364
3.1215625 1.0355687 5.8864352
3.1215599 1.0355667 5.886434
3.1215578 1.035565 5.8864329
3.1215563 1.0355637 5.886432
3.1215554 1.0355629 5.8864313
3.1215549 1.0355625 5.8864309
1.1438474 0.62326147 1.5504737
1.1438422 0.62325984 1.550477
1.1438354 0.62325763 1.5504812
1.1438272 0.62325496 1.5504864
1.1438174 0.62325194 1.5504924
1.1438064 0.62324866 1.5504993
1.1437941 0.62324513 1.550507
1.1437809 0.62324148 1.5505156
1.1437668 0.6232378 1.5505248
1.1437521 0.62323414 1.5505347
1.1437369 0.62323062 1.550545
1.1437214 0.62322738 1.5505555
1.1437059 0.62322446 1.5505661
1.1436908 0.62322191 1.5505765
1.1436762 0.62321976 1.5505866
1.1436625 0.62321796 1.5505962
1.1436497 0.62321644 1.5506052
1.1436382 0.6232152 1.5506134
1.1436282 0.62321426 1.5506207
1.1436197 0.62321358 1.5506271
1.1436129 0.62321307 1.5506322
5.750885 2.5586554 0.55996202
5.750886 2.5586555 0.55996464
5.7508872 2.5586555 0.55996795
5.7508887 2.5586555 0.55997176
5.7508901 2.5586555 0.55997579
5.7508915 2.5586553 0.55997986
5.7508929 2.558655 0.55998387
5.7508945 2.5586546 0.55998783
5.7508962 2.5586542 0.55999166
5.7508979 2.558654 0.55999525
5.7508995 2.5586538 0.55999841
5.7509008 2.5586536 0.56000095
1.2884149 1.8072183 2.1810475
1.2884146 1.8072182 2.1810497
1.2884142 1.8072181 2.1810524
1.2884136 1.8072181 2.1810557
1.288413 1.8072182 2.1810595
1.2884124 1.8072185 2.1810637
1.2884119 1.8072191 2.1810681
1.2884114 1.8072198 2.1810725
1.288411 1.8072206 2.1810768
1.2884107 1.8072214 2.181081
1.2884105 1.8072222 2.1810847
1.2884104 1.807223 2.181088
1.2884103 1.8072238 2.1810908
1.2884103 1.8072245 2.1810931
1.2884104 1.807225 2.1810949
1.2884104 1.8072254 2.1810962
1.2884104 1.8072257 2.1810971
5.5749458 1.2175447 2.5318681
5.5749456 1.2175444 2.5318673
5.5749455 1.2175441 2.5318661
5.5749453 1.2175437 2.5318646
5.574945 1.2175431 2.5318628
5.5749447 1.2175425 2.5318608
5.5749443 1.2175418 2.5318584
5.5749439 1.217541 2.5318559
5.5749436 1.2175402 2.5318532
5.5749432 1.2175393 2.5318505
5.5749428 1.2175384 2.5318478
5.5749423 1.2175376 2.5318451
5.5749418 1.2175368 2.5318427
5.5749413 1.217536 2.5318405
5.5749408 1.2175352 2.5318385
5.5749404 1.2175345 2.5318368
5.5749401 1.2175339 2.5318353
5.5749399 1.2175334 2.5318342
5.5749398 1.2175332 2.5318334
3.7783977 1.0425734 2.2864519
3.7783973 1.042573 2.2864522
3.7783966 1.0425722 2.2864526
3.7783956 1.0425709 2.2864531
3.7783945 1.0425693 2.2864536
3.778393 1.0425672 2.2864541
3.7783913 1.0425648 2.2864546
3.7783892 1.0425623 2.2864552
3.7783868 1.0425595 2.2864558
3.7783842 1.0425568 2.2864564
3.7783814 1.0425541 2.2864571
3.7783786 1.0425515 2.2864579
3.7783757 1.0425491 2.2864589
3.7783729 1.0425469 2.2864599
3.7783703 1.042545 2.2864609
3.7783678 1.0425432 2.2864618
3.7783656 1.0425416 2.2864625
3.7783637 1.0425403 2.286463
3.7783623 1.0425393 2.2864633
3.7783614 1.0425386 2.2864635
3.778361 1.0425382 2.2864636
5.2606239 1.9196122 1.4545163
5.2606242 1.9196121 1.4545164
5.2606248 1.919612 1.4545165
5.2606255 1.9196118 1.4545167
5.2606264 1.9196116 1.454517
5.2606275 1.9196113 1.4545172
5.2606287 1.919611 1.4545173
3.1216642 1.0356388 5.8864619
3.1216632 1.0356387 5.8864619
3.1216616 1.0356383 5.8864619
3.1216596 1.0356378 5.8864618
3.1216571 1.0356371 5.8864616
3.1216542 1.0356361 5.8864613
3.1216509 1.0356348 5.8864611
3.1216471 1.0356331 5.8864607
3.1216429 1.0356311 5.8864603
3.1216385 1.0356287 5.8864596
3.1216338 1.0356259 5.8864588
3.1216288 1.0356228 5.8864577
3.1216237 1.0356195 5.8864565
3.1216183 1.0356158 5.886455
3.1216128 1.035612 5.8864533
3.1216073 1.035608 5.8864516
3.1216019 1.0356038 5.8864497
3.1215966 1.0355995 5.8864479
3.1215913 1.0355951 5.886446
3.1215863 1.0355907 5.8864441
3.1215814 1.0355865 5.8864423
3.1215768 1.0355825 5.8864406
3.1215725 1.035579 5.886439
3.1215686 1.0355758 5.8864375
3.1215651 1.0355731 5.8864362
3.121562 1.0355707 5.886435
3.1215594 1.0355687 5.8864338
3.1215573 1.035567 5.8864327
3.1215558 1.0355656 5.8864318
3.1215548 1.0355647 5.8864311
1.1438539 0.62326719 1.5504731
1.1438502 0.62326613 1.5504753
1.1438448 0.62326452 1.5504787
1.1438378 0.62326232 1.5504831
1.1438293 0.62325968 1.5504885
1.1438192 0.62325673 1.5504948
1.1438078 0.62325349 1.550502
1.143795 0.62325004 1.5505102
1.1437812 0.62324648 1.5505191
1.1437666 0.62324287 1.5505288
1.1437514 0.62323931 1.550539
1.1437356 0.62323588 1.5505497
1.1437196 0.6232327 1.5505606
1.1437036 0.62322987 1.5505716
1.1436879 0.62322736 1.5505824
1.1436728 0.62322522 1.5505928
1.1436587 0.62322339 1.5506027
1.1436456 0.62322184 1.550612
1.1436339 0.62322056 1.5506205
1.1436236 0.62321959 1.550628
1.1436148 0.62321888 1.5506346
1.1436078 0.62321833 1.5506399
5.750883 2.5586562 0.55996111
5.7508838 2.5586563 0.55996353
5.7508849 2.5586564 0.55996664
5.7508862 2.5586565 0.55997024
5.7508876 2.5586564 0.55997405
5.7508889 2.5586563 0.55997793
5.7508903 2.558656 0.55998177
5.7508917 2.5586557 0.5599855
5.7508933 2.5586555 0.55998912
5.7508949 2.5586552 0.55999248
5.7508964 2.558655 0.55999545
1.2884215 1.8072156 2.1810436
1.2884213 1.8072154 2.1810453
1.288421 1.8072153 2.1810476
1.2884207 1.8072152 2.1810505
1.2884202 1.8072152 2.181054
1.2884197 1.8072153 2.181058
1.2884191 1.8072156 2.1810623
1.2884187 1.8072161 2.1810669
1.2884182 1.8072168 2.1810716
1.288418 1.8072176 2.1810761
1.2884178 1.8072185 2.1810805
1.2884176 1.8072194 2.1810845
1.2884176 1.8072202 2.181088
1.2884176 1.807221 2.181091
1.2884176 1.8072217 2.1810934
1.2884176 1.8072223 2.1810953
1.2884176 1.8072227 2.1810967
1.2884176 1.8072229 2.1810977
5.574946 1.2175444 2.5318669
5.5749459 1.2175442 2.531866
5.5749458 1.2175439 2.5318648
5.5749457 1.2175434 2.5318634
5.5749454 1.2175427 2.5318617
5.5749451 1.217542 2.5318598
5.5749448 1.2175412 2.5318576
5.5749445 1.2175403 2.5318551
5.5749443 1.2175394 2.5318525
5.5749441 1.2175385 2.5318497
5.5749437 1.2175377 2.531847
5.5749434 1.2175369 2.5318444
5.574943 1.2175361 2.5318421
5.5749426 1.2175353 2.5318399
5.5749422 1.2175345 2.531838
5.5749418 1.2175338 2.5318364
5.5749415 1.2175332 2.5318351
5.5749413 1.2175328 2.531834
0 0 0
3.7784079 1.0425671 2.2864426
3.7784075 1.0425667 2.2864428
3.7784068 1.0425659 2.2864432
3.7784059 1.0425646 2.2864437
3.7784048 1.042563 2.2864442
3.7784035 1.0425609 2.2864447
3.7784018 1.0425584 2.2864452
3.7783999 1.0425557 2.2864458
3.7783976 1.0425529 2.2864463
3.7783951 1.04255 2.2864469
3.7783923 1.0425472 2.2864476
3.7783895 1.0425445 2.2864484
3.7783867 1.042542 2.2864494
3.7783838 1.0425397 2.2864505
3.7783811 1.0425376 2.2864514
3.7783785 1.0425357 2.2864523
3.7783762 1.0425341 2.286453
3.7783742 1.0425327 2.2864536
3.7783727 1.0425316 2.286454
3.7783717 1.0425308 2.2864542
3.7783713 1.0425304 2.2864543
4.5082172 0.76689037 1.958475
4.5082169 0.76689006 1.9584751
5.2606252 1.9196122 1.4545162
5.2606259 1.9196119 1.4545164
5.2606268 1.9196117 1.4545166
5.2606279 1.9196114 1.4545168
5.2606291 1.9196111 1.454517
3.1216645 1.0356405 5.8864587
3.1216634 1.0356403 5.8864588
3.1216618 1.0356401 5.8864589
3.1216597 1.0356397 5.8864589
3.1216571 1.0356391 5.886459
3.1216541 1.0356381 5.8864589
3.1216507 1.0356368 5.8864589
3.1216469 1.0356352 5.8864587
3.1216428 1.0356331 5.8864585
3.1216384 1.0356307 5.886458
3.1216337 1.035628 5.8864573
3.1216288 1.035625 5.8864563
3.1216236 1.0356216 5.8864551
3.1216182 1.035618 5.8864537
3.1216127 1.0356142 5.8864522
3.1216071 1.0356102 5.8864505
3.1216016 1.035606 5.8864488
3.1215961 1.0356016 5.8864471
3.1215909 1.0355972 5.8864453
3.1215859 1.0355928 5.8864435
3.121581 1.0355886 5.8864418
3.1215764 1.0355847 5.8864401
3.1215721 1.0355811 5.8864386
3.1215682 1.035578 5.8864371
3.1215647 1.0355752 5.8864358
3.1215616 1.0355728 5.8864346
3.1215591 1.0355708 5.8864334
3.121557 1.0355691 5.8864323
3.1215555 1.0355677 5.8864313
3.1215545 1.0355668 5.8864307
1.1438568 0.62327172 1.5504747
1.143853 0.62327069 1.550477
1.1438475 0.62326908 1.5504804
1.1438402 0.62326694 1.550485
1.1438314 0.62326437 1.5504905
1.1438211 0.62326149 1.5504971
1.1438092 0.62325833 1.5505046
1.1437961 0.62325497 1.5505131
1.1437818 0.62325152 1.5505225
1.1437666 0.62324801 1.5505326
1.1437508 0.62324456 1.5505432
1.1437345 0.62324123 1.5505542
1.143718 0.62323816 1.5505655
1.1437015 0.62323539 1.5505769
1.1436853 0.62323294 1.5505881
1.1436698 0.6232308 1.5505989
1.1436552 0.62322898 1.5506091
1.1436418 0.62322742 1.5506187
1.1436297 0.62322614 1.5506275
1.1436191 0.62322515 1.5506353
1.1436101 0.62322438 1.550642
1.1436029 0.62322377 1.5506475
0 0 0
5.750882 2.5586571 0.5599627
5.750883 2.5586572 0.55996564
5.7508842 2.5586573 0.55996903
5.7508854 2.5586573 0.55997267
5.7508867 2.5586572 0.5599764
5.7508881 2.558657 0.55998011
5.7508895 2.5586567 0.5599837
5.750891 2.5586564 0.55998716
5.7508925 2.5586562 0.55999034
5.7508939 2.558656 0.55999311
1.2884278 1.8072127 2.1810415
1.2884276 1.8072126 2.1810433
1.2884274 1.8072125 2.1810457
1.2884271 1.8072124 2.1810487
1.2884267 1.8072124 2.1810523
1.2884263 1.8072125 2.1810564
1.2884258 1.8072128 2.1810609
1.2884254 1.8072133 2.1810657
1.2884251 1.807214 2.1810705
1.2884249 1.8072147 2.1810753
1.2884248 1.8072156 2.18108
1.2884248 1.8072165 2.1810842
1.2884248 1.8072174 2.181088
1.2884248 1.8072181 2.1810911
1.2884249 1.8072188 2.1810937
1.2884249 1.8072194 2.1810957
1.2884249 1.8072198 2.1810973
1.2884249 1.8072201 2.1810983
0 0 0
5.5749463 1.2175438 2.5318648
5.5749462 1.2175435 2.5318637
5.574946 1.217543 2.5318623
5.5749458 1.2175422 2.5318607
5.5749455 1.2175414 2.5318589
5.5749453 1.2175405 2.5318568
5.5749452 1.2175396 2.5318544
5.5749451 1.2175386 2.5318518
5.5749449 1.2175377 2.5318491
5.5749447 1.2175369 2.5318464
5.5749445 1.2175361 2.5318439
5.5749442 1.2175353 2.5318415
5.5749439 1.2175345 2.5318394
5.5749435 1.2175337 2.5318376
5.5749432 1.2175331 2.531836
5.5749429 1.2175326 2.5318347
5.5749427 1.2175322 2.5318337
5.5749426 1.2175319 2.531833
3.7784172 1.0425613 2.2864342
3.7784169 1.0425609 2.2864344
3.7784163 1.04256 2.2864347
3.7784154 1.0425588 2.2864352
3.7784144 1.0425571 2.2864357
3.7784132 1.0425549 2.2864362
3.7784116 1.0425524 2.2864367
3.7784098 1.0425496 2.2864372
3.7784075 1.0425467 2.2864378
3.778405 1.0425437 2.2864384
3.7784024 1.0425408 2.2864391
3.7783995 1.042538 2.28644
3.7783967 1.0425353 2.286441
3.7783938 1.0425329 2.286442
3.778391 1.0425307 2.2864429
3.7783884 1.0425287 2.2864438
3.778386 1.0425271 2.2864445
3.7783839 1.0425256 2.2864451
3.7783822 1.0425244 2.2864455
3.7783811 1.0425236 2.2864458
3.7783806 1.0425233 2.286446
4.5082165 0.76689031 1.9584755
4.5082162 0.76688999 1.9584756
4.5082156 0.76688942 1.9584758
4.5082148 0.76688859 1.958476
4.5082137 0.76688761 1.9584764
5.2606281 1.9196115 1.4545167
3.1216653 1.0356424 5.8864552
3.1216648 1.0356423 5.8864553
3.1216636 1.0356422 5.8864554
3.121662 1.035642 5.8864555
3.1216598 1.0356417 5.8864557
3.1216572 1.0356411 5.8864559
3.1216542 1.0356402 5.8864561
3.1216507 1.035639 5.8864563
3.1216469 1.0356373 5.8864564
3.1216427 1.0356353 5.8864563
3.1216383 1.0356329 5.8864559
3.1216337 1.0356302 5.8864553
3.1216289 1.0356272 5.8864544
3.1216237 1.0356239 5.8864533
3.1216184 1.0356203 5.886452
3.1216128 1.0356165 5.8864506
3.1216072 1.0356125 5.8864491
3.1216016 1.0356082 5.8864475
3.1215961 1.0356039 5.8864459
3.1215908 1.0355995 5.8864443
3.1215857 1.0355951 5.8864426
3.1215809 1.0355909 5.886441
3.1215763 1.035587 5.8864395
3.121572 1.0355835 5.886438
3.1215681 1.0355803 5.8864365
3.1215646 1.0355776 5.8864352
3.1215616 1.0355751 5.8864339
3.121559 1.0355731 5.8864327
3.1215569 1.0355713 5.8864316
3.1215553 1.0355699 5.8864307
3.1215543 1.035569 5.8864301
1.1438597 0.62327604 1.5504762
1.1438558 0.62327501 1.5504786
1.1438501 0.62327344 1.5504821
1.1438427 0.62327137 1.5504867
1.1438337 0.62326891 1.5504924
1.143823 0.62326611 1.5504992
1.1438108 0.62326305 1.5505071
1.1437972 0.62325983 1.550516
1.1437825 0.6232565 1.5505257
1.1437668 0.62325311 1.5505361
1.1437504 0.62324978 1.5505472
1.1437336 0.62324657 1.5505586
1.1437166 0.62324361 1.5505702
1.1436996 0.62324092 1.550582
1.1436829 0.62323853 1.5505936
1.1436669 0.62323644 1.5506048
1.1436521 0.62323463 1.5506153
1.1436383 0.62323309 1.5506252
1.1436259 0.62323183 1.5506342
1.1436151 0.6232308 1.5506422
1.1436058 0.62322997 1.5506492
1.1435984 0.62322927 1.5506549
1.1435928 0.62322871 1.5506592
1.1435891 0.62322837 1.5506622
5.7508815 2.5586578 0.55996491
5.7508826 2.5586579 0.55996815
5.7508838 2.558658 0.55997166
5.7508851 2.5586579 0.5599753
5.7508864 2.5586578 0.55997895
5.7508879 2.5586575 0.55998245
5.7508893 2.5586572 0.55998577
5.7508907 2.558657 0.55998877
1.288434 1.8072101 2.1810382
1.2884338 1.80721 2.1810395
1.2884337 1.8072098 2.1810413
1.2884335 1.8072097 2.1810438
1.2884333 1.8072097 2.1810469
1.288433 1.8072097 2.1810506
1.2884326 1.8072099 2.1810548
1.2884323 1.8072102 2.1810595
1.288432 1.8072107 2.1810644
1.2884318 1.8072113 2.1810695
1.2884317 1.807212 2.1810745
1.2884317 1.8072128 2.1810793
1.2884318 1.8072137 2.1810838
1.2884318 1.8072145 2.1810878
1.2884319 1.8072152 2.1810912
1.288432 1.8072159 2.181094
1.2884321 1.8072165 2.1810962
1.2884321 1.8072169 2.1810979
1.2884321 1.8072172 2.181099
1.2884321 1.8072174 2.1810995
5.5749466 1.2175433 2.5318638
5.5749465 1.2175429 2.5318627
5.5749464 1.2175424 2.5318614
5.5749462 1.2175417 2.5318598
5.574946 1.2175408 2.5318581
5.5749459 1.2175398 2.531856
5.5749458 1.2175388 2.5318537
5.5749457 1.2175378 2.5318511
5.5749457 1.2175368 2.5318485
5.5749456 1.217536 2.5318459
5.5749455 1.2175353 2.5318434
5.5749453 1.2175345 2.531841
5.5749451 1.2175337 2.5318389
5.5749449 1.217533 2.5318371
5.5749447 1.2175324 2.5318356
5.5749444 1.2175319 2.5318343
5.5749442 1.2175315 2.5318334
0 0 0
3.7784256 1.042556 2.2864268
3.7784254 1.0425555 2.286427
3.7784248 1.0425547 2.2864273
3.778424 1.0425534 2.2864277
3.7784231 1.0425517 2.2864281
3.7784219 1.0425495 2.2864285
3.7784205 1.042547 2.286429
3.7784187 1.0425441 2.2864296
3.7784165 1.0425411 2.2864302
3.778414 1.042538 2.2864309
3.7784114 1.0425349 2.2864317
3.7784085 1.042532 2.2864326
3.7784057 1.0425292 2.2864336
3.7784027 1.0425267 2.2864346
3.7783999 1.0425244 2.2864355
3.7783972 1.0425224 2.2864363
3.7783947 1.0425206 2.286437
3.7783926 1.0425191 2.2864376
3.7783908 1.042518 2.286438
3.7783896 1.0425171 2.2864383
3.778389 1.0425167 2.2864385
4.5082153 0.76689021 1.9584763
4.508215 0.76688989 1.9584764
4.5082143 0.76688928 1.9584766
4.5082135 0.76688843 1.9584769
4.5082124 0.76688745 1.9584773
4.5082112 0.76688639 1.9584777
3.1216654 1.0356445 5.8864517
3.1216649 1.0356445 5.8864517
3.1216638 1.0356444 5.8864519
3.1216621 1.0356442 5.8864521
3.1216599 1.0356439 5.8864523
3.1216573 1.0356433 5.8864527
3.1216542 1.0356425 5.886453
3.1216508 1.0356413 5.8864534
3.1216469 1.0356397 5.8864537
3.1216427 1.0356376 5.8864538
3.1216384 1.0356352 5.8864535
3.1216338 1.0356325 5.886453
3.121629 1.0356295 5.8864522
3.121624 1.0356262 5.8864511
3.1216187 1.0356226 5.8864499
3.1216132 1.0356188 5.8864486
3.1216075 1.0356147 5.8864472
3.1216019 1.0356105 5.8864457
3.1215964 1.0356062 5.8864442
3.1215911 1.0356018 5.8864428
3.121586 1.0355975 5.8864413
3.1215811 1.0355933 5.8864399
3.1215765 1.0355894 5.8864384
3.1215722 1.0355859 5.886437
3.1215683 1.0355828 5.8864356
3.1215648 1.03558 5.8864343
3.1215618 1.0355775 5.886433
3.1215592 1.0355754 5.8864318
3.121557 1.0355736 5.8864308
3.1215554 1.0355722 5.88643
3.1215544 1.0355713 5.8864294
1.1438624 0.6232801 1.5504778
1.1438584 0.62327908 1.5504802
1.1438526 0.62327755 1.5504837
1.143845 0.62327556 1.5504884
1.1438357 0.6232732 1.5504943
1.1438248 0.62327052 1.5505013
1.1438123 0.62326762 1.5505094
1.1437984 0.62326452 1.5505186
1.1437833 0.62326131 1.5505286
1.1437672 0.62325806 1.5505394
1.1437503 0.62325483 1.5505508
1.143733 0.62325174 1.5505626
1.1437154 0.62324889 1.5505746
1.1436979 0.6232463 1.5505868
1.1436809 0.62324402 1.5505987
1.1436645 0.62324201 1.5506102
1.1436493 0.62324024 1.5506211
1.1436352 0.62323871 1.5506312
1.1436225 0.62323744 1.5506406
1.1436114 0.62323639 1.5506489
1.1436019 0.62323549 1.550656
1.1435943 0.62323471 1.5506619
1.1435885 0.62323409 1.5506664
1.1435847 0.62323367 1.5506694
5.7508805 2.5586582 0.55996441
5.7508815 2.5586584 0.55996757
5.7508827 2.5586585 0.55997098
5.7508839 2.5586584 0.55997458
5.7508853 2.5586583 0.55997818
5.7508868 2.5586581 0.55998165
5.7508882 2.5586578 0.55998487
1.2884397 1.8072074 2.1810359
1.2884397 1.8072074 2.1810365
1.2884396 1.8072073 2.1810378
1.2884395 1.8072072 2.1810397
1.2884393 1.8072071 2.1810422
1.2884391 1.8072072 2.1810454
1.2884389 1.8072073 2.1810491
1.2884387 1.8072075 2.1810534
1.2884385 1.8072078 2.1810581
1.2884383 1.8072082 2.1810632
1.2884382 1.8072088 2.1810684
1.2884383 1.8072095 2.1810736
1.2884384 1.8072102 2.1810786
1.2884385 1.807211 2.1810834
1.2884386 1.8072118 2.1810876
1.2884388 1.8072125 2.1810912
1.2884389 1.8072131 2.1810942
1.288439 1.8072136 2.1810966
1.2884391 1.8072141 2.1810984
1.288439 1.8072144 2.1810996
1.288439 1.8072146 2.1811001
5.5749468 1.2175428 2.531863
5.5749468 1.2175423 2.531862
5.5749467 1.2175417 2.5318607
5.5749465 1.217541 2.5318592
5.5749464 1.2175401 2.5318574
5.5749463 1.217539 2.5318554
5.5749463 1.217538 2.531853
5.5749463 1.2175369 2.5318506
5.5749463 1.217536 2.531848
5.5749464 1.2175351 2.5318454
5.5749464 1.2175344 2.5318429
5.5749464 1.2175337 2.5318406
5.5749463 1.217533 2.5318385
5.5749462 1.2175323 2.5318367
5.574946 1.2175318 2.5318352
5.5749458 1.2175313 2.531834
0 0 0
2.4053605 1.6991133 3.6916602
0 0 0
3.7784328 1.0425508 2.2864206
3.7784323 1.04255 2.2864208
3.7784316 1.0425487 2.2864211
3.7784307 1.0425469 2.2864215
3.7784297 1.0425447 2.2864219
3.7784282 1.0425421 2.2864225
3.7784264 1.0425392 2.2864231
3.7784243 1.0425361 2.2864237
3.7784219 1.0425328 2.2864245
3.7784192 1.0425297 2.2864253
3.7784164 1.0425266 2.2864263
3.7784134 1.0425238 2.2864272
3.7784105 1.0425212 2.2864282
3.7784076 1.0425188 2.2864291
3.7784048 1.0425167 2.2864299
3.7784024 1.0425149 2.2864305
3.7784002 1.0425134 2.2864311
3.7783984 1.0425122 2.2864315
3.7783971 1.0425114 2.2864318
3.7783964 1.0425109 2.286432
4.5082135 0.76689001 1.9584775
4.5082132 0.76688965 1.9584777
4.5082125 0.76688902 1.9584779
4.5082115 0.76688817 1.9584782
4.5082104 0.76688719 1.9584786
4.5082092 0.76688615 1.958479
0 0 0
3.1216649 1.0356469 5.8864483
3.1216637 1.0356468 5.8864484
3.1216621 1.0356466 5.8864487
3.12166 1.0356463 5.886449
3.1216574 1.0356457 5.8864494
3.1216543 1.0356449 5.8864498
3.1216508 1.0356436 5.8864503
3.1216469 1.035642 5.8864507
3.1216428 1.0356399 5.8864509
3.1216385 1.0356375 5.8864508
3.121634 1.0356348 5.8864504
3.1216293 1.0356318 5.8864496
3.1216244 1.0356285 5.8864487
3.1216192 1.0356249 5.8864475
3.1216137 1.0356211 5.8864463
3.1216082 1.035617 5.8864449
3.1216027 1.0356128 5.8864435
3.1215972 1.0356085 5.8864422
3.1215918 1.0356041 5.8864409
3.1215867 1.0355998 5.8864396
3.1215817 1.0355957 5.8864383
3.1215771 1.0355919 5.8864369
3.1215728 1.0355884 5.8864356
3.1215689 1.0355853 5.8864343
3.1215653 1.0355824 5.886433
3.1215622 1.0355799 5.8864318
3.1215596 1.0355778 5.8864308
3.1215574 1.035576 5.8864298
3.1215558 1.0355745 5.8864291
1.1438666 0.6232844 1.5504784
1.1438646 0.62328387 1.5504796
1.1438606 0.62328286 1.550482
1.1438548 0.62328139 1.5504855
1.1438471 0.62327947 1.5504902
1.1438376 0.62327722 1.5504962
1.1438265 0.62327467 1.5505033
1.1438137 0.62327189 1.5505117
1.1437996 0.62326892 1.550521
1.1437842 0.62326583 1.5505312
1.1437677 0.62326269 1.5505423
1.1437505 0.62325958 1.550554
1.1437327 0.62325661 1.5505661
1.1437147 0.62325388 1.5505786
1.1436968 0.62325142 1.550591
1.1436793 0.62324928 1.5506033
1.1436625 0.62324737 1.5506152
1.1436469 0.62324567 1.5506263
1.1436326 0.62324416 1.5506368
1.1436196 0.62324285 1.5506464
1.1436082 0.62324173 1.550655
1.1435985 0.62324074 1.5506623
1.1435906 0.62323991 1.5506684
1.1435848 0.62323923 1.5506729
1.1435809 0.62323875 1.5506759
1.143579 0.6232385 1.5506774
5.750881 2.5586586 0.55996733
5.7508821 2.5586587 0.55997071
5.7508834 2.5586587 0.5599743
5.7508848 2.5586586 0.55997784
5.7508863 2.5586584 0.55998126
5.7508877 2.5586581 0.55998443
1.2884449 1.8072048 2.1810345
1.2884449 1.8072048 2.1810351
1.2884448 1.8072047 2.1810364
1.2884447 1.8072046 2.1810383
1.2884446 1.8072046 2.1810408
1.2884445 1.8072047 2.181044
1.2884444 1.8072049 2.1810478
1.2884443 1.8072052 2.1810521
1.2884442 1.8072055 2.1810569
1.2884442 1.8072059 2.1810621
1.2884443 1.8072065 2.1810675
1.2884444 1.8072071 2.1810728
1.2884446 1.8072078 2.181078
1.2884449 1.8072085 2.1810829
1.2884451 1.8072092 2.1810873
1.2884452 1.8072098 2.1810912
1.2884454 1.8072104 2.1810944
1.2884455 1.807211 2.1810969
1.2884456 1.8072114 2.1810988
1.2884456 1.8072117 2.1811001
1.2884456 1.8072119 2.1811006
0 0 0
5.5749469 1.2175417 2.5318615
5.5749469 1.2175411 2.5318602
5.5749468 1.2175402 2.5318586
5.5749467 1.2175393 2.5318568
5.5749467 1.2175382 2.5318548
5.5749468 1.2175371 2.5318525
5.5749468 1.217536 2.5318501
5.574947 1.217535 2.5318476
5.5749471 1.2175342 2.531845
5.5749473 1.2175335 2.5318426
5.5749474 1.2175328 2.5318402
5.5749474 1.2175322 2.5318381
5.5749473 1.2175317 2.5318363
5.5749471 1.2175311 2.5318349
5.574947 1.2175307 2.5318336
2.4053597 1.6991134 3.6916645
2.4053599 1.6991136 3.6916606
2.4053603 1.6991139 3.6916569
2.405361 1.6991144 3.6916535
3.7784386 1.0425459 2.2864154
3.778438 1.0425446 2.2864157
3.7784372 1.0425428 2.286416
3.7784362 1.0425405 2.2864164
3.7784348 1.0425379 2.2864169
3.778433 1.0425349 2.2864175
3.7784309 1.0425317 2.2864182
3.7784285 1.0425284 2.286419
3.7784258 1.0425252 2.2864199
3.778423 1.0425221 2.286421
3.77842 1.0425192 2.286422
3.7784171 1.0425165 2.2864229
3.7784141 1.0425141 2.2864238
3.7784114 1.0425119 2.2864245
3.7784089 1.04251 2.2864251
3.7784067 1.0425085 2.2864256
3.7784048 1.0425073 2.286426
3.7784035 1.0425065 2.2864263
3.7784028 1.042506 2.2864265
4.5082111 0.76688967 1.9584793
4.5082107 0.76688932 1.9584794
4.50821 0.76688867 1.9584796
4.508209 0.76688784 1.9584799
4.5082078 0.76688685 1.9584803
4.5082065 0.7668858 1.9584808
4.5082051 0.76688475 1.9584813
0 0 0
3.1216636 1.0356494 5.8864451
3.121662 1.0356492 5.8864454
3.1216599 1.0356488 5.8864457
3.1216573 1.0356482 5.8864461
3.1216542 1.0356473 5.8864466
3.1216507 1.035646 5.8864472
3.1216469 1.0356444 5.8864477
3.1216429 1.0356423 5.8864479
3.1216387 1.0356398 5.8864479
3.1216343 1.0356371 5.8864475
3.1216297 1.0356341 5.8864468
3.1216249 1.0356307 5.8864459
3.1216199 1.0356272 5.8864448
3.1216146 1.0356233 5.8864436
3.1216092 1.0356193 5.8864423
3.1216037 1.035615 5.886441
3.1215982 1.0356107 5.8864398
3.1215928 1.0356064 5.8864387
3.1215877 1.0356021 5.8864375
3.1215827 1.0355981 5.8864363
3.1215781 1.0355943 5.8864351
3.1215738 1.0355909 5.8864338
3.1215698 1.0355877 5.8864326
3.1215662 1.0355848 5.8864315
3.1215631 1.0355822 5.8864304
3.1215604 1.03558 5.8864294
3.1215581 1.0355782 5.8864286
3.1215565 1.0355768 5.8864279
0 0 0
1.1438663 0.62328733 1.5504816
1.1438624 0.62328635 1.550484
1.1438565 0.62328492 1.5504874
1.1438488 0.62328308 1.5504921
1.1438392 0.62328092 1.5504981
1.1438279 0.62327847 1.5505054
1.143815 0.62327578 1.5505138
1.1438006 0.62327289 1.5505232
1.143785 0.62326986 1.5505335
1.1437684 0.62326682 1.5505448
1.1437509 0.62326383 1.5505567
1.1437327 0.62326101 1.5505692
1.1437142 0.62325844 1.550582
1.143696 0.62325616 1.5505948
1.1436781 0.62325416 1.5506073
1.1436611 0.62325235 1.5506195
1.1436451 0.62325071 1.5506309
1.1436304 0.62324922 1.5506417
1.1436171 0.62324787 1.5506516
1.1436055 0.62324667 1.5506603
1.1435956 0.62324563 1.5506679
1.1435876 0.62324473 1.5506741
1.1435816 0.62324398 1.5506787
1.1435777 0.62324347 1.5506817
0 0 0
0 0 0
0 0 0
1.1621947 1.3228648 3.0095833
1.1621972 1.3228672 3.0095825
1.1621997 1.3228695 3.0095819
1.1622023 1.3228718 3.0095814
1.1622046 1.322874 3.009581
0 0 0
1.2884494 1.8072023 2.1810353
1.2884494 1.8072022 2.1810372
1.2884493 1.8072023 2.1810398
1.2884493 1.8072024 2.181043
1.2884493 1.8072026 2.1810468
1.2884494 1.8072029 2.1810512
1.2884494 1.8072033 2.181056
1.2884496 1.8072037 2.1810613
1.2884498 1.8072043 2.1810667
1.2884501 1.8072049 2.1810722
1.2884504 1.8072055 2.1810775
1.2884507 1.8072062 2.1810826
1.288451 1.8072068 2.1810872
1.2884512 1.8072075 2.1810911
1.2884513 1.807208 2.1810945
1.2884515 1.8072085 2.1810971
1.2884516 1.8072089 2.1810991
1.2884516 1.8072092 2.1811004
1.2884517 1.8072094 2.181101
5.5749471 1.2175417 2.5318621
5.574947 1.2175411 2.5318611
5.574947 1.2175404 2.5318598
5.574947 1.2175395 2.5318583
5.574947 1.2175385 2.5318564
5.5749471 1.2175373 2.5318544
5.5749472 1.2175362 2.5318521
5.5749474 1.2175351 2.5318496
5.5749476 1.2175341 2.5318472
5.5749478 1.2175333 2.5318447
5.574948 1.2175326 2.5318423
5.5749482 1.217532 2.53184
5.5749483 1.2175315 2.5318379
5.5749482 1.217531 2.5318361
5.5749481 1.2175305 2.5318346
2.4053583 1.6991139 3.6916692
2.4053585 1.6991139 3.6916652
2.4053588 1.699114 3.6916614
2.4053593 1.6991144 3.6916577
2.4053599 1.6991149 3.6916542
2.4053609 1.6991156 3.6916512
2.4053621 1.6991163 3.6916485
3.7784425 1.0425393 2.2864116
3.7784415 1.042537 2.286412
3.7784401 1.0425343 2.2864125
3.7784385 1.0425313 2.2864131
3.7784364 1.0425281 2.2864137
3.778434 1.0425248 2.2864145
3.7784313 1.0425216 2.2864155
3.7784284 1.0425185 2.2864166
3.7784254 1.0425155 2.2864177
3.7784224 1.0425128 2.2864186
3.7784195 1.0425103 2.2864194
3.7784166 1.0425081 2.2864201
3.7784141 1.0425062 2.2864207
3.7784118 1.0425046 2.2864212
3.77841 1.0425033 2.2864216
3.7784086 1.0425025 2.2864218
3.7784079 1.042502 2.286422
4.5082079 0.76688924 1.9584816
4.5082076 0.76688891 1.9584816
4.5082068 0.7668883 1.9584818
4.5082058 0.76688749 1.9584821
4.5082046 0.76688651 1.9584825
4.5082032 0.76688545 1.958483
4.5082017 0.76688441 1.9584836
4.5082002 0.76688344 1.9584842
3.1216634 1.035652 5.886442
3.1216618 1.0356518 5.8864422
3.1216596 1.0356513 5.8864426
3.121657 1.0356506 5.886443
3.121654 1.0356496 5.8864435
3.1216506 1.0356483 5.8864441
3.1216469 1.0356467 5.8864446
3.1216431 1.0356446 5.8864448
3.121639 1.0356421 5.8864448
3.1216348 1.0356393 5.8864444
3.1216304 1.0356362 5.8864438
3.1216257 1.0356329 5.8864429
3.1216208 1.0356293 5.8864418
3.1216157 1.0356255 5.8864406
3.1216104 1.0356214 5.8864394
3.121605 1.0356171 5.8864383
3.1215996 1.0356128 5.8864372
3.1215942 1.0356085 5.8864362
3.121589 1.0356043 5.8864351
3.1215841 1.0356003 5.886434
3.1215794 1.0355966 5.8864329
3.1215751 1.0355932 5.8864318
3.1215711 1.03559 5.8864307
3.1215675 1.035587 5.8864297
3.1215642 1.0355845 5.8864287
3.1215615 1.0355822 5.8864279
3.1215592 1.0355804 5.8864272
3.1215575 1.035579 5.8864266
1.1438695 0.62329104 1.5504827
1.1438675 0.62329053 1.5504838
1.1438636 0.62328958 1.550486
1.1438578 0.62328818 1.5504894
1.1438501 0.62328635 1.550494
1.1438405 0.62328422 1.5504999
1.143829 0.62328181 1.5505072
1.143816 0.62327915 1.5505157
1.1438015 0.62327629 1.5505252
1.1437858 0.62327329 1.5505356
1.1437689 0.62327033 1.550547
1.1437512 0.62326748 1.5505592
1.1437327 0.62326481 1.5505719
1.143714 0.62326241 1.5505849
1.1436955 0.6232603 1.5505979
1.1436773 0.62325844 1.5506107
1.14366 0.62325671 1.5506232
1.1436437 0.62325513 1.5506349
1.1436287 0.62325367 1.5506459
1.1436152 0.62325233 1.550656
1.1436032 0.62325108 1.550665
1.1435932 0.62324999 1.5506727
1.143585 0.62324904 1.5506789
1.1435791 0.62324825 1.5506835
0 0 0
1.1621891 1.3228577 3.0095855
1.1621907 1.32286 3.0095848
1.1621927 1.3228624 3.0095841
1.1621949 1.3228649 3.0095833
1.1621973 1.3228674 3.0095826
1.1621998 1.3228697 3.009582
1.1622023 1.322872 3.0095815
1.1622046 1.3228742 3.0095811
1.1622067 1.3228763 3.0095809
1.1622085 1.3228783 3.0095807
1.2884534 1.8072001 2.1810364
1.2884534 1.8072002 2.181039
1.2884535 1.8072003 2.1810423
1.2884536 1.8072005 2.1810461
1.2884538 1.8072008 2.1810505
1.288454 1.8072011 2.1810554
1.2884543 1.8072016 2.1810606
1.2884547 1.8072022 2.1810661
1.2884551 1.8072028 2.1810717
1.2884556 1.8072034 2.1810771
1.288456 1.8072041 2.1810823
1.2884563 1.8072047 2.181087
1.2884565 1.8072053 2.181091
1.2884567 1.8072058 2.1810945
1.2884568 1.8072064 2.1810972
1.288457 1.8072068 2.1810992
1.288457 1.8072071 2.1811005
1.2884571 1.8072072 2.1811012
5.5749471 1.2175412 2.5318618
5.5749471 1.2175405 2.5318608
5.5749471 1.2175397 2.5318596
5.5749471 1.2175387 2.531858
5.5749472 1.2175376 2.5318562
5.5749473 1.2175365 2.531854
5.5749476 1.2175353 2.5318517
5.5749478 1.2175342 2.5318493
5.5749481 1.2175332 2.5318469
5.5749484 1.2175324 2.5318444
5.5749487 1.2175318 2.531842
5.5749489 1.2175312 2.5318397
5.574949 1.2175307 2.5318377
5.574949 1.2175303 2.5318359
2.4053564 1.6991149 3.6916741
2.4053565 1.6991146 3.6916702
2.4053567 1.6991145 3.6916663
2.4053572 1.6991147 3.6916625
2.4053577 1.6991152 3.6916587
2.4053585 1.6991158 3.6916553
2.4053595 1.6991165 3.6916522
2.4053607 1.6991173 3.6916494
2.4053623 1.6991182 3.691647
3.7784455 1.0425343 2.2864087
3.7784442 1.0425316 2.2864091
3.7784426 1.0425286 2.2864097
3.7784406 1.0425254 2.2864103
3.7784382 1.0425221 2.2864111
3.7784355 1.0425188 2.2864121
3.7784326 1.0425157 2.2864132
3.7784295 1.0425128 2.2864143
3.7784265 1.04251 2.2864153
3.7784235 1.0425075 2.2864161
3.7784206 1.0425053 2.2864168
3.778418 1.0425033 2.2864174
3.7784158 1.0425017 2.2864179
3.7784139 1.0425004 2.2864183
3.7784125 1.0424995 2.2864186
3.7784117 1.042499 2.2864187
4.508204 0.76688883 1.9584842
4.5082037 0.76688852 1.9584842
4.508203 0.76688793 1.9584843
4.5082019 0.76688715 1.9584846
4.5082006 0.76688621 1.958485
4.5081991 0.76688516 1.9584856
4.5081974 0.76688414 1.9584863
4.5081958 0.76688318 1.958487
0 0 0
3.1216615 1.0356543 5.8864393
3.1216593 1.0356538 5.8864396
3.1216567 1.0356529 5.88644
3.1216538 1.0356519 5.8864405
3.1216505 1.0356505 5.886441
3.121647 1.0356489 5.8864414
3.1216433 1.0356467 5.8864416
3.1216395 1.0356443 5.8864415
3.1216354 1.0356414 5.8864412
3.1216311 1.0356383 5.8864405
3.1216267 1.035635 5.8864397
3.121622 1.0356314 5.8864386
3.121617 1.0356275 5.8864375
3.1216118 1.0356234 5.8864364
3.1216065 1.0356191 5.8864353
3.1216012 1.0356148 5.8864343
3.1215958 1.0356105 5.8864334
3.1215907 1.0356064 5.8864324
3.1215857 1.0356025 5.8864314
3.1215811 1.0355988 5.8864304
3.1215767 1.0355954 5.8864295
3.1215726 1.0355922 5.8864285
3.121569 1.0355892 5.8864276
3.1215657 1.0355866 5.8864268
3.1215629 1.0355844 5.886426
3.1215606 1.0355825 5.8864254
3.1215588 1.0355811 5.8864249
1.1438703 0.6232939 1.5504847
1.1438684 0.62329339 1.5504857
1.1438645 0.62329243 1.5504878
1.1438587 0.62329102 1.5504911
1.143851 0.62328918 1.5504957
1.1438414 0.62328703 1.5505015
1.1438299 0.62328461 1.5505088
1.1438168 0.62328193 1.5505173
1.1438023 0.62327905 1.5505268
1.1437864 0.62327608 1.5505374
1.1437694 0.62327319 1.5505489
1.1437514 0.62327046 1.5505612
1.1437328 0.62326796 1.5505741
1.1437138 0.62326573 1.5505873
1.143695 0.62326375 1.5506006
1.1436767 0.62326199 1.5506136
1.1436591 0.62326034 1.5506263
1.1436426 0.62325882 1.5506383
1.1436274 0.62325741 1.5506495
1.1436136 0.62325608 1.5506598
1.1436015 0.62325483 1.5506688
1.1435913 0.62325369 1.5506766
1.1435831 0.62325268 1.5506828
1.1435771 0.62325184 1.5506873
1.1621883 1.3228559 3.009586
1.1621896 1.3228578 3.0095856
1.1621911 1.3228601 3.0095849
1.162193 1.3228625 3.0095842
1.1621952 1.3228651 3.0095835
1.1621976 1.3228676 3.0095828
1.1622 1.32287 3.0095822
1.1622025 1.3228723 3.0095818
1.1622048 1.3228745 3.0095815
1.1622068 1.3228766 3.0095812
1.1622086 1.3228786 3.009581
1.1622102 1.3228804 3.0095809
1.2884568 1.8071983 2.1810384
1.288457 1.8071984 2.1810417
1.2884573 1.8071986 2.1810456
1.2884575 1.8071988 2.1810501
1.2884579 1.8071992 2.1810549
1.2884584 1.8071997 2.1810602
1.2884589 1.8072003 2.1810657
1.2884595 1.807201 2.1810713
1.28846 1.8072016 2.1810768
1.2884605 1.8072023 2.181082
1.2884608 1.8072029 2.1810867
1.2884611 1.8072035 2.1810909
1.2884613 1.807204 2.1810944
1.2884615 1.8072045 2.1810972
1.2884616 1.8072049 2.1810992
1.2884616 1.8072052 2.1811006
1.2884617 1.8072054 2.1811012
4.031467 1.8725939 2.455826
5.5749471 1.21754 2.5318606
5.5749472 1.217539 2.5318594
5.5749472 1.217538 2.5318578
5.5749473 1.2175369 2.5318559
5.5749476 1.2175357 2.5318538
5.5749478 1.2175346 2.5318514
5.5749482 1.2175335 2.531849
5.5749485 1.2175325 2.5318466
5.5749488 1.2175317 2.5318442
5.5749491 1.2175311 2.5318419
5.5749494 1.2175305 2.5318396
5.5749495 1.2175301 2.5318376
2.4053538 1.6991163 3.6916792
2.4053539 1.6991158 3.6916754
2.4053541 1.6991155 3.6916716
2.4053544 1.6991155 3.6916677
2.4053549 1.6991157 3.6916638
2.4053556 1.6991162 3.6916601
2.4053564 1.6991169 3.6916567
2.4053576 1.6991177 3.6916535
2.405359 1.6991186 3.6916507
2.4053606 1.6991196 3.6916482
2.4053624 1.6991206 3.691646
0 0 0
3.7784454 1.0425267 2.2864074
3.7784435 1.0425235 2.286408
3.7784411 1.0425203 2.2864088
3.7784384 1.042517 2.2864098
3.7784354 1.0425139 2.2864109
3.7784323 1.0425109 2.286412
3.7784293 1.0425082 2.286413
3.7784263 1.0425056 2.2864138
3.7784233 1.0425034 2.2864146
3.7784207 1.0425015 2.2864152
3.7784184 1.0424998 2.2864157
3.7784165 1.0424985 2.2864161
3.7784151 1.0424976 2.2864164
3.7784143 1.0424971 2.2864165
4.5081993 0.76688861 1.9584872
4.508199 0.76688829 1.9584872
4.5081983 0.7668877 1.9584873
4.5081973 0.76688691 1.9584875
4.5081959 0.76688597 1.958488
4.5081942 0.76688494 1.9584887
4.5081925 0.76688394 1.9584895
4.5081907 0.766883 1.9584904
4.508189 0.76688214 1.9584913
4.5081875 0.76688138 1.9584921
0 0 0
3.1216565 1.0356552 5.8864372
3.1216537 1.0356541 5.8864376
3.1216505 1.0356527 5.8864379
3.1216472 1.035651 5.8864382
3.1216437 1.0356488 5.8864383
3.12164 1.0356463 5.8864382
3.1216361 1.0356434 5.8864378
3.121632 1.0356403 5.8864372
3.1216278 1.0356369 5.8864363
3.1216233 1.0356333 5.8864353
3.1216185 1.0356294 5.8864342
3.1216135 1.0356253 5.8864332
3.1216083 1.035621 5.8864322
3.121603 1.0356167 5.8864312
3.1215977 1.0356125 5.8864303
3.1215926 1.0356084 5.8864295
3.1215876 1.0356045 5.8864286
3.1215829 1.0356008 5.8864277
3.1215786 1.0355974 5.8864269
3.1215745 1.0355942 5.8864261
3.1215708 1.0355913 5.8864253
3.1215674 1.0355887 5.8864246
3.1215645 1.0355864 5.886424
3.1215622 1.0355846 5.8864235
3.1215604 1.0355832 5.8864231
1.1438708 0.62329628 1.5504862
1.1438689 0.62329576 1.5504872
1.1438652 0.62329478 1.5504892
1.1438594 0.62329331 1.5504924
1.1438517 0.62329144 1.550497
1.143842 0.62328925 1.5505028
1.1438305 0.62328677 1.55051
1.1438174 0.62328405 1.5505185
1.1438028 0.62328115 1.5505281
1.1437869 0.62327821 1.5505387
1.1437697 0.62327537 1.5505503
1.1437516 0.62327274 1.5505627
1.1437327 0.62327037 1.5505758
1.1437137 0.62326829 1.5505892
1.1436947 0.62326642 1.5506026
1.1436762 0.62326474 1.5506159
1.1436584 0.62326316 1.5506288
1.1436417 0.62326172 1.5506409
1.1436263 0.62326035 1.5506523
1.1436124 0.62325904 1.5506626
1.1436002 0.62325777 1.5506718
1.14359 0.62325656 1.5506795
1.1435818 0.6232555 1.5506856
1.1621881 1.3228546 3.0095863
1.162189 1.3228561 3.009586
1.1621902 1.3228579 3.0095856
1.1621917 1.3228602 3.0095851
1.1621936 1.3228627 3.0095844
1.1621956 1.3228653 3.0095837
1.162198 1.3228679 3.0095831
1.1622004 1.3228704 3.0095826
1.1622028 1.3228728 3.0095822
1.162205 1.322875 3.0095819
1.162207 1.3228771 3.0095817
1.1622088 1.3228791 3.0095815
1.1622104 1.3228809 3.0095813
1.1622116 1.3228827 3.0095812
0 0 0
1.2884602 1.8071969 2.1810453
1.2884605 1.8071971 2.1810498
1.288461 1.8071975 2.1810546
1.2884616 1.807198 2.1810599
1.2884623 1.8071987 2.1810654
1.2884629 1.8071994 2.181071
1.2884636 1.8072001 2.1810765
1.2884641 1.8072008 2.1810817
1.2884646 1.8072014 2.1810865
1.2884649 1.807202 2.1810907
1.2884651 1.8072026 2.1810943
1.2884653 1.8072031 2.1810971
0 0 0
0 0 0
0 0 0
4.0314669 1.872593 2.4558267
4.0314664 1.8725928 2.4558272
4.0314658 1.8725925 2.4558278
5.5749473 1.2175375 2.5318577
5.5749475 1.2175364 2.5318558
5.5749477 1.2175352 2.5318536
5.574948 1.2175341 2.5318512
5.5749484 1.217533 2.5318488
5.5749488 1.217532 2.5318464
5.5749491 1.2175312 2.5318441
5.5749494 1.2175306 2.5318418
2.4053511 1.6991188 3.691688
2.4053509 1.699118 3.6916845
2.4053508 1.6991174 3.6916808
2.4053508 1.6991169 3.6916771
2.405351 1.6991167 3.6916732
2.4053514 1.6991167 3.6916693
2.4053521 1.6991169 3.6916655
2.4053529 1.6991175 3.6916618
2.4053539 1.6991183 3.6916583
2.4053552 1.6991192 3.6916551
2.4053567 1.6991202 3.6916522
2.4053585 1.6991213 3.6916496
2.4053605 1.6991224 3.6916475
2.4053626 1.6991233 3.6916456
2.4053648 1.6991241 3.6916443
2.4053671 1.6991246 3.6916434
3.7784425 1.0425193 2.2864076
3.7784398 1.0425161 2.2864086
3.7784368 1.042513 2.2864098
3.7784337 1.04251 2.2864109
3.7784307 1.0425072 2.2864118
3.7784276 1.0425047 2.2864127
3.7784247 1.0425025 2.2864135
3.778422 1.0425005 2.2864141
3.7784197 1.0424989 2.2864146
3.7784178 1.0424976 2.286415
3.7784164 1.0424966 2.2864153
3.7784156 1.0424962 2.2864154
4.5081939 0.76688857 1.9584905
4.5081936 0.76688825 1.9584905
4.5081929 0.76688764 1.9584906
4.5081917 0.76688684 1.958491
4.5081903 0.7668859 1.9584916
4.5081885 0.76688488 1.9584924
4.5081867 0.76688388 1.9584934
4.5081848 0.76688294 1.9584944
4.508183 0.76688208 1.9584955
4.5081813 0.76688132 1.9584964
4.5081799 0.76688067 1.9584972
3.1216564 1.0356573 5.8864345
3.1216537 1.0356562 5.8864347
3.1216507 1.0356547 5.886435
3.1216475 1.0356529 5.8864352
3.1216442 1.0356508 5.8864351
3.1216406 1.0356483 5.8864349
3.121637 1.0356454 5.8864344
3.1216331 1.0356422 5.8864337
3.121629 1.0356388 5.8864329
3.1216247 1.0356352 5.8864318
3.1216201 1.0356313 5.8864308
3.1216152 1.0356271 5.8864298
3.1216102 1.0356228 5.8864288
3.121605 1.0356185 5.886428
3.1215998 1.0356143 5.8864271
3.1215946 1.0356102 5.8864263
3.1215897 1.0356064 5.8864256
3.121585 1.0356027 5.8864248
3.1215806 1.0355993 5.8864241
3.1215765 1.0355961 5.8864235
3.1215727 1.0355932 5.8864229
3.1215693 1.0355906 5.8864223
3.1215664 1.0355884 5.8864219
3.121564 1.0355866 5.8864215
3.1215623 1.0355852 5.8864212
1.1438711 0.62329801 1.5504873
1.1438693 0.62329747 1.5504881
1.1438656 0.62329644 1.55049
1.1438599 0.62329496 1.5504932
1.1438521 0.62329306 1.5504978
1.1438424 0.62329083 1.5505036
1.1438309 0.62328829 1.5505109
1.1438177 0.62328551 1.5505194
1.1438031 0.62328258 1.550529
1.143787 0.62327967 1.5505397
1.1437699 0.6232769 1.5505513
1.1437516 0.62327434 1.5505638
1.1437327 0.62327205 1.5505769
1.1437135 0.62327005 1.5505905
1.1436944 0.62326825 1.5506041
1.1436758 0.62326661 1.5506175
1.1436579 0.62326509 1.5506304
1.1436411 0.6232637 1.5506427
1.1436256 0.62326238 1.5506542
1.1436117 0.62326107 1.5506646
1.1435994 0.62325976 1.5506738
1.1435891 0.62325851 1.5506815
1.1621885 1.3228537 3.0095864
1.162189 1.3228548 3.0095863
1.1621898 1.3228563 3.0095861
1.162191 1.3228582 3.0095857
1.1621925 1.3228604 3.0095853
1.1621942 1.3228629 3.0095847
1.1621963 1.3228656 3.0095841
1.1621985 1.3228682 3.0095835
1.1622009 1.3228708 3.0095831
1.1622032 1.3228732 3.0095827
1.1622053 1.3228756 3.0095825
1.1622073 1.3228777 3.0095823
1.1622091 1.3228797 3.0095821
1.1622106 1.3228817 3.0095819
1.1622118 1.3228835 3.0095818
1.1622128 1.322885 3.0095817
1.2884624 1.8071956 2.1810452
1.2884628 1.8071958 2.1810496
1.2884633 1.8071962 2.1810545
1.288464 1.8071968 2.1810597
1.2884648 1.8071975 2.1810652
1.2884655 1.8071982 2.1810708
1.2884663 1.807199 2.1810763
1.2884669 1.8071997 2.1810815
1.2884674 1.8072003 2.1810863
1.2884678 1.807201 2.1810906
1.288468 1.8072015 2.1810942
1.2884682 1.807202 2.181097
0 0 0
4.0314672 1.8725916 2.4558273
4.0314669 1.8725915 2.4558276
4.0314665 1.8725914 2.455828
4.0314661 1.8725912 2.4558286
4.0314655 1.8725909 2.4558292
4.0314649 1.8725905 2.45583
5.5749475 1.2175361 2.5318557
5.5749478 1.2175349 2.5318535
5.5749481 1.2175338 2.5318511
5.5749485 1.2175327 2.5318486
2.4053482 1.6991219 3.6916979
2.405348 1.6991213 3.6916957
2.4053478 1.6991206 3.691693
2.4053475 1.6991199 3.6916898
2.4053473 1.6991192 3.6916864
2.4053471 1.6991187 3.6916827
2.4053472 1.6991183 3.6916789
2.4053474 1.6991181 3.691675
2.4053479 1.6991182 3.6916711
2.4053487 1.6991185 3.6916673
2.4053497 1.6991192 3.6916637
2.4053509 1.6991201 3.6916602
2.4053523 1.6991211 3.691657
2.4053541 1.6991222 3.6916541
2.405356 1.6991233 3.6916515
2.4053582 1.6991245 3.6916493
2.4053604 1.6991254 3.6916474
2.4053628 1.6991261 3.691646
2.4053653 1.6991267 3.6916451
2.4053678 1.699127 3.6916445
2.4053703 1.6991272 3.6916443
2.4053726 1.6991272 3.6916443
2.4053747 1.6991272 3.6916445
2.4053767 1.699127 3.6916447
2.4053785 1.6991269 3.691645
2.4053801 1.6991268 3.6916453
2.4053814 1.6991267 3.6916457
2.4053825 1.6991267 3.6916461
2.4053833 1.6991267 3.6916464
2.4053837 1.6991266 3.6916466
0 0 0
4.5081876 0.76688871 1.9584942
4.5081872 0.76688841 1.9584943
4.5081865 0.76688782 1.9584945
4.5081853 0.76688702 1.958495
4.5081838 0.76688608 1.9584957
4.508182 0.76688507 1.9584966
4.50818 0.76688405 1.9584978
4.508178 0.76688309 1.958499
4.5081761 0.76688221 1.9585002
4.5081744 0.76688143 1.9585012
4.5081729 0.76688078 1.9585021
4.5081718 0.76688029 1.9585026
3.1216538 1.0356581 5.8864321
3.1216509 1.0356566 5.8864322
3.1216478 1.0356548 5.8864323
3.1216447 1.0356526 5.8864321
3.1216413 1.0356501 5.8864317
3.1216378 1.0356472 5.8864312
3.1216342 1.0356441 5.8864304
3.1216303 1.0356406 5.8864295
3.1216262 1.0356369 5.8864284
3.1216218 1.035633 5.8864274
3.1216171 1.0356289 5.8864264
3.1216121 1.0356246 5.8864255
3.1216071 1.0356203 5.8864246
3.121602 1.0356161 5.8864238
3.1215969 1.0356121 5.8864231
3.121592 1.0356082 5.8864225
3.1215872 1.0356045 5.8864219
3.1215827 1.0356011 5.8864214
3.1215786 1.0355979 5.886421
3.1215748 1.0355951 5.8864205
3.1215714 1.0355925 5.88642
3.1215684 1.0355904 5.8864197
1.8268026 2.3726182 4.3182092
1.8268048 2.372619 4.3182103
1.1438713 0.62329894 1.5504878
1.1438695 0.62329838 1.5504886
1.1438658 0.62329733 1.5504904
1.1438601 0.62329581 1.5504935
1.1438523 0.62329391 1.5504981
1.1438426 0.62329167 1.550504
1.1438311 0.6232891 1.5505112
1.1438179 0.62328627 1.5505198
1.1438032 0.62328332 1.5505295
1.1437871 0.6232804 1.5505402
1.1437699 0.62327767 1.5505519
1.1437516 0.62327516 1.5505644
1.795443 1.3047154 3.8785678
1.1437134 0.62327097 1.5505912
1.1436943 0.62326919 1.5506048
1.1436757 0.62326757 1.5506182
1.1436577 0.62326607 1.5506313
1.1436408 0.6232647 1.5506437
1.1436253 0.6232634 1.5506552
1.1436113 0.62326207 1.5506657
1.143599 0.62326072 1.5506748
0 0 0
1.1621895 1.322854 3.0095864
1.16219 1.322855 3.0095863
1.1621907 1.3228565 3.0095861
1.1621919 1.3228584 3.0095859
1.1621933 1.3228607 3.0095855
1.1621951 1.3228632 3.009585
1.162197 1.3228658 3.0095845
1.1621992 1.3228685 3.009584
1.1622014 1.3228712 3.0095837
1.1622036 1.3228737 3.0095834
1.1622057 1.3228761 3.0095832
1.1622076 1.3228784 3.009583
1.1622093 1.3228805 3.0095828
1.1622108 1.3228825 3.0095827
1.162212 1.3228844 3.0095826
1.1622128 1.322886 3.0095825
1.1622134 1.3228873 3.0095824
1.2884643 1.807195 2.1810495
1.2884649 1.8071953 2.1810544
1.2884656 1.8071959 2.1810596
1.2884664 1.8071967 2.1810651
0 0 0
0 0 0
1.2884688 1.807199 2.1810813
1.2884693 1.8071996 2.1810862
1.2884697 1.8072003 2.1810904
1.28847 1.8072008 2.181094
1.2884701 1.8072013 2.1810969
4.031467 1.8725892 2.455829
4.0314668 1.8725892 2.4558292
4.0314665 1.8725891 2.4558296
4.0314661 1.872589 2.4558301
4.0314656 1.8725889 2.4558306
4.0314651 1.8725886 2.4558313
4.0314645 1.8725882 2.455832
4.0314639 1.8725878 2.4558328
2.4053444 1.6991241 3.6917035
2.4053443 1.6991239 3.6917029
2.4053441 1.6991236 3.6917017
2.4053439 1.6991231 3.6917
2.4053437 1.6991225 3.6916978
2.4053435 1.6991218 3.6916951
2.4053433 1.6991212 3.6916919
2.4053431 1.6991206 3.6916885
2.405343 1.6991201 3.6916848
2.4053431 1.6991199 3.6916809
2.4053434 1.6991198 3.6916771
2.4053439 1.69912 3.6916733
2.4053448 1.6991204 3.6916695
2.405346 1.6991211 3.6916659
2.4053474 1.6991221 3.6916625
2.4053491 1.6991232 3.6916594
2.405351 1.6991244 3.6916565
2.4053532 1.6991256 3.6916539
2.4053555 1.6991267 3.6916517
2.405358 1.6991277 3.6916497
2.4053606 1.6991284 3.6916482
2.4053632 1.6991289 3.6916471
2.4053659 1.6991292 3.6916465
2.4053684 1.6991294 3.6916461
2.4053708 1.6991293 3.691646
2.405373 1.6991292 3.6916461
2.4053751 1.699129 3.6916462
2.4053769 1.6991289 3.6916464
2.4053786 1.6991287 3.6916466
2.40538 1.6991286 3.6916469
2.4053811 1.6991286 3.6916472
2.405382 1.6991286 3.6916475
2.4053825 1.6991286 3.6916477
2.4053827 1.6991286 3.6916479
4.5081805 0.76688906 1.9584986
4.5081801 0.76688876 1.9584988
4.5081793 0.76688819 1.9584991
4.508178 0.7668874 1.9584997
4.5081765 0.76688646 1.9585004
4.5081746 0.76688546 1.9585015
4.5081726 0.76688444 1.9585027
4.5081706 0.76688347 1.958504
4.5081686 0.76688259 1.9585053
4.5081669 0.76688182 1.9585065
4.5081654 0.76688116 1.9585074
4.5081642 0.76688066 1.958508
4.5081635 0.76688032 1.9585085
3.1216512 1.0356584 5.8864297
3.1216482 1.0356566 5.8864296
3.1216452 1.0356544 5.8864293
3.1216421 1.0356519 5.8864288
3.1216388 1.035649 5.8864281
3.1216354 1.0356459 5.8864272
3.1216317 1.0356424 5.8864262
3.1216277 1.0356387 5.8864252
3.1216234 1.0356347 5.8864241
3.1216189 1.0356306 5.8864231
3.1216141 1.0356264 5.8864221
3.1216092 1.0356222 5.8864213
3.1216042 1.035618 5.8864206
3.1215992 1.0356139 5.88642
3.1215942 1.03561 5.8864195
3.1215894 1.0356063 5.8864191
3.1215849 1.0356029 5.8864188
3.1215807 1.0355998 5.8864185
3.1215769 1.0355969 5.8864181
1.8267987 2.3726172 4.3182066
1.8268008 2.372618 4.3182078
1.826803 2.3726188 4.318209
1.8268052 2.3726197 4.3182102
1.8268073 2.3726205 4.3182112
1.7954378 1.304741 3.8785661
1.7954379 1.3047405 3.8785661
1.7954383 1.3047395 3.8785659
1.7954386 1.3047381 3.8785658
1.7954391 1.3047363 3.8785658
1.7954396 1.3047342 3.8785659
1.7954401 1.3047317 3.878566
1.7954406 1.3047289 3.8785662
1.7954411 1.3047258 3.8785665
1.7954417 1.3047225 3.8785668
1.7954424 1.304719 3.8785672
1.7954432 1.3047155 3.8785675
1.7954444 1.3047119 3.8785676
1.7954457 1.3047085 3.8785677
1.7954471 1.3047051 3.8785677
0 0 0
0 0 0
1.7954519 1.3046961 3.8785671
1.7954535 1.3046934 3.8785669
1.7954549 1.304691 3.8785666
1.1621903 1.3228538 3.0095864
1.1621905 1.3228543 3.0095864
1.162191 1.3228553 3.0095864
1.1621917 1.3228568 3.0095863
1.1621928 1.3228587 3.0095861
1.1621942 1.322861 3.0095858
1.1621959 1.3228635 3.0095854
1.1621978 1.3228661 3.009585
1.1621999 1.3228688 3.0095847
1.1622019 1.3228715 3.0095844
1.162204 1.3228741 3.0095842
1.1622059 1.3228766 3.0095841
1.1622078 1.322879 3.0095839
1.1622095 1.3228812 3.0095838
1.1622109 1.3228833 3.0095836
1.162212 1.3228853 3.0095835
1.1622128 1.322887 3.0095834
1.1622133 1.3228883 3.0095833
1.1622136 1.3228891 3.0095832
1.2884656 1.807195 2.1810544
1.2884664 1.8071956 2.1810596
1.2884673 1.8071963 2.181065
4.6821764 1.4064963 2.8324888
4.6821752 1.4064987 2.8324881
4.6821742 1.406501 2.8324875
4.6821733 1.4065029 2.832487
4.6821726 1.4065045 2.8324864
4.6821721 1.4065056 2.832486
4.0314666 1.8725859 2.4558314
4.0314665 1.8725859 2.4558315
4.0314662 1.8725859 2.4558318
4.0314659 1.8725859 2.4558322
4.0314655 1.8725859 2.4558327
4.031465 1.8725857 2.4558333
4.0314644 1.8725855 2.455834
4.0314638 1.8725852 2.4558346
4.0314631 1.8725848 2.4558353
2.4053396 1.6991251 3.6917057
2.4053395 1.699125 3.6917051
2.4053393 1.6991247 3.6917039
2.4053391 1.6991242 3.6917023
2.4053389 1.6991236 3.6917001
2.4053387 1.699123 3.6916974
2.4053386 1.6991225 3.6916942
2.4053385 1.699122 3.6916907
2.4053384 1.6991217 3.691687
2.4053386 1.6991215 3.6916832
2.4053389 1.6991216 3.6916794
2.4053395 1.6991219 3.6916756
2.4053405 1.6991225 3.6916719
2.4053419 1.6991233 3.6916684
2.4053435 1.6991244 3.6916652
2.4053454 1.6991255 3.6916621
2.4053476 1.6991267 3.6916593
2.40535 1.699128 3.6916567
2.4053526 1.6991291 3.6916544
2.4053553 1.6991301 3.6916524
2.405358 1.6991308 3.6916508
2.4053608 1.6991313 3.6916495
2.4053636 1.6991316 3.6916487
2.4053663 1.6991317 3.6916482
2.4053688 1.6991316 3.691648
2.4053712 1.6991314 3.6916478
2.4053733 1.6991312 3.6916478
2.4053752 1.6991311 3.6916479
2.405377 1.6991309 3.691648
2.4053784 1.6991308 3.6916482
2.4053796 1.6991308 3.6916485
2.4053805 1.6991308 3.6916487
2.405381 1.6991308 3.6916489
2.4053813 1.6991308 3.691649
4.5081724 0.76688959 1.9585038
4.5081719 0.76688931 1.958504
4.5081711 0.76688877 1.9585044
4.5081699 0.76688801 1.9585049
4.5081684 0.76688709 1.9585057
4.5081665 0.76688609 1.9585068
4.5081645 0.76688507 1.9585081
4.5081624 0.76688412 1.9585095
4.5081605 0.76688327 1.9585109
4.5081587 0.76688251 1.9585122
4.5081572 0.76688187 1.9585133
4.508156 0.76688133 1.958514
4.5081552 0.76688097 1.9585145
3.1216515 1.0356601 5.8864275
3.1216488 1.0356582 5.8864272
3.1216459 1.0356561 5.8864268
3.1216429 1.0356536 5.8864261
3.1216399 1.0356507 5.8864253
3.1216367 1.0356476 5.8864243
3.1216331 1.0356441 5.8864233
3.1216293 1.0356403 5.8864222
3.1216251 1.0356364 5.886421
3.1216207 1.0356323 5.88642
3.1216161 1.0356281 5.8864191
3.1216113 1.0356239 5.8864182
3.1216063 1.0356198 5.8864176
3.1216013 1.0356157 5.8864171
3.1215964 1.0356118 5.8864167
3.1215916 1.0356081 5.8864164
3.1215871 1.0356046 5.8864162
0 0 0
0 0 0
1.8267995 2.3726184 4.3182063
1.8268015 2.3726192 4.3182074
1.8268037 2.37262 4.3182087
1.8268059 2.3726209 4.3182098
1.826808 2.3726217 4.3182108
1.7954377 1.304741 3.8785653
1.7954379 1.3047405 3.8785652
1.7954382 1.3047395 3.8785651
1.7954386 1.304738 3.878565
1.7954391 1.3047363 3.878565
1.7954397 1.3047341 3.8785651
1.7954402 1.3047316 3.8785652
1.7954408 1.3047289 3.8785655
1.7954413 1.3047258 3.8785658
1.795442 1.3047225 3.8785662
1.7954427 1.3047191 3.8785665
1.7954436 1.3047155 3.8785667
1.7954447 1.304712 3.8785669
1.795446 1.3047085 3.878567
1.7954474 1.3047051 3.878567
1.7954489 1.3047019 3.8785669
1.7954505 1.3046989 3.8785667
1.7954522 1.3046961 3.8785665
1.7954537 1.3046934 3.8785663
1.7954552 1.3046909 3.878566
1.7954565 1.3046888 3.8785657
1.1621916 1.3228548 3.0095866
1.162192 1.3228557 3.0095866
1.1621928 1.3228571 3.0095866
1.1621938 1.322859 3.0095864
1.1621952 1.3228613 3.0095862
1.1621968 1.3228637 3.0095859
1.1621987 1.3228664 3.0095856
1.1622006 1.3228691 3.0095854
1.1622025 1.3228718 3.0095852
1.1622044 1.3228745 3.0095851
1.1622062 1.3228771 3.009585
1.162208 1.3228795 3.0095849
1.1622095 1.3228818 3.0095847
1.1622108 1.322884 3.0095846
1.1622118 1.3228861 3.0095844
1.1622125 1.3228878 3.0095844
1.162213 1.3228891 3.0095843
1.1622133 1.32289 3.0095843
1.1622134 1.3228904 3.0095842
4.6821792 1.4064911 2.8324897
4.6821777 1.4064935 2.8324893
4.6821763 1.4064959 2.8324888
4.6821751 1.4064982 2.8324882
4.682174 1.4065005 2.8324876
4.6821731 1.4065024 2.8324871
4.6821725 1.406504 2.8324866
4.682172 1.4065051 2.8324862
4.6821718 1.4065057 2.8324859
4.0314657 1.8725819 2.4558346
4.0314655 1.8725819 2.4558349
4.0314651 1.872582 2.4558353
4.0314647 1.872582 2.4558359
4.0314642 1.8725819 2.4558365
4.0314636 1.8725817 2.4558372
4.0314629 1.8725814 2.4558378
4.0314622 1.872581 2.4558385
4.0314614 1.8725806 2.4558392
2.4053343 1.6991259 3.6917073
2.4053341 1.6991256 3.6917062
2.4053339 1.6991251 3.6917046
2.4053337 1.6991246 3.6917024
2.4053335 1.6991242 3.6916997
2.4053335 1.6991237 3.6916966
2.4053334 1.6991234 3.6916931
2.4053335 1.6991232 3.6916895
2.4053337 1.6991233 3.6916857
2.4053341 1.6991235 3.691682
2.4053349 1.699124 3.6916782
2.405336 1.6991247 3.6916746
2.4053375 1.6991257 3.6916712
2.4053393 1.6991268 3.6916681
2.4053415 1.699128 3.6916651
2.405344 1.6991292 3.6916624
2.4053466 1.6991305 3.6916598
2.4053494 1.6991317 3.6916575
2.4053523 1.6991326 3.6916554
2.4053553 1.6991333 3.6916536
2.4053582 1.6991338 3.6916521
2.4053612 1.699134 3.6916511
2.405364 1.699134 3.6916504
2.4053667 1.6991339 3.69165
2.4053691 1.6991337 3.6916497
2.4053713 1.6991335 3.6916495
2.4053734 1.6991334 3.6916495
2.4053752 1.6991332 3.6916495
2.4053767 1.6991331 3.6916496
2.405378 1.6991331 3.6916498
2.4053789 1.6991332 3.69165
2.4053795 1.6991333 3.6916502
2.4053797 1.6991333 3.6916503
4.5081632 0.76689027 1.9585099
4.5081628 0.76689001 1.95851
4.5081621 0.7668895 1.9585104
4.508161 0.76688881 1.9585109
4.5081595 0.76688795 1.9585117
4.5081577 0.76688698 1.9585128
4.5081557 0.76688599 1.9585142
4.5081536 0.7668851 1.9585156
4.5081517 0.76688429 1.9585171
4.5081499 0.76688355 1.9585185
4.5081484 0.7668829 1.9585197
4.5081472 0.76688234 1.9585205
4.5081464 0.76688196 1.958521
4.508146 0.7668818 1.9585213
0 0 0
3.1216467 1.0356577 5.8864245
3.1216439 1.0356552 5.8864238
3.1216411 1.0356523 5.8864228
3.121638 1.0356492 5.8864218
3.1216346 1.0356457 5.8864207
3.1216308 1.035642 5.8864195
3.1216268 1.0356381 5.8864184
3.1216225 1.035634 5.8864173
3.121618 1.0356299 5.8864163
3.1216133 1.0356257 5.8864155
3.1216083 1.0356216 5.8864149
3.1216034 1.0356175 5.8864144
3.1215985 1.0356135 5.8864141
3.1215937 1.0356097 5.8864139
3.1215891 1.0356063 5.8864139
1.8267971 2.3726184 4.3182041
1.8267988 2.3726193 4.3182049
1.8268006 2.3726201 4.3182059
1.8268027 2.372621 4.3182071
1.8268049 2.3726218 4.3182083
1.8268071 2.3726227 4.3182093
1.8268091 2.3726235 4.3182103
1.7954377 1.3047408 3.8785641
1.7954378 1.3047403 3.878564
1.7954382 1.3047393 3.8785639
1.7954387 1.3047379 3.8785639
1.7954393 1.3047361 3.8785639
1.7954399 1.304734 3.8785639
1.7954405 1.3047315 3.8785641
1.7954411 1.3047288 3.8785644
1.7954417 1.3047257 3.8785648
1.7954425 1.3047225 3.8785651
1.7954433 1.3047191 3.8785654
1.7954442 1.3047156 3.8785657
1.7954453 1.304712 3.8785658
1.7954465 1.3047085 3.8785659
1.7954479 1.3047052 3.8785659
1.7954494 1.304702 3.8785659
1.7954509 1.304699 3.8785658
1.7954525 1.3046961 3.8785656
1.7954541 1.3046934 3.8785654
1.7954556 1.3046909 3.8785652
1.7954569 1.3046887 3.878565
1.1621927 1.3228553 3.0095869
1.1621931 1.3228563 3.0095869
1.1621938 1.3228576 3.0095869
1.1621948 1.3228595 3.0095868
1.1621961 1.3228616 3.0095867
1.1621977 1.3228641 3.0095865
1.1621994 1.3228667 3.0095863
1.1622013 1.3228694 3.0095861
1.162203 1.3228721 3.0095861
1.1622048 1.3228748 3.0095861
1.1622065 1.3228774 3.009586
1.1622081 1.3228799 3.0095859
1.1622095 1.3228823 3.0095858
1.1622106 1.3228846 3.0095856
1.1622115 1.3228867 3.0095855
1.1622121 1.3228884 3.0095855
1.1622125 1.3228898 3.0095854
1.1622128 1.3228907 3.0095854
0 0 0
4.682179 1.4064902 2.8324897
4.6821775 1.4064926 2.8324893
4.6821761 1.406495 2.8324888
4.6821749 1.4064974 2.8324883
4.6821738 1.4064996 2.8324878
4.6821729 1.4065015 2.8324873
4.6821722 1.406503 2.8324868
4.6821718 1.4065042 2.8324865
4.6821716 1.4065048 2.8324863
4.0314647 1.8725771 2.4558381
4.0314645 1.8725772 2.4558385
4.0314641 1.8725773 2.4558389
4.0314637 1.8725773 2.4558396
4.0314632 1.8725773 2.4558402
4.0314625 1.8725771 2.4558409
4.0314617 1.8725769 2.4558415
4.031461 1.8725765 2.4558421
4.0314602 1.8725761 2.4558428
2.4053287 1.6991266 3.6917095
2.4053286 1.6991263 3.6917084
2.4053284 1.6991259 3.6917068
2.4053282 1.6991256 3.6917047
2.4053281 1.6991252 3.6917021
2.4053281 1.6991249 3.691699
2.4053282 1.6991248 3.6916956
2.4053283 1.6991248 3.6916921
2.4053286 1.699125 3.6916884
2.4053292 1.6991254 3.6916847
2.40533 1.6991261 3.6916811
2.4053313 1.699127 3.6916776
2.4053329 1.699128 3.6916743
2.405335 1.6991292 3.6916713
2.4053374 1.6991305 3.6916684
2.4053401 1.6991318 3.6916657
2.405343 1.6991331 3.6916631
2.4053461 1.6991342 3.6916607
2.4053492 1.6991352 3.6916584
2.4053523 1.6991359 3.6916565
2.4053555 1.6991363 3.6916549
2.4053585 1.6991365 3.6916537
2.4053615 1.6991365 3.6916528
2.4053643 1.6991363 3.6916521
2.4053669 1.6991361 3.6916516
2.4053692 1.6991359 3.6916513
2.4053713 1.6991357 3.6916511
2.4053733 1.6991355 3.691651
2.4053749 1.6991355 3.691651
2.4053762 1.6991356 3.6916511
2.4053772 1.6991357 3.6916513
2.4053778 1.6991358 3.6916515
2.405378 1.6991359 3.6916515
4.5081532 0.7668911 1.9585166
4.5081528 0.76689086 1.9585168
4.5081522 0.7668904 1.9585171
4.5081512 0.76688977 1.9585176
4.5081499 0.76688899 1.9585183
4.5081481 0.76688807 1.9585194
4.5081462 0.76688716 1.9585208
4.5081442 0.76688632 1.9585224
4.5081422 0.76688556 1.9585239
4.5081405 0.76688487 1.9585254
4.508139 0.76688421 1.9585266
4.5081378 0.76688363 1.9585275
4.508137 0.76688325 1.9585281
4.5081366 0.76688308 1.9585284
3.1216502 1.0356613 5.8864233
3.1216476 1.0356592 5.8864226
3.121645 1.0356567 5.8864217
3.1216423 1.0356539 5.8864207
3.1216393 1.0356507 5.8864196
3.121636 1.0356473 5.8864185
3.1216323 1.0356436 5.8864173
3.1216283 1.0356398 5.8864161
3.1216241 1.0356358 5.886415
3.1216197 1.0356316 5.886414
3.1216149 1.0356275 5.8864132
3.12161 1.0356233 5.8864125
3.1216051 1.0356191 5.8864121
3.1216003 1.0356151 5.8864119
3.1215955 1.0356113 5.8864118
1.8267973 2.3726198 4.3182032
1.8267986 2.3726206 4.3182037
1.8268002 2.3726215 4.3182044
1.8268021 2.3726225 4.3182055
1.8268043 2.3726233 4.3182066
1.8268065 2.3726242 4.3182077
1.8268087 2.372625 4.3182088
1.8268107 2.3726258 4.3182097
1.7954376 1.3047405 3.8785626
1.7954378 1.30474 3.8785626
1.7954382 1.304739 3.8785625
1.7954387 1.3047376 3.8785624
1.7954394 1.3047358 3.8785624
1.7954402 1.3047337 3.8785625
1.7954409 1.3047313 3.8785627
1.7954416 1.3047285 3.878563
1.7954423 1.3047256 3.8785634
1.7954431 1.3047224 3.8785638
1.7954439 1.3047191 3.8785641
1.7954449 1.3047156 3.8785643
1.795446 1.3047121 3.8785644
1.7954472 1.3047086 3.8785645
1.7954485 1.3047052 3.8785645
1.79545 1.304702 3.8785646
1.7954515 1.304699 3.8785645
1.7954531 1.3046961 3.8785644
1.7954546 1.3046933 3.8785643
1.7954561 1.3046907 3.8785642
1.7954575 1.3046884 3.8785641
1.7954587 1.3046865 3.8785638
0 0 0
1.1621949 1.3228582 3.0095873
1.1621958 1.32286 3.0095873
1.1621971 1.3228621 3.0095872
1.1621985 1.3228644 3.0095871
1.1622001 1.322867 3.009587
1.1622018 1.3228697 3.009587
1.1622034 1.3228724 3.009587
1.1622051 1.3228751 3.009587
1.1622066 1.3228777 3.009587
1.162208 1.3228803 3.009587
1.1622093 1.3228827 3.0095869
1.1622103 1.3228851 3.0095867
1.1622111 1.3228871 3.0095867
1.1622117 1.3228889 3.0095866
1.162212 1.3228903 3.0095866
1.1622122 1.3228911 3.0095866
0 0 0
4.6821788 1.4064888 2.8324896
4.6821773 1.4064911 2.8324893
4.6821759 1.4064936 2.8324889
4.6821746 1.4064959 2.8324884
4.6821735 1.4064982 2.832488
4.6821726 1.4065001 2.8324875
4.682172 1.4065016 2.8324872
4.6821715 1.4065027 2.8324869
4.6821713 1.4065032 2.8324867
4.0314635 1.8725716 2.4558421
4.0314632 1.8725717 2.4558425
4.0314629 1.8725718 2.455843
4.0314624 1.8725719 2.4558436
4.0314618 1.8725719 2.4558443
4.0314611 1.8725719 2.455845
4.0314603 1.8725717 2.4558456
4.0314595 1.8725714 2.4558461
4.0314587 1.872571 2.4558467
2.4053231 1.6991272 3.6917116
2.405323 1.699127 3.6917106
2.4053228 1.6991267 3.6917091
2.4053227 1.6991264 3.691707
2.4053227 1.6991262 3.6917044
2.4053227 1.6991261 3.6917014
2.4053228 1.6991261 3.6916981
2.405323 1.6991263 3.6916947
2.4053235 1.6991267 3.6916911
2.4053241 1.6991273 3.6916876
2.4053251 1.6991281 3.6916841
2.4053265 1.6991291 3.6916807
2.4053283 1.6991304 3.6916776
2.4053306 1.6991317 3.6916746
2.4053332 1.699133 3.6916718
2.4053361 1.6991343 3.6916691
2.4053393 1.6991356 3.6916665
2.4053426 1.6991367 3.691664
2.4053459 1.6991376 3.6916616
2.4053493 1.6991383 3.6916595
2.4053526 1.6991387 3.6916577
2.4053559 1.6991389 3.6916563
2.405359 1.6991389 3.6916551
2.4053619 1.6991387 3.6916542
2.4053646 1.6991385 3.6916535
2.405367 1.6991382 3.691653
2.4053693 1.6991381 3.6916527
2.4053713 1.6991379 3.6916525
2.405373 1.6991379 3.6916525
2.4053743 1.699138 3.6916525
2.4053754 1.6991382 3.6916527
2.405376 1.6991384 3.6916528
2.4053762 1.6991385 3.6916528
4.5081425 0.76689207 1.958524
4.5081422 0.76689186 1.9585241
4.5081417 0.76689146 1.9585244
4.5081408 0.76689088 1.9585249
4.5081395 0.76689015 1.9585256
4.5081379 0.76688933 1.9585267
4.508136 0.7668885 1.9585282
4.5081341 0.76688772 1.9585297
4.5081322 0.76688702 1.9585313
4.5081306 0.76688638 1.9585328
4.5081291 0.76688575 1.958534
4.508128 0.76688517 1.958535
4.5081272 0.76688476 1.9585356
4.5081268 0.76688456 1.9585359
3.1216509 1.0356626 5.8864217
3.1216486 1.0356605 5.8864209
3.1216461 1.035658 5.88642
3.1216435 1.0356553 5.8864189
3.1216406 1.0356522 5.8864177
3.1216374 1.0356488 5.8864166
3.1216338 1.0356451 5.8864154
3.1216298 1.0356413 5.8864143
3.1216255 1.0356373 5.8864131
3.1216211 1.0356332 5.8864121
3.1216163 1.035629 5.8864113
3.1216114 1.0356248 5.8864107
3.1216066 1.0356206 5.8864102
0 0 0
1.8267984 2.3726216 4.3182028
1.8267993 2.3726224 4.3182029
1.8268006 2.3726233 4.3182032
1.8268022 2.3726243 4.3182039
1.826804 2.3726253 4.3182048
1.8268061 2.3726262 4.3182059
1.8268084 2.3726271 4.318207
1.8268106 2.372628 4.318208
1.8268126 2.3726288 4.3182088
1.7954377 1.30474 3.878561
1.7954379 1.3047395 3.8785609
1.7954383 1.3047386 3.8785608
1.7954389 1.3047372 3.8785607
1.7954396 1.3047355 3.8785607
1.7954404 1.3047334 3.8785608
1.7954413 1.3047309 3.878561
1.7954421 1.3047283 3.8785614
1.7954429 1.3047254 3.8785618
1.7954438 1.3047223 3.8785622
1.7954447 1.304719 3.8785625
1.7954457 1.3047156 3.8785627
1.7954468 1.3047121 3.8785628
1.7954479 1.3047087 3.8785629
1.7954492 1.3047052 3.878563
1.7954507 1.304702 3.8785631
1.7954522 1.3046989 3.8785631
1.7954537 1.3046959 3.8785632
1.7954553 1.3046931 3.8785631
1.7954567 1.3046905 3.8785631
1.795458 1.3046881 3.878563
1.7954592 1.3046861 3.8785628
1.7954601 1.3046845 3.8785626
1.1621959 1.3228588 3.0095878
1.1621968 1.3228605 3.0095879
1.1621979 1.3228626 3.0095879
1.1621993 1.3228648 3.0095879
1.1622008 1.3228673 3.0095878
1.1622023 1.3228699 3.0095879
1.1622038 1.3228727 3.0095879
1.1622052 1.3228754 3.009588
1.1622066 1.322878 3.009588
1.1622079 1.3228806 3.009588
1.1622091 1.3228831 3.0095879
1.16221 1.3228854 3.0095878
1.1622108 1.3228875 3.0095877
1.1622113 1.3228892 3.0095877
1.1622116 1.3228906 3.0095876
4.6821818 1.4064827 2.8324896
4.6821802 1.4064846 2.8324896
4.6821786 1.4064868 2.8324895
4.682177 1.4064892 2.8324893
4.6821756 1.4064916 2.8324889
4.6821743 1.406494 2.8324885
4.6821732 1.4064963 2.8324882
4.6821723 1.4064981 2.8324878
4.6821717 1.4064996 2.8324875
4.6821713 1.4065007 2.8324873
4.6821711 1.4065012 2.8324871
4.031462 1.8725653 2.4558466
4.0314617 1.8725655 2.4558469
4.0314613 1.8725656 2.4558475
4.0314608 1.8725658 2.4558481
4.0314602 1.8725659 2.4558487
4.0314595 1.8725659 2.4558494
4.0314587 1.8725657 2.45585
4.0314578 1.8725655 2.4558505
4.031457 1.8725653 2.455851
0 0 0
2.4053174 1.6991275 3.6917126
2.4053173 1.6991274 3.6917112
2.4053172 1.6991272 3.6917092
2.4053172 1.6991271 3.6917067
2.4053173 1.6991271 3.6917037
2.4053175 1.6991273 3.6917006
2.4053178 1.6991277 3.6916973
2.4053183 1.6991282 3.6916939
2.4053191 1.699129 3.6916905
2.4053202 1.69913 3.6916872
2.4053217 1.6991313 3.6916839
2.4053237 1.6991326 3.6916808
2.4053262 1.699134 3.6916779
2.405329 1.6991354 3.6916752
2.4053322 1.6991367 3.6916725
2.4053355 1.699138 3.6916698
2.405339 1.6991391 3.6916673
2.4053426 1.69914 3.6916648
2.4053461 1.6991407 3.6916625
2.4053497 1.6991411 3.6916606
2.4053531 1.6991412 3.6916589
2.4053564 1.6991412 3.6916575
2.4053595 1.699141 3.6916563
2.4053623 1.6991408 3.6916554
2.4053649 1.6991405 3.6916548
2.4053672 1.6991403 3.6916543
2.4053693 1.6991402 3.6916541
2.405371 1.6991403 3.6916539
2.4053724 1.6991404 3.6916539
2.4053734 1.6991406 3.691654
2.405374 1.6991408 3.691654
2.4053743 1.6991409 3.6916541
4.5081312 0.76689313 1.958532
4.508131 0.76689299 1.9585321
4.5081305 0.76689264 1.9585323
4.5081297 0.7668921 1.9585328
4.5081285 0.76689144 1.9585336
4.508127 0.76689072 1.9585347
4.5081253 0.76688998 1.9585361
4.5081235 0.76688928 1.9585377
4.5081217 0.76688862 1.9585392
4.5081202 0.76688802 1.9585407
4.5081189 0.76688743 1.9585418
4.5081178 0.76688689 1.9585427
4.5081171 0.76688648 1.9585433
4.5081167 0.76688624 1.9585436
3.1216516 1.0356637 5.8864205
3.1216494 1.0356616 5.8864196
3.121647 1.0356592 5.8864186
3.1216445 1.0356565 5.8864174
3.1216417 1.0356534 5.8864162
3.1216385 1.03565 5.886415
3.1216349 1.0356464 5.8864139
3.1216309 1.0356426 5.8864128
3.1216267 1.0356387 5.8864116
3.1216222 1.0356346 5.8864106
3.1216175 1.0356303 5.8864098
3.1216126 1.0356261 5.8864092
3.1216077 1.0356219 5.8864088
1.8268004 2.372624 4.3182028
1.826801 2.3726247 4.3182027
1.8268019 2.3726255 4.3182027
1.8268031 2.3726265 4.3182029
1.8268046 2.3726276 4.3182034
1.8268064 2.3726286 4.3182042
1.8268084 2.3726296 4.3182051
1.8268106 2.3726305 4.3182061
1.8268127 2.3726315 4.318207
1.8268147 2.3726323 4.3182078
1.7954379 1.3047396 3.8785593
1.7954382 1.3047391 3.8785591
1.7954386 1.3047382 3.878559
1.7954391 1.3047368 3.8785589
1.7954399 1.3047351 3.8785589
1.7954407 1.304733 3.878559
1.7954416 1.3047306 3.8785593
1.7954426 1.304728 3.8785597
1.7954435 1.3047251 3.8785601
1.7954445 1.3047221 3.8785605
1.7954455 1.3047189 3.8785607
1.7954466 1.3047156 3.8785609
1.7954476 1.3047121 3.878561
1.7954488 1.3047086 3.8785612
1.79545 1.3047052 3.8785613
1.7954514 1.3047019 3.8785615
1.7954529 1.3046987 3.8785616
1.7954544 1.3046957 3.8785617
1.7954559 1.3046928 3.8785619
1.7954573 1.3046901 3.878562
1.7954586 1.3046877 3.878562
1.7954597 1.3046856 3.8785618
1.7954606 1.304684 3.8785616
1.7954612 1.3046829 3.8785615
1.1621977 1.3228611 3.0095885
1.1621987 1.322863 3.0095886
1.1622 1.3228653 3.0095886
1.1622013 1.3228677 3.0095887
1.1622027 1.3228702 3.0095887
1.162204 1.3228729 3.0095888
1.1622053 1.3228756 3.0095889
1.1622066 1.3228783 3.009589
1.1622078 1.3228809 3.0095889
1.1622089 1.3228833 3.0095888
1.1622098 1.3228857 3.0095887
1.1622105 1.3228877 3.0095887
1.162211 1.3228894 3.0095886
4.6821832 1.4064786 2.832489
4.6821817 1.4064802 2.8324891
4.6821801 1.4064822 2.8324892
4.6821784 1.4064844 2.8324892
4.6821768 1.4064868 2.8324891
4.6821753 1.4064892 2.8324889
4.682174 1.4064916 2.8324886
4.6821728 1.4064938 2.8324883
4.6821719 1.4064956 2.832488
4.6821713 1.4064971 2.8324877
4.6821709 1.4064981 2.8324875
4.0314603 1.8725583 2.4558514
4.0314602 1.8725584 2.4558515
4.0314599 1.8725586 2.4558518
4.0314595 1.8725588 2.4558523
4.0314589 1.8725591 2.4558528
4.0314582 1.8725593 2.4558534
4.0314575 1.8725593 2.455854
4.0314567 1.8725592 2.4558546
4.0314558 1.8725591 2.4558551
4.031455 1.8725589 2.4558557
4.0314542 1.8725588 2.4558562
2.4053121 1.6991281 3.6917145
2.405312 1.699128 3.6917131
2.405312 1.6991279 3.6917112
2.405312 1.699128 3.6917088
2.4053121 1.6991281 3.691706
2.4053123 1.6991285 3.691703
2.4053127 1.699129 3.6916998
2.4053133 1.6991298 3.6916966
2.4053142 1.6991307 3.6916934
2.4053155 1.6991319 3.6916902
2.4053172 1.6991333 3.691687
2.4053193 1.6991347 3.691684
2.4053219 1.6991362 3.6916812
2.4053249 1.6991376 3.6916784
2.4053283 1.699139 3.6916757
2.4053318 1.6991402 3.691673
2.4053355 1.6991412 3.6916703
2.4053392 1.6991422 3.6916678
2.405343 1.6991429 3.6916654
2.4053468 1.6991433 3.6916633
2.4053505 1.6991434 3.6916614
2.4053539 1.6991433 3.6916598
2.4053572 1.6991431 3.6916584
2.4053601 1.6991429 3.6916573
2.4053628 1.6991427 3.6916565
2.4053652 1.6991426 3.6916559
2.4053673 1.6991425 3.6916555
2.405369 1.6991426 3.6916553
2.4053704 1.6991427 3.6916552
2.4053714 1.6991429 3.6916553
2.405372 1.6991431 3.6916553
2.4053723 1.6991432 3.6916553
4.5081194 0.76689444 1.9585405
4.5081192 0.76689431 1.9585406
4.5081188 0.766894 1.9585409
4.5081181 0.76689351 1.9585413
4.508117 0.76689294 1.9585421
4.5081157 0.7668923 1.9585431
4.5081142 0.7668916 1.9585445
4.5081125 0.76689092 1.9585459
4.5081109 0.7668903 1.9585474
4.5081096 0.76688972 1.9585486
4.5081085 0.76688917 1.9585497
4.5081076 0.76688871 1.9585505
4.5081069 0.76688836 1.9585511
4.5081065 0.76688813 1.9585514
3.1216523 1.0356645 5.8864196
3.1216501 1.0356625 5.8864186
3.1216478 1.0356601 5.8864175
3.1216453 1.0356573 5.8864163
3.1216425 1.0356543 5.8864151
3.1216393 1.035651 5.8864139
3.1216357 1.0356474 5.8864128
3.1216318 1.0356437 5.8864117
3.1216275 1.0356397 5.8864105
3.121623 1.0356356 5.8864095
3.1216183 1.0356313 5.8864087
0 0 0
1.826803 2.372627 4.318203
1.8268034 2.3726276 4.3182028
1.826804 2.3726283 4.3182027
1.8268048 2.3726292 4.3182025
1.8268059 2.3726302 4.3182026
1.8268073 2.3726313 4.318203
1.8268091 2.3726324 4.3182036
1.826811 2.3726335 4.3182043
1.826813 2.3726345 4.3182051
1.8268151 2.3726354 4.3182059
1.826817 2.3726363 4.3182065
1.7954384 1.3047392 3.8785575
1.7954386 1.3047387 3.8785573
1.7954389 1.3047377 3.8785572
1.7954395 1.3047364 3.8785572
1.7954402 1.3047347 3.8785572
1.795441 1.3047326 3.8785573
1.795442 1.3047302 3.8785576
1.795443 1.3047276 3.8785581
1.7954441 1.3047248 3.8785584
1.7954452 1.3047218 3.8785587
1.7954463 1.3047186 3.8785589
1.7954474 1.3047154 3.878559
1.7954485 1.304712 3.8785592
1.7954496 1.3047085 3.8785594
1.7954508 1.3047051 3.8785596
1.7954522 1.3047017 3.8785598
1.7954536 1.3046984 3.8785601
1.7954551 1.3046953 3.8785603
1.7954566 1.3046924 3.8785606
1.7954579 1.3046896 3.8785608
1.7954591 1.3046872 3.8785609
1.7954601 1.3046851 3.8785609
1.795461 1.3046835 3.8785607
1.7954616 1.3046824 3.8785607
1.1621985 1.3228616 3.0095892
1.1621994 1.3228635 3.0095893
1.1622005 1.3228656 3.0095894
1.1622017 1.322868 3.0095895
1.1622029 1.3228705 3.0095896
1.1622042 1.3228732 3.0095897
1.1622054 1.3228759 3.0095898
1.1622066 1.3228786 3.0095898
1.1622077 1.3228811 3.0095898
1.1622087 1.3228836 3.0095897
1.1622095 1.3228859 3.0095896
0 0 0
4.6821843 1.4064745 2.8324878
4.682183 1.4064758 2.8324882
4.6821815 1.4064774 2.8324884
4.6821799 1.4064794 2.8324886
4.6821782 1.4064816 2.8324887
4.6821766 1.4064839 2.8324887
4.682175 1.4064863 2.8324886
4.6821735 1.4064886 2.8324885
4.6821723 1.4064908 2.8324882
4.6821715 1.4064926 2.832488
4.6821708 1.406494 2.8324877
4.6821704 1.4064949 2.8324875
4.6821703 1.4064954 2.8324874
4.0314582 1.8725509 2.4558568
4.0314579 1.8725511 2.4558571
4.0314574 1.8725515 2.4558574
4.0314567 1.8725518 2.4558579
4.031456 1.872552 2.4558584
4.0314553 1.8725522 2.4558589
4.0314545 1.8725522 2.4558594
4.0314536 1.8725522 2.4558599
4.0314528 1.8725521 2.4558605
4.031452 1.8725521 2.455861
4.0314513 1.872552 2.4558615
2.4053071 1.6991285 3.6917147
2.405307 1.6991286 3.6917129
2.4053071 1.6991288 3.6917107
2.4053072 1.6991291 3.691708
2.4053074 1.6991295 3.6917052
2.4053078 1.6991303 3.6917022
2.4053085 1.6991312 3.6916991
2.4053095 1.6991324 3.691696
2.405311 1.6991337 3.691693
2.4053129 1.6991352 3.6916899
2.4053152 1.6991368 3.691687
2.405318 1.6991383 3.6916842
2.4053211 1.6991398 3.6916814
2.4053246 1.6991412 3.6916786
2.4053283 1.6991423 3.6916758
2.4053321 1.6991433 3.6916731
2.4053361 1.6991442 3.6916705
2.4053401 1.6991449 3.691668
2.4053441 1.6991453 3.6916657
2.4053479 1.6991454 3.6916637
2.4053515 1.6991453 3.6916619
2.4053549 1.6991452 3.6916604
2.405358 1.699145 3.6916591
2.4053608 1.6991448 3.6916582
2.4053632 1.6991447 3.6916574
2.4053653 1.6991446 3.6916569
2.405367 1.6991447 3.6916566
2.4053684 1.6991449 3.6916565
2.4053694 1.699145 3.6916564
2.4053701 1.6991452 3.6916564
2.4053704 1.6991452 3.6916564
4.5081075 0.76689601 1.9585493
4.5081073 0.76689586 1.9585495
4.5081069 0.76689557 1.9585498
4.5081062 0.76689513 1.9585502
4.5081053 0.76689459 1.9585509
4.5081041 0.76689397 1.9585518
4.5081028 0.76689328 1.958553
4.5081014 0.76689262 1.9585542
4.5081001 0.76689202 1.9585555
4.508099 0.76689149 1.9585566
4.5080981 0.76689102 1.9585576
4.5080974 0.76689063 1.9585583
4.5080968 0.76689033 1.9585588
4.5080966 0.76689016 1.958559
3.1216528 1.0356651 5.886419
3.1216507 1.035663 5.886418
3.1216485 1.0356606 5.8864168
3.121646 1.0356579 5.8864156
3.1216431 1.035655 5.8864143
3.1216399 1.0356517 5.8864132
3.1216362 1.0356481 5.886412
3.1216322 1.0356444 5.8864109
3.121628 1.0356404 5.8864098
3.1216235 1.0356362 5.8864088
0 0 0
1.8268059 2.3726306 4.3182031
1.8268063 2.372631 4.318203
1.8268067 2.3726316 4.3182028
1.8268072 2.3726324 4.3182026
1.826808 2.3726333 4.3182025
1.8268091 2.3726344 4.3182024
1.8268104 2.3726356 4.3182026
1.826812 2.3726367 4.318203
1.8268139 2.3726378 4.3182036
1.8268158 2.3726388 4.3182042
1.8268178 2.3726398 4.3182048
1.8268196 2.3726408 4.3182052
1.8268213 2.3726417 4.3182057
1.795439 1.3047383 3.8785557
1.7954394 1.3047373 3.8785556
1.7954399 1.304736 3.8785556
1.7954406 1.3047343 3.8785557
1.7954414 1.3047322 3.8785558
1.7954424 1.3047299 3.8785561
1.7954434 1.3047273 3.8785565
1.7954446 1.3047245 3.8785568
1.7954457 1.3047215 3.878557
1.7954469 1.3047184 3.8785572
1.795448 1.3047151 3.8785573
1.7954492 1.3047118 3.8785575
1.7954503 1.3047083 3.8785577
1.7954515 1.3047049 3.8785579
1.7954528 1.3047014 3.8785583
1.7954543 1.3046981 3.8785586
1.7954557 1.3046949 3.878559
1.7954571 1.3046919 3.8785594
1.7954584 1.3046891 3.8785597
1.7954596 1.3046867 3.8785599
1.7954606 1.3046846 3.8785599
1.7954614 1.304683 3.8785599
1.7954619 1.304682 3.8785599
1.7954622 1.3046814 3.8785599
1.1622 1.3228639 3.0095899
1.162201 1.322866 3.00959
1.1622021 1.3228683 3.0095901
1.1622032 1.3228708 3.0095902
1.1622043 1.3228734 3.0095904
1.1622055 1.3228762 3.0095905
1.1622066 1.3228789 3.0095905
1.1622076 1.3228815 3.0095905
1.1622085 1.3228839 3.0095904
0 0 0
4.6821854 1.4064701 2.8324863
4.6821842 1.4064712 2.8324867
4.6821828 1.4064725 2.8324871
4.6821813 1.4064741 2.8324874
4.6821797 1.4064761 2.8324877
4.682178 1.4064782 2.832488
4.6821763 1.4064805 2.8324881
4.6821746 1.4064828 2.8324881
4.6821731 1.4064851 2.832488
4.6821718 1.4064871 2.8324879
4.6821708 1.4064889 2.8324877
4.6821701 1.4064902 2.8324875
4.6821698 1.4064911 2.8324873
4.6821696 1.4064916 2.8324872
4.031456 1.872543 2.4558624
4.0314556 1.8725433 2.4558626
4.0314551 1.8725436 2.4558628
4.0314544 1.872544 2.4558631
4.0314537 1.8725444 2.4558635
4.0314529 1.8725446 2.455864
4.0314521 1.8725447 2.4558644
4.0314513 1.8725448 2.4558649
4.0314505 1.8725448 2.4558655
4.0314497 1.8725449 2.455866
4.0314491 1.8725449 2.4558665
4.0314484 1.8725449 2.4558668
2.4053025 1.6991293 3.6917144
2.4053025 1.6991296 3.6917122
2.4053026 1.69913 3.6917098
2.4053029 1.6991306 3.6917071
2.4053033 1.6991315 3.6917043
2.4053041 1.6991326 3.6917014
2.4053053 1.6991339 3.6916984
2.4053069 1.6991354 3.6916955
2.4053089 1.699137 3.6916926
2.4053114 1.6991387 3.6916897
2.4053143 1.6991403 3.6916868
2.4053176 1.6991418 3.691684
2.4053212 1.6991432 3.6916812
2.4053251 1.6991444 3.6916783
2.4053291 1.6991454 3.6916756
2.4053332 1.6991462 3.6916729
2.4053374 1.6991468 3.6916703
2.4053415 1.6991471 3.6916679
2.4053455 1.6991472 3.6916657
2.4053492 1.6991472 3.6916638
2.4053527 1.699147 3.6916621
2.4053559 1.6991469 3.6916608
2.4053588 1.6991467 3.6916597
2.4053613 1.6991466 3.6916588
2.4053634 1.6991466 3.6916582
2.4053652 1.6991466 3.6916578
2.4053666 1.6991467 3.6916576
2.4053676 1.6991469 3.6916575
2.4053682 1.699147 3.6916574
2.4053686 1.699147 3.6916574
4.5080954 0.76689775 1.9585584
4.5080953 0.76689759 1.9585586
4.5080949 0.7668973 1.9585589
4.5080943 0.76689688 1.9585593
4.5080935 0.76689634 1.9585599
4.5080926 0.76689572 1.9585606
4.5080916 0.76689501 1.9585615
4.5080905 0.76689437 1.9585625
4.5080894 0.76689382 1.9585636
4.5080886 0.76689333 1.9585645
4.508088 0.76689292 1.9585652
4.5080874 0.76689259 1.9585658
4.508087 0.76689234 1.9585662
4.8498905 2.0625686 0.40917856
4.8498919 2.0625722 0.40917976
4.8498935 2.0625756 0.40918099
4.8498951 2.0625788 0.40918218
0 0 0
0 0 0
0 0 0
3.1216365 1.0356485 5.8864117
3.1216325 1.0356447 5.8864106
3.1216282 1.0356407 5.8864095
1.8268089 2.3726346 4.318203
1.8268091 2.3726348 4.318203
1.8268094 2.3726351 4.318203
1.8268097 2.3726356 4.318203
1.8268101 2.3726362 4.3182028
1.8268106 2.3726369 4.3182026
1.8268114 2.3726379 4.3182024
1.8268124 2.372639 4.3182022
1.8268138 2.3726403 4.3182023
1.8268153 2.3726414 4.3182025
1.8268171 2.3726426 4.3182028
1.8268189 2.3726436 4.3182032
1.8268208 2.3726447 4.3182036
1.8268226 2.3726457 4.318204
1.8268243 2.3726466 4.3182044
1.7954394 1.3047378 3.8785542
1.7954399 1.3047369 3.8785542
1.7954404 1.3047356 3.8785542
1.7954411 1.3047339 3.8785543
1.7954419 1.3047319 3.8785545
1.7954428 1.3047296 3.8785547
1.7954439 1.304727 3.878555
1.795445 1.3047242 3.8785553
1.7954462 1.3047212 3.8785555
1.7954473 1.3047181 3.8785556
1.7954485 1.3047148 3.8785557
1.7954496 1.3047115 3.8785559
1.7954508 1.304708 3.8785562
1.795452 1.3047045 3.8785565
1.7954533 1.304701 3.8785569
1.7954548 1.3046977 3.8785573
1.7954562 1.3046944 3.8785578
1.7954576 1.3046913 3.8785583
1.7954589 1.3046886 3.8785587
1.79546 1.3046862 3.8785589
1.7954609 1.3046842 3.878559
1.7954617 1.3046826 3.8785591
1.7954622 1.3046816 3.8785591
1.7954624 1.304681 3.8785592
0 0 0
0 0 0
1.1622023 1.3228685 3.0095907
1.1622034 1.3228711 3.0095908
1.1622045 1.3228737 3.0095909
1.1622056 1.3228765 3.009591
1.1622066 1.3228792 3.0095911
1.1622075 1.3228818 3.009591
0 0 0
4.6821861 1.4064656 2.8324845
4.6821851 1.4064664 2.8324848
4.6821839 1.4064674 2.8324852
4.6821825 1.4064688 2.8324857
4.6821809 1.4064704 2.8324862
4.6821793 1.4064723 2.8324865
4.6821775 1.4064744 2.8324869
4.6821757 1.4064766 2.8324871
4.682174 1.4064788 2.8324872
4.6821724 1.4064809 2.8324873
4.682171 1.4064828 2.8324872
4.6821699 1.4064845 2.8324871
4.6821692 1.4064857 2.8324869
4.6821688 1.4064866 2.8324868
4.6821686 1.406487 2.8324867
0 0 0
4.0314533 1.872535 2.4558683
4.0314527 1.8725354 2.4558684
4.0314521 1.8725359 2.4558686
4.0314513 1.8725363 2.4558689
4.0314505 1.8725366 2.4558692
4.0314497 1.8725368 2.4558696
4.0314489 1.872537 2.4558701
4.0314481 1.8725371 2.4558706
4.0314474 1.8725373 2.4558711
4.0314467 1.8725374 2.4558716
4.0314461 1.8725374 2.4558719
4.0314456 1.8725374 2.4558722
2.4052984 1.6991304 3.6917136
2.4052985 1.6991309 3.6917112
2.4052988 1.6991317 3.6917087
2.4052993 1.6991327 3.691706
2.4053001 1.6991339 3.6917033
2.4053014 1.6991354 3.6917005
2.4053032 1.699137 3.6916977
2.4053053 1.6991387 3.6916949
2.405308 1.6991405 3.691692
2.405311 1.6991422 3.6916891
2.4053145 1.6991437 3.6916863
2.4053183 1.6991451 3.6916834
2.4053222 1.6991462 3.6916805
2.4053264 1.6991472 3.6916777
2.4053307 1.6991479 3.691675
2.405335 1.6991485 3.6916723
2.4053392 1.6991488 3.6916698
2.4053433 1.6991489 3.6916675
1.8176921 0.83265646 2.1809203
1.8176905 0.83265456 2.180923
1.8176887 0.83265262 2.1809257
1.8176869 0.83265075 2.1809283
1.817685 0.83264901 2.1809306
1.8176832 0.83264746 2.1809326
1.8176814 0.83264603 2.1809343
1.8176798 0.83264481 2.1809357
1.8176785 0.83264388 2.1809368
1.8176775 0.83264323 2.1809376
0 0 0
4.5080835 0.76689957 1.9585677
4.5080833 0.76689944 1.9585678
4.508083 0.76689916 1.9585681
4.5080825 0.76689872 1.9585684
4.508082 0.76689818 1.9585688
4.5080813 0.76689755 1.9585693
4.5080806 0.76689686 1.95857
4.5080798 0.76689623 1.9585707
4.5080791 0.76689568 1.9585714
4.5080785 0.76689523 1.9585721
4.5080781 0.76689486 1.9585726
4.5080778 0.76689456 1.9585731
4.8498892 2.0625647 0.40917783
4.8498905 2.0625684 0.40917899
4.8498919 2.0625719 0.40918023
4.8498934 2.0625754 0.40918144
4.849895 2.0625786 0.40918264
4.8498966 2.0625816 0.40918377
4.8498981 2.0625844 0.40918486
4.8498996 2.0625869 0.40918597
4.8499009 2.0625891 0.40918705
0 0 0
1.8268124 2.3726395 4.318203
1.8268125 2.3726396 4.318203
1.8268127 2.3726398 4.318203
1.826813 2.3726401 4.318203
1.8268133 2.3726406 4.3182029
1.8268137 2.3726412 4.3182027
1.8268142 2.372642 4.3182025
1.826815 2.3726429 4.3182022
1.826816 2.3726441 4.318202
1.8268173 2.3726453 4.3182019
1.8268188 2.3726465 4.3182019
1.8268205 2.3726477 4.318202
1.8268222 2.3726488 4.3182022
1.8268241 2.3726499 4.3182024
1.8268259 2.3726509 4.3182027
1.8268276 2.3726519 4.318203
1.826829 2.3726527 4.3182032
1.7954403 1.3047365 3.8785529
1.7954409 1.3047352 3.878553
1.7954415 1.3047335 3.8785531
1.7954423 1.3047315 3.8785532
1.7954433 1.3047292 3.8785535
1.7954443 1.3047266 3.8785537
1.7954454 1.3047238 3.878554
1.7954466 1.3047208 3.8785541
1.7954477 1.3047177 3.8785543
1.7954488 1.3047144 3.8785545
1.79545 1.3047111 3.8785547
1.7954512 1.3047076 3.878555
1.7954524 1.3047041 3.8785553
1.7954537 1.3047006 3.8785557
1.7954551 1.3046972 3.8785563
1.7954565 1.3046939 3.8785568
1.7954579 1.3046908 3.8785573
1.7954592 1.304688 3.8785578
1.7954603 1.3046857 3.8785581
1.7954612 1.3046837 3.8785582
1.7954619 1.3046823 3.8785583
1.7954624 1.3046812 3.8785584
0 0 0
0.84573174 1.8059095 5.0120037
0.84573162 1.8059101 5.0120049
1.1622025 1.3228687 3.0095911
1.1622036 1.3228713 3.0095912
1.1622047 1.3228739 3.0095914
1.1622056 1.3228767 3.0095914
1.1622066 1.3228794 3.0095914
1.1622075 1.322882 3.0095914
4.6821865 1.4064605 2.8324825
4.6821857 1.4064612 2.8324828
4.6821847 1.406462 2.8324831
4.6821835 1.4064631 2.8324835
4.682182 1.4064644 2.8324841
4.6821804 1.406466 2.8324846
4.6821787 1.4064678 2.832485
4.6821768 1.4064699 2.8324854
4.682175 1.4064719 2.8324858
4.6821731 1.406474 2.832486
4.6821714 1.406476 2.8324861
4.68217 1.4064778 2.8324861
4.6821688 1.4064793 2.832486
4.682168 1.4064805 2.8324859
4.6821675 1.4064813 2.8324859
4.6821673 1.4064817 2.8324858
4.0314514 1.8725261 2.4558741
4.031451 1.8725264 2.4558741
4.0314504 1.8725269 2.4558741
4.0314498 1.8725274 2.4558742
4.031449 1.8725279 2.4558744
4.0314481 1.8725283 2.4558746
4.0314473 1.8725286 2.455875
4.0314464 1.8725289 2.4558754
4.0314457 1.8725292 2.4558758
4.031445 1.8725294 2.4558763
4.0314443 1.8725295 2.4558767
4.0314437 1.8725296 2.4558771
4.0314432 1.8725295 2.4558773
2.4052949 1.6991311 3.6917147
2.405295 1.6991318 3.6917125
2.4052952 1.6991327 3.6917101
2.4052958 1.6991338 3.6917075
2.4052967 1.6991351 3.6917049
2.4052981 1.6991367 3.6917022
2.4052999 1.6991384 3.6916995
2.4053022 1.6991402 3.6916967
2.405305 1.699142 3.6916938
2.4053082 1.6991438 3.6916909
2.4053119 1.6991453 3.6916881
2.4053158 1.6991467 3.6916852
2.4053199 1.6991478 3.6916823
2.4053241 1.6991487 3.6916795
2.4053285 1.6991494 3.6916766
2.4053329 1.69915 3.6916739
2.4053372 1.6991502 3.6916713
1.8176931 0.83265811 2.1809175
1.8176917 0.83265638 2.18092
1.8176901 0.83265451 2.1809226
1.8176884 0.8326526 2.1809253
1.8176866 0.83265076 2.1809279
1.8176848 0.83264906 2.1809302
1.8176829 0.83264754 2.1809322
1.8176812 0.83264614 2.1809339
1.8176796 0.83264493 2.1809353
1.8176782 0.83264401 2.1809364
1.8176773 0.83264336 2.1809372
1.8176768 0.83264303 2.1809375
4.5080718 0.76690149 1.9585769
4.5080717 0.76690136 1.958577
4.5080714 0.76690108 1.9585772
4.5080711 0.76690065 1.9585774
4.5080707 0.7669001 1.9585776
4.5080704 0.76689946 1.9585778
4.5080699 0.76689878 1.9585782
4.5080695 0.76689814 1.9585786
4.5080691 0.76689758 1.9585791
4.5080689 0.76689714 1.9585795
4.5080687 0.76689677 1.9585798
4.8498879 2.0625605 0.40917737
4.8498891 2.0625643 0.40917853
4.8498904 2.062568 0.40917975
4.8498918 2.0625716 0.40918101
4.8498933 2.062575 0.40918225
4.8498949 2.0625783 0.40918346
4.8498964 2.0625814 0.40918457
4.8498979 2.0625842 0.40918567
4.8498994 2.0625868 0.4091868
4.8499007 2.0625891 0.4091879
4.8499018 2.062591 0.40918896
1.8268161 2.3726449 4.318203
1.8268162 2.372645 4.318203
1.8268164 2.3726452 4.318203
1.8268167 2.3726455 4.3182029
1.826817 2.372646 4.3182028
1.8268174 2.3726466 4.3182026
1.8268179 2.3726474 4.3182023
1.8268187 2.3726483 4.318202
1.8268197 2.3726495 4.3182017
1.826821 2.3726507 4.3182014
1.8268225 2.372652 4.3182013
1.8268241 2.3726532 4.3182011
1.8268258 2.3726543 4.3182011
1.8268276 2.3726555 4.3182012
1.8268294 2.3726565 4.3182014
1.826831 2.3726575 4.3182015
1.8268323 2.3726584 4.3182016
3.216073 2.3649879 2.2855677
3.216073 2.3649878 2.2855678
3.2160728 2.3649877 2.285568
3.2160726 2.3649875 2.2855683
0 0 0
1.7954446 1.3047263 3.8785526
1.7954457 1.3047234 3.8785528
1.7954468 1.3047204 3.878553
1.7954479 1.3047173 3.8785532
1.7954491 1.304714 3.8785534
1.7954502 1.3047106 3.8785538
1.7954514 1.3047072 3.8785541
1.7954527 1.3047037 3.8785545
1.795454 1.3047002 3.8785549
1.7954554 1.3046967 3.8785555
1.7954568 1.3046934 3.878556
1.7954581 1.3046904 3.8785565
1.7954594 1.3046876 3.8785569
1.7954605 1.3046853 3.8785573
1.9647602 2.2434537 3.7442015
1.9647613 2.2434545 3.7442013
1.9647622 2.243455 3.7442012
1.9647627 2.2434552 3.7442011
0.84573196 1.8059094 5.0120037
0.8457318 1.80591 5.0120049
0.84573158 1.8059106 5.0120062
0.84573132 1.8059113 5.0120077
0.84573102 1.8059121 5.0120093
1.1622057 1.3228768 3.0095917
1.1622065 1.3228795 3.0095917
1.1622075 1.3228821 3.0095916
4.6821858 1.4064556 2.8324806
4.6821851 1.4064562 2.8324808
4.682184 1.406457 2.8324812
4.6821827 1.4064581 2.8324816
4.6821812 1.4064594 2.8324821
4.6821795 1.406461 2.8324826
4.6821777 1.4064628 2.8324831
4.6821758 1.4064647 2.8324836
4.6821739 1.4064666 2.832484
4.6821719 1.4064685 2.8324843
4.6821702 1.4064704 2.8324844
4.6821686 1.4064721 2.8324845
4.6821674 1.4064735 2.8324845
4.6821665 1.4064746 2.8324844
4.6821659 1.4064754 2.8324844
4.6821656 1.4064758 2.8324844
4.0314492 1.8725173 2.4558802
4.0314488 1.8725176 2.4558801
4.0314483 1.8725181 2.45588
4.0314476 1.8725187 2.45588
4.0314467 1.8725192 2.45588
4.0314458 1.8725197 2.4558801
4.0314449 1.8725202 2.4558803
4.0314441 1.8725206 2.4558806
4.0314433 1.8725209 2.455881
4.0314426 1.8725211 2.4558815
4.0314419 1.8725213 2.4558819
4.0314413 1.8725213 2.4558822
4.0314409 1.8725213 2.4558825
0 0 0
2.405292 1.6991325 3.6917136
2.4052923 1.6991335 3.6917112
2.4052928 1.6991347 3.6917087
2.4052938 1.6991361 3.6917061
2.4052952 1.6991377 3.6917035
2.4052971 1.6991395 3.6917008
2.4052996 1.6991414 3.691698
2.4053025 1.6991433 3.6916952
2.4053059 1.6991451 3.6916923
2.4053097 1.6991467 3.6916895
2.4053137 1.699148 3.6916866
2.4053179 1.6991492 3.6916837
2.4053223 1.69915 3.6916808
2.4053267 1.6991507 3.691678
2.4053312 1.6991512 3.6916752
1.8176937 0.83265946 2.1809146
1.8176925 0.83265795 2.1809169
1.8176911 0.83265623 2.1809194
1.8176895 0.83265441 2.180922
1.8176878 0.83265255 2.1809247
1.8176861 0.83265081 2.1809272
1.8176842 0.83264918 2.1809295
1.8176824 0.83264772 2.1809315
1.8176807 0.83264637 2.1809332
1.8176791 0.83264517 2.1809346
1.8176778 0.83264424 2.1809357
1.8176769 0.83264359 2.1809364
1.8176765 0.83264326 2.1809366
4.5080606 0.76690354 1.9585859
4.5080604 0.76690338 1.9585859
4.5080603 0.76690308 1.958586
4.5080601 0.76690265 1.958586
4.50806 0.76690209 1.958586
4.50806 0.76690143 1.9585859
4.5080599 0.76690072 1.958586
4.5080598 0.76690007 1.9585862
4.5080598 0.76689948 1.9585863
4.5080597 0.76689903 1.9585865
4.8498868 2.0625562 0.40917711
4.8498878 2.0625599 0.40917826
4.849889 2.0625637 0.40917949
4.8498902 2.0625674 0.40918078
4.8498916 2.0625711 0.40918209
4.849893 2.0625746 0.40918336
4.8498945 2.062578 0.40918459
4.8498961 2.0625811 0.40918575
4.8498976 2.0625841 0.40918692
4.8498991 2.0625867 0.40918809
4.8499004 2.062589 0.40918922
4.8499015 2.062591 0.40919028
1.82682 2.3726506 4.3182032
1.8268201 2.3726507 4.3182031
1.8268203 2.372651 4.318203
1.8268205 2.3726513 4.3182029
1.8268208 2.3726518 4.3182027
1.8268211 2.3726524 4.3182024
1.8268217 2.3726532 4.3182021
1.8268225 2.3726541 4.3182017
1.8268235 2.3726552 4.3182014
1.8268248 2.3726565 4.318201
1.8268262 2.3726577 4.3182007
1.8268278 2.372659 4.3182003
1.8268295 2.3726602 4.3182001
1.8268312 2.3726614 4.3182
1.8268329 2.3726624 4.3182
1.8268343 2.3726635 4.3182
1.8268356 2.3726644 4.3181999
3.2160731 2.3649876 2.2855684
3.216073 2.3649875 2.2855685
3.2160729 2.3649874 2.2855687
3.2160726 2.3649872 2.2855689
3.2160723 2.364987 2.2855692
0 0 0
1.7954459 1.3047231 3.8785518
1.795447 1.30472 3.8785521
1.7954481 1.3047168 3.8785524
1.7954491 1.3047135 3.8785527
1.7954503 1.3047101 3.8785531
1.7954515 1.3047067 3.8785536
1.7954528 1.3047032 3.878554
1.7954541 1.3046997 3.8785544
1.7954555 1.3046963 3.8785549
1.7954569 1.304693 3.8785554
1.7954582 1.30469 3.8785558
1.9647573 2.2434508 3.7442027
1.9647584 2.2434518 3.7442023
1.9647596 2.2434527 3.7442019
1.9647607 2.2434535 3.7442017
1.9647615 2.243454 3.7442016
1.964762 2.2434542 3.7442015
0 0 0
0.84573211 1.8059097 5.0120048
0.84573184 1.8059103 5.0120061
0.84573155 1.805911 5.0120076
0.84573124 1.8059118 5.0120092
0.84573099 1.8059125 5.0120107
0 0 0
0 0 0
4.6821848 1.4064501 2.8324784
4.682184 1.4064507 2.8324786
4.6821829 1.4064515 2.8324789
4.6821816 1.4064526 2.8324794
4.68218 1.4064539 2.8324798
4.6821783 1.4064554 2.8324803
4.6821765 1.406457 2.8324808
4.6821744 1.4064588 2.8324812
4.6821724 1.4064606 2.8324817
4.6821704 1.4064624 2.832482
4.6821686 1.4064641 2.8324822
4.682167 1.4064657 2.8324823
4.6821657 1.4064671 2.8324823
4.6821647 1.4064681 2.8324823
4.6821641 1.4064688 2.8324823
4.6821637 1.4064692 2.8324823
4.0314473 1.8725085 2.4558863
4.0314469 1.8725088 2.4558862
4.0314463 1.8725092 2.455886
4.0314456 1.8725098 2.4558858
4.0314447 1.8725104 2.4558857
4.0314437 1.872511 2.4558856
4.0314428 1.8725115 2.4558857
4.0314419 1.872512 2.4558859
4.0314411 1.8725123 2.4558862
4.0314403 1.8725126 2.4558866
4.0314397 1.8725127 2.4558869
4.0314391 1.8725127 2.4558872
4.0314387 1.8725127 2.4558875
4.0314385 1.8725127 2.4558877
2.4052897 1.699133 3.6917143
2.40529 1.6991341 3.691712
2.4052905 1.6991353 3.6917096
2.4052915 1.6991368 3.691707
2.405293 1.6991385 3.6917044
2.4052949 1.6991403 3.6917017
2.4052975 1.6991422 3.6916989
2.4053006 1.6991441 3.6916962
2.4053041 1.699146 3.6916934
2.405308 1.6991477 3.6916905
2.4053122 1.699149 3.6916876
2.4053165 1.6991501 3.6916847
2.4053209 1.699151 3.6916818
0 0 0
1.817694 0.83266041 2.1809116
1.8176929 0.83265919 2.1809136
1.8176917 0.8326577 2.180916
1.8176903 0.83265603 2.1809185
1.8176887 0.83265428 2.1809211
1.817687 0.83265254 2.1809237
1.8176853 0.83265091 2.1809262
1.8176834 0.83264938 2.1809285
1.8176817 0.83264797 2.1809305
1.81768 0.83264667 2.1809321
1.8176785 0.83264549 2.1809335
1.8176773 0.83264455 2.1809345
1.8176764 0.83264389 2.1809351
1.817676 0.83264357 2.1809353
4.5080499 0.76690567 1.9585943
4.5080499 0.76690547 1.9585943
4.5080498 0.76690512 1.9585943
4.5080499 0.76690465 1.9585941
4.5080501 0.76690407 1.9585938
4.5080503 0.76690338 1.9585936
4.5080506 0.76690264 1.9585934
4.5080508 0.76690195 1.9585933
4.508051 0.76690134 1.9585932
4.8498858 2.0625517 0.40917705
4.8498867 2.0625553 0.40917818
4.8498877 2.0625591 0.40917944
4.8498888 2.0625629 0.40918076
4.8498899 2.0625668 0.40918211
4.8498912 2.0625706 0.40918348
4.8498926 2.0625742 0.40918481
4.8498941 2.0625776 0.40918608
4.8498956 2.0625809 0.40918732
4.8498972 2.0625838 0.40918857
4.8498987 2.0625865 0.40918978
4.8499 2.0625889 0.40919092
4.8499011 2.0625909 0.40919197
1.826824 2.3726567 4.3182036
1.8268241 2.3726568 4.3182035
1.8268242 2.3726571 4.3182033
1.8268244 2.3726574 4.318203
1.8268247 2.3726579 4.3182027
1.826825 2.3726585 4.3182023
1.8268255 2.3726593 4.3182019
1.8268264 2.3726603 4.3182015
1.8268274 2.3726613 4.3182011
1.8268287 2.3726625 4.3182006
1.8268301 2.3726638 4.3182001
1.8268316 2.3726651 4.3181997
1.8268332 2.3726663 4.3181993
1.8268348 2.3726675 4.3181989
1.8268363 2.3726686 4.3181987
1.8268377 2.3726697 4.3181984
1.8268388 2.3726707 4.3181982
3.2160732 2.3649871 2.2855697
3.2160731 2.3649871 2.2855698
3.2160729 2.364987 2.2855699
3.2160726 2.3649868 2.2855702
3.2160723 2.3649865 2.2855704
3.2160719 2.3649862 2.2855707
3.2160715 2.3649858 2.285571
1.795447 1.3047196 3.8785514
1.7954481 1.3047164 3.8785517
1.7954491 1.304713 3.8785522
1.7954502 1.3047096 3.8785527
1.7954515 1.3047062 3.8785532
1.7954528 1.3047028 3.8785537
1.7954542 1.3046994 3.878554
1.7954556 1.304696 3.8785545
1.795457 1.3046928 3.8785549
1.9647549 2.243448 3.7442039
1.964756 2.2434489 3.7442035
1.9647572 2.2434498 3.7442031
1.9647583 2.2434507 3.7442028
1.9647593 2.2434514 3.7442025
1.9647601 2.2434519 3.7442023
1.9647605 2.2434521 3.7442022
0.84573294 1.8059087 5.0120035
0.84573263 1.8059092 5.0120046
0.84573231 1.8059099 5.0120059
0.84573198 1.8059106 5.0120074
0.84573164 1.8059113 5.0120089
0.84573139 1.8059121 5.0120105
0.84573125 1.8059128 5.0120119
4.6821836 1.4064438 2.8324758
4.6821832 1.4064441 2.8324759
4.6821825 1.4064447 2.8324761
4.6821814 1.4064455 2.8324764
4.6821801 1.4064466 2.8324767
4.6821785 1.4064478 2.8324771
4.6821767 1.4064492 2.8324775
4.6821747 1.4064507 2.832478
4.6821727 1.4064524 2.8324784
4.6821706 1.406454 2.8324788
4.6821686 1.4064557 2.8324792
4.6821667 1.4064573 2.8324794
4.682165 1.4064587 2.8324795
4.6821637 1.4064599 2.8324796
4.6821627 1.4064609 2.8324796
4.682162 1.4064616 2.8324795
4.031446 1.8724998 2.4558926
4.0314458 1.8724998 2.4558925
4.0314453 1.8725 2.4558923
4.0314447 1.8725004 2.455892
4.031444 1.8725009 2.4558917
4.031443 1.8725015 2.4558914
4.0314419 1.8725021 2.4558912
4.0314409 1.8725026 2.455891
4.03144 1.8725031 2.4558911
4.0314391 1.8725035 2.4558913
4.0314384 1.8725038 2.4558915
4.0314378 1.8725039 2.4558919
4.0314373 1.8725039 2.4558922
4.0314369 1.8725039 2.4558924
4.0314367 1.8725039 2.4558927
0 0 0
2.4052884 1.6991344 3.6917126
2.4052889 1.6991357 3.6917102
2.4052899 1.6991372 3.6917077
2.4052914 1.699139 3.691705
2.4052934 1.6991409 3.6917023
2.4052961 1.6991428 3.6916996
2.4052993 1.6991447 3.6916968
2.4053029 1.6991466 3.691694
2.4053069 1.6991483 3.6916912
2.4053112 1.6991497 3.6916883
2.4053155 1.6991508 3.6916854
1.8176945 0.83266145 2.1809076
1.8176939 0.83266086 2.1809087
1.8176931 0.83265997 2.1809103
1.817692 0.83265882 2.1809123
1.8176908 0.83265739 2.1809147
1.8176894 0.8326558 2.1809172
1.8176877 0.83265417 2.1809199
1.817686 0.83265256 2.1809225
1.8176842 0.83265102 2.180925
1.8176825 0.83264958 2.1809272
1.8176807 0.83264823 2.1809291
1.8176792 0.83264697 2.1809307
1.8176778 0.83264582 2.180932
1.8176766 0.83264488 2.1809329
1.8176758 0.83264423 2.1809334
1.8176754 0.8326439 2.1809337
4.5080401 0.76690776 1.9586022
4.5080401 0.76690754 1.9586021
4.5080403 0.76690713 1.9586019
4.5080405 0.7669066 1.9586015
4.508041 0.76690596 1.9586011
4.5080415 0.76690524 1.9586006
4.508042 0.76690449 1.9586001
4.5080425 0.76690376 1.9585997
4.8498852 2.062547 0.40917709
4.8498858 2.0625506 0.40917823
4.8498866 2.0625543 0.40917946
4.8498875 2.0625581 0.40918082
4.8498886 2.0625621 0.40918223
4.8498896 2.062566 0.40918365
4.8498908 2.0625699 0.40918511
4.8498922 2.0625736 0.40918654
4.8498936 2.0625772 0.40918793
4.8498952 2.0625805 0.40918928
4.8498967 2.0625835 0.40919058
4.8498982 2.0625863 0.4091918
4.8498995 2.0625887 0.40919295
4.8499006 2.0625908 0.40919399
1.8268282 2.3726631 4.3182043
1.8268282 2.3726632 4.3182042
1.8268283 2.3726635 4.3182038
1.8268285 2.3726639 4.3182034
1.8268288 2.3726643 4.318203
1.8268291 2.3726649 4.3182024
1.8268296 2.3726657 4.318202
1.8268304 2.3726667 4.3182015
1.8268314 2.3726677 4.3182009
1.8268326 2.3726689 4.3182003
1.8268339 2.3726701 4.3181997
1.8268354 2.3726714 4.3181991
1.8268368 2.3726727 4.3181985
1.8268382 2.3726739 4.3181978
1.8268397 2.3726751 4.3181973
1.8268409 2.3726762 4.3181968
1.8268419 2.3726772 4.3181963
0 0 0
3.2160731 2.3649865 2.2855717
3.2160729 2.3649863 2.2855718
3.2160725 2.3649861 2.285572
3.2160722 2.3649859 2.2855723
3.2160718 2.3649856 2.2855726
3.2160714 2.3649853 2.2855729
3.216071 2.364985 2.2855731
1.795448 1.304716 3.8785513
1.7954491 1.3047127 3.8785518
1.7954502 1.3047093 3.8785524
1.7954514 1.3047059 3.8785529
1.7954527 1.3047024 3.8785534
1.7954542 1.304699 3.8785538
1.9647512 2.243444 3.744206
1.9647521 2.2434446 3.7442055
1.9647531 2.2434454 3.7442051
1.9647542 2.2434461 3.7442047
1.9647553 2.2434469 3.7442043
1.9647563 2.2434477 3.744204
1.9647573 2.2434483 3.7442037
1.9647579 2.2434488 3.7442034
1.9647583 2.2434491 3.7442033
0.84573376 1.8059081 5.0120033
0.84573337 1.8059086 5.0120043
0.84573299 1.8059092 5.0120056
0.8457326 1.80591 5.0120071
0.84573222 1.8059107 5.0120086
0.84573195 1.8059115 5.0120101
0.84573181 1.8059122 5.0120116
0.8457318 1.8059128 5.0120129
4.6821812 1.4064377 2.8324729
4.6821805 1.4064383 2.8324731
4.6821795 1.4064391 2.8324734
4.6821781 1.4064401 2.8324737
4.6821765 1.4064412 2.832474
4.6821747 1.4064425 2.8324744
4.6821727 1.4064439 2.8324747
4.6821705 1.4064454 2.8324751
4.6821684 1.406447 2.8324754
4.6821664 1.4064485 2.8324757
4.6821645 1.40645 2.8324759
4.6821628 1.4064512 2.8324761
4.6821614 1.4064523 2.8324761
4.6821604 1.4064532 2.8324761
4.6821597 1.4064537 2.8324761
4.0314449 1.8724912 2.4558987
4.0314446 1.8724912 2.4558986
4.0314441 1.8724913 2.4558983
4.0314435 1.8724916 2.4558979
4.0314426 1.872492 2.4558975
4.0314416 1.8724926 2.455897
4.0314405 1.8724932 2.4558966
4.0314394 1.8724937 2.4558963
4.0314385 1.8724943 2.4558962
4.0314376 1.8724947 2.4558963
4.0314368 1.8724949 2.4558964
4.0314362 1.872495 2.4558967
4.0314358 1.872495 2.455897
4.0314354 1.872495 2.4558973
4.0314352 1.8724951 2.4558975
4.0314351 1.8724951 2.4558976
2.4052876 1.6991346 3.691713
2.4052882 1.6991359 3.6917106
2.4052891 1.6991375 3.691708
2.4052906 1.6991392 3.6917053
2.4052927 1.6991411 3.6917026
2.4052954 1.6991431 3.6916999
2.4052986 1.699145 3.6916972
2.4053023 1.6991469 3.6916943
2.4053063 1.6991485 3.6916915
2.4053106 1.6991499 3.6916886
0 0 0
1.8176934 0.83266072 2.180906
1.8176928 0.83266016 2.1809071
1.817692 0.83265934 2.1809088
1.8176909 0.83265825 2.1809108
1.8176897 0.83265692 2.1809132
1.8176882 0.83265544 2.1809158
1.8176866 0.83265394 2.1809184
1.8176848 0.83265245 2.180921
1.8176831 0.83265105 2.1809234
1.8176813 0.83264969 2.1809255
1.8176797 0.8326484 2.1809274
1.8176782 0.83264718 2.1809289
1.8176769 0.83264608 2.1809302
1.8176758 0.83264514 2.180931
1.817675 0.83264448 2.1809316
1.8176747 0.83264414 2.1809318
4.5080313 0.76690975 1.9586092
4.5080314 0.76690952 1.958609
4.5080317 0.76690906 1.9586087
4.5080322 0.76690845 1.9586082
4.5080329 0.76690774 1.9586075
4.5080336 0.76690699 1.9586068
4.5080344 0.76690622 1.9586062
4.849885 2.0625423 0.40917722
4.8498854 2.0625456 0.40917833
4.8498859 2.0625492 0.40917957
4.8498866 2.062553 0.40918091
4.8498874 2.062557 0.40918234
4.8498883 2.0625611 0.40918384
4.8498893 2.0625652 0.40918537
4.8498904 2.0625692 0.40918697
4.8498917 2.062573 0.40918854
4.8498932 2.0625766 0.40919004
4.8498947 2.06258 0.40919151
4.8498962 2.0625831 0.40919288
4.8498977 2.062586 0.40919414
4.849899 2.0625884 0.40919529
4.8499001 2.0625905 0.40919632
1.8268324 2.3726698 4.3182052
1.8268325 2.3726699 4.3182049
1.8268325 2.3726701 4.3182045
1.8268327 2.3726705 4.3182041
1.8268329 2.372671 4.3182035
1.8268333 2.3726715 4.3182029
1.8268338 2.3726724 4.3182023
1.8268345 2.3726733 4.3182016
1.8268355 2.3726744 4.3182009
1.8268365 2.3726755 4.3182002
1.8268377 2.3726767 4.3181994
1.8268389 2.372678 4.3181985
1.8268402 2.3726792 4.3181976
1.8268415 2.3726805 4.3181968
1.8268427 2.3726818 4.3181959
1.8268438 2.3726829 4.3181951
1.8268448 2.372684 4.3181944
3.2160733 2.3649859 2.2855741
3.2160732 2.3649858 2.2855742
3.2160729 2.3649857 2.2855743
3.2160725 2.3649854 2.2855745
3.2160721 2.3649852 2.2855747
3.2160717 2.3649849 2.285575
3.2160712 2.3649846 2.2855753
3.2160708 2.3649844 2.2855755
3.2160705 2.3649842 2.2855758
1.795449 1.3047124 3.8785516
1.7954501 1.304709 3.8785522
1.7954513 1.3047056 3.8785527
1.7954527 1.3047022 3.8785532
1.9647482 2.2434401 3.744208
1.9647489 2.2434406 3.7442076
1.9647497 2.2434412 3.7442071
1.9647507 2.2434419 3.7442066
1.9647517 2.2434426 3.7442062
1.9647528 2.2434433 3.7442058
1.9647539 2.2434439 3.7442055
1.9647547 2.2434445 3.7442051
1.9647553 2.2434449 3.7442049
0.84573518 1.805907 5.0120024
0.8457348 1.8059074 5.0120031
0.84573432 1.8059079 5.0120041
0.84573387 1.8059085 5.0120053
0.84573342 1.8059092 5.0120067
0.84573298 1.80591 5.0120082
0.84573267 1.8059107 5.0120097
0.84573252 1.8059114 5.0120111
0.84573254 1.8059119 5.0120125
0.84573264 1.8059124 5.0120136
0 0 0
4.6821771 1.4064321 2.83247
4.6821758 1.406433 2.8324703
4.6821742 1.4064341 2.8324705
4.6821723 1.4064353 2.8324708
4.6821702 1.4064366 2.832471
4.6821681 1.406438 2.8324713
4.6821659 1.4064395 2.8324715
4.6821639 1.4064409 2.8324717
4.682162 1.4064422 2.8324719
4.6821603 1.4064433 2.832472
4.6821589 1.4064442 2.8324721
4.6821578 1.4064449 2.8324721
4.6821571 1.4064454 2.832472
4.031444 1.8724828 2.4559047
4.0314437 1.8724828 2.4559046
4.0314432 1.8724829 2.4559043
4.0314425 1.872483 2.4559038
4.0314416 1.8724834 2.4559032
4.0314405 1.8724838 2.4559026
4.0314394 1.8724843 2.455902
4.0314383 1.8724849 2.4559016
4.0314373 1.8724854 2.4559013
4.0314365 1.8724858 2.4559012
4.0314357 1.8724861 2.4559013
4.0314352 1.8724862 2.4559015
4.0314347 1.8724863 2.4559018
4.0314344 1.8724863 2.455902
4.0314342 1.8724863 2.4559022
4.0314341 1.8724864 2.4559022
4.9416283 2.7200738 5.1063881
4.9416252 2.7200728 5.1063853
0 0 0
0 0 0
4.9416135 2.7200695 5.1063746
4.9416091 2.7200683 5.1063707
4.9416047 2.7200672 5.1063667
4.9416004 2.7200662 5.106363
4.9415966 2.7200654 5.1063596
4.9415936 2.7200647 5.1063569
1.8176925 0.83266001 2.1809038
1.8176922 0.83265972 2.1809044
1.8176916 0.83265919 2.1809055
1.8176907 0.83265843 2.1809071
1.8176897 0.83265745 2.1809091
1.8176884 0.83265624 2.1809115
1.8176869 0.83265491 2.180914
1.8176853 0.83265355 2.1809166
1.8176835 0.83265219 2.1809192
1.8176818 0.83265087 2.1809215
1.8176802 0.83264958 2.1809235
1.8176786 0.83264836 2.1809253
1.8176771 0.83264721 2.1809268
1.8176758 0.83264616 2.1809281
1.8176747 0.83264527 2.180929
1.817674 0.83264466 2.1809295
1.8176737 0.83264432 2.1809297
4.5080237 0.76691149 1.9586152
4.5080239 0.76691124 1.958615
4.5080243 0.76691077 1.9586146
4.508025 0.76691014 1.9586139
4.5080259 0.76690938 1.9586131
4.5080269 0.76690858 1.9586122
4.8498853 2.0625374 0.4091776
4.8498854 2.0625405 0.40917861
4.8498856 2.062544 0.40917978
4.849886 2.0625477 0.40918113
4.8498866 2.0625516 0.40918257
4.8498873 2.0625557 0.40918406
4.8498881 2.0625599 0.40918564
4.8498891 2.0625641 0.40918729
4.8498901 2.0625682 0.409189
4.8498914 2.0625722 0.4091907
4.8498927 2.0625759 0.40919232
4.8498942 2.0625794 0.40919389
4.8498957 2.0625826 0.40919536
4.8498972 2.0625855 0.40919666
4.8498984 2.0625881 0.40919781
4.8498994 2.0625902 0.4091988
1.8268367 2.3726766 4.318206
1.8268367 2.3726767 4.3182058
1.8268368 2.3726769 4.3182054
1.826837 2.3726773 4.3182049
1.8268372 2.3726778 4.3182043
1.8268376 2.3726784 4.3182036
1.8268381 2.3726792 4.3182029
1.8268387 2.3726801 4.318202
1.8268394 2.3726811 4.3182011
1.8268403 2.3726822 4.3182001
1.8268412 2.3726834 4.3181991
1.8268423 2.3726847 4.3181979
1.8268434 2.372686 4.3181967
1.8268445 2.3726873 4.3181956
1.8268456 2.3726886 4.3181944
1.8268466 2.3726898 4.3181934
1.8268474 2.3726908 4.3181924
1.8268481 2.3726918 4.3181916
3.2160733 2.3649851 2.2855772
3.216073 2.364985 2.2855774
3.2160726 2.3649848 2.2855775
3.2160721 2.3649845 2.2855778
3.2160717 2.3649843 2.285578
3.2160712 2.364984 2.2855783
3.2160708 2.3649838 2.2855786
3.2160705 2.3649836 2.2855789
3.2160703 2.3649835 2.2855791
1.7954501 1.3047089 3.8785521
1.7954513 1.3047055 3.8785526
1.964745 2.2434357 3.7442103
1.9647454 2.243436 3.7442099
1.9647461 2.2434365 3.7442094
1.9647469 2.2434371 3.7442089
1.9647478 2.2434377 3.7442084
1.9647488 2.2434384 3.744208
1.9647499 2.243439 3.7442076
1.9647509 2.2434396 3.7442072
1.9647517 2.2434401 3.7442069
0 0 0
0.84573652 1.8059062 5.0120022
0.84573605 1.8059065 5.0120029
0.8457355 1.805907 5.0120038
0.84573495 1.8059076 5.0120049
0.84573443 1.8059082 5.0120062
0.84573397 1.805909 5.0120076
0.84573364 1.8059097 5.0120091
0.84573347 1.8059104 5.0120105
0.84573347 1.805911 5.0120119
0.84573354 1.8059114 5.012013
0.8457336 1.8059118 5.012014
4.6821744 1.4064248 2.8324662
4.682173 1.4064256 2.8324664
4.6821714 1.4064266 2.8324666
4.6821695 1.4064277 2.8324668
4.6821675 1.4064289 2.8324669
4.6821653 1.4064302 2.8324671
4.6821632 1.4064316 2.8324672
4.6821611 1.4064329 2.8324673
4.6821592 1.406434 2.8324674
4.6821576 1.4064349 2.8324674
4.6821562 1.4064357 2.8324674
4.6821551 1.4064362 2.8324674
4.6821544 1.4064366 2.8324673
4.0314433 1.8724747 2.4559105
4.031443 1.8724746 2.4559103
4.0314425 1.8724746 2.45591
4.0314417 1.8724747 2.4559094
4.0314408 1.8724749 2.4559087
4.0314398 1.8724753 2.455908
4.0314386 1.8724758 2.4559073
4.0314376 1.8724763 2.4559067
4.0314366 1.8724768 2.4559063
4.0314358 1.8724772 2.455906
4.031435 1.8724774 2.455906
4.0314345 1.8724776 2.4559062
4.031434 1.8724778 2.4559064
4.0314337 1.8724778 2.4559065
4.0314334 1.8724779 2.4559066
4.0314333 1.872478 2.4559067
4.941629 2.7200736 5.1063885
4.9416259 2.7200727 5.1063857
4.9416224 2.7200716 5.1063825
4.9416186 2.7200705 5.1063789
4.9416144 2.7200693 5.1063751
4.94161 2.7200681 5.1063712
4.9416056 2.7200671 5.1063673
4.9416013 2.7200661 5.1063635
4.9415976 2.7200653 5.1063603
4.9415945 2.7200646 5.1063576
0 0 0
1.8176907 0.83265842 2.1809027
1.8176901 0.83265793 2.1809038
1.8176893 0.83265721 2.1809054
1.8176883 0.8326563 2.1809073
1.817687 0.83265526 2.1809096
1.8176855 0.8326541 2.1809121
1.8176838 0.83265291 2.1809147
1.8176821 0.83265168 2.1809172
1.8176804 0.83265046 2.1809194
1.8176788 0.83264926 2.1809214
1.8176773 0.8326481 2.1809232
1.8176758 0.83264701 2.1809246
1.8176746 0.83264599 2.1809258
1.8176735 0.83264516 2.1809267
1.8176728 0.8326446 2.1809273
1.8176724 0.83264431 2.1809275
4.5080173 0.76691288 1.9586203
4.5080176 0.76691266 1.9586201
4.5080181 0.76691219 1.9586195
4.508019 0.76691154 1.9586187
4.5080201 0.76691076 1.9586177
4.849886 2.0625326 0.40917822
4.8498859 2.0625354 0.40917912
4.8498859 2.0625386 0.40918022
4.849886 2.0625421 0.40918148
4.8498864 2.062546 0.40918289
4.8498868 2.06255 0.40918441
4.8498874 2.0625543 0.40918598
4.8498881 2.0625586 0.40918761
4.8498889 2.0625629 0.4091893
4.8498898 2.0625672 0.40919106
4.849891 2.0625712 0.40919286
4.8498923 2.0625751 0.40919461
4.8498937 2.0625787 0.40919627
4.8498951 2.062582 0.40919781
4.8498965 2.062585 0.40919917
4.8498977 2.0625876 0.40920032
4.8498986 2.0625898 0.40920127
1.8268409 2.3726835 4.318207
1.826841 2.3726836 4.3182068
1.8268411 2.3726838 4.3182064
1.8268413 2.3726842 4.318206
1.8268415 2.3726847 4.3182053
1.8268418 2.3726853 4.3182045
1.8268422 2.3726861 4.3182036
1.8268427 2.372687 4.3182025
1.8268432 2.372688 4.3182014
1.8268439 2.3726891 4.3182002
1.8268446 2.3726903 4.3181988
1.8268454 2.3726915 4.3181973
1.8268463 2.3726929 4.3181959
1.8268473 2.3726942 4.3181944
1.8268482 2.3726955 4.3181929
1.826849 2.3726967 4.3181916
1.8268498 2.3726978 4.3181903
1.8268503 2.3726987 4.3181893
3.2160735 2.3649845 2.2855808
3.2160732 2.3649844 2.285581
3.2160728 2.3649842 2.2855813
3.2160723 2.3649839 2.2855815
3.2160718 2.3649837 2.2855817
3.2160713 2.3649835 2.285582
3.2160709 2.3649833 2.2855823
3.2160706 2.3649832 2.2855826
3.2160704 2.3649831 2.2855828
3.2160703 2.364983 2.285583
1.9647417 2.243431 3.7442126
1.9647419 2.2434311 3.7442124
1.9647423 2.2434314 3.7442119
1.9647428 2.2434318 3.7442114
1.9647436 2.2434324 3.7442108
1.9647444 2.243433 3.7442103
1.9647454 2.2434336 3.7442099
1.9647465 2.2434342 3.7442095
1.9647475 2.2434347 3.7442092
1.9647483 2.2434352 3.7442089
0.84573858 1.805905 5.0120016
0.84573817 1.8059052 5.012002
0.8457376 1.8059056 5.0120026
0.84573695 1.805906 5.0120034
0.84573631 1.8059065 5.0120045
0.84573572 1.8059072 5.0120057
0.84573523 1.8059078 5.012007
0.84573487 1.8059085 5.0120084
0.84573467 1.8059092 5.0120098
0.8457346 1.8059098 5.0120111
0.84573459 1.8059103 5.0120122
0.84573461 1.8059106 5.0120132
0.8457346 1.8059109 5.0120139
4.68217 1.4064179 2.8324623
4.6821684 1.4064187 2.8324623
4.6821665 1.4064197 2.8324624
4.6821645 1.4064209 2.8324624
4.6821624 1.4064221 2.8324625
4.6821602 1.4064233 2.8324625
4.6821582 1.4064245 2.8324625
4.6821563 1.4064255 2.8324625
4.6821547 1.4064262 2.8324624
4.6821533 1.4064268 2.8324623
4.6821523 1.4064272 2.8324622
4.6821515 1.4064275 2.8324621
4.0314427 1.8724668 2.455916
4.0314424 1.8724667 2.4559158
4.0314419 1.8724666 2.4559154
4.0314412 1.8724667 2.4559147
4.0314402 1.8724668 2.4559139
4.0314393 1.8724671 2.4559131
4.0314382 1.8724676 2.4559124
4.0314372 1.8724681 2.4559117
4.0314362 1.8724686 2.4559111
4.0314353 1.8724689 2.4559107
4.0314346 1.8724693 2.4559106
4.031434 1.8724695 2.4559106
4.0314335 1.8724697 2.4559107
4.0314332 1.8724698 2.4559108
4.0314329 1.8724699 2.4559108
4.9416329 2.7200742 5.1063914
4.9416304 2.7200733 5.1063892
4.9416273 2.7200724 5.1063865
4.9416239 2.7200713 5.1063833
4.9416201 2.7200702 5.1063798
4.941616 2.720069 5.1063761
4.9416118 2.7200678 5.1063724
4.9416074 2.7200668 5.1063685
4.9416032 2.7200658 5.1063648
4.9415995 2.720065 5.1063616
4.9415964 2.7200644 5.1063589
4.9415939 2.7200639 5.1063566
1.8176891 0.83265687 2.180901
1.8176886 0.8326564 2.1809021
1.8176878 0.8326557 2.1809036
1.8176868 0.83265487 2.1809054
1.8176855 0.83265395 2.1809076
1.817684 0.83265299 2.18091
1.8176824 0.83265198 2.1809125
1.8176806 0.8326509 2.1809149
1.8176789 0.83264982 2.1809171
1.8176773 0.83264872 2.1809191
1.8176758 0.83264763 2.1809208
1.8176744 0.83264658 2.1809222
1.8176731 0.83264562 2.1809234
1.817672 0.83264483 2.1809243
1.8176713 0.8326443 2.1809249
1.8176709 0.83264403 2.1809252
4.5080124 0.76691388 1.9586243
4.5080127 0.76691367 1.958624
4.5080134 0.76691323 1.9586234
4.5080144 0.76691259 1.9586225
4.849887 2.0625279 0.40917895
4.8498868 2.0625303 0.4091798
4.8498867 2.0625332 0.40918081
4.8498866 2.0625365 0.40918198
4.8498866 2.0625401 0.40918332
4.8498869 2.0625441 0.4091848
4.8498872 2.0625483 0.40918636
4.8498876 2.0625526 0.40918796
4.8498881 2.0625571 0.4091896
4.8498888 2.0625616 0.40919131
4.8498896 2.062566 0.4091931
4.8498906 2.0625701 0.40919496
4.8498918 2.0625741 0.40919679
4.8498931 2.0625778 0.4091985
4.8498944 2.0625813 0.40920011
4.8498956 2.0625844 0.40920149
4.8498968 2.0625871 0.40920266
4.8498977 2.0625894 0.40920359
1.8268453 2.3726905 4.318208
1.8268453 2.3726906 4.3182079
1.8268454 2.3726908 4.3182076
1.8268456 2.3726912 4.3182071
1.8268458 2.3726917 4.3182063
1.826846 2.3726923 4.3182054
1.8268463 2.3726931 4.3182044
1.8268466 2.3726939 4.3182031
1.826847 2.3726949 4.3182018
1.8268475 2.372696 4.3182003
1.8268479 2.3726972 4.3181987
1.8268485 2.3726985 4.3181969
1.8268491 2.3726998 4.3181951
1.8268499 2.3727012 4.3181933
1.8268506 2.3727025 4.3181915
1.8268513 2.3727037 4.3181898
1.8268519 2.3727048 4.3181883
1.8268523 2.3727057 4.3181871
3.2160738 2.3649842 2.2855851
3.2160735 2.364984 2.2855852
3.2160731 2.3649838 2.2855855
3.2160726 2.3649836 2.2855857
3.2160721 2.3649833 2.285586
3.2160717 2.3649831 2.2855862
3.2160713 2.364983 2.2855865
3.216071 2.3649829 2.2855868
3.2160708 2.3649828 2.285587
3.2160707 2.3649827 2.2855872
1.9647383 2.243426 3.7442149
1.9647385 2.2434261 3.7442146
1.9647389 2.2434263 3.7442141
1.9647394 2.2434267 3.7442135
1.96474 2.2434273 3.7442129
1.9647408 2.2434278 3.7442124
1.9647418 2.2434284 3.7442119
1.9647428 2.2434289 3.7442115
1.9647438 2.2434295 3.7442112
1.9647446 2.24343 3.744211
0.84574061 1.8059039 5.0120014
0.84574015 1.8059042 5.0120018
0.84573949 1.8059045 5.0120023
0.84573874 1.8059049 5.012003
0.84573798 1.8059054 5.012004
0.84573728 1.805906 5.0120051
0.84573669 1.8059066 5.0120063
0.84573626 1.8059072 5.0120076
0.84573598 1.8059079 5.0120089
0.84573581 1.8059085 5.0120101
0.84573572 1.805909 5.0120113
0.84573566 1.8059094 5.0120122
0.84573558 1.8059096 5.0120129
0.84573551 1.8059098 5.0120134
4.6821651 1.4064107 2.8324579
4.6821633 1.4064116 2.8324578
4.6821613 1.4064126 2.8324577
4.6821592 1.4064137 2.8324576
4.6821571 1.4064149 2.8324575
4.6821551 1.4064159 2.8324574
4.6821533 1.4064168 2.8324572
4.6821517 1.4064173 2.8324569
4.6821503 1.4064178 2.8324567
4.6821493 1.406418 2.8324566
4.6821486 1.4064182 2.8324564
4.0314424 1.8724592 2.455921
4.0314421 1.8724591 2.4559208
4.0314416 1.872459 2.4559204
4.0314408 1.872459 2.4559198
4.0314399 1.8724591 2.4559189
4.0314389 1.8724594 2.455918
4.0314379 1.8724599 2.4559172
4.0314369 1.8724603 2.4559163
4.0314359 1.8724608 2.4559157
4.031435 1.8724612 2.4559152
4.0314342 1.8724616 2.4559149
4.0314336 1.8724619 2.4559147
4.0314331 1.8724621 2.4559147
4.0314328 1.8724622 2.4559146
4.9416366 2.7200745 5.1063939
4.9416347 2.7200738 5.1063922
4.9416322 2.7200729 5.1063901
4.9416291 2.7200719 5.1063874
4.9416257 2.7200708 5.1063843
4.9416221 2.7200697 5.1063809
4.9416182 2.7200685 5.1063775
4.9416141 2.7200674 5.1063738
4.94161 2.7200664 5.1063702
4.9416059 2.7200654 5.1063667
4.9416022 2.7200645 5.1063635
4.9415991 2.7200639 5.1063607
4.9415965 2.7200634 5.1063584
4.9415945 2.7200629 5.1063566
1.817687 0.83265465 2.1809003
1.8176863 0.83265402 2.1809017
1.8176853 0.83265326 2.1809034
1.817684 0.83265248 2.1809054
1.8176825 0.83265167 2.1809076
1.8176809 0.8326508 2.18091
1.8176792 0.83264987 2.1809124
1.8176775 0.83264892 2.1809145
1.8176758 0.83264795 2.1809164
1.8176743 0.83264696 2.1809181
1.8176729 0.83264599 2.1809195
1.8176717 0.8326451 2.1809207
1.8176706 0.83264437 2.1809217
1.8176698 0.83264385 2.1809223
1.8176693 0.8326436 2.1809227
4.508009 0.76691451 1.9586271
4.5080094 0.76691432 1.9586267
4.5080102 0.76691391 1.958626
4.8498881 2.0625233 0.40917974
4.8498879 2.0625254 0.40918047
4.8498877 2.0625279 0.40918142
4.8498876 2.0625308 0.40918254
4.8498874 2.0625342 0.4091838
4.8498874 2.062538 0.4091852
4.8498875 2.0625421 0.40918673
4.8498877 2.0625464 0.40918831
4.849888 2.0625509 0.40918992
4.8498884 2.0625555 0.40919156
4.8498889 2.0625602 0.40919327
4.8498895 2.0625647 0.40919506
4.8498903 2.062569 0.40919688
4.8498913 2.0625731 0.40919869
4.8498924 2.0625769 0.40920043
4.8498935 2.0625805 0.40920206
4.8498947 2.0625838 0.40920351
4.8498957 2.0625866 0.40920471
4.8498966 2.0625889 0.40920558
4.8498972 2.0625908 0.40920616
1.8268497 2.3726976 4.318209
1.8268497 2.3726978 4.3182087
1.8268498 2.3726982 4.3182081
1.8268499 2.3726987 4.3182073
1.8268501 2.3726993 4.3182064
1.8268503 2.3727 4.3182052
1.8268504 2.3727008 4.3182037
1.8268506 2.3727018 4.3182022
1.8268509 2.3727029 4.3182005
1.8268511 2.3727041 4.3181986
1.8268514 2.3727054 4.3181965
1.8268518 2.3727068 4.3181943
1.8268523 2.3727081 4.3181922
1.8268529 2.3727094 4.31819
1.8268533 2.3727107 4.3181881
1.8268537 2.3727118 4.3181863
1.8268541 2.3727127 4.3181848
1.8268544 2.3727134 4.3181838
3.2160738 2.3649839 2.2855898
3.2160735 2.3649837 2.2855901
3.2160731 2.3649835 2.2855904
3.2160727 2.3649833 2.2855907
3.2160723 2.3649831 2.285591
3.216072 2.364983 2.2855913
3.2160717 2.3649829 2.2855914
3.2160715 2.3649829 2.2855917
3.2160714 2.3649828 2.2855918
1.9647348 2.2434205 3.7442172
1.9647349 2.2434206 3.7442169
1.9647353 2.2434209 3.7442164
1.9647357 2.2434213 3.7442158
1.9647363 2.2434218 3.7442152
1.9647371 2.2434223 3.7442146
1.964738 2.2434229 3.7442141
1.964739 2.2434235 3.7442137
1.96474 2.2434241 3.7442134
0.84574321 1.8059027 5.012001
0.84574295 1.8059028 5.0120011
0.84574245 1.8059031 5.0120014
0.84574171 1.8059034 5.0120019
0.84574082 1.8059038 5.0120026
0.84573992 1.8059042 5.0120034
0.84573908 1.8059048 5.0120044
0.84573838 1.8059053 5.0120055
0.84573782 1.8059059 5.0120067
0.84573738 1.8059065 5.0120079
0.84573707 1.8059071 5.012009
0.84573685 1.8059076 5.01201
0.84573668 1.805908 5.0120108
0.84573654 1.8059083 5.0120115
0.84573639 1.8059084 5.012012
0.84573631 1.8059085 5.0120122
4.6821599 1.4064034 2.8324531
4.682158 1.4064042 2.8324528
4.6821559 1.4064052 2.8324525
4.6821539 1.4064062 2.8324523
4.6821519 1.4064071 2.832452
4.6821501 1.4064079 2.8324516
4.6821486 1.4064083 2.8324513
4.6821473 1.4064086 2.8324509
4.6821463 1.4064087 2.8324506
4.6821456 1.4064088 2.8324504
4.0314422 1.8724519 2.4559257
4.0314419 1.8724518 2.4559255
4.0314414 1.8724517 2.455925
4.0314406 1.8724517 2.4559243
4.0314397 1.8724518 2.4559235
4.0314388 1.8724521 2.4559225
4.0314377 1.8724526 2.4559215
4.0314367 1.872453 2.4559206
4.0314357 1.8724535 2.4559198
4.0314348 1.872454 2.4559192
4.031434 1.8724544 2.4559188
4.0314333 1.8724547 2.4559185
4.0314328 1.872455 2.4559183
4.9416398 2.7200743 5.1063956
4.9416386 2.7200739 5.1063946
4.9416367 2.7200732 5.106393
4.9416342 2.7200723 5.1063909
4.9416312 2.7200712 5.1063883
4.941628 2.7200701 5.1063854
4.9416244 2.720069 5.1063822
4.9416208 2.7200679 5.1063789
4.941617 2.7200668 5.1063756
4.9416131 2.7200658 5.1063721
4.9416092 2.7200648 5.1063689
4.9416056 2.720064 5.1063658
4.9416025 2.7200632 5.1063631
4.9415998 2.7200627 5.1063607
4.9415977 2.7200622 5.1063588
4.9415963 2.7200618 5.1063576
1.8176849 0.8326522 2.1808996
1.8176839 0.83265156 2.1809012
1.8176826 0.8326509 2.180903
1.8176812 0.83265022 2.1809051
1.8176795 0.83264948 2.1809073
1.8176778 0.83264869 2.1809096
1.8176761 0.83264788 2.1809117
1.8176744 0.83264703 2.1809136
1.8176728 0.83264616 2.1809152
1.8176715 0.83264529 2.1809166
1.8176702 0.83264448 2.1809178
1.8176691 0.8326438 2.1809187
1.8176683 0.83264329 2.1809194
1.8176678 0.83264303 2.1809198
4.5080073 0.76691481 1.9586286
4.8498891 2.0625179 0.40918023
4.8498891 2.062519 0.40918058
4.849889 2.0625206 0.40918117
4.8498889 2.0625227 0.40918198
4.8498888 2.0625253 0.40918301
4.8498886 2.0625283 0.40918423
4.8498884 2.0625318 0.40918558
4.8498884 2.0625357 0.40918702
4.8498884 2.0625399 0.40918856
4.8498884 2.0625444 0.40919015
4.8498885 2.0625491 0.40919175
4.8498887 2.0625539 0.40919334
4.8498891 2.0625587 0.40919504
4.8498895 2.0625633 0.40919677
4.8498901 2.0625678 0.40919854
4.8498908 2.0625719 0.4092003
4.8498917 2.0625759 0.40920202
4.8498927 2.0625796 0.40920366
4.8498936 2.0625831 0.40920511
4.8498945 2.062586 0.40920631
4.8498953 2.0625884 0.40920716
4.8498959 2.0625903 0.40920768
1.826854 2.3727044 4.3182102
1.826854 2.3727046 4.3182098
1.826854 2.372705 4.3182092
1.826854 2.3727055 4.3182083
1.826854 2.3727061 4.3182072
1.826854 2.3727067 4.3182058
1.826854 2.3727075 4.3182043
1.8268541 2.3727085 4.3182025
1.8268541 2.3727097 4.3182006
1.8268541 2.3727109 4.3181984
1.8268542 2.3727123 4.318196
1.8268543 2.3727136 4.3181935
1.8268546 2.3727149 4.3181911
1.8268549 2.3727162 4.3181887
1.8268552 2.3727175 4.3181864
1.8268555 2.3727186 4.3181844
1.8268557 2.3727195 4.3181827
1.8268558 2.3727203 4.3181815
3.2160744 2.3649841 2.2855949
3.2160742 2.3649839 2.2855952
3.2160739 2.3649837 2.2855955
3.2160736 2.3649835 2.2855958
3.2160733 2.3649834 2.2855962
3.2160731 2.3649833 2.2855964
3.2160728 2.3649833 2.2855966
3.2160727 2.3649832 2.2855969
3.2160726 2.3649832 2.285597
1.9647309 2.2434148 3.7442194
1.9647311 2.2434149 3.7442192
1.9647314 2.2434152 3.7442187
1.9647319 2.2434156 3.7442181
1.9647326 2.2434161 3.7442175
1.9647333 2.2434167 3.7442168
1.9647342 2.2434173 3.7442163
1.9647353 2.2434179 3.744216
1.9647363 2.2434186 3.7442157
0.84574575 1.8059015 5.0120007
0.84574548 1.8059017 5.0120008
0.84574493 1.8059019 5.012001
0.84574413 1.8059022 5.0120014
0.84574312 1.8059026 5.012002
0.84574207 1.8059031 5.0120028
0.84574108 1.8059036 5.0120037
0.84574024 1.8059041 5.0120047
0.8457395 1.8059046 5.0120057
0.84573885 1.8059051 5.0120067
0.84573835 1.8059057 5.0120077
0.84573799 1.8059062 5.0120085
0.84573769 1.8059066 5.0120092
0.84573744 1.8059068 5.0120098
0.84573724 1.8059069 5.0120102
0.84573712 1.805907 5.0120103
4.6821565 1.4063951 2.8324482
4.6821546 1.4063958 2.8324478
4.6821526 1.4063966 2.8324474
4.6821505 1.4063975 2.8324469
4.6821486 1.4063983 2.8324464
4.6821469 1.4063989 2.8324459
4.6821454 1.4063992 2.8324454
4.6821441 1.4063994 2.8324449
4.6821432 1.4063994 2.8324445
4.6821425 1.4063994 2.8324442
4.0314421 1.8724448 2.4559299
4.0314418 1.8724448 2.4559296
4.0314412 1.8724448 2.4559291
4.0314405 1.8724448 2.4559284
4.0314396 1.872445 2.4559275
4.0314387 1.8724453 2.4559265
4.0314376 1.8724457 2.4559254
4.0314365 1.8724462 2.4559244
4.0314355 1.8724467 2.4559235
4.0314346 1.8724472 2.4559228
4.0314337 1.8724477 2.4559222
4.031433 1.8724481 2.4559218
4.9416429 2.7200739 5.106397
4.9416422 2.7200737 5.1063965
4.9416409 2.7200732 5.1063954
4.941639 2.7200725 5.1063938
4.9416365 2.7200716 5.1063917
4.9416336 2.7200705 5.1063892
4.9416305 2.7200694 5.1063864
4.9416271 2.7200682 5.1063834
4.9416237 2.7200671 5.1063804
4.9416202 2.7200661 5.1063774
4.9416166 2.7200651 5.1063743
4.9416129 2.7200642 5.1063713
4.9416095 2.7200633 5.1063684
4.9416063 2.7200625 5.1063657
4.9416036 2.7200618 5.1063634
4.9416015 2.7200613 5.1063616
4.9416001 2.7200609 5.1063603
4.9415994 2.7200607 5.1063597
1.8176827 0.8326498 2.1808988
1.8176814 0.83264926 2.1809005
1.8176799 0.83264871 2.1809024
1.8176783 0.83264809 2.1809045
1.8176765 0.83264743 2.1809066
1.8176747 0.83264675 2.1809086
1.817673 0.83264602 2.1809104
1.8176715 0.83264527 2.180912
1.8176701 0.8326445 2.1809133
1.8176689 0.83264376 2.1809145
1.8176678 0.83264309 2.1809155
1.8176669 0.83264257 2.1809163
1.8176664 0.83264231 2.1809167
4.8498901 2.0625144 0.40918144
4.84989 2.0625149 0.40918161
4.84989 2.062516 0.40918198
4.84989 2.0625176 0.40918259
4.8498899 2.0625198 0.40918345
4.8498898 2.0625225 0.40918456
4.8498897 2.0625257 0.40918584
4.8498896 2.0625293 0.40918722
4.8498895 2.0625334 0.40918869
4.8498894 2.0625377 0.40919024
4.8498893 2.0625424 0.40919182
4.8498892 2.0625472 0.40919339
4.8498893 2.0625521 0.40919493
4.8498894 2.062557 0.40919654
4.8498895 2.0625618 0.40919818
4.8498899 2.0625664 0.40919986
4.8498904 2.0625708 0.40920154
4.849891 2.0625749 0.4092032
4.8498918 2.0625787 0.40920481
4.8498926 2.0625823 0.40920624
4.8498933 2.0625853 0.40920738
4.8498939 2.0625878 0.4092082
4.8498944 2.0625898 0.40920872
0 0 0
1.8268583 2.3727112 4.318211
1.8268581 2.3727115 4.3182103
1.826858 2.372712 4.3182093
1.8268578 2.3727126 4.318208
1.8268577 2.3727132 4.3182065
1.8268575 2.372714 4.3182048
1.8268574 2.372715 4.3182028
1.8268573 2.3727162 4.3182006
1.826857 2.3727175 4.3181981
1.8268568 2.3727189 4.3181954
1.8268567 2.3727202 4.3181926
1.8268568 2.3727216 4.3181899
1.8268568 2.3727229 4.3181872
1.8268569 2.3727241 4.3181847
1.826857 2.3727253 4.3181825
1.826857 2.3727263 4.3181807
1.826857 2.3727271 4.3181793
1.826857 2.3727276 4.3181783
3.2160752 2.3649845 2.2856006
3.216075 2.3649843 2.2856009
3.2160748 2.3649842 2.2856013
3.2160747 2.3649841 2.2856017
3.2160746 2.364984 2.2856021
3.2160745 2.3649839 2.2856024
3.2160744 2.3649839 2.2856026
3.2160743 2.3649839 2.2856027
1.9647268 2.2434089 3.7442216
1.964727 2.2434091 3.7442214
1.9647274 2.2434094 3.7442209
1.964728 2.2434098 3.7442203
1.9647287 2.2434104 3.7442196
1.9647296 2.243411 3.744219
1.9647305 2.2434117 3.7442185
1.9647316 2.2434125 3.7442182
1.9647326 2.2434132 3.7442179
0.84574838 1.8059003 5.0120002
0.84574809 1.8059005 5.0120003
0.84574751 1.8059007 5.0120006
0.84574665 1.8059011 5.0120009
0.84574553 1.8059015 5.0120014
0.84574435 1.8059019 5.0120021
0.84574323 1.8059024 5.0120029
0.84574222 1.8059028 5.0120037
0.84574129 1.8059033 5.0120045
0.84574044 1.8059038 5.0120054
0.84573973 1.8059042 5.0120061
0.84573918 1.8059047 5.0120068
0.84573872 1.8059051 5.0120074
0.84573836 1.8059053 5.0120078
0.84573812 1.8059053 5.0120081
0.84573796 1.8059053 5.0120082
4.682153 1.406387 2.8324434
4.6821511 1.4063875 2.8324428
4.6821491 1.4063881 2.8324422
4.6821471 1.4063888 2.8324415
4.6821453 1.4063894 2.8324409
4.6821436 1.4063899 2.8324402
4.6821421 1.4063902 2.8324396
4.6821409 1.4063902 2.832439
4.6821399 1.4063902 2.8324384
4.6821393 1.4063901 2.832438
4.031442 1.8724383 2.4559334
4.0314417 1.8724382 2.4559332
4.0314411 1.8724383 2.4559327
4.0314404 1.8724384 2.4559319
4.0314395 1.8724386 2.455931
4.0314385 1.8724389 2.4559299
4.0314375 1.8724394 2.4559288
4.0314364 1.8724399 2.4559277
4.0314353 1.8724404 2.4559267
4.0314343 1.872441 2.4559259
4.0314335 1.8724415 2.4559251
4.0314328 1.8724419 2.4559246
4.9416456 2.7200731 5.1063979
4.941645 2.7200728 5.1063974
4.9416437 2.7200724 5.1063963
4.9416417 2.7200717 5.1063947
4.9416393 2.7200707 5.1063926
4.9416365 2.7200697 5.1063902
4.9416334 2.7200685 5.1063875
4.9416302 2.7200673 5.1063848
4.9416271 2.7200663 5.1063821
4.9416239 2.7200652 5.1063794
4.9416205 2.7200643 5.1063766
4.9416171 2.7200633 5.1063739
4.9416138 2.7200624 5.1063712
4.9416106 2.7200616 5.1063686
4.9416079 2.7200608 5.1063665
4.9416059 2.7200603 5.1063647
4.9416044 2.7200598 5.1063635
4.9416038 2.7200596 5.106363
1.8176815 0.83264802 2.1808963
1.8176803 0.83264759 2.1808979
1.8176788 0.83264713 2.1808996
1.8176771 0.83264662 2.1809016
1.8176753 0.83264611 2.1809036
1.8176735 0.83264556 2.1809054
1.8176717 0.83264494 2.1809071
1.8176701 0.83264428 2.1809086
1.8176687 0.8326436 2.1809099
1.8176675 0.83264292 2.180911
1.8176665 0.83264229 2.180912
1.8176656 0.83264177 2.1809128
1.8176652 0.83264148 2.1809132
4.8498911 2.0625111 0.4091827
4.8498911 2.0625117 0.40918288
4.849891 2.0625128 0.40918327
4.849891 2.0625146 0.40918393
4.849891 2.0625169 0.40918485
4.849891 2.0625197 0.40918602
4.8498909 2.0625231 0.40918734
4.8498908 2.0625268 0.40918877
4.8498906 2.062531 0.40919025
4.8498904 2.0625355 0.40919177
4.8498902 2.0625403 0.40919329
4.84989 2.0625453 0.40919479
4.8498898 2.0625504 0.40919627
4.8498897 2.0625554 0.40919776
4.8498896 2.0625603 0.4091993
4.8498897 2.062565 0.40920088
4.84989 2.0625695 0.40920245
4.8498904 2.0625737 0.40920403
4.8498909 2.0625777 0.40920555
4.8498915 2.0625814 0.40920689
4.849892 2.0625846 0.40920799
4.8498925 2.0625871 0.40920878
4.8498929 2.0625891 0.40920931
4.8498932 2.0625906 0.40920963
1.8268623 2.3727174 4.3182122
1.8268622 2.3727178 4.3182114
1.8268619 2.3727182 4.3182102
1.8268615 2.3727188 4.3182088
1.8268612 2.3727194 4.318207
1.826861 2.3727203 4.3182052
1.8268607 2.3727213 4.318203
1.8268603 2.3727225 4.3182005
1.8268598 2.3727238 4.3181977
1.8268594 2.3727252 4.3181947
1.826859 2.3727266 4.3181916
1.8268588 2.372728 4.3181886
1.8268585 2.3727293 4.3181856
1.8268584 2.3727306 4.318183
1.8268582 2.3727318 4.3181806
1.8268581 2.3727328 4.3181787
1.8268579 2.3727337 4.3181771
1.8268577 2.3727342 4.318176
3.2160766 2.3649854 2.2856063
3.2160764 2.3649853 2.2856067
3.2160764 2.3649852 2.2856072
3.2160764 2.3649851 2.2856078
3.2160765 2.364985 2.2856083
3.2160766 2.3649849 2.2856088
3.2160767 2.3649848 2.2856091
3.2160766 2.3649849 2.2856092
1.9647228 2.2434032 3.7442237
1.964723 2.2434033 3.7442234
1.9647234 2.2434037 3.7442229
1.9647241 2.2434042 3.7442223
1.9647249 2.2434048 3.7442217
1.9647259 2.2434056 3.7442211
1.964727 2.2434064 3.7442206
1.9647281 2.2434073 3.7442203
1.9647291 2.2434081 3.7442201
0.84575092 1.8058993 5.0119996
0.84575061 1.8058994 5.0119997
0.84575002 1.8058997 5.0119999
0.84574915 1.8059001 5.0120002
0.84574799 1.8059005 5.0120006
0.84574673 1.8059009 5.0120012
0.84574548 1.8059013 5.0120019
0.84574431 1.8059017 5.0120026
0.8457432 1.805902 5.0120032
0.84574216 1.8059024 5.0120039
0.84574127 1.8059028 5.0120045
0.84574052 1.8059032 5.0120049
0.84573988 1.8059035 5.0120053
0.84573938 1.8059037 5.0120056
0.84573904 1.8059037 5.0120057
0.84573887 1.8059037 5.0120058
4.6821495 1.4063791 2.8324386
4.6821476 1.4063795 2.8324378
4.6821457 1.4063799 2.832437
4.6821437 1.4063804 2.8324362
4.6821419 1.4063808 2.8324354
4.6821402 1.4063811 2.8324346
4.6821388 1.4063813 2.8324339
4.6821376 1.4063812 2.8324331
4.6821367 1.4063811 2.8324325
4.6821361 1.406381 2.832432
4.0314416 1.8724321 2.4559364
4.0314413 1.8724322 2.4559361
4.0314408 1.8724322 2.4559356
4.03144 1.8724324 2.4559348
4.0314392 1.8724326 2.4559338
4.0314382 1.872433 2.4559327
4.0314372 1.8724335 2.4559316
4.0314362 1.872434 2.4559304
4.0314351 1.8724346 2.4559293
4.0314341 1.8724352 2.4559284
4.0314333 1.8724358 2.4559276
4.0314326 1.8724363 2.455927
4.9416486 2.7200721 5.1063988
4.941648 2.7200719 5.1063983
4.9416467 2.7200713 5.1063973
4.9416448 2.7200706 5.1063957
4.9416424 2.7200697 5.1063937
4.9416397 2.7200686 5.1063914
4.9416368 2.7200675 5.1063889
4.9416337 2.7200663 5.1063864
4.9416308 2.7200652 5.1063839
4.9416279 2.7200642 5.1063815
4.9416248 2.7200632 5.1063792
4.9416216 2.7200623 5.1063767
4.9416184 2.7200614 5.1063742
4.9416153 2.7200605 5.1063718
4.9416127 2.7200597 5.1063698
4.9416107 2.7200591 5.1063683
4.9416094 2.7200586 5.1063672
4.9416088 2.7200584 5.1063667
1.8176805 0.83264633 2.1808939
1.8176793 0.83264596 2.1808952
1.8176778 0.83264557 2.1808968
1.8176761 0.83264516 2.1808986
1.8176742 0.83264474 2.1809004
1.8176723 0.83264433 2.1809021
1.8176706 0.83264381 2.1809037
1.8176689 0.83264322 2.1809051
1.8176674 0.83264258 2.1809063
1.8176663 0.83264192 2.1809074
1.8176653 0.83264132 2.1809084
1.8176645 0.83264082 2.1809091
1.8176641 0.83264054 2.1809095
4.8498921 2.0625079 0.40918378
4.8498921 2.0625085 0.40918397
4.849892 2.0625097 0.40918442
4.8498921 2.0625115 0.40918514
4.8498921 2.0625139 0.40918613
4.8498922 2.0625169 0.40918734
4.8498922 2.0625204 0.4091887
4.8498921 2.0625243 0.40919017
4.8498919 2.0625286 0.40919163
4.8498915 2.0625333 0.40919308
4.8498911 2.0625383 0.40919453
4.8498907 2.0625434 0.40919596
4.8498903 2.0625486 0.40919734
4.84989 2.0625538 0.40919873
4.8498897 2.0625588 0.40920016
4.8498896 2.0625636 0.40920161
4.8498896 2.0625682 0.40920304
4.8498897 2.0625726 0.40920447
4.84989 2.0625767 0.40920587
4.8498904 2.0625804 0.40920713
4.8498908 2.0625837 0.40920817
4.8498911 2.0625863 0.40920897
4.8498914 2.0625884 0.40920952
4.8498916 2.0625899 0.40920986
4.8498918 2.0625908 0.40921007
1.826866 2.3727236 4.3182124
1.8268656 2.372724 4.3182111
1.8268652 2.3727246 4.3182095
1.8268648 2.3727253 4.3182076
1.8268644 2.3727262 4.3182056
1.8268639 2.3727272 4.3182032
1.8268633 2.3727285 4.3182004
1.8268626 2.3727299 4.3181973
1.8268618 2.3727313 4.318194
1.8268611 2.3727327 4.3181906
1.8268605 2.3727341 4.3181873
1.82686 2.3727354 4.3181841
1.8268595 2.3727367 4.3181812
1.8268591 2.372738 4.3181787
1.8268587 2.3727391 4.3181766
1.8268584 2.37274 4.3181749
1.8268581 2.3727406 4.3181739
3.2160784 2.3649865 2.2856124
3.2160783 2.3649864 2.2856129
3.2160784 2.3649864 2.2856135
3.2160786 2.3649863 2.2856141
3.2160788 2.3649862 2.2856148
3.2160791 2.3649861 2.2856154
3.2160793 2.364986 2.2856159
3.2160794 2.364986 2.285616
1.9647187 2.2433977 3.7442257
1.964719 2.2433979 3.7442254
1.9647195 2.2433983 3.7442248
1.9647202 2.2433989 3.7442243
1.9647212 2.2433996 3.7442237
1.9647223 2.2434005 3.7442232
1.9647235 2.2434014 3.7442227
1.9647247 2.2434024 3.7442224
1.9647257 2.2434032 3.7442222
0.84575329 1.8058983 5.0119987
0.845753 1.8058985 5.0119989
0.8457524 1.8058987 5.011999
0.84575152 1.8058991 5.0119993
0.84575036 1.8058995 5.0119997
0.84574907 1.8058999 5.0120002
0.84574774 1.8059002 5.0120008
0.84574644 1.8059005 5.0120013
0.84574516 1.8059008 5.0120018
0.84574396 1.8059011 5.0120023
0.84574292 1.8059014 5.0120027
0.84574202 1.8059018 5.012003
0.8457412 1.805902 5.0120032
0.84574054 1.8059022 5.0120032
0.84574008 1.8059022 5.0120033
0.8457399 1.8059022 5.0120033
4.6821461 1.4063715 2.8324339
4.6821442 1.4063717 2.832433
4.6821423 1.406372 2.832432
4.6821404 1.4063723 2.832431
4.6821386 1.4063725 2.83243
4.6821369 1.4063727 2.8324292
4.6821355 1.4063727 2.8324283
4.6821344 1.4063726 2.8324275
4.6821335 1.4063724 2.8324268
4.682133 1.4063723 2.8324263
4.0314411 1.8724266 2.4559387
4.0314408 1.8724266 2.4559385
4.0314402 1.8724267 2.4559379
4.0314395 1.8724268 2.4559372
4.0314387 1.8724271 2.4559362
4.0314378 1.8724275 2.455935
4.0314368 1.8724281 2.4559339
4.0314358 1.8724287 2.4559327
4.0314349 1.8724293 2.4559315
4.0314339 1.87243 2.4559305
4.0314331 1.8724306 2.4559297
4.0314324 1.8724311 2.4559291
4.9416518 2.720071 5.1063998
4.9416512 2.7200707 5.1063993
4.9416499 2.7200702 5.1063983
4.9416481 2.7200694 5.1063969
4.9416459 2.7200684 5.106395
4.9416434 2.7200674 5.1063929
4.9416406 2.7200663 5.1063906
4.9416377 2.7200651 5.1063882
4.9416349 2.720064 5.106386
4.9416323 2.720063 5.1063839
4.9416295 2.720062 5.1063819
4.9416265 2.7200611 5.1063797
4.9416234 2.7200601 5.1063775
4.9416203 2.7200593 5.1063752
4.9416178 2.7200585 5.1063733
4.9416159 2.7200578 5.1063719
4.9416147 2.7200574 5.1063711
4.9416141 2.7200571 5.1063707
1.8176797 0.83264475 2.1808914
1.8176784 0.8326444 2.1808926
1.8176768 0.83264405 2.1808941
1.8176751 0.83264372 2.1808956
1.8176732 0.83264338 2.1808973
1.8176713 0.83264305 2.1808988
1.8176695 0.83264261 2.1809002
1.8176678 0.83264209 2.1809015
1.8176663 0.83264149 2.1809027
1.8176652 0.83264085 2.1809037
1.8176643 0.83264027 2.1809046
1.8176636 0.83263981 2.1809054
1.8176632 0.83263954 2.1809057
4.8498931 2.0625048 0.40918462
4.8498931 2.0625055 0.40918485
4.8498931 2.0625067 0.40918536
4.8498932 2.0625086 0.40918615
4.8498933 2.0625111 0.40918722
4.8498934 2.0625142 0.40918849
4.8498934 2.0625178 0.40918988
4.8498933 2.0625218 0.40919135
4.849893 2.0625262 0.40919281
4.8498925 2.0625311 0.40919421
4.8498919 2.0625362 0.40919556
4.8498914 2.0625415 0.40919691
4.8498909 2.0625469 0.40919821
4.8498903 2.0625522 0.4091995
4.8498899 2.0625573 0.40920082
4.8498895 2.0625622 0.40920215
4.8498892 2.062567 0.4092034
4.8498891 2.0625714 0.40920466
4.8498892 2.0625756 0.40920593
4.8498893 2.0625794 0.40920708
4.8498896 2.0625827 0.40920806
4.8498898 2.0625854 0.40920882
4.84989 2.0625875 0.40920939
4.8498901 2.0625891 0.40920978
4.8498902 2.0625901 0.40921003
1.8268697 2.3727289 4.3182134
1.8268693 2.3727293 4.3182121
1.8268688 2.3727299 4.3182103
1.8268683 2.3727307 4.3182083
1.8268677 2.3727316 4.318206
1.8268671 2.3727327 4.3182034
1.8268662 2.3727341 4.3182004
1.8268652 2.3727355 4.318197
1.8268642 2.372737 4.3181933
1.8268631 2.3727385 4.3181896
1.8268621 2.3727399 4.318186
1.8268612 2.3727412 4.3181825
1.8268603 2.3727426 4.3181795
1.8268596 2.3727439 4.3181768
1.826859 2.3727451 4.3181745
1.8268585 2.372746 4.3181729
1.8268582 2.3727466 4.3181718
1.8268581 2.3727469 4.3181713
3.2160806 2.3649877 2.2856192
3.2160808 2.3649877 2.28562
3.2160811 2.3649877 2.2856208
3.2160815 2.3649876 2.2856216
3.2160819 2.3649875 2.2856223
3.2160822 2.3649874 2.2856229
3.2160823 2.3649874 2.2856231
1.964715 2.2433926 3.7442275
1.9647153 2.2433928 3.7442273
1.9647158 2.2433932 3.7442268
1.9647166 2.2433939 3.7442262
1.9647177 2.2433948 3.7442256
1.9647189 2.2433958 3.7442251
1.9647202 2.2433969 3.7442247
1.9647214 2.2433979 3.7442244
1.9647226 2.2433988 3.7442241
0.84575556 1.8058975 5.0119978
0.84575526 1.8058976 5.0119979
0.84575465 1.8058979 5.0119981
0.84575375 1.8058983 5.0119984
0.84575261 1.8058986 5.0119987
0.84575132 1.805899 5.0119991
0.84574997 1.8058993 5.0119996
0.8457486 1.8058996 5.012
0.84574721 1.8058998 5.0120004
0.84574588 1.8059 5.0120007
0.8457447 1.8059002 5.0120009
0.84574363 1.8059005 5.0120011
0.84574267 1.8059007 5.0120011
0.84574187 1.8059009 5.0120011
0.84574131 1.805901 5.012001
0.84574107 1.805901 5.012001
4.6821429 1.4063644 2.8324295
4.6821411 1.4063644 2.8324284
4.6821392 1.4063645 2.8324273
4.6821373 1.4063646 2.8324261
4.6821355 1.4063647 2.832425
4.6821339 1.4063647 2.832424
4.6821325 1.4063646 2.8324231
4.6821314 1.4063644 2.8324222
4.6821306 1.4063642 2.8324214
4.68213 1.406364 2.8324208
4.0314403 1.8724215 2.4559404
4.03144 1.8724215 2.4559401
4.0314395 1.8724216 2.4559397
4.0314389 1.8724218 2.4559389
4.0314381 1.8724221 2.455938
4.0314373 1.8724226 2.4559369
4.0314364 1.8724231 2.4559357
4.0314355 1.8724238 2.4559345
4.0314346 1.8724245 2.4559334
4.0314338 1.8724251 2.4559324
4.031433 1.8724258 2.4559315
4.0314323 1.8724264 2.4559308
4.941655 2.7200698 5.1064008
4.9416544 2.7200695 5.1064003
4.9416532 2.7200689 5.1063994
4.9416516 2.7200681 5.106398
4.9416495 2.7200671 5.1063963
4.9416472 2.720066 5.1063945
4.9416446 2.7200649 5.1063924
4.941642 2.7200637 5.1063904
4.9416394 2.7200627 5.1063884
4.9416369 2.7200617 5.1063865
4.9416342 2.7200607 5.1063847
4.9416314 2.7200597 5.1063828
4.9416284 2.7200588 5.1063807
4.9416255 2.720058 5.1063787
4.9416231 2.7200572 5.1063769
4.9416212 2.7200566 5.1063757
4.9416201 2.7200561 5.106375
4.9416196 2.7200559 5.1063748
1.8176787 0.83264325 2.1808891
1.8176775 0.83264293 2.1808901
1.817676 0.83264262 2.1808913
1.8176742 0.83264234 2.1808927
1.8176723 0.83264209 2.1808941
1.8176703 0.83264182 2.1808955
1.8176685 0.83264143 2.1808968
1.8176669 0.83264091 2.180898
1.8176655 0.83264033 2.1808991
1.8176644 0.83263972 2.1809001
1.8176635 0.83263918 2.1809009
1.8176629 0.83263873 2.1809016
1.8176626 0.83263847 2.180902
4.8498941 2.0625019 0.40918521
4.8498941 2.0625026 0.40918546
4.8498941 2.062504 0.40918606
4.8498942 2.0625059 0.40918698
4.8498944 2.0625085 0.40918813
4.8498945 2.0625117 0.40918943
4.8498946 2.0625154 0.40919085
4.8498944 2.0625195 0.4091923
4.849894 2.0625241 0.40919378
4.8498934 2.0625291 0.40919515
4.8498927 2.0625344 0.40919644
4.8498921 2.0625398 0.40919772
4.8498914 2.0625453 0.40919895
4.8498907 2.0625507 0.40920014
4.84989 2.0625559 0.40920136
4.8498894 2.0625609 0.40920255
4.849889 2.0625658 0.40920367
4.8498887 2.0625703 0.40920477
4.8498885 2.0625745 0.40920586
4.8498884 2.0625783 0.40920689
4.8498885 2.0625817 0.40920779
4.8498885 2.0625845 0.4092085
4.8498886 2.0625867 0.40920907
4.8498887 2.0625883 0.40920952
4.8498888 2.0625893 0.40920981
1.8268733 2.3727336 4.3182146
1.8268728 2.3727341 4.3182131
1.8268722 2.3727348 4.3182112
1.8268716 2.3727356 4.318209
1.8268709 2.3727365 4.3182065
1.8268701 2.3727377 4.3182037
1.826869 2.3727391 4.3182004
1.8268677 2.3727406 4.3181967
1.8268663 2.3727422 4.3181927
1.8268648 2.3727438 4.3181887
1.8268634 2.3727453 4.3181847
1.826862 2.3727467 4.3181811
1.8268608 2.3727481 4.3181778
1.8268597 2.3727495 4.3181749
1.8268589 2.3727507 4.3181726
1.8268583 2.3727516 4.3181709
1.8268579 2.3727522 4.3181698
1.8268578 2.3727525 4.3181693
3.2160831 2.3649891 2.2856256
3.2160835 2.3649891 2.2856265
3.2160839 2.3649891 2.2856275
3.2160844 2.364989 2.2856284
3.2160848 2.3649889 2.2856292
3.2160852 2.3649888 2.2856298
3.2160854 2.3649887 2.2856301
1.9647117 2.243388 3.7442293
1.9647119 2.2433882 3.744229
1.9647124 2.2433887 3.7442286
1.9647133 2.2433895 3.744228
1.9647144 2.2433905 3.7442274
1.9647157 2.2433916 3.7442269
1.9647171 2.2433927 3.7442265
1.9647184 2.2433938 3.7442262
1.9647196 2.2433948 3.744226
0.84575759 1.8058968 5.0119967
0.84575728 1.805897 5.0119968
0.84575668 1.8058973 5.0119971
0.84575582 1.8058976 5.0119973
0.84575472 1.805898 5.0119976
0.84575345 1.8058983 5.011998
0.84575209 1.8058986 5.0119984
0.84575068 1.8058988 5.0119987
0.84574922 1.8058989 5.0119989
0.84574782 1.8058991 5.0119991
0.84574654 1.8058993 5.0119992
0.84574534 1.8058994 5.0119993
0.84574425 1.8058996 5.0119992
0.84574332 1.8058998 5.0119991
0.84574267 1.8058998 5.0119989
0.84574235 1.8058999 5.0119989
4.6821401 1.4063578 2.8324254
4.6821382 1.4063576 2.8324243
4.6821364 1.4063576 2.832423
4.6821345 1.4063575 2.8324217
4.6821327 1.4063575 2.8324205
4.6821311 1.4063574 2.8324194
4.6821298 1.4063572 2.8324183
4.6821287 1.4063569 2.8324173
4.6821279 1.4063566 2.8324164
4.6821273 1.4063564 2.8324158
4.0314392 1.8724171 2.4559415
4.0314391 1.8724171 2.4559413
4.0314387 1.8724173 2.4559409
4.0314381 1.8724175 2.4559403
4.0314375 1.8724177 2.4559394
4.0314367 1.8724182 2.4559384
4.0314359 1.8724187 2.4559373
4.0314351 1.8724193 2.4559361
4.0314343 1.87242 2.455935
4.0314336 1.8724208 2.4559339
4.0314329 1.8724215 2.455933
4.0314322 1.8724221 2.4559324
4.9416584 2.7200685 5.1064018
4.9416578 2.7200681 5.1064013
4.9416567 2.7200675 5.1064005
4.9416551 2.7200666 5.1063992
4.9416532 2.7200656 5.1063977
4.9416511 2.7200645 5.1063961
4.9416488 2.7200634 5.1063943
4.9416464 2.7200623 5.1063926
4.9416439 2.7200613 5.1063909
4.9416415 2.7200603 5.1063892
4.9416389 2.7200593 5.1063875
4.9416361 2.7200583 5.1063857
4.9416333 2.7200575 5.1063839
4.9416306 2.7200567 5.106382
4.9416282 2.720056 5.1063805
4.9416265 2.7200554 5.1063794
4.9416254 2.7200549 5.1063788
4.9416249 2.7200547 5.1063786
1.8176779 0.83264189 2.180887
1.8176767 0.83264158 2.1808878
1.8176752 0.8326413 2.1808888
1.8176734 0.83264105 2.18089
1.8176715 0.83264085 2.1808912
1.8176696 0.83264064 2.1808924
1.8176678 0.83264029 2.1808935
1.8176662 0.83263979 2.1808946
1.8176648 0.83263921 2.1808956
1.8176637 0.83263861 2.1808966
1.8176628 0.83263809 2.1808974
1.8176623 0.83263767 2.180898
1.817662 0.83263743 2.1808984
4.849895 2.0624994 0.40918558
4.849895 2.0625001 0.4091859
4.849895 2.0625015 0.4091866
4.8498951 2.0625035 0.4091876
4.8498954 2.0625062 0.40918885
4.8498955 2.0625094 0.4091902
4.8498955 2.0625132 0.40919165
4.8498953 2.0625174 0.40919314
4.8498949 2.0625221 0.40919461
4.8498942 2.0625272 0.40919598
4.8498934 2.0625327 0.40919726
4.8498926 2.0625382 0.40919848
4.8498918 2.0625438 0.40919965
4.849891 2.0625493 0.40920076
4.8498901 2.0625546 0.40920184
4.8498893 2.0625598 0.40920284
4.8498887 2.0625647 0.40920382
4.8498882 2.0625693 0.40920476
4.8498878 2.0625736 0.40920568
4.8498876 2.0625774 0.40920658
4.8498875 2.0625808 0.40920739
4.8498874 2.0625837 0.40920809
4.8498874 2.0625859 0.40920866
4.8498874 2.0625875 0.40920913
4.8498874 2.0625885 0.40920947
1.8268765 2.3727377 4.3182158
1.826876 2.3727383 4.3182141
1.8268754 2.3727389 4.3182121
1.8268747 2.3727398 4.3182098
1.8268739 2.3727408 4.318207
1.8268728 2.3727421 4.3182039
1.8268716 2.3727435 4.3182004
1.82687 2.3727451 4.3181965
1.8268682 2.3727468 4.3181923
1.8268663 2.3727485 4.3181879
1.8268644 2.3727502 4.3181836
1.8268626 2.3727517 4.3181797
1.826861 2.3727532 4.3181762
1.8268596 2.3727546 4.3181732
1.8268586 2.3727558 4.3181708
1.8268579 2.3727568 4.318169
1.8268574 2.3727574 4.3181679
1.8268572 2.3727577 4.3181673
3.2160857 2.3649904 2.2856316
3.2160862 2.3649904 2.2856327
3.2160867 2.3649904 2.2856338
3.2160873 2.3649903 2.2856349
3.2160878 2.3649902 2.2856357
3.2160882 2.3649901 2.2856364
3.2160883 2.36499 2.2856367
1.9647087 2.2433838 3.7442309
1.9647089 2.2433841 3.7442307
1.9647094 2.2433847 3.7442302
1.9647103 2.2433856 3.7442297
1.9647115 2.2433866 3.7442292
1.9647128 2.2433878 3.7442287
1.9647143 2.243389 3.7442283
1.9647157 2.2433902 3.7442279
1.964717 2.2433913 3.7442277
0.84575941 1.8058964 5.0119957
0.84575909 1.8058966 5.0119958
0.84575851 1.8058969 5.011996
0.84575771 1.8058972 5.0119963
0.84575665 1.8058975 5.0119966
0.84575539 1.8058978 5.0119969
0.84575402 1.805898 5.0119972
0.84575261 1.8058983 5.0119973
0.84575114 1.8058984 5.0119975
0.84574968 1.8058985 5.0119975
0.84574834 1.8058985 5.0119976
0.84574709 1.8058986 5.0119976
0.8457459 1.8058987 5.0119975
0.84574488 1.8058988 5.0119973
0.84574416 1.8058989 5.0119971
0.84574379 1.8058989 5.011997
4.6821375 1.4063519 2.8324218
4.6821357 1.4063516 2.8324206
4.6821339 1.4063514 2.8324192
4.6821321 1.4063512 2.8324178
4.6821303 1.406351 2.8324165
4.6821287 1.4063508 2.8324153
4.6821274 1.4063505 2.8324141
4.6821263 1.4063502 2.832413
4.6821255 1.4063499 2.832412
4.6821249 1.4063496 2.8324114
4.0314382 1.8724134 2.4559423
4.031438 1.8724134 2.4559421
4.0314377 1.8724136 2.4559418
4.0314372 1.8724138 2.4559412
4.0314367 1.8724141 2.4559405
4.0314361 1.8724144 2.4559396
4.0314354 1.872415 2.4559385
4.0314347 1.8724156 2.4559374
4.031434 1.8724163 2.4559363
4.0314333 1.872417 2.4559352
4.0314327 1.8724178 2.4559344
4.0314321 1.8724185 2.4559336
4.9416618 2.720067 5.1064029
4.9416612 2.7200667 5.1064025
4.9416601 2.720066 5.1064017
4.9416587 2.7200651 5.1064006
4.9416569 2.7200641 5.1063992
4.941655 2.7200631 5.1063978
4.9416529 2.720062 5.1063964
4.9416507 2.7200609 5.1063949
4.9416483 2.7200599 5.1063933
4.9416459 2.7200589 5.1063918
4.9416433 2.720058 5.1063901
4.9416406 2.720057 5.1063884
4.9416379 2.7200562 5.1063868
4.9416353 2.7200555 5.1063851
4.9416331 2.7200548 5.1063837
4.9416315 2.7200542 5.1063828
4.9416304 2.7200539 5.1063823
4.94163 2.7200537 5.1063821
1.8176771 0.83264065 2.1808851
1.8176759 0.83264035 2.1808857
1.8176744 0.83264007 2.1808866
1.8176727 0.83263986 2.1808875
1.8176708 0.83263967 2.1808886
1.8176689 0.83263948 2.1808896
1.8176671 0.83263916 2.1808906
1.8176656 0.83263866 2.1808916
1.8176642 0.83263808 2.1808925
1.8176631 0.83263751 2.1808934
1.8176623 0.83263704 2.1808942
1.8176617 0.83263665 2.1808949
1.8176615 0.8326364 2.1808952
4.8498957 2.0624971 0.40918578
4.8498958 2.0624978 0.40918619
4.8498958 2.0624992 0.40918696
4.849896 2.0625014 0.40918805
4.8498962 2.0625041 0.40918939
4.8498963 2.0625074 0.40919083
4.8498963 2.0625112 0.40919232
4.8498961 2.0625156 0.40919382
4.8498956 2.0625204 0.40919531
4.8498948 2.0625256 0.40919671
4.8498939 2.0625311 0.409198
4.849893 2.0625368 0.40919921
4.849892 2.0625424 0.40920033
4.8498911 2.0625481 0.40920137
4.8498901 2.0625536 0.40920232
4.8498892 2.0625588 0.40920315
4.8498884 2.0625638 0.40920394
4.8498877 2.0625685 0.4092047
4.8498873 2.0625728 0.40920548
4.8498869 2.0625767 0.40920623
4.8498867 2.0625801 0.40920696
4.8498865 2.062583 0.40920763
4.8498863 2.0625853 0.40920821
4.8498863 2.0625869 0.4092087
4.8498862 2.0625879 0.40920906
4.8498862 2.0625884 0.40920926
1.826879 2.3727417 4.3182153
1.8268783 2.3727424 4.3182131
1.8268775 2.3727433 4.3182106
1.8268765 2.3727444 4.3182076
1.8268753 2.3727457 4.3182042
1.8268738 2.3727472 4.3182005
1.826872 2.3727489 4.3181963
1.8268699 2.3727507 4.3181918
1.8268677 2.3727525 4.3181873
1.8268653 2.3727543 4.3181828
1.8268631 2.372756 4.3181786
1.8268611 2.3727576 4.3181748
1.8268595 2.372759 4.3181717
1.8268582 2.3727603 4.3181692
1.8268573 2.3727614 4.3181673
1.8268568 2.372762 4.3181661
1.8268565 2.3727624 4.3181655
3.2160881 2.3649916 2.285637
3.2160887 2.3649916 2.2856382
3.2160894 2.3649916 2.2856395
3.21609 2.3649915 2.2856407
3.2160905 2.3649913 2.2856417
3.2160909 2.3649912 2.2856423
3.2160911 2.3649911 2.2856427
1.9647061 2.2433803 3.7442324
1.9647063 2.2433807 3.7442322
1.9647069 2.2433813 3.7442317
1.9647077 2.2433822 3.7442312
1.9647089 2.2433833 3.7442307
1.9647104 2.2433846 3.7442302
1.964712 2.2433859 3.7442298
1.9647135 2.2433871 3.7442295
1.9647149 2.2433882 3.7442292
0.84576101 1.8058961 5.0119948
0.8457607 1.8058963 5.0119949
0.84576015 1.8058966 5.0119951
0.84575938 1.8058969 5.0119954
0.84575835 1.8058972 5.0119957
0.84575711 1.8058975 5.0119959
0.84575576 1.8058977 5.0119961
0.84575436 1.8058979 5.0119961
0.84575289 1.8058979 5.0119961
0.84575141 1.805898 5.0119961
0.84575003 1.805898 5.0119961
0.84574872 1.805898 5.011996
0.84574746 1.8058981 5.0119959
0.84574637 1.8058981 5.0119957
0.8457456 1.8058981 5.0119955
0.8457452 1.8058981 5.0119955
4.6821352 1.406347 2.8324187
4.6821335 1.4063465 2.8324174
4.6821318 1.4063462 2.832416
4.68213 1.4063458 2.8324145
4.6821283 1.4063455 2.8324131
4.6821267 1.4063451 2.8324117
4.6821254 1.4063448 2.8324104
4.6821243 1.4063444 2.8324092
4.6821235 1.4063441 2.8324083
4.6821229 1.4063438 2.8324076
4.0314371 1.8724104 2.4559428
4.0314369 1.8724104 2.4559427
4.0314367 1.8724105 2.4559424
4.0314363 1.8724107 2.4559419
4.0314359 1.872411 2.4559413
4.0314354 1.8724114 2.4559405
4.0314349 1.8724119 2.4559395
4.0314343 1.8724125 2.4559385
4.0314337 1.8724131 2.4559374
4.0314331 1.8724139 2.4559363
4.0314325 1.8724147 2.4559354
4.0314319 1.8724155 2.4559347
0 0 0
4.9416645 2.7200652 5.1064037
4.9416636 2.7200646 5.1064031
4.9416623 2.7200637 5.1064021
4.9416607 2.7200627 5.1064009
4.9416588 2.7200616 5.1063997
4.9416568 2.7200606 5.1063984
4.9416546 2.7200595 5.106397
4.9416522 2.7200586 5.1063956
4.9416497 2.7200576 5.106394
4.9416471 2.7200567 5.1063924
4.9416445 2.7200559 5.1063909
4.941642 2.7200551 5.1063894
4.9416396 2.7200544 5.1063879
4.9416376 2.7200537 5.1063867
4.9416361 2.7200532 5.1063859
4.9416351 2.7200529 5.1063855
4.9416346 2.7200527 5.1063853
1.8176764 0.83263953 2.1808834
1.8176752 0.83263923 2.1808839
1.8176737 0.83263897 2.1808846
1.817672 0.83263876 2.1808854
1.8176701 0.83263857 2.1808863
1.8176683 0.83263838 2.1808872
1.8176665 0.83263807 2.1808881
1.817665 0.83263759 2.180889
1.8176636 0.83263702 2.1808899
1.8176626 0.83263646 2.1808908
1.8176618 0.832636 2.1808915
1.8176613 0.83263567 2.1808921
1.817661 0.83263546 2.1808924
4.8498964 2.0624951 0.40918595
4.8498964 2.0624958 0.40918638
4.8498965 2.0624973 0.40918717
4.8498966 2.0624994 0.4091883
4.8498968 2.0625022 0.40918972
4.8498969 2.0625056 0.40919125
4.8498969 2.0625095 0.40919281
4.8498966 2.0625139 0.40919436
4.849896 2.0625189 0.40919587
4.8498952 2.0625241 0.40919731
4.8498943 2.0625298 0.40919863
4.8498932 2.0625355 0.40919985
4.8498922 2.0625413 0.40920095
4.8498911 2.062547 0.40920191
4.84989 2.0625526 0.40920276
4.849889 2.062558 0.40920348
4.849888 2.0625631 0.40920412
4.8498873 2.0625678 0.40920472
4.8498867 2.0625722 0.40920532
4.8498863 2.0625761 0.40920593
4.8498859 2.0625796 0.40920658
4.8498857 2.0625825 0.40920725
4.8498855 2.0625848 0.40920781
4.8498854 2.0625864 0.40920831
4.8498853 2.0625874 0.4092087
4.8498853 2.0625879 0.40920889
0 0 0
1.8268808 2.3727451 4.318214
1.8268799 2.372746 4.3182113
1.8268787 2.3727471 4.318208
1.8268773 2.3727485 4.3182044
1.8268756 2.37275 4.3182005
1.8268736 2.3727518 4.3181961
1.8268713 2.3727537 4.3181915
1.8268688 2.3727556 4.3181867
1.8268662 2.3727576 4.3181821
1.8268637 2.3727594 4.3181777
1.8268613 2.3727612 4.3181738
1.8268594 2.3727627 4.3181705
1.8268579 2.3727641 4.3181679
1.8268568 2.3727652 4.3181659
1.8268561 2.3727659 4.3181646
1.8268558 2.3727663 4.318164
3.2160902 2.3649925 2.2856415
3.216091 2.3649926 2.2856429
3.2160917 2.3649926 2.2856443
3.2160924 2.3649925 2.2856456
3.2160929 2.3649923 2.2856467
3.2160933 2.3649922 2.2856474
3.2160934 2.3649921 2.2856478
1.9647039 2.2433775 3.7442335
1.9647042 2.2433778 3.7442334
1.9647048 2.2433785 3.744233
1.9647057 2.2433795 3.7442325
1.9647069 2.2433807 3.744232
1.9647084 2.243382 3.7442316
1.9647101 2.2433834 3.7442312
1.9647117 2.2433847 3.7442308
1.9647131 2.2433858 3.7442306
0.8457624 1.8058961 5.0119941
0.84576212 1.8058963 5.0119942
0.84576159 1.8058965 5.0119944
0.84576084 1.8058968 5.0119947
0.84575981 1.805897 5.0119949
0.84575856 1.8058973 5.0119951
0.84575722 1.8058975 5.0119952
0.84575585 1.8058976 5.0119952
0.84575439 1.8058976 5.011995
0.84575293 1.8058976 5.0119949
0.84575155 1.8058976 5.0119948
0.8457502 1.8058976 5.0119947
0.84574889 1.8058976 5.0119945
0.84574775 1.8058976 5.0119943
0.84574693 1.8058975 5.0119942
0.8457465 1.8058975 5.0119941
0 0 0
4.6821317 1.4063424 2.8324148
4.68213 1.4063419 2.8324133
4.6821283 1.4063414 2.8324118
4.6821267 1.406341 2.8324103
4.6821251 1.4063405 2.8324089
4.6821238 1.4063401 2.8324075
4.6821227 1.4063397 2.8324062
4.682122 1.4063393 2.8324052
4.6821214 1.406339 2.8324045
4.0314361 1.8724081 2.4559431
4.031436 1.8724081 2.455943
4.0314358 1.8724082 2.4559428
4.0314355 1.8724084 2.4559425
4.0314352 1.8724087 2.455942
4.0314348 1.872409 2.4559413
4.0314343 1.8724094 2.4559404
4.0314339 1.87241 2.4559394
4.0314334 1.8724106 2.4559383
4.0314328 1.8724114 2.4559372
4.0314322 1.8724122 2.4559363
4.0314317 1.872413 2.4559355
0 0 0
4.9416678 2.7200638 5.1064051
4.941667 2.7200632 5.1064045
4.9416658 2.7200623 5.1064037
4.9416642 2.7200613 5.1064027
4.9416624 2.7200603 5.1064015
4.9416604 2.7200593 5.1064003
4.9416581 2.7200584 5.1063989
4.9416556 2.7200575 5.1063974
4.9416531 2.7200566 5.1063959
4.9416505 2.7200557 5.1063944
4.9416479 2.7200549 5.1063929
4.9416456 2.7200541 5.1063916
4.9416434 2.7200534 5.1063903
4.9416415 2.7200528 5.1063893
4.9416401 2.7200523 5.1063887
4.9416392 2.720052 5.1063883
4.9416387 2.7200518 5.1063881
1.8176758 0.83263858 2.180882
1.8176745 0.83263828 2.1808824
1.8176731 0.83263804 2.1808829
1.8176714 0.83263783 2.1808836
1.8176696 0.83263764 2.1808844
1.8176677 0.83263743 2.1808852
1.817666 0.83263712 2.1808861
1.8176644 0.83263663 2.180887
1.8176631 0.83263606 2.1808878
1.8176621 0.83263551 2.1808886
1.8176614 0.83263505 2.1808893
1.8176609 0.83263474 2.1808898
1.8176607 0.83263456 2.18089
4.8498969 2.0624934 0.40918608
4.8498969 2.0624941 0.40918649
4.849897 2.0624956 0.40918728
4.8498971 2.0624978 0.40918842
4.8498972 2.0625007 0.40918986
4.8498973 2.0625042 0.40919146
4.8498972 2.0625081 0.40919314
4.8498969 2.0625126 0.40919475
4.8498963 2.0625176 0.40919631
4.8498955 2.062523 0.40919777
4.8498945 2.0625287 0.40919911
4.8498934 2.0625345 0.40920031
4.8498922 2.0625404 0.40920138
4.8498911 2.0625462 0.4092023
4.8498899 2.0625519 0.40920309
4.8498888 2.0625574 0.40920375
4.8498878 2.0625626 0.40920429
4.849887 2.0625674 0.40920477
4.8498863 2.0625718 0.40920525
4.8498858 2.0625758 0.40920576
4.8498854 2.0625792 0.40920635
4.8498851 2.0625821 0.40920699
4.8498849 2.0625844 0.40920756
4.8498847 2.062586 0.40920806
4.8498846 2.062587 0.40920844
4.8498846 2.0625875 0.40920863
1.8268836 2.3727464 4.3182172
1.8268828 2.3727471 4.3182148
1.8268818 2.372748 4.3182119
1.8268804 2.3727491 4.3182084
1.8268789 2.3727504 4.3182046
1.826877 2.372752 4.3182004
1.8268749 2.3727538 4.3181959
1.8268724 2.3727559 4.3181912
1.8268697 2.372758 4.3181864
1.8268669 2.37276 4.3181816
1.8268641 2.372762 4.3181772
1.8268615 2.3727638 4.3181731
1.8268593 2.3727655 4.3181696
1.8268576 2.3727669 4.3181668
1.8268563 2.3727681 4.3181648
1.8268555 2.3727689 4.3181634
1.8268552 2.3727693 4.3181628
3.2160919 2.3649932 2.2856449
3.2160928 2.3649933 2.2856465
3.2160936 2.3649933 2.2856481
3.2160943 2.3649932 2.2856495
3.2160948 2.364993 2.2856507
3.2160951 2.3649929 2.2856515
3.2160953 2.3649928 2.2856519
1.9647022 2.2433754 3.7442344
1.9647025 2.2433757 3.7442343
1.9647031 2.2433764 3.744234
1.964704 2.2433774 3.7442335
1.9647053 2.2433787 3.744233
1.9647069 2.2433802 3.7442326
1.9647086 2.2433816 3.7442322
1.9647104 2.2433829 3.7442319
1.9647118 2.243384 3.7442316
0.84576353 1.8058962 5.0119937
0.84576327 1.8058963 5.0119937
0.84576276 1.8058966 5.0119939
0.845762 1.8058969 5.0119941
0.84576096 1.8058971 5.0119943
0.84575973 1.8058972 5.0119944
0.84575842 1.8058973 5.0119945
0.84575706 1.8058974 5.0119944
0.8457556 1.8058974 5.0119942
0.84575418 1.8058974 5.011994
0.84575279 1.8058974 5.0119938
0.84575141 1.8058973 5.0119936
0.84575005 1.8058972 5.0119935
0.84574888 1.8058972 5.0119933
0.84574802 1.8058971 5.0119932
0.84574759 1.805897 5.0119931
4.682132 1.4063399 2.8324143
4.6821304 1.4063393 2.8324128
4.6821287 1.4063387 2.8324113
4.6821271 1.4063381 2.8324097
4.6821255 1.4063375 2.8324082
4.682124 1.406337 2.8324066
4.6821227 1.4063364 2.8324052
4.6821216 1.406336 2.832404
4.6821209 1.4063356 2.8324029
4.6821204 1.4063353 2.8324022
4.0314353 1.8724064 2.4559433
4.0314352 1.8724064 2.4559433
4.031435 1.8724065 2.4559431
4.0314348 1.8724067 2.4559428
4.0314345 1.8724069 2.4559424
4.0314342 1.8724072 2.4559418
4.0314339 1.8724076 2.4559411
4.0314335 1.8724081 2.4559401
4.0314331 1.8724088 2.455939
4.0314326 1.8724096 2.455938
4.0314321 1.8724104 2.4559369
4.0314316 1.8724112 2.4559361
4.9416709 2.720063 5.1064066
4.9416706 2.7200627 5.1064063
4.9416698 2.720062 5.1064059
4.9416687 2.7200612 5.1064051
4.9416672 2.7200602 5.1064042
4.9416655 2.7200592 5.1064031
4.9416633 2.7200583 5.1064018
4.9416609 2.7200574 5.1064004
4.9416584 2.7200566 5.1063989
4.9416557 2.7200557 5.1063974
4.9416531 2.7200549 5.1063959
4.9416506 2.7200541 5.1063945
4.9416483 2.7200534 5.1063933
4.9416463 2.7200527 5.1063922
4.9416446 2.7200521 5.1063914
4.9416434 2.7200516 5.1063908
4.9416425 2.7200513 5.1063905
4.9416422 2.7200511 5.1063903
1.8176752 0.83263786 2.1808809
1.817674 0.83263758 2.1808813
1.8176725 0.83263732 2.1808817
1.8176709 0.83263709 2.1808822
1.8176692 0.83263689 2.1808829
1.8176673 0.83263669 2.1808837
1.8176655 0.83263638 2.1808846
1.817664 0.83263591 2.1808855
1.8176628 0.83263532 2.1808862
1.8176619 0.83263473 2.1808869
1.8176612 0.83263423 2.1808875
1.8176607 0.83263392 2.180888
1.8176605 0.83263375 2.1808882
4.8498972 2.0624921 0.40918613
4.8498973 2.0624929 0.40918656
4.8498973 2.0624944 0.40918734
4.8498974 2.0624966 0.40918848
4.8498975 2.0624996 0.40918994
4.8498975 2.0625031 0.40919159
4.8498973 2.0625071 0.40919333
4.849897 2.0625117 0.409195
4.8498964 2.0625167 0.4091966
4.8498957 2.0625221 0.40919809
4.8498947 2.0625279 0.40919945
4.8498935 2.0625338 0.40920064
4.8498923 2.0625397 0.40920168
4.849891 2.0625456 0.40920258
4.8498898 2.0625514 0.40920331
4.8498887 2.062557 0.40920392
4.8498877 2.0625622 0.40920442
4.8498868 2.0625671 0.40920482
4.849886 2.0625716 0.40920522
4.8498854 2.0625756 0.40920568
4.849885 2.062579 0.40920622
4.8498847 2.0625819 0.40920684
4.8498845 2.0625841 0.40920741
4.8498844 2.0625858 0.4092079
4.8498842 2.0625868 0.40920824
4.8498842 2.0625873 0.40920838
1.8268851 2.3727477 4.3182179
1.8268842 2.3727484 4.3182154
1.8268831 2.3727493 4.3182123
1.8268817 2.3727503 4.3182087
1.82688 2.3727516 4.3182047
1.826878 2.3727532 4.3182003
1.8268757 2.3727551 4.3181958
1.8268732 2.3727573 4.318191
1.8268704 2.3727595 4.3181861
1.8268675 2.3727616 4.3181813
1.8268645 2.3727637 4.3181768
1.8268617 2.3727657 4.3181726
1.8268593 2.3727674 4.3181691
1.8268574 2.3727689 4.3181662
1.826856 2.3727701 4.3181641
1.8268551 2.3727709 4.3181626
1.8268547 2.3727713 4.3181619
3.2160931 2.3649937 2.2856472
3.216094 2.3649938 2.2856489
3.2160948 2.3649938 2.2856506
3.2160955 2.3649937 2.2856522
3.2160961 2.3649935 2.2856535
3.2160964 2.3649934 2.2856543
3.2160966 2.3649933 2.2856548
1.964701 2.243374 3.744235
1.9647013 2.2433743 3.7442349
1.964702 2.243375 3.7442346
1.964703 2.2433761 3.7442341
1.9647042 2.2433775 3.7442336
1.9647059 2.243379 3.7442332
1.9647077 2.2433804 3.7442328
1.9647095 2.2433818 3.7442325
1.964711 2.2433829 3.7442322
0.84576436 1.8058963 5.0119935
0.84576412 1.8058965 5.0119935
0.84576359 1.8058967 5.0119936
0.8457628 1.805897 5.0119938
0.84576172 1.8058971 5.0119939
0.8457605 1.8058972 5.011994
0.84575923 1.8058972 5.011994
0.84575792 1.8058972 5.0119938
0.84575649 1.8058972 5.0119936
0.84575506 1.8058972 5.0119933
0.84575362 1.8058972 5.0119931
0.8457522 1.8058971 5.0119929
0.84575083 1.805897 5.0119927
0.84574968 1.8058969 5.0119927
0.84574883 1.8058968 5.0119926
0.8457484 1.8058967 5.0119925
4.6821311 1.4063378 2.8324129
4.6821295 1.4063371 2.8324114
4.6821279 1.4063365 2.8324098
4.6821262 1.4063358 2.8324083
4.6821247 1.4063352 2.8324067
4.6821232 1.4063346 2.8324052
4.6821219 1.4063339 2.8324038
4.6821209 1.4063334 2.8324025
4.6821202 1.406333 2.8324014
4.6821197 1.4063327 2.8324006
4.0314348 1.8724054 2.4559433
4.0314347 1.8724053 2.4559433
4.0314345 1.8724054 2.4559432
4.0314343 1.8724055 2.455943
4.0314341 1.8724057 2.4559427
4.0314338 1.8724061 2.4559422
4.0314335 1.8724065 2.4559415
4.0314332 1.8724069 2.4559406
4.0314328 1.8724076 2.4559395
4.0314324 1.8724084 2.4559384
4.031432 1.8724092 2.4559374
4.0314316 1.8724099 2.4559365
0 0 0
4.9416725 2.7200618 5.1064072
4.9416718 2.7200612 5.1064068
4.9416709 2.7200603 5.1064062
4.9416695 2.7200593 5.1064054
4.9416676 2.7200583 5.1064043
4.9416653 2.7200575 5.1064029
4.9416628 2.7200567 5.1064014
4.9416602 2.7200559 5.1063998
4.9416574 2.7200552 5.1063983
4.9416547 2.7200544 5.1063968
4.9416522 2.7200537 5.1063955
4.9416501 2.720053 5.1063944
4.9416483 2.7200523 5.1063935
4.9416467 2.7200516 5.1063928
4.9416456 2.7200511 5.1063922
4.9416449 2.7200508 5.106392
4.9416446 2.7200506 5.1063919
1.8176748 0.83263739 2.1808802
1.8176736 0.83263714 2.1808805
1.8176722 0.83263686 2.1808809
1.8176706 0.83263662 2.1808814
1.8176688 0.83263641 2.180882
1.817667 0.8326362 2.1808827
1.8176652 0.8326359 2.1808837
1.8176637 0.83263542 2.1808845
1.8176626 0.83263479 2.1808852
1.8176617 0.83263415 2.1808858
1.817661 0.83263362 2.1808864
1.8176605 0.83263329 2.1808868
1.8176603 0.83263315 2.180887
4.8498974 2.0624915 0.40918623
4.8498975 2.0624922 0.40918664
4.8498976 2.0624937 0.4091874
4.8498976 2.062496 0.40918852
4.8498976 2.062499 0.40918998
4.8498975 2.0625025 0.40919166
4.8498974 2.0625066 0.40919342
4.849897 2.0625111 0.40919511
4.8498965 2.0625162 0.40919674
4.8498958 2.0625217 0.40919825
4.8498948 2.0625276 0.40919963
4.8498936 2.0625335 0.40920084
4.8498923 2.0625395 0.40920185
4.849891 2.0625454 0.4092027
4.8498898 2.0625512 0.4092034
4.8498886 2.0625568 0.40920399
4.8498876 2.062562 0.40920446
4.8498867 2.0625669 0.40920485
4.8498859 2.0625714 0.40920525
4.8498853 2.0625754 0.40920567
4.8498849 2.0625789 0.40920623
4.8498846 2.0625817 0.40920684
4.8498844 2.062584 0.40920739
4.8498842 2.0625856 0.40920785
4.8498841 2.0625867 0.40920815
0 0 0
1.8268858 2.3727484 4.3182183
1.826885 2.3727491 4.3182157
1.8268838 2.3727499 4.3182125
1.8268823 2.3727509 4.3182088
1.8268805 2.3727522 4.3182047
1.8268785 2.3727538 4.3182003
1.8268762 2.3727557 4.3181956
1.8268736 2.3727579 4.3181909
1.8268708 2.3727602 4.318186
1.8268677 2.3727624 4.3181812
1.8268647 2.3727646 4.3181766
1.8268618 2.3727666 4.3181724
1.8268593 2.3727683 4.3181688
1.8268573 2.3727699 4.3181659
1.8268558 2.3727711 4.3181637
1.8268549 2.3727719 4.3181622
1.8268545 2.3727723 4.3181615
0 0 0
3.2160945 2.3649941 2.28565
3.2160954 2.364994 2.2856518
3.2160961 2.3649939 2.2856535
3.2160967 2.3649938 2.2856549
3.216097 2.3649937 2.2856558
3.2160972 2.3649936 2.2856563
1.9647003 2.2433733 3.7442352
1.9647008 2.2433737 3.7442351
1.9647014 2.2433744 3.7442348
1.9647024 2.2433755 3.7442344
1.9647037 2.2433769 3.7442339
1.9647054 2.2433784 3.7442335
1.9647073 2.2433798 3.7442331
1.9647091 2.2433812 3.7442328
1.9647106 2.2433823 3.7442326
0.8457648 1.8058964 5.0119934
0.84576458 1.8058965 5.0119934
0.84576405 1.8058968 5.0119935
0.84576322 1.805897 5.0119936
0.84576211 1.8058972 5.0119937
0.84576088 1.8058971 5.0119937
0.84575961 1.8058971 5.0119937
0.84575834 1.8058971 5.0119935
0.84575694 1.805897 5.0119933
0.8457555 1.8058971 5.011993
0.84575403 1.8058971 5.0119927
0.84575257 1.805897 5.0119925
0.84575119 1.8058969 5.0119924
0.84575004 1.8058968 5.0119923
0.84574923 1.8058966 5.0119923
0 0 0
4.6821307 1.4063367 2.8324122
4.6821291 1.406336 2.8324107
4.6821275 1.4063353 2.8324091
4.6821258 1.4063347 2.8324075
4.6821243 1.406334 2.8324059
4.6821228 1.4063333 2.8324044
4.6821216 1.4063327 2.832403
4.6821206 1.4063321 2.8324017
4.6821199 1.4063316 2.8324006
4.6821194 1.4063314 2.8323998
4.0314345 1.8724048 2.4559433
4.0314344 1.8724048 2.4559433
4.0314342 1.8724048 2.4559432
4.0314341 1.8724049 2.4559431
4.0314338 1.8724052 2.4559428
4.0314336 1.8724055 2.4559423
4.0314333 1.8724059 2.4559417
4.0314331 1.8724064 2.4559408
4.0314327 1.872407 2.4559398
4.0314323 1.8724077 2.4559387
4.031432 1.8724085 2.4559376
4.0314316 1.8724093 2.4559367
0 0 0
4.9416735 2.7200614 5.1064077
4.9416729 2.7200607 5.1064073
4.941672 2.7200598 5.1064068
4.9416706 2.7200588 5.106406
4.9416687 2.7200579 5.1064049
4.9416663 2.7200571 5.1064034
4.9416638 2.7200563 5.1064019
4.9416611 2.7200556 5.1064003
4.9416583 2.7200549 5.1063987
4.9416555 2.7200541 5.1063972
4.941653 2.7200534 5.1063959
4.9416509 2.7200527 5.1063949
4.9416492 2.720052 5.1063941
4.9416477 2.7200513 5.1063934
4.9416467 2.7200508 5.1063929
4.9416461 2.7200505 5.1063927
4.9416458 2.7200504 5.1063926
1.8176746 0.83263716 2.1808799
1.8176733 0.8326369 2.1808802
1.8176719 0.83263663 2.1808806
1.8176703 0.83263639 2.180881
1.8176686 0.83263615 2.1808815
1.8176668 0.83263594 2.1808823
1.8176651 0.83263564 2.1808832
1.8176636 0.83263516 2.180884
1.8176625 0.83263449 2.1808847
1.8176616 0.83263382 2.1808853
1.8176609 0.83263327 2.1808858
1.8176604 0.83263293 2.1808862
1.8176601 0.83263279 2.1808864
