EulerAngles_0 EulerAngles_1 EulerAngles_2
4.4695152 2.4505428 5.2582844
4.4704477 2.447081 5.2615797
4.4693591 2.4466638 5.2622462
4.4650148 2.4442745 5.2625712
4.4641101 2.4483266 5.2604492
4.4620004 2.4434158 5.2600324
4.4668751 2.4439661 5.2612394
4.4680433 2.4391652 5.2638685
4.4684439 2.4459559 5.2625467
4.4626245 2.4469002 5.2605385
4.4637605 2.4449812 5.2583464
4.4584281 2.4452931 5.2510793
4.4659499 2.4422347 5.2537592
4.460533 2.4461513 5.2492282
4.4654585 2.030498 1.3580482
4.4639927 2.0303736 1.3587329
4.4653471 2.0301838 1.3595292
4.464716 2.0265767 1.3597672
0 0 0
4.4663201 2.0240642 1.3606116
0 0 0
4.465678 2.0318355 1.3601353
4.4712234 2.032006 1.3624094
4.4675499 2.0295728 1.3579643
4.4738646 2.0279327 1.361075
4.4687207 2.029463 1.3592712
4.4715001 2.0254162 1.365274
4.4704949 2.0281229 1.3652423
4.4699772 2.024169 1.3642974
4.4687421 2.027605 1.3599137
0 0 0
4.4678572 2.0236644 1.3649719
4.4713683 2.0254074 1.3632589
4.4699608 2.024625 1.3640867
4.4742513 2.0241994 1.3601643
4.4709179 2.0220372 1.3591716
0 0 0
4.4686237 2.0245044 1.3554661
4.4687858 2.0242979 1.3533376
2.1793317 1.649816 6.0929462
2.1787541 1.6543015 6.0955833
2.1784251 1.6544349 6.0967595
2.1806638 1.6613173 6.0970615
2.1782969 1.6554906 6.0950634
2.1792779 1.6554064 6.0941545
2.1757852 1.6546757 6.0928563
2.176942 1.6561731 6.0921836
0 0 0
0 0 0
2.1793386 1.6539019 6.097197
2.1811484 1.6543689 6.0979086
2.1796636 1.6542758 6.0991916
2.1784994 1.6546777 6.0958052
2.1788142 1.655019 6.0895047
2.1785334 1.6550396 6.0947399
2.1791446 1.6526056 6.091565
2.1791139 1.651508 6.0991556
0 0 0
2.1816687 1.6526992 6.0950587
2.1834883 1.6539559 6.0921917
2.1836535 1.6544879 6.0910078
2.1836902 1.655229 6.090185
3.8613452 1.8692131 3.0161021
3.8596324 1.8692375 3.0148388
3.8573098 1.8704545 3.015835
3.8621578 1.8711483 3.0165687
3.8618845 1.8712593 3.0159555
3.8629774 1.870517 3.0168157
3.8615276 1.8681645 3.0157064
3.8655004 1.8704856 3.0190001
3.8633852 1.8704537 3.0144648
3.8635158 1.8722084 3.0161676
3.8599528 1.8762723 3.0159022
3.8625629 1.8751419 3.0210924
0 0 0
3.8628159 1.8717833 3.0193824
3.8632204 1.8718367 3.0164934
3.8607594 1.8684927 3.0155302
1.8393412 2.666093 3.5625751
1.8367669 2.6692213 3.559009
1.8347344 2.6663013 3.5579471
1.8329436 2.6660258 3.555705
1.8352551 2.6609059 3.558955
1.8352897 2.6658203 3.55842
1.8348946 2.6670035 3.5592285
1.8390239 2.6669648 3.5645137
1.8360491 2.6639153 3.5640091
1.8424027 2.6618452 3.5717791
1.8350075 2.6637422 3.5643463
1.8432305 2.6678959 3.5706461
1.8273625 2.6664499 3.554183
1.8300392 2.6683026 3.5575052
1.8268667 2.6660763 3.5540995
1.8338832 2.667906 3.5617189
1.348322 2.0152873 6.0922602
1.3505112 2.0148 6.0929512
0 0 0
1.3430743 2.0174349 6.0887081
1.3445111 2.0173078 6.0856319
1.3446979 2.0162296 6.084842
1.3476364 2.0161435 6.083152
1.3497203 2.0174111 6.0854645
1.3491444 2.0182554 6.0890985
1.3534791 2.0153523 6.088241
1.349916 2.0142615 6.0883602
1.3470099 2.0184839 6.0839985
1.3459003 2.0202648 6.0868037
1.3426977 2.0180609 6.0850767
1.3424989 2.018312 6.0888799
1.3399971 2.0201207 6.089313
3.6452779 1.715234 3.136225
0 0 0
3.6457594 1.7127931 3.1354327
3.6466442 1.7171502 3.1366658
3.6457391 1.7106957 3.1383844
3.6468665 1.7145775 3.140804
3.6458955 1.7104148 3.1401962
3.6456843 1.7154864 3.1408334
3.6458098 1.7167701 3.1408984
3.7962904 2.6345247 2.0660538
3.7974275 2.6299308 2.0725851
3.7936565 2.6267268 2.0733902
3.7886883 2.6279232 2.069855
3.7855922 2.631682 2.066046
3.7903105 2.6336998 2.0671405
3.7914025 2.6330495 2.068572
3.7969017 2.6270306 2.0726946
3.7989557 2.6237803 2.0766456
4.465022 2.4498228 5.2549615
4.4686627 2.4490138 5.2598896
4.4702063 2.4488728 5.2612699
4.467564 2.4477193 5.2628386
4.4681077 2.4477226 5.2633212
4.4668866 2.4460784 5.2660214
4.4698559 2.4439446 5.263213
4.4643117 2.4424038 5.2604181
4.4648964 2.4461969 5.2592881
4.4596997 2.4478632 5.2589974
4.4636466 2.4454228 5.2600911
4.4614816 2.4452183 5.2548243
4.4686392 2.4441926 5.2571413
4.4641664 2.4485829 5.2534346
4.4661431 2.0303521 1.3581244
4.4651445 2.0290618 1.3581
4.4669125 2.0297133 1.361248
4.4662386 2.0245731 1.3609302
4.4698335 2.0242508 1.3639611
4.4712334 2.0211537 1.3632153
4.4708833 2.0262585 1.3638597
4.4672829 2.0266615 1.3596249
4.4693994 2.0272046 1.3617148
4.469662 2.0285325 1.3602645
4.4720661 2.0259202 1.3617632
4.4700255 2.0298235 1.3607438
4.4685142 2.0271609 1.3629429
4.4684061 2.02955 1.3637944
4.4670697 2.026266 1.3618812
4.4656076 2.0272857 1.3603093
4.4675401 2.0246235 1.3594063
4.4681169 2.0262636 1.3635171
4.4702038 2.0244129 1.3635487
4.4690485 2.0255028 1.361687
4.4722853 2.0235517 1.3615245
4.471758 2.023318 1.3593258
4.4729892 2.0228107 1.3604038
4.4699868 2.0252519 1.3557786
4.4707594 2.0258367 1.3545963
0 0 0
2.1800894 1.6522717 6.0969919
2.1799144 1.6534118 6.0973366
2.1797824 1.6590723 6.0957516
2.1761353 1.6570473 6.0933997
2.1749826 1.6563924 6.0940408
2.1739581 1.6559686 6.0928043
2.1749278 1.6549091 6.0957775
2.1749021 1.6550693 6.0937835
2.1769121 1.652993 6.093849
2.177923 1.6546456 6.096593
2.1800414 1.6554626 6.096257
2.1799834 1.6549954 6.098414
2.1793252 1.6544478 6.0963663
2.181108 1.6550794 6.0909487
2.180888 1.6539046 6.0943572
2.1819953 1.6528956 6.0925158
2.1796953 1.6506634 6.0991945
2.1791792 1.6509041 6.0957617
2.1806144 1.6531058 6.0951616
2.1823401 1.6549863 6.0918219
2.1834352 1.6559226 6.0921615
2.1823168 1.6552912 6.0914956
0 0 0
3.8598818 1.8679094 3.0132079
3.858201 1.8687925 3.0129147
3.8599925 1.8699699 3.0153113
3.8605196 1.8691713 3.0172661
3.8626056 1.8675816 3.0190995
3.8613284 1.865288 3.0174448
3.8658536 1.8684159 3.0176165
3.8635905 1.8688888 3.0153166
3.8616156 1.8718445 3.0141818
3.8581621 1.8721652 3.0148452
3.8598878 1.8726826 3.0181851
3.8625777 1.8747678 3.0176808
3.8615682 1.8718953 3.0174662
3.8640698 1.8708234 3.015501
3.8646155 1.869401 3.0158856
1.8363817 2.6663032 3.5620366
1.8319405 2.6665486 3.5574788
1.8305761 2.6644735 3.556198
1.8301842 2.6640463 3.556093
1.8363294 2.6631883 3.5601997
1.836743 2.6650847 3.5592313
1.8375154 2.6663317 3.5604113
1.836785 2.6657863 3.5617514
1.8344345 2.6619655 3.5611267
1.8373669 2.6620609 3.5649627
1.8357469 2.660794 3.5639129
1.8401198 2.6655996 3.565769
1.8315461 2.663199 3.5557854
1.8287537 2.6663785 3.5531905
1.8230257 2.6654693 3.548522
1.8313445 2.6677032 3.5573018
1.3455049 2.0159398 6.0873085
1.3484331 2.0185394 6.088932
1.3405591 2.0020529 6.0680333
1.3384371 2.0052035 6.0693149
1.3381104 2.005601 6.0679676
1.3481422 2.0187525 6.0858676
1.3475253 2.0182809 6.0856363
1.3490373 2.0168798 6.0858995
1.3464232 2.0185315 6.0878203
1.3485907 2.0169465 6.0879221
1.3482274 2.0159755 6.0872643
1.3473385 2.0176703 6.0853989
1.3447338 2.0170785 6.0850877
1.3411481 2.0170797 6.082903
1.3421176 2.0158087 6.0851078
1.3402974 2.0187772 6.0867525
3.6461498 1.7159488 3.1363425
3.6482284 1.7163929 3.1355517
3.6501195 1.7150737 3.1343633
3.6499799 1.7181589 3.1347513
3.6478565 1.7141683 3.136838
3.6471464 1.7149449 3.1397512
3.6457181 1.7119825 3.1382512
3.6457239 1.7146144 3.1392714
3.6459472 1.7168742 3.1385315
3.6467053 1.7165415 3.141184
3.7954692 2.629906 2.0707526
3.7913648 2.6277583 2.0701301
3.7885818 2.6279276 2.0692378
3.7873999 2.6302717 2.0696214
3.788101 2.6313182 2.0686256
3.7924834 2.6316194 2.0710602
3.7936389 2.6279742 2.0697234
3.7953623 2.62499 2.0716329
4.4627661 2.4498382 5.2604142
4.4656716 2.4492485 5.2622232
4.4693128 2.4478993 5.2637463
4.4701136 2.4472118 5.2641753
4.4733477 2.4437275 5.2634814
4.4722572 2.4457508 5.2644404
4.4695953 2.4444611 5.2602987
4.4648663 2.4466027 5.2593926
4.4639124 2.4469754 5.2597243
4.4622046 2.4454293 5.2602293
4.4693049 2.4430608 5.2653462
4.465628 2.4428681 5.2597951
4.4682728 2.4434689 5.2598102
4.4615838 2.4470034 5.256257
4.4705368 2.0318364 1.359911
4.46807 2.0301752 1.3590798
4.4677436 2.0290772 1.3642696
4.4684662 2.0253799 1.3621635
4.4719778 2.0255673 1.3658101
4.4717561 2.0222227 1.3656935
4.4707172 2.0238004 1.3645852
4.4654065 2.0243218 1.3622111
4.4662742 2.0248908 1.3617171
4.4684537 2.027904 1.3640578
4.4679547 2.0261083 1.3617756
4.4681216 2.0291832 1.360806
4.4655833 2.0272929 1.3591273
4.4651997 2.0255456 1.3614373
4.4655405 2.0255493 1.363161
4.4657257 2.0267053 1.3634438
4.4692044 2.0253602 1.3618793
4.4667737 2.0255451 1.3590017
4.4675714 2.0240622 1.3603118
4.467949 2.0270776 1.3614805
4.4702214 2.0261393 1.3649463
4.4716664 2.0259908 1.3632376
4.4728353 2.024471 1.3643106
4.4724532 2.0272076 1.3611717
4.4736655 2.0281362 1.3596646
0 0 0
2.1796677 1.6503507 6.0940382
2.1780113 1.6517826 6.0943766
2.1771491 1.6549004 6.0959952
2.1766457 1.6557322 6.0941329
2.1759243 1.6536384 6.0948683
2.1755214 1.6523367 6.0931542
2.1734395 1.6519787 6.0949976
2.1728293 1.652914 6.0931693
2.1736584 1.6526596 6.0943418
2.1774972 1.6552572 6.0956571
2.1802958 1.6552505 6.095712
2.1801729 1.6549167 6.0955647
2.1775182 1.6530924 6.0953487
2.1798295 1.6533708 6.0945193
2.1787112 1.6524341 6.0950959
2.1817697 1.6530093 6.0919735
2.1776752 1.6502184 6.0974153
2.1788492 1.6512887 6.0969722
2.1796019 1.6530679 6.0985187
2.1791404 1.6526001 6.094427
2.179796 1.6537281 6.0946712
2.1791042 1.6523256 6.094095
3.86138 1.8733826 3.0135344
3.860814 1.8711915 3.013517
3.8601427 1.8690071 3.0119011
3.8623185 1.8689734 3.015502
3.8622388 1.8681801 3.0162335
3.8642885 1.8669173 3.0183608
3.8645778 1.8661668 3.019681
3.8666391 1.8684789 3.0187304
3.8636157 1.8682917 3.0143014
3.8628532 1.8707807 3.0125396
3.8636482 1.8694196 3.0142728
3.8632753 1.872631 3.0190825
3.8664013 1.8730719 3.0208057
3.8622772 1.8723194 3.0192204
3.8627597 1.8732026 3.0160043
3.8619097 1.8739108 3.0163778
1.8408108 2.6653652 3.564711
1.8374454 2.6653383 3.564475
1.8306856 2.66563 3.5584106
1.82859 2.6640529 3.5564034
1.8358958 2.6631555 3.5595609
1.8406623 2.6641475 3.5628161
1.8453496 2.6657218 3.5673677
1.8388723 2.6664656 3.5648684
1.8344553 2.6630562 3.5613293
1.8321769 2.6625083 3.5583
1.8408934 2.660005 3.564556
1.842672 2.663284 3.5643912
1.8396243 2.6625957 3.5604356
1.8324106 2.6639257 3.5543148
1.8289644 2.6633176 3.5523153
0 0 0
1.344603 2.0134239 6.0834043
1.3478732 2.0146653 6.0872327
1.3397192 2.0008758 6.069127
1.342985 2.008952 6.0785478
1.3347484 2.0049916 6.0683237
1.3452407 2.0169209 6.0837779
1.34498 2.0184606 6.0859145
1.3472425 2.0143889 6.0873621
1.3435135 2.016817 6.088918
1.3446826 2.0157574 6.0889386
1.342909 2.0176168 6.0855458
1.3427031 2.0190413 6.0848331
1.3439912 2.018648 6.0846808
1.3426687 2.0176434 6.0858219
1.3420551 2.0169598 6.0858407
0 0 0
3.6462755 1.7161713 3.1366023
3.6490848 1.7168919 3.1358381
3.6513121 1.7176081 3.1379127
3.6506534 1.7177074 3.1364697
3.6469958 1.7150799 3.1376428
3.6447529 1.7151578 3.1407129
3.6437877 1.7140241 3.1404239
3.6467333 1.7151896 3.1420566
3.6457324 1.7174492 3.1405106
3.6487796 1.7183835 3.1426483
3.6480729 1.7163366 3.1405556
3.7950257 2.6277089 2.0723373
3.7906508 2.6278566 2.0683361
3.7932983 2.6286405 2.0722373
3.7887925 2.6300651 2.0677404
3.7913361 2.6295512 2.0692239
3.7890348 2.6299342 2.0668315
3.7945123 2.6281683 2.0725376
4.4593819 2.443538 5.2542674
4.4638616 2.4453013 5.257045
4.4704572 2.447374 5.2630325
4.4731769 2.4458329 5.2655458
4.4740115 2.4433037 5.2661585
4.4729448 2.444992 5.2656813
4.464417 2.4465181 5.2594262
4.4646966 2.4484539 5.2584359
4.4623112 2.448843 5.2599066
4.4628737 2.4455181 5.2622546
4.46846 2.4415394 5.2649093
4.4684262 2.4410758 5.2618574
4.4729331 2.4453634 5.2632459
4.4679958 2.4490212 5.2603948
4.467978 2.0296342 1.3579872
4.4690416 2.0284803 1.3584143
4.4684266 2.0281428 1.3647595
4.4692843 2.0278694 1.3635015
4.4723123 2.0263184 1.3680621
4.4724684 2.0230558 1.3661417
4.4730324 2.0227311 1.3644102
4.4683857 2.0221924 1.3644289
4.4677787 2.0242173 1.3626403
4.4681169 2.0238582 1.3631282
4.4675671 2.0246235 1.3597838
4.4673078 2.0268886 1.3602146
4.4652736 2.0290096 1.3598518
4.4644973 2.0280952 1.3612427
4.464979 2.0267383 1.3637572
4.4644114 2.0248623 1.3628849
4.4675976 2.0253453 1.3635288
4.4667968 2.0259723 1.3597223
4.4668717 2.0270502 1.359704
4.468098 2.028219 1.3601911
4.4697234 2.0284538 1.3637734
4.470471 2.0257638 1.3629807
4.4692179 2.0251546 1.3625776
4.468525 2.0252001 1.3611487
4.4684866 2.0263886 1.3627395
2.1802189 1.6528871 6.0938883
2.1802772 1.6517092 6.0962479
2.179272 1.6541611 6.0939623
2.1776837 1.654547 6.0942834
2.1762779 1.6561931 6.0913895
2.1755589 1.652754 6.0931611
2.1768092 1.6519688 6.0943991
2.174643 1.6501699 6.0966867
2.1768881 1.652929 6.0965111
2.1758045 1.6545214 6.097762
2.1791289 1.6570848 6.0949539
2.1795169 1.6547248 6.0964481
2.1801927 1.6545749 6.0966868
2.1778425 1.6543033 6.0974979
2.1809662 1.6547754 6.0953751
2.1798019 1.6547582 6.0921512
2.1820247 1.654138 6.0899598
2.1800615 1.6516853 6.0935676
2.1803472 1.6515766 6.094692
2.1811804 1.6536178 6.095368
2.180278 1.655157 6.0925452
2.1817052 1.6564857 6.0935334
2.1812989 1.6543452 6.0937933
3.8628003 1.8740381 3.0156947
3.8629119 1.8728187 3.0172165
3.861846 1.8710676 3.0156967
3.8622868 1.8699355 3.0164093
3.8628056 1.8688746 3.0162838
3.8642738 1.8656167 3.0163953
3.8649453 1.8668044 3.0153813
3.8648434 1.8689243 3.0133599
3.8655053 1.8707197 3.0117561
3.8635458 1.8728871 3.0125407
3.8647036 1.8701461 3.0142662
3.86357 1.87227 3.0171
3.8664592 1.8722798 3.0192195
3.8622085 1.8729383 3.0179555
3.8657538 1.8748977 3.0179491
3.8642952 1.8734129 3.0167875
1.8346193 2.6647089 3.565304
1.8332975 2.6627318 3.5662103
1.8319545 2.6626357 3.5635075
1.8324167 2.6642142 3.5639764
1.8392327 2.6644292 3.5647703
1.8420358 2.6655888 3.5652937
1.8400875 2.6632248 3.5645907
1.8338867 2.6648541 3.5604418
1.8351102 2.6638112 3.560366
1.8323094 2.6646659 3.5568763
1.838185 2.663545 3.5598876
1.8355157 2.6631649 3.5576731
1.8395691 2.6615209 3.5616118
1.8341068 2.6610859 3.5571455
1.8306638 2.6616345 3.5539372
0 0 0
1.3425099 2.013618 6.0782319
1.3444515 2.0156538 6.08173
1.3366292 2.0044268 6.0654221
1.3370688 2.0021492 6.0635231
1.335259 2.0058686 6.0644988
1.3450809 2.0173094 6.082418
1.344739 2.0197061 6.0881327
1.3461683 2.01473 6.0876662
1.3428605 2.0168033 6.0880691
1.3450578 2.0150054 6.0888051
1.3445295 2.0156404 6.0861319
1.344729 2.0152968 6.0866372
1.3423045 2.0176378 6.084567
1.3420941 2.0184743 6.0839539
1.3439716 2.0198563 6.0844893
1.3431897 2.0203031 6.0856592
3.6483848 1.7160402 3.138166
3.6503246 1.7151098 3.1369885
3.6501207 1.7168034 3.1392644
3.6499466 1.7178945 3.1364214
3.6457628 1.7179523 3.1362749
3.6455009 1.7160084 3.1395287
3.644284 1.7145734 3.1381574
3.6467277 1.7158061 3.1388495
3.6431041 1.7163665 3.1357577
3.6471664 1.7153338 3.1378982
3.6455601 1.7149479 3.1383269
3.6472309 1.7141312 3.1368408
3.7862317 2.62649 2.0645639
3.7947244 2.6256904 2.0738951
3.7906454 2.6279275 2.0700077
3.7948461 2.6286846 2.0722136
3.7892616 2.6292424 2.0663579
3.7906207 2.6281053 2.0675946
4.4631608 2.4424927 5.2625656
4.4679311 2.44141 5.2647273
4.4712801 2.4428022 5.2655671
4.4741103 2.4416271 5.2636987
4.4727414 2.4438324 5.2623113
4.4706052 2.4447009 5.2591183
4.4652901 2.4487421 5.2602845
4.4663724 2.4489398 5.2626341
4.464353 2.4490679 5.2637973
4.466488 2.4450403 5.2648978
4.469616 2.4425188 5.2636205
4.4678184 2.4404288 5.2612836
4.4700813 2.4442365 5.2632462
4.4668305 2.4462552 5.2629647
4.4677488 2.0270228 1.3607123
4.4683565 2.0276446 1.3620831
4.4666926 2.0276165 1.3651656
4.4669522 2.0281727 1.3637912
4.4677194 2.0266863 1.3653789
4.4680475 2.0253247 1.3649445
4.4662036 2.0246504 1.3657964
4.4660855 2.0257996 1.3650339
4.467934 2.0277845 1.3627084
4.4669957 2.0249998 1.3587545
4.4644671 2.0252752 1.3576658
4.4641844 2.0259392 1.3575641
4.466359 2.0271674 1.3607496
4.4678608 2.0266859 1.363486
4.467611 2.0239651 1.3669107
4.467694 2.024314 1.3661717
4.4666817 2.0239551 1.3630289
4.4649682 2.0243206 1.3574436
4.4656191 2.0258923 1.3584832
4.46691 2.0286359 1.3605647
4.4686142 2.0313329 1.3630689
4.4684388 2.028331 1.3616353
4.4672126 2.0283112 1.3636663
4.4667733 2.0255563 1.364452
4.4669693 2.027212 1.3653082
2.1805029 1.6560385 6.0906887
2.1787345 1.654644 6.0936232
2.176219 1.6548538 6.0922968
2.1769316 1.6521518 6.0932614
2.1788208 1.6541226 6.0905987
2.1798189 1.6506143 6.0926206
2.1790279 1.65077 6.0932869
2.176318 1.6467047 6.0945925
2.1777062 1.6532545 6.0939887
2.1771496 1.6547186 6.0958906
2.1815127 1.6586198 6.0937205
2.1809635 1.6575562 6.096979
2.1804637 1.6539951 6.0944549
2.1778931 1.6532653 6.096798
2.1767519 1.6539369 6.0942368
2.175687 1.6547343 6.0905506
2.1758779 1.652653 6.0898315
2.1773975 1.6511022 6.0916095
2.1785864 1.6518553 6.0950256
2.1814727 1.6537086 6.0954721
2.1797887 1.6530103 6.0961276
2.1812416 1.6525448 6.0956362
2.1799748 1.6524534 6.0951067
3.8619999 1.8756921 3.0173209
3.8632225 1.8740739 3.0187765
3.8635556 1.872848 3.0198186
3.8637541 1.8701212 3.0173002
3.8657946 1.8702086 3.0168995
3.86361 1.8668009 3.0155063
3.8654312 1.8700939 3.0167129
3.8622642 1.8698141 3.0132407
3.8653604 1.8717387 3.0134819
3.8656517 1.872811 3.0129983
3.8677573 1.870794 3.0154974
3.867256 1.8725234 3.0189846
3.8683701 1.8733217 3.0220109
3.8633413 1.8731225 3.0194476
3.8648077 1.8739388 3.0193808
3.8635979 1.8717865 3.017654
1.8414163 2.6640026 3.5697317
1.8377469 2.6643162 3.568552
1.8391161 2.6658558 3.5685833
1.8358076 2.667056 3.5653099
1.8416801 2.6644131 3.5662858
1.8415175 2.6666157 3.5662499
1.8425169 2.6665202 3.5674706
1.8355631 2.6697079 3.5633834
1.8375301 2.6678305 3.5641897
1.8331451 2.6663448 3.5570109
1.8361188 2.6646419 3.5596258
1.8329578 2.6648706 3.5576724
1.8370555 2.6626268 3.5619434
1.841105 2.6625721 3.5649738
1.8381626 2.6624846 3.5631771
1.8387905 2.6631515 3.5646769
1.3438894 2.0116833 6.077945
1.3447052 2.0115921 6.0822912
1.3440963 2.0124125 6.0826221
1.3455828 2.0111238 6.0842059
1.3435111 2.0152085 6.0839664
1.3435751 2.0142972 6.0840035
1.3443063 2.0176269 6.0877289
1.3462452 2.0157884 6.0881227
1.3451236 2.0173403 6.0889332
1.344928 2.0153537 6.0857052
1.3423108 2.0162056 6.0829133
1.3424925 2.0160799 6.083678
1.3426578 2.0181243 6.0841195
1.3442601 2.0190366 6.0867256
1.3436418 2.0188755 6.0860512
1.3431975 2.0196392 6.0865726
3.647706 1.7169123 3.1393553
3.6510413 1.7152858 3.1411428
3.6489692 1.716583 3.1418409
3.6484382 1.7158585 3.1403557
3.6447495 1.7163538 3.1386787
3.6447205 1.7131186 3.1419123
3.643155 1.7154289 3.1403122
3.644884 1.7169351 3.1413016
3.6433637 1.7187611 3.1384244
3.6463061 1.715831 3.1364975
3.6455354 1.7138237 3.136973
3.647171 1.71016 3.1351521
3.6463431 1.7125844 3.1376131
3.7969365 2.627009 2.07281
3.7939201 2.6276225 2.0696486
3.7951441 2.6297494 2.0698348
3.7900709 2.6301045 2.0667736
3.7903641 2.6301561 2.0679775
4.461936 2.4411559 5.2593893
4.466605 2.4420312 5.2604474
4.4701956 2.4429217 5.2623256
4.4740624 2.4422856 5.2639873
4.471921 2.4440047 5.2642847
4.4671526 2.4452705 5.259661
4.4667264 2.4490069 5.2626042
4.4673683 2.4485119 5.2657839
4.4683905 2.449203 5.2668648
4.4662678 2.4454379 5.2657338
4.4648107 2.4448624 5.2596359
4.4646363 2.4417833 5.2592192
4.4668223 2.4444048 5.2592369
4.4640848 2.4455399 5.2599201
4.4651525 2.0257494 1.3623198
4.4649571 2.0272421 1.364392
4.4629235 2.0268305 1.3635499
4.464502 2.0267359 1.3628643
4.4645054 2.0242243 1.3607208
4.4663046 2.024193 1.3612396
4.4667966 2.0254713 1.362764
4.467472 2.0272195 1.3623831
4.4683636 2.0287221 1.3633304
4.4676363 2.0249748 1.3583064
4.4674095 2.0253641 1.3593715
4.4660781 2.0246358 1.3566679
4.4664131 2.0259528 1.3614558
4.4682872 2.0255338 1.3627569
4.4651684 2.0243126 1.3642415
4.4662331 2.0251645 1.3645684
4.4652225 2.0231529 1.3626651
4.4647422 2.0244044 1.3600344
4.4667359 2.0255038 1.3606215
4.4685922 2.0266845 1.3592594
4.4701351 2.0275512 1.358996
4.4679144 2.0235811 1.3586268
4.4665484 2.0253052 1.3613223
4.4665032 2.0232279 1.3640259
2.1764257 1.6527375 6.0887356
2.1779863 1.6545727 6.0918623
2.1814649 1.6549685 6.0948414
2.1794164 1.6538508 6.0931542
2.1793273 1.652464 6.0929776
2.1787654 1.6527412 6.090501
2.1791662 1.6515723 6.0922208
2.1772217 1.6531535 6.0942526
2.1774338 1.64943 6.0952912
2.1777028 1.6551347 6.0955041
2.1800789 1.6545783 6.0970764
2.1816142 1.6566456 6.0953131
2.1835296 1.6550365 6.097706
2.1832179 1.6525167 6.0945481
2.1823664 1.6543519 6.0960131
2.1785271 1.6553002 6.0929225
2.1787493 1.6548822 6.0906579
2.1787138 1.6547139 6.0909015
2.1820311 1.6520866 6.0898926
2.1823961 1.6526906 6.0919451
2.183415 1.6533547 6.091139
2.1805901 1.653943 6.0930643
2.1811388 1.6557226 6.0939912
2.1825427 1.6550774 6.0950034
2.1823622 1.6548102 6.0936268
3.8642699 1.8700146 3.0217757
3.8632671 1.8702238 3.0216185
3.8633076 1.870366 3.0173108
3.8654465 1.8713301 3.0185589
3.8635806 1.8680737 3.015265
3.8666751 1.8703408 3.0189447
3.8624484 1.8690603 3.016027
3.8653103 1.8706798 3.0179151
3.864126 1.8715095 3.0167458
3.8647925 1.8705004 3.0176968
3.863119 1.8706638 3.0177042
3.863623 1.8718535 3.0191632
3.8627036 1.8719368 3.0181871
3.8662876 1.8723164 3.0190595
3.8652821 1.8685995 3.0175373
1.8346126 2.6636877 3.5639638
1.833148 2.6640008 3.5639722
1.8371623 2.6622708 3.5667076
1.8354261 2.664048 3.5639842
1.8413928 2.6636282 3.5665918
1.8346108 2.6674381 3.5609455
1.8374387 2.6660682 3.562674
1.8331859 2.6669578 3.5594631
1.8353059 2.6658644 3.5602963
1.8330391 2.6662419 3.5577113
1.828737 2.6669185 3.5543387
1.8321354 2.6681893 3.5565025
1.8353776 2.6664809 3.5603935
1.842611 2.6648805 3.5647183
1.8387548 2.6649422 3.5623103
1.8394064 2.6652182 3.5625924
1.8337375 2.6666071 3.5608336
1.3448751 2.0138995 6.08239
1.343254 2.0137396 6.0804659
1.3467794 2.0122842 6.0843027
1.341952 2.014075 6.0821627
1.3452695 2.0160675 6.0857433
1.3431135 2.0178463 6.0850251
1.3443671 2.0167352 6.0831509
1.3422972 2.017557 6.0836063
1.3419956 2.0147337 6.083719
1.3451579 2.0150445 6.0863255
1.3454875 2.0139704 6.0858624
1.3438508 2.0159868 6.0841033
1.3434092 2.0185284 6.0859586
1.3433239 2.0182963 6.0857369
1.3434401 2.0162473 6.0889217
3.6478661 1.7176329 3.1394466
3.6491353 1.7162936 3.140798
3.6472044 1.7145554 3.1393729
3.647827 1.7131346 3.1406266
3.6457789 1.7128021 3.1376361
3.6470827 1.7108889 3.1408395
3.6460951 1.7124466 3.1395646
3.6463838 1.7140674 3.1389046
3.6442662 1.7153874 3.1376654
3.6441266 1.7125285 3.1352497
3.642887 1.7138799 3.1363185
3.6432978 1.713219 3.1341426
3.645027 1.7153469 3.1374203
3.6452962 1.713831 3.1370418
3.7989161 2.6288568 2.0731812
3.7980001 2.6301661 2.0724476
3.7920401 2.6288904 2.0687285
3.7883798 2.6281758 2.0652322
4.4667615 2.4454891 5.2621613
4.4676173 2.4444479 5.2615678
4.4672411 2.4432473 5.260723
4.4673848 2.4444285 5.2585139
4.4678152 2.4455045 5.2601728
4.4671361 2.4469129 5.2606273
4.4697389 2.4478995 5.2656921
4.465444 2.4465419 5.2638486
4.46535 2.4487499 5.2621859
4.4641529 2.4464628 5.2620487
4.4660163 2.4467442 5.2609097
4.4648921 2.4416323 5.2619129
4.4655947 2.4432022 5.2621758
4.4647523 2.4434443 5.2646372
4.4675783 2.4453854 5.2657265
4.4680137 2.0261349 1.3645033
4.4662606 2.0249271 1.3628675
4.4656958 2.0246156 1.3611851
4.4651438 2.0208507 1.3588956
4.4656101 2.0231116 1.3627196
4.4651648 2.0248981 1.3623417
4.4653246 2.0251642 1.3618974
4.4706567 2.0273461 1.3614808
4.469665 2.024746 1.3582407
4.4691752 2.026212 1.3605245
4.4672027 2.0234093 1.3571021
4.4685394 2.0261558 1.3612724
4.4702126 2.0243931 1.3629327
4.4684047 2.024392 1.3635863
4.4668076 2.0256821 1.3621016
4.4651546 2.0246847 1.3596157
4.4638589 2.0256604 1.3605301
4.4663604 2.0247902 1.3617076
4.4674326 2.0268887 1.3613798
4.4675131 2.0267767 1.3577104
4.4670677 2.0253178 1.3571516
4.4652195 2.0249872 1.3570628
4.4666838 2.0240271 1.3607814
2.1754493 1.6548201 6.0901935
2.177087 1.6558176 6.0907184
2.1807207 1.6570751 6.094099
2.1797758 1.6539423 6.092645
2.1804456 1.6534277 6.0926975
2.1788367 1.6532072 6.0912954
2.1797208 1.6537448 6.0907199
2.1787092 1.6535223 6.0924741
2.1803971 1.6493585 6.0927091
2.1784116 1.6509286 6.0955982
2.1809433 1.6513315 6.096837
2.1809485 1.6545474 6.0933847
2.1842911 1.655901 6.0952826
2.180904 1.6550292 6.0932885
2.1810516 1.6544627 6.0961711
2.1783358 1.6542281 6.0933887
2.1790487 1.6541113 6.0935476
2.1780664 1.6537457 6.0917594
2.1796896 1.6512723 6.0910411
2.1797868 1.6515059 6.0906476
2.1807934 1.6528472 6.0918759
2.182504 1.6517255 6.0961608
2.182012 1.6526956 6.0970061
2.1823129 1.6522291 6.0940828
2.1789142 1.6543389 6.0910012
3.8654786 1.8673687 3.0188752
3.8642422 1.8675531 3.0195671
3.8625378 1.8691877 3.0165139
3.8632337 1.8693451 3.019597
3.8623539 1.8679042 3.0182031
3.8642243 1.8700429 3.0200209
3.8609597 1.8685426 3.0157815
3.8636513 1.8698189 3.0157361
3.8620539 1.8685854 3.0166379
3.8629147 1.870279 3.0171086
3.8618016 1.8679585 3.0180068
3.8625019 1.8692918 3.0160002
3.8610101 1.8684634 3.0149618
3.8644077 1.8698091 3.015755
1.8430226 2.66621 3.5712581
1.8428748 2.6640018 3.5704811
1.8428852 2.6667944 3.5703279
1.838785 2.6641019 3.5671479
1.8329731 2.6662034 3.5623745
1.834032 2.6636152 3.5604902
1.8300439 2.6688131 3.5560975
1.8341968 2.6705681 3.5593495
1.8366035 2.6706171 3.5639289
1.8386078 2.6672016 3.5632936
1.839862 2.6663082 3.5640904
1.8315702 2.6670774 3.5557858
1.8353608 2.6667722 3.5609687
1.8395494 2.6679497 3.5643112
1.8428443 2.6671313 3.5646858
1.8442138 2.6678152 3.5681713
1.8439486 2.6679215 3.5686515
1.8432882 2.668728 3.5720451
1.3450305 2.014204 6.0825075
1.3438141 2.01432 6.0808637
1.3485194 2.0125754 6.0850318
1.3433757 2.0162023 6.0823063
1.3469542 2.0172917 6.085021
1.3407758 2.0194923 6.0825056
1.3435415 2.0169302 6.0833024
1.3427862 2.0197039 6.0853776
1.344188 2.0191519 6.0854314
1.3454783 2.0190456 6.088402
1.3449358 2.0153529 6.0859385
1.3445169 2.0152539 6.0830248
1.3429783 2.0138069 6.0817778
1.3436027 2.0140587 6.0835443
1.3452709 2.0132547 6.0859201
3.649098 1.717064 3.1401566
3.6496738 1.716388 3.1399908
3.6498859 1.7159553 3.1381747
3.647504 1.715623 3.1378781
3.6478034 1.712191 3.1392372
3.6468485 1.7111732 3.1400097
3.646011 1.7112701 3.1391578
3.6466124 1.7165861 3.1382794
3.644931 1.7168141 3.138844
3.647535 1.7153071 3.1372285
3.6450889 1.714222 3.1367126
3.6469603 1.7140896 3.1353519
3.6476312 1.714771 3.1383573
3.6477816 1.7151468 3.1383621
3.7996149 2.629234 2.076691
3.7980079 2.6301936 2.0740948
3.7945432 2.6296763 2.0709101
3.7874587 2.6287931 2.0631435
4.466997 2.4466612 5.2614066
4.4641229 2.4448329 5.2584902
4.4619454 2.4428576 5.2577111
4.4604226 2.442753 5.2558983
4.4644208 2.4449862 5.2598282
4.4672499 2.4445102 5.2615663
4.4715563 2.4471677 5.2657176
4.4684459 2.447231 5.2632186
4.4684459 2.4486078 5.2628994
4.4630681 2.4470824 5.2615123
4.4646667 2.4480357 5.2615481
4.4624357 2.443813 5.2631902
4.4687178 2.4443135 5.2656998
4.4632824 2.4440024 5.2623335
4.4668656 2.4459406 5.261978
4.4671213 2.0282536 1.3629927
4.466054 2.0240315 1.3612911
4.4653744 2.0225869 1.3592868
4.464199 2.0222256 1.3587582
4.4650427 2.0241499 1.3626228
4.4650102 2.0250448 1.3602356
4.465831 2.0250342 1.361768
4.4687126 2.0260102 1.3620616
4.4682699 2.0235047 1.3609146
4.4696976 2.0268705 1.3606254
4.4682479 2.0247164 1.3555487
4.468193 2.026855 1.3584945
4.4693668 2.0264095 1.3619412
4.4684229 2.0276801 1.362619
4.4683795 2.0284367 1.3619448
4.4681148 2.0270198 1.3599291
4.4649922 2.0260206 1.3617369
4.4669477 2.0243241 1.3626266
4.4661965 2.0250655 1.3616052
4.4651567 2.0252583 1.3575063
4.4662155 2.0253272 1.357963
4.4661626 2.0230829 1.359415
4.4685693 2.0240705 1.361895
2.1772535 1.6522465 6.0918117
2.1793157 1.6526391 6.0915219
2.1806828 1.6555667 6.0935468
2.1817351 1.6529332 6.0924799
2.1811467 1.6521524 6.0939462
2.1803642 1.6521109 6.0941464
2.181181 1.6519215 6.0916868
2.1804657 1.6530913 6.0922632
2.1802108 1.6516579 6.0918961
2.1795181 1.6515036 6.0941235
2.1789391 1.6493761 6.0963978
2.177593 1.6514151 6.093361
2.1803426 1.65266 6.0944019
2.1804006 1.6542742 6.0911142
2.1836959 1.6539396 6.0957916
2.1817381 1.6541124 6.094414
2.1849726 1.6546178 6.0950842
2.1838592 1.6533829 6.090871
2.1830007 1.6514852 6.0909591
2.1808893 1.6507809 6.0881326
2.1796679 1.6521787 6.0897741
2.1830842 1.6515948 6.0921017
2.1813827 1.6532274 6.0920184
2.1832676 1.6528649 6.0907351
2.1822926 1.6546857 6.0901195
3.8645803 1.8659802 3.0181741
3.8646573 1.867337 3.0175121
3.8647281 1.8708878 3.0155908
3.8639195 1.8703301 3.0148191
3.8646093 1.8693481 3.0146327
3.8636538 1.8686256 3.015943
3.862305 1.8691275 3.0154167
3.8617511 1.8704737 3.0152626
3.8613813 1.8688609 3.0176956
3.8619963 1.8698148 3.0168942
3.8598035 1.8668496 3.01845
3.8620886 1.8686159 3.0159351
3.8615617 1.8688583 3.0153053
3.8639441 1.8704108 3.014936
1.8363287 2.6671773 3.5631202
1.8362967 2.6646607 3.5630729
1.8387659 2.6677231 3.565714
1.8357847 2.664976 3.56376
1.835834 2.6664071 3.5647379
1.8315122 2.6655152 3.5587477
1.8291053 2.6676507 3.5584303
1.8295278 2.6676724 3.5582695
1.8346652 2.6671195 3.5646045
1.8374674 2.6659689 3.5630489
1.8394576 2.6678921 3.5652902
1.8385593 2.6712951 3.5602425
1.8378856 2.6723764 3.5624898
1.8407275 2.6703801 3.5643854
1.8427358 2.6676612 3.5668921
1.8484965 2.6666122 3.5714567
1.8436959 2.666551 3.5688937
1.8426065 2.6663858 3.569383
1.3472466 2.0159295 6.0855811
1.3459806 2.0175003 6.0834367
1.3471169 2.0155402 6.0836788
1.3426004 2.0194479 6.0812723
1.3451884 2.0159269 6.0833139
1.3406598 2.0158953 6.0820356
1.344643 2.0127513 6.082933
1.3418805 2.0139724 6.0863746
1.3442799 2.0154094 6.0899601
1.3453776 2.0166444 6.092634
1.345649 2.0167647 6.0881401
1.3439322 2.0165761 6.085154
1.3429516 2.0164509 6.0818221
1.3433365 2.0147135 6.083858
1.3449814 2.0132215 6.0852056
3.6471376 1.7160229 3.1371793
3.6459576 1.7164762 3.1366393
3.6471917 1.7143583 3.1386638
3.6455367 1.7117027 3.1380521
3.6465588 1.7098032 3.1393399
3.6460833 1.7121257 3.1376746
3.6477616 1.7116137 3.1384176
3.6497562 1.714449 3.1385892
3.6476258 1.7148701 3.1376441
3.6481158 1.7154093 3.1359386
3.6451093 1.7158708 3.1348806
3.649192 1.7170822 3.1351846
3.649495 1.716459 3.1382682
3.6503848 1.7167454 3.1388903
0 0 0
3.793039 2.6293231 2.0693045
3.7909466 2.6280635 2.0677743
3.7862225 2.6277953 2.0625537
4.4667899 2.4487529 5.2581365
4.4623398 2.4462524 5.2570873
4.4609394 2.4441776 5.2575836
4.4605507 2.4437522 5.256735
4.4645935 2.4464158 5.2610443
4.4674642 2.443643 5.2609593
4.4726408 2.4451778 5.2664758
4.4678541 2.4441276 5.2604516
4.4692365 2.4448734 5.2602326
4.4625287 2.4470165 5.2572667
4.4655294 2.4455231 5.2638666
4.4600077 2.4429736 5.2637081
4.4679364 2.4436983 5.2683921
4.4628378 2.4461012 5.2637749
4.469386 2.4472504 5.2663836
4.4710349 2.0257605 1.3613146
4.4701517 2.0245737 1.3597536
4.4712814 2.0240932 1.3584552
4.4657879 2.0238308 1.3579901
4.4684183 2.0271086 1.3620989
4.4659247 2.0276642 1.3617701
4.4687493 2.0265502 1.3621461
4.4693899 2.0251518 1.36094
4.4683717 2.0240434 1.3606127
4.4691704 2.0245774 1.3602762
4.469882 2.0250339 1.359937
4.4718873 2.0275214 1.3633169
4.4704515 2.0292873 1.3642308
4.4713876 2.0273639 1.3625972
4.4714988 2.0275007 1.3604962
4.4699799 2.0248384 1.358727
4.4664739 2.0233362 1.3613849
4.4657116 2.0238198 1.3623408
4.4656101 2.0243233 1.3623678
4.465172 2.0250068 1.3592861
4.4637125 2.0258683 1.3575293
4.4641535 2.0246628 1.356241
0 0 0
2.1809916 1.6525177 6.0900684
2.1804358 1.6514948 6.0918152
2.179173 1.6529135 6.0939773
2.181165 1.6526008 6.0935451
2.1792199 1.6520855 6.0946542
2.1788434 1.654822 6.0936237
2.1790596 1.6534646 6.0901734
2.1835409 1.654452 6.0896698
2.1840574 1.650765 6.0898576
2.1831034 1.6517895 6.0937301
2.1796284 1.6500198 6.0950555
2.1790553 1.6508794 6.0928564
2.1791084 1.6526384 6.0941225
2.1777867 1.6549903 6.0926322
2.181078 1.6543429 6.0954532
2.1809835 1.6518996 6.0937373
2.1842785 1.6525601 6.0960575
2.1808639 1.6518008 6.0931738
2.1780592 1.6510991 6.0933417
2.1782618 1.6512161 6.0888699
2.176041 1.651511 6.0910241
2.1825848 1.6522491 6.0909695
2.1818911 1.6527099 6.0915962
2.1834197 1.6512038 6.0908137
2.1796663 1.6541032 6.0890133
3.8654831 1.8688456 3.0173182
3.8648629 1.8679172 3.0160587
3.8653194 1.8697342 3.0158663
3.8636149 1.8674534 3.014438
3.8635963 1.8676509 3.0160465
3.8603737 1.8676136 3.0143035
3.8608627 1.8718588 3.0144595
3.8597816 1.8740302 3.0123134
3.8610007 1.8733244 3.0158724
3.8624649 1.8725156 3.0161845
3.8612724 1.866819 3.0168142
3.8640345 1.865512 3.0142825
3.8620048 1.8649463 3.0130821
3.8644277 1.8666849 3.0158436
1.8414384 2.6665985 3.5700405
1.8417174 2.6646372 3.568257
1.8417541 2.6660098 3.5655806
1.8354084 2.6650935 3.5599029
1.8313753 2.6643592 3.559515
1.8288372 2.6660199 3.5550224
1.82867 2.6674014 3.5576083
1.8282534 2.6697312 3.5568281
1.8316026 2.6678299 3.5643937
1.8384461 2.6696764 3.5657571
1.8359909 2.6701052 3.5615764
1.8397543 2.6718864 3.5602831
1.8322734 2.6702328 3.5582373
1.8349392 2.6687507 3.5598638
1.8326119 2.6666556 3.5598112
1.8398563 2.6649131 3.5656993
1.8453719 2.663419 3.5732642
1.8447818 2.6634039 3.5729025
1.8409458 2.6660133 3.5695632
1.3464024 2.0179282 6.082625
1.3473901 2.0161559 6.0845176
1.3437584 2.0191932 6.0801334
1.3433847 2.0151268 6.0821574
1.3414821 2.0153948 6.0826019
1.3454806 2.0133217 6.0868071
1.3454495 2.0149188 6.0879836
1.3481938 2.0172945 6.0906138
1.345754 2.0186754 6.0909828
1.345852 2.0196907 6.0878548
1.3422835 2.016275 6.0852956
1.34261 2.0142966 6.0819539
1.3428305 2.0126283 6.0847693
3.6484579 1.7115068 3.133289
3.6484327 1.7136427 3.1336757
3.6477747 1.7148954 3.1331943
3.647506 1.7157652 3.1367042
3.6455675 1.7146502 3.1365606
3.6463382 1.7146626 3.138677
3.6469192 1.7140578 3.1373243
3.6466035 1.7136374 3.1366516
3.6493275 1.7123964 3.1358686
3.6470908 1.715549 3.1373524
3.6462151 1.7165587 3.1356311
3.6445981 1.7173419 3.1356153
3.6467423 1.7183733 3.1343726
3.6466291 1.7165152 3.1363704
3.6487296 1.7182013 3.137649
3.6466143 1.7147069 3.1379629
3.7878238 2.6280472 2.0645939
3.7893526 2.6281915 2.0663062
3.7864476 2.6279171 2.0620611
4.4678688 2.4476982 5.2623803
4.4636422 2.445859 5.259026
4.4607896 2.4438812 5.2585835
4.4577491 2.4424508 5.2540392
4.4611188 2.445705 5.2586695
4.4659216 2.4451063 5.2595905
4.471019 2.4438443 5.2652225
4.4704172 2.441615 5.2617672
4.4703182 2.4415765 5.2639583
4.4637311 2.4459428 5.258618
4.4614597 2.4457562 5.2589387
4.459312 2.4459883 5.2589096
4.463271 2.4450814 5.2615779
4.4605604 2.444136 5.2589578
4.4633956 2.4457899 5.2590017
4.4689819 2.0269356 1.3608539
4.4655523 2.0263188 1.3585998
4.4682139 2.0258392 1.3580891
4.4637744 2.0259645 1.3583988
4.4659914 2.0290279 1.3596491
4.4658617 2.0283565 1.3615025
4.471813 2.0285273 1.3642698
4.4715598 2.026844 1.3638911
4.4691733 2.0265214 1.3633667
4.467234 2.0263995 1.3609577
4.4673282 2.027308 1.3606698
4.4703358 2.0277013 1.3629719
4.4691789 2.0300887 1.3641966
4.4719909 2.0282445 1.3655995
4.4712052 2.0278671 1.3626245
4.4700674 2.0248427 1.36062
4.4684083 2.0231082 1.3611918
4.465551 2.0234198 1.3611756
4.4677111 2.0244932 1.3621491
4.4674173 2.0267575 1.3604379
4.4679459 2.0285838 1.3597747
4.4681627 2.0276453 1.3604755
0 0 0
2.1840456 1.6518201 6.0928723
2.1801242 1.6516992 6.0934612
2.1779073 1.652377 6.0955884
2.1785242 1.6543691 6.0958327
2.1798392 1.6529955 6.0952818
2.1811455 1.6531455 6.0934501
2.1806196 1.6520713 6.0927481
2.1831481 1.6552822 6.0932584
2.1819946 1.6524012 6.0920375
2.1819618 1.6539618 6.0931505
2.1794649 1.6532793 6.0938353
2.1786042 1.6538331 6.0929258
2.1783263 1.6544399 6.0919345
2.1793006 1.6546316 6.0911568
2.1818469 1.6548922 6.0923104
2.1808103 1.6526527 6.0915564
2.1829137 1.654139 6.0930427
2.1818458 1.6524346 6.092148
2.1791772 1.6505243 6.0940559
2.1788724 1.6511796 6.090387
2.1771485 1.6526571 6.0911196
2.1830928 1.6548439 6.089284
2.1820107 1.6536615 6.0899918
2.1841641 1.6520523 6.0895397
2.1831211 1.6529559 6.0898316
2.182642 1.6512362 6.0924443
3.8637399 1.8679734 3.0158379
3.864057 1.8708679 3.0142327
3.8634091 1.8682126 3.0117421
3.8642859 1.8669153 3.0147137
3.8612253 1.8676584 3.0167317
3.8618816 1.8716964 3.0190929
3.8621438 1.8757813 3.0172047
3.8640382 1.8748934 3.0172822
3.8642907 1.872297 3.0157465
3.8610452 1.8656859 3.0147791
3.8637905 1.8650464 3.0151891
3.8631031 1.8651764 3.0138217
1.8315773 2.6650332 3.5596394
1.832471 2.6655006 3.5591021
1.8334752 2.6659899 3.5580656
1.833615 2.6664792 3.556217
1.8367295 2.6665423 3.5584188
1.8344612 2.66503 3.5587775
1.8406726 2.664252 3.5654804
1.8355662 2.6642128 3.5648674
1.833254 2.6656466 3.5624228
1.8296299 2.6664386 3.5609257
1.8333583 2.6691065 3.5587719
1.831924 2.6703543 3.5591955
1.835148 2.6725434 3.5594081
1.8248707 2.6700901 3.5536285
1.8325785 2.6695578 3.5596052
1.8330765 2.6670391 3.5608163
1.834956 2.6647466 3.5614937
1.8419263 2.6630641 3.5689966
1.8375834 2.6621487 3.5645817
1.8435291 2.6650099 3.569956
1.8365942 2.6658171 3.5606599
1.3450156 2.0175471 6.0854421
1.3416892 2.0170767 6.0808945
1.3425116 2.0123907 6.083942
1.3436655 2.0123794 6.0819201
1.3458649 2.0119674 6.0871792
1.3467653 2.0142267 6.086803
1.3475685 2.0129402 6.0883878
1.3445341 2.0156044 6.087466
1.3462452 2.0164909 6.0878386
1.3448436 2.0155423 6.0898478
1.3468114 2.0140288 6.0863076
0 0 0
3.646273 1.7090406 3.1304255
3.6474989 1.7139548 3.133155
3.6458248 1.716452 3.1348532
3.6463304 1.7141238 3.1391643
3.644279 1.7121602 3.1395795
3.6451496 1.7157771 3.1395611
3.6462972 1.7164295 3.1348329
3.646592 1.7172428 3.1354193
3.6492355 1.7140894 3.1330663
3.6464616 1.7162652 3.1365513
3.6462192 1.7168204 3.1342191
3.6454515 1.7191443 3.1368685
3.6455802 1.7186601 3.1353742
3.6466658 1.7147851 3.1359158
3.6477369 1.7181293 3.135948
3.6452773 1.7158808 3.1354107
3.648153 1.7165347 3.1383859
3.6436969 1.7138417 3.1377807
3.6441195 1.7125642 3.1393615
4.4692084 2.4457539 5.2601079
4.4650813 2.4457112 5.257103
4.4653803 2.4461453 5.2615842
4.4603229 2.4456148 5.2563139
4.4609423 2.4463278 5.2594627
4.4638411 2.4442673 5.2563348
4.4668244 2.4410061 5.2611976
4.4677223 2.4383492 5.2595477
4.4675601 2.4372624 5.2624607
4.466188 2.4429814 5.2604349
4.4643957 2.444485 5.2591754
4.4620832 2.4447767 5.2596086
4.4596169 2.445269 5.2581296
4.4628699 2.4441084 5.2611441
4.4658938 2.4456919 5.263894
4.4695941 2.0278328 1.3602385
4.4679828 2.0271146 1.3591409
4.4698507 2.0280278 1.3577278
4.4682217 2.0280431 1.3600762
4.4699426 2.0282185 1.3611457
4.4704303 2.0282794 1.3647532
4.4709986 2.0278601 1.3642028
4.4707188 2.026067 1.365961
4.4687714 2.0230646 1.3650472
4.4661721 2.0201049 1.3638449
4.4675943 2.0226385 1.3649007
4.4700428 2.0252594 1.3676821
4.4668959 2.0292255 1.3646723
4.469821 2.0271623 1.3645281
4.4686661 2.0265842 1.3597799
4.469043 2.0230866 1.3599762
4.4675451 2.0234559 1.3591782
4.4678482 2.0236048 1.3605253
4.4727308 2.0264961 1.3614467
4.4676842 2.0265568 1.3590471
4.4685417 2.0290317 1.3589857
4.4658327 2.0259612 1.3616441
4.46789 2.0270713 1.3617679
2.1815607 1.6537425 6.0911994
2.1772677 1.653015 6.0933979
2.1793787 1.6521493 6.0950463
2.1791691 1.6547829 6.0933914
2.1814672 1.6543951 6.0927039
2.1792696 1.6536803 6.089337
2.1808402 1.653815 6.0918649
2.1836619 1.6552063 6.091644
2.1839291 1.6537383 6.0951152
2.1837632 1.6561582 6.0938407
2.1810492 1.6551748 6.0943212
2.1821923 1.6561061 6.0934461
2.1807147 1.6569596 6.0938328
2.1796206 1.6554604 6.0910443
2.1795988 1.6557565 6.0913403
2.1804949 1.6510533 6.091244
2.1810223 1.6542162 6.0954825
2.1808758 1.6520742 6.0961791
2.1789351 1.6517051 6.0962094
2.1786334 1.6499877 6.0927214
2.176311 1.6522065 6.0910072
2.1770319 1.6554283 6.0890527
2.1784765 1.6553837 6.0893712
2.1819095 1.6545665 6.0921869
2.18419 1.6513103 6.0922657
2.1833167 1.6504832 6.0946036
3.8640454 1.8693827 3.0160366
3.8628642 1.8691936 3.0159081
3.8629871 1.8682203 3.0152821
3.8626759 1.8678346 3.0169242
3.8615587 1.8697297 3.0184672
3.8625197 1.872966 3.019992
3.863111 1.8768138 3.0189364
3.8645201 1.8768081 3.0180753
3.8666434 1.8740467 3.0175099
3.8626261 1.8682327 3.0141747
3.8618089 1.8650528 3.0125169
3.8610021 1.8625081 3.0126799
1.8305038 2.6670781 3.5580946
1.8313723 2.6662763 3.559234
1.832888 2.6669512 3.5601914
1.833784 2.6660164 3.5586239
1.8383973 2.6657987 3.5609193
1.8332238 2.6656454 3.5571051
1.8429859 2.6623521 3.5654439
1.84005 2.6643496 3.5663316
1.8413471 2.6643438 3.5667706
1.8391697 2.6668233 3.5673605
1.8349476 2.6688214 3.5596203
1.8301577 2.6694281 3.5573044
1.8271276 2.6693921 3.552187
1.8241292 2.6677853 3.5519634
1.8278077 2.6674993 3.5543144
1.8286039 2.6689702 3.5556061
1.8301605 2.6687512 3.556947
1.8374283 2.6675463 3.5657423
1.8362628 2.6657054 3.561724
1.8419008 2.6674771 3.5670106
1.835368 2.6706152 3.5571074
1.3435895 2.0174917 6.084779
1.3403992 2.0153799 6.0813395
1.3407844 2.0150047 6.083805
1.342028 2.0177902 6.0846481
1.3439142 2.017653 6.0871679
1.3454392 2.0184013 6.0863784
1.3449635 2.0156273 6.0854145
1.3451456 2.0189426 6.0849789
1.3466999 2.0175431 6.085741
1.3474412 2.0155808 6.0884895
1.3474069 2.0112537 6.0869119
1.3467809 2.0115595 6.0883583
3.6433177 1.712113 3.1331019
3.6461969 1.7142437 3.1335689
3.6457361 1.7148322 3.1349671
3.6465688 1.7152362 3.1389658
3.6449845 1.7128644 3.1381854
3.6474451 1.7154951 3.1400657
3.6483132 1.7169525 3.1335222
3.6479066 1.7164173 3.1363042
3.6493758 1.7147037 3.1319155
3.6485009 1.7164549 3.1379144
3.6468187 1.7176641 3.135449
3.6441539 1.7189812 3.1381895
3.6433451 1.7185244 3.1366565
3.6440883 1.7180607 3.1368186
3.6451253 1.7188833 3.1365322
3.6441679 1.7185906 3.1358907
3.6472835 1.7178318 3.1364607
3.6429524 1.717842 3.1372746
3.6429681 1.7153223 3.1389729
4.4739029 2.4453234 5.2649886
4.4708865 2.4434146 5.2621717
4.4685312 2.4434999 5.2624167
4.4641343 2.4436703 5.256892
4.4644408 2.4461116 5.2599935
4.4655343 2.4461917 5.2585338
4.4655491 2.4431674 5.2586363
4.4659998 2.4397123 5.258834
4.4670058 2.4396609 5.260943
4.4635247 2.4430392 5.261535
4.4642571 2.4432935 5.2579438
4.4620411 2.4442307 5.2590477
4.4613207 2.4442511 5.258899
4.4619376 2.4430445 5.2601522
4.4660418 2.4432008 5.2624149
4.4708569 2.4418254 5.2641622
4.4662001 2.0277 1.3595137
4.4665093 2.0291279 1.3590589
4.4674548 2.027687 1.3637112
4.4675202 2.0264467 1.3616072
4.4688998 2.0272746 1.3646822
4.4700134 2.0241233 1.3626099
4.4705834 2.0241725 1.3656637
4.4698432 2.0226991 1.3646335
4.4654618 2.0236179 1.363457
4.4651708 2.025087 1.3624178
4.4649581 2.0248679 1.3644596
4.4671419 2.0261796 1.3629811
4.4703207 2.0260182 1.3656722
4.4682464 2.0266692 1.3604275
4.4688836 2.0249491 1.3620908
4.4672664 2.0263133 1.3609014
4.4672977 2.0264884 1.3612921
4.4712668 2.0286724 1.3618042
4.4676892 2.0275109 1.3592814
4.4682933 2.028053 1.3562919
4.4642368 2.026256 1.3577773
4.4657596 2.0272618 1.3582808
2.1799074 1.6578974 6.0978976
2.1774446 1.6561981 6.0956507
2.1793312 1.65537 6.0929811
2.1778258 1.6571411 6.0920936
2.1836318 1.6553107 6.0905421
2.1823231 1.6519984 6.0897748
2.1836783 1.6534221 6.0947772
2.1830768 1.6538259 6.0926849
2.1820545 1.6539494 6.0959962
2.1827033 1.6540499 6.0927283
2.1797054 1.6540949 6.0943618
2.178253 1.6539356 6.0924759
2.1777133 1.6554543 6.0914572
2.1791844 1.6522186 6.0884334
2.1786589 1.6545388 6.0903134
2.1797797 1.6517475 6.0907521
2.1807945 1.6563164 6.0936584
2.1828731 1.6527784 6.0956633
2.1828561 1.6528416 6.0950658
2.1830747 1.6495598 6.0927216
2.1805385 1.6533071 6.0930049
2.1792454 1.6557332 6.0927655
2.1798399 1.6550344 6.0910315
2.1807654 1.6538932 6.0905321
2.1832577 1.6510683 6.0914468
2.1839575 1.6512689 6.0943968
0 0 0
3.8620974 1.8710448 3.0139653
3.8623547 1.8712856 3.0135264
3.8638173 1.8718101 3.0163363
3.8640319 1.8715143 3.0191853
3.8625337 1.8735308 3.0203796
3.8634617 1.8725764 3.0188998
3.8654337 1.8753926 3.0184116
3.867606 1.8716983 3.0160878
3.8645791 1.8684256 3.0146152
3.8643229 1.865791 3.0139437
0 0 0
1.8330681 2.6661596 3.5592935
1.8317788 2.6657599 3.5594369
1.8316161 2.6682432 3.5591649
1.8333688 2.6670663 3.5601095
1.8363814 2.6653891 3.5618825
1.8309401 2.6642458 3.5574264
1.8372135 2.6627059 3.5623311
1.8385654 2.6627513 3.5662357
1.8405006 2.6632098 3.5638456
1.8387515 2.6653701 3.5640753
1.8353631 2.6675708 3.5600931
1.8334783 2.6684561 3.5612872
1.8267615 2.6680953 3.5542225
1.825014 2.6663376 3.553103
1.8294935 2.6649818 3.5547599
1.8312153 2.6681325 3.5574521
1.8336213 2.6684114 3.5602309
1.829497 2.6684424 3.5584739
1.8345664 2.6673687 3.559825
1.8332966 2.6656214 3.558775
1.8316577 2.667937 3.5530637
1.8317353 2.6656795 3.5554275
0 0 0
1.3430405 2.0160025 6.0841956
1.3406367 2.0170857 6.0857553
1.3413878 2.0172359 6.0862561
1.3433648 2.0179016 6.089918
1.3438112 2.0161812 6.0874396
1.344117 2.0186779 6.0848269
1.3419227 2.0192493 6.0839712
1.3475426 2.0176044 6.0864545
1.3465067 2.0149997 6.0850601
1.3484925 2.0136102 6.0848225
3.6457911 1.7132505 3.1365455
3.6464733 1.7153866 3.1373219
3.6471363 1.7163241 3.1387986
3.6465922 1.7165504 3.1401728
3.6481547 1.7147808 3.1388278
3.6472216 1.7160429 3.140257
3.6489939 1.7162989 3.1352203
3.6480425 1.714523 3.138327
3.647306 1.7161179 3.1333696
3.6467958 1.7136526 3.1357233
3.6459125 1.716147 3.1335213
3.6448198 1.714368 3.1348278
3.6443735 1.7139609 3.1353673
3.645475 1.7159835 3.1353776
3.6455215 1.7157658 3.1348587
3.6439776 1.7192204 3.1359509
3.6460796 1.7182261 3.1365094
3.6445062 1.7190127 3.1414083
3.6463664 1.7187272 3.1423918
4.4742845 2.4429728 5.2682171
4.4723255 2.4434488 5.2653829
4.4710696 2.4443273 5.2651836
4.4697051 2.4433321 5.262209
4.4687297 2.4444843 5.2619256
4.4679123 2.4448347 5.2606933
4.4687289 2.4448491 5.2593492
4.4677307 2.44334 5.262953
4.4701851 2.4433035 5.2621893
4.4662928 2.4433528 5.262163
4.4665267 2.443101 5.2596546
4.4613087 2.4446798 5.2588608
4.4649345 2.4426888 5.2609956
4.4652741 2.4423089 5.2634657
4.4726605 2.4406207 5.2678504
4.4764547 2.4397473 5.27075
4.4672333 2.0269611 1.3600997
4.4679512 2.0274069 1.3609407
4.4680533 2.0275407 1.3642624
4.4689894 2.0266354 1.3638812
4.4669142 2.0275362 1.3646741
4.4664016 2.0245752 1.3624267
4.4665986 2.0266889 1.3633387
4.4678888 2.0240885 1.3629229
4.465905 2.0247875 1.3614042
4.4667895 2.026302 1.3609585
4.4660081 2.0275343 1.3637066
4.4674496 2.0276207 1.3623366
4.4661192 2.026967 1.3628009
4.4650788 2.02754 1.3592382
4.4650716 2.0267674 1.3585234
4.4664234 2.0272396 1.3596518
4.4680229 2.0250873 1.361104
4.4696713 2.0266515 1.3628498
4.4659843 2.0245692 1.3602132
4.4650937 2.0253935 1.357929
4.4627754 2.0247203 1.3588933
4.4636383 2.0245132 1.3595203
2.1790981 1.6537264 6.0954604
2.1802547 1.6529327 6.0944112
2.1827597 1.6533311 6.0918688
2.1844003 1.6555736 6.0928984
2.1832952 1.6560537 6.0900778
2.1808272 1.6533044 6.0898788
2.181706 1.6532189 6.0917099
2.1832011 1.6528966 6.0925157
2.1813492 1.6550896 6.0952335
2.1803058 1.6544778 6.0928888
2.1783638 1.6550964 6.0937366
2.1795959 1.6534567 6.0944431
2.1800144 1.6547808 6.0919867
2.1813476 1.6525086 6.092706
2.1820498 1.653145 6.0906954
2.1837107 1.6514823 6.094151
2.1820863 1.656278 6.0933767
2.1826868 1.6535388 6.0945952
2.1818369 1.6541032 6.0930377
2.181528 1.651691 6.0926016
2.1811906 1.6532617 6.0928092
2.178743 1.6531164 6.0914311
2.1780732 1.6524029 6.092565
2.1790416 1.6534306 6.0920279
2.1823664 1.651086 6.0951129
2.1828863 1.6514677 6.0945348
0 0 0
3.8630914 1.8736989 3.0135033
3.8647945 1.8724335 3.0141325
3.8643091 1.8750195 3.0135615
3.8665268 1.8730315 3.0149963
3.8628094 1.8756723 3.016814
3.86476 1.8723584 3.0172634
3.8641959 1.873648 3.0179611
3.8677468 1.8723832 3.0180384
3.8644054 1.8705676 3.0160022
3.8634997 1.8689053 3.0150579
1.835197 2.664627 3.5611852
1.8282159 2.6664829 3.554899
1.8249182 2.6670324 3.5533358
1.8293458 2.6672352 3.5580895
1.8337493 2.6641481 3.5629539
1.8356317 2.6658461 3.5629884
1.8290869 2.6644144 3.5579233
1.8286093 2.6659112 3.5542026
1.8363019 2.6635057 3.5611856
1.8422075 2.6655612 3.5647974
1.8458168 2.6652847 3.569827
1.8410452 2.6690037 3.5665997
1.8360334 2.6684734 3.5638834
1.8323478 2.6678827 3.5597613
1.8257556 2.66487 3.5538584
1.8300815 2.6645527 3.5579712
1.8299291 2.6673065 3.5607136
1.8376042 2.6698438 3.5674282
1.830552 2.6690862 3.5605445
1.8372463 2.6675027 3.5637172
1.8351807 2.664034 3.5604641
1.8365393 2.6676766 3.5596579
1.833378 2.6657665 3.5564804
0 0 0
1.3476791 2.0193764 6.0887772
1.3439329 2.0198733 6.0874877
1.3462481 2.0185635 6.0890614
1.3449451 2.0181043 6.0897209
1.3442044 2.0157138 6.0884787
1.3449939 2.0191991 6.0864992
1.341403 2.0200624 6.0837162
1.3467793 2.0192577 6.0842431
1.3441401 2.0185857 6.0834406
1.3461429 2.0158577 6.0837535
3.6470154 1.7131682 3.1376204
3.6450716 1.7142958 3.1372852
3.6441806 1.7152196 3.1377479
3.6418465 1.7142473 3.1375185
3.6480865 1.7127673 3.138313
3.6488491 1.7134229 3.1396435
3.6515202 1.7138838 3.1391894
3.6469216 1.7151271 3.1405909
3.6484969 1.7169986 3.1371012
3.6477312 1.7143441 3.1367283
3.6473771 1.7132718 3.1350404
3.6448756 1.7112037 3.1343695
3.6448661 1.712883 3.1358555
3.644502 1.716018 3.1364468
3.644933 1.7156391 3.1367005
3.6448996 1.7174653 3.1372382
3.6464166 1.717875 3.1342317
3.6461033 1.7190338 3.1382826
3.6469272 1.719331 3.1404849
4.4719778 2.4438953 5.270296
4.4731486 2.4419489 5.2699399
4.4743108 2.4399433 5.2715085
4.4760282 2.4410492 5.269376
4.4770752 2.4409998 5.2689771
4.469801 2.4436294 5.2638224
4.4657308 2.4440119 5.2576748
4.4663 2.4458017 5.2606333
4.4683313 2.4446519 5.2592582
4.4672104 2.4449797 5.2619116
4.4645884 2.4435353 5.2587515
4.4633988 2.443171 5.261187
4.4671075 2.4411526 5.2612223
4.4663586 2.4408917 5.2633666
4.4663058 2.4412668 5.2583251
4.4674524 2.4433271 5.2609669
4.4655199 2.0262761 1.3607888
4.4667185 2.026014 1.3622887
4.4659811 2.0265891 1.361738
4.4675558 2.0260615 1.3624451
4.4657527 2.0274323 1.3610523
4.466414 2.0244591 1.3612985
4.4676588 2.0265041 1.3616603
4.4691122 2.0273597 1.363659
4.4674839 2.0299527 1.361773
4.4684221 2.0320407 1.3622426
4.4670696 2.0297714 1.3629831
4.4702808 2.0280635 1.3655055
4.4678563 2.0277135 1.3645473
4.4682503 2.0258925 1.3633855
4.4646843 2.0255687 1.3585545
4.4669826 2.0277405 1.3601199
4.4669717 2.0245131 1.3615439
4.469178 2.0260028 1.3639805
4.4668875 2.0236712 1.3619845
4.466049 2.0243207 1.3592049
4.4635659 2.0240051 1.3571048
4.4636373 2.0249473 1.3581467
2.1786903 1.654547 6.0963383
2.1814626 1.6538406 6.094479
2.1806032 1.6538102 6.0923625
2.1819374 1.654358 6.0925624
2.1802536 1.6560569 6.0903981
2.1826801 1.6536055 6.0927935
2.1816555 1.6546536 6.0932695
2.1799374 1.6503361 6.0942792
2.1770753 1.6511023 6.0935453
2.176299 1.6472343 6.0922355
2.1769779 1.6502078 6.093077
2.17816 1.6510854 6.0948316
2.1815892 1.649816 6.0899482
2.1835834 1.6501592 6.0935934
2.1835356 1.6503683 6.0906794
2.1816649 1.6529115 6.0947429
2.1791764 1.6544634 6.092398
2.1814505 1.6534453 6.0932021
2.1831418 1.6553998 6.091482
2.1834855 1.653543 6.0923573
2.1822199 1.655299 6.0936616
2.1795181 1.6532958 6.0947173
2.1819412 1.6514973 6.0948022
2.1797982 1.6539655 6.0922555
2.1805578 1.6536098 6.0931701
2.1807027 1.6539678 6.0943617
2.1825468 1.6510164 6.0972242
3.8621362 1.8723757 3.0124275
3.8650834 1.8711596 3.014466
3.8642304 1.8757164 3.0146868
3.8666819 1.8738573 3.0168052
3.8607045 1.8742726 3.0130822
3.8637766 1.8722501 3.0149961
3.8620555 1.8719079 3.0142159
3.8669308 1.8725459 3.0174774
3.865264 1.8705909 3.0158085
3.8657149 1.8690595 3.0166018
1.8347372 2.6680607 3.5616043
1.8296838 2.6642794 3.5571842
1.8293332 2.665148 3.5584274
1.8305217 2.6659767 3.5589907
1.8338422 2.6626286 3.5619111
1.8355058 2.6642446 3.5612167
1.8287501 2.6617029 3.5572324
1.826993 2.6677597 3.554269
1.8322172 2.6651585 3.5584654
1.8323571 2.6673441 3.5584568
1.8387414 2.6673166 3.5625201
1.8411742 2.6702664 3.5682961
1.8357056 2.66855 3.5624813
1.8349574 2.6665093 3.5625181
1.8277856 2.6638942 3.5561736
1.8320032 2.6644193 3.5592763
1.830414 2.6659015 3.5628193
1.8357553 2.6656473 3.5680662
1.8319075 2.6664797 3.5634411
1.8346471 2.6653249 3.5637308
1.833063 2.6632361 3.5567099
1.8340717 2.6632162 3.5579783
1.8334207 2.6630629 3.5568586
1.3435156 2.0187933 6.0860422
1.3466778 2.0187152 6.088578
1.3429343 2.0179425 6.0859657
1.347093 2.0156577 6.0893338
1.3453899 2.0175091 6.0897208
1.3439943 2.0149086 6.0887879
1.3434079 2.0178983 6.0854613
1.3406156 2.018984 6.0835122
1.3449441 2.0194271 6.0839616
1.3430129 2.0197199 6.083546
1.3451551 2.0163302 6.0847102
3.6485942 1.7154902 3.1382802
3.6457078 1.7147535 3.1390033
3.6439959 1.7144939 3.1395493
3.6462533 1.71593 3.139276
3.6494341 1.7171168 3.1399132
3.6480801 1.7191318 3.1391984
3.6472992 1.7168089 3.1387353
3.644098 1.715219 3.1388853
3.6451045 1.7126159 3.1366419
3.6436844 1.7128668 3.1351095
3.6445889 1.7110908 3.1343032
3.643303 1.7093275 3.1337212
3.6445387 1.7106058 3.1352285
3.642606 1.7134342 3.1348093
3.6427281 1.7153222 3.1341507
3.6421834 1.7162148 3.1349119
3.6435057 1.7165241 3.1360412
3.6471705 1.7185212 3.137977
3.6478949 1.7178232 3.1376808
4.4716022 2.4431123 5.2694725
4.4717066 2.4449318 5.2675601
4.4745369 2.4430757 5.2704538
4.4734264 2.4417605 5.2672164
4.4745686 2.4413648 5.2670209
4.4683964 2.4446872 5.261669
4.4675447 2.4453997 5.2616129
4.4674043 2.4465325 5.2625592
4.4701582 2.4441435 5.2625964
4.4695327 2.4440035 5.2623336
4.4647775 2.4444534 5.2574912
4.4666918 2.442195 5.2624265
4.4646511 2.441845 5.2577933
4.4692987 2.4404042 5.2651786
4.4677332 2.442145 5.2615412
4.4709102 2.4432821 5.2664476
4.4656235 2.0258057 1.3598773
4.4682829 2.0270852 1.3633217
4.4678577 2.0283052 1.3633653
4.4690856 2.0290778 1.3635476
4.464291 2.0300289 1.3596972
4.4633746 2.028107 1.3593859
4.463964 2.0300703 1.3595002
4.4655316 2.0309623 1.360006
4.4663785 2.0311879 1.3585315
4.4679588 2.0337571 1.3587203
4.4688606 2.0330034 1.3599931
4.4674532 2.0294871 1.3618577
4.4640273 2.0267214 1.3621926
4.4618641 2.0271438 1.3601232
4.4617719 2.0277306 1.3580283
4.4655431 2.0298306 1.3582987
4.4656451 2.0262593 1.3602373
4.4694866 2.025514 1.3645082
4.4684422 2.0220274 1.3645476
4.4666378 2.0229877 1.3624732
4.463746 2.023626 1.3598691
4.4632561 2.0244844 1.3598522
2.1790382 1.6515241 6.0940814
2.1801004 1.6513708 6.0942821
2.1799438 1.6519046 6.0951446
2.1811271 1.6534505 6.0949483
2.1781669 1.6561417 6.0922452
2.1780475 1.6541611 6.0916242
2.1779994 1.6557774 6.092019
2.1792133 1.652189 6.094278
2.1779019 1.6534571 6.0943807
2.1766889 1.6526154 6.0926143
2.1787698 1.6531333 6.0926746
2.1811295 1.6530378 6.0926381
2.1831093 1.6532268 6.0895087
2.1839882 1.6540519 6.0925108
2.1834728 1.652611 6.0926798
2.1799513 1.6554693 6.0954487
2.1783033 1.6543651 6.091297
2.1801935 1.6544923 6.0896145
2.1811449 1.6575597 6.0890222
2.1834226 1.6570237 6.0925119
2.1826248 1.6585753 6.0929829
2.180148 1.6549926 6.0961736
2.1795082 1.6529476 6.0940052
2.1777715 1.6529068 6.0935824
2.1780179 1.6528068 6.0914857
2.1767888 1.654029 6.0939096
2.1749725 1.6536232 6.0942779
3.8619099 1.8710932 3.0138117
3.8649834 1.8711968 3.0144053
3.864396 1.8738688 3.0135494
3.8659625 1.8737817 3.0157185
3.8634499 1.8721463 3.012636
3.8647379 1.8714992 3.0163693
3.8639891 1.8718748 3.0144425
3.8648664 1.8719757 3.0175812
3.8631771 1.8716254 3.0160128
1.8436898 2.6713865 3.5682744
1.8403402 2.6703414 3.5656523
1.8288781 2.6661303 3.55529
1.8321583 2.6652596 3.5594819
1.8310527 2.6644089 3.5584828
1.8352005 2.6633645 3.5622394
1.8392323 2.6657382 3.5644584
1.8349739 2.6636742 3.5615515
1.829123 2.6681104 3.5555348
1.828624 2.6663185 3.5544711
1.8340388 2.6676855 3.5602663
1.8451216 2.6689123 3.567644
1.8429818 2.6699018 3.5681417
1.8395351 2.6684505 3.5658518
1.8394533 2.6654629 3.5670985
1.8333804 2.6636362 3.5651278
1.8344125 2.6665067 3.5657526
1.8383268 2.6684071 3.5725328
1.8370979 2.6682344 3.5678249
1.8364853 2.6686633 3.5648293
1.834319 2.6656796 3.5617753
1.8356743 2.6664107 3.5595147
1.8346864 2.6656646 3.5609661
1.8331639 2.6661479 3.5575968
1.8330024 2.667563 3.5609146
1.3482988 2.0177501 6.088606
1.346321 2.0189441 6.086849
1.3506149 2.0176648 6.0887831
1.3473137 2.0193431 6.0865182
1.3463988 2.0162309 6.0841172
1.3450517 2.0163381 6.0846409
1.3439349 2.0162338 6.083443
1.3462402 2.018087 6.0849947
1.3446634 2.0186204 6.0837632
1.3443645 2.0179556 6.0841885
3.6471543 1.713483 3.1374888
3.6479013 1.7133884 3.1397135
3.643624 1.7114094 3.1400073
3.644999 1.7117002 3.1390237
3.6444948 1.7132488 3.1378984
3.6489863 1.7183493 3.1392177
3.6471298 1.7167175 3.1392803
3.6440349 1.7175762 3.136592
3.6435333 1.7143918 3.1325561
3.6457386 1.714777 3.1343241
3.6458737 1.7132873 3.1359193
3.6468067 1.7131794 3.1378256
3.6453661 1.7134061 3.1379007
3.6445636 1.7157031 3.1379263
3.6438986 1.7142193 3.1372041
3.643883 1.7165218 3.1364809
3.6430161 1.7156658 3.1347328
3.6452758 1.7175651 3.1334602
3.6459284 1.7171413 3.1327341
4.4687982 2.4416029 5.265432
4.4690492 2.4410438 5.2648133
4.4711749 2.4403803 5.2664492
4.4713059 2.4425851 5.2660508
4.4701465 2.4431413 5.2635686
4.4678705 2.4449435 5.2600476
4.4678608 2.4459644 5.2604132
4.4683145 2.4464106 5.2619718
4.4698402 2.4439688 5.2645346
4.4714074 2.4451742 5.266234
4.4681412 2.4451319 5.2621419
4.4740536 2.443223 5.2683564
4.4669714 2.4434445 5.2590115
4.469005 2.4429529 5.263086
4.4635116 2.4460609 5.2580737
4.4635983 2.4480035 5.2609122
4.4654273 2.0258589 1.3611031
4.4673226 2.0280593 1.3632485
4.4674496 2.0281609 1.3624549
4.4702539 2.0279344 1.361761
4.4648992 2.0278881 1.3593989
4.4635998 2.0278593 1.3581905
4.4623064 2.0280145 1.3588621
4.4652557 2.0268681 1.3599181
4.4676821 2.0274501 1.3610622
4.467807 2.0295326 1.3595556
4.4686754 2.0306943 1.3617387
4.4680399 2.0304043 1.3617065
4.4667863 2.0281759 1.3647995
4.4634427 2.0268358 1.3597112
4.4622693 2.0267218 1.3589438
4.4650917 2.0300435 1.3580958
4.4677805 2.0295899 1.3614457
4.4699005 2.0290063 1.3631035
4.4691798 2.0267447 1.3621845
4.4672825 2.024455 1.3611848
4.4672684 2.0248179 1.3607109
4.4649208 2.0238666 1.3597159
0 0 0
2.1773934 1.65267 6.0916253
2.1784486 1.6513946 6.0938219
2.1772857 1.6515149 6.092887
2.1777445 1.6543163 6.0929481
2.1778175 1.6544123 6.0911324
2.1786301 1.6565789 6.0925814
2.1779352 1.6542973 6.093579
2.1781739 1.6522244 6.0923913
2.1786176 1.6503256 6.0914062
2.1779946 1.6498511 6.091822
2.180798 1.6519636 6.0905173
2.1818083 1.6524413 6.0907352
2.183363 1.6536857 6.0921233
2.1803231 1.6535382 6.0946285
2.1778372 1.6560601 6.0968195
2.1775331 1.6553949 6.0936252
2.1798792 1.6558432 6.0931787
2.1821754 1.6560899 6.0908064
2.182423 1.6546976 6.0933146
2.1799193 1.6572022 6.0936115
2.1791584 1.654815 6.0944179
2.1811152 1.6558919 6.0915008
2.1817856 1.6545894 6.0915789
2.1796293 1.6547098 6.0900948
2.1783252 1.6551906 6.0918783
2.1773132 1.6566761 6.0914737
3.862044 1.8692452 3.0153479
3.8640897 1.8709992 3.016399
3.8638281 1.8718537 3.0163471
3.8625315 1.8725862 3.0168155
3.8618444 1.871329 3.0110462
3.8615898 1.8691913 3.0143704
3.8660557 1.8705207 3.0156247
3.8664844 1.8695463 3.0190382
3.8666128 1.8726645 3.018357
1.8380956 2.6706399 3.5631947
1.8375444 2.6680113 3.5627037
1.8323321 2.6640751 3.5580521
1.8360736 2.6642378 3.5644117
1.8314433 2.6659391 3.5606867
1.8327717 2.6661167 3.5615696
1.8353269 2.668901 3.5604977
1.8349894 2.6668184 3.5593399
1.8348701 2.6714421 3.5597377
1.8305248 2.6691797 3.5573622
1.8269738 2.669262 3.5540347
1.8334297 2.6687898 3.5601959
1.8350686 2.6683734 3.5608044
1.8385248 2.6673252 3.5654355
1.8354356 2.6673229 3.5615511
1.8346966 2.6678145 3.5630766
1.8367775 2.6715784 3.5632379
1.8399782 2.6704865 3.5677811
1.8342496 2.6684634 3.5621992
1.8374286 2.6672124 3.5644893
1.8285235 2.6662564 3.5566986
1.831032 2.6668203 3.5553187
1.8309419 2.6641652 3.5584326
1.8319866 2.6678297 3.5571264
1.8335471 2.6695303 3.5618898
1.345014 2.0167809 6.0840286
1.3439355 2.0171763 6.0838301
1.3454375 2.0156862 6.0848726
1.3447063 2.0173396 6.0826604
1.3452272 2.0163471 6.0822823
1.3442788 2.0156971 6.0850087
1.3447521 2.0151287 6.0839884
1.34602 2.0161449 6.0868354
1.3448309 2.0175106 6.0852191
1.3449956 2.0167326 6.0867845
3.6490277 1.7177267 3.1360765
3.6490264 1.7139115 3.1372725
3.646247 1.7119128 3.1389491
3.6487895 1.7134636 3.1391653
3.6465076 1.7154146 3.1394466
3.6470322 1.7205444 3.1400088
3.6431362 1.7180642 3.1385381
3.6438171 1.7160075 3.1373934
3.6410509 1.7128117 3.1352047
3.6421773 1.7112771 3.1343942
3.6413265 1.7130643 3.1360309
3.6463031 1.7134564 3.1379518
3.6443213 1.7143268 3.1386758
3.6469719 1.7170388 3.1387431
3.6430561 1.7163776 3.135438
3.6433921 1.719231 3.135923
3.6436075 1.718679 3.13662
3.6435211 1.7177576 3.1370872
3.6459147 1.7162514 3.1356799
4.4686225 2.4433542 5.2619582
4.4703305 2.4456135 5.2628523
4.4697102 2.4447873 5.2620271
4.4688676 2.4456933 5.262343
4.4678991 2.4455086 5.2609271
4.4691301 2.4478724 5.2625287
4.4708615 2.4476433 5.2650336
4.4696079 2.4470252 5.2651894
4.4679779 2.4430845 5.2650028
4.4686952 2.4438525 5.2641428
4.4666828 2.4435785 5.2588221
4.4718726 2.4440838 5.2642969
4.4664198 2.4433087 5.2589974
4.4660475 2.4433539 5.2629823
4.4669833 2.4448826 5.2637326
4.4699439 2.4450042 5.2667084
0.41219841 2.0371461 0.96276375
0.40970873 2.0367782 0.96043628
0.40743875 2.0325705 0.95784317
0 0 0
4.4653255 2.0291545 1.3600795
4.4636012 2.0291729 1.357561
4.4620717 2.0279778 1.3590032
4.4649516 2.0254619 1.3577747
4.4655375 2.0261959 1.3563586
4.4634284 2.0276253 1.3529414
4.4645958 2.0303746 1.3569549
4.4661562 2.0294472 1.3597553
4.4656811 2.0288597 1.3631353
4.4650362 2.0289078 1.3605469
4.4636748 2.0287887 1.361176
4.4654973 2.0301245 1.359107
4.4667849 2.0298097 1.3590985
4.467599 2.0290048 1.3601955
4.47123 2.026765 1.3618799
4.4678072 2.0240604 1.3604396
4.4681734 2.0258125 1.3601936
4.9624577 1.6243111 1.651897
4.9627021 1.6227107 1.6530724
0 0 0
2.180751 1.6514872 6.0946505
2.1808838 1.6505719 6.0916896
2.1817766 1.6520378 6.0916447
2.1796546 1.653547 6.0906955
2.1790954 1.6554751 6.091207
2.1796625 1.6566549 6.0930461
2.1819003 1.65611 6.0935352
2.1814369 1.6566622 6.0932814
2.1809524 1.6532931 6.0944579
2.1816278 1.6553741 6.0920795
2.1792323 1.6543003 6.0924371
2.1813756 1.6546401 6.0927322
2.1780966 1.6533197 6.0941471
2.1768052 1.6530613 6.0955942
2.1768185 1.6522503 6.0913974
2.1780631 1.6531029 6.0920328
2.1822015 1.6531009 6.0911592
2.1834658 1.6553327 6.0909237
2.1840957 1.6546987 6.0914001
2.180026 1.6541423 6.0923756
2.1808168 1.6538665 6.0924184
2.180229 1.6530827 6.091731
2.1789677 1.6537007 6.0888122
2.1772111 1.6541959 6.0900979
2.1744415 1.6569685 6.0898053
4.4293958 1.56379 2.3503819
4.4260738 1.563757 2.3478183
4.4273161 1.5648467 2.3483391
4.4294256 1.5614286 2.3475716
4.4321095 1.5616881 2.3500031
3.8639962 1.866921 3.0169591
3.8687735 1.8695494 3.0180739
3.8680159 1.8669611 3.0205715
4.432544 1.5669605 2.3502168
1.8419171 2.6674026 3.5650206
1.8379034 2.6667237 3.5621278
1.8354034 2.6637848 3.55998
1.8369865 2.6643186 3.564383
1.8319839 2.665927 3.5603876
1.8271404 2.6668902 3.5565919
1.8270498 2.6681758 3.5546369
1.8294976 2.6663023 3.5557558
1.8331385 2.6675677 3.560267
1.8353014 2.6658973 3.5628327
1.835102 2.6657456 3.5605623
1.8389826 2.6658886 3.5635658
1.8363479 2.6664847 3.5592467
1.837652 2.6665101 3.5630371
1.8380697 2.6664798 3.562386
1.8368344 2.6666143 3.5630947
1.8379973 2.6686171 3.5633718
1.8428768 2.6688552 3.5673992
1.8409034 2.667498 3.5647628
1.8399624 2.6659501 3.5635272
1.8330002 2.6649139 3.5600463
1.8339032 2.6678899 3.5588539
1.8311029 2.6675191 3.5589233
1.8338834 2.6694033 3.5593256
1.8362274 2.6686512 3.5631633
1.3451442 2.0169774 6.0834331
1.344593 2.016227 6.0809971
1.3452051 2.0136841 6.0842734
1.3430662 2.0161393 6.0819948
1.3445288 2.0136901 6.0840751
1.3455884 2.0145272 6.0865262
1.3466816 2.0147397 6.0883605
1.3480231 2.017091 6.0905679
1.3454591 2.0180669 6.0872252
1.3466817 2.0174583 6.0875519
3.6457975 1.716871 3.1364059
3.6482381 1.7146816 3.1368136
3.6477195 1.7151477 3.138498
3.646367 1.7140541 3.1373426
3.6432327 1.7150834 3.1380506
3.6437483 1.7169225 3.1409977
3.6442771 1.7161194 3.1397129
3.6439365 1.7146686 3.1382566
3.6425331 1.7135878 3.1348905
3.6436155 1.7122027 3.133119
3.6428272 1.7141238 3.1350749
3.6478531 1.7148293 3.1374484
3.6462388 1.7159923 3.1392734
3.6477561 1.7175529 3.1396088
3.6459838 1.7169233 3.1370841
3.6461694 1.7163641 3.1395474
3.6476368 1.7161463 3.1384898
3.6484298 1.7158186 3.139721
3.6505924 1.7159117 3.1380713
4.4665433 2.444984 5.2613699
4.4678184 2.4472253 5.2628546
4.46733 2.4460083 5.2606765
4.4660639 2.4478726 5.2616488
4.466083 2.442989 5.2596422
4.4648307 2.4450452 5.260026
4.4697426 2.4442108 5.2653163
4.4703609 2.4462621 5.2671474
4.4705734 2.4427932 5.2668268
4.4695 2.4444755 5.2652116
4.4681011 2.4423687 5.2596553
4.4690323 2.4437701 5.2600691
4.4666318 2.4420243 5.2569587
4.4634517 2.4425199 5.2572857
4.4635815 2.4432831 5.2584868
0.41202519 2.0381284 0.96350431
0.41134014 2.0381897 0.96024387
0.41090095 2.036668 0.95902781
0.40928425 2.0337045 0.95649013
0.41005513 2.0335603 0.95808219
0.41141649 2.0365425 0.95921481
0.41261762 2.0388055 0.96281762
0.41418831 2.0389085 0.96235759
4.4689012 2.0237334 1.3606702
4.4670248 2.0246989 1.3572306
4.4622678 2.0253353 1.3538639
4.4637574 2.0299433 1.3571173
4.4684109 2.0303769 1.3637096
4.4690817 2.0319402 1.3653259
4.4695723 2.0303659 1.3653433
4.4644381 2.0280562 1.3610446
4.4674489 2.0273479 1.3595293
4.4674093 2.0287765 1.3585185
4.4671674 2.0286106 1.3569499
4.4715257 2.0286914 1.3596061
4.4705616 2.0263664 1.359416
4.9617947 1.6229851 1.6523615
4.9618553 1.6219286 1.6516844
4.9630238 1.6217189 1.6496338
4.9616324 1.6224945 1.6507235
4.9620544 1.6249687 1.6500434
2.1834887 1.6508627 6.092809
2.1826883 1.6534452 6.0941609
2.1813932 1.6547211 6.0929149
2.1802443 1.6573115 6.0920174
2.1805199 1.6568944 6.0927708
2.1838623 1.6530853 6.0942239
2.1825597 1.6525586 6.093408
2.1816506 1.6506506 6.0961379
2.1810061 1.6529418 6.0941622
2.1792926 1.6542997 6.0956989
2.180617 1.6546879 6.0961237
2.1783767 1.6540253 6.0965323
2.1784797 1.6534415 6.0972543
2.1797213 1.6531589 6.0966546
2.1801297 1.654189 6.095648
2.1807133 1.6499329 6.0950788
2.178343 1.6521057 6.0923459
2.1791173 1.6488516 6.0922139
2.1761851 1.6529917 6.0906548
2.1801529 1.6529721 6.0918365
2.1790471 1.6535839 6.0928227
2.1806931 1.6536901 6.0913537
2.179656 1.6535293 6.0909401
4.4306376 1.5666441 2.3514868
4.4328619 1.5658847 2.3515912
4.4279356 1.5624407 2.3480237
4.4284058 1.5610712 2.3484107
4.4271331 1.5600261 2.348591
4.4298064 1.5635957 2.3493615
0 0 0
0 0 0
4.429149 1.5667381 2.3496845
4.4323782 1.5663887 2.3521571
4.4298391 1.5680684 2.3505796
4.4307191 1.5645739 2.3517849
1.8319668 2.6618548 3.5576396
1.8346057 2.6649537 3.5631195
1.8308651 2.6653386 3.559685
1.8269321 2.6658721 3.5553606
1.8253864 2.6676172 3.5522653
1.8287067 2.6694771 3.5546432
1.8314872 2.6702714 3.5584787
1.8355217 2.6688171 3.5611773
1.8297348 2.665968 3.5564495
1.8302439 2.6648096 3.5564727
1.8288279 2.6641016 3.555088
1.8308435 2.6655157 3.5552268
1.8389132 2.6665401 3.5606016
1.8423212 2.6684089 3.563158
1.8418495 2.6679112 3.5628951
1.8360095 2.6694342 3.5576713
1.8331009 2.6664241 3.5570123
1.8338475 2.6661595 3.5565284
1.8366008 2.6641093 3.5621842
1.8342638 2.6663018 3.5591194
1.8350375 2.6668775 3.5613394
1.8358962 2.6686211 3.5600405
1.8362512 2.6684242 3.5589704
1.3466159 2.0161698 6.0808146
1.3449118 2.016615 6.0786049
1.3476596 2.0129327 6.082878
1.3460677 2.0132611 6.0814422
1.3468111 2.0124047 6.0856571
1.3452321 2.0126501 6.0867417
1.3428247 2.0115685 6.0886228
1.3462728 2.0141018 6.088934
1.3443274 2.0182026 6.0870503
1.3454529 2.0197504 6.0865744
3.6461826 1.7151502 3.1335418
3.6468367 1.713895 3.1336397
3.6472292 1.7173769 3.13395
3.6462356 1.7177463 3.1358809
3.6440172 1.7203624 3.1383416
3.6435216 1.7180317 3.1412963
3.6434134 1.7170069 3.1402917
3.6438305 1.7158545 3.1405069
3.6440495 1.7143033 3.1380965
3.6412868 1.7113132 3.1377984
3.6416395 1.7119082 3.136248
3.6451751 1.712314 3.1368096
3.6463367 1.715359 3.1368462
3.6470652 1.7181958 3.139124
3.6467346 1.7184341 3.1359709
3.6480931 1.7188737 3.1383582
3.6493114 1.7170594 3.1370246
3.6494906 1.7164779 3.1419025
3.6484814 1.7167696 3.1425739
4.4674442 2.447943 5.2604211
4.4687586 2.4518601 5.2635915
4.4710688 2.4505374 5.2631657
4.4702369 2.4493026 5.2647002
4.4691268 2.4438368 5.2642009
4.4631416 2.4454533 5.2614238
4.463611 2.4452279 5.263036
4.4610358 2.4470172 5.2608263
4.4644984 2.4441581 5.2615592
4.4638282 2.4449118 5.2582951
4.4638892 2.4434733 5.2581675
4.4662056 2.4445945 5.2588205
4.4648251 2.4430199 5.2571599
4.465845 2.4423562 5.2592726
0.41600455 2.0347035 0.96573697
0.41661828 2.0372105 0.96626036
0.4117401 2.0398561 0.96098177
0.411213 2.0390741 0.96122151
0.40829253 2.0394278 0.95767109
0.4107787 2.0379315 0.95850166
0.41105801 2.0408574 0.95822471
0.41508787 2.0416783 0.96207752
0.4176301 2.0412307 0.96163543
0.41533965 2.0412523 0.96109962
0.41706624 2.0393095 0.96251255
0.4103959 2.0373979 0.96174093
0.41689334 2.0364249 0.96451009
0.4132162 2.0334916 0.96355502
0.41864883 2.0337839 0.96343533
0.41552625 2.0352461 0.95826287
0.4137082 2.0361741 0.95570644
0.40858039 2.0402075 0.95465883
0.41025436 2.0372194 0.95857978
0.41070715 2.0389686 0.95991945
0.41378674 2.0373484 0.96122017
4.9618257 1.6225771 1.6526898
4.9625023 1.6214325 1.6514859
4.9649689 1.6203307 1.6501326
4.9641905 1.6203864 1.6503769
4.9635228 1.6210826 1.6530123
4.9616717 1.6221202 1.6519783
4.9606654 1.6241315 1.6553197
2.1833771 1.652495 6.0923112
2.1811501 1.6526301 6.092486
2.1813076 1.6537593 6.0924318
2.1816657 1.6537706 6.0920158
2.1838555 1.6543135 6.0931225
2.1822816 1.6543535 6.0937795
2.1819549 1.6529643 6.0954106
2.1795785 1.6526409 6.0928992
2.1766289 1.6531856 6.0939747
2.1754236 1.6512903 6.0938279
2.1752507 1.6530327 6.0952255
2.1774461 1.6524359 6.0947211
2.1789044 1.6520943 6.0957829
2.1802016 1.6522686 6.0949956
2.1821457 1.6486736 6.09475
2.1824025 1.6511651 6.0914956
2.1805794 1.648962 6.0905537
2.1775367 1.6507945 6.0913284
2.1800562 1.6496873 6.0946047
2.1778934 1.6515026 6.0941509
2.180306 1.6529164 6.0931833
4.4337439 1.5677902 2.3544912
4.4349624 1.5643156 2.3521698
4.4348041 1.5647313 2.3515385
4.4283645 1.5627216 2.3511387
4.4281766 1.5627282 2.351555
4.4245522 1.56388 2.3532301
4.4263385 1.5651225 2.3525245
4.4273042 1.5641941 2.3533587
4.4298312 1.5656033 2.3499565
4.4290475 1.5632738 2.3496801
4.4327482 1.5637568 2.3513668
4.4280495 1.5630149 2.3510079
4.4293294 1.5626196 2.3530399
4.4272043 1.5646982 2.3514413
0 0 0
1.8336675 2.6647423 3.56019
1.8301214 2.6657795 3.5582069
1.8263392 2.6667371 3.555153
1.8285928 2.6671442 3.5575288
1.831878 2.6671469 3.560098
1.8401083 2.6664804 3.5665524
1.8361089 2.6634091 3.5634239
1.8352468 2.6654047 3.5604418
1.8326614 2.663904 3.5583103
1.8319489 2.6653154 3.5546076
1.8354606 2.6656109 3.5558118
1.8369568 2.6660927 3.558034
1.8357656 2.6651321 3.55783
1.8379355 2.6652021 3.5625458
1.837139 2.6636329 3.5640916
1.8352338 2.6631648 3.5598138
1.8385064 2.6639783 3.5627093
1.8325137 2.6655703 3.5546109
1.8330748 2.6675013 3.5568574
1.8318611 2.6677282 3.5555889
1.8334147 2.6669077 3.5569432
1.3452045 2.0166541 6.0802866
1.3443735 2.0158222 6.0797632
1.349915 2.0147329 6.0846569
1.3466159 2.0132712 6.0832753
1.3448197 2.0131166 6.085195
1.3440775 2.0121557 6.085607
1.3457872 2.014234 6.0884676
1.3463388 2.0155069 6.0887283
1.3451374 2.0169791 6.0868894
1.3447793 2.0165399 6.0865447
3.6439458 1.7135082 3.1395253
3.6446427 1.7146763 3.1399087
3.6452206 1.7199995 3.1362874
3.6437528 1.7186027 3.1359334
3.6401067 1.7201708 3.1359248
3.6429995 1.7164331 3.1373984
3.6434445 1.7158878 3.1373026
3.6442853 1.7151031 3.1369432
3.6433917 1.714293 3.1381719
3.6401396 1.7138276 3.1383072
3.6441348 1.712224 3.1357111
3.6467216 1.7133003 3.1368822
3.648925 1.7147468 3.1345072
3.6484616 1.7172887 3.1369039
3.6457423 1.7178825 3.1354718
3.6478664 1.718605 3.1383963
3.6467408 1.7154833 3.1358712
3.6491932 1.7171419 3.1377813
3.6493488 1.7176058 3.138647
0 0 0
4.4698395 2.4489367 5.2623389
4.4676266 2.450405 5.2599571
4.4681047 2.4502445 5.2617792
4.4639651 2.4467698 5.2597159
4.4636769 2.4451459 5.2622088
4.463046 2.4432251 5.2630304
4.4650434 2.4458202 5.2657387
4.4637921 2.4430252 5.2634305
4.4631954 2.4430388 5.2602623
4.4609022 2.4416697 5.2560232
4.465428 2.4428116 5.2565303
4.463592 2.4433694 5.2554865
0 0 0
0.41089025 2.0363509 0.96277902
0.41169628 2.0373513 0.96162992
0.41127751 2.039613 0.95993636
0.41330505 2.0395676 0.96094303
0.41171584 2.0405915 0.95901295
0.41628023 2.0389019 0.96126969
0.41564779 2.0385283 0.96152547
0.41760673 2.0375909 0.96348999
0.41590802 2.0361591 0.96209502
0.41237864 2.0382185 0.95935368
0.41312957 2.039069 0.95982409
0.40991578 2.0362379 0.95976425
0.41622982 2.0365311 0.96034102
0.41478282 2.033343 0.96189588
0.41976773 2.0363023 0.96113567
0.41422092 2.0380704 0.9594397
0.41382095 2.0382957 0.95616727
0.41058783 2.0407946 0.9575785
0.41258303 2.0384967 0.96206338
0.41366343 2.0390024 0.96260064
0.41485365 2.0379073 0.96190738
4.9618485 1.6223474 1.6521103
4.9593573 1.6216639 1.6515938
4.963574 1.6209933 1.6485466
4.9619297 1.6228243 1.6480048
4.9650631 1.625151 1.649735
4.9617419 1.6245715 1.6516202
4.9618461 1.6246972 1.6551934
4.9614326 1.6225101 1.6532466
2.1794992 1.6537368 6.0942121
2.1814601 1.6560354 6.0916692
2.1816422 1.6544226 6.0913314
2.1832181 1.6542154 6.0905792
2.1823517 1.6536181 6.0918024
2.1810761 1.6534202 6.0911502
2.1792124 1.6526954 6.09085
2.1768412 1.652002 6.0937111
2.1761318 1.6529771 6.0930251
2.1764784 1.6556965 6.0948705
2.1779374 1.6568369 6.0936897
2.1817805 1.6559387 6.0957921
2.1847779 1.6543464 6.0957297
2.1841582 1.6500536 6.0956369
2.1819559 1.6511345 6.095117
2.1797368 1.6506297 6.0946961
2.1752178 1.6522113 6.0945601
2.1765491 1.652396 6.0952367
2.1748752 1.6516164 6.0946835
4.4308637 1.5658513 2.3518313
4.4312386 1.5663446 2.3508198
4.4343793 1.5661802 2.3498246
4.4339561 1.5667311 2.3494519
4.432147 1.5643595 2.3508693
4.4300354 1.5630476 2.3509633
4.426001 1.5654604 2.3515989
4.4264219 1.5670543 2.3501408
4.4259753 1.5674629 2.3505607
4.4290765 1.5645911 2.3505426
4.4261751 1.563245 2.3508081
4.4263141 1.5668273 2.3526137
4.4242959 1.5659918 2.3505737
4.4264473 1.5661848 2.3509004
4.4252521 1.5634927 2.3509366
4.4270724 1.5633662 2.352019
1.8486997 2.646533 3.5513291
1.8470986 2.6489074 3.5544975
1.8340761 2.6670985 3.559828
1.1604918 1.770536 3.0078844
1.1626354 1.7675101 3.009446
1.1620717 1.767554 3.0102858
1.1597732 1.7629306 3.0107259
1.1575335 1.7631988 3.0098841
1.1586695 1.7667424 3.0129213
1.1596902 1.7684476 3.0104543
1.1594786 1.7704281 3.0116479
1.8421103 2.6667388 3.5642708
1.8352383 2.6676162 3.558306
1.8333236 2.6666396 3.5600284
1.8307534 2.6665966 3.5586338
1.8308109 2.6639212 3.5557563
1.8369451 2.6644626 3.561222
1.831935 2.6647426 3.5538246
1.8312061 2.6672539 3.5551588
1.8325416 2.6662164 3.5547074
0 0 0
1.3480148 2.0171874 6.08199
1.3484617 2.0162393 6.082007
1.3517108 2.0152626 6.0848604
1.3490068 2.013269 6.0850789
1.3474856 2.0140851 6.0848868
1.344387 2.0127132 6.0833701
1.344959 2.0121423 6.0829606
1.3454715 2.0119454 6.0848283
1.3449622 2.0151098 6.0838707
1.34445 2.0177459 6.0857913
3.6441394 1.7150158 3.1370605
3.6452497 1.7164109 3.1381244
3.6442573 1.718361 3.1358187
3.6449904 1.7174738 3.1363986
3.6424072 1.7180199 3.135239
3.645009 1.7157374 3.1360843
3.6441291 1.7157357 3.1372852
3.6464116 1.7170815 3.1364488
3.6439188 1.7168113 3.1391757
3.6423877 1.7162395 3.1385102
3.6456537 1.7118988 3.1359013
3.6471506 1.7098507 3.1350406
3.6487609 1.7126442 3.133279
3.6478003 1.7144099 3.1359423
3.6466441 1.7158137 3.1388955
3.6492271 1.7161835 3.1382486
3.6465414 1.7154787 3.1371349
3.6470984 1.7172645 3.1376069
3.6453521 1.7171041 3.1401957
4.4665022 2.4461243 5.2632212
4.4678031 2.4473684 5.2597861
4.4660661 2.4474453 5.2585576
4.4674449 2.4500493 5.2581391
4.4600242 2.4487184 5.255327
4.4605864 2.4493601 5.2584732
4.4584728 2.4474685 5.2564593
4.4624076 2.4478803 5.2612832
4.461983 2.4448058 5.2585386
4.4624653 2.4433229 5.2575012
4.4606313 2.4429534 5.2546462
4.4637187 2.4433384 5.256908
0.41168857 2.0380892 0.96235609
0.41063176 2.0372375 0.96134094
0.41362433 2.0352345 0.96461506
0.41321181 2.0368995 0.96265907
0.41181242 2.0383323 0.96250518
0.41140462 2.0411193 0.96239618
0.40976792 2.0406174 0.96010974
0.41380879 2.0409686 0.96032194
0.41418225 2.0385126 0.96023827
0.41595295 2.0399398 0.96277389
0.41520343 2.036441 0.96039449
0.41435574 2.0367169 0.95792006
0.41068755 2.0351045 0.95541633
0.4084688 2.0323791 0.9586031
0.41148104 2.0356561 0.95869454
0.41497295 2.0350007 0.96208078
0.41931622 2.0387864 0.96108665
0.41478897 2.0386368 0.96333799
0.41462689 2.0378679 0.9615906
0.41236744 2.0376496 0.96313859
0.41301111 2.0371401 0.96263042
0.41487053 2.0370073 0.96287589
0.41395515 2.037112 0.96215562
4.9626236 1.6204647 1.6523496
4.9603148 1.6212505 1.6502791
4.9634874 1.6246861 1.6470584
4.9608227 1.6256526 1.6499289
4.9644184 1.6246104 1.654523
4.9626438 1.6241173 1.655116
4.962571 1.6244429 1.6555042
4.9620753 1.623718 1.6538667
4.9617478 1.6247048 1.6538889
2.18146 1.6526119 6.090857
2.1804117 1.6537801 6.0911889
2.1810896 1.6551818 6.0876083
2.1794138 1.6568001 6.0890536
2.1798835 1.6539723 6.0876886
2.1805791 1.6532356 6.0872319
2.1808318 1.6505865 6.0928294
2.1763665 1.6496622 6.0936214
2.1748857 1.6538452 6.0954018
2.1769549 1.6578847 6.0926307
2.1827708 1.6595627 6.0934923
2.1849539 1.6568855 6.0948332
2.1861848 1.6529219 6.0942385
2.1816524 1.653828 6.0932814
2.1801271 1.6535613 6.0930364
2.1768808 1.6526711 6.0945043
2.1790487 1.6504475 6.0953431
4.42693 1.5693412 2.3533277
4.4297281 1.5662113 2.3535474
4.431392 1.5649789 2.351031
4.4348427 1.5653681 2.3509418
4.4318792 1.5670665 2.3504247
4.4324151 1.5678258 2.3531798
4.4293381 1.5671238 2.3532125
4.4270989 1.5674273 2.353
4.4266445 1.5664403 2.3527365
4.4260098 1.5641759 2.351707
4.4315767 1.5616409 2.3504223
4.4288118 1.5608039 2.3501599
4.4269959 1.5627188 2.349198
4.4246222 1.5648892 2.3491606
4.4259138 1.5662482 2.3498415
4.4259489 1.5659273 2.3527574
4.4279774 1.5666933 2.3529968
1.8568683 2.6351352 3.5459405
1.1562539 1.7680202 3.0053191
1.1572402 1.7664079 3.0090738
1.1578031 1.7672496 3.0106843
1.1593203 1.7669905 3.0134122
1.1585963 1.7660886 3.0115782
1.1570664 1.7640384 3.0129842
1.1560571 1.763229 3.0082977
1.156496 1.7649129 3.0129016
1.157301 1.7672561 3.0099029
1.1584296 1.7664708 3.0130015
1.1595571 1.7669808 3.0079596
1.1597303 1.7656815 3.0107332
1.160189 1.7628339 3.0102538
1.1593933 1.7632528 3.0122049
1.1556648 1.7638799 3.0107485
1.1586883 1.7664779 3.0097612
1.1586517 1.7679312 3.0091678
1.165107 1.7636872 3.0096386
1.162188 1.765469 3.0130842
1.1614177 1.760468 3.0127877
1.3455444 2.0144661 6.0820513
1.3464738 2.0144233 6.0852335
1.3487075 2.0136792 6.0864484
1.346677 2.0145477 6.0857477
1.3454823 2.0165192 6.0850171
1.3449468 2.0175929 6.0853101
1.3458818 2.017463 6.0849652
1.3488111 2.0163926 6.0882186
1.3466372 2.0131707 6.0862129
1.3454833 2.014913 6.0888539
0 0 0
3.6452833 1.7176037 3.1414444
3.6428694 1.7173884 3.1371165
3.6427815 1.7155461 3.1375247
3.6415323 1.7140225 3.1355645
3.64487 1.7139746 3.1343608
3.6446548 1.7135915 3.135746
3.6463295 1.7174383 3.1358425
3.6419165 1.7176508 3.1383408
3.6428858 1.7161434 3.1387587
3.6472739 1.7132716 3.1373988
3.6497746 1.7106195 3.1350219
3.6495458 1.7123113 3.1337942
3.6472263 1.7116378 3.1332427
3.6462058 1.7133179 3.1370517
3.6453189 1.7142166 3.1351888
3.6433653 1.7146947 3.134898
3.6451562 1.7156157 3.1337485
3.6473815 1.715895 3.1373096
4.4656937 2.4404085 5.26537
4.4649962 2.4433744 5.2607691
4.464654 2.4449998 5.2575708
4.4657876 2.4495458 5.2580556
4.4652117 2.4474187 5.2599942
4.4667623 2.4454888 5.2639999
4.4676012 2.4444035 5.263314
4.4687664 2.4457035 5.2664534
4.4654433 2.4449528 5.2596923
4.461903 2.4419102 5.2568081
4.4642623 2.4408022 5.2547227
0.40932117 2.0356374 0.96246232
0.41141378 2.0380894 0.96441408
0.40904524 2.0385363 0.96260955
0.41219175 2.0370401 0.96293274
0.41110594 2.0382269 0.96156932
0.41351436 2.0370501 0.96189614
0.41288253 2.0395769 0.96310355
0.41390437 2.0379347 0.96096816
0.41464002 2.0370018 0.96344205
0.41463456 2.0329661 0.96332201
0.41346701 2.0335419 0.96737235
0.41019675 2.033259 0.96252485
0.40824265 2.0354858 0.95895892
0.4060384 2.0355799 0.95366599
0.40890447 2.0345387 0.95560467
0.40997501 2.0363319 0.95482542
0.41133818 2.0370071 0.95552089
0.41288538 2.0379595 0.95717777
0.41069832 2.036787 0.96142753
0.40924834 2.0364245 0.96117584
0.40952411 2.0344843 0.96208583
0.40948416 2.0354772 0.9606617
0.41172739 2.0357378 0.96185652
0.41168587 2.0374529 0.96071884
4.9634426 1.6245688 1.6511794
4.962777 1.6228426 1.6501495
4.9625109 1.6244902 1.6502726
4.9651479 1.626118 1.6495573
4.9656287 1.6274008 1.6531575
4.965699 1.627587 1.652375
4.9629692 1.6244073 1.6543021
4.9654892 1.621989 1.6533208
4.9637455 1.6228632 1.6516079
4.9647159 1.6237254 1.6491389
0 0 0
2.1829501 1.6536845 6.0903266
2.1805023 1.6554541 6.0915197
2.1801783 1.6544925 6.0891882
2.1813051 1.6553598 6.0903646
2.1837404 1.6532083 6.0935408
2.1803996 1.6514621 6.0943534
2.1789141 1.6536531 6.0949949
2.1773133 1.6563739 6.0911743
2.181033 1.6575205 6.0899844
2.1828721 1.6540655 6.0928698
2.1850166 1.6525328 6.0944596
2.1811931 1.6525189 6.0954355
2.1794063 1.6543967 6.0946153
2.1760968 1.6550195 6.0939567
0 0 0
4.4291234 1.5680532 2.3532043
4.4296037 1.5667081 2.3527909
4.4289313 1.5666152 2.3476638
4.4314621 1.567971 2.3469123
4.4305285 1.5703453 2.3465372
4.4337952 1.5713813 2.3508978
4.4308715 1.5680863 2.3522453
4.4280961 1.5657148 2.353384
4.4261811 1.5644252 2.3520458
4.4274816 1.5628582 2.3519959
4.4309199 1.5637269 2.349425
4.428175 1.56371 2.3497325
4.4254708 1.5662148 2.3475387
4.4246578 1.5676244 2.3494508
4.426525 1.5676093 2.3485186
4.4256467 1.5668692 2.3516221
4.4265816 1.5643921 2.3511616
4.4256409 1.5654917 2.3525256
4.430598 1.5654376 2.3504091
1.1563352 1.7687903 3.0100291
1.1569513 1.7677905 3.0102115
1.1573976 1.7686677 3.0137084
1.1578418 1.766044 3.0091262
1.1554495 1.765544 3.0105126
1.1550168 1.7639984 3.0062148
1.1555852 1.763234 3.0102074
1.1577054 1.7659641 3.0077219
1.1591511 1.7647877 3.0103031
1.1590843 1.7660625 3.0081069
1.1590392 1.7651778 3.0103743
1.160477 1.7641212 3.009662
1.1584635 1.7623901 3.0116977
1.155353 1.7636077 3.0104573
1.1567772 1.7654875 3.0094007
1.1569113 1.7659775 3.0088814
1.162678 1.7647575 3.0108171
1.1612756 1.7675238 3.0129275
1.1607405 1.7656115 3.011285
1.1583547 1.764305 3.0102637
1.3497929 2.014574 6.087604
1.3507265 2.0126535 6.089428
1.3510375 2.0136719 6.0898397
1.347628 2.0162522 6.0878908
1.347464 2.0182361 6.0852836
1.3476796 2.0164163 6.0855698
1.3500081 2.0165904 6.089059
1.346981 2.0143016 6.0875785
4.5807385 1.5316376 5.7173981
4.5797343 1.5314511 5.7221077
4.5810534 1.5318864 5.7230998
4.5798134 1.526934 5.7256913
4.5797699 1.5270587 5.7223013
4.5837117 1.5252082 5.7251034
4.584949 1.5262872 5.7230066
4.5816642 1.5260164 5.7228694
4.5796634 1.5247821 5.7203603
4.5725844 1.5248022 5.7185515
4.5740824 1.5254414 5.7192186
4.5731964 1.5273519 5.7185373
3.6507267 1.7112757 3.1342973
3.649172 1.7127092 3.1344117
3.6460385 1.7117918 3.133959
3.6441572 1.7108069 3.1367943
3.6443976 1.7110823 3.1353875
3.644387 1.7123123 3.1346193
3.6459412 1.7154383 3.1340123
3.6483358 1.7164339 3.1379085
4.4679367 2.4431376 5.2665109
4.4655046 2.4435291 5.2611931
4.4662061 2.4444045 5.2592808
4.4619263 2.4463586 5.255313
4.4624387 2.4465185 5.2578718
4.4632497 2.4451696 5.2602897
4.4641635 2.4450626 5.2600553
4.4664492 2.4460248 5.2611641
4.468634 2.4463446 5.2598196
4.4658394 2.4454726 5.257114
0.40952258 2.0343772 0.96085702
0.40754321 2.0349015 0.9640322
0.40901193 2.0353877 0.96364085
0.40946101 2.0357159 0.96426083
0.41164249 2.033883 0.96280805
0.41019668 2.0361296 0.96218321
0.41230886 2.0364709 0.9612631
0.41117644 2.0395628 0.96198169
0.41327673 2.0373351 0.96000365
0.41280562 2.0373395 0.96258025
0.41314943 2.035524 0.96147282
0.41187853 2.0344556 0.9645057
0.41048001 2.0338033 0.96118741
0.4098031 2.0345295 0.95797596
0.40888112 2.0372348 0.95535301
0.40948258 2.0378458 0.95650227
0.41046149 2.0372681 0.95707991
0.41110888 2.0378497 0.9564239
0.4085877 2.0365629 0.95785597
0.40840446 2.0367196 0.96208848
0.40674364 2.0358134 0.96213707
0.40807941 2.0349337 0.96121331
0.40754446 2.0346493 0.95744127
0.40968353 2.0338045 0.95990876
4.9635743 1.6222019 1.6520695
4.9623595 1.6234457 1.6519803
4.9632458 1.6243108 1.650848
4.9628007 1.6296024 1.6520947
4.9650034 1.6274506 1.6511447
4.9622007 1.6264197 1.6548694
4.9614189 1.6243615 1.6535413
4.959462 1.6229843 1.6540732
4.9634433 1.6223058 1.6503421
4.9633209 1.6254209 1.6485865
4.9679447 1.6271497 1.6473447
4.9642615 1.6299285 1.6493466
2.1797809 1.6555858 6.0897543
2.180426 1.6553101 6.0906806
2.1797648 1.6552159 6.0889441
2.1816212 1.6534299 6.0915015
2.1830149 1.6534927 6.0920238
2.180513 1.652174 6.0941183
2.177977 1.6537606 6.0944509
2.1767651 1.6552669 6.0912888
2.180807 1.6577115 6.0928493
2.1818792 1.6551201 6.0942995
2.1811701 1.6559962 6.0951277
0 0 0
4.4318029 1.5685892 2.3498299
4.4290129 1.567459 2.3492015
4.4281229 1.5701784 2.3512159
4.4270847 1.5668833 2.3527551
4.4282644 1.5652658 2.3558783
4.4281155 1.5647015 2.3510709
4.4310566 1.567489 2.349501
4.4306826 1.5708233 2.3484982
4.43139 1.5703386 2.3512845
4.429434 1.5682621 2.3507397
4.4288119 1.5667613 2.3527605
4.4264384 1.5655097 2.351336
4.4275567 1.5627045 2.3524919
4.4284518 1.5639898 2.3490588
4.4312985 1.5612516 2.3487794
4.4293123 1.5635598 2.347748
4.4309425 1.5651103 2.3497806
4.4293769 1.5690127 2.348652
4.4279518 1.5700533 2.3507956
4.4278259 1.5684158 2.3489027
4.4284835 1.5705465 2.3486339
4.4329275 1.567616 2.3488557
0 0 0
1.1545336 1.7662137 3.0105636
1.1537187 1.7675127 3.0145058
1.1555124 1.7657673 3.0111873
1.1553395 1.7650852 3.0120399
1.1546257 1.7645119 3.0087287
1.154508 1.7649611 3.01035
1.155295 1.7650589 3.011463
1.157771 1.7628472 3.0110816
1.1582607 1.7629275 3.0097529
1.1595589 1.7604066 3.0105163
1.1617853 1.7596089 3.0120984
1.1605764 1.758527 3.0102736
1.1564123 1.7622439 3.0083656
1.1573671 1.7635597 3.0071572
1.1585827 1.763956 3.0089814
1.1643877 1.764805 3.0108149
1.1625438 1.7650113 3.0130072
1.1619229 1.764658 3.0110989
1.1606682 1.7618882 3.0091582
1.3463837 2.0136927 6.0869555
1.3471345 2.0150499 6.0895641
1.3497161 2.0168979 6.0881403
1.3477858 2.0185368 6.0886097
1.346988 2.0211218 6.0866101
1.3469691 2.0201731 6.0874704
1.3492075 2.0190757 6.0894136
4.5789776 1.5287339 5.716758
4.5813197 1.532064 5.7182032
4.577966 1.5316337 5.7224192
4.5791876 1.530755 5.7247825
4.5778762 1.5272662 5.7236663
4.5798468 1.5261829 5.7220201
4.5805151 1.5250499 5.7235934
4.5829032 1.5252682 5.7250836
4.5807313 1.527528 5.7219001
4.5791555 1.5259349 5.720285
4.5742021 1.5278024 5.7193275
4.5727612 1.5267269 5.7220006
4.5736918 1.5286274 5.720524
4.5782148 1.527651 5.7215409
4.580635 1.5274043 5.7208159
4.5786732 1.5262869 5.7201206
4.5784395 1.5296446 5.7219952
4.5744619 1.5281673 5.7239635
4.5784667 1.5282241 5.7257862
4.5766287 1.5258851 5.7247674
4.5785428 1.5260228 5.722842
4.4691884 2.440102 5.2683782
4.4664857 2.4411003 5.2640479
4.4672974 2.4453825 5.2647569
4.4674869 2.4462767 5.2624999
4.4693915 2.4461238 5.2659152
4.4727413 2.4418148 5.2675544
4.4707494 2.4414478 5.2654298
4.4704193 2.4428627 5.2632188
4.468521 2.4454842 5.2606021
0.40987021 2.0348003 0.9580665
0.40760346 2.0331517 0.96049771
0.40631237 2.03266 0.96360976
0.40797175 2.0334037 0.96332881
0.4095193 2.0351204 0.96321589
0.41089579 2.0371219 0.96135473
0.41066753 2.0395558 0.96144376
0.41201555 2.0397379 0.96146259
0.41499929 2.0388598 0.96335651
0.41748173 2.0380432 0.96326119
0.41614912 2.0370472 0.96423745
0.41452088 2.0351832 0.96339633
0.41104107 2.0321158 0.96288688
0.41063144 2.0338038 0.96313744
0.40924025 2.0346732 0.95903253
0.41201104 2.0379864 0.95930036
0.41285434 2.0394827 0.95772803
0.41244083 2.0393806 0.95950618
0.41064796 2.0395146 0.9572195
0.40670896 2.0372947 0.95743696
0.40630051 2.0372175 0.95991906
0.4070338 2.0360787 0.96032098
0.4079912 2.0346865 0.96144823
0.40896588 2.0330891 0.95878264
0.40748993 2.0344884 0.95945651
4.9637557 1.6255638 1.6510824
4.9617763 1.6261965 1.6515294
4.9633268 1.6249923 1.6507142
4.9639195 1.6279483 1.6511207
4.9677304 1.6242189 1.6514865
4.9662827 1.6259192 1.6529137
4.9620739 1.622413 1.652286
4.9600322 1.6240474 1.6520501
4.9617809 1.621355 1.650153
4.9627265 1.6235656 1.6492847
4.9665621 1.6251536 1.6476411
4.9654678 1.6284323 1.6488001
0 0 0
2.1806569 1.6537962 6.0939259
2.1771309 1.6552707 6.0924403
2.1779446 1.6539212 6.0917883
2.1767547 1.6538151 6.0901552
2.17752 1.6520652 6.0904271
2.1778731 1.6520977 6.0924466
2.1779105 1.6523157 6.0923125
2.1777259 1.6547106 6.0937395
2.1779196 1.652416 6.0925078
0 0 0
4.4330331 1.5694386 2.3521521
4.4332604 1.570006 2.3493997
4.429031 1.5682731 2.3499055
4.4280304 1.5696098 2.3510301
4.4273453 1.5672437 2.351695
4.4306331 1.5673199 2.3535813
4.4316764 1.5652931 2.3492576
4.4322155 1.5666859 2.3489568
4.4330241 1.567448 2.3491864
4.4322253 1.5694006 2.3519148
4.4304386 1.5692146 2.3535666
4.4309662 1.5666308 2.3527148
4.4290611 1.5660862 2.3524108
4.4304593 1.5637954 2.3512049
4.4274559 1.5660829 2.350311
4.430379 1.5626581 2.348068
4.4274489 1.5651564 2.3474842
4.4305502 1.5637884 2.3498549
4.4268602 1.5669332 2.3489698
4.4275868 1.5664912 2.3498498
4.4295183 1.5672673 2.3475158
4.4306616 1.5665075 2.3474388
4.4351511 1.5658434 2.350453
4.4319613 1.5680763 2.3484557
1.1536909 1.7700599 3.0094941
1.1543862 1.7689195 3.0112054
1.1548185 1.7670374 3.009607
1.1557962 1.7643446 3.010661
1.1563227 1.7653747 3.0118632
1.1566947 1.7675605 3.0096961
1.1581782 1.7650518 3.0087556
1.160736 1.763077 3.0062246
1.1592103 1.7614118 3.008651
1.1615056 1.7603828 3.0093523
1.1614368 1.7605611 3.0130731
1.1616736 1.7579567 3.0082789
1.1585609 1.7608517 3.0086923
1.1584465 1.7601758 3.0051347
1.1572292 1.7618925 3.0098696
1.1602434 1.7631805 3.0098164
1.1577256 1.766264 3.009571
1.1598406 1.767713 3.0085907
1.1593547 1.7657407 3.0092273
1.3441496 2.0169017 6.0850472
1.3449104 2.0153824 6.088966
1.3454325 2.0159866 6.0877834
1.3460564 2.0149787 6.0893118
1.34776 2.0174878 6.0872383
1.3486865 2.0170948 6.0881803
4.5811578 1.5232008 5.7189393
4.581073 1.5261948 5.7192959
4.581796 1.529232 5.7205123
4.5804623 1.5291472 5.7224274
4.5784977 1.5294897 5.7257739
4.5770007 1.5259411 5.7234334
4.5791753 1.5236195 5.7248119
4.5801359 1.5235399 5.7235844
4.5811096 1.5229781 5.7257502
4.5795059 1.5269313 5.7216756
4.5780821 1.5254956 5.7200335
4.5776637 1.5281147 5.7193599
4.5756702 1.5274437 5.7229705
4.575178 1.5304982 5.7223324
4.5778298 1.5271682 5.72254
4.5797677 1.5284519 5.7193991
4.5782446 1.5275665 5.7210337
4.5766337 1.5294256 5.7207147
4.5750355 1.5262568 5.7245617
4.5793916 1.5266727 5.7260938
4.5780063 1.5255913 5.725059
4.5795483 1.5267671 5.7221241
4.4725605 2.4427767 5.2690117
4.471085 2.4424643 5.2673351
4.4673931 2.4450331 5.2659501
4.4671759 2.4456899 5.2631635
4.4672593 2.4471746 5.2655084
4.4702717 2.4420041 5.2638736
4.467305 2.4414969 5.26164
4.4672483 2.4411648 5.2589278
0.41243651 2.0359112 0.95915178
0.41217149 2.0341305 0.95792311
0.40986432 2.0337037 0.95985601
0.40826032 2.0337262 0.96101125
0.40892558 2.0328509 0.96186753
0.411087 2.0341017 0.96147254
0.411159 2.0364995 0.96171599
0.41132258 2.0379505 0.96127919
0.41027781 2.0382455 0.95939507
0.41471454 2.0363356 0.95916994
0.41344576 2.0357751 0.95944202
0.4133925 2.0369372 0.95950714
0.41052547 2.0397329 0.95846178
0.4099473 2.0365492 0.95975816
0.41161922 2.0351118 0.96114105
0.41063521 2.0350565 0.96010265
0.41328839 2.0380419 0.96279331
0.41396928 2.0396783 0.96058332
0.41368422 2.0382243 0.9619449
0.41503376 2.0387369 0.96050848
0.41126108 2.0379079 0.9592974
0.40991542 2.0387123 0.96100593
0.41179403 2.0397709 0.96191458
0.41054278 2.0398854 0.96303449
0.41366628 2.0356636 0.9630194
0.41229479 2.0353636 0.96207885
4.9617048 1.6247153 1.6494289
4.960768 1.6262094 1.6503663
4.9605815 1.6258675 1.6490351
4.962983 1.6279244 1.6513082
4.9645567 1.6254888 1.652155
4.963554 1.6272018 1.6516666
4.9598162 1.6239869 1.6520662
4.9578054 1.6250452 1.6518524
4.9570448 1.6227185 1.6511612
4.9594398 1.6246076 1.6491498
4.9629164 1.6260857 1.6490356
4.9663892 1.6257723 1.6517529
4.9654069 1.6229344 1.6532822
4.9632541 1.6196272 1.6538317
2.1792171 1.6546464 6.0941619
2.1798858 1.6522551 6.0934662
2.1787898 1.6521598 6.0927154
2.1783646 1.6524298 6.0884327
2.1761616 1.6530476 6.0898158
2.1770949 1.6521326 6.0907362
2.1774364 1.6539365 6.0949887
4.4282955 1.5632573 2.3507594
4.4329729 1.5670709 2.351761
4.432422 1.5698197 2.3519936
4.4319596 1.5720343 2.349533
4.4274235 1.5691002 2.3490843
4.4274899 1.5687149 2.3478546
4.4267085 1.5665263 2.3503047
4.4289409 1.5662283 2.3525419
4.4298503 1.5641332 2.3512358
4.4318199 1.5671077 2.3506129
4.4334057 1.5659349 2.3503194
4.4334728 1.5669187 2.3490044
4.4349739 1.5676647 2.3506771
4.4353551 1.5666249 2.3474037
4.4316672 1.5687341 2.3510251
4.4287977 1.5642786 2.3494565
4.4276493 1.5638311 2.3506214
4.4304774 1.5622163 2.3489549
4.4302453 1.5652093 2.348744
4.4319507 1.5666929 2.3502972
4.4269814 1.5717185 2.3476385
4.4274799 1.5719485 2.3477895
4.4278369 1.5705089 2.3466549
4.4299259 1.5674002 2.3459791
4.4351753 1.566643 2.3493716
4.4309501 1.5673733 2.3492898
4.4323328 1.5669542 2.3508167
1.1539004 1.7657608 3.0110355
1.1558123 1.7659504 3.0128026
1.1572632 1.7632205 3.0135149
1.1617155 1.7658722 3.0152688
1.1595458 1.7654043 3.0136276
1.1604513 1.7648728 3.0128276
1.1602882 1.765163 3.0086953
1.1606889 1.7624356 3.0097895
1.1609284 1.761556 3.0101408
1.1593821 1.7596832 3.0123632
1.1590117 1.7579871 3.0067688
1.1591021 1.761401 3.0072868
1.1591024 1.759654 3.006454
1.159536 1.761891 3.0105537
1.1605538 1.760573 3.0109854
1.157908 1.7643221 3.0103011
1.1591587 1.764242 3.0093044
1.1591697 1.7640091 3.0096089
1.3431715 2.0174701 6.0842433
1.3438907 2.0161713 6.0867846
1.3431543 2.0183547 6.085131
1.3435586 2.0172377 6.087113
0 0 0
4.5756761 1.5234069 5.7206304
4.5762053 1.5242337 5.7193933
4.579124 1.5262935 5.7216011
4.577189 1.5302941 5.7223378
4.5786419 1.528336 5.7237758
4.5760851 1.5292542 5.7263455
4.5767207 1.5261577 5.7221543
4.575746 1.5250329 5.7229787
4.5768459 1.5235626 5.722692
4.5779578 1.5223533 5.7247717
4.5801008 1.5264248 5.722398
4.5789278 1.527006 5.7208808
4.5792376 1.5308851 5.7211851
4.5777487 1.5296162 5.7232617
4.5774406 1.5301422 5.7223973
4.5791934 1.5268935 5.7226799
4.5819298 1.5276504 5.7187742
4.5822936 1.5266752 5.720852
4.5804607 1.5273378 5.7179725
4.5775749 1.5261054 5.7259344
4.5788197 1.5265277 5.7253487
4.5770367 1.5267148 5.7275465
4.5765926 1.5285883 5.7245316
0.41817228 2.0338044 0.96333731
0.41415924 2.0379378 0.96217752
0.41385261 2.0394404 0.95945686
0.41550645 2.0396721 0.96404426
0.41660292 2.0378228 0.96506534
0.41625125 2.0370312 0.96781036
0.41424229 2.0418714 0.96497584
0.41494449 2.0390057 0.96102233
0.41532723 2.0398602 0.95879035
0.41475015 2.0368436 0.9588062
0.41267558 2.0355523 0.96066406
0.40864329 2.0337488 0.95998499
0.40902663 2.0333691 0.96034583
0.41017541 2.035065 0.96056345
0.41192011 2.0373052 0.96252668
0.41008844 2.0405714 0.96135685
0.41151583 2.0396958 0.96060091
0.41416718 2.0377891 0.95972939
0.41529834 2.0357558 0.96078928
0.41577137 2.0351383 0.96137703
0.41265565 2.0394053 0.95998411
0.41126695 2.0393034 0.96192129
0.41104848 2.0409039 0.96162555
0.410041 2.0385282 0.96257338
0.41152936 2.037833 0.96308354
0.4148382 2.038416 0.96230041
0.41521566 2.038557 0.96405991
0.41710301 2.0377311 0.96209889
0.41388648 2.0362008 0.95900336
0.41159491 2.037406 0.95850355
0.41281331 2.037324 0.96192282
0.41328924 2.0376825 0.96386629
0 0 0
4.963785 1.6208626 1.6543517
4.963116 1.6233079 1.6521551
4.9624605 1.6241064 1.6532497
4.9587358 1.6253663 1.6499554
4.9608001 1.6267698 1.6524443
4.962361 1.6259913 1.6537721
4.9635183 1.6250002 1.6552282
4.9638003 1.6235821 1.6544585
4.959314 1.6251384 1.6538551
4.9567152 1.624254 1.6515076
4.957559 1.6225598 1.651618
4.9597217 1.6231062 1.6514519
4.9638144 1.6229932 1.6530631
4.9629848 1.6222358 1.6522877
4.9633109 1.6204395 1.6512495
4.9624346 1.6215014 1.6506219
2.1782315 1.653125 6.0934707
2.1782708 1.6533769 6.0925407
2.1777206 1.6519256 6.0884909
2.1771449 1.6515051 6.0906421
2.1782746 1.6516806 6.0920108
4.4268197 1.5636232 2.3549281
4.4260944 1.5656235 2.3532093
4.4309007 1.5689944 2.3527259
4.4300651 1.5718973 2.3519929
4.429324 1.5733735 2.3508545
4.4265202 1.5700942 2.351649
4.42721 1.5709776 2.3492307
4.4294333 1.5704659 2.3491017
4.4321706 1.5700893 2.3490541
4.4308712 1.5666397 2.3490413
4.431355 1.5658788 2.3510131
4.4316925 1.5639954 2.3528255
4.4349288 1.5652049 2.3513967
4.4353655 1.5653548 2.3517717
4.4352057 1.5654172 2.3505375
4.4341348 1.5666098 2.3522625
4.4305209 1.5650221 2.350147
4.4307599 1.5644943 2.3485431
4.4309022 1.5629479 2.3456186
4.429657 1.5636596 2.3451743
4.4287937 1.5659063 2.3478709
4.4249285 1.5697551 2.3487322
4.4266774 1.5696083 2.3484507
4.4275839 1.5690593 2.3479463
4.4295759 1.565945 2.3495139
4.4352044 1.5638298 2.3496303
4.4329056 1.5661999 2.3504907
4.4342106 1.566175 2.351669
4.4298859 1.5660234 2.3532966
0 0 0
1.157161 1.7651589 3.0104179
1.1607469 1.7675768 3.0126354
1.1598278 1.7662304 3.0113724
1.1626387 1.7655882 3.0105774
1.1628103 1.7652123 3.0069087
1.1610908 1.7654461 3.0089269
1.1596534 1.7666526 3.0098676
1.1585018 1.7639784 3.0102589
1.1583657 1.7636834 3.009086
1.1615965 1.7659736 3.0074445
1.1610807 1.7632422 3.0108897
1.159963 1.7636277 3.01144
1.1563507 1.7633946 3.0131557
1.1564277 1.7655451 3.0116459
1.156488 1.7640549 3.0103186
1.1572584 1.7620382 3.0104113
1.3445345 2.0166822 6.0848192
1.3429606 2.0155279 6.0864832
1.3422171 2.0171076 6.0852625
1.3431749 2.0151624 6.0872735
4.5775151 1.5262769 5.7196241
4.5784158 1.5225838 5.7225903
4.5766099 1.5257393 5.7225951
4.5762716 1.5260407 5.7255737
4.5763373 1.5284755 5.7256468
4.5778003 1.5266181 5.7261431
4.5800445 1.5269196 5.7257435
4.5788013 1.524012 5.7245826
4.5778625 1.5241479 5.7241352
4.5779607 1.5223899 5.7227652
4.5768882 1.5226007 5.7226478
4.5789379 1.5235781 5.7218512
4.5793907 1.524893 5.7210784
4.5805825 1.5317071 5.7218014
4.5797924 1.5314902 5.721678
4.5784477 1.5309063 5.7235934
4.5779256 1.5272265 5.7230146
4.5788896 1.5279109 5.720791
4.5789059 1.5279889 5.7222993
4.5778072 1.5274601 5.7191437
4.5762966 1.5264793 5.7265451
4.5771441 1.5265587 5.7236409
4.5772989 1.5297134 5.7278272
4.5773455 1.5298184 5.7254575
0.4189843 2.031306 0.96484467
0.41594066 2.0356862 0.96380531
0.41309014 2.0404174 0.96096618
0.41465051 2.0397691 0.96741986
0.41588541 2.0385952 0.96643814
0.41685595 2.0375266 0.96869276
0.41361669 2.0400692 0.96492811
0.41421876 2.0376294 0.96367901
0.41544653 2.0382019 0.96276111
0.41552111 2.0354373 0.96172514
0.4157817 2.0347118 0.9609269
0.41034586 2.035755 0.95859017
0.41144121 2.035202 0.95798364
0.40998335 2.0372423 0.9594453
0.4151679 2.0369499 0.96451136
0.41303111 2.0394166 0.96311942
0.41539317 2.0384105 0.96351611
0.41494589 2.0387498 0.95978353
0.41542556 2.0363915 0.96137719
0.41277024 2.0373479 0.9610276
0.41182617 2.0404548 0.96089926
0.4112474 2.0404835 0.96299778
0.41065777 2.0410464 0.96233224
0.41002891 2.0388403 0.96333904
0.41033886 2.0393618 0.96275569
0.41296188 2.0381457 0.96191268
0.41356604 2.0381297 0.96176903
0.41633209 2.0371501 0.96094326
0.41492063 2.03618 0.96095904
0.94154362 2.1317521 3.5521879
0.93725364 2.1321259 3.5501612
0.94347416 2.1321891 3.5513818
0.94225977 2.1315429 3.5499441
4.9638173 1.6202428 1.6542288
4.9627402 1.6227944 1.6523137
4.9625886 1.6248353 1.6525115
4.9595325 1.6276978 1.6495471
4.9602858 1.6275343 1.6510213
4.9634827 1.6259359 1.6523535
4.9646801 1.6258843 1.6523278
4.964231 1.6260473 1.6512478
4.9607871 1.6250845 1.6550603
4.9584858 1.624506 1.6533782
4.9586879 1.62527 1.6552666
4.9597843 1.6262954 1.6518356
4.963267 1.6255442 1.6518379
4.9622857 1.6223966 1.6503222
4.9613307 1.6216914 1.6500791
4.9626951 1.6223888 1.6507525
4.9634451 1.625404 1.6535834
0 0 0
2.1805031 1.6538063 6.0907929
0 0 0
4.4253521 1.565966 2.3502679
4.427386 1.5641382 2.3525942
4.4283204 1.5661442 2.3545676
4.4304409 1.568189 2.3529132
4.4292375 1.5693409 2.3524115
4.4288067 1.569879 2.3492068
4.4270573 1.5675839 2.3508185
4.4274518 1.5683465 2.3502564
4.4281516 1.5697412 2.3506844
4.4290558 1.5673365 2.350168
4.4280664 1.5667942 2.3492556
4.4302205 1.5639849 2.3506533
4.4301614 1.5644469 2.3499825
4.4344173 1.5634042 2.3504925
4.4354235 1.5637704 2.3491983
4.4347806 1.5651841 2.3513505
4.4320659 1.5666138 2.3494719
4.4277414 1.5665475 2.3511538
4.4295709 1.5646455 2.3490442
4.4311508 1.565392 2.3494878
4.431458 1.5665197 2.3482626
4.4326273 1.5688923 2.3483632
4.4288169 1.5712508 2.3488163
4.4291445 1.5718653 2.3481349
4.42767 1.5694938 2.348319
4.4275547 1.5671229 2.3479183
4.4317585 1.5653909 2.3471224
4.4320999 1.5653857 2.3481866
4.4341861 1.565851 2.3504365
4.4321224 1.5647796 2.3519456
4.4316984 1.5644495 2.3530286
1.1585666 1.7654947 3.0095812
1.1610885 1.7656688 3.0109393
1.1615125 1.7643683 3.0115929
1.161255 1.7642709 3.0130554
1.1619411 1.7663041 3.0113094
1.1597481 1.7652285 3.0112608
1.158856 1.7647188 3.0104694
1.1565407 1.7622433 3.0084757
1.1572864 1.7640803 3.0088889
1.1603359 1.7648622 3.006694
1.1596212 1.7641907 3.0118446
1.1594773 1.7631227 3.0106438
1.1577078 1.7643318 3.0133498
1.1580023 1.7638433 3.014202
1.1574629 1.7641052 3.0127125
1.1579725 1.7610858 3.0108167
1.3467085 2.0167799 6.0854141
1.3474294 2.0164587 6.0870692
1.3464804 2.0183512 6.0846098
4.5777161 1.527099 5.7217215
4.5772181 1.5265557 5.7196239
4.5753523 1.5242123 5.7225906
4.5743101 1.5269787 5.7217116
4.5744184 1.5269248 5.7259265
4.5777699 1.5287338 5.7263478
4.5761233 1.5287397 5.7258748
4.5790008 1.5274723 5.7237628
4.577129 1.526154 5.7218658
4.5775727 1.5264884 5.7207426
4.5762325 1.5262354 5.7214164
4.5764767 1.5265553 5.7215906
4.5785863 1.5255366 5.7201242
4.58047 1.5249005 5.718708
4.5797863 1.528638 5.7197687
4.5800916 1.5294864 5.7204963
4.5768346 1.5299929 5.7233307
4.5779334 1.5273832 5.7220997
4.5794176 1.5272805 5.7210285
4.5789486 1.5249027 5.7224089
4.5781796 1.5261515 5.7199184
4.5748779 1.5277525 5.7240303
4.574642 1.5278832 5.7223199
4.5749658 1.5312233 5.7259513
4.5760067 1.5311923 5.7262486
0.41760198 2.0355806 0.96454811
0.41535124 2.0386785 0.96136971
0.41296947 2.0407245 0.9581087
0.41480599 2.039134 0.96268118
0.41364189 2.037969 0.96377051
0.41485479 2.0371573 0.9662062
0.41114817 2.0388865 0.96051142
0.41267864 2.0379112 0.96021278
0.41202293 2.0388434 0.9609376
0.41444503 2.037324 0.96209422
0.41459476 2.0369944 0.96172658
0.4100371 2.036968 0.95869622
0.40951562 2.0348845 0.95769917
0.40772546 2.0362226 0.9582778
0.41305848 2.0356651 0.96197025
0.41314858 2.0382274 0.96195936
0.41573198 2.0407402 0.96454825
0.4133779 2.0396577 0.96132604
0.41467083 2.0365143 0.96311762
0.41570969 2.0369117 0.96230819
0.41592043 2.0367595 0.96320291
0.41409464 2.0375969 0.96340377
0.41149566 2.0367046 0.96211885
0.40967777 2.037934 0.96262486
0.41016984 2.0385493 0.96238083
0.41233088 2.0385715 0.96236861
0.41356958 2.0388375 0.96245312
0.4154328 2.0372551 0.96131555
0.93861965 2.1352935 3.5538233
0.94005859 2.1338194 3.5541464
0.93768385 2.1337505 3.5508626
0.94185495 2.1340094 3.5516082
0.94034332 2.1358517 3.5488271
4.9647134 1.6205602 1.6549421
4.9634635 1.6210919 1.6538324
4.9608805 1.6238252 1.6541329
4.9597157 1.6258377 1.6523018
4.9614318 1.6286681 1.6528655
4.967112 1.6267054 1.6546463
4.9673487 1.6266218 1.6557215
4.9673825 1.6245551 1.6564567
4.9650111 1.6250837 1.6578976
4.9615415 1.6223763 1.652804
4.9622677 1.6223981 1.6556077
4.9614734 1.6223878 1.6520882
4.9624375 1.6243695 1.6526619
4.9619993 1.6236499 1.6484653
4.9610135 1.6245218 1.6483329
4.9622265 1.6240946 1.6508268
4.961053 1.6254029 1.6536805
4.9628078 1.624491 1.6533252
0 0 0
4.4285868 1.5643074 2.3501937
4.4289002 1.565702 2.354917
4.4275057 1.5660166 2.3555173
4.4284833 1.5680267 2.3572021
4.4272013 1.5683911 2.3523922
4.4263178 1.5678236 2.3530727
4.4251576 1.5678755 2.3517397
4.4263306 1.568046 2.352674
4.4291844 1.5670349 2.3503222
4.4297473 1.5694915 2.3491032
4.4309379 1.5649819 2.3494551
4.4273812 1.5672089 2.3485283
4.4284993 1.5627937 2.3502524
4.4291289 1.5645942 2.3494374
4.4325288 1.564217 2.3508282
4.4336509 1.564475 2.3495937
4.4336348 1.5655996 2.3515524
4.4333305 1.5655795 2.3498473
4.4301721 1.5676477 2.351869
4.4326278 1.5665247 2.3503252
4.4346198 1.5657573 2.3518185
4.4338654 1.5656375 2.3518692
4.4323362 1.5664469 2.3518252
4.4286458 1.5680374 2.3510823
4.4299089 1.5683316 2.3486881
4.4302009 1.5675016 2.3481762
4.4287371 1.568226 2.346818
4.4327252 1.5675469 2.3485814
4.4327831 1.5659022 2.3492664
4.4332675 1.5675431 2.3532664
4.4306258 1.5629635 2.3538195
4.4284333 1.5637408 2.3534069
4.430793 1.5614221 2.3496343
1.1582568 1.7672228 3.0088379
1.1591746 1.7652801 3.0088486
1.1593827 1.7652019 3.0107075
1.1601371 1.7657949 3.0097637
1.1567886 1.7655828 3.0109149
1.1579689 1.7644954 3.010568
1.1580684 1.7626533 3.0114175
1.1594225 1.765548 3.0112209
1.1607016 1.7661744 3.009851
1.1605146 1.7659226 3.0079262
1.1605639 1.7636969 3.0083599
1.1594565 1.7645465 3.0086623
1.1589134 1.7624243 3.0135555
1.1583329 1.7637379 3.0114481
1.1574006 1.7601758 3.0113406
1.3452107 2.0161626 6.0854516
0 0 0
4.5782491 1.5283999 5.7211619
4.5786201 1.5279723 5.7224336
4.5777711 1.5265184 5.7191477
4.5759572 1.5249678 5.7230468
4.5776292 1.5273522 5.7214157
4.5765071 1.5267258 5.7250974
4.5787679 1.5262143 5.7267328
4.5757318 1.5249705 5.7255747
4.5772031 1.5229295 5.7253515
4.5757888 1.5231699 5.7229202
4.5792254 1.5243509 5.7239601
4.5783472 1.5272113 5.7249425
4.5778437 1.5273116 5.7223013
4.5777276 1.5243295 5.7213516
4.5787832 1.5238967 5.7196046
4.5772174 1.527846 5.7205691
4.5780223 1.5299183 5.7195929
4.5759604 1.5292775 5.7222825
4.5764352 1.5252663 5.7219121
4.5753231 1.524682 5.7214177
4.5743835 1.5240612 5.7223266
4.5766458 1.5267643 5.7229331
4.5756868 1.5281293 5.7238012
4.5771886 1.5286058 5.7243893
4.5788241 1.5315145 5.724714
4.5813872 1.5333772 5.7275316
0.41645997 2.0331261 0.964193
0.41455208 2.0370441 0.96140746
0.41155134 2.0387762 0.95818912
0.41274209 2.0384893 0.9616586
0.41349177 2.0368476 0.96238334
0.41317716 2.0352208 0.96337059
0.40979866 2.0367775 0.95854046
0.41011861 2.034671 0.9600582
0.4104733 2.0369364 0.96053869
0.41285606 2.0366044 0.96265562
0.41367911 2.0365885 0.96059069
0.4116845 2.0362772 0.95821184
0.41078174 2.0363914 0.95864103
0.41024749 2.0391331 0.96133222
0.41254252 2.0401109 0.96376892
0.41353793 2.0424555 0.96469083
0.41522333 2.0426747 0.96343176
0.41513104 2.0399093 0.96252385
0.41477786 2.0379631 0.96291124
0.41526319 2.037559 0.96079914
0.41401673 2.0347738 0.96166216
0.41463166 2.0361134 0.96133092
0.41274493 2.0336648 0.96205305
0.41245337 2.0350131 0.96254199
0.41158741 2.035337 0.96202438
0.41146565 2.0364857 0.96115764
0.41134161 2.0370114 0.96093218
0.9423168 2.1343151 3.5533056
0.94126158 2.1332149 3.5523167
0.94238722 2.1324204 3.5532558
0.94034576 2.1344013 3.5515653
0.94273004 2.1328602 3.5529507
0.94294858 2.1341299 3.551824
4.9666887 1.6233392 1.651402
4.9642293 1.6226826 1.6510868
4.961422 1.6255827 1.6522973
4.962974 1.6247119 1.6516119
4.963884 1.6269456 1.6503984
4.9684418 1.6250011 1.6509359
4.9670924 1.6273963 1.6497296
4.9673628 1.6255847 1.6522439
4.9661353 1.6275445 1.6555196
4.9644137 1.6226651 1.6539867
4.9654384 1.6234561 1.6570746
4.9619639 1.6231233 1.6505073
4.9624953 1.6243034 1.6513972
4.9629279 1.6244591 1.6491347
4.9600318 1.6252304 1.6494302
4.9613155 1.6259373 1.6505737
4.9595478 1.6255061 1.6530507
4.961245 1.6260011 1.6541101
4.9606265 1.6259889 1.654945
4.4257568 1.566253 2.3528343
4.4290239 1.5679975 2.3522803
4.4323957 1.5666316 2.3529472
4.4327264 1.5667963 2.3550981
4.4285803 1.5650942 2.3527854
4.4276647 1.5641642 2.3512651
4.4277806 1.5632361 2.3481351
4.4277114 1.5644997 2.3499314
4.4294898 1.5638061 2.3514916
4.4267089 1.5685095 2.3510274
4.4290229 1.5656989 2.3506494
4.4268427 1.5675066 2.349824
4.4302861 1.5658018 2.3509901
4.430602 1.5664576 2.3482612
4.4331317 1.5654127 2.3491654
4.4340865 1.5640879 2.3493083
4.4320024 1.5658206 2.3495694
4.4323397 1.5657437 2.3501996
4.4299076 1.5669825 2.3511363
4.4331864 1.5651485 2.3519186
4.4342921 1.5656965 2.3537052
4.4348753 1.5668951 2.3535096
4.4325441 1.5685886 2.353985
4.4302293 1.5688804 2.3532582
4.4313714 1.5677779 2.3514887
4.4317863 1.5653485 2.350357
4.4307521 1.5657441 2.3490847
4.4301382 1.5663206 2.348772
4.4312478 1.5663138 2.347558
4.4302637 1.5680187 2.3495275
4.4304035 1.5657189 2.3502715
4.429247 1.567039 2.3509152
4.4331031 1.563987 2.3500873
4.4331142 1.5647922 2.3510446
1.1596757 1.7620339 3.0092301
1.1582182 1.7658639 3.011058
1.1575019 1.7633811 3.0104228
1.1563611 1.7645841 3.0127482
1.1582468 1.7616479 3.0109265
1.1595646 1.7610085 3.0134161
1.1595166 1.7629687 3.0118424
0 0 0
0 0 0
1.1612124 1.7632555 3.0073267
1.1626553 1.7641003 3.0051913
1.1625562 1.7611993 3.0133421
1.1606834 1.7638795 3.0094398
1.1578045 1.7619202 3.0117033
4.5779529 1.5290036 5.7207857
4.5784205 1.5295894 5.7224709
4.5771683 1.5277393 5.7219694
4.5789515 1.5266505 5.7235474
4.5771959 1.5261802 5.7200926
4.5736805 1.5236236 5.7220716
4.5754167 1.5269112 5.7202305
4.5756894 1.5249967 5.7228898
4.5796783 1.5251449 5.7258013
4.5764802 1.5245312 5.7241567
4.5760112 1.5255334 5.723869
4.575198 1.5276697 5.7209444
4.5786581 1.5288272 5.723269
4.5779441 1.5285934 5.7251508
4.5775792 1.5278727 5.7227456
4.5760618 1.5256256 5.7231514
4.5779431 1.5259261 5.7188186
4.5779914 1.5262528 5.7212292
4.5796972 1.5283517 5.720541
4.5773846 1.5273936 5.7223257
4.5771425 1.5264069 5.7217643
4.5756966 1.5243404 5.7206987
4.5738257 1.5231836 5.7195911
4.5769178 1.5249526 5.7215236
4.5781753 1.5257595 5.7206849
4.5800077 1.5248104 5.7217382
4.5782801 1.5254744 5.7210953
4.5779079 1.5273185 5.7231237
0.41404263 2.038156 0.96254195
0.41467002 2.0412031 0.96278475
0.41367767 2.0410968 0.95928886
0.41495748 2.0381416 0.96087574
0.41306376 2.0365657 0.95932694
0.41357151 2.0359002 0.96164451
0.4114413 2.0384223 0.95842123
0.40838276 2.0363534 0.95813635
0.40939797 2.0383183 0.95728165
0.41137422 2.036586 0.96073787
0.41172504 2.03726 0.96010342
0.41185011 2.03679 0.9606784
0.41045238 2.036593 0.961882
0.41099224 2.037617 0.96360299
0.41182471 2.038291 0.96302232
0.4128053 2.0398958 0.96315797
0.41307879 2.0400834 0.96085913
0.41251703 2.0388904 0.96159157
0.41374173 2.0355166 0.96099222
0.41563783 2.0365989 0.96022316
0.41470164 2.03511 0.96180998
0.41329865 2.0349115 0.95937943
0.41283559 2.0325062 0.96112877
0.41387415 2.0351084 0.96197607
0.41242608 2.036228 0.96337381
0.41243203 2.0368994 0.96353755
0.94416299 2.1355336 3.5535373
0.94226575 2.1367527 3.5553494
0.94123681 2.1362153 3.5553753
0.94198021 2.1356352 3.5536725
0.94092675 2.1361618 3.5525176
0.94100941 2.1346513 3.5521907
0.9401304 2.1364078 3.5527846
4.966429 1.6241677 1.6501263
4.963965 1.6239012 1.6497342
4.9621723 1.625636 1.6520295
4.9644153 1.6237296 1.6551213
4.964645 1.6254466 1.6557294
4.9672737 1.6255173 1.6568011
4.9624924 1.628133 1.6548819
4.964502 1.6269029 1.6566445
4.9666536 1.627348 1.656513
4.9666411 1.6229599 1.6535325
4.9648906 1.6244112 1.6532855
4.9620317 1.6229707 1.6509736
4.9610953 1.6261193 1.6518499
4.9611806 1.6272286 1.6503979
4.9580508 1.6276174 1.6515317
4.960028 1.6268085 1.6535614
4.9581413 1.6258227 1.6541143
4.961136 1.6273992 1.6548807
4.9616597 1.6260105 1.6541595
4.4299272 1.5677284 2.354762
4.4311971 1.5683296 2.3535613
4.4333961 1.566574 2.3524368
4.432374 1.5659583 2.3519658
4.430309 1.5644471 2.3501306
4.4282494 1.5651265 2.3494635
4.4273938 1.5637259 2.3477696
4.4278805 1.5660702 2.3490917
4.4303564 1.5639618 2.3494529
4.4296695 1.5672699 2.3503489
4.431107 1.5643208 2.3511027
4.4279195 1.5686825 2.3505202
4.4308957 1.5675307 2.3527574
4.4320922 1.5657704 2.3486124
4.4333631 1.5658932 2.3479161
4.4329397 1.565697 2.3472011
4.4314708 1.566073 2.3489343
4.432342 1.5648035 2.3503478
4.4308944 1.5657207 2.3500335
4.4331962 1.562723 2.3510762
4.4341144 1.563554 2.35256
4.4344236 1.5647537 2.3536298
4.4298713 1.5673242 2.3543774
4.4273819 1.5683562 2.3520892
4.4290801 1.5666431 2.3514266
4.4315127 1.565183 2.3502472
4.4320579 1.5645405 2.3502394
4.4306077 1.5645641 2.34997
4.4314448 1.5657048 2.3497935
4.4300161 1.5650419 2.3507084
4.4312678 1.5647543 2.3511317
4.429962 1.5661151 2.3510737
4.4329779 1.5652276 2.350156
4.432717 1.5667965 2.3510037
4.4341103 1.564695 2.3493147
4.4309021 1.5674073 2.3523618
4.4297892 1.5679887 2.3496703
4.4288116 1.5686069 2.3503488
4.4301598 1.56657 2.349889
4.4291391 1.5648645 2.3504491
4.4304061 1.5653772 2.3507364
4.4288211 1.5650278 2.3509434
4.4307198 1.5652178 2.34595
4.4286451 1.5656203 2.34906
4.4279005 1.5651686 2.3491355
4.430001 1.5674127 2.3501364
4.4291177 1.5667198 2.3513547
4.4317801 1.5684831 2.3499999
4.5785787 1.5288878 5.7207355
4.5789657 1.5293908 5.7221417
4.5782409 1.5289181 5.7229082
4.5796855 1.5274526 5.7245768
4.5767706 1.5266327 5.7226622
4.5742261 1.5239369 5.7228735
4.5758768 1.5266944 5.7200331
4.5772715 1.5244988 5.7217118
4.5808049 1.5251232 5.7216558
4.5779726 1.5235444 5.7214924
4.5765411 1.5242125 5.7219064
4.5742982 1.5268085 5.7224128
4.5761745 1.5288181 5.7248901
4.5802905 1.5299367 5.7251447
4.5798257 1.528726 5.7228282
4.5770717 1.5262867 5.7251726
4.5765469 1.5275322 5.7238115
4.5750353 1.5263868 5.723354
4.5795042 1.5291099 5.7207577
4.5782366 1.527875 5.7217955
4.5790097 1.5271604 5.7231248
4.5767403 1.5256742 5.7242468
4.5768391 1.5264593 5.7230963
4.5783508 1.5281355 5.7229449
4.5791439 1.526761 5.7231692
4.5787752 1.5254929 5.723942
4.578613 1.5228854 5.7231531
4.5784856 1.5244063 5.7239778
0.413461 2.0377624 0.96427216
0.41466427 2.0385474 0.96429468
0.41177787 2.0398463 0.95998443
0.41437091 2.0367642 0.96117562
0.41301816 2.0352045 0.95943117
0.41181154 2.0347041 0.96106344
0.4108185 2.0371738 0.95743916
0.40900793 2.0356418 0.95881419
0.41266829 2.0371314 0.95995396
0.41259017 2.0363458 0.96181886
0.41388441 2.0388488 0.96192588
0.411658 2.0385513 0.9611026
0.41075493 2.0392049 0.96351837
0.40979048 2.0407267 0.96344299
0.41062406 2.0409729 0.96387025
0.40938478 2.0415163 0.96188598
0.40959828 2.0399225 0.96063341
0.41131057 2.0388358 0.96143668
0.41321671 2.0380776 0.96119545
0.41327363 2.0363009 0.96077494
0.41492892 2.0354182 0.96215505
0.41363151 2.0340979 0.96361705
0.4141148 2.0352864 0.96473965
0.41417793 2.0345151 0.96242385
0.41264716 2.0356475 0.96224306
0.9464941 2.1362615 3.555913
0.94355575 2.1334205 3.553498
0.94363 2.1344441 3.5539477
0.94325848 2.1335348 3.553397
0.94330465 2.134398 3.5511324
0.94214167 2.1347092 3.5520604
0.94252635 2.1324043 3.5518621
0.94389057 2.1329149 3.5545081
0 0 0
4.9624464 1.6252417 1.6516833
4.9624535 1.6262529 1.652167
4.965361 1.6249954 1.6559096
4.9639418 1.6253608 1.656286
4.9622517 1.6252698 1.657626
4.9600001 1.6265333 1.6552251
4.9629138 1.6244041 1.6567731
4.9632326 1.6269015 1.6554592
4.9648204 1.6238046 1.6551321
4.9647399 1.6266543 1.6527206
4.9641492 1.6253477 1.6514005
4.9639697 1.626684 1.6524596
4.9627938 1.6250636 1.6521814
4.9605845 1.626467 1.6520457
4.9612373 1.6274804 1.6517519
4.9603131 1.6266808 1.652177
4.9619164 1.6287158 1.6544252
4.9621593 1.6270973 1.6532861
4.9615693 1.6294397 1.6537184
4.4285091 1.5725529 2.3530262
4.4327357 1.5704002 2.3502788
4.4335667 1.5664263 2.350197
4.4324887 1.5643002 2.3494466
4.4303048 1.5652512 2.3511738
4.4289301 1.5650889 2.3488455
4.428464 1.5647973 2.3509504
4.4290775 1.5626388 2.3488505
4.4274271 1.5672025 2.3504872
4.4302578 1.5675051 2.3504802
4.4291528 1.5712623 2.3517789
4.432797 1.569664 2.3524026
4.4321031 1.5694855 2.3482984
4.4331168 1.5665851 2.349413
4.43201 1.5655558 2.3481141
4.4309951 1.566773 2.3511843
4.4291815 1.5658205 2.3502889
4.4292859 1.5661104 2.3500805
4.4288704 1.563164 2.3472351
4.431828 1.5656387 2.3478678
4.4308081 1.5657826 2.3490944
4.4296696 1.5683349 2.3525324
4.428446 1.5688844 2.3519953
4.4298254 1.5665712 2.3534448
4.4302873 1.5653287 2.3513389
4.431916 1.5642646 2.3521159
4.4310207 1.5633425 2.3507581
4.4314729 1.563911 2.3484727
4.4333842 1.5639909 2.3485419
4.4336998 1.5645049 2.3485811
4.4330489 1.5675751 2.3508027
4.4338391 1.5683577 2.351021
0.26125607 0.61383984 0.60747635
0.25747291 0.61435148 0.60787105
0.25934955 0.61707918 0.6067709
0.25286642 0.61813921 0.61164023
0.25561895 0.61694165 0.61034259
0.25349708 0.61843025 0.60922959
0.2490065 0.61481147 0.61304863
0.25607899 0.61237975 0.60407894
0.25314376 0.61180908 0.60960157
0.25880109 0.61259603 0.60463771
0.25457785 0.61508508 0.61095706
0.26053883 0.61586508 0.60365274
0.26471037 0.61621444 0.59603499
0.26476109 0.61556788 0.59904174
0.26033581 0.61546471 0.60274688
4.5759347 1.5249511 5.7241363
4.5758704 1.5265847 5.7238259
4.5763469 1.5270309 5.7241359
4.5756425 1.5282493 5.7255011
4.5736847 1.5268845 5.7234635
4.5739543 1.5243523 5.7243943
4.5747955 1.5248266 5.7205126
4.5754915 1.5249965 5.7219623
4.5781188 1.5266172 5.7202819
4.5765925 1.5243786 5.7208861
4.5780595 1.5260614 5.7208431
4.5772898 1.5286735 5.721148
4.5768334 1.529309 5.7245676
4.5794251 1.5302771 5.7236237
4.5778455 1.5287314 5.7246051
4.5763819 1.5265026 5.7229131
4.5757879 1.5275074 5.7257247
4.5742256 1.5242786 5.72559
4.5799391 1.5273491 5.7240881
4.5766568 1.526386 5.722947
4.5790963 1.5286416 5.7248513
4.5761544 1.5277025 5.7232245
4.5784668 1.5266599 5.7218106
4.5782641 1.5273657 5.7204195
4.5803089 1.5239682 5.7224047
4.5794734 1.5243651 5.7228016
4.5789447 1.5205026 5.7223508
4.5772665 1.5224315 5.7204617
2.6861158 1.090308 0.68363341
2.6888793 1.0901178 0.67930661
2.6847038 1.0903776 0.68101745
2.6886461 1.0898484 0.67899798
2.6854385 1.0924138 0.68073289
2.68794 1.0927858 0.68062351
2.6905152 1.0942808 0.67756751
0 0 0
0.41281441 2.0371348 0.96033072
0.41301227 2.036278 0.9615637
0.41422105 2.0387917 0.96299597
0.41066884 2.0381383 0.96158457
0.4125716 2.0379384 0.96307474
0.4111815 2.0402617 0.96029619
0.41434305 2.0393877 0.9631726
0.4130488 2.0410179 0.96134163
0.41191723 2.0386383 0.96320506
0.41347274 2.0370378 0.96288951
0.41351728 2.0385181 0.95961297
0.41413518 2.0358175 0.96108266
0.41469382 2.0376151 0.96270374
0.4140783 2.034779 0.96492235
0.41597691 2.0364845 0.96639709
0.41417727 2.0357159 0.96287761
0.94620119 2.1325737 3.5525482
0.9479944 2.1356795 3.5536668
0.94698071 2.1339416 3.5519493
0.94767108 2.1352467 3.5547047
0.94449703 2.134081 3.551527
0.9429852 2.1346834 3.5494716
0.94235608 2.1358555 3.549571
0.94078774 2.1342816 3.5502965
0.94319891 2.1346803 3.5532818
4.9580718 1.6273048 1.6529959
4.9605511 1.6281301 1.6514151
4.9632448 1.6274913 1.6499313
4.9655134 1.6278515 1.6523359
4.9660902 1.626264 1.6560561
4.9635345 1.6254707 1.6597301
4.9610463 1.6276458 1.6598074
4.9640661 1.6253536 1.6585635
4.9631517 1.6260533 1.6543115
4.9634661 1.6234618 1.6526617
4.9623377 1.6255435 1.6527001
4.9634883 1.6269608 1.6523444
4.9649504 1.6281867 1.6520617
4.9641678 1.6277307 1.6521998
4.9625718 1.6270694 1.6532698
4.9632859 1.6278169 1.6559936
4.962912 1.6277261 1.6554595
4.9635765 1.627814 1.6560366
4.9620482 1.6275287 1.6534762
4.9630173 1.6269136 1.6533788
4.4293784 1.5728652 2.3514877
4.4293627 1.5713504 2.3505031
4.4298369 1.5688977 2.3505799
4.4312413 1.5679952 2.3495248
4.4295967 1.5666528 2.3524171
4.4286653 1.5672457 2.350339
4.42625 1.5643846 2.352038
4.427994 1.5634938 2.3481324
4.4277741 1.5645434 2.3517391
4.4318988 1.5668298 2.3496522
4.4306887 1.5707665 2.3514973
4.4321742 1.5702113 2.3491569
4.4314962 1.5673807 2.3489429
4.4309726 1.5675713 2.3484447
4.4297859 1.5658656 2.349879
4.4297083 1.5674108 2.3523765
4.4300923 1.5646222 2.3505925
4.4309988 1.5649078 2.35098
4.4272582 1.5629046 2.3498275
4.4287139 1.5643784 2.3509911
4.4288655 1.563997 2.3512786
4.4310534 1.5657407 2.3509921
4.4289523 1.5650112 2.3505846
4.4287293 1.5679148 2.350733
4.429404 1.5668677 2.3528518
4.4301576 1.5670223 2.3529434
4.4316049 1.5649443 2.3504027
4.4325003 1.5644238 2.3466046
4.4346747 1.5647697 2.3483618
4.4341548 1.5632348 2.3484667
0 0 0
0.25973869 0.61719697 0.60610673
0.25991367 0.61725769 0.60695406
0.25832368 0.61573026 0.60734538
0.26167313 0.61646248 0.60672537
0.25918889 0.61840242 0.60577924
0.25909073 0.61896916 0.60662198
0.2582681 0.61787958 0.60569102
0.25223685 0.61600584 0.61014996
0.25580183 0.61389505 0.606216
0.25531987 0.6139164 0.60627017
0.26042421 0.61296236 0.60326822
0.25698737 0.61370403 0.60723925
0.25962565 0.61369411 0.60524379
0.2631609 0.61515439 0.59985642
0.26255817 0.61513545 0.6021359
0.2603074 0.61475272 0.60482622
4.5739536 1.524849 5.7210573
4.573675 1.526736 5.7227698
4.5753997 1.5290183 5.7254203
4.5742092 1.5303055 5.7282387
4.5745889 1.5286804 5.7255146
4.5726982 1.5270082 5.7258332
4.5744947 1.5265845 5.7211595
4.574616 1.5257199 5.7210373
4.5779536 1.5274532 5.7191516
4.5768693 1.5252669 5.7181999
4.5802207 1.5242332 5.7224059
4.5770252 1.5241997 5.7216622
4.5773887 1.5251563 5.726403
4.5788341 1.5279938 5.7238642
4.5769648 1.5282045 5.7280153
4.5754646 1.5271247 5.7251316
4.5751286 1.5246268 5.7271286
4.5749049 1.5232486 5.724218
4.577351 1.5261832 5.7250605
4.5750715 1.5275269 5.7238841
4.5788392 1.5269218 5.7273956
4.5767985 1.5274372 5.7263371
4.5799426 1.5286414 5.7253015
4.5771286 1.5311611 5.7227509
4.5784244 1.5277611 5.725088
4.5764215 1.5274691 5.724898
4.5795094 1.5256077 5.7248985
4.5803206 1.5264436 5.7227706
2.6889444 1.0891843 0.68206029
2.6918311 1.0891255 0.68006074
2.6897351 1.0897897 0.67953994
2.6915623 1.0913096 0.67996367
2.689167 1.0933381 0.68285464
2.6909659 1.0945179 0.68122355
2.6932082 1.0935976 0.6785421
2.6899065 1.0916087 0.68214233
0 0 0
0.41367353 2.0375501 0.96379046
0.41611312 2.0395419 0.96427996
0.41282514 2.0401894 0.96477255
0.41310845 2.0387814 0.96372376
0.40946043 2.0408904 0.96175901
0.41333595 2.039125 0.96303251
0.41346484 2.0402719 0.96215362
0.4123559 2.0401587 0.96317519
0.41341457 2.0389948 0.96320941
0.41043918 2.0409002 0.95986128
0.41372151 2.0357096 0.96060482
0.41454905 2.0369041 0.9630888
0.4149923 2.0336963 0.96567778
0.41599519 2.0357479 0.96767533
0.94650536 2.1337409 3.5557722
0.94824118 2.1336757 3.5544952
0.94825333 2.1345757 3.5552516
0.94646125 2.1308054 3.5523012
0.94802032 2.1326465 3.5552762
0.94704972 2.1336156 3.5534013
0.9450908 2.1337655 3.55416
0.94243516 2.1338625 3.5502997
0.94264866 2.1322848 3.5518949
0 0 0
4.9604584 1.6272609 1.6548603
4.9612508 1.6289945 1.6537246
4.9623165 1.6268913 1.6526395
4.963477 1.6253979 1.6542247
4.9623436 1.6253672 1.6555756
4.9623659 1.6250355 1.6575602
4.9626481 1.6256943 1.6576512
4.9640123 1.6245545 1.6551406
4.9620751 1.6246243 1.6544696
4.9617756 1.6233234 1.6515291
4.9627964 1.62239 1.6546461
4.9634142 1.6247113 1.6526451
4.9667433 1.6237597 1.6528803
4.9663648 1.624682 1.6503156
4.9664521 1.6240976 1.6526671
4.9656057 1.6260272 1.654955
4.9640253 1.6259539 1.6532371
4.965841 1.6237001 1.6539111
4.962266 1.6243048 1.6538766
4.9620347 1.623882 1.6559034
0 0 0
4.4274547 1.571692 2.3526185
4.4288865 1.5697012 2.3488892
4.4292298 1.5687207 2.3489132
4.4282634 1.5689237 2.3515445
4.4288604 1.5698792 2.3522592
4.4257799 1.5653308 2.3529063
4.4288423 1.5671433 2.3491528
4.4271607 1.5662696 2.3512552
4.4305384 1.5706749 2.34966
4.4304392 1.5716101 2.3537818
4.4315318 1.5728419 2.351306
4.4308249 1.5700774 2.3518895
4.4314417 1.5692276 2.3508687
4.4313414 1.5667096 2.3522395
4.4322017 1.5669765 2.3525365
4.4301367 1.5660239 2.3499775
4.4297858 1.5640504 2.3502754
4.4265029 1.5660324 2.3503441
4.4286414 1.5632777 2.3521825
4.4282877 1.5634971 2.3519246
4.432376 1.5655437 2.3511446
4.4301556 1.5652314 2.3513569
4.4278123 1.5690306 2.3506374
4.4289804 1.5652955 2.3522918
4.4285421 1.566512 2.3507152
4.4316214 1.5644972 2.3504582
4.4306688 1.5645327 2.3471277
4.4329459 1.5660287 2.3480433
0 0 0
0.26256679 0.61487573 0.6083657
0.25747916 0.61572991 0.61201066
0.25811406 0.61753225 0.60933087
0.25633143 0.61726835 0.60780412
0.25965347 0.61608634 0.6061568
0.26162275 0.61647723 0.60173743
0.25932325 0.61514787 0.6041996
0.26116063 0.61336646 0.60446678
0.25677367 0.61190123 0.60936263
0.25869363 0.61223287 0.60887277
0.2609578 0.61419771 0.60397544
0.26016351 0.61396452 0.60700754
0.2598482 0.61408982 0.60580386
0.2578046 0.61384165 0.60765268
0.25772299 0.61395067 0.60609993
0.25955252 0.61436347 0.60835839
0.25866057 0.61418396 0.61036714
4.5732201 1.525655 5.7226368
4.5733978 1.5239624 5.7238392
4.5762717 1.526978 5.7242781
4.5736941 1.5279852 5.7254209
4.576042 1.5328114 5.7215902
4.5741278 1.5291902 5.7229948
4.5789695 1.5274058 5.7207124
4.5752839 1.524024 5.7199038
4.5766266 1.5251338 5.7207289
4.576066 1.5233191 5.7195969
4.5804253 1.5246693 5.7236127
4.5790196 1.5233607 5.7228465
4.578305 1.5248526 5.7279527
4.5748963 1.5265206 5.7259069
4.5751556 1.5266345 5.7264333
4.5741651 1.5272477 5.7235255
4.5749322 1.5264986 5.7241501
4.5747982 1.5268741 5.7239867
4.5773181 1.5255609 5.7249019
4.5754574 1.5277741 5.7244878
4.5758019 1.5265306 5.7259489
4.5755 1.5279493 5.7249831
4.5789089 1.5269186 5.7228348
4.5775745 1.5267542 5.7216218
4.5804513 1.5270003 5.7225405
4.5779504 1.5261645 5.7252686
4.5795814 1.5269775 5.723295
4.5801912 1.5273031 5.7200578
2.6932528 1.0854627 0.67819426
2.694665 1.0866636 0.67728913
2.6924956 1.0893454 0.67786991
2.6936491 1.0927863 0.68021052
2.6947195 1.0926259 0.67977867
2.6947024 1.0942363 0.68028105
2.6953598 1.0929314 0.67853336
2.6891697 1.0928505 0.68190632
2.6897015 1.09278 0.68035236
2.6877653 1.0915793 0.68318822
0.41630291 2.0365321 0.96174807
0.41422499 2.0366325 0.96272721
0.41423238 2.0355713 0.95933109
0.41218528 2.0387538 0.96204565
0.41432376 2.0388266 0.96189042
0.41572743 2.0402826 0.96382029
0.41460313 2.0403229 0.9636734
0.41586701 2.0395205 0.96211828
0.41186752 2.041853 0.96098921
0.41241174 2.0371193 0.95990897
0.41245535 2.0382722 0.96128811
0.41575323 2.0355114 0.96399864
0.94352824 2.1340189 3.5529486
0.94547043 2.1329134 3.5544675
0.94715142 2.132559 3.5518887
0.94773696 2.1332981 3.5535324
0.94791241 2.1321774 3.5535297
0.9487193 2.1338783 3.5538209
0.9460636 2.1333084 3.5510775
0.94499434 2.1334679 3.5517918
0.94146472 2.1336815 3.548156
0.94141991 2.1327698 3.5497762
0 0 0
4.9611418 1.6269803 1.6511726
4.9629605 1.6269889 1.6520383
4.9642709 1.6271139 1.6521938
4.9659211 1.6260335 1.6529122
4.9637722 1.6250695 1.6532706
4.9646091 1.6254688 1.6555912
4.9646883 1.625415 1.65624
4.9648801 1.6246568 1.6511022
4.9636735 1.6230396 1.6498694
4.9618169 1.6216844 1.6481172
4.9633322 1.6216954 1.6544304
4.9641771 1.6234875 1.652433
4.9686659 1.6249204 1.6532832
4.9658222 1.6258053 1.6499934
4.9665806 1.6259289 1.6538937
4.9644139 1.6260375 1.654731
4.9646307 1.6265147 1.6555052
4.964965 1.6249041 1.6555858
4.9646537 1.6254726 1.6554568
4.9657324 1.6252473 1.6583574
4.9646592 1.6266698 1.655967
4.9643797 1.6258939 1.6549579
4.4277553 1.5696173 2.3494486
4.4277792 1.5685002 2.3493783
4.4280602 1.5683703 2.34842
4.4275117 1.5695511 2.348445
4.424416 1.5677834 2.3519784
4.4256788 1.5693093 2.349549
4.4259492 1.5674663 2.3529313
4.430811 1.569763 2.3505925
4.4316253 1.5693001 2.3526046
4.4297405 1.5681403 2.3512983
4.4274376 1.5688619 2.3507668
4.4297664 1.5667189 2.3507612
4.428926 1.5678146 2.3506189
4.4313535 1.5646721 2.3509027
4.4307534 1.567179 2.3508778
4.4322815 1.563658 2.3547375
4.4303107 1.5664718 2.3563586
4.4304147 1.5627119 2.3557453
4.4292885 1.5642422 2.3532858
4.432464 1.5650992 2.3507675
4.4309315 1.5661029 2.3504808
4.4276387 1.5708148 2.3502379
4.4280467 1.5681126 2.3506299
4.4238555 1.5682933 2.3498833
4.430348 1.5654145 2.3496347
4.4304452 1.5654351 2.3475493
0.26114919 0.61446283 0.60366698
0.26274486 0.61391648 0.60379662
0.26177029 0.61546688 0.60628376
0.25810019 0.61516135 0.60904461
0.25675194 0.61688162 0.60945246
0.25600547 0.61660988 0.60976958
0.25776544 0.61680681 0.60759939
0.26287171 0.61784615 0.60523536
0.26261299 0.61612188 0.60275454
0.26286803 0.61528762 0.60520301
0.25772445 0.61304083 0.60860049
0.25563139 0.61386528 0.61264191
0.26290007 0.61427698 0.60399915
0.26272493 0.61509956 0.60453043
0.26586022 0.61479866 0.60045713
0.26290981 0.61629109 0.60327846
0.26432231 0.61609983 0.60084689
0.26788812 0.61576593 0.60032335
0.26509572 0.61478829 0.60307028
4.5755278 1.5286423 5.723482
4.5744797 1.5250734 5.7247189
4.5761945 1.5285656 5.7234018
4.5753627 1.5272958 5.725368
4.5785358 1.5347508 5.7222467
4.5760811 1.5313311 5.7215257
4.5803459 1.5297723 5.7196312
4.5765277 1.5245335 5.7187364
4.5768419 1.5248809 5.7222928
4.5777678 1.5233891 5.7222664
4.5795965 1.5251847 5.7255207
4.5809076 1.5254146 5.7237382
4.5806639 1.5262461 5.7243558
4.5772875 1.5262522 5.7256904
4.5761378 1.5248429 5.7279588
4.5743319 1.5263963 5.7257549
4.5782821 1.5258072 5.7246441
4.5787679 1.5279268 5.7231643
4.577451 1.5281717 5.7234407
4.5744758 1.5286176 5.7254687
4.5759596 1.5259537 5.726829
4.5770804 1.5259045 5.7256864
4.5791949 1.5268676 5.7225635
4.5795078 1.5281154 5.7242007
4.5791647 1.5290134 5.723033
4.5791814 1.5292849 5.7256083
4.5791073 1.5303325 5.7215259
4.5783942 1.5285882 5.723601
0 0 0
2.6936215 1.0866814 0.67831211
2.69345 1.0872844 0.67719043
2.6932858 1.0899757 0.68190337
2.6927581 1.0924411 0.68263261
2.6943285 1.0939376 0.68111178
2.6949606 1.0918106 0.67779654
2.690113 1.0910641 0.68062871
2.6921051 1.0891739 0.67901544
2.6904863 1.0904781 0.68229881
2.6962431 1.0900457 0.67700086
0.41447696 2.0371502 0.96386824
0.41467219 2.036197 0.95848603
0.41154682 2.0363635 0.9591618
0.41143853 2.0353437 0.95878655
0.41151881 2.0364973 0.96056667
0.41378952 2.0381192 0.96424643
0.41453784 2.0385633 0.96369743
0.41396719 2.0412174 0.9655892
0.41291269 2.0354768 0.96300135
0.41103786 2.0382826 0.96069637
0.94226949 2.1320566 3.5569334
0.94247372 2.132536 3.5541948
0.94623236 2.1325461 3.5566849
0.94760756 2.1337652 3.5538635
0.94724413 2.1346956 3.5524207
0.94144296 2.133676 3.550948
0.9445639 2.1337409 3.5523493
0.94544363 2.1324661 3.5552241
0.94647291 2.1328675 3.5543589
0.94230806 2.1312488 3.5527656
0.94319641 2.1338105 3.5537078
0.94093285 2.1354919 3.5502779
4.965211 1.6259485 1.6514046
4.9659213 1.6256192 1.6537513
4.9630217 1.623333 1.6555743
4.961027 1.6205365 1.6559167
4.9582598 1.6224255 1.6530422
4.9608196 1.6250935 1.6511839
4.9631886 1.6249727 1.6503212
4.9623176 1.6243216 1.6486862
4.9624249 1.6238257 1.6508154
4.9618775 1.6223282 1.6501801
4.9640909 1.6228746 1.6552378
4.9639912 1.6226789 1.6536464
4.9669351 1.6260478 1.653878
4.965226 1.6275111 1.6501578
4.9676423 1.6263671 1.6524062
4.9636808 1.6265552 1.6513246
4.9645313 1.625393 1.6537008
4.9642556 1.6249085 1.6541962
4.964448 1.6241135 1.6555281
4.9644402 1.6224461 1.6550148
4.9646364 1.6217058 1.6527302
4.965564 1.6226181 1.6529769
4.4315692 1.5691321 2.3497794
4.4305853 1.5700415 2.348609
4.4293604 1.568639 2.3474219
4.4278384 1.5697437 2.347442
4.4267425 1.5691247 2.3512049
4.4275057 1.5712959 2.3498738
4.4278772 1.5684972 2.3513235
4.4314574 1.5657531 2.3500439
4.4311564 1.5654869 2.35189
4.4324477 1.5658359 2.3541806
4.4302294 1.5690471 2.3528272
4.4329104 1.5661968 2.3528142
4.4300787 1.5684263 2.3489361
4.4315999 1.5645662 2.349015
4.4295292 1.5679172 2.3484611
4.4307482 1.5656142 2.3525299
4.4292858 1.5658131 2.3549434
4.4308447 1.5634203 2.3540005
4.4310624 1.5643873 2.350949
4.4334424 1.5678897 2.3484345
4.431427 1.5669585 2.3470504
4.4292354 1.5693052 2.3496539
4.4283004 1.5676121 2.3493197
4.425939 1.5685315 2.3501417
4.4293652 1.5665774 2.3479426
4.4273159 1.5662405 2.3481308
0.26278802 0.61452153 0.60285263
0.26100898 0.61382262 0.60420519
0.25963042 0.61296077 0.60900178
0.25770025 0.61353809 0.60994936
0.25632735 0.61556515 0.61045708
0.25563359 0.61678077 0.61104207
0.25475415 0.61833974 0.60931721
0.25769424 0.61718924 0.61039898
0.26178978 0.6151973 0.60412168
0.26295869 0.61429808 0.60679283
0.26131465 0.61180463 0.6073046
0.25976328 0.61348223 0.61075109
0.26253927 0.61355654 0.60666036
0.26246008 0.61460505 0.60739982
0.26508041 0.61552217 0.60343396
0.2651613 0.61667217 0.60365549
0.26547729 0.61712407 0.60196505
0.26832176 0.61668946 0.60142588
0.26497601 0.61604572 0.60444733
4.5771758 1.5296524 5.7260319
4.5775628 1.5255164 5.7253555
4.5778244 1.5279619 5.7224755
4.5790334 1.5260692 5.7237777
4.5825215 1.5328991 5.7206919
4.5804748 1.5291216 5.7182914
4.5822939 1.5294135 5.717126
4.5790477 1.5238733 5.7190285
4.5777267 1.5240841 5.7252063
4.5788425 1.5251202 5.7241125
4.5781271 1.5272092 5.7228944
4.5796057 1.5283121 5.7209995
4.5770619 1.5277294 5.7214079
4.5759353 1.5279084 5.723267
4.5767526 1.52517 5.7237392
4.5776999 1.5271897 5.7226579
4.576625 1.5266792 5.7216668
4.5758679 1.5271697 5.7200538
4.576174 1.5273647 5.7195262
4.5745068 1.5258707 5.7224494
4.5770178 1.5263304 5.7217984
4.5779248 1.525323 5.7236198
4.5793894 1.5261508 5.7222441
4.5807895 1.5263631 5.7245669
4.5791483 1.5269225 5.7231159
4.5778767 1.53011 5.7279917
4.5782793 1.5284511 5.7257776
4.5790675 1.5282981 5.7269885
2.6902352 1.0875552 0.67787137
2.6905671 1.0883029 0.68073138
2.6903506 1.0903722 0.68148391
2.69108 1.0907011 0.68539673
2.6920252 1.091087 0.68367846
2.6921718 1.0919605 0.68180785
2.6935855 1.0904182 0.67920015
2.691035 1.0932725 0.67929375
2.6934519 1.0919665 0.67637563
2.6900891 1.0934462 0.68001141
2.6952814 1.0925134 0.67553399
2.6938833 1.094672 0.68025434
0 0 0
0.41203091 2.0352412 0.95301447
0.41232178 2.034581 0.95736472
0.40794882 2.0348425 0.95759164
0.4138212 2.0369233 0.96600596
0.41415623 2.0361774 0.96475748
0.41702617 2.0396044 0.96806015
0.94432379 2.1333377 3.55435
0.9437789 2.1311857 3.5499943
0.94316714 2.1322596 3.5514373
0.94391424 2.1325258 3.5521033
0.94780313 2.1341806 3.554792
0.94728838 2.1332118 3.5554155
0.94814771 2.1340325 3.5554013
0.94318903 2.1341575 3.5542041
0.94316882 2.1357036 3.5495451
0.94286809 2.135928 3.5501776
0.94473013 2.1363122 3.5506461
0.94299192 2.134476 3.5504646
0.94483422 2.1357011 3.5516359
0.94314855 2.1356218 3.5516539
0.94842049 2.1383791 3.5543679
4.96495 1.6240774 1.6538457
4.9620841 1.6241541 1.654522
4.9623234 1.6231101 1.651681
4.9615199 1.6240091 1.6486891
4.9617775 1.624552 1.6480287
4.9627584 1.6264392 1.6489235
4.9619817 1.6262463 1.6484111
4.9620557 1.6244084 1.6511456
4.9625174 1.6223374 1.6522782
4.9635812 1.6216338 1.6548722
4.9657967 1.6222251 1.6524823
4.9649405 1.6258738 1.652782
4.9642805 1.627461 1.6533167
4.9636496 1.6258809 1.6540117
4.9631027 1.6263402 1.6529406
4.960378 1.6258171 1.652837
4.9615373 1.6272215 1.6526222
4.96178 1.6260071 1.6551673
4.9660696 1.624351 1.6541887
4.9653592 1.6232177 1.6544688
4.9662841 1.6245972 1.6534249
4.4309038 1.5661003 2.3496245
4.4279224 1.567831 2.3495658
4.4288049 1.5649711 2.3486444
4.4282326 1.5680393 2.3496594
4.429786 1.5683215 2.3505904
4.4281833 1.5698211 2.3516019
4.4285077 1.5676674 2.3505673
4.4334333 1.5638597 2.3513626
4.4338008 1.5634257 2.3504398
4.4329799 1.5637616 2.3494524
4.4286116 1.5683338 2.3493422
4.4285491 1.5679738 2.3521275
4.4302621 1.5677985 2.3486279
4.4315042 1.5639146 2.348622
4.4308504 1.5645771 2.3462679
4.4298197 1.5646089 2.352827
4.4295045 1.5656558 2.3541316
4.429477 1.5672283 2.3525782
4.4308183 1.5646876 2.3487788
4.4324438 1.5674498 2.3474605
4.4319758 1.5665769 2.3463998
4.4314921 1.5704841 2.3493945
4.4304883 1.5698149 2.3501174
4.4288979 1.5708373 2.3508513
4.4305961 1.5689091 2.350239
0.26069629 0.61916459 0.601774
0.25989971 0.61894088 0.60319362
0.25791966 0.61911727 0.6045504
0.26104024 0.61668679 0.60524876
0.26369678 0.61485677 0.60239586
0.26282926 0.61486398 0.60440796
0.25866816 0.6157233 0.60767064
0.25455806 0.61742993 0.6108326
0.25783352 0.61625089 0.61063944
0.26243744 0.61631123 0.60553509
0.26156215 0.61529359 0.6057764
0.25888511 0.61337664 0.60660689
0.2587587 0.61343817 0.60787633
0.25991177 0.61288713 0.60622247
0.26432374 0.61352273 0.60383162
0.26437171 0.61557499 0.60163779
0.26593412 0.61652805 0.60272281
0.2643068 0.61810138 0.60142157
0.26304763 0.61748664 0.60408882
0.25852595 0.61796694 0.60607779
0.25999991 0.61892005 0.60545867
4.5779494 1.5294364 5.7221872
4.5772191 1.5300195 5.721431
4.5778378 1.5268497 5.7225365
4.5785796 1.5303439 5.7209475
4.5775833 1.5277315 5.7161383
4.5818639 1.5274997 5.7147113
4.5801971 1.5256411 5.7192857
4.5790251 1.5267223 5.7264216
4.5787108 1.5268041 5.7271541
4.5772015 1.5257504 5.7239946
4.5812689 1.5270225 5.722071
4.5797266 1.5267455 5.7202952
4.5809608 1.5269441 5.7226878
4.5785891 1.524483 5.7242931
4.5817074 1.5258935 5.7244495
4.580612 1.5245715 5.7237807
4.5777759 1.5251359 5.7215398
4.5749623 1.5265164 5.7195055
4.5757046 1.5250901 5.7216779
4.5771058 1.5266481 5.7211183
4.5778295 1.5242553 5.7213224
4.5778471 1.5274677 5.7215009
4.5780349 1.528804 5.7238901
4.5793668 1.5282098 5.7252768
4.5773631 1.5301685 5.723475
4.5789926 1.5292343 5.7237385
4.57679 1.5298691 5.7270906
2.6889197 1.0907735 0.67996047
2.6904117 1.0909072 0.6816125
2.6914025 1.0914402 0.68149266
2.6892904 1.0916526 0.68382919
2.6919958 1.0930075 0.68072892
2.6915628 1.0941456 0.67867161
2.6958089 1.0925323 0.67591101
2.6953623 1.0922443 0.67446247
2.6981943 1.0901372 0.67277781
2.6943078 1.0918736 0.67798021
2.6976244 1.0932918 0.67595281
2.6954071 1.0928215 0.67935378
2.6948911 1.0933643 0.67694652
0.94359408 2.134193 3.5491766
0.94524368 2.1319102 3.5525872
0.94551607 2.1320961 3.5539156
0.94316191 2.1327259 3.5534139
0.94139919 2.1359106 3.5517897
0.94464539 2.1348659 3.5517008
0.94711609 2.1328422 3.5544093
0.9468632 2.1296201 3.5528013
0.94629038 2.1299382 3.551687
0.94487065 2.1314177 3.5529164
0.9499111 2.134382 3.5578147
0.94820154 2.1330529 3.560443
0.94816204 2.1329563 3.5550651
0.9432712 2.1328711 3.5533815
0.94258016 2.1350139 3.5518977
0.94362812 2.1363048 3.5527533
0.94651576 2.1371575 3.5523289
0.94397673 2.1364925 3.55147
0.94487548 2.137804 3.5531259
0.94446949 2.1381179 3.5532232
0.94708602 2.1390373 3.5525888
4.9641946 1.6246168 1.6547962
4.9621442 1.6237664 1.6544297
4.960928 1.6224877 1.6516831
4.9592142 1.6242374 1.6494131
4.960281 1.6267579 1.6493456
4.9604137 1.6285171 1.6496655
4.9612905 1.6279504 1.6507135
4.9615438 1.6266922 1.6526432
4.9630901 1.6255934 1.6538024
4.9624045 1.6236895 1.655119
4.9624999 1.624948 1.6526262
4.959515 1.6270951 1.6530158
4.9621818 1.6294844 1.6551445
4.9609002 1.6281139 1.6528237
4.9637178 1.6259901 1.6520278
4.9607314 1.6224292 1.651797
4.9629963 1.6245883 1.6538558
4.9598542 1.6236113 1.653401
4.9632693 1.6234627 1.6493881
4.9624807 1.6221316 1.6504139
4.9652262 1.6241447 1.6540462
4.9649332 1.6263277 1.6585529
4.4279047 1.5690262 2.3503052
4.4299442 1.5644803 2.3482126
4.4291421 1.5670275 2.3530278
4.4325759 1.5680213 2.3500808
4.4324452 1.5686266 2.3514521
4.4321643 1.5674408 2.3494289
4.4329654 1.5628657 2.3501997
4.4313072 1.5639174 2.3510609
4.4321519 1.5627879 2.3512306
4.4313098 1.5673999 2.3521321
4.4295589 1.5674102 2.3521441
4.427435 1.5696367 2.3484091
4.4286555 1.5669542 2.3495383
4.4314547 1.5671251 2.3451231
4.4299876 1.5663564 2.3487676
4.4276843 1.5664542 2.3478507
4.4256663 1.5663033 2.3522072
4.4291425 1.5649124 2.3506868
4.4326202 1.5664133 2.3499802
4.4322508 1.5643426 2.348853
4.430907 1.5671987 2.3493497
4.4306953 1.5683634 2.3521762
4.4314955 1.5698673 2.3511292
0.25747472 0.61831305 0.60461809
0.25363679 0.6179247 0.60806047
0.25475133 0.6174612 0.61079229
0.25480684 0.61706356 0.61107641
0.26086797 0.61682065 0.607044
0.26258497 0.61546302 0.60277447
0.26449281 0.61745185 0.60422794
0.26055731 0.61647075 0.60675804
0.2564804 0.61783843 0.61154197
0.25781548 0.61605732 0.60882664
0.26026055 0.61701271 0.60683122
0.26017339 0.61443651 0.60506814
0.26019313 0.61428307 0.60524104
0.26136051 0.61354435 0.60340179
0.26007991 0.61417102 0.60540816
0.26086252 0.61552991 0.6059949
0.25985963 0.61538841 0.60531193
0.26025777 0.61625507 0.60755969
0.25986499 0.61572936 0.60467016
0.25764891 0.61395885 0.60873517
0.25573397 0.61517223 0.60565391
0.25621205 0.6143383 0.60973923
4.579364 1.5279424 5.7196016
4.5785041 1.5278225 5.720796
4.5811169 1.5269584 5.7217866
4.5803307 1.528764 5.7231392
4.5784198 1.5283461 5.7208163
4.5786355 1.5267755 5.7196048
4.5770686 1.5269294 5.721868
4.5772907 1.5280839 5.7248069
4.5766963 1.5275302 5.7279572
4.5767816 1.5272126 5.723736
4.5804751 1.5248255 5.7229818
4.5773414 1.5254344 5.7214653
4.5788972 1.5257788 5.7236114
4.578417 1.5265724 5.7243793
4.5657465 1.5336498 5.7155131
4.5633912 1.5320383 5.7145267
4.5616674 1.5288118 5.7130665
4.5753185 1.5261041 5.7198322
4.5773546 1.5265569 5.7197822
4.576809 1.5287692 5.7192811
4.5764095 1.5256527 5.7197405
4.5766947 1.5261356 5.7227221
4.5760655 1.527072 5.7227608
4.5780505 1.5271068 5.7247708
4.5767959 1.5282727 5.7219513
4.578336 1.5252777 5.7239794
4.5782982 1.5241187 5.7251434
2.691965 1.0900133 0.68345325
2.6914664 1.0920042 0.68542707
2.6952178 1.0933499 0.68462461
2.6904792 1.0926137 0.68435666
2.6920095 1.0926442 0.6821746
2.6889795 1.0911097 0.68080795
2.6940322 1.0927546 0.67973307
2.693246 1.0922994 0.67850426
2.6940321 1.0944691 0.67677219
2.6896308 1.0943869 0.67961146
2.6929494 1.0940526 0.67916222
2.6943556 1.0945192 0.67936716
2.6959716 1.0949686 0.6773489
2.6933197 1.0922265 0.67972201
0.94714022 2.1340638 3.5547376
0.94565086 2.1336663 3.5550594
0.94422677 2.1348521 3.5531579
0.94210742 2.1345902 3.5532562
0.94334989 2.1373658 3.5548977
0.94441788 2.1359281 3.5558904
0.94422575 2.1343938 3.5505023
0.94675302 2.1325341 3.5474961
0.94625324 2.1350212 3.5496294
0.949619 2.1339678 3.5554355
0.94748791 2.1334165 3.5590576
0.95121657 2.1321359 3.5586
0.94781734 2.1334137 3.5572617
0.94692622 2.1359938 3.5535599
0.94458257 2.140048 3.5511376
0.94578022 2.139781 3.5484926
0.9443794 2.1386249 3.5482143
0.94410746 2.1387006 3.5501164
0.94390334 2.1385697 3.5502558
0.94470702 2.1392466 3.5490057
0.94568536 2.1370462 3.5483753
4.9638737 1.626968 1.653558
4.9636314 1.6275462 1.6517959
4.9638213 1.6268792 1.652305
4.9633201 1.6280704 1.6520818
4.9613367 1.6266366 1.6517234
4.9609952 1.6281735 1.6508171
4.9605174 1.6252286 1.652167
4.9614953 1.6257256 1.6516527
4.9620789 1.6247794 1.6518366
4.9620064 1.6248688 1.6502729
4.9598751 1.6268404 1.6527078
4.9596069 1.6273838 1.6535892
4.9586582 1.628354 1.6529278
4.9631586 1.6248433 1.6505948
4.9620723 1.622753 1.6485295
4.962914 1.6226881 1.6483326
4.9620826 1.6233286 1.6514885
4.9616624 1.6246689 1.6516544
4.9607208 1.6253493 1.6521696
4.9628648 1.6261309 1.6542237
4.9642861 1.6278596 1.6574171
4.4265679 1.5659751 2.3498772
4.4285906 1.5643744 2.3489332
4.4304157 1.5661069 2.3536523
4.4345338 1.5687813 2.3505577
4.433078 1.5691335 2.3505744
4.4325395 1.5703082 2.3501844
4.4315906 1.5655191 2.3507436
4.4306031 1.5656194 2.351798
4.4302127 1.5634585 2.3502494
4.4288962 1.5676995 2.3509786
4.4284826 1.5671495 2.3515309
4.4284149 1.5684119 2.3505032
4.4306219 1.5670338 2.3517988
4.432701 1.5654087 2.3475124
4.4319905 1.5661627 2.3508992
4.4295208 1.5669348 2.3483518
4.4245424 1.5670598 2.3517396
4.429126 1.5655241 2.351687
4.4310249 1.564832 2.3514034
4.430059 1.5654554 2.3513146
4.4303549 1.5687314 2.3491124
4.430023 1.5677602 2.3513403
0 0 0
0.2636824 0.61452005 0.60067688
0.25901044 0.61562212 0.60150537
0.25634407 0.61572793 0.60629471
0.25361436 0.61579807 0.61004765
0.26127933 0.61714752 0.60743094
0.26278121 0.6145119 0.60427858
0.26358159 0.6171831 0.60534978
0.25933713 0.61499353 0.60821568
0.25619323 0.6176244 0.61208514
0.25748196 0.61480756 0.60709486
0.25919826 0.61655271 0.60601899
0.25815393 0.61385319 0.6055749
0.25992197 0.61535341 0.6033398
0.258596 0.6132293 0.60475847
0.26244024 0.61295308 0.6020025
0.26172316 0.61414123 0.60377765
0.26298314 0.61417458 0.60233388
0.25702236 0.61702284 0.60646801
0.25929713 0.61560469 0.60254213
0.25371981 0.61261874 0.60939641
0.25591636 0.61410128 0.60638059
0.25775989 0.61454964 0.61019522
0.26062878 0.61796828 0.60605614
4.5779491 1.5271823 5.7176296
4.5792552 1.527351 5.7189726
4.5767914 1.5281274 5.7209366
4.5771485 1.5298179 5.7221662
4.5782977 1.5284939 5.7219567
4.577494 1.5262889 5.7215108
4.578581 1.5284981 5.7224717
4.5775958 1.5263957 5.7247683
4.5791436 1.527674 5.7255114
4.5809729 1.5245287 5.7256845
4.5810381 1.5278657 5.7248915
4.5802697 1.5270284 5.7244401
4.5797779 1.5293345 5.7245414
4.5650794 1.5346246 5.7154601
4.5730663 1.532513 5.7201732
4.5643618 1.5334756 5.7143962
4.5777329 1.5279206 5.7228997
4.5782253 1.5295928 5.7219764
4.5807117 1.5302354 5.7223944
4.5778915 1.5285048 5.7216192
4.577074 1.5273552 5.722478
4.5739963 1.5281557 5.7216731
4.5747117 1.5266709 5.7231537
4.5763323 1.5273968 5.7203823
4.5764593 1.5231068 5.7215407
4.5785808 1.5235403 5.7207014
2.693415 1.093457 0.68197004
2.6936177 1.0940434 0.68065724
2.696932 1.0948388 0.6793077
2.6917401 1.091815 0.67918607
2.6925177 1.0937139 0.67891978
2.6893344 1.0925395 0.68178588
2.6933309 1.0957123 0.68113798
2.6938584 1.0926229 0.67993618
2.6943535 1.0924247 0.67925946
2.6905712 1.0919128 0.68176038
2.6936662 1.0920342 0.6811858
2.6929635 1.0921175 0.67988389
2.6935261 1.0912287 0.67934292
2.6906241 1.0911611 0.68196724
0.94686544 2.1347525 3.5545053
0.94411218 2.1317925 3.5547429
0.94246196 2.134976 3.5524182
0.94012968 2.1348518 3.5508174
0.94518518 2.1380389 3.5548062
0.9464757 2.1363048 3.555023
0.9478685 2.1363979 3.5551005
0.94677535 2.1328853 3.5509632
0.94635377 2.134952 3.5537428
0.94789053 2.1340097 3.5570927
0.94571521 2.132456 3.5580847
0.94901434 2.1302812 3.5564322
0.94595538 2.1325707 3.5547441
0.94796481 2.1344675 3.5537673
0.94438299 2.1370864 3.5517924
0.94421122 2.1359431 3.5495438
0.94097774 2.137185 3.5475012
0.9395933 2.1387936 3.5460293
0.93748334 2.1389981 3.5451295
0.94090336 2.138887 3.5468054
0.94003957 2.1353161 3.5483915
4.9634822 1.6261296 1.6549552
4.9631912 1.6281904 1.6537131
4.9632864 1.6271436 1.6534806
4.9634189 1.6303984 1.6531678
4.9625428 1.6256767 1.6555576
4.9639952 1.6255047 1.6525301
4.9625792 1.6223696 1.6519946
4.9633949 1.6248324 1.6492007
4.9627182 1.6254944 1.6526711
4.9608979 1.6249611 1.6528312
4.9605213 1.6258864 1.6561109
4.9607476 1.6259056 1.6527392
4.9614904 1.6298624 1.6528378
4.9632563 1.6252166 1.6484651
4.964565 1.6248121 1.6504819
4.9662826 1.622608 1.6502403
4.9647233 1.6241724 1.6508637
4.9640225 1.6236318 1.6483771
4.9627427 1.6241692 1.649532
4.9622864 1.6244873 1.6524232
4.5732527 1.0445975 5.4525203
4.5760932 1.0437635 5.4503222
4.5779159 1.0491701 5.447573
4.57985 1.049038 5.4469479
0 0 0
4.4298033 1.5684158 2.3478232
4.429344 1.5699764 2.347396
4.4275635 1.5663553 2.3481863
4.4275314 1.5661732 2.3526507
4.4280901 1.5632612 2.3534865
4.4313569 1.5639856 2.3540874
4.4308578 1.5648787 2.3520804
4.4298356 1.5664791 2.3491212
4.431045 1.5708647 2.3517863
4.4331133 1.5693357 2.3496355
4.4328336 1.5706971 2.3516023
0 0 0
5.2641844 1.2776656 3.034964
5.2623268 1.2776869 3.0337627
5.2681166 1.2763904 3.0319762
5.2654213 1.2750711 3.0309751
5.2656224 1.2736931 3.0312228
5.2622851 1.2719313 3.0337053
5.2620002 1.2718678 3.0346612
0.26873046 0.61188347 0.59605896
0.25904411 0.61270087 0.60567032
0.25457256 0.61449169 0.61307568
0.25214907 0.61696077 0.61550543
0.25906895 0.61688466 0.6096361
0.25826806 0.6135872 0.61011841
0.26061777 0.61459802 0.60827887
0.2580912 0.61417367 0.61089725
0.25611412 0.6192856 0.61197286
0.25569275 0.61671871 0.60898633
0.25681828 0.61716282 0.60840221
0.25862681 0.61536932 0.60670542
0.26162122 0.61756744 0.60311566
0.25876499 0.61620643 0.60654036
0.26320651 0.61613622 0.60093093
0.25844162 0.61641228 0.6054025
0.26095614 0.6172326 0.60259753
0.25618623 0.61773663 0.60608298
0.26493832 0.61562202 0.60043693
0.26397878 0.61180213 0.60303896
0.26757976 0.61047791 0.60120804
0.2615232 0.6102806 0.60832653
0.26053111 0.61290938 0.60766064
0 0 0
4.5799031 1.5277613 5.7202434
4.5785234 1.5304985 5.7212886
4.5783396 1.529586 5.7233897
4.5767875 1.5289105 5.7245614
4.5756058 1.5255087 5.7223156
4.5750632 1.5284767 5.7227973
4.5751001 1.5255267 5.7227106
4.5779513 1.5270128 5.7253011
4.5785887 1.5252375 5.7240228
4.5800917 1.5272979 5.7249133
4.5798544 1.5239825 5.7244872
4.5784768 1.5270618 5.7255124
4.5622192 1.5328743 5.7167495
4.5644466 1.533067 5.7164664
4.5647974 1.5328817 5.712947
4.5808906 1.5264234 5.7215085
4.5775048 1.5313881 5.7229308
4.5782356 1.5308686 5.724057
4.5752814 1.5284399 5.7241299
4.577461 1.5245479 5.7220922
4.5732089 1.5255751 5.7216676
4.575971 1.5275905 5.7224008
4.5787119 1.5291896 5.7211438
4.5798981 1.5262386 5.7225029
4.5807965 1.524334 5.7221076
2.6944716 1.0893316 0.68295314
2.6951066 1.0901864 0.68043441
2.6970097 1.0931037 0.67894624
2.6943682 1.0920844 0.6798926
2.695602 1.0929382 0.67985836
2.6922838 1.0916271 0.68471688
2.6939181 1.0929541 0.68452921
2.6932943 1.0941426 0.68517972
2.6946491 1.0944155 0.68335021
2.6913095 1.0919963 0.68245789
2.6936431 1.0910465 0.68250966
2.6918719 1.0926228 0.68202787
2.694607 1.0919163 0.67992487
2.6946147 1.0924473 0.67978524
2.6945606 1.09129 0.67913816
0.94462538 2.1359256 3.5541084
0.94343548 2.1370885 3.5528363
0.94166698 2.1350649 3.5524057
0.94410538 2.135977 3.5553746
0.94168086 2.1374014 3.5515142
0.9440354 2.1362608 3.5533863
0.94241316 2.1367122 3.5482466
0.94567979 2.1331883 3.5517943
0.94621078 2.1314643 3.5515223
0.945455 2.1289068 3.5540132
0.94866596 2.1304611 3.5551374
0.9456243 2.132836 3.5554914
0.94727453 2.1342444 3.5555185
0.94530662 2.1368111 3.5525687
0.94599513 2.1348961 3.5491737
0.94269165 2.1354715 3.5473212
0.94232745 2.1351938 3.5475405
0.93875458 2.1375539 3.5468042
0.93897436 2.136474 3.5474017
0.93662775 2.1357204 3.5470666
4.9628582 1.6265799 1.6514339
4.96226 1.6283859 1.6512946
4.9618886 1.6256271 1.6529574
4.9665366 1.6278017 1.6514723
4.9650163 1.6243694 1.6532086
4.9650668 1.6250796 1.6526851
4.9607236 1.6240183 1.6533178
4.9623546 1.6254918 1.6504087
4.9628426 1.624138 1.6511909
4.9634445 1.6238625 1.6510197
4.9630209 1.6233399 1.6549809
4.9616035 1.6252501 1.6509971
4.9657403 1.6293045 1.6514912
4.965894 1.6255225 1.6500519
4.9660935 1.626617 1.6525455
4.965821 1.6233967 1.6514165
4.9634622 1.6253691 1.651255
4.9640588 1.6236062 1.6498972
4.9620182 1.6229886 1.6503749
4.5738596 1.0449729 5.4520861
4.5757104 1.046347 5.4512552
4.5779059 1.0457864 5.4498123
4.5808593 1.0486924 5.4489624
4.580886 1.0487307 5.4480756
0 0 0
4.4282636 1.570244 2.3463504
4.4285299 1.5691783 2.3464047
4.4272354 1.5669651 2.3464349
4.4294752 1.5651178 2.3511234
4.4288295 1.5648844 2.3527405
4.4326039 1.565723 2.3536404
4.4332475 1.5675182 2.3506609
4.4338345 1.5664715 2.3480912
4.4325289 1.5693024 2.3513886
4.4332163 1.5675295 2.3515237
5.2595026 1.2717624 3.0351914
5.2613766 1.2754996 3.0316446
5.2623491 1.2776179 3.0363185
5.2647099 1.2789395 3.0343378
5.2678903 1.2751793 3.0333455
5.2652877 1.2745204 3.0316545
5.2630007 1.2726438 3.0312887
5.2624724 1.2707354 3.0313496
5.2602051 1.2708462 3.0344792
0.27149845 0.61010159 0.59529032
0.26314621 0.6124154 0.60033887
0.25738404 0.61211079 0.60588864
0.255319 0.61844399 0.60885961
0.26074906 0.61616461 0.60451411
0.26042258 0.61418177 0.60720677
0.26134545 0.61315881 0.60743116
0.25621523 0.61378356 0.61242356
0.25456456 0.61895972 0.61309359
0.25551567 0.61760147 0.60936336
0.2574938 0.61809189 0.60898086
0.26341123 0.61936602 0.60452505
0.26188146 0.62207014 0.60477694
0.2580508 0.620638 0.60618659
0.25916294 0.61755671 0.60475921
0.26157872 0.61418275 0.60447482
0.26372787 0.61387231 0.60338101
0.26312674 0.61575417 0.60431256
0.26696835 0.61615858 0.6014882
0.26747915 0.61437046 0.60166872
0.26860085 0.61404686 0.60225975
0.26319994 0.61303062 0.60882005
0.26061612 0.61559764 0.61128279
0 0 0
4.5785828 1.5297849 5.7203608
4.580087 1.5317374 5.7221864
4.5787915 1.5310884 5.7238618
4.5785354 1.5298628 5.7239269
4.5779748 1.5244293 5.7216806
4.5771973 1.5240783 5.7216533
4.577071 1.5251048 5.7212252
4.5771931 1.5278566 5.7241434
4.5764868 1.5295807 5.7226098
4.5795639 1.530189 5.7236401
4.5807207 1.5288722 5.7232857
4.5810327 1.5275781 5.7248548
4.5779254 1.5273525 5.723787
4.5782612 1.5280157 5.7225429
4.5789329 1.5291141 5.7206051
4.5809573 1.5268548 5.7211034
4.5789662 1.5292694 5.7224566
4.5797177 1.5288767 5.7241523
4.5771815 1.5286009 5.7240218
4.5769421 1.5266084 5.7205813
4.571809 1.5275287 5.7211158
4.5737875 1.5303319 5.723671
4.5751377 1.5283316 5.7246408
4.5774476 1.5266922 5.7247306
4.5796284 1.5222913 5.7211448
2.6893761 1.0929404 0.67854606
2.6906826 1.0936861 0.67859707
2.6938418 1.0946564 0.67717197
2.6948509 1.0957595 0.67894117
2.6931071 1.0936969 0.68219458
2.6920393 1.0942799 0.68612146
2.6920513 1.0933991 0.68748288
2.692656 1.0942069 0.68529297
2.6929153 1.0928121 0.68236291
2.6907039 1.0916667 0.6821224
2.6926244 1.0909075 0.68164515
2.6909181 1.0927626 0.68319462
2.6931524 1.0935926 0.68122018
2.6937955 1.0937813 0.68151749
2.6943505 1.0923897 0.68084576
0 0 0
0 0 0
0 0 0
0 0 0
0.94346749 2.1377609 3.5523539
0.94351101 2.1326496 3.5528263
0.94306478 2.1357855 3.5504101
0.94722181 2.130414 3.5552376
0.94697954 2.1321628 3.5541528
0.94641639 2.1314185 3.5565835
0.9475586 2.1310752 3.5574565
0.94441036 2.1339081 3.556626
0.94628708 2.1342519 3.5548113
0.94452236 2.1354554 3.5528918
0.94592511 2.1334022 3.550524
0.94397154 2.134647 3.5487719
0.94269298 2.1335288 3.5474029
0.94023678 2.1362819 3.5472848
0.94096124 2.1343093 3.5507836
0 0 0
4.9613906 1.6259137 1.6538391
4.9624219 1.6265276 1.6512354
4.9602992 1.6249564 1.6509693
4.9645176 1.6263615 1.6511495
4.9624915 1.6247884 1.652512
4.9627138 1.6242149 1.654137
4.9610119 1.622201 1.6534506
4.9640396 1.622904 1.6544993
4.9649893 1.6221888 1.6529744
4.9638378 1.6230913 1.6534682
4.9646127 1.6217233 1.6537012
4.9656101 1.6236991 1.6514237
4.9751824 1.6298665 1.6534779
4.9730668 1.6290047 1.6544736
4.9724189 1.630616 1.6541452
4.9646405 1.624445 1.651982
4.9642137 1.6246385 1.648422
4.9660581 1.6227319 1.6479218
0 0 0
4.5744849 1.0486329 5.4490313
4.5766413 1.0486144 5.4505649
4.5774105 1.0482391 5.4509202
4.5814898 1.0492536 5.4507094
4.5782562 1.049064 5.452291
4.5752042 1.0478279 5.4543964
4.5758111 1.0450783 5.4518223
4.4276184 1.5674412 2.3447971
4.4277192 1.5678288 2.3456231
4.4305433 1.5633148 2.3514756
4.4313936 1.5650823 2.3541706
4.4338384 1.5651718 2.3552477
4.4348115 1.5681374 2.3511958
4.435007 1.568921 2.3486778
5.2617303 1.2707785 3.0337163
5.2622987 1.2681972 3.032369
5.2570717 1.2698079 3.0354207
5.2600241 1.2740645 3.0319945
5.2617642 1.2748801 3.0360727
5.265754 1.2764075 3.0358242
5.2656369 1.2726802 3.0372217
5.2641075 1.2732072 3.0339223
5.2599042 1.2732686 3.0309171
5.2603323 1.2742669 3.0325848
5.2615094 1.2729763 3.0319452
5.2656986 1.2726406 3.0313383
0.26070788 0.6171151 0.60458568
0.25758718 0.61551911 0.60802394
0.2567434 0.62061178 0.60722472
0.26257389 0.61476907 0.59997633
0.26071834 0.61295877 0.60343581
0.25969089 0.61118894 0.60650253
0.25193095 0.61087089 0.61519176
0.25313061 0.61539897 0.61497947
0.25524276 0.61700389 0.61122193
0.25975418 0.6180276 0.60868346
0.26485322 0.61937687 0.60257925
0.26207858 0.62116103 0.605186
0.26068859 0.62080926 0.6033933
0.25922005 0.61957401 0.60666559
0.26111144 0.61659039 0.60521133
0.25940331 0.61611248 0.60687004
0.26248783 0.61496674 0.60609157
0.26240758 0.61593992 0.60669204
0.26682831 0.61511453 0.6052992
0.26238811 0.61441479 0.60913768
0.2592173 0.61221339 0.60926287
0.25732755 0.61648246 0.611396
0.25859723 0.61855891 0.61070403
4.5770404 1.5299806 5.7237742
4.5787828 1.5311568 5.7218749
4.5775641 1.5291649 5.7220434
4.5790385 1.5272958 5.7223594
4.5777005 1.5264645 5.7215527
4.5758559 1.525338 5.7200776
4.5766307 1.5265754 5.7171766
4.5756068 1.5275347 5.720401
4.5762809 1.5280145 5.7194166
4.579639 1.5284061 5.7221199
4.5796106 1.5267818 5.7220157
4.5817513 1.5262697 5.7233756
4.5783132 1.5252569 5.7252946
4.5796474 1.5260595 5.7239835
4.580639 1.5258509 5.7199787
4.5813891 1.5267265 5.7196707
4.5790731 1.5274021 5.7205362
4.5765829 1.5276169 5.722545
4.5738809 1.5255886 5.7236446
4.5753519 1.5253859 5.7210932
4.5746382 1.5247741 5.7220086
4.5767228 1.528926 5.7225443
4.577733 1.5275201 5.7226634
4.5798769 1.5278537 5.7235895
4.5808464 1.5246636 5.7228006
2.6895488 1.0905016 0.67671447
2.6902313 1.0905523 0.67711765
2.6910833 1.0918057 0.67743717
2.6916329 1.0943695 0.67873924
2.6917897 1.0928494 0.68314386
2.6943354 1.0935974 0.68390818
2.6910859 1.0924532 0.6872074
2.6901066 1.0937829 0.68419606
2.6914996 1.0928333 0.68238474
2.6929143 1.0910454 0.68039397
2.6924766 1.0897814 0.67962785
2.6902059 1.0918709 0.68209599
2.6920393 1.0921543 0.68144086
2.6953629 1.0931676 0.67911638
2.6973046 1.0908253 0.67921943
2.6967729 1.0900979 0.67860075
1.9206459 0.27036731 0.72678062
1.906232 0.2693652 0.74045793
1.907262 0.27205348 0.73639111
1.9117976 0.27120151 0.73337016
1.9255946 0.27307996 0.71862066
1.9216661 0.27134411 0.72559935
0 0 0
0.94895889 2.1309693 3.5542385
0.94861944 2.1338874 3.5592734
0.94932689 2.1327976 3.5604662
0.94495754 2.1377626 3.5584337
0.94565424 2.1354327 3.5563991
0.94429794 2.1382244 3.5533335
0.94830714 2.1341875 3.5501577
0.94812504 2.1343143 3.5492388
1.2722518 2.5600044 5.4065716
1.2663899 2.5578366 5.398618
1.2665851 2.5543637 5.395691
1.2589059 2.5516684 5.3879974
2.1447898 2.3924023 1.3806989
2.1471008 2.3921136 1.3832772
2.1456816 2.3916936 1.3799313
0 0 0
4.9622515 1.623246 1.650455
4.958425 1.6239627 1.6532915
4.9590757 1.6226022 1.654076
4.9613859 1.6236924 1.6568056
4.9669437 1.6228045 1.6514327
4.9656301 1.6226254 1.6511703
4.9658965 1.6215023 1.6497122
4.9659698 1.6220558 1.6496282
4.9821867 1.631063 1.6527262
4.976753 1.6293044 1.6550823
4.9785595 1.6315736 1.6548887
4.9640086 1.6232161 1.6501887
4.963875 1.6239059 1.6462671
4.5810716 1.0470435 5.4501157
4.5802409 1.0486866 5.4497343
4.5779686 1.0501691 5.4494727
4.5793712 1.0487475 5.4479053
4.5780355 1.0497423 5.4481271
4.5820881 1.0495927 5.4464105
4.5785002 1.0484773 5.4478972
4.5788205 1.0476209 5.4494888
4.5767024 1.0467024 5.4497555
4.5767327 1.0472543 5.449646
5.2637146 1.2743034 3.0316352
5.2628072 1.2754839 3.0347333
5.2620241 1.2758669 3.0349614
5.2588784 1.2783176 3.0371826
5.2596617 1.2760168 3.0345613
5.2614919 1.2775054 3.0331709
5.2610499 1.2732735 3.0328437
5.2583362 1.272106 3.0318766
5.2562193 1.2713898 3.0340812
5.2576794 1.2734479 3.0316681
5.2613741 1.2745794 3.0353153
5.2650523 1.2744553 3.0347766
5.2649811 1.2729758 3.0352563
5.2643304 1.2730987 3.0331912
5.261421 1.2720549 3.030131
5.2637117 1.2752439 3.0312244
5.2646868 1.2749222 3.0322228
5.2651316 1.2758977 3.0346169
0.25878677 0.61603005 0.60264796
0.2587267 0.6144638 0.60268861
0.25910434 0.61560342 0.60115908
0.26560406 0.61410647 0.59786437
0.26434801 0.61362886 0.60049158
0.26312913 0.61420953 0.60495734
0.2584906 0.61433695 0.60825145
0.26093377 0.61363868 0.60775326
0.26144594 0.6148554 0.60541227
0.26543742 0.61674755 0.60561872
0.26798341 0.62020583 0.60113238
0.26734256 0.61946049 0.60077142
0.26475152 0.619502 0.60123021
0.26167907 0.61818984 0.60542868
0.26275336 0.61511112 0.60690837
0.2609169 0.61438525 0.60795103
0.26335637 0.61280556 0.60816539
0.25730091 0.61553617 0.61260339
0.26054853 0.6147543 0.6076308
0.25399645 0.61505599 0.61363169
0.25898386 0.61336579 0.6084275
0.25600833 0.61470473 0.61331447
0.25877063 0.61521758 0.61030039
4.5798789 1.5291504 5.7236213
4.5799943 1.5307013 5.7239016
4.5789544 1.5309137 5.7246404
4.579369 1.5286606 5.7231181
4.5778807 1.5265039 5.7222291
4.5766593 1.5253888 5.7216703
4.576825 1.5277688 5.7196663
4.5749228 1.5295338 5.7200883
4.5757434 1.5284373 5.7178796
4.5793975 1.5299407 5.7196313
4.5788779 1.5277374 5.7219599
4.582796 1.5284894 5.7227333
4.5789614 1.5276191 5.722555
4.5800308 1.5288755 5.7207762
4.5792777 1.5285231 5.718476
4.5808469 1.5270389 5.7186099
4.5801583 1.5263959 5.7196569
4.5761936 1.5268145 5.7233266
4.5754407 1.5280053 5.7228356
4.5742922 1.5275142 5.7205283
4.574644 1.5252078 5.7208293
4.5746397 1.5280765 5.7222989
4.5755837 1.526816 5.7229665
4.5775506 1.5273506 5.7223128
4.5784074 1.523806 5.7214464
2.6856615 1.0923387 0.67707496
2.6881186 1.0904812 0.67655841
2.6880605 1.0917938 0.68068685
2.6902057 1.092625 0.68037644
2.688509 1.0924303 0.68324892
2.6890851 1.0930724 0.68279244
2.6860848 1.0926355 0.68517183
2.6878091 1.0946363 0.68269549
2.6855807 1.0942137 0.68437182
2.6887399 1.0924406 0.68152204
2.6895972 1.0910428 0.68114896
2.6916612 1.0923418 0.6816822
2.6926795 1.0919689 0.6819488
2.6948484 1.0925397 0.6809828
2.6918875 1.0907057 0.6848853
2.6916817 1.0903931 0.68259715
1.919482 0.2729909 0.72573301
1.910598 0.27109261 0.73500218
1.9078699 0.27293358 0.73683378
1.9143326 0.27328543 0.73088073
1.9211696 0.27317533 0.72499497
1.9160079 0.27131067 0.73170253
1.9136093 0.27137182 0.73487356
1.9117179 0.27191511 0.73669782
1.2608293 2.5527015 5.3967811
1.261079 2.5552807 5.3971792
1.2586419 2.5562821 5.3918691
1.264791 2.5555931 5.4015165
1.2630131 2.5563938 5.4024393
1.2661378 2.5570649 5.403212
1.2667305 2.5586515 5.4034068
1.2689343 2.5581131 5.4017811
1.2660681 2.557141 5.3967704
1.2638533 2.5559718 5.3935572
1.2614504 2.5549736 5.3914841
2.1408575 2.3925905 1.3789182
2.1441291 2.3926255 1.3822769
2.1423699 2.3908324 1.3795529
2.1449158 2.3889035 1.38335
2.1398606 2.3873955 1.3772753
2.1389129 2.388071 1.3775453
2.1355671 2.3912285 1.3751963
2.1361344 2.3902091 1.3787084
2.1389996 2.3913171 1.3797246
2.1418657 2.3878087 1.3852879
2.1471102 2.3905326 1.3881943
2.1450596 2.3907514 1.3853635
2.1450504 2.3939352 1.3847289
2.1372164 2.3929661 1.3781432
2.1406303 2.3939577 1.3838406
2.1412995 2.3929464 1.3848312
4.5772137 1.0470736 5.4479603
4.5804049 1.0484684 5.4471855
4.5770922 1.0473678 5.449033
4.5780064 1.0498223 5.4493729
4.5773527 1.0473183 5.4469049
4.5773465 1.0479334 5.4449194
4.5791287 1.0494921 5.4447786
4.5756113 1.0480902 5.4483646
4.5764274 1.0453345 5.4515439
4.5743944 1.0428768 5.4523605
4.5772913 1.0452132 5.4515255
4.5764261 1.0483027 5.4509337
5.2614407 1.2787858 3.0353649
5.2610765 1.2789759 3.034769
5.2612515 1.278247 3.0376329
5.2624855 1.2772088 3.0341864
5.2630282 1.2796686 3.033911
5.2623999 1.2770311 3.0333419
5.2588705 1.2768953 3.0309967
5.260813 1.2762275 3.0313142
5.2585957 1.2741089 3.0298712
5.2631935 1.2772353 3.034145
5.2647548 1.2752298 3.0358072
5.2637557 1.274673 3.0351291
5.2627524 1.2736971 3.0332316
5.2606476 1.2727465 3.031059
5.263191 1.2768399 3.0320547
5.2665194 1.2768897 3.0323671
5.2671593 1.2782728 3.0332217
0.25952903 0.61621363 0.6034862
0.26095746 0.61818642 0.60365832
0.26216237 0.61537297 0.60109146
0.26684727 0.61708152 0.59923068
0.26341341 0.6147619 0.60167793
0.26117458 0.615321 0.60688097
0.25794386 0.6135574 0.60934701
0.25974783 0.61248445 0.61125466
0.26525043 0.61679079 0.60608012
0.27139327 0.6175006 0.60164796
0.26857786 0.61859174 0.59936483
0.26769768 0.6165635 0.59769518
0.26530629 0.61620292 0.60157443
0.26567421 0.61650579 0.60134223
0.26548822 0.61769982 0.60386156
0.26156135 0.61648578 0.60548904
0.25971555 0.61460709 0.60845102
0.25502506 0.61565532 0.61342345
0.25550119 0.61289443 0.61290209
0.25117038 0.61347482 0.61619693
0.25426185 0.61253126 0.61134086
0.25711078 0.6142814 0.61029176
0.26322719 0.61582134 0.60521729
4.5780058 1.527775 5.721365
4.5765065 1.5284087 5.72219
4.579822 1.5281662 5.7218057
4.5776602 1.5285794 5.7228166
4.5772858 1.5294261 5.7216257
4.5765822 1.5307898 5.7196407
4.5766357 1.5302053 5.7171048
4.5771603 1.5313324 5.7168045
4.5783545 1.5279459 5.7181076
4.579031 1.5284407 5.7202309
4.5776706 1.5249566 5.7209685
4.5808114 1.5252494 5.7217951
4.5800712 1.5260504 5.7220895
4.5820502 1.5281491 5.7209916
4.582551 1.5300839 5.7213901
4.5809419 1.5293213 5.7211174
4.5807071 1.527979 5.7206251
4.5763646 1.526671 5.7244025
4.5755144 1.5290687 5.7227864
4.5754806 1.5276403 5.7221773
4.5770953 1.5262318 5.721243
4.577801 1.5258698 5.722246
4.5785356 1.5262721 5.7240969
4.5796275 1.5301653 5.7248585
4.5803011 1.5296539 5.7242944
2.6901704 1.0910238 0.67687707
2.6891017 1.0894159 0.67810742
2.6878194 1.0892559 0.68163208
2.6892287 1.0898957 0.67923243
2.6877816 1.0918972 0.6813182
2.689914 1.0941033 0.68051229
2.6859329 1.0940261 0.68427495
2.6855193 1.0932579 0.68257942
2.6845076 1.0931657 0.68416609
2.6881583 1.0914429 0.68241925
2.6886534 1.0916767 0.68304611
2.6916271 1.0909326 0.68207889
2.6916723 1.0914648 0.68124108
2.6949253 1.0917069 0.68079025
2.6930307 1.0906917 0.68388721
2.6924158 1.0901872 0.68309607
1.9033299 0.27095663 0.74012895
1.9041073 0.27179381 0.74057462
1.9131619 0.27351648 0.73301257
1.913112 0.27435999 0.73433144
1.9187588 0.273337 0.72996624
1.9122899 0.27192183 0.73740844
1.9148967 0.27097421 0.73482847
1.9115639 0.27178272 0.73685387
1.259579 2.553934 5.3974345
1.2579647 2.5557167 5.3958181
1.2540186 2.55524 5.3911724
1.26175 2.5558252 5.3995665
1.2630708 2.5567053 5.4017423
1.2697697 2.5610251 5.4051672
1.2700061 2.5614402 5.4057514
1.2677327 2.559727 5.4007053
1.2627587 2.558087 5.3973299
1.2603716 2.5569918 5.395964
1.2597089 2.5572705 5.3954781
2.1422196 2.3919475 1.3792799
2.1421649 2.3924744 1.3806561
2.1409281 2.3910003 1.3793901
2.1422392 2.3915666 1.3806869
2.1402572 2.3913307 1.3771342
2.1375844 2.3914199 1.3747051
2.1348392 2.3917013 1.3735009
2.1355873 2.3900451 1.37647
2.139898 2.3915106 1.3782319
2.1410055 2.389565 1.3814161
2.144454 2.3885275 1.3832517
2.1408185 2.3884292 1.381996
2.1428542 2.391121 1.3834096
2.1377569 2.3912275 1.376756
2.1403065 2.393901 1.3833475
2.1417696 2.3932161 1.3846802
4.5754349 1.0454926 5.4492602
4.5809042 1.0480199 5.4476055
4.5761096 1.046622 5.4513287
4.5807576 1.0484901 5.4494716
4.5782683 1.0450174 5.4475728
4.5794577 1.0460091 5.4430081
4.5783974 1.0475493 5.4431188
4.5758115 1.0460816 5.4459269
4.5772205 1.0461797 5.4477065
4.5783284 1.0462233 5.4477934
4.5788909 1.0480151 5.4482324
4.5786248 1.050497 5.4475229
5.2630447 1.275328 3.0344291
5.2602668 1.275368 3.0341522
5.2619515 1.2752254 3.0348293
5.2618588 1.2752526 3.0334237
5.2636273 1.2799104 3.0332484
5.262296 1.2800275 3.03258
5.2600829 1.2787929 3.0297027
5.2614033 1.2768619 3.0301004
5.2632482 1.2755178 3.0303168
5.2632852 1.2786238 3.0352542
5.2635702 1.2776806 3.0345059
5.2615799 1.2765214 3.0344269
5.2638585 1.2755444 3.0330852
5.2616047 1.2741026 3.0320379
5.2606605 1.278524 3.0328373
5.262675 1.2783567 3.0342624
5.26322 1.2780169 3.0336145
0.2606189 0.61470637 0.60273531
0.26212711 0.61667867 0.60228415
0.26248639 0.61413365 0.6030814
0.26447274 0.61772616 0.60477133
0.26373265 0.61679466 0.60526118
0.26562205 0.61719427 0.60410166
0.26949378 0.61613501 0.59877155
0.26950282 0.61321694 0.5999069
0.26960636 0.61577441 0.60000212
0.26501338 0.61617431 0.60531559
0.26499018 0.61550659 0.60422347
0.26796906 0.61440617 0.59926423
0.26759244 0.61358812 0.60060466
0.2673507 0.61428733 0.6014052
0.26328628 0.61692134 0.60507752
0.25988187 0.61661423 0.60611201
0.2573459 0.61842205 0.60966901
0.25743356 0.61770457 0.61028916
0.25690386 0.61422379 0.60884907
0.25968507 0.61317136 0.60654386
0.2593039 0.61160751 0.60675221
0.26104785 0.61342697 0.60717732
0.26067948 0.61294851 0.60656527
4.580385 1.5266497 5.7218669
4.5780387 1.5272561 5.7231865
4.5801798 1.5270338 5.7222595
4.5782707 1.5270707 5.7235247
4.5797496 1.5262215 5.7239213
4.5793705 1.5280937 5.723261
4.5780713 1.5288176 5.7222513
4.5785828 1.5311243 5.7210286
4.5792542 1.5293305 5.7196886
4.5804947 1.5283843 5.7214603
4.5803758 1.525 5.7209787
4.5796526 1.5237846 5.7202119
4.5806426 1.525505 5.7197644
4.5796739 1.5286198 5.7201731
4.5806006 1.5307209 5.7220535
4.5792316 1.5290277 5.7244924
4.5805727 1.5273599 5.7252859
4.5770895 1.5264192 5.7257073
4.5761715 1.5304652 5.721416
4.5747021 1.5279635 5.7199391
4.5752098 1.5264103 5.7191341
4.5757719 1.5236989 5.7218776
4.5768501 1.5273234 5.7242832
4.5769565 1.52998 5.7226232
4.5761122 1.5324345 5.721102
2.6911642 1.0918264 0.6799573
2.6901664 1.0898308 0.68221763
2.6894399 1.0885416 0.68372964
2.6904866 1.0914234 0.68259801
2.6893044 1.0926005 0.68195145
2.6909256 1.0946805 0.67744646
2.6887925 1.0955939 0.6796543
2.6898118 1.0944974 0.67903883
2.6879839 1.094651 0.68286773
2.6881897 1.0923841 0.68434047
2.6876486 1.0942268 0.68488165
2.6910784 1.093148 0.68463585
2.6923439 1.0943474 0.68256726
2.6917881 1.0953562 0.68220811
2.6898634 1.0959839 0.68264568
2.6886133 1.0944556 0.68316453
1.9098256 0.27279341 0.73575801
1.910886 0.27351853 0.73643509
1.919403 0.27427913 0.72792911
1.9117144 0.27487462 0.73708819
1.9148085 0.26989246 0.7334131
1.9017128 0.26937495 0.74815168
1.9148418 0.26880157 0.73509007
1.9167162 0.27327276 0.73184117
1.2598387 2.5536731 5.3967471
1.2608918 2.5566142 5.3958396
1.2577748 2.5548344 5.3924397
1.2584806 2.5573116 5.3943675
1.2591279 2.5561239 5.3957789
1.2643876 2.5586855 5.3988944
1.2676977 2.5580536 5.4007298
1.2689398 2.5573959 5.400512
1.2621032 2.5587393 5.3973853
1.2621914 2.5589266 5.397681
1.2628885 2.5598872 5.3997337
2.138649 2.3908865 1.3811411
2.1375946 2.3911241 1.379774
2.1380952 2.390589 1.3783378
2.1384261 2.3925196 1.3757787
2.1396183 2.3925671 1.3771105
2.1377185 2.3929454 1.3757651
2.1350601 2.3927421 1.3778417
2.1365991 2.394501 1.3797102
2.1376727 2.3946951 1.3780912
2.1386416 2.3937964 1.3802314
2.1432341 2.391562 1.3835623
2.1429014 2.3907514 1.3840868
2.1452382 2.3914562 1.3856884
2.1393429 2.3933894 1.378713
2.1425143 2.3948907 1.3840287
2.1433206 2.3947994 1.3819205
4.5781181 1.045056 5.4448876
4.5811254 1.0461771 5.4435876
4.5739726 1.0466322 5.4513578
4.5782777 1.0473815 5.4492789
4.5767647 1.0460821 5.4509043
4.5796778 1.0449256 5.4464863
4.5779663 1.0473626 5.4467133
4.5762391 1.0467302 5.4496359
4.5739962 1.0450348 5.4533634
4.5773952 1.0445275 5.4515908
4.5771731 1.0469492 5.4531142
4.5796927 1.0505306 5.4504163
0 0 0
5.2587612 1.2768071 3.0352948
5.2639116 1.2764445 3.0341391
5.263846 1.2758423 3.0351805
5.2654249 1.2783117 3.0356008
5.2624112 1.2770894 3.0356795
5.2609706 1.2768482 3.0340936
5.2619073 1.2770151 3.0320639
5.263583 1.2774637 3.0309213
5.2619856 1.2787588 3.0343175
5.2651895 1.2778199 3.036021
5.2620857 1.2754778 3.0361605
5.2610333 1.2758463 3.0357498
5.2608162 1.2751988 3.0320372
5.2590724 1.2779812 3.0337901
5.2612331 1.2771877 3.036196
5.2603938 1.2759346 3.0359614
5.2614387 1.2734315 3.0366589
0.26222548 0.61782983 0.60343223
0.26413331 0.61761868 0.60270693
0.26347581 0.61819964 0.60441812
0.26425426 0.61854281 0.60422359
0.26228769 0.61655 0.60556892
0.2651823 0.61605298 0.60350971
0.26426055 0.61576826 0.60524522
0.26609375 0.61788538 0.60597109
0.26331598 0.61789111 0.60795688
0.26215347 0.61519089 0.60520985
0.25686627 0.61390609 0.60656905
0.25949651 0.61115514 0.60463908
0.26367821 0.61250335 0.60420103
0.26074009 0.61366567 0.60657759
0.26002581 0.61680743 0.60859583
0.25529621 0.61929972 0.61141875
0.25788915 0.617257 0.60990529
0.2604335 0.61553061 0.60465413
0.26221015 0.61275148 0.60415884
0.25840248 0.61301625 0.60530731
0.2588731 0.61492404 0.60710101
0.2575056 0.61633502 0.60791219
4.5783796 1.5245104 5.7217099
4.578959 1.5244311 5.7227072
4.5820293 1.527635 5.7224872
4.5793606 1.5267418 5.7241676
4.5797043 1.5272644 5.7231888
4.5779335 1.5270725 5.7222845
4.578638 1.5283548 5.7206866
4.577499 1.5301148 5.7223891
4.5776472 1.5297279 5.7235204
4.5777287 1.5284385 5.7265138
4.5801367 1.5249761 5.7217757
4.5792699 1.5231793 5.7214713
4.5803553 1.5246996 5.7203824
4.5795694 1.5287708 5.7231628
4.5792489 1.5325312 5.724635
4.5795177 1.5305269 5.7261092
4.5785464 1.5294736 5.7267424
4.5770346 1.5282274 5.7254503
4.5771649 1.5307428 5.7221346
4.5771886 1.5279054 5.7207653
4.5782653 1.5276503 5.7221556
4.5795944 1.5247037 5.72428
4.5785133 1.5264348 5.7272532
4.5773077 1.5284046 5.7263733
4.5762888 1.5288589 5.7266672
2.6916537 1.0923441 0.68136943
2.6897449 1.0909112 0.68381948
2.6923979 1.0886727 0.68164967
2.6919613 1.0902935 0.68068055
2.693302 1.091604 0.67914752
2.6910412 1.0936636 0.67800148
2.6902945 1.0927735 0.68073101
2.6888656 1.0920176 0.68004508
2.686184 1.0931799 0.68273639
2.686137 1.0936592 0.6849643
2.6874727 1.0931717 0.68628584
2.6889325 1.0932723 0.68562811
2.6886428 1.0942443 0.68372595
2.6900352 1.0966054 0.68086638
2.6891826 1.0954013 0.68135975
2.6900481 1.0950662 0.68005559
1.9070703 0.27279463 0.73930202
1.9134614 0.27366672 0.73435164
1.9155036 0.27295851 0.73065687
1.9117656 0.27267385 0.73677832
1.9141435 0.26930838 0.73253924
1.9035123 0.27018139 0.74367074
1.913351 0.26847336 0.73351525
1.9142802 0.27248883 0.73338859
1.9159102 0.27227614 0.73370483
1.2592083 2.5586531 5.3958312
1.2546195 2.5549429 5.3923657
1.2549785 2.5572299 5.3932441
1.2585686 2.5573065 5.394646
1.2668373 2.5592132 5.4002679
1.2688313 2.559762 5.4016432
1.2717219 2.5574843 5.4056411
1.2629911 2.5614894 5.4013875
1.2636135 2.5627682 5.4004867
1.259006 2.5642753 5.3963613
2.1401367 2.3905188 1.3806996
2.1408928 2.3913191 1.3793554
2.1395131 2.3914827 1.3795681
2.1384718 2.392933 1.3746895
2.1379395 2.3937122 1.3766464
2.1354847 2.3937345 1.3743261
2.1346831 2.3911323 1.3778781
2.1381776 2.3927696 1.3803907
2.1368389 2.3923507 1.3779114
2.1388313 2.3929282 1.3800032
2.1375288 2.388698 1.3792872
2.1379759 2.3877148 1.3795011
2.1415713 2.3881274 1.3819891
2.1369832 2.3917124 1.3756626
2.139374 2.3922943 1.3794
2.137568 2.3949893 1.3781878
4.5788614 1.0442704 5.4455989
4.5805666 1.0445022 5.4438609
4.5801769 1.0463088 5.4473393
4.5808674 1.0464875 5.449051
4.5793932 1.0452327 5.4515248
4.5781329 1.0431455 5.449378
4.5764394 1.0457345 5.4506456
4.5758781 1.0475257 5.4487823
4.5766579 1.0481371 5.4518552
4.5817333 1.0494755 5.4470904
4.5807995 1.0482966 5.4502751
4.5816737 1.0504558 5.4468448
4.5787204 1.0501675 5.4486392
4.5805664 1.0491917 5.4477543
0 0 0
5.2599558 1.2745213 3.0348478
5.2620781 1.2755885 3.0350647
5.2610907 1.2741564 3.0351561
5.2598259 1.2739684 3.0354316
5.2608772 1.274461 3.0350022
5.2627886 1.2759515 3.0347301
5.2624414 1.2763066 3.0354358
5.2636857 1.2765927 3.0358587
5.260689 1.2759071 3.0343849
5.2608932 1.2768231 3.0355658
5.2606532 1.2755219 3.0342454
5.2592967 1.278466 3.0348432
5.2635075 1.2773006 3.0353359
5.261963 1.2772028 3.0349705
5.2630934 1.2729604 3.0353473
0.26382413 0.61563564 0.60119876
0.26418502 0.61617316 0.60019813
0.26041695 0.61482099 0.60568492
0.26233937 0.61671086 0.60464152
0.26416995 0.61570471 0.6031566
0.26977816 0.61634838 0.59975558
0.26604488 0.61644519 0.60204596
0.25965393 0.61740951 0.60688552
0.25525123 0.61668895 0.6108876
0.25897037 0.61370888 0.60629138
0.25774297 0.61202458 0.60897596
0.26185403 0.61114634 0.60429424
0.2583423 0.61289293 0.60921685
0.25708488 0.61228478 0.60846447
0.25685284 0.61678492 0.61084478
0.25881203 0.61918025 0.60696105
0.26192725 0.6197151 0.60443125
0.26701569 0.61889918 0.59709557
0.26359283 0.6152067 0.60195124
0.26241168 0.61829561 0.60175364
0.25792989 0.61885042 0.60851106
0.25251774 0.61993279 0.6111489
4.5808189 1.5250597 5.7249141
4.5807985 1.5223061 5.7251126
4.5792077 1.525226 5.72392
4.576267 1.5234291 5.7224543
4.5802175 1.5264416 5.7223224
4.5798906 1.5256477 5.7207892
4.5796602 1.5266773 5.7201814
4.5762853 1.526573 5.7223056
4.5767963 1.526906 5.7239966
4.5791902 1.527454 5.7244857
4.5812479 1.5270779 5.7187864
4.5804107 1.5251428 5.718682
4.5783955 1.5268503 5.7183135
4.5788409 1.5271959 5.7229719
4.5776419 1.5305747 5.7264283
4.5793967 1.5290979 5.727848
4.5771161 1.5285132 5.730498
4.5769197 1.5268293 5.7251893
4.5747459 1.5271511 5.7245335
4.5754747 1.5236647 5.7228041
4.5758842 1.5236215 5.7240026
4.5761809 1.5242599 5.7240105
4.5755423 1.525218 5.7246976
4.5749667 1.5267548 5.7240481
4.5741428 1.5268186 5.7232042
2.6953584 1.0925489 0.67757742
2.6924376 1.0912179 0.68054304
2.6931019 1.0884042 0.68161196
2.69109 1.0896277 0.68371877
2.6940762 1.0898638 0.68311263
2.6931122 1.0943657 0.67854179
2.6939661 1.0944342 0.6785249
2.6928266 1.0953127 0.67715218
2.6907306 1.0925678 0.68011402
2.6893199 1.0939836 0.6824605
2.6876133 1.094226 0.68517859
2.6890714 1.0968414 0.68296631
2.6881178 1.0950778 0.68553858
2.6919666 1.0963995 0.67937027
2.6896602 1.0933191 0.68121473
2.6924209 1.0940184 0.67835934
1.9026022 0.27126453 0.74423153
1.9032363 0.2717988 0.7442856
1.9065634 0.27207416 0.73867937
1.9099504 0.27176918 0.73477712
1.908855 0.2693704 0.73194989
1.9056846 0.27111612 0.73853689
1.9136679 0.27094791 0.73139919
1.9214445 0.27311491 0.72617084
1.9186088 0.27394246 0.72890902
1.9183345 0.27603725 0.72874349
0 0 0
1.2580212 2.5590036 5.3934625
1.2566155 2.5594864 5.3913695
1.2616081 2.5586972 5.3977036
1.2618013 2.5582882 5.3964544
1.2651351 2.5576426 5.4017516
1.2594231 2.5621684 5.3972447
1.2632549 2.5630612 5.3986971
1.2600596 2.5655176 5.3944317
2.141564 2.3908349 1.3808635
2.1414936 2.3920335 1.3781052
2.1429386 2.3910671 1.3804786
2.1428422 2.3900412 1.3748205
2.1405784 2.3897246 1.3775602
2.139023 2.3888724 1.3766772
2.1372852 2.3912358 1.3801548
2.1387461 2.3932772 1.3845007
2.1370654 2.3924513 1.3823481
2.1405158 2.3931507 1.384806
2.1391443 2.3903762 1.3820353
2.141539 2.3914221 1.3820782
2.1404558 2.3916872 1.380694
2.1358914 2.392778 1.3760967
2.1366402 2.3941137 1.377216
2.1368 2.3941813 1.3762589
4.5814972 1.0433439 5.4437587
4.5804819 1.046425 5.44623
4.5826519 1.049504 5.4483158
4.5799868 1.0486029 5.4508011
4.5807163 1.0468304 5.4500722
4.5782052 1.0448081 5.4487157
4.5774765 1.04632 5.4522856
4.5766671 1.0481741 5.4510246
4.5757896 1.0464893 5.4569786
4.5790376 1.0467368 5.4494322
4.5761991 1.0447383 5.4530493
4.5779133 1.0480908 5.4470198
4.5771181 1.0491865 5.4491275
4.578494 1.052607 5.4493132
0 0 0
0 0 0
5.2587993 1.2743741 3.0343899
5.2583359 1.2723897 3.0358356
5.2583246 1.2714137 3.0365232
5.2608116 1.2753049 3.0381319
5.2616251 1.2771309 3.0355267
5.2641239 1.2758556 3.0335702
5.2643893 1.2751861 3.0352733
5.2628109 1.2737339 3.0348925
5.2618587 1.2760649 3.03496
5.2613048 1.2741255 3.0317457
5.261383 1.2766674 3.0335366
5.2657745 1.2740796 3.035149
5.2629997 1.2751077 3.0375843
5.2653273 1.2714575 3.0376463
0.26425986 0.61649253 0.60047666
0.26425883 0.61579246 0.59944449
0.26102767 0.61533972 0.60702586
0.26052028 0.61695398 0.60749077
0.25942618 0.61819458 0.6081876
0.25998153 0.61689022 0.60611984
0.25819811 0.61854974 0.60693309
0.25710697 0.61909683 0.60944041
0.25436608 0.61918804 0.61264902
0.25663501 0.61598372 0.60972355
0.25305625 0.61486432 0.61426155
0.25629258 0.61055545 0.60981569
0.25348383 0.61284265 0.61355568
0.25827753 0.61007476 0.6078234
0.2582166 0.61508163 0.60890448
0.26239485 0.61601991 0.60491562
0.26206986 0.61722244 0.60411874
0.26493466 0.61600275 0.60197446
0.26152245 0.61393376 0.60613144
0.25707007 0.61601904 0.60772169
0.25279953 0.6167423 0.61193625
0.25201529 0.61890819 0.61153051
4.5772008 1.5245377 5.7249015
4.5775061 1.5239396 5.7237165
4.5778597 1.5273705 5.7226934
4.57561 1.5276002 5.7229426
4.5766612 1.5277623 5.7242197
4.576872 1.5275506 5.7221819
4.5780584 1.5277701 5.7200702
4.57701 1.5271307 5.7210487
4.5733732 1.5267725 5.7226194
4.5758065 1.5272646 5.7223353
4.5765819 1.5276331 5.7192543
4.5783716 1.5243157 5.7182552
4.5778911 1.5253318 5.7207455
4.5800827 1.5266632 5.7216743
4.5788179 1.5307864 5.7225718
4.5808023 1.5307149 5.7200708
4.5773724 1.5291998 5.7268892
4.5796429 1.527618 5.7225583
4.5776958 1.5256731 5.7248178
4.5783971 1.524562 5.7218619
4.5760719 1.525316 5.7233563
4.5780029 1.5270278 5.7248154
4.5770264 1.5272816 5.7235267
4.5765794 1.526699 5.7245183
4.5758585 1.5248393 5.7252408
2.693626 1.0922084 0.6776503
2.691525 1.091031 0.67979405
2.6912372 1.0872223 0.68074457
2.6933231 1.0879849 0.68073525
2.6960707 1.0880365 0.68223172
2.6950983 1.0934258 0.6785897
2.6928286 1.0932297 0.68031334
2.6889247 1.0937541 0.67949006
2.6898445 1.0931506 0.68103003
2.691709 1.0927308 0.68093806
2.6906838 1.0937046 0.68385695
2.6914429 1.0930786 0.68165838
2.6881538 1.0928327 0.68585453
2.6918842 1.0922011 0.68001978
2.6884736 1.0892048 0.6842203
2.6906503 1.0894114 0.68113271
1.9114281 0.26865178 0.73574226
1.9025971 0.26962871 0.74385234
1.9021346 0.26905511 0.74179424
1.9086447 0.27039012 0.73376829
1.914887 0.27198063 0.72347198
1.9049255 0.27402196 0.73489319
1.9026345 0.2727423 0.73780836
1.9066864 0.2704539 0.73790941
1.9073381 0.27257538 0.73904384
1.9127037 0.27401643 0.73544171
1.9050354 0.2760534 0.74291605
1.2620503 2.5573093 5.4001864
1.2609495 2.5578128 5.3957402
1.2590495 2.5592352 5.3947629
1.2573582 2.5606114 5.3923251
1.2612771 2.5594441 5.3977207
1.2619383 2.562126 5.3962942
1.2618287 2.5649621 5.3943336
2.1379368 2.3923864 1.3740537
2.1408832 2.3913182 1.3779322
2.139541 2.3930795 1.3761646
2.1440738 2.3921623 1.3815487
2.1430716 2.3931424 1.3795245
2.1398899 2.3918806 1.3781884
2.1354986 2.3909794 1.3774507
2.1353093 2.3911774 1.3787327
2.1386151 2.3903481 1.3840884
2.1401426 2.388099 1.3830039
2.1434096 2.3882551 1.3851658
2.1414339 2.3884206 1.380508
2.1409303 2.3897994 1.378549
2.1383922 2.3908026 1.3780865
2.136631 2.3910464 1.3756359
2.1346564 2.3925955 1.3765973
4.577717 1.0463618 5.4478165
4.5795363 1.0447357 5.4458364
4.5776402 1.0471201 5.4466391
4.5808455 1.0478452 5.4486108
4.5795918 1.0477055 5.44966
4.5818619 1.0441504 5.4493712
4.5782159 1.043859 5.4480376
4.5762343 1.0457512 5.4524842
4.5772465 1.0488755 5.4498205
4.5753249 1.0466537 5.4558713
4.5788341 1.0463833 5.4483761
4.5761427 1.0439839 5.4516937
4.579426 1.0464254 5.4444984
4.5808887 1.0463997 5.4456506
4.5835771 1.0497138 5.4449524
4.5853416 1.0479557 5.4437074
4.5830324 1.0513748 5.4463673
5.258468 1.2726091 3.0316473
5.2601614 1.2740609 3.0339627
5.260038 1.2704571 3.034411
5.2630066 1.2733623 3.0375324
5.2593313 1.2754728 3.0371918
5.2616043 1.2754763 3.0361615
5.2606983 1.2790679 3.034617
5.2624459 1.2769334 3.0324382
5.2622895 1.2781741 3.0316224
5.2637726 1.2723686 3.0308581
5.2652519 1.272988 3.031186
5.266972 1.2748093 3.0334732
5.2644273 1.2764588 3.0345845
5.2646867 1.2745738 3.0350005
0.26079669 0.61611627 0.60200734
0.26120308 0.61650422 0.60035159
0.2594023 0.61712512 0.60659762
0.26204569 0.61556907 0.60502883
0.26025257 0.61664555 0.6092163
0.26219804 0.61574891 0.60550487
0.25996369 0.61824211 0.60573681
0.26087417 0.61905898 0.60265158
0.25984789 0.62036651 0.60379037
0.26313878 0.61655365 0.60330576
0.25859662 0.61580933 0.61131908
0.25802845 0.61217333 0.61123216
0.25466154 0.61673984 0.61201558
0.25800829 0.61242531 0.60668602
0.2602492 0.61661669 0.60511971
0.26634117 0.61548495 0.60076004
0.26767393 0.61743439 0.59834295
0.26486622 0.61655955 0.60268343
0.26176864 0.61578365 0.60627404
0.25716453 0.61833461 0.60977127
0.25506479 0.61954981 0.61062844
0.25194681 0.62010869 0.61212427
4.5758343 1.526399 5.7275542
4.5754398 1.5266649 5.7261131
4.5762768 1.5251783 5.7234398
4.5742656 1.5285971 5.7218189
4.5776032 1.5286739 5.7213956
4.5775312 1.5287774 5.7202714
4.5762625 1.525295 5.7196758
4.5761359 1.5259185 5.7208817
4.5744965 1.5251878 5.7222651
4.5783683 1.5254584 5.720297
4.5792797 1.5264775 5.7196916
4.5793841 1.5254449 5.7175493
4.5786391 1.5261294 5.7208656
4.5798712 1.5244023 5.7181869
4.5792178 1.5255704 5.7216863
4.5793144 1.5276481 5.7198359
4.5787066 1.5283584 5.7250736
4.5786299 1.5276432 5.7221181
4.5768416 1.5238106 5.7251713
4.5763145 1.5233026 5.7225006
4.5744913 1.5249364 5.7214521
4.5748784 1.5276128 5.7196981
4.5748658 1.5267292 5.7193029
4.5754496 1.5255444 5.720204
4.5763007 1.5245622 5.7191984
0 0 0
2.6933743 1.0908498 0.67690969
2.6907667 1.088895 0.68037265
2.6923551 1.0881288 0.6812925
2.6926434 1.0889772 0.68223769
2.6940059 1.0935958 0.6822809
2.6928132 1.0947534 0.68198498
2.6909943 1.0937994 0.68118291
2.6937871 1.0919358 0.67852219
2.6940768 1.0885086 0.67699144
2.6942038 1.0934556 0.67949995
2.6939561 1.0932019 0.67992813
2.6932488 1.0943073 0.68243306
2.6961739 1.0905458 0.67899833
2.6983024 1.0889347 0.68036827
2.6974105 1.0896314 0.68021423
1.910188 0.26567402 0.73692743
1.9074056 0.26599495 0.74000615
1.908141 0.26565168 0.73759892
1.9119678 0.27121 0.73265637
1.9184215 0.27337218 0.72466089
1.9085268 0.27565478 0.73389566
1.9067807 0.27419527 0.73656584
1.9086306 0.27087652 0.73625251
1.9026682 0.27380935 0.74045824
1.9063942 0.27457341 0.73849207
1.90332 0.27583252 0.74124911
1.2643289 2.559385 5.3994019
1.2635513 2.5608862 5.3979871
1.2594678 2.5608778 5.3956484
1.2581251 2.5602 5.3932521
1.2563894 2.5596399 5.3926094
1.2608123 2.5615602 5.3935234
1.2632798 2.560471 5.396124
0 0 0
2.1392655 2.3889822 1.3765727
2.1376609 2.3930987 1.3776432
2.1428036 2.3925052 1.381278
2.1425401 2.3920221 1.3823756
2.1421251 2.3905816 1.3804546
2.1383025 2.3899901 1.380007
2.1351429 2.3891701 1.3780389
2.1369309 2.3878419 1.3809588
2.1414957 2.3895122 1.3831019
2.1438431 2.3883256 1.3834405
2.140322 2.389845 1.379525
2.1377829 2.3897689 1.3765537
2.1396036 2.3935091 1.3801209
2.1387248 2.3942878 1.3775903
2.1402795 2.3939115 1.3805841
4.5780079 1.0454881 5.4461822
4.5785605 1.043726 5.4460403
4.576142 1.0469292 5.4468741
4.5772683 1.0484459 5.4529423
4.5769471 1.050008 5.4521655
4.5805197 1.0480197 5.4500623
4.5796762 1.0459535 5.4488564
4.5764935 1.0469249 5.4529526
4.5750472 1.0477275 5.452704
4.5728524 1.0467367 5.4555176
4.5758098 1.0455074 5.4495233
4.5744615 1.0445671 5.4517609
4.5775375 1.047813 5.4478423
4.5796426 1.0481619 5.4503801
4.5831554 1.0499611 5.4467977
4.5849234 1.0478871 5.4447482
4.5859646 1.0490414 5.4452168
4.5843484 1.0486694 5.446688
5.2606556 1.2749829 3.0339807
5.2617987 1.2695381 3.0331492
5.2641905 1.2721555 3.0348451
5.2598928 1.2743328 3.0358226
5.2600076 1.273456 3.0358108
5.2584382 1.2765089 3.0342496
5.2613862 1.2718983 3.0322525
5.2625147 1.276111 3.0300982
5.2653125 1.2722329 3.0302689
5.2641558 1.2723413 3.0296277
5.263689 1.2739466 3.0324795
5.2620454 1.2737636 3.033786
5.2635325 1.2744577 3.0353278
0.2617029 0.6147005 0.60084723
0.26536128 0.6164868 0.5973809
0.2632731 0.61898127 0.60229944
0.26412801 0.62019053 0.60170642
0.25971867 0.61838251 0.60971954
0.25994578 0.61564718 0.60473361
0.2613822 0.6177065 0.60497461
0.2644945 0.618291 0.60047694
0.26191334 0.61946766 0.60343736
0.26030551 0.61771815 0.60741243
3.3374401 2.0774119 3.9804698
3.3402285 2.077573 3.9772448
3.3392495 2.0800629 3.9769735
3.3397335 2.077348 3.977632
3.3346254 2.0758837 3.9806391
3.3354567 2.0769935 3.9805723
3.3339798 2.0786019 3.9805194
3.3339532 2.0787914 3.9795216
3.3328446 2.0783369 3.9771511
3.3334954 2.0822883 3.9793379
3.3340954 2.0854996 3.9758972
3.3345 2.0855816 3.9794604
4.5731927 1.5264909 5.7262755
4.5733189 1.5284609 5.7259116
4.5760919 1.5286309 5.7239768
4.5764872 1.5292762 5.7244439
4.5794062 1.5262842 5.7246164
4.5786944 1.5269636 5.7214397
4.5793086 1.5252276 5.7196694
4.5784104 1.5279066 5.7203513
4.5744729 1.5261673 5.7221253
4.5768485 1.5273848 5.7209657
4.5765618 1.5278026 5.7205087
4.5805463 1.52672 5.7201188
4.579349 1.5258298 5.7228809
4.5804271 1.5247976 5.7197744
4.5790934 1.5274061 5.7200249
4.5780712 1.5290067 5.7181983
4.5787521 1.5310423 5.7209464
4.579762 1.5278882 5.7218036
4.5795126 1.5272452 5.7218151
4.5775081 1.5275063 5.7193576
4.5757106 1.5279373 5.7204924
4.5755162 1.5281124 5.7197566
4.5755913 1.5279228 5.7197867
4.5744859 1.5276698 5.71963
4.5742318 1.5275073 5.7191741
2.6925076 1.093972 0.67639634
2.6908075 1.093006 0.67880944
2.689821 1.0912673 0.68106099
2.6899913 1.0899265 0.68108625
2.6935216 1.0899697 0.68067759
2.6937583 1.0927014 0.68338404
2.6923011 1.093242 0.68452568
2.6894588 1.0926827 0.68495606
2.6922786 1.0915831 0.68079747
2.6948771 1.0893046 0.67881896
2.6955142 1.0924989 0.67996219
2.6936939 1.0893367 0.68151199
2.6932788 1.0915857 0.6828511
2.6919711 1.0886967 0.68459205
2.6931847 1.089689 0.68407396
2.6932626 1.0912192 0.68435198
1.9153113 0.2654961 0.73081298
1.9091997 0.26763372 0.73775337
1.9056364 0.2659734 0.74063234
1.914064 0.26936335 0.73334923
1.9161552 0.27047763 0.73123745
1.9038518 0.27431686 0.74113613
1.8999299 0.27365047 0.74502439
1.8986148 0.27087317 0.7462685
1.90006 0.27285998 0.74681908
1.8956539 0.27164393 0.7514243
1.8915694 0.27247227 0.75488881
1.9017895 0.27037572 0.74438646
1.2643659 2.5576245 5.3990526
1.2595772 2.5590434 5.3952787
1.2591702 2.560368 5.3943826
1.2618114 2.558887 5.3968292
1.2648899 2.5605464 5.3965632
1.2633782 2.5607692 5.3954292
2.1461742 2.3895045 1.3815461
2.142715 2.389422 1.3784789
2.1402601 2.3921623 1.3800865
2.1433744 2.3933498 1.3825894
2.1436037 2.3934196 1.3845824
2.1418811 2.3943814 1.3819649
2.1358422 2.3916518 1.3792488
2.1353594 2.391361 1.3792517
2.1389854 2.3885932 1.3809322
2.1440204 2.3900173 1.3845828
2.1442609 2.3871142 1.3820159
2.1408049 2.3894435 1.380345
2.1351654 2.3882455 1.3764798
2.1366207 2.3927359 1.3796507
2.1362486 2.3924204 1.3755024
4.5773113 1.0464106 5.4512148
4.5786572 1.0489769 5.4477836
4.5788248 1.0456988 5.4482221
4.5753518 1.0466532 5.4475106
4.5749547 1.0479619 5.452305
4.5758318 1.0481417 5.4493303
4.5808569 1.0479509 5.448882
4.5803162 1.0463642 5.4473834
4.5784149 1.0473475 5.4496948
4.5766551 1.0476229 5.4500985
4.5757966 1.0477554 5.4523004
4.5770755 1.047708 5.4489184
4.5791225 1.0471791 5.4514016
4.5811664 1.0483402 5.4470492
4.5831881 1.047006 5.4475517
4.5814629 1.0471266 5.4454543
4.5805598 1.0487463 5.4486295
4.5818216 1.0501696 5.4483529
4.5810419 1.0505278 5.4493211
4.581149 1.0483164 5.4511578
5.26443 1.2700253 3.0321266
5.2618182 1.2725882 3.0335308
5.2587091 1.2743295 3.0340958
5.2567502 1.2746549 3.0356844
5.2572397 1.2775507 3.033123
5.2604721 1.2717248 3.0305135
5.2621015 1.2744624 3.0266852
5.2653771 1.271594 3.0275272
5.2638196 1.2738454 3.0285695
5.2634783 1.2751615 3.0318177
5.2603851 1.2761737 3.0330438
0 0 0
0.26019129 0.61532644 0.60384593
0.26207459 0.61792155 0.60173364
0.26528742 0.61908592 0.59922581
0.26491604 0.62002291 0.60064832
0.26353705 0.61897019 0.60727106
0.26181348 0.61662935 0.60502937
0 0 0
3.3371805 2.0775378 3.9790787
3.3377085 2.0760208 3.9817124
3.3363362 2.0735482 3.9805095
3.3360026 2.0759755 3.981433
3.3380679 2.0767638 3.9778416
3.3371156 2.0793636 3.9786622
3.3374142 2.0759877 3.9774515
3.332985 2.0751668 3.9788059
3.3355764 2.0789555 3.9801408
3.3353725 2.0801701 3.9792196
3.3350364 2.0830259 3.9786377
3.3338403 2.0818227 3.9753722
3.3342115 2.0826416 3.9766126
3.3353308 2.0832222 3.974162
3.3364732 2.0843169 3.9777983
3.3382809 2.0820225 3.9803473
4.5782078 1.526269 5.7257354
4.5794415 1.5278066 5.7243217
4.5817125 1.5289398 5.722437
4.5799513 1.5285331 5.7221227
4.5798143 1.5274893 5.7184998
4.5785885 1.5257501 5.7207764
4.5784829 1.5268831 5.7205682
4.5757322 1.5250626 5.7232083
4.5804645 1.5252459 5.7216173
4.578975 1.5268305 5.7218405
4.5809112 1.5289303 5.7230567
4.5764358 1.5287134 5.7232751
4.5786407 1.5268058 5.7209591
4.5780913 1.5274914 5.7199723
4.5798134 1.5285252 5.718425
4.5769662 1.5311489 5.7191044
4.5761524 1.5286557 5.7208671
4.5754252 1.5286398 5.7218044
4.5755043 1.5278169 5.7204831
4.5779242 1.5301537 5.7183913
4.5783191 1.5297489 5.718304
4.57723 1.529428 5.7210163
4.5751797 1.5295026 5.7190408
4.5742594 1.5307021 5.7167596
2.6967681 1.0951122 0.67177943
2.6942948 1.0960015 0.67604659
2.6944628 1.0931792 0.67905123
2.6893168 1.0931651 0.68240532
2.6885821 1.0902674 0.68342695
2.6895951 1.0939765 0.68618134
2.6907798 1.0943687 0.68490473
2.6921715 1.0951731 0.68464806
2.6944765 1.0919907 0.68059594
2.6962899 1.0906682 0.67872534
2.6966902 1.0928407 0.67673812
2.6941265 1.0913165 0.68036381
2.6942585 1.0916725 0.68057129
2.6925356 1.0912431 0.68422166
2.6930915 1.0935383 0.68159501
2.6931034 1.0945279 0.68122807
2.6948199 1.0933583 0.67778519
1.9159951 0.26985569 0.73223955
1.9123629 0.26781396 0.73627734
1.9167313 0.27002256 0.73438928
1.9187956 0.26996318 0.73234867
1.9146368 0.27288009 0.73477208
1.9237405 0.27288367 0.72438233
1.9016901 0.27174058 0.74324925
1.9021086 0.27097241 0.74416466
1.896736 0.26879173 0.75083123
1.90064 0.2681841 0.74761282
1.9064307 0.26852266 0.74195486
0 0 0
1.2667129 2.5594908 5.4032061
1.265954 2.5591826 5.4015395
1.264122 2.5558271 5.4014298
1.2634018 2.5583148 5.398827
2.1501564 2.3901309 1.3851182
2.1472821 2.3894366 1.3826501
2.1427408 2.3903161 1.3795716
2.1420998 2.3912136 1.3794323
2.1438815 2.3921489 1.3818284
2.1422329 2.3884932 1.3808246
2.1415176 2.3882808 1.3819042
2.137994 2.3869249 1.3789534
2.1375409 2.3882649 1.3800857
2.139958 2.3889725 1.3805663
2.1433022 2.391091 1.3817215
2.1421613 2.3896733 1.3788098
2.1378051 2.3904213 1.3777312
2.1345627 2.3891699 1.3786743
2.1372386 2.3932704 1.3820278
2.1406612 2.3943977 1.3840033
4.5784534 1.0473861 5.4505168
4.579177 1.0479407 5.4485931
4.5797262 1.0452334 5.4487934
4.5772721 1.0465533 5.4481401
4.5776329 1.0477004 5.4518622
4.5776669 1.0494251 5.4482586
4.5798714 1.0497605 5.448528
4.5790447 1.0467771 5.4482304
4.5780061 1.0460579 5.4513384
4.57746 1.0476777 5.4491583
4.578341 1.0476898 5.4490862
4.5791437 1.0472042 5.4463714
4.5789271 1.0453523 5.4486953
4.5791365 1.0467699 5.4497736
4.5796984 1.0472853 5.4523251
4.5801634 1.0476769 5.4503469
4.5818035 1.0489615 5.4491155
4.5811868 1.0509531 5.4482703
4.5810354 1.0513736 5.4488661
4.5799607 1.0490912 5.4513871
4.5787164 1.0459733 5.4504858
5.2621433 1.2750177 3.0304995
5.2609578 1.2756958 3.0323076
5.2578733 1.2745625 3.0355785
5.2581398 1.2750833 3.0327028
5.2597575 1.2711485 3.0303481
5.259648 1.2744948 3.0279105
5.2625032 1.2729924 3.0308001
5.2608947 1.2738623 3.0320938
5.2622735 1.2743449 3.0322929
5.2607509 1.2739405 3.0333091
0 0 0
0.26210751 0.61325613 0.60623297
0.26229051 0.61466589 0.60586982
0.26632025 0.61851932 0.59969405
0.26404707 0.61975931 0.60100882
0.26498538 0.61976713 0.60319522
0 0 0
0 0 0
3.3379319 2.0769949 3.9793642
3.3381043 2.0747456 3.9812438
3.3370084 2.0737335 3.9802436
3.3364718 2.0770493 3.9814026
3.337699 2.0757818 3.9786351
3.3340552 2.0799537 3.9755885
3.3343987 2.0765465 3.9753763
3.3301495 2.0761413 3.9763676
3.3362286 2.07912 3.9788646
3.3389562 2.0797814 3.9815868
3.3404394 2.0839385 3.9813638
3.3389507 2.0815556 3.9780817
3.3361808 2.0820121 3.9765513
3.3384623 2.0804231 3.9754504
3.3380318 2.0795921 3.9785069
3.3371797 2.0778475 3.9817406
3.3357046 2.0777701 3.9824189
4.576462 1.5272121 5.725507
4.5812243 1.5278428 5.7254789
4.5780288 1.5283918 5.7255408
4.5823853 1.5291669 5.7218509
4.5794906 1.5287167 5.723641
4.5800295 1.5282969 5.7219487
4.5774685 1.528133 5.7233689
4.5817449 1.5280082 5.7203484
4.5804811 1.5287287 5.7205211
4.5811274 1.5291062 5.7223947
4.5765602 1.5288817 5.7235026
4.5778267 1.5287721 5.7238015
4.5773472 1.5285293 5.722213
4.5812564 1.5296492 5.7182977
4.577443 1.5280621 5.7186924
4.5793599 1.5279678 5.7204166
4.5775562 1.529212 5.7225063
4.5777218 1.5297125 5.7229744
4.578596 1.5299457 5.7233216
4.5785839 1.5284062 5.7215386
4.5776075 1.5302064 5.7218164
4.574792 1.5309822 5.7196646
4.5705051 1.5317667 5.7191401
2.6981184 1.0918528 0.67654205
2.694953 1.0938925 0.68042218
2.6927319 1.0938216 0.68309886
2.6889715 1.0940471 0.68611164
2.69009 1.0932299 0.68372363
2.6906866 1.0950958 0.68379002
2.6904342 1.0950159 0.68315075
2.6911714 1.0930604 0.68280137
2.6927401 1.0912064 0.68161508
2.6919934 1.0903276 0.6806338
2.693344 1.0924219 0.67849236
2.6920132 1.0906182 0.68008972
2.6900694 1.0902209 0.68172208
2.6892018 1.0896884 0.68475774
2.6888826 1.0911226 0.6833357
2.6923123 1.0935233 0.68039763
2.6944092 1.0938682 0.67748099
1.9060061 0.27127597 0.74002053
1.9043913 0.26860043 0.74372541
1.9116804 0.2674771 0.73902514
1.9153794 0.26746462 0.73574193
1.908765 0.27123732 0.74001933
1.9159668 0.27272818 0.73187753
1.9049311 0.27189496 0.74225919
1.9145392 0.27017131 0.73531209
1.8991935 0.26900055 0.75159158
1.9022434 0.26708961 0.74792849
1.9006477 0.26924515 0.74643005
1.2632372 2.5614347 5.3979377
1.2641691 2.5589218 5.3999867
1.2639756 2.5607821 5.3991919
1.2636852 2.5555329 5.4013512
1.2631785 2.5572324 5.3994232
2.1467496 2.392114 1.3848417
2.1444527 2.3918772 1.3811858
2.1420334 2.3905849 1.3797531
2.1377552 2.3908512 1.3764234
2.1402178 2.3925595 1.3795088
2.1387895 2.3933477 1.3771825
2.1429902 2.3915133 1.3821037
2.1423745 2.3896258 1.3804488
2.1440224 2.3887289 1.38239
2.1429239 2.3898946 1.3805594
2.1444373 2.3915306 1.3801105
2.144175 2.3911156 1.3802787
2.1434112 2.3915506 1.3820365
2.1401316 2.3921844 1.3843812
2.1384249 2.3925896 1.3831222
2.1384702 2.3937467 1.3826873
4.5806471 1.0447764 5.4513655
4.5792806 1.0480713 5.4503811
4.5796143 1.0480887 5.4523005
4.577216 1.0513508 5.4488994
4.5798346 1.0493949 5.4491654
4.5814239 1.0505436 5.4456181
4.5807827 1.047787 5.4495226
4.5787274 1.0484973 5.4493191
4.5782912 1.0492937 5.4498195
4.5782229 1.0516388 5.4471164
4.5774654 1.048094 5.4476749
4.5765453 1.0471805 5.4479039
4.574013 1.045339 5.4512104
4.5763983 1.0455487 5.4500886
4.5747942 1.0452084 5.4489988
4.575511 1.0478701 5.4518717
4.5753778 1.0505087 5.4530481
4.5755475 1.0531184 5.4522518
4.5795566 1.0506408 5.4473896
4.5793301 1.0502603 5.448106
4.5789497 1.0478425 5.448191
4.5782143 1.0479199 5.4510847
5.2589108 1.276136 3.0312277
5.2583591 1.2776914 3.0338228
5.2606265 1.274517 3.0311038
5.2617785 1.2717077 3.0282278
5.2615866 1.2734082 3.0259082
5.261363 1.2756237 3.0289674
5.2603885 1.2757124 3.0335059
5.2643572 1.2761496 3.0355325
5.2636504 1.2734669 3.0362518
5.264607 1.2743147 3.0339656
0.25726866 0.61561271 0.61443602
0.25867538 0.61347246 0.61317064
0.26130104 0.61640712 0.60691197
0 0 0
3.3354448 2.0783196 3.9811759
3.3346257 2.0795886 3.9810793
3.3380793 2.0769881 3.9794016
3.3340702 2.0768362 3.9762357
3.3355644 2.0746766 3.9777973
3.3330493 2.072114 3.9777907
3.3363967 2.0764687 3.9824325
3.3380737 2.0762074 3.9821865
3.3352675 2.0784994 3.9783012
3.3341701 2.0767188 3.9758052
3.3309539 2.0775145 3.9755197
3.3354452 2.0796788 3.9757166
3.3350775 2.0804199 3.9764952
3.3361054 2.0820672 3.9755524
3.3370307 2.0791056 3.9771131
3.3353002 2.0790294 3.979193
3.3371197 2.0777908 3.9771771
3.3366581 2.0775267 3.9792616
3.3391629 2.0789048 3.9826447
3.3409421 2.0787497 3.9840697
3.3376098 2.0798979 3.9844786
4.5817466 1.5306087 5.7232807
4.5782889 1.5294425 5.7227304
4.5803275 1.5306783 5.7208777
4.5786287 1.5286956 5.7220772
4.580301 1.5282168 5.7212166
4.5795879 1.5276384 5.7224239
4.5807255 1.5272286 5.7197181
4.5804349 1.5286179 5.7202576
4.5780287 1.528898 5.721942
4.5758682 1.5283781 5.7219315
4.5767926 1.5306824 5.7199061
4.5787414 1.5303551 5.7193159
4.5815386 1.5312168 5.7163521
4.5780606 1.5275459 5.7175715
4.5791898 1.5272833 5.7185736
4.5770241 1.5267111 5.7217148
4.5769405 1.5277385 5.7217118
4.5792162 1.5284251 5.7214302
4.5804239 1.5289137 5.7208754
4.5800554 1.5312267 5.7207049
4.5800918 1.5300397 5.7189681
4.5770625 1.5294855 5.7186536
2.6960306 1.0902934 0.68003286
2.6950457 1.0920503 0.68106882
2.6919648 1.0949098 0.68283547
2.6902496 1.0903968 0.68547559
2.6884005 1.0908838 0.68557616
2.6891961 1.0908772 0.68323222
2.6907205 1.094856 0.68037452
2.6899739 1.0925401 0.68003055
2.6927468 1.0912196 0.6778516
2.6936851 1.0904341 0.68050533
2.6940403 1.0915002 0.67866772
2.6917353 1.0905416 0.67960419
2.6911824 1.0903988 0.68059392
2.6920575 1.090925 0.68110057
2.6893512 1.0935883 0.68247218
2.6908297 1.0935537 0.67929028
1.9018116 0.2693242 0.74162189
1.9073507 0.27070749 0.73994478
1.9067451 0.27028105 0.74468047
1.9115996 0.27047696 0.73990261
1.9151693 0.27056338 0.73563298
1.9198814 0.27199866 0.72886464
1.9195278 0.27309157 0.7283856
1.9099988 0.27259834 0.73764127
1.9176707 0.27067668 0.73198466
1.9117691 0.26831838 0.7386378
1.9099128 0.26850194 0.74160499
1.9014745 0.27174787 0.74687789
1.8982872 0.27228771 0.74824202
0 0 0
1.2674694 2.5621171 5.4024979
1.2659797 2.5567996 5.4036611
1.2630778 2.5561248 5.4006246
2.1418638 2.3920345 1.379549
2.1387269 2.3927568 1.3778932
2.1430988 2.3895845 1.3806649
2.1383572 2.3891667 1.3754223
2.1433355 2.3870575 1.3792312
2.1370321 2.3888909 1.3758318
2.1415245 2.3884681 1.3804459
2.141337 2.3881763 1.3800019
2.144939 2.3890495 1.3834462
2.1456182 2.3883222 1.3831285
2.1453375 2.3902311 1.3829927
2.1436632 2.3899091 1.3813416
2.144734 2.3922743 1.3815865
2.1418876 2.3947769 1.3835476
2.1426781 2.3931979 1.3848142
0 0 0
4.5783586 1.044431 5.4499935
4.5769042 1.0486622 5.4506971
4.5792114 1.0469496 5.4524405
4.5769226 1.0490727 5.4493664
4.579607 1.047464 5.4506775
4.5806056 1.0475678 5.446842
4.5812455 1.0464364 5.4499944
4.5800456 1.0476057 5.4504683
4.5789052 1.0487303 5.4502072
4.5805762 1.0497512 5.4475938
4.5783626 1.0458062 5.4487735
4.5749085 1.0451084 5.4505403
4.5712059 1.0441726 5.4517137
4.5726057 1.0466367 5.4516111
4.5754452 1.0459824 5.4487031
4.5783148 1.048918 5.4512796
4.5781102 1.0487173 5.4494968
4.5768754 1.053077 5.4507776
4.5797064 1.0504386 5.4443095
4.5804303 1.0519987 5.4446579
4.5796891 1.0502907 5.4468337
4.5787397 1.0500996 5.4483171
5.2595899 1.2765856 3.0335094
5.2594708 1.2745778 3.0337825
5.2620241 1.2741771 3.0301559
5.2622779 1.2746055 3.0288194
5.2632712 1.2736706 3.0287316
5.2631953 1.275229 3.0314484
5.2620642 1.272701 3.0361957
5.2637445 1.2737487 3.0369528
5.2621666 1.272486 3.0374228
5.2645668 1.2741792 3.0343267
3.3328314 2.0800868 3.9751134
3.3331012 2.0808216 3.9784061
3.3337285 2.0774119 3.9787378
3.3337759 2.0778687 3.9815298
3.3371898 2.0755991 3.9801695
3.3353574 2.0788535 3.9806594
3.3389344 2.0776239 3.9793517
3.3331849 2.0778098 3.9759109
3.3349433 2.0768621 3.9756502
3.3306866 2.0754056 3.9743004
3.3371278 2.0753496 3.9799234
3.3364288 2.0761119 3.9780513
3.3366299 2.0772236 3.9772876
3.3318501 2.0785818 3.9724945
3.3305813 2.0787201 3.9742877
3.3330026 2.0811299 3.9747343
3.3375205 2.0801227 3.9767552
3.3393635 2.0789198 3.9777773
3.3396545 2.0750043 3.9792073
3.3378858 2.0754549 3.9830857
3.3388895 2.0758747 3.9816894
3.3354635 2.0769368 3.9810421
3.334416 2.0784171 3.9788008
3.3343144 2.0780764 3.9781026
3.333899 2.0790917 3.9817266
3.336676 2.0775385 3.9808563
4.5782758 1.5284395 5.7249323
4.5791797 1.5308119 5.7234444
4.578573 1.5291104 5.7257513
4.5788981 1.5293718 5.7250641
4.5801647 1.5288846 5.7239894
4.5817168 1.5280586 5.7232628
4.5810378 1.5279462 5.7215362
4.579175 1.5285872 5.722486
4.578315 1.5269204 5.7222292
4.5765104 1.5307172 5.7214372
4.5781516 1.5282621 5.720865
4.5783985 1.5284224 5.717394
4.5775862 1.5259988 5.7196904
4.579132 1.5269906 5.718542
4.5790144 1.5277024 5.7218011
4.5778058 1.5270834 5.723089
4.5762772 1.5266318 5.7247351
4.5767068 1.5258511 5.7227647
4.5766151 1.528302 5.7221967
4.577938 1.5258671 5.7217914
4.5769689 1.5265394 5.722331
2.6907932 1.0869866 0.68708418
2.6904677 1.0891455 0.68543364
2.6877102 1.0945255 0.6865397
2.68917 1.0883088 0.68541477
2.6896099 1.0894494 0.68542443
2.6910473 1.0891864 0.68106382
2.6886797 1.0913823 0.67978838
2.6867147 1.0904724 0.68036301
2.6890503 1.0911145 0.67666226
2.6889883 1.0885326 0.681596
2.6912998 1.090722 0.68042869
4.5172198 1.5069889 2.0182189
4.5191845 1.5031223 2.0201406
4.5176815 1.50117 2.0210394
4.5193054 1.4962547 2.0203286
4.519817 1.4962535 2.0181642
1.9037949 0.26988985 0.73905322
1.9083458 0.27015015 0.73740508
1.9123828 0.27090199 0.73905448
1.9170947 0.27093414 0.73566511
1.9091196 0.2706775 0.74322674
1.909721 0.27179229 0.73843757
1.9079343 0.27103634 0.74027311
1.9100388 0.27114987 0.73972421
1.9169669 0.27150377 0.7347596
1.9152748 0.27203146 0.73528364
1.9084703 0.27211546 0.74079822
1.9023766 0.27201721 0.74254513
1.898346 0.27314992 0.74614575
1.264951 2.5621982 5.3992776
1.2660969 2.5608546 5.399913
1.2669882 2.5592765 5.4014515
5.4103648 1.4597205 5.3496201
5.4116571 1.4612797 5.3488365
2.1358673 2.3921299 1.3769683
2.1425868 2.388941 1.380873
2.1365982 2.3891433 1.3751783
2.1414152 2.3892803 1.3763295
2.134048 2.3917479 1.3708237
2.1419428 2.3909855 1.3786061
2.1413084 2.3893341 1.378881
2.1427676 2.3896072 1.3800932
2.1408542 2.3871949 1.3780998
2.1406239 2.3896493 1.3786841
2.1413864 2.3893005 1.381749
2.1443939 2.393118 1.3848509
2.1407932 2.3954887 1.3841104
2.142294 2.3946189 1.3832421
4.5787343 1.042439 5.4489339
4.5816139 1.041537 5.4482145
4.579829 1.0443341 5.4487775
4.5787891 1.0460223 5.4518347
4.5765757 1.0487134 5.4482799
4.5803002 1.0496161 5.4510206
4.5796667 1.0471909 5.447771
4.5795917 1.0466501 5.4515397
4.578636 1.0465144 5.4505438
4.5777621 1.0506204 5.4508889
4.5815461 1.0506652 5.4456723
4.5797124 1.0476355 5.4476049
4.5772034 1.0473799 5.4490521
4.5724549 1.0478378 5.4538948
4.5725291 1.0499597 5.453165
4.5761701 1.0471452 5.4477725
4.5761625 1.05002 5.4502556
4.5761356 1.048586 5.4521182
4.5755 1.0519975 5.4540466
4.5798719 1.048475 5.4470588
4.5802372 1.0513776 5.4443459
4.5793986 1.0527736 5.4446047
4.5798908 1.0507351 5.4478358
4.5811122 1.0492542 5.4505791
5.2628194 1.2735904 3.0324695
5.2638943 1.2724058 3.0300107
5.2648182 1.270276 3.0274355
5.2658066 1.270646 3.0271519
5.265924 1.273382 3.0286958
5.2647305 1.2714047 3.0345538
5.2657956 1.2738919 3.0356574
0 0 0
3.3340852 2.079486 3.9758774
3.3312854 2.0781173 3.9720989
3.333197 2.0790745 3.9772594
3.3339717 2.0774536 3.9782258
3.3346555 2.0795411 3.9805442
3.3365146 2.0789159 3.9791996
3.3351651 2.0797623 3.9788524
3.3372845 2.0797689 3.977616
3.3320376 2.0782425 3.9763305
3.3312762 2.0767248 3.9760507
3.3276214 2.0762514 3.9749066
3.3351683 2.076678 3.9786623
3.3360008 2.0792481 3.9772489
3.3369683 2.0771045 3.9768504
3.3332716 2.07699 3.9739758
3.3343002 2.0761355 3.9761552
3.3339746 2.0796867 3.9755329
3.333912 2.0807831 3.9742257
3.3341013 2.0815291 3.9763932
3.3366392 2.076855 3.9783914
3.3370719 2.0767596 3.9809129
3.3382172 2.0761174 3.9799413
3.3361109 2.0787735 3.9767135
3.3370279 2.081352 3.9770032
3.3376325 2.0822833 3.9781307
3.336334 2.0813043 3.98111
3.3363999 2.0793505 3.9792001
3.3350277 2.0778919 3.9808856
4.5794667 1.5280536 5.7189561
4.5796569 1.5292484 5.7220109
4.5803374 1.5305348 5.7224639
4.5788475 1.5306038 5.7243389
4.5797162 1.5316171 5.7247808
4.5790196 1.5312423 5.722056
4.5792246 1.5320855 5.7214101
4.5809569 1.5290742 5.7188248
4.580223 1.5307817 5.7182589
4.5813269 1.5302398 5.7203962
4.5777244 1.5323329 5.7211668
4.5790206 1.529451 5.7214271
4.5781236 1.5278583 5.7205938
4.576965 1.5268287 5.7216174
4.5755004 1.5246678 5.7205382
4.5751349 1.5275286 5.7254141
4.5740466 1.5263568 5.725038
4.5772956 1.5293479 5.7253258
4.5764525 1.5259314 5.7244629
4.5788317 1.5259735 5.7250287
4.5231087 1.5006801 2.0183546
4.5205043 1.4995933 2.0189605
4.5201659 1.5008697 2.0169815
4.519921 1.4989751 2.0156973
4.5209732 1.5010224 2.0168327
4.519944 1.5046665 2.0193791
4.5175477 1.5026987 2.0221473
4.5185858 1.501634 2.0242948
4.5180992 1.500538 2.0214718
4.5160846 1.5033909 2.0212148
4.5166942 1.5031159 2.0184929
4.5166761 1.5043798 2.0198204
4.5195882 1.5026936 2.0185203
4.518981 1.5000721 2.0202096
4.5175915 1.4983347 2.0180179
4.5188954 1.4959832 2.0175746
4.5173818 1.4970457 2.0168666
1.9116755 0.27119638 0.73553185
1.9149705 0.27246278 0.73752142
1.9144879 0.26990092 0.73756835
1.9169056 0.26845518 0.73725182
1.9161326 0.26858372 0.73451758
1.9143122 0.26997182 0.73604432
1.9144283 0.27287964 0.73502494
1.919524 0.27210688 0.73084917
1.9115174 0.27191483 0.73740509
1.8989892 0.27238221 0.74868776
1.8956934 0.27221103 0.75163005
1.897647 0.27202519 0.75027345
1.2652302 2.562998 5.3991417
5.410507 1.4593931 5.3470841
5.4121949 1.4599622 5.3466073
5.4110206 1.4592866 5.3474182
5.41106 1.4613641 5.3480611
5.4092208 1.459178 5.34808
0 0 0
2.1426887 2.3888076 1.3760192
2.145651 2.3869205 1.378248
2.1380066 2.386157 1.3739668
2.1400177 2.3882273 1.3785319
2.1365108 2.3888754 1.3762402
2.1384422 2.3910378 1.3781634
2.1399713 2.3917591 1.3796692
2.1428889 2.393012 1.3811382
2.1435893 2.3907727 1.3816762
2.144062 2.3905513 1.3800877
2.1389702 2.3920852 1.3795107
2.1398584 2.3945961 1.3792966
4.5786041 1.0456473 5.4494859
4.5795084 1.0461345 5.4507499
4.5803122 1.0463427 5.4489299
4.5804276 1.0466198 5.4526061
4.5787608 1.0466268 5.448709
4.5784239 1.047145 5.453202
4.5777075 1.0453687 5.4495627
4.5792664 1.0476541 5.450372
4.5788003 1.0445958 5.4472793
4.5801162 1.0474204 5.4472434
4.5803667 1.0446357 5.4469557
4.5798021 1.0449818 5.4503299
4.5796673 1.0469647 5.4487551
4.5768308 1.0502706 5.4511518
4.5791853 1.0512405 5.4490069
4.5813633 1.0484284 5.4469347
4.5811171 1.0495212 5.4471259
4.5795488 1.0480006 5.4497092
4.5758606 1.0507099 5.4524595
0 0 0
0 0 0
0 0 0
0 0 0
4.5812979 1.0489965 5.4490593
5.2638304 1.2720048 3.0311664
5.2641678 1.2725899 3.0307945
5.26391 1.2719009 3.0300814
5.2639301 1.2734527 3.0321389
5.2654735 1.2745098 3.0313091
5.2647888 1.2720757 3.0339723
0 0 0
3.3328856 2.0795362 3.9741398
3.3321759 2.0785514 3.9738438
3.3313309 2.0785649 3.9704333
3.3342947 2.0783446 3.9757699
3.3336718 2.0784997 3.9752424
3.3376016 2.0777397 3.9796756
3.3383016 2.0797333 3.980684
3.3379423 2.079052 3.9815485
3.3393999 2.0805163 3.9829193
3.33759 2.077269 3.982385
3.33591 2.0761536 3.9814274
3.3327169 2.0758276 3.9782722
3.3335911 2.0755928 3.9758866
3.3365004 2.0774857 3.9774669
3.3361649 2.0762919 3.9751052
3.3350416 2.0760275 3.9771151
3.3326271 2.0758481 3.9755841
3.3348284 2.080284 3.9799004
3.3374096 2.0824826 3.9794077
3.3383464 2.0803562 3.9799592
3.3392779 2.0761928 3.9817861
3.3380424 2.075024 3.9805761
3.3391995 2.0761033 3.9800788
3.336466 2.0804321 3.9758897
3.335827 2.0797724 3.9770087
3.332978 2.0790547 3.9745273
3.3340761 2.0762762 3.977656
3.3330938 2.0760837 3.9780696
3.3344469 2.0776036 3.9798366
0 0 0
4.5775545 1.5297102 5.7243447
4.5802655 1.5301806 5.7237537
4.5789233 1.528982 5.7247647
4.5823411 1.5300948 5.7253817
4.5803011 1.5302873 5.7233503
4.5799339 1.5311693 5.7218168
4.5800659 1.5289039 5.721295
4.5782789 1.5281116 5.7226266
4.580676 1.528548 5.7212022
4.5772148 1.5292038 5.7219659
4.5772743 1.5295562 5.7196605
4.5761528 1.5291159 5.7214776
4.5763987 1.5280765 5.7229464
4.5745195 1.5257329 5.7222121
4.5772129 1.5281512 5.7269078
4.5744577 1.5268234 5.7258276
4.5762547 1.5283701 5.7266863
4.5745736 1.5267589 5.7253296
4.5754911 1.5275944 5.725495
4.5218215 1.5010545 2.0159407
4.5195508 1.4999962 2.0158662
4.5199093 1.5000069 2.0174308
4.5200606 1.4980573 2.0158056
4.5209125 1.5007268 2.0155166
4.519371 1.503658 2.0173612
4.518536 1.5030067 2.0200777
4.5197933 1.502062 2.0225856
4.5181731 1.499177 2.0203741
4.5168303 1.5012863 2.0214732
4.5157211 1.5027779 2.017846
4.5169131 1.5017909 2.0191603
4.5211976 1.5002603 2.0178515
4.5186239 1.4999817 2.019292
4.5178997 1.4995044 2.0168796
4.5179908 1.4970479 2.0172104
4.5190447 1.4966981 2.0165255
4.5223155 1.4950633 2.0173349
1.9155763 0.27264767 0.73563698
1.9133847 0.27060409 0.737449
1.9143895 0.26923055 0.73836004
1.9127378 0.26725046 0.73729619
1.9181128 0.26599846 0.73140475
1.912314 0.26646271 0.73656797
1.9123634 0.26773079 0.73559774
1.9046037 0.27010901 0.74321691
1.9000195 0.27186465 0.74664905
1.901119 0.27247802 0.7449342
1.8988236 0.27219304 0.74862928
5.4128863 1.4592128 5.3483918
5.411859 1.4618698 5.3471001
5.4111941 1.4607687 5.3463484
5.4103918 1.460239 5.3472146
5.409085 1.4578093 5.3471352
5.4086694 1.4569419 5.347773
5.409889 1.4571744 5.3486353
5.4099209 1.4570163 5.3488112
0 0 0
2.137812 2.3890743 1.3734918
2.139631 2.389242 1.3770616
2.1366818 2.3885225 1.3768202
2.1366279 2.3900878 1.3764391
2.1369319 2.3948099 1.3759143
2.140121 2.3961401 1.3759038
2.1427579 2.3927763 1.3783327
2.1454762 2.3906731 1.3792049
2.1412592 2.3901067 1.3806946
2.1403358 2.3935628 1.379907
4.5806296 1.0471298 5.448036
4.5819829 1.0453826 5.4493374
4.5816907 1.0437502 5.4464668
4.579048 1.0446941 5.4513451
4.5787252 1.0467952 5.448831
4.578376 1.0488436 5.4529101
4.5767816 1.0475559 5.4493069
4.5783072 1.0487953 5.448504
4.5778126 1.0446308 5.4466556
4.5789271 1.0473444 5.44799
4.5767477 1.0464657 5.4476124
4.5800193 1.0491844 5.4476315
4.5813373 1.0483206 5.4470702
4.5789412 1.0486558 5.4510833
4.5808089 1.0485626 5.4497416
4.5789232 1.0493915 5.4510742
4.8130783 1.2769755 4.1806275
4.8140141 1.2772715 4.1851479
4.8122772 1.2753326 4.1867964
4.8125679 1.2744824 4.1870419
4.8134353 1.2742894 4.1841674
4.8161321 1.2741358 4.1824878
4.8169238 1.2737302 4.1820247
4.8175766 1.2764295 4.1822282
4.8166288 1.2771658 4.1818206
5.2648003 1.2716913 3.0339288
5.2637748 1.2710233 3.0328611
5.2640863 1.2723426 3.0332537
5.2645092 1.2739866 3.0314675
0 0 0
0 0 0
3.3354979 2.0762335 3.9762831
3.3335411 2.0776557 3.9759083
3.3314313 2.0779579 3.9725102
3.3328281 2.0774008 3.9748464
3.3325229 2.0788994 3.9728557
3.335238 2.0762714 3.9777882
3.3343378 2.0798066 3.9789474
3.3368431 2.080567 3.9818821
3.3376473 2.0845771 3.9831681
3.3363539 2.0801622 3.9819148
3.3358896 2.0770784 3.9822821
3.3360282 2.0749358 3.9806606
3.3363497 2.076987 3.9781181
3.3405157 2.0799347 3.9813319
3.3357876 2.0768419 3.9768131
3.3380312 2.0764857 3.9812817
3.335682 2.0746849 3.9765248
3.3367371 2.0780734 3.9791882
3.3358471 2.0799003 3.9783933
3.3339392 2.0785077 3.9802786
3.3365336 2.0784356 3.9807901
3.338923 2.0767019 3.981257
3.3407899 2.0773274 3.9816896
3.3419192 2.0777301 3.979588
3.3403395 2.0762057 3.9812981
3.3362856 2.0764505 3.9786422
3.3357496 2.0767139 3.9798507
3.335469 2.07824 3.9793194
3.3356363 2.0807137 3.9783109
3.3352491 2.0798714 3.978419
3.3369253 2.0792161 3.9779433
4.5803578 1.5296298 5.7236115
4.5784636 1.5295558 5.7241464
4.5816147 1.5309009 5.7237289
4.5794469 1.5317093 5.721298
4.5796449 1.5307058 5.7182854
4.5814565 1.5289268 5.7187511
4.5803725 1.5278327 5.7226523
4.5804647 1.5301411 5.7224766
4.5786049 1.5302702 5.7240409
4.5787679 1.5302413 5.7201007
4.5773058 1.5288339 5.7227588
4.5771303 1.5258187 5.7235167
4.5736498 1.5249562 5.7246624
4.5761828 1.5272371 5.7256488
4.5748613 1.528866 5.7233264
4.5773415 1.5291677 5.7260691
4.5735458 1.5281747 5.7254195
0 0 0
4.5197349 1.5031588 2.0179645
4.5179694 1.5030151 2.0180448
4.5174692 1.5022142 2.0183083
4.518409 1.4976487 2.0166295
4.5206467 1.4977514 2.0155066
4.5214797 1.4975846 2.0165957
4.5203339 1.4980151 2.0184389
4.5204945 1.4983912 2.0212348
4.5196968 1.5007468 2.0188836
4.5178084 1.5018361 2.0196697
4.5158072 1.5017991 2.0176944
4.515877 1.4994602 2.0205626
4.521661 1.4988687 2.0202713
4.5195552 1.5 2.0206212
4.5222032 1.4991992 2.0198214
4.5180334 1.4995679 2.019279
4.5218478 1.499215 2.0206357
4.522724 1.5003308 2.0198096
4.5226921 1.5019025 2.0197485
1.9114129 0.27079723 0.74098427
1.9124446 0.26907725 0.74021793
1.913572 0.26799247 0.73628287
1.9240222 0.26930126 0.7228199
1.912598 0.27029278 0.73459621
1.9142062 0.26836453 0.73212021
1.9050211 0.26822795 0.74087049
1.9016749 0.27012414 0.74434742
1.9031817 0.27123489 0.74288679
5.4102997 1.4589869 5.3510385
5.4109042 1.4605448 5.347868
5.4113718 1.4607238 5.3471802
5.411744 1.4600304 5.3445717
5.4116087 1.4587065 5.3473042
5.4094827 1.4563534 5.3462969
5.4083997 1.4570635 5.3478288
5.4085383 1.4560482 5.3482701
5.4097793 1.4569861 5.3491028
5.4114011 1.4574499 5.3491525
5.4094066 1.4602846 5.3497667
5.4112462 1.4600886 5.348188
5.4096667 1.4613768 5.3500027
5.4107063 1.4597021 5.3489242
5.4060143 1.4566558 5.3522313
5.4084219 1.4564987 5.3511473
5.4093906 1.4545512 5.352369
5.4090275 1.4565706 5.3503033
5.4076504 1.4579237 5.347592
5.4063838 1.4598767 5.3477254
4.5802883 1.0530254 5.4495452
4.5802722 1.0502373 5.451137
4.5783729 1.0476684 5.4506153
4.5774998 1.0482283 5.4535033
4.5766074 1.0479325 5.4528812
4.5754089 1.047085 5.4543871
4.5751505 1.0466679 5.4519434
4.5769549 1.0486035 5.4507074
4.57739 1.0458569 5.4466504
4.5775363 1.0473875 5.4485657
4.5750296 1.0464634 5.4490518
4.5768174 1.0473868 5.4502991
4.5792776 1.0479279 5.4495864
4.5804178 1.0487648 5.450148
0 0 0
4.8127956 1.2751934 4.182879
4.8120891 1.2764446 4.1819063
4.8126774 1.2770813 4.1852075
4.8142065 1.2769677 4.1861825
4.8134856 1.2729315 4.1871
4.8134179 1.2727071 4.1818549
4.8145642 1.2722183 4.1814654
4.8163872 1.2737401 4.1816155
4.8161741 1.2757148 4.1830339
4.8148864 1.2765919 4.1835977
4.814365 1.2767281 4.1835236
5.2632167 1.2731132 3.0356294
0 0 0
3.3373134 2.076904 3.9796184
3.3376316 2.0743818 3.9809172
3.3351819 2.0779989 3.9805792
3.3331984 2.0769251 3.9765714
3.3341084 2.0804489 3.9771134
3.3358698 2.0792205 3.9764115
3.3355238 2.0799674 3.9771942
3.3327718 2.0788646 3.9743721
3.3352079 2.0764246 3.9797743
3.3338808 2.077447 3.9806286
3.335439 2.0783256 3.9827239
3.3355382 2.0819957 3.9813665
3.3380754 2.0795548 3.9814454
3.3394251 2.0782932 3.9826099
3.3378082 2.0769401 3.9797228
3.3365781 2.0782687 3.9777939
3.3385387 2.080618 3.9810494
3.337859 2.07603 3.9796884
3.3376553 2.0772933 3.9816869
3.3357136 2.0741239 3.9779592
3.333363 2.077509 3.9807341
3.3363832 2.0783188 3.9786706
3.3347764 2.0782036 3.9807747
3.3375889 2.0785593 3.9807724
3.3393697 2.0766499 3.9829057
3.3398125 2.076616 3.9826092
3.3395913 2.0752562 3.9831867
3.3372064 2.0761725 3.9845002
3.3363936 2.0743865 3.9810303
3.3350104 2.0773689 3.9792966
3.3341238 2.0770923 3.9771449
3.3343091 2.0796151 3.9773253
3.333469 2.0793657 3.978574
3.3363476 2.0795897 3.9801459
3.3363155 2.0798688 3.9788699
4.5788818 1.5267757 5.7223673
4.5805827 1.5271652 5.7223513
4.5788373 1.5280272 5.7210906
4.578599 1.526952 5.7206322
4.5782846 1.5283245 5.7207232
4.5760159 1.5293404 5.7215836
4.5766848 1.5289012 5.7201636
4.5765727 1.5304731 5.7204892
4.5769843 1.5289307 5.7186569
4.5767349 1.5300385 5.7217974
4.5773122 1.5265308 5.7212311
4.5751645 1.5280378 5.7223586
4.5782937 1.5268707 5.7232505
4.5746013 1.5289835 5.7244627
4.5770151 1.5268214 5.7258176
4.5732972 1.5284105 5.7229753
4.5730031 1.5293729 5.7219349
4.5155976 1.5012211 2.0153907
4.5177118 1.5005237 2.0170819
4.5180079 1.5010486 2.0173385
4.5184279 1.4972629 2.0196842
4.5179281 1.4971284 2.0165207
4.5201 1.495924 2.0169413
4.5201042 1.4986146 2.0160452
4.5209407 1.4983191 2.0193178
4.5199466 1.5005043 2.0177819
4.5178054 1.4995713 2.018219
4.5194051 1.5018971 2.0170067
4.5188265 1.5007708 2.0198711
4.5210312 1.5018046 2.020042
4.5182469 1.5010718 2.0202204
4.5210492 1.4992017 2.0215299
4.517317 1.4998489 2.0201783
4.5220204 1.4989618 2.0187115
4.5218285 1.5005539 2.0152032
4.5223344 1.5009458 2.0147824
1.9099524 0.27307296 0.74033872
1.9115234 0.27203698 0.73715838
1.9155697 0.27075534 0.73238107
1.9263002 0.2677 0.72167631
1.9214666 0.26728603 0.72834738
1.9196847 0.26697125 0.72868403
1.9125073 0.26945553 0.73386638
1.9070285 0.27117787 0.73934277
5.4118817 1.4591823 5.3499998
5.4107073 1.4576985 5.3501983
5.4115275 1.4604431 5.3488527
5.4108877 1.4593347 5.349206
5.4109743 1.4599945 5.3474067
5.4102617 1.4582279 5.3496264
5.4084074 1.4539355 5.3469229
5.4082658 1.4554363 5.3484728
5.40627 1.456455 5.3482708
5.4078193 1.4587851 5.349748
5.4091361 1.458992 5.3487133
5.4107321 1.4610477 5.3502459
5.4135192 1.4632024 5.3516966
5.4112578 1.462846 5.3525669
5.4097388 1.460158 5.3519882
5.407376 1.4566818 5.3520366
5.4096722 1.4581893 5.3518218
5.4105135 1.4557727 5.3521992
5.4099769 1.4577217 5.3504099
5.4085274 1.4563574 5.3487484
5.4087674 1.4589938 5.3482626
4.5791292 1.0507862 5.4491423
4.5779321 1.0484877 5.449044
4.5753372 1.0479789 5.4498371
4.5772979 1.0483272 5.4492234
4.5776141 1.0492658 5.4505393
4.577026 1.0471234 5.4502813
4.5780712 1.0453967 5.4479378
4.5785107 1.0455651 5.4488042
4.58193 1.0468941 5.4463214
4.5775252 1.0466555 5.450161
4.5759174 1.0497629 5.4498328
4.5775333 1.0486445 5.4495914
4.5804708 1.0476945 5.4488676
4.8135175 1.2751763 4.1822602
4.8130527 1.2740284 4.1826307
4.8129557 1.2756514 4.1827145
4.8136561 1.2763839 4.1827893
4.8145693 1.276172 4.1843071
4.8160423 1.276867 4.1827788
4.8143017 1.2724254 4.1849733
4.8127147 1.2753176 4.1836204
4.8105888 1.2741386 4.1853062
4.8109344 1.2758738 4.1831983
4.8128927 1.2749831 4.1836785
4.8142099 1.2772622 4.1813459
4.8120926 1.2767813 4.1827995
4.81086 1.2776053 4.1818307
3.3325896 2.0789609 3.9794177
3.335931 2.0785933 3.98175
3.3357324 2.0760757 3.9798633
3.3356497 2.0759839 3.9793782
3.3367988 2.0754826 3.9782705
3.3388508 2.079759 3.9804229
3.3395744 2.0798523 3.9810095
3.3385575 2.0809911 3.9804306
3.3343784 2.0794258 3.9754553
3.3339167 2.075038 3.9774461
3.3329181 2.0751164 3.9758359
3.3348842 2.0778992 3.9792634
3.3340181 2.083605 3.9775189
3.3352413 2.0815 3.9802796
3.3369414 2.0817316 3.9798353
3.3353803 2.0788783 3.9778291
3.337272 2.0795683 3.9762994
3.337571 2.0817267 3.978043
3.3386251 2.077475 3.9784382
3.3357025 2.0794044 3.9805832
3.3362251 2.0748964 3.9764321
3.3329067 2.0759576 3.9782046
3.3352935 2.0764013 3.977118
3.3331991 2.0784278 3.9792117
3.3330738 2.0809514 3.9764998
3.3363543 2.0789847 3.9791982
3.3386 2.0782154 3.9814731
3.3416418 2.0756381 3.9835181
3.3373862 2.0775821 3.9828579
3.3357419 2.0756738 3.9803332
3.3351006 2.0779196 3.9814128
3.3365089 2.0765994 3.9787861
3.3340918 2.0785732 3.9787332
3.3312047 2.0796045 3.9754413
3.3337259 2.0787531 3.9779976
3.3366699 2.079329 3.9790143
3.3402921 2.0777624 3.9812738
0 0 0
4.577863 1.5282945 5.7202644
4.5786765 1.5259631 5.7217888
4.5784835 1.5268473 5.7205901
4.577908 1.5290376 5.7223176
4.5761196 1.530011 5.7188984
4.5757376 1.5301151 5.7196973
4.5761147 1.5257621 5.7174485
4.5758618 1.5276721 5.7205689
4.5755208 1.5264513 5.7209275
4.5725692 1.5279687 5.7245229
4.5744294 1.5274576 5.7233549
4.5728417 1.5300279 5.7239256
4.5772667 1.5251513 5.7263224
4.5744017 1.5266507 5.7226934
4.5731298 1.5279537 5.7216712
4.5158993 1.500034 2.0160826
4.5165654 1.5013421 2.0180249
4.5163171 1.5016818 2.0177389
4.5191763 1.4985695 2.0197909
4.518849 1.4957618 2.0155665
4.5196924 1.492704 2.0176852
4.5178314 1.4947168 2.0162742
4.5184351 1.4960712 2.0190223
4.5178638 1.5001724 2.0169676
4.5187176 1.4996754 2.0166943
4.5200831 1.5018204 2.0177704
4.5188549 1.5023673 2.0211095
4.5186046 1.5035966 2.0233482
4.5153837 1.5017736 2.0218224
4.5161398 1.4995902 2.0201262
4.5181904 1.5007822 2.0202959
4.5195758 1.5014665 2.0192178
4.5196019 1.5028597 2.0211572
4.5181002 1.50406 2.0185249
4.5176743 1.505079 2.0181617
1.9162354 0.27050988 0.73156066
1.9217261 0.27097681 0.72434272
1.9219034 0.27120541 0.72630572
1.918705 0.27356824 0.73052052
1.910673 0.27067536 0.73874553
1.9190865 0.27020773 0.72710206
5.41103 1.4560755 5.3502313
5.4087887 1.4588661 5.3541999
5.4076925 1.4582792 5.3525256
5.407822 1.4613935 5.3489341
5.4078572 1.4586421 5.3463056
5.410859 1.4562048 5.3464145
5.4095348 1.4570619 5.3503285
5.4084001 1.455836 5.3485914
5.4088946 1.4586785 5.3493841
5.406513 1.458749 5.3479869
5.4075074 1.4598171 5.3495643
5.4079737 1.4608256 5.3493338
5.4099465 1.4605034 5.3521861
5.4116278 1.4609409 5.3533903
5.411882 1.4605724 5.3513045
5.4103435 1.4581738 5.3505025
5.4099347 1.455349 5.3486038
5.4105221 1.4561731 5.3510775
5.4121657 1.456056 5.3518667
5.4125395 1.460685 5.3507602
5.4115472 1.4613764 5.3503109
5.4091864 1.4624478 5.3496993
5.4091095 1.4582664 5.3495918
4.5768179 1.0492555 5.4496584
4.5741901 1.0511852 5.452424
4.5787 1.0499357 5.4486168
4.579332 1.0503084 5.4495782
4.578852 1.0456161 5.4486104
4.5809015 1.0438058 5.4476055
4.578627 1.0414887 5.4493072
4.5823534 1.0487004 5.4480979
4.5782482 1.0463381 5.450755
0 0 0
4.8095545 1.2721575 4.1789642
4.8106134 1.2736731 4.1797577
4.8117153 1.2731239 4.1817583
4.8123772 1.2737765 4.1829926
4.8119036 1.2746701 4.1833277
4.8125992 1.278373 4.1829905
4.8137359 1.2791453 4.1833588
4.8149467 1.2792242 4.1828748
4.8120665 1.272706 4.1829786
4.8110437 1.2732653 4.1819228
4.8082578 1.272045 4.1843192
4.8107338 1.2768121 4.1834416
4.80964 1.2750541 4.1849683
4.8090815 1.2756671 4.1821408
4.8097588 1.2727536 4.1828665
4.8104132 1.2732814 4.181953
3.334616 2.079204 3.9805507
3.3396428 2.0778651 3.9825987
3.3397098 2.0765415 3.980998
3.3377709 2.0772594 3.98093
3.3350722 2.0763362 3.9790347
3.3383117 2.0768095 3.9822684
3.3418917 2.0777375 3.9820014
3.3400845 2.0774155 3.9821038
3.3370269 2.07891 3.9791577
3.3360902 2.0771741 3.9799794
3.3355514 2.0793974 3.9780039
3.3345443 2.0782948 3.980253
3.3361136 2.0807905 3.9772506
3.3361651 2.0778138 3.9803453
3.3379923 2.0784321 3.9791787
3.3347624 2.0786679 3.9784569
3.3355189 2.0800312 3.9759352
3.3349124 2.0799179 3.9780939
3.3375304 2.0770041 3.9775886
3.3357081 2.0781103 3.9786679
3.3371054 2.0749442 3.9754049
3.3352774 2.0762393 3.9783836
3.3381393 2.0770202 3.9801151
3.3351093 2.0787497 3.9812937
3.333621 2.0825909 3.9770824
3.3352559 2.0793682 3.976804
3.3344512 2.0787407 3.9757635
3.336452 2.0767661 3.9776316
3.3357812 2.0789052 3.9805019
3.3366204 2.0798003 3.980553
3.3377877 2.0780951 3.9822468
3.3371563 2.0758665 3.9787099
3.3343262 2.0740048 3.9776185
3.3333847 2.0775428 3.975851
3.3333669 2.0785577 3.9772482
3.3351288 2.0796303 3.9787362
3.3371173 2.0783973 3.9787596
0 0 0
3.7784002 1.0426229 2.2868551
3.779836 1.0427211 2.2865782
4.5765352 1.5277449 5.7199903
4.5770572 1.529517 5.720401
4.5750205 1.5297403 5.7143388
4.5764024 1.5277751 5.7181518
4.5763492 1.5264963 5.7167554
4.574661 1.5269656 5.7221811
4.5759346 1.5259469 5.7199007
4.5747817 1.5272364 5.7229038
4.5759225 1.5274243 5.723362
4.5754074 1.5279134 5.7248097
4.5765457 1.5241543 5.7265131
4.5769159 1.5254011 5.7240468
4.5785507 1.5253495 5.7233359
0 0 0
4.51624 1.4994327 2.0177039
4.5183252 1.4978593 2.0163867
4.5188467 1.4986314 2.0193357
4.5169052 1.4983692 2.0186856
4.5161133 1.4982241 2.0206124
4.5162934 1.4982568 2.0201427
4.5183855 1.4972219 2.0202241
4.5164177 1.4996238 2.018497
4.5184186 1.4990728 2.016238
4.5209314 1.5007477 2.0173487
4.5209277 1.5034274 2.0189989
4.5196912 1.5052229 2.0207551
4.5154703 1.5052786 2.0207428
4.5152251 1.5011237 2.0177833
4.5157834 1.498722 2.0193592
4.5167099 1.499986 2.0143857
4.5167924 1.4987797 2.01683
4.5151574 1.5028732 2.0125454
4.5140249 1.5035313 2.014377
1.9148542 0.26925806 0.73116843
1.9195541 0.27087041 0.7276881
1.9178374 0.26996303 0.73271064
1.9250677 0.27160679 0.72599623
1.9145652 0.27098226 0.73604162
5.4072655 1.4579367 5.3494676
5.4118169 1.4544951 5.3503889
5.410834 1.457703 5.3520899
5.4085967 1.4575615 5.350095
5.4087748 1.4592639 5.3480388
5.4084658 1.4586993 5.3459205
5.4104794 1.4547654 5.3469944
5.4095443 1.4558565 5.3503166
5.4099307 1.4545215 5.3493485
5.4098204 1.4581455 5.3508896
5.4055821 1.4581191 5.35041
5.4057671 1.4582091 5.3518968
5.4064302 1.459597 5.3517173
5.4109164 1.4604363 5.3532045
5.4128528 1.4600312 5.3531472
5.4130195 1.4591358 5.3522318
5.4117829 1.4588393 5.3523538
5.412337 1.4586628 5.3502375
5.41257 1.4584535 5.3517245
5.4127361 1.4591987 5.3502128
5.4113102 1.4615262 5.3506859
5.4120413 1.4593519 5.3508436
5.4104912 1.4593865 5.3506155
5.4109909 1.4583763 5.3509399
5.4086434 1.4587093 5.3512443
4.8068323 1.2774908 4.1821106
4.8074681 1.2779378 4.1812547
4.8100135 1.275642 4.1813112
4.8093893 1.275333 4.1803777
4.813103 1.2729282 4.1809099
4.8125388 1.2733982 4.1800603
4.8121025 1.2735528 4.1805452
4.8094068 1.2716031 4.1819768
4.8127933 1.2736132 4.1815427
4.8109816 1.2726229 4.1810068
4.8126878 1.2724277 4.1813362
4.8101113 1.271845 4.1832212
4.8103159 1.2722453 4.1847942
4.8117719 1.2742588 4.1858219
4.8129296 1.2785819 4.1864462
4.8128129 1.2795729 4.1858274
4.8139104 1.2784083 4.1853567
4.8133252 1.2731275 4.1823174
4.8154655 1.2748218 4.1823162
4.8113713 1.2744073 4.1837375
4.8114096 1.27774 4.1837364
4.808046 1.275454 4.1838623
4.8097559 1.2770925 4.1821474
4.8107195 1.2739074 4.1827335
4.8102883 1.2749147 4.1830132
3.334537 2.0811048 3.9852814
3.3386899 2.0808763 3.9821765
3.3391125 2.0762928 3.9786837
3.3403957 2.0763429 3.979041
3.3392308 2.0766285 3.9800294
3.341454 2.0759279 3.9842077
3.3413489 2.07532 3.9830409
3.3379281 2.0743814 3.9827451
3.3362301 2.0768198 3.9792155
3.3351658 2.0752455 3.9793381
3.3387449 2.0786179 3.9790284
3.3368245 2.0793821 3.9805731
3.3389751 2.0820865 3.9802048
3.3357331 2.0802228 3.9817194
3.3375992 2.0794461 3.9791148
3.3354523 2.0792852 3.9787518
3.3361218 2.0797609 3.9760604
3.335761 2.0785103 3.9778475
3.3356523 2.0774808 3.9778396
3.3362475 2.0770678 3.9788367
3.3384548 2.0761569 3.9770123
3.3385584 2.0766154 3.9769384
3.3386131 2.0774907 3.978879
3.3369838 2.0790107 3.9790886
3.3331354 2.0809932 3.9769651
3.3333987 2.0790329 3.9756007
3.3327945 2.0782232 3.974183
3.3361891 2.0771021 3.9770661
3.3346483 2.0765271 3.9771364
3.3367249 2.0777481 3.9784321
3.3366074 2.0747886 3.9808514
3.3383324 2.0746034 3.982786
3.3340712 2.0745177 3.9781286
3.3325418 2.078729 3.9765956
3.3325651 2.0800127 3.9730271
3.3335469 2.0778923 3.9775643
3.3351914 2.0758406 3.9794104
3.7766876 1.0423835 2.2890956
3.7786692 1.0426254 2.2873376
3.7797983 1.042733 2.2867917
3.7815359 1.0416637 2.2838514
0 0 0
0 0 0
4.5766446 1.5258663 5.717836
4.576021 1.5250707 5.7152617
0 0 0
0 0 0
4.5741004 1.523822 5.7246414
4.5756948 1.5253891 5.7235437
4.5770538 1.5269368 5.7236026
4.5790784 1.5245931 5.7240203
4.5813694 1.52589 5.7250613
4.5831987 1.5246203 5.7265631
0 0 0
4.5174367 1.5013674 2.0154524
4.5190275 1.4997102 2.0142518
4.5191236 1.5010234 2.0162719
4.5214023 1.4981738 2.0166965
4.5190948 1.4962858 2.0181161
4.5180399 1.496768 2.0189027
4.5174189 1.4968593 2.0171421
4.5169904 1.4994936 2.0185857
4.5179854 1.4995925 2.0162276
4.5193457 1.5006867 2.0184812
4.5192793 1.5033583 2.0201992
4.5199345 1.5031694 2.020601
4.517231 1.5033423 2.021441
4.5185386 1.4999312 2.0142107
4.5175335 1.4998898 2.017947
4.5179495 1.4998416 2.0161652
4.5152567 1.4971218 2.0203923
4.5173168 1.4998146 2.0189338
4.5187078 1.4999837 2.0183815
0 0 0
1.917656 0.26925324 0.73109619
1.9102511 0.26981253 0.73912544
1.9046058 0.27249781 0.74460309
5.4104682 1.4561789 5.3490543
5.4115299 1.457624 5.3481934
5.4120019 1.4552552 5.350355
5.4102706 1.4576073 5.352784
5.407656 1.4579411 5.3496405
5.4078759 1.4597044 5.3465974
5.4076805 1.4591239 5.3455432
5.4106436 1.4540587 5.3480756
5.4100156 1.4538133 5.3537192
5.4096738 1.4544745 5.3519738
5.4117537 1.4570331 5.3535523
5.4097551 1.4578887 5.3517847
5.4109616 1.4567651 5.3522298
5.4066853 1.4575791 5.3509832
5.4077324 1.4576435 5.3522672
5.4095176 1.4586694 5.3520445
5.4120636 1.4585739 5.3495994
5.4145587 1.4585639 5.3485577
5.412809 1.4592894 5.3469123
0 0 0
5.7732042 1.483872 4.4640019
5.7731852 1.4826822 4.4654067
5.7747449 1.4819993 4.463688
5.7777284 1.4746241 4.4654646
5.7772713 1.4764281 4.4664511
5.7759731 1.4727052 4.4662539
4.8083853 1.2800011 4.1809846
4.8080631 1.2778141 4.1806793
4.8107019 1.2757564 4.178722
4.8109246 1.2767882 4.1796215
4.8121179 1.2755412 4.1789537
4.8111082 1.2749886 4.1810336
4.8102806 1.2762937 4.1815143
4.8067097 1.2751224 4.1847541
4.80917 1.2756439 4.1826223
4.8064973 1.2739222 4.1836239
4.8103211 1.2732218 4.1834019
4.808089 1.2734723 4.1830622
4.8094072 1.2704337 4.1830464
4.8099887 1.2738741 4.1833481
4.8127021 1.2770714 4.186522
4.8140094 1.2815276 4.185098
4.8148479 1.28141 4.1851125
4.8136996 1.2751041 4.1801933
4.815815 1.2731189 4.1802298
4.8120998 1.2715454 4.180263
4.8117292 1.2751396 4.1825916
4.808527 1.274445 4.1834927
4.8121509 1.2763841 4.1837228
4.8125375 1.2758485 4.182955
4.8152912 1.2772525 4.1831602
3.3341638 2.0809252 3.9787699
3.3388219 2.0795907 3.9791073
3.3391872 2.0760892 3.9789711
3.3387825 2.0777086 3.9786226
3.3358585 2.0780816 3.9809239
3.3379327 2.0764539 3.9826481
3.335063 2.0779003 3.9798318
3.3340822 2.0761834 3.9802804
3.334271 2.0774277 3.9774324
3.33658 2.078616 3.9806677
3.3397905 2.0812238 3.9815387
3.3366092 2.0820724 3.9824096
3.340426 2.0809547 3.9810318
3.3355367 2.0793751 3.9783142
3.3379282 2.0767601 3.9797385
3.3348769 2.0783999 3.9793485
3.3371811 2.0780297 3.9790043
3.3349292 2.076831 3.9791882
3.3358193 2.0766543 3.9804574
3.336894 2.0764815 3.9796289
3.3385785 2.0773551 3.9764243
3.3409528 2.0764884 3.9749037
3.3400049 2.0774582 3.9786166
3.3408874 2.0788183 3.979843
3.3372642 2.0808863 3.9795447
3.3363211 2.0797368 3.9775003
3.3333071 2.0776614 3.9754181
3.3344416 2.0753582 3.9777195
3.3353785 2.075354 3.9776693
3.3397072 2.0778396 3.981443
3.3362201 2.0770329 3.9788914
3.3370566 2.0755087 3.982869
3.3344781 2.0760541 3.9766083
3.3346041 2.0750161 3.9770178
3.3352027 2.0767645 3.9731496
3.3328348 2.0748488 3.9778984
3.3342813 2.0751923 3.9803496
3.7775095 1.0442746 2.2882476
3.7791237 1.0452014 2.2876136
3.7812817 1.0462021 2.2873744
3.7839448 1.0428124 2.2848439
3.7809805 1.0406646 2.2859236
3.7796521 1.0391081 2.2861842
3.7765572 1.0402421 2.2862335
3.7778766 1.0420714 2.2871033
3.7764722 1.0403107 2.2868925
3.7779028 1.0417789 2.2905547
3.7770118 1.0411453 2.2885133
3.7813487 1.044095 2.286413
3.7774712 1.0459832 2.2864271
3.7781106 1.0441094 2.2863853
3.7760057 1.0432195 2.2877278
0 0 0
4.5186338 1.4998269 2.01383
4.5167362 1.4994954 2.0153031
4.518747 1.4974642 2.0144149
4.5183249 1.4972817 2.0165586
4.52137 1.4998613 2.0165731
4.5191247 1.50204 2.0186968
4.52013 1.5015379 2.0213178
4.5166094 1.4991903 2.0210021
4.5146817 1.5014571 2.0216377
4.5156419 1.5011923 2.0175502
4.5182811 1.5007749 2.0193919
4.5191422 1.502057 2.0184246
4.5209224 1.5010174 2.0163042
4.519767 1.5015422 2.0188999
4.5196677 1.4994571 2.0167866
4.5174512 1.4970264 2.0175849
4.5181216 1.4978987 2.0156886
4.5177946 1.4981249 2.0165417
4.5190514 1.4979197 2.0178274
4.5184091 1.4981221 2.0184719
1.9112753 0.26933119 0.73548968
1.9073937 0.26935375 0.74206236
1.9053726 0.26890597 0.74416631
1.9044686 0.26946903 0.74590057
5.407617 1.4582426 5.3488959
5.4091394 1.4583818 5.3489403
5.4122567 1.4567888 5.3489675
5.4124483 1.4574225 5.3485209
5.4093598 1.457656 5.3460573
5.4090722 1.4584587 5.3461132
5.4097935 1.4588737 5.3475606
5.4102587 1.4534072 5.3480722
5.4112023 1.4525949 5.3504259
5.4112348 1.4524084 5.3488972
5.415191 1.4577457 5.3513888
5.4116825 1.4587838 5.3500017
5.4142528 1.4572097 5.3516316
5.4090282 1.4570253 5.3508488
5.4108499 1.4571062 5.3511791
5.410593 1.4571507 5.3482112
5.4109315 1.4573212 5.3473756
5.4131113 1.4588639 5.3491506
0 0 0
0 0 0
5.7739686 1.4812094 4.4650132
5.7733864 1.480189 4.4657213
5.7729239 1.478817 4.4623791
5.7760892 1.4754872 4.465139
5.7742777 1.4775926 4.4655367
5.7758384 1.475502 4.466771
4.8126417 1.2823374 4.1817117
4.8120689 1.2809257 4.1822766
4.8120922 1.2794265 4.1803584
4.8121346 1.2747169 4.1835349
4.8125929 1.2726219 4.1807345
4.8129864 1.2713204 4.1816306
4.8109118 1.2743231 4.1809421
4.8086209 1.2752166 4.1842415
4.8116671 1.2764853 4.1835191
4.8103511 1.2761818 4.1858761
4.8131208 1.274438 4.1831559
4.8100715 1.274597 4.1836964
4.8099928 1.2695472 4.1835867
4.8110486 1.2707172 4.1821976
4.8107623 1.2721517 4.186912
4.8122447 1.2779462 4.1859535
4.8125836 1.2781334 4.186653
4.8167404 1.2739067 4.1818665
4.8177204 1.2732686 4.1802516
4.816796 1.2723088 4.1789173
4.8146277 1.2747065 4.1814456
4.8099284 1.2748011 4.1848395
4.8121443 1.2769351 4.1881309
4.8109555 1.2780306 4.1858881
4.8133786 1.2775341 4.1850685
3.332963 2.0822838 3.9783931
3.3348371 2.0804741 3.9771867
3.3352094 2.0796043 3.9783451
3.3376481 2.079777 3.9792857
3.336195 2.0822048 3.9793664
3.3367214 2.0785082 3.9792357
3.3337039 2.0789578 3.9786454
3.3337207 2.0767249 3.9796869
3.3332786 2.0782029 3.9769727
3.3360372 2.0783585 3.9804991
3.3386253 2.0779091 3.9794616
3.3387193 2.080889 3.9813662
3.3411575 2.0795513 3.9801771
3.3358068 2.0813714 3.9788408
3.3383813 2.0787215 3.9810531
3.334029 2.0797935 3.9775657
3.3365217 2.0779748 3.9769523
3.334789 2.0789729 3.9758068
3.3358497 2.0793125 3.9794189
3.3376468 2.078013 3.9815088
3.3378342 2.0777185 3.9820972
3.3388298 2.0769918 3.9777663
3.3360792 2.0792079 3.9766183
3.3371433 2.0790864 3.9755452
3.3349026 2.0826486 3.9766537
3.3355034 2.0809622 3.9769973
3.3352745 2.0794923 3.9754352
3.3355019 2.0736643 3.9768806
3.3335904 2.0718242 3.9748913
3.336526 2.0764159 3.9785956
3.3349391 2.0785365 3.9793199
3.3367687 2.0776 3.983134
3.3344379 2.0785806 3.9785851
3.3339093 2.0764413 3.9783224
3.3341795 2.077502 3.9774826
3.3340739 2.074563 3.9820308
3.3374479 2.0743619 3.9853413
3.7819828 1.0438928 2.2852096
3.7822329 1.0461201 2.2859092
3.7825298 1.0486369 2.2863159
3.7825265 1.0439613 2.2851566
3.7810383 1.0410128 2.2836114
3.7802261 1.0365592 2.2847436
3.7770304 1.0392923 2.2868274
3.777259 1.042536 2.2899327
3.7758543 1.0421355 2.2904055
3.7797894 1.0445616 2.2910543
3.7790536 1.0429049 2.287626
3.7829658 1.0442356 2.284065
3.7767015 1.045079 2.2849719
3.7784882 1.0445648 2.2866852
3.7760132 1.043789 2.2887169
3.7783291 1.0414729 2.2862911
4.5200421 1.5002546 2.013868
4.5185012 1.4993509 2.0147699
4.5190123 1.4995602 2.0148104
4.5183341 1.5009718 2.0164544
4.5220055 1.5002894 2.0162008
4.5205416 1.4991626 2.0173173
4.520372 1.4970879 2.016995
4.5156073 1.4978753 2.0175141
4.5157455 1.499292 2.0196458
4.5156977 1.5017734 2.0189344
4.5171852 1.501407 2.0197224
4.5176936 1.5024036 2.0180334
4.5182992 1.4999605 2.0199075
4.5205226 1.4990547 2.0198422
4.5224229 1.4987563 2.02092
4.5221475 1.4990359 2.0176973
4.5187965 1.4987901 2.0157386
4.5180538 1.4995283 2.0146237
4.5186792 1.4979613 2.0182981
4.5200843 1.4990183 2.0205349
1.9141147 0.26848595 0.73218118
1.9090887 0.2672968 0.73939924
1.9041408 0.26728363 0.74360457
5.4081572 1.4558768 5.3498078
5.4111408 1.4557762 5.3474893
5.4128318 1.4570848 5.3475161
5.4137236 1.456501 5.3468622
5.4103645 1.4570449 5.3485602
5.409923 1.4586968 5.3472394
5.4080292 1.4595421 5.3480361
5.4090931 1.4616136 5.3495916
5.4083703 1.4582429 5.3509965
5.4115771 1.458198 5.3491932
5.4104199 1.4550815 5.3478355
5.4147305 1.4588131 5.3475922
5.4138705 1.4569894 5.3484978
5.4165317 1.4565727 5.350605
5.4117594 1.4543255 5.3480854
5.4101304 1.4555048 5.3516217
5.4076366 1.456148 5.3491043
5.4110725 1.4581966 5.3508425
5.7756449 1.478083 4.4618926
5.7748693 1.4772326 4.4609748
5.7717624 1.4799791 4.4641461
5.772265 1.4771894 4.4666667
5.7712002 1.4783933 4.4685842
5.7717752 1.4752864 4.4641797
5.7729825 1.4736864 4.4627213
5.7719855 1.4746841 4.4620771
5.7730877 1.4757008 4.4651073
0 0 0
4.8140206 1.2778009 4.183516
4.8128667 1.2780221 4.1813073
4.8144565 1.2761007 4.1815845
4.8117834 1.2768765 4.1818573
4.8118215 1.2747383 4.1826414
4.8103351 1.2767702 4.1835035
4.810947 1.27816 4.1832817
4.8118161 1.2780699 4.1819482
4.812046 1.2760289 4.1849518
4.8143474 1.2759492 4.1839747
4.8144861 1.2761138 4.1816186
4.8124474 1.2735062 4.1799976
4.8134958 1.2720739 4.1788031
4.8137662 1.2726093 4.1833483
4.8149978 1.2757335 4.1821748
4.8136565 1.2765914 4.1815243
4.8124647 1.2737825 4.180029
4.8135757 1.2708379 4.1794363
4.8110029 1.2723702 4.1815858
4.8115701 1.2731733 4.1828538
4.8087269 1.2740126 4.18427
4.8108179 1.2730508 4.1854482
4.8103394 1.2749799 4.1820405
4.8134228 1.2737422 4.1815059
0 0 0
3.332247 2.0812185 3.9775881
3.3314616 2.0838052 3.9789842
3.3331079 2.0825362 3.9801906
3.3329451 2.0820539 3.9776568
3.3327226 2.0784939 3.9781548
3.3314167 2.0792328 3.9759613
3.3314122 2.0793072 3.9769868
3.3336491 2.0809596 3.9778611
3.3362685 2.0804689 3.980317
3.3335988 2.0801361 3.9785793
3.334781 2.0805339 3.9790499
3.3361316 2.079898 3.9768913
3.3349577 2.0807654 3.9781155
3.3363551 2.0778627 3.9803794
3.3348732 2.0785627 3.9808186
3.3358206 2.076865 3.9784636
3.3368154 2.0791847 3.9777612
3.3358661 2.0774756 3.9764925
3.3349037 2.0786442 3.9771273
3.3334709 2.0772188 3.9786595
3.3345032 2.0774473 3.9765037
3.334732 2.0771714 3.9782393
3.3356181 2.0775095 3.977749
3.3354538 2.0815716 3.9778129
3.3364133 2.07893 3.9784106
3.3364515 2.0782068 3.9768125
3.3366563 2.0741477 3.9775678
3.3365131 2.0741007 3.9773066
3.3380171 2.077446 3.9778832
3.3358811 2.0796866 3.9813206
3.3346338 2.0805362 3.9820396
3.3370264 2.078519 3.9835962
3.3376091 2.0737511 3.9814822
3.3366411 2.0735385 3.9793058
3.3358601 2.0724246 3.9833842
3.3381176 2.0759724 3.9847128
3.7815569 1.0455131 2.2854281
3.7802824 1.0480228 2.285776
3.7812066 1.0475777 2.2856376
3.7809336 1.0434236 2.2857373
3.7805908 1.0414198 2.2832876
3.7793611 1.037938 2.2852506
3.7774116 1.0388208 2.2853937
3.7750887 1.039442 2.2891412
3.775034 1.0415898 2.2907951
3.7793853 1.0431847 2.2895573
3.7779525 1.042969 2.286057
3.7815534 1.0437418 2.2832657
3.7752095 1.0425971 2.2856738
3.7761666 1.0431398 2.2872961
3.7750651 1.043789 2.2897453
3.7768403 1.0456011 2.2886011
5.2618469 1.9187463 1.454898
5.2634679 1.9200632 1.458278
5.259559 1.9203938 1.4554791
5.2609048 1.9221731 1.4570941
4.5194934 1.500491 2.0170876
4.5177132 1.5031748 2.0170587
4.5184226 1.5003413 2.0164623
4.5150125 1.5010449 2.0187384
4.5173469 1.501024 2.0193895
4.5166284 1.5030481 2.0208681
4.518936 1.5017824 2.0207356
4.5175481 1.5009135 2.018348
4.5159299 1.4997994 2.0204679
4.5184212 1.4987781 2.0202113
4.5180844 1.4991493 2.0233185
4.5196558 1.499221 2.0199169
4.5202438 1.49982 2.0165318
4.5199628 1.5011333 2.0146693
4.5197762 1.4984361 2.0158051
4.5171395 1.497456 2.0197886
1.9180227 0.26849976 0.72603781
1.9142989 0.26842849 0.73235997
5.4096711 1.4552526 5.346171
5.4083015 1.4568514 5.350092
5.4081706 1.4567843 5.3505245
5.4082203 1.4578328 5.3500708
5.4128669 1.457009 5.3475993
5.4116424 1.4565356 5.3477558
5.4123292 1.4565723 5.3486105
5.4079829 1.4568096 5.350688
5.410347 1.4600486 5.3499129
5.407386 1.4587196 5.3473833
5.4097838 1.4590223 5.34344
5.4083184 1.457846 5.3439972
5.4114582 1.4609817 5.3438736
5.4121462 1.4601235 5.3440066
5.4150132 1.4604114 5.3468364
5.4136931 1.4570136 5.346464
5.4141069 1.4571291 5.3516092
5.410836 1.4563006 5.3466253
5.7745963 1.4752794 4.4662389
5.7727174 1.4784748 4.4647805
5.7724445 1.4777162 4.4635044
5.774426 1.4812681 4.4634607
5.7757138 1.4773724 4.4652053
5.7734455 1.4782957 4.4672352
5.7722716 1.4745263 4.4651109
5.7711433 1.4740626 4.4646411
5.7732864 1.475822 4.4640133
5.7745759 1.4763166 4.4648616
4.8123204 1.2748552 4.1814187
4.8124464 1.2749514 4.1827849
4.8115221 1.2758394 4.1821803
4.8146367 1.2747937 4.1819711
4.8131694 1.2740225 4.182529
4.8163335 1.2739689 4.1799301
4.8143934 1.2759888 4.1815471
4.8159287 1.276286 4.1816646
4.8163624 1.2746241 4.1815062
4.8181427 1.2739183 4.1814837
4.818808 1.2745223 4.179232
4.8179072 1.2755966 4.1773947
4.8150946 1.2749038 4.1785536
4.8137305 1.2737502 4.1787925
4.8121091 1.2735648 4.1808916
4.8113819 1.2743631 4.1817785
4.8129296 1.2743968 4.1796671
4.8110203 1.2736273 4.18119
4.8142736 1.2727424 4.179174
4.8129991 1.2746755 4.1818725
4.8165207 1.2760794 4.180319
4.8124845 1.277006 4.1840127
4.8111491 1.2748285 4.1867102
4.809033 1.2731447 4.1856888
4.8126074 1.270321 4.1836113
4.8133775 1.2695904 4.18235
3.3350499 2.0812468 3.9804901
3.3339479 2.0834148 3.9801471
3.3336955 2.0818181 3.9803296
3.3334007 2.0803198 3.9772295
3.3325048 2.0777312 3.9749795
3.335734 2.0769376 3.9751183
3.3351364 2.0773842 3.9783371
3.3362603 2.0785643 3.9819845
3.336052 2.0782706 3.9824702
3.3344778 2.0807861 3.9810785
3.3372192 2.0784698 3.9808117
3.3385657 2.0777376 3.9803565
3.3394567 2.0784996 3.9822833
3.3369027 2.07713 3.9799295
3.3355842 2.0810371 3.980254
3.3344584 2.0795987 3.9760411
3.3386908 2.0805773 3.9788835
3.3378296 2.0775175 3.9772031
3.3354344 2.0785608 3.9786129
3.3320895 2.0763977 3.9790226
3.3306464 2.0795576 3.9791845
3.3329654 2.0787312 3.9810001
3.3305626 2.0792956 3.9778053
3.3310941 2.0786169 3.9772033
3.3342329 2.0786227 3.9766043
3.3373112 2.0765338 3.9765098
3.3374398 2.0731094 3.9750665
3.336376 2.0734672 3.9764835
3.3364917 2.0781426 3.9776617
3.3370883 2.0790532 3.9835745
3.3374367 2.0796117 3.9831868
3.3386832 2.0788411 3.9836727
3.3372801 2.0758194 3.9808027
3.3354957 2.0772629 3.9808944
3.3359995 2.0749157 3.9839593
3.3381884 2.0791226 3.9858955
3.7817825 1.0429589 2.2858093
3.7806604 1.0446228 2.2860859
3.7808145 1.0445285 2.2852755
3.7789463 1.0443705 2.285499
3.7790484 1.0402983 2.2828864
3.7781627 1.0370504 2.2845194
3.7754383 1.0387356 2.285439
3.7742362 1.0402239 2.2885871
3.77412 1.0442991 2.28892
3.7792894 1.0461762 2.2877347
3.7780304 1.0459997 2.2856669
3.780807 1.0475696 2.2845881
3.7763639 1.0435954 2.2888946
3.7774878 1.0436158 2.2894539
3.776242 1.0431474 2.2920612
3.7773814 1.0461278 2.2886838
5.2621253 1.9148211 1.4555296
5.2629914 1.9162509 1.4577699
5.2603044 1.9203479 1.4555559
5.2583749 1.9211271 1.4540023
5.2565176 1.9208223 1.4511282
5.2615394 1.9182586 1.4528407
4.5180727 1.4967613 2.0124311
4.5167071 1.5000089 2.0162275
4.5181463 1.501845 2.0176778
4.5174537 1.5040278 2.020927
4.5179722 1.5033685 2.0202688
4.5168514 1.5014573 2.0190097
4.5156449 1.4997223 2.0226337
4.5177188 1.499365 2.0210678
4.5194596 1.499461 2.021939
4.5213198 1.4999439 2.019402
4.5195803 1.5001562 2.0151984
4.517424 1.5013536 2.0148817
4.5180918 1.5005449 2.0136824
4.5188176 1.5000228 2.015734
5.4059403 1.4574931 5.3459387
5.4081254 1.4573817 5.344387
5.4092198 1.4542598 5.3469458
5.4086496 1.4543281 5.349506
5.408113 1.4539054 5.350776
5.4086969 1.4559122 5.3506014
5.4117153 1.4560388 5.3495646
5.4095967 1.4560518 5.3507604
5.4105343 1.4558225 5.3519324
5.408406 1.4544592 5.3527046
5.4091635 1.4581566 5.3496095
5.409548 1.4604639 5.3492486
5.4098875 1.4616692 5.3459822
5.4098328 1.4598736 5.3441004
5.4091434 1.4579692 5.3444056
5.4091074 1.458578 5.3455352
5.4119017 1.4575205 5.3502021
5.4120753 1.4555243 5.3497904
0 0 0
0 0 0
5.7749127 1.4737612 4.4673444
5.7758102 1.4767861 4.4622588
5.776676 1.4747664 4.4614422
5.7782575 1.4778566 4.461571
5.7760643 1.4761837 4.4652935
5.7730683 1.4783277 4.4678781
5.7722754 1.4766367 4.4664981
5.7744619 1.4744786 4.465916
5.7784142 1.4752326 4.4638827
5.7783166 1.4753823 4.4642256
5.7775026 1.4788706 4.4662509
4.8147674 1.274399 4.1824292
4.815313 1.2732129 4.1815123
4.815598 1.2733625 4.1809724
4.8141634 1.274178 4.1825011
4.8151671 1.2756086 4.1811454
4.8170115 1.2752197 4.183109
4.819468 1.2781289 4.1799711
4.8177267 1.2760333 4.180323
4.8166667 1.2765837 4.1808812
4.8192895 1.2744691 4.1799146
4.8174891 1.2758154 4.1780016
4.8160268 1.2760374 4.1779201
4.81281 1.2771845 4.1808756
4.8147224 1.2744478 4.1816409
4.8131071 1.2736913 4.1816173
4.8140575 1.2725182 4.1785003
4.8101288 1.2730203 4.1814378
4.8127011 1.2732211 4.1821852
4.8116894 1.2750208 4.1843901
4.8153482 1.2766957 4.18063
4.8120853 1.2769395 4.1822436
4.8137888 1.2761166 4.1810087
4.8122414 1.2736359 4.1819996
4.8148315 1.2725668 4.1819334
4.8140627 1.2709935 4.1826433
3.3327892 2.0811084 3.9795473
3.3328286 2.0821533 3.9799891
3.3335393 2.0829199 3.979958
3.3341027 2.0798529 3.9774522
3.3338537 2.0782012 3.9751884
3.3358234 2.0759554 3.976853
3.3358171 2.0762773 3.9790972
3.3374961 2.0775605 3.9825681
3.3365812 2.0781448 3.9843056
3.3346925 2.0801664 3.9812542
3.3346046 2.07971 3.9813667
3.3345922 2.0786055 3.9802841
3.3353908 2.0795669 3.9811611
3.3386207 2.0780627 3.9808951
3.3373592 2.0807882 3.9815168
3.3388519 2.0790411 3.981418
3.3379908 2.0799096 3.9819132
3.3351195 2.0757919 3.9782683
3.3298281 2.0751465 3.9761612
3.3297065 2.0755914 3.9758161
3.3291041 2.076904 3.9778591
3.3334972 2.0754138 3.9807131
3.330932 2.074556 3.9790505
3.3326928 2.0739896 3.9793826
3.3345279 2.0742176 3.9768353
3.3380863 2.0743664 3.9782068
3.337456 2.0753876 3.9753618
3.3363808 2.0766839 3.9760473
3.3335153 2.0784914 3.9744553
3.3334443 2.0812493 3.9793037
3.333059 2.082641 3.979578
3.3360012 2.0809228 3.9826957
3.3360967 2.0748694 3.9804645
3.3353075 2.0759854 3.9810221
3.3347194 2.0732599 3.979408
0 0 0
3.7778775 1.0411987 2.2883817
3.7779354 1.0435618 2.2853546
3.7785607 1.0417776 2.2832985
3.7760956 1.0428994 2.2833096
3.7753436 1.0407808 2.2837555
3.7770484 1.0404729 2.2856862
3.7741619 1.0405845 2.2860942
3.7780292 1.0413789 2.2847258
3.7757024 1.0428926 2.283414
3.7794604 1.0453886 2.2831432
3.7763001 1.0452176 2.2853515
3.7808002 1.0460437 2.2860924
3.7788478 1.0422988 2.2900171
3.7807321 1.0425692 2.2882555
3.7767441 1.0439546 2.2915659
3.7755246 1.0484703 2.2906596
5.2627429 1.9140562 1.4580812
5.2627402 1.9163122 1.4581453
5.2606089 1.9201702 1.4570353
5.2613338 1.9218253 1.4542482
5.259381 1.9221349 1.452569
5.2609262 1.9207734 1.4529676
5.2587305 1.9213942 1.4541365
4.517557 1.5042111 2.0173645
4.5183059 1.5037769 2.0180321
4.5187262 1.5055857 2.0193246
4.5180356 1.5026783 2.0187876
4.5170663 1.5003766 2.0168579
4.5171848 1.4972179 2.0200146
4.5148631 1.4986253 2.0196743
4.5153225 1.5004877 2.0206654
4.5175755 1.4991688 2.0207477
4.5172174 1.5004457 2.0177096
4.5191457 1.4997651 2.0164814
4.516933 1.5001974 2.0147455
4.5190166 1.4971718 2.0176396
3.9369818 2.5096053 0.20355779
3.9333066 2.5097969 0.2015365
3.9279887 2.5103967 0.19922307
3.9251459 2.5135583 0.19594914
3.922536 2.5151499 0.19473597
3.9259559 2.5150822 0.1976083
0 0 0
5.4114566 1.4571565 5.3490363
5.410601 1.4534281 5.3513974
5.4097266 1.4517991 5.3528689
5.4086901 1.4548729 5.3498291
5.4112012 1.4565228 5.3490992
5.4080576 1.4579603 5.3466187
5.4086641 1.4586522 5.3459388
5.4072035 1.4572792 5.3456185
5.4084198 1.4596351 5.3453846
5.4105015 1.4578589 5.3483231
5.4109183 1.4590897 5.3503794
5.7740094 1.4779476 4.4683265
5.7735247 1.4773259 4.4679117
5.7711691 1.4746399 4.4701999
5.7731259 1.476642 4.4681985
5.7744122 1.4776437 4.4682999
5.7778284 1.4801181 4.4652765
5.7764387 1.4803497 4.4639193
5.7750823 1.4807275 4.4660122
5.7764537 1.4801685 4.4674013
5.7766944 1.4789032 4.4690996
5.7777653 1.4784388 4.4670144
5.7782523 1.4775194 4.4657531
5.7776354 1.4782635 4.4665179
4.8136259 1.2720549 4.1805705
4.8156217 1.2736938 4.1803264
4.8143501 1.2721877 4.1814632
4.816052 1.2723743 4.182395
4.8165844 1.2754534 4.1803954
4.8183958 1.2762807 4.1818859
4.817527 1.2790661 4.1816776
4.8157158 1.2773749 4.1828147
4.815538 1.2793191 4.1833932
4.8178612 1.2776379 4.180013
4.8154959 1.2771245 4.1784611
4.8150738 1.2757006 4.1769416
4.8116178 1.2779788 4.1796471
4.8117166 1.2754146 4.1822786
4.8112947 1.2743739 4.1825684
4.8134263 1.2723743 4.1821365
4.8126595 1.2752188 4.1828011
4.8133638 1.2766013 4.1846053
4.8133094 1.2776405 4.1853791
4.8164591 1.2789124 4.1816663
4.8144621 1.2764148 4.1830717
4.8143971 1.2767304 4.1825878
4.8127664 1.2733646 4.1830168
4.8154378 1.2747228 4.1827465
4.814818 1.2732968 4.1845397
3.3342536 2.0792561 3.9786611
3.3336873 2.0774088 3.9771289
3.3339634 2.0799583 3.9780759
3.3329692 2.0795192 3.9767476
3.3348898 2.0804112 3.9746652
3.3382498 2.0792527 3.9781544
3.3381787 2.0760179 3.9818854
3.3370475 2.07582 3.9832749
3.3388425 2.0761084 3.9845445
3.338795 2.0782357 3.9813092
3.3396014 2.0788247 3.9844108
3.3392424 2.077449 3.9833066
3.3383839 2.0791823 3.9830952
3.341436 2.0775586 3.9823522
3.3374124 2.0806639 3.9796514
3.3395413 2.0789948 3.981418
3.3351135 2.0780807 3.9815218
3.3353725 2.075496 3.9828853
3.3298166 2.0736738 3.9796443
3.3307958 2.0752604 3.9782539
3.3316546 2.0742597 3.9794028
3.3368557 2.076777 3.9823385
3.3354036 2.0748785 3.9785661
3.3353593 2.0765043 3.9770041
3.3357224 2.0766044 3.9762428
3.3390492 2.0771806 3.9770525
3.3400258 2.076435 3.976079
3.3381374 2.0771624 3.9778061
3.3352425 2.0783381 3.9761048
3.3343083 2.0796556 3.9775251
3.3338836 2.0776969 3.9773567
3.334489 2.0800494 3.9802104
3.3328919 2.0766443 3.9799666
3.3320385 2.0796914 3.9804586
3.7765956 1.0419872 2.2887998
3.7769023 1.0431417 2.2878123
3.7777605 1.0403965 2.2897634
3.778124 1.0438648 2.2862807
3.779056 1.0429824 2.2861138
3.7767889 1.0448534 2.2858556
3.7760334 1.0413059 2.288468
3.7766092 1.0413849 2.2883075
3.7761282 1.0409484 2.2849104
3.7811613 1.0444966 2.2835635
3.7776713 1.0444352 2.2837653
3.7780102 1.0469813 2.2856678
3.7739427 1.0458688 2.2889092
3.7768866 1.046928 2.2895516
3.7774625 1.0409733 2.2906212
3.7788344 1.0408166 2.2910759
3.7752571 1.0413438 2.2923433
3.7753411 1.044905 2.2907295
5.2574616 1.9152184 1.4552724
5.2594891 1.9186685 1.4566821
5.2566812 1.9195611 1.4562598
5.2597936 1.9214894 1.4535686
5.2589658 1.9211024 1.4520027
5.2611377 1.9184214 1.4523855
5.2582336 1.9192694 1.4535202
5.2580919 1.9189802 1.4544297
5.256441 1.9237923 1.4544079
4.5148541 1.5058933 2.0166999
4.517362 1.5015605 2.015746
4.5162375 1.4996002 2.0148207
4.5177711 1.4956886 2.0178374
4.5137636 1.4993573 2.0196082
4.5146226 1.5015661 2.0211362
4.5178596 1.4991754 2.0211487
4.5152581 1.4997756 2.0180727
4.5175536 1.4984415 2.0152698
4.5140394 1.503108 2.0131935
3.9306745 2.5104403 0.1967092
3.9357605 2.5094327 0.20207712
3.9324916 2.509809 0.20002569
3.9291952 2.5106469 0.20003996
3.9265269 2.5129551 0.19630711
3.924531 2.5134075 0.19599838
3.9269582 2.5147149 0.19693613
3.9285301 2.5129232 0.19738412
4.6560796 2.5603653 4.6019774
4.6573968 2.5592008 4.6048892
4.6584368 2.5590319 4.6082201
4.657173 2.5584461 4.6068275
4.6514343 2.5598593 4.6027556
4.6529472 2.5607343 4.5995938
4.6480802 2.5622468 4.5977172
4.6517828 2.5612355 4.5994116
5.4094604 1.4576272 5.3496921
5.4099061 1.456068 5.350501
5.7758677 1.479758 4.4690912
5.7746047 1.4795509 4.4692576
5.7734459 1.4773363 4.4695494
5.7721356 1.4762971 4.4704996
5.77494 1.4763784 4.4682368
5.7759591 1.4796738 4.4692021
5.7768239 1.4785074 4.4682119
5.7752112 1.4787355 4.4652148
5.7737144 1.4781582 4.4676596
5.7764911 1.4805251 4.4681651
5.7776022 1.4799697 4.4695317
5.7799992 1.4800691 4.4674484
5.7771116 1.4789297 4.4646863
5.7747924 1.4800476 4.4666756
0 0 0
4.819105 1.2738836 4.1779438
4.8174328 1.272476 4.1792868
4.8160436 1.2731997 4.1814455
4.8162292 1.2744045 4.1828955
4.8158465 1.2754293 4.1830068
4.8160528 1.2780228 4.182118
4.8133272 1.279012 4.1820781
4.8134987 1.2799381 4.1843422
4.8146168 1.278463 4.1827973
4.8138047 1.278543 4.182762
4.8121655 1.2776149 4.1815835
4.8120122 1.2788788 4.1817392
4.8122721 1.2772647 4.1841086
4.8127959 1.2758498 4.1817658
4.8109079 1.2725009 4.182863
4.8109233 1.273833 4.1818594
4.8117455 1.273946 4.1840603
4.8122818 1.2756229 4.1848354
4.8137595 1.2772505 4.1831814
4.8137211 1.2746608 4.1818779
4.8146565 1.2765994 4.1814939
4.8147252 1.2744293 4.1809027
4.8152501 1.2763507 4.1829415
4.8155769 1.2748157 4.1830227
3.3330066 2.0817939 3.9766228
3.3324218 2.0804957 3.9757248
3.3321018 2.0821943 3.9754356
3.3313578 2.0786851 3.9740686
3.331879 2.0771357 3.9752674
3.3339915 2.0779609 3.9780225
3.3357586 2.0757095 3.9808526
3.3365576 2.0776233 3.9794688
3.3395382 2.0748706 3.9818963
3.3392684 2.0770764 3.9801841
3.3388503 2.076117 3.9821023
3.3361791 2.0769577 3.9807363
3.3362688 2.0792492 3.980826
3.3412541 2.0788955 3.981756
3.338889 2.0806965 3.9806959
3.3379669 2.0766626 3.9810072
3.3304805 2.0769764 3.9800094
3.330046 2.0756183 3.9787691
3.327269 2.0734123 3.9767683
3.3299475 2.0754092 3.9747658
3.3323063 2.0729969 3.975682
3.3358469 2.0755444 3.9771236
3.3349984 2.0744316 3.9761101
3.3353925 2.076376 3.9765319
3.3370853 2.076928 3.9767508
3.33856 2.0790719 3.9780122
3.3401517 2.077939 3.9759799
3.3375902 2.0786592 3.9744331
3.3350772 2.0766192 3.9743539
3.333371 2.080062 3.9760061
3.3319621 2.0785477 3.9777888
3.3309246 2.0823561 3.9779976
3.3322137 2.0773373 3.9802461
3.331375 2.079511 3.9789737
3.7774663 1.0410942 2.2886396
3.778018 1.0420133 2.2879439
3.7786408 1.0421499 2.2887586
3.7768791 1.0450572 2.2862544
3.7767067 1.043751 2.2880167
3.7750606 1.0453423 2.2852894
3.7786684 1.0424254 2.2852038
3.7786312 1.0438828 2.285649
3.7795401 1.0439578 2.2864872
3.780022 1.0445984 2.2873973
3.782117 1.0429181 2.2852687
3.7800937 1.0448997 2.2868863
3.7769011 1.0426392 2.286782
3.7770482 1.0423804 2.2880425
3.7790525 1.0385647 2.2855723
3.7786023 1.0412687 2.2874448
3.776778 1.0404254 2.2878902
0 0 0
5.2571025 1.9213547 1.456283
5.259139 1.9212465 1.4564616
5.2561402 1.9202002 1.4553743
5.25994 1.9206083 1.4529695
5.2589691 1.9213544 1.4531471
5.261386 1.9200621 1.4535538
5.2576396 1.9216179 1.4537704
5.2579815 1.9188466 1.452887
5.256462 1.9200609 1.4531316
5.2593554 1.9206574 1.4562829
5.2599293 1.9210612 1.4581503
5.2605363 1.9203558 1.4562866
5.2608393 1.9223752 1.4544751
5.2615372 1.9202052 1.45392
5.2604438 1.9202179 1.4542427
5.2605622 1.9178855 1.4549754
5.2600389 1.9196353 1.4564887
5.2601977 1.9205869 1.4576202
3.9273959 2.5136423 0.19493069
3.9296712 2.5129247 0.19761479
3.9318631 2.5122065 0.20133184
3.9324964 2.5089635 0.20233722
3.9306893 2.5090594 0.20029793
3.9295081 2.5110967 0.19714438
3.9311794 2.5129965 0.19815288
3.931758 2.5133634 0.19659814
3.9321293 2.5139058 0.19792636
0 0 0
4.6549324 2.5600316 4.6041861
4.6559877 2.5598579 4.6075239
4.6538483 2.5574387 4.6043685
4.6502107 2.5599604 4.6018991
4.651393 2.5613564 4.5977493
4.647859 2.5622915 4.5972669
4.6532746 2.5619268 4.6003205
4.6479137 2.5634442 4.5970809
4.651644 2.566074 4.6006576
5.7757586 1.4790239 4.4688818
5.7746306 1.4805037 4.468706
5.7734387 1.4784125 4.4681075
5.7721974 1.4799925 4.4675348
5.773059 1.477369 4.4687362
5.7726876 1.4810508 4.4694159
5.7732365 1.4809416 4.4689902
5.7737073 1.4814816 4.4661625
5.7751271 1.4778277 4.4692596
5.7782196 1.4794469 4.470283
5.7750941 1.4777649 4.4717922
5.775503 1.4804449 4.4693541
5.7720812 1.4776423 4.4673478
5.7728624 1.4770253 4.4680434
5.7725381 1.477342 4.4664918
4.8119695 1.2746614 4.1814301
4.8142491 1.2735202 4.1811043
4.8124258 1.2717112 4.1805022
4.8159105 1.2724787 4.1818074
4.8134029 1.2737802 4.1824218
4.813791 1.2756502 4.1829204
4.811985 1.2763115 4.1829039
4.8145673 1.276906 4.1842553
4.8128241 1.2770553 4.1832219
4.8116566 1.2767126 4.1827984
4.8098167 1.2763573 4.1813247
4.8125418 1.2756838 4.1820888
4.8125769 1.2768131 4.1841432
4.8153657 1.2748379 4.1847244
4.8127604 1.2744221 4.1842038
4.8127679 1.2739197 4.1826721
4.8113136 1.275041 4.1824944
4.8123478 1.2760554 4.1844515
4.8123594 1.2771138 4.1854891
4.814885 1.2728613 4.1830773
4.8142947 1.2728626 4.1830495
4.8138947 1.2723569 4.1813549
4.8139267 1.2753224 4.1835644
4.8141977 1.2756454 4.1830111
3.3352824 2.0771372 3.9761651
3.3345113 2.0769301 3.9766084
3.3330461 2.0792741 3.9742894
3.3336007 2.0791129 3.9753992
3.3317555 2.0784159 3.9764602
3.3353475 2.0786633 3.9807503
3.3342959 2.0770781 3.9846204
3.3344039 2.0770736 3.9818203
3.3365539 2.074541 3.9812594
3.3370406 2.0764615 3.9785627
3.3380112 2.0765575 3.9801128
3.3377987 2.0776988 3.9813451
3.3391929 2.0789856 3.9830237
3.3381251 2.0763524 3.983749
3.3369695 2.0779562 3.9819111
3.3335248 2.0750765 3.9811175
3.3307345 2.076799 3.9792769
3.3304182 2.0763627 3.9777161
3.3308339 2.0754958 3.9769003
3.3323483 2.075384 3.9755711
3.334764 2.0742096 3.9774407
3.3368427 2.0758374 3.9785687
3.3378517 2.0782953 3.9778981
3.3384871 2.0805368 3.9783689
3.3402851 2.0811033 3.9770426
3.3411568 2.0800562 3.9782128
3.3408427 2.0767018 3.9771806
3.3400926 2.0760142 3.9796699
3.3403928 2.074526 3.9793535
3.3392294 2.0771924 3.9790069
3.3371004 2.0764445 3.9777749
3.332358 2.0788001 3.9775396
3.3323376 2.0781568 3.978687
3.7787956 1.0403615 2.2854696
3.7809931 1.0424815 2.2832523
3.7786407 1.0439846 2.2853036
3.7781618 1.0447735 2.2851984
3.7745864 1.0454463 2.287074
3.7758248 1.0417224 2.2893545
3.7771701 1.0428466 2.2886888
3.779594 1.0416425 2.2897807
3.778176 1.0424657 2.2861347
3.7819524 1.0416571 2.2845725
3.7800044 1.0415308 2.2860927
3.7823057 1.0421809 2.2862416
3.7775893 1.0441342 2.2893459
3.7776159 1.042219 2.2886415
3.7750862 1.0421347 2.288953
3.7778966 1.0392828 2.2833697
3.776551 1.0409945 2.2871365
3.7752217 1.0395191 2.2881981
3.7731717 1.0401513 2.2936618
5.2573997 1.9212196 1.454954
5.2581907 1.9202901 1.453276
5.2564518 1.9196414 1.4538345
5.2602982 1.9189771 1.4535771
5.2598868 1.9199166 1.4553478
5.2628732 1.9176518 1.456683
5.2594922 1.9173123 1.4548247
5.2581762 1.9182479 1.4524213
5.256853 1.9204188 1.4526315
5.2603218 1.9207753 1.457578
5.2601184 1.9208359 1.4576397
5.2618436 1.9205952 1.4585432
5.2596374 1.9229603 1.4542092
5.2609822 1.9189734 1.4536733
5.2591814 1.91994 1.4534382
5.2598879 1.917695 1.4537402
5.2594218 1.9200428 1.455985
0 0 0
3.9276948 2.514381 0.19689034
3.9319088 2.5128841 0.20100284
3.932662 2.5122341 0.20090127
3.9309429 2.510585 0.19946938
3.9281614 2.5109643 0.19823659
3.9268974 2.5101778 0.19714316
3.9302058 2.5133247 0.19908106
3.9340634 2.513461 0.19851288
3.9373126 2.5160085 0.20167133
3.9353721 2.5138145 0.19914803
4.6547656 2.5587249 4.6050947
4.6570789 2.5595055 4.6094278
4.6551168 2.5580309 4.6077717
4.6488985 2.560594 4.6029822
4.6469073 2.5589138 4.598687
4.646476 2.5593314 4.5978212
4.6512657 2.5597092 4.6015384
4.6483788 2.561969 4.5998185
4.648218 2.5667474 4.5986524
5.7747754 1.4787342 4.4681224
5.7726473 1.4814052 4.467905
5.7724604 1.4804236 4.4673948
5.7724424 1.4799421 4.466231
5.7735373 1.4786539 4.4659531
5.7726966 1.481144 4.467853
5.7714172 1.4803028 4.4676786
5.7729639 1.4794135 4.4676243
5.7718321 1.4766315 4.467791
5.7738385 1.4788417 4.4699806
5.772716 1.476958 4.4686703
5.7731108 1.478228 4.4672003
5.7715904 1.4770655 4.466189
5.7748791 1.4784087 4.4657541
5.773947 1.4788832 4.466064
4.8119777 1.2763109 4.1785386
4.8156237 1.2763958 4.1793726
4.8153253 1.2748642 4.1785928
4.8170293 1.2752202 4.1803508
4.8123269 1.2730999 4.1829452
4.8108358 1.275328 4.1840883
4.8108595 1.2730523 4.184927
4.8128652 1.2738797 4.1835212
4.8117205 1.2749412 4.1821752
4.8123552 1.2746593 4.1819554
4.8111081 1.2763889 4.1822847
4.8143276 1.2752517 4.1830202
4.8142894 1.277281 4.1847456
4.8150674 1.2751907 4.1860009
4.813039 1.2730815 4.1836491
4.8127113 1.2688914 4.1820517
4.811358 1.2706698 4.1801923
4.8135607 1.2726848 4.1843207
4.8114746 1.2736458 4.1867874
4.8125022 1.2712802 4.1867307
4.81234 1.2749629 4.1859772
4.8121848 1.2759002 4.1817726
4.8117646 1.2770201 4.1849726
4.8094135 1.2754822 4.1866408
3.3368009 2.0778066 3.9785974
3.3363896 2.0794768 3.9783225
3.3360513 2.0782496 3.9756875
3.3371313 2.0763367 3.9782557
3.3359286 2.0767311 3.9791852
3.3375046 2.0782752 3.9804035
3.3346818 2.0799698 3.9797732
3.3350542 2.0784241 3.9773471
3.3358445 2.0765153 3.9777349
3.3372182 2.0757251 3.9749592
3.3382632 2.0772027 3.9770288
3.3369239 2.0763685 3.9788875
3.3383249 2.0770582 3.9811669
3.3360696 2.0762909 3.9834675
3.3358126 2.0778739 3.9819832
3.3305361 2.0767106 3.9818147
3.3314106 2.077196 3.9787632
3.3319708 2.0772254 3.979311
3.3327932 2.0774864 3.9759445
3.3323037 2.0758242 3.9751739
3.3339755 2.0759543 3.9762238
3.334859 2.0781301 3.9781047
3.3371882 2.0804707 3.978427
3.3368263 2.0816443 3.9796589
3.33832 2.0784767 3.9785858
3.3383176 2.0791134 3.9777918
3.3388215 2.0760412 3.9727507
3.3375062 2.076909 3.9752821
3.3373628 2.0753487 3.9751342
3.3369838 2.0790921 3.9796591
3.3325949 2.0799653 3.9747847
3.3297825 2.0814461 3.9753838
3.3299745 2.0803756 3.9735062
3.777251 1.0390386 2.2885173
3.780666 1.0386255 2.2830471
3.778096 1.041938 2.2847173
3.7781113 1.0427115 2.2832101
3.7760503 1.0449133 2.2869543
3.7764689 1.0412364 2.2880138
3.7791117 1.0420905 2.2864428
3.7809333 1.0417951 2.2863565
3.7809914 1.0433863 2.283972
3.7792694 1.0431899 2.2848507
3.7772848 1.0406002 2.2862235
3.78193 1.0403101 2.285308
3.7820213 1.0358227 2.2802697
3.7827838 1.0363163 2.2797857
3.7806313 1.0369816 2.2803254
3.7785587 1.0411476 2.2840972
3.7779835 1.0416112 2.2859977
3.7771049 1.040403 2.286259
3.7746989 1.0388642 2.2917503
5.2601331 1.9217147 1.4593833
5.2609354 1.9205155 1.4573546
5.2599422 1.921089 1.4550823
5.260166 1.9202929 1.4545691
5.2598545 1.9207318 1.4565091
5.2611706 1.9193816 1.455436
5.2620622 1.9195433 1.4556844
5.2605218 1.9176518 1.4528735
5.2593939 1.9168109 1.4540273
5.259477 1.917203 1.4578162
5.2592907 1.9174229 1.4595315
5.2625309 1.9177135 1.4590179
5.2599953 1.9208925 1.4543961
5.2616655 1.9208515 1.4545367
5.2585578 1.9201647 1.4553748
5.2587004 1.9177214 1.4533905
5.2598154 1.9187677 1.4548178
0 0 0
3.933989 2.5120021 0.2021059
3.9296669 2.514972 0.20095416
3.929263 2.5154997 0.19969056
3.9283037 2.5120269 0.19747841
3.9272313 2.5106485 0.19565808
3.9275136 2.5110301 0.19430229
3.9324159 2.5144539 0.19682394
3.9343902 2.5129156 0.19749321
3.9371004 2.5135159 0.20082201
3.9330067 2.5107398 0.19972781
4.6518945 2.560305 4.6021849
4.6503989 2.5603165 4.6027056
4.6514343 2.5574931 4.6024904
4.6484405 2.5587173 4.5974376
4.6478576 2.558126 4.5946536
4.6469337 2.5580015 4.5943175
4.6516985 2.5584043 4.6001531
4.653617 2.5624059 4.6017559
4.6549075 2.5655392 4.6031702
5.7748661 1.4766851 4.4671534
5.7730135 1.4781769 4.4655863
5.7745263 1.4802822 4.46327
5.7747306 1.4809076 4.4624905
5.7753239 1.4801879 4.4630873
5.7753629 1.4790494 4.466477
5.7725568 1.4793428 4.4675487
5.7756012 1.4806444 4.4682079
5.7758535 1.4781059 4.4657675
5.7767396 1.4767608 4.4672694
5.773632 1.4756817 4.4670415
5.7747686 1.4766784 4.4680261
5.7726492 1.4773815 4.4680176
5.7761139 1.477396 4.4673433
5.7760167 1.4776914 4.4653871
4.809365 1.2774951 4.1831043
4.8114967 1.2768983 4.1830925
4.8128394 1.2753918 4.1796511
4.8152749 1.2745536 4.1808253
4.8137073 1.273613 4.1834435
4.8131337 1.2755815 4.1837747
4.8136267 1.2741792 4.1843358
4.8140817 1.2737206 4.183164
4.8125398 1.2741239 4.1823711
4.8134385 1.2744229 4.1825959
4.8118802 1.2755208 4.1825774
4.8145876 1.2726106 4.1821663
4.8127763 1.2743921 4.1838571
4.8136889 1.2736715 4.1838903
4.8125755 1.2737988 4.1845661
4.8132543 1.2721557 4.1838571
4.811409 1.2734322 4.1832226
4.8121596 1.2728093 4.1877451
4.8100404 1.2731399 4.190287
4.8124868 1.2707293 4.1877816
4.8133335 1.2746622 4.1853395
4.8121609 1.2754538 4.1808253
4.8109679 1.2781603 4.184635
4.8085455 1.2754356 4.1839506
0 0 0
3.3329133 2.077172 3.9799613
3.3376912 2.0767265 3.9809668
3.3377845 2.0779782 3.9811602
3.3393908 2.0767809 3.9794615
3.3354578 2.0783948 3.9806424
3.3347882 2.0795834 3.9835105
3.3345781 2.0766732 3.9807994
3.3344184 2.0760342 3.9790347
3.335869 2.0780654 3.9747333
3.3373705 2.0810281 3.9769175
3.3373321 2.0815863 3.9797332
3.3356363 2.078791 3.9808795
3.3328969 2.0775827 3.9823098
3.3330943 2.0772931 3.9797994
3.3319406 2.0773295 3.9835615
3.3365063 2.0771565 3.9817322
3.3384647 2.0766156 3.9836418
3.3401548 2.0779279 3.9823966
3.3373801 2.075666 3.9830458
3.3366545 2.0768385 3.9810179
3.3370175 2.0773153 3.9816373
3.339235 2.078988 3.9816071
3.3372381 2.0821153 3.9820733
3.340385 2.0807457 3.9799053
3.3371548 2.0805229 3.97857
3.3397649 2.0750702 3.974482
3.3377354 2.0763634 3.9787778
3.3386399 2.0748396 3.977368
3.3375956 2.0801999 3.9792804
3.3334168 2.0798849 3.9730562
3.3322211 2.0807702 3.9750644
3.7753467 1.0416812 2.2869394
3.7756816 1.0410341 2.2855095
3.7777023 1.0376109 2.2826387
3.7778034 1.0420311 2.2833237
3.7745165 1.0410958 2.2854687
3.7745516 1.0418185 2.2860471
3.7757872 1.0389063 2.2875787
3.7798136 1.0414496 2.2883797
3.7769528 1.0407574 2.2902787
3.7784936 1.0413524 2.2868496
3.7773781 1.0419745 2.2839903
3.7790136 1.041991 2.2853115
3.7781282 1.0409532 2.2882314
3.7815636 1.0369392 2.2828952
3.7793011 1.0404107 2.2853782
3.7815474 1.0385164 2.2797539
3.7787346 1.0416882 2.2846011
3.7798106 1.043441 2.2865947
3.7773062 1.0442091 2.2895239
3.7754622 1.0467831 2.2914557
5.2643931 1.9231219 1.459131
5.263075 1.9213488 1.4565438
5.260498 1.9211381 1.4556521
5.2594055 1.9183477 1.4564166
5.2611707 1.9201157 1.4585519
5.262256 1.9186029 1.4577909
5.2623054 1.919379 1.4562149
5.2593946 1.916812 1.4500039
5.2591557 1.9167418 1.4539355
5.260753 1.9172807 1.4553604
5.2604735 1.9185998 1.4573113
5.262886 1.9202398 1.455398
5.2588315 1.9196442 1.4527294
5.2594746 1.9190513 1.4528438
5.2593653 1.9167982 1.4542137
5.2615688 1.9171004 1.4537007
5.2617389 1.9197471 1.4560793
5.2609599 1.9246529 1.4551596
3.9320966 2.5133244 0.20009546
3.9357501 2.5129104 0.20451193
3.9336626 2.5129862 0.20239478
3.9314823 2.5113392 0.19938671
3.9274085 2.5115968 0.19599208
3.9264301 2.5131951 0.19454134
3.932673 2.5149135 0.19802079
3.9330967 2.514083 0.19918293
3.9354913 2.5127425 0.20105771
3.9299918 2.5100475 0.19954134
3.9318017 2.5108826 0.2008256
4.653842 2.5588763 4.6059642
4.6550704 2.5594109 4.6057169
4.6477793 2.5592738 4.5987077
4.64648 2.557394 4.5940137
4.6463555 2.559209 4.5938248
4.6514331 2.5589179 4.6010089
4.6553418 2.5620835 4.604726
4.6568002 2.5634778 4.6072391
5.7752153 1.4770604 4.4667027
5.7729433 1.4778366 4.4680044
5.7729728 1.4770596 4.4646419
5.7751114 1.4761048 4.464373
5.7741179 1.4779172 4.4644658
5.7728788 1.4802265 4.4679839
5.7699003 1.479962 4.4687338
5.7726029 1.4792644 4.4681404
5.773667 1.4785059 4.4639389
5.7751833 1.4778492 4.4639313
5.7724175 1.4773886 4.4633227
5.7737435 1.4779524 4.466198
5.7743234 1.4792859 4.4663912
5.7777438 1.4809134 4.4681368
5.777007 1.4796051 4.4660169
0 0 0
4.81514 1.2779935 4.1787315
4.8161314 1.2781682 4.1777334
4.8149669 1.2759782 4.178757
4.813862 1.2771199 4.1796505
4.8124777 1.2773312 4.1809315
4.8136831 1.2791425 4.1822515
4.8137436 1.2792415 4.1837869
4.8137513 1.2764323 4.1835972
4.8163922 1.2759788 4.1821674
4.8157629 1.274573 4.180063
4.8178461 1.2743631 4.1801827
4.8115965 1.2768372 4.1840282
4.8126076 1.2751827 4.1818529
4.8097906 1.2738912 4.182329
4.811795 1.2700329 4.1811809
4.8121694 1.2705736 4.184838
4.8131797 1.273066 4.1880551
4.8125186 1.2741692 4.1893984
4.8099442 1.2725509 4.1888178
4.8116948 1.2769439 4.1842074
4.8120623 1.2756412 4.1805609
4.8135237 1.2765707 4.1833719
4.8112225 1.2717284 4.1871412
3.3346522 2.0783681 3.9829861
3.3351133 2.0802658 3.9810767
3.3406924 2.0768877 3.981847
3.3378327 2.0783864 3.9800539
3.3411385 2.0773488 3.9821769
3.3365027 2.0805524 3.9780597
3.3377686 2.0807342 3.9798598
3.3359251 2.077602 3.9766088
3.3364803 2.0756958 3.9789946
3.3401801 2.0769469 3.9746621
3.3398888 2.080081 3.9761191
3.3385578 2.0818941 3.9771262
3.3352171 2.0777455 3.9771462
3.3345558 2.0778453 3.9792436
3.3348684 2.076705 3.9775595
3.3346602 2.0776573 3.9801424
3.3382127 2.0774645 3.9799165
3.3403983 2.0752798 3.9814634
3.3398744 2.0778872 3.979787
3.337198 2.0767613 3.9795099
3.3345433 2.078084 3.9807948
3.3357866 2.0788305 3.9790489
3.3384868 2.081287 3.9776395
3.3346879 2.0815737 3.9779715
3.3362673 2.0784734 3.979451
5.5758915 1.2154771 2.5270429
5.5776159 1.2172346 2.526242
5.5764183 1.2135057 2.5240412
5.5754834 1.2179777 2.5271077
0 0 0
0 0 0
0 0 0
3.7735451 1.0416752 2.2901961
3.7755832 1.042716 2.2886615
3.778326 1.0396325 2.2850955
3.778895 1.040567 2.2852873
3.7768102 1.0399571 2.2873337
3.7778823 1.0403732 2.2866293
3.7781044 1.0409681 2.2878784
3.7795713 1.040302 2.2869482
3.7750786 1.0409546 2.2884456
3.7761808 1.0422139 2.2878501
3.775245 1.0446071 2.2861069
3.779008 1.0449331 2.2857813
3.7773963 1.0438727 2.2870249
3.7818924 1.0382503 2.2808601
3.7789671 1.0375672 2.2817392
3.7791107 1.0380293 2.2816753
3.775576 1.0409801 2.28784
3.7788369 1.0431107 2.2885578
3.7784794 1.0440396 2.2905184
3.7793755 1.0460751 2.2914914
5.2631153 1.9211452 1.4574143
5.2629421 1.9200302 1.4566235
5.2617438 1.9232947 1.4597987
5.2613025 1.9218683 1.4556823
5.2609343 1.9249693 1.4577968
5.2600524 1.9247822 1.4521357
5.2605071 1.923266 1.4527728
5.2596857 1.9184325 1.4506407
5.2571317 1.9169637 1.4541212
5.2587998 1.9176682 1.4531138
5.2581063 1.9167146 1.4534056
5.2619098 1.9188028 1.4507364
5.2611436 1.9182484 1.4494591
5.2634047 1.9196836 1.4518757
5.2624294 1.9165843 1.4538716
5.2631366 1.9165616 1.4541474
5.2646395 1.9188875 1.455656
5.2644928 1.9229767 1.4542127
3.9297731 2.5108522 0.19712192
3.9314128 2.510413 0.19828556
3.9294566 2.5119829 0.19737518
3.9316346 2.509983 0.19734677
3.9298929 2.5116524 0.19466685
3.9283628 2.5140029 0.19324869
3.9316288 2.5136366 0.19365276
3.9284204 2.5108671 0.19462417
3.9327537 2.5095557 0.19761059
3.9288988 2.5091372 0.19602696
3.9295664 2.510303 0.19704761
3.9280913 2.509036 0.196498
4.6566225 2.5595549 4.6077335
4.6546273 2.5603035 4.6029735
4.6565942 2.5595986 4.5996908
4.6511073 2.5605737 4.5945159
4.6540461 2.5595366 4.6000901
4.6590181 2.5616603 4.6051918
4.6614882 2.5601647 4.6074151
5.774791 1.4761057 4.4697837
5.7751712 1.4762543 4.4679881
5.7764241 1.4763867 4.4639625
5.7780858 1.4776445 4.4645299
5.7760988 1.4781801 4.4654383
5.7738149 1.4782103 4.4685478
5.7710847 1.4800702 4.4700479
5.7738666 1.4800401 4.4677215
5.7761802 1.4791435 4.4634996
5.7771722 1.4771036 4.4628332
5.7760544 1.4766622 4.462412
5.7772782 1.4778215 4.4660892
5.776236 1.478384 4.4664454
5.7761647 1.480469 4.4682612
5.7760634 1.4797134 4.4670656
5.7776973 1.4812004 4.4672288
4.8142258 1.2738762 4.1809169
4.8133278 1.2755287 4.1804015
4.809863 1.2731083 4.1807353
4.8113977 1.2776775 4.1798064
4.8139508 1.2775711 4.1799876
4.8167143 1.2791987 4.1801727
4.8148005 1.2760128 4.1841909
4.8138761 1.2743817 4.1837478
4.8140641 1.2743208 4.1838301
4.8144713 1.272483 4.1825998
4.8185965 1.2731605 4.1825384
4.8152577 1.2774548 4.1813807
4.8153655 1.275433 4.1806149
4.8118564 1.2754315 4.1817245
4.8123861 1.2721673 4.1817544
4.8140458 1.2723463 4.1871474
4.8125925 1.275485 4.1895731
4.8138877 1.2734482 4.1874959
4.8123612 1.273224 4.1847439
4.8134482 1.2775322 4.1803553
4.8135067 1.277064 4.1815434
4.815055 1.2764043 4.1824255
4.8153117 1.2720781 4.1838113
3.3357797 2.078672 3.9831197
3.3328835 2.0808028 3.9813709
3.3337868 2.0776008 3.9793073
3.3330821 2.0788741 3.9753958
3.335164 2.0760945 3.9752824
3.3333369 2.0789457 3.9758159
3.3350631 2.0773628 3.9817941
3.3362773 2.0761699 3.9809358
3.3387072 2.0747897 3.9850435
3.3406342 2.0777864 3.9800327
3.339131 2.0821586 3.9806239
3.3371526 2.0821019 3.9775014
3.337217 2.0778452 3.9794177
3.3367929 2.0795764 3.9784168
3.3393106 2.0790617 3.9775868
3.3390281 2.0784926 3.9788288
3.3401229 2.0770422 3.9783413
3.3431639 2.077625 3.9809884
3.3410521 2.0802667 3.9806913
3.3401026 2.0791412 3.9812232
3.3363177 2.0792291 3.9809514
3.3355503 2.0780583 3.9788244
3.3376133 2.0781279 3.979507
5.5718842 1.2210795 2.5300626
5.5746098 1.2182232 2.5299064
5.5747921 1.2157493 2.5278267
5.5798526 1.2163793 2.524837
5.5773593 1.2153293 2.5255894
5.5772474 1.2172386 2.5273911
5.5785165 1.2158752 2.5307123
5.5750188 1.2182926 2.5322326
0 0 0
3.7751625 1.0421323 2.2854027
3.7751934 1.0429712 2.287648
3.779481 1.0405005 2.2844523
3.7795128 1.0437661 2.2869423
3.7797846 1.0424855 2.2861831
3.7781521 1.0410803 2.2863164
3.7781717 1.0415431 2.2853424
3.7782031 1.0400434 2.2858301
3.7758542 1.0420883 2.2859529
3.7754963 1.0415923 2.2860109
3.7757401 1.0461717 2.2845227
3.7773186 1.0459011 2.2868514
3.7768941 1.0452622 2.2890693
3.7765435 1.0441834 2.2890206
3.7759959 1.0424392 2.2867645
3.7763576 1.0414912 2.2845335
3.7762837 1.0403234 2.2830462
3.7792408 1.0438367 2.2853218
3.778795 1.044296 2.2897243
3.7783403 1.0438763 2.2930089
5.2650313 1.9245282 1.4535153
5.2621494 1.9215245 1.4517848
5.2596636 1.9209996 1.4575195
5.2604077 1.9186076 1.453898
5.2629395 1.9196227 1.4568373
5.2637996 1.9205418 1.4534464
5.2600468 1.9172325 1.4527714
5.2610794 1.9158161 1.4515898
5.2589492 1.914865 1.4529711
5.2616889 1.9166127 1.4546761
5.2593792 1.9180961 1.4532464
5.2629593 1.9189715 1.4524337
5.2585479 1.918918 1.4489859
5.2621391 1.9184382 1.4510675
5.2627745 1.9151289 1.4511557
5.2653057 1.9163528 1.4517019
5.265858 1.9193604 1.4532819
5.2635892 1.9231079 1.4539252
3.9237345 2.5122851 0.19067016
3.9293273 2.5101795 0.19563395
3.9306241 2.5089231 0.19865994
3.9318579 2.5061724 0.19949572
3.9307092 2.5079988 0.19722444
3.9297203 2.5113791 0.1981396
3.9305784 2.5122378 0.19742164
3.9273041 2.5105554 0.19526314
3.9303008 2.5099223 0.19531122
3.9309392 2.5107282 0.19562585
3.9336967 2.5122315 0.20081573
3.9332161 2.5115589 0.2016216
4.6582678 2.5583964 4.610683
4.6521426 2.5587936 4.6028474
4.6544581 2.5585911 4.6027442
4.6506329 2.5609534 4.5972164
4.6540555 2.5610419 4.6003871
4.6585816 2.5615285 4.6069277
4.663363 2.561386 4.6133583
5.7732873 1.4759133 4.4693183
5.7744798 1.4760593 4.4688295
5.77595 1.4742183 4.4664522
5.7773063 1.4731927 4.4654664
5.7760836 1.4763779 4.4650127
5.7723523 1.4805611 4.4658948
5.7705191 1.4818862 4.4668877
5.7720292 1.4795241 4.4649594
5.775189 1.4781993 4.4637239
5.7758657 1.4784248 4.4618219
5.7745659 1.4790362 4.4615798
5.7757575 1.4800723 4.464455
5.7752532 1.4783274 4.46735
5.7767988 1.4799902 4.4691916
5.7761578 1.4787453 4.4681018
5.7766197 1.4800715 4.4668168
4.8171534 1.2729208 4.1787998
4.8148247 1.2738952 4.178727
4.8124143 1.2739187 4.1792344
4.8114087 1.2788686 4.1789477
4.813287 1.2778935 4.1789535
4.8154476 1.2805604 4.1800594
4.8149304 1.2774769 4.1826649
4.8155354 1.2752541 4.1826576
4.8141939 1.2721949 4.1834043
4.815046 1.2717767 4.1811281
4.8172333 1.2739794 4.1826988
4.8164013 1.2784748 4.181652
4.8146291 1.2786578 4.1830369
4.8136331 1.2753889 4.1828308
4.8125077 1.2725239 4.1850131
4.8157808 1.2714337 4.1882344
4.815668 1.2759501 4.1873956
4.8145169 1.2751084 4.1844362
4.8118804 1.2758816 4.1798711
4.8107949 1.2777112 4.1773553
4.8132397 1.2765894 4.178458
4.814738 1.2764525 4.1818068
4.8162612 1.2716111 4.1835416
3.338115 2.0789534 3.9838425
3.3375688 2.080054 3.9820087
3.3368679 2.0788041 3.9762191
3.3352824 2.0822067 3.9766577
3.3344169 2.0802488 3.9766947
3.3354925 2.0828324 3.9794002
3.3357462 2.0781563 3.9781408
3.3352949 2.077332 3.9788784
3.3375838 2.0768047 3.9814475
3.3375965 2.0790845 3.9798124
3.3398587 2.0808589 3.9821298
3.3370497 2.0801332 3.9784051
3.3379091 2.0772503 3.9800896
3.3371476 2.0767198 3.9770236
3.3390385 2.0772078 3.976258
3.3388547 2.0792527 3.9766138
3.3376817 2.0784909 3.9752843
3.3398475 2.0785338 3.9763132
3.3376506 2.0778712 3.975931
3.3380432 2.0781591 3.9782283
3.3366474 2.0769725 3.9803668
5.5774035 1.2175776 2.5291791
5.576557 1.2175813 2.5311921
5.5715614 1.2195996 2.5327535
5.5742965 1.2188504 2.5314523
5.5722454 1.220944 2.5301874
5.5746109 1.2153949 2.5265406
5.5738107 1.2153505 2.5287183
5.5742727 1.2153889 2.5292039
5.5764237 1.2170926 2.5300365
5.5748235 1.2179802 2.533155
5.5733425 1.2159907 2.5341989
3.7776793 1.0421075 2.2860507
3.777509 1.0434537 2.2867539
3.7806181 1.043194 2.2855568
3.7800307 1.0447106 2.2872918
3.7801458 1.0436447 2.2872676
3.7765271 1.0428191 2.2876106
3.7781569 1.0425169 2.2852147
3.7764143 1.0389239 2.285902
3.7775358 1.0432758 2.2823711
3.7769196 1.042279 2.2843896
3.7777889 1.0466116 2.2838053
3.7776902 1.0445182 2.2847341
3.7780609 1.0450649 2.2844484
3.7782672 1.0422601 2.2841762
3.7793627 1.0400171 2.2835662
3.7769678 1.0412905 2.283982
3.7763634 1.0424042 2.2840314
3.7774118 1.0450986 2.2858606
3.7780161 1.0408344 2.2875968
3.7788487 1.0386979 2.2896405
5.25863 1.9207134 1.4512166
5.2598658 1.9195701 1.4525592
5.2607992 1.9215917 1.4557428
5.2626367 1.920554 1.4545147
5.2613378 1.9225526 1.4532144
5.2624706 1.9224712 1.4523226
5.2609362 1.9187281 1.4535266
5.2622091 1.9173886 1.4540613
5.2598898 1.9166462 1.4532609
5.2606134 1.9170242 1.4519476
5.2577577 1.9187445 1.4505646
5.2608344 1.9162463 1.4521081
5.2617033 1.9186874 1.4525585
5.2633893 1.9194758 1.4528408
5.263823 1.9183124 1.4533712
5.2640222 1.9197736 1.4517486
5.2644351 1.9185058 1.4522666
5.2641934 1.920761 1.4514583
0 0 0
3.9255954 2.5092725 0.19165063
3.9227528 2.509489 0.18931024
3.9279426 2.5069308 0.19494335
3.9300615 2.508632 0.19592277
3.9324195 2.5082553 0.20181397
3.925805 2.5106434 0.19601922
3.9245275 2.5094615 0.19274675
3.9271217 2.5110583 0.1924175
3.9318126 2.5133582 0.19541775
3.9289361 2.5111862 0.19480398
3.9303265 2.5101111 0.19720717
3.9338872 2.506237 0.19841287
4.6554262 2.5591497 4.6066136
4.6570066 2.5583058 4.6055916
4.6518774 2.5605657 4.601405
4.6525078 2.5597968 4.6006952
4.6534472 2.5617606 4.6030716
4.6560646 2.561737 4.6047471
5.7731374 1.4769676 4.4707036
5.7747439 1.4744922 4.4679255
5.7754256 1.4735629 4.4670802
5.7780017 1.4752752 4.4666052
5.7786343 1.475896 4.4680978
5.7784406 1.4787621 4.465375
5.7777566 1.4771184 4.4659178
5.7776207 1.4776948 4.4638327
5.7773151 1.4774318 4.4648582
5.7783147 1.4782358 4.4633586
5.7763976 1.4797919 4.4646724
5.7774989 1.4805542 4.4635749
5.7757307 1.4788545 4.4640168
5.7764297 1.4776548 4.4632241
5.7755761 1.4765844 4.4655527
5.7769451 1.4777805 4.4667165
4.8167128 1.2731448 4.1806397
4.8133338 1.274182 4.180924
4.8101254 1.2759773 4.1817676
4.8094246 1.2800387 4.1804761
4.8121329 1.2775918 4.1805962
4.8148827 1.2778638 4.180741
4.8161873 1.273956 4.1826408
4.815398 1.2752586 4.183391
4.813936 1.2733169 4.1852491
4.8132494 1.2731503 4.1847918
4.8138748 1.2743558 4.186761
4.8150475 1.2774536 4.1834225
4.8146081 1.2795333 4.1834935
4.8141825 1.2741364 4.1824659
4.8145606 1.2744866 4.1840713
4.8154483 1.2729382 4.1875984
4.8175095 1.2773678 4.1861014
4.8146679 1.275982 4.182403
4.8147369 1.2763205 4.1777839
4.8116764 1.2772217 4.1783724
4.8126548 1.27738 4.1781749
4.812987 1.2780952 4.1822342
1.2869154 1.8059059 2.1779933
1.2852745 1.807325 2.1779088
0 0 0
3.3334899 2.0790849 3.976954
3.3327324 2.0815445 3.9778658
3.3347586 2.079917 3.9772642
3.3337015 2.0816657 3.9784246
3.3341157 2.0781572 3.9765681
3.3330656 2.0808071 3.9782271
3.3371593 2.078878 3.9788078
3.3352915 2.0799832 3.979972
3.3357839 2.0802347 3.9810478
3.3327897 2.0766036 3.9785074
3.3350602 2.0749169 3.9789829
3.3372858 2.0766176 3.9785661
3.337594 2.0780765 3.9769572
3.340199 2.0790381 3.9789968
3.3385674 2.0789988 3.9788693
3.3401376 2.0788864 3.9817164
3.3387514 2.0783158 3.982505
3.339075 2.0775328 3.9817348
5.578025 1.2159248 2.5317523
5.575392 1.215894 2.5327974
5.573682 1.2146489 2.5321207
5.5719903 1.2171473 2.5344869
5.5741751 1.2158246 2.5315546
5.5754985 1.2189537 2.5331327
5.5796189 1.2152363 2.5270415
5.5775939 1.2179713 2.5278335
5.5770213 1.2157348 2.5305243
5.5762124 1.2182527 2.5333756
5.572775 1.2185201 2.5368581
5.5719822 1.2176671 2.5360901
3.7800235 1.0403873 2.2838926
3.7802132 1.0423547 2.284527
3.7804873 1.041475 2.2878599
3.7809766 1.0451576 2.2866819
3.7817874 1.0452185 2.2874733
3.7786798 1.045261 2.2880391
3.7794673 1.0439316 2.2853866
3.7776776 1.0416247 2.2843786
3.779471 1.0429672 2.2802379
3.7797453 1.0421875 2.2830535
3.7769381 1.0444567 2.2849569
3.7775405 1.0426734 2.2868215
3.7791908 1.0430869 2.2861117
3.7811316 1.0434555 2.2827086
3.7836237 1.0420184 2.2805518
3.7799595 1.0443452 2.2816228
3.7781663 1.0426547 2.2830324
3.775748 1.0477759 2.2850457
3.7753107 1.0422653 2.2859421
3.7749577 1.0399997 2.2872154
5.2605181 1.923898 1.4533132
5.2595184 1.923153 1.4551672
5.2568129 1.9242087 1.4537769
5.2604953 1.9196375 1.4554043
5.2611167 1.9184424 1.4533506
5.2632144 1.9175863 1.4558211
5.2608286 1.9175502 1.4575388
5.2621261 1.9173626 1.4567798
5.2609548 1.9169597 1.4530555
5.2620817 1.9153866 1.4538032
5.259918 1.9169832 1.4549618
5.2603413 1.9156882 1.4562926
5.2604744 1.9196871 1.4547695
5.2597201 1.9176386 1.4528942
5.2636065 1.9187382 1.4531947
5.263821 1.9197138 1.4514246
5.2642398 1.9190297 1.4517541
5.2619561 1.9206615 1.452327
3.9249959 2.5120918 0.19272414
3.925365 2.5117705 0.19306417
3.9241659 2.5109918 0.19169125
3.92781 2.5067008 0.19625087
3.9294547 2.5071561 0.19555669
3.9324784 2.5051212 0.20095421
3.9290683 2.5099091 0.19887656
3.929081 2.5102742 0.19832669
3.9288968 2.5103444 0.19678942
3.9306604 2.5123019 0.19623965
3.9278007 2.5127483 0.19516409
3.9299131 2.5133829 0.19792298
3.9327682 2.5102203 0.19821928
4.6487743 2.5571091 4.6018498
4.6474735 2.5572734 4.5995655
4.6479186 2.5612577 4.5999419
4.6490955 2.5598325 4.5991166
4.6518638 2.5636902 4.6038897
4.6542761 2.5627616 4.6065359
5.7736018 1.4758702 4.4672754
5.7742945 1.474844 4.4659938
5.7741438 1.4742704 4.4671138
5.7770672 1.475017 4.4658956
5.7765781 1.4738473 4.4667759
5.77898 1.4782087 4.4640467
5.7775415 1.4759879 4.4647125
5.7790692 1.476878 4.4634267
5.7774231 1.4764368 4.4645288
5.7782863 1.4781822 4.4641463
5.7765398 1.4796719 4.465209
5.7758985 1.479983 4.4646049
5.7745508 1.4783883 4.4653816
5.7733597 1.4779884 4.4649902
5.7726472 1.4780767 4.4671768
5.7721388 1.4772967 4.466713
4.8152935 1.273122 4.1826934
4.816944 1.27365 4.1818744
4.8123205 1.2756278 4.1839747
4.8093846 1.2780208 4.1817464
4.811503 1.276765 4.1801573
4.8128384 1.2785764 4.1799239
4.8175786 1.2790674 4.1792122
4.8158862 1.2802607 4.1819332
4.8162149 1.278271 4.1829727
4.8129566 1.2773397 4.1847945
4.8126452 1.2773345 4.1845915
4.8112902 1.2769394 4.1831896
4.8139835 1.2796026 4.1826872
4.8125863 1.2761691 4.1834542
4.8162076 1.2772295 4.1835087
0 0 0
0 0 0
4.8145267 1.2775062 4.1812518
4.8136507 1.2777487 4.1780501
4.8117045 1.2772266 4.1777546
1.2904155 1.8088146 2.182582
1.2872432 1.8093211 2.1826936
1.2872213 1.8079018 2.1804013
1.2855 1.8075199 2.1806656
1.287875 1.8071579 2.1799429
1.2869979 1.8085629 2.1816869
3.3327138 2.0819305 3.977985
3.3343887 2.0805832 3.9800825
3.3319192 2.0819589 3.9779382
3.336026 2.0792047 3.9774997
3.3342329 2.0814758 3.9768502
3.3364744 2.0816409 3.9750684
3.3341529 2.0804429 3.9766483
3.3362309 2.079863 3.9783458
3.3341868 2.0784241 3.9809905
3.3347578 2.0777653 3.9805567
3.3343117 2.0757079 3.9774633
3.3335743 2.0757913 3.9755338
3.3358391 2.0783262 3.9770287
3.3335131 2.0793455 3.9771121
3.3358526 2.0771459 3.9799864
3.3372088 2.0754982 3.9814845
5.5774623 1.220699 2.5323315
5.5758731 1.216157 2.5305788
5.5749025 1.2162756 2.5322514
5.5717796 1.2133772 2.5312494
5.5739276 1.2135978 2.5358696
5.5760303 1.21455 2.5334044
5.575844 1.217849 2.5345111
5.5767278 1.2171435 2.5293287
5.5736076 1.2167181 2.529621
5.5735564 1.2149158 2.5288119
5.5724553 1.2187062 2.5308792
5.5747453 1.2181637 2.5343751
5.5749637 1.2174686 2.5365833
3.7812854 1.0418021 2.2858063
3.7810009 1.0447007 2.2850339
3.7804443 1.043139 2.2863276
3.7807623 1.0456573 2.2866061
3.7817233 1.0463364 2.2863367
3.7778506 1.0464647 2.287172
3.7758772 1.0451677 2.2869095
3.7775869 1.0433233 2.2863857
3.777243 1.0430478 2.2848009
3.7802028 1.0435534 2.2843375
3.7757538 1.0436196 2.28744
3.7778934 1.042819 2.2868557
3.7777912 1.0416902 2.2862787
3.7798482 1.0421368 2.2831616
3.7820911 1.0416565 2.2822064
3.781238 1.0475869 2.2830704
3.7799805 1.0478518 2.2843932
3.7779722 1.0503169 2.2848957
3.778052 1.0449428 2.2851144
3.7779433 1.044203 2.2867311
5.2579303 1.9165476 1.4553473
5.2574494 1.920059 1.4557718
5.2559181 1.9244466 1.455024
5.2564795 1.9239428 1.4534135
5.2572467 1.9224896 1.4520277
5.2596496 1.9204793 1.455129
5.2599428 1.9209701 1.4581256
5.2592154 1.9219632 1.4560444
5.2583369 1.9205821 1.4513573
5.2581127 1.9208677 1.4513333
5.2589999 1.919697 1.453463
5.2618527 1.9180931 1.4566587
5.2622643 1.9187431 1.4565509
5.2621074 1.9181221 1.4550655
5.2643829 1.9211876 1.4558137
5.263596 1.9201761 1.4543366
5.2645251 1.9218626 1.4540192
0 0 0
3.1219488 1.0347535 5.8844895
3.1231683 1.0328343 5.8885073
3.1230077 1.0310706 5.8870705
3.9305158 2.5106596 0.19632483
3.9364068 2.5099331 0.20027651
3.9342057 2.5064406 0.20170664
3.9320773 2.5083773 0.19998189
3.9325767 2.5101664 0.20062912
3.9347671 2.5123628 0.20043767
3.9337456 2.5124566 0.20177383
3.9289103 2.5119638 0.19848209
3.9251908 2.5108954 0.19286452
3.9276611 2.5101433 0.19217267
4.6491546 2.5589731 4.6009219
4.6451115 2.5578388 4.5976345
4.6468715 2.5609938 4.5994265
4.6486539 2.5590057 4.6020642
4.6515156 2.5606775 4.6037861
4.6516538 2.56176 4.6038633
5.7748835 1.4781789 4.4658943
5.7742636 1.4752399 4.4649623
5.7733135 1.474799 4.4659328
5.7758435 1.4775028 4.4660002
5.7762116 1.4775757 4.4676153
5.7805098 1.4778299 4.4653552
5.7790982 1.4739394 4.4663344
5.7799206 1.4768756 4.4651704
5.7784526 1.4774992 4.4640165
5.7773838 1.4790208 4.4648122
5.7786882 1.4783692 4.4645259
5.7756793 1.4793356 4.4664118
5.7749406 1.4784557 4.4649881
5.7712775 1.477445 4.4642089
5.7729706 1.4764382 4.464776
1.143934 0.62351125 1.5476917
1.148608 0.62258156 1.5444001
4.8138394 1.2780989 4.1824066
4.8109452 1.2795201 4.1860309
4.8110623 1.278141 4.1833547
4.8148536 1.2753466 4.1805224
4.8118594 1.2758151 4.1820883
4.8149663 1.2765995 4.1815172
4.8102859 1.2788012 4.1871145
4.8115004 1.2792233 4.1847347
4.8103539 1.2787654 4.1860124
4.8112136 1.2776288 4.185424
4.8105423 1.2758004 4.1846883
4.8148559 1.276713 4.1811365
4.8134885 1.2759698 4.1797908
5.7564472 2.5622148 0.56948742
5.7626676 2.5600719 0.57403736
5.757449 2.5591178 0.56890993
5.7582759 2.5562901 0.56775525
5.7523715 2.5578687 0.56119997
5.7485851 2.5580495 0.55650426
0 0 0
1.2865777 1.8067771 2.1825453
1.286755 1.8080935 2.181747
1.2862991 1.809837 2.1814741
1.287919 1.8092967 2.1798005
1.2868473 1.8080147 2.1802193
1.2858933 1.8044722 2.1788784
3.335576 2.0781468 3.9810662
3.3338801 2.0772707 3.9750934
3.3391476 2.0780545 3.9774227
3.3374332 2.0796846 3.978033
3.3369901 2.0793387 3.9763737
3.3335349 2.0777913 3.977255
3.3357002 2.0771362 3.9784187
3.3310583 2.0777943 3.9785223
3.3332697 2.0780845 3.980077
3.334162 2.0775194 3.978677
3.3353202 2.0774495 3.9809078
3.3355263 2.0788447 3.9801712
3.3360931 2.0807587 3.9811238
3.3368084 2.0802958 3.9813138
5.5760568 1.2177241 2.5307018
5.5752631 1.2198978 2.534252
5.5734129 1.2153638 2.5337725
5.5750518 1.2157796 2.534686
5.5733698 1.2134026 2.5337895
5.5750281 1.2131282 2.5351891
5.5744665 1.2143671 2.5340677
5.5746037 1.2159004 2.5344838
5.5763447 1.2183201 2.5299303
5.5760919 1.218507 2.5290214
5.5779008 1.2175637 2.5300604
5.5751291 1.2194529 2.5342877
5.5756613 1.2193127 2.5363444
0 0 0
3.7780799 1.0426734 2.286228
3.7771611 1.042867 2.2873157
3.7782423 1.0437982 2.288328
3.779771 1.0448172 2.2842588
3.7810999 1.0458386 2.283406
3.7800001 1.0470597 2.2867542
3.7789707 1.0470037 2.2884183
3.7823355 1.0469715 2.2868039
3.7782639 1.0451155 2.2865605
3.7792413 1.0458685 2.2864694
3.7761184 1.043324 2.2883602
3.7771249 1.0437409 2.2879913
3.7755788 1.0415798 2.2865421
3.7761379 1.0428682 2.2855859
3.7781041 1.0430611 2.2833512
3.7805994 1.0456174 2.2837452
3.781903 1.0460318 2.2826343
3.7805654 1.0478729 2.2838543
3.7800616 1.04785 2.2852922
3.7777567 1.0471991 2.2891156
5.2598248 1.9160421 1.4551452
5.2572272 1.9213692 1.4557058
5.2558161 1.9242457 1.4555196
5.2561686 1.9241348 1.4539376
5.2577646 1.9222416 1.4526341
5.2589179 1.9219825 1.4546783
5.2594703 1.9221013 1.4568936
5.2572939 1.9206919 1.4552419
5.2585214 1.9179164 1.4522234
5.2590163 1.9191234 1.4514426
5.2615595 1.9190757 1.4538039
5.2636331 1.9203163 1.4552098
5.2619715 1.9195792 1.4544347
5.2614532 1.9177446 1.4534874
5.2632437 1.9204734 1.4539269
5.2638623 1.9190035 1.4532457
3.1205314 1.0377526 5.8827222
3.122788 1.0376783 5.8836872
3.1215039 1.035221 5.8840892
3.1232583 1.0348069 5.8878338
3.1223452 1.0342553 5.8873811
3.1212672 1.0344371 5.8896805
3.9360941 2.5104855 0.20003111
3.9333447 2.5079007 0.19848035
3.9347075 2.507946 0.19765457
3.9341826 2.5084215 0.20049198
3.9376352 2.5109371 0.20346691
3.9342152 2.5115065 0.203796
3.9298726 2.5127476 0.19931939
3.9250965 2.5123159 0.19421591
3.9273688 2.5131563 0.1947197
4.6463854 2.5583089 4.5986151
4.6451162 2.5581428 4.5976932
4.6502454 2.5572817 4.6004423
4.6543961 2.5557538 4.6068335
4.6551387 2.5561994 4.6064246
4.6549676 2.5580955 4.6070557
0 0 0
5.7736661 1.4766744 4.4659957
5.7733712 1.4783381 4.4657613
5.7746318 1.4790276 4.4657959
5.7741968 1.4768296 4.4670518
5.7767208 1.4758149 4.4648647
5.7752894 1.4754403 4.4658372
5.7754556 1.4808274 4.4651124
5.7772256 1.4806402 4.46373
5.7753285 1.4813824 4.4663909
5.7774453 1.4777145 4.4664661
5.7746643 1.4778717 4.4697103
5.7761346 1.4777493 4.4673928
1.143811 0.62087251 1.5477527
1.1453045 0.62265713 1.5453466
1.1412468 0.62334492 1.5505455
1.1458113 0.62157428 1.5471437
1.1435024 0.62170213 1.5504542
4.813515 1.2768936 4.1880749
4.8110543 1.2761427 4.1843278
4.8136923 1.2747196 4.180115
4.8119748 1.2751359 4.1818956
4.8142759 1.2757364 4.1799615
4.8113649 1.2777789 4.1846707
4.8112631 1.277446 4.1827352
4.8120009 1.2783915 4.1841307
0 0 0
5.7562076 2.5554612 0.56208515
5.7562908 2.5560714 0.56279931
5.754946 2.5571368 0.56353092
5.7526716 2.5585946 0.56357678
5.752899 2.557444 0.56497702
5.7549028 2.5580943 0.56806687
5.7550616 2.5580595 0.56494571
5.7553932 2.5584547 0.56457929
5.7509189 2.5592136 0.5585929
0 0 0
1.2841251 1.8074383 2.1828263
1.2860007 1.8091594 2.1829735
1.2858878 1.8096359 2.1819496
1.2872121 1.8087807 2.18085
1.2856057 1.8062293 2.1799425
1.2845047 1.8071282 2.1791757
1.2850574 1.8098013 2.1810349
0 0 0
3.3387299 2.0775449 3.9780492
3.3368994 2.0775069 3.977999
3.3374199 2.0779685 3.9770979
3.3353761 2.0793753 3.9786523
3.3362721 2.0787065 3.9805204
3.3336446 2.0805702 3.9802371
3.335178 2.080796 3.9812771
3.3335976 2.0763179 3.978459
3.3365773 2.0762357 3.9812063
3.3353118 2.0765393 3.9792024
3.33395 2.0792649 3.9799616
5.5798775 1.2188154 2.5324065
5.577013 1.2203223 2.5299425
5.5749761 1.2191002 2.5328729
5.571096 1.2155329 2.5330518
5.5741078 1.2160448 2.5324285
5.5743756 1.2161686 2.5324404
5.5765429 1.2172043 2.5322912
5.5763896 1.2164759 2.5311025
5.5743601 1.2142851 2.5328169
5.5751745 1.2170047 2.5317823
5.5739678 1.2169067 2.5318569
5.5731007 1.2178701 2.5338207
5.5739059 1.2189331 2.5345045
5.5736262 1.2191439 2.5329888
5.5754263 1.220125 2.5297364
3.7763877 1.0443385 2.2924482
3.7761458 1.0434601 2.2908391
3.7774524 1.0480744 2.2897353
3.7791149 1.046061 2.2843071
3.7777892 1.0475337 2.2833162
3.7784585 1.045833 2.2848445
3.7773342 1.045533 2.2876532
3.7799281 1.0450839 2.2890785
3.7792726 1.0439387 2.2887188
3.7789693 1.0447771 2.2887456
3.7768404 1.043148 2.2894616
3.7744845 1.0432098 2.29201
3.7724481 1.0419745 2.2889807
3.7709623 1.0436145 2.2896576
3.7743828 1.0423168 2.2856687
3.7789266 1.0441609 2.2862979
3.7822764 1.0448016 2.284138
3.7811685 1.0466395 2.2858342
3.7819495 1.047234 2.2866859
3.7805184 1.0464036 2.2900905
5.2582058 1.9121738 1.4550199
5.2590078 1.918119 1.4546923
5.2591767 1.9227193 1.4534747
5.2597808 1.9241938 1.4519109
5.259208 1.9218858 1.4531597
5.2585731 1.9217525 1.4537626
5.2589075 1.9217323 1.4562695
5.2574935 1.9208421 1.4529749
5.2583014 1.9193092 1.4535574
5.2570943 1.9207678 1.4505897
5.2606778 1.9213545 1.454264
5.2621278 1.9211242 1.4540996
5.2627859 1.9199145 1.4550217
5.2621102 1.9185087 1.4544994
0 0 0
3.1203988 1.0378607 5.885809
3.1188033 1.0362336 5.884574
3.1204988 1.0375602 5.8843024
3.1213096 1.0352661 5.883941
3.1226563 1.0350305 5.885326
3.1220031 1.0319058 5.8860573
3.1214129 1.034022 5.8873718
3.1194247 1.037506 5.8859061
3.1174423 1.0356976 5.887814
3.9330093 2.5093636 0.19576051
3.9326522 2.5101219 0.1982041
3.9335909 2.5134112 0.19808787
3.9321374 2.5126184 0.20154561
3.9320498 2.5126514 0.20100475
3.9282282 2.5105988 0.19634559
3.9258978 2.5111235 0.19238954
4.651429 2.5568837 4.6029461
4.6525909 2.5557915 4.6031923
4.652297 2.5540208 4.6019862
4.6569883 2.5549386 4.6085199
4.6572309 2.5543978 4.609459
4.656533 2.5536264 4.6103847
5.7753758 1.4772639 4.467408
5.7760685 1.4770092 4.4657017
5.7752105 1.4788533 4.4654218
5.7761034 1.4801719 4.4641474
5.7748985 1.4804097 4.4657595
5.7755292 1.4794215 4.4644673
5.7737288 1.4789637 4.4656525
5.7741602 1.4817095 4.4654792
5.7734482 1.4816379 4.4665993
5.774381 1.4824246 4.4676796
5.7767374 1.4805347 4.4673919
5.7744081 1.4795606 4.4693832
1.1482192 0.61911172 1.5460332
1.1477423 0.61907052 1.5452324
1.1470995 0.61959363 1.5448699
1.1436794 0.61894564 1.5493227
1.1462807 0.62015738 1.5487461
1.1440298 0.62188331 1.5491816
1.1435958 0.6232416 1.5486272
0 0 0
4.8138397 1.274477 4.1804001
4.8134651 1.2742702 4.1818775
4.8111922 1.2719481 4.1826626
4.8112191 1.2733448 4.1869146
5.7504059 2.5585751 0.55682754
5.751506 2.5561594 0.55861878
5.7567021 2.5542085 0.56266061
5.7531197 2.5572916 0.5610714
5.755957 2.5580861 0.56224534
5.7505607 2.5576057 0.55825604
5.7509032 2.5570331 0.56125125
5.7458896 2.5551841 0.55788943
5.7518925 2.5567555 0.56589867
5.7545108 2.5578036 0.56527908
5.7607324 2.5568206 0.57077014
5.7601724 2.5567068 0.56602668
1.2848534 1.8045222 2.1819004
1.2847587 1.8069641 2.1824519
1.286634 1.8083254 2.182903
1.2865127 1.810208 2.182568
1.287239 1.8097184 2.1823101
1.2856609 1.8056079 2.1797399
1.2860213 1.8062341 2.1804587
1.2872346 1.8045343 2.1801592
0 0 0
3.3398463 2.077301 3.9751956
3.338537 2.0780745 3.9752774
3.3352209 2.0777182 3.9742922
3.3340536 2.0768691 3.9775006
3.3358094 2.0776419 3.9797427
3.3350441 2.0784638 3.9787573
3.3349014 2.0808371 3.977515
3.3347462 2.0770963 3.9767978
3.3368427 2.078011 3.9818793
5.5767245 1.2157271 2.5327955
5.581487 1.2178433 2.5274429
5.5804394 1.214404 2.5315545
5.5781846 1.2179315 2.5290815
5.5764835 1.2162935 2.5323127
5.5729901 1.2172477 2.5326183
5.5753902 1.219141 2.5354532
5.5750692 1.2196848 2.5333181
5.5734279 1.2198814 2.5347266
5.5734349 1.2170329 2.5318173
5.5721779 1.2132092 2.5351265
5.5747033 1.2135182 2.5318709
5.5751714 1.2145823 2.5337576
5.573962 1.2173044 2.534269
5.5762972 1.2205465 2.5348015
5.5743179 1.2207101 2.534055
5.5760944 1.2204815 2.5308935
3.7758363 1.0439836 2.2906571
3.7754841 1.0434686 2.2912822
3.7755166 1.0465658 2.290212
3.7779913 1.0443894 2.2869162
3.7766892 1.0454054 2.2851398
3.777775 1.044627 2.2872865
3.7788492 1.0440875 2.2866239
3.7823305 1.044568 2.2870806
3.7816609 1.0442993 2.2863714
3.7789505 1.0418279 2.2882068
3.7775836 1.0410589 2.2893103
3.7758818 1.0403799 2.2929387
3.7730164 1.0411965 2.2914782
3.7708173 1.0415415 2.291374
3.7747196 1.0397806 2.2860261
3.7761752 1.0412143 2.2864537
3.7794466 1.0409647 2.2867551
3.778585 1.0446849 2.2888618
3.7790127 1.0457339 2.2891311
3.7786704 1.0464571 2.2883622
5.2606684 1.9144191 1.4541815
5.2612082 1.9181256 1.4530326
5.2606748 1.9217103 1.4535366
5.2621458 1.9224264 1.4536669
5.2604215 1.9215528 1.4547635
5.2587203 1.9208341 1.451758
5.2580007 1.9179123 1.4551828
5.2574667 1.9185475 1.4521498
5.2584348 1.9176875 1.4541797
5.2583671 1.9196832 1.4523138
5.260443 1.9207292 1.4534022
5.260955 1.9207981 1.4534679
5.2603927 1.9200088 1.4530305
0 0 0
0 0 0
3.1208776 1.0346063 5.8845944
3.1218587 1.0332321 5.8844246
3.1222699 1.0356732 5.8850012
3.1213375 1.0346387 5.8862362
3.1212422 1.0375476 5.8852483
3.1226491 1.0354429 5.8868225
3.1216302 1.0366675 5.8853207
3.120696 1.037165 5.8870585
3.1209585 1.036944 5.8861144
3.1228613 1.0363482 5.8837675
3.9298672 2.5113055 0.19556902
3.9306064 2.5141393 0.19685607
3.9287972 2.5139256 0.19834174
3.9275706 2.5146637 0.1961371
3.927021 2.5131062 0.19491558
3.9305021 2.5134636 0.19784616
4.6531431 2.5573935 4.6029664
4.6550444 2.556436 4.6043976
4.6553313 2.5565646 4.6049474
4.6574518 2.556973 4.6084302
4.6552139 2.5560336 4.6079267
4.6552399 2.5571472 4.6100802
5.7751082 1.4775157 4.468765
5.775154 1.4793381 4.4677485
5.7741372 1.4801893 4.4672175
5.7755752 1.4785681 4.4661455
5.7752646 1.4767443 4.4663085
5.7747253 1.4756425 4.4644887
5.7711954 1.4794705 4.4635206
5.7708563 1.4808448 4.4629019
5.7719726 1.4824472 4.466938
5.7738574 1.4798466 4.4683573
5.7743981 1.4799962 4.4711619
1.1458838 0.62063946 1.5469654
1.147989 0.61802163 1.5447467
1.1480758 0.61740329 1.544577
1.148857 0.61961601 1.5458553
1.1450474 0.61891375 1.5489663
1.1435861 0.62060087 1.5517221
1.142689 0.6215345 1.5513401
1.1436342 0.62268486 1.54875
1.1444165 0.6248599 1.5466974
0 0 0
5.7450735 2.5598058 0.55371375
5.7426003 2.5601216 0.55139086
5.7482571 2.5605725 0.55457228
5.7538107 2.5590967 0.5592078
5.754789 2.5569742 0.56089164
5.7569902 2.555468 0.5619806
5.7511487 2.5557617 0.55891947
5.7570821 2.5577939 0.56414621
5.7512162 2.5575096 0.56103587
5.7549722 2.5579164 0.56781541
5.7501273 2.5566757 0.56227189
5.7549765 2.5597744 0.57010513
5.7579324 2.5597599 0.56832051
5.7596209 2.5567585 0.56758439
5.759451 2.5536339 0.56363036
1.2858578 1.8074817 2.1826853
1.2855382 1.8070755 2.1830275
1.2868649 1.8050135 2.1834829
1.2862778 1.8058751 2.183079
1.2863622 1.8068462 2.1816125
1.2849348 1.8072738 2.1795808
1.2884922 1.8094554 2.1822705
1.2879937 1.8078351 2.1798101
1.2887989 1.8094342 2.1807319
1.2886216 1.8074652 2.1775786
3.3354579 2.0789613 3.9746434
3.335253 2.0794052 3.9741218
3.3362395 2.0788958 3.9780575
3.3364573 2.0797624 3.9794989
3.3359561 2.0771789 3.9774281
3.3355956 2.0782149 3.9770044
3.3355912 2.0754718 3.9758533
5.5773155 1.2179482 2.5318508
5.5776936 1.2166344 2.5331018
5.5799579 1.2184146 2.5304825
5.5805304 1.2182027 2.5324049
5.5794156 1.2190404 2.5299227
5.5763026 1.2181683 2.53331
5.5720471 1.2177833 2.5343027
5.5723673 1.2173558 2.5366617
5.5725025 1.2190289 2.5332687
5.5721902 1.2203431 2.5327407
5.5747635 1.2173146 2.5294271
5.5741915 1.2154605 2.5345437
5.5743554 1.2128373 2.5338065
5.5746497 1.2145149 2.5357985
5.5728901 1.2160959 2.5346802
5.5735413 1.2208757 2.5336876
5.5716406 1.2201141 2.5322677
0 0 0
3.778667 1.0426531 2.2891989
3.7789376 1.0436692 2.2893296
3.7784213 1.0472504 2.2884744
3.7784655 1.0475178 2.2866579
3.7770951 1.0455977 2.2855916
3.7772599 1.0435623 2.2869051
3.7779349 1.0416639 2.2862189
3.778605 1.0422729 2.286458
3.7805303 1.0409331 2.2856831
3.7804954 1.0382809 2.2885162
3.7754756 1.0402355 2.2926906
3.7715259 1.0391206 2.2963962
3.7709047 1.0419647 2.2945058
3.7730865 1.0421676 2.2905261
3.7764648 1.0413422 2.2871289
3.7756451 1.0411819 2.2870775
3.7765526 1.0397367 2.290126
3.7762206 1.0427589 2.2899966
3.7777709 1.0438043 2.2880645
3.7782607 1.0450919 2.2856765
5.2618961 1.9142319 1.4571066
5.2638254 1.9169544 1.4548849
5.2641697 1.9199446 1.4541245
5.26427 1.9213723 1.4537488
5.2607281 1.9197653 1.4571831
5.2595245 1.9202926 1.4558828
5.2603761 1.9197554 1.4565638
5.2588733 1.9220085 1.4540128
5.2606593 1.9187968 1.4548425
5.2588515 1.9202034 1.4556813
5.2588075 1.9189398 1.4552033
5.2600073 1.919488 1.4561416
5.2592796 1.919862 1.4546444
3.1190424 1.0358929 5.8856284
3.1204693 1.0354374 5.884745
3.121989 1.0349938 5.8853841
3.1210805 1.0326118 5.8868478
3.1201504 1.035846 5.8881249
3.1205955 1.0359432 5.8881705
3.1190398 1.0385681 5.8858835
3.1209615 1.0345226 5.8872457
3.1198784 1.0354364 5.8839441
3.1218128 1.0338237 5.887071
3.1203197 1.0333949 5.8844464
3.122191 1.0320134 5.8835348
3.1260525 1.0340067 5.8815745
3.1265861 1.0365196 5.8802769
3.9223801 2.5136174 0.1910649
3.9244386 2.5151034 0.1923904
3.924069 2.5142896 0.19184174
3.9277206 2.5142336 0.194837
4.6582722 2.5575808 4.6083902
4.6572178 2.5549668 4.6082316
4.6547436 2.5560321 4.6034376
4.6517193 2.5577237 4.6035254
4.6516164 2.5590007 4.6068056
4.6537916 2.557033 4.611796
5.7722216 1.4809534 4.4678194
5.7745214 1.481581 4.4670466
5.7760381 1.4811121 4.4653871
5.7764157 1.4807969 4.4665752
5.7761104 1.4802903 4.4649446
5.7754587 1.479134 4.4620869
5.7732495 1.4798954 4.4611468
5.7700703 1.4772601 4.4615963
5.7715425 1.4790627 4.4668412
5.7716716 1.4788477 4.4688091
1.1471408 0.62422785 1.5460679
1.1424704 0.62263158 1.549778
1.1451269 0.6201888 1.5505234
1.143419 0.61839184 1.5501823
1.149172 0.6188873 1.5455337
1.1465978 0.61838466 1.5475615
1.1453844 0.62187484 1.5494573
1.1459651 0.6232457 1.5482063
1.1463182 0.62456358 1.5459664
1.1475402 0.6230405 1.5446863
5.7478241 2.5609357 0.55463183
5.7473794 2.5615346 0.55418057
5.7414652 2.5596023 0.54962728
5.7479303 2.5598465 0.55536152
5.7490024 2.5580596 0.55707803
5.7508258 2.5572669 0.55963255
5.7511951 2.5571415 0.55859254
5.7449647 2.5589811 0.5555556
5.7491836 2.5616576 0.55940324
5.7497592 2.5597741 0.56200887
5.754094 2.558269 0.56551135
5.7519947 2.5562104 0.56282914
5.7525115 2.5578908 0.56502702
5.7573959 2.5581604 0.56629991
5.7602204 2.5557632 0.56884311
5.7638633 2.5531144 0.56889353
1.2884717 1.808361 2.1809998
1.2887727 1.8092632 2.181332
1.290444 1.8068934 2.1819394
1.2870551 1.8075555 2.1831682
1.2872366 1.8066596 2.1823687
1.2865529 1.8075349 2.1818079
1.2901447 1.8067909 2.1827768
1.2897342 1.8055609 2.1834897
1.2876546 1.8074588 2.1803796
1.2865351 1.808443 2.1779369
1.2865921 1.8107552 2.1781514
3.3360203 2.0800107 3.9747262
3.3357479 2.0782076 3.9764216
3.3361675 2.0785099 3.9773988
3.3373371 2.0783465 3.9769884
5.5704474 1.2182453 2.5369596
5.5711326 1.2164015 2.5385302
5.5730672 1.2166259 2.5351531
5.5760096 1.2158637 2.5337491
5.5759877 1.2168753 2.533402
5.5772645 1.2187046 2.5335221
5.5757482 1.2173468 2.5309974
5.576162 1.2189391 2.5305012
5.5735456 1.2184024 2.5329293
5.572172 1.2213598 2.5357129
5.5704522 1.2192044 2.5356806
5.5721177 1.2178394 2.5317539
5.5706105 1.2147289 2.5321953
5.573101 1.2156842 2.5344996
5.5735965 1.2122061 2.5327584
5.5767452 1.2140933 2.5313331
5.5760169 1.2144844 2.5296476
5.5758552 1.219698 2.5292136
5.5730265 1.2185818 2.5314729
5.5716991 1.2191348 2.5333065
3.7781842 1.0402808 2.2888915
3.7788476 1.0404118 2.2872296
3.7790192 1.042832 2.2890947
3.7790844 1.0449017 2.2869726
3.7803856 1.0437297 2.2877428
3.7783743 1.0431597 2.2853928
3.7812985 1.0393836 2.28447
3.7822298 1.0414729 2.2831082
3.7830628 1.0411658 2.2835639
3.7812117 1.0396595 2.286183
3.7773698 1.0384527 2.2879347
3.7753931 1.0378975 2.2909668
3.7723843 1.0411549 2.2906707
3.7742232 1.0406602 2.2880319
3.7756775 1.0397865 2.2873638
3.7786911 1.0407171 2.284756
3.7781975 1.04046 2.2865203
3.7775067 1.0419247 2.2874102
3.776816 1.0422888 2.2879827
3.7783878 1.0435897 2.2853152
5.25992 1.9146035 1.4526844
5.2610406 1.917039 1.4536112
5.2624718 1.9190242 1.4560744
5.2626705 1.9196796 1.4561659
5.2613492 1.9188011 1.4559205
5.2610143 1.9160814 1.4558929
5.2618313 1.9169272 1.4542006
5.2602967 1.9192391 1.455365
5.2617738 1.9192956 1.4556369
5.2602312 1.9201329 1.4564983
5.2607414 1.9187146 1.4570608
5.2606555 1.9201399 1.45513
0 0 0
3.1208527 1.0363232 5.8867249
3.1213759 1.0337881 5.8844133
3.1224376 1.0323271 5.8833848
3.1245426 1.032454 5.8853312
3.1224513 1.0366125 5.8876239
3.1237896 1.0382315 5.8877683
3.1192173 1.0384126 5.8871803
3.1242868 1.0347032 5.8852998
3.1226416 1.0341746 5.8843113
3.1266685 1.0327348 5.8843982
3.1247627 1.032947 5.8838478
3.1252976 1.0329217 5.8832739
3.1271578 1.0351978 5.8809649
3.1245207 1.0369653 5.8816433
3.1245678 1.0376169 5.8832384
3.1237368 1.0382261 5.8864704
3.1215886 1.0348965 5.8889602
3.1229467 1.0360102 5.8886094
3.1199237 1.033577 5.8881573
4.6548775 2.5570433 4.6055315
4.6507807 2.5589033 4.5999863
4.6476428 2.5590329 4.6004363
4.6476573 2.5599336 4.6000666
4.6518747 2.5598855 4.6089382
5.7722688 1.480444 4.4673896
5.7720199 1.482094 4.4679013
5.7721267 1.4803806 4.4646399
5.771989 1.4789006 4.4664117
5.772949 1.4776396 4.4653522
5.7731478 1.4789243 4.4632831
5.7732327 1.4797618 4.4614728
5.7707231 1.4787038 4.4611859
5.7734592 1.4773301 4.4634014
0 0 0
1.1448943 0.62161382 1.5456594
1.1410127 0.62028658 1.5485091
1.1426943 0.61962536 1.5489327
1.14141 0.62002041 1.550014
1.1455488 0.62166438 1.5466298
1.1454932 0.62209809 1.5480375
1.1455676 0.62381496 1.549198
1.1466856 0.6211386 1.549765
1.1480965 0.62466012 1.5483448
1.1484543 0.62314581 1.545751
5.7473808 2.5599682 0.55280512
5.7483 2.5601143 0.55413611
5.7469823 2.557252 0.55407898
5.7512909 2.5586019 0.56058724
5.7511857 2.5566138 0.56125234
5.7540289 2.5591476 0.5630155
5.7549651 2.5599019 0.56126425
5.7518696 2.5603757 0.5609535
5.7514164 2.5595978 0.56192686
5.7495398 2.5587903 0.56294807
5.7492485 2.5583775 0.56165932
5.7542222 2.5581242 0.56314389
5.7551453 2.5598322 0.56480704
5.7563487 2.5609785 0.56423083
5.7559935 2.5596483 0.56531546
5.755171 2.5569114 0.56343881
1.2907196 1.8073695 2.1809906
1.2896044 1.8090543 2.1821592
1.2891128 1.8066865 2.1814367
1.2870046 1.8068152 2.1800436
1.2878262 1.8053672 2.1782914
1.2894006 1.8068868 2.1813779
1.2902377 1.8074849 2.1823246
1.2897915 1.807069 2.1858289
1.2865351 1.8080367 2.1822168
1.2866881 1.8099812 2.1827563
1.2866955 1.8103909 2.1801629
1.2885906 1.8097476 2.1820359
1.2884875 1.8100661 2.1824312
5.5746576 1.2122895 2.5328429
5.5742157 1.2137998 2.5347178
5.5719943 1.2161642 2.5356732
5.5721867 1.2169194 2.5381252
5.5715719 1.2185017 2.5374355
5.5738501 1.2173243 2.535894
5.5731088 1.2182692 2.5343444
5.5767005 1.2200138 2.5315893
5.575725 1.2192051 2.5296202
5.5749245 1.2202558 2.5301153
5.5711318 1.2166846 2.535819
5.5731818 1.2185758 2.5364867
5.5703859 1.2152982 2.5370639
5.5738481 1.2159463 2.5311144
5.5691825 1.2150688 2.5325861
5.5734837 1.217535 2.5312418
5.5721306 1.2155337 2.5327395
5.577738 1.2160576 2.5305682
5.5786237 1.2156447 2.5291968
5.5791111 1.2192366 2.5289865
5.5746101 1.21853 2.5309374
5.5728214 1.2172917 2.5321833
3.7764537 1.0403726 2.2881081
3.7756255 1.0412941 2.2897588
3.7766841 1.0432839 2.2921533
3.7783748 1.046407 2.2860712
3.7814273 1.0445444 2.2857741
3.7787714 1.0422716 2.2863357
3.7803841 1.038455 2.2870961
3.7799134 1.0403928 2.2866455
3.781952 1.0398836 2.2841036
3.7778499 1.0402204 2.2867254
3.7738468 1.0383522 2.2869493
3.770777 1.038683 2.2899474
3.7702924 1.0398356 2.2873675
3.7754929 1.0405634 2.288114
3.7770068 1.0395922 2.2881294
3.7802243 1.0413707 2.2870922
3.7776924 1.0394765 2.2866791
3.7800732 1.0423534 2.2852763
3.7788399 1.0418706 2.2857007
3.7792326 1.0433412 2.2880772
5.2593086 1.9159298 1.4540236
5.2608362 1.9176114 1.4522904
5.2622239 1.9201689 1.4542139
5.2606457 1.9198676 1.4543759
5.260076 1.9195066 1.4571242
5.2607495 1.9173372 1.4579325
5.262392 1.9202553 1.4562603
5.2626738 1.9199297 1.4552907
5.2644953 1.919088 1.4572238
5.262632 1.9190868 1.4564419
5.2631773 1.9193253 1.4590492
3.1215255 1.0369315 5.890431
3.1207154 1.0385725 5.8892186
3.1231342 1.037932 5.8872749
3.1250428 1.0362912 5.883655
3.1242245 1.0358968 5.8833915
3.1244914 1.0349521 5.8866438
3.1227269 1.0364615 5.8866026
3.1252116 1.0380806 5.8869362
3.1206276 1.0363531 5.8879723
3.1228464 1.0368345 5.8871862
3.1194084 1.0345399 5.8892117
3.1223702 1.0339141 5.8855767
3.1222138 1.032275 5.8840628
3.1216603 1.0325618 5.8836951
3.1241619 1.0343077 5.8819041
3.1229668 1.0361359 5.8831629
3.1226853 1.037694 5.8838385
3.1232139 1.038517 5.8871833
3.1220858 1.0359625 5.8904279
3.1229711 1.0365415 5.8900659
3.1214079 1.0344931 5.8884581
0 0 0
0 0 0
4.6521209 2.5567813 4.6015642
4.6513753 2.5590965 4.6019731
4.6565753 2.5604141 4.6108848
0 0 0
5.7740689 1.4812744 4.4690049
5.7742308 1.4800166 4.4671526
5.7739142 1.4805794 4.4667827
5.7720427 1.4817705 4.4656488
5.7723625 1.4811562 4.4640984
5.7731165 1.4792625 4.4621996
0 0 0
1.1442124 0.62271148 1.5475323
1.1478209 0.62165822 1.5420567
1.1440043 0.62030688 1.5467845
1.14406 0.6210812 1.5483579
1.1392192 0.62053082 1.554295
1.1407063 0.62186355 1.5535047
1.1434011 0.62116344 1.5491079
1.1434187 0.62021319 1.5506943
1.1428289 0.6232628 1.5531292
1.1419921 0.62181184 1.5547225
1.1460266 0.6245035 1.5510724
1.1454142 0.62092234 1.5501733
5.75566 2.5601072 0.55867449
5.75271 2.5614146 0.55881781
5.7473757 2.5580944 0.55591643
5.7475371 2.5576369 0.55956966
5.7450173 2.556044 0.55676011
5.7482685 2.5595216 0.55900269
5.7490964 2.5604647 0.55719863
5.7470922 2.5616384 0.55607556
5.742206 2.5604494 0.55369022
5.74206 2.5577241 0.55304914
5.744643 2.554697 0.55597214
5.7484905 2.5527365 0.55768272
5.7486755 2.5551725 0.55764802
5.7491709 2.5569444 0.55834082
5.7528347 2.5598724 0.56196303
5.7545589 2.5605678 0.56637683
1.2904124 1.808922 2.1807587
1.2888158 1.8109644 2.1815393
1.2885187 1.8118651 2.1811183
1.2895593 1.8089896 2.1801453
1.2896347 1.8080848 2.1813581
1.2918146 1.8042503 2.1827202
1.2901633 1.8054743 2.1850174
1.2900404 1.8059346 2.1863805
1.2872421 1.807697 2.18413
1.2864279 1.8068316 2.1840538
1.2873929 1.807178 2.1823239
1.2877198 1.807534 2.1837827
1.2869728 1.8087789 2.1832307
5.5746782 1.2204299 2.5310313
5.5720005 1.217981 2.5324658
5.569261 1.2180613 2.5345781
5.5710017 1.2169407 2.5349139
5.5712222 1.2177245 2.5359874
5.5740951 1.2161367 2.5360983
5.5733993 1.2181298 2.5349036
5.5754137 1.2211688 2.53238
5.5753389 1.2200715 2.5311981
5.5754772 1.2199068 2.5310669
5.574837 1.2167401 2.5334885
5.5767454 1.2182787 2.5332292
5.5738609 1.2175224 2.5343406
5.5746554 1.2177728 2.5316911
5.5697935 1.2183896 2.5320928
5.5731753 1.2197947 2.5281292
5.5733956 1.2177391 2.5288788
5.5762482 1.2181889 2.5279504
5.5760963 1.2178573 2.5282241
5.5767409 1.2207055 2.5267224
5.5744412 1.2202673 2.5280901
3.7778325 1.0425959 2.2841338
3.7768738 1.0408041 2.2893511
3.7755058 1.0403003 2.2905601
3.77861 1.0416899 2.2919518
3.7820563 1.0446361 2.2869091
3.7823696 1.0430481 2.2853578
3.7822612 1.0413662 2.2849844
3.7816136 1.0382643 2.2856516
3.7806317 1.0396752 2.2874277
3.7786127 1.041183 2.2842766
3.7755011 1.0428133 2.2861581
3.773964 1.0402185 2.2839509
3.7733533 1.0401966 2.2865047
3.7722408 1.0416513 2.2857458
3.7766277 1.0413832 2.288023
3.7760186 1.0407251 2.2883994
3.7800392 1.041676 2.2883001
3.775081 1.0398261 2.2866334
3.7755606 1.0425785 2.2877783
3.7759631 1.0391781 2.287336
3.7793999 1.0397409 2.2896616
5.2574036 1.9171162 1.4506736
5.2588339 1.9191148 1.450433
5.2607943 1.9218803 1.4534613
5.260156 1.9200807 1.4528449
5.2595668 1.919168 1.4552025
5.2614768 1.9175774 1.4548995
5.2615699 1.9190564 1.454933
5.2615006 1.9200711 1.4553169
5.2632723 1.9198842 1.4568949
5.2632994 1.9191635 1.4561793
3.1200045 1.0357415 5.8880144
3.1216311 1.0380521 5.890018
3.1221954 1.0409233 5.8873453
3.1233855 1.0393628 5.8865004
3.1236077 1.0359192 5.8845031
3.1248086 1.0339547 5.8837882
3.1250332 1.0344687 5.8860918
3.1270703 1.0362861 5.8845388
3.1262551 1.0378272 5.8860322
3.1245219 1.0353001 5.8858825
3.1223389 1.0356061 5.8880201
3.1231676 1.0334752 5.8884839
3.1240711 1.0371666 5.8862805
3.1223804 1.0346042 5.886462
3.1219658 1.0361792 5.8861401
3.121484 1.0361325 5.8854864
3.120522 1.0373186 5.8856281
3.1197203 1.0365452 5.8852179
3.1212225 1.0365686 5.8865426
3.122402 1.0351763 5.8862582
3.1222905 1.036374 5.8869832
3.1213748 1.0344622 5.8858349
3.1223303 1.03673 5.885699
3.121121 1.0333541 5.8864678
3.1211063 1.0333012 5.8852218
4.6560319 2.5612737 4.6049014
4.6613245 2.5621236 4.6114635
0 0 0
5.7764305 1.4781829 4.4665953
5.7725006 1.4784017 4.4680943
5.7715174 1.4772549 4.4669295
5.7681925 1.4793935 4.4671281
5.7710493 1.4805402 4.4654742
1.1453798 0.62289819 1.5479554
1.1469302 0.62387958 1.5446159
1.1415431 0.62527265 1.548527
1.1458706 0.62384329 1.546627
1.1404751 0.62076539 1.551615
1.1424465 0.62065506 1.5531248
1.1435965 0.621482 1.5504411
1.1417203 0.62173242 1.5527527
1.1448955 0.62221871 1.5488906
1.1406996 0.62231803 1.5546114
1.1432123 0.62633016 1.5526681
1.1381463 0.62312438 1.5570641
1.1393789 0.62594189 1.5529421
1.1392361 0.62396175 1.5533824
5.7504783 2.5569506 0.55623442
5.7504265 2.5581158 0.55702723
5.7476455 2.5556681 0.55322251
5.7488612 2.5583518 0.55752636
5.7494807 2.558965 0.55846953
5.7564469 2.5609299 0.56586448
5.7587629 2.5634028 0.56626578
5.7546828 2.5631923 0.56105111
5.7470719 2.5603352 0.5558943
5.743211 2.5572344 0.55062419
5.7437963 2.5554842 0.55310392
5.7442599 2.554466 0.55483863
5.7451237 2.5575859 0.55570498
5.7466559 2.5596167 0.55804527
5.7521431 2.5625032 0.56131894
1.2920924 1.8070813 2.1799695
1.2916129 1.8081474 2.1786211
1.2876099 1.8060975 2.1783135
1.2870841 1.8092227 2.1799308
1.288902 1.803581 2.1792145
1.2898387 1.8069116 2.1823435
1.2907022 1.8040686 2.1810318
1.2880845 1.8086635 2.1835241
1.2875959 1.8065469 2.18396
1.2883206 1.8065382 2.1851233
1.2868822 1.8045646 2.1828656
1.288125 1.8054318 2.1815409
1.2872485 1.8052548 2.1814656
1.2881563 1.807844 2.1821867
5.5715906 1.2174147 2.5333414
5.5726225 1.2152925 2.5303741
5.5724213 1.2165787 2.5316391
5.5737414 1.2163689 2.531977
5.5729975 1.2181477 2.5354609
5.5735167 1.2164375 2.5349279
5.5732002 1.2169885 2.533256
5.5764996 1.2197687 2.5306867
5.5778768 1.2207441 2.5298032
5.5767796 1.2206193 2.5314269
5.5755383 1.2163954 2.5349956
5.5757588 1.2171583 2.5333535
5.5750189 1.2173393 2.5343402
5.5733394 1.2168954 2.5330368
5.5710167 1.2176446 2.531679
5.5715997 1.2183982 2.5292505
5.5721891 1.2156873 2.5313421
5.5732796 1.218503 2.5301568
5.5749132 1.217635 2.5306786
5.5762034 1.2212266 2.5271918
5.5761261 1.2198057 2.5270297
3.777639 1.0459055 2.2825251
3.778065 1.0448028 2.2870133
3.7758422 1.0429254 2.2905578
3.7765107 1.0437934 2.2937252
3.7800422 1.0448593 2.2884491
3.7797367 1.0441741 2.2870088
3.781147 1.0430365 2.2860261
3.7757283 1.0401677 2.2882159
3.7754363 1.0411785 2.289812
3.7736047 1.0416201 2.2870907
3.7726645 1.0422795 2.2872988
3.7725432 1.0415557 2.2854801
3.7735913 1.0415725 2.285726
3.7749724 1.0451918 2.2858069
3.7775902 1.0452828 2.2858303
3.7755979 1.0441149 2.2900671
3.7762634 1.042053 2.2907763
3.7749546 1.0405143 2.285548
3.7773945 1.042546 2.2851879
3.777968 1.0406647 2.2834125
3.7796945 1.0415515 2.2859146
5.2613294 1.9176756 1.453689
5.2613875 1.9195539 1.4529395
5.2615023 1.9221322 1.4529283
5.2610614 1.9210874 1.4546643
5.2605218 1.9185708 1.4559993
5.2613873 1.9179122 1.4574204
5.2602317 1.919417 1.455382
5.2610295 1.920394 1.456045
5.2636433 1.9203361 1.4548877
5.2628772 1.9198324 1.4571743
3.123442 1.0338965 5.8894367
3.1231678 1.034926 5.8909319
3.1237231 1.0365999 5.8869699
3.1245069 1.037434 5.8864316
3.1226392 1.0369883 5.8843516
3.1235726 1.0374783 5.8845963
3.122835 1.0370037 5.8852343
3.1260532 1.0364879 5.8840864
3.122535 1.0343436 5.8858893
3.1231358 1.0341394 5.8845429
3.1192797 1.0346947 5.8881503
3.1215056 1.0356728 5.886599
3.1210814 1.0384659 5.8875288
3.1216344 1.0348935 5.8883219
3.1252571 1.0392182 5.885434
3.1209207 1.0341907 5.8874635
3.1210154 1.0365238 5.8857685
3.1175278 1.0331023 5.8875992
3.1177859 1.0344797 5.889086
3.1201952 1.0330767 5.8878359
3.1209693 1.0351555 5.8886879
3.1215412 1.0339332 5.8857149
3.1240032 1.0354431 5.8836881
3.1218395 1.0329656 5.8840628
3.1214977 1.034818 5.8839338
3.1198313 1.0359916 5.8844596
3.1206092 1.0376124 5.8822533
5.7756356 1.4786185 4.4680662
5.7774378 1.477421 4.4692019
5.7749732 1.4771966 4.4721518
5.7751741 1.4773692 4.4695631
1.1403217 0.62317329 1.5577192
1.1420251 0.62265549 1.5541967
1.1439209 0.62494098 1.5497305
1.1477667 0.62543515 1.5443936
1.1435913 0.62427318 1.547425
1.1442143 0.62083572 1.550573
1.1447032 0.62019254 1.5498525
1.1442784 0.62261507 1.5536799
1.1459899 0.62384306 1.5499113
1.1392258 0.62280895 1.5559478
1.1492446 0.62280326 1.5467962
1.1445184 0.62005297 1.551487
1.1458914 0.62407209 1.5513287
1.1400315 0.62267259 1.5551695
1.1359556 0.62410898 1.5557023
1.1355371 0.62350529 1.5585861
1.1364267 0.62349457 1.5567634
5.7522574 2.5582144 0.5588584
5.7473487 2.5560954 0.55373743
5.7496073 2.557561 0.55759215
5.7497744 2.5595933 0.5562923
5.7557801 2.5623117 0.56125442
5.7563439 2.5652102 0.5648897
5.751965 2.5652425 0.56011815
5.7409758 2.5621628 0.55168502
5.7412118 2.5582023 0.55212219
5.7433797 2.5534373 0.55596305
5.7463736 2.5527628 0.56041578
5.7450001 2.5547155 0.55654153
5.7457984 2.5578538 0.5564361
5.7478878 2.5588106 0.55626302
1.2903102 1.8077894 2.1799682
1.2910892 1.808019 2.1777429
1.2889465 1.8061887 2.1764794
1.2887165 1.8065342 2.1768915
1.2909228 1.80259 2.1788951
1.2896839 1.8066351 2.1829081
1.288488 1.8053108 2.1822578
1.286564 1.8107986 2.1815992
1.2871008 1.8088427 2.1816028
1.2890725 1.808874 2.1812918
1.288181 1.8043618 2.1822825
1.2890552 1.8054888 2.1818833
1.2870346 1.8056111 2.1818166
1.2870474 1.8065809 2.1820227
1.2865966 1.8062748 2.1816122
5.5727226 1.2198692 2.528843
5.5728465 1.2177104 2.5306421
5.5743007 1.2162405 2.5292065
5.5751342 1.2170089 2.5331806
5.5772927 1.213872 2.5330751
5.5753076 1.2171152 2.5318872
5.5777503 1.2193726 2.5307281
5.5736147 1.2215096 2.5321136
5.5742933 1.2192068 2.5316396
5.5728522 1.2171905 2.5313415
5.5752539 1.2186856 2.5274417
5.576222 1.2208578 2.5287541
5.574495 1.2208054 2.5298067
5.5742293 1.2191133 2.5309105
5.5729454 1.2205324 2.529493
5.5713934 1.2182147 2.5318762
5.5702054 1.2206965 2.5314915
5.5699419 1.2169727 2.5322146
5.5727992 1.219701 2.5266599
5.574608 1.2189951 2.5271488
3.7786089 1.0456556 2.2853288
3.7781441 1.0436287 2.2860583
3.7765255 1.0414293 2.2874303
3.7744495 1.0420227 2.2903793
3.7780765 1.0432805 2.2859113
3.7776379 1.0427613 2.2860464
3.7815717 1.0432973 2.2838655
3.7760554 1.0423946 2.2886455
3.7783921 1.0425395 2.2898162
3.7749163 1.04199 2.2895344
3.7766472 1.0423763 2.2879429
3.776294 1.0443309 2.2870732
3.775864 1.0432179 2.2845382
3.7772059 1.0453347 2.2878577
3.7769706 1.0446071 2.2874939
3.7761761 1.0449387 2.2896041
3.7744393 1.0419 2.289031
3.7726956 1.040592 2.2868036
3.7734235 1.0406899 2.2871702
3.7773198 1.0405906 2.2834887
3.7777406 1.0396363 2.2857304
0 0 0
5.2614319 1.9202064 1.4530636
5.261067 1.920099 1.4522366
5.2638454 1.9179535 1.4570108
5.2618403 1.9184621 1.455616
5.2620915 1.9180946 1.4576702
5.2604242 1.9196202 1.4533232
5.2601274 1.9202131 1.455544
5.2614792 1.9202621 1.4531949
3.1184376 1.0343677 5.89223
3.1231249 1.0342445 5.8872518
3.1234404 1.0354353 5.8877807
3.1259838 1.0364899 5.882636
3.1231813 1.0373237 5.8850219
3.1223638 1.0365789 5.8850188
3.1232781 1.0373015 5.8876482
3.1246621 1.0368016 5.8860903
3.1239753 1.0376602 5.887542
3.120342 1.0350378 5.8893343
3.1202477 1.0359649 5.8880682
3.1183302 1.0340237 5.8899727
3.1216495 1.0354913 5.8869263
3.1205092 1.0379416 5.8876102
3.1210314 1.0374024 5.8895687
3.124112 1.0406332 5.8849407
3.1222656 1.0369925 5.8882363
3.1230881 1.0376666 5.8849436
3.1186202 1.0329007 5.8864206
3.1195181 1.0326172 5.8859908
3.1190477 1.0307339 5.8837188
3.1209362 1.031956 5.884833
3.1206963 1.0325062 5.8834883
3.1228879 1.0343879 5.8845823
3.1185536 1.0333082 5.8856892
3.118469 1.0340105 5.8861856
3.1186746 1.0330949 5.8843086
3.121985 1.0348994 5.8827289
3.1237938 1.0347372 5.8808226
1.145914 0.62658393 1.5488117
1.1451251 0.62571817 1.5503628
1.1448288 0.62585516 1.5524568
1.1409618 0.62299366 1.5546674
1.1444921 0.62354823 1.5510132
1.1429114 0.62373219 1.5519798
1.1449594 0.6247057 1.548857
1.1416987 0.62529556 1.5504472
1.1420496 0.62748851 1.5520226
1.145658 0.62479593 1.5518045
1.1421981 0.62326031 1.5579505
1.1466424 0.62225436 1.5523941
1.1403731 0.62063035 1.5561463
1.1439672 0.62028621 1.551944
1.1420281 0.62191775 1.5541743
1.1433038 0.62505213 1.5528661
1.140249 0.6252973 1.5513683
1.1351205 0.62333103 1.5524376
1.1378408 0.6232288 1.55427
1.1410249 0.62416303 1.5528603
5.7517248 2.5545488 0.55725436
5.7500158 2.5554999 0.55355057
5.7533868 2.5563007 0.55707481
5.7554184 2.5587994 0.56107168
5.7618846 2.5590308 0.56718686
5.7596086 2.5608374 0.56944544
5.7556301 2.5619683 0.56418542
5.7460745 2.5621475 0.55717852
5.7476723 2.5590705 0.55518202
5.7472073 2.5566575 0.55496521
5.7478781 2.5586793 0.556458
5.7447697 2.560153 0.5551505
5.7475445 2.5626956 0.55836881
1.2890928 1.8084201 2.1808396
1.2903976 1.8074546 2.1800328
1.2893793 1.8054952 2.1767078
1.2881967 1.8046398 2.1765397
1.2862363 1.8024047 2.1771164
1.2882963 1.8027047 2.1811536
1.2865669 1.8055267 2.1828368
1.2853992 1.8079578 2.1826555
1.2843681 1.8134212 2.1802256
1.2847451 1.8097282 2.1818661
1.2855531 1.8073267 2.1800941
1.285012 1.8047194 2.1811552
1.285508 1.8051237 2.1791305
1.2863207 1.8072365 2.1808583
1.2869536 1.8078009 2.1798507
1.2872674 1.80825 2.1779237
5.5774869 1.2164776 2.5291715
5.5752921 1.2170951 2.5323974
5.5761436 1.2169584 2.5339615
5.5744997 1.2178857 2.5352939
5.5784989 1.2151297 2.5328526
5.5740017 1.2176687 2.5318646
5.5763318 1.2165059 2.531046
5.5716998 1.2212812 2.5323074
5.5743931 1.2191546 2.5305331
5.5731724 1.2210809 2.5310202
5.5729539 1.2193131 2.5286129
5.5750534 1.2195216 2.5298665
5.5724421 1.2186131 2.5322055
5.575248 1.2164045 2.5324789
5.5724173 1.2193573 2.5329817
5.5708271 1.2167368 2.5320073
5.5720474 1.2188862 2.531528
5.573243 1.2155098 2.5319052
5.5741129 1.2155809 2.5293371
5.5734594 1.2147595 2.5313182
3.7800564 1.0456276 2.2845221
3.7796317 1.0431462 2.2842224
3.7776374 1.0429362 2.2849522
3.7755577 1.0430039 2.2885805
3.7772772 1.0437186 2.2867511
3.7765756 1.0417331 2.2886377
3.7808828 1.042621 2.2843915
3.7752158 1.0421046 2.2870278
3.7773868 1.0425903 2.2883962
3.7749053 1.0423835 2.2884538
3.7789757 1.0406506 2.2844796
3.7784941 1.0423067 2.2846004
3.7779618 1.0421483 2.2818223
3.779999 1.0452759 2.2850222
3.7800734 1.0462396 2.2837842
3.7791145 1.0460229 2.2871514
3.7759584 1.0427985 2.2873828
3.7768918 1.0420938 2.2842029
3.7767217 1.0426801 2.2828422
3.778853 1.0432749 2.2807932
3.7785938 1.0423898 2.2817001
5.2584166 1.9208546 1.4521147
5.2626256 1.9191746 1.4549078
5.2611562 1.920339 1.4531961
5.2649173 1.9179259 1.4568818
5.2621497 1.9182972 1.4547668
5.2610397 1.9192523 1.4594744
5.2591331 1.9206124 1.4559307
5.2591056 1.9204117 1.4554374
3.1210782 1.034925 5.8907155
3.1211053 1.0350359 5.8919643
3.1227143 1.0336493 5.888221
3.1233015 1.0332231 5.8889565
3.1262413 1.031716 5.8840677
3.1234108 1.0317188 5.8863213
3.1238371 1.0332147 5.8857949
3.1195037 1.0376504 5.8889751
3.1182365 1.0380678 5.8877714
3.1174748 1.0382619 5.889991
3.1178983 1.0360713 5.8915292
3.1188126 1.0342412 5.8904065
3.118795 1.0338716 5.8896202
3.1201187 1.0336867 5.8869843
3.1183557 1.0369765 5.8861379
3.1222729 1.0372669 5.8875617
3.1251947 1.0372831 5.8854454
3.1249789 1.0368104 5.8870219
3.1237035 1.0350786 5.8842591
3.121308 1.0325269 5.8848455
3.1223957 1.0315346 5.8847582
3.1194394 1.0319388 5.8849448
3.1217384 1.0331879 5.8856786
3.120773 1.033266 5.8848595
3.122251 1.0351496 5.8863499
3.1193449 1.0354744 5.8872056
3.1194337 1.0376662 5.8886504
3.1209004 1.0359395 5.8868674
3.1230498 1.0358596 5.8858871
3.1241666 1.0344147 5.8826144
1.1451285 0.62663798 1.5493957
1.1436841 0.62569475 1.5508141
1.1459677 0.62504873 1.551289
1.1417963 0.6213058 1.5580709
1.1454244 0.62372055 1.5525796
1.1416181 0.62375579 1.5552352
1.1440215 0.62504892 1.5478873
1.1421553 0.62307065 1.5480411
1.1424466 0.62250024 1.5472704
1.1490898 0.62233323 1.5463655
1.1462471 0.62129768 1.5515545
1.1456849 0.62012034 1.5527829
1.1416938 0.62031573 1.5542032
1.1410305 0.62084439 1.5535039
1.1453594 0.62254519 1.5498954
1.1424025 0.62166744 1.5522967
1.1453722 0.62080188 1.5487551
1.1416253 0.6189933 1.5491163
1.1410358 0.61894731 1.5505443
1.1396719 0.6211383 1.5533253
1.1397324 0.62298963 1.5553689
5.7490936 2.5578486 0.55641394
5.7515969 2.5571406 0.55816982
5.7500376 2.5584813 0.55753443
5.7563358 2.5575164 0.56144701
5.7534493 2.5610363 0.56383218
5.7535144 2.5608105 0.56326045
5.7459347 2.5598402 0.55915953
5.7467979 2.5574876 0.55699018
5.7460087 2.557693 0.55599185
5.7504682 2.5595054 0.55880829
5.7484919 2.5615858 0.55762105
5.7507094 2.5605859 0.55996155
1.2859053 1.8085174 2.1821172
1.2890104 1.8066622 2.1799775
1.2887285 1.805882 2.1787285
1.290333 1.80586 2.1779349
1.2880651 1.8052613 2.1796309
1.2875849 1.8035286 2.1806924
1.2856903 1.8043913 2.1811028
1.2866267 1.8052701 2.1806026
1.2881066 1.8104533 2.1820307
1.2869577 1.8101405 2.1821265
1.28785 1.809911 2.1820441
1.2865028 1.8086139 2.1827039
1.2882746 1.8091086 2.1839179
1.2876743 1.8105821 2.1823764
1.2884846 1.8101057 2.1798866
1.2868886 1.8084376 2.1785875
1.2889469 1.807797 2.1783155
5.5730343 1.216908 2.5313473
5.5768259 1.2181188 2.5326626
5.5738896 1.2190093 2.5328925
5.5786153 1.2175756 2.532807
5.5741683 1.2158495 2.5315563
5.573647 1.2135322 2.5312516
5.5701075 1.2183563 2.532964
5.5709341 1.2168787 2.5301465
5.5726431 1.219934 2.5314425
5.5710296 1.2177745 2.5298278
5.5767094 1.2197768 2.5279551
5.5735949 1.218636 2.5296326
5.578642 1.2186315 2.5274832
5.5745744 1.221067 2.5306079
5.5737393 1.2203565 2.529401
5.5709792 1.2203517 2.5327096
5.5716042 1.2161308 2.5339021
5.5721016 1.2148134 2.5334716
5.5736764 1.2139824 2.5315349
3.7813606 1.0409495 2.2835875
3.780007 1.0408519 2.2834464
3.7753195 1.0435331 2.2859254
3.7748264 1.0446166 2.2885038
3.7764498 1.046203 2.2872092
3.7773664 1.043094 2.2867315
3.7811024 1.0441575 2.2857807
3.7769643 1.0424831 2.2875846
3.7816611 1.0411162 2.286483
3.7796727 1.0410124 2.2861832
3.7825639 1.0405622 2.2810555
3.7804125 1.0430839 2.2825465
3.7800408 1.0414787 2.2805797
3.78031 1.0412836 2.2856686
3.7801864 1.0421401 2.2869314
3.7802152 1.0436169 2.28807
3.7774928 1.0432524 2.2881243
3.7755768 1.0430328 2.2870169
3.7773323 1.0419647 2.2843209
3.7806205 1.0422107 2.2834032
3.7824478 1.0425492 2.2832495
5.2579682 1.9210429 1.4524037
5.2599468 1.9214395 1.4535515
5.2581063 1.9200383 1.4504535
5.2615292 1.9189956 1.4549212
5.2593387 1.9185466 1.4532827
5.2603419 1.9206456 1.4566311
5.258742 1.920079 1.4545035
3.1232382 1.035708 5.8904356
3.1207048 1.0354051 5.8908079
3.1228929 1.0354108 5.8914641
3.1197029 1.0359227 5.8899272
3.120331 1.0358249 5.8889554
3.1209287 1.0358255 5.886531
3.1228116 1.035108 5.885787
3.1226256 1.0345895 5.8867225
3.120553 1.0352861 5.8892601
3.1205715 1.0358199 5.889016
3.1195218 1.0363776 5.8898753
3.1190425 1.0365885 5.8891368
3.1194799 1.0346607 5.8910185
3.1199976 1.0380309 5.8895594
3.1188224 1.0361449 5.8890896
3.1174661 1.0366155 5.886662
3.1194728 1.036422 5.8873911
3.1181082 1.0363099 5.8878134
3.1216067 1.0368832 5.8871858
3.1232181 1.0344527 5.8845692
3.1246742 1.0337467 5.8833875
3.1243009 1.0321908 5.8817485
3.1216511 1.0322449 5.8818973
3.1233153 1.0340063 5.8819599
3.1227583 1.0340431 5.8845251
3.1226122 1.037942 5.8902281
3.1181889 1.0357708 5.8920275
3.1175433 1.0356259 5.8915896
3.120457 1.0316324 5.8875578
3.1230159 1.0307113 5.886559
1.1442289 0.62485621 1.5462938
1.1448588 0.6281933 1.546884
1.1427913 0.62776405 1.5508709
1.1447628 0.6261586 1.5507583
1.1408455 0.62315663 1.5562983
1.1462501 0.6229676 1.5473278
1.1427209 0.62250463 1.5521282
1.1418957 0.62231392 1.5516002
1.1446847 0.62211441 1.5501401
1.1413048 0.62518108 1.5511542
1.1477588 0.62391591 1.5466547
1.1471492 0.62102261 1.5485389
1.1473553 0.62002254 1.5504039
1.1452855 0.61939933 1.5501309
1.1389396 0.61984696 1.5543995
1.1403826 0.62109914 1.5521292
1.1379189 0.62282297 1.5529887
1.1382508 0.62138881 1.5507225
1.139748 0.61888648 1.5492163
1.1403315 0.61739674 1.5493411
1.1420202 0.62175258 1.5503168
1.1417044 0.62298897 1.5513693
5.7482184 2.5583103 0.55645049
5.7504978 2.5577078 0.55768572
5.7497963 2.5585128 0.55849907
5.7531325 2.5572167 0.56084578
5.7517157 2.5575706 0.56189596
5.7513081 2.557013 0.56077776
5.7451248 2.5561272 0.55605873
5.7474025 2.5574307 0.55564477
5.7448566 2.5589813 0.55224471
5.7527066 2.5617427 0.5589345
5.7504014 2.5641952 0.55834459
1.2875594 1.8092945 2.1848907
1.2868765 1.8098516 2.1836374
1.2895823 1.8080251 2.1807202
1.2891278 1.8067389 2.181402
1.2887594 1.8056516 2.1808983
1.2868611 1.8055026 2.1830363
1.2864918 1.8044705 2.1828296
1.2867079 1.8055254 2.185257
1.2866067 1.8049815 2.1841026
1.2866914 1.8063756 2.1855066
1.2870793 1.8062851 2.1836933
1.2888798 1.8067067 2.1872013
1.2848894 1.8076467 2.1835244
1.2873878 1.8089628 2.1835549
1.2867733 1.809443 2.1807772
1.2881239 1.8098163 2.1787131
1.2869244 1.8089508 2.1766265
1.2861344 1.8079083 2.177675
5.5738987 1.2195008 2.5325656
5.5763468 1.2203097 2.5336486
5.5740134 1.2211468 2.5326006
5.5768154 1.21973 2.5310993
5.573596 1.2182599 2.5319042
5.5732628 1.2154132 2.5324395
5.5725263 1.2182451 2.5348459
5.5754327 1.2180849 2.5337869
5.5786898 1.2188272 2.5322686
5.5780117 1.2144303 2.5314423
5.5788878 1.216345 2.528463
5.5738526 1.2177613 2.5320256
5.5761365 1.220801 2.5300435
5.5732763 1.2193021 2.5330323
5.5757165 1.2175019 2.5307423
5.5711978 1.217001 2.533988
5.573421 1.2155111 2.5340445
5.5715331 1.216212 2.5352456
0 0 0
3.7829921 1.0444589 2.2784958
3.7822445 1.0442054 2.2800585
3.7782809 1.0446252 2.28222
3.7789006 1.04468 2.2859093
3.7782927 1.0465565 2.289001
3.7786089 1.042971 2.2882101
3.7809588 1.0422987 2.2870427
3.7778135 1.0424601 2.2853128
3.7806547 1.0420753 2.2833906
3.7778538 1.0438333 2.2849285
3.7804219 1.0418029 2.2784309
3.7804601 1.0433535 2.2801124
3.7791147 1.0430938 2.2799407
3.7809997 1.0420358 2.2835618
3.7816597 1.0426412 2.2848401
3.7827402 1.0450267 2.2837994
3.7812388 1.0453679 2.2863383
3.7766762 1.0441993 2.286894
3.7772053 1.0418667 2.2842101
3.7776112 1.0421398 2.2857951
3.7819774 1.0424733 2.2857345
4.5086367 0.76624766 1.9581348
4.5103398 0.76688094 1.9577431
5.2591939 1.9196631 1.4521921
5.2606116 1.9209272 1.4530061
5.259209 1.9195177 1.4507472
5.2608613 1.9224498 1.4549768
5.2601252 1.9230114 1.4549456
3.1248554 1.0328878 5.8883627
3.121717 1.0339775 5.888926
3.1235482 1.0335718 5.8887845
3.1186017 1.0351182 5.8891245
3.1204086 1.0353431 5.8898128
3.1184275 1.0353971 5.8915623
3.1216293 1.0334235 5.8888233
3.1207048 1.0334151 5.8892936
3.1197522 1.0338534 5.8874388
3.1170932 1.0357256 5.8900564
3.1188431 1.0361677 5.8896623
3.1211427 1.036761 5.8893679
3.1239354 1.0341613 5.8876707
3.122912 1.0360828 5.8868815
3.1207232 1.0351663 5.8877587
3.1189741 1.0371151 5.8872888
3.1184853 1.0378268 5.8891493
3.1179271 1.0376289 5.8903823
3.1189238 1.0375325 5.8903395
3.1208669 1.0335985 5.8865123
3.1238171 1.0320891 5.8837812
3.1220929 1.0321509 5.8841988
3.1203968 1.0333482 5.8874519
3.1206354 1.0356683 5.8867813
3.1209654 1.0340782 5.8885766
3.1218227 1.0376288 5.8893971
3.1202717 1.0365668 5.8901525
3.1202025 1.0371414 5.8889095
3.1227647 1.0352173 5.885468
3.1214681 1.0346375 5.8856571
1.1454605 0.62549074 1.5521285
1.1452901 0.62661528 1.5503761
1.1394931 0.62696792 1.5547808
1.1438277 0.62407558 1.550479
1.1449726 0.62380042 1.55165
1.1484871 0.62192505 1.5480303
1.147942 0.62222576 1.5470917
1.1421764 0.62136382 1.5504514
1.1440331 0.62070765 1.5490522
1.1396059 0.6231781 1.5530558
1.1434621 0.62086806 1.5501607
1.1441428 0.62105791 1.5483758
1.1453941 0.62102698 1.5478341
1.1477404 0.62224282 1.5460914
1.1398214 0.62318598 1.552044
1.1408105 0.62314272 1.5495187
1.1410294 0.62257091 1.5510946
1.1433923 0.62084863 1.5472384
1.145916 0.62013141 1.5457769
1.1437994 0.61843023 1.5461145
1.1435039 0.62080455 1.5472364
1.1412725 0.61953899 1.5511643
0 0 0
5.7453947 2.5584095 0.55679325
5.7463547 2.5580857 0.55753583
5.7514665 2.5594778 0.5617512
5.7534518 2.5604121 0.56191554
5.7537822 2.5613016 0.56289289
5.7467308 2.5577671 0.55800527
5.7494303 2.5578201 0.56070932
5.7432409 2.5560066 0.55407371
5.7495932 2.5584091 0.55903789
5.7484272 2.558387 0.55745166
1.2869993 1.8091599 2.1811681
1.2868665 1.8084734 2.1798147
1.2897998 1.8074216 2.177807
1.2905876 1.8046324 2.1775775
1.2897821 1.8044445 2.1782097
1.2897819 1.8028784 2.1819857
1.2887654 1.8044588 2.1808744
1.2873029 1.8025845 2.181606
1.2878828 1.8040237 2.180732
1.2887623 1.8037076 2.1830051
1.2887148 1.8064855 2.1834383
1.2903684 1.8088542 2.1875126
1.2886617 1.8100472 2.1872818
1.2910398 1.808641 2.1859887
1.2901672 1.8106287 2.1809556
1.2895448 1.8102971 2.1796014
1.2894699 1.8112729 2.1803769
1.2858324 1.8087334 2.1799371
0 0 0
5.5752222 1.2171703 2.5276699
5.5757859 1.2218699 2.5288041
5.5770491 1.2211239 2.5272141
5.5744572 1.2195215 2.5307335
5.5739234 1.2147144 2.5337236
5.5725156 1.2150928 2.5352935
5.5761855 1.2159077 2.5346309
5.5765379 1.2150989 2.5331006
5.5783194 1.2128808 2.5334752
5.5773979 1.2162108 2.5287045
5.5749661 1.2171163 2.5293903
5.5763422 1.2204263 2.5272325
5.5747708 1.2160424 2.5323422
5.5780359 1.2136813 2.5310694
5.5727151 1.2143476 2.5353868
5.5758444 1.2158471 2.5346529
5.5717673 1.2176334 2.5362224
5.5766178 1.2158721 2.5330229
3.7811561 1.0419969 2.2818267
3.77978 1.0417997 2.2837281
3.7771648 1.0424348 2.2855358
3.776684 1.0438557 2.2886877
3.7770717 1.0460175 2.2895917
3.7793213 1.0437965 2.2872355
3.781186 1.0437699 2.2872971
3.7821689 1.0421128 2.284886
3.7837609 1.0407629 2.2831584
3.7825101 1.042236 2.282317
3.7815154 1.0423866 2.2780487
3.7836435 1.0438232 2.2799313
3.7824361 1.0433508 2.2813644
3.7837984 1.0432264 2.2840294
3.7796151 1.0429939 2.2863787
3.7811668 1.0461406 2.2840523
3.7808024 1.0456211 2.2848013
3.7784717 1.0450064 2.2861804
3.7793897 1.0408037 2.2832763
3.7787177 1.0412278 2.2862195
3.7814977 1.0429975 2.2851598
4.5071155 0.76735686 1.9601731
4.5080843 0.76982046 1.9597464
4.5093244 0.76881869 1.9585097
4.5078687 0.7689445 1.960308
4.5086749 0.76694443 1.9588716
5.2618333 1.9206592 1.4532611
3.1238315 1.0318696 5.8838351
3.1251862 1.0309924 5.8843028
3.1245512 1.0340214 5.8849343
3.1229068 1.0331019 5.8855424
3.1177582 1.0344349 5.8871772
3.1179998 1.0365751 5.8869938
3.1180585 1.0375348 5.8896978
3.1205481 1.0389506 5.8865771
3.119531 1.036578 5.8905049
3.1199827 1.0344402 5.8880123
3.1201488 1.0339521 5.8914987
3.1237198 1.0339008 5.8868918
3.1240083 1.0350846 5.8872887
3.127554 1.0353724 5.8843103
3.1247808 1.0366714 5.8859008
3.1222319 1.0368842 5.8882767
3.1198844 1.0364641 5.8871224
3.1166679 1.0365871 5.8895559
3.115106 1.0361701 5.8904719
3.115918 1.0377837 5.8902672
3.1192511 1.0346591 5.8894878
3.1220966 1.0332534 5.8873971
3.1196524 1.0309571 5.8878935
3.1178174 1.0312014 5.8891498
3.1196428 1.0338334 5.887103
3.1208269 1.0347671 5.8884112
3.1241754 1.0365552 5.8878889
3.1233699 1.0362124 5.8880163
3.1232966 1.034903 5.886335
3.1220935 1.0343635 5.8827847
3.1216101 1.0334003 5.8834346
1.1452004 0.6267378 1.5517655
1.1458782 0.62671289 1.5502166
1.1408732 0.62715681 1.5531465
1.1404037 0.62501793 1.5531279
1.142026 0.62370177 1.5514966
1.1471656 0.62363575 1.5484107
1.14849 0.62252619 1.5466583
1.1454609 0.62277281 1.550733
1.1459543 0.62127742 1.5515863
1.1412941 0.62262015 1.5530387
1.1399206 0.62023991 1.551583
1.1419619 0.62224781 1.5481076
1.1446832 0.6208567 1.5485576
1.1465806 0.62222001 1.5482811
1.1387336 0.62138611 1.5554726
1.1410629 0.62144222 1.5502942
1.1378377 0.61996856 1.5544349
1.1411961 0.61930909 1.5502969
1.1394309 0.62026931 1.5538872
1.1368467 0.62342824 1.5541776
1.139513 0.62579548 1.5509182
1.1415745 0.62286339 1.5487428
1.1403056 0.623205 1.5520085
1.1408265 0.62057164 1.5530134
5.7482525 2.559529 0.55780147
5.7489924 2.5601562 0.55856857
5.7462925 2.5606205 0.5554393
5.7478178 2.5612209 0.55778012
5.7442116 2.5606509 0.55666887
5.749026 2.5594732 0.56064415
5.747032 2.5573176 0.55878155
5.7519055 2.5572812 0.56169134
1.2877031 1.8096901 2.1780422
1.2878612 1.8082987 2.1792389
1.2874044 1.8087093 2.1796193
1.2895881 1.8084625 2.1783611
1.2899722 1.8058264 2.1811076
1.2888405 1.8071297 2.1805604
1.2901256 1.8033005 2.1824186
1.2895279 1.8051138 2.1811181
1.2885839 1.8025368 2.1845094
1.2872234 1.8055275 2.1839344
1.2861388 1.8041356 2.1817287
1.2878362 1.8058927 2.1841237
1.2899145 1.8068034 2.1859437
1.2874786 1.8089452 2.1864449
1.287265 1.8067785 2.1825478
1.2892544 1.8086538 2.1803762
1.289169 1.8061379 2.1790091
1.2906749 1.8088121 2.1805854
1.2883034 1.8072862 2.1802717
1.2884177 1.8084455 2.1801462
5.5764279 1.216242 2.5278116
5.5766531 1.2187658 2.5276836
5.5765767 1.2192051 2.527336
5.5740177 1.2203383 2.5314266
5.5753602 1.2180016 2.5350698
5.5758381 1.2183123 2.5355573
5.5779351 1.2167884 2.5346904
5.5782888 1.2155145 2.5303796
5.5771091 1.2147302 2.5317281
5.5786343 1.2186361 2.5300528
5.5753399 1.2193673 2.5311406
5.5773471 1.2218457 2.5307625
5.5750506 1.2166046 2.5321777
5.5784782 1.2151997 2.5322051
5.5745451 1.2144302 2.5330494
5.577802 1.2149692 2.5332032
5.5754067 1.2175312 2.5332865
0 0 0
3.7823621 1.0435838 2.2824378
3.7814638 1.0412464 2.2828793
3.7799969 1.0399771 2.2825817
3.7766442 1.0413032 2.2854374
3.7771931 1.0440499 2.2850669
3.7815535 1.0435783 2.2850021
3.7839494 1.0453173 2.2845995
3.7837979 1.0420621 2.2851112
3.7818351 1.0446713 2.2856375
3.7802617 1.0418495 2.2860563
3.7801672 1.0423239 2.2830246
3.7818054 1.0406345 2.2831512
3.7821545 1.042337 2.2832606
3.7821476 1.041409 2.2849842
3.7790275 1.0408563 2.2858536
3.7796906 1.042442 2.2848604
3.7804574 1.0430364 2.2858052
3.7786732 1.0437713 2.2881185
3.7751587 1.0413541 2.2867623
3.7721715 1.0405966 2.2916275
3.7734403 1.0406915 2.2923573
4.5072576 0.76887668 1.9576721
4.5067827 0.76877209 1.9593898
4.509545 0.76800106 1.9557973
4.5081862 0.76882791 1.9579108
4.5074295 0.76813918 1.9571018
4.5071887 0.76807398 1.9579568
3.1244255 1.0318266 5.8830091
3.122647 1.0302751 5.8827619
3.1206667 1.0319466 5.8837648
3.1201443 1.0322419 5.8822827
3.1212675 1.0339775 5.8848476
3.1244847 1.0358618 5.8821856
3.1253531 1.0346797 5.8860793
3.1234024 1.038026 5.885525
3.1218075 1.0367311 5.8898918
3.1221361 1.0360896 5.8870106
3.1215823 1.0354213 5.8913408
3.1240019 1.0340781 5.8875791
3.1245667 1.0354616 5.8876586
3.1267969 1.0342564 5.8852348
3.1247552 1.036211 5.8856395
3.1228624 1.0347507 5.8877646
3.1207059 1.0356507 5.8875883
3.1190515 1.0363576 5.8875888
3.1197071 1.0378133 5.8874858
3.1185554 1.0389503 5.8867109
3.1200053 1.0344719 5.8881929
3.1210848 1.03375 5.8885589
3.1205187 1.0326508 5.8893628
3.1192831 1.0345649 5.889986
3.1189475 1.035191 5.8889316
3.1193321 1.0363983 5.889079
3.1214381 1.0379587 5.887478
3.1212702 1.0389833 5.8849914
3.1207929 1.0362361 5.8861647
3.1205836 1.0365442 5.8830648
3.1201867 1.0342463 5.8858965
1.1517383 0.62601222 1.5449037
1.148381 0.6252527 1.5465944
1.1466141 0.62491252 1.5461653
1.146954 0.62414634 1.5442964
1.1484918 0.62228123 1.5432173
1.1512344 0.62314984 1.5426708
1.147919 0.62003733 1.5473886
1.1454312 0.62205456 1.5500405
1.1429656 0.62334737 1.5524207
1.1398241 0.62478996 1.5539784
1.1387951 0.62394752 1.5550047
1.1375966 0.62360501 1.5540047
1.1395558 0.62118236 1.5524504
1.1427638 0.622149 1.5498534
1.1336451 0.62063808 1.5591735
1.1371745 0.62154994 1.5536114
1.1361332 0.62003956 1.5559112
1.1453857 0.62114628 1.5476149
1.1437577 0.62191185 1.5517538
1.1436801 0.62479988 1.5497013
1.1423306 0.62523942 1.5514488
1.1416615 0.62323559 1.5516947
1.1402476 0.62287097 1.5548929
1.1198297 0.63445882 1.5703655
5.7512574 2.5575487 0.56238389
5.7494873 2.5587933 0.56002827
5.7506907 2.5610794 0.56175255
5.7497709 2.5609536 0.56156874
5.7505182 2.5621091 0.56399339
5.7536506 2.5610382 0.5642385
5.7533115 2.5586091 0.56271681
1.2916315 1.8097918 2.1777084
1.288577 1.809126 2.1793846
1.2907581 1.807172 2.1793859
1.2908758 1.807029 2.17916
1.2914122 1.8069954 2.1757141
1.2901737 1.8064736 2.1771422
1.2882569 1.8084144 2.1764166
1.2883906 1.8073263 2.1778911
1.2881935 1.8083036 2.1761526
1.2874763 1.8054924 2.1776864
1.2875427 1.8057693 2.1803106
1.2879942 1.8056155 2.1785039
1.2880631 1.8077866 2.1817835
1.2896014 1.8060992 2.1823664
1.2894351 1.8076607 2.185234
1.2893097 1.80416 2.181146
1.2906269 1.8066553 2.1817856
1.2918013 1.8060567 2.1836132
1.2915736 1.8075043 2.18492
1.2880033 1.8068317 2.1834831
1.2847931 1.8087552 2.1804339
5.5778301 1.2144911 2.528479
5.5764622 1.215989 2.528892
5.5785358 1.2194254 2.5289456
5.57595 1.2206926 2.5299861
5.5764038 1.2191031 2.5308824
5.5743997 1.2191279 2.5330631
5.5727126 1.2183439 2.5341362
5.5733005 1.2169945 2.5336758
5.5708561 1.2166338 2.5334687
5.5754949 1.218319 2.5323887
5.5740449 1.2182306 2.5301442
5.5776904 1.220595 2.5297135
5.5761147 1.2170544 2.5292345
5.5786912 1.2166728 2.5314009
5.5784192 1.2164224 2.529806
5.5773595 1.2174741 2.5318399
0 0 0
2.4073375 1.6984323 3.688368
0 0 0
3.7774796 1.0396791 2.2885196
3.7768681 1.0425318 2.2873474
3.7754651 1.0438212 2.2868001
3.7794218 1.0468259 2.282502
3.7825767 1.0447172 2.2834848
3.783345 1.0463882 2.2841804
3.7800278 1.0434972 2.2868956
3.7809219 1.0442114 2.2859752
3.778478 1.0394255 2.2864949
3.7812319 1.0408234 2.2843014
3.7803753 1.0387573 2.2860864
3.7818874 1.0414493 2.2861599
3.7806819 1.0394304 2.2867255
3.7796322 1.0396183 2.2863091
3.7783108 1.0396956 2.2853044
3.7814839 1.0406898 2.2837446
3.7822344 1.0437521 2.2853225
3.7801957 1.0430224 2.2837994
3.7772224 1.0429233 2.2861428
3.775058 1.0409967 2.2872445
4.5116275 0.77252275 1.952745
4.5082551 0.77149549 1.9564222
4.5070091 0.76927846 1.9578072
4.5043848 0.76619642 1.9605329
4.5061135 0.76755121 1.9580115
4.5047769 0.76687183 1.9622568
0 0 0
3.12447 1.0296206 5.8826818
3.1225143 1.0319353 5.8844338
3.1233537 1.0336296 5.8813411
3.123084 1.0344188 5.8820087
3.1260412 1.0361397 5.8784771
3.12774 1.0374695 5.8812518
3.1238759 1.0392819 5.8831089
3.1219826 1.0383756 5.8879427
3.1192185 1.0353663 5.8905276
3.1188953 1.0342568 5.8915803
3.1206436 1.0350704 5.8881431
3.1233433 1.0373926 5.8850943
3.1252333 1.0367314 5.8843084
3.1228726 1.0379755 5.8881382
3.1208995 1.0361679 5.8881698
3.1182816 1.0378472 5.8865896
3.1194215 1.0357043 5.8836692
3.1192488 1.0370455 5.8854976
3.1198008 1.0378594 5.8866189
3.1208647 1.0357744 5.8892127
3.1181175 1.0353467 5.8911561
3.1190101 1.0326061 5.889865
3.1185621 1.0361505 5.8897821
3.1201695 1.0366971 5.8854905
3.1191579 1.036748 5.8868284
3.1221155 1.0371155 5.8858937
3.1222654 1.0382415 5.8846375
3.1219854 1.0375262 5.8849806
3.11995 1.0381266 5.8832602
1.1542709 0.62367046 1.5403523
1.151767 0.62308299 1.5426614
1.1522754 0.62126471 1.5418577
1.1475269 0.62123965 1.5452437
1.1480981 0.6219282 1.5434854
1.1451747 0.62062707 1.5463862
1.1474083 0.62351471 1.5473215
1.1468104 0.62409589 1.5492393
1.1448257 0.62631003 1.549047
1.1458569 0.62646656 1.5474701
1.1468126 0.62531629 1.5458678
1.148937 0.6244831 1.5458247
1.1440362 0.62262214 1.54912
1.1405315 0.62100691 1.5538174
1.1377821 0.62267199 1.5567961
1.1348054 0.62180706 1.5599391
1.137472 0.62528767 1.5550523
1.138093 0.62319459 1.5534886
1.1416296 0.62333951 1.5493901
1.1415938 0.62309964 1.5523375
1.1394233 0.6248051 1.5533272
1.1402234 0.62582951 1.5532225
1.1384447 0.62428456 1.5556467
1.1374131 0.62255501 1.5583628
1.1153751 0.63504896 1.576191
1.1018607 0.645179 1.5841643
5.7486236 2.5600323 0.55669166
5.7509562 2.5594319 0.56312253
5.7457337 2.5595929 0.55845717
5.7517044 2.5609929 0.56446531
5.7532881 2.5606924 0.56171858
5.7551459 2.5620249 0.56257004
1.2924498 1.8115632 2.1782348
1.2911027 1.8075651 2.1801308
1.291794 1.8054045 2.1795316
1.2909659 1.8053018 2.1800289
1.2905582 1.8064927 2.1799524
1.2892612 1.8080836 2.179405
1.2883454 1.8106409 2.1781588
1.2895464 1.8109823 2.1768761
1.2896908 1.810078 2.1769959
1.2886406 1.8084861 2.1806419
1.2870474 1.8069231 2.1818715
1.2872338 1.8086851 2.1797941
1.2857398 1.807697 2.1795105
1.2891034 1.804702 2.1797983
1.2885272 1.8083022 2.1838719
1.2890382 1.8067927 2.1830094
1.2896085 1.8086786 2.1829428
1.2890306 1.8058247 2.1830482
1.2912109 1.8044923 2.1833315
1.2890409 1.8059203 2.1838098
1.2873304 1.8067751 2.182429
0 0 0
5.5747118 1.2165786 2.5331138
5.5784205 1.2180531 2.531818
5.5739035 1.2206601 2.5338572
5.5764104 1.2212735 2.5316326
5.5741397 1.2208265 2.5336926
5.5746009 1.2183329 2.5302222
5.5737599 1.216639 2.5319781
5.5722593 1.2168505 2.531323
5.5740989 1.218415 2.5329633
5.5754244 1.2194779 2.5309651
5.5771828 1.2225848 2.5300476
5.5770998 1.2214713 2.5288724
5.5754114 1.2220616 2.5301899
5.5763394 1.2184074 2.5289281
5.5749396 1.2171349 2.5321085
2.4066256 1.6982216 3.6917114
2.4040338 1.6994027 3.688715
2.4025012 1.7001462 3.6866851
2.4008766 1.6988698 3.6865779
3.7783186 1.0433539 2.2847357
3.7765166 1.0439226 2.285629
3.7800493 1.0468549 2.2834089
3.7805359 1.0454148 2.2861092
3.7822407 1.0469754 2.2857379
3.7781473 1.0448803 2.2885481
3.7806484 1.0417877 2.2851249
3.7763394 1.0397386 2.2880337
3.7770479 1.0376678 2.2886713
3.7747226 1.0370538 2.290879
3.7782136 1.0395942 2.2900495
3.7778919 1.0395937 2.2897949
3.7788042 1.0394416 2.2890072
3.7774653 1.0376908 2.2889973
3.7798344 1.0373905 2.2877417
3.7800575 1.0412918 2.2861269
3.7814524 1.0406077 2.2850283
3.776682 1.0407784 2.286497
3.773117 1.0390078 2.2878966
4.5114614 0.77380823 1.9549187
4.5092629 0.77004976 1.9579677
4.5091111 0.76934734 1.9585965
4.506401 0.76700455 1.9606825
4.5083594 0.76798177 1.9567546
4.505762 0.76602632 1.9609845
4.5080932 0.76682027 1.9580261
0 0 0
3.1216451 1.0339702 5.8839082
3.1234603 1.0354946 5.8833044
3.1241288 1.0365819 5.8854368
3.1272281 1.0365691 5.8826595
3.1287472 1.0369774 5.8816577
3.1227963 1.0375344 5.8847017
3.1223782 1.0399921 5.885879
3.1200235 1.0383759 5.8893857
3.1213821 1.0367497 5.8890743
3.1220709 1.0362393 5.8878663
3.1210235 1.0355976 5.8879768
3.1211686 1.0369643 5.8878618
3.1178781 1.0366772 5.891744
3.1217926 1.0373567 5.88559
3.1197802 1.0384702 5.8856057
3.1230957 1.0370523 5.8808431
3.1202236 1.0387661 5.8843181
3.1212538 1.0373094 5.8842444
3.119081 1.0355282 5.8879379
3.1189931 1.0336422 5.888804
3.1222958 1.0344581 5.886951
3.1228917 1.0384301 5.8867926
3.1240008 1.0383029 5.8848503
3.1201033 1.036847 5.8888117
3.1203777 1.0370669 5.8874682
3.1157082 1.0377682 5.8898924
3.1171018 1.0368907 5.8879214
3.1153185 1.0351806 5.8898996
0 0 0
1.1475119 0.62148238 1.5460201
1.1501526 0.62110727 1.5428718
1.1446433 0.6218279 1.5486221
1.1522498 0.62188884 1.5435464
1.1500186 0.62068028 1.5433106
1.1485867 0.62336281 1.5460423
1.1448395 0.62568275 1.5482972
1.1442095 0.6258104 1.5490566
1.145758 0.62763577 1.5492092
1.148886 0.62669451 1.5475029
1.1495121 0.62644591 1.5487641
1.1464854 0.62331641 1.5492818
1.1453073 0.61956113 1.5483855
1.1411899 0.6229176 1.5510052
1.1419635 0.62320186 1.5506877
1.1363049 0.62674854 1.5540104
1.1386351 0.6251262 1.5511748
1.140677 0.62582433 1.5515083
1.1455649 0.62456984 1.5484289
1.1440696 0.62328595 1.5512737
1.1400981 0.62276033 1.555162
1.1381712 0.62364257 1.5596983
1.1381552 0.62427855 1.5597116
1.1182441 0.63657246 1.5742471
0 0 0
0 0 0
0 0 0
1.1617551 1.3261189 3.0106445
1.160351 1.3242476 3.0091295
1.1643975 1.3213456 3.0104376
1.1626229 1.3186725 3.0072331
1.1668472 1.3219067 3.0080818
0 0 0
1.2928198 1.8048702 2.1825269
1.2914071 1.8053305 2.1810075
1.2908823 1.8065892 2.1797327
1.2898054 1.8074025 2.1780809
1.2905709 1.8096434 2.1782004
1.288445 1.8103067 2.1747584
1.2873141 1.8104599 2.1752611
1.2873879 1.8126084 2.1774195
1.2868785 1.8100666 2.1790141
1.2885922 1.8111934 2.1794369
1.2879626 1.806948 2.1796509
1.2919867 1.8057642 2.1830729
1.2900783 1.8074957 2.1836279
1.2881929 1.8055725 2.1840208
1.2880785 1.807291 2.1838816
1.2879966 1.8047578 2.184607
1.2908019 1.8056528 2.1847404
1.2886233 1.8065578 2.183949
1.2898513 1.8079576 2.183496
5.5765581 1.2183853 2.5305365
5.5741027 1.2202942 2.5331638
5.5771803 1.2192222 2.5305316
5.5737018 1.2209916 2.5324187
5.5761618 1.2207377 2.5286729
5.572959 1.2206328 2.5330539
5.573854 1.2181093 2.531311
5.5723411 1.2158617 2.5332823
5.5732171 1.2142239 2.5312907
5.5728288 1.2154377 2.5340221
5.5767025 1.2162049 2.5313069
5.5759492 1.2192935 2.5311986
5.5780076 1.2184387 2.5288152
5.5748407 1.2190971 2.5303817
5.5763301 1.2183081 2.5302984
2.4071075 1.6991362 3.6916674
2.4074233 1.6984372 3.691571
2.405546 1.7024533 3.6890749
2.4064563 1.702459 3.6863398
2.4041006 1.7017126 3.684838
2.4035289 1.6989058 3.688339
2.4045246 1.6973805 3.6928059
3.7807596 1.0442233 2.2841972
3.7791696 1.0425438 2.2869106
3.7793213 1.0426752 2.2858662
3.7780155 1.0445451 2.2886841
3.7785698 1.0410159 2.2850989
3.7789788 1.0400048 2.2844364
3.7794399 1.03693 2.2846834
3.7768234 1.042105 2.2895604
3.7775995 1.0418862 2.2904735
3.7765768 1.0422456 2.2919266
3.7802152 1.0390234 2.2876365
3.7766063 1.0395857 2.2866845
3.7799722 1.0385772 2.2858943
3.78096 1.0413627 2.2848767
3.7851938 1.0396833 2.2838175
3.7781414 1.0403363 2.2840219
3.7762474 1.0390481 2.2835848
4.5110679 0.76772436 1.9560779
4.5088971 0.7672096 1.9609623
4.5094216 0.7676011 1.9596771
4.5046186 0.76715205 1.9631994
4.5076772 0.76772554 1.9589363
4.50336 0.76699072 1.9629945
4.5067048 0.76548392 1.9595769
4.5041322 0.76616124 1.962109
3.1250487 1.0367551 5.8844446
3.127194 1.0391564 5.8824951
3.1251856 1.0384059 5.8819491
3.1237546 1.0376272 5.8813735
3.1223296 1.0362122 5.8819256
3.1191386 1.0398915 5.8869053
3.1188842 1.0387525 5.8885991
3.1184127 1.0382109 5.8913866
3.1177295 1.0361629 5.891469
3.1194226 1.0373707 5.8902078
3.1193019 1.0361702 5.8890674
3.1235403 1.0369436 5.886764
3.1211565 1.0365537 5.8877573
3.1212388 1.0390316 5.8853204
3.1193816 1.0376298 5.8847502
3.1220406 1.036551 5.8818204
3.1191593 1.0369572 5.8863142
3.1211384 1.0352227 5.8874283
3.1190226 1.0359091 5.8891289
3.1191018 1.0333288 5.8889907
3.1205825 1.0368707 5.8887927
3.1186995 1.0387446 5.8891048
3.1218414 1.0383908 5.8873509
3.1195087 1.03666 5.8890306
3.1232098 1.03413 5.8864085
3.1198091 1.0343834 5.8898789
3.1224598 1.0341893 5.8855289
3.1193204 1.0353859 5.8880262
1.1491051 0.62000587 1.5512935
1.1452651 0.61982417 1.5534489
1.1464339 0.61959217 1.5517515
1.143544 0.62050808 1.552716
1.1518203 0.62253704 1.5459919
1.148658 0.62224814 1.5461715
1.1479173 0.62606026 1.5494597
1.1421318 0.6285357 1.5531717
1.1458787 0.62682286 1.5486256
1.1473435 0.62715839 1.5468283
1.152157 0.62423055 1.5449315
1.1513382 0.62349 1.5470599
1.150812 0.62293508 1.5466651
1.1476406 0.62210145 1.5478073
1.1408142 0.62551498 1.5534691
1.1472263 0.62616706 1.5493441
1.1426644 0.62773261 1.5499879
1.1478034 0.62644093 1.5441037
1.1411431 0.62631442 1.5509641
1.143665 0.62379916 1.5486363
1.1409897 0.62402571 1.5532514
1.1373181 0.62436097 1.5567025
1.1381869 0.62389146 1.5585233
1.1369139 0.62349111 1.5609387
0 0 0
1.1589455 1.321779 3.0121523
1.1601121 1.321639 3.0130697
1.1587147 1.3262539 3.0078513
1.1610876 1.3250894 3.009449
1.1597591 1.325126 3.0058824
1.1645275 1.3203031 3.0085297
1.1629508 1.3187302 3.0078995
1.1674042 1.3209734 3.0086015
1.1629022 1.321794 3.0089298
1.163367 1.323365 3.0096122
1.2873956 1.8051794 2.1778991
1.2882118 1.8068923 2.1784155
1.2875711 1.8070449 2.1783396
1.2904916 1.8073021 2.1787128
1.2912062 1.8070273 2.1772632
1.2912574 1.8084242 2.1783318
1.2907022 1.8099548 2.1783702
1.28998 1.8089328 2.1806579
1.2903228 1.8107004 2.1799397
1.2904568 1.80726 2.180928
1.2906912 1.8080763 2.1825939
1.2891282 1.8068136 2.1837595
1.2872527 1.8068054 2.1853308
1.2868253 1.8075063 2.182751
1.2874198 1.8066501 2.1813693
1.289668 1.8079185 2.1829094
1.2901587 1.8064932 2.1807568
1.2910418 1.8076285 2.1798896
5.5751248 1.218059 2.5313829
5.5738181 1.2192768 2.5340296
5.5745164 1.2174837 2.533859
5.5733497 1.2191587 2.5364221
5.5732564 1.2177126 2.5344259
5.5737343 1.2167 2.5339899
5.576384 1.2155588 2.5316738
5.5774709 1.215487 2.5307127
5.5753187 1.2144858 2.5317277
5.5735767 1.2171769 2.5345073
5.5765706 1.2166099 2.5300016
5.5770914 1.2187497 2.5318674
5.5789417 1.2188926 2.5281619
5.5744345 1.2180163 2.5314382
2.4082024 1.6954965 3.6926309
2.4072625 1.6967017 3.6943547
2.4073153 1.6962767 3.6948188
2.4044069 1.70016 3.6930927
2.4062477 1.6995664 3.6913233
2.4033934 1.6996238 3.69117
2.4024075 1.6978275 3.6924309
2.402871 1.6962391 3.6941852
2.4045405 1.6972424 3.6938272
3.7776839 1.0413869 2.289281
3.7802038 1.0407654 2.2866004
3.7845369 1.0426825 2.2871146
3.7845366 1.040073 2.2830334
3.7842086 1.0398184 2.2827892
3.7796434 1.0386367 2.2832229
3.7780223 1.0415651 2.2885433
3.7797005 1.0417556 2.2896542
3.7779414 1.04499 2.2898876
3.7805919 1.0420972 2.2870497
3.777032 1.0437101 2.2868307
3.7787771 1.0416848 2.2862891
3.7770529 1.0425116 2.2860087
3.7816078 1.039198 2.2859126
3.7775201 1.0397067 2.2845796
3.7736251 1.0389278 2.2848851
4.506828 0.7680708 1.9680282
4.5071332 0.76656237 1.9659462
4.5118107 0.76803515 1.9593295
4.5110771 0.76907385 1.9591521
4.5141188 0.76728417 1.9548926
4.5078696 0.76669649 1.9583937
4.5097908 0.76546625 1.9558062
4.5073295 0.76724145 1.9577357
0 0 0
3.1257299 1.0394427 5.8844828
3.1191571 1.0370816 5.887832
3.1180676 1.0351465 5.8871039
3.1168013 1.032208 5.886571
3.1176843 1.0372737 5.8874218
3.1179228 1.0381761 5.8881281
3.1190132 1.0407838 5.8902439
3.1198723 1.0366297 5.8893931
3.1228818 1.0344797 5.8893672
3.1195611 1.0335323 5.8916032
3.1202909 1.0348064 5.8904875
3.1213617 1.037361 5.8875543
3.1232894 1.039226 5.8850344
3.1231421 1.0385817 5.8867109
3.124189 1.036977 5.8855916
3.1214411 1.0359575 5.8871763
3.1203179 1.0348672 5.8889983
3.1187785 1.0374716 5.8898629
3.1195387 1.0357867 5.8897857
3.1233072 1.0388696 5.8871159
3.1205956 1.0375594 5.8873872
3.1229264 1.0377138 5.8876596
3.1209223 1.0379144 5.8868172
3.1233649 1.0345231 5.8856785
3.1193154 1.0355308 5.8892043
3.1175346 1.0334596 5.8888987
3.1166259 1.033496 5.8896096
1.1390415 0.62134175 1.5583982
1.1412787 0.62296734 1.5556749
1.1430496 0.62365137 1.5547281
1.1430893 0.62347371 1.556056
1.1494479 0.62275627 1.5502398
1.1478949 0.62165669 1.5497837
1.1479359 0.62522412 1.5476158
1.1420085 0.62627014 1.5527275
1.1470246 0.62495181 1.5491195
1.1484397 0.62185276 1.5488722
1.1526373 0.62002946 1.5476807
1.1476359 0.6204058 1.5496351
1.1454078 0.62151968 1.5510451
1.1463395 0.62084481 1.5490487
1.1453492 0.62526743 1.549817
1.1471167 0.62503099 1.5487844
1.1406402 0.626812 1.5530306
1.1444587 0.62385743 1.5503567
1.1425143 0.62486322 1.5519992
1.1443364 0.62505362 1.5497136
1.1383298 0.62566936 1.5541061
1.1358425 0.62673802 1.5561855
1.1382327 0.62646603 1.5551014
1.140163 0.62643376 1.5547001
1.1596292 1.3193304 3.0135192
1.1576938 1.3198426 3.0125609
1.1587775 1.3197443 3.0148783
1.1573486 1.3241458 3.0091025
1.1587924 1.3246682 3.0087312
1.1577365 1.3263515 3.0061837
1.1627583 1.3248035 3.008736
1.1614271 1.3226976 3.0105082
1.1645309 1.3225557 3.01098
1.1605219 1.3215019 3.0109814
1.1600281 1.3205755 3.0098239
1.1590588 1.3196313 3.0099419
1.2872548 1.8084961 2.1793307
1.2873475 1.8082633 2.1797817
1.2903255 1.807906 2.1816386
1.2883156 1.8057271 2.1797136
1.2872275 1.8064143 2.1795368
1.2882466 1.8070242 2.1765243
1.2915735 1.808598 2.180641
1.2909872 1.8080684 2.1794886
1.293971 1.806938 2.1841937
1.2905932 1.8073401 2.1834322
1.2896542 1.8049355 2.184337
1.2877509 1.803998 2.1843803
1.2873435 1.8024961 2.1829633
1.288707 1.8033966 2.1825597
1.2896671 1.8061341 2.1825156
1.2905398 1.8073257 2.1800703
1.2917936 1.8075371 2.1801113
4.0323213 1.8757904 2.4543901
5.5749096 1.2197724 2.5316808
5.5730043 1.2161472 2.5336141
5.5729024 1.2151549 2.5350088
5.5727467 1.2147106 2.5345452
5.5746801 1.216892 2.5323753
5.5743223 1.2163042 2.5317306
5.5752052 1.2171724 2.5314609
5.5736136 1.2137089 2.5320482
5.5750375 1.21411 2.5358401
5.5767146 1.2137015 2.5317943
5.5778065 1.2154559 2.5335399
5.5800453 1.215507 2.5274968
2.4067069 1.6992873 3.6892294
2.4068163 1.6981569 3.6931188
2.4051542 1.6976449 3.6922349
2.4063102 1.6967348 3.6939768
2.4088067 1.6965927 3.6919795
2.4097658 1.6991574 3.6917208
2.4075981 1.6999078 3.6909258
2.4049967 1.6999736 3.6910578
2.4071381 1.6958874 3.6929057
2.4074296 1.696635 3.6930217
2.4061741 1.6966369 3.6916138
0 0 0
3.7830956 1.0436398 2.2871333
3.7817529 1.0415595 2.2831899
3.7838799 1.0399075 2.2809213
3.7826286 1.0409611 2.2803029
3.7819484 1.0435059 2.2849082
3.780002 1.0433642 2.2877847
3.778986 1.042767 2.2877776
3.7807881 1.039807 2.2850088
3.7772796 1.0440057 2.2853291
3.7779125 1.0429287 2.2866481
3.7786783 1.0446722 2.2874091
3.7799129 1.0412016 2.2870317
3.7763846 1.0408478 2.2868554
3.7743116 1.040702 2.287245
4.5050923 0.76580788 1.9668816
4.5095912 0.76425854 1.9617296
4.513569 0.76468711 1.9566283
4.5107316 0.76486485 1.9564036
4.5110027 0.76589596 1.9538666
4.5069538 0.76537348 1.9581052
4.5107934 0.76425031 1.9549936
4.5104512 0.76581103 1.9567687
4.5100022 0.76794746 1.9556832
4.5107415 0.76835645 1.9574331
0 0 0
3.1194693 1.0349377 5.8827929
3.1167971 1.0342112 5.8851559
3.1178569 1.0368839 5.8862905
3.1198508 1.0378798 5.888297
3.121833 1.0391599 5.8891289
3.1235101 1.036619 5.8866804
3.1221334 1.0345454 5.8888313
3.1205029 1.0342444 5.8892217
3.1217457 1.0353401 5.8873606
3.1234015 1.038504 5.8857386
3.1239163 1.0388681 5.8838693
3.1236789 1.0377737 5.8871297
3.1217382 1.0330668 5.8884486
3.1209159 1.032204 5.8874793
3.1183543 1.0310201 5.8894956
3.1206274 1.0346786 5.8896456
3.1183873 1.0357067 5.8910574
3.1219719 1.0404013 5.8871888
3.1186096 1.0389881 5.887657
3.1231578 1.0371603 5.8852572
3.1208457 1.0375708 5.886729
3.1231785 1.0362147 5.8853673
3.1209769 1.0370187 5.8865485
3.1200343 1.0328789 5.8866904
3.121021 1.0327532 5.8865878
1.1407296 0.62430708 1.5574602
1.1420337 0.62460115 1.5558316
1.1453726 0.62377013 1.551873
1.1443487 0.62515313 1.5536602
1.1477384 0.62418802 1.5486704
1.1451329 0.62299826 1.5515647
1.145152 0.62500582 1.5506902
1.142017 0.6245642 1.5545103
1.1451615 0.62420653 1.5514354
1.1491633 0.62169043 1.5465389
1.1504761 0.6210735 1.5456061
1.1487782 0.61999793 1.545063
1.1455737 0.62181992 1.5486031
1.1445558 0.62179873 1.5490217
1.1416652 0.62608744 1.5539732
1.1427201 0.62364646 1.5530635
1.1438526 0.6257521 1.5512556
1.1452298 0.624442 1.549368
1.1438983 0.62576975 1.54968
1.1420694 0.62900348 1.5530006
1.1374375 0.62782327 1.557026
1.1376368 0.62870264 1.5568756
1.1361917 0.62579593 1.5577865
1.1592463 1.3218954 3.0095783
1.1593186 1.320522 3.012964
1.1611285 1.3221214 3.0106319
1.1613481 1.3205722 3.0148537
1.1606093 1.3243194 3.0099831
1.1597522 1.3247028 3.0085601
1.1596485 1.3250422 3.0058977
1.1643538 1.3243496 3.0067137
1.1637533 1.3217316 3.0095064
1.1635874 1.3222986 3.0106842
1.1622881 1.3211791 3.0096492
1.1613783 1.3194474 3.0091443
1.1622695 1.3172416 3.0081462
1.1607368 1.3181457 3.0091896
0 0 0
1.2904764 1.8062915 2.1822271
1.2884204 1.8035201 2.1808362
1.2893157 1.8033924 2.1813313
1.2879048 1.8024849 2.1784846
1.2917145 1.8045353 2.1814247
1.2911159 1.8056733 2.1810338
1.2932023 1.8080591 2.1830074
1.289936 1.8081657 2.181154
1.2917862 1.8070206 2.1820642
1.2901508 1.8051318 2.18382
1.2912042 1.8064838 2.1833838
1.2913065 1.8081999 2.1833595
0 0 0
0 0 0
0 0 0
4.0332365 1.8748145 2.453742
4.0317277 1.8726299 2.4535569
4.0289213 1.8732528 2.4515101
5.5743409 1.2149491 2.5358646
5.5738692 1.2140183 2.5354257
5.5745784 1.215919 2.5318221
5.5752842 1.2143939 2.5292932
5.5761641 1.2163756 2.5294077
5.5752071 1.2147267 2.5297829
5.57403 1.216327 2.5349048
5.5752054 1.2153497 2.5305165
2.4079119 1.699029 3.6925887
2.405606 1.69701 3.6916215
2.4045271 1.6970269 3.6908089
2.4046834 1.6966145 3.6925828
2.4055539 1.6958205 3.6931183
2.4070929 1.6953573 3.6944845
2.4078821 1.6928221 3.6918817
2.4078441 1.6961191 3.6923779
2.406598 1.696695 3.6928856
2.4030179 1.6979505 3.6907353
2.4051597 1.6951999 3.6899803
2.4057707 1.6977816 3.6893481
2.4066048 1.6996987 3.6860659
2.4054525 1.7025653 3.6857815
2.4023246 1.7001108 3.6851959
2.4039596 1.6988766 3.6884523
3.7835165 1.0402264 2.2803086
3.7808573 1.0416559 2.2807822
3.7793569 1.0426406 2.2868194
3.7793777 1.0415864 2.2866292
3.7792746 1.0408996 2.2867486
3.7815502 1.0394116 2.2834181
3.7803066 1.0444194 2.2849059
3.7778822 1.0447691 2.2862614
3.7784757 1.0451835 2.2865419
3.7783464 1.0426547 2.2861754
3.776763 1.0424896 2.2868825
3.7752337 1.0426133 2.287466
4.5044359 0.76923318 1.9673203
4.5081514 0.76706227 1.9615918
4.5101636 0.7675112 1.9566173
4.5150444 0.76599781 1.9535132
4.5147905 0.76602036 1.9520632
4.5110428 0.76541393 1.9564908
4.5098218 0.7656065 1.9557159
4.5079701 0.76669745 1.9608483
4.5085787 0.76756461 1.958547
4.5070994 0.7667596 1.9606457
4.5024081 0.76703905 1.9603145
3.1212539 1.0334858 5.8848203
3.120981 1.0339572 5.885698
3.123012 1.0357887 5.8843615
3.122595 1.0378924 5.8853416
3.121764 1.0375126 5.885988
3.124109 1.0361283 5.8828729
3.1220371 1.0337309 5.8870167
3.1207354 1.0339582 5.8889317
3.121505 1.035845 5.8887503
3.124503 1.0387674 5.8869256
3.1264454 1.0382395 5.8854789
3.1253723 1.0372526 5.8876953
3.1218943 1.0342441 5.8903994
3.1204647 1.0338755 5.889569
3.1177049 1.031394 5.8897743
3.1192281 1.0352699 5.8892031
3.1173879 1.0353606 5.8867129
3.1220615 1.0356534 5.8852437
3.1205788 1.0323623 5.8854599
3.1248469 1.0325145 5.8839904
3.1229274 1.0323543 5.8847826
3.1217746 1.0343989 5.8821056
3.119125 1.035388 5.8846376
3.1174685 1.0341019 5.8862575
3.1182621 1.0354589 5.8867641
1.1369553 0.62731738 1.5609977
1.1407584 0.62768001 1.5552436
1.1480582 0.62616889 1.5461151
1.1479707 0.62539548 1.546188
1.1479619 0.62424176 1.5459571
1.1434179 0.62488617 1.5501672
1.1449756 0.62562955 1.5484161
1.1447869 0.62382853 1.5489489
1.1448978 0.62170671 1.5505772
1.1492959 0.61929515 1.5468738
1.1489755 0.61856617 1.5469087
1.1493672 0.61871413 1.544494
1.1431296 0.62278147 1.5506603
1.1412914 0.62281823 1.5518963
1.142521 0.62707875 1.5521544
1.1411388 0.62407755 1.553956
1.1412422 0.62520203 1.5547468
1.1390233 0.62523251 1.5576909
1.14281 0.62796784 1.5537108
1.1407164 0.62938292 1.555817
1.1378091 0.62729675 1.5583775
1.1401895 0.62726592 1.5542759
1.1650121 1.3219325 3.0131524
1.1621803 1.3223224 3.009999
1.1609393 1.3212472 3.0111103
1.1614293 1.3228408 3.0078746
1.1611579 1.3209066 3.0126334
1.161063 1.3244133 3.0102118
1.1586176 1.3254866 3.0093924
1.1571456 1.3246462 3.007171
1.1617943 1.3263667 3.0059539
1.1632284 1.326884 3.0086781
1.1634777 1.3273913 3.0099734
1.16401 1.3236088 3.0093733
1.1628241 1.3203849 3.0086547
1.1644276 1.316719 3.0088872
1.1633374 1.3192567 3.0102387
1.161162 1.3209365 3.0102546
1.2894645 1.8065335 2.1825341
1.2858033 1.8028068 2.1798974
1.2860577 1.8025094 2.1798878
1.2856642 1.8037072 2.1778077
1.2898374 1.8058463 2.181192
1.2898262 1.8074278 2.181142
1.2908716 1.8089236 2.1811662
1.2901126 1.8060284 2.1825846
1.2924444 1.8069407 2.1821887
1.2912397 1.8044091 2.1844942
1.2917892 1.806739 2.1832338
1.2898466 1.8063102 2.1833967
0 0 0
4.0292651 1.8724885 2.4551088
4.0294587 1.8716411 2.4540053
4.0317053 1.8726127 2.4538569
4.0304083 1.8734203 2.4537034
4.0304009 1.8730324 2.4521653
4.0304733 1.8721908 2.4534281
5.5742122 1.2162488 2.5341536
5.5741535 1.2174092 2.530345
5.5757934 1.2144699 2.5267489
5.5751393 1.2150324 2.5278016
2.4106272 1.6999489 3.6927721
2.410354 1.6988042 3.6918984
2.4103528 1.6999197 3.6916808
2.4071383 1.7007887 3.6931424
2.4057734 1.6985921 3.6894183
2.4047675 1.6990889 3.6908998
2.4039453 1.6988985 3.690096
2.4034495 1.6980709 3.6927835
2.4058849 1.6952426 3.6915218
2.4070654 1.6915521 3.692034
2.4093887 1.6951378 3.6898341
2.4059009 1.6971832 3.6905001
2.4044897 1.6993188 3.686975
2.4062894 1.6989218 3.6871997
2.406555 1.700363 3.6874405
2.4053947 1.7021301 3.6871027
2.4051015 1.7019346 3.6864488
2.4031878 1.699084 3.6842906
2.4053077 1.6993621 3.6861942
2.4074564 1.7003209 3.6872088
2.4068737 1.7012006 3.6904763
2.4084988 1.7001418 3.6905412
2.4031663 1.6972248 3.6927682
2.4050309 1.6962039 3.6926492
2.4031974 1.6974738 3.6922363
2.4060804 1.6971305 3.6924722
2.4057058 1.6971631 3.692206
2.4083556 1.696243 3.6931907
2.4057717 1.6969521 3.6935981
2.404951 1.6980546 3.6937524
0 0 0
4.5086984 0.76865721 1.9592592
4.5124426 0.76642499 1.9561242
4.5098591 0.76645318 1.9560181
4.5111027 0.76423715 1.9563959
4.5071581 0.76482726 1.9570006
4.5078635 0.76449913 1.9586774
4.5091984 0.76477572 1.9580168
4.506506 0.76578781 1.9629644
4.504806 0.76611911 1.9632997
4.5053449 0.76533176 1.9645054
4.5043605 0.76643278 1.9615359
4.5065629 0.76522203 1.9603185
3.1231358 1.0366221 5.8835401
3.1225016 1.0361054 5.8847973
3.1211685 1.0366235 5.8852481
3.1198059 1.0353188 5.8860911
3.121167 1.0361077 5.8841084
3.1190935 1.0353992 5.8859852
3.121482 1.0358048 5.8862273
3.1227589 1.0353659 5.8867525
3.1235209 1.035959 5.8860554
3.1246406 1.0366649 5.8856959
3.1225452 1.0377538 5.8860035
3.1210356 1.035355 5.8868079
3.1190829 1.0340748 5.8851614
3.1215954 1.0324528 5.8835825
3.1223979 1.0337171 5.8847167
3.1206938 1.0345761 5.8837995
3.1213041 1.0353313 5.8862757
3.1212754 1.0341991 5.8867453
3.1241116 1.0349835 5.8877003
3.1225118 1.0336693 5.8882704
3.1195473 1.0360345 5.8848194
3.1193877 1.0348874 5.8868013
1.8274614 2.371023 4.3193911
1.830884 2.3710927 4.3222569
1.1412193 0.63013959 1.5613914
1.1437128 0.62887109 1.5529926
1.1488397 0.62648618 1.5421835
1.150002 0.62665677 1.5372249
1.147069 0.62746571 1.5428731
1.1454684 0.62821141 1.5439069
1.1453021 0.62758423 1.5469954
1.1460883 0.62507143 1.5472638
1.1425868 0.621409 1.5531407
1.1440152 0.62053798 1.5511181
1.1445242 0.6215983 1.5501915
1.1474016 0.62125055 1.5454
1.8196546 1.3333931 3.8643001
1.1411043 0.62461699 1.5532372
1.1433108 0.62742843 1.5513435
1.1414389 0.62379063 1.5529122
1.1436256 0.6236905 1.550381
1.1401117 0.62548501 1.5547795
1.1398086 0.6286621 1.5566785
1.1416798 0.62736977 1.5571496
1.139813 0.62584296 1.560104
0 0 0
1.1635183 1.3204747 3.009301
1.1620876 1.3221655 3.0085404
1.1612008 1.3235978 3.0100686
1.1610596 1.324499 3.0101273
1.1615006 1.3241694 3.0121016
1.1607686 1.3241053 3.0093227
1.1619344 1.3243872 3.0064143
1.162156 1.323668 3.0061954
1.164827 1.3232552 3.0058075
1.1621156 1.3262326 3.0089919
1.1619702 1.3254397 3.0076656
1.1630132 1.3251564 3.0097471
1.1661657 1.3198312 3.0096304
1.1680816 1.3206807 3.0098467
1.1664336 1.3211025 3.0095248
1.1649723 1.3243008 3.0092898
1.1636843 1.3240541 3.0090124
1.2870331 1.8019596 2.1807264
1.2861262 1.8030618 2.1811668
1.2869749 1.8038912 2.1799782
1.288262 1.8061086 2.1810649
0 0 0
0 0 0
1.2914879 1.8071765 2.1814609
1.2921427 1.8098982 2.1805563
1.2914672 1.8070509 2.1836574
1.29129 1.8103183 2.182625
1.290108 1.809799 2.1829257
4.0283132 1.8718378 2.454599
4.0297154 1.8721118 2.4552507
4.0275949 1.8733062 2.4531864
4.0330633 1.8727643 2.4546142
4.0317524 1.8737712 2.4535819
4.0324693 1.8720948 2.4541194
4.0297597 1.8736234 2.4529892
4.029203 1.8738675 2.4517013
2.4130998 1.7010639 3.6952899
2.4137387 1.7043303 3.6935396
2.4085436 1.7014797 3.6916701
2.4091823 1.7038365 3.6935119
2.4094242 1.7009465 3.6934867
2.4116341 1.7003957 3.6919404
2.4093612 1.6984589 3.692049
2.407435 1.697094 3.6897513
2.4066985 1.6980029 3.6920686
2.4051855 1.6982423 3.6898875
2.4040999 1.6986259 3.692466
2.4045508 1.6965249 3.6904286
2.4046665 1.6946354 3.6933947
2.4072437 1.695339 3.6914493
2.4059202 1.6981135 3.6912059
2.4059124 1.6967841 3.688272
2.4041802 1.6968983 3.6887337
2.4061981 1.6984319 3.6864663
2.4059148 1.7032297 3.6866995
2.4074159 1.7030655 3.6860289
2.4046877 1.6993806 3.6870407
2.4063325 1.6987664 3.6890821
2.4080931 1.6996853 3.6890084
2.4084477 1.7006507 3.6919817
2.4085282 1.6996322 3.6920985
2.4054358 1.6966211 3.694282
2.4070051 1.6975967 3.6927057
2.4049886 1.6981811 3.69219
2.4069047 1.6971452 3.6914011
2.404711 1.6974788 3.6915226
2.4072534 1.697665 3.6917659
2.4066441 1.6985134 3.693458
2.406437 1.6969053 3.6938682
2.4030738 1.6963079 3.6936747
4.5135005 0.76842131 1.9530728
4.5134363 0.76860116 1.9525074
4.5087427 0.76915216 1.9550842
4.5113053 0.7669365 1.9572113
4.5111402 0.7671836 1.9563715
4.5103867 0.76636216 1.95672
4.5062661 0.76560509 1.9587851
4.5069594 0.76465771 1.9610849
4.5065419 0.76316478 1.9628368
4.5053711 0.76366302 1.9652965
4.5033039 0.76384992 1.9615267
4.5032514 0.76393757 1.96039
4.5070747 0.76469474 1.9540864
3.121044 1.034351 5.8851939
3.1189602 1.035566 5.8872538
3.1179569 1.0356157 5.8881217
3.1190931 1.0369818 5.8868655
3.1196793 1.0365115 5.8855442
3.1229579 1.0367694 5.8848241
3.123878 1.0375875 5.8851148
3.1241613 1.0361784 5.8840969
3.1230783 1.0337994 5.88469
3.1204909 1.0330611 5.8851929
3.1243424 1.0325698 5.8851408
3.1210285 1.0339679 5.8862973
3.124876 1.0339777 5.8838491
3.1202374 1.034733 5.8860163
3.1215091 1.0357163 5.8848955
3.1199283 1.0341068 5.8863387
3.1203442 1.0322913 5.8877822
3.1212404 1.0337087 5.8871774
3.1220885 1.0316427 5.8882605
1.8227311 2.3724075 4.3129544
1.8244573 2.3727856 4.3149312
1.8229181 2.373067 4.3149547
1.8279028 2.3727346 4.3209054
1.8267488 2.372612 4.31939
1.796517 1.3062382 3.8820301
1.7980894 1.3041603 3.8798637
1.7959708 1.302307 3.8799496
1.7973587 1.302701 3.8773523
1.7941737 1.3017633 3.8789227
1.7940779 1.303712 3.8772173
1.7962421 1.3054105 3.8775509
1.7950838 1.304166 3.8793142
1.7965062 1.3064447 3.8782773
1.7943594 1.303608 3.8801264
1.8076263 1.3203657 3.8705844
1.8077924 1.3201627 3.8719294
1.8092641 1.3225566 3.8718367
1.7950031 1.3034944 3.8806888
1.7943465 1.3037241 3.8820903
0 0 0
0 0 0
1.7965536 1.3047566 3.8786659
1.7955913 1.3045386 3.8775991
1.7942235 1.3007244 3.8811147
1.1635296 1.3209686 3.00561
1.164068 1.3214006 3.0083915
1.1628547 1.3206001 3.0106325
1.1600936 1.3213616 3.0109655
1.1600582 1.3201432 3.0114181
1.1620552 1.3234194 3.0099038
1.1622398 1.323337 3.010715
1.162346 1.3227478 3.0065643
1.1583778 1.3232871 3.0092305
1.1614035 1.3245668 3.007739
1.160673 1.3283019 3.0100641
1.1632024 1.3256702 3.008814
1.1624197 1.3277296 3.0113918
1.1643623 1.3204706 3.0095295
1.1672155 1.3245917 3.010464
1.1679683 1.3234756 3.0104933
1.1668654 1.3294519 3.0085996
1.1655501 1.3268861 3.0083324
1.1645498 1.325916 3.006865
1.2858872 1.8054206 2.1807727
1.2876159 1.8064641 2.180688
1.288642 1.8094964 2.1806691
4.6827665 1.4029531 2.8327264
4.6831929 1.4055415 2.8330685
4.6845546 1.4068223 2.8311017
4.6849736 1.4089909 2.8337599
4.6840439 1.4056536 2.8310196
4.6837826 1.407501 2.8309019
4.0346608 1.8723422 2.4561901
4.0293608 1.8721728 2.4560099
4.031041 1.8725122 2.4557766
4.027839 1.8726095 2.4547478
4.0317549 1.8730006 2.4574786
4.0304296 1.8732726 2.456835
4.0313903 1.8734679 2.4571959
4.0325233 1.8741407 2.4535056
4.0332227 1.8730672 2.4540331
2.4105153 1.701255 3.6935668
2.4083307 1.7047136 3.6918517
2.4067491 1.7017324 3.6920016
2.4083188 1.7008783 3.693233
2.4053993 1.6995605 3.6942863
2.4062553 1.701881 3.6940038
2.4053879 1.7008844 3.6914796
2.4065531 1.699302 3.690831
2.4072061 1.6981976 3.6901235
2.4054563 1.699277 3.69
2.4051198 1.6984113 3.68964
2.4025143 1.6962419 3.6890002
2.4045428 1.6960815 3.6883123
2.4042008 1.695634 3.6881451
2.4062872 1.6983469 3.6878061
2.4063405 1.6977889 3.6870461
2.4059114 1.6989738 3.6894408
2.4061093 1.6992028 3.6916588
2.404768 1.7010811 3.6940839
2.4044521 1.7000602 3.6921014
2.4046641 1.6996275 3.6890005
2.4075837 1.6998127 3.6875128
2.4072492 1.7003705 3.6877567
2.4095112 1.7009052 3.6935737
2.4082945 1.6988687 3.6941383
2.4053744 1.6984343 3.6944857
2.4062059 1.699628 3.6917066
2.4047534 1.6989314 3.6910874
2.4060033 1.6994262 3.6907187
2.4059482 1.6970611 3.6913289
2.4083217 1.6960052 3.6900846
2.4058875 1.6984372 3.6906911
2.4052991 1.6971864 3.6911385
2.4028385 1.6972152 3.6924746
4.5162589 0.76857053 1.9520588
4.5141301 0.76801476 1.954166
4.5114154 0.76758403 1.9550774
4.5117225 0.76641048 1.9571497
4.5089122 0.76695587 1.9588662
4.5094516 0.76437651 1.9570232
4.5036201 0.76442902 1.9600501
4.5053556 0.76413175 1.9588402
4.5060275 0.76404427 1.9596756
4.5082583 0.76624277 1.9615468
4.510326 0.76419617 1.9581318
4.507591 0.76489043 1.9591601
4.5096605 0.76365336 1.9536565
3.118934 1.0339876 5.8861958
3.1168867 1.0331991 5.8873033
3.1149881 1.0338474 5.8874898
3.1145477 1.0348062 5.8884377
3.1173654 1.0367104 5.8858218
3.1231926 1.0359286 5.8837045
3.1211832 1.0347929 5.8849068
3.1212426 1.0325523 5.8816771
3.1179685 1.0323163 5.8855669
3.1199742 1.0324008 5.8829832
3.1258158 1.0336102 5.8819737
3.1234593 1.0337698 5.8827162
3.1276195 1.0353001 5.8814122
3.1230977 1.0342127 5.8863056
3.1242927 1.0345374 5.8860666
3.1207362 1.0339405 5.8869769
3.1212713 1.0349834 5.8890303
0 0 0
0 0 0
1.825532 2.3730565 4.3175895
1.8251136 2.3708187 4.316899
1.8213179 2.3726258 4.3163773
1.8273131 2.37227 4.3206218
1.8258214 2.3729703 4.3194566
1.795996 1.308665 3.8812767
1.7962418 1.3089524 3.8803272
1.7958973 1.3069184 3.8803491
1.7975847 1.3058262 3.8793604
1.7979283 1.3042002 3.8799861
1.7968682 1.3075334 3.8789033
1.79709 1.3081339 3.8784483
1.792904 1.30802 3.8814847
1.7946696 1.3069517 3.8785237
1.7932155 1.3047274 3.8802411
1.7932708 1.3024526 3.8777284
1.7919398 1.3032368 3.8812476
1.7913167 1.3032199 3.8830479
1.794609 1.3035236 3.8823147
1.7947066 1.3026448 3.8816283
1.7949455 1.3016408 3.8812083
1.7943039 1.3060621 3.8801114
1.7965983 1.3055679 3.8812695
1.7961594 1.3064175 3.8791246
1.7945879 1.3034653 3.8808015
1.7939668 1.304357 3.8791381
1.1626491 1.321026 3.006012
1.162421 1.318369 3.0082354
1.157377 1.3196 3.0097871
1.1594707 1.3198971 3.0132591
1.158976 1.322778 3.0120445
1.1622747 1.3229727 3.0104805
1.1643532 1.3230934 3.0067043
1.1646535 1.3241449 3.0082888
1.166991 1.3241225 3.006836
1.161483 1.3251822 3.0107748
1.1615619 1.3227936 3.0100072
1.1608519 1.3230212 3.0107485
1.1643494 1.3208701 3.0095864
1.1668825 1.3248574 3.0071259
1.1678544 1.3245842 3.0066154
1.1664968 1.3278176 3.0070533
1.1653272 1.3266956 3.0083155
1.163655 1.326345 3.007693
1.1635853 1.3237759 3.0078856
4.6816495 1.4065429 2.8333435
4.6830097 1.4041305 2.8329233
4.6821631 1.4061628 2.8330315
4.6827259 1.4063134 2.8316532
4.6810321 1.4075817 2.8312212
4.6809038 1.4064615 2.8325974
4.6817515 1.4075262 2.8307349
4.6818904 1.4088166 2.8299713
4.6810769 1.411056 2.826375
4.0311773 1.8701171 2.4561343
4.0306708 1.8708409 2.4545864
4.0306248 1.872857 2.4557081
4.0320765 1.8757582 2.4558491
4.0337516 1.8745052 2.4579872
4.0323543 1.8744367 2.4577896
4.0313469 1.8740747 2.4542747
4.0291418 1.8725727 2.4549437
4.029634 1.8725049 2.4545065
2.4086802 1.7042991 3.6912854
2.4056031 1.7025551 3.6912138
2.4045729 1.7018772 3.6923923
2.4044533 1.7001759 3.6969808
2.4070528 1.699892 3.695352
2.407679 1.6995564 3.6937465
2.4067482 1.6994409 3.6914067
2.406733 1.6991731 3.6904764
2.4048932 1.6987285 3.6916617
2.4052749 1.6994902 3.6891325
2.4015762 1.6996202 3.6889629
2.403853 1.7005712 3.6874076
2.4035152 1.699329 3.6889394
2.4059657 1.6994558 3.6904898
2.4060811 1.6981017 3.692637
2.407248 1.6964298 3.6942097
2.4067018 1.697686 3.6923463
2.4056833 1.7008108 3.6916248
2.4044457 1.7009563 3.6914868
2.403455 1.7018912 3.6890276
2.4043108 1.6998274 3.6900354
2.405014 1.6991513 3.6897866
2.4052947 1.7010625 3.6946393
2.4071502 1.6981377 3.6940533
2.4062027 1.6985444 3.694384
2.4078659 1.6996562 3.6919907
2.4053442 1.6992651 3.6924585
2.4059438 1.6982852 3.6901366
2.4046042 1.6962717 3.6900194
2.4066114 1.6988573 3.6882573
2.406689 1.7009809 3.6914537
2.4067119 1.7000839 3.6916933
2.4035321 1.6982421 3.6930392
4.5099971 0.76847487 1.9577511
4.5085068 0.76801629 1.9591238
4.5075052 0.76778811 1.9600202
4.5123317 0.76876561 1.955989
4.5119287 0.76794331 1.9553778
4.512664 0.76599274 1.952646
4.506664 0.76364886 1.9543054
4.5086674 0.7633922 1.9531547
4.5086016 0.76461374 1.9554808
4.5102065 0.76745362 1.9581715
4.509587 0.76439572 1.9587883
4.5074014 0.76441783 1.9596285
4.5085284 0.76379311 1.9564818
4.5093756 0.76715115 1.9555665
0 0 0
3.1173052 1.0363153 5.8887813
3.1180554 1.0351906 5.8878529
3.119643 1.036136 5.885731
3.1238274 1.035371 5.8848199
3.12148 1.0350574 5.8864357
3.1204834 1.0346144 5.8826132
3.1179737 1.0339957 5.8842136
3.1207814 1.0308953 5.8810467
3.1267986 1.0328026 5.8818329
3.1251318 1.0329321 5.8819118
3.1262019 1.0374525 5.8820589
3.1219796 1.0359061 5.8845047
3.1253384 1.034872 5.8848174
3.1229495 1.0330222 5.8857116
3.1231216 1.0340112 5.8851788
1.8215463 2.3743784 4.3149488
1.8245164 2.3725922 4.3168322
1.8263424 2.3739889 4.3193406
1.8258665 2.3717364 4.3177508
1.8238389 2.3730606 4.3175067
1.8272343 2.3703833 4.3176999
1.8248539 2.3720084 4.3174053
1.7975398 1.3079218 3.8796396
1.796398 1.3070637 3.8786858
1.7935894 1.3067575 3.881705
1.7941254 1.3072514 3.881052
1.7950178 1.306403 3.8813389
1.7963697 1.3063612 3.8799942
1.7977479 1.3048754 3.8756154
1.7941601 1.3055317 3.8798038
1.7935094 1.3048149 3.8805146
1.7909508 1.3075596 3.8841558
1.7934332 1.3056719 3.8811438
1.793057 1.3046808 3.8811983
1.7948005 1.3021197 3.8798221
1.79461 1.3021837 3.8790421
1.7939254 1.301491 3.8798492
1.7930252 1.3023321 3.8800443
1.793505 1.3051248 3.8788232
1.7941501 1.306601 3.8766815
1.7939553 1.3067761 3.8775393
1.7938459 1.3043306 3.8788954
1.7945145 1.3030779 3.8811421
1.1627734 1.3222253 3.0089944
1.1628126 1.3191191 3.0081703
1.1578075 1.3189074 3.0088607
1.1594426 1.3190884 3.0093435
1.1591064 1.3218097 3.0103203
1.162599 1.3223042 3.0099606
1.1652704 1.3228813 3.0078166
1.1631177 1.3235833 3.0091328
1.1655103 1.3246121 3.0094353
1.1621269 1.323408 3.0115779
1.1655439 1.3235753 3.0125341
1.1630551 1.3225495 3.0108242
1.1655314 1.323705 3.0094955
1.1645582 1.3231237 3.0070384
1.1648473 1.326093 3.008505
1.1618313 1.3282926 3.0097041
1.1600493 1.3282429 3.0119413
1.1595374 1.326924 3.0109924
0 0 0
4.682615 1.4060238 2.8328012
4.6832207 1.4056677 2.831607
4.6821583 1.4068672 2.8300678
4.6807146 1.4050851 2.8291002
4.6784347 1.4068128 2.8302143
4.6781959 1.4055234 2.8324312
4.6790371 1.4063491 2.8316763
4.6819033 1.4063133 2.8301301
4.6811666 1.4083667 2.8284241
4.0341053 1.8726481 2.4559727
4.0327961 1.8739891 2.4547203
4.0346855 1.8725932 2.4577157
4.0318144 1.8731133 2.4558666
4.0343435 1.8737911 2.4593271
4.0311308 1.8752028 2.4559026
4.0334619 1.8759141 2.4561026
4.0322485 1.8735647 2.4561325
4.0331299 1.8726191 2.4552567
2.4037723 1.7019727 3.6917578
2.4047583 1.7002905 3.6921808
2.4036991 1.6970988 3.692985
2.4038544 1.6978661 3.6934959
2.4021362 1.7002196 3.6920623
2.4058069 1.7000507 3.6923184
2.4049191 1.69935 3.6909531
2.4087824 1.6999107 3.6907964
2.4061871 1.6981869 3.6920086
2.4062056 1.6996542 3.687851
2.4054596 1.6975982 3.6879294
2.4044142 1.6984604 3.6861931
2.4049998 1.6986836 3.6879652
2.4046559 1.6989608 3.6893604
2.4051934 1.700048 3.6907894
2.4063345 1.6987603 3.6918863
2.4078993 1.6999494 3.6935914
2.4068786 1.7014123 3.6923699
2.4069476 1.7023225 3.6917327
2.406111 1.7032658 3.6876045
2.4058551 1.7015647 3.6888227
2.4065289 1.7000276 3.6883576
2.4061715 1.6993896 3.6919193
2.4074812 1.6969599 3.6917654
2.4035094 1.6991074 3.6928398
2.4033018 1.7001118 3.6921093
2.4022228 1.699888 3.6924167
2.4073859 1.698312 3.6920926
2.4079233 1.6972779 3.6913537
2.4100609 1.6984931 3.6909196
2.4071965 1.7007382 3.6926212
2.4075707 1.7024965 3.6913839
2.40586 1.700838 3.6924294
4.5074411 0.7704641 1.9614276
4.5091643 0.76866447 1.9582234
4.5092179 0.76868859 1.9601989
4.5147186 0.77105267 1.9540314
4.5139874 0.77005706 1.953977
4.5123308 0.76828826 1.9518524
4.5074927 0.76464829 1.9525773
4.5093756 0.76481977 1.9520333
4.5099003 0.76786268 1.9528656
4.5135146 0.76879283 1.952647
4.5085182 0.76745782 1.9590644
4.5104594 0.76491691 1.957158
4.5087493 0.76435178 1.9591965
4.5100901 0.76691001 1.9570239
3.1195823 1.0348555 5.8857563
3.1166831 1.0342502 5.8864995
3.1183674 1.0345771 5.8860798
3.1200592 1.0359173 5.8875168
3.1256953 1.0354979 5.8867574
3.1244846 1.0334926 5.8873566
3.1226904 1.0321284 5.8863839
3.1210972 1.0344273 5.8856943
3.1223322 1.0342459 5.8857616
3.1252731 1.0371535 5.8857831
3.1233467 1.0353614 5.8858701
3.1227396 1.0369844 5.8833319
3.1217401 1.0339359 5.8814403
3.1261814 1.0331227 5.8818699
3.1250222 1.0314808 5.8836704
1.8182636 2.3704578 4.314581
1.8204525 2.3725614 4.3125053
1.8223905 2.3736717 4.3147688
1.8244284 2.3759423 4.3190002
1.8265675 2.3729608 4.321995
1.82892 2.3711363 4.3247997
1.8304488 2.369465 4.322967
1.8312271 2.3708994 4.3238227
1.7911414 1.3073412 3.8797009
1.792261 1.3063197 3.8770062
1.790337 1.3061159 3.8802468
1.7946237 1.3048274 3.8794946
1.7975721 1.3064061 3.8803533
1.8008725 1.3063659 3.8784104
1.7998813 1.3056359 3.8758441
1.7957708 1.3064337 3.8792654
1.7943893 1.3057274 3.8798502
1.7936624 1.3057529 3.881845
1.7964538 1.306394 3.8815086
1.7941605 1.3046453 3.8828295
1.7944633 1.3051932 3.8811046
1.7930573 1.3020794 3.8803526
1.7944166 1.3018318 3.8788363
1.79272 1.3017866 3.87953
1.7932728 1.3047141 3.8818291
1.7940984 1.309005 3.8791126
1.7947009 1.3091483 3.8799482
1.7952622 1.3081463 3.8776472
1.7958189 1.3058808 3.8805077
1.796917 1.3057386 3.8782641
0 0 0
1.160135 1.3204596 3.0069689
1.160154 1.3213805 3.0079755
1.1604418 1.3226955 3.0088181
1.1615897 1.3218849 3.0089285
1.1649878 1.3228949 3.0055308
1.1642053 1.3220811 3.0054849
1.1671394 1.3244214 3.0057381
1.1624265 1.3219292 3.0079496
1.1643554 1.323002 3.0116979
1.1619657 1.3205639 3.0111489
1.1639141 1.3222483 3.0104228
1.16287 1.3214761 3.0082374
1.1641901 1.3245099 3.007032
1.1594837 1.3245473 3.0094713
1.1572693 1.3257709 3.0117495
1.1562074 1.3253939 3.0128032
0 0 0
4.6777919 1.4062841 2.8334458
4.67847 1.4076096 2.8340399
4.6806026 1.4082791 2.830905
4.6820875 1.4083301 2.8305228
4.681308 1.4091753 2.8294106
4.6812469 1.4064902 2.8310328
4.6787277 1.4069831 2.8329125
4.6806827 1.4078814 2.8315548
4.6788989 1.40996 2.8311259
4.0309705 1.8726918 2.4524311
4.0304584 1.8738132 2.4525474
4.0333382 1.8741891 2.4556262
4.0331586 1.8761959 2.4546599
4.0384954 1.8761837 2.4604773
4.0342954 1.874668 2.4578913
4.0331797 1.8741365 2.4592515
4.030331 1.8716749 2.4550486
4.0286352 1.8712285 2.4535091
2.4053901 1.6991103 3.693238
2.4049579 1.7009698 3.6926975
2.4026293 1.6984947 3.6935614
2.4055678 1.6986423 3.6934208
2.4035123 1.6987124 3.6911157
2.4078911 1.6983916 3.6902914
2.4031869 1.6994441 3.6892556
2.4079165 1.6993026 3.6908695
2.4050822 1.6983013 3.6920152
2.4039524 1.6987852 3.6901293
2.4025746 1.6983517 3.6904075
2.4006229 1.7016799 3.6881939
2.4026063 1.7019187 3.6884328
2.4012646 1.701972 3.6924602
2.4032498 1.7009072 3.694518
2.40511 1.700973 3.6956914
2.40833 1.7029638 3.6952532
2.4077903 1.7034806 3.6928146
2.4081836 1.7041131 3.6917396
2.4060938 1.7022653 3.6880926
2.4058411 1.702098 3.6889671
2.4034431 1.7003401 3.6902356
2.4041684 1.7004352 3.6924196
2.4049106 1.7005633 3.6898143
2.4033026 1.7003757 3.6894154
2.4029109 1.6996783 3.6905888
2.4007858 1.6980895 3.6915909
2.4047912 1.6952007 3.6915629
2.4044429 1.6952211 3.6900588
2.4100696 1.6965042 3.6904498
2.4086806 1.7023217 3.6914212
2.4096807 1.7030583 3.6922066
2.4059823 1.7027424 3.692883
4.5068084 0.76608596 1.9611411
4.508475 0.76777298 1.9591224
4.5110548 0.76869007 1.9576703
4.5151454 0.76816347 1.9501945
4.5174766 0.76717028 1.9486084
4.5150017 0.76552704 1.9509832
4.513186 0.76494574 1.9521273
4.5085954 0.76619394 1.9567545
4.5058721 0.76872345 1.9596519
4.5084918 0.77085234 1.9592518
4.5071018 0.7697668 1.9621428
4.5091558 0.76672617 1.9590855
4.5066122 0.76474544 1.9606256
4.5086086 0.76448522 1.957772
3.1196009 1.0379309 5.8875234
3.1191028 1.0363181 5.8877696
3.1205349 1.0388788 5.8869421
3.1220678 1.038009 5.8866413
3.1244577 1.0368459 5.8856209
3.1257583 1.0369034 5.8865557
3.1231458 1.0359829 5.8872696
3.1227307 1.0387498 5.8857918
3.1233896 1.0374709 5.8864672
3.1246861 1.0375867 5.8840853
3.1233461 1.0372935 5.8848857
3.1209366 1.0385503 5.8830358
3.1211941 1.0376844 5.8823137
0 0 0
1.8211813 2.3713928 4.3155133
1.8179709 2.3708719 4.3109286
1.8186133 2.3733266 4.3094103
1.8217865 2.3759035 4.3118374
1.8236322 2.3760576 4.3168741
1.8261396 2.3720844 4.3202124
1.8297327 2.3709527 4.3239523
1.8363281 2.3697662 4.3267557
1.8338859 2.3712329 4.324446
1.7895658 1.3033423 3.8841874
1.7918171 1.3008033 3.8808686
1.7914562 1.301603 3.8800273
1.7944043 1.3046185 3.8779279
1.7941869 1.3050313 3.8775997
1.7977749 1.3055748 3.8742389
1.7994484 1.3021847 3.8747684
1.7997479 1.3024158 3.8768463
1.7986383 1.3043443 3.8806863
1.7954678 1.306205 3.8809209
1.7955973 1.3097815 3.8803543
1.7931366 1.3081943 3.8797083
1.7920463 1.3071928 3.8789487
1.7914946 1.3030414 3.8789482
1.7931903 1.3030873 3.87845
1.7940142 1.3047376 3.8793401
1.7930595 1.3063661 3.8793409
1.7929135 1.3077982 3.875848
1.7935849 1.3065649 3.8790512
1.7954287 1.3068003 3.8796682
1.7967438 1.3043052 3.8822612
1.7977045 1.3039822 3.8769007
1.8002886 1.3034738 3.8753869
1.1615731 1.3218172 3.0073121
1.159142 1.3229877 3.0092776
1.1602872 1.3228576 3.0083705
1.1614211 1.3231655 3.0085996
1.1658379 1.3223916 3.0060115
1.1644681 1.321834 3.0075471
1.1634148 1.3223089 3.010094
1.1616056 1.3239777 3.0107694
1.1632898 1.3241879 3.0129568
1.162215 1.3233101 3.0115843
1.1629563 1.3213506 3.0100104
1.1617663 1.3217335 3.0107271
1.1625289 1.3240549 3.0101746
1.1593261 1.3256364 3.0128113
1.1572843 1.3255195 3.0123467
4.6847507 1.4031641 2.8309388
4.6823037 1.4036862 2.8340934
4.6786781 1.4036736 2.8331277
4.6773037 1.4044303 2.8340996
4.6783289 1.4043831 2.8305407
4.681332 1.4070405 2.8299748
4.680947 1.4078309 2.830195
4.6830379 1.4081793 2.8317507
4.6801783 1.4088265 2.8342356
4.6827838 1.4064645 2.8330932
4.6807158 1.4071889 2.834859
4.0342285 1.8737966 2.4516159
4.0341375 1.8743582 2.4518689
4.0342159 1.8717508 2.4547023
4.0309826 1.8735996 2.4528413
4.0338682 1.8748687 2.4574757
4.0341719 1.8767072 2.4572472
4.033637 1.874526 2.4589156
4.0343045 1.8729021 2.4565863
4.0314812 1.8718558 2.4543055
0 0 0
2.4042106 1.700322 3.6939344
2.4019251 1.698334 3.6953863
2.40455 1.6998642 3.6941851
2.4021819 1.6997096 3.6915033
2.4066828 1.6990864 3.6909021
2.4052188 1.6998764 3.6906242
2.409022 1.6989043 3.6914941
2.4070822 1.6990396 3.691761
2.4053561 1.6970746 3.6899018
2.4036347 1.6968516 3.689539
2.4025541 1.6984751 3.689923
2.4026892 1.6983108 3.6891116
2.4023787 1.7002369 3.6920893
2.403804 1.6988981 3.6911055
2.4063622 1.699478 3.6957126
2.4078124 1.6990528 3.6947634
2.4075501 1.6995399 3.6945524
2.4067549 1.7019419 3.691393
2.4066147 1.7022771 3.6912902
2.4066709 1.702572 3.6914296
2.406818 1.7011521 3.6934687
2.4070035 1.699624 3.6919833
2.4056529 1.6991144 3.691523
2.4038915 1.6973277 3.6891803
2.4021775 1.6992046 3.6906354
2.4026898 1.699335 3.689975
2.4072046 1.6958337 3.6921718
2.4075154 1.6968631 3.6919506
2.4087938 1.6973687 3.6934385
2.407301 1.7026712 3.6922032
2.407507 1.702319 3.6925388
2.4050553 1.70274 3.6908798
4.5069068 0.7657514 1.9591528
4.5092508 0.76679138 1.9565895
4.5154101 0.76846041 1.9517537
4.5153311 0.76653504 1.9512181
4.5170822 0.76669196 1.9496395
4.5134338 0.76614403 1.9529507
4.5137804 0.76713474 1.9541999
4.5114267 0.76687575 1.9571931
4.5102482 0.7693062 1.9590405
4.5094776 0.77027662 1.9590025
4.5088963 0.76894037 1.9593447
4.508324 0.76763284 1.9594686
4.5037617 0.7636896 1.9615423
4.5010317 0.76198734 1.9630963
3.1208706 1.0379979 5.8869704
3.1187665 1.0361463 5.8872503
3.1194427 1.0388976 5.8876001
3.1222135 1.0360507 5.8859023
3.1249877 1.0364745 5.8836643
3.1282898 1.0355025 5.8852976
3.1265234 1.0339492 5.8883287
3.1249823 1.0377353 5.8897247
3.1261982 1.0391687 5.8884336
3.1247939 1.0403658 5.8843474
3.1238249 1.0385769 5.8865074
3.119786 1.0359821 5.8838276
3.1186344 1.0345694 5.8856053
1.8262325 2.3733489 4.3219487
1.8231607 2.3710964 4.3164635
1.8219575 2.3711834 4.3131486
1.8233169 2.3707773 4.3118711
1.8233658 2.3719246 4.3107134
1.8235554 2.3736382 4.3136867
1.826702 2.3723347 4.3173061
1.8254935 2.3757185 4.3206128
1.833494 2.3722731 4.3256675
1.8310379 2.3741251 4.3236537
1.7927568 1.3061128 3.8839998
1.7937718 1.3041363 3.8789728
1.7924389 1.3018995 3.8757828
1.7921451 1.3021521 3.8741983
1.7921716 1.3008437 3.8721319
1.7957792 1.3032372 3.8700257
1.796794 1.3016834 3.8742053
1.7968237 1.3037855 3.8772001
1.7970713 1.3034737 3.8818144
1.7982305 1.3038473 3.8801265
1.7996553 1.3060075 3.8794202
1.7985247 1.3068929 3.8799466
1.7967253 1.3070187 3.8793494
1.7943175 1.3049498 3.880697
1.7931539 1.3040003 3.8797754
1.79514 1.3042344 3.8798728
1.7942799 1.3042152 3.8785638
1.7976818 1.3082502 3.8773209
1.7974309 1.3077685 3.8778562
1.7970839 1.3070097 3.8784032
1.7937135 1.3033738 3.880619
1.7945036 1.3018278 3.8757543
1.7974356 1.3004897 3.8748282
1.7991414 1.3009332 3.8723202
1.1625946 1.3233503 3.0117846
1.1638873 1.3229915 3.0106015
1.1629776 1.3233325 3.0105601
1.1629048 1.3205308 3.0092762
1.1628362 1.3222063 3.008682
1.160477 1.3213469 3.0102751
1.1598791 1.3243985 3.0109132
1.1622162 1.3219714 3.0113997
1.1622029 1.3197723 3.0097935
1.1624434 1.3183917 3.0091342
1.1618746 1.3214253 3.008896
1.1629441 1.3236049 3.0083557
1.1617342 1.324437 3.0094223
4.6828841 1.4017073 2.8336018
4.6821524 1.4011652 2.8319074
4.6803204 1.3998776 2.8340822
4.6796498 1.4029911 2.8335415
4.6766924 1.4044894 2.8353227
4.6799441 1.405054 2.8331444
4.6796831 1.4066862 2.8332047
4.6826295 1.4101904 2.8321918
4.6850648 1.408859 2.8311179
4.6830452 1.4080545 2.8333485
4.6829895 1.405397 2.8319069
4.0298143 1.8738126 2.4493024
4.0329259 1.8711622 2.4536344
4.032994 1.872357 2.4509964
4.0341047 1.8716605 2.4558048
4.0325435 1.8755712 2.4553255
4.0330518 1.8737006 2.4589578
4.035355 1.8744288 2.460489
4.0344052 1.872098 2.4580087
4.0333126 1.8711746 2.4557171
4.0301902 1.8711343 2.4541015
4.0313824 1.8700661 2.4560341
2.4036735 1.6986599 3.6937371
2.4023738 1.6979339 3.6964962
2.405726 1.6991769 3.6979088
2.4055278 1.6994762 3.6953791
2.4063071 1.698154 3.6918193
2.4035377 1.697799 3.6898934
2.4044635 1.6970243 3.6905931
2.4039819 1.6991695 3.6919275
2.4045902 1.6973836 3.6921908
2.4027258 1.6976838 3.6914464
2.4021755 1.6996933 3.6906794
2.401502 1.7001008 3.6889261
2.4031823 1.7008629 3.6926731
2.4033088 1.6988263 3.6938256
2.4067576 1.700704 3.6968138
2.4054394 1.6982965 3.694931
2.4054783 1.6981392 3.6969684
2.4023439 1.6971615 3.6937073
2.4040555 1.700784 3.6926418
2.404061 1.7018597 3.6903937
2.4060057 1.7024628 3.6931463
2.4058967 1.6979613 3.6915913
2.4070392 1.6993895 3.6925567
2.4073449 1.6987336 3.6906297
2.4055537 1.6994746 3.692099
2.4057348 1.6984667 3.6915518
2.4057205 1.696136 3.6913908
2.4071129 1.6974021 3.6905849
2.4066763 1.6983582 3.6929843
2.4080933 1.7011366 3.6915589
2.4046171 1.7022987 3.6933099
2.4044742 1.7012561 3.6920075
4.5060549 0.76158623 1.958985
4.5063156 0.7645891 1.9612195
4.5107756 0.7658045 1.9567886
4.5094141 0.7651374 1.9564914
4.5122553 0.76505219 1.9515049
4.5102535 0.76627938 1.9558277
4.5098211 0.76792098 1.9584882
4.5034971 0.76758915 1.9641865
4.4996026 0.76797548 1.9664431
4.5011168 0.76861629 1.9670174
4.5052403 0.76914181 1.9635821
4.5061958 0.76898496 1.962408
4.5039559 0.76492005 1.9617067
4.5022162 0.76359275 1.9627122
3.1211096 1.0370307 5.8892563
3.1214068 1.0370954 5.8888239
3.122633 1.0384389 5.8864382
3.1241497 1.0371026 5.8834111
3.124143 1.0377835 5.8819617
3.1246586 1.0356687 5.8845602
3.1235321 1.0364645 5.8872704
3.1215955 1.0377019 5.8884518
3.122759 1.0378697 5.8868501
3.1232146 1.0376909 5.8812916
3.1245214 1.0370265 5.8827803
0 0 0
1.8287116 2.3720778 4.3224389
1.8286322 2.3719665 4.3213167
1.8266168 2.3708407 4.3167646
1.826079 2.3712114 4.3143561
1.8256919 2.3725696 4.3137011
1.82629 2.3719808 4.3130286
1.8246809 2.3725275 4.3133479
1.8257664 2.3692116 4.3153504
1.8266141 2.3729094 4.320121
1.8286805 2.3710942 4.3202108
1.8258685 2.3744971 4.3178028
1.7950952 1.3061856 3.8836083
1.7955744 1.3043607 3.8796876
1.7939392 1.3038755 3.8766084
1.7949856 1.3043352 3.8757217
1.7921796 1.3045996 3.8731944
1.7929463 1.3042041 3.8702814
1.7915693 1.3017651 3.8751019
1.7957878 1.303469 3.8790234
1.7961719 1.3029827 3.8832363
1.7971626 1.3040001 3.8795862
1.7998306 1.3049952 3.8757118
1.7991731 1.3053849 3.8759265
1.7986535 1.306589 3.8754599
1.7954018 1.3056764 3.8785907
1.7937267 1.3041899 3.8781913
1.7966596 1.3069888 3.8787651
1.7960397 1.3054372 3.8772037
1.7982287 1.3072546 3.8762717
1.7950057 1.3048365 3.8774624
1.7965825 1.3066628 3.8798041
1.7939846 1.3052424 3.8816038
1.7952641 1.3030797 3.8782012
1.7957382 1.3028532 3.8764349
1.7979483 1.3000619 3.8733261
1.1642399 1.3257282 3.0098659
1.1613222 1.324349 3.0120693
1.1632559 1.3252533 3.0105212
1.162274 1.3223479 3.0100271
1.1640862 1.321636 3.0087522
1.1615976 1.3213923 3.0103062
1.1606456 1.3221442 3.0106966
1.1622754 1.3215648 3.0124351
1.1631192 1.3215162 3.0095369
1.1642552 1.3206733 3.0096761
1.1635389 1.3220978 3.0083477
0 0 0
4.6795169 1.4046227 2.8338873
4.6805447 1.4014979 2.8353508
4.6819804 1.403073 2.8350585
4.6823447 1.4021102 2.8346108
4.6841811 1.4058079 2.8336603
4.6799577 1.4028991 2.8340282
4.6829751 1.4048484 2.8329225
4.6771215 1.4055864 2.8353401
4.6788137 1.4085561 2.8331538
4.6779716 1.4087064 2.833015
4.6814727 1.40955 2.8326523
4.6840628 1.4094503 2.8316128
4.6852051 1.4105036 2.8313007
4.035392 1.8706463 2.4561478
4.0362429 1.8710844 2.4539419
4.033646 1.8703308 2.4559748
4.030337 1.8730506 2.4538027
4.0307587 1.8740778 2.4558641
4.0313621 1.8755981 2.4563512
4.0328519 1.8735622 2.4551982
4.03199 1.8724148 2.4559088
4.0313404 1.8720642 2.456542
4.031971 1.8712686 2.4577652
4.0294613 1.8752042 2.4570945
2.4030959 1.6979357 3.6963921
2.4052139 1.6989006 3.6972337
2.4046338 1.6981086 3.6960581
2.4064381 1.6964326 3.6941782
2.4043723 1.6968778 3.693015
2.4059478 1.6970044 3.6914968
2.4026828 1.6992422 3.6921646
2.4050887 1.696987 3.6915955
2.4021369 1.6968277 3.6903605
2.4037251 1.6980543 3.6911124
2.4024567 1.6978553 3.6916504
2.4038973 1.6974893 3.6935401
2.4026046 1.6976965 3.6950584
2.4049353 1.6987252 3.6940347
2.4018787 1.6945298 3.693194
2.4051819 1.6945095 3.6929454
2.4030965 1.6963342 3.694218
2.4051778 1.7019241 3.6955891
2.4054353 1.7015629 3.693733
2.4070192 1.7019796 3.6936635
2.4066702 1.6979935 3.6912864
2.4068046 1.6988588 3.6929277
2.4064282 1.695898 3.6911048
2.4073312 1.6980496 3.6904119
2.4070577 1.6979624 3.6897217
2.4071479 1.6983716 3.6899061
2.4061567 1.6983514 3.6908119
2.4035336 1.7017616 3.6937801
2.403618 1.7008893 3.6929209
2.4008609 1.7023266 3.6946012
2.4025044 1.699525 3.6928672
4.5065458 0.76684706 1.9561692
4.5068518 0.76626948 1.959426
4.5113274 0.76516652 1.9562684
4.508711 0.76589524 1.9581247
4.5107114 0.76840721 1.954801
4.5093119 0.76812793 1.9572031
4.5110196 0.76745851 1.9560016
4.5068417 0.76552029 1.9605015
4.5037653 0.7669597 1.9615257
4.5058754 0.76695031 1.9630768
4.507713 0.76558004 1.9612153
4.5074988 0.76712466 1.9611708
4.5037168 0.7672605 1.9626971
4.5013831 0.76609663 1.9644657
3.1218744 1.0356411 5.8880068
3.1223419 1.0358167 5.8885255
3.1223011 1.0345717 5.8858369
3.1231791 1.0350713 5.8847297
3.1250029 1.0349349 5.8824977
3.1255602 1.0348972 5.8849837
3.1226351 1.0368487 5.8892058
3.1215578 1.0367368 5.8891931
3.1211239 1.0390506 5.8882311
3.1233825 1.0392413 5.8828148
0 0 0
1.8297043 2.3712648 4.3213134
1.8298201 2.3710202 4.3228224
1.829051 2.3696273 4.321402
1.8273208 2.3702302 4.319216
1.8261322 2.3707111 4.3169791
1.8245627 2.375297 4.3158073
1.8249171 2.3727826 4.3156574
1.82515 2.3745934 4.3179048
1.8243457 2.3732224 4.3170315
1.8274616 2.3754654 4.3218284
1.8234803 2.372067 4.315133
1.8240847 2.3732379 4.315662
1.8218729 2.3708842 4.3119537
1.7963498 1.3064092 3.8775258
1.7951833 1.3060307 3.8754247
1.7959628 1.3033902 3.8762612
1.7926507 1.3027832 3.8765193
1.7932493 1.3042933 3.8741926
1.7914887 1.3044356 3.876311
1.7946467 1.3056564 3.8764133
1.7945776 1.3035553 3.8809902
1.7958626 1.3028107 3.8802987
1.7987392 1.3043312 3.8765324
1.7996832 1.3048227 3.8766143
1.8019947 1.3071604 3.8748651
1.7979536 1.3076259 3.8767043
1.7938219 1.3056264 3.8755565
1.7950498 1.3064112 3.8756032
1.7940211 1.303137 3.8758245
1.7997657 1.3073115 3.8764824
1.7976258 1.3053638 3.8784936
1.7985195 1.3060553 3.8798935
1.7938445 1.304314 3.8810558
1.7966401 1.3025652 3.8784672
1.7947819 1.3032572 3.8778281
1.7966404 1.2995721 3.8779272
1.795217 1.3009917 3.8797471
1.1627576 1.3233716 3.0130985
1.1650818 1.3230064 3.010375
1.1578102 1.3225862 3.0111533
1.16029 1.319938 3.0090532
1.1582041 1.3224854 3.0104386
1.1607087 1.3194032 3.0090474
1.1611234 1.3220929 3.0113904
1.1618602 1.3204458 3.0094287
1.1618202 1.3214053 3.0112284
0 0 0
4.679526 1.4077551 2.8300079
4.6781673 1.4064902 2.8325504
4.6780511 1.403421 2.8334015
4.6804707 1.4036198 2.8347604
4.6806944 1.4025883 2.8345238
4.6853098 1.4069087 2.8317202
4.6824775 1.4051643 2.8328084
4.6841876 1.407543 2.8318262
4.6792771 1.4074233 2.8340682
4.6805563 1.4104935 2.8327179
4.6800587 1.4097143 2.8321471
4.6845249 1.408584 2.8305537
4.6851567 1.4078654 2.8307169
4.6861193 1.4081254 2.8308628
4.0338904 1.8714077 2.4573745
4.0334256 1.8719227 2.4567201
4.0327173 1.8732742 2.4563695
4.0296351 1.8734615 2.4560619
4.0325572 1.873475 2.4573765
4.0299439 1.8731665 2.4565283
4.0308731 1.8720952 2.4534295
4.0311288 1.8702323 2.4533504
4.0316115 1.868983 2.4539762
4.0326547 1.8687654 2.4573681
4.0323768 1.871154 2.4574687
4.0318272 1.8703937 2.4555804
2.4050613 1.6978906 3.6958528
2.4058281 1.6985973 3.6927236
2.4065143 1.6953041 3.6912274
2.4036872 1.6953127 3.6894284
2.4032805 1.6952515 3.6909393
2.4011309 1.6996212 3.6913759
2.4056451 1.698189 3.693355
2.4030031 1.69857 3.6943109
2.4059398 1.698321 3.6947424
2.4034753 1.6986216 3.692758
2.404904 1.699173 3.6944226
2.4046904 1.7007979 3.6954884
2.404211 1.7003313 3.6920451
2.4000124 1.6990448 3.6905668
2.4021595 1.6972068 3.6904833
2.4002375 1.6975257 3.6949543
2.4045221 1.7000108 3.6945163
2.4063658 1.7001975 3.692263
2.4072002 1.6993128 3.6901487
2.4086499 1.6964556 3.6891781
2.4072713 1.6993321 3.6910337
2.4068344 1.6977654 3.692186
2.4086332 1.7003942 3.6915142
2.406283 1.6983715 3.6912689
2.4064414 1.6998303 3.6897023
2.405379 1.6992421 3.6907546
2.4041565 1.7015453 3.6928682
2.4047705 1.6997523 3.6934597
2.4038404 1.7015834 3.6933667
2.4048875 1.6998946 3.6928841
4.5073429 0.76820415 1.9544846
4.5074077 0.76835983 1.9581134
4.5106263 0.76769143 1.9579254
4.5072194 0.76717085 1.9606027
4.5108591 0.77013304 1.9545613
4.507925 0.76694582 1.9571798
4.5073931 0.76651806 1.9563711
4.5035447 0.76420934 1.9604202
4.5004349 0.76390538 1.962233
4.5039569 0.76675036 1.9617288
4.5070983 0.76730687 1.9601686
4.5093385 0.76853822 1.9584766
4.5094702 0.76845924 1.9603333
4.8473676 2.0654211 0.4053803
4.8453182 2.0653014 0.40518169
4.8489616 2.0665601 0.40695738
4.8492732 2.065099 0.40846706
0 0 0
0 0 0
0 0 0
3.1194935 1.0379022 5.8880882
3.1213293 1.036891 5.8866543
3.1158709 1.0357776 5.8888484
1.8257892 2.3715064 4.3162494
1.8265661 2.3719539 4.3192544
1.8292273 2.3713838 4.3199643
1.8290668 2.3720986 4.3215032
1.8273743 2.3703491 4.3198915
1.8259639 2.3703703 4.320507
1.8260854 2.3691646 4.3187598
1.8264899 2.3744174 4.3182232
1.827486 2.3734466 4.3148278
1.8282667 2.3761014 4.3196033
1.8245785 2.3716658 4.317825
1.8251079 2.3727641 4.3219759
1.8212336 2.3705297 4.3167854
1.8228944 2.3716063 4.3176934
1.8212098 2.3737824 4.3149345
1.7939171 1.3046637 3.8778404
1.7957378 1.305577 3.8762604
1.7986888 1.3060205 3.8782186
1.796669 1.3048989 3.8781042
1.7947344 1.3055739 3.8756449
1.7929453 1.3036447 3.8794239
1.7970761 1.3062546 3.8787447
1.7975049 1.3051403 3.8817306
1.7956649 1.3052535 3.8798389
1.7972202 1.3054444 3.8759539
1.795615 1.3059621 3.8759163
1.7979579 1.3065428 3.8748681
1.7959164 1.3062287 3.8757707
1.792729 1.3043426 3.8735377
1.796097 1.305623 3.8742663
1.794375 1.3037437 3.8752448
1.7973545 1.3062003 3.8785409
1.7942446 1.3032567 3.8803953
1.7994073 1.3045645 3.880933
1.7965555 1.3042003 3.8815725
1.7969033 1.3041505 3.8802736
1.7937935 1.3054967 3.8788922
1.7954248 1.3023384 3.8785055
1.7949664 1.3009245 3.8788277
0 0 0
0 0 0
1.1584258 1.3223187 3.0108165
1.1645687 1.3205337 3.0085026
1.1631554 1.3232611 3.0082576
1.1651058 1.3209359 3.0073248
1.160874 1.3252896 3.0112271
1.1603702 1.3248835 3.01151
0 0 0
4.6814497 1.4086595 2.8290829
4.6814262 1.4099188 2.828331
4.6819841 1.4071569 2.8299662
4.6793273 1.4053291 2.8333776
4.6820017 1.4063243 2.8327596
4.6826001 1.4066688 2.8328653
4.6856661 1.4087755 2.831607
4.6850856 1.4081606 2.8344325
4.6840881 1.4094482 2.8347351
4.6823302 1.409149 2.8339839
4.6798323 1.4104279 2.8339867
4.6799141 1.409148 2.8322116
4.6825145 1.4085698 2.8339981
4.6844483 1.4089541 2.8313666
4.6886048 1.4097423 2.8300433
0 0 0
4.0328374 1.8711478 2.4547102
4.0322374 1.8736245 2.454987
4.0287638 1.8750977 2.4527189
4.0317952 1.8753163 2.4539127
4.0305929 1.8752885 2.4545349
4.0312821 1.8724097 2.4539048
4.0302684 1.8699384 2.4556924
4.0328914 1.8703625 2.4553974
4.0349374 1.8728791 2.457137
4.0362026 1.8757715 2.457057
4.0329945 1.8756872 2.4552829
4.0346651 1.873916 2.4549484
2.4073022 1.6995366 3.689286
2.4057754 1.6963464 3.6903496
2.4055662 1.6969815 3.692738
2.404752 1.694974 3.6920137
2.4021695 1.6976458 3.6923716
2.4041419 1.6969441 3.6920791
2.3985904 1.7039826 3.7054317
2.4010058 1.7052658 3.7056171
2.3992458 1.7067546 3.7055334
2.4034472 1.6997186 3.6942081
2.4035477 1.7005695 3.6935975
2.402993 1.6990791 3.693618
2.4023923 1.6986252 3.6924529
2.4042158 1.696649 3.6943752
2.4046393 1.6993822 3.6947897
2.4058482 1.7009113 3.6934884
2.4062671 1.700558 3.6904102
2.4062775 1.6988687 3.6906057
1.823223 0.83460224 2.1773755
1.8222591 0.83496677 2.1808935
1.8186208 0.83256799 2.1818401
1.8192184 0.83041696 2.1851718
1.8166919 0.83350284 2.1838255
1.8211578 0.83122913 2.1823183
1.8179065 0.83264974 2.1804652
1.8215897 0.83075498 2.1792809
1.8166184 0.8300925 2.1808091
1.8173299 0.83250772 2.1818459
0 0 0
4.5130157 0.76737717 1.9511535
4.5118521 0.76721342 1.9544067
4.5123506 0.76748349 1.9558878
4.5085962 0.76606871 1.9599941
4.5094439 0.76690979 1.9576478
4.5094859 0.76536446 1.9567299
4.5082102 0.76420835 1.956676
4.5044431 0.7638418 1.9604173
4.5009126 0.76478029 1.9617446
4.5048074 0.76714935 1.960117
4.5096498 0.76696228 1.9597661
4.5105275 0.76802978 1.9565063
4.8504117 2.0622852 0.40760222
4.8513138 2.0647626 0.40913913
4.8475625 2.0637027 0.40741041
4.8535389 2.0642574 0.41212515
4.8502233 2.0607123 0.41114249
4.8518392 2.06363 0.40991458
4.8471538 2.0612013 0.40631425
4.8490874 2.0610109 0.40465621
4.8504265 2.0596674 0.40666658
0 0 0
1.8263145 2.3751804 4.3189968
1.8280352 2.3744033 4.3185403
1.8293745 2.3754858 4.3197624
1.8321233 2.3717892 4.3204362
1.8314145 2.3719704 4.321436
1.8300081 2.3718052 4.3229029
1.8269947 2.3699225 4.3224249
1.8264207 2.3701863 4.320723
1.8260268 2.3739477 4.3200739
1.8294698 2.3739377 4.3189847
1.8272373 2.3778853 4.320398
1.8248678 2.3734013 4.3188743
1.8237763 2.3743437 4.3185599
1.82551 2.3714243 4.3184748
1.8289214 2.3708271 4.3204741
1.8307035 2.3724813 4.3209451
1.8288647 2.3726154 4.3205916
1.7972478 1.3074722 3.8773004
1.7983193 1.3075243 3.8788499
1.7970569 1.3042191 3.880269
1.7965649 1.3067187 3.8776841
1.7944732 1.3056912 3.8797276
1.7965851 1.3068466 3.8781764
1.7972185 1.3047105 3.8806738
1.7941822 1.3047687 3.8796352
1.7965011 1.3053607 3.8758905
1.7948558 1.3060879 3.8750838
1.7971718 1.306529 3.8738033
1.7962061 1.3086177 3.8749577
1.7947669 1.3082401 3.8722602
1.7965093 1.3074332 3.8740097
1.7939912 1.3038557 3.8753487
1.7975431 1.3040604 3.8783723
1.795605 1.3003134 3.879745
1.7988116 1.3011207 3.8811825
1.7962284 1.2998037 3.8800668
1.7978304 1.3026142 3.8790269
1.7950606 1.3029616 3.8770403
1.7956076 1.3034675 3.8792358
0 0 0
0.8455818 1.8039543 5.0097051
0.84533578 1.8037325 5.0086226
1.1606073 1.3218751 3.0106574
1.1629024 1.321051 3.010935
1.162523 1.3236966 3.011426
1.1627268 1.3235629 3.0109057
1.1606629 1.3268575 3.0108639
1.1596009 1.325463 3.0088547
4.6846282 1.4094087 2.8316674
4.684035 1.4082838 2.8281443
4.6816255 1.4107195 2.8314848
4.6823571 1.4084565 2.8301849
4.6825984 1.4076247 2.8332531
4.6844863 1.4063688 2.8317961
4.6842484 1.4086352 2.8340459
4.6838506 1.4093164 2.8328157
4.6841119 1.4097591 2.8348384
4.6822322 1.4099127 2.833998
4.6824256 1.4095264 2.8326301
4.6809424 1.4095038 2.8331696
4.6802166 1.4079161 2.8317082
4.6823714 1.4063619 2.8330128
4.6832765 1.4071011 2.8321822
4.6844065 1.4064732 2.8346332
4.0309 1.8701474 2.4579343
4.0310548 1.8699361 2.4549572
4.0315066 1.8742058 2.4562718
4.0307882 1.8760251 2.4529896
4.0324624 1.8748233 2.4553364
4.0296324 1.8735439 2.4552487
4.0317255 1.8721512 2.4551009
4.0310738 1.8711979 2.4543688
4.0340757 1.8713163 2.4547884
4.0331034 1.8727095 2.4578151
4.0360682 1.8738905 2.4599901
4.0325063 1.8742387 2.4589356
4.0330144 1.872269 2.4576272
2.4079091 1.7013609 3.6918959
2.4061145 1.7001082 3.6895254
2.4046344 1.7005193 3.6914197
2.4034228 1.6975813 3.6881313
2.4043344 1.6985677 3.6927597
2.4077702 1.6997773 3.6934311
2.4039819 1.7074017 3.709196
2.4070049 1.7049395 3.7026922
2.4021423 1.7077348 3.7042346
2.4060314 1.7026859 3.6926774
2.4062098 1.7031541 3.6916584
2.4054846 1.7034462 3.694688
2.403633 1.6999536 3.6924327
2.4016402 1.6996728 3.6935006
2.4037668 1.6990337 3.6918777
2.4039743 1.7004906 3.692072
2.4063332 1.7007092 3.6903319
1.8209153 0.83542746 2.1806445
1.8224266 0.83484487 2.1778428
1.8190636 0.83327924 2.1815551
1.8184476 0.83177757 2.18114
1.8173525 0.82834397 2.1831204
1.818327 0.83187075 2.1831043
1.8191073 0.83127019 2.1808823
1.8196816 0.83192537 2.1800294
1.8185337 0.83118286 2.180059
1.8138308 0.82934021 2.1851735
1.8131121 0.83169518 2.1844313
1.8150625 0.83076389 2.1830875
4.5090642 0.76410472 1.9567543
4.508709 0.76509763 1.9584078
4.5065967 0.76716372 1.9624254
4.5064481 0.76733562 1.9620901
4.5052951 0.76674001 1.9611273
4.5074873 0.76579341 1.9581436
4.5083193 0.76620489 1.9558253
4.5059463 0.76491722 1.9583214
4.5074692 0.76608905 1.9573656
4.5068998 0.76625518 1.9567162
4.5100528 0.76903641 1.9544547
4.8508782 2.0621257 0.40753874
4.8493069 2.0624047 0.40704628
4.8523954 2.0629389 0.40991279
4.8476481 2.0611911 0.40971747
4.8529108 2.06263 0.41340962
4.8509006 2.0600095 0.41001509
4.8527856 2.0619959 0.40979269
4.8504145 2.061965 0.40679588
4.8505398 2.0634313 0.4056812
4.8535671 2.0620432 0.40756018
4.8522456 2.061708 0.4078846
1.8247694 2.375037 4.3154652
1.8250512 2.3738783 4.3141258
1.8278408 2.3743189 4.3163779
1.8298889 2.3732849 4.3196902
1.8298871 2.3725136 4.320551
1.8279404 2.3735597 4.3213157
1.8253364 2.3713727 4.3206695
1.8261846 2.370128 4.3216347
1.8249129 2.3707281 4.3184591
1.8279874 2.3709921 4.3189379
1.8278188 2.3737373 4.3177183
1.8254216 2.3718566 4.3162434
1.8212843 2.3733243 4.3120713
1.8242883 2.3721472 4.315542
1.8272793 2.3716331 4.3190194
1.831143 2.3718649 4.3232327
1.8288503 2.3733864 4.3209481
3.2130836 2.3665919 2.2840742
3.2151984 2.3657113 2.2843321
3.2172217 2.3669439 2.2875208
3.2145602 2.3687497 2.2838361
0 0 0
1.7974446 1.3058594 3.8802685
1.7979672 1.3062093 3.8811636
1.7973492 1.3063919 3.8798537
1.798191 1.3059979 3.8770894
1.7959329 1.3058741 3.8777702
1.795671 1.3049134 3.8757011
1.7953821 1.3060019 3.8766049
1.7940246 1.3065794 3.8741674
1.7952367 1.3047831 3.8737266
1.7935889 1.3032786 3.8751163
1.7948466 1.3024987 3.878216
1.7950556 1.301547 3.8787496
1.7979035 1.3023998 3.8797945
1.7955549 1.3002731 3.8792295
1.9625851 2.2481322 3.7391889
1.9613737 2.249397 3.7400745
1.9700539 2.246707 3.7429589
1.9708303 2.2430191 3.7470869
0.84552352 1.8041882 5.0102696
0.84502974 1.8056014 5.0122077
0.84835757 1.805951 5.0134467
0.84638729 1.8062755 5.0136095
0.84622679 1.8066695 5.0114562
1.1609103 1.3251053 3.012956
1.1624836 1.3257051 3.0106768
1.1587918 1.3251504 3.0089624
4.6854697 1.407115 2.8309034
4.6852038 1.4062026 2.8279202
4.6836877 1.4077507 2.8317112
4.6830462 1.4047805 2.830083
4.6834476 1.4061152 2.8330489
4.6836938 1.4057189 2.8304935
4.6853828 1.4081223 2.8308466
4.6860563 1.4085281 2.8325925
4.686016 1.408341 2.836552
4.683975 1.4082187 2.8357022
4.6812422 1.4076567 2.8361468
4.6810855 1.4091347 2.8335575
4.6819879 1.4103391 2.8332908
4.682908 1.4075322 2.8330402
4.6819481 1.4092151 2.834176
4.6810859 1.4080358 2.8355064
4.0296246 1.8679971 2.4562643
4.0294732 1.8688887 2.4538583
4.0299317 1.8725142 2.4557997
4.031787 1.8740018 2.4534176
4.0311873 1.8754189 2.4552578
4.0316144 1.8748416 2.4540087
4.0311027 1.8745205 2.4563338
4.0304973 1.8732291 2.4583891
4.0336403 1.8749951 2.4584035
4.0328624 1.876261 2.4592903
4.0325254 1.8760905 2.4586041
4.0310355 1.8762272 2.4582535
4.0309271 1.8740283 2.4569221
0 0 0
2.4057755 1.7017709 3.690413
2.4033402 1.701065 3.6929383
2.4046524 1.6980471 3.6895016
2.4046413 1.6973625 3.6909478
2.406003 1.6975515 3.6902943
2.398783 1.7055356 3.7037658
2.3978091 1.7069639 3.703398
2.3965773 1.7058082 3.7026881
2.4034062 1.7018611 3.692563
2.4043589 1.7012872 3.6902838
2.404802 1.7029539 3.6953773
2.4060632 1.6975259 3.6949994
2.4049425 1.6986076 3.6968718
2.406963 1.6979406 3.6926895
2.4043798 1.700551 3.6887621
1.8169347 0.83295187 2.181076
1.8137427 0.83204574 2.1839305
1.8147645 0.83181758 2.1813559
1.8152068 0.82892385 2.1788938
1.820304 0.83019483 2.1781513
1.8192239 0.82698876 2.1815253
1.8227855 0.83111983 2.1819182
1.8183223 0.831536 2.1800204
1.8221583 0.83138799 2.1783219
1.8161609 0.83166621 2.1791503
1.8148463 0.82986566 2.1839422
1.8140794 0.83138052 2.1822874
1.8157467 0.83096066 2.1815993
4.5151137 0.76489499 1.9552026
4.5121226 0.76523725 1.9570069
4.504979 0.76584275 1.9632939
4.5028858 0.76684761 1.9642901
4.5028737 0.76906969 1.9620298
4.5061511 0.76694896 1.9585457
4.5078145 0.76690456 1.9582654
4.5035971 0.76381312 1.9629714
4.5054778 0.76665261 1.960091
4.5040562 0.76496446 1.9612646
4.8495663 2.0649411 0.40886929
4.8524505 2.0610414 0.40763075
4.8519451 2.0621589 0.4091189
4.8529928 2.0630637 0.41014744
4.8506937 2.062262 0.41056895
4.8542569 2.0612998 0.41273043
4.8498255 2.0595286 0.40842667
4.8492717 2.0616273 0.40689924
4.8490655 2.060854 0.40487382
4.8487488 2.0614579 0.40622154
4.8517017 2.0620516 0.40796744
4.8484365 2.0635943 0.40746876
1.826662 2.3721597 4.3156309
1.8270071 2.3752032 4.3160815
1.8302348 2.3753508 4.3166546
1.8298246 2.3739852 4.318882
1.8287315 2.370577 4.318562
1.8259457 2.3712289 4.3199239
1.8245478 2.3707488 4.318822
1.8251724 2.3698537 4.3226756
1.8255873 2.3719366 4.3199531
1.8257843 2.37108 4.320506
1.8233464 2.3738176 4.3140694
1.8234444 2.373897 4.3132369
1.8238059 2.3747354 4.3116824
1.8291259 2.3715721 4.3161773
1.8295422 2.3716308 4.3172184
1.8316495 2.370129 4.3216037
1.8293543 2.3729595 4.3208705
3.2150929 2.3656949 2.2838299
3.2146573 2.3655458 2.2818017
3.2196947 2.366185 2.2873348
3.2158135 2.3685136 2.2837359
3.2181005 2.3686512 2.2878949
0 0 0
1.7952097 1.3045729 3.8769268
1.7970362 1.3038334 3.8772637
1.796726 1.3039421 3.8755819
1.7970941 1.3036653 3.8774661
1.7964448 1.3041809 3.8773237
1.7963712 1.3055726 3.8790712
1.7957079 1.3095777 3.8789174
1.7956751 1.3067114 3.8785152
1.7958539 1.3049436 3.8781972
1.795256 1.3009359 3.8781156
1.7957606 1.3015021 3.8778292
1.9657326 2.2453484 3.7432812
1.9622266 2.2446678 3.7434367
1.9650068 2.2502384 3.7424584
1.9653974 2.24953 3.7434572
1.972714 2.2479029 3.7457374
1.9729721 2.2435374 3.7460291
0 0 0
0.8457924 1.8070202 5.0099294
0.84830121 1.8057453 5.0118706
0.84604782 1.805548 5.0122198
0.84646198 1.8049575 5.0130596
0.84447215 1.8056788 5.0128655
0 0 0
0 0 0
4.6884248 1.4053608 2.8327205
4.7042306 1.3933437 2.8215089
4.7003355 1.3950541 2.8232948
4.6987588 1.3934753 2.8234604
4.6830185 1.4058311 2.8335458
4.6849464 1.4067822 2.8334798
4.6843827 1.4083015 2.833437
4.6844521 1.4093351 2.8341568
4.6818422 1.4064017 2.836573
4.6830694 1.4036771 2.8359249
4.6816797 1.4041378 2.8379089
4.6809686 1.405013 2.833923
4.6805526 1.4079092 2.834151
4.6809125 1.4059712 2.8318868
4.6812669 1.4092145 2.8345202
4.6790706 1.4091829 2.8373811
4.0255415 1.8689687 2.4573046
4.0252289 1.869563 2.4573157
4.0299671 1.8698233 2.4568809
4.0320679 1.8722042 2.4546759
4.0296026 1.8725361 2.4571925
4.0278942 1.8720342 2.4544124
4.0280187 1.8744181 2.455072
4.0293197 1.8747348 2.4560088
4.0303326 1.8767411 2.4559376
4.0295336 1.8757043 2.458622
4.0285911 1.8750574 2.4584667
4.0289944 1.8754593 2.4583468
4.0272772 1.876028 2.4580436
4.0289214 1.87674 2.4571633
2.4045788 1.7011441 3.6921199
2.4026372 1.7015765 3.6908272
2.4039452 1.6984355 3.6908121
2.4028902 1.6988403 3.6913566
2.4041791 1.6988389 3.6924132
2.4023941 1.7009145 3.6908953
2.416141 1.7055359 3.6985761
2.4159249 1.7039961 3.698891
2.4186621 1.7084825 3.6996348
2.406493 1.7019302 3.6908374
2.407447 1.7055047 3.6950642
2.4062036 1.7015727 3.6921395
2.404756 1.7009587 3.6940384
0 0 0
1.8168614 0.83449341 2.1811226
1.8185651 0.83398254 2.1805858
1.8178847 0.83307142 2.1801409
1.8181202 0.83210283 2.1806378
1.8177175 0.82931798 2.1805418
1.8194093 0.83000937 2.1810712
1.8180204 0.82796999 2.1829926
1.8202443 0.83072063 2.1827339
1.8151348 0.83276691 2.1841693
1.8190497 0.83328257 2.1818736
1.815005 0.83192569 2.1838475
1.8131265 0.82990037 2.1864454
1.8127478 0.83178751 2.1848286
1.8148717 0.83231609 2.1814839
4.5079294 0.76596209 1.9611005
4.5073079 0.76412471 1.9617866
4.5033943 0.76465875 1.963606
4.5049916 0.7667549 1.9605351
4.5060334 0.76914056 1.9591428
4.5083715 0.76751956 1.9581719
4.5118694 0.76738527 1.9545293
4.5116588 0.76455383 1.9558289
4.5109261 0.76589032 1.9566611
4.8486485 2.0618326 0.40999043
4.851072 2.0646449 0.40974809
4.8522487 2.0612012 0.40935108
4.8525765 2.062319 0.40990126
4.8512457 2.0612094 0.41040294
4.8465433 2.0614994 0.40810354
4.8492357 2.0624118 0.40831275
4.8474136 2.0614438 0.40524267
4.8506264 2.0610774 0.406962
4.8503843 2.0629296 0.4054402
4.8503207 2.0647066 0.40736695
4.8509873 2.0659202 0.40659995
4.8494335 2.065776 0.40698682
1.8250861 2.3707411 4.3161859
1.8246128 2.3704501 4.3155171
1.8261029 2.3709152 4.3144509
1.8269907 2.3740108 4.3158839
1.824315 2.3723614 4.3122802
1.8223281 2.371507 4.3135129
1.8199047 2.3721812 4.3123044
1.821778 2.3718726 4.3175711
1.8250617 2.3725026 4.3188984
1.8242467 2.3703513 4.3188949
1.8255501 2.3728946 4.316034
1.8295536 2.3729231 4.3185428
1.8264634 2.3751611 4.3127333
1.8286169 2.3732374 4.3158746
1.8272989 2.3735361 4.3150096
1.8309952 2.3717462 4.3201558
1.8279975 2.3733951 4.3180116
3.2185939 2.3651776 2.2859083
3.2195817 2.3655969 2.2844183
3.2200346 2.3648846 2.2880072
3.218283 2.3670989 2.2849044
3.2198776 2.3658237 2.2884778
3.2194423 2.3670467 2.2875857
3.2188024 2.364092 2.2867563
1.7981125 1.3053998 3.8767479
1.7965295 1.3032912 3.877413
1.7961017 1.3007102 3.8797658
1.7934151 1.3022768 3.8814465
1.7934593 1.3036313 3.8833394
1.7948741 1.3072127 3.8807181
1.7932487 1.3045904 3.8791511
1.7948801 1.3057654 3.8760203
1.7942634 1.3025647 3.8782937
1.9659427 2.240872 3.74183
1.9653443 2.2439942 3.7424828
1.9646002 2.2420056 3.743068
1.9654212 2.2477476 3.7437809
1.9656409 2.2472303 3.7434359
1.9689879 2.2492508 3.7443434
1.968456 2.2494651 3.7433011
0.8449774 1.805169 5.0104893
0.84414772 1.8059728 5.0107496
0.84546742 1.8054731 5.0141292
0.84474725 1.8065128 5.0133357
0.84548868 1.8063492 5.014807
0.84395422 1.8080777 5.0122394
0.84519686 1.8081784 5.0138792
4.6867628 1.4032388 2.8335917
4.6859057 1.4047512 2.8316987
4.7032742 1.394198 2.8227571
4.6926942 1.4001681 2.8281717
4.702372 1.3952101 2.8233417
4.6837833 1.4058244 2.8317146
4.6851353 1.4079104 2.8318327
4.6834274 1.4053681 2.8312985
4.6841289 1.4066729 2.8330012
4.6827696 1.4050818 2.834254
4.6835423 1.4045876 2.8359364
4.6821303 1.4076021 2.8366725
4.6816232 1.4069321 2.8352892
4.6833263 1.4102081 2.8333003
4.6834052 1.4076993 2.8329402
4.6831293 1.4096599 2.8337089
4.0303589 1.8740684 2.4566543
4.0299186 1.8691372 2.4566615
4.0276245 1.869354 2.456378
4.0309039 1.8674229 2.4557021
4.0316942 1.8729339 2.4531681
4.0328793 1.8731798 2.4549575
4.0307161 1.8754273 2.4535679
4.0286581 1.8758715 2.4545643
4.0293198 1.8749728 2.4549302
4.0284889 1.8779693 2.4554478
4.0285232 1.874729 2.4563363
4.0268236 1.8755477 2.4533885
4.0284269 1.8712694 2.4534827
4.0276544 1.8712014 2.4554608
4.0301814 1.8711456 2.4565779
0 0 0
2.4028473 1.6985801 3.6917296
2.4027957 1.6962817 3.6945523
2.4004865 1.6969605 3.6915539
2.3997929 1.6975469 3.6902192
2.3984255 1.6980701 3.6885261
2.412523 1.7034547 3.6970764
2.4077161 1.6983812 3.6957643
2.4180145 1.7052137 3.7004007
2.4055453 1.6994528 3.6902873
2.4065067 1.7028903 3.6925411
2.4059703 1.6982482 3.6914573
1.8200624 0.83391208 2.1774315
1.8173336 0.83362647 2.1789512
1.8172491 0.83508673 2.177761
1.8166681 0.8331108 2.1823026
1.8153484 0.83117035 2.1823685
1.8171158 0.82879053 2.1834464
1.8159049 0.8270575 2.1829808
1.8197458 0.82912555 2.1806286
1.8167128 0.83169065 2.1845708
1.8159665 0.83493828 2.1858475
1.8142678 0.83540236 2.1864016
1.8168157 0.83448299 2.1829
1.8168463 0.83309697 2.1837263
1.8175564 0.83073652 2.1808071
1.8172511 0.82960497 2.1794728
1.8176241 0.82973039 2.1753799
4.5087763 0.76970709 1.9608939
4.5089729 0.76792941 1.9588268
4.5030871 0.76737331 1.9632461
4.5037423 0.76539886 1.9607649
4.504077 0.76697136 1.9600757
4.5073385 0.76730413 1.9575734
4.5065621 0.76600154 1.9597213
4.505432 0.76554129 1.9614056
4.8498202 2.0647644 0.40968753
4.8485139 2.0619418 0.41050175
4.8492714 2.0627736 0.40908406
4.8515515 2.0605179 0.41006192
4.8497332 2.0615573 0.40937469
4.8512266 2.0647714 0.41093846
4.8468725 2.0635083 0.40832026
4.8487824 2.0635228 0.4088573
4.8451655 2.0620881 0.40608301
4.8455472 2.0629119 0.40602014
4.8464066 2.0630025 0.40600519
4.8498275 2.0630289 0.40714827
4.8502433 2.0658011 0.40446826
4.850671 2.0664653 0.40542844
1.8283855 2.370797 4.3223054
1.8280847 2.371731 4.3204033
1.8273352 2.3733405 4.3171284
1.828738 2.3750069 4.3169489
1.8233425 2.371334 4.3115294
1.8219993 2.3706985 4.31319
1.8201303 2.3692249 4.3125523
1.8238334 2.3724491 4.3154149
1.8277618 2.3732749 4.3175492
1.8282272 2.3713607 4.3184646
1.8280139 2.3734054 4.3176345
1.8288789 2.3724665 4.3198406
1.828657 2.3737109 4.319118
1.8323735 2.3714427 4.3229771
1.828972 2.3723008 4.3173611
1.8311511 2.3718689 4.3196513
1.8294357 2.3731014 4.3182269
0 0 0
3.2175448 2.3668592 2.2851146
3.2147451 2.3668728 2.2852404
3.218692 2.3664327 2.2874788
3.2153985 2.3636632 2.2865224
3.220509 2.3665437 2.288428
3.2184121 2.3668855 2.2862682
3.2183638 2.3675615 2.2878438
1.7948359 1.302858 3.8751061
1.793885 1.302357 3.8786529
1.7927456 1.3035822 3.8817244
1.7920981 1.3032617 3.8849852
1.7946746 1.3062814 3.8823355
1.7944719 1.3052233 3.8823204
1.9658471 2.2440708 3.7421483
1.9663365 2.2467515 3.7413142
1.9679924 2.2419286 3.7420179
1.9648656 2.2468065 3.743808
1.9659697 2.2428817 3.7447117
1.9665204 2.2451386 3.7465777
1.9680266 2.2434029 3.7449137
1.9681009 2.2455935 3.7433005
1.9669349 2.2455411 3.7396119
0.84600408 1.8061472 5.0085708
0.84685456 1.8058707 5.0084157
0.84662013 1.804042 5.0088514
0.84717525 1.805417 5.0119094
0.84674829 1.8051361 5.0147362
0.84290727 1.8077259 5.0125773
0.84416817 1.8065314 5.0131123
0.84575915 1.8094912 5.0111755
4.684029 1.4048319 2.8343299
4.7050712 1.3958068 2.8248849
4.7038438 1.3961138 2.8237324
4.7038523 1.3985773 2.8243099
4.6850459 1.4077217 2.8334076
4.685644 1.4090484 2.834484
4.6841606 1.4068031 2.834772
4.6821912 1.4064713 2.83199
4.6819303 1.4052912 2.8319769
4.6821494 1.4050083 2.8335996
4.6823206 1.4057191 2.8342897
4.6811263 1.4041188 2.8367509
4.6804081 1.4074962 2.8355226
4.6810901 1.4075681 2.8363554
4.6821701 1.4107247 2.8338973
4.0306781 1.8744354 2.4547592
4.0301288 1.8713634 2.4566987
4.0298164 1.8705406 2.4572554
4.0335515 1.8663786 2.4573142
4.032905 1.8709218 2.4559508
4.0292359 1.8705722 2.4551695
4.0272023 1.8730986 2.4550949
4.0256876 1.8736955 2.4527379
4.0271481 1.874046 2.4527346
4.0251746 1.8800709 2.4517231
4.0261544 1.8753844 2.4553141
4.0274487 1.8753675 2.4548137
4.0294362 1.8704717 2.4547085
4.027925 1.8726833 2.4542293
4.0291906 1.8728827 2.4564067
4.0295132 1.8728723 2.457673
2.4047762 1.697224 3.693192
2.4037011 1.6952601 3.6976653
2.4000716 1.6967906 3.6927695
2.3982347 1.6996619 3.6923693
2.4001966 1.6977352 3.6896636
2.4167974 1.705266 3.6987467
2.4185935 1.7016926 3.7003537
2.4194281 1.7057322 3.701093
2.405923 1.6988283 3.6907124
2.4073617 1.701087 3.6914739
0 0 0
1.8246538 0.83516338 2.1746459
1.816219 0.83361508 2.1808071
1.8189883 0.83704453 2.1770443
1.8186751 0.83671478 2.1797694
1.820886 0.835847 2.1784359
1.8244565 0.83291309 2.179429
1.8181383 0.832126 2.1832755
1.8192323 0.83353978 2.1819052
1.8164032 0.83370353 2.1818685
1.8177487 0.83434673 2.1802519
1.8170531 0.83526282 2.1816366
1.8174035 0.83642039 2.1822578
1.8176724 0.83443517 2.1821585
1.8177085 0.8343374 2.1813173
1.8168329 0.83197951 2.1812309
1.8179673 0.83178542 2.1768652
4.5059583 0.76974719 1.9601501
4.5068629 0.76721798 1.9599242
4.5048054 0.76682509 1.9633256
4.5082914 0.7646805 1.9569813
4.5068269 0.76598164 1.96131
4.5092032 0.76657354 1.9582445
4.5108653 0.76691649 1.9573373
4.8474866 2.0609293 0.40752634
4.8473004 2.0618336 0.40714679
4.8482752 2.0607836 0.4084376
4.8490047 2.0607122 0.4078425
4.8530065 2.0598815 0.40863887
4.8509824 2.061656 0.40697721
4.851542 2.0647526 0.40920479
4.847438 2.0632832 0.40914175
4.8471483 2.0648426 0.40923591
4.8491803 2.0618382 0.40913323
4.8495509 2.0630314 0.4086771
4.8508247 2.0647427 0.40823435
4.8514775 2.0652892 0.40676946
4.8515838 2.0651425 0.40462887
4.8530843 2.0621413 0.4062459
1.8309027 2.3746457 4.3231456
1.82802 2.3716029 4.3192839
1.8244545 2.3718322 4.314872
1.8268566 2.3753958 4.3145645
1.8258818 2.3721386 4.3134032
1.8262498 2.372327 4.3138951
1.8229364 2.3701131 4.3117719
1.826469 2.3749904 4.3151846
1.8263245 2.3741094 4.3161744
1.8279508 2.3718245 4.3179036
1.8287581 2.3714627 4.3191653
1.8323003 2.3701728 4.322647
1.8310136 2.373348 4.3209619
1.8288924 2.3721565 4.3201887
1.828347 2.3728945 4.3182755
1.8285827 2.3718305 4.3185694
1.8316426 2.3732814 4.3197586
3.2171895 2.3662715 2.2859084
3.2188843 2.3668671 2.2877889
3.2118626 2.3655378 2.2808556
3.2162209 2.365117 2.284708
3.2138582 2.3650763 2.2815675
3.2187082 2.3650807 2.2850487
3.2145487 2.3651752 2.2832106
3.2160779 2.3659488 2.2823498
3.2160063 2.3666508 2.283212
1.7939612 1.3032907 3.8789786
1.7924636 1.3031792 3.880291
1.7919556 1.3041767 3.8824638
1.7941438 1.304944 3.8802037
1.9635556 2.2446714 3.7441356
1.9666254 2.2447403 3.7423915
1.9669316 2.2455321 3.7430349
1.9678973 2.2440048 3.7443415
1.9664353 2.2467227 3.746306
1.9658641 2.2431562 3.7444911
1.965488 2.2442391 3.7435797
1.9654656 2.2408627 3.742047
1.9633819 2.2447123 3.7403269
0.84787236 1.806193 5.0107131
0.84507028 1.8040456 5.0087572
0.84723214 1.8034126 5.010874
0.84639808 1.8038698 5.0092669
0.84608695 1.8074585 5.0135282
0.84441272 1.8077027 5.0138392
0.83991951 1.8103068 5.0140098
0.84100632 1.8074848 5.0131847
0.84314085 1.8093011 5.0129643
0.84530667 1.8066164 5.0135256
0 0 0
4.6863065 1.4073693 2.8349417
4.6866329 1.4087616 2.8352622
4.6848542 1.408543 2.8351791
4.6827943 1.4076664 2.8327538
4.6833172 1.405763 2.8335207
4.6810489 1.4052158 2.8316278
4.6819233 1.4072645 2.8326297
4.6804165 1.4103045 2.8325002
4.6832537 1.4083797 2.8323547
4.6831474 1.4075549 2.8348521
4.6827192 1.4074728 2.8345558
4.681271 1.4079636 2.8356685
4.6815549 1.4099916 2.8336431
4.0344204 1.874493 2.4572168
4.0339419 1.871672 2.4593195
4.0340917 1.8713013 2.4585797
4.0343324 1.8698336 2.4586369
4.0354238 1.8735181 2.4558193
4.0298241 1.8710681 2.453863
4.0293237 1.8705283 2.4550548
4.0265778 1.8717808 2.4500827
4.0278936 1.8730894 2.4523023
4.0261926 1.8772671 2.4488297
4.0275601 1.8712819 2.4526147
4.0269331 1.8725893 2.4531963
4.0288153 1.8679308 2.4563397
4.0279433 1.866911 2.4575241
4.0290325 1.8675377 2.4576094
4.0297194 1.8709842 2.4568273
4.9366905 2.7205646 5.101083
4.9344247 2.7207579 5.1001731
0 0 0
0 0 0
4.9430474 2.7200934 5.1046851
4.9379984 2.7212587 5.1037325
4.9385263 2.7176638 5.1018165
4.9307938 2.7179983 5.0995966
4.933813 2.7162011 5.0992595
4.931915 2.7166795 5.1011086
1.8220349 0.83475348 2.1760943
1.8237428 0.83470371 2.1727706
1.8165183 0.83397862 2.1774904
1.8202422 0.83674402 2.1758844
1.8178816 0.83714943 2.1808257
1.820623 0.83592226 2.1798458
1.82043 0.83406009 2.1815233
1.815625 0.83086361 2.1836421
1.8169191 0.83374174 2.1828602
1.8154153 0.83345116 2.1825147
1.8173174 0.83520344 2.1822877
1.8189698 0.83536672 2.1781443
1.8207407 0.83641229 2.1777288
1.8190157 0.83492511 2.1792222
1.8208333 0.83499751 2.1795664
1.8215513 0.83221382 2.1770757
1.8235615 0.83325047 2.1725373
4.508085 0.77163849 1.958512
4.5067898 0.77212626 1.9580228
4.5043835 0.77112852 1.9630183
4.5051179 0.76701804 1.9580874
4.5065018 0.76652386 1.959951
4.5069308 0.76591774 1.9567221
4.8483156 2.0628869 0.40551734
4.8456878 2.0630076 0.40387004
4.8478376 2.0637338 0.4058811
4.8491002 2.0621013 0.40657263
4.8475314 2.0620578 0.40701794
4.8490856 2.0626123 0.40771689
4.8479435 2.0648576 0.4063865
4.8480741 2.0659262 0.40701559
4.8479727 2.0650011 0.40915522
4.8455818 2.0650367 0.40856348
4.8488281 2.0609998 0.40989148
4.8474858 2.0641782 0.4085305
4.850273 2.0621621 0.40953413
4.8529315 2.0628638 0.40943397
4.8540196 2.0634907 0.40837163
4.8536943 2.0628745 0.4076855
1.8292876 2.3730542 4.323727
1.8266317 2.3720596 4.318919
1.8260907 2.3723386 4.3168922
1.8252999 2.3731415 4.3168342
1.8247575 2.3702916 4.3162374
1.827221 2.3708197 4.3184368
1.8251918 2.3692555 4.3168413
1.8279535 2.3735683 4.3163514
1.8271353 2.3734544 4.3164999
1.8291033 2.3729012 4.3175683
1.8269953 2.3711732 4.3174037
1.8269666 2.3684745 4.3183406
1.8274326 2.370561 4.3179968
1.8284778 2.3709163 4.3214655
1.8299673 2.372904 4.3200967
1.8271579 2.3709976 4.3177234
1.8314688 2.3738261 4.3202865
1.8287195 2.3742505 4.3194758
3.2178364 2.3640205 2.2860493
3.2132967 2.3649142 2.2819042
3.2171634 2.3647863 2.2877908
3.2139561 2.3645715 2.2829698
3.2168318 2.3639827 2.2839804
3.2147878 2.3643606 2.2845505
3.2150302 2.3659873 2.2829905
3.2145892 2.3658082 2.2857521
3.2164581 2.3657332 2.2853354
1.7936075 1.3044898 3.8789178
1.7928515 1.304347 3.8796009
1.9619991 2.2413908 3.7454043
1.9623467 2.2418185 3.7442938
1.964956 2.2416001 3.7422751
1.967335 2.2422008 3.7454931
1.9673144 2.2438142 3.744032
1.9670898 2.2444644 3.7465187
1.9676732 2.2428858 3.7471233
1.9701302 2.2432327 3.7472277
1.9678752 2.2400421 3.745502
0 0 0
0.84681884 1.8066023 5.0132453
0.84503586 1.8062234 5.0112668
0.84388267 1.8057634 5.0090679
0.84515573 1.8043248 5.0082124
0.84544424 1.8078246 5.0093251
0.84501665 1.8071502 5.0110081
0.84186086 1.8087589 5.0118742
0.842728 1.8068188 5.0125907
0.8452964 1.8085968 5.0121599
0.84671944 1.8081287 5.0125434
0.84795399 1.8075112 5.0127454
4.684548 1.4071242 2.8345007
4.684453 1.4067259 2.8321353
4.6835578 1.4071296 2.8345248
4.6819248 1.4059777 2.8330119
4.6840446 1.4060272 2.832519
4.6822427 1.4039166 2.8327798
4.6823998 1.4046896 2.8336629
4.6794835 1.4087777 2.8338764
4.6808096 1.4073008 2.8332181
4.6805381 1.4066589 2.8332516
4.6830968 1.4069838 2.8356459
4.6797706 1.409286 2.8371707
4.6791148 1.4100371 2.8368653
4.0324187 1.8738138 2.4559823
4.0330788 1.8726699 2.4587958
4.0326859 1.8732614 2.4571437
4.0326411 1.8694897 2.4595623
4.0327985 1.8706228 2.4551005
4.029304 1.8681121 2.4533218
4.0293987 1.8700816 2.4553558
4.0278077 1.8715147 2.4525903
4.0288272 1.8720072 2.4530655
4.0286091 1.8723252 2.4485583
4.0298237 1.8694274 2.4544458
4.0305537 1.8709794 2.4566828
4.0334534 1.8713158 2.4590311
4.0341809 1.8713643 2.457602
4.0324657 1.8712324 2.4578084
4.0314245 1.8707307 2.4560974
4.9405129 2.7206323 5.106727
4.935416 2.7202235 5.1040977
4.9463416 2.7216102 5.1094358
4.9378289 2.722744 5.1025534
4.9461943 2.7194271 5.1074276
4.9378284 2.7202955 5.105253
4.9409595 2.7186517 5.1043223
4.9309518 2.7200155 5.0988679
4.9319091 2.7191492 5.0975262
4.9340099 2.7203148 5.1015234
0 0 0
1.8204542 0.83639634 2.1760515
1.8167456 0.83429848 2.1773677
1.8198399 0.83555763 2.1781021
1.8187043 0.83495764 2.1790468
1.8215879 0.83479789 2.1782261
1.8193238 0.83667001 2.1803403
1.8198565 0.83535337 2.1818569
1.8177593 0.83688103 2.1837326
1.8184863 0.83356847 2.1820339
1.8192718 0.83508898 2.1806516
1.822088 0.83481583 2.1772764
1.8219715 0.83505058 2.177221
1.8183522 0.83360921 2.1801775
1.8176592 0.83373198 2.1820031
1.8162407 0.83256305 2.1822417
1.8203838 0.83429469 2.1773547
4.507875 0.77047766 1.957123
4.5035323 0.7690437 1.9599497
4.503963 0.76977414 1.9637893
4.5047046 0.76825104 1.9586324
4.5091354 0.76918295 1.9598858
4.8493582 2.0602672 0.40751716
4.8485012 2.06221 0.40743092
4.8458062 2.0614809 0.40475984
4.8458251 2.063321 0.4057842
4.8484259 2.0622881 0.40728502
4.8501643 2.062966 0.40845593
4.85023 2.0621017 0.40727209
4.8495554 2.0622662 0.40617918
4.8478344 2.0627241 0.40586584
4.8486336 2.0630613 0.40888923
4.8482333 2.0635962 0.41082189
4.8521701 2.0618888 0.41359735
4.8544902 2.0633871 0.41621526
4.8551644 2.0620548 0.4129884
4.8547361 2.0630982 0.41226459
4.8542755 2.0607877 0.41057398
4.8539188 2.0601657 0.4111196
1.8269245 2.3744691 4.3174602
1.8239859 2.3712186 4.316245
1.8245123 2.3714005 4.3174931
1.8264289 2.3710362 4.3197703
1.8289018 2.3713454 4.3196791
1.8295706 2.371176 4.3196217
1.828401 2.3703186 4.3189842
1.8267271 2.375325 4.3162754
1.8259919 2.3726346 4.3186833
1.8255303 2.3727807 4.3167261
1.826736 2.3696719 4.3176877
1.8243508 2.3702034 4.3157464
1.8261089 2.3718603 4.3145032
1.8263391 2.3732181 4.3181003
1.8270757 2.3733656 4.3172384
1.8259371 2.3709396 4.3181535
1.8302327 2.3735906 4.3182533
1.8308925 2.3727808 4.3182596
3.2224933 2.363396 2.2868106
3.2189395 2.3645329 2.2835904
3.2207516 2.3644724 2.2877884
3.2139865 2.3670063 2.2820419
3.2145322 2.3655767 2.2811955
3.2102773 2.3622428 2.2798425
3.2127655 2.3636172 2.2807966
3.2164808 2.3649248 2.2864434
3.2178115 2.3655108 2.2874473
3.2181914 2.3624916 2.2914586
1.9626648 2.2459642 3.7472087
1.9625203 2.2419026 3.7437954
1.9636376 2.2418953 3.7440282
1.9632253 2.2417866 3.7409673
1.9615925 2.2444749 3.7428639
1.9609446 2.2461635 3.7434196
1.964021 2.2456758 3.7445238
1.9638698 2.2452669 3.7429489
1.967932 2.2435043 3.7435684
1.9656435 2.2431783 3.7453773
0.8439651 1.8046248 5.0108882
0.84256805 1.8062625 5.0087706
0.8428083 1.805614 5.011999
0.84165915 1.8061928 5.0110546
0.84256016 1.8048265 5.0128876
0.84161898 1.80576 5.0099033
0.84216306 1.805444 5.0117369
0.84203813 1.8058589 5.0100479
0.84323384 1.8069548 5.0129874
0.84497931 1.8064931 5.0138449
0.84715817 1.8070738 5.0145451
0.84742312 1.8053764 5.0133095
0.84812023 1.805056 5.0130608
4.6841183 1.4041963 2.8320092
4.6829663 1.4056975 2.8341859
4.6815116 1.4055525 2.8318934
4.681524 1.405187 2.8314417
4.6809196 1.4059275 2.8328401
4.6804419 1.4094026 2.8340266
4.6790611 1.4118683 2.8343448
4.6822938 1.4087905 2.8345491
4.682396 1.4060767 2.8299742
4.6834352 1.4036196 2.8326834
4.67781 1.4049024 2.8340398
4.6793031 1.4056998 2.8369597
4.0320993 1.8773592 2.4547884
4.0340578 1.8732386 2.4592434
4.0307204 1.8733395 2.4584666
4.0314549 1.868682 2.4581985
4.0299699 1.869034 2.4547441
4.0299686 1.8667074 2.4536986
4.0312952 1.8696462 2.4547346
4.0306768 1.8717243 2.4535846
4.0326226 1.8715692 2.4542532
4.0323927 1.869961 2.4525997
4.0333026 1.8684422 2.4550524
4.0323381 1.8699604 2.4545157
4.0341058 1.8701479 2.4610203
4.0343182 1.8683462 2.4590708
4.0333885 1.8688647 2.4600727
4.9427777 2.7212738 5.1070687
4.9456633 2.7224888 5.1105578
4.9400107 2.7205585 5.1063088
4.9450596 2.7228855 5.1091765
4.9405843 2.7216786 5.1064263
4.9484812 2.7198917 5.1113241
4.9415809 2.7186292 5.1054003
4.9403781 2.7186331 5.1015678
4.9328364 2.7181529 5.095428
4.9348856 2.7201795 5.0989746
4.9355384 2.7221987 5.1009597
4.938918 2.7237364 5.1060821
1.8139663 0.8350893 2.1788957
1.814746 0.8352024 2.1786227
1.8171262 0.83341252 2.1813804
1.8177885 0.83187529 2.1819621
1.8190527 0.831734 2.1797162
1.8146364 0.8344865 2.1829007
1.8144699 0.83293775 2.1842612
1.8132539 0.83545205 2.1878914
1.8150849 0.83338221 2.1869698
1.816075 0.83455131 2.18394
1.8189862 0.83353304 2.1806396
1.8194902 0.83283617 2.180235
1.8177033 0.83089456 2.1810012
1.8174206 0.83058365 2.1822312
1.8169016 0.83196943 2.1811334
1.820557 0.83438834 2.1778179
4.5078907 0.76877172 1.9594644
4.5019693 0.76999448 1.9629201
4.5011333 0.77188277 1.9650646
4.5004302 0.76989057 1.9616981
4.8539254 2.06435 0.41040215
4.8514931 2.0638487 0.4086365
4.8468631 2.0629801 0.40835534
4.8464638 2.0616765 0.40750668
4.846097 2.0644865 0.40826255
4.8496111 2.0644729 0.40894483
4.8498595 2.0642516 0.41115133
4.8503735 2.0629737 0.41117405
4.8497301 2.0642271 0.41027877
4.8467495 2.0648538 0.40792456
4.8447015 2.063801 0.40766427
4.8463347 2.0624109 0.41020022
4.8492482 2.0614255 0.41073889
4.8503281 2.0625256 0.41358238
4.8497843 2.0625731 0.41159156
4.8508516 2.0629708 0.41329967
4.8524243 2.0627885 0.41241597
4.8523694 2.063202 0.41179559
1.8241407 2.37223 4.3176437
1.8248579 2.3706702 4.3180897
1.8270962 2.3721504 4.3210401
1.8262146 2.3715862 4.3197462
1.82898 2.3727547 4.3207218
1.8288795 2.3743754 4.3202114
1.8294433 2.3709676 4.3207525
1.828254 2.3738472 4.3185302
1.8297816 2.3710493 4.3205728
1.8272271 2.3744328 4.3182279
1.8271325 2.3714709 4.3204483
1.8213214 2.3709457 4.3154864
1.8239844 2.3699442 4.3153644
1.8260949 2.3728804 4.316825
1.8296829 2.3747591 4.3168377
1.8267988 2.3751261 4.3147089
1.8264067 2.3750536 4.3130625
1.8253105 2.3743052 4.3146813
3.2189291 2.3622121 2.2833355
3.2176466 2.3631242 2.2838511
3.2204383 2.3641052 2.2883106
3.2168326 2.3635735 2.2879005
3.2182659 2.3612145 2.2888069
3.2159143 2.3604294 2.2897506
3.2146206 2.3633517 2.2862702
3.2137053 2.3645962 2.2872588
3.2132189 2.3653432 2.2856508
3.2171676 2.362372 2.2915079
1.9660057 2.2460779 3.7495311
1.9656384 2.2441293 3.7456454
1.9642975 2.2436558 3.7437094
1.9623138 2.2433744 3.739521
1.9608138 2.2454423 3.7408947
1.9598361 2.2456593 3.7406681
1.9627341 2.2422194 3.7410646
1.96312 2.2417469 3.7434086
1.9685938 2.2402948 3.7458505
1.9652881 2.242742 3.7453398
0.8464513 1.8062425 5.0140096
0.84467421 1.8068091 5.0122785
0.84397524 1.8072677 5.0146531
0.84130607 1.8068189 5.0100506
0.84210439 1.8046213 5.0123663
0.84296166 1.8036311 5.0086259
0.84457134 1.8048968 5.0109473
0.84624211 1.8038872 5.009569
0.84847924 1.8061816 5.0121035
0.8488369 1.8046224 5.0129451
0.84985247 1.8060263 5.0137272
0.84985872 1.8049827 5.013896
0.85020533 1.8068722 5.0140305
0.84883594 1.806411 5.0152122
4.6833995 1.4055803 2.8310315
4.6833032 1.4059135 2.8316154
4.6831116 1.4056213 2.8310351
4.6829919 1.4056585 2.8312864
4.6822132 1.4086785 2.8344232
4.6791011 1.4114579 2.8338762
4.6805089 1.4117002 2.8360657
4.6793952 1.4098643 2.8299638
4.6823215 1.4056785 2.8345473
4.6779364 1.4046639 2.8333841
4.6796112 1.4019173 2.8385758
4.0304034 1.8785579 2.456224
4.0319572 1.8749824 2.4563843
4.0292974 1.8729494 2.4575742
4.0283269 1.8674763 2.4576372
4.028273 1.8680523 2.4566609
4.0308512 1.8679833 2.4550004
4.0331193 1.8723286 2.457029
4.0317365 1.8751558 2.4567506
4.0331756 1.8723164 2.4545347
4.0323305 1.8702511 2.4522294
4.0339822 1.8710896 2.4557079
4.0313585 1.8722774 2.4567504
4.0345807 1.8734251 2.4599234
4.0361133 1.8703686 2.4565286
4.9440694 2.722783 5.1089044
4.9504 2.7222567 5.1157529
4.9453534 2.7201565 5.1145111
4.9486757 2.7158185 5.1168659
4.9457991 2.7191388 5.1119768
4.9470007 2.7195589 5.1093665
4.946685 2.7211748 5.1107478
4.9486719 2.7194581 5.1108839
4.9467437 2.7203178 5.1114215
4.9369039 2.7174903 5.1010024
4.9393297 2.7182237 5.1057632
4.9391703 2.7192591 5.1040749
4.9427447 2.7222709 5.1062695
4.9391212 2.723791 5.1019065
1.8134071 0.83511652 2.1823434
1.8146572 0.83092702 2.1824681
1.8166409 0.82948516 2.1827372
1.8178723 0.8293109 2.1800653
1.8172936 0.83189775 2.1817683
1.8172859 0.83316841 2.1833644
1.8173489 0.83327446 2.1851587
1.8133867 0.83326039 2.1850299
1.813558 0.83464079 2.184719
1.8149581 0.83342536 2.1845911
1.8174227 0.83177854 2.1852245
1.817226 0.82988279 2.1826043
1.8152908 0.82959452 2.1843285
1.8118134 0.83111965 2.1830524
1.8099798 0.83148291 2.1852755
4.5032506 0.76568022 1.9633239
4.4999506 0.76789618 1.9658718
4.5017546 0.76832292 1.964608
4.8541292 2.0631191 0.40722347
4.8530031 2.0620471 0.40928414
4.8510368 2.062559 0.40946009
4.8480139 2.0608576 0.41040987
4.8501722 2.0606203 0.41075254
4.8472625 2.0611281 0.41111958
4.8495026 2.0613934 0.41067848
4.8478407 2.059449 0.41247462
4.8459992 2.0587072 0.40914691
4.8474155 2.0603114 0.4085433
4.8469008 2.0639115 0.40673976
4.8501108 2.065731 0.40873981
4.8504025 2.0637008 0.41204577
4.8508896 2.0611809 0.41289986
4.8509341 2.0578091 0.41657462
4.8499179 2.061144 0.41317598
4.8511509 2.0625353 0.41426178
4.8532198 2.064193 0.41505529
4.8551041 2.0625723 0.41717143
4.8545903 2.0608495 0.41503411
1.8229276 2.3725345 4.3151163
1.8253654 2.3714116 4.3189566
1.8248088 2.3723782 4.3180575
1.8299312 2.372157 4.3215503
1.8304505 2.3765638 4.3210493
1.8294591 2.3731247 4.3191372
1.8272297 2.3742492 4.3168193
1.8273687 2.3703451 4.3171746
1.8281556 2.3732092 4.3210321
1.8284596 2.3726248 4.3229818
1.8227313 2.3728181 4.3196465
1.8250133 2.3723192 4.3198272
1.8264307 2.3740803 4.3194362
1.8288827 2.3743347 4.3198876
1.8258937 2.3742527 4.3160613
1.8266772 2.3727004 4.3125286
1.8249175 2.3718682 4.3122291
1.827576 2.3718248 4.3133688
3.218702 2.3642675 2.2873605
3.2173455 2.3626736 2.2872514
3.2148065 2.3624254 2.2872798
3.2157269 2.3623735 2.2865117
3.2144561 2.3618715 2.2868359
3.2134546 2.3642909 2.2830996
3.2137649 2.3654138 2.285651
3.2117818 2.3645288 2.2832887
3.2143194 2.3617924 2.2889166
1.967042 2.2472996 3.7465609
1.9683666 2.2451232 3.7450895
1.9676257 2.2421312 3.7433616
1.9650902 2.244249 3.7435677
1.9618752 2.2457996 3.7445139
1.9583973 2.2466164 3.7441832
1.9596911 2.2422611 3.7429358
1.9587935 2.2429121 3.7423421
1.963481 2.2413479 3.7441763
0.84371127 1.8083149 5.0124825
0.84523903 1.8081631 5.0118852
0.84426864 1.8079638 5.0081916
0.84559669 1.8072185 5.0106494
0.84420189 1.8055093 5.0080247
0.84221135 1.8053418 5.0131253
0.84237355 1.8035624 5.0117205
0.84328353 1.8046074 5.0119511
0.84493989 1.8030355 5.0094796
0.845601 1.8068942 5.0099366
0.84698238 1.8036503 5.0144175
0.84946068 1.8068951 5.0144365
0.85104269 1.8067099 5.016297
0.84976971 1.8083075 5.0151671
0.84808963 1.8076393 5.0169907
0.84562311 1.8072274 5.016124
4.6829786 1.4060649 2.832863
4.6826321 1.4055176 2.8324577
4.6817101 1.406736 2.8312019
4.6837759 1.4104802 2.8312207
4.6813657 1.4122596 2.8310469
4.6838992 1.4124281 2.8347643
4.6807292 1.4096269 2.8302867
4.6854424 1.4053862 2.8336191
4.6817407 1.4056596 2.8303968
4.6831128 1.4039668 2.83369
4.0317432 1.8771982 2.4581238
4.0316101 1.8746947 2.4568904
4.0300238 1.8722929 2.4568199
4.0284312 1.8678542 2.4569137
4.0298552 1.8683325 2.458379
4.0295387 1.8688963 2.4554886
4.0302504 1.8706319 2.4567785
4.0319289 1.8729367 2.4556251
4.0326803 1.870076 2.4572262
4.0338621 1.8719471 2.4576247
4.0333244 1.8728544 2.4592739
4.0309117 1.8716602 2.4582161
4.0323948 1.8720664 2.4595687
4.9453098 2.7219084 5.1098688
4.9432894 2.7222718 5.1094288
4.9495195 2.7229645 5.1139075
4.9441106 2.7195945 5.1102564
4.9467408 2.7159979 5.1125634
4.9404733 2.7182276 5.1074604
4.9463635 2.7187062 5.111541
4.9473476 2.720992 5.1137814
4.9490511 2.719423 5.1109648
4.9455285 2.7202423 5.1117686
4.9398447 2.7176308 5.1052992
4.9448437 2.717463 5.1125926
4.9416568 2.7175037 5.1070234
4.9428904 2.7200474 5.1065118
4.9385177 2.7220037 5.1009433
4.9376165 2.7210501 5.0996256
1.8153318 0.83195812 2.1823746
1.8158409 0.83104975 2.1832029
1.815816 0.83139373 2.1796204
1.8155636 0.83282334 2.180419
1.8142974 0.8324566 2.182035
1.8177587 0.83179676 2.1819598
1.8144965 0.8316975 2.1822095
1.8168281 0.83277796 2.1837068
1.8185497 0.83204648 2.1807489
1.8212482 0.83169197 2.1834748
1.8211043 0.83189425 2.1784812
1.8177205 0.82969336 2.1841905
1.8134947 0.83074364 2.1840781
1.8133115 0.83092942 2.1859628
4.500949 0.76455805 1.9670338
4.8497254 2.0674777 0.40939715
4.8517209 2.0649095 0.40916377
4.8534015 2.0647343 0.40788123
4.8521061 2.0644742 0.40794037
4.8496706 2.0647051 0.40913955
4.8471833 2.0622891 0.41008759
4.8462347 2.0619821 0.40922748
4.8464774 2.0624708 0.40837195
4.8488955 2.0627477 0.40948299
4.8497191 2.0617272 0.41225328
4.8480772 2.0606498 0.40954123
4.8514702 2.0630688 0.41218363
4.8488587 2.0659488 0.40876305
4.8497484 2.0675402 0.41248387
4.8464202 2.0633069 0.41004958
4.8461977 2.0633829 0.40834969
4.8472456 2.0600129 0.40791169
4.8468689 2.0644465 0.41009779
4.8494507 2.0649688 0.41480897
4.8508401 2.0668991 0.41621872
4.8520821 2.0640553 0.41565199
4.8524459 2.0635867 0.41418592
1.8278197 2.3723074 4.3159653
1.8282107 2.3711799 4.3178813
1.8267819 2.3723383 4.3186664
1.8261303 2.3745067 4.3206247
1.8267052 2.3765465 4.3209772
1.8267565 2.3725297 4.3194535
1.8297715 2.3714178 4.3200781
1.829533 2.3696181 4.3205734
1.8296549 2.3730045 4.3242808
1.8262627 2.374131 4.3224175
1.8234818 2.373896 4.3223901
1.8242954 2.3731351 4.3200773
1.8247079 2.3728516 4.3203961
1.8264514 2.3737792 4.3185558
1.8251425 2.3751714 4.3164115
1.8254345 2.3742958 4.3141985
1.8249735 2.3736665 4.3153376
1.8273835 2.3721305 4.3154675
3.2125185 2.363997 2.2825238
3.2141067 2.362218 2.2847771
3.2153181 2.361184 2.2880296
3.2184462 2.3610629 2.2904558
3.2167596 2.3604761 2.2877357
3.2159671 2.364041 2.2842188
3.2124345 2.3636638 2.2808026
3.2084298 2.3641739 2.2774764
3.2103933 2.363009 2.2800245
1.968097 2.2445984 3.7491991
1.966409 2.2453344 3.7470627
1.9680427 2.2450864 3.7461491
1.9681205 2.2453286 3.7466906
1.9661872 2.2434772 3.7460413
1.962602 2.2433533 3.7425199
1.9609532 2.2405579 3.7421858
1.9607837 2.2432665 3.7424504
1.9646585 2.2410698 3.7454954
0.84701619 1.8032718 5.0126265
0.84875744 1.8042803 5.0149136
0.85012496 1.8052591 5.0115474
0.84780673 1.8059291 5.0108608
0.84457443 1.8052272 5.0073086
0.84053269 1.8055429 5.0104628
0.84214911 1.8039804 5.0120168
0.84347903 1.8078149 5.0128345
0.84492303 1.8050365 5.0123348
0.84430632 1.8060212 5.0118891
0.84493756 1.8046526 5.0143146
0.84545472 1.8071676 5.0131024
0.84853169 1.8094795 5.0168565
0.84894827 1.8099338 5.0146241
0.84815936 1.8079417 5.0172181
0.84633874 1.8042481 5.0156364
4.6848476 1.4035516 2.8348056
4.6845517 1.4025919 2.8334432
4.6832172 1.4025744 2.8318839
4.6825338 1.4050989 2.8330215
4.6805434 1.4080172 2.833794
4.6816624 1.4102949 2.8353779
4.6806294 1.4115168 2.8334423
4.6828415 1.4102563 2.8330193
4.6831752 1.4054868 2.828449
4.6846474 1.4028211 2.8301072
4.0347948 1.8749848 2.4582798
4.0320495 1.8731429 2.4568439
4.0324384 1.8725315 2.4583386
4.0313792 1.8724901 2.4588087
4.0338362 1.8726948 2.460269
4.0334155 1.8732857 2.4581987
4.0326389 1.871874 2.4583772
4.033871 1.8730882 2.4582666
4.0294652 1.8708151 2.4581467
4.0322966 1.8723786 2.4565379
4.0300505 1.8740143 2.4586075
4.0298699 1.874087 2.4572111
4.9406842 2.7179717 5.1045247
4.9418391 2.7217672 5.1070658
4.9417175 2.7221072 5.1085772
4.9420804 2.7250299 5.1088501
4.9404111 2.7214066 5.1080815
4.9404629 2.7189204 5.1086337
4.9380474 2.7173031 5.1050999
4.9400237 2.7168513 5.1044581
4.9451519 2.7188461 5.1092962
4.9489628 2.7201495 5.112731
4.9462087 2.7234957 5.1135189
4.9417309 2.7217497 5.1078053
4.9419496 2.7210688 5.109188
4.9438688 2.7185309 5.1093682
4.9407461 2.719222 5.1044181
4.9372772 2.7198141 5.0983655
4.9340549 2.7196197 5.0962106
4.935886 2.7194642 5.0995675
1.8164685 0.82940816 2.1813367
1.8187089 0.83181014 2.1788439
1.8187273 0.83255086 2.1783976
1.8190918 0.83287033 2.1796606
1.8188282 0.83165196 2.1809467
1.8148514 0.83168633 2.1855633
1.8144543 0.83194884 2.1872217
1.8161874 0.83236538 2.1841155
1.8208581 0.83400773 2.1832976
1.8227041 0.83566397 2.1771643
1.820869 0.83452187 2.1816144
1.8152506 0.83402933 2.1836873
1.8102428 0.83126033 2.1883676
4.8485333 2.064436 0.41119553
4.8513781 2.0643355 0.40822916
4.8503438 2.0632695 0.40746671
4.851057 2.0637281 0.40539007
4.8489117 2.0624001 0.40699178
4.8490701 2.0625327 0.4081012
4.8504909 2.0627741 0.40935235
4.8497566 2.0624997 0.41072506
4.8513286 2.0616132 0.41032009
4.8497084 2.0616519 0.41115398
4.849116 2.0618612 0.4125664
4.8486179 2.0617637 0.40999944
4.8507316 2.0624943 0.41133251
4.8516419 2.0618515 0.40799741
4.8508592 2.0648335 0.41176839
4.8484736 2.063484 0.40995613
4.8482754 2.0614908 0.41099593
4.851962 2.057326 0.41228124
4.8517251 2.0597959 0.41338071
4.8522268 2.0624119 0.41635286
4.8512748 2.0684629 0.41670639
4.8522222 2.0663773 0.41632181
4.8519311 2.0648355 0.41258849
0 0 0
1.8273819 2.3744183 4.318019
1.8285042 2.3729728 4.3206468
1.8272639 2.3746508 4.3210875
1.8260126 2.3739332 4.3183749
1.8221502 2.3718765 4.3147327
1.8234131 2.3713606 4.3169122
1.825102 2.3688894 4.3200319
1.8281832 2.3726186 4.3229119
1.8253362 2.372914 4.3186599
1.8237245 2.3745795 4.3198139
1.8241806 2.3753912 4.3194625
1.8250388 2.3733917 4.3226741
1.8272354 2.3724758 4.321582
1.825999 2.3714424 4.3199643
1.8301335 2.3730029 4.3204383
1.8299426 2.3727133 4.3196744
1.8285451 2.3733772 4.3163821
1.8269585 2.3737372 4.3153685
3.2117474 2.3624018 2.2838891
3.2118241 2.3620613 2.2818993
3.2159099 2.3627346 2.2839601
3.216395 2.362065 2.2835472
3.2159939 2.3647789 2.284421
3.2156223 2.3625013 2.2837776
3.211094 2.364264 2.281924
3.2084613 2.363362 2.2800398
1.9667833 2.242729 3.748093
1.9668057 2.2405138 3.7476423
1.967758 2.2406293 3.7494457
1.9673972 2.241943 3.7478971
1.9654549 2.2413205 3.7478668
1.961865 2.2404763 3.7424073
1.9595946 2.2376029 3.7411631
1.9629177 2.2407132 3.7435398
1.9662436 2.2407007 3.7491553
0.84982261 1.8052615 5.0161528
0.84901212 1.8051179 5.0160392
0.85205151 1.8064349 5.0130983
0.84854184 1.8072024 5.0115464
0.84816433 1.8054631 5.0098479
0.84231742 1.8067726 5.0124854
0.84277052 1.8060908 5.015253
0.8454824 1.8080628 5.0138674
0.84658033 1.805254 5.0127589
0.84525478 1.8053807 5.0120649
0.84349324 1.8066242 5.0141711
0.84393105 1.8085517 5.0124721
0.84570882 1.8114153 5.0154365
0.84638123 1.8089261 5.0150356
0.84471775 1.8080547 5.0160298
0.84453419 1.8059834 5.012286
4.6846373 1.4043364 2.8345192
4.6837765 1.4043952 2.8361048
4.684111 1.4037731 2.8349119
4.6838985 1.4054545 2.8341176
4.6845782 1.4098285 2.831075
4.6828578 1.4103371 2.8347749
4.6844469 1.4098656 2.8330103
4.6841432 1.4093594 2.8343009
4.6848827 1.4064133 2.8296026
4.683014 1.4082302 2.8282566
4.0360064 1.8715217 2.4570963
4.0332402 1.871828 2.4573027
4.0343668 1.871404 2.4595007
4.0323677 1.872814 2.4587028
4.0348288 1.8736938 2.4575075
4.0348968 1.8736809 2.4568131
4.0328433 1.8706735 2.4565607
4.0345418 1.8706548 2.4569483
4.0311302 1.8699971 2.4592908
4.0320998 1.8728245 2.4569616
4.0293871 1.8733724 2.4580078
4.0310203 1.8739428 2.4550964
4.9432965 2.7193247 5.1050493
4.9444935 2.7211378 5.1100902
4.943168 2.7198942 5.1094502
4.9389977 2.7219338 5.1056252
4.9357176 2.7212292 5.101043
4.9350304 2.7210173 5.1014869
4.9348476 2.7188306 5.1024702
4.9350604 2.7179647 5.1028915
4.9368643 2.71821 5.101693
4.9402231 2.7202923 5.1045897
4.9422168 2.7226551 5.107475
4.9451992 2.7229745 5.1128192
4.9371884 2.7230713 5.1043025
4.9413936 2.7220307 5.1070497
4.9362999 2.7216839 5.103325
4.9394252 2.7212364 5.1038281
4.9390874 2.7211675 5.1040218
4.9360715 2.7199747 5.099352
1.8151603 0.82997728 2.1808838
1.8160642 0.83093621 2.1799071
1.8157199 0.83407659 2.1790602
1.8193944 0.8336346 2.181753
1.8181586 0.83324314 2.1811971
1.8179152 0.83420052 2.1849476
1.8175744 0.83517918 2.1821787
1.8180607 0.83375052 2.1835317
1.8194097 0.83417193 2.1800638
1.8210194 0.83498877 2.1778798
1.8185296 0.83237689 2.1821308
1.8174286 0.83081834 2.1831364
1.8145351 0.82890814 2.1857506
4.8491286 2.0647763 0.41215901
4.8490399 2.0647944 0.41013488
4.8464596 2.0616665 0.41020948
4.8471546 2.0623689 0.40705127
4.8474372 2.0612733 0.40862027
4.8479301 2.0643979 0.40830422
4.8495458 2.0647458 0.40970539
4.8480894 2.0641603 0.40865134
4.8502015 2.0624685 0.40866275
4.8522556 2.0640652 0.40817297
4.8516246 2.064986 0.41178901
4.8533714 2.0660665 0.4121681
4.8502023 2.0651084 0.41132155
4.8512532 2.062894 0.40974952
4.8473774 2.0639355 0.40980677
4.8465127 2.0637103 0.40807765
4.846087 2.063197 0.40829357
4.8484551 2.0626284 0.40902676
4.8497344 2.0644531 0.41187835
4.8513937 2.0662451 0.41511161
4.8505221 2.0679152 0.41319557
4.8514643 2.0674977 0.41383241
4.8512063 2.066694 0.41214402
4.850409 2.0650147 0.41133797
1.8304109 2.3748092 4.3194876
1.829066 2.3741127 4.3229555
1.8245909 2.3754173 4.3214236
1.8233428 2.3729413 4.3192021
1.8200343 2.3722945 4.3145573
1.8267471 2.3714946 4.3204238
1.8260277 2.3698747 4.3223915
1.8290807 2.3713431 4.3242616
1.823486 2.3715006 4.3181427
1.8234138 2.373316 4.3175728
1.8255126 2.3729391 4.3195294
1.8235542 2.3710376 4.3166858
1.8292212 2.3713366 4.3194302
1.8269567 2.3713009 4.3172981
1.8322372 2.3723013 4.3216024
1.8293393 2.3734994 4.3190238
1.8288623 2.3742148 4.3168823
1.8265344 2.3740477 4.3149266
3.2127139 2.3638712 2.2810613
3.2107109 2.363271 2.2796867
3.2105358 2.3646128 2.2786178
3.2113062 2.3637456 2.2802625
3.2144968 2.363359 2.2821598
3.2178633 2.3590066 2.2843672
3.2150805 2.3627042 2.2801983
3.2135943 2.3646878 2.2786931
1.9482713 2.2226199 3.7707017
1.9533824 2.232203 3.756506
1.9623358 2.2431076 3.7431519
1.9636889 2.2422042 3.7428227
1.9655835 2.2405158 3.7441399
1.9638729 2.2405989 3.7400824
1.9628027 2.2399806 3.7412528
1.965465 2.2425756 3.7430343
1.9662719 2.243244 3.7465725
0.84707984 1.8025932 5.0115096
0.84685079 1.8036709 5.0132493
0.85226323 1.8045061 5.015462
0.84886571 1.8059403 5.0117022
0.84870997 1.8061508 5.0123003
0.84179449 1.807772 5.0128133
0.84269482 1.8064828 5.0136333
0.84362182 1.8061742 5.0123541
0.84256188 1.8057677 5.0117675
0.84157576 1.8045435 5.0118375
0.84258134 1.8063918 5.0140264
0.8434881 1.8070948 5.011986
0.84477239 1.8083781 5.0116725
0.84313644 1.8059179 5.0115888
0.84455578 1.8016001 5.0123084
0.84527273 1.798213 5.0129111
4.6835383 1.404658 2.8326945
4.6830233 1.4058164 2.8323721
4.682334 1.4059887 2.8307437
4.6803752 1.407159 2.8332049
4.6834843 1.4059004 2.8314612
4.6802953 1.4064205 2.8351706
4.6816879 1.4070119 2.8332388
4.6797612 1.4093613 2.8344382
4.6814544 1.4060123 2.8297732
4.6815575 1.4069136 2.8301828
4.0376838 1.8759376 2.4577764
4.0348421 1.8740192 2.4601815
4.0348306 1.8731482 2.4604132
4.0340943 1.8734853 2.4609891
4.0343432 1.8739083 2.4577474
4.0333419 1.8734743 2.4576221
4.0333295 1.8729201 2.4576399
4.0337872 1.8733574 2.4571563
4.031065 1.8718348 2.4572496
4.0297836 1.8732998 2.4545053
4.0284 1.8733433 2.4553649
4.0292817 1.8750347 2.4532944
4.9466872 2.7200798 5.1089873
4.9485578 2.7210353 5.1128944
4.9439716 2.7212486 5.1080404
4.9452371 2.7225349 5.1097104
4.9398761 2.7220051 5.1049992
4.9394203 2.7242227 5.1058219
4.9290044 2.721297 5.0978091
4.9286949 2.7213292 5.0954454
4.9349622 2.7200753 5.098147
4.9420497 2.7222551 5.1049861
4.9461977 2.7240142 5.1075835
4.9491227 2.7245378 5.1133538
4.9375699 2.7236459 5.10233
4.9376712 2.7220656 5.1041424
4.9298008 2.7201936 5.0985048
4.9353077 2.7185487 5.1026316
4.9361883 2.7173131 5.1038175
4.9365843 2.7167179 5.1013075
1.8212209 0.83085341 2.1782904
1.8223821 0.83026002 2.1786833
1.8195486 0.83299342 2.1793327
1.8193146 0.83046553 2.1833568
1.8174201 0.83239043 2.1827295
1.8182215 0.83161593 2.1877722
1.8169209 0.83452452 2.1812126
1.8156055 0.83457134 2.1840494
1.8153406 0.83583963 2.1777601
1.8173864 0.83658142 2.1793614
1.8169635 0.83562871 2.1812185
1.8157245 0.83426636 2.1831488
1.812648 0.8314187 2.1867119
4.8532568 2.0605129 0.4130756
4.851491 2.0609444 0.41177352
4.8479748 2.0588912 0.40933347
4.8469125 2.0590579 0.40772161
4.8483711 2.0599447 0.40831031
4.8500824 2.0633194 0.40883898
4.8524071 2.06222 0.4129436
4.8534923 2.0621232 0.41226446
4.8527901 2.0583319 0.41429065
4.8521818 2.0620823 0.41181075
4.8482309 2.0616878 0.4120471
4.8499999 2.06435 0.41145687
4.8495879 2.0618999 0.41058799
4.8503572 2.0622589 0.40794259
4.8496583 2.063147 0.40970082
4.8484344 2.0622611 0.4084512
4.84901 2.0605984 0.4082897
4.8487582 2.0588481 0.40746016
4.8490464 2.0621717 0.40953301
4.8496204 2.0665592 0.41144042
4.8494333 2.0680888 0.4114408
4.8511616 2.067142 0.41137104
4.8496982 2.0639887 0.40978036
4.8495439 2.0638702 0.40918075
4.8485857 2.0629307 0.4080077
1.8300987 2.3758493 4.3210056
1.8267175 2.3732967 4.3168081
1.8251765 2.3705685 4.3162778
1.8214857 2.3704664 4.3128014
1.8267412 2.3706725 4.3190468
1.8246119 2.3704717 4.3195694
1.828364 2.3712616 4.321031
1.8231495 2.3717568 4.31734
1.8224121 2.3731795 4.3146662
1.8262561 2.3716542 4.3190213
1.8247544 2.3685358 4.3149795
1.8306064 2.3671047 4.3191419
1.8301002 2.3690035 4.3179572
1.8335702 2.370509 4.3203068
1.8308739 2.3748528 4.3195016
1.8277944 2.374592 4.3158588
1.8268448 2.3764707 4.3156725
3.2100463 2.3627913 2.2772587
3.2083502 2.3644353 2.2766655
3.2105803 2.3650047 2.277151
3.2107392 2.3666621 2.280939
3.2145573 2.3657391 2.2824878
3.2170277 2.3621616 2.2871927
3.2180417 2.3638813 2.2860098
3.2159543 2.3661358 2.2835507
1.9515146 2.229065 3.7633422
1.9538459 2.2291458 3.7591445
1.9644784 2.2383367 3.7449214
1.9621694 2.2409568 3.7436965
1.9659727 2.2415633 3.744095
1.9661396 2.2406282 3.7431793
1.9669046 2.2394882 3.7436458
1.9672305 2.2400344 3.744501
1.9681017 2.2406008 3.7471312
0.84894029 1.8057041 5.0165422
0.84930504 1.8060143 5.0142727
0.85167681 1.8065787 5.0169095
0.84899303 1.8066432 5.0133345
0.84837793 1.8066189 5.013535
0.84493423 1.8074597 5.0137064
0.84616128 1.8075691 5.0149413
0.84631831 1.8056875 5.0147207
0.8461689 1.8031797 5.0144788
0.84437431 1.8021978 5.0131055
0.84438649 1.8032794 5.014288
0.84390223 1.8063379 5.0121717
0.84589969 1.8052717 5.0100811
0.84153532 1.8069202 5.0086227
0.84448043 1.8040127 5.008204
0.84491585 1.8021362 5.0088408
4.6818105 1.4070791 2.8335949
4.6809266 1.4093507 2.835579
4.6801993 1.4080464 2.8328764
4.67978 1.4101602 2.8317241
4.68237 1.4087214 2.8308412
4.6793429 1.4103151 2.8333624
4.6823236 1.4073295 2.8340385
4.6811049 1.4079953 2.8348315
4.6810229 1.4059349 2.8309821
4.6813282 1.4066422 2.83111
4.0367388 1.8724796 2.4599849
4.0353649 1.8710582 2.4608186
4.0323898 1.8707889 2.4599166
4.0305293 1.8708044 2.4599567
4.0295372 1.8725996 2.4568991
4.0323468 1.8737349 2.4547084
4.0315397 1.8736408 2.4548728
4.0316473 1.875286 2.452928
4.0302935 1.8750675 2.4545898
4.0303287 1.876629 2.451546
4.0300104 1.8753768 2.4531671
4.0296951 1.8753574 2.4518812
4.9430217 2.7220736 5.1061404
4.945556 2.720949 5.111271
4.9432397 2.7203335 5.1100115
4.9461725 2.7189771 5.1121974
4.9413784 2.7198458 5.106354
4.944331 2.7221815 5.1090145
4.9370673 2.7207611 5.1052923
4.9294553 2.7214573 5.0976928
4.9317698 2.7198684 5.0961124
4.9365989 2.7217274 5.0986445
4.9489495 2.7230509 5.1093849
4.9515751 2.7200065 5.1164687
4.9400894 2.721763 5.1055397
4.9399281 2.7215014 5.1053584
4.9295791 2.7217014 5.0963016
4.937898 2.7205507 5.1035516
4.940218 2.7187352 5.1073828
4.9456612 2.7179021 5.1130409
1.8196489 0.83103313 2.1787173
1.8199252 0.83071236 2.1779375
1.8191487 0.83213055 2.1780574
1.8176803 0.82959843 2.1827007
1.8168793 0.83341094 2.1814113
1.8169764 0.83306043 2.1847651
1.8145381 0.83516357 2.1797147
1.8115856 0.83267384 2.1841868
1.8112377 0.8317988 2.1807721
1.8136165 0.8332097 2.1810639
1.8171937 0.8311907 2.1806765
1.8166982 0.83007613 2.1832071
1.8135954 0.82886516 2.1873942
4.8496138 2.0591651 0.4119121
4.8479464 2.0590306 0.40981632
4.8472866 2.0593525 0.40721511
4.8474242 2.058513 0.40965069
4.8502323 2.0601141 0.41049584
4.8527156 2.0634451 0.41062609
4.8513531 2.0624643 0.41022848
4.8551112 2.06127 0.41155906
4.8533466 2.0580936 0.4109577
4.852441 2.0598085 0.40961654
4.8492378 2.0604764 0.40845245
4.8486916 2.0636231 0.40838256
4.8495385 2.0642031 0.40830899
4.8487781 2.0624502 0.40625623
4.8499156 2.0625151 0.40948857
4.8481879 2.0620426 0.40848599
4.8481483 2.0637798 0.40950654
4.8455697 2.0630644 0.40605441
4.8459046 2.0650327 0.40824326
4.848771 2.0648541 0.41071813
4.849524 2.0644294 0.41104943
4.8511106 2.0638847 0.40990631
4.8497112 2.064318 0.41017457
4.8507901 2.064244 0.40906773
4.8498595 2.0621676 0.40942186
1.8249016 2.3750751 4.3177118
1.823607 2.373652 4.3160813
1.8234618 2.3747085 4.3175045
1.8226124 2.3732698 4.313861
1.8266965 2.3728229 4.3185992
1.8277965 2.3711255 4.3218811
1.8288991 2.3714653 4.3230368
1.8273147 2.3725986 4.320923
1.8251069 2.3733712 4.3161376
1.8261173 2.372469 4.3177055
1.82902 2.3705596 4.3167312
1.8313225 2.3691075 4.318185
1.831993 2.3681984 4.3195201
1.8304731 2.3686135 4.3185483
1.8298342 2.3723312 4.3196939
1.8269112 2.3715421 4.3157893
1.8289337 2.3732587 4.3203519
1.8289182 2.3717517 4.3198439
3.2103766 2.365274 2.2818123
3.2108391 2.3657503 2.2809118
3.2092248 2.3674831 2.2816693
3.2116746 2.3662582 2.2823611
3.2153377 2.3647317 2.2843804
3.2192652 2.3646888 2.2855819
3.2222326 2.3638895 2.2875737
1.9439895 2.2217503 3.7717059
1.9522484 2.2328734 3.7552233
1.9617951 2.2393048 3.7405792
1.9603652 2.2405945 3.7402562
1.9644088 2.2421568 3.7397664
1.9674691 2.2458832 3.7422492
1.967187 2.2453855 3.7436277
1.9661973 2.2464102 3.7445061
1.964329 2.2457765 3.7444365
0.84476658 1.80463 5.0125615
0.84592953 1.8048561 5.0119043
0.84678292 1.8044023 5.0121269
0.8475628 1.8041689 5.0106592
0.84601871 1.8054521 5.0109811
0.84582007 1.8065393 5.0109337
0.84702619 1.8080202 5.013422
0.84636866 1.8041461 5.0132985
0.84371232 1.8029906 5.0132212
0.84215333 1.8020237 5.0111052
0.84416259 1.8012196 5.0126654
0.84549091 1.8040266 5.0127172
0.84447501 1.8043737 5.0104242
0.83901848 1.8067888 5.0074022
0.84080101 1.8038179 5.0057811
0.84141972 1.802333 5.0072112
4.6817935 1.4026709 2.8314648
4.6815235 1.4062828 2.831114
4.6802711 1.405825 2.8271141
4.6783945 1.4090747 2.8272667
4.6789886 1.4057205 2.828232
4.6761442 1.4066698 2.8308025
4.67925 1.4068645 2.8346599
4.6794823 1.4079089 2.8329105
4.6820562 1.4036742 2.8311984
4.683402 1.403161 2.8295886
4.0330936 1.8730351 2.4584008
4.0339567 1.8725006 2.4589298
4.0335032 1.8715557 2.45904
4.0327999 1.8704349 2.4587581
4.029271 1.8686872 2.4584765
4.0334935 1.870598 2.4556321
4.0313409 1.8711589 2.4573107
4.0325639 1.8740525 2.4550038
4.0312129 1.8726405 2.4563794
4.0304229 1.8736569 2.4524796
4.0305418 1.8728458 2.4544367
4.02995 1.8736906 2.4539804
4.9432687 2.7238916 5.1077193
4.9469419 2.7236694 5.1124081
4.9421918 2.7231187 5.1082415
4.9442733 2.7201393 5.1100938
4.9438572 2.7192093 5.1085739
4.9401647 2.7212284 5.104607
4.9390106 2.7220462 5.1042936
4.9293087 2.7223543 5.0959519
4.93807 2.7220207 5.1006198
4.940417 2.7216353 5.1024664
4.9496344 2.7236161 5.1096689
4.9536435 2.7200421 5.1174581
4.9455594 2.7212923 5.1122054
4.9446238 2.7190556 5.1106479
4.9303592 2.7190568 5.0961828
4.9386718 2.7171454 5.1016718
4.9396072 2.716661 5.1050312
4.9480145 2.7174057 5.1146467
1.8218019 0.83284679 2.1780359
1.8220955 0.83253896 2.1790933
1.8221778 0.83136546 2.177991
1.8172581 0.82979035 2.1818561
1.8146264 0.83180562 2.1821046
1.8160364 0.8322147 2.1841683
1.8167704 0.83509419 2.1797442
1.8154508 0.83527518 2.1801874
1.8142046 0.83421903 2.1791139
1.8155068 0.83384585 2.1807913
1.8176889 0.83180634 2.181078
1.8185243 0.8326629 2.1803413
1.8198419 0.83172923 2.179788
4.8526773 2.0620189 0.41243646
4.8505388 2.0624085 0.41076964
4.8473493 2.0611726 0.40734101
4.8461488 2.0584956 0.40939535
4.8474662 2.0599568 0.4081878
4.8526727 2.062289 0.41003433
4.8501714 2.0622463 0.40750577
4.8557849 2.0595121 0.41333569
4.852236 2.0580878 0.41044487
4.8508491 2.0589081 0.41076625
4.8484337 2.0620169 0.40730616
4.8475692 2.0645703 0.4070039
4.8502437 2.0649438 0.40571267
4.8512065 2.0641732 0.40674201
4.8520973 2.0620869 0.40712196
4.8517271 2.0603471 0.40864234
4.850576 2.060615 0.40847024
4.8489496 2.0600562 0.40667964
4.8480612 2.0612347 0.40698219
4.8485348 2.0607977 0.40902111
4.8482935 2.0621783 0.40948464
4.8497885 2.0625928 0.40893198
4.8478003 2.0621484 0.40869831
4.8489684 2.062375 0.40787645
4.8488018 2.0625044 0.40943742
1.8262232 2.3760241 4.3140636
1.8260757 2.3725015 4.3136877
1.8242659 2.3731407 4.3134646
1.8264199 2.3689407 4.3144463
1.8259528 2.371547 4.3163892
1.8303945 2.3713518 4.3198433
1.8272233 2.3729775 4.3208485
1.8287195 2.3745179 4.3214252
1.8272978 2.3776211 4.3192615
1.8240756 2.3768108 4.3149435
1.8275449 2.3732575 4.3160031
1.8256675 2.3694567 4.3156628
1.8296842 2.367487 4.3188301
1.8256511 2.3707984 4.3157311
1.8267513 2.3723009 4.316862
1.8263596 2.3728535 4.314756
1.8306193 2.3714852 4.320863
1.8283309 2.3695149 4.3218551
3.2146462 2.365945 2.284226
3.2142776 2.3652114 2.2847306
3.2144289 2.3656333 2.2860778
3.2136572 2.3670239 2.2843255
3.2169824 2.3676269 2.2877618
3.2167128 2.367997 2.2880041
3.2213502 2.3662977 2.2917636
1.964604 2.2437205 3.7466789
1.9632858 2.2415927 3.7460368
1.9620637 2.2397001 3.7444373
1.9619777 2.2431406 3.7427141
1.9633061 2.2421152 3.7414183
1.9673201 2.2445005 3.7433415
1.96433 2.2437544 3.742239
1.9665381 2.2455483 3.7429126
1.9638587 2.2438234 3.7432482
0.85005634 1.8021947 5.012808
0.84899065 1.8037978 5.0149642
0.84764137 1.8061852 5.0140496
0.84739889 1.8046319 5.0131895
0.8459783 1.8054273 5.0100264
0.84547824 1.802267 5.0112329
0.84600084 1.8069159 5.0142818
0.84771862 1.803784 5.0160925
0.84620958 1.806124 5.0157806
0.84508444 1.8024144 5.0132963
0.84468861 1.8021219 5.0144571
0.84773079 1.8042589 5.0154124
0.84582092 1.8046776 5.0138602
0.84430602 1.807127 5.0118141
0.84324478 1.8081785 5.0083775
0.84424205 1.8070479 5.0077246
4.6824309 1.4016767 2.834556
4.6822264 1.4038829 2.8352167
4.6798387 1.4027406 2.8290613
4.6803643 1.4061783 2.8281864
4.6792157 1.4058547 2.82903
4.6786692 1.4086385 2.8320677
4.679128 1.4090516 2.8350403
4.6818004 1.4071942 2.8308943
4.6819896 1.4034423 2.8306771
4.6816535 1.4016625 2.8284583
4.0338711 1.8711791 2.4566965
4.0348002 1.8702325 2.4556651
4.0347054 1.8703969 2.4559112
4.0336559 1.8704894 2.4569277
4.0301619 1.8705757 2.4581821
4.0327793 1.8713809 2.453879
4.0297554 1.8699436 2.4542595
4.0294786 1.8731492 2.4518749
4.0295386 1.8717845 2.4550903
4.0315568 1.8739823 2.4533085
4.0344511 1.8735867 2.4547955
4.0342709 1.8736112 2.4538769
4.9432482 2.7242827 5.1078338
4.9419517 2.7240084 5.1084031
4.9371297 2.7217861 5.1038212
4.9356424 2.7191547 5.1023352
4.9386138 2.7198001 5.1026617
4.9375288 2.71993 5.0994293
4.9444384 2.7197659 5.1064076
4.9387078 2.7186863 5.1019922
4.9449192 2.7203178 5.1056629
4.9475636 2.7212338 5.1091783
4.9522094 2.7211645 5.11106
4.9510756 2.7178389 5.1145063
4.9473719 2.7189985 5.1126279
4.944162 2.7210214 5.1088598
4.9350285 2.7210026 5.0988735
4.9380932 2.7197872 5.1003376
4.9406274 2.7187608 5.1070877
4.9484368 2.7191028 5.1170671
1.8186418 0.83275104 2.1802752
1.8199689 0.83245354 2.1803227
1.821365 0.8309011 2.17845
1.8203085 0.83110201 2.1793198
1.8164802 0.83455714 2.1804073
1.8155942 0.83634926 2.1818042
1.81525 0.83628679 2.1812657
1.8155685 0.83398316 2.1810107
1.8187681 0.83016459 2.1769413
1.8189148 0.83356239 2.177858
1.8213639 0.83209028 2.1771839
1.8191994 0.83155645 2.1806391
1.8178828 0.82714905 2.1837329
4.8485461 2.0595359 0.40648189
4.8486859 2.0608674 0.40683854
4.8477826 2.0615816 0.40619902
4.8492679 2.0643034 0.41196849
4.8490469 2.0644978 0.41096422
4.855481 2.0639479 0.41245216
4.8521938 2.0644438 0.40687799
4.855519 2.0608808 0.40943579
4.8536174 2.0601521 0.40925379
4.8523363 2.0608053 0.41042925
4.8500424 2.0639095 0.40689009
4.8490612 2.0650332 0.40604863
4.8537295 2.0635849 0.40459525
4.8551564 2.0632397 0.40701716
4.8529994 2.0617843 0.4062957
4.8514899 2.0626148 0.40975416
4.8491015 2.0644883 0.40600983
4.851214 2.063765 0.40798579
4.8515505 2.0622319 0.40884448
4.8508424 2.0602249 0.41153344
4.8500969 2.0611941 0.41103579
4.8498426 2.0639666 0.40879808
4.8480486 2.06352 0.40844541
4.8498303 2.0628419 0.40879665
4.8498699 2.0603069 0.41061766
1.8251202 2.3779185 4.3169188
1.8251681 2.3763437 4.3171281
1.8243261 2.3768196 4.3164598
1.8257927 2.374015 4.3171699
1.8266931 2.3745674 4.3185996
1.831452 2.3737842 4.3230935
1.8311511 2.3741991 4.3244451
1.8311184 2.3736097 4.3220809
1.8305652 2.3764242 4.3194226
1.8258495 2.3766502 4.314721
1.8270376 2.3771456 4.315734
1.8215159 2.374775 4.3124032
1.8218557 2.3724437 4.3134984
1.8214508 2.3725459 4.3137379
1.8248239 2.3726417 4.3172696
1.8274286 2.3727276 4.3187256
1.8274324 2.3714011 4.3192147
1.8279176 2.3707216 4.3191201
3.2156159 2.3684604 2.2865034
3.2163069 2.3676673 2.2888167
3.2158152 2.3670659 2.2899622
3.2137186 2.3664367 2.2875921
3.216778 2.3671691 2.2886569
3.2162435 2.3670905 2.2869496
3.2184575 2.3645162 2.2888235
1.9662575 2.2427268 3.7464166
1.9653803 2.2428896 3.746315
1.9613936 2.2426469 3.7439268
1.9608083 2.2431743 3.7420263
1.9586061 2.2417231 3.7385362
1.9646216 2.2443367 3.7410023
1.9616276 2.2433758 3.7410554
1.9668082 2.2476309 3.7434013
1.9646947 2.2459936 3.7435676
0.84620268 1.8013066 5.0064896
0.84332881 1.8036976 5.0093353
0.84371681 1.8065125 5.009549
0.84436348 1.8049028 5.011465
0.84712929 1.8071144 5.0111352
0.84633638 1.8031054 5.0117628
0.8482332 1.8088142 5.0118986
0.84810768 1.8040886 5.0125632
0.84594985 1.8072404 5.0089495
0.84586501 1.8028959 5.0103895
0.84470549 1.8040666 5.0123683
0.84726139 1.8016343 5.0147055
0.84369023 1.8045996 5.0133008
0.84241356 1.8045148 5.0117349
0.83924471 1.8057108 5.0091092
0.8404518 1.8039464 5.009869
4.6820851 1.4001291 2.8315455
4.6844032 1.4001281 2.8322269
4.6832264 1.4012108 2.8295054
4.6837322 1.4056694 2.8288356
4.6804505 1.405444 2.8284927
4.6794529 1.4051642 2.8312369
4.6778456 1.4071188 2.8338219
4.6794961 1.4060946 2.8314377
4.6796061 1.4045857 2.8300763
4.6815475 1.4023577 2.8280415
4.0289528 1.8727099 2.4535898
4.0315659 1.8711051 2.4539638
4.0320293 1.8701341 2.4539599
4.0324971 1.8693896 2.4549755
4.0317458 1.8686025 2.456115
4.0332308 1.8697421 2.4563582
4.0313813 1.8681195 2.4556288
4.0318289 1.8706574 2.4554315
4.0317564 1.8679194 2.4550652
4.0328005 1.8687201 2.4542536
4.0337315 1.8709534 2.4544461
4.0321409 1.8729244 2.4545101
4.9403147 2.7239755 5.104934
4.9384657 2.7229343 5.1034344
4.9368538 2.7226227 5.1020967
4.9333501 2.7207534 5.0988695
4.9307202 2.7206097 5.0957739
4.9317144 2.7198293 5.095304
4.9365308 2.7194581 5.1015693
4.9413263 2.7178132 5.1062061
4.9439443 2.7188944 5.1082498
4.9450799 2.7197022 5.1083003
4.9462148 2.7198883 5.1086809
4.9456791 2.7186151 5.1108115
4.9419375 2.7193791 5.1071211
4.9382729 2.7205632 5.1037534
4.9368513 2.7199512 5.1013552
4.9380361 2.720264 5.1015176
4.941482 2.7194929 5.1073792
4.9425424 2.7209459 5.1102045
1.8168537 0.8342779 2.1825109
1.8202362 0.83363931 2.1821466
1.821299 0.8313725 2.1800532
1.8181832 0.82988979 2.1813271
1.8152274 0.83240936 2.1833704
1.8160224 0.83507185 2.1813997
1.8218736 0.83809198 2.1759351
1.8206066 0.83761798 2.1760237
1.8214591 0.83353347 2.1746519
1.816368 0.83341356 2.1786154
1.8179928 0.83265816 2.1790354
1.81825 0.83375747 2.1798619
1.8214486 0.8324002 2.1786925
4.8527657 2.0644067 0.4061126
4.8510986 2.0654464 0.40738831
4.8474369 2.06319 0.40744079
4.8488607 2.062911 0.4117814
4.8497464 2.0631498 0.41195889
4.8536908 2.0625337 0.41290188
4.8525132 2.0632141 0.4099978
4.8542048 2.0623657 0.40871591
4.8530684 2.0622615 0.40958758
4.8507668 2.0645113 0.40899939
4.8498108 2.0644682 0.4096872
4.8481666 2.0653354 0.4098521
4.8521662 2.0659101 0.41035859
4.8526127 2.0644478 0.41167584
4.8511548 2.063591 0.40760967
4.84917 2.0607792 0.40868058
4.8474073 2.0611342 0.40526159
4.8491951 2.0587701 0.40820281
4.8499898 2.059515 0.40524618
4.8494208 2.0578072 0.40602769
4.8513421 2.0616845 0.40722873
4.8508559 2.0637381 0.40729273
4.848767 2.0638621 0.40719882
4.8485796 2.0620571 0.40667914
4.8482272 2.0604663 0.40798888
4.8486764 2.0609627 0.40784321
1.8251189 2.3752552 4.3160566
1.8267682 2.3727277 4.3179729
1.8260355 2.3725992 4.3175446
1.8300229 2.3731269 4.3184963
1.82993 2.3764557 4.3197193
1.8338573 2.3766798 4.3237843
1.8302345 2.3747974 4.3244954
1.8297445 2.3771876 4.3220208
1.8239435 2.3757392 4.3162522
1.8233824 2.3772348 4.3129437
1.8184168 2.3741804 4.309326
1.8198476 2.3749419 4.3125583
1.8213562 2.3747925 4.3127081
1.8217553 2.3756157 4.3148697
1.8274388 2.3764602 4.316358
1.8274049 2.3754298 4.3193265
1.8277437 2.3719945 4.3213707
3.2179519 2.36712 2.2882554
3.219183 2.3670587 2.2910986
3.2163596 2.3679296 2.2873525
3.2198269 2.3659379 2.2897071
3.2202665 2.3649329 2.2882041
3.2201649 2.3645091 2.2888083
3.2181764 2.3646285 2.2885042
1.9665901 2.241905 3.7463661
1.9656087 2.2408844 3.7452154
1.9609945 2.2422205 3.7431235
1.9619363 2.242043 3.7435237
1.9602208 2.2415197 3.7431542
1.9640701 2.2407167 3.7451402
1.9612924 2.23884 3.7437774
1.9655117 2.2419315 3.745325
1.9634769 2.2406346 3.7454268
0.84709929 1.8006239 5.0057602
0.84407959 1.8039544 5.0098692
0.84474214 1.8058858 5.0113586
0.84676973 1.8043195 5.0133106
0.84793912 1.8040741 5.0125074
0.84334315 1.802085 5.0125546
0.84412599 1.8084829 5.0122802
0.8461084 1.807258 5.0130027
0.84577048 1.8105422 5.0096255
0.84431296 1.8059732 5.0125443
0.84433966 1.8064813 5.0129828
0.84916086 1.8042929 5.015775
0.84820338 1.8060198 5.0146491
0.8469117 1.8043488 5.0125407
0.84446861 1.8065365 5.0111917
0.84540472 1.8064115 5.0127042
4.6813546 1.4045878 2.8331416
4.6822698 1.4045658 2.8315037
4.6803676 1.4039012 2.8319222
4.6821206 1.4030372 2.8330821
4.6802553 1.4050875 2.8334405
4.6804379 1.4045475 2.8348019
4.6793327 1.4074539 2.8321842
4.6810489 1.406493 2.8305329
4.6790302 1.4056953 2.8283134
4.6807973 1.4032245 2.8285223
4.0323517 1.8714871 2.455117
4.0325771 1.8725682 2.45436
4.0316079 1.8712071 2.452445
4.0328414 1.8753109 2.4548654
4.0323398 1.8725907 2.4559307
4.0322055 1.8734898 2.4564224
4.0301092 1.8701451 2.453509
4.030484 1.8716337 2.4524297
4.0328153 1.8686678 2.4520543
4.0328474 1.8687634 2.4543707
4.0329032 1.8713219 2.4560252
4.0311695 1.8732882 2.4558931
0 0 0
4.938462 2.7213032 5.1025846
4.9382286 2.7215685 5.1022062
4.9334236 2.7201258 5.0973243
4.934533 2.7205064 5.0989574
4.934469 2.7191022 5.0986413
4.9389154 2.7189063 5.1037407
4.9448305 2.7189384 5.1102823
4.9443286 2.7199626 5.1117843
4.9457243 2.7212238 5.111435
4.9436459 2.7196734 5.1085171
4.9454306 2.7183621 5.1108876
4.9412995 2.7183413 5.1068187
4.9410671 2.719753 5.1066092
4.9346458 2.7199139 5.0995726
4.9334243 2.7195953 5.1021004
4.9379985 2.7188519 5.1068533
4.9384699 2.7204078 5.1062616
1.8203932 0.83155524 2.1806426
1.8216741 0.83163145 2.1803411
1.8215463 0.83101817 2.1771616
1.8186514 0.83236731 2.180354
1.8192247 0.83398867 2.1794159
1.8146507 0.83534377 2.1810634
1.8187757 0.83549807 2.1791202
1.8167318 0.83332805 2.1788141
1.8201343 0.82991596 2.1752501
1.8161192 0.83108954 2.1765164
1.8169445 0.83454596 2.1802604
1.813987 0.83350178 2.1835217
1.8155184 0.8318441 2.1863194
4.8498948 2.0623915 0.40630735
4.8496497 2.0621652 0.40731745
4.8464336 2.064651 0.40814622
4.8490659 2.0647354 0.41003436
4.8502669 2.066148 0.41059177
4.8559098 2.0628398 0.41261015
4.8561387 2.0632754 0.41186097
4.8549648 2.0616035 0.40983606
4.8536721 2.0611271 0.41021045
4.8501081 2.0624447 0.4095451
4.8493967 2.0629337 0.41066153
4.8489374 2.0613937 0.409764
4.8520453 2.0621174 0.40886659
4.8526743 2.0607441 0.41122087
4.8528216 2.0650137 0.41048485
4.8481968 2.0638514 0.41024887
4.8481708 2.0648773 0.40635348
4.8490625 2.0617292 0.40643515
4.8511607 2.0634496 0.40582736
4.8493734 2.0604965 0.40642767
4.852128 2.0649746 0.40747176
4.8506238 2.0646328 0.40648943
4.8511018 2.0655778 0.40866136
4.8470012 2.0631006 0.40759851
4.8470386 2.0613382 0.40965638
4.8497862 2.0593313 0.41348475
0 0 0
1.8279599 2.3743695 4.3224533
1.8239922 2.3761586 4.3176229
1.8308725 2.3749035 4.3221539
1.8268399 2.3760667 4.3185427
1.8328126 2.3730765 4.3228807
1.8281299 2.3729809 4.3213057
1.8299499 2.3732832 4.3199271
1.8274625 2.3728006 4.318518
1.8257396 2.3750731 4.3161468
1.8221377 2.3764747 4.3143126
1.8194154 2.3737483 4.312362
1.8205146 2.3741734 4.3104855
1.8208049 2.3726119 4.315226
1.8248579 2.3767437 4.3152422
1.8235269 2.3769247 4.3176437
1.8271858 2.3779294 4.3151094
3.2141433 2.3675039 2.2852522
3.2183689 2.3685984 2.2913184
3.2180798 2.3695321 2.2905949
3.222449 2.3669288 2.2933817
3.2178706 2.3651618 2.287585
3.2200507 2.3629689 2.2876166
3.2159283 2.3633387 2.2848066
1.9648036 2.2419394 3.7457671
1.9663177 2.2397072 3.7469145
1.9643675 2.2409334 3.7469455
1.9634439 2.240957 3.7466146
1.9595579 2.2419766 3.7436197
1.9627271 2.2414645 3.7445318
1.9633317 2.2412548 3.7442176
1.9666966 2.2429724 3.7467368
1.9663198 2.2425234 3.748223
0.84413524 1.7996484 5.0068023
0.84259562 1.8034278 5.0067144
0.84469034 1.8055816 5.0089892
0.8478763 1.8064221 5.0118539
0.84829419 1.8065088 5.0134986
0.84623427 1.8076595 5.0133383
0.8469595 1.8102197 5.0130018
0.84594037 1.8087672 5.0107857
0.84525725 1.8061812 5.0080839
0.84486436 1.8047915 5.0098154
0.84820294 1.8053486 5.012497
0.84993361 1.8049716 5.0134864
0.84715806 1.8053255 5.0109737
0.84242332 1.8049208 5.008321
0.84123989 1.8065782 5.0089579
0.84091317 1.8044061 5.0090583
0 0 0
4.6809911 1.4041727 2.834075
4.6815726 1.4051646 2.8350476
4.683599 1.4044175 2.8344986
4.684217 1.4064325 2.8317398
4.6829467 1.4043719 2.8321544
4.6797347 1.4063204 2.8306127
4.6803217 1.4049407 2.8315071
4.6784392 1.4072338 2.8294037
4.6808114 1.4070769 2.8294265
4.0270503 1.8700185 2.4550951
4.0280821 1.8730635 2.4578416
4.0258391 1.8690287 2.4551657
4.0300142 1.8729728 2.4571956
4.0299519 1.8713205 2.4563278
4.031889 1.8743374 2.4579396
4.032514 1.8719751 2.4572909
4.0333163 1.8723828 2.4552723
4.0366699 1.8698035 2.4558736
4.0317671 1.8706866 2.45441
4.0299411 1.8729336 2.4543124
4.026203 1.8746768 2.4541902
0 0 0
4.9404251 2.7216811 5.1045072
4.9412175 2.7220845 5.1052778
4.9363022 2.7213889 5.1011027
4.9381806 2.7206815 5.102352
4.9396274 2.7204473 5.1042601
4.9457559 2.7199268 5.1100924
4.9487754 2.7199465 5.1137743
4.9422319 2.7179985 5.1092944
4.944048 2.7187836 5.1104517
4.9423837 2.7183218 5.1076775
4.9459146 2.7191178 5.1091572
4.9424344 2.7174461 5.1050053
4.9454143 2.7191994 5.1070861
4.9434828 2.7192759 5.105379
4.9412555 2.7211276 5.1066549
4.9413945 2.7197143 5.1095643
4.9407266 2.7192144 5.1088358
1.8188791 0.83093549 2.1792824
1.8187258 0.83139435 2.1807392
1.8187716 0.82866783 2.17744
1.8171977 0.82892923 2.1804769
1.8187004 0.82987322 2.1797202
1.8153483 0.83193102 2.1814287
1.8162869 0.83338745 2.179415
1.8136193 0.83363059 2.1788373
1.8148972 0.83239178 2.1789674
1.8145566 0.82990734 2.1789344
1.8166487 0.83285326 2.1815967
1.8173525 0.83266919 2.1809376
1.8182679 0.83446039 2.181653
4.8495851 2.0633886 0.40422251
4.8495111 2.0606886 0.40549798
4.8475038 2.0608033 0.40616919
4.8489883 2.060103 0.40665569
4.8480653 2.0631077 0.40830321
4.8520038 2.0628939 0.41237603
4.8525651 2.0626042 0.41053384
4.852805 2.0614446 0.41028671
4.8526577 2.0615821 0.40925768
4.8501191 2.0607911 0.40973473
4.8484931 2.0610867 0.4095367
4.8478483 2.0615942 0.41093685
4.8468647 2.0619698 0.41142932
4.8478096 2.0598959 0.41340441
4.8495082 2.0632541 0.41271969
4.8470204 2.0625449 0.41231393
4.8489516 2.0624127 0.41190394
4.8476847 2.059553 0.40857483
4.8477536 2.0620529 0.40590108
4.8460156 2.060988 0.40208052
4.8483188 2.0653621 0.40477059
4.8457578 2.0636408 0.4028944
4.8484497 2.0659393 0.40622812
4.8465212 2.0637241 0.40693397
4.8484946 2.0617594 0.40881411
4.8475247 2.0605315 0.4075349
1.8274915 2.3715978 4.3204845
1.829775 2.3705251 4.3224613
1.8253318 2.3721858 4.3181261
1.829332 2.371425 4.3201381
1.8262134 2.3736232 4.316638
1.831371 2.3738731 4.3216612
1.8272452 2.3736605 4.3206037
1.8301558 2.3752909 4.3219606
1.8288823 2.3764452 4.3209009
1.8297792 2.3748867 4.3181102
1.8254754 2.3757519 4.3166941
1.8227852 2.3725654 4.3153399
1.8220487 2.3750841 4.314708
1.8215399 2.372994 4.3162906
1.8238067 2.3792699 4.3144316
1.8227946 2.3780661 4.3171006
1.8273384 2.3783096 4.3175203
3.2204183 2.3641746 2.2899175
3.2210638 2.3654337 2.2908243
3.2200538 2.3682013 2.2895504
3.2243419 2.3658069 2.2928262
3.2181588 2.3649044 2.2897901
3.2213986 2.362654 2.2910582
3.2164485 2.3645624 2.2877819
1.9651518 2.2411701 3.7467321
1.9644692 2.2402278 3.7464279
1.9643825 2.2386117 3.747118
1.9615437 2.2392232 3.7457251
1.9613903 2.242276 3.7460431
1.9623519 2.2431623 3.7460702
1.9655576 2.2440081 3.7477716
1.9653508 2.2435892 3.7462181
1.9661489 2.2437749 3.7478618
0.84545017 1.8045117 5.0092099
0.84505071 1.8051235 5.0095153
0.84709123 1.8057387 5.011003
0.84774418 1.8060335 5.0107072
0.84739081 1.8052253 5.0138298
0.84485245 1.8068931 5.0151231
0.84592338 1.8067679 5.0158937
0.84592947 1.8096823 5.0148779
0.84813705 1.8073001 5.0130562
0.84553377 1.8095207 5.0109345
0.84999988 1.8082643 5.0103327
0.85116902 1.8089434 5.0100676
0.85265174 1.8083177 5.0108584
0.84724323 1.8060405 5.0110157
0.84634488 1.8055564 5.0114999
0.84421214 1.8049393 5.009948
4.681789 1.408639 2.8328749
4.6792709 1.407475 2.832161
4.6805125 1.4059563 2.833051
4.6790892 1.4045719 2.8338823
4.681658 1.4058491 2.8337205
4.6810965 1.4050414 2.8329943
4.6808259 1.4073197 2.832366
4.681256 1.4052456 2.8330697
4.6802315 1.4068961 2.8307733
4.682935 1.4047054 2.8300484
4.031355 1.8736326 2.4526043
4.0311058 1.873449 2.4542266
4.0283662 1.8721481 2.4553269
4.0311637 1.8756607 2.456996
4.0306298 1.8737936 2.4578863
4.032067 1.8745194 2.4592222
4.0330493 1.8703274 2.4603205
4.0308655 1.8705945 2.4574267
4.0341241 1.8685384 2.457804
4.029856 1.8712559 2.4550298
4.0298679 1.8728158 2.4550882
4.026624 1.8745958 2.4527804
4.9460758 2.7203918 5.1087147
4.9442383 2.7218099 5.1076957
4.9484946 2.7210779 5.1093705
4.9455682 2.7199407 5.1085263
4.9489842 2.7160912 5.1103486
4.9442644 2.7171956 5.1097853
4.9448345 2.7185942 5.1091504
4.9465104 2.7220144 5.1101592
4.9438631 2.7210445 5.1081842
4.9455296 2.720317 5.1088265
4.9425391 2.7192729 5.10658
4.9431424 2.7205112 5.1084751
4.9479614 2.720235 5.111579
4.9467318 2.7219746 5.1099006
4.9467354 2.7186972 5.1084746
4.9407829 2.7173097 5.104777
4.943762 2.7181744 5.1101215
4.9460043 2.7187428 5.1125566
1.8172746 0.83070399 2.1797538
1.8180748 0.83112528 2.1795751
1.8198582 0.83094286 2.1765526
1.8217877 0.83188564 2.1760247
1.8226458 0.83210158 2.1741991
1.8176504 0.83377743 2.1781361
1.8143269 0.83540856 2.1805474
1.8126911 0.83400088 2.182762
1.8152449 0.83242641 2.1788943
1.8171929 0.83025045 2.1795726
1.8178568 0.83222585 2.1829967
1.8194711 0.83243796 2.1823941
1.8210959 0.8345788 2.1798146
4.8482245 2.0616525 0.40938942
4.8494304 2.0584896 0.40834198
4.8498368 2.0572268 0.40762419
4.8490277 2.0608363 0.40535337
4.8470172 2.0623387 0.40483178
4.849709 2.0635315 0.4093319
4.8502689 2.0604676 0.40935484
4.850539 2.058558 0.41241354
4.8492794 2.0580389 0.40934319
4.8507096 2.0601297 0.41090871
4.8510135 2.0622947 0.40978429
4.8513797 2.0632397 0.41040104
4.8479285 2.061892 0.40960674
4.8482812 2.061238 0.40808012
4.8509988 2.0632451 0.41092161
4.8503783 2.0647301 0.41101577
4.8505304 2.0639144 0.41085614
4.8507499 2.0644779 0.409799
4.8491474 2.0647214 0.40844586
4.848288 2.0639848 0.40590416
4.8488597 2.0651434 0.40857399
4.8490942 2.0632283 0.40853724
4.852979 2.0655106 0.41183367
4.8483545 2.0636604 0.410631
4.8506967 2.0621513 0.41129437
4.8494581 2.0610064 0.41216695
1.8298107 2.3753248 4.3235373
1.832647 2.3735849 4.3256689
1.8278344 2.3742071 4.3194625
1.8282557 2.3704766 4.3178378
1.8251141 2.3676324 4.3157101
1.8279168 2.3672593 4.3169434
1.8282297 2.3678969 4.317378
1.8306758 2.3713656 4.3196284
1.8309047 2.3737302 4.3192327
1.8327433 2.3744088 4.3204857
1.8278887 2.374263 4.3182232
1.824792 2.3718108 4.3162925
1.8217809 2.3738104 4.3142251
1.8199275 2.3723883 4.3143
1.8229875 2.3753589 4.3142413
1.8215886 2.3750491 4.3141361
1.8247558 2.3781436 4.3123083
3.2142138 2.3653651 2.2814819
3.2178112 2.3661972 2.2838707
3.2192003 2.3679481 2.2881745
3.2226829 2.3653278 2.2934362
3.2142673 2.3655157 2.2905303
3.2194951 2.363054 2.2917877
3.2155993 2.3648396 2.2887943
1.9617154 2.2429764 3.7425407
1.9634178 2.2408241 3.7452874
1.9672715 2.2403434 3.7491394
1.9601597 2.2407655 3.7445376
1.9603816 2.2431379 3.7454502
1.9585587 2.2444943 3.7402386
1.966299 2.2469615 3.7446983
1.9691209 2.2452497 3.7446434
1.9704407 2.2462414 3.7479115
0.84575692 1.8046549 5.0132126
0.84580471 1.8059119 5.010962
0.84992148 1.8084878 5.0117941
0.84843486 1.8116767 5.0110863
0.84769458 1.8083111 5.0126331
0.84406618 1.8093445 5.0122542
0.84694372 1.8054992 5.0132185
0.84599762 1.8061709 5.0132663
0.84824246 1.8037133 5.0105711
0.84599585 1.8056996 5.0096474
0.85171809 1.8076585 5.0094634
0.84988196 1.8077187 5.0085109
0.84853034 1.8071827 5.0107488
0.84383994 1.8051356 5.0119138
0.84481011 1.8059323 5.0112994
0.84396579 1.8030772 5.0106293
4.6823429 1.4034158 2.8323493
4.6798915 1.404751 2.8323895
4.6826076 1.4058429 2.8331607
4.6816878 1.4062907 2.8314541
4.6857793 1.4071413 2.8308443
4.6826481 1.404818 2.8308078
4.6808691 1.4063202 2.8320414
4.682042 1.4023901 2.8333867
4.6820512 1.4046356 2.8308809
4.684336 1.4040333 2.8294834
4.0305593 1.8751722 2.4539262
4.0292756 1.8744105 2.4541038
4.0289233 1.8714523 2.456981
4.0297841 1.871049 2.4551263
4.0289898 1.8720712 2.4561654
4.0288745 1.8750117 2.457748
4.0307876 1.871987 2.4593859
4.031531 1.8720949 2.4600808
4.0337268 1.87027 2.4594148
4.030559 1.8733261 2.4556819
4.0315092 1.8742962 2.4543466
4.031167 1.8744826 2.4524751
0 0 0
4.9447068 2.720846 5.1088438
4.9467668 2.7199834 5.1085325
4.9463078 2.7181291 5.1099694
4.9533852 2.7153033 5.1136828
4.9503807 2.7156337 5.1126353
4.9494637 2.7174915 5.1109189
4.9461065 2.7192183 5.1071159
4.9447235 2.7200769 5.1072477
4.9464086 2.719122 5.1069759
4.9401917 2.7187465 5.1035674
4.9378424 2.7208812 5.1030441
4.9430192 2.7209784 5.1063726
4.9438673 2.7212007 5.1076471
4.9472841 2.7192057 5.1089317
4.9451779 2.7176305 5.109038
4.9464812 2.7188145 5.1099184
4.9506432 2.7201519 5.1126551
1.8163301 0.83361737 2.1798355
1.8155255 0.83166657 2.1830378
1.8164672 0.83166923 2.1827548
1.8197664 0.82884876 2.1792689
1.8212369 0.8299265 2.1761902
1.8183643 0.83175672 2.1785867
1.8126456 0.83660933 2.1817377
1.8126309 0.83502828 2.1856021
1.815599 0.83429166 2.1803318
1.8216044 0.82907589 2.1798209
1.8199599 0.82910526 2.1803471
1.8202385 0.8296271 2.1789117
1.8177251 0.83139384 2.1794733
4.8478588 2.0597353 0.40817237
4.8516798 2.0569439 0.40883538
4.8534906 2.0536812 0.4082771
4.8523152 2.0597938 0.4061394
4.8489836 2.061638 0.40583529
4.8472073 2.0633461 0.41036586
4.84698 2.0583051 0.40925672
4.8477799 2.0582195 0.41191043
4.8487014 2.0575512 0.40791002
4.8535312 2.0616476 0.41098477
4.8531601 2.0647125 0.41140571
4.8522161 2.0646511 0.41117219
4.8476912 2.0621907 0.41212476
4.847653 2.0614888 0.40909308
4.8483581 2.0624617 0.40974355
4.8490247 2.0638564 0.40935154
4.8478877 2.0617764 0.41007971
4.8499273 2.0641689 0.41077046
4.8476051 2.0644985 0.40679415
4.8502196 2.064923 0.40832919
4.8486922 2.0633435 0.40817847
4.8492906 2.0622351 0.40970697
4.8548968 2.063669 0.41211042
4.8519498 2.062296 0.41061037
4.8547827 2.0623204 0.40968098
0 0 0
1.8344802 2.3763278 4.3274567
1.8372611 2.3736253 4.329777
1.8302311 2.3730553 4.3206486
1.8301022 2.3675449 4.3175503
1.8274784 2.3653701 4.3155482
1.8275691 2.3650479 4.3147898
1.8298584 2.3662971 4.3175315
1.8292123 2.3706886 4.3183529
1.8328697 2.3728616 4.3187846
1.8323405 2.3734759 4.319846
1.8281423 2.3724924 4.3163408
1.8250913 2.3734559 4.3178935
1.8231288 2.3751585 4.3174434
1.8233596 2.375224 4.3179401
1.8242261 2.3753103 4.3171658
1.8236611 2.3740719 4.3160595
1.8257682 2.3745166 4.3153802
0 0 0
3.2200995 2.3663625 2.2824862
3.2157706 2.3669246 2.2829539
3.2224181 2.364925 2.2909842
3.2136685 2.3647164 2.2922813
3.2190923 2.3646819 2.2937589
3.2161302 2.3658521 2.2915721
1.9606694 2.2451375 3.7402397
1.962095 2.2416804 3.7423911
1.9684828 2.2424418 3.7490829
1.9594047 2.2395815 3.7413968
1.9598082 2.2453053 3.7427124
1.958003 2.2451619 3.7377163
1.9666737 2.2478622 3.7440878
1.9718208 2.24533 3.7427301
1.9732984 2.2463786 3.7481562
0.84713533 1.8052304 5.0158121
0.84850707 1.8069809 5.0136641
0.85206959 1.8092828 5.014217
0.84715935 1.8123069 5.0114706
0.84498886 1.8074205 5.011638
0.84019097 1.8082107 5.0124274
0.84579816 1.8022656 5.0114705
0.84687974 1.8031143 5.0129409
0.85085566 1.8032365 5.0118707
0.84754806 1.8040872 5.0097841
0.84825173 1.8075388 5.0081313
0.84619223 1.8068166 5.0068136
0.84590653 1.8083089 5.010563
0.8450608 1.8058437 5.0141302
0.84571953 1.8055604 5.0144342
0 0 0
4.6837939 1.4015255 2.8297248
4.6822543 1.4038265 2.8291898
4.6834279 1.4057051 2.8291259
4.6819244 1.4056335 2.8304707
4.6824787 1.4079609 2.8302376
4.6810466 1.4033319 2.8322985
4.6794455 1.4056552 2.8335771
4.6827714 1.4025771 2.8331873
4.6846629 1.4004877 2.82973
4.6876858 1.4007043 2.8284117
4.0321536 1.8760387 2.4512799
4.0304153 1.8749785 2.4507133
4.0310581 1.8711107 2.4544539
4.0306512 1.8721281 2.453218
4.0294574 1.8718508 2.4553796
4.0297514 1.8750274 2.4589339
4.0294601 1.8723281 2.4591946
4.0312837 1.8721611 2.4611483
4.0303177 1.8696949 2.4580848
4.0312085 1.8713771 2.4562037
4.0338861 1.8721698 2.4544012
4.0344643 1.8727052 2.4543256
0 0 0
4.9394024 2.7184983 5.1043915
4.9450819 2.7195281 5.106725
4.950292 2.7159208 5.1122721
4.9593621 2.7138839 5.11937
4.9478431 2.7118148 5.1099851
4.9453175 2.7158225 5.1098394
4.9372538 2.7186667 5.1007719
4.9424688 2.7218438 5.1049529
4.9427273 2.7204959 5.1046914
4.930721 2.7192403 5.0965013
4.9333619 2.7220493 5.1024405
4.9337834 2.7226599 5.102096
4.9419745 2.7222946 5.1106091
4.9408845 2.7175969 5.1045717
4.9413998 2.7146217 5.1072347
4.9445227 2.71876 5.1048246
4.9504296 2.7214146 5.1099228
1.8156111 0.83380606 2.1813945
1.8161196 0.83221057 2.1844216
1.8151035 0.83423636 2.1845664
1.8186373 0.82969762 2.1805091
1.8188459 0.83249355 2.1768394
1.8174978 0.8319331 2.1777268
1.8121867 0.83818878 2.1831738
1.8149718 0.83583713 2.1856984
1.8164684 0.83368624 2.1808396
1.8226379 0.82739036 2.179024
1.8182288 0.82719889 2.1799096
1.8169848 0.82895402 2.1807371
1.8145572 0.83112803 2.1809608
