EulerAngles_0 EulerAngles_1 EulerAngles_2
4.4721361 2.4456304 5.2523807
4.4761873 2.4514247 5.262403
4.4701584 2.4392697 5.2667445
4.4649542 2.4448924 5.2605248
4.4545057 2.450435 5.2574775
4.4595364 2.4537485 5.2600152
4.4616815 2.4298589 5.2598965
4.4686787 2.4437324 5.2629626
4.4728778 2.4409942 5.2710534
4.4582284 2.4518318 5.2537541
4.4532692 2.452068 5.2528238
4.4739232 2.4370105 5.2616342
4.4554142 2.4500925 5.2418639
4.480239 2.4459832 5.2645233
4.460745 2.0283748 1.3573183
4.466463 2.0322043 1.354226
4.464555 2.0273916 1.3599094
4.4669397 2.0264801 1.3611904
0 0 0
4.4644787 2.0201945 1.3634334
0 0 0
4.4776498 2.0366055 1.3723059
4.4601994 2.0301269 1.3558548
4.4810756 2.0294284 1.3632723
4.4653226 2.0243755 1.3552809
4.4753341 2.024448 1.3596991
4.465746 2.0327662 1.3602264
4.4761888 2.0234914 1.3785276
4.4747909 2.0316913 1.3615485
4.4625097 2.0226686 1.3529286
0 0 0
4.4709138 2.0281115 1.3578495
4.4667047 2.0202657 1.3749165
4.4784641 2.0323813 1.3587219
4.4694566 2.0234692 1.3590724
4.4776385 2.022884 1.3616519
0 0 0
4.4650756 2.0243336 1.3564625
4.4627613 2.0198859 1.3489806
2.1792364 1.6523764 6.0922487
2.1789422 1.6518981 6.0931665
2.1786862 1.6666451 6.1006277
2.1795926 1.6555513 6.0944145
2.1882013 1.665828 6.0915798
2.1730216 1.6500717 6.0931287
2.1783012 1.652508 6.0925634
2.1751498 1.6596593 6.0917258
0 0 0
0 0 0
2.1842321 1.6549424 6.0880864
2.1783328 1.6572521 6.106145
2.1796904 1.6555814 6.0996916
2.1798824 1.6537946 6.0939401
2.1784918 1.6569802 6.0936602
2.1808416 1.6576054 6.080487
2.1793526 1.6532436 6.1026455
2.1780074 1.6472457 6.0901052
0 0 0
2.1806584 1.6527872 6.094653
2.1838823 1.6524872 6.0939852
2.1888126 1.6569823 6.0885329
2.1837363 1.6559317 6.0891666
3.8664878 1.8705833 3.0155928
3.8529036 1.8675057 3.0189946
3.8620058 1.8734705 3.0157601
3.8585786 1.8760344 3.0161412
3.8658483 1.8698165 3.0186788
3.8591218 1.8692083 3.0123032
3.8587427 1.876105 3.0127087
3.8620714 1.8656486 3.0093568
3.8726875 1.8730711 3.0209339
3.8597997 1.8779286 3.0075693
3.8601868 1.8713294 3.0186532
3.8614043 1.8829825 3.0227211
0 0 0
3.8695702 1.8820377 3.0184311
3.8554962 1.8667071 3.0185868
3.8651051 1.8691239 3.0136508
1.8338825 2.6665723 3.5607809
1.8322538 2.6671148 3.5590688
1.8384838 2.676656 3.5578163
1.8444183 2.6631786 3.5686991
1.8386572 2.6649951 3.5643013
1.832046 2.6597967 3.5583912
1.833047 2.6712168 3.5566177
1.8345214 2.6685916 3.5602702
1.8513747 2.6595265 3.5787914
1.8359587 2.6659688 3.562751
1.8489696 2.663774 3.5794511
1.8177747 2.6692816 3.5512848
1.8491078 2.67365 3.5761518
1.8123205 2.6608191 3.541145
1.825948 2.6689007 3.5612027
1.8499585 2.6742575 3.5771722
1.3454559 2.0169068 6.0897818
1.3584154 2.0173696 6.1028716
0 0 0
1.3413332 2.0207043 6.0819137
1.3380307 2.0235463 6.085209
1.3546239 2.0162404 6.0839988
1.3438283 2.0115962 6.0825681
1.3436682 2.0216296 6.0850958
1.3603631 2.022859 6.0914179
1.3499401 2.0122696 6.093216
1.3570293 2.0086105 6.0831544
1.3553185 2.0163676 6.0932032
1.3391762 2.0221514 6.0811469
1.3479741 2.0187365 6.0861339
1.3471617 2.0099573 6.0838796
1.3398419 2.0275856 6.092735
3.6443808 1.7148175 3.1360984
0 0 0
3.6443832 1.7150239 3.1345417
3.6419042 1.707316 3.1354482
3.6487599 1.7275613 3.1398169
3.6449629 1.7036931 3.1377041
3.6466649 1.7155677 3.1386067
3.6460976 1.7162741 3.13804
3.6460104 1.7204294 3.1388741
3.793958 2.6391591 2.0585357
3.8034304 2.6326053 2.0754907
3.7878695 2.6224892 2.0723244
3.7796563 2.6233871 2.0664584
3.780776 2.6342304 2.0621582
3.7886004 2.6345045 2.0691253
3.7981381 2.6319552 2.0708393
3.7905822 2.6301022 2.0685306
3.8002129 2.6197918 2.0753835
4.4590554 2.4532481 5.2652919
4.4672653 2.4563516 5.2584595
4.4713928 2.4444777 5.2659512
4.4642559 2.4442634 5.2593597
4.4752499 2.4450011 5.2670759
4.4774204 2.4450965 5.2643357
4.4563289 2.4408775 5.257679
4.470205 2.4451943 5.2607164
4.4634154 2.4445577 5.2589768
4.4655751 2.4447216 5.2626468
4.4642285 2.4446303 5.2608058
4.467458 2.4374464 5.2624303
4.4498067 2.4429875 5.2416725
4.4725742 2.4491566 5.2600476
4.4707532 2.0270024 1.3592035
4.4700592 2.0371127 1.3668299
4.4598402 2.0289113 1.3589724
4.4665671 2.026287 1.3611879
4.4680806 2.0231811 1.3578003
4.4663024 2.0261205 1.3597903
4.4663742 2.0261366 1.3598454
4.4636959 2.0336142 1.3599621
4.4627928 2.0298469 1.3541091
4.4675526 2.0261045 1.3625034
4.4731571 2.0354527 1.3646512
4.4674055 2.0265388 1.3611392
4.4684371 2.0293955 1.3598278
4.4661483 2.0197609 1.3634996
4.467813 2.0255031 1.3667758
4.4688676 2.026059 1.3578566
4.4655669 2.0295965 1.3617738
4.4702457 2.021246 1.3615199
4.4662471 2.026845 1.3618169
4.4672105 2.0244335 1.3645637
4.4710787 2.0242593 1.3579078
4.4713995 2.0179946 1.3602944
4.4675341 2.0235906 1.3573482
4.4779999 2.0269973 1.3614589
4.4772724 2.030869 1.3558794
0 0 0
2.1791991 1.6376036 6.0940544
2.1775956 1.6513498 6.0967018
2.177096 1.6562832 6.0990744
2.1759231 1.6534245 6.0962209
2.1763294 1.6505272 6.0961502
2.176099 1.6544105 6.0994271
2.1761385 1.659118 6.0905982
2.1712063 1.6541542 6.0912913
2.1703598 1.6526711 6.0890006
2.1799235 1.6533654 6.0925193
2.1815279 1.6505009 6.1037863
2.1803255 1.6537458 6.094174
2.1794212 1.6538961 6.0929337
2.1781331 1.6534064 6.0955604
2.1794151 1.6536302 6.0869749
2.1793152 1.651012 6.0988772
2.1788555 1.6508971 6.1003823
2.1808138 1.6525436 6.1002843
2.1808708 1.6520392 6.0950335
2.1803136 1.653722 6.0926555
2.1795755 1.6539432 6.0909611
2.1795344 1.653126 6.0933641
0 0 0
3.8607735 1.8678117 3.0108073
3.8583549 1.8669043 3.0120387
3.8661165 1.8698852 3.0189768
3.8661269 1.8701306 3.0178761
3.8611772 1.8686043 3.014067
3.8677204 1.8640821 3.0277883
3.8650509 1.8648643 3.0279189
3.8635395 1.8719454 3.016957
3.8575389 1.8653745 3.0133551
3.8613045 1.8697384 3.0153785
3.864403 1.8714791 3.0196008
3.8692518 1.873628 3.0278731
3.8655265 1.8687667 3.0163492
3.8592911 1.8693288 3.0159933
3.8608597 1.8699889 3.0157656
1.8530436 2.6654983 3.5684653
1.8509109 2.6646246 3.5673483
1.8138122 2.6663699 3.5417088
1.8206508 2.6565477 3.5441117
1.8276492 2.6581122 3.5468459
1.8427022 2.6671202 3.5627211
1.8405181 2.6709082 3.5622054
1.8334514 2.6672862 3.5589698
1.8296131 2.6649959 3.5584508
1.8279996 2.6565546 3.5600255
1.8383908 2.6653818 3.5648044
1.8465416 2.6600995 3.5681598
1.8371923 2.6731512 3.5579688
1.8164837 2.6630744 3.5387801
1.8325734 2.6646893 3.5540263
1.8213233 2.660817 3.5434137
1.3395956 2.015946 6.0877549
1.3539541 2.0069722 6.0860241
1.3575687 2.0154282 6.1004535
1.3447318 2.0036264 6.0846587
1.3408956 2.0166647 6.0933777
1.3432795 2.0175773 6.0848718
1.348365 2.0131876 6.0819757
1.3449907 2.0166409 6.0855676
1.3474293 2.0180543 6.0881997
1.3442573 2.0156096 6.0861157
1.3438368 2.0165292 6.0854765
1.3391042 2.0212795 6.0815963
1.3404618 2.023223 6.0827988
1.3433147 2.0126465 6.0904218
1.3369924 2.0168422 6.0880307
1.3377047 2.0173415 6.0875564
3.6437238 1.7145352 3.1358592
3.6469919 1.7157206 3.1361782
3.6494431 1.7179022 3.1339294
3.6509079 1.7137742 3.1384328
3.6469302 1.7146354 3.1372097
3.6454592 1.7056235 3.1433913
3.6465671 1.7109025 3.1461729
3.6460871 1.7146599 3.1375681
3.6435305 1.7122823 3.1431491
3.649518 1.7222808 3.1500493
3.7920092 2.6241883 2.0725903
3.8063377 2.6277022 2.0840682
3.7906705 2.6303907 2.0654565
3.793857 2.6304413 2.0689665
3.7928151 2.6364108 2.069735
3.7873408 2.6295262 2.0634959
3.7908481 2.6286975 2.0675581
3.8047378 2.6244725 2.0852859
4.4518225 2.44407 5.2431229
4.474851 2.4532689 5.2634553
4.4719325 2.4536068 5.2610019
4.4701994 2.4461953 5.2590327
4.47199 2.4488763 5.2666932
4.4827908 2.4402028 5.276452
4.4714069 2.4501435 5.2732006
4.4576205 2.4443684 5.2495607
4.4601018 2.4453357 5.2539012
4.4576998 2.4509242 5.2620523
4.4536128 2.4486197 5.2575084
4.482293 2.4382862 5.2667431
4.4684108 2.451141 5.2626061
4.4731714 2.4521147 5.2614596
4.4633666 2.0268706 1.3511991
4.4726253 2.0338111 1.3682635
4.4668642 2.0236368 1.3566772
4.4665548 2.0275679 1.3635599
4.4751505 2.0198008 1.3697484
4.4804111 2.025135 1.368437
4.470914 2.0159315 1.3603152
4.4668206 2.0272201 1.3608457
4.4667324 2.0268286 1.3614158
4.4688803 2.0232847 1.3632019
4.475548 2.0334692 1.3663111
4.4670621 2.0252218 1.3597507
4.4665292 2.0270256 1.360037
4.4656418 2.0293551 1.3607931
4.4643139 2.0272334 1.3596831
4.462355 2.0240712 1.3593208
4.4648669 2.0300502 1.3622383
4.4742854 2.0255906 1.3636513
4.4664927 2.0262582 1.3599766
4.4648541 2.0258812 1.3619345
4.4712381 2.0267327 1.3641382
4.4752183 2.0255909 1.3668042
4.4697252 2.0243184 1.3571955
4.4740297 2.0235297 1.3587975
4.4698222 2.0292212 1.3548979
0 0 0
2.1794134 1.6417145 6.1014704
2.1851136 1.6546145 6.0989784
2.1799132 1.6597064 6.0901259
2.1711474 1.6574751 6.0925777
2.1704115 1.6569837 6.0913041
2.1731976 1.6587203 6.0971956
2.1715093 1.6540358 6.0965946
2.173047 1.651325 6.0983407
2.1755096 1.655964 6.0968323
2.1762814 1.6543353 6.0928127
2.1781529 1.659176 6.0971459
2.1817704 1.6568764 6.0934492
2.1799749 1.6536673 6.0970659
2.1804703 1.6537543 6.0946581
2.1880357 1.6556792 6.0906384
2.1803426 1.6481049 6.0958759
2.1832435 1.6534501 6.0960858
2.178028 1.6502295 6.1013474
2.1781585 1.6522525 6.0917032
2.181737 1.6570857 6.0936366
2.1803956 1.6566709 6.0936923
2.1818888 1.6547685 6.0941543
3.8653772 1.869704 3.0181859
3.8611233 1.8675901 3.0088427
3.8624671 1.8681482 3.0139591
3.8589865 1.8688648 3.0139479
3.8618995 1.8716254 3.0197451
3.860718 1.8634858 3.0220159
3.8610378 1.8606096 3.0158028
3.8631783 1.8623952 3.0142091
3.866759 1.8724703 3.0146227
3.8549142 1.8656457 3.0125125
3.8540611 1.8693474 3.0108767
3.8657988 1.8678388 3.0180435
3.854518 1.8721076 3.0159199
3.8597423 1.8705915 3.0102443
3.8664243 1.8704453 3.0174988
3.8718424 1.8710203 3.0160623
1.84152 2.6669656 3.5775439
1.8191808 2.6663715 3.5459233
1.8222817 2.6590112 3.5521003
1.8330373 2.6655129 3.5673486
1.8341505 2.6662542 3.5597415
1.8440064 2.6661656 3.5623514
1.8395682 2.6639395 3.56512
1.8370233 2.6653027 3.5593112
1.8309568 2.66319 3.5526573
1.8306776 2.6553232 3.5595906
1.8357606 2.6650974 3.5617034
1.8376832 2.6588653 3.5611986
1.841544 2.6591981 3.5619778
1.8223059 2.663018 3.5445891
1.8144221 2.667502 3.537129
0 0 0
1.3416419 2.0157634 6.0844304
1.3422033 2.0230449 6.0760285
1.3511762 2.0276011 6.0840242
1.3420785 2.0067103 6.0710456
1.3539018 2.0217284 6.0781881
1.3473039 2.0307281 6.0900386
1.3520937 2.0164467 6.0899254
1.3450865 2.01662 6.0861096
1.344908 2.0167721 6.0863263
1.3425542 2.0177524 6.0869165
1.3460604 2.0164039 6.0874558
1.3467985 2.0161103 6.0859662
1.3392308 2.013988 6.0842303
1.3392182 2.0118456 6.0779128
1.3430278 2.0140914 6.075481
0 0 0
3.646557 1.7177912 3.135988
3.6474526 1.7154707 3.1370151
3.6559903 1.7177451 3.1348841
3.653283 1.7186322 3.1308043
3.6489406 1.7219602 3.135742
3.6463542 1.7140117 3.1377548
3.6468022 1.7135347 3.1377753
3.645438 1.7153579 3.1352781
3.6485972 1.7151994 3.1365224
3.6447422 1.7159843 3.1374302
3.6520783 1.7211328 3.1474015
3.7779491 2.6305441 2.0522173
3.7957928 2.6294369 2.0755394
3.7800838 2.6248218 2.0654369
3.7943471 2.6264398 2.0830739
3.7856122 2.6341662 2.0651795
3.7909576 2.6273193 2.0658218
3.7860813 2.6288294 2.0614226
4.4648254 2.4448044 5.2600995
4.4673182 2.4459719 5.269252
4.468291 2.4428728 5.2676076
4.4695773 2.4435402 5.2629702
4.4759071 2.4445235 5.2649309
4.4703747 2.4396121 5.2556116
4.4729718 2.4451704 5.2567322
4.4557452 2.4522448 5.2582756
4.4636042 2.4432276 5.2569056
4.4705353 2.4456826 5.2679752
4.4612388 2.442514 5.2608256
4.4842994 2.4370059 5.2712413
4.4745306 2.4429005 5.2619113
4.459143 2.4537104 5.2650317
4.4751424 2.0355671 1.3554273
4.4666884 2.0283669 1.365135
4.4712673 2.0277555 1.3593409
4.4694035 2.0252562 1.3675238
4.470011 2.0321322 1.3649746
4.4798458 2.0225051 1.3720268
4.4679478 2.0187173 1.36984
4.4670407 2.0276255 1.360512
4.4666889 2.0258196 1.3649116
4.4683205 2.0265203 1.3653138
4.4662854 2.0229972 1.3641892
4.4644495 2.026101 1.3576835
4.4670754 2.0272056 1.3608049
4.467741 2.0267659 1.3613227
4.4630055 2.0235076 1.3616518
4.4690944 2.0262606 1.3685935
4.4677791 2.0276137 1.3619779
4.4678886 2.0257168 1.3533448
4.4635514 2.0234684 1.3533145
4.4667073 2.0304628 1.3643111
4.4717431 2.031888 1.3681511
4.4698579 2.0301328 1.3674693
4.471506 2.0287377 1.369771
4.4709348 2.0261471 1.3686956
4.4685644 2.0275871 1.3619567
2.1799023 1.6540472 6.09251
2.1793539 1.6546917 6.0912136
2.176256 1.649697 6.0945316
2.1746231 1.6557576 6.0904646
2.1802035 1.6537991 6.0959908
2.1825013 1.6532695 6.0943745
2.1742763 1.6458519 6.0884584
2.1748493 1.6433469 6.0961067
2.1697521 1.6530899 6.0960741
2.1746496 1.653627 6.0903175
2.1782251 1.6543532 6.0993381
2.1809854 1.6607383 6.0948612
2.1800132 1.6541605 6.0919468
2.1780413 1.6505395 6.0941838
2.1766649 1.6534973 6.096562
2.1872796 1.6558546 6.0929881
2.1755445 1.6518393 6.0867126
2.1750088 1.6503735 6.0871745
2.1788658 1.6515859 6.1015111
2.1795805 1.6519707 6.1016954
2.1761262 1.654321 6.0985839
2.1781665 1.6504593 6.0959406
2.177639 1.6532432 6.0979914
3.8579495 1.8812826 3.0173861
3.8651442 1.8760366 3.0120142
3.8641132 1.8743954 3.0194265
3.8633399 1.8710765 3.015602
3.8647159 1.8678613 3.0133032
3.8628778 1.8713673 3.014938
3.8658911 1.868061 3.0183971
3.8674446 1.8724913 3.0124608
3.8638847 1.871852 3.0135815
3.8669574 1.8696287 3.0086589
3.8703243 1.8743244 3.0151666
3.8735487 1.8701702 3.0203014
3.8644645 1.8729569 3.0258757
3.8707544 1.8795055 3.0244407
3.8575481 1.8720401 3.0141381
3.8599588 1.8843691 3.0190269
1.8485779 2.6613093 3.5791829
1.8364304 2.6670928 3.5618264
1.8386587 2.6694569 3.5703087
1.8413445 2.6678847 3.5697631
1.8350448 2.6684779 3.5627489
1.8420469 2.6597558 3.5644151
1.853884 2.6648981 3.5751638
1.8477899 2.6678015 3.5787759
1.8267694 2.6681895 3.5565658
1.840619 2.6634613 3.5603449
1.8338838 2.6619151 3.5590753
1.8426483 2.6637811 3.563666
1.8378126 2.6599772 3.5582551
1.8451741 2.6610064 3.5700813
1.8357267 2.6632954 3.5625905
0 0 0
1.3489912 2.0084897 6.0830405
1.3443115 2.0158127 6.0826844
1.3450459 2.0155836 6.0855475
1.3437063 2.0179853 6.0826326
1.3401833 2.0131857 6.0761899
1.3380573 2.0270763 6.0873892
1.3447875 2.0132802 6.0846691
1.3440811 2.0170215 6.0909903
1.3452145 2.0145906 6.0919127
1.3418557 2.013645 6.0872699
1.3464476 2.014286 6.0903091
1.342212 2.0172675 6.0842834
1.3434474 2.0165399 6.0848958
1.345841 2.018195 6.086651
1.3450347 2.017484 6.0859224
1.3419469 2.0234793 6.0805933
3.6424551 1.7132848 3.1240384
3.6483222 1.7154742 3.1400923
3.6483652 1.7143323 3.1375306
3.647901 1.7187964 3.1412143
3.6446562 1.7164402 3.1362875
3.6404164 1.7150032 3.1385038
3.643111 1.7177709 3.1420589
3.6447984 1.7147259 3.1392814
3.6500083 1.7178618 3.1409351
3.6408674 1.721949 3.1379484
3.6542812 1.7150672 3.1359234
3.6535853 1.7011592 3.141097
3.7889535 2.6225501 2.0665273
3.7883961 2.6274111 2.06745
3.8033588 2.6259485 2.0781246
3.7839163 2.6302642 2.0607298
3.7842899 2.630014 2.0616065
3.7938515 2.6316925 2.0736325
4.4572531 2.4358715 5.2553672
4.4566723 2.4431956 5.2492032
4.4703359 2.4406432 5.2596194
4.4760772 2.4437874 5.2678885
4.4744414 2.4384828 5.2644744
4.4668956 2.4439147 5.2614455
4.4644103 2.4485514 5.2554772
4.4538818 2.4530467 5.2547159
4.4734167 2.4480022 5.2678799
4.4668857 2.4440295 5.2623859
4.4609371 2.4394917 5.2621157
4.4766795 2.4334487 5.2623367
4.4683256 2.4416852 5.2555339
4.4621378 2.4568389 5.2573819
4.4666612 2.0267572 1.357412
4.4669286 2.0270445 1.3613066
4.4661775 2.0262168 1.3616078
4.466663 2.0317943 1.3658766
4.4650128 2.0277227 1.360056
4.4670745 2.0244126 1.3615576
4.4721564 2.0255767 1.3640257
4.4672774 2.0292461 1.362145
4.4674685 2.0264843 1.3620343
4.467134 2.0267683 1.3611957
4.4656134 2.0216761 1.3526129
4.4662318 2.0278721 1.3616152
4.4670857 2.0298991 1.3627167
4.4662386 2.0257332 1.362713
4.4662662 2.0255938 1.3621135
4.4650776 2.0221575 1.3668899
4.4697924 2.0250366 1.3629121
4.4635157 2.0233337 1.3599691
4.4635611 2.0271655 1.3587306
4.4699086 2.0322563 1.3617864
4.4705933 2.0266662 1.3588269
4.4637918 2.0248846 1.363301
4.4647302 2.023712 1.3602538
4.4662985 2.0312719 1.3625611
4.464257 2.0215475 1.3704683
2.1810489 1.6544146 6.0927921
2.1818607 1.6553176 6.0967628
2.1771499 1.6505498 6.097272
2.177046 1.6525407 6.092872
2.1775069 1.6524414 6.093605
2.1799691 1.6538303 6.0929212
2.1797988 1.6458776 6.0953038
2.1790727 1.6534608 6.0952351
2.1761737 1.6490097 6.0976055
2.1812111 1.6606956 6.0941926
2.1754038 1.6566948 6.0995563
2.1838869 1.6495513 6.0945005
2.1816495 1.6530752 6.1020093
2.1744734 1.653726 6.0981525
2.1796086 1.656677 6.0944629
2.1807274 1.6563602 6.0939329
2.1763584 1.6562614 6.084946
2.179369 1.6525719 6.0902731
2.1856311 1.6526139 6.0944473
2.1807831 1.6557575 6.092242
2.181558 1.6562355 6.0894145
2.1803736 1.6595623 6.0910744
2.1886488 1.6552731 6.0943209
3.864026 1.8746184 3.0148809
3.8642465 1.8731305 3.0242976
3.864412 1.8714589 3.0236763
3.8638306 1.8733452 3.0192788
3.863386 1.8675832 3.0130818
3.8714586 1.8687106 3.0153856
3.8600042 1.8635567 3.0126356
3.8652522 1.8737384 3.0156711
3.8637039 1.8723317 3.0123862
3.8651536 1.869919 3.0181581
3.8676339 1.8765009 3.0162044
3.8678874 1.8679555 3.0155963
3.8657062 1.8715356 3.0205375
3.87178 1.8763599 3.0249192
3.8621376 1.8740382 3.0144807
3.8647784 1.8695838 3.0191272
1.8261437 2.660911 3.5609717
1.8444563 2.6619699 3.5778193
1.8293045 2.6577859 3.5620795
1.83002 2.6581581 3.5621352
1.837217 2.6688087 3.5647337
1.8465532 2.6640939 3.5651556
1.8320673 2.6672048 3.5607626
1.8269723 2.6650605 3.556451
1.8293924 2.6677556 3.5548947
1.840121 2.6673596 3.565281
1.828458 2.6676205 3.5493687
1.8266241 2.6630519 3.5473105
1.8371021 2.6672071 3.5625075
1.8398885 2.6557365 3.5639197
1.836554 2.6560708 3.5593926
1.8192955 2.6653245 3.539008
1.3396521 2.0124819 6.0697784
1.3414869 2.0094497 6.0795811
1.3453511 2.0162435 6.0846111
1.3432272 2.0134085 6.0810604
1.3434589 2.0135388 6.0817321
1.342753 2.0159985 6.0862219
1.3446307 2.0157474 6.085261
1.3458635 2.016822 6.0866936
1.3452514 2.0162292 6.0856996
1.3449813 2.0159054 6.0856142
1.3481052 2.0118721 6.0852917
1.342394 2.0147468 6.0853188
1.3391845 2.0193726 6.0853543
1.3398268 2.0207629 6.0827724
1.3463091 2.0225595 6.088234
1.3389494 2.0192902 6.0916064
3.6576864 1.7174685 3.1372125
3.6474876 1.712828 3.1394724
3.6517378 1.7119345 3.1452768
3.6419595 1.7190124 3.1369879
3.6450627 1.7156929 3.1377159
3.6458588 1.7138108 3.137829
3.6456164 1.71078 3.142989
3.6444949 1.7181737 3.1345256
3.6416763 1.7119714 3.1333225
3.6376229 1.7114748 3.1356346
3.6461069 1.7097746 3.1322682
3.6457131 1.7165674 3.1370893
3.6347625 1.7087164 3.1291361
3.7873083 2.6206391 2.0592339
3.8061579 2.6293956 2.0794282
3.7915439 2.6285803 2.0688005
3.7891888 2.6277775 2.0649374
3.7942885 2.6269408 2.0738219
4.467265 2.4452728 5.2708433
4.4685398 2.4364835 5.2651702
4.4773467 2.4412176 5.2656648
4.4720932 2.4429011 5.2616472
4.4673892 2.4447502 5.2544711
4.47274 2.4500908 5.2654468
4.4661895 2.4516809 5.2643185
4.4705959 2.4476394 5.2700484
4.4621065 2.4442851 5.2643122
4.4653299 2.4517258 5.2630047
4.4658157 2.4439044 5.2606983
4.4643635 2.4439025 5.2530845
4.4635222 2.4443858 5.2627669
4.4719422 2.444722 5.2717547
4.4630812 2.0185681 1.3650895
4.4656496 2.0255866 1.3620126
4.4662132 2.0287199 1.3673197
4.4551 2.0215957 1.3594152
4.4668803 2.0259258 1.3605946
4.4666018 2.0229644 1.3622236
4.456806 2.0254543 1.3622345
4.4599735 2.0286116 1.366874
4.4751473 2.0297591 1.3567451
4.4736702 2.0269285 1.354584
4.4595801 2.023282 1.3502479
4.4656559 2.026158 1.3631484
4.4707754 2.0288013 1.3614732
4.4669964 2.0260125 1.3621564
4.4699012 2.0255754 1.3667261
4.4675243 2.0211288 1.3654339
4.463007 2.0245476 1.3604248
4.465827 2.0234573 1.3593751
4.4636943 2.0236412 1.3590326
4.4681598 2.0276223 1.3641747
4.4657803 2.0315852 1.357878
4.4676526 2.0299151 1.3555172
4.4654528 2.0260867 1.3620978
4.464788 2.0307133 1.3655032
2.1800739 1.6510712 6.0893322
2.1828866 1.6544498 6.0901001
2.1763722 1.657913 6.0943985
2.1775627 1.6536352 6.1000536
2.1778773 1.6514036 6.0875738
2.1787491 1.6527152 6.0883021
2.179282 1.6554796 6.0914866
2.1803485 1.6499489 6.0930579
2.1729489 1.6532792 6.0950932
2.1782689 1.6482617 6.0951505
2.1788645 1.6608489 6.0938658
2.1822809 1.6625411 6.0963453
2.1831113 1.6588231 6.09036
2.1831706 1.6581169 6.099453
2.1783005 1.64963 6.0929498
2.180269 1.6537035 6.0935515
2.1729782 1.6582229 6.0867119
2.1702768 1.6472673 6.0884069
2.176264 1.6497325 6.0975894
2.1812287 1.6535148 6.0922705
2.1788136 1.654045 6.091329
2.183344 1.6551581 6.0961498
2.1821914 1.6531925 6.0969212
2.1788507 1.6538716 6.0919552
2.1785152 1.6551554 6.0905183
3.8623933 1.8670026 3.0172236
3.8629142 1.8701624 3.0188343
3.8613408 1.8718333 3.0192756
3.8632091 1.8680626 3.0126056
3.8681361 1.8707462 3.0257975
3.8564049 1.8643631 3.0153422
3.8625592 1.8722099 3.0167407
3.8624679 1.8720502 3.0151437
3.8656412 1.8691729 3.0178666
3.8639302 1.8716827 3.0148748
3.8616735 1.8705181 3.0172517
3.865241 1.8690738 3.0203796
3.8639864 1.8774707 3.0200358
3.8594307 1.8682101 3.0136739
3.8768225 1.8632305 3.0226558
1.8390161 2.6652963 3.5663978
1.8424413 2.6647551 3.5685221
1.8335695 2.6684131 3.5636326
1.8372681 2.667347 3.5624119
1.8375716 2.6659979 3.5634912
1.8522971 2.665644 3.5730746
1.8274232 2.6729073 3.5561582
1.8389879 2.674144 3.5639128
1.8340597 2.6670603 3.5611089
1.8311953 2.6658511 3.5568514
1.8282253 2.6650911 3.5531692
1.8261423 2.6642703 3.5551401
1.8362073 2.6664046 3.562126
1.8364094 2.6664571 3.5619291
1.85439 2.6645191 3.5739215
1.8320771 2.6662157 3.5656101
1.8468981 2.6626963 3.5757031
1.3410927 2.0153347 6.071454
1.3466255 2.0114184 6.0850517
1.3447596 2.0121515 6.0789789
1.3532246 2.0107963 6.0901372
1.342959 2.0146505 6.089295
1.3468357 2.0192339 6.0861383
1.3481392 2.018198 6.0875096
1.3449413 2.0169972 6.0856081
1.3436372 2.0223795 6.083088
1.3421865 2.0152454 6.0781439
1.3464258 2.0131861 6.0832196
1.344987 2.0166172 6.0858543
1.342009 2.0161852 6.0803661
1.3435469 2.0142166 6.0864126
1.3433797 2.0156086 6.0858342
3.6419736 1.7248818 3.1404985
3.6550199 1.7159981 3.1463812
3.6549368 1.7106622 3.1444722
3.6435372 1.7200723 3.1356899
3.6488355 1.7136992 3.1437763
3.6498473 1.7069912 3.1403118
3.642559 1.710985 3.1409349
3.6419407 1.7206428 3.1387216
3.6448697 1.7198176 3.1371637
3.645399 1.714828 3.1375691
3.6449385 1.7137536 3.1365878
3.6455491 1.7138635 3.1374601
3.6467899 1.7120022 3.1370837
3.644058 1.7152992 3.1378946
3.7967492 2.6286502 2.0744494
3.796787 2.62989 2.0715485
3.7919283 2.6311461 2.0654296
3.786165 2.6296383 2.0638543
4.4655822 2.4442871 5.2610356
4.4640899 2.4441427 5.2593256
4.4702598 2.4450649 5.2635298
4.4694076 2.44422 5.2637468
4.4658861 2.4438446 5.2603657
4.4664117 2.4460393 5.2611374
4.467823 2.4464249 5.263233
4.4736379 2.4470345 5.2696617
4.4663267 2.443473 5.2689333
4.4643372 2.4509767 5.2601291
4.4651845 2.4452818 5.2603243
4.46339 2.4465747 5.2567816
4.4639357 2.4440764 5.2603061
4.465435 2.4443248 5.2623638
4.4593979 2.4420138 5.2583386
4.4624823 2.0328425 1.3697832
4.461059 2.0288557 1.3640078
4.4617883 2.0155673 1.3570918
4.466779 2.025367 1.3607598
4.4682022 2.0230645 1.3598322
4.4648014 2.0193184 1.3634106
4.469197 2.0301321 1.3602021
4.4659092 2.0267507 1.3651485
4.4717577 2.0278475 1.3715431
4.4692173 2.0182126 1.356538
4.4673864 2.0303176 1.3591987
4.4678775 2.0224356 1.3581591
4.4644492 2.0234088 1.3614827
4.4645933 2.0260156 1.3613499
4.4630759 2.0263928 1.3621324
4.4661131 2.0263912 1.3610468
4.4663715 2.0252474 1.3611404
4.4660549 2.025455 1.3612192
4.4704063 2.0230417 1.3611226
4.4737825 2.0241284 1.3593322
4.4685045 2.0245698 1.3580454
4.4693431 2.0195183 1.3667908
4.4715095 2.0251433 1.3694117
2.1660534 1.6523398 6.0858617
2.1799347 1.6537457 6.0931156
2.1810363 1.6548199 6.0932788
2.1832819 1.6558001 6.0929649
2.1812542 1.6496955 6.0922313
2.1804545 1.6535982 6.091616
2.1796935 1.6540271 6.0929285
2.1762454 1.6528703 6.0894515
2.1726761 1.6525152 6.096087
2.1754022 1.6512725 6.0950486
2.1784415 1.652967 6.094664
2.1826343 1.6534328 6.1019728
2.1808374 1.6536532 6.0929123
2.1885514 1.6549119 6.0935545
2.1852984 1.6520334 6.0925993
2.1805543 1.6539595 6.0933775
2.1812328 1.6590268 6.09316
2.185871 1.6510571 6.0918436
2.184895 1.6544447 6.0906775
2.1841651 1.6530314 6.0878598
2.1825832 1.6517052 6.0899001
2.1795072 1.65214 6.0948131
2.1814628 1.6545025 6.0949903
2.1797006 1.6559889 6.0946198
2.1906745 1.6511736 6.0930083
3.8646239 1.8618424 3.027878
3.8644054 1.870045 3.016395
3.8622968 1.8711313 3.0174247
3.862889 1.8702162 3.0143843
3.8652329 1.8745948 3.0204237
3.8641167 1.8707665 3.0161709
3.8675988 1.8707989 3.0200342
3.861591 1.8677605 3.0213011
3.8653029 1.8692361 3.018287
3.8643007 1.8683905 3.0199356
3.8597038 1.8686269 3.0178798
3.8566 1.8685584 3.0169749
3.8649625 1.8743768 3.0173707
3.8618868 1.8725087 3.0165524
1.8324382 2.6653918 3.5587356
1.8362343 2.6661662 3.5626035
1.8307277 2.6640383 3.5596677
1.836935 2.6711828 3.5643853
1.8425903 2.6610434 3.5703952
1.8300038 2.6657085 3.5560495
1.8308684 2.6642937 3.5588877
1.8323135 2.6673969 3.5594284
1.8458565 2.6621433 3.5671926
1.8507674 2.6640857 3.5716878
1.8272872 2.6647697 3.5526922
1.8351718 2.6663246 3.5626409
1.8374722 2.6704493 3.5604144
1.8371457 2.6684608 3.5621153
1.8491014 2.6693585 3.5709659
1.8428393 2.6693144 3.5591803
1.8440776 2.6716829 3.5737064
1.8350339 2.6655679 3.5596747
1.3475972 2.0194138 6.0868772
1.3464636 2.0171041 6.0841302
1.3413965 2.0139341 6.0795429
1.3530755 2.0163669 6.0881073
1.3356926 2.0203536 6.0806385
1.3447876 2.0174441 6.0853223
1.3418654 2.018601 6.078263
1.3398971 2.01401 6.0779217
1.3365696 2.0176391 6.0898323
1.347351 2.0166913 6.0960037
1.3526736 2.0117333 6.0879146
1.3474315 2.0101963 6.0866732
1.3438155 2.0185904 6.0822693
1.3450255 2.0162105 6.0866863
1.3443348 2.0107589 6.0867689
3.641046 1.7253827 3.1400804
3.646355 1.716481 3.1372935
3.6470263 1.7161137 3.1372374
3.6455855 1.7123337 3.1381827
3.6451154 1.7130921 3.1388255
3.6498817 1.7070045 3.1385813
3.6463395 1.714205 3.1375242
3.6456014 1.7121891 3.1388378
3.6508264 1.7161066 3.1394396
3.6433278 1.7149814 3.1397385
3.6427208 1.7137079 3.1354261
3.645651 1.7155842 3.1372291
3.6456227 1.7177707 3.1371057
3.6521427 1.7144083 3.1437474
3.7993425 2.6298772 2.0699656
3.8051772 2.6314292 2.0824876
3.7897684 2.6284028 2.06645
3.7828273 2.6269779 2.0597818
4.4684251 2.4512253 5.2540999
4.4634745 2.4449026 5.2603096
4.4558653 2.4461424 5.2514756
4.4615816 2.4460326 5.2567532
4.466405 2.4436556 5.2608009
4.4676586 2.4448359 5.2626953
4.4673543 2.4448464 5.2623621
4.4670042 2.4448817 5.261929
4.4624856 2.4489056 5.2551886
4.4656657 2.4473885 5.2601232
4.4671882 2.441976 5.2657971
4.4656465 2.4429421 5.2643647
4.4607453 2.4385575 5.2622206
4.4707894 2.4470158 5.2650878
4.4648296 2.447271 5.2703767
4.4763426 2.0199746 1.3627101
4.4733296 2.0286807 1.359762
4.4644475 2.018554 1.3574488
4.4658603 2.0182295 1.3578851
4.4668404 2.0261261 1.3612763
4.4672653 2.0266585 1.3675073
4.4659824 2.0222224 1.3552438
4.4657059 2.0227568 1.355503
4.4768824 2.0289116 1.3693362
4.4689064 2.0191489 1.3563461
4.4712775 2.0281358 1.3588582
4.4688364 2.0283733 1.3602725
4.4711551 2.0225242 1.3639795
4.4716003 2.023139 1.3644216
4.4685146 2.0273543 1.3540287
4.4639117 2.0280668 1.3579459
4.4673552 2.0248882 1.3621324
4.4637404 2.0268133 1.3632897
4.4675346 2.0264589 1.361744
4.4729606 2.0264636 1.3629185
4.4597239 2.0221182 1.3520383
4.4630612 2.026592 1.3495471
4.4678429 2.0164362 1.354751
2.1723282 1.6558027 6.0906724
2.1770834 1.6582411 6.0949339
2.1816257 1.6537248 6.0913885
2.1812004 1.6557128 6.0950271
2.180512 1.6541628 6.0934507
2.1803609 1.6504457 6.0957194
2.1788306 1.6549723 6.0938225
2.1864302 1.6519633 6.0854902
2.1890727 1.6490215 6.0906384
2.1811199 1.6492119 6.0983319
2.1777493 1.6516131 6.0958347
2.183294 1.6442379 6.0950299
2.1800174 1.6518397 6.0860286
2.1793528 1.6596478 6.0979402
2.1741443 1.6537611 6.0958784
2.1795001 1.6518191 6.1003417
2.1822636 1.6557057 6.0939332
2.1834351 1.6562991 6.0953359
2.1790414 1.6498702 6.0865708
2.1780573 1.6529249 6.089509
2.1817907 1.6515543 6.093123
2.1806506 1.6531805 6.093336
2.1872171 1.6509485 6.097374
2.1860634 1.6512611 6.0911907
2.1716403 1.6528131 6.0825564
3.8725235 1.8612441 3.0211837
3.8646074 1.8697581 3.0165832
3.8631008 1.869144 3.0137161
3.8611832 1.8649432 3.0200452
3.8629245 1.8648563 3.0217489
3.8636336 1.8715666 3.0142251
3.8623903 1.8720263 3.0151395
3.8590872 1.8660371 3.0102489
3.8606654 1.8726273 3.0098984
3.8619391 1.8679015 3.0233409
3.8634482 1.8711386 3.0159186
3.862588 1.8614008 3.0122701
3.8630631 1.864941 3.0089452
3.8629707 1.871156 3.0151678
1.8566234 2.6643833 3.5891864
1.8534856 2.6688443 3.5841199
1.8474473 2.6607922 3.5708266
1.8468167 2.6699101 3.5767789
1.8176419 2.6627785 3.5541948
1.8192258 2.6588927 3.552255
1.8242879 2.6706561 3.5433627
1.8260417 2.677934 3.5557379
1.8269269 2.6670012 3.559387
1.8466398 2.6655574 3.5766453
1.8465349 2.670399 3.5629046
1.8370148 2.6669397 3.5597106
1.8385384 2.6659429 3.5598523
1.8475781 2.6691474 3.569413
1.8429905 2.6647189 3.5698366
1.8331109 2.664734 3.5552125
1.8541541 2.6707623 3.5738117
1.8486442 2.6741974 3.5847993
1.3445134 2.0175397 6.0821563
1.3449 2.0148129 6.0821117
1.3463879 2.0202078 6.0836271
1.3489526 2.0135809 6.0847314
1.3404893 2.0231258 6.0775863
1.3457742 2.0171842 6.0803946
1.3375904 2.0145484 6.084418
1.3479419 2.0197636 6.0850421
1.3508773 2.023563 6.092022
1.3464365 2.019581 6.0954605
1.3443708 2.0199688 6.0950339
1.3408196 2.0147792 6.0785334
1.3397617 2.0136979 6.0813766
1.3447605 2.0132218 6.0815697
1.3484939 2.0136018 6.0861555
3.6526935 1.7065243 3.1392362
3.6522812 1.717886 3.1377539
3.645577 1.7155198 3.1336078
3.6476158 1.7174924 3.1368268
3.6437918 1.7152621 3.1370822
3.648673 1.7076502 3.1410859
3.6460685 1.7141364 3.135217
3.646187 1.71345 3.1354976
3.6484137 1.7183576 3.1394251
3.6420657 1.7156651 3.1378405
3.6488075 1.7153519 3.1356203
3.645717 1.7162133 3.1349596
3.6529929 1.7169873 3.1362658
3.6474855 1.7140842 3.1418025
0 0 0
3.8076008 2.6274916 2.0878685
3.7959666 2.6320197 2.0759718
3.7869118 2.6254844 2.0603039
4.4651608 2.45196 5.2678771
4.4680594 2.441559 5.2611809
4.4543022 2.4389182 5.2553079
4.4498649 2.4431757 5.2509628
4.4652601 2.4413291 5.2568336
4.4684539 2.4461066 5.2634171
4.4669464 2.4431865 5.261628
4.4780968 2.4480657 5.2662653
4.4639869 2.4510218 5.2591555
4.46744 2.4463577 5.2611197
4.4577098 2.4483091 5.2595842
4.466837 2.4478395 5.2671625
4.4577304 2.4435036 5.2635682
4.4752092 2.4451147 5.2690665
4.4526953 2.4541171 5.2474641
4.4666399 2.0264172 1.3612492
4.4664751 2.0272857 1.3611786
4.4628656 2.0189661 1.3568727
4.4661011 2.0258805 1.3608001
4.4626694 2.0277702 1.3617852
4.4639067 2.0282801 1.3627271
4.464108 2.0257666 1.360191
4.4643442 2.0232581 1.3585266
4.4677577 2.0262427 1.3604519
4.4668417 2.0246969 1.3559341
4.4653767 2.0281575 1.354294
4.4728362 2.0308127 1.3578268
4.468804 2.032015 1.3660479
4.4720352 2.0331998 1.36853
4.4758 2.0293497 1.3611124
4.469739 2.0271521 1.3599661
4.4660478 2.0265268 1.3613637
4.4649021 2.0198126 1.3640375
4.4683544 2.026368 1.3635738
4.4615832 2.0274581 1.3585088
4.4630755 2.0292366 1.3585
4.4701938 2.0278467 1.3643114
0 0 0
2.1916492 1.6432244 6.0954381
2.181144 1.6534588 6.0895041
2.1814265 1.6513497 6.0943422
2.1792378 1.6524327 6.0940236
2.1807118 1.6529908 6.0935001
2.1804827 1.6485163 6.0958191
2.1835436 1.6506866 6.0943465
2.1823653 1.6525245 6.0885975
2.185148 1.6542166 6.0908978
2.1811181 1.6515351 6.0910957
2.1803852 1.6518385 6.0920211
2.1730222 1.6480265 6.0960556
2.1740563 1.6547994 6.0865484
2.1798774 1.6540354 6.0923402
2.1804068 1.6538686 6.0930028
2.1884691 1.6507582 6.0965848
2.1818896 1.6549184 6.090913
2.1868173 1.6542939 6.0914446
2.1820613 1.6462442 6.0940852
2.1720532 1.6460435 6.093295
2.179586 1.6544415 6.088851
2.1803789 1.652916 6.091359
2.1862205 1.6471419 6.0903574
2.1829576 1.6542506 6.0877212
2.1872655 1.6505738 6.0904361
3.8569015 1.8576584 3.0133452
3.8680415 1.8695836 3.0164643
3.8648869 1.8741495 3.0141459
3.8686791 1.8719707 3.0121088
3.8636509 1.8659852 3.0085462
3.8661619 1.8688725 3.0149451
3.8577699 1.8696259 3.0132513
3.8628535 1.8790346 3.0128892
3.8622668 1.8731307 3.0136893
3.8598303 1.8665866 3.0213385
3.8620634 1.8700039 3.0147996
3.859539 1.8685675 3.016348
3.8700716 1.8667763 3.020793
3.856753 1.8719918 3.00864
1.8170441 2.6658213 3.5450754
1.8350665 2.6697828 3.5574841
1.8341936 2.6650584 3.5589046
1.8352698 2.6675301 3.5608796
1.8333496 2.6710465 3.5596403
1.8397286 2.6659872 3.5690128
1.8388901 2.6680385 3.5620492
1.8262544 2.6690005 3.5653053
1.8214387 2.6672687 3.5593184
1.8288714 2.6630318 3.5582944
1.8570154 2.6747976 3.5793215
1.8351225 2.6768636 3.5647423
1.8374414 2.6708379 3.5558732
1.8281616 2.6728333 3.5620367
1.8418737 2.6657778 3.569897
1.8487263 2.6614945 3.5737024
1.8486732 2.662602 3.5742656
1.8348252 2.6627018 3.5654856
1.8373954 2.6592047 3.5656584
1.3556821 2.0144191 6.0920927
1.3471923 2.0202923 6.0825209
1.3445355 2.0160648 6.0853951
1.3444491 2.0168746 6.0857674
1.3483006 2.0072475 6.0844878
1.3470713 2.0075059 6.0898835
1.3488156 2.0122158 6.0904733
1.3458638 2.0112368 6.0900119
1.3454761 2.0146737 6.0890163
1.3402908 2.0161315 6.0851578
1.3429371 2.0195468 6.0845218
1.3404906 2.0148123 6.082852
1.3403636 2.0151266 6.0824388
3.6509852 1.7021399 3.1339903
3.649541 1.7158684 3.1324649
3.6442193 1.7177706 3.1366745
3.6452639 1.7128851 3.1362769
3.6464822 1.7109868 3.1396879
3.6426176 1.7117599 3.1378963
3.6411929 1.7150742 3.133072
3.6498938 1.71332 3.1384803
3.6483376 1.7157075 3.1375661
3.6467157 1.7132827 3.1350472
3.6483614 1.7175456 3.13272
3.6464527 1.7180494 3.1312371
3.6517799 1.7177292 3.1357989
3.6536847 1.7187803 3.137064
3.646373 1.7114455 3.1371097
3.6488133 1.7185382 3.139108
3.787799 2.6286509 2.0655944
3.7732332 2.6256046 2.0458289
3.7926215 2.6296542 2.0706825
4.4631598 2.4516967 5.2522055
4.4655962 2.4444822 5.2609531
4.4643949 2.4438528 5.2604746
4.4645203 2.446788 5.2635566
4.4660673 2.4449064 5.2602818
4.4674229 2.4453303 5.2604794
4.4678427 2.443553 5.2617268
4.4788028 2.4354075 5.2738549
4.4674458 2.4385506 5.2563672
4.467174 2.4438023 5.2626315
4.4637235 2.4506493 5.2589913
4.4565363 2.4428176 5.2616735
4.4587062 2.443493 5.2630866
4.4694422 2.4507302 5.2697658
4.4613626 2.4463812 5.2604946
4.4617021 2.0283222 1.3595539
4.4708834 2.0258445 1.3600455
4.4670695 2.025442 1.3567896
4.4687378 2.0259339 1.3575435
4.46658 2.026936 1.3611536
4.4680148 2.0297603 1.3614207
4.4663466 2.0270486 1.360719
4.4782618 2.0274775 1.3715711
4.4678207 2.0265523 1.3599537
4.4617228 2.0224885 1.358748
4.4753383 2.021836 1.3676702
4.4741802 2.0291049 1.3691654
4.4687952 2.0295055 1.3653258
4.4650791 2.0296775 1.3628361
4.4806743 2.0221381 1.3637297
4.4783593 2.0231673 1.3588114
4.4622749 2.022119 1.3579022
4.4704922 2.0198721 1.3647424
4.4689891 2.0239167 1.3601745
4.4679735 2.0238322 1.360974
4.4669138 2.0247414 1.3617957
4.4679687 2.0280237 1.3623767
0 0 0
2.1864881 1.6544826 6.0799871
2.1761134 1.644306 6.0942579
2.1759947 1.6480516 6.0945744
2.1840995 1.6538748 6.0958451
2.1820022 1.652147 6.0931815
2.1748295 1.6517582 6.0924675
2.1802577 1.658187 6.0912384
2.1811367 1.652003 6.0880803
2.1845811 1.6534688 6.0942562
2.1818512 1.6530388 6.092767
2.1804344 1.6535979 6.0934092
2.180906 1.6546383 6.0942176
2.1808891 1.6535541 6.0945632
2.1805475 1.657232 6.0916311
2.179797 1.653272 6.0926352
2.1869209 1.6512733 6.0908883
2.1813632 1.6473017 6.0899224
2.178582 1.653053 6.0978109
2.1799076 1.6527848 6.0942153
2.1717951 1.6478953 6.0933608
2.1771288 1.6529314 6.0913664
2.176413 1.6527153 6.0917679
2.1857381 1.6534066 6.0921068
2.1809674 1.6534986 6.09309
2.1802071 1.6527684 6.093115
2.1813828 1.6543428 6.091875
3.862434 1.8771615 3.0178949
3.8653482 1.8669972 3.0148752
3.8629787 1.8701161 3.0147602
3.861339 1.8694484 3.0132089
3.8614275 1.8650997 3.021092
3.8600232 1.8747667 3.0148702
3.8622096 1.8828885 3.0171274
3.8670348 1.8819639 3.0153106
3.8633229 1.872055 3.0143011
3.8631205 1.8721956 3.0142625
3.8616872 1.8635665 3.0087099
3.8633311 1.8564205 3.0195899
1.8358743 2.6651136 3.5632064
1.8364787 2.664111 3.5663896
1.8396658 2.6669993 3.5680147
1.8374803 2.6643435 3.5555442
1.8292963 2.6631375 3.5486753
1.8363593 2.6637384 3.5593743
1.834283 2.661762 3.5604141
1.8356418 2.662467 3.5621079
1.8290914 2.6641319 3.5606402
1.8357423 2.6669319 3.5616802
1.8385642 2.6671055 3.5686605
1.8277847 2.6767353 3.5479255
1.8174481 2.667767 3.54248
1.8420522 2.6709717 3.5674731
1.8161886 2.6665836 3.5444997
1.8174573 2.6705369 3.5462642
1.8361181 2.6673306 3.5621583
1.839364 2.656651 3.5705982
1.8488545 2.6581285 3.5812665
1.8343525 2.6645341 3.5560553
1.8430841 2.6745004 3.5652528
1.3433819 2.0172001 6.0844698
1.344066 2.0164111 6.0854235
1.3395743 2.0135518 6.0780924
1.3424552 2.0130918 6.0876549
1.3487005 2.0181365 6.0827732
1.3453331 2.015908 6.0859394
1.34339 2.0153789 6.0855944
1.3484624 2.0147885 6.0876191
1.3462063 2.0200503 6.0885773
1.3493587 2.0113114 6.0837429
1.3407523 2.0070443 6.0929477
0 0 0
3.6466027 1.7154583 3.133737
3.6464204 1.7157026 3.128907
3.6489801 1.7143936 3.1297227
3.6450553 1.7159752 3.1368384
3.645661 1.7150693 3.1363234
3.6461013 1.7145497 3.1362034
3.6467324 1.7234418 3.1378595
3.6495759 1.712968 3.1291506
3.6457414 1.7094377 3.1361056
3.6519781 1.7127853 3.1331621
3.6446214 1.7206897 3.1393978
3.6401533 1.7164245 3.1341489
3.6435132 1.7161779 3.1357194
3.6427833 1.7201021 3.1353683
3.6429718 1.7101658 3.13566
3.6511461 1.7208713 3.1372525
3.6446365 1.7156401 3.1372763
3.65231 1.7112865 3.1465048
3.641343 1.7098699 3.1337554
4.4694077 2.4448578 5.259947
4.4672301 2.4483503 5.2644269
4.4566228 2.4467805 5.2515747
4.4626784 2.4407176 5.2590254
4.4589216 2.442765 5.2532074
4.4598918 2.446483 5.2579965
4.4763555 2.4430345 5.260155
4.4666719 2.4325102 5.2632729
4.4666114 2.4391873 5.2608064
4.4679883 2.4431509 5.2625004
4.4673296 2.4442105 5.2617648
4.4580845 2.4429157 5.251965
4.4646958 2.4409677 5.2616852
4.4534283 2.4468785 5.2501543
4.4552407 2.4344184 5.2523746
4.4694151 2.0258457 1.3614872
4.4666016 2.0313843 1.3569606
4.4630803 2.0286152 1.3565498
4.4664693 2.0277626 1.3599712
4.4663862 2.0272772 1.3607242
4.4635403 2.0268897 1.3577037
4.48128 2.0277802 1.3684469
4.4812411 2.0286942 1.3711057
4.4702512 2.0285876 1.3650625
4.4674255 2.0301076 1.3650941
4.463733 2.0264802 1.3624702
4.4694406 2.0270815 1.3645251
4.4687946 2.026404 1.3642407
4.4682083 2.0270251 1.3651803
4.4702732 2.0244935 1.3658021
4.4654795 2.0260539 1.3586632
4.4661033 2.0256786 1.3604254
4.4666358 2.0251542 1.3615649
4.4674321 2.0264979 1.3609051
4.4754544 2.0292267 1.3611882
4.4709933 2.0237114 1.3609848
4.4685193 2.028873 1.3592896
4.4667982 2.0249483 1.3622808
2.1813654 1.6666344 6.0994013
2.1771676 1.6439038 6.0950914
2.1689444 1.6574309 6.0974317
2.1818909 1.663695 6.100281
2.1815593 1.652374 6.0931556
2.1824153 1.6503409 6.0933097
2.1806256 1.6530826 6.0933449
2.1865349 1.6572307 6.1023186
2.179536 1.6519174 6.0946284
2.1793696 1.651612 6.0940945
2.1807462 1.655351 6.0941059
2.1798627 1.6540739 6.0936341
2.1807801 1.6550415 6.0904774
2.1815235 1.6571427 6.0926589
2.1763241 1.6555759 6.0897058
2.176038 1.6557916 6.0905812
2.1778238 1.653505 6.090253
2.1819674 1.6608723 6.0933241
2.1801508 1.6499125 6.0929795
2.1808045 1.6483443 6.0915658
2.1795134 1.654387 6.0915299
2.1823012 1.6578213 6.092594
2.1839051 1.6544248 6.0910389
2.1860504 1.6523245 6.0891318
2.1859735 1.6509436 6.092108
2.1882888 1.6461641 6.0911332
3.8612648 1.868535 3.0207897
3.863507 1.867633 3.01279
3.860525 1.8678476 3.0116975
3.8616066 1.8680661 3.0193891
3.8673102 1.8664466 3.0227542
3.8603628 1.8728509 3.0229431
3.8649084 1.8730875 3.01909
3.871639 1.876754 3.020796
3.8640997 1.8697853 3.0112404
3.8622848 1.8674571 3.0135147
3.8623245 1.8592279 3.013589
3.865115 1.8648243 3.0059382
1.8354105 2.6653816 3.5627306
1.8326456 2.6654223 3.561025
1.8328823 2.6634076 3.5585248
1.8379846 2.6708432 3.5602089
1.8274396 2.6669167 3.550582
1.8389681 2.6632011 3.5618683
1.830736 2.6644501 3.5588259
1.8454477 2.6585019 3.5708537
1.8363844 2.6667217 3.562754
1.8320988 2.6669753 3.5573132
1.8364452 2.6682786 3.5602589
1.8335347 2.6677132 3.5533425
1.8205778 2.6688107 3.5518717
1.8299181 2.6635325 3.5568363
1.8369834 2.6675291 3.5636129
1.8365591 2.6677196 3.5611531
1.83607 2.6690136 3.559858
1.8235067 2.6674696 3.5491503
1.8551518 2.667136 3.5796637
1.8404023 2.6684093 3.56276
1.8400355 2.6689285 3.5630842
1.3353103 2.0170813 6.0823612
1.3419965 2.0186186 6.0864808
1.3414743 2.0113883 6.0792563
1.3403942 2.0102659 6.0798005
1.3457732 2.0245387 6.0858061
1.3450286 2.0165264 6.0858226
1.3468215 2.0145619 6.0850349
1.3464491 2.0146577 6.0850604
1.3406873 2.0162035 6.0855997
1.3506479 2.0096268 6.0951003
1.3511302 2.0088724 6.094663
1.348697 2.0165876 6.0743717
3.6410965 1.7041436 3.1269366
3.64697 1.7140683 3.1362383
3.6497415 1.717295 3.1377525
3.642544 1.7120415 3.1377171
3.6437185 1.7135469 3.1445837
3.64309 1.7177485 3.1384178
3.6507146 1.7209047 3.1392679
3.6456626 1.7191403 3.1277239
3.6439655 1.7180706 3.1330552
3.648661 1.714107 3.1313488
3.6472048 1.7172424 3.1369059
3.6469355 1.7180402 3.1381044
3.6455015 1.7144757 3.1369087
3.6454648 1.714201 3.1370096
3.6433201 1.7108618 3.1332272
3.6490581 1.7219523 3.1336111
3.64017 1.7221674 3.1338874
3.6466685 1.7063545 3.1401886
3.6394442 1.7187798 3.140273
4.4765877 2.4373371 5.2632302
4.4673496 2.4486918 5.2607289
4.4654105 2.4421898 5.2545935
4.4688586 2.4449161 5.2634563
4.4572826 2.4459742 5.2551559
4.4625743 2.445049 5.2598922
4.4705891 2.4397088 5.254866
4.4635239 2.4429869 5.2596686
4.4597102 2.4405997 5.2595178
4.470133 2.4428836 5.2638739
4.4659026 2.4469391 5.2636377
4.4645574 2.4440596 5.2585121
4.4655607 2.4441868 5.2613533
4.4662422 2.4458076 5.2640223
4.4653801 2.443886 5.2588934
4.4836581 2.4407994 5.2842989
4.4717334 2.0307398 1.3594283
4.464078 2.0261302 1.3592923
4.4668629 2.0298848 1.359496
4.4721863 2.0277022 1.3708263
4.4674224 2.020779 1.3609485
4.4639111 2.0278111 1.3623602
4.4672345 2.0246948 1.361164
4.4656592 2.0162978 1.3669602
4.4649128 2.0149674 1.3625602
4.463687 2.0173267 1.3633711
4.4662075 2.0278601 1.3654793
4.4675222 2.0283663 1.3690438
4.465825 2.0289271 1.3576266
4.4746823 2.0267768 1.3661043
4.4641268 2.0259327 1.3576645
4.4657488 2.0230428 1.359342
4.4715508 2.0282895 1.3626439
4.4678701 2.0277912 1.3586984
4.4713093 2.0291901 1.3554758
4.4620805 2.0277183 1.3571943
4.4671252 2.0273801 1.3614046
4.4671893 2.0196441 1.369572
2.1817997 1.6560481 6.0913275
2.1797293 1.6492651 6.0964787
2.1732846 1.6526396 6.0920205
2.1862002 1.6578291 6.0882044
2.1781696 1.6532435 6.0904497
2.1807341 1.6499403 6.0891799
2.1815955 1.6510636 6.0884955
2.1847109 1.6555716 6.103736
2.1865542 1.6553136 6.0918682
2.1810611 1.6543286 6.0954433
2.1803315 1.6542279 6.0944896
2.1792795 1.6544488 6.0934522
2.1791547 1.6549455 6.0922309
2.1793048 1.6576921 6.0927367
2.1794792 1.6482178 6.0865473
2.179464 1.6510515 6.0932719
2.18512 1.6527544 6.1004915
2.1836351 1.6598347 6.09957
2.1818208 1.6464551 6.0947703
2.1790013 1.6469958 6.0951053
2.1791308 1.6537349 6.0914098
2.1733638 1.6543375 6.0855888
2.171809 1.6564317 6.0872632
2.1804791 1.6575946 6.0847177
2.1882863 1.6518417 6.0965895
2.183669 1.6412917 6.0925848
0 0 0
3.8633147 1.8711242 3.0147074
3.8634085 1.8712382 3.0169928
3.8619385 1.8703283 3.0147056
3.862467 1.869683 3.0150189
3.8645289 1.871798 3.0159251
3.8621924 1.8739097 3.0181841
3.8650029 1.8702869 3.0159822
3.8676527 1.8752887 3.0183896
3.8663625 1.8724533 3.0192649
3.8518244 1.862518 3.0062446
0 0 0
1.8370614 2.6657232 3.5634919
1.8270696 2.6687113 3.5547099
1.8277986 2.6673579 3.558568
1.836033 2.666009 3.5665182
1.8360101 2.6702578 3.561357
1.8339972 2.6679963 3.5599632
1.8338359 2.666751 3.5594672
1.8494424 2.6639548 3.5686363
1.8469219 2.6656407 3.5759959
1.8367645 2.6661673 3.5626512
1.842183 2.667305 3.5669322
1.8333037 2.6687923 3.5618318
1.8313562 2.6668439 3.5602928
1.8263 2.6664083 3.5521466
1.8355437 2.6667124 3.5621957
1.8382094 2.6659998 3.5652306
1.8300814 2.6740363 3.5574967
1.8404783 2.6720542 3.5642641
1.8225882 2.6692576 3.5563687
1.839273 2.6692707 3.5606203
1.8357795 2.6661991 3.5622079
1.8165348 2.6742408 3.5443962
0 0 0
1.3414513 2.0140347 6.0885468
1.3454459 2.0226536 6.0863694
1.3409367 2.0226937 6.0929679
1.3439548 2.0166745 6.0855607
1.3439277 2.0170939 6.0855088
1.3400325 2.0181453 6.0822643
1.3439407 2.0219274 6.0808343
1.3417159 2.016453 6.0830573
1.3546705 2.0124592 6.0922519
1.3407864 2.0099526 6.082779
3.6425623 1.7118299 3.1378495
3.6430154 1.7138901 3.1394262
3.6469737 1.7150654 3.1373669
3.6470496 1.7147383 3.138193
3.6423942 1.7128822 3.1439231
3.6518156 1.7112999 3.1375094
3.6512131 1.7139036 3.1421531
3.650516 1.712775 3.1414768
3.6515946 1.7115697 3.1435075
3.6500679 1.7210721 3.1336432
3.6483269 1.7153673 3.1358513
3.6453941 1.7153532 3.1360102
3.6461596 1.7165035 3.1371157
3.6437527 1.7152081 3.1376468
3.645287 1.718321 3.1373079
3.6458722 1.7160465 3.1372862
3.6396428 1.7228765 3.1348373
3.6470182 1.7234879 3.1304634
3.6387785 1.7211502 3.1447282
4.4745736 2.4497601 5.2644296
4.4819023 2.4399713 5.2739581
4.4767119 2.4359991 5.2662951
4.4690279 2.4431093 5.2613338
4.4732795 2.4470501 5.2639639
4.4705551 2.4465871 5.2622881
4.4668147 2.4456226 5.2663346
4.4670639 2.4449374 5.2575616
4.4691457 2.4431121 5.2697204
4.465916 2.4440214 5.2619101
4.4565073 2.4471338 5.2545596
4.464417 2.4406459 5.2605923
4.4643476 2.4441499 5.2646652
4.4649448 2.4428809 5.2619558
4.4645893 2.4417727 5.2608617
4.4762654 2.4446417 5.2613788
4.4677887 2.0270511 1.3614716
4.4654919 2.0258436 1.361382
4.4675373 2.0262489 1.3622097
4.4711802 2.0263805 1.3702247
4.4673004 2.0260706 1.3587742
4.4646112 2.0273142 1.3598485
4.4683617 2.0216874 1.3626669
4.4687748 2.0240172 1.359855
4.4669062 2.025709 1.3623791
4.4630449 2.0271183 1.359818
4.4653387 2.0261717 1.3594384
4.4646863 2.0228469 1.3666995
4.4731057 2.0261396 1.3596473
4.4733731 2.0288807 1.36262
4.4689088 2.0242039 1.3629923
4.4673013 2.026524 1.3611126
4.4675072 2.0288491 1.3637004
4.4663515 2.0290718 1.3623185
4.4677553 2.0232962 1.3620508
4.4650056 2.0241938 1.3551411
4.4630416 2.0255528 1.3542604
4.4647292 2.0267846 1.3613653
2.1782079 1.6618064 6.1022997
2.1799809 1.6533612 6.0935951
2.1819072 1.6572627 6.0900822
2.180332 1.6562167 6.0871051
2.180177 1.6538047 6.092666
2.184176 1.6536843 6.0897116
2.1808325 1.6520938 6.093234
2.1784767 1.6553776 6.0948808
2.1796634 1.6512622 6.0897998
2.1809737 1.6527459 6.0902817
2.1796967 1.6505292 6.0951032
2.1744514 1.654914 6.0933765
2.1738375 1.6497587 6.0901905
2.1818825 1.6489888 6.0873725
2.1821043 1.6466773 6.090151
2.1796363 1.6537837 6.0875683
2.1847723 1.6505593 6.0943831
2.1829352 1.6532879 6.0935106
2.1828929 1.6528949 6.0932612
2.1857475 1.6537768 6.0921378
2.1796541 1.6540494 6.0916104
2.1783614 1.6540882 6.0976111
2.1790835 1.6506977 6.0945018
2.1790904 1.6516039 6.0936852
2.1798831 1.6539001 6.0915076
2.1845288 1.6510372 6.105888
0 0 0
3.8633855 1.8719452 3.0150364
3.8635814 1.8748437 3.0125393
3.8667601 1.8736892 3.0171537
3.8637132 1.8776416 3.0168636
3.8640451 1.8713108 3.0143122
3.8633787 1.8715419 3.0156361
3.8651626 1.8716338 3.0164288
3.8669099 1.8738735 3.0158595
3.8697876 1.8723485 3.0166137
3.8631279 1.8614862 3.0148794
1.8413449 2.6599264 3.5651028
1.8409053 2.663269 3.5674766
1.8342809 2.667224 3.5623062
1.8334528 2.6669924 3.5617095
1.8385817 2.6687119 3.5657352
1.8312305 2.6602883 3.5591321
1.8247681 2.663636 3.5502172
1.825473 2.6648648 3.555613
1.8327317 2.6666731 3.5611387
1.8443349 2.6562323 3.5651791
1.8343744 2.666715 3.5561551
1.8391166 2.6661443 3.5672481
1.8417478 2.6687881 3.5701808
1.8292629 2.6680552 3.5580723
1.8330235 2.6653659 3.5586319
1.8264068 2.6633945 3.5527491
1.8330458 2.6664707 3.5615297
1.8268957 2.6689646 3.5564514
1.8395843 2.664198 3.5713795
1.8232517 2.6599145 3.5546596
1.8301112 2.6684902 3.5564689
1.8308781 2.6610514 3.5516692
1.8297677 2.6656842 3.5513616
0 0 0
1.3446427 2.0203769 6.0879199
1.3453766 2.0167201 6.086611
1.3345713 2.0166009 6.087168
1.3420233 2.0135469 6.0937476
1.3483886 2.0177474 6.0967798
1.3360494 2.0192465 6.0827822
1.3444984 2.0213464 6.0811807
1.3432524 2.0227312 6.0828006
1.3494338 2.0135102 6.0822139
1.3420585 2.017508 6.0807631
3.6546519 1.7223322 3.1430006
3.6450565 1.7153587 3.1373776
3.6412708 1.7155449 3.1365178
3.6493031 1.7180091 3.1381042
3.6468995 1.7191795 3.1346176
3.6517355 1.7171985 3.138273
3.6472205 1.7169183 3.1390554
3.6496653 1.7117452 3.1410286
3.6470879 1.7082484 3.1412502
3.6473854 1.7196429 3.1322658
3.6420893 1.7073681 3.1293451
3.6399858 1.7080896 3.1307241
3.640066 1.7084269 3.1299118
3.6463383 1.7141797 3.134692
3.646883 1.7161159 3.134252
3.6453021 1.7149813 3.1335617
3.6454991 1.7176834 3.1452419
3.6522344 1.7219474 3.1434104
3.6538786 1.7184272 3.1492807
4.4723699 2.4402594 5.2734183
4.4671556 2.4481063 5.2691867
4.4700185 2.4484404 5.2657483
4.473567 2.4399516 5.2692472
4.469928 2.4384565 5.2608979
4.4771603 2.4446041 5.2646398
4.4617593 2.4460068 5.2623839
4.4732307 2.4492923 5.2658662
4.4817332 2.4455222 5.2724467
4.4686376 2.4436501 5.2577053
4.455515 2.4421999 5.251235
4.4673198 2.4426239 5.2597869
4.4575593 2.4431445 5.256904
4.4645865 2.4356548 5.2524906
4.4710738 2.4376106 5.2699984
4.4783107 2.4354876 5.267578
4.4687266 2.0268323 1.3615722
4.4653817 2.0263564 1.3585273
4.4677982 2.0260757 1.3629069
4.4653399 2.0284982 1.3601645
4.4658531 2.0274466 1.3600211
4.4662974 2.0297263 1.3633907
4.4690608 2.0275911 1.3660946
4.4702499 2.0379005 1.3599197
4.467644 2.0380991 1.3594026
4.4666368 2.0269451 1.3609278
4.4731821 2.0349609 1.3607717
4.4653866 2.0341767 1.360109
4.4653295 2.0186554 1.3657224
4.4573695 2.032531 1.3543264
4.460903 2.034716 1.3590644
4.4648665 2.0229435 1.3571679
4.4673304 2.0314009 1.359931
4.4674165 2.0192845 1.3676895
4.4692699 2.0193481 1.3680263
4.4689373 2.0229325 1.3587073
4.4660289 2.0262895 1.3605103
4.4568069 2.0215144 1.3563386
2.1788232 1.6503912 6.0956617
2.1778516 1.6504942 6.0930761
2.1894541 1.6504806 6.0945554
2.1887991 1.6586645 6.0999682
2.1874649 1.6591181 6.1006771
2.1766412 1.656225 6.087836
2.1812314 1.651558 6.0934239
2.1822114 1.6537475 6.0971257
2.1792083 1.6523036 6.0916809
2.1738673 1.6557034 6.0938912
2.1757926 1.6559679 6.0934144
2.1824132 1.6527892 6.0925399
2.1824727 1.6538169 6.0968699
2.1847946 1.6485294 6.0840804
2.1875421 1.6531442 6.0990716
2.183611 1.657509 6.092324
2.180942 1.6558452 6.0931666
2.1799076 1.6554626 6.0899776
2.1814622 1.6535813 6.0930287
2.1801908 1.6591794 6.0907463
2.1786532 1.6549264 6.0891058
2.1833274 1.6520775 6.0950406
2.1781212 1.6522802 6.0948032
2.179263 1.6501371 6.0951907
2.1806024 1.6547474 6.0953074
2.1800502 1.6535064 6.0937809
2.1837833 1.6486092 6.0974895
3.8619109 1.8702819 3.0114796
3.8632339 1.8714253 3.013043
3.8700038 1.8699041 3.0143913
3.8630031 1.8773807 3.0116032
3.8675414 1.8747729 3.0165738
3.8599122 1.8696143 3.0144176
3.8661245 1.8719593 3.0182223
3.8641906 1.8709833 3.0163375
3.865416 1.8708632 3.0180082
3.8623494 1.8678544 3.0139847
1.8255271 2.6669572 3.5504832
1.8202618 2.6680416 3.5481953
1.8171106 2.6659929 3.5479809
1.8296494 2.6622638 3.5569168
1.8404348 2.6655705 3.565728
1.8338182 2.6620629 3.5611834
1.8346775 2.6652829 3.5616722
1.8309266 2.6662299 3.5581375
1.8174991 2.6684725 3.5435656
1.8540492 2.6614199 3.569422
1.8563463 2.6683729 3.5804567
1.833745 2.6723829 3.5574
1.841133 2.6677909 3.5679319
1.8384138 2.6652918 3.566265
1.8353783 2.6655137 3.5627095
1.8323703 2.6632326 3.5641323
1.8351836 2.6666927 3.5650408
1.8349831 2.6715379 3.5726853
1.8372573 2.667247 3.5642033
1.8351191 2.6630783 3.5574338
1.8430073 2.6650963 3.572544
1.849792 2.661349 3.5727949
1.8351469 2.670074 3.5536205
1.3516706 2.0238548 6.1007295
1.3460753 2.0168025 6.0836438
1.3499295 2.0190058 6.0868575
1.3473029 2.0198598 6.0839797
1.3530936 2.0135636 6.0898984
1.3495618 2.0207168 6.0870273
1.342612 2.0128731 6.0883977
1.34543 2.017955 6.0863096
1.3437285 2.0187274 6.0854077
1.3457691 2.018027 6.0863807
1.3401217 2.0246067 6.0751545
3.6496588 1.7074694 3.1338223
3.6445147 1.7126153 3.1334751
3.6414904 1.7142925 3.1370822
3.63714 1.7122958 3.1374123
3.6410443 1.7083663 3.1340866
3.6550628 1.7136722 3.1403465
3.6487694 1.7197384 3.1458316
3.6449787 1.712852 3.1373659
3.6441741 1.7164776 3.1368968
3.6503123 1.7155351 3.1374885
3.646067 1.7119564 3.1366289
3.6449357 1.7072717 3.1374464
3.6436468 1.7136186 3.1345112
3.6464147 1.7150902 3.1363085
3.6413898 1.7112589 3.138242
3.6480527 1.7163125 3.134164
3.6483305 1.7165569 3.131396
3.6439601 1.7110549 3.1339467
3.6476422 1.7175596 3.1372859
4.465637 2.4440636 5.2658319
4.4707321 2.4397748 5.2718873
4.4682636 2.4434501 5.2660446
4.4795406 2.4376326 5.2782848
4.4822728 2.4372696 5.2773633
4.4700621 2.4337884 5.2612687
4.4551337 2.4473606 5.2529854
4.4595514 2.4408531 5.2537126
4.4704901 2.4498214 5.2610943
4.465377 2.4443749 5.2562682
4.4695075 2.4423795 5.2665467
4.4665266 2.4452031 5.2618802
4.4778363 2.4395107 5.2706594
4.4634973 2.4391288 5.2495224
4.4649422 2.4434423 5.2566113
4.4513061 2.4517629 5.2501643
4.4661709 2.0270583 1.3640806
4.4633208 2.0256265 1.3594429
4.4669726 2.0279967 1.360428
4.4661067 2.0280216 1.3607797
4.4652809 2.0259622 1.3590622
4.4621086 2.029086 1.3584831
4.467612 2.0236848 1.3625954
4.4676501 2.0254465 1.3610888
4.469161 2.0331082 1.3669892
4.466813 2.027212 1.3614025
4.4725279 2.0357706 1.3660127
4.4727474 2.0355459 1.3687792
4.4725259 2.0282316 1.3730597
4.4696019 2.0226576 1.3678295
4.4657603 2.0260117 1.3556894
4.4604816 2.0257363 1.3559982
4.4719568 2.027534 1.3625778
4.466627 2.0262711 1.3617283
4.4670848 2.0257367 1.3621125
4.4670259 2.0259214 1.3612763
4.4664055 2.026066 1.3598963
4.46311 2.0194527 1.3618611
2.1800604 1.6532115 6.0937038
2.1803455 1.6531697 6.0940391
2.1796386 1.6540609 6.0918019
2.1746435 1.6512921 6.0944025
2.1759769 1.6527466 6.0888928
2.1786064 1.6586877 6.0889624
2.1817255 1.6511178 6.0946805
2.1800494 1.6565333 6.0960073
2.1734796 1.6408517 6.0918626
2.1742118 1.6403896 6.0922965
2.1730252 1.6428918 6.0924689
2.1805023 1.6558563 6.0926094
2.1855194 1.6463002 6.0940735
2.1864181 1.6453025 6.0855547
2.181703 1.6584905 6.0952866
2.1795566 1.6513939 6.0969775
2.1750807 1.6553411 6.0933006
2.1760796 1.655105 6.0947193
2.1826544 1.653474 6.0926027
2.1787286 1.6574356 6.0902392
2.1776933 1.6555093 6.0942905
2.1789312 1.6550571 6.091126
2.1806099 1.6535866 6.095583
2.1839347 1.6549968 6.0904163
2.1793539 1.6571063 6.0932725
2.1795115 1.6544896 6.0919812
2.1789323 1.6538192 6.0932716
3.8624527 1.8653191 3.0115356
3.8607087 1.870401 3.0165917
3.8686558 1.8707472 3.021182
3.8609822 1.8730379 3.01517
3.8583241 1.8734167 3.0143894
3.8592705 1.8694941 3.0079568
3.8653274 1.8717099 3.0181727
3.863357 1.8757549 3.0164889
3.8642036 1.8711794 3.0169887
1.8394239 2.6793696 3.5714947
1.8252787 2.667617 3.5490805
1.8388337 2.6690263 3.5659027
1.8201284 2.6621405 3.5506527
1.8374684 2.6663085 3.5653662
1.8370523 2.6665604 3.5624412
1.8333298 2.6611875 3.5609831
1.843833 2.6684276 3.5650048
1.8365653 2.6678241 3.5619979
1.8280019 2.6728331 3.5570215
1.8346051 2.6671723 3.5584684
1.832599 2.6697978 3.5629078
1.8444731 2.6751902 3.5667133
1.8452739 2.6670545 3.5704839
1.832629 2.6640726 3.5604958
1.8353393 2.6665883 3.5619108
1.8354587 2.6672706 3.5624197
1.8360507 2.6658082 3.5646869
1.8341243 2.6685795 3.5727712
1.8349345 2.6606296 3.5667412
1.834033 2.6681072 3.5591301
1.8371744 2.665291 3.5639336
1.832198 2.6579115 3.5519459
1.8279049 2.6611625 3.5583665
1.8321296 2.6742848 3.5641509
1.335155 2.0217296 6.0832613
1.3469121 2.0145142 6.0869791
1.3460904 2.0186096 6.0889459
1.3527733 2.0170963 6.0892008
1.3407439 2.0152167 6.0838864
1.337744 2.015686 6.0785534
1.3476756 2.0167281 6.0858674
1.3422047 2.0186971 6.0844752
1.3428342 2.0167276 6.0834984
1.347045 2.0139868 6.0944368
3.6464068 1.7186013 3.1374879
3.6440227 1.7105893 3.1421411
3.6454604 1.7140431 3.1448223
3.6444836 1.7142234 3.1419398
3.6535845 1.7177332 3.1416539
3.6462685 1.7237532 3.1428218
3.6422279 1.7247255 3.1359433
3.6425667 1.7106999 3.134894
3.6445119 1.7105924 3.1371395
3.6415367 1.7154219 3.1320747
3.6458357 1.7119059 3.1374825
3.6453315 1.7133198 3.1375646
3.6469242 1.7138812 3.1371786
3.6470154 1.7149485 3.1385563
3.6346219 1.7184568 3.1329612
3.6350911 1.7151957 3.1310637
3.6465409 1.7214122 3.1355846
3.6385997 1.7167867 3.1349598
3.6480618 1.719485 3.126721
4.4690431 2.4460204 5.2626279
4.4770426 2.4440577 5.2650223
4.4744626 2.4444485 5.2636579
4.4700968 2.4446553 5.2640319
4.4710852 2.442333 5.2618562
4.4680187 2.4492616 5.2598082
4.4634142 2.445846 5.2577097
4.4748087 2.4454161 5.2733119
4.4662442 2.443056 5.2606474
4.4667346 2.4447315 5.2613456
4.4740868 2.4441627 5.2690802
4.4622495 2.4466821 5.2548191
4.4742988 2.4392794 5.2718925
4.4627405 2.4462799 5.2583889
4.4741604 2.4476174 5.2699034
4.4731472 2.4472939 5.2698758
4.4657863 2.0249416 1.360135
4.4654188 2.0257324 1.3605116
4.4758256 2.0343634 1.3714963
4.4685398 2.0302451 1.3612048
4.4686294 2.0308911 1.3591733
4.4556796 2.0299948 1.3540944
4.455706 2.0304985 1.3543864
4.4655101 2.0276767 1.3588472
4.4619119 2.0258911 1.3532352
4.466841 2.0338233 1.355801
4.4666148 2.0337558 1.3545794
4.4668696 2.0267435 1.3617332
4.4631258 2.0256767 1.3596837
4.4652743 2.0280393 1.3616281
4.4617055 2.0301245 1.3573134
4.4650212 2.0283747 1.3609724
4.4651732 2.0354449 1.359746
4.4698531 2.0263378 1.362795
4.4686319 2.0242545 1.3633864
4.467605 2.0252952 1.3617224
4.4639767 2.024413 1.3597202
4.4678091 2.0266671 1.3626766
0 0 0
2.1776218 1.652798 6.0946993
2.1745646 1.6523794 6.0954247
2.174426 1.6509525 6.0923003
2.175973 1.6534244 6.0904452
2.1744836 1.6566004 6.0893183
2.1739767 1.6566155 6.0901698
2.1794844 1.6542352 6.0922804
2.1792778 1.6555472 6.0926047
2.1813595 1.6531812 6.0923952
2.1822734 1.6554204 6.0915915
2.1787184 1.6564709 6.0937978
2.1797909 1.6528068 6.0838564
2.1813684 1.6597914 6.0872807
2.1798906 1.6544257 6.0937264
2.1757945 1.6542389 6.093552
2.1762372 1.6543886 6.0939855
2.1799618 1.6550669 6.0894176
2.1811075 1.6542432 6.092683
2.1848033 1.6626886 6.0913694
2.1886159 1.6591723 6.094391
2.1779308 1.6603179 6.10015
2.172087 1.6540392 6.0964332
2.1750055 1.6523717 6.0868417
2.1801901 1.6515577 6.0896959
2.1670004 1.6541784 6.0911838
2.1672205 1.6583958 6.0941382
3.8641978 1.8719008 3.0143195
3.8632463 1.8727015 3.0151112
3.8638547 1.8778443 3.0154244
3.8665765 1.8731702 3.0097972
3.8576411 1.8697639 3.0185707
3.8674275 1.8689501 3.0131728
3.8643726 1.8715532 3.0160422
3.8652079 1.8768494 3.0181801
3.860551 1.8658833 3.0136121
1.8558652 2.6706756 3.5774862
1.8472099 2.6725173 3.5691904
1.8406616 2.6656702 3.5643236
1.8380998 2.6648227 3.563457
1.8412272 2.6644046 3.5667666
1.8307995 2.6699006 3.5587817
1.8311404 2.6652959 3.557851
1.8483164 2.6680169 3.5704739
1.8264985 2.664432 3.5521151
1.821003 2.6672654 3.5503502
1.8373952 2.6661446 3.5656091
1.8450101 2.6642265 3.5645125
1.8480458 2.6719802 3.5717451
1.8383265 2.6683063 3.5630962
1.8392457 2.6645172 3.5679394
1.8355344 2.6670886 3.5621439
1.8338269 2.6688363 3.5668318
1.839726 2.6738132 3.5704046
1.8557228 2.6698536 3.5808366
1.8285776 2.6663665 3.5551158
1.8369672 2.664885 3.5631168
1.8297487 2.6698202 3.5587216
1.8235359 2.6712929 3.5455492
1.8336534 2.6621171 3.5649422
1.8342155 2.667893 3.5607563
1.348887 2.0177216 6.0887847
1.3455756 2.0166279 6.0862312
1.3457082 2.0177599 6.0866086
1.3479474 2.0216896 6.087947
1.3420554 2.0200161 6.0775743
1.3457698 2.014515 6.0778763
1.3460245 2.0180098 6.0924046
1.3461139 2.0175798 6.0828271
1.3457965 2.0173446 6.0831361
1.3456359 2.0164519 6.0877077
3.6477014 1.7187806 3.1377481
3.6497965 1.718819 3.1437884
3.6542425 1.7083237 3.1418339
3.6429 1.7091802 3.1366004
3.6473211 1.71798 3.135459
3.6453674 1.7145982 3.1361611
3.6491581 1.7220153 3.1406322
3.6442323 1.714496 3.136387
3.6438445 1.7112488 3.1299738
3.6465865 1.7159096 3.1308672
3.6463399 1.7156542 3.1347052
3.6431211 1.7154692 3.1387007
3.6479118 1.7161137 3.1384885
3.6458035 1.7150647 3.1382885
3.6499465 1.7164521 3.1400283
3.6499539 1.7133406 3.138075
3.6433295 1.7182792 3.1383692
3.6499611 1.7201174 3.1387126
3.6468207 1.7165102 3.1299087
4.4641948 2.4450759 5.2618227
4.4662486 2.4387207 5.2606333
4.4660338 2.4433004 5.2587349
4.4644001 2.4456487 5.258968
4.4662901 2.4448804 5.2615784
4.4646958 2.4456261 5.2532168
4.4774513 2.4538451 5.2679608
4.4815503 2.4445729 5.274661
4.4756424 2.4448031 5.2698998
4.466432 2.4430584 5.2671005
4.4773089 2.4466877 5.2713763
4.4703515 2.4409097 5.2557865
4.4699323 2.4456869 5.2646255
4.4655507 2.4443949 5.2598649
4.4588476 2.4456516 5.255839
4.4751202 2.4455184 5.2735554
0.41296565 2.0426523 0.96373091
0.40854986 2.0331476 0.9603525
0.40995397 2.0345352 0.95822293
0 0 0
4.4765444 2.0227385 1.3593937
4.4579265 2.030215 1.3598282
4.4625031 2.03248 1.3582185
4.4670701 2.0249543 1.3618544
4.4711379 2.0219631 1.3606303
4.4667967 2.0268359 1.3602024
4.4682434 2.0281902 1.358636
4.4683822 2.0266625 1.3639185
4.4695344 2.0317052 1.3587591
4.4606336 2.029429 1.3598694
4.4628793 2.0275995 1.3561238
4.4632475 2.028863 1.3591999
4.4684396 2.0356232 1.3629949
4.4706442 2.0315601 1.3603331
4.4677677 2.0268186 1.3606471
4.4740026 2.0272112 1.3623495
4.4687945 2.0234771 1.3564114
4.95585 1.628448 1.6477848
4.9571946 1.6271079 1.6490529
0 0 0
2.1737622 1.6491391 6.080858
2.185579 1.6503524 6.098773
2.179996 1.6543044 6.0933106
2.1752696 1.6576553 6.090672
2.1805231 1.6534719 6.0914625
2.1792575 1.6562984 6.0923723
2.1787301 1.6536925 6.0921927
2.1824908 1.6527935 6.0904141
2.1809223 1.6538776 6.0915662
2.1766954 1.6508719 6.0933322
2.1853526 1.6561471 6.0918614
2.1800762 1.6519794 6.0967392
2.1791868 1.6544589 6.099271
2.1764213 1.6549597 6.093708
2.1791863 1.6586482 6.0959018
2.1821222 1.6571278 6.0937346
2.1789675 1.6540171 6.093268
2.180191 1.6533307 6.0933447
2.1796504 1.6516976 6.0914995
2.1809073 1.6532293 6.0927852
2.1799833 1.6540504 6.0910085
2.1849317 1.6547379 6.0908498
2.183399 1.6498677 6.092578
2.1744685 1.654018 6.0923789
2.1890132 1.6623407 6.0865698
4.425564 1.5612095 2.35215
4.4264874 1.5626859 2.3503695
4.4225893 1.5641678 2.3449675
4.4310078 1.565332 2.3481082
4.4405982 1.5549249 2.3441824
3.8597125 1.8742215 3.0085585
3.8672215 1.8577343 3.024223
3.8798464 1.8698572 3.0255073
4.4283572 1.5692084 2.3485085
1.8303168 2.6685964 3.5544984
1.8288506 2.6560758 3.5532089
1.8314937 2.66345 3.5587133
1.8341377 2.6624968 3.5600898
1.8374209 2.6664119 3.5707143
1.8203577 2.672128 3.551359
1.8230222 2.6672534 3.5487583
1.8381657 2.672855 3.5607532
1.8345488 2.6668896 3.5597602
1.8266501 2.6712087 3.5538019
1.8350694 2.6667277 3.5606459
1.824982 2.665249 3.5485812
1.8287221 2.6663144 3.5586046
1.8358467 2.6669014 3.5615325
1.8368073 2.6674019 3.5601335
1.8362671 2.6743982 3.5599814
1.8428091 2.6740254 3.5651338
1.8382064 2.6755255 3.5592911
1.835496 2.6693989 3.5554728
1.8329189 2.6652247 3.5596517
1.8357532 2.6652426 3.5619787
1.8296981 2.6652992 3.5585821
1.8396828 2.6693077 3.5629877
1.8392133 2.6669777 3.5678218
1.8348818 2.6734962 3.5573265
1.3536823 2.0196449 6.0771774
1.3419094 2.01605 6.0833237
1.340206 2.0130696 6.0770154
1.3456201 2.010368 6.0806017
1.3479478 2.0191745 6.0800576
1.3451762 2.0130338 6.0925851
1.3460375 2.0123904 6.0932492
1.3442448 2.0166565 6.0853908
1.3487319 2.0165184 6.086412
1.3403456 2.020831 6.0869213
3.6530086 1.7199119 3.1281527
3.6493018 1.715507 3.1356804
3.6478268 1.7118182 3.1328958
3.6465222 1.7141702 3.137185
3.6454502 1.7175682 3.1417156
3.6454421 1.7143195 3.1382602
3.6422203 1.7177581 3.1424283
3.6437617 1.7186234 3.142571
3.6444447 1.7111717 3.1375548
3.6400044 1.7116278 3.1364827
3.64401 1.7076496 3.1350001
3.6414869 1.7128792 3.1398992
3.6470253 1.7138757 3.1374813
3.6467124 1.715968 3.1390509
3.6464736 1.7152512 3.1378112
3.648303 1.7191737 3.1331201
3.6478196 1.7207699 3.1394827
3.6443361 1.7160833 3.1437446
3.6479575 1.7103177 3.1433249
4.4660412 2.4450096 5.2612077
4.4665704 2.4467286 5.2594245
4.4706504 2.4560768 5.2686214
4.4684755 2.4434942 5.2616088
4.4673542 2.4435345 5.2621363
4.4696503 2.4421169 5.2656706
4.4598993 2.451726 5.2557738
4.4660969 2.4455775 5.2646926
4.4654904 2.4446681 5.2643819
4.4629702 2.4422476 5.2590841
4.4665971 2.4441557 5.2612574
4.4713132 2.441268 5.2564454
4.4664325 2.4423354 5.2585319
4.4614679 2.4439934 5.2585543
4.4625651 2.435608 5.2591642
0.42460346 2.0359271 0.96683721
0.41190947 2.0424578 0.96240075
0.40702857 2.0334755 0.96124969
0.40754555 2.0322372 0.95487325
0.40131073 2.028378 0.94985026
0.39850356 2.0412948 0.95667894
0.41377012 2.0432825 0.95980955
0.41760473 2.0458503 0.96957319
4.4708911 2.0220968 1.365141
4.4683319 2.0214321 1.3565673
4.4584422 2.0313531 1.3443921
4.4501837 2.0259562 1.3513066
4.4751128 2.0344609 1.3698903
4.4797891 2.0329341 1.374445
4.4615751 2.0304506 1.3577576
4.4734403 2.0283911 1.3704916
4.4682762 2.0253656 1.3621471
4.4634056 2.023275 1.3481942
4.4690726 2.0295681 1.3594265
4.4694226 2.028467 1.3594837
4.4740738 2.0273752 1.3574092
4.9685379 1.6296815 1.647096
4.9666306 1.616484 1.6569253
4.9669523 1.6172793 1.6581433
4.9665102 1.6246401 1.6506976
4.9604451 1.6260275 1.6538368
2.1902797 1.6521899 6.0898794
2.1892636 1.6485579 6.0906369
2.1801438 1.6523646 6.0864628
2.1841161 1.6540227 6.0956546
2.184782 1.6535684 6.0939684
2.1794978 1.656412 6.0939742
2.1876062 1.6498778 6.0999787
2.1809126 1.6537855 6.0927706
2.179076 1.6541958 6.09924
2.1822063 1.6529195 6.0939722
2.1805676 1.6539162 6.0932458
2.1771595 1.6481196 6.0968698
2.1769922 1.6491096 6.0932358
2.1746897 1.6482837 6.0903604
2.1756131 1.6456904 6.0943391
2.1809394 1.6528216 6.0946558
2.1847384 1.6485245 6.0919393
2.1794373 1.6539844 6.0871227
2.1809247 1.6472751 6.0901634
2.1787709 1.6534063 6.095165
2.1798696 1.6528967 6.0952317
2.1805924 1.6518592 6.0948698
2.175881 1.6529846 6.0809321
4.4330884 1.5683655 2.3495273
4.4314973 1.5642428 2.3470452
4.4327868 1.5650972 2.3510359
4.4239076 1.5668807 2.3453723
4.4288044 1.5651434 2.3514402
4.4260485 1.5564504 2.3596671
0 0 0
0 0 0
4.4347038 1.5678014 2.3473339
4.4345759 1.5707652 2.3470793
4.4364379 1.5585834 2.359002
4.4290331 1.5697354 2.3515678
1.8262593 2.6644569 3.5531261
1.8323902 2.664027 3.5592639
1.8370811 2.6663665 3.5657186
1.8168256 2.6639937 3.5478769
1.8135616 2.666247 3.5423994
1.8266978 2.6629888 3.5557438
1.833201 2.6696179 3.5614333
1.8407904 2.662578 3.5712353
1.849011 2.6646235 3.572674
1.8336711 2.665596 3.5598299
1.8268446 2.6663669 3.5513145
1.8412249 2.6651996 3.5625909
1.8336933 2.6646924 3.5546056
1.8377967 2.6626547 3.5589822
1.838034 2.6662241 3.5603357
1.839365 2.6637269 3.5609185
1.8366455 2.665608 3.5593656
1.8405116 2.6638309 3.5655832
1.83779 2.6658768 3.5583398
1.839308 2.6681241 3.5650593
1.8338396 2.668748 3.5605789
1.8364374 2.6673171 3.5621734
1.8374381 2.6696804 3.5647195
1.3371763 2.0277564 6.0772424
1.3467011 2.0095128 6.0816749
1.3441985 2.0109485 6.080048
1.3477383 2.0124824 6.0898325
1.3395207 2.0118683 6.0851993
1.3429105 2.0085925 6.0870622
1.3482682 2.01675 6.0918789
1.3440535 2.0166461 6.0924394
1.348203 2.0184979 6.0929245
1.3471432 2.0176963 6.088319
3.6370761 1.710993 3.136223
3.6460555 1.7172837 3.1404568
3.6472266 1.7164535 3.1393934
3.6457697 1.7267744 3.136128
3.6418849 1.7134704 3.1427392
3.638201 1.7150061 3.1424894
3.6436994 1.7160266 3.1392654
3.6461128 1.7144195 3.1371028
3.6433457 1.7132549 3.1388537
3.6452262 1.7140523 3.1310581
3.6447403 1.7128232 3.131012
3.6457113 1.7159826 3.1378773
3.6490068 1.7154965 3.1382347
3.6467908 1.7163704 3.1364917
3.6424226 1.7195128 3.1388005
3.6478564 1.7130277 3.1343327
3.6508176 1.712654 3.1413298
3.6539849 1.717417 3.1375397
3.6554184 1.7161597 3.1382791
4.4655095 2.4504935 5.2633822
4.4713661 2.4498639 5.2604121
4.4697542 2.4562825 5.2680804
4.4684127 2.4443469 5.2614489
4.4656848 2.4420687 5.2589668
4.4651478 2.4406659 5.2600539
4.4577031 2.4432458 5.2619595
4.46869 2.4436212 5.2656741
4.4676985 2.4444314 5.264838
4.469172 2.4439449 5.2654782
4.4621701 2.4437268 5.2536391
4.4633088 2.440139 5.2552461
4.4663338 2.4432419 5.2596752
4.4626254 2.4371203 5.2467453
0.41305698 2.0314771 0.97442703
0.40776047 2.0359925 0.95738883
0.41282309 2.0403402 0.96306754
0.41092008 2.0424364 0.95478658
0.4132302 2.0307657 0.95795551
0.41395598 2.0395601 0.95805217
0.4164606 2.0350192 0.96325798
0.4152268 2.0382307 0.96297313
0.41394065 2.0373381 0.96195029
0.41479005 2.0365914 0.96228384
0.4035758 2.0453239 0.95737373
0.42645699 2.0441767 0.97051616
0.41050366 2.0336482 0.95534371
0.42750282 2.0309861 0.96466635
0.4082899 2.0274313 0.9551877
0.41346785 2.0328456 0.95234568
0.40942269 2.0367992 0.94471363
0.40795189 2.0383234 0.95601487
0.4011924 2.0463939 0.9572215
0.41289181 2.0368613 0.96126226
0.41363115 2.0390362 0.960603
4.9625861 1.6231198 1.6505601
4.9609377 1.6217468 1.6524031
4.964716 1.621934 1.6532747
4.9618214 1.6164823 1.6450662
4.9633021 1.623316 1.6430465
4.9575991 1.6253278 1.6537808
4.96169 1.6237479 1.6494811
2.1803321 1.6541392 6.0937721
2.1794204 1.6557512 6.0956638
2.1790258 1.6599329 6.0898993
2.1791547 1.6604015 6.0914212
2.186637 1.6465016 6.0941633
2.1878656 1.6465672 6.0976765
2.1828067 1.6543978 6.0926341
2.1800109 1.651142 6.0987924
2.1797924 1.6526278 6.0945485
2.1758756 1.6590211 6.0939502
2.1806593 1.6529397 6.096301
2.1811186 1.6527241 6.0983581
2.1817288 1.6562022 6.0978639
2.1838869 1.653047 6.0992302
2.1804911 1.6531908 6.0942467
2.1742101 1.6475286 6.0957577
2.1739751 1.6513332 6.0963344
2.171797 1.6517217 6.0942277
2.1716554 1.6528714 6.0926335
2.1772285 1.6531353 6.1003343
2.1709031 1.6511381 6.0908115
4.4307945 1.5649451 2.3525923
4.4341353 1.5702101 2.354041
4.4299953 1.5661888 2.3518885
4.4342865 1.5635798 2.3505714
4.4211484 1.5560701 2.3473338
4.4243789 1.5544663 2.3488171
4.430197 1.5672386 2.3514705
4.4250993 1.5780749 2.346907
4.4283747 1.5577639 2.3509583
4.4283973 1.5633213 2.351424
4.424453 1.5657367 2.3529574
4.4385775 1.5646368 2.3554427
4.4240005 1.5665352 2.3456547
4.4233191 1.5618839 2.3511923
0 0 0
1.8388856 2.66671 3.5637435
1.8332863 2.6614413 3.5571836
1.8317118 2.6602672 3.5557077
1.8313774 2.6805575 3.5584187
1.8352491 2.6707016 3.5621451
1.8214498 2.6676403 3.5456554
1.8403932 2.6693078 3.5646155
1.8218287 2.6578938 3.5552987
1.8230297 2.6651859 3.54861
1.8369043 2.662877 3.5603802
1.8376966 2.6642173 3.5594112
1.8504502 2.6666138 3.5694904
1.8521547 2.6659747 3.5727369
1.8156004 2.6675692 3.5421163
1.8175649 2.6701958 3.5443001
1.8357388 2.667085 3.5605516
1.8363474 2.660399 3.5533351
1.8391162 2.6684566 3.5642301
1.8311963 2.6694927 3.5577805
1.8351745 2.6635213 3.5549822
1.8345644 2.664726 3.5532395
1.3348754 2.0173083 6.0742332
1.3517884 2.0157751 6.0832501
1.3503811 2.0157989 6.0833712
1.3502407 2.0169896 6.0874399
1.3490545 2.0120036 6.0836741
1.34074 2.0152609 6.0842377
1.3399172 2.0114158 6.0823033
1.3458209 2.0103928 6.0831489
1.3460322 2.0144579 6.0854949
1.3422594 2.029688 6.0799051
3.644144 1.7118477 3.138975
3.6483939 1.7145564 3.1371279
3.6469379 1.7149947 3.1376336
3.6427419 1.7252572 3.1274555
3.6503614 1.7240307 3.1365382
3.6397762 1.7215869 3.1423328
3.6457645 1.7165509 3.1367052
3.64645 1.7160412 3.1381451
3.6459224 1.7146101 3.137701
3.6466463 1.7124241 3.1394094
3.6404269 1.7113024 3.138656
3.6472532 1.7130215 3.1308333
3.6475905 1.7145918 3.1376102
3.6454568 1.7186512 3.1330888
3.6494227 1.7222246 3.1412974
3.6491015 1.7207772 3.139823
3.6534537 1.7199667 3.1373876
3.6460045 1.7141162 3.1372255
3.6452791 1.7243791 3.1461516
0 0 0
4.4635169 2.4520826 5.2566831
4.474399 2.4527082 5.2665548
4.46906 2.4475094 5.2620869
4.4695117 2.446675 5.2620323
4.4605722 2.4487545 5.2606926
4.4591743 2.4489241 5.2587476
4.4624479 2.4436153 5.2633943
4.4638779 2.4483367 5.2604876
4.4620615 2.444225 5.2582745
4.4680929 2.4461882 5.2625001
4.4624465 2.4464191 5.259645
4.4752267 2.4452462 5.2629036
0 0 0
0.42225576 2.032731 0.97402462
0.41374928 2.0379653 0.95952227
0.41457358 2.0412433 0.95934074
0.4084568 2.0435984 0.96472129
0.41530261 2.0462955 0.96689277
0.41041221 2.0473788 0.95633912
0.41992175 2.0449243 0.96277581
0.41548822 2.0403109 0.96088561
0.4192176 2.0434619 0.95871621
0.42178427 2.0397105 0.95867686
0.41247665 2.0368278 0.96175287
0.41309395 2.0374513 0.96214592
0.40858784 2.0323704 0.96335426
0.41813223 2.0396973 0.96269096
0.41855186 2.0359644 0.97055189
0.42321799 2.0338655 0.9580391
0.41603689 2.0437408 0.95675193
0.40970381 2.0361641 0.95890993
0.4091356 2.037442 0.95746712
0.41376165 2.0362233 0.96215266
0.41480101 2.0371869 0.96107209
4.9541769 1.6198577 1.6585883
4.9656409 1.6194106 1.6502225
4.9591812 1.6229104 1.6448188
4.9681016 1.6249315 1.6466489
4.958539 1.618883 1.6553702
4.9655572 1.6210457 1.658029
4.9610952 1.6213824 1.6498567
4.9559867 1.6278996 1.6629909
2.1796655 1.6540019 6.0942019
2.1765618 1.6492522 6.0929731
2.1837607 1.6531007 6.0854285
2.1804177 1.654141 6.0912166
2.1805392 1.656209 6.0904249
2.1796282 1.6547711 6.0919229
2.1776087 1.6507589 6.0861368
2.1761502 1.6476593 6.0867561
2.167726 1.6497549 6.0962774
2.1681046 1.6532257 6.0924571
2.1818095 1.6577999 6.094206
2.1820812 1.6592887 6.0951101
2.1791367 1.6560616 6.096355
2.187105 1.651631 6.0934586
2.1837936 1.6485175 6.088972
2.1801693 1.6529688 6.0936254
2.1816069 1.6522703 6.0937595
2.1781773 1.6446888 6.096111
2.1847063 1.6500851 6.0985179
4.419864 1.5715101 2.358344
4.4403575 1.5641774 2.3561342
4.4394408 1.5603269 2.3523799
4.434383 1.5581431 2.3523963
4.4259472 1.5664256 2.354182
4.4248417 1.5640027 2.3581793
4.4278582 1.5671399 2.3514855
4.4236137 1.5717521 2.3534813
4.4293284 1.5618538 2.352045
4.4285205 1.5619769 2.3519909
4.4284796 1.5633216 2.3516755
4.4269556 1.5615222 2.3504372
4.4253317 1.5631739 2.3535591
4.4246582 1.5605934 2.351504
4.4292566 1.5654611 2.3515498
4.4319 1.5668808 2.360531
1.8411084 2.6659401 3.5671951
1.8359827 2.6667404 3.5605357
1.8373166 2.6729752 3.5746968
1.1579356 1.7660571 3.0050497
1.1657607 1.7755285 3.009057
1.1630256 1.7613868 3.0111479
1.15811 1.7651562 3.0114759
1.1566326 1.7604364 3.0081938
1.1584354 1.7634703 3.0102687
1.157921 1.7766049 3.0188303
1.1618703 1.7656333 3.0098137
1.8097742 2.6744041 3.5297816
1.8374808 2.6665948 3.5634918
1.8361679 2.666314 3.562847
1.8347074 2.6638306 3.5692103
1.85155 2.6622208 3.5834849
1.819164 2.6568112 3.53739
1.829642 2.6669128 3.5544242
1.8344209 2.6664318 3.5529044
1.8172744 2.6688262 3.5406984
0 0 0
1.3409299 2.013474 6.0718492
1.3458156 2.0186011 6.0838129
1.3478384 2.0156057 6.0863347
1.3493413 2.0169679 6.0834588
1.3427399 2.0130974 6.0812138
1.3463304 2.0156871 6.0896158
1.3456764 2.0150514 6.0900162
1.3488339 2.013724 6.0842485
1.345572 2.0125753 6.0850428
1.3376689 2.01281 6.0838801
3.6447843 1.7111291 3.1406818
3.6460334 1.7192265 3.1446303
3.6453565 1.719145 3.1433841
3.6348626 1.7183489 3.1301206
3.6395116 1.712388 3.1341686
3.6416884 1.7210063 3.1336673
3.6478241 1.7128318 3.1323153
3.6446564 1.7133719 3.1375214
3.6408575 1.7234007 3.1376562
3.6393772 1.7107993 3.1419799
3.6423587 1.7105351 3.1384473
3.6523618 1.7118597 3.1340712
3.6497575 1.7114507 3.1348785
3.6455096 1.7129997 3.1314334
3.6526325 1.7157685 3.1325382
3.6446708 1.7223884 3.1416783
3.6440077 1.7195054 3.1319629
3.6425135 1.7151994 3.1318745
3.6505313 1.7168042 3.141169
4.4754255 2.4413488 5.2693697
4.463088 2.4398297 5.2622801
4.4670347 2.4488257 5.2530109
4.4621897 2.4525129 5.2587123
4.4674047 2.4514777 5.2649276
4.4567219 2.445579 5.2537682
4.4667962 2.4459706 5.265826
4.4656615 2.4445734 5.2617962
4.461015 2.4454831 5.2654981
4.4521445 2.4369178 5.2554813
4.4636084 2.4327381 5.2564366
4.4662769 2.4439691 5.2452096
0.409571 2.0384365 0.95573747
0.41186338 2.0390396 0.96496475
0.40788598 2.0385825 0.95880287
0.41396034 2.0376538 0.95877761
0.41180946 2.0376367 0.96089161
0.41277436 2.0375549 0.96188294
0.41231112 2.037781 0.96248139
0.4150547 2.0388612 0.95729935
0.41723942 2.0383754 0.95967254
0.41497188 2.0351304 0.96349799
0.41401388 2.0362519 0.96206365
0.40790561 2.0328932 0.9565674
0.40876456 2.0346474 0.95636782
0.40525891 2.0385598 0.95432712
0.41176646 2.0280566 0.95560855
0.41919595 2.042224 0.95732732
0.41430637 2.0413477 0.96250755
0.42429853 2.0423104 0.96204758
0.40706083 2.043038 0.96130903
0.41310242 2.0393161 0.96186461
0.41717426 2.0377817 0.96654062
0.41545243 2.0382673 0.96666077
0.41588544 2.0377067 0.96077682
4.963042 1.6255485 1.653763
4.9625275 1.6238994 1.6477532
4.9588037 1.6218798 1.6507714
4.9624973 1.6257432 1.6518486
4.9640203 1.6292554 1.6522194
4.9644073 1.6284289 1.6522201
4.9646694 1.6239688 1.6535707
4.9621699 1.6249603 1.654566
4.9586703 1.6154786 1.6556367
2.1868513 1.6497469 6.0963464
2.188016 1.6580989 6.0857038
2.1793267 1.6575141 6.0933087
2.179302 1.6506258 6.0881877
2.1799747 1.656066 6.0891364
2.1788773 1.651428 6.0915091
2.1806369 1.6507191 6.0915836
2.185859 1.6512285 6.1010943
2.1773449 1.6537267 6.0909099
2.1757741 1.6592125 6.090165
2.1811478 1.6602259 6.0910499
2.1880245 1.6514516 6.0948477
2.1826004 1.6528608 6.0943116
2.187383 1.6505571 6.0953224
2.1798812 1.6556621 6.0963151
2.1778836 1.6531698 6.0938189
2.1730637 1.6549106 6.0970575
4.4286083 1.567593 2.3512765
4.4273857 1.5668826 2.3503008
4.4297781 1.5620181 2.3449608
4.4299492 1.564503 2.3389584
4.4348169 1.5750601 2.3448297
4.4297978 1.5667305 2.3503711
4.4329867 1.5676415 2.3511538
4.4293172 1.5696557 2.3528612
4.4216027 1.5693486 2.3472317
4.4295742 1.5654313 2.3508067
4.4299784 1.564426 2.3506597
4.4300827 1.565328 2.3505802
4.4198651 1.5726309 2.3518516
4.4192167 1.5719662 2.3529042
4.4269813 1.5734523 2.3481145
4.4279486 1.5645832 2.3507985
4.4210678 1.5564516 2.3526111
1.9096626 2.5533432 3.5001093
1.153614 1.7705491 2.9963735
1.1534828 1.7744354 3.0033019
1.1614894 1.7683216 3.0111596
1.1591625 1.7652426 3.0104365
1.1631961 1.7680873 3.0126518
1.1579695 1.763817 3.0095247
1.1574084 1.7643969 3.0124597
1.1579289 1.7639518 3.0066878
1.1651051 1.7661578 3.0140847
1.15858 1.7675562 3.0074959
1.1582833 1.7654627 3.0092927
1.1623405 1.7700794 3.0102885
1.1599797 1.7713429 3.012141
1.1520893 1.7535565 3.0060855
1.1601661 1.7644171 3.0119721
1.1468154 1.7690956 3.010382
1.1647231 1.7636277 2.9987495
1.1587698 1.7634542 3.0099255
1.1635736 1.7542315 3.0114861
1.1500735 1.7762386 3.0097007
1.3527634 2.023377 6.0913002
1.3503006 2.0136362 6.0819824
1.3471597 2.014318 6.0876618
1.3493351 2.0125259 6.0886053
1.3441953 2.0150249 6.084758
1.340938 2.0158895 6.0816851
1.351688 2.0128813 6.0857817
1.3465915 2.0111661 6.0832482
1.346175 2.0172581 6.0916306
1.3476944 2.0135387 6.0863583
0 0 0
3.6378893 1.7223468 3.126655
3.6457022 1.7228615 3.1492069
3.6468901 1.7087585 3.1376779
3.6457833 1.7131377 3.136668
3.6411386 1.7100861 3.1410383
3.6488202 1.7144154 3.1331833
3.6469147 1.7154732 3.1365756
3.6492017 1.7244169 3.1419014
3.6405575 1.7262537 3.1320841
3.649717 1.7053808 3.1330295
3.6559784 1.7093792 3.1335494
3.6479948 1.708314 3.1342401
3.6454543 1.7143391 3.1366916
3.6433431 1.7098003 3.1383569
3.6473914 1.710308 3.1445168
3.6469626 1.7137672 3.1339787
3.6467037 1.7148481 3.1366947
3.6466479 1.7141269 3.1416252
4.4674275 2.4542654 5.268461
4.4613303 2.4381278 5.2545602
4.4697248 2.4476112 5.257557
4.4687713 2.4451658 5.2597955
4.4552169 2.4486818 5.2487337
4.4549552 2.4497091 5.2536599
4.4540577 2.4493599 5.2533514
4.4636281 2.4485433 5.2548955
4.462756 2.4441179 5.2587322
4.4729428 2.4449869 5.2595095
4.4520908 2.4398205 5.2399795
0.41350954 2.0395724 0.96351771
0.40850834 2.0370774 0.96145927
0.41194152 2.0372664 0.9633146
0.41109863 2.0361577 0.96057447
0.41218155 2.0337948 0.96365867
0.41279996 2.0396918 0.96227915
0.41031217 2.0382786 0.96043978
0.41249426 2.0370764 0.9614642
0.41202605 2.0346464 0.95847081
0.41315171 2.0370851 0.96112724
0.41332308 2.0363253 0.9606858
0.40991846 2.0394003 0.96824932
0.41095208 2.0321706 0.95158899
0.41128997 2.0323236 0.95224385
0.40302055 2.0342456 0.95522435
0.41348342 2.0332294 0.96192802
0.41909142 2.035152 0.95472769
0.4126296 2.0394656 0.95629334
0.40865551 2.0385553 0.95986876
0.4102709 2.0340326 0.96457868
0.40995568 2.0371211 0.96147625
0.41258238 2.0365513 0.96192202
0.41285563 2.0370769 0.96152784
0.41078549 2.0364772 0.9612048
4.9671632 1.6118834 1.6538353
4.9594945 1.6247298 1.6497726
4.9602857 1.6268884 1.6477566
4.9616105 1.6254988 1.6533639
4.961144 1.6259643 1.6521469
4.9617781 1.6252406 1.6552347
4.9638826 1.626407 1.6526786
4.9630438 1.6247126 1.6505634
4.9668423 1.6255744 1.6536297
4.9613897 1.6237524 1.6489574
0 0 0
2.1765393 1.6598969 6.0886752
2.1796598 1.6506342 6.0872805
2.179941 1.6552089 6.0896374
2.1838584 1.6558069 6.0864324
2.1882875 1.6511171 6.0901002
2.1862337 1.6510858 6.1016972
2.174838 1.6514516 6.0936058
2.1782633 1.6545826 6.0931251
2.1877987 1.6629861 6.0957939
2.1901116 1.6620315 6.0923365
2.180283 1.6485479 6.0975018
2.1777315 1.6630699 6.0927945
2.1713118 1.6597961 6.0887248
2.1709525 1.6501741 6.0959488
0 0 0
4.4252224 1.5757885 2.3565528
4.4307051 1.5668234 2.352607
4.4307348 1.5603642 2.3514691
4.4285911 1.5740497 2.3489238
4.4328717 1.5732568 2.3541217
4.430956 1.5677054 2.3516611
4.4314747 1.5671888 2.3512046
4.429923 1.5670901 2.3514793
4.4233833 1.5580443 2.3561365
4.4289506 1.5645969 2.3508114
4.4330111 1.5615558 2.3485403
4.4335439 1.5599362 2.3483834
4.424887 1.558759 2.3528987
4.4258279 1.5681332 2.343026
4.429103 1.5720176 2.3504794
4.4290833 1.5664015 2.3508675
4.4229697 1.5694934 2.3533476
4.4323555 1.5682927 2.3500092
4.4312431 1.5682731 2.3536733
1.1582292 1.7645464 3.0113157
1.155505 1.7635944 3.0174745
1.1538197 1.7634605 3.0129755
1.1533845 1.7681133 3.0162016
1.1586809 1.7649471 3.0101413
1.1523009 1.7614382 3.0099838
1.1557124 1.7661219 3.0053218
1.1564382 1.7623185 3.0139514
1.1564292 1.7621958 3.0116994
1.1591683 1.7658487 3.0101414
1.1623905 1.7653866 3.0078451
1.1586262 1.7617657 3.0128697
1.1611377 1.7616948 3.0117858
1.1568937 1.7633207 3.0125999
1.1522587 1.7711267 3.0117455
1.1642347 1.769223 3.0122979
1.1662524 1.7681473 3.0089839
1.1705249 1.7612718 3.0197856
1.1643661 1.762874 3.0224952
1.1558255 1.7516547 3.0011096
1.3410259 2.0072388 6.0866623
1.348621 2.0098697 6.0917789
1.349016 2.0188078 6.0903861
1.3442688 2.0152813 6.0837748
1.3431503 2.0256213 6.0862054
1.3459852 2.0269506 6.0850619
1.3462137 2.0169517 6.0867161
1.3548537 2.0131266 6.0981041
4.5696297 1.5283908 5.7197332
4.5809536 1.5372951 5.7186097
4.5843101 1.5308691 5.7308016
4.5760472 1.5286688 5.7216348
4.5823237 1.525771 5.7255162
4.5813749 1.5292978 5.7220062
4.5872264 1.5233849 5.7297201
4.5865343 1.5236956 5.7188832
4.5737096 1.5277837 5.7228674
4.5738371 1.5252794 5.7209062
4.5667411 1.52396 5.71363
4.5789627 1.5257982 5.7182535
3.6553951 1.7157887 3.141826
3.6465972 1.7130818 3.1296029
3.6428536 1.7128003 3.1308665
3.649119 1.7123916 3.1375976
3.640048 1.7094232 3.1336022
3.6400985 1.7138673 3.1268524
3.6472943 1.7155614 3.1339947
3.6499369 1.7185202 3.1377425
4.45942 2.4345558 5.2658214
4.4680244 2.4386157 5.265285
4.458369 2.4459988 5.255459
4.4730636 2.448694 5.2636727
4.4748077 2.4442525 5.2703722
4.4711607 2.4406206 5.2655792
4.4741377 2.4416163 5.2695458
4.4713875 2.4435683 5.2641069
4.4687727 2.4493943 5.2606864
4.4730436 2.4451383 5.2591388
0.40319383 2.0252479 0.95841792
0.41053695 2.0366332 0.96240377
0.40961009 2.0368073 0.97129684
0.41200554 2.0374823 0.96510159
0.41203321 2.0393002 0.96397555
0.41598181 2.0361897 0.96459408
0.4096094 2.0387663 0.96221429
0.41529633 2.0395133 0.96086253
0.41468908 2.0391722 0.96494365
0.41650216 2.036752 0.96288297
0.4149322 2.0306395 0.96972841
0.41216912 2.0291342 0.96836206
0.40922933 2.0311794 0.97036173
0.40351337 2.0419054 0.95764356
0.40971272 2.0366253 0.95204747
0.41260155 2.0377493 0.96033273
0.40757346 2.0408435 0.95844862
0.40495826 2.0377439 0.94933405
0.40453545 2.0358574 0.95113414
0.40521629 2.0314254 0.9636145
0.41029127 2.0332762 0.95988528
0.40005148 2.0315361 0.95259641
0.40165201 2.0287895 0.95494558
0.39930048 2.0361261 0.95226163
4.9653167 1.6240585 1.6519341
4.9625045 1.6236457 1.6510928
4.963644 1.627932 1.6511684
4.9659344 1.6232832 1.6499482
4.9659997 1.6251243 1.651032
4.9666893 1.6248403 1.650796
4.9611347 1.6254347 1.6538387
4.9612964 1.6245492 1.6536887
4.9635397 1.6187585 1.6550878
4.9736851 1.6185024 1.6488439
4.960306 1.635028 1.6470653
4.9643042 1.6245174 1.6362595
2.1951158 1.6516478 6.0952582
2.1799846 1.6535693 6.0933651
2.1790891 1.6542016 6.0935341
2.1837578 1.6573955 6.0868814
2.1818936 1.6550995 6.0946331
2.1799342 1.6531227 6.09354
2.1772841 1.6525878 6.0930389
2.1791538 1.6528465 6.0935363
2.1756017 1.6562208 6.0855827
2.1752602 1.6532332 6.0878742
2.1834834 1.644049 6.0995575
0 0 0
4.4372176 1.5659284 2.343796
4.4302647 1.5710338 2.3477047
4.4277622 1.5642493 2.3520064
4.4307836 1.5710605 2.358613
4.4293071 1.567358 2.3509823
4.4324863 1.5666167 2.3525035
4.4257921 1.5704172 2.3456387
4.4331622 1.5700756 2.3428817
4.4296983 1.5677765 2.3516752
4.4296919 1.5687987 2.3530705
4.4248073 1.5601121 2.3503449
4.4257649 1.5583068 2.3577692
4.4277298 1.5658363 2.3505719
4.4325858 1.5637987 2.3506946
4.4268728 1.5658883 2.3469555
4.4277943 1.5630866 2.3465869
4.4237198 1.5668939 2.3475203
4.4305115 1.5628743 2.3505916
4.4289038 1.5660542 2.3509906
4.4280933 1.5667261 2.349768
4.4298849 1.5643625 2.3482659
4.4308607 1.566068 2.3484207
0 0 0
1.1545496 1.7746706 3.0142176
1.1563609 1.7682714 3.0060583
1.1557881 1.7715141 3.0123359
1.1574262 1.7630835 3.0038177
1.1534805 1.764436 3.0017652
1.1494993 1.7627098 3.0091326
1.1609915 1.7648643 3.0085448
1.1607548 1.765298 3.0110158
1.1588444 1.7589052 3.0095999
1.1577274 1.765141 3.0085608
1.1579884 1.7642582 3.0092786
1.1591358 1.7619001 3.0107105
1.1566893 1.762334 3.0095161
1.150124 1.7636493 3.0067062
1.1584898 1.7624105 3.0104053
1.1568337 1.7617627 3.0151565
1.1620561 1.7731098 3.0112371
1.163592 1.7722994 3.012173
1.1590221 1.7643192 3.0099986
1.3414517 2.0161771 6.0866653
1.355434 2.0149715 6.0908909
1.3538712 2.0149256 6.0940868
1.3487276 2.0183177 6.0857453
1.3477097 2.0156788 6.0863481
1.3543784 2.0208729 6.0919437
1.3537443 2.0163234 6.0910599
4.5915328 1.5270749 5.7159114
4.5772768 1.5292894 5.7111224
4.5873246 1.5333417 5.7191852
4.578269 1.5276738 5.7285917
4.5773669 1.5269704 5.723358
4.5761989 1.5228199 5.71985
4.585265 1.5265149 5.7244035
4.5813722 1.5271003 5.7223161
4.5786871 1.5271814 5.7219213
4.5793852 1.5297536 5.7150553
4.5762575 1.5232256 5.7212646
4.5753689 1.5265697 5.7206328
4.5745987 1.530305 5.7223451
4.5778952 1.528125 5.7217126
4.5786196 1.5287636 5.7197568
4.5756998 1.5323713 5.7301861
4.5701733 1.529424 5.7185243
4.5767556 1.5299155 5.7243863
4.571624 1.5283965 5.7271176
4.5763656 1.5281501 5.7232777
4.5739529 1.5220382 5.7196585
4.4720707 2.4419555 5.265729
4.4747823 2.4439783 5.2716075
4.4602939 2.4434214 5.2527906
4.4569046 2.4472863 5.2562259
4.463127 2.4465519 5.2594776
4.4635295 2.4439932 5.2635389
4.4635123 2.4392427 5.2581371
4.4668537 2.4455603 5.2619188
4.4680796 2.4484863 5.2619248
0.40898614 2.0235742 0.95780506
0.40736211 2.0367744 0.96183225
0.40763334 2.0352912 0.96006229
0.40383637 2.030824 0.96708612
0.40725665 2.0307771 0.95998569
0.41338834 2.0375738 0.96021548
0.40727913 2.0343165 0.95929211
0.41013315 2.0374205 0.95829739
0.41282521 2.0391573 0.96041673
0.41305904 2.0367265 0.96051591
0.4130087 2.0367481 0.96087459
0.41363572 2.0385993 0.96129708
0.41652671 2.0343223 0.96361668
0.40854154 2.0241666 0.95885344
0.41325659 2.0372747 0.96075045
0.41126346 2.0417728 0.95635763
0.41201694 2.0401175 0.96017868
0.41249172 2.0415557 0.95784251
0.41098716 2.0383852 0.96038587
0.40924737 2.0370075 0.95899999
0.40325008 2.0401818 0.96344207
0.40905586 2.0427266 0.96620557
0.40929814 2.0392149 0.95442957
0.40504441 2.0358552 0.96168574
0.41918743 2.0287153 0.96115002
4.9612344 1.6259939 1.651299
4.9623631 1.6242452 1.6512853
4.9568084 1.6241327 1.6532737
4.9698619 1.6352266 1.6546683
4.9679138 1.6364286 1.6540961
4.9586517 1.6210771 1.6536113
4.9621489 1.6265284 1.6533664
4.9515252 1.6217353 1.6531791
4.9538963 1.6170933 1.6515473
4.9704335 1.6250328 1.6416417
4.9618418 1.636183 1.6445777
4.9758882 1.632045 1.6582788
0 0 0
2.1750863 1.6649843 6.0849853
2.1811607 1.6533548 6.0905418
2.1752064 1.6513757 6.0943401
2.1813273 1.650839 6.0904237
2.1775 1.6557125 6.0911384
2.1779494 1.6540771 6.0930225
2.1779176 1.655029 6.0924241
2.1769194 1.650123 6.0912463
2.1812428 1.6596967 6.1053117
0 0 0
4.4401424 1.562919 2.347573
4.4317356 1.5696821 2.3538907
4.4291914 1.5712003 2.3461905
4.424433 1.5651399 2.3465617
4.4289993 1.5703464 2.3520387
4.4237622 1.5584622 2.356872
4.4235644 1.5585643 2.3571558
4.4348082 1.5693046 2.3422339
4.43178 1.5702651 2.3429913
4.4290892 1.5680783 2.3513123
4.4297645 1.5665687 2.3507611
4.4313266 1.5736176 2.346236
4.4321972 1.5695996 2.3463445
4.4259869 1.5663486 2.3514747
4.4274396 1.5646324 2.3477532
4.4282696 1.5664928 2.3482522
4.4358801 1.5611953 2.3496723
4.4310499 1.5683203 2.3540693
4.4345853 1.57013 2.354002
4.4260888 1.5714179 2.3434688
4.4270015 1.5706031 2.3453737
4.4310713 1.5731799 2.3457222
4.4337761 1.5693466 2.3421055
4.4381159 1.5664188 2.3596364
1.1563394 1.7695616 3.0069754
1.1458988 1.7696537 3.0073792
1.1583556 1.7633201 3.0163705
1.1602135 1.7663458 3.0112476
1.1567128 1.7671057 3.0107471
1.1557749 1.7654668 3.0183442
1.1583593 1.7717897 3.0140531
1.1536384 1.7623887 3.0052024
1.1600119 1.758472 3.0088861
1.1573545 1.7609671 3.0137842
1.1641412 1.7539154 3.0096313
1.1630181 1.7535582 3.0150766
1.1567693 1.7581684 2.9975831
1.1506306 1.7646988 3.0024518
1.1621471 1.7583616 3.0077622
1.1604169 1.7574266 3.0119946
1.1626672 1.7644793 3.0095356
1.1540058 1.7646751 3.0053071
1.1654472 1.7645868 3.0108733
1.3429273 2.0161975 6.0852325
1.3413378 2.0182383 6.0813126
1.3471692 2.0190118 6.0893816
1.3457364 2.0181136 6.0875945
1.3447356 2.0185726 6.0873649
1.3450464 2.0186053 6.0879656
4.5755308 1.5243428 5.7191956
4.5787872 1.5256864 5.7190103
4.5815412 1.5338663 5.7151568
4.5730317 1.5312797 5.7260947
4.5769746 1.5273298 5.7290617
4.5785587 1.5272247 5.723693
4.576149 1.5254757 5.7190539
4.5803066 1.5187844 5.7261452
4.5783972 1.5269524 5.7286817
4.5780857 1.5274139 5.7224021
4.5803328 1.5303032 5.7154843
4.5787641 1.5278725 5.7216065
4.5732264 1.5290275 5.7239283
4.5740122 1.527348 5.7242366
4.5793495 1.5291211 5.7196497
4.5812058 1.5256655 5.7204233
4.5807042 1.5278261 5.7162003
4.5771517 1.5270819 5.7214521
4.5782589 1.5299419 5.7245463
4.5715848 1.5243621 5.7279592
4.5835306 1.5278829 5.7255377
4.5770765 1.5270055 5.7223279
4.4708674 2.4433584 5.2663494
4.4702858 2.4409286 5.27018
4.471215 2.4417765 5.2700408
4.4677718 2.4506742 5.2664767
4.475971 2.4459505 5.2686508
4.4720825 2.4445972 5.2703821
4.4713609 2.4360634 5.2590087
4.4641464 2.4416535 5.2556909
0.42055576 2.0354327 0.95052718
0.40740435 2.0395761 0.95503348
0.4109741 2.0368626 0.96158917
0.40836822 2.0329009 0.96469096
0.40473214 2.0290298 0.95486841
0.41295838 2.0367021 0.96138309
0.41354308 2.0375927 0.96082053
0.40775411 2.0423317 0.95908381
0.41173205 2.0417364 0.96360482
0.41525684 2.0403509 0.96538932
0.42119833 2.0312597 0.96112993
0.41332356 2.0371438 0.96134392
0.41525663 2.0372322 0.96248053
0.4111604 2.0371028 0.95634203
0.40338623 2.0286838 0.95689924
0.41541812 2.0370514 0.96425833
0.41231989 2.036175 0.9550937
0.41393334 2.0331983 0.96193349
0.41838034 2.0410797 0.96253167
0.41423761 2.0386027 0.96096704
0.41068494 2.0350258 0.95908533
0.40600303 2.0426201 0.95393243
0.40409388 2.0377333 0.96188437
0.41588944 2.0356226 0.96636224
0.41219485 2.0374489 0.96361935
0.41053011 2.0364858 0.96231186
4.968668 1.634521 1.6482812
4.9603634 1.6220342 1.651663
4.9567419 1.6243854 1.6528518
4.9648166 1.6235113 1.6436733
4.9677298 1.630726 1.6501004
4.9657714 1.6190367 1.6560781
4.9620711 1.6242484 1.6489061
4.9603793 1.6271685 1.6489503
4.9613919 1.6273801 1.6520925
4.9562545 1.6175039 1.6504881
4.9658317 1.6226085 1.6495839
4.9642744 1.6248826 1.6528331
4.9722831 1.6246293 1.6557201
4.9693374 1.6223812 1.6500623
2.1746417 1.651473 6.0948898
2.1752189 1.6516591 6.0944519
2.1729169 1.6539019 6.0871724
2.1731507 1.6489198 6.087536
2.1806743 1.6478842 6.0891521
2.1777322 1.652146 6.0978227
2.1774217 1.6535239 6.0971248
4.430979 1.5645482 2.3537345
4.4305116 1.5701075 2.3506026
4.4325431 1.5734258 2.351326
4.4338047 1.5686503 2.352598
4.4306752 1.5690016 2.3497357
4.423799 1.5698763 2.3498412
4.4275784 1.5683252 2.3520953
4.4343519 1.5705928 2.3478211
4.4375549 1.5671087 2.3508744
4.4355901 1.5593538 2.3489197
4.4343415 1.5719972 2.3546779
4.4352223 1.5651758 2.3560678
4.4304342 1.5655914 2.3488757
4.4330111 1.5727232 2.355233
4.435425 1.5642501 2.3490964
4.4290573 1.5664469 2.3515549
4.4296916 1.5657795 2.3504367
4.4308206 1.5642474 2.3489555
4.4306614 1.5584277 2.3472358
4.4243067 1.5695809 2.3453716
4.4307562 1.5640606 2.3550542
4.4215097 1.5671193 2.3442124
4.4261807 1.5702865 2.3453778
4.4362879 1.5674704 2.3516143
4.4305048 1.5617774 2.3499474
4.439677 1.5657539 2.34908
4.4214997 1.5788189 2.3484107
1.1490707 1.7760794 3.0154731
1.149251 1.7621891 3.0072816
1.1607964 1.7631835 3.0133081
1.1543483 1.7642762 3.0154681
1.1651029 1.7731739 3.020614
1.1603705 1.7682939 2.9993761
1.1583566 1.7570339 3.0021418
1.166544 1.7653378 3.0077672
1.1633774 1.7636423 3.0115869
1.1635349 1.7575216 3.0087841
1.1622739 1.7612826 3.0159412
1.160314 1.7555619 3.0005338
1.1613283 1.7662386 3.0089788
1.1582063 1.759864 3.0119036
1.1595558 1.7639319 3.0111312
1.1586615 1.7630763 3.0062668
1.1530369 1.7669759 3.0074091
1.1593495 1.7636643 3.0094169
1.3466586 2.0142841 6.0867984
1.3365427 2.0178459 6.0830953
1.3395666 2.0136072 6.0882568
1.3426137 2.014413 6.0865563
0 0 0
4.5773236 1.5164599 5.7144106
4.5774443 1.5199841 5.722501
4.5778426 1.5241831 5.7205017
4.5798714 1.5266158 5.7245815
4.57848 1.527383 5.7235665
4.5791494 1.5267272 5.7230843
4.5782421 1.5278546 5.7254683
4.5754962 1.5199218 5.7242469
4.5779039 1.5207662 5.7247841
4.5832194 1.5228224 5.7265716
4.5765783 1.5229245 5.7236923
4.5795088 1.5282232 5.7201303
4.5808049 1.5286674 5.7197486
4.5812744 1.5303709 5.7211991
4.5782845 1.5288119 5.7214017
4.5777527 1.5275813 5.7217875
4.5812972 1.5264354 5.7200677
4.5776879 1.5291345 5.7169747
4.5783593 1.5297354 5.7229354
4.5745517 1.5237886 5.7210494
4.5819075 1.5217582 5.7292783
4.5831687 1.5291437 5.7242859
4.5796942 1.5292778 5.720393
0.41766818 2.0237519 0.95721328
0.42152332 2.0347451 0.96398098
0.40793447 2.0491637 0.96629738
0.41324716 2.0373017 0.96152471
0.42500915 2.0384506 0.97241391
0.42485305 2.0418683 0.9699332
0.41213076 2.0350547 0.96986934
0.4155615 2.0490251 0.97218861
0.4107256 2.036064 0.96186608
0.4150392 2.0338898 0.95645838
0.41309251 2.0367676 0.96167841
0.41264379 2.0347433 0.9625253
0.41250401 2.0340146 0.95778331
0.41407445 2.0368646 0.96257856
0.41622117 2.0376072 0.96642651
0.41397428 2.033218 0.96419817
0.40774776 2.0417905 0.95594867
0.41817208 2.0347102 0.95745458
0.41671637 2.0306465 0.95574439
0.40657353 2.0370903 0.9580012
0.41187093 2.0428161 0.96220591
0.40836566 2.0427337 0.9535893
0.40670127 2.0378117 0.96677092
0.41303187 2.0381047 0.96220613
0.41390071 2.0396253 0.96302622
0.4111958 2.037122 0.96456007
0.41758184 2.0368837 0.96178276
0.41507058 2.0380533 0.96068172
0.41416391 2.0358496 0.95921701
0.41770019 2.0299836 0.95970326
0.41409153 2.0446356 0.95914081
0.41245714 2.0418709 0.96648035
0 0 0
4.9623362 1.6189752 1.6475038
4.9619943 1.6193917 1.6524746
4.9611859 1.625474 1.649825
4.9625342 1.6247515 1.6510066
4.956231 1.6235543 1.6470088
4.9674266 1.6238889 1.6526785
4.964642 1.6274605 1.6543185
4.9608901 1.6267775 1.6490547
4.9631856 1.6253211 1.6516504
4.95611 1.6243514 1.6617282
4.9517987 1.6256066 1.6485287
4.9592996 1.6224658 1.6457564
4.9648108 1.6259622 1.6534644
4.9634991 1.6158396 1.6543374
4.95527 1.615763 1.6494839
4.9618764 1.6150234 1.6593317
2.1891368 1.6539288 6.1065752
2.1851672 1.6511041 6.0941994
2.1796589 1.6553124 6.0893342
2.176848 1.6517331 6.0823786
2.1712486 1.651733 6.0884796
4.4189066 1.5616938 2.3446579
4.4299632 1.5585192 2.3548517
4.4293873 1.5701794 2.3492882
4.4327786 1.5723825 2.3505719
4.4296464 1.5706219 2.3489413
4.4289245 1.5718329 2.345851
4.4263585 1.5663093 2.3504934
4.4301528 1.5691663 2.3502386
4.4294554 1.5685834 2.3502487
4.4299533 1.5690568 2.3498628
4.4258737 1.5652051 2.3545029
4.4351046 1.5672787 2.3488224
4.4338283 1.565252 2.3482369
4.4374263 1.5623304 2.3450646
4.4414305 1.5664996 2.3496673
4.4300792 1.5651777 2.3501102
4.4292654 1.5643915 2.3514265
4.4259417 1.5630359 2.34802
4.4336372 1.5612799 2.3502245
4.4291603 1.5690787 2.3493206
4.4253952 1.5676825 2.3444698
4.4328318 1.5738918 2.3485196
4.4230633 1.5769733 2.3481791
4.4250103 1.57124 2.3448484
4.430461 1.562969 2.3482338
4.4302436 1.5651244 2.3521994
4.4306368 1.564947 2.3478675
4.4281263 1.5668967 2.3496517
4.431537 1.5652694 2.3502652
0 0 0
1.159549 1.7641193 3.0105178
1.1613696 1.7616025 3.0151736
1.1698583 1.7657357 3.0148765
1.1592841 1.7600992 3.0130454
1.1617447 1.7691836 3.0167481
1.1662009 1.7737921 3.0094384
1.1621841 1.7598819 3.0099671
1.1532568 1.7637507 3.0103189
1.1567072 1.76435 3.003747
1.1609089 1.7603382 3.0057587
1.1592299 1.7647016 3.0098162
1.1582623 1.7617756 3.0136056
1.1583728 1.7634262 3.010537
1.1585744 1.7648261 3.0107926
1.1589068 1.7666781 3.0159093
1.1579673 1.7590818 3.0074652
1.3452805 2.0159882 6.0863929
1.3480251 2.0173427 6.0859806
1.3462176 2.0166201 6.0875485
1.3430375 2.0237293 6.0817378
4.5774689 1.5254072 5.7213732
4.57333 1.5262454 5.7196786
4.5750859 1.5200918 5.7220103
4.5740464 1.5332402 5.7224685
4.5779373 1.5283435 5.7224882
4.5780143 1.5277407 5.7229017
4.5777776 1.5281325 5.7234187
4.5781197 1.5276382 5.7225357
4.570997 1.521985 5.7203174
4.5707123 1.5263149 5.7196625
4.5812501 1.5234802 5.7207151
4.5809854 1.5239322 5.722002
4.5787345 1.5283799 5.7210814
4.5825488 1.5289399 5.721277
4.5826912 1.5318553 5.724039
4.5789577 1.5302375 5.7196002
4.5776059 1.5273501 5.7217399
4.5791154 1.5288898 5.7246663
4.5831397 1.5294622 5.7181994
4.5790817 1.5249161 5.7249955
4.5776083 1.5251408 5.7196442
4.5735056 1.5300618 5.7306944
4.5774932 1.5272518 5.7221319
4.5637574 1.5301576 5.7286552
0.42313337 2.0336576 0.97013335
0.41184201 2.0416004 0.96022744
0.41103674 2.0395229 0.95754585
0.41442649 2.038613 0.95789132
0.41930612 2.0361807 0.97679738
0.40836877 2.0364863 0.96606113
0.41530248 2.0381331 0.95984787
0.41093287 2.0488062 0.96071318
0.41880409 2.0361925 0.96095029
0.41867919 2.0385285 0.96164685
0.41424116 2.0375353 0.96296089
0.41231324 2.0344597 0.96011829
0.40448843 2.0350544 0.95661637
0.41389566 2.0350257 0.96201502
0.40953622 2.0361931 0.96316121
0.41149071 2.033852 0.96340293
0.40789512 2.0424755 0.95624021
0.41449588 2.0384329 0.96247445
0.41368246 2.0372562 0.96093752
0.41572523 2.036418 0.96281426
0.41416005 2.0360053 0.963437
0.41587302 2.0463967 0.96275587
0.41058069 2.0438344 0.96418803
0.40865672 2.0436045 0.96356464
0.40836922 2.0383693 0.9604933
0.4118059 2.0383137 0.96260479
0.41658398 2.0398838 0.96432245
0.41399679 2.03741 0.96206729
0.41988686 2.0314515 0.96056117
0.93232198 2.137 3.5562873
0.94392059 2.1340399 3.5524766
0.93524221 2.1293299 3.5446741
0.94782409 2.1329344 3.5549325
4.9606027 1.6184859 1.6593247
4.9655771 1.6175405 1.6587204
4.962586 1.6244387 1.6527888
4.9590055 1.6265683 1.6564459
4.9583384 1.6290347 1.6558791
4.9581753 1.6310228 1.6575502
4.9654326 1.6289498 1.6605145
4.9643312 1.6210466 1.6582178
4.9628182 1.6259993 1.6511962
4.952442 1.6248854 1.6606922
4.9536143 1.6216863 1.64499
4.9649335 1.623483 1.6500795
4.9631371 1.6262973 1.656066
4.9575128 1.62326 1.6483044
4.9624301 1.6198248 1.6435542
4.9613545 1.6271557 1.651275
4.966504 1.6250149 1.6566122
0 0 0
2.1805307 1.6560701 6.0932493
0 0 0
4.4278904 1.5639274 2.3530404
4.4205563 1.5670899 2.3589149
4.426617 1.5684404 2.3576441
4.42944 1.5683809 2.3510725
4.4312196 1.5731918 2.349054
4.423154 1.5699195 2.3580553
4.4209261 1.5724137 2.3526908
4.4289567 1.5722584 2.3497786
4.4299331 1.5689004 2.3506134
4.4304561 1.570768 2.3487462
4.4267316 1.5649712 2.3504141
4.425398 1.5639451 2.3494129
4.4315741 1.5661773 2.3525396
4.4323056 1.5630627 2.3500794
4.433939 1.5643593 2.351724
4.432289 1.5656021 2.3485326
4.4310037 1.5678253 2.3531104
4.4295084 1.5668208 2.3498885
4.4280165 1.5673645 2.3460453
4.4348265 1.5653466 2.3396694
4.4357766 1.5623827 2.3406227
4.4244688 1.567435 2.3500096
4.429925 1.5671145 2.3511412
4.4306375 1.5717986 2.3515766
4.4290254 1.5682855 2.3490692
4.4294664 1.5668389 2.3499829
4.4287018 1.5675062 2.3513132
4.4413487 1.5635795 2.3472147
4.4397418 1.5639539 2.3568111
4.4321145 1.5627724 2.3621331
4.4276229 1.5579763 2.3501687
1.1636299 1.7696677 3.0069808
1.1569101 1.7708503 3.0053871
1.1555544 1.7672453 3.0103437
1.16203 1.7650271 3.0109526
1.1590721 1.7644647 3.0103138
1.1638822 1.7725375 3.0054793
1.1532898 1.7678209 3.0106957
1.1580679 1.7619499 3.01431
1.1594715 1.768489 3.0035135
1.1591205 1.7699818 3.0100284
1.1622727 1.766527 3.0085603
1.1586956 1.7624748 3.0096299
1.1556676 1.7624071 3.0094354
1.1556268 1.7680216 3.0129453
1.160672 1.7604855 3.0157599
1.1553441 1.7579446 3.0076922
1.346746 2.0145742 6.088185
1.34338 2.0179621 6.0810216
1.3473476 2.0166437 6.0886614
4.5739648 1.535357 5.7174829
4.5812011 1.5244089 5.7210705
4.5825046 1.5264053 5.7235533
4.5781981 1.5256532 5.731548
4.5747358 1.5338973 5.7233543
4.571342 1.5297084 5.7256602
4.5796261 1.5255113 5.7292043
4.5758803 1.5282498 5.728129
4.5844454 1.5235478 5.7218177
4.5808608 1.519541 5.7242856
4.5761489 1.5303596 5.7200348
4.5758835 1.5289044 5.7199213
4.5773639 1.5221663 5.7219156
4.582992 1.5275774 5.7198253
4.5810096 1.5295661 5.7214036
4.5766816 1.5340182 5.7237088
4.579703 1.530136 5.7194437
4.5776447 1.5271148 5.7244074
4.5764864 1.5240547 5.7226568
4.5776617 1.5318461 5.7198803
4.5746987 1.5262352 5.7236098
4.5727843 1.5258873 5.7233077
4.5760938 1.5336545 5.7258746
4.5763703 1.5282144 5.7225169
4.582978 1.5317735 5.7314654
0.42132011 2.0290644 0.9714081
0.41247623 2.0368093 0.96091751
0.41178732 2.0397631 0.95929104
0.41093491 2.0416314 0.96524144
0.41473477 2.0367884 0.9758968
0.4115661 2.0383187 0.96009676
0.41304557 2.0368326 0.96146772
0.41318884 2.0339004 0.96207737
0.41249307 2.0344525 0.96253724
0.41749374 2.0372759 0.96633412
0.4132882 2.0369443 0.96234874
0.41367845 2.0338509 0.95891591
0.407077 2.0398823 0.95363563
0.41107471 2.0360513 0.95588696
0.41193807 2.0369074 0.95924257
0.41644362 2.0394573 0.96460651
0.41436831 2.0385425 0.96154548
0.41813695 2.0400483 0.96722888
0.41835771 2.0403553 0.96286395
0.41335946 2.0349698 0.96277629
0.41379694 2.0409145 0.96487584
0.41331073 2.0370942 0.96178383
0.41123702 2.0348879 0.96341962
0.41057753 2.0365515 0.96218314
0.41075868 2.0373821 0.96088852
0.4125476 2.0393643 0.95935779
0.41367606 2.0381524 0.95926062
0.41300137 2.0422539 0.96268777
0.94705366 2.1248818 3.5430756
0.94071685 2.1241338 3.5517747
0.94292813 2.1325819 3.5543871
0.938047 2.1350396 3.5429729
0.95114868 2.1295854 3.5586075
4.9649369 1.6265465 1.6534551
4.9653855 1.6221559 1.6533695
4.9628485 1.6242869 1.6521528
4.9598586 1.6311791 1.649863
4.9618768 1.6261645 1.648237
4.9671493 1.6259271 1.6453742
4.9742498 1.6205708 1.653415
4.9667168 1.627469 1.6457028
4.9609185 1.6253799 1.6496407
4.9690858 1.6261544 1.6644975
4.9593089 1.6214016 1.6502506
4.9636162 1.6293886 1.6563876
4.9652521 1.629365 1.6485015
4.9662075 1.6268894 1.6475656
4.9646901 1.6259697 1.6491376
4.9646362 1.6302135 1.6518708
4.9657688 1.6266824 1.6518445
4.9600184 1.6236066 1.6525572
0 0 0
4.4240615 1.5642977 2.346195
4.424292 1.5646473 2.3457316
4.4313387 1.56781 2.3561749
4.4295668 1.566059 2.3541235
4.4301281 1.568925 2.3549185
4.4285191 1.5676092 2.3523437
4.429443 1.5614531 2.350772
4.4302759 1.563066 2.3494952
4.4267035 1.5665235 2.35398
4.4278524 1.5673136 2.353932
4.4250482 1.5703589 2.3505395
4.4300135 1.5631417 2.3496249
4.4311085 1.5663125 2.3488851
4.4316454 1.563808 2.3507433
4.4314634 1.5655177 2.3496533
4.433542 1.5640882 2.352219
4.4323226 1.566557 2.3478961
4.4290836 1.5686192 2.3518125
4.4299473 1.5667575 2.3483194
4.4274024 1.5680243 2.3554978
4.4308422 1.5673061 2.3520756
4.4377515 1.5699687 2.3544143
4.4313385 1.5686875 2.3493197
4.4321631 1.5686792 2.3496665
4.4288771 1.5669641 2.3475595
4.429088 1.5676894 2.3486465
4.4299148 1.5666285 2.350162
4.4279299 1.5685115 2.3461328
4.4361264 1.5696224 2.3459374
4.4345988 1.5608981 2.3467811
4.4298119 1.5744059 2.3533128
4.4322006 1.5638668 2.3529778
4.4356853 1.5518389 2.3476959
1.1552615 1.7628941 3.0101636
1.1604482 1.7650513 3.0114886
1.1601075 1.7656044 3.0112111
1.1587118 1.7630329 3.0106975
1.1582067 1.7637459 3.0103971
1.158823 1.7598486 3.0118014
1.1613691 1.7617465 3.0097807
1.1604621 1.7588304 3.0087877
1.1576839 1.7665344 3.0097189
1.1573644 1.7656179 3.0105793
1.1612459 1.7594574 3.0056041
1.158893 1.764719 3.0113456
1.1617369 1.7681479 3.0115527
1.1594626 1.7598798 3.0156644
1.158335 1.7662992 3.0050093
1.346285 2.016248 6.0878625
0 0 0
4.5745683 1.5338619 5.7222779
4.5777871 1.5251815 5.7205383
4.5779402 1.5262044 5.7240384
4.5758796 1.5244995 5.7144776
4.567895 1.5230073 5.7242169
4.5785251 1.5278525 5.721841
4.5822175 1.5255423 5.7296954
4.5758031 1.5276724 5.7324977
4.5732176 1.5313422 5.7178966
4.5795781 1.525732 5.7198251
4.5780222 1.527275 5.7222948
4.5785172 1.5327993 5.7214245
4.5759915 1.5298635 5.7244063
4.5761899 1.5286994 5.7240851
4.5803422 1.522526 5.7128395
4.5837498 1.5260477 5.713016
4.5739676 1.5264334 5.7216112
4.5779157 1.5279499 5.7211879
4.5776108 1.5279445 5.7208311
4.5784963 1.524482 5.7215329
4.5771973 1.5231523 5.7192747
4.5741893 1.5258209 5.7240478
4.5766878 1.52823 5.7221554
4.5756419 1.5276772 5.7210748
4.5777143 1.5280439 5.7245601
4.5829147 1.5360317 5.7239626
0.41598557 2.0366852 0.95922716
0.41276983 2.0378935 0.95916363
0.41273416 2.0416196 0.95819791
0.4143028 2.0363346 0.95997145
0.41314203 2.036535 0.9611984
0.41446187 2.0389624 0.96179113
0.41523091 2.0371312 0.96238004
0.40730219 2.0371857 0.95791907
0.41149715 2.0359604 0.96141705
0.41090127 2.039198 0.96093701
0.41372278 2.0367363 0.96105422
0.41290287 2.0376318 0.96067429
0.41104009 2.038039 0.95938787
0.40789714 2.0337393 0.95913696
0.41334671 2.0351007 0.96261696
0.41657913 2.036232 0.96110656
0.41640356 2.0421944 0.96552335
0.4121172 2.0435323 0.96268114
0.41263326 2.0344531 0.96052585
0.41599727 2.0348818 0.96407839
0.4201538 2.0425534 0.96196489
0.41269436 2.0325618 0.96162277
0.41254626 2.0337201 0.96137472
0.41257782 2.0332944 0.96040205
0.41146411 2.0381925 0.9645578
0.41060743 2.0344962 0.96532702
0.41298973 2.0389048 0.96113198
0.94105882 2.1363661 3.5520878
0.93781801 2.142084 3.5573548
0.93431549 2.1395077 3.5560035
0.94264145 2.1310375 3.5553059
0.93770092 2.1426369 3.5469862
0.93525926 2.1416725 3.5485751
4.9667831 1.6206831 1.6480671
4.9631534 1.623345 1.6535398
4.9591198 1.6215129 1.6503469
4.9563106 1.626478 1.6542628
4.9676152 1.6253123 1.6503228
4.9751349 1.6239125 1.6515972
4.9753759 1.6248305 1.6580593
4.9645538 1.6307102 1.6571467
4.9708842 1.6224349 1.6577401
4.9722691 1.6243041 1.6600799
4.9616536 1.617141 1.6482915
4.9631762 1.6169391 1.6557615
4.9626771 1.6244639 1.6511521
4.9613678 1.622998 1.6472985
4.9635864 1.6243758 1.6516701
4.9559046 1.6238574 1.6543495
4.959157 1.6232543 1.6523796
4.9598988 1.6219768 1.6543311
4.9630414 1.6269249 1.6529278
4.430618 1.5650469 2.3513368
4.4317962 1.5651831 2.3562064
4.4281942 1.5662524 2.3560213
4.4279795 1.5664936 2.3548467
4.4286077 1.564014 2.3556253
4.4234433 1.5658354 2.3501707
4.424889 1.5653441 2.3532939
4.4307068 1.5636816 2.3509666
4.4289007 1.5685477 2.3495486
4.4303907 1.5643691 2.3503278
4.4287529 1.5668179 2.3500581
4.4294232 1.5662129 2.3507141
4.4255807 1.5660903 2.3502266
4.4316203 1.5651326 2.3507245
4.4325924 1.5653326 2.3461394
4.4321284 1.566203 2.3462445
4.4338214 1.5649757 2.3496532
4.4323284 1.5659651 2.346855
4.4338499 1.564045 2.3523463
4.4322623 1.5685174 2.3560237
4.4407525 1.5644021 2.3588234
4.4375152 1.561096 2.3585658
4.4301093 1.5693812 2.3607062
4.4273097 1.5664035 2.3482445
4.4300047 1.5650114 2.3494783
4.43103 1.5662848 2.3493751
4.4326828 1.5671816 2.3480317
4.4316108 1.5687837 2.3496533
4.4294613 1.5682566 2.3531927
4.4298441 1.5660626 2.3517832
4.4235914 1.5692047 2.3526232
4.4269585 1.5613867 2.3534437
4.425654 1.5663318 2.3504268
4.4416125 1.5614558 2.3407664
1.1587024 1.7647317 3.0098647
1.1612488 1.7571557 3.0062461
1.1530221 1.7751355 3.0149869
1.155944 1.7616305 3.0111619
1.1579748 1.7623876 3.0119975
1.1588425 1.7645024 3.0101148
1.1594181 1.7644496 3.0210552
0 0 0
0 0 0
1.1578328 1.7654031 2.9965718
1.1667042 1.7624087 3.011429
1.1650409 1.7644893 3.0054411
1.1597867 1.7626086 3.0113383
1.1583924 1.7642472 3.0099954
4.5823104 1.5328011 5.7152139
4.5775893 1.5284314 5.7209975
4.5792731 1.5285459 5.7229893
4.577306 1.5272019 5.7203113
4.5781637 1.5251204 5.7238762
4.5733197 1.5300931 5.7179642
4.5727396 1.5226801 5.7172137
4.5813566 1.5271599 5.7211164
4.5803188 1.5256486 5.7204907
4.5759254 1.5158031 5.7286166
4.5705969 1.5202384 5.718795
4.5729369 1.5200891 5.7245916
4.5724854 1.5207351 5.7269568
4.5838768 1.5295697 5.7275419
4.5822711 1.532271 5.726862
4.57475 1.5228274 5.7187286
4.5758134 1.5239597 5.7274589
4.5759677 1.5293625 5.7194433
4.5761067 1.5289605 5.7186587
4.5782654 1.5272093 5.721884
4.5783645 1.5275265 5.7214798
4.5727739 1.5237057 5.7212062
4.5742646 1.5245326 5.7233144
4.5768694 1.5268709 5.7213769
4.5805963 1.5284671 5.7239462
4.5783676 1.5259926 5.7228866
4.5805118 1.5243684 5.7265024
4.5815298 1.5400426 5.7282686
0.41511583 2.032595 0.96658838
0.41356942 2.0366701 0.95850811
0.40984063 2.0399464 0.96158306
0.41085883 2.0370557 0.95595274
0.41473238 2.0343812 0.96170327
0.41338191 2.0367174 0.96218876
0.40862848 2.0361891 0.95825689
0.41391829 2.0384078 0.95443676
0.4095711 2.0349565 0.96074484
0.41392812 2.0385173 0.96075086
0.41320212 2.0368468 0.96109402
0.41128332 2.0352347 0.95904644
0.41125723 2.0382329 0.96099787
0.41379572 2.042038 0.97135564
0.40870945 2.0434857 0.96968703
0.40846751 2.0470427 0.961429
0.41294218 2.0400631 0.96140124
0.41289115 2.0390502 0.9591141
0.41469793 2.0387397 0.96239139
0.413056 2.0348887 0.96222108
0.41659262 2.0372352 0.95575487
0.41377014 2.0359026 0.96359883
0.41343435 2.036038 0.96123315
0.41503304 2.0367322 0.96240624
0.41373834 2.0321155 0.96138302
0.40438814 2.0333681 0.96340385
0.94045008 2.1326509 3.5567922
0.94272623 2.1339817 3.5546704
0.94405748 2.1346117 3.5533616
0.9444095 2.1345496 3.5527478
0.94399889 2.13425 3.5521802
0.94294292 2.1336604 3.5550175
0.94535311 2.1258579 3.5564164
4.9691543 1.6203025 1.649784
4.9667675 1.6278339 1.6522048
4.9607402 1.622192 1.6521787
4.9642973 1.6248567 1.6525972
4.9734062 1.6216599 1.6597565
4.9606137 1.6280797 1.6489758
4.9643455 1.6278328 1.6491674
4.9657361 1.62773 1.6521088
4.9630094 1.6255772 1.6540196
4.9676396 1.6288481 1.6579706
4.9639313 1.6256332 1.6531814
4.9631616 1.6250458 1.6526717
4.9610893 1.6243967 1.649996
4.9611116 1.6245555 1.655208
4.9630935 1.6252167 1.6521843
4.9551129 1.6276259 1.6491226
4.9623694 1.6240331 1.6529984
4.960107 1.6241495 1.6579737
4.9588243 1.6350906 1.657277
4.4199334 1.5696224 2.3621754
4.4295736 1.5710226 2.3519019
4.4335304 1.570328 2.3486538
4.4356131 1.5616174 2.3521073
4.4334205 1.5631384 2.3515024
4.4305479 1.5618113 2.3484989
4.4294074 1.5628351 2.3455654
4.4306954 1.5647032 2.3484869
4.4271161 1.5663413 2.3527051
4.430036 1.5657612 2.3505411
4.4280119 1.5699589 2.349644
4.4279297 1.569426 2.3534729
4.4259526 1.56673 2.3491076
4.4325211 1.5709521 2.3511863
4.4335219 1.5646862 2.3450697
4.4324083 1.563048 2.3483044
4.4298497 1.5675626 2.3503078
4.429775 1.5663006 2.3504724
4.4307786 1.5655498 2.3518454
4.4305309 1.5657434 2.3511062
4.4377729 1.5606096 2.3439861
4.4342335 1.5666442 2.3497449
4.4274013 1.5707454 2.3539384
4.4279918 1.5698591 2.3563629
4.4313211 1.5662502 2.352652
4.4340845 1.5651297 2.3534163
4.4299655 1.5603355 2.3524695
4.4306623 1.5618665 2.3490749
4.4293636 1.5643625 2.3507346
4.4315723 1.5664506 2.3497489
4.4279122 1.5633943 2.3475104
4.4313808 1.5673866 2.3520125
4.4316694 1.5701869 2.3516217
4.4338408 1.565817 2.3508636
4.435544 1.5609108 2.3600349
4.4336023 1.5656346 2.3490828
4.4269506 1.5766568 2.3502281
4.4267892 1.5694906 2.3483303
4.4289731 1.5648638 2.3508002
4.4338229 1.5646398 2.3496358
4.4250992 1.5613528 2.3502761
4.4298325 1.5650845 2.3523239
4.4302039 1.5650884 2.3486068
4.4310849 1.5651032 2.3397884
4.423151 1.5637232 2.3486016
4.4217943 1.5627652 2.3555326
4.4404548 1.5753119 2.3481069
4.4286755 1.5670752 2.3504951
4.5779082 1.5276064 5.7221486
4.576362 1.5279665 5.7229601
4.5775085 1.5284018 5.7225674
4.5787249 1.5273152 5.7220422
4.5783782 1.5266184 5.7238045
4.5779414 1.5280852 5.7235566
4.5734196 1.522918 5.7233948
4.5769505 1.528918 5.7200995
4.574826 1.5234547 5.7235957
4.5801354 1.5195988 5.726438
4.5779231 1.5271707 5.7220654
4.5782875 1.5338642 5.7218686
4.5791726 1.5328568 5.720331
4.5784592 1.5277631 5.7243704
4.5777416 1.5258786 5.7261096
4.5737395 1.527598 5.7178316
4.5723119 1.5232878 5.7261709
4.5790171 1.5296518 5.7232787
4.5778375 1.5287787 5.7224387
4.581281 1.5272104 5.7210787
4.5786471 1.5279406 5.7238948
4.574779 1.5282593 5.7182432
4.5741524 1.5238738 5.719
4.5766933 1.5270769 5.720285
4.5820455 1.5268714 5.720259
4.583702 1.5201344 5.7189136
4.5765192 1.5170808 5.7206907
4.5703486 1.5153562 5.7174405
0.4131504 2.038847 0.96504613
0.41064985 2.0504658 0.9674798
0.42505653 2.0416739 0.97074173
0.41200621 2.0360047 0.96081608
0.41247497 2.0371116 0.96079463
0.41316533 2.0374831 0.961816
0.41408714 2.0399554 0.96303914
0.4129972 2.0385539 0.95287232
0.40944085 2.0351522 0.95794109
0.41324831 2.0371049 0.96140132
0.41417488 2.0365484 0.9613155
0.40888621 2.037342 0.96189174
0.41215983 2.0375531 0.96167046
0.41269026 2.0365957 0.96377909
0.41157294 2.0385151 0.96151941
0.41170143 2.0372829 0.95972526
0.41233288 2.0369582 0.96132569
0.41287074 2.0370531 0.96317034
0.41367538 2.0364933 0.96004918
0.41690081 2.035522 0.96174035
0.40899221 2.0386416 0.96068304
0.40997826 2.036225 0.95983178
0.41436065 2.0358161 0.9613215
0.41349147 2.0368984 0.96176521
0.4164373 2.0393337 0.96324133
0.95008354 2.134858 3.5470927
0.94526853 2.1413508 3.5544637
0.94385811 2.1327032 3.5562056
0.94448874 2.1334766 3.5532048
0.94499565 2.1345042 3.5539867
0.94316544 2.1348777 3.5486861
0.93974804 2.1359906 3.5542197
0.94209415 2.1309322 3.5571768
0 0 0
4.9652951 1.6330537 1.6489788
4.9645463 1.627122 1.6482723
4.9659492 1.623215 1.6567902
4.9695423 1.6264278 1.6649736
4.9615337 1.6236693 1.6615149
4.9540632 1.6278633 1.6571292
4.9572706 1.6293483 1.6555774
4.968491 1.6232508 1.6584544
4.9640126 1.6273332 1.6523452
4.964283 1.6269251 1.6534153
4.9636211 1.6316859 1.652278
4.9612423 1.6313525 1.6534468
4.9616263 1.6321618 1.6530689
4.9635232 1.6300789 1.6538373
4.9575053 1.6307245 1.6550394
4.9632033 1.6304727 1.6554142
4.963524 1.6249204 1.6525889
4.9639616 1.6257895 1.6524273
4.9645273 1.6243146 1.6489243
4.4342906 1.5726724 2.3469766
4.4322043 1.5684867 2.3496455
4.4355857 1.564649 2.3471389
4.4356146 1.5655758 2.3508727
4.4300915 1.5682453 2.3471689
4.4345425 1.566852 2.3500242
4.4290499 1.5630029 2.3470967
4.4285561 1.568684 2.3514708
4.4317629 1.563824 2.3510429
4.4294718 1.5654311 2.3508733
4.4317771 1.5647654 2.351094
4.4322891 1.5732215 2.3522278
4.4339098 1.5652341 2.3515029
4.4306579 1.5657215 2.3490753
4.4292139 1.5680306 2.3501174
4.429652 1.5666481 2.3507333
4.4288593 1.5667465 2.3507956
4.429499 1.5644011 2.3483543
4.4283515 1.5659746 2.350044
4.4262144 1.5566381 2.3486989
4.4357602 1.5680332 2.3495336
4.4324265 1.571881 2.3531145
4.4243615 1.5656467 2.3509068
4.4284351 1.568582 2.3474703
4.4303075 1.5663337 2.3521623
4.4264627 1.5618086 2.3521734
4.427777 1.5642013 2.3470735
4.4336959 1.5634772 2.3490183
4.4300722 1.5617197 2.350078
4.4343134 1.5636976 2.3517626
4.4415182 1.5645999 2.3498748
4.4297159 1.5667389 2.3523454
0.25792467 0.6099119 0.61011764
0.25922192 0.61577024 0.60875406
0.25376611 0.61850041 0.61158605
0.25968888 0.61628767 0.6072927
0.24472074 0.62270616 0.62105875
0.25473188 0.61943531 0.60908525
0.25715169 0.62196195 0.60058057
0.23430748 0.61284579 0.62653501
0.26906271 0.60682101 0.59100473
0.25982311 0.61538251 0.60711849
0.24889248 0.61589166 0.61488729
0.25586529 0.61416808 0.60852968
0.27903471 0.61863776 0.58459602
0.26463138 0.61778415 0.58782318
0.25918304 0.61051636 0.60878577
4.5784397 1.5267543 5.7228507
4.5777845 1.5274974 5.7224849
4.577141 1.5296477 5.7227253
4.5802735 1.5283762 5.7241956
4.5793986 1.5250694 5.7286495
4.5693972 1.5231683 5.7196421
4.5757039 1.5265845 5.7217307
4.5772158 1.5247949 5.7215692
4.5776884 1.5265001 5.7232895
4.580801 1.527329 5.7200084
4.579041 1.5249668 5.7204977
4.5712767 1.5276514 5.7215636
4.578182 1.5343881 5.7225337
4.5788848 1.5292592 5.7242711
4.5832339 1.5299989 5.7207868
4.5773896 1.5311331 5.7266632
4.5735786 1.5245295 5.7252447
4.5782809 1.5270682 5.7221486
4.5745088 1.5244837 5.7201548
4.5815777 1.5289661 5.7220125
4.5780448 1.527797 5.7226486
4.5805462 1.5286567 5.7264506
4.5820872 1.5305508 5.7240239
4.5808168 1.5296617 5.7243745
4.576046 1.5308075 5.7237264
4.5740522 1.5211298 5.7259345
4.5776862 1.5271758 5.7228482
4.5819846 1.5180833 5.7244698
2.6890995 1.0944145 0.68288412
2.6747657 1.0948077 0.69102249
2.6964368 1.088372 0.67022927
2.6828691 1.0884676 0.68376021
2.6788254 1.0898767 0.69159172
2.6815261 1.0980024 0.6798557
2.6904073 1.0926732 0.68091078
0 0 0
0.4096912 2.0334012 0.96308776
0.41454656 2.0379733 0.96338608
0.41353637 2.0374859 0.96159913
0.41441659 2.0416823 0.9634717
0.40714359 2.0389602 0.96152278
0.4118973 2.0361159 0.96341451
0.40983539 2.0457271 0.95367083
0.4113257 2.0357528 0.96551736
0.41130269 2.0354504 0.96124127
0.40801316 2.0403536 0.96033803
0.41195918 2.0361674 0.96505647
0.41134175 2.0399133 0.9542221
0.41191304 2.0284449 0.96563866
0.42133526 2.0372933 0.97719956
0.41275301 2.0306796 0.96529866
0.41257457 2.0361901 0.96229367
0.95090784 2.138279 3.5600753
0.94641918 2.1336032 3.5566158
0.95039756 2.1357296 3.557187
0.94259849 2.1325374 3.5509325
0.94705632 2.1345247 3.5545646
0.94352177 2.1364493 3.5537536
0.93941444 2.1334443 3.5488989
0.94541664 2.1342241 3.5522694
0.94431575 2.1345728 3.5520196
4.9657551 1.6224277 1.6560849
4.9546671 1.6252099 1.6513592
4.9575014 1.6280872 1.6539825
4.9672654 1.6242922 1.6522543
4.9604074 1.6272886 1.6561742
4.960813 1.6272966 1.658497
4.9629693 1.6225404 1.6599591
4.9600964 1.6296514 1.656992
4.9651809 1.6211139 1.6591068
4.9620445 1.6242239 1.6565941
4.961846 1.6224298 1.6509232
4.9693704 1.6265558 1.6544369
4.9671662 1.6237063 1.6510162
4.9651671 1.6210594 1.6508861
4.9638266 1.622691 1.6514201
4.9641293 1.6234683 1.6515247
4.96108 1.6293235 1.6517033
4.9640081 1.6250441 1.6511865
4.9648245 1.626078 1.6529286
4.9596446 1.6300104 1.6527016
4.4210416 1.573595 2.3570308
4.4283043 1.5789162 2.3546372
4.4286369 1.5685136 2.350701
4.4289588 1.5643809 2.3496379
4.4297798 1.573651 2.3530963
4.4270642 1.5675842 2.3587797
4.4299604 1.5644909 2.3465234
4.4282995 1.5587628 2.3515095
4.4297877 1.5646325 2.3457002
4.4260554 1.5672387 2.3519575
4.4354525 1.571243 2.3521482
4.4319175 1.5727346 2.3516733
4.4292063 1.5729743 2.3476489
4.4282052 1.5647365 2.3487938
4.4331099 1.5679424 2.3516224
4.4302874 1.5659047 2.3515103
4.4308884 1.5651826 2.3525537
4.4277081 1.5656484 2.3483859
4.4296368 1.5669432 2.34846
4.4219536 1.5653152 2.3472432
4.4326604 1.5697581 2.350622
4.4302463 1.5664444 2.3509447
4.4299562 1.5663528 2.3508428
4.4272884 1.5660522 2.3488833
4.4304313 1.5673911 2.3530697
4.4300846 1.5662513 2.3514581
4.4320853 1.5671904 2.351828
4.4323539 1.5653152 2.3515119
4.4318394 1.5608466 2.3451907
4.4391376 1.5695845 2.3529104
0 0 0
0.26597619 0.61821115 0.61136436
0.25789295 0.61047435 0.60521877
0.26346787 0.61693736 0.60616366
0.25998326 0.6166396 0.60368219
0.26009583 0.61640109 0.60506742
0.25867573 0.614428 0.60499376
0.25799439 0.61684588 0.60781722
0.25719589 0.61043175 0.60809111
0.24690179 0.61083227 0.61533087
0.26884447 0.61145001 0.59393918
0.2547808 0.6145652 0.61028636
0.25686294 0.61397471 0.60954436
0.25584453 0.61324151 0.60881161
0.25776025 0.61394542 0.60618643
0.26021893 0.61476303 0.60553593
0.25475957 0.61746695 0.61729938
4.5739911 1.5220016 5.7249158
4.5749315 1.521942 5.7255678
4.5766857 1.5257932 5.7234918
4.5726746 1.5278646 5.7266413
4.5671505 1.5304268 5.7293468
4.5706947 1.5261991 5.7155935
4.5776048 1.5244363 5.7220751
4.5782509 1.5276196 5.7211854
4.5718047 1.5245798 5.7189397
4.5787269 1.5281675 5.7220749
4.5758849 1.5219469 5.7193205
4.5821267 1.5183262 5.7266678
4.576607 1.5278863 5.7220386
4.5754559 1.5272529 5.7314022
4.5827499 1.5290718 5.7205496
4.5776647 1.5280336 5.7228704
4.5714436 1.5223269 5.7249148
4.5739686 1.5212291 5.7294878
4.5762923 1.521329 5.723155
4.5795882 1.5283798 5.7233668
4.5755933 1.5277415 5.7242977
4.5771567 1.52868 5.7243457
4.5772495 1.5301583 5.7209112
4.5799666 1.5272285 5.7212362
4.5787452 1.5280901 5.7221455
4.5809111 1.5224564 5.7280208
4.5795699 1.5269989 5.7236394
4.5805792 1.5312896 5.7198763
2.6941379 1.081506 0.68171371
2.6877909 1.0874994 0.67469357
2.6912236 1.0917946 0.68070419
2.6906656 1.0913878 0.6808374
2.6945508 1.0927437 0.6741679
2.6983798 1.0912307 0.67719442
2.6932176 1.0931249 0.67932709
2.6959999 1.0945158 0.66878207
0 0 0
0.41380986 2.0366606 0.96228917
0.41406709 2.037542 0.96213209
0.41343784 2.035846 0.96085417
0.4086569 2.0371361 0.96154207
0.41622396 2.0354506 0.9623596
0.41282358 2.0500124 0.95865865
0.41851877 2.0434472 0.96886997
0.41496769 2.0383974 0.96506806
0.40961889 2.0397597 0.95862727
0.41716335 2.03767 0.96222617
0.40954076 2.0393467 0.95451423
0.41338151 2.036631 0.95609315
0.42321894 2.0384371 0.97595884
0.41814787 2.0394487 0.96488526
0.94597234 2.1311504 3.5544366
0.94366809 2.1326672 3.5549282
0.94835457 2.1318971 3.5514677
0.95019184 2.1363792 3.5541971
0.95240979 2.1335358 3.5548993
0.94585276 2.1348337 3.5531575
0.94358321 2.1359116 3.5495243
0.94183919 2.1335096 3.5512202
0.94281609 2.1355657 3.5495373
0 0 0
4.9524412 1.6312636 1.653878
4.9571048 1.6231612 1.6540975
4.966989 1.6315981 1.6459402
4.9682764 1.6303163 1.6452811
4.9663974 1.6259222 1.6475861
4.9663654 1.6269279 1.6581492
4.966118 1.6280566 1.6593177
4.9639505 1.6267137 1.6556426
4.9649009 1.6272207 1.6479268
4.9581979 1.6205615 1.6513655
4.9578847 1.6221255 1.6520269
4.9617979 1.6241045 1.655102
4.9659489 1.6288782 1.6495037
4.9659021 1.6241094 1.6494831
4.9641472 1.6246267 1.6568461
4.9625378 1.62819 1.6560267
4.9668664 1.6258104 1.6580616
4.9615833 1.6277002 1.6562005
4.963013 1.6236959 1.6561653
4.9627576 1.6287422 1.6547207
0 0 0
4.4242445 1.5770335 2.352813
4.4250425 1.5704916 2.3519963
4.4294903 1.5675915 2.3501969
4.4299634 1.5674509 2.3509741
4.4243796 1.568508 2.3536053
4.4283614 1.5680632 2.3502798
4.4216261 1.5597637 2.3507055
4.4300127 1.5673295 2.35051
4.4301043 1.5673549 2.353439
4.4310904 1.5726985 2.3488764
4.430974 1.5725628 2.3520282
4.4264689 1.5710021 2.3459462
4.4298243 1.5643234 2.3487303
4.4301219 1.5705372 2.3514954
4.4289033 1.5638867 2.3528859
4.4285536 1.5645472 2.353203
4.4353741 1.5667593 2.3501356
4.4283571 1.5594386 2.3563132
4.4202663 1.5647236 2.3547289
4.4309551 1.5662634 2.3509617
4.4313061 1.5647256 2.3511646
4.4320363 1.5667933 2.3493605
4.4297257 1.5652452 2.3530798
4.4275723 1.5740872 2.3521446
4.4322325 1.5630111 2.3576936
4.4310184 1.5671508 2.3487347
4.433214 1.5685612 2.345416
4.4354596 1.5642551 2.345121
0 0 0
0.27350584 0.61567173 0.60690668
0.25793367 0.62338671 0.60117463
0.25001513 0.62537083 0.61050521
0.26261874 0.61565011 0.6071847
0.26391367 0.61744858 0.60530836
0.26219406 0.61824548 0.60454953
0.26524591 0.61970007 0.59944036
0.25855063 0.61800702 0.60683101
0.25987244 0.61541261 0.60758314
0.25262253 0.61633878 0.60813215
0.25600138 0.61764943 0.61191934
0.26720958 0.61533205 0.5950245
0.25684574 0.61070257 0.60944722
0.25880366 0.61404491 0.60772418
0.26283168 0.61453903 0.60110301
0.25990226 0.61394496 0.60513182
0.26045908 0.61408003 0.60970197
4.5680124 1.5273563 5.7130663
4.5748018 1.5246659 5.7238903
4.570042 1.5278437 5.7274193
4.5791692 1.5378976 5.7268578
4.571624 1.5283955 5.7328861
4.5801265 1.5316455 5.7225571
4.5752871 1.5291863 5.7234473
4.5789 1.5264626 5.7237178
4.571907 1.5256571 5.7152242
4.5774044 1.5296357 5.7218536
4.583638 1.5179741 5.7265275
4.5851617 1.5209195 5.7285771
4.5753974 1.5246477 5.7207008
4.5777654 1.5230499 5.7310784
4.5751897 1.52536 5.730928
4.5701103 1.5274435 5.7258093
4.5742016 1.5208442 5.724148
4.5823775 1.5216176 5.7258848
4.5753971 1.5300771 5.7246685
4.5744127 1.5269567 5.7271707
4.5791767 1.5260184 5.7274289
4.577793 1.5249406 5.7276295
4.5737863 1.5290561 5.7231
4.5796098 1.5308781 5.7223763
4.576541 1.5281381 5.7240257
4.5804572 1.5299533 5.7269787
4.5786785 1.5276703 5.7226372
4.5797989 1.528784 5.723093
2.693529 1.0868894 0.68093355
2.6911958 1.0917073 0.68127548
2.6927558 1.0907044 0.68056835
2.6905484 1.091107 0.68221627
2.6910186 1.0955959 0.68567057
2.6990188 1.0920096 0.68016008
2.6924713 1.0941844 0.68178927
2.6908972 1.0929113 0.68148955
2.6780659 1.0862692 0.69268999
2.6928276 1.0920214 0.68396839
0.41536536 2.0395865 0.96836703
0.41835567 2.0374522 0.96422753
0.41109033 2.0380632 0.96559223
0.40855544 2.0372544 0.95727436
0.41197637 2.038231 0.96659904
0.41384964 2.0367063 0.96212323
0.41762632 2.0388099 0.95992156
0.41201188 2.0435997 0.96439119
0.41255258 2.0367762 0.96167593
0.41393352 2.0405897 0.95941858
0.41219214 2.0324629 0.96102693
0.41314039 2.0376015 0.96116983
0.94277559 2.1252938 3.5561778
0.94538236 2.1337185 3.5527834
0.95007232 2.1348469 3.5547488
0.94839848 2.1326395 3.5527961
0.9428924 2.1312794 3.5510781
0.9457953 2.1272107 3.5563462
0.95158275 2.1340654 3.5590414
0.94391078 2.135273 3.5512077
0.94282442 2.1319889 3.5529717
0.94411238 2.1336887 3.5520026
0 0 0
4.9644357 1.6255649 1.6562575
4.9655629 1.6300568 1.6551164
4.9668587 1.6270636 1.6570656
4.9603961 1.6176333 1.6572253
4.9613758 1.6222075 1.6623616
4.9575914 1.6277951 1.654292
4.9621051 1.6238342 1.6511543
4.9644313 1.6233504 1.6552494
4.960091 1.6268389 1.6483769
4.9629257 1.624152 1.65131
4.963143 1.6216091 1.6499449
4.9641109 1.6226834 1.6590947
4.9612963 1.6281364 1.6490187
4.9699994 1.6255795 1.6499438
4.9680857 1.6281762 1.6493011
4.9642024 1.6274155 1.6577042
4.9681045 1.6268066 1.6509656
4.9669132 1.62115 1.6492643
4.9647109 1.6204531 1.6587001
4.9598921 1.6218226 1.6573045
4.9632859 1.6214467 1.6566945
4.961404 1.625618 1.6473298
4.4298674 1.5669284 2.3509282
4.4295661 1.5689595 2.347
4.4283404 1.5707139 2.3506414
4.43101 1.5693272 2.3504851
4.4286463 1.5700325 2.3468803
4.4220736 1.569467 2.357828
4.4315584 1.5727295 2.3505029
4.4298032 1.5685655 2.3502082
4.427064 1.5682758 2.3562792
4.4327458 1.5735892 2.3568304
4.4344171 1.5666016 2.3559179
4.4259376 1.5729021 2.3530545
4.438713 1.5642345 2.354361
4.4288406 1.5716241 2.3519977
4.4297197 1.5628288 2.3481095
4.4281177 1.5702595 2.347287
4.4273139 1.5643867 2.3559328
4.4216728 1.5651876 2.3564168
4.4326236 1.5628074 2.3507156
4.4306249 1.568679 2.3503605
4.4306369 1.5697267 2.3516255
4.4290449 1.5675989 2.3461352
4.4205998 1.5689346 2.349552
4.4352565 1.5597951 2.3502064
4.4228879 1.5611628 2.3442973
4.4307008 1.5670631 2.3503739
0.26997737 0.60893995 0.59434191
0.2674005 0.60921436 0.59858125
0.25547241 0.60534027 0.61736193
0.26121357 0.6167069 0.61739545
0.2437935 0.61481009 0.61660431
0.2541923 0.62094785 0.60958147
0.25814607 0.61645781 0.60790266
0.25851265 0.61541915 0.60504381
0.26542006 0.61734244 0.59913121
0.25729217 0.60917602 0.60664276
0.26002078 0.60702095 0.61169591
0.26419174 0.61158936 0.60973462
0.25748769 0.61688888 0.6111339
0.2723535 0.61236378 0.59896349
0.25871364 0.61719509 0.61186217
0.25716049 0.61587677 0.60638125
0.26334597 0.617493 0.60163008
0.25811855 0.61293576 0.60588804
0.26597106 0.61292576 0.61564704
4.575284 1.5304896 5.7251867
4.5760916 1.5282743 5.7231398
4.577019 1.5190566 5.7249189
4.5802205 1.5349492 5.7167116
4.5790222 1.5286368 5.7168715
4.5830974 1.5374818 5.7169548
4.5772166 1.5273789 5.7221039
4.5824002 1.5209239 5.7210492
4.5749027 1.5176787 5.7181658
4.5733605 1.5294659 5.7265569
4.5873387 1.5247657 5.7234406
4.5791256 1.5294063 5.7208451
4.5759846 1.529219 5.7262099
4.5763098 1.525765 5.7241342
4.5733455 1.5263709 5.7237641
4.577686 1.5275712 5.7220045
4.5756541 1.5319434 5.720395
4.5780732 1.5309506 5.718469
4.5766563 1.5283707 5.7228688
4.5764857 1.5266085 5.722142
4.5779785 1.5283572 5.7239786
4.5790984 1.5286459 5.725187
4.5793222 1.5275721 5.7252252
4.5794547 1.5258541 5.7219395
4.5822939 1.5271733 5.7251979
4.5759219 1.5306515 5.7194202
4.577562 1.5266244 5.7244023
4.5823704 1.5248258 5.712084
0 0 0
2.6990531 1.0819157 0.66883842
2.6911564 1.09128 0.68109982
2.6906893 1.0911836 0.6818541
2.6914637 1.0916951 0.68494481
2.695118 1.0924971 0.67990804
2.694188 1.0942058 0.67950173
2.6886008 1.0940095 0.68169021
2.682918 1.0940928 0.6871056
2.6932439 1.0919805 0.67417769
2.6907368 1.0930529 0.68182527
0.42511142 2.0342532 0.95723817
0.40975922 2.0328032 0.95597208
0.40939223 2.0374579 0.95125771
0.41501914 2.0385767 0.96572237
0.41341444 2.0323208 0.96333769
0.41535926 2.0416278 0.9588725
0.4165797 2.0414336 0.96632068
0.4130557 2.0374075 0.96189717
0.40165 2.0476287 0.95804889
0.41454953 2.0280527 0.96540362
0.94096101 2.1364533 3.5506008
0.93932349 2.1343165 3.5570364
0.94746254 2.1337087 3.5507204
0.94883844 2.1311037 3.5525589
0.94392705 2.1340533 3.5544074
0.94645337 2.1346396 3.5549461
0.94094195 2.1351377 3.5500381
0.94351948 2.1336852 3.5481178
0.94383034 2.1318717 3.5541869
0.93908011 2.1342515 3.5492024
0.9396501 2.1329682 3.5467368
0.94388842 2.135696 3.553218
4.9662259 1.6192972 1.6414285
4.9636728 1.6250006 1.6527162
4.9637565 1.6246522 1.6540447
4.9625772 1.6222533 1.6542525
4.9660151 1.6243909 1.6530403
4.9634554 1.624709 1.652601
4.9645513 1.6228025 1.6536443
4.967484 1.6201055 1.65307
4.9617198 1.6227662 1.6447204
4.9629235 1.6250224 1.650735
4.9663483 1.6185806 1.6530201
4.9692391 1.6266462 1.6553519
4.9669717 1.622372 1.6517654
4.966075 1.6250678 1.6517729
4.9619111 1.6258487 1.6505751
4.9654887 1.6264041 1.6555076
4.9630245 1.6267828 1.6523736
4.9674104 1.6313346 1.6548215
4.9643361 1.6243499 1.6544432
4.9724591 1.6286055 1.6599004
4.9695206 1.6302871 1.6613884
4.963634 1.6245933 1.6522096
4.4310201 1.5678195 2.3524849
4.4257942 1.5671122 2.3493468
4.4267796 1.567929 2.3468072
4.4298274 1.5666113 2.3501486
4.4270852 1.5713324 2.34627
4.4215381 1.5690066 2.3577555
4.4258142 1.5687871 2.34661
4.4322439 1.5682425 2.3530707
4.4348506 1.5612604 2.3530622
4.4303633 1.562538 2.3518076
4.4237164 1.5650577 2.3513787
4.421997 1.569401 2.3485942
4.4359037 1.5607843 2.3530989
4.4305302 1.5677324 2.3435443
4.4279936 1.5636517 2.3489519
4.4338158 1.5693691 2.3610852
4.4338564 1.5668652 2.3620292
4.433054 1.5676608 2.3578345
4.4319411 1.5682878 2.3485663
4.4310354 1.567325 2.3508169
4.4306647 1.5719735 2.3475522
4.4297217 1.5672331 2.3467332
4.4250181 1.5737896 2.3499303
4.4209353 1.5723204 2.3452203
4.4188343 1.5670846 2.3512404
4.4443198 1.5627275 2.3517941
0.25657011 0.61713829 0.6067884
0.25727699 0.61709889 0.60528264
0.25828484 0.61788064 0.60372236
0.25365726 0.60769405 0.6177909
0.26620642 0.60915467 0.60509686
0.2541713 0.61956775 0.60730422
0.25291352 0.61777597 0.61650766
0.26464209 0.61694056 0.60288307
0.26474128 0.61671331 0.60626431
0.26491005 0.61412629 0.59883583
0.25591074 0.61528254 0.61425819
0.25409065 0.61178565 0.61399322
0.25726233 0.61523499 0.61233383
0.27352328 0.6135553 0.5952463
0.26406885 0.61801933 0.60184649
0.2678881 0.62045696 0.59993563
0.27155624 0.61899842 0.59325763
0.27659735 0.6179624 0.59409039
0.27760459 0.61879237 0.59071622
4.5859433 1.5293679 5.734804
4.5730961 1.5290979 5.7220712
4.5772061 1.5197303 5.7251735
4.5806386 1.5280699 5.7217803
4.5726223 1.5310205 5.7240458
4.5811452 1.5396978 5.7176153
4.5817116 1.5246505 5.7112134
4.5799012 1.5261335 5.7213673
4.5791663 1.5267503 5.7238548
4.5740935 1.5261647 5.7301504
4.5778304 1.52188 5.7218178
4.5786352 1.5283947 5.7212454
4.5799082 1.5313125 5.7215851
4.581607 1.526114 5.7237248
4.5768759 1.5251456 5.7240559
4.5771979 1.5251535 5.7254763
4.5818162 1.5262673 5.723206
4.5795687 1.5268972 5.7252595
4.5722763 1.526358 5.7218193
4.5788214 1.5297971 5.7209546
4.5734989 1.5257775 5.7259004
4.5767623 1.5260042 5.7237839
4.580437 1.5272525 5.7223701
4.578706 1.5274437 5.7228889
4.5802405 1.5274764 5.7281985
4.5814716 1.5302472 5.7166041
4.5809032 1.5385323 5.7224938
4.573583 1.5287827 5.730419
2.6892174 1.0860297 0.68227793
2.6857535 1.0877854 0.67519951
2.6930394 1.0848268 0.67896537
2.6896587 1.0908938 0.68062558
2.6945644 1.0885992 0.68090842
2.6959339 1.090795 0.67648561
2.694682 1.0942886 0.67502312
2.6941611 1.0875002 0.67624134
2.6923495 1.0879997 0.67836545
2.6977634 1.0898512 0.6747507
2.6905621 1.0915211 0.68463952
2.7033338 1.0831834 0.66911462
0 0 0
0.41825208 2.0316485 0.94961958
0.40826307 2.035641 0.94758381
0.40856679 2.0360855 0.96880394
0.39981562 2.0308233 0.95369048
0.42660113 2.0406306 0.97483443
0.41769244 2.0324746 0.97169375
0.95298972 2.1283578 3.5455277
0.95102806 2.1298977 3.5592718
0.94064468 2.1311982 3.5570716
0.94169964 2.13393 3.5562571
0.94298364 2.1306931 3.5568818
0.95316887 2.1318021 3.5608918
0.93925643 2.1351174 3.5478537
0.94093591 2.1369459 3.5468369
0.94012166 2.1351011 3.5523897
0.94353369 2.1337741 3.5530471
0.94899383 2.1326556 3.5546014
0.94582509 2.1349148 3.5577887
0.93942596 2.1320172 3.554593
0.946702 2.1385972 3.5535913
0.93106823 2.1401889 3.5479053
4.9638268 1.6244274 1.6526726
4.9652093 1.620932 1.6575714
4.9533787 1.6162215 1.652716
4.9527027 1.6207145 1.6445894
4.9623813 1.6273552 1.6457919
4.9615324 1.6259857 1.6466157
4.9638333 1.6252398 1.6473128
4.9601168 1.629046 1.650322
4.9589196 1.6204401 1.6553864
4.9635629 1.6237322 1.6556776
4.9620144 1.6251297 1.6540733
4.9629133 1.6261036 1.6507994
4.9645728 1.6288243 1.6556323
4.9651355 1.6322165 1.6528038
4.9641677 1.6228883 1.6517552
4.9652129 1.6283834 1.653344
4.9586334 1.6298613 1.6611906
4.9657339 1.6259606 1.6554539
4.9594367 1.6194033 1.6457557
4.9662049 1.6165906 1.6442578
4.9689191 1.6151676 1.6551229
4.4386129 1.5741612 2.3583157
4.4344055 1.5700256 2.3496113
4.4285828 1.5672518 2.3490196
4.4297224 1.5647952 2.3489042
4.4277425 1.5700856 2.3532378
4.4284489 1.5711284 2.3464602
4.4318368 1.5654672 2.3534145
4.4308964 1.5622467 2.3484315
4.4367447 1.5611749 2.3503061
4.4300096 1.5661443 2.3523798
4.4321122 1.5687211 2.3497777
4.4340791 1.5687657 2.3504376
4.4317758 1.5658131 2.3517679
4.4281646 1.5649456 2.3409911
4.4296589 1.5668919 2.3503155
4.4326082 1.567759 2.3527127
4.4296424 1.5668851 2.3506802
4.4277001 1.5622325 2.3504217
4.4325158 1.569625 2.3498172
4.4347783 1.5660848 2.3431147
4.4352639 1.5673578 2.3453503
4.4307957 1.564241 2.346044
4.4327191 1.5711981 2.3564288
4.4301864 1.5721589 2.3551903
4.4286531 1.5730513 2.3422393
0.25305497 0.62073622 0.60803442
0.25951225 0.61658331 0.60797807
0.26185915 0.61629334 0.60552496
0.25405598 0.61778654 0.60893744
0.26387841 0.61459373 0.60167492
0.26113033 0.61528872 0.60589576
0.25849647 0.6183349 0.60907023
0.25436361 0.61980004 0.61483899
0.25379642 0.61727705 0.61194499
0.26307857 0.61911212 0.60667427
0.26716672 0.61739344 0.60287367
0.2623495 0.61713167 0.60462294
0.25999211 0.6141659 0.60713931
0.2636056 0.61565937 0.6065076
0.25715703 0.61536818 0.60672541
0.2628503 0.61371492 0.60566293
0.26702537 0.61951467 0.59913874
0.26608837 0.61690889 0.60460343
0.26175573 0.6160779 0.60510977
0.27088873 0.62169453 0.59855611
0.25551442 0.61655098 0.61080675
4.5732736 1.5300877 5.7229185
4.5791827 1.528548 5.721619
4.5808092 1.5309238 5.7257158
4.5821923 1.5240889 5.7280846
4.589057 1.5329639 5.7163797
4.5759049 1.5264086 5.7110626
4.5791477 1.5279351 5.721696
4.5796988 1.527708 5.7277312
4.5757053 1.5282496 5.7292888
4.5805257 1.5275697 5.7192376
4.5777192 1.5270168 5.7190862
4.5776931 1.5276152 5.7209513
4.5744838 1.5251488 5.7204992
4.5792752 1.5264804 5.7237316
4.5804014 1.5256192 5.7218568
4.5754801 1.5263703 5.7200828
4.5731133 1.5238312 5.720463
4.572104 1.5256772 5.7220717
4.5778392 1.5308563 5.7171333
4.5764324 1.519996 5.7223062
4.5755517 1.525163 5.7195539
4.5786591 1.5291015 5.7231235
4.5796052 1.5274533 5.7253597
4.5748355 1.5289823 5.7255188
4.5815243 1.5255058 5.7289229
4.5734549 1.5340096 5.7333295
4.5826975 1.5252871 5.7345899
2.6908858 1.0883777 0.67910162
2.6851504 1.0929865 0.68184421
2.6887148 1.0950428 0.69034395
2.6931547 1.092605 0.68739611
2.6841216 1.0923904 0.68653027
2.6938689 1.0904662 0.68375288
2.6903385 1.0915875 0.68277535
2.6918517 1.089848 0.68075907
2.6936725 1.0945445 0.67656281
2.6950672 1.090784 0.67710917
2.6872015 1.0921114 0.68340599
2.6987906 1.1023106 0.67298236
2.7054967 1.1023135 0.67987116
0.93849119 2.1339743 3.5423378
0.94762253 2.1362525 3.5535521
0.94348768 2.134599 3.5571727
0.94294824 2.1405872 3.5463419
0.94708903 2.1371973 3.5569109
0.94295656 2.136697 3.5616745
0.94633555 2.1321875 3.5541977
0.93978451 2.1317488 3.5462205
0.94614698 2.1262767 3.5432411
0.95165884 2.1314448 3.5464624
0.94669726 2.1346881 3.5565458
0.95167512 2.1370906 3.5584689
0.94978129 2.1285455 3.5634357
0.94583217 2.130671 3.5540485
0.94415797 2.1364099 3.5521735
0.94404855 2.1369385 3.5528744
0.94573967 2.1404123 3.5489217
0.95149196 2.1387674 3.5537216
0.94540962 2.1337839 3.5529646
0.94528835 2.1347928 3.5525632
0.96029957 2.1418048 3.5603099
4.9663293 1.63019 1.6604933
4.9633565 1.6260617 1.6550041
4.9604452 1.6264951 1.6500306
4.9644205 1.6245834 1.647047
4.9599103 1.6236856 1.6473287
4.9579398 1.6273303 1.648261
4.959827 1.6303138 1.6488014
4.9638613 1.6262387 1.6510661
4.9613896 1.6222509 1.6584166
4.9627208 1.6233555 1.6516499
4.9625714 1.6226902 1.6514008
4.964193 1.6248988 1.6513566
4.955168 1.6323173 1.6541791
4.9658762 1.6279607 1.6610741
4.9645104 1.6230622 1.6529304
4.9608218 1.6263874 1.6481787
4.9528235 1.6256551 1.6509553
4.9647389 1.6245944 1.6509495
4.9599717 1.6223809 1.6537489
4.964725 1.6249984 1.6509009
4.9631752 1.624776 1.6523462
4.9683546 1.629045 1.6586085
4.4314864 1.5564355 2.3406202
4.4240277 1.5685967 2.3536387
4.4348573 1.5627386 2.352091
4.4346415 1.5680888 2.3548381
4.432435 1.5749317 2.3501456
4.4318539 1.5660894 2.3525724
4.4332761 1.5661544 2.3530874
4.4334467 1.5654486 2.3507084
4.4344854 1.5667077 2.3486924
4.4278348 1.5654774 2.3457783
4.4270867 1.5749573 2.3525355
4.4306129 1.5691635 2.3592356
4.4343814 1.5641511 2.3409576
4.4309663 1.560313 2.3436832
4.4305206 1.5631044 2.3458448
4.4226293 1.5650236 2.3518856
4.4253281 1.5696332 2.3466108
4.4295653 1.5654942 2.3506439
4.4341855 1.5574345 2.3490337
4.4312684 1.5694144 2.3439209
4.4311957 1.5717162 2.3513764
4.4302577 1.5654032 2.3503274
4.4438973 1.5690371 2.3530074
0.26184315 0.62105481 0.59974358
0.26405959 0.6209436 0.59722832
0.26092532 0.62091108 0.59734918
0.25200965 0.62068451 0.6136133
0.26139394 0.61628587 0.60649697
0.26902608 0.61757638 0.60010415
0.26765308 0.61597873 0.59848831
0.25719713 0.61853892 0.61354682
0.25521703 0.61348833 0.60917547
0.25769916 0.61600066 0.6059807
0.25913815 0.61454568 0.60714991
0.25947555 0.61739645 0.60764343
0.25623193 0.61001725 0.60333395
0.25588454 0.6113456 0.60935663
0.26637548 0.61567369 0.6017137
0.25920389 0.61293226 0.60466793
0.2611127 0.61547274 0.60578883
0.26297524 0.61574565 0.60281426
0.2552652 0.61811276 0.60714008
0.24175094 0.61480159 0.61419199
0.23874415 0.61287764 0.62846545
0.25366575 0.62632665 0.60108782
4.5715369 1.5368745 5.7190199
4.5825219 1.5323305 5.7130139
4.576422 1.5272728 5.7223143
4.5717549 1.525479 5.7176802
4.576656 1.5254466 5.7134516
4.5768952 1.5267916 5.7107688
4.5816017 1.5224751 5.7216398
4.5788182 1.5294428 5.7284232
4.5775785 1.5297225 5.7236388
4.5792747 1.5230683 5.7299602
4.579381 1.5272234 5.7221139
4.581503 1.5261697 5.7223004
4.5750455 1.5226122 5.7237216
4.5785302 1.5275206 5.7235325
4.5870246 1.5273169 5.7243363
4.5870891 1.5287711 5.7226996
4.5740815 1.5267562 5.7234703
4.5744665 1.5219657 5.7183919
4.5752197 1.5309601 5.7187959
4.5834979 1.5266571 5.7209635
4.5746183 1.5240649 5.7198632
4.572827 1.5271844 5.7169003
4.5765798 1.5303446 5.7266716
4.5765928 1.5261686 5.719967
4.5789141 1.5270391 5.718131
4.5763098 1.5265417 5.7172573
4.5781367 1.5272845 5.722072
2.685839 1.0935787 0.68436424
2.6983021 1.0965343 0.67657286
2.6925779 1.0933152 0.68468091
2.6885499 1.091461 0.68508813
2.6854962 1.0965962 0.67561864
2.6935137 1.0993826 0.67711855
2.6925792 1.0931021 0.68111996
2.6990149 1.0951639 0.6714337
2.6986767 1.0909285 0.67085088
2.6960149 1.0891617 0.67733853
2.6933243 1.0968258 0.68255785
2.6999506 1.0967273 0.67416578
2.6921697 1.0863351 0.68010434
2.6787535 1.0971083 0.68336625
0.94569911 2.1316785 3.5493071
0.95076779 2.1251896 3.5595311
0.94071976 2.1272276 3.5578725
0.93984168 2.1362324 3.5476585
0.94552622 2.1371757 3.5526419
0.94801827 2.1319889 3.5564979
0.94865555 2.1325416 3.5564822
0.94408014 2.127381 3.5472603
0.95096016 2.1264131 3.5487751
0.94595444 2.1407523 3.5596842
0.95463079 2.1341979 3.5677192
0.94743576 2.124332 3.5562136
0.94693316 2.1310407 3.5502208
0.94472598 2.1361758 3.5583046
0.94364519 2.134085 3.5514739
0.944932 2.1363714 3.549885
0.94562119 2.1413749 3.5485953
0.93971872 2.1346396 3.5488398
0.94121003 2.141355 3.5512517
0.94940557 2.1394416 3.5519972
0.95298064 2.1327804 3.5511356
4.9626469 1.6260417 1.6518235
4.9632255 1.6252871 1.6523845
4.9634363 1.6253803 1.6533588
4.9596462 1.6286657 1.6568283
4.9600902 1.6296484 1.657469
4.9596984 1.6219052 1.6505424
4.9655396 1.6266251 1.6522579
4.9650911 1.6275751 1.6515111
4.9646255 1.6268616 1.6537103
4.9638283 1.62696 1.6538122
4.9572102 1.6247324 1.6514856
4.9547875 1.6309358 1.6559072
4.9652768 1.6314937 1.6569347
4.9596075 1.6249687 1.6473652
4.9645025 1.620227 1.6514078
4.9658675 1.6189386 1.6519717
4.9617172 1.6253658 1.6515584
4.9622926 1.6260335 1.6506487
4.9628898 1.6254761 1.6518162
4.9609547 1.6288206 1.6535727
4.9638699 1.6294169 1.6663704
4.4198772 1.5678284 2.338219
4.4285967 1.5668277 2.3568058
4.4336267 1.5650591 2.3528445
4.4310862 1.5661043 2.350835
4.4352809 1.5734254 2.3480179
4.4344097 1.5654479 2.3502444
4.4297519 1.5665785 2.3499121
4.4280577 1.5657867 2.3503
4.4274245 1.5634518 2.3558409
4.4315706 1.5601935 2.3512167
4.4284489 1.5672636 2.3494739
4.4211852 1.569227 2.3497237
4.4225887 1.5708721 2.3490127
4.4400118 1.5738324 2.3555393
4.4331152 1.568714 2.3397966
4.4225178 1.5658591 2.3507647
4.4283775 1.5718936 2.3537235
4.4206008 1.5660235 2.359694
4.431869 1.5615348 2.3587551
4.4411716 1.5673891 2.352528
4.4164034 1.5626242 2.3523982
4.425147 1.569706 2.3442323
0 0 0
0.26126988 0.61511043 0.60268772
0.24444588 0.60884131 0.61845183
0.23754226 0.61671792 0.62509446
0.25662853 0.61832645 0.61580931
0.25467695 0.61357887 0.61304873
0.26878743 0.61647201 0.5978422
0.26471785 0.61640054 0.60514465
0.25950229 0.61791444 0.61087487
0.26248064 0.61612777 0.6055382
0.26038517 0.61601194 0.60630824
0.25963809 0.61548795 0.60671185
0.25969766 0.61637649 0.60644641
0.25365592 0.60944129 0.60748561
0.26482162 0.61626435 0.59971248
0.26025812 0.61507337 0.60581073
0.26105686 0.61547924 0.60565067
0.2596161 0.61734561 0.60551048
0.25989081 0.6156449 0.60599631
0.25376123 0.61479885 0.61043876
0.26874969 0.61418407 0.58807323
0.25626148 0.6035796 0.61103724
0.24970662 0.6121413 0.60698127
0.26675528 0.6158965 0.60485752
4.5869657 1.5158463 5.7194266
4.5777286 1.5193242 5.716591
4.5791852 1.5330755 5.7249466
4.5742717 1.5317019 5.7281672
4.5746986 1.5256903 5.7274531
4.5774952 1.5273731 5.7223366
4.573666 1.5261765 5.7211857
4.5732207 1.5310007 5.7259949
4.5750123 1.5218519 5.7287333
4.5813676 1.5268015 5.7244552
4.5802366 1.524913 5.7220775
4.5788162 1.5265129 5.7287718
4.5784315 1.524756 5.7276753
4.5798394 1.5364128 5.7235078
4.5660909 1.5378504 5.7197745
4.5750935 1.5245548 5.7272762
4.5801457 1.520748 5.7198867
4.5769058 1.5353101 5.7217975
4.5753074 1.5349338 5.7220827
4.5838729 1.5296403 5.7179351
4.5720506 1.520066 5.7208812
4.5769957 1.5221259 5.7265329
4.5791651 1.5285503 5.7211312
4.5744964 1.521861 5.7188153
4.5803659 1.5287667 5.7178024
4.5772929 1.5133175 5.7223151
2.6905428 1.0844375 0.690736
2.7005291 1.0899302 0.68605313
2.6952535 1.0912361 0.67971959
2.6992138 1.0908313 0.68004677
2.6857667 1.0859406 0.67968466
2.6917783 1.0956236 0.67922405
2.6922913 1.0902263 0.68189848
2.6948772 1.095096 0.68387318
2.6892548 1.0940975 0.67865686
2.6890164 1.0909695 0.67894296
2.6848443 1.0923615 0.68626763
2.7002406 1.0904864 0.67730968
2.6950434 1.0923702 0.67489579
2.6902438 1.087593 0.68418403
0.94640894 2.1308495 3.5567453
0.94961677 2.1405775 3.5576275
0.9406178 2.1279973 3.5540265
0.94267062 2.1348786 3.5511513
0.94445069 2.138272 3.5541651
0.94806267 2.1415583 3.5609766
0.94241331 2.131841 3.5500249
0.94544319 2.1387724 3.5485521
0.94895885 2.1370787 3.5521087
0.9417696 2.1327274 3.553498
0.94573037 2.1298894 3.5559681
0.9460573 2.1330876 3.5555519
0.95320914 2.1350957 3.5549654
0.94346339 2.1399698 3.5554195
0.94831251 2.1352838 3.552677
0.94523125 2.1379682 3.5481599
0.94060476 2.1345832 3.5472031
0.94153846 2.1352419 3.5508977
0.94188767 2.145001 3.5452549
0.93425239 2.1401085 3.5413957
0.93920969 2.1361477 3.5423979
4.9636679 1.6257058 1.6524965
4.9661035 1.6282988 1.6528744
4.9627845 1.6323334 1.6534548
4.9673361 1.6251679 1.6559792
4.9668198 1.6312933 1.6485456
4.9604334 1.6197254 1.6530033
4.9587998 1.624316 1.6490763
4.9593185 1.6236277 1.6502429
4.9605739 1.6270009 1.6472979
4.9652127 1.6251376 1.6511501
4.9618735 1.6245541 1.6526742
4.9615608 1.6254346 1.6526763
4.9606871 1.6257175 1.6501734
4.9631538 1.6328125 1.6538246
4.9665145 1.6210961 1.6465795
4.9664395 1.621925 1.6476368
4.9662495 1.6258872 1.6486571
4.9619615 1.6255136 1.6531815
4.9579126 1.6225549 1.6486354
4.9622152 1.625192 1.652159
4.5699184 1.0360272 5.4593581
4.5726691 1.0486256 5.4484276
4.5811333 1.0475497 5.4434263
4.5768124 1.0501185 5.4452144
0 0 0
4.4330177 1.574529 2.3458862
4.4309286 1.5664919 2.3503278
4.4282632 1.5695458 2.3490436
4.4267245 1.5628432 2.3487906
4.4273219 1.5661375 2.3521453
4.4275344 1.5669345 2.3526892
4.4324987 1.5657267 2.3461553
4.4336404 1.5669772 2.3509606
4.4269213 1.5617408 2.3510506
4.4351601 1.5764095 2.3581257
4.4433545 1.5611491 2.3558224
0 0 0
5.2579969 1.2734904 3.0301572
5.266546 1.2802351 3.0358427
5.2615802 1.278335 3.0326374
5.2731465 1.2734541 3.0238104
5.2634093 1.2747883 3.0340648
5.2650062 1.2721753 3.0363254
5.266213 1.2697968 3.0332795
0.27305933 0.6101632 0.59561165
0.2658211 0.61168785 0.59790849
0.2563684 0.61038885 0.60158323
0.26063863 0.6149384 0.60685564
0.25628339 0.61555914 0.61239435
0.2615149 0.61560985 0.60459769
0.25427479 0.60906416 0.61269188
0.25814478 0.61864019 0.61293401
0.25607747 0.61588899 0.61121489
0.25772638 0.62019086 0.60927735
0.25840244 0.6155533 0.60549531
0.26306093 0.61653011 0.6039607
0.26245737 0.62052227 0.60723551
0.26217024 0.61920968 0.59763954
0.25644353 0.61239688 0.60932067
0.26648415 0.61305554 0.59961382
0.26429489 0.6146808 0.60153374
0.25896239 0.61549266 0.60442837
0.25638415 0.61556801 0.60484352
0.27795391 0.61626945 0.59313978
0.25938494 0.61074642 0.60551052
0.26366597 0.61264117 0.61130129
0.27152657 0.62256259 0.60649145
0 0 0
4.5764474 1.524947 5.7152467
4.5780106 1.5285555 5.7223964
4.5796564 1.5322852 5.7265494
4.5758584 1.5278849 5.7260704
4.5773696 1.530586 5.7224581
4.5769708 1.525002 5.7185158
4.5800162 1.5284026 5.7228038
4.5782721 1.5280297 5.7227356
4.5814169 1.5264526 5.7245552
4.5785719 1.5249647 5.7246939
4.5793373 1.5285099 5.7249096
4.5808425 1.5248577 5.7229929
4.5779516 1.5276786 5.7197065
4.5671259 1.5388745 5.7218772
4.5883078 1.5263303 5.725986
4.5789624 1.5347654 5.7202774
4.5761582 1.5285358 5.7261052
4.5824357 1.534482 5.7293391
4.5877267 1.5286949 5.7218932
4.5725777 1.5280368 5.7252616
4.574972 1.5279228 5.7225006
4.5694901 1.5292257 5.7177824
4.5708774 1.5241971 5.7305853
4.5792783 1.5259547 5.7299924
4.580015 1.5231822 5.7205516
2.6969022 1.0927848 0.67419675
2.692003 1.0979783 0.67993649
2.69364 1.0938064 0.67411412
2.6988721 1.0947709 0.67283541
2.6895507 1.0890607 0.68779707
2.6901625 1.0914063 0.68071428
2.6913709 1.093802 0.68652024
2.6913979 1.0930326 0.68576239
2.6937899 1.0902247 0.68077519
2.6897723 1.0921981 0.68666419
2.6867326 1.089828 0.68436091
2.6969175 1.0914004 0.67886686
2.6936511 1.0933379 0.68089031
2.69076 1.091896 0.68159982
2.6946869 1.0883661 0.69394372
0.93756734 2.1401915 3.549685
0.94098692 2.1379302 3.550182
0.94178348 2.1375735 3.5513108
0.9429051 2.1402749 3.5548689
0.95145037 2.1382386 3.5632822
0.93973042 2.1372868 3.5437225
0.94921418 2.1326029 3.5576075
0.94454376 2.1337677 3.5530915
0.94571921 2.1325168 3.5569769
0.94531289 2.1324252 3.5545238
0.94241471 2.1288732 3.5545783
0.94794571 2.1306503 3.556459
0.94660524 2.1341675 3.5514794
0.94392699 2.1328857 3.5520849
0.94331983 2.1334376 3.5519041
0.94357122 2.1340713 3.5495913
0.93618243 2.1358477 3.5455226
0.94126647 2.1385853 3.5412759
0.93636894 2.1414014 3.542365
0.932293 2.1301671 3.5575019
4.9617197 1.6275971 1.6635056
4.9629694 1.6247251 1.6563553
4.963241 1.6301916 1.6479055
4.9580335 1.6254252 1.6518562
4.9721027 1.6298912 1.6540863
4.9616552 1.6258627 1.6568832
4.9638619 1.6204411 1.6518764
4.963101 1.6248856 1.6514625
4.9659513 1.623894 1.6488256
4.9613252 1.6220379 1.6557935
4.9613563 1.6220232 1.6548833
4.9646262 1.6254003 1.6548213
4.961804 1.625646 1.6522137
4.967564 1.6339933 1.6534777
4.968768 1.623653 1.6517376
4.9631071 1.6265275 1.6522521
4.9686617 1.6254647 1.6509684
4.9641002 1.6194456 1.6467187
4.9681155 1.6153327 1.6424547
4.5722606 1.0508956 5.4516163
4.5722228 1.0400023 5.453317
4.5809523 1.0464145 5.4509788
4.5833585 1.0492458 5.4456491
4.5787463 1.0512496 5.4562089
0 0 0
4.4236194 1.5656955 2.3472788
4.4228029 1.5717518 2.3427354
4.4279495 1.5691054 2.3495583
4.4252964 1.5635134 2.348951
4.4322654 1.5659018 2.3565977
4.4290305 1.5656614 2.3517741
4.4374002 1.5629807 2.3541909
4.4376626 1.5643645 2.3540526
4.4360328 1.5730179 2.3400459
4.4293467 1.5745913 2.3555097
5.2668721 1.2632264 3.0311071
5.2654038 1.2782695 3.0472366
5.2630154 1.2829029 3.0270083
5.2681197 1.2734974 3.0369204
5.2639409 1.2768096 3.0397553
5.2720594 1.2714343 3.0244188
5.2621634 1.2713271 3.0282338
5.2571048 1.2739934 3.0350411
5.2631173 1.2639295 3.0252149
0.28029458 0.61271821 0.57888905
0.26932908 0.61159029 0.60613689
0.25509072 0.62034844 0.61573064
0.25319265 0.61719819 0.61268121
0.25815858 0.62418097 0.61430278
0.26100994 0.61383218 0.60510834
0.25531795 0.60825958 0.61202846
0.26110132 0.61653401 0.60820096
0.25817265 0.61941907 0.60795298
0.2502547 0.6183459 0.61410282
0.25872731 0.61645163 0.60642242
0.26149563 0.61618464 0.6055589
0.26358996 0.62259488 0.60404216
0.26358188 0.62440005 0.60379099
0.25713618 0.61575311 0.60443748
0.26153348 0.61550133 0.60242182
0.25903548 0.61762136 0.60363449
0.25792128 0.61568048 0.60446268
0.26063397 0.61635224 0.60416442
0.27913639 0.61692982 0.59586126
0.26855194 0.60856803 0.60712454
0.26539948 0.60905305 0.60279398
0.25150532 0.60913378 0.61709267
0 0 0
4.5773369 1.5318214 5.7251641
4.5777584 1.5302197 5.7171321
4.5778081 1.5259627 5.7175616
4.5798602 1.5244525 5.7215322
4.5736216 1.5277249 5.7235465
4.5758487 1.5245632 5.7241839
4.5745147 1.5245051 5.7233609
4.5777546 1.5276982 5.7227542
4.579775 1.5270869 5.7236414
4.5775785 1.5267669 5.7214193
4.5809332 1.5204284 5.7256957
4.581705 1.5207083 5.7224958
4.5754774 1.5249508 5.7265753
4.5799298 1.5251105 5.7276311
4.586426 1.5234649 5.714114
4.5802149 1.5264109 5.7122716
4.5769197 1.5291991 5.7263655
4.5769271 1.5299087 5.7286272
4.5761447 1.524956 5.7217968
4.5709582 1.5240042 5.7229045
4.5778983 1.5258995 5.7190943
4.56923 1.5281087 5.718163
4.5818703 1.5379415 5.7240746
4.5882689 1.5248643 5.7217838
4.5780501 1.5329037 5.7223026
2.6933042 1.0869472 0.68168367
2.6963779 1.0884065 0.67650708
2.6925858 1.0919373 0.68020561
2.6921938 1.0933541 0.68033371
2.6987742 1.1018226 0.68108845
2.6990632 1.0919137 0.6850211
2.6929457 1.0905433 0.68585059
2.6937608 1.094538 0.68537551
2.6939776 1.0908992 0.68090832
2.6959397 1.0905272 0.6802151
2.6923647 1.0928664 0.68283249
2.6924976 1.0923561 0.68352073
2.689776 1.0951697 0.68551664
2.696559 1.0929103 0.67676941
2.7037626 1.0940445 0.66578071
0 0 0
0 0 0
0 0 0
0 0 0
0.93075484 2.1242637 3.5438968
0.94216042 2.1451126 3.5507988
0.93872967 2.1252297 3.5503704
0.93929035 2.1356269 3.5451174
0.94929866 2.1287219 3.5520299
0.94574437 2.1318111 3.555402
0.94221837 2.1301929 3.5557097
0.94887744 2.1292151 3.5569805
0.94092083 2.1325227 3.55724
0.94604723 2.1352994 3.554696
0.95155012 2.1346756 3.5519504
0.94623004 2.1314356 3.5459923
0.94515502 2.1368417 3.5494978
0.9459954 2.1282774 3.5576061
0.94467031 2.13422 3.5524416
0 0 0
4.9664874 1.629483 1.6380359
4.9542926 1.6254703 1.6500445
4.9594863 1.6202761 1.6523728
4.9640435 1.6197148 1.6510141
4.9723072 1.6275279 1.6520261
4.9627019 1.6232803 1.6524907
4.9599183 1.6281603 1.6594158
4.9636484 1.6269923 1.6507345
4.9682569 1.6268977 1.6527793
4.9656438 1.618425 1.649283
4.9615839 1.6250044 1.6527895
4.9634409 1.6245324 1.6549041
4.9683236 1.6290963 1.6451815
4.9779981 1.6318798 1.6528728
4.9644506 1.6223663 1.6592511
4.9632055 1.6250083 1.6524391
4.9626522 1.6260706 1.652394
4.9629494 1.6248567 1.6513524
0 0 0
4.5782396 1.0482964 5.4491938
4.5696798 1.0497412 5.4506386
4.584937 1.0478533 5.4486961
4.5838097 1.0483644 5.4503511
4.5799411 1.0480411 5.450398
4.5780417 1.047823 5.4506639
4.5780252 1.0484448 5.4497759
4.4286583 1.5741832 2.3421911
4.4314646 1.5607476 2.3442334
4.4302946 1.5656276 2.3510851
4.4319929 1.5620974 2.3567399
4.4348657 1.5669917 2.3552494
4.4325318 1.5693317 2.3507335
4.4336848 1.5748778 2.3431097
5.2688667 1.2720394 3.0306023
5.2531325 1.2652243 3.0322907
5.2643646 1.2676728 3.0312485
5.2506571 1.2755216 3.0336682
5.263537 1.2852421 3.0293612
5.2658572 1.271683 3.0414773
5.2692422 1.2763432 3.0351236
5.2604533 1.273151 3.0338573
5.2607191 1.2694466 3.0315106
5.2608995 1.2702158 3.0278599
5.2651231 1.2748579 3.0328046
5.2536227 1.2614817 3.0401831
0.26408906 0.60225354 0.60232684
0.24549983 0.62214199 0.61072397
0.25163922 0.61293935 0.60740951
0.26828543 0.62663214 0.59713038
0.2746137 0.61060029 0.58710582
0.25667057 0.61106079 0.61003851
0.26202768 0.61663509 0.60999796
0.25330491 0.61711812 0.60914496
0.25287308 0.61665747 0.61344984
0.26636169 0.61847892 0.60569921
0.26717164 0.6215937 0.60539805
0.26632487 0.6256273 0.59952103
0.25436177 0.62448643 0.61150892
0.25975211 0.61930445 0.60130777
0.25661036 0.61563155 0.61046612
0.26179889 0.61272237 0.60899959
0.26026328 0.6148611 0.60630313
0.26403564 0.61558868 0.60485142
0.26163751 0.6156504 0.60571026
0.26434314 0.61542421 0.60178683
0.26064008 0.61779553 0.6116946
0.25703688 0.61705229 0.612574
0.24791384 0.62067355 0.62081896
4.5851198 1.5347867 5.7183955
4.5781744 1.5301323 5.7260317
4.5797989 1.5327599 5.7240772
4.5751801 1.5308701 5.7249348
4.5816924 1.5196492 5.7218586
4.5795374 1.519418 5.7207667
4.5715736 1.5243036 5.7249423
4.5753407 1.5305175 5.7207117
4.5748814 1.5315928 5.7253242
4.5730323 1.5334499 5.7189515
4.5907248 1.5317761 5.7216972
4.5823711 1.5277984 5.7289179
4.58039 1.5263973 5.7215191
4.5772572 1.5281357 5.7223332
4.5778371 1.5278842 5.7243368
4.5790245 1.5229243 5.7157038
4.5809923 1.5264487 5.7204368
4.5791355 1.529798 5.7233196
4.5749918 1.5288916 5.7184243
4.5740663 1.5247286 5.7185352
4.5770923 1.5258953 5.7184289
4.5730359 1.5329944 5.7271518
4.5722402 1.5321566 5.7279359
4.5804863 1.5227123 5.7178618
4.5741418 1.5130686 5.7188241
2.6754219 1.0931605 0.68197365
2.6927081 1.0945363 0.67596602
2.6920138 1.0931463 0.68074912
2.691976 1.0933895 0.68099914
2.696609 1.1022362 0.67799032
2.6902698 1.0902128 0.68634953
2.6940191 1.0905019 0.68391769
2.6923743 1.0936111 0.6853403
2.6865652 1.091918 0.6782433
2.6867313 1.0910773 0.67771045
2.6915539 1.0909312 0.68215075
2.6914701 1.0928117 0.6809881
2.6884326 1.0946692 0.68424253
2.6966526 1.0951897 0.67947252
2.6925455 1.0930847 0.68044159
2.6905104 1.0909197 0.68182306
1.9521465 0.27458095 0.70142535
1.918766 0.27146539 0.72782497
1.8813932 0.26515344 0.76370044
1.9326175 0.2767723 0.70621781
1.9361342 0.26978752 0.71382525
1.9329588 0.26992971 0.71138182
0 0 0
0.95044457 2.1328587 3.5619171
0.94885743 2.1337893 3.5605096
0.94743103 2.140609 3.562969
0.95016237 2.1332623 3.5622254
0.94178311 2.1474255 3.55076
0.94548256 2.1346337 3.5525965
0.95043192 2.1349128 3.5510791
0.95078273 2.1357353 3.5478772
1.2622983 2.5588961 5.3986861
1.287001 2.5597996 5.4138444
1.258023 2.5554997 5.3863388
1.2639953 2.5470085 5.391232
2.1438043 2.3907927 1.3848934
2.1417817 2.393364 1.3760436
2.1414009 2.3907834 1.3801974
0 0 0
4.9624226 1.6255633 1.651988
4.9550751 1.6211353 1.6477569
4.9491898 1.619791 1.6545685
4.9679844 1.6204747 1.6575079
4.9675317 1.6249982 1.6527191
4.964875 1.6247026 1.6473646
4.9633238 1.6226855 1.6512283
4.9707167 1.6192718 1.6496413
4.9675545 1.6182595 1.6472464
5.0159156 1.6539806 1.6630914
4.9634719 1.6247771 1.6576689
4.9632885 1.6217231 1.6411672
4.9676919 1.6233508 1.6398026
4.5761218 1.0498502 5.4455723
4.588045 1.0456674 5.4371069
4.577233 1.0492509 5.4446463
4.5705724 1.0522851 5.4527082
4.5792158 1.0479413 5.4483771
4.5768283 1.0472747 5.4492793
4.5753367 1.0519594 5.4530255
4.57196 1.044333 5.455514
4.5727327 1.0424015 5.4544412
4.5787277 1.0450658 5.4484501
5.2615684 1.2753017 3.0329258
5.262902 1.2769429 3.0325431
5.2563515 1.2865714 3.0392411
5.2573107 1.2796585 3.0452372
5.2524425 1.2835571 3.0375707
5.2621438 1.2737484 3.0333134
5.2627319 1.2735962 3.0334578
5.2616251 1.2682597 3.0373427
5.249786 1.2689158 3.0310021
5.2544144 1.2721422 3.0317684
5.2594388 1.268301 3.0283285
5.2679627 1.2692478 3.0388555
5.2646077 1.2744676 3.0425411
5.260751 1.2720225 3.0327948
5.2600288 1.2728176 3.0353013
5.2594576 1.2798998 3.0301474
5.2668076 1.2825179 3.0354456
5.2772883 1.271456 3.0242241
0.26063345 0.61515108 0.6064112
0.25423878 0.62521904 0.60622057
0.26422357 0.61879947 0.60068528
0.2643992 0.60569691 0.59396158
0.2700227 0.61247695 0.58548472
0.24710519 0.61236309 0.61661316
0.24644189 0.60800703 0.6231418
0.24810995 0.60811651 0.61804958
0.26483386 0.6179166 0.60732293
0.26558935 0.61819731 0.60585044
0.27083888 0.61662585 0.59847406
0.26217323 0.61877281 0.59905299
0.26296698 0.61637446 0.60420333
0.26143107 0.6163849 0.60556543
0.26204149 0.61746156 0.60564791
0.25802142 0.61228403 0.61125076
0.25779705 0.61390526 0.60898649
0.26159712 0.61456592 0.60516617
0.25321566 0.6169127 0.61805516
0.26031099 0.61486022 0.60651778
0.24797449 0.61493328 0.61708848
0.26006094 0.61748052 0.60755086
0.27059409 0.62462728 0.60113352
4.5721814 1.5287191 5.7305374
4.5780744 1.5278594 5.7224726
4.5782643 1.5281797 5.7217794
4.5762415 1.5301406 5.7247123
4.5815211 1.5267941 5.7216493
4.5804879 1.5307168 5.7110519
4.5710403 1.5309503 5.7119468
4.5809482 1.5269638 5.7137344
4.5786205 1.5266042 5.7214607
4.5740618 1.5229088 5.7198264
4.5851335 1.5349573 5.718388
4.579353 1.5248809 5.7215947
4.5791159 1.5263709 5.7229031
4.5798236 1.5255856 5.7227714
4.5817535 1.5279338 5.7241019
4.578912 1.5276846 5.7212459
4.5806866 1.5269477 5.7195975
4.5786325 1.5271572 5.7220854
4.5682359 1.5253605 5.7256753
4.5765302 1.5222263 5.7242065
4.5796426 1.5268812 5.7201301
4.5753454 1.5242275 5.7235271
4.5790876 1.5286825 5.7217234
4.5780679 1.5257297 5.7207268
4.5840439 1.5270145 5.7300119
2.6928775 1.0901769 0.66808656
2.6871739 1.0942488 0.68037925
2.6899237 1.087985 0.6732201
2.6847986 1.0916456 0.67664132
2.6851163 1.0900558 0.68549531
2.6921353 1.0904763 0.68427627
2.6874266 1.0951814 0.68546677
2.6814414 1.0949946 0.68702941
2.689527 1.088961 0.67914553
2.6897777 1.0902148 0.68520364
2.6912809 1.0925273 0.6811712
2.6908735 1.0916566 0.68035745
2.6912489 1.092887 0.6810264
2.6934765 1.0914639 0.68497155
2.6996071 1.0888992 0.67748705
2.6922271 1.0832401 0.69404542
1.8876055 0.26192983 0.75190793
1.8807947 0.27162449 0.76316474
1.9101074 0.27282582 0.73680398
1.9110096 0.27299915 0.73538773
1.9084019 0.27342554 0.73772889
1.910167 0.2715363 0.73844334
1.9139892 0.2718631 0.73425921
1.9134708 0.27225415 0.7349912
1.26482 2.553165 5.4083856
1.2515899 2.5527114 5.3763169
1.2592159 2.5560287 5.3977991
1.2596873 2.5547093 5.3976309
1.2770481 2.5498916 5.4084917
1.2618594 2.5645479 5.4109053
1.2706897 2.5619845 5.4078303
1.272192 2.5618267 5.4091522
1.2608347 2.5561853 5.3957925
1.2557757 2.5543987 5.3889926
1.2546062 2.5572462 5.3873943
2.1529987 2.3935364 1.3907149
2.1472869 2.3925614 1.3772395
2.1515103 2.3916695 1.3858627
2.1441934 2.3874261 1.3791846
2.1480948 2.3876744 1.3858409
2.1339608 2.3848144 1.3636758
2.1402644 2.3905277 1.3787202
2.1394451 2.3922149 1.378015
2.1391672 2.3827265 1.3864733
2.1444265 2.3865715 1.3881481
2.146383 2.386948 1.3905661
2.1506891 2.3931503 1.3945784
2.1351652 2.3901264 1.3717749
2.1336412 2.3908878 1.3727666
2.1282616 2.3903196 1.3691989
2.1359691 2.3923815 1.3793326
4.5751512 1.0410441 5.4498887
4.5791352 1.0443939 5.4586809
4.5840901 1.0522497 5.4545401
4.5789284 1.0472458 5.4485225
4.5792118 1.0475619 5.4482431
4.5837993 1.0469773 5.4441268
4.5776018 1.0504998 5.4394031
4.5805975 1.0496233 5.4426432
4.5807345 1.0467909 5.4464565
4.582764 1.0462934 5.4467014
4.575273 1.0487116 5.4496839
4.5792646 1.0498249 5.4491181
5.2699164 1.2703353 3.0262875
5.2631021 1.2726984 3.0406713
5.2607866 1.2756913 3.03396
5.2626174 1.2742208 3.0371809
5.2609859 1.273794 3.0314664
5.2594741 1.2828358 3.0333294
5.2619526 1.2727639 3.0337887
5.2489345 1.2719213 3.0309484
5.2651527 1.2788245 3.0357896
5.2610428 1.2681079 3.0318353
5.2625743 1.2744927 3.0333862
5.2659094 1.2764087 3.0319476
5.2620492 1.271842 3.0340559
5.2629396 1.2727474 3.0320569
5.262517 1.2752014 3.0351786
5.2658741 1.2827966 3.0324392
5.2693163 1.2777328 3.0380869
0.26073352 0.61583485 0.60323387
0.26383565 0.61501122 0.59585373
0.26156709 0.61466853 0.6048187
0.26176524 0.60686206 0.60596407
0.26830715 0.62042491 0.60515738
0.26414962 0.62110656 0.60401734
0.26352416 0.61708608 0.6080064
0.2714546 0.61496632 0.59345791
0.26817738 0.60959908 0.60265232
0.26362616 0.61868975 0.60687699
0.27358921 0.6170928 0.59955998
0.27682215 0.61623077 0.59198446
0.26964589 0.6132565 0.5951336
0.26810481 0.61685612 0.60311525
0.2602831 0.6151067 0.60518208
0.26048679 0.61515532 0.6061876
0.25879339 0.614566 0.60835661
0.25617445 0.61250019 0.6134083
0.24815092 0.61764531 0.6174709
0.25950133 0.60934521 0.60518326
0.25190586 0.60952245 0.61627031
0.26230913 0.61292697 0.60471976
0.2606803 0.60566824 0.60785857
4.573678 1.5292185 5.7227511
4.5832364 1.5275457 5.7202046
4.5777436 1.5284666 5.7208657
4.5778376 1.5277656 5.7221221
4.5780866 1.5275445 5.7224393
4.5745119 1.5292847 5.7255968
4.5759425 1.5310335 5.7258097
4.5806339 1.5302889 5.7212727
4.5761356 1.5288829 5.7157404
4.5783421 1.5226242 5.7181065
4.5828311 1.5232979 5.724088
4.5782759 1.5246388 5.7214039
4.5823725 1.5243946 5.7202547
4.5815429 1.5322595 5.7220902
4.5794943 1.5310674 5.7145594
4.5826911 1.5286563 5.7146293
4.5794494 1.5259737 5.723592
4.578611 1.5268681 5.7219369
4.5714122 1.5266462 5.729868
4.5766569 1.5345061 5.7190138
4.5751239 1.525314 5.7175939
4.5755999 1.5259884 5.722795
4.5767674 1.5319612 5.7220548
4.5810181 1.5295262 5.7191449
4.5744038 1.531369 5.7242085
2.6872581 1.0923336 0.67593577
2.6902019 1.0873375 0.6814484
2.6859233 1.0859148 0.67976928
2.6856654 1.0929895 0.68779846
2.6941819 1.0929706 0.68078578
2.6840536 1.0922156 0.68145771
2.6873414 1.0980506 0.67970795
2.6845008 1.0983601 0.68646137
2.6861339 1.097016 0.68539472
2.6882755 1.0969967 0.68702512
2.6913346 1.0925731 0.68198632
2.6904823 1.0933026 0.68217044
2.6945711 1.0928796 0.6833916
2.6938944 1.0914623 0.68368448
2.6890571 1.0910069 0.6809483
2.6806171 1.092105 0.69505345
1.9334027 0.28043348 0.70794382
1.9100262 0.27167399 0.73745848
1.9139653 0.27298016 0.73330965
1.9263954 0.27671388 0.71955822
1.9104237 0.27169017 0.73735152
1.9090324 0.26982329 0.74143149
1.9143417 0.27104322 0.73488677
1.9066695 0.27383405 0.74262482
1.2620685 2.5489527 5.4027007
1.2605248 2.555128 5.3887285
1.2607416 2.5600321 5.3975143
1.2576924 2.5541967 5.3959614
1.2655508 2.5568967 5.404416
1.2634226 2.5539584 5.4012006
1.26676 2.5609514 5.3960572
1.2724945 2.5546274 5.4023207
1.2618989 2.5539643 5.3928019
1.2571867 2.5589458 5.3859637
1.271994 2.5592138 5.4061471
2.1317401 2.3938651 1.3771915
2.1360188 2.3925228 1.3763526
2.1401111 2.3911461 1.3796295
2.1386454 2.3886251 1.3812277
2.141392 2.385994 1.3767978
2.1394228 2.3914825 1.378822
2.1327614 2.3906936 1.3755403
2.1354069 2.3939256 1.3770676
2.1375876 2.3893945 1.3759848
2.1436331 2.3913589 1.378743
2.1438865 2.3898597 1.3909963
2.1540846 2.3912738 1.389409
2.1410557 2.3925571 1.3798816
2.1404846 2.3943192 1.3833758
2.1423721 2.3887776 1.3819599
2.1512283 2.3972566 1.3990404
4.5861795 1.0523134 5.4372777
4.5698464 1.0449931 5.4475798
4.5730723 1.0459152 5.4489715
4.5699491 1.0450688 5.4515864
4.5793965 1.0457193 5.4444417
4.5826079 1.0428485 5.4400986
4.5725835 1.0458401 5.443574
4.5765901 1.0533707 5.4473576
4.5760305 1.0364879 5.453232
4.5731128 1.0372233 5.454267
4.5793516 1.0495056 5.4514309
4.5799295 1.0480219 5.454316
5.2595921 1.2896737 3.0330255
5.2602198 1.2786015 3.0357496
5.2631116 1.2731134 3.0348048
5.271181 1.2773593 3.0315595
5.268903 1.2795714 3.0354023
5.258227 1.2822677 3.0345818
5.2616007 1.2838397 3.0288773
5.2679729 1.2765317 3.0234344
5.2636696 1.2831217 3.0293391
5.2620271 1.2801956 3.035045
5.2648017 1.2839574 3.0369415
5.2689608 1.278459 3.0344828
5.2603717 1.2729452 3.0319303
5.2595482 1.2776387 3.0386687
5.2619057 1.2746597 3.0334495
5.2595667 1.277307 3.0358477
5.2625464 1.2778756 3.0397038
0.25715805 0.61465774 0.60830429
0.25700364 0.6129958 0.60687557
0.262329 0.61772509 0.60456019
0.26009318 0.61593373 0.60738118
0.26894597 0.62188751 0.60212784
0.26296332 0.61686493 0.60511287
0.26102918 0.61063202 0.60799366
0.26226388 0.61960909 0.61045917
0.26227473 0.61949838 0.61321419
0.27505429 0.61827881 0.60248033
0.27531628 0.6212691 0.59191391
0.26089124 0.61390312 0.60345556
0.26500439 0.6142849 0.60053858
0.26828999 0.61785726 0.60040892
0.26425094 0.61746052 0.60132134
0.26477541 0.61893596 0.60220671
0.25937555 0.61554032 0.60768569
0.25554533 0.61454567 0.61347118
0.26246147 0.61580903 0.60644691
0.25477419 0.60919164 0.61045652
0.2599787 0.61421572 0.60635633
0.25792455 0.61531003 0.60828188
0.26391315 0.61486729 0.60338213
4.5693766 1.5280945 5.7189651
4.5817466 1.5275627 5.7163517
4.5766184 1.5278736 5.7247198
4.5782982 1.5261865 5.7216679
4.5768949 1.530363 5.7217353
4.5762852 1.5302712 5.723052
4.5772544 1.5325814 5.7208332
4.5768693 1.5300551 5.7185753
4.5803586 1.5343686 5.722037
4.5783993 1.5290772 5.723808
4.5776302 1.5224716 5.7221857
4.580304 1.5215662 5.7233661
4.5806596 1.5239431 5.7209055
4.5851556 1.5291567 5.7214895
4.5795065 1.5322262 5.7240989
4.5805051 1.532873 5.7273425
4.5809633 1.527575 5.7234655
4.580213 1.5275414 5.7228717
4.5779086 1.5307348 5.72316
4.5762669 1.533685 5.7185168
4.5804716 1.5258371 5.7207353
4.5756416 1.525962 5.723916
4.5796328 1.5262709 5.7278969
4.5795742 1.5327123 5.7264726
4.5775192 1.5281386 5.722223
2.6916723 1.0931424 0.68132911
2.6899813 1.0873322 0.68115899
2.6895531 1.0887055 0.68724596
2.6923007 1.0876629 0.68205548
2.6911952 1.0946394 0.67628427
2.6864703 1.0963594 0.68258426
2.6887566 1.0926398 0.68228218
2.6903569 1.0917337 0.68384879
2.6847668 1.0891063 0.67962551
2.6827404 1.0959546 0.68174615
2.690703 1.0916364 0.68484444
2.6881309 1.0926471 0.68427422
2.6891756 1.0939578 0.68317907
2.6941179 1.0940615 0.6789655
2.6906899 1.0916087 0.68347838
2.689675 1.0973866 0.68133715
1.9088542 0.27193464 0.73805694
1.9092685 0.27148067 0.73835079
1.9172265 0.2730745 0.73058064
1.9344274 0.27368833 0.71228419
1.8974452 0.27531733 0.75649519
1.9329156 0.26675708 0.71937774
1.9104181 0.27166902 0.73912939
1.9088868 0.27168815 0.73862865
1.2655888 2.5577306 5.4022065
1.2524682 2.5574574 5.3931023
1.2589298 2.5594114 5.3974106
1.2544689 2.5530804 5.3943242
1.2614117 2.5592902 5.39627
1.2710583 2.5672023 5.403965
1.2783121 2.5638409 5.4051023
1.2619061 2.5587876 5.3972014
1.2621772 2.5592855 5.3972867
1.259871 2.5615315 5.4047313
1.2614393 2.5537038 5.4013151
2.1404366 2.3909549 1.3809621
2.1385846 2.3905934 1.3767481
2.1363454 2.3918919 1.3773753
2.138123 2.3924654 1.3785816
2.1396788 2.398371 1.3741729
2.1388316 2.3921736 1.3782545
2.1337329 2.3940407 1.3761761
2.1339933 2.3901132 1.3742959
2.1454349 2.3984763 1.3794935
2.1462844 2.3970167 1.3769945
2.1287761 2.3862092 1.3677666
2.1368847 2.3809154 1.3780117
2.1399311 2.3918166 1.3791356
2.1409191 2.390931 1.3840805
2.1403576 2.3907211 1.3733503
2.1442176 2.393758 1.3795567
4.579097 1.048045 5.4469045
4.5706789 1.0452445 5.4476901
4.580866 1.0466306 5.4430092
4.5739333 1.0473225 5.4580471
4.5788286 1.0459691 5.4508875
4.5794648 1.0455833 5.4501597
4.5787258 1.044573 5.4511415
4.5717551 1.0462025 5.4488535
4.5759798 1.0473496 5.4460668
4.5773044 1.0466263 5.4491224
4.5847081 1.0522939 5.441702
4.5840498 1.0521405 5.4418986
0 0 0
5.2601099 1.2763788 3.0344847
5.2482654 1.2696502 3.0398943
5.2661729 1.2787933 3.0313109
5.2615546 1.2761999 3.0349561
5.26228 1.2826017 3.0356239
5.2644995 1.2739711 3.02979
5.2594253 1.2736787 3.0255917
5.2622492 1.2731492 3.0345265
5.2678865 1.2775037 3.0323834
5.2573549 1.2785975 3.0379833
5.2615947 1.2781152 3.0334115
5.2646881 1.2736078 3.0332119
5.2566646 1.2817088 3.03981
5.2561312 1.2833274 3.0360861
5.2574508 1.2799876 3.0329888
5.2611781 1.2782132 3.0422427
5.2669417 1.2702569 3.0269869
0.25899216 0.61658973 0.6066723
0.26220673 0.61595863 0.60332662
0.26539731 0.6152347 0.60402053
0.25251357 0.61613528 0.61160213
0.26683261 0.61684147 0.60037729
0.27306148 0.61071416 0.5970522
0.27538128 0.61396555 0.59288579
0.26656716 0.61597501 0.59959463
0.26216144 0.61457922 0.60502263
0.25407105 0.61283854 0.61406243
0.26684402 0.61045815 0.59853221
0.26624716 0.61273584 0.60229504
0.2607559 0.60994839 0.60764817
0.26942928 0.61456196 0.60220588
0.24907836 0.61790908 0.6133343
0.26081676 0.61658005 0.60697442
0.2604212 0.61975181 0.6066024
0.26081164 0.61613517 0.60565205
0.26959502 0.61149142 0.59247589
0.26801258 0.61669361 0.60169664
0.26084901 0.61610398 0.60601655
0.2626754 0.61725178 0.60465803
4.5816642 1.5216466 5.7260319
4.5796135 1.5261679 5.7274076
4.5762169 1.5267709 5.7242345
4.5800141 1.5246461 5.7240145
4.5855794 1.5219505 5.7232683
4.5866142 1.5245917 5.723167
4.5796328 1.5271279 5.7192182
4.577951 1.5279264 5.7218563
4.5801448 1.5267741 5.7276872
4.5802562 1.5292652 5.7236176
4.5782725 1.5284268 5.7239959
4.58406 1.5220437 5.7148677
4.5768367 1.5260958 5.7186169
4.5768478 1.5253418 5.7219311
4.5775295 1.5298043 5.728718
4.5773059 1.5308674 5.7326903
4.5779588 1.5259091 5.7325213
4.5819308 1.5263666 5.7226899
4.5750931 1.5294699 5.7202498
4.5759504 1.5300843 5.7198323
4.5781972 1.5213732 5.7201509
4.5747282 1.5236986 5.7245442
4.5743533 1.5253524 5.7229259
4.5743605 1.5223101 5.728014
4.5718342 1.5382994 5.7148836
2.6938341 1.0955029 0.68179333
2.6933205 1.0893921 0.68013131
2.6898101 1.0894358 0.68727177
2.6918954 1.091639 0.68102003
2.6923784 1.0923322 0.68120309
2.6920699 1.0924817 0.68038525
2.6947084 1.0947631 0.67483729
2.6906979 1.0915313 0.68236114
2.6920555 1.0905604 0.68165189
2.6908788 1.0912587 0.68236365
2.6872554 1.094753 0.68661032
2.6904125 1.0930177 0.68241141
2.6911287 1.0939401 0.68086439
2.6885821 1.0994141 0.68621625
2.6904879 1.0997333 0.6809159
2.6912031 1.093916 0.68233421
1.9036557 0.26798461 0.74552098
1.8908159 0.27108017 0.75388223
1.9212657 0.27419552 0.72801691
1.9233873 0.27221674 0.7236952
1.8695785 0.26909798 0.77479174
1.8979565 0.25899368 0.75022174
1.9108686 0.27216153 0.73875104
1.9209 0.27056111 0.72707933
1.9399807 0.28059393 0.7055461
1.2619639 2.5504191 5.3915448
1.2632491 2.561946 5.3929084
1.262184 2.5519416 5.3919668
1.2524708 2.5585703 5.3901525
1.2622149 2.559227 5.3968309
1.2691775 2.5534197 5.4043545
1.2630337 2.558672 5.3983473
1.2688878 2.558413 5.4046095
1.2547112 2.5635189 5.3981873
1.2632967 2.5614611 5.3971918
2.1496007 2.3911989 1.396228
2.1368618 2.3877729 1.3819876
2.1461329 2.3906349 1.3749115
2.1424731 2.3943543 1.3809036
2.1381555 2.3940896 1.368255
2.1398164 2.3910409 1.3791654
2.1415919 2.3950296 1.3837628
2.1362043 2.3928376 1.3846492
2.1445673 2.3991639 1.3885244
2.1283203 2.3975853 1.3747058
2.1384579 2.3916157 1.3877006
2.1472296 2.3922499 1.3882815
2.1402937 2.3918124 1.3801327
2.1423663 2.3896965 1.3816615
2.1326861 2.3954854 1.3695233
2.1444284 2.3942744 1.3784041
4.5848106 1.0370791 5.4435794
4.5810312 1.0437849 5.4453189
4.5781215 1.0485482 5.4500116
4.5751927 1.04925 5.4558167
4.5790111 1.0461614 5.4515953
4.5805034 1.0466408 5.4500791
4.5803226 1.0445268 5.4493919
4.5785853 1.0500346 5.4518972
4.5756039 1.0479179 5.4500665
4.5746928 1.0429323 5.4615102
4.5825916 1.0500692 5.4512727
4.5744328 1.0504447 5.4538765
4.5785267 1.0514306 5.4514698
4.5725394 1.0581383 5.449803
0 0 0
5.2652679 1.2786125 3.0378974
5.2620295 1.2748257 3.0358374
5.2616001 1.2706971 3.0400524
5.2612581 1.2716698 3.0400177
5.2571988 1.2750148 3.0409202
5.2603205 1.2767569 3.0326547
5.2655494 1.2741994 3.0317329
5.263827 1.2726448 3.0322465
5.2631544 1.2738375 3.0372334
5.2628943 1.273936 3.0326732
5.2589209 1.2768322 3.0313941
5.2640431 1.275758 3.031596
5.2578593 1.2812226 3.0388466
5.2638346 1.2735029 3.0431529
5.2550193 1.2722063 3.0371854
0.26285467 0.62421815 0.59474031
0.26677034 0.61477854 0.6014683
0.2670262 0.61534373 0.60019896
0.25274307 0.61551469 0.61117677
0.26425401 0.61949816 0.60440929
0.25986279 0.61515564 0.60600212
0.26044864 0.61569466 0.60604889
0.26342801 0.62171998 0.60561949
0.25608339 0.61637212 0.6157968
0.25517386 0.61341171 0.61341743
0.25628751 0.61425897 0.60139047
0.24536426 0.61106475 0.61289486
0.26240978 0.60713286 0.6067143
0.26127894 0.61287135 0.61018541
0.2520099 0.61012948 0.61260709
0.2567546 0.61862381 0.6123574
0.26069014 0.61714214 0.60440388
0.25859854 0.61445122 0.60456315
0.26790692 0.61851207 0.59726928
0.26268401 0.6088299 0.60461647
0.24709669 0.61649167 0.6101726
0.25934111 0.61651816 0.60904726
4.5777358 1.5143794 5.7283258
4.5823732 1.5254441 5.7197453
4.585968 1.5238376 5.7220062
4.5834571 1.5293733 5.7234693
4.5719244 1.5242381 5.7239046
4.5789745 1.5268786 5.7208887
4.5784638 1.5275813 5.721851
4.5771249 1.5274188 5.7213582
4.5732265 1.5266842 5.7285468
4.5748501 1.5247271 5.7292001
4.5778144 1.526968 5.727785
4.5806668 1.5266464 5.7119476
4.5781976 1.5236577 5.7212503
4.5757987 1.5311085 5.7230555
4.5827981 1.5326416 5.7214295
4.5773887 1.5319683 5.7208931
4.5777545 1.5276297 5.7226991
4.5728283 1.5307043 5.7330334
4.5797601 1.5294142 5.7224396
4.5762399 1.530622 5.7198617
4.5779321 1.5248584 5.7274235
4.5810947 1.52739 5.724612
4.5797118 1.5280439 5.7237287
4.5752071 1.5231271 5.7286186
4.577891 1.5239995 5.7347219
2.6901579 1.0927942 0.68159712
2.6915941 1.0917596 0.681385
2.6879982 1.0899825 0.68402655
2.695773 1.0892546 0.67940203
2.6914382 1.0914322 0.68078514
2.6932246 1.0900933 0.68486535
2.6888246 1.0926974 0.67417227
2.6860734 1.0915019 0.68454578
2.6874631 1.0949328 0.68524336
2.6894122 1.0942702 0.68287277
2.6891086 1.09637 0.68348345
2.6883426 1.0924128 0.68812328
2.6913257 1.0964442 0.67726192
2.6830879 1.0947233 0.68547687
2.6925352 1.0980437 0.68222388
2.6853806 1.0869335 0.6751436
1.9211659 0.27452804 0.72609892
1.9112709 0.27704226 0.73322688
1.9167954 0.26949816 0.72971942
1.91329 0.26973482 0.73288198
1.9123279 0.27070822 0.73332068
1.9052747 0.27189734 0.72990365
1.9063208 0.27039634 0.74020749
1.9112184 0.27073373 0.73636491
1.9128812 0.27082056 0.73401638
1.9172158 0.2758735 0.74461536
0 0 0
1.2421438 2.5590616 5.3890248
1.2645076 2.5556051 5.4023468
1.2610146 2.5587955 5.3911255
1.2738606 2.5558224 5.4070443
1.2648335 2.5560204 5.4034599
1.2739074 2.5582195 5.4089961
1.2567536 2.5734414 5.3908887
1.2581822 2.5719234 5.3880686
2.1369857 2.3940167 1.3771255
2.1425655 2.3908164 1.3809277
2.1472494 2.3926919 1.3757279
2.1425582 2.3914472 1.3839763
2.1325629 2.3837919 1.3677229
2.1328035 2.3915313 1.3753814
2.1343468 2.3901163 1.3798355
2.1387934 2.3913393 1.3804196
2.1414439 2.3931735 1.3855061
2.1347471 2.3865648 1.3808657
2.1425979 2.3903945 1.3845745
2.1389665 2.3868922 1.3802301
2.138837 2.3898314 1.3769142
2.1405153 2.3911623 1.3798168
2.1319548 2.3906192 1.3743824
2.134315 2.3949935 1.3815192
4.5768129 1.044474 5.4482944
4.5825486 1.0434706 5.4407691
4.5777818 1.0489088 5.4490965
4.5887597 1.0486553 5.4491833
4.5801396 1.0401726 5.4475832
4.5746001 1.0418058 5.4518988
4.5729341 1.0449515 5.4519664
4.5795009 1.0484155 5.4506361
4.5787942 1.0506632 5.4477172
4.5828355 1.0463742 5.459956
4.5909735 1.048544 5.4377236
4.5776932 1.0456652 5.4519893
4.5756707 1.0501659 5.451287
4.5950251 1.0444058 5.4369404
0 0 0
0 0 0
5.2609011 1.272015 3.0330065
5.2557326 1.2721521 3.0301429
5.2599168 1.2718388 3.0354515
5.2626294 1.2739452 3.034174
5.2633749 1.2781871 3.0373548
5.2637168 1.2769256 3.0361534
5.2646533 1.2748929 3.0339096
5.2654815 1.2790369 3.0330531
5.2596174 1.2764253 3.0326678
5.2614121 1.2738521 3.0359796
5.2638046 1.2717308 3.0333773
5.2630668 1.2833248 3.0345786
5.2732464 1.2749356 3.0334424
5.2659593 1.2712557 3.0366765
0.26686153 0.61430605 0.59194558
0.26449471 0.61418373 0.60148234
0.25944209 0.61460953 0.60432958
0.25923066 0.61547184 0.60668967
0.26557792 0.61452136 0.60265626
0.26750683 0.61633905 0.6010589
0.25787468 0.6161601 0.61154523
0.24873013 0.61939654 0.6151579
0.25311344 0.62045501 0.60893867
0.26111624 0.61256589 0.60551725
0.27143349 0.61100951 0.59562932
0.25434211 0.61651347 0.62008255
0.25397124 0.61477393 0.60695392
0.25465698 0.61509438 0.60732123
0.26088213 0.61638882 0.6061374
0.26084615 0.61660324 0.60604425
0.26971649 0.61938315 0.59563883
0.26583584 0.61801546 0.59546099
0.26071237 0.61631467 0.60601919
0.25659581 0.62268225 0.61265642
0.25876883 0.62357104 0.60065655
0.23851878 0.62396937 0.62578791
4.582953 1.5267276 5.7256236
4.5811257 1.5273275 5.7264181
4.5777238 1.516473 5.7212961
4.5685631 1.5225393 5.7236297
4.5719821 1.5296474 5.7182456
4.5811104 1.5271265 5.7208837
4.5796843 1.5257022 5.7175331
4.5698981 1.526525 5.7173094
4.5793875 1.524711 5.7227046
4.577788 1.5272219 5.725039
4.5820991 1.5285362 5.7136686
4.5816727 1.5291888 5.7140511
4.5776545 1.5250119 5.7200492
4.5787838 1.5273175 5.7234216
4.5825669 1.5282243 5.7221574
4.5789473 1.5284552 5.7251421
4.5781123 1.5282178 5.7227088
4.5738694 1.5283452 5.7345298
4.5784956 1.5230235 5.7158141
4.5718087 1.5192134 5.7285598
4.5751955 1.5203405 5.7306396
4.5732259 1.5263073 5.7207107
4.5758968 1.529927 5.7238887
4.575101 1.5247952 5.7250225
4.5744164 1.5233845 5.7174166
2.7037849 1.0929831 0.67012395
2.6919296 1.0890197 0.67632114
2.6933123 1.0909561 0.68206619
2.690446 1.0850539 0.68582722
2.6931448 1.0917331 0.68276804
2.6935933 1.0944998 0.68555578
2.6946154 1.0988195 0.67508256
2.694714 1.092588 0.67776821
2.6918546 1.0929154 0.68166595
2.6918305 1.0927962 0.67771729
2.6934276 1.0943993 0.67900934
2.6849297 1.0987424 0.68973993
2.6918938 1.097892 0.67645106
2.692983 1.0878939 0.68535021
2.6955203 1.0888923 0.67829299
2.6902759 1.0914158 0.68286863
1.9104188 0.2709937 0.73729256
1.882112 0.26593075 0.76551546
1.8837387 0.2704239 0.76147762
1.9251431 0.26802755 0.7130418
1.9201636 0.27478698 0.71907913
1.9241038 0.27455317 0.71331626
1.9150891 0.27566694 0.73278228
1.9159893 0.27176516 0.72999231
1.9243447 0.27026327 0.72150415
1.8983177 0.27872185 0.74472779
1.9217465 0.28316496 0.72986025
1.2640542 2.5607866 5.3925439
1.2585555 2.563241 5.3977023
1.2620844 2.5618856 5.3916462
1.2586308 2.5590713 5.3952957
1.2564648 2.5601165 5.3937835
1.2641029 2.5587755 5.3979191
1.2650818 2.5592603 5.3981529
2.1567906 2.3906761 1.3873718
2.1346187 2.3927056 1.3685577
2.1407803 2.3910748 1.3797522
2.1459733 2.3963128 1.3804569
2.1426967 2.3866294 1.3748117
2.1456073 2.3855727 1.3778775
2.1435281 2.3895056 1.3803152
2.1347812 2.3910765 1.3789335
2.1338071 2.3909382 1.3775625
2.1443154 2.3940658 1.3893401
2.1469988 2.3884706 1.3848384
2.141112 2.390736 1.3797982
2.1386415 2.3924284 1.3760637
2.1398337 2.3911505 1.3785234
2.1388296 2.3922463 1.3793819
2.1400101 2.3918241 1.3795975
4.577552 1.0434121 5.451323
4.578311 1.0434473 5.4426426
4.5838932 1.0507158 5.4408277
4.5794462 1.0572884 5.4560453
4.587379 1.0526515 5.452748
4.5792706 1.0439564 5.4440823
4.5786895 1.046929 5.4485903
4.5784969 1.0478565 5.4492272
4.5763024 1.046892 5.4534947
4.5785512 1.0487172 5.4494601
4.5676299 1.0411692 5.4640202
4.578916 1.0413879 5.4367558
4.5725929 1.0433197 5.4438652
4.5790463 1.048676 5.4479787
4.5797616 1.0490247 5.4486312
4.5822314 1.0585878 5.4482766
4.59149 1.0402524 5.4389112
5.2559552 1.2879548 3.0342882
5.2545183 1.269596 3.0298166
5.2591688 1.2709052 3.0357176
5.2619012 1.2738963 3.0340881
5.2659613 1.2774915 3.0345628
5.2584351 1.2812326 3.0329388
5.2656298 1.2723535 3.0339423
5.2628221 1.2770785 3.03667
5.2627742 1.2752294 3.0332711
5.2624759 1.2762045 3.0308039
5.2620565 1.2739809 3.0322547
5.2613375 1.2749967 3.033181
5.2699753 1.2714015 3.0367138
5.2678563 1.2688467 3.0381537
0.26099456 0.61647505 0.60043573
0.26391078 0.6150334 0.60268972
0.26158254 0.61352674 0.60346959
0.25800185 0.61705167 0.61374497
0.26078018 0.61568783 0.60577382
0.25331633 0.61602583 0.60865207
0.25603897 0.61522261 0.60624313
0.2614634 0.62256519 0.60556838
0.25799305 0.61687705 0.60866105
0.25322689 0.6179288 0.61352767
0.25909347 0.61082761 0.61726046
0.2555946 0.61217248 0.61847756
0.24679285 0.60698338 0.61865994
0.25712154 0.62069908 0.60623883
0.27153171 0.60269736 0.59741281
0.26133418 0.61996425 0.60380737
0.26118588 0.61703628 0.60514652
0.27531134 0.60968893 0.59560377
0.25277204 0.61232557 0.62313925
0.25743926 0.61021493 0.61010649
0.25317206 0.61694659 0.60854538
0.25872708 0.61570355 0.6092804
4.5743213 1.5308272 5.7291123
4.5717886 1.5254138 5.7251187
4.5723984 1.5313478 5.7215076
4.5818983 1.5315373 5.7230011
4.5750959 1.5281678 5.7259467
4.5772165 1.5278783 5.7223381
4.5805134 1.5285729 5.7201117
4.570468 1.52584 5.7165903
4.5788111 1.5269139 5.7207045
4.5766464 1.5302968 5.7196327
4.5739269 1.5285898 5.7159755
4.5762083 1.5252492 5.7187756
4.5787065 1.523069 5.7207028
4.5770249 1.5253341 5.7234492
4.5818708 1.5278932 5.7171476
4.5780322 1.5281383 5.7209799
4.5785446 1.5302063 5.7204505
4.5843834 1.5231592 5.7245319
4.5843113 1.5233715 5.7166781
4.5772382 1.5236131 5.7191035
4.576353 1.5272037 5.7213916
4.575479 1.5278163 5.7210108
4.5773421 1.5291437 5.722689
4.5756137 1.5280866 5.7221826
4.5762137 1.527032 5.7199232
0 0 0
2.6918424 1.0942971 0.67914151
2.6883608 1.0851044 0.68069816
2.6891667 1.0846975 0.68021098
2.6972327 1.0902124 0.68036876
2.6949748 1.0919171 0.68182339
2.6926893 1.0932302 0.68193049
2.6917725 1.092391 0.68155775
2.6911322 1.0910635 0.6812167
2.6970636 1.0934878 0.67869043
2.6964637 1.0883489 0.6783158
2.6841038 1.0946986 0.68896545
2.695292 1.0892814 0.67975048
2.6942541 1.0889158 0.68268392
2.6922744 1.088797 0.68461422
2.6928362 1.0898231 0.68368341
1.9346679 0.25925599 0.71488567
1.8777878 0.26575413 0.76812416
1.8885782 0.26850165 0.75921871
1.9241051 0.26707634 0.71707982
1.9059538 0.2747883 0.72976213
1.9004995 0.27760207 0.74088223
1.8916034 0.27189259 0.7489978
1.9053098 0.27100124 0.73861287
1.9087882 0.26767038 0.73642254
1.9071216 0.275821 0.73869958
1.8950641 0.27508254 0.74943761
1.2786906 2.5534595 5.4140098
1.2665945 2.5510002 5.3991595
1.2494147 2.5597302 5.3869208
1.2498139 2.561861 5.3873504
1.2632495 2.5592841 5.3970263
1.2626675 2.5577622 5.3958695
1.2594903 2.5686653 5.3855508
0 0 0
2.1363573 2.3926292 1.3699018
2.1386707 2.389224 1.3807358
2.1410627 2.3948215 1.386748
2.1488536 2.396596 1.3803321
2.1383411 2.3990175 1.3803444
2.1371765 2.3938822 1.3801358
2.1345446 2.3932154 1.3798756
2.1392784 2.3906019 1.3802556
2.144199 2.386611 1.3887288
2.146829 2.3888137 1.3841171
2.1457654 2.3882285 1.3795073
2.140955 2.3938881 1.3792039
2.1405271 2.3911865 1.3772388
2.1424671 2.388374 1.3821056
2.1234887 2.396037 1.3581764
4.5771183 1.0511476 5.4537629
4.5787581 1.0444502 5.4411411
4.5777072 1.0416503 5.4490187
4.5687169 1.0545058 5.4527155
4.5771657 1.0417299 5.4543807
4.5835809 1.0433728 5.4455588
4.5818241 1.0448685 5.4485795
4.5787883 1.0477315 5.4489441
4.5775312 1.0508402 5.452865
4.577782 1.0474178 5.4487248
4.5674587 1.0412991 5.4633354
4.5749515 1.0451095 5.4491004
4.5741218 1.045844 5.4503148
4.5855101 1.0479889 5.4424463
4.585023 1.0460982 5.4436929
4.5820316 1.0488977 5.4456781
4.5827519 1.0528067 5.4450151
4.588669 1.0520181 5.446007
5.2620195 1.2689945 3.0332392
5.2652946 1.2738504 3.0360434
5.260236 1.2679816 3.0372816
5.260639 1.272228 3.036286
5.2523172 1.2782578 3.0387816
5.2603319 1.2714987 3.0326482
5.2612038 1.2810832 3.0326086
5.2622352 1.2735692 3.0327096
5.2680068 1.2719442 3.0248249
5.2713825 1.2703527 3.0281923
5.2632838 1.2712107 3.0325285
5.2602921 1.2797816 3.0353828
5.2609314 1.2741751 3.0297731
0.26014096 0.61602572 0.60614004
0.25534353 0.61933965 0.60163226
0.27001552 0.62266639 0.59235007
0.26120837 0.61447153 0.61131276
0.26125333 0.61578019 0.604652
0.25834018 0.61715392 0.61556207
0.26014359 0.61434991 0.6052204
0.27767653 0.61990079 0.58243041
0.28102253 0.62409009 0.58305702
0.26172266 0.61487101 0.60589495
3.3404138 2.0661272 3.9829705
3.3361641 2.0783751 3.9786309
3.345944 2.0815781 3.9764545
3.3368723 2.0772002 3.9788402
3.3368723 2.0745595 3.9804508
3.3357166 2.0826806 3.9840507
3.3349715 2.0793931 3.9749892
3.3270582 2.0708355 3.976156
3.3296339 2.073612 3.9779349
3.3351941 2.0803849 3.9752539
3.330158 2.0881249 3.9861031
3.328884 2.0912925 3.9685703
4.5739364 1.5293321 5.7383931
4.5739537 1.5270138 5.7256034
4.5782979 1.5271138 5.721848
4.5829537 1.5308502 5.7231778
4.5745321 1.5310421 5.7216141
4.5784257 1.5216258 5.7194321
4.5735172 1.5278548 5.7195383
4.57517 1.5221717 5.7250605
4.5751822 1.5253141 5.7262113
4.5769716 1.5232847 5.7250127
4.5842591 1.5207779 5.720922
4.5790404 1.5278609 5.7244532
4.5786345 1.5276194 5.7187434
4.5809168 1.5244514 5.720921
4.5795665 1.5244774 5.7178977
4.5805883 1.5276069 5.7192254
4.5769876 1.5288319 5.720836
4.5795689 1.5318401 5.7206981
4.5744225 1.524208 5.7280682
4.5738796 1.5233327 5.7278135
4.5773798 1.5312254 5.7138825
4.5789357 1.5307291 5.7139797
4.5736864 1.5253991 5.7182797
4.5772452 1.5244505 5.7170638
4.5776551 1.5248643 5.7203909
2.6903293 1.0949074 0.6710892
2.6910934 1.0923131 0.680664
2.6935132 1.090805 0.67934908
2.6894628 1.091182 0.67851986
2.6898246 1.088249 0.68058522
2.6953837 1.0913183 0.68133184
2.6891206 1.0951704 0.68914279
2.6906377 1.092102 0.68234975
2.6919306 1.0921861 0.68293477
2.6959792 1.0892268 0.67680635
2.6958026 1.0895855 0.67844086
2.6966316 1.095321 0.68186719
2.6923437 1.0921349 0.68139468
2.7020573 1.0916446 0.67609285
2.7023156 1.0929455 0.67789702
2.7054824 1.0919404 0.67941812
1.9136587 0.27089781 0.73399069
1.9291026 0.26322937 0.71546214
1.9307234 0.26714313 0.72065251
1.9214072 0.26668576 0.7338506
1.9132383 0.27940088 0.73702113
1.9112767 0.27537683 0.73886558
1.9068114 0.2712417 0.73965574
1.9040916 0.27163843 0.73959524
1.905243 0.27011024 0.74177062
1.8902377 0.2780934 0.75455773
1.9131668 0.26932853 0.7316001
1.9056759 0.26649231 0.73721823
1.2670035 2.5632675 5.4023419
1.2627491 2.5611409 5.3974353
1.2660916 2.5568746 5.4017902
1.2643889 2.5575443 5.3966897
1.2644597 2.5584526 5.3970077
1.2736166 2.5635019 5.4035692
2.1450726 2.3767919 1.3787842
2.1331679 2.3887757 1.3755372
2.137654 2.3934685 1.3794664
2.1421435 2.3938677 1.3877858
2.141755 2.3899713 1.3817517
2.1391016 2.3886031 1.3824164
2.136627 2.3938244 1.3812746
2.1352196 2.3872923 1.3771108
2.1351364 2.3874972 1.3787375
2.1438779 2.3887327 1.3787876
2.1485447 2.3930588 1.3851729
2.1282826 2.3826667 1.372297
2.1308388 2.3888764 1.3788107
2.1395896 2.3924135 1.3780853
2.1526295 2.4013646 1.389501
4.5775217 1.0589693 5.4536745
4.5769524 1.0405357 5.4473131
4.579478 1.0442859 5.4398346
4.5763962 1.0457471 5.4498891
4.5700931 1.0427011 5.4528676
4.5772628 1.0540692 5.4544248
4.5798981 1.0512342 5.4504626
4.5816102 1.0460343 5.4469452
4.5770514 1.0458014 5.4534027
4.5726745 1.0517052 5.4505622
4.5747958 1.0497596 5.4476719
4.580435 1.0469655 5.4496753
4.5782883 1.0491838 5.4470783
4.5798794 1.0511715 5.4578241
4.5774934 1.0527167 5.4574476
4.5883488 1.0456085 5.4480134
4.5836968 1.0450351 5.4416327
4.5803626 1.0460664 5.4506165
4.5882277 1.0505076 5.4491452
4.5784974 1.0510765 5.446204
5.2636251 1.2750171 3.0349367
5.2695869 1.2680239 3.0262756
5.2581262 1.2710548 3.0380013
5.2580562 1.2798751 3.0384936
5.2576928 1.2679884 3.0331224
5.2589386 1.2727101 3.0256033
5.2610222 1.2710273 3.0312234
5.2633706 1.2745475 3.0320169
5.2694981 1.2679404 3.0282108
5.2578881 1.2738661 3.0312864
5.2587899 1.2755358 3.0316201
0 0 0
0.26019426 0.61083234 0.6067809
0.27309398 0.61114656 0.58713686
0.27150609 0.6251625 0.58996577
0.26414725 0.62730566 0.60457811
0.26399311 0.61805791 0.59799367
0.27443311 0.61638453 0.60526327
0 0 0
3.3373386 2.0783387 3.9736344
3.3384764 2.0765087 3.9812448
3.3429846 2.0799445 3.9908714
3.3331915 2.0819953 3.973939
3.3359908 2.083125 3.978075
3.3420774 2.079744 3.9724077
3.3354642 2.0779555 3.9783374
3.3318442 2.0716838 3.9799501
3.3318913 2.0708702 3.9797902
3.3411928 2.0868728 3.9887008
3.3411248 2.0894253 3.9838493
3.3376214 2.0817165 3.9813246
3.3347253 2.0836607 3.9725317
3.3404311 2.0862451 3.9764837
3.3396485 2.078875 3.9788037
3.337765 2.0828233 3.982296
4.5739337 1.5273974 5.7254326
4.5778959 1.5265511 5.7223676
4.575656 1.5282044 5.7282547
4.5800062 1.5210471 5.7252673
4.579952 1.5217358 5.7216877
4.5821937 1.5275212 5.7162047
4.5788144 1.5289598 5.7224914
4.5773787 1.5298171 5.7237952
4.5735602 1.5260552 5.7219106
4.5873414 1.5306637 5.7216781
4.5801888 1.5301238 5.7193238
4.5806235 1.5300508 5.7250938
4.5778855 1.5252277 5.7229336
4.5835668 1.5265996 5.7222596
4.576978 1.5302148 5.7213385
4.5777154 1.5291301 5.72013
4.5796508 1.5313977 5.722646
4.5761463 1.5278597 5.7246345
4.5773334 1.5313609 5.7189017
4.5779695 1.5279309 5.7201475
4.5771642 1.5279705 5.7225438
4.5796764 1.5295612 5.7196635
4.5701887 1.5318806 5.7182888
4.5698331 1.530062 5.7194361
2.6895634 1.0949452 0.67414634
2.6986728 1.0937242 0.6793202
2.6878754 1.0950657 0.68337037
2.6894137 1.0903807 0.6841367
2.690781 1.0924012 0.68182714
2.6907495 1.0902535 0.6865174
2.6911242 1.095551 0.68864593
2.6889982 1.0933687 0.68812417
2.6926706 1.0910716 0.68041873
2.6926869 1.0923519 0.67998293
2.6948182 1.0898844 0.67919924
2.6918407 1.0961784 0.68127221
2.6909386 1.0865547 0.68755615
2.6852416 1.0889707 0.68753199
2.6851982 1.0892308 0.68939397
2.6906728 1.094228 0.67998067
2.7016789 1.0962335 0.67910015
1.9033522 0.27531493 0.73876182
1.9108715 0.27118719 0.73730574
1.9035423 0.2648621 0.74512982
1.9362774 0.27071117 0.71724338
1.9267215 0.27155483 0.72437707
1.9023347 0.27243236 0.74466874
1.9240692 0.27330354 0.72528801
1.9085346 0.2709563 0.73906948
1.8745218 0.27100103 0.7766312
1.8818011 0.27113297 0.76750463
1.9022478 0.26761654 0.74425615
0 0 0
1.2625252 2.5621107 5.3955021
1.2653842 2.5585238 5.400644
1.2653709 2.558885 5.4005783
1.2643102 2.5582249 5.3993632
2.1583333 2.3922677 1.3977269
2.1537197 2.389516 1.3853215
2.1521098 2.3897536 1.3818743
2.1385638 2.3950467 1.3766195
2.1413405 2.3913305 1.3802409
2.1471493 2.3911754 1.3842822
2.1403464 2.390797 1.3798933
2.1368874 2.392861 1.3781939
2.1382328 2.3925887 1.379337
2.1404784 2.3904735 1.3803207
2.1454354 2.3941795 1.3857301
2.1509602 2.3948258 1.3846929
2.1383493 2.3795252 1.3754012
2.1295894 2.3904224 1.3781798
2.1346874 2.3926147 1.3781456
2.1304798 2.3935206 1.3719299
4.5765375 1.0440041 5.4556389
4.5786192 1.0472274 5.4479639
4.5813698 1.0527014 5.4470218
4.5807569 1.0465495 5.4543006
4.5729317 1.0492227 5.4457963
4.5821467 1.0513459 5.4482416
4.5820336 1.0491897 5.4436065
4.5789147 1.0469287 5.4481504
4.5787189 1.0465266 5.4477268
4.580661 1.0451523 5.4524502
4.5755531 1.0488799 5.4462592
4.5797312 1.0478325 5.4496749
4.5855535 1.0500048 5.4441321
4.5858713 1.0459415 5.4472149
4.5811358 1.0452263 5.4453899
4.5778254 1.048831 5.4494108
4.5726041 1.0480357 5.4523321
4.5763361 1.0530618 5.4549333
4.5794088 1.0488139 5.4498398
4.5790499 1.0452578 5.4479662
4.5693801 1.045338 5.4654525
5.2603749 1.2685797 3.0229777
5.2581174 1.2803828 3.0307214
5.259111 1.2768639 3.0350657
5.2613471 1.2742338 3.0322443
5.2609502 1.2737123 3.0293971
5.2618801 1.2702236 3.029419
5.2593133 1.2772082 3.0263962
5.2610061 1.2804517 3.0307136
5.2621965 1.2747227 3.0340339
5.2634844 1.2753293 3.0316388
0 0 0
0.24781558 0.61794735 0.62700791
0.26837965 0.61475576 0.59606699
0.26164211 0.6160965 0.60552844
0.2646791 0.62239337 0.60645703
0.26033808 0.62048805 0.60708123
0 0 0
0 0 0
3.3383966 2.0766945 3.9800749
3.3374488 2.0770151 3.9794299
3.3346667 2.0686436 3.9843671
3.3339599 2.0689839 3.977209
3.3340323 2.0829162 3.9789845
3.3380375 2.0743268 3.9812783
3.3305042 2.0783882 3.9754241
3.3328812 2.0778891 3.9741126
3.3313805 2.0725405 3.9830659
3.3416545 2.0907332 3.9761929
3.3384498 2.0851726 3.973466
3.3316484 2.0850213 3.9773728
3.337104 2.0812199 3.9704293
3.3355198 2.0784591 3.9733815
3.3374084 2.0816364 3.9741464
3.342152 2.0829778 3.9837181
3.3435298 2.0801365 3.9969152
4.5897784 1.5238622 5.7244058
4.5749503 1.5312448 5.7231008
4.5852117 1.5320731 5.720882
4.5773838 1.5283228 5.7228702
4.580042 1.5287185 5.7168126
4.5814371 1.5309138 5.7241862
4.5783213 1.5246659 5.7191433
4.5769448 1.5249664 5.7208197
4.5874163 1.5284147 5.7186977
4.5747997 1.5332056 5.7232338
4.5729148 1.5285994 5.7251188
4.5744865 1.5283316 5.7235375
4.5820647 1.5303528 5.7190435
4.5775604 1.5278606 5.7225919
4.5829972 1.5313759 5.7157629
4.5733018 1.526352 5.7172839
4.5751587 1.5269159 5.7257382
4.5792051 1.529679 5.7183295
4.5780666 1.5292724 5.7171744
4.5828796 1.5307567 5.7235641
4.5801642 1.5310898 5.7261218
4.5776788 1.5366585 5.7202487
4.5724833 1.5363055 5.7121775
2.7035609 1.0968645 0.66753643
2.6978842 1.095533 0.67930915
2.6979243 1.0972927 0.68025934
2.6914251 1.0896223 0.68093176
2.6875515 1.0915305 0.68583157
2.6860804 1.0921512 0.68319284
2.6944619 1.0984046 0.68206013
2.6929966 1.0947266 0.67986924
2.6938548 1.0921872 0.68087173
2.6953302 1.0919699 0.67951884
2.6920276 1.094149 0.68099459
2.6920979 1.0936177 0.67751402
2.6936066 1.0863915 0.68393315
2.6855566 1.0900104 0.6879994
2.6847269 1.0984501 0.68661174
2.6851151 1.0940015 0.67845609
2.6918205 1.0915479 0.6741942
1.9008483 0.27599156 0.74902751
1.908219 0.27042043 0.74301824
1.9094536 0.2702517 0.73856514
1.9065999 0.27014242 0.74098065
1.9320706 0.27054713 0.71881163
1.9171735 0.27105264 0.72919656
1.9211514 0.27329477 0.72169005
1.8857927 0.26779036 0.7589171
1.9192994 0.26114054 0.72946163
1.9133169 0.26594735 0.7406793
1.909922 0.26865863 0.7411738
1.2623786 2.5595843 5.3986965
1.2655718 2.5667664 5.4004634
1.2653025 2.5576463 5.4023121
1.262252 2.5601176 5.3987325
1.2529206 2.5504392 5.3993116
2.1495491 2.3923895 1.3806125
2.1439642 2.3939904 1.3822306
2.1431641 2.3911941 1.3792263
2.1422493 2.3907942 1.3784394
2.1424529 2.3902354 1.3771603
2.1465827 2.3912915 1.383662
2.1386482 2.386939 1.374891
2.1424804 2.3837765 1.3845269
2.1436259 2.3918161 1.3829131
2.142796 2.3905633 1.3828167
2.144292 2.3917261 1.3855148
2.142107 2.3927053 1.3749255
2.1417941 2.3941644 1.3750419
2.1386774 2.3895808 1.379703
2.1411244 2.3941541 1.3882871
2.1408047 2.3895824 1.3839839
4.5794946 1.0469731 5.4515353
4.5810091 1.0479798 5.4511011
4.5782903 1.0467144 5.4496956
4.5805254 1.0440659 5.4540083
4.5806367 1.0503278 5.4478967
4.5815624 1.0479522 5.4465608
4.5827552 1.0479785 5.4446813
4.574811 1.0453267 5.4505167
4.5779761 1.0465295 5.4545231
4.5857056 1.0465242 5.4462252
4.58234 1.0491594 5.4453568
4.5730598 1.0434618 5.4494218
4.5784096 1.0381172 5.447304
4.5699406 1.0405232 5.4462203
4.5782146 1.0468081 5.453233
4.5792802 1.0472775 5.4515706
4.580494 1.053258 5.4525172
4.5845261 1.0524976 5.4459324
4.5783744 1.0539775 5.446359
4.5810639 1.0480154 5.4466167
4.5838607 1.0434158 5.4534394
4.5760236 1.0473274 5.4489232
5.2593048 1.2762088 3.035562
5.2587878 1.275439 3.0365163
5.2582186 1.2731134 3.0357147
5.2610192 1.2772703 3.0290154
5.258976 1.2735149 3.0302557
5.2580326 1.2745306 3.0341324
5.2633899 1.2786108 3.0349661
5.2608165 1.2723098 3.0370608
5.266213 1.2765872 3.0324297
5.2626817 1.2743455 3.0332551
0.25735374 0.60936975 0.62286138
0.25543187 0.61884807 0.61424008
0.26252826 0.6103903 0.60536338
0 0 0
3.3358816 2.0773172 3.979087
3.3377551 2.0768245 3.979429
3.3378139 2.0850653 3.9841175
3.3432251 2.0752917 3.9832574
3.3333034 2.0703023 3.9742027
3.3348682 2.0781728 3.9779305
3.3389204 2.0700604 3.9820545
3.336777 2.0784251 3.9795081
3.336167 2.0782429 3.9786003
3.3306276 2.0784687 3.9726635
3.3345261 2.0789488 3.9771576
3.3317977 2.081887 3.9801316
3.3469704 2.0773541 3.9754777
3.3436129 2.0738956 3.98355
3.3351519 2.0798765 3.9795497
3.3401396 2.0765956 3.9785377
3.3352883 2.079764 3.9788054
3.3367946 2.0770224 3.9798653
3.3349854 2.0730373 3.9779903
3.3307222 2.0751915 3.983104
3.3332552 2.0766035 3.9834556
4.5749726 1.5235064 5.7306853
4.5814247 1.5359811 5.7267633
4.5754601 1.5324522 5.7236599
4.5793679 1.5301158 5.7285075
4.5782459 1.5290088 5.7282618
4.5814447 1.5279458 5.7199688
4.5854512 1.5290206 5.721914
4.5862174 1.5275781 5.7206175
4.5803414 1.5247456 5.7188723
4.5745299 1.5286138 5.7240102
4.5751173 1.5287859 5.7243541
4.5749927 1.5293956 5.7198895
4.5809331 1.5230031 5.7185914
4.5843175 1.5247138 5.7152683
4.5760709 1.5244464 5.7209925
4.5803743 1.5290588 5.7256086
4.580427 1.5290874 5.7266339
4.5736741 1.528944 5.7250146
4.5757736 1.5273899 5.7216329
4.5798941 1.5279968 5.72013
4.5695511 1.5292894 5.7216507
4.5712653 1.5270029 5.7236655
2.6967766 1.0822436 0.68599688
2.6944385 1.0951047 0.68180674
2.6913228 1.0905857 0.68693871
2.689252 1.0958016 0.68905467
2.6911923 1.0903691 0.68049117
2.6913262 1.0944539 0.68097177
2.6900622 1.0933297 0.68098518
2.6903243 1.0940086 0.68246627
2.6888539 1.0876518 0.68158465
2.6907937 1.0907126 0.67953565
2.6888289 1.0910609 0.68059652
2.6906645 1.0921391 0.68061394
2.6938311 1.0882474 0.67103397
2.6840595 1.0902961 0.69002902
2.7001395 1.0857431 0.67595283
2.698902 1.0925503 0.674745
1.8951131 0.27139551 0.74474086
1.8975725 0.26767384 0.74611588
1.9211475 0.26955119 0.7282214
1.9086114 0.2654032 0.74682345
1.9056041 0.2704451 0.74458753
1.9013251 0.27142985 0.74612084
1.906787 0.2712445 0.74029508
1.9096523 0.27137936 0.73786278
1.9144221 0.27157496 0.7362121
1.9237721 0.2712328 0.73020333
1.9097654 0.27053227 0.73729295
1.8952036 0.26619427 0.74923264
1.8975593 0.2772315 0.7425185
0 0 0
1.2629957 2.5593749 5.3975565
1.2653952 2.5575628 5.4005654
1.2681495 2.5505798 5.4020339
2.132038 2.3913057 1.3761204
2.14125 2.3908596 1.3799726
2.1353572 2.3918818 1.3761818
2.140887 2.3817596 1.3830387
2.1257556 2.3974342 1.3721545
2.1340115 2.4015143 1.3745497
2.1356505 2.3970972 1.3815671
2.152368 2.3856727 1.3877459
2.150741 2.3870314 1.3831649
2.1417472 2.3903989 1.38001
2.1413681 2.3881612 1.3779497
2.1487877 2.3941255 1.3827555
2.141709 2.3938463 1.3851958
2.1498744 2.39244 1.3896999
2.1475179 2.3964554 1.3868795
0 0 0
4.5792248 1.0471366 5.4504996
4.5808948 1.0449149 5.4502916
4.5744645 1.052131 5.4517635
4.5726956 1.0482168 5.4588885
4.5791686 1.0534731 5.4399932
4.5869512 1.050295 5.4505706
4.5809408 1.0462358 5.4560955
4.575743 1.0449168 5.4555821
4.5758982 1.0597861 5.4539525
4.5765825 1.061028 5.4461636
4.5749424 1.0549701 5.440106
4.5719137 1.0378518 5.4524502
4.5646265 1.0506882 5.4627943
4.5625657 1.0509852 5.4607321
4.574686 1.043652 5.4461228
4.5702488 1.0464736 5.4513886
4.5727721 1.0547461 5.4606851
4.5728819 1.046766 5.4501366
4.578137 1.051896 5.4466593
4.5863158 1.0508985 5.4387316
4.5806975 1.0552618 5.4408895
4.575646 1.0513432 5.4488432
5.2599033 1.2760495 3.0356758
5.258969 1.2747523 3.0326735
5.2618491 1.2719623 3.0306365
5.2648733 1.2712289 3.0260332
5.2624414 1.2758512 3.0259865
5.2608124 1.2731367 3.0292577
5.2629311 1.2766214 3.0334298
5.2643313 1.2765778 3.0418181
5.2703707 1.2702662 3.0408883
5.2626018 1.2743769 3.033507
3.336134 2.0789478 3.9782652
3.3316577 2.0764682 3.9769642
3.3301325 2.0772493 3.983815
3.3324549 2.0781289 3.9799003
3.3339705 2.0785789 3.9818112
3.3389152 2.0761617 3.9789155
3.3320996 2.0783545 3.9768988
3.3408971 2.0755909 3.9764408
3.3254949 2.0772274 3.9686037
3.3298798 2.0783447 3.9748616
3.3308752 2.0808622 3.9796231
3.3420696 2.0793292 3.9852512
3.3361064 2.08085 3.9748624
3.3343622 2.0754574 3.9759722
3.3337296 2.0765234 3.9758187
3.3348419 2.0769613 3.9782853
3.3277474 2.0818729 3.9668709
3.3268834 2.0803874 3.9673393
3.3373733 2.0776243 3.9814634
3.3376384 2.0775495 3.9781571
3.3361555 2.0770971 3.9811833
3.3380009 2.0768038 3.9787923
3.3396701 2.0764162 3.9806518
3.3450386 2.0829735 3.9856762
3.3443598 2.0813832 3.9815487
3.3221878 2.0812777 3.9812752
4.5780112 1.5312386 5.7213465
4.5777505 1.5248848 5.7199758
4.5789884 1.5291668 5.7179147
4.5839408 1.528267 5.7218919
4.5786405 1.5264031 5.7233399
4.5778107 1.5291016 5.7204968
4.57815 1.5289838 5.7231434
4.5799021 1.5267107 5.7210528
4.5767427 1.5305634 5.7195411
4.5810453 1.527946 5.7179672
4.577732 1.5351562 5.7167972
4.5748637 1.5334302 5.7203412
4.5766757 1.5287244 5.7207315
4.5770698 1.5282954 5.7211014
4.5778761 1.5273185 5.7216744
4.5767202 1.5255455 5.7201265
4.5728046 1.5265341 5.7244256
4.5775013 1.5275241 5.7222517
4.5779943 1.5279871 5.7214269
4.579063 1.5309087 5.7174169
4.5876124 1.5178697 5.7240661
2.6905342 1.0824153 0.69053618
2.6849281 1.0967946 0.68256892
2.6901176 1.0917014 0.68171112
2.6855429 1.0933172 0.69176901
2.6896532 1.0781421 0.68219178
2.6910566 1.0918086 0.68263355
2.6911138 1.0933277 0.68406856
2.684332 1.0902542 0.67670649
2.6882328 1.090211 0.67702913
2.6944499 1.0934599 0.67214296
2.6902355 1.0872575 0.69118174
4.5187823 1.5051411 2.0216721
4.5155765 1.5123183 2.0164251
4.5211885 1.4965515 2.0258696
4.519336 1.4976186 2.0261543
4.5241786 1.494415 2.0195767
1.8971783 0.26170222 0.74398223
1.9197126 0.27509589 0.72624972
1.9054807 0.27089648 0.74936763
1.898791 0.27005265 0.7581969
1.9200071 0.27235101 0.72955701
1.9103968 0.27119597 0.73875441
1.9112765 0.27200274 0.73967454
1.9148442 0.27316773 0.73628688
1.9140992 0.27209519 0.736565
1.9166673 0.27189128 0.73415233
1.9071525 0.27248585 0.74027757
1.8925631 0.2741466 0.75559964
1.9089521 0.27146373 0.73863323
1.2641838 2.56838 5.3927245
1.2736178 2.5706384 5.4075831
1.2755211 2.5541023 5.4107682
5.4164339 1.4649137 5.3495049
5.4080132 1.461551 5.3532159
2.1411379 2.3905361 1.3795081
2.1419707 2.3926953 1.37993
2.1548191 2.3873229 1.3826692
2.1377477 2.3780197 1.372395
2.147979 2.3821765 1.38534
2.1328734 2.3881199 1.3759522
2.1409781 2.3906579 1.379985
2.1410199 2.3907841 1.37977
2.1415767 2.3925633 1.3810347
2.1444621 2.3884184 1.3841923
2.1417024 2.3901784 1.3816864
2.1409525 2.3918274 1.3824439
2.141751 2.3917558 1.3802388
2.1340442 2.4001186 1.3745939
4.5791067 1.0345205 5.4446007
4.5722431 1.046838 5.4543175
4.5768215 1.0480942 5.4465175
4.5790142 1.0493218 5.4476553
4.5804815 1.0499522 5.458187
4.5728304 1.0443879 5.4453955
4.583312 1.0451474 5.4492591
4.5827383 1.0452151 5.4500046
4.5797332 1.0469044 5.4486363
4.5827105 1.0459973 5.4452909
4.5762866 1.0486013 5.4557082
4.583642 1.0395944 5.4468052
4.5792333 1.0381382 5.452416
4.5669958 1.0534851 5.458217
4.5770249 1.0523065 5.4452351
4.5796051 1.0468333 5.4477248
4.5815927 1.0454406 5.4445036
4.5745763 1.0593868 5.4536971
4.572746 1.0436338 5.4523483
4.5778518 1.0472161 5.4485069
4.5854945 1.0537265 5.4350123
4.5754111 1.0516724 5.4509846
4.5693798 1.0555743 5.4573202
4.5859343 1.0460906 5.4386506
5.2590995 1.2773328 3.0324454
5.2654495 1.2684602 3.0283616
5.2653672 1.2750071 3.027442
5.2633247 1.2740519 3.0316624
5.2675854 1.2701096 3.0311831
5.267265 1.2773166 3.0307748
5.2551749 1.2651527 3.043809
0 0 0
3.3251239 2.0808346 3.9631506
3.3339638 2.0838601 3.97591
3.3341526 2.0797926 3.9769939
3.3314072 2.0826413 3.9768002
3.3360988 2.0757357 3.9791723
3.3357377 2.0765817 3.9788563
3.3389402 2.0759928 3.9782851
3.3367404 2.0790593 3.9790476
3.3359638 2.0790224 3.9760829
3.3294714 2.0807352 3.9744276
3.3292488 2.0779847 3.9742141
3.3280202 2.0766538 3.9709742
3.3378152 2.0711264 3.9775875
3.3372557 2.0798137 3.9753257
3.3350566 2.0780046 3.9771651
3.3318138 2.0773053 3.9745262
3.3345857 2.0814034 3.97897
3.3363035 2.0866713 3.978126
3.3398968 2.0794055 3.9738658
3.3368981 2.0785767 3.980062
3.3380048 2.0758757 3.9803519
3.3374984 2.0773671 3.979378
3.3391361 2.0792417 3.9817354
3.327824 2.0801716 3.9745767
3.3283352 2.0820708 3.9727966
3.3358536 2.0780543 3.9805423
3.3374051 2.0754411 3.9864105
3.3303136 2.0759024 3.9699076
4.5832366 1.5277214 5.7275352
4.5786692 1.5284687 5.7226149
4.5764718 1.5339305 5.7292544
4.5822628 1.5274655 5.7252155
4.5803351 1.5258791 5.7217067
4.5802681 1.5314057 5.7286684
4.5778691 1.5292688 5.7210942
4.578509 1.5282685 5.7222524
4.5786977 1.5273051 5.7241945
4.5748168 1.5343831 5.7194195
4.5793929 1.5280632 5.7198755
4.5754854 1.528461 5.7212418
4.5770569 1.5278804 5.7205195
4.5781938 1.527492 5.7196431
4.572738 1.5270224 5.7249839
4.5733582 1.5248177 5.7237523
4.5779736 1.5307162 5.7300394
4.5726273 1.5259136 5.7276593
4.5770537 1.5264693 5.7264973
4.5771402 1.5280371 5.7231227
4.5296897 1.4947489 2.0129946
4.5186495 1.5081626 2.0062544
4.5152022 1.4953643 2.0256041
4.5304121 1.4939604 2.0167333
4.5278881 1.5038101 2.0066546
4.516404 1.5038071 2.0153178
4.5214684 1.5095508 2.0259105
4.5174102 1.4964897 2.0213452
4.5177704 1.4951183 2.0180815
4.5186419 1.4945048 2.0218033
4.5112071 1.5114944 2.0237158
4.5198722 1.5039773 2.014052
4.5192454 1.4988649 2.0204219
4.516919 1.5013656 2.0197037
4.5147748 1.4948857 2.0117473
4.5124316 1.4969255 2.0098272
4.5279916 1.4953562 2.015404
1.9154824 0.27496611 0.73150793
1.9148926 0.27301044 0.73214886
1.917815 0.27326736 0.74066712
1.9147367 0.27044591 0.73388925
1.9088965 0.26894135 0.73924302
1.910557 0.26938271 0.73783363
1.9103341 0.26829845 0.73808986
1.9072296 0.27182388 0.74237921
1.9195208 0.27168124 0.73132243
1.9094831 0.27198713 0.73777467
1.9039177 0.27306706 0.73901294
1.9091376 0.27101289 0.73860364
1.2634136 2.5594483 5.3990287
5.4147903 1.4643356 5.3478527
5.4079293 1.4567683 5.3473759
5.410233 1.4583465 5.3489163
5.4100302 1.4574609 5.3470395
5.4109401 1.4645281 5.3444842
0 0 0
2.153781 2.3910388 1.3898938
2.1314595 2.3928029 1.3582712
2.141749 2.389338 1.3670489
2.1364721 2.3885097 1.3774483
2.1395647 2.3906284 1.3790732
2.1355047 2.3898142 1.374988
2.1356415 2.3906863 1.3763427
2.1341211 2.3901991 1.374885
2.138619 2.3900532 1.3793475
2.1385073 2.3920662 1.382981
2.1450648 2.3971974 1.3840205
2.1258908 2.3959934 1.3766043
4.5775152 1.0450982 5.4479821
4.5884143 1.0396644 5.4478219
4.5878655 1.040199 5.4482346
4.5781814 1.0436377 5.4435344
4.5794839 1.0470376 5.4596785
4.5839054 1.0494082 5.4456754
4.5763671 1.0504257 5.4522714
4.5752657 1.043054 5.450692
4.5786992 1.0502593 5.446932
4.575825 1.0431195 5.449799
4.5821547 1.0483124 5.4509624
4.58713 1.0475359 5.4436572
4.5789843 1.0455442 5.4478879
4.5805074 1.0515367 5.4474943
4.5732308 1.0524636 5.4567999
4.5819765 1.0470615 5.4471262
4.5805587 1.0470945 5.4462272
4.5715286 1.0594872 5.4555041
4.5849281 1.0475445 5.4594511
0 0 0
0 0 0
0 0 0
0 0 0
4.5867056 1.0493616 5.4563342
5.2681906 1.2801033 3.0336981
5.265495 1.2681956 3.0300865
5.2627241 1.2685526 3.0324255
5.2659604 1.2707754 3.0268124
5.2677399 1.2711921 3.029777
5.2707966 1.2706214 3.0289479
0 0 0
3.3333708 2.0778772 3.9840867
3.3349446 2.0794828 3.9703667
3.3329647 2.0751535 3.9730693
3.3309151 2.0761551 3.9720462
3.3388955 2.0795278 3.9797857
3.3342344 2.0828787 3.9743014
3.3344711 2.0769812 3.9736078
3.3391906 2.08646 3.9799988
3.3362302 2.0800939 3.978483
3.336604 2.0820508 3.9803414
3.3313055 2.0723554 3.9853837
3.3278037 2.070817 3.9775968
3.3354047 2.0768606 3.9778825
3.3374742 2.0794417 3.9764154
3.3345966 2.0786972 3.978308
3.3281234 2.0740328 3.9665294
3.3416762 2.0756721 3.9842887
3.3370143 2.0767221 3.9782214
3.3373864 2.0821755 3.976935
3.3343392 2.0815894 3.9787611
3.3361594 2.0782375 3.9792454
3.3366344 2.0781933 3.9790778
3.3375163 2.0793675 3.9724579
3.3387592 2.0770516 3.9727269
3.3355652 2.0842521 3.9707421
3.3351868 2.0824018 3.9813981
3.3353829 2.0822059 3.9800413
3.3363425 2.0783404 3.9789023
3.3406106 2.0795093 3.9782549
0 0 0
4.5857475 1.5307238 5.7142657
4.5732299 1.531588 5.7285325
4.5815254 1.5339173 5.7261486
4.5801222 1.5309426 5.7236236
4.580691 1.5368311 5.7252021
4.579853 1.5352562 5.7201117
4.5801579 1.5304204 5.7139145
4.5856524 1.5281636 5.7186878
4.5772366 1.5273187 5.7290131
4.5814051 1.5350712 5.7186047
4.5804542 1.5301862 5.7246267
4.5760548 1.5288633 5.7234694
4.5766987 1.5250932 5.7210745
4.5766734 1.5256797 5.7264622
4.5721032 1.5256606 5.7245568
4.5789928 1.5318828 5.728714
4.5733986 1.5264391 5.7271983
4.5721532 1.5256456 5.7277033
4.5748057 1.5302893 5.7302029
4.5228977 1.4982984 2.022753
4.521306 1.5041105 2.0237827
4.5174721 1.4990728 2.0157089
4.5179585 1.4996806 2.0170814
4.51822 1.5000676 2.0170437
4.51902 1.5058132 2.0215527
4.5152256 1.5042013 2.0262968
4.516731 1.4955612 2.0223978
4.5212301 1.5035322 2.0238736
4.5139115 1.5051793 2.0180234
4.5129842 1.5019317 2.0229329
4.5169098 1.501841 2.0164904
4.5202434 1.4996742 2.0199004
4.5230502 1.5001408 2.0189602
4.5180166 1.5023109 2.0195078
4.5111954 1.4982494 2.0105033
4.5218548 1.4916417 2.022559
4.5136409 1.5040422 2.0204977
1.9141614 0.27236696 0.73406786
1.9276201 0.26738213 0.72717333
1.9034822 0.26241674 0.74800862
1.9090627 0.26413023 0.74549727
1.9127562 0.27008359 0.73486755
1.9193075 0.27183717 0.72691766
1.9104846 0.27072305 0.73852149
1.9127017 0.26905679 0.73512151
1.9007301 0.27085575 0.74277536
1.8741563 0.27014794 0.77317324
1.9105907 0.27051446 0.73963012
5.4087396 1.4613473 5.3480352
5.411344 1.4589135 5.3467263
5.4128249 1.4611356 5.343464
5.4101958 1.4576992 5.3442474
5.4117057 1.4612686 5.3505841
5.4098266 1.4647627 5.3470395
5.4049228 1.4515432 5.344299
5.4159189 1.4506997 5.3511997
0 0 0
2.1404635 2.3905886 1.3798229
2.136148 2.3861661 1.3803448
2.1391143 2.3903261 1.3786417
2.1362747 2.390153 1.3764729
2.1362416 2.3910065 1.3765313
2.1446031 2.4062874 1.3801343
2.1469696 2.398431 1.374226
2.1483622 2.3780041 1.3800371
2.147223 2.388852 1.3786869
2.1373028 2.396409 1.3806405
4.5742021 1.0562084 5.4521069
4.5870708 1.053009 5.4495882
4.5811957 1.0472563 5.4574142
4.5783429 1.049313 5.446206
4.5806563 1.0445402 5.4570843
4.5788542 1.0485324 5.449432
4.5765377 1.0492242 5.4544686
4.5754074 1.0456621 5.4543709
4.5844041 1.0507293 5.4454964
4.5740562 1.0430244 5.4444904
4.580536 1.0477686 5.4480645
4.5774102 1.0472865 5.449863
4.5802248 1.0495812 5.4484588
4.5805065 1.0514945 5.4468557
4.5778501 1.054269 5.4566558
4.5892613 1.0470891 5.4441169
4.8175173 1.2827541 4.1797167
4.8117079 1.2729342 4.1798072
4.8119779 1.2748695 4.1957095
4.8125509 1.2750726 4.1856949
4.8118956 1.271216 4.181436
4.8169439 1.2740438 4.179918
4.8248273 1.2770115 4.1861047
4.8147588 1.2721891 4.1840241
4.8111228 1.2812901 4.1824806
5.2646332 1.2672725 3.030253
5.2623011 1.2714549 3.0329322
5.2574895 1.2810606 3.0375567
5.2625189 1.2800104 3.0329898
0 0 0
0 0 0
3.3357098 2.0806134 3.9763376
3.3338155 2.0807992 3.9729157
3.3329022 2.0747021 3.9725256
3.3345389 2.0785286 3.9736002
3.333537 2.0770367 3.9766763
3.3346158 2.0817399 3.9733947
3.3432768 2.0778563 3.9912763
3.3372508 2.0826095 3.9893916
3.3380938 2.0797338 3.9826703
3.3436547 2.0758822 3.9882002
3.3421907 2.0736065 3.9843302
3.3366905 2.0756592 3.9812177
3.3368625 2.0781532 3.9793508
3.3373964 2.0792509 3.978427
3.3448709 2.0815072 3.9873126
3.3300351 2.0692266 3.9676702
3.3378024 2.0735296 3.9862244
3.3372575 2.0814554 3.9850598
3.3296599 2.080841 3.9792003
3.3398134 2.0805521 3.9813694
3.3371056 2.075559 3.9830001
3.3366639 2.076407 3.9825978
3.3399538 2.0764773 3.9775067
3.3380181 2.0777864 3.9805913
3.3348438 2.0809429 3.9780785
3.3432577 2.0722218 3.9815764
3.3293894 2.0699615 3.9717634
3.3278313 2.0767605 3.970764
3.3316856 2.0784191 3.9829066
3.3389945 2.0831477 3.9833141
3.3373502 2.0793596 3.9824781
4.5752374 1.5263706 5.7167205
4.5829785 1.5263637 5.7252201
4.5786813 1.5277807 5.7226548
4.5828755 1.5283243 5.7216499
4.5785963 1.5295738 5.7226864
4.5773779 1.527171 5.720776
4.5787651 1.5279717 5.7224447
4.5774538 1.5259737 5.7284055
4.5772981 1.5313068 5.7143629
4.5759474 1.5316719 5.7174127
4.5769426 1.5286045 5.7223362
4.575464 1.5278277 5.7235674
4.5771128 1.5251827 5.7224056
4.5777304 1.5267455 5.724494
4.5778359 1.5282345 5.7234413
4.5782426 1.5277505 5.7205734
4.5781716 1.5276203 5.7207761
0 0 0
4.5153589 1.5025911 2.0140315
4.5196532 1.5003142 2.0144884
4.5180481 1.4993744 2.0165612
4.5177498 1.498006 2.0174358
4.5170884 1.4986642 2.0172382
4.520387 1.5014889 2.012916
4.5186809 1.5004579 2.0156231
4.5185322 1.5000795 2.0185064
4.5219505 1.4981917 2.0207114
4.516011 1.5006595 2.0166371
4.51416 1.4996097 2.0196882
4.517295 1.5001257 2.0179146
4.5188208 1.4998945 2.0185735
4.5234347 1.4997055 2.019672
4.5164547 1.5024126 2.0197248
4.5285965 1.4970199 2.0238943
4.5181148 1.4959377 2.0160494
4.5231381 1.4939471 2.0176316
4.5280614 1.4938175 2.0103788
1.9032937 0.27510245 0.74861785
1.9215088 0.27228847 0.72754212
1.9127789 0.27040615 0.73518742
1.9242744 0.2662596 0.72841698
1.9309752 0.26112605 0.71546574
1.8879449 0.26518935 0.76129126
1.9011703 0.26926168 0.74585023
1.9047449 0.27073781 0.74013189
1.8883156 0.28018642 0.76255051
5.4160096 1.456581 5.3508188
5.4107581 1.4590837 5.3476004
5.4116304 1.460026 5.3459929
5.4120144 1.4639587 5.3471526
5.4102749 1.4606274 5.3453295
5.4072491 1.4581075 5.3502908
5.406981 1.4537537 5.3490808
5.4100157 1.4598551 5.3479219
5.409631 1.4597751 5.3510915
5.4113288 1.457891 5.3504284
5.4153308 1.4565322 5.342085
5.4105577 1.4728694 5.3544279
5.4174366 1.4643791 5.3487307
5.4099634 1.4588943 5.3494877
5.4073641 1.4593856 5.3503818
5.4059154 1.4619107 5.354965
5.4079584 1.4599923 5.3490905
5.4080524 1.4492322 5.3496823
5.3977393 1.4572386 5.3498798
5.4049996 1.4592828 5.3430912
4.579487 1.0483598 5.4482884
4.581211 1.0441636 5.4455953
4.5791981 1.0477188 5.4485343
4.5744074 1.0467559 5.4486696
4.5787937 1.0473211 5.449284
4.5792681 1.048885 5.4524419
4.5691133 1.0506838 5.4515208
4.5778961 1.0461503 5.4426163
4.5853506 1.0500424 5.4461164
4.574225 1.0403737 5.4471024
4.5693348 1.0473055 5.4513969
4.578735 1.0517612 5.447934
4.5807308 1.0464489 5.4480106
4.5827689 1.038801 5.4515907
0 0 0
4.8102754 1.2771005 4.178306
4.8133262 1.277533 4.1837156
4.8121776 1.2772286 4.1832603
4.8157727 1.2767337 4.1824053
4.8134546 1.2780729 4.1825674
4.8124659 1.2738662 4.186422
4.8126718 1.2745254 4.1812971
4.8129935 1.2743533 4.1800559
4.8167399 1.2713427 4.1822638
4.8232295 1.2784832 4.1770034
4.8224229 1.2872567 4.1808971
5.2684663 1.2705366 3.0410901
0 0 0
3.3367358 2.0780151 3.9778736
3.3340534 2.077722 3.9770016
3.3370273 2.0649816 3.9810603
3.3370186 2.0809355 3.9767725
3.3347471 2.0765494 3.9744089
3.3313674 2.083129 3.9806018
3.3314901 2.0816323 3.9760799
3.332882 2.0801825 3.9705452
3.3253187 2.0717374 3.9700549
3.3337973 2.0677401 3.9855053
3.3366767 2.0851332 3.9822463
3.3324409 2.0870404 3.9770296
3.3331904 2.0876462 3.9787729
3.3364896 2.0781504 3.9789282
3.3370773 2.0780963 3.9776891
3.3389804 2.0778546 3.9799464
3.3383512 2.0785167 3.9792309
3.3452739 2.0825595 3.9863689
3.3331885 2.0708499 3.9825166
3.3378298 2.0805997 3.9767144
3.3388151 2.0768903 3.9733983
3.3287007 2.0781911 3.9788626
3.3343114 2.0764592 3.9785108
3.3360256 2.0781827 3.9789172
3.3365096 2.0781829 3.979166
3.3489636 2.0757725 3.9939027
3.3487138 2.0753937 3.9938298
3.3444288 2.0696285 3.9836155
3.3312566 2.0736757 3.985968
3.3405918 2.0752295 3.9806844
3.3375137 2.0821244 3.9807331
3.3383477 2.0828889 3.9827512
3.3312201 2.0795828 3.9696037
3.3312192 2.0778091 3.9696704
3.3483686 2.0775866 3.9889414
4.5816973 1.5281941 5.7256317
4.577736 1.5277521 5.7226492
4.5789225 1.5298354 5.7173575
4.5783452 1.5297884 5.7172335
4.5774786 1.5243089 5.7199274
4.582347 1.5278709 5.7254199
4.5749585 1.5345802 5.7290005
4.5741607 1.5263434 5.7206115
4.5784901 1.5279382 5.7205531
4.5771332 1.5286335 5.7198764
4.5775206 1.5275021 5.7221679
4.5776055 1.5242208 5.722678
4.5717277 1.5276483 5.7219687
4.5775281 1.5286213 5.7229958
4.5761945 1.527524 5.7238009
4.5783895 1.5262566 5.726976
4.5657374 1.5364381 5.7234655
4.5217004 1.5010115 2.0139749
4.5156283 1.5061617 2.0161094
4.5165791 1.5013508 2.0222088
4.5188336 1.4985068 2.0189411
4.5251758 1.4904802 2.0120397
4.5245578 1.4922408 2.0095182
4.5277845 1.492645 2.0164934
4.5194658 1.497246 2.0197995
4.5184996 1.4995637 2.0180451
4.5194136 1.500906 2.0161375
4.5136972 1.4996075 2.0195485
4.5158078 1.500695 2.0192089
4.5198462 1.4988588 2.021222
4.5192466 1.4997254 2.0196114
4.5176698 1.4991471 2.0178028
4.5287771 1.4979564 2.0235667
4.5199802 1.5069293 2.0201039
4.527142 1.508355 2.0233384
4.5295244 1.5070212 2.023495
1.9064205 0.27853104 0.75386387
1.9052313 0.27436981 0.74831995
1.9202805 0.26966128 0.72366294
1.9113776 0.27371724 0.73265344
1.9346029 0.27525647 0.71104149
1.8855833 0.26826121 0.76116822
1.9080426 0.2639826 0.73774486
1.9441494 0.27216669 0.69731656
5.4079666 1.4586788 5.3542915
5.4105073 1.4643974 5.3537006
5.4093697 1.4569694 5.3479401
5.4110463 1.4605692 5.3457683
5.4116037 1.4552975 5.351307
5.4127567 1.4565785 5.343433
5.409952 1.4525079 5.3479656
5.4070053 1.45573 5.3444313
5.4088965 1.4592026 5.3493552
5.408486 1.4600271 5.3497903
5.4084567 1.4580035 5.3501028
5.4101675 1.459526 5.3499833
5.4077836 1.4593493 5.3495712
5.4102486 1.4591075 5.3496765
5.4085815 1.4589913 5.3489529
5.4057308 1.4586032 5.3489737
5.4062049 1.4500501 5.3541732
5.414711 1.4555114 5.3522438
5.411845 1.4566026 5.3514289
5.4107441 1.4578007 5.3496511
5.4053407 1.4673136 5.3431733
4.5819487 1.0618084 5.4533928
4.5822321 1.0446797 5.4457708
4.57581 1.0456426 5.4534959
4.574277 1.0531313 5.4552231
4.5790662 1.0479274 5.4522348
4.5744282 1.0429526 5.4564877
4.5682513 1.045438 5.4588697
4.5748997 1.0466863 5.4508052
4.5739961 1.0468728 5.4515727
4.5756543 1.0491128 5.4526031
4.5775175 1.0450807 5.4503702
4.5790368 1.0478615 5.4485119
4.5826165 1.0469078 5.4513112
4.8135197 1.2750792 4.1819806
4.8161249 1.2739746 4.1821709
4.8137836 1.2715342 4.1843318
4.8094767 1.2760352 4.1834531
4.8144747 1.2794195 4.1826037
4.8154105 1.2747166 4.1870723
4.8185022 1.2769155 4.1821735
4.8105682 1.2667595 4.181641
4.8111403 1.2704127 4.1785942
4.8158239 1.2754798 4.1822053
4.8133326 1.2751531 4.1821341
4.8124725 1.2751249 4.1843655
4.8130821 1.2762139 4.1825039
4.8121295 1.2712239 4.1843979
3.3359496 2.0781604 3.9786093
3.3360241 2.0775627 3.9766924
3.3398122 2.0760539 3.9848822
3.3356712 2.0761937 3.9834074
3.3318968 2.0805037 3.9752896
3.3357978 2.0773835 3.9772112
3.3471169 2.0822478 3.9881469
3.3377011 2.0835674 3.9774636
3.3363141 2.079629 3.9785494
3.3348748 2.0779777 3.9776027
3.3377712 2.0766425 3.9860629
3.3296468 2.0762578 3.9718828
3.3359365 2.080471 3.9745535
3.3371662 2.0812134 3.9786772
3.3366772 2.0764401 3.9797339
3.3390084 2.0781433 3.9797566
3.3323668 2.080324 3.9745054
3.3361939 2.0770032 3.9765254
3.3374117 2.0823787 3.9831294
3.3386713 2.0735014 3.9769014
3.3322685 2.0795635 3.9783765
3.3397877 2.0758079 3.9756268
3.3323051 2.0732781 3.9817869
3.3347291 2.0831768 3.9762036
3.3350298 2.0834061 3.9766566
3.3357948 2.0791625 3.9780134
3.3389834 2.0764526 3.979415
3.3340325 2.0768277 3.9771056
3.3305678 2.0736956 3.9845152
3.333067 2.0839164 3.984465
3.3359824 2.0781002 3.9776557
3.3385248 2.0822032 3.9797858
3.3356038 2.0767372 3.9769236
3.3358601 2.0768136 3.9786716
3.3310126 2.0811881 3.9785064
3.338666 2.0770945 3.9831486
3.3438552 2.0841143 3.9754144
0 0 0
4.5768728 1.5255403 5.7213236
4.5778267 1.5272121 5.7222754
4.5776586 1.5261979 5.7234403
4.5723282 1.5332172 5.7116315
4.571039 1.5360677 5.7143876
4.5763622 1.5249642 5.7200158
4.5772502 1.529021 5.7203761
4.5768089 1.5276395 5.7211277
4.5774595 1.527719 5.722284
4.5777654 1.5272887 5.7195705
4.572994 1.5315079 5.7243446
4.5768001 1.5264474 5.7259164
4.5722227 1.5268956 5.7257723
4.5749759 1.5222435 5.731176
4.5713613 1.5308944 5.7132182
4.5127294 1.4948956 2.019372
4.515153 1.4981996 2.0169923
4.5205964 1.5000599 2.0189099
4.517272 1.499935 2.0177263
4.5152949 1.4973968 2.0214694
4.5154968 1.4986635 2.0127903
4.5200159 1.4965481 2.0229942
4.5180749 1.5013766 2.0195503
4.518645 1.4990682 2.0191909
4.5164669 1.5012741 2.0164773
4.5235486 1.4999598 2.0165688
4.5265548 1.5069634 2.0194211
4.5183124 1.5054354 2.0205986
4.5133844 1.5048906 2.0185235
4.5174012 1.4980707 2.0199842
4.5169729 1.4952306 2.0190377
4.5114268 1.5014012 2.0207135
4.5193918 1.5011428 2.0102153
4.5177937 1.5021411 2.0196454
4.5090949 1.5061517 2.0194743
1.907141 0.26968223 0.73839494
1.9063189 0.26902686 0.73833933
1.9358788 0.27141299 0.71384182
1.9225169 0.26571464 0.73363936
1.9416725 0.27167217 0.70814278
1.9109249 0.2729341 0.73351651
5.4154103 1.4571674 5.3450134
5.4144891 1.4546855 5.345217
5.4052253 1.4625225 5.3542006
5.4092251 1.4585362 5.3466108
5.4134492 1.4561849 5.3482101
5.4075758 1.4576116 5.3510248
5.4097799 1.453286 5.3501358
5.4130336 1.4602495 5.3477775
5.4057524 1.4545501 5.3469625
5.4097254 1.459716 5.3494971
5.4038919 1.4598361 5.3485084
5.4057135 1.4565747 5.3502867
5.4134166 1.4640341 5.3486287
5.41727 1.4659612 5.3580119
5.4129311 1.4606203 5.3605843
5.4071365 1.4592952 5.3474058
5.4072073 1.4584825 5.353688
5.4123692 1.4514287 5.350395
5.4143287 1.4601529 5.3499748
5.4118607 1.459215 5.3536279
5.410923 1.4584584 5.3494296
5.4123408 1.4548012 5.3490408
5.4121608 1.4718363 5.3516138
4.5693655 1.0591797 5.4551767
4.5769551 1.0411705 5.4444285
4.5747228 1.0529035 5.4539215
4.5871214 1.0553327 5.4405724
4.5834686 1.0438806 5.4424813
4.5745605 1.0384208 5.4503311
4.5917855 1.048281 5.4432388
4.5810393 1.0368317 5.4488723
4.5801538 1.0585186 5.451504
0 0 0
4.8127825 1.274948 4.1816598
4.8116056 1.2745524 4.1810064
4.8115992 1.2746363 4.1811947
4.8127638 1.2756967 4.1833891
4.8135375 1.2750591 4.1838654
4.814804 1.2768682 4.1825818
4.8140191 1.2763283 4.1825932
4.8185368 1.2740605 4.1843435
4.811565 1.273063 4.1821786
4.8115183 1.2707207 4.1866078
4.8102111 1.2810214 4.1877604
4.8044743 1.2762367 4.1910856
4.8108819 1.2763034 4.1807985
4.8124901 1.2754969 4.1820816
4.8037195 1.2773499 4.1808089
4.8024569 1.2741781 4.1813058
3.3271807 2.0773176 3.9826083
3.3338534 2.0846272 3.9834378
3.3394334 2.0776551 3.9816071
3.3323913 2.0733775 3.9758015
3.3380215 2.074865 3.9781673
3.3459812 2.0771717 3.9844034
3.3457785 2.0735342 3.9858561
3.341946 2.0813574 3.9816149
3.3370023 2.0784492 3.9789052
3.3364406 2.0785478 3.9784413
3.3352211 2.0737918 3.9755232
3.3386084 2.080717 3.97228
3.3359168 2.0805215 3.982092
3.3398922 2.082049 3.9811545
3.3359766 2.0796118 3.982108
3.3343916 2.0802698 3.9771786
3.3330584 2.08081 3.9752607
3.3370927 2.0805916 3.9746177
3.3391033 2.0789504 3.9792775
3.333433 2.0761094 3.9745009
3.3327599 2.0821433 3.9752235
3.3369623 2.071244 3.980302
3.3362402 2.0763046 3.9817465
3.3369548 2.0839696 3.9780213
3.3333545 2.0787695 3.9787636
3.3306737 2.0806458 3.9744528
3.339156 2.0771875 3.9772598
3.3380894 2.0797245 3.9787582
3.3369132 2.079481 3.9768659
3.3361518 2.0784001 3.9785026
3.3343241 2.076104 3.975454
3.3340944 2.0687982 3.9819599
3.3363678 2.0773225 3.978333
3.3313034 2.0787723 3.9773693
3.3337976 2.0808648 3.9769445
3.3361362 2.0776498 3.9801582
3.3366508 2.0741107 3.9812145
0 0 0
3.7783664 1.0441942 2.2892055
3.7830779 1.0420912 2.2789229
4.5844133 1.5211106 5.7336882
4.5732288 1.5278229 5.7130841
4.5812145 1.5322854 5.7206465
4.5745044 1.5304281 5.712097
4.5737875 1.5191996 5.7195684
4.5758026 1.5240895 5.7110672
4.5665293 1.5314519 5.7310048
4.5677861 1.5283144 5.7291801
4.5720784 1.5286189 5.7235922
4.5744551 1.5318383 5.7245632
4.5805523 1.5263104 5.7222519
4.5803501 1.5181104 5.7248272
4.5753972 1.5294692 5.7161582
0 0 0
4.5117604 1.4944717 2.0153069
4.5177241 1.5029142 2.0179344
4.5201814 1.5000678 2.0149325
4.5183114 1.4997116 2.0185879
4.5138753 1.4914883 2.0172877
4.5150835 1.4907718 2.0168108
4.510899 1.4958703 2.0184259
4.5187984 1.4991376 2.018329
4.5172975 1.4994071 2.0154483
4.5168473 1.4985981 2.0156929
4.5265271 1.5029516 2.0244101
4.5152949 1.5106437 2.0225546
4.5113346 1.5026397 2.0229554
4.5122636 1.5021717 2.0162796
4.5157143 1.5022808 2.0154917
4.5178532 1.4997375 2.0219009
4.509898 1.4995155 2.0184583
4.5169066 1.4982426 2.0237275
4.5162719 1.5094678 2.0132694
1.9082947 0.26886435 0.7344547
1.9351753 0.26836611 0.71140992
1.9302477 0.27499708 0.71952656
1.8936267 0.2740049 0.76073844
1.9072976 0.27415602 0.7393573
5.4139622 1.4575309 5.3452276
5.4088238 1.4603301 5.3499153
5.411131 1.4483179 5.3584019
5.4037953 1.4602136 5.3615597
5.4014717 1.4651887 5.3446315
5.4112456 1.4572383 5.3389716
5.407871 1.4537099 5.3466518
5.4100863 1.4578487 5.3495796
5.4091211 1.4605609 5.3529981
5.4097872 1.4591498 5.3497583
5.40988 1.4590797 5.3497383
5.4073044 1.4634388 5.3498848
5.4076315 1.4620559 5.3484017
5.4103592 1.4589481 5.351314
5.4154962 1.46495 5.3596062
5.4118138 1.4581905 5.3499843
5.4135259 1.4571887 5.3446303
5.4121179 1.4544254 5.3469735
5.4144234 1.4589922 5.3499432
5.4089148 1.455775 5.3499259
5.4113752 1.4640016 5.3490889
5.4102429 1.4696842 5.3527748
5.4099249 1.4557946 5.349893
5.4024567 1.451009 5.3506563
5.4090013 1.4563148 5.3540413
4.7994389 1.2743825 4.1787494
4.8022746 1.268325 4.1785346
4.8054146 1.2742183 4.1766214
4.8073205 1.2751309 4.177062
4.8111555 1.2852553 4.1719868
4.8112043 1.2775325 4.1858618
4.8108816 1.276712 4.1867109
4.8108609 1.2776715 4.1889636
4.8027162 1.2659881 4.1768762
4.8112892 1.2715384 4.1762732
4.8078446 1.2727819 4.1778057
4.8083805 1.2732747 4.1814482
4.8108732 1.2709851 4.1843501
4.8099045 1.2773772 4.1830241
4.8094424 1.2764729 4.183234
4.8175408 1.2850341 4.1838685
4.8093883 1.2826077 4.1808313
4.812093 1.2768691 4.1820829
4.8080763 1.2696507 4.1806353
4.8119903 1.2750725 4.1827892
4.804517 1.2760327 4.1846225
4.8116781 1.2746563 4.1815918
4.8106486 1.2744839 4.1799183
4.8109 1.2745037 4.1806789
4.8192853 1.2631845 4.1813345
3.3356804 2.0835081 3.981031
3.3426683 2.0732587 3.9842346
3.347789 2.0798963 3.9800691
3.3367702 2.073549 3.9721158
3.3364235 2.074382 3.9827922
3.3367958 2.0723089 3.9815299
3.3369838 2.0731197 3.9801066
3.337295 2.0734557 3.9774794
3.3343223 2.0751813 3.9834474
3.3362499 2.0793202 3.9779157
3.3367518 2.0777473 3.9780298
3.3382376 2.0856595 3.9853359
3.3359061 2.0817451 3.9810124
3.3389 2.0777452 3.9773893
3.3354139 2.0762673 3.9803276
3.3351334 2.0794723 3.9794301
3.335739 2.0790616 3.9780781
3.3364836 2.078287 3.9780741
3.3368531 2.0755104 3.9852847
3.3363205 2.0731459 3.9747502
3.3378896 2.0802138 3.9714071
3.3428039 2.0758939 3.9741187
3.3376477 2.077963 3.9834008
3.3381096 2.0796297 3.9844685
3.3363046 2.0781322 3.977862
3.3328816 2.0809061 3.9744507
3.3364838 2.078301 3.9783054
3.3367208 2.0753244 3.9756391
3.3358158 2.0782079 3.978057
3.3416121 2.0792448 3.9853522
3.344472 2.0808654 3.9836014
3.33667 2.0686696 3.9829312
3.3369694 2.0750658 3.9825141
3.336864 2.0761442 3.969146
3.3341762 2.0788225 3.9748622
3.3362987 2.0778538 3.9762449
3.3307515 2.0770219 3.9789964
3.7739302 1.041581 2.2939263
3.7735085 1.0420357 2.2920866
3.7805333 1.0435052 2.2864858
3.785581 1.0412105 2.2869479
0 0 0
0 0 0
4.5794503 1.5277218 5.711914
4.5755603 1.5218914 5.722409
0 0 0
0 0 0
4.5790644 1.5178933 5.7196659
4.5780941 1.5195083 5.7233403
4.5786343 1.5287265 5.7236392
4.5781131 1.5271946 5.7236289
4.5806677 1.5246559 5.7258263
4.586989 1.529719 5.732495
0 0 0
4.5101251 1.5011712 2.0154891
4.5183994 1.5003479 2.0169027
4.5216428 1.4973437 2.0155155
4.5160771 1.5006592 2.017541
4.5183992 1.5035469 2.0205368
4.5209544 1.4961757 2.0212229
4.5197288 1.4963226 2.0231618
4.5190113 1.4998133 2.0163598
4.5181076 1.5000825 2.0171198
4.5182957 1.4977453 2.0147585
4.5194545 1.4993164 2.0180897
4.5228553 1.5053438 2.0232066
4.5213548 1.5060002 2.0111654
4.5149939 1.5015251 2.0219011
4.5182735 1.4994423 2.0125865
4.5154881 1.4958307 2.016866
4.5177454 1.5005537 2.0165224
4.5117732 1.4954517 2.0152319
4.5183754 1.5062757 2.0089666
0 0 0
1.9123476 0.27093162 0.73567831
1.9234847 0.27290913 0.72789974
1.9083413 0.27010146 0.73731504
5.3981787 1.4574102 5.3484
5.4001458 1.4543952 5.3535937
5.4140899 1.4593196 5.3491842
5.4168778 1.4521859 5.352183
5.4090863 1.4593863 5.3508531
5.4061474 1.4602046 5.3407699
5.4145626 1.4565905 5.3442611
5.4101778 1.4582621 5.3491552
5.409845 1.4479521 5.3445077
5.4169487 1.4502039 5.3509196
5.4096568 1.4585419 5.350863
5.4098348 1.4583798 5.3509958
5.4028825 1.454698 5.3562053
5.4082106 1.455806 5.3583137
5.4085703 1.4620859 5.3497328
5.4096528 1.4519786 5.3497329
5.4130273 1.4542211 5.3494087
5.4102903 1.4596833 5.3487225
5.4192701 1.4664298 5.3601226
0 0 0
5.7848383 1.4895063 4.4693031
5.7730339 1.4816127 4.4570259
5.7692881 1.4745046 4.4638364
5.7842412 1.4872085 4.473524
5.7828951 1.4678111 4.4656356
5.7750758 1.4753006 4.4663779
4.8066098 1.2815891 4.187368
4.8147978 1.2834147 4.1797702
4.8067878 1.2799037 4.1839302
4.8117717 1.269886 4.1834424
4.8125753 1.2691475 4.183587
4.8127842 1.2706132 4.1787187
4.809402 1.2701636 4.184494
4.8107123 1.2749814 4.1788956
4.8083295 1.2701225 4.1892253
4.817033 1.2747596 4.1826736
4.8099972 1.277073 4.1801692
4.8099348 1.2709962 4.1845
4.808028 1.2738191 4.1864543
4.8094336 1.2651579 4.1877133
4.8123632 1.2792476 4.1929819
4.8092982 1.2820468 4.1944294
4.8092081 1.2787066 4.1873514
4.8179731 1.2746041 4.1856694
4.8225394 1.2679463 4.1781841
4.8211535 1.2771684 4.1770374
4.8124783 1.2746275 4.1819965
4.8122691 1.2750195 4.1825101
4.8088573 1.275989 4.184943
4.8151627 1.2779328 4.1849395
4.8147415 1.2693439 4.1866644
3.3370002 2.0862023 3.9903581
3.3364202 2.0771248 3.9791637
3.3424936 2.0767688 3.9735997
3.3400348 2.0737474 3.9807518
3.3411496 2.0794436 3.978859
3.3379914 2.0818902 3.9813995
3.338232 2.0718824 3.9821407
3.3345164 2.0722532 3.9788686
3.3321797 2.0781045 3.9815292
3.3372864 2.0719036 3.9767399
3.3371225 2.0723207 3.9808049
3.344641 2.0839962 3.9848105
3.3327033 2.0836079 3.9772912
3.3385544 2.0783817 3.9789683
3.3362649 2.0823013 3.9811055
3.3367908 2.0767555 3.9788827
3.3368855 2.0776573 3.976025
3.3370633 2.0792692 3.9777426
3.3317809 2.0751527 3.9813551
3.336414 2.0784858 3.9836058
3.3428731 2.0768253 3.9785899
3.3388488 2.0793519 3.9777359
3.3391993 2.0766035 3.9714348
3.3360525 2.0795243 3.978087
3.34018 2.0807857 3.979679
3.3296665 2.0774611 3.9722137
3.3313375 2.0751125 3.9749187
3.3309881 2.0739931 3.9756486
3.330989 2.0727712 3.9783186
3.3297406 2.0742019 3.9755904
3.3444987 2.0798056 3.9851407
3.3367208 2.0783163 3.9797575
3.3365913 2.0748572 3.9825927
3.3348983 2.0842292 3.9692663
3.327913 2.0794504 3.9720417
3.3343894 2.0756348 3.9783701
3.3352192 2.0753892 3.9800515
3.7776957 1.0409143 2.2869082
3.7785441 1.0436706 2.2883373
3.7814374 1.043671 2.285456
3.7796168 1.0427986 2.2862513
3.7836578 1.0358845 2.2798147
3.7731276 1.0327106 2.2878279
3.7789179 1.0395923 2.2950791
3.7803149 1.0424908 2.2861734
3.7800167 1.0453746 2.2878082
3.7785319 1.0423195 2.2868198
3.7845754 1.0431428 2.2936436
3.7784579 1.0449505 2.2887844
3.7857107 1.0476733 2.2825099
3.7824081 1.0512674 2.2881224
3.7812814 1.0441468 2.287685
0 0 0
4.5199717 1.5032267 2.013707
4.5202546 1.5019298 2.0122088
4.5177216 1.5022082 2.0176988
4.5211713 1.5009683 2.0131061
4.5185107 1.4998355 2.0168434
4.5229855 1.4976246 2.017501
4.5203444 1.4972956 2.0166704
4.5182377 1.5019563 2.0161287
4.518144 1.4981704 2.0159027
4.5178423 1.5029165 2.0211158
4.5179045 1.503291 2.0151979
4.5201165 1.499193 2.0185189
4.5187993 1.5051674 2.0240834
4.5243924 1.4975858 2.0134552
4.5191404 1.4987586 2.018243
4.5185961 1.4996274 2.0167622
4.5175787 1.5000237 2.0155669
4.5169855 1.4962303 2.0186773
4.5186234 1.5016772 2.023917
4.526488 1.4913509 2.0252518
1.9144836 0.27167336 0.73189967
1.9062179 0.26485913 0.74490495
1.8847029 0.26691478 0.76639678
1.9010932 0.27047585 0.74004816
5.4150782 1.456013 5.3505394
5.4167836 1.4567347 5.3465516
5.4130807 1.4588384 5.3489596
5.4100508 1.4591497 5.3482321
5.4097571 1.4587065 5.3490556
5.4069028 1.4590705 5.3404615
5.4100121 1.4585725 5.3492677
5.4094758 1.4585812 5.3560108
5.4120657 1.4438497 5.3528664
5.4105811 1.4482346 5.3572664
5.4096043 1.4595602 5.3500417
5.419062 1.4568755 5.3536991
5.4106049 1.4513184 5.3513465
5.4138004 1.451269 5.3490631
5.400653 1.458239 5.3494194
5.401698 1.4585778 5.3523011
5.4157731 1.4567227 5.3504594
5.4092415 1.4639733 5.3409918
0 0 0
0 0 0
5.7610603 1.482441 4.4704305
5.767655 1.4857168 4.4623676
5.7750412 1.4801073 4.467249
5.7714778 1.4753228 4.4548766
5.7782869 1.4654417 4.4630082
5.762368 1.4822697 4.470496
4.8146958 1.2882666 4.1840001
4.8152318 1.2769836 4.1762601
4.8126552 1.2754517 4.1822529
4.812086 1.2785512 4.1781389
4.8156499 1.2769837 4.1811334
4.8076194 1.2732583 4.1824034
4.8091719 1.2784139 4.180153
4.8073309 1.282249 4.1870054
4.8025757 1.2785696 4.1877407
4.8084988 1.2768709 4.1837306
4.8085982 1.2770294 4.1848813
4.8107431 1.2764406 4.181501
4.8099607 1.2744464 4.1766493
4.8077185 1.2659547 4.1837971
4.8171326 1.2746174 4.1791295
4.8207785 1.2795263 4.18912
4.8178062 1.2829262 4.1814189
4.8145152 1.2742065 4.1813019
4.8147166 1.2738489 4.1816307
4.8137619 1.2748919 4.1822928
4.8099693 1.2737165 4.1820941
4.8122974 1.2743488 4.1855424
4.811398 1.2756124 4.1838042
4.8118558 1.2765977 4.1840513
4.8124214 1.2888899 4.1812851
3.3237797 2.0824135 3.9638567
3.3354146 2.0778921 3.9782568
3.335447 2.077865 3.9793829
3.3293593 2.0794878 3.9794677
3.3357862 2.0789734 3.9785123
3.3359591 2.078958 3.978588
3.3360562 2.0783936 3.97914
3.3330076 2.0799314 3.9772407
3.335664 2.0785558 3.9769722
3.338894 2.0798435 3.9754929
3.3386112 2.0811097 3.982131
3.3363444 2.0791909 3.9786018
3.3345858 2.0808011 3.9761382
3.3397924 2.0788647 3.9794164
3.3295157 2.079899 3.9775377
3.3374382 2.075875 3.982412
3.3364492 2.0800079 3.9761358
3.3365455 2.0778754 3.9770847
3.3331074 2.0756363 3.9805197
3.3371494 2.0795067 3.9806091
3.3390279 2.0810241 3.9791817
3.3327297 2.0727715 3.9732912
3.3432305 2.0750879 3.9743914
3.3414174 2.0818243 3.98175
3.3411789 2.0807035 3.97952
3.3382908 2.0855663 3.9811042
3.3310515 2.0743405 3.9746254
3.331933 2.0739896 3.9754002
3.338236 2.0771591 3.9811006
3.3387828 2.0765814 3.9778864
3.3369901 2.0789077 3.9791385
3.3302527 2.0787615 3.9766318
3.3358758 2.0778426 3.9784993
3.3376396 2.0783829 3.9793789
3.3315402 2.0711668 3.9746723
3.3340011 2.0702069 3.9807728
3.3361453 2.0751272 3.9845197
3.7795455 1.0469408 2.285319
3.7833892 1.0500961 2.2833134
3.7840261 1.0518673 2.2868484
3.7844181 1.0519959 2.2878056
3.7861878 1.0328659 2.2813597
3.7766943 1.0436567 2.2867533
3.7766533 1.043155 2.2864338
3.7768601 1.0413607 2.2856704
3.7768662 1.0447092 2.2887774
3.7747766 1.0401233 2.2917832
3.7772372 1.0415758 2.2915604
3.7775463 1.0431675 2.2795809
3.7766579 1.0442959 2.2847169
3.769324 1.0443159 2.2911788
3.7765997 1.0395536 2.2857161
3.7777874 1.0409771 2.2867536
4.5201942 1.495609 2.014287
4.516853 1.4993271 2.0155885
4.5124414 1.4924517 2.0156438
4.5175115 1.4930677 2.0187275
4.5183132 1.5009699 2.0161378
4.5192832 1.5050297 2.0159516
4.5171922 1.5031557 2.0234925
4.5144759 1.5000671 2.026939
4.5097868 1.5019742 2.0217526
4.5177379 1.5023377 2.0206308
4.5205656 1.5035821 2.0200422
4.5192461 1.4992218 2.0208497
4.5174607 1.5008518 2.0166949
4.5185039 1.5005216 2.0178849
4.5203028 1.4943358 2.0232188
4.515277 1.5005005 2.0235373
4.5173984 1.4953221 2.0153532
4.5188718 1.4999806 2.0168503
4.5226918 1.5000382 2.0177703
4.5148802 1.4969539 2.022904
1.9213387 0.26964044 0.72017509
1.9022905 0.2710176 0.74303276
1.8938528 0.26555818 0.76719567
5.4095343 1.4592489 5.3506453
5.4077277 1.4614952 5.3489006
5.4106225 1.4586604 5.3447904
5.4122553 1.4588708 5.3498299
5.4136271 1.4564824 5.3489338
5.4083136 1.4576176 5.3476131
5.4092537 1.4584059 5.3487699
5.4106897 1.4590534 5.348894
5.4106029 1.4583858 5.3483257
5.4052144 1.4486424 5.3442115
5.4177852 1.4605364 5.3461507
5.4106717 1.4598451 5.3507953
5.4180018 1.4660762 5.3459637
5.4183389 1.4591499 5.3424148
5.4160353 1.459019 5.3530468
5.4123446 1.459005 5.3474293
5.4178642 1.4589243 5.3499629
5.4067707 1.4555765 5.3378289
5.7736632 1.4800785 4.46557
5.770884 1.4869889 4.4645803
5.774437 1.4793074 4.4668373
5.7746016 1.4789895 4.4667759
5.7751799 1.4726775 4.4653228
5.7745965 1.4767538 4.463783
5.7683858 1.4742778 4.4601026
5.774709 1.4782167 4.4659396
5.7751963 1.4850208 4.4707823
0 0 0
4.8130091 1.2798215 4.1761483
4.8121927 1.276259 4.1855727
4.8112775 1.2807475 4.1839726
4.8153829 1.2715714 4.1813717
4.8143283 1.2729089 4.1820365
4.8123824 1.275419 4.1845627
4.8126239 1.2746314 4.1825825
4.8110854 1.275453 4.1865177
4.8155299 1.2767736 4.1796553
4.8147247 1.2749511 4.1804978
4.8130796 1.2755721 4.181942
4.8134385 1.277838 4.1809567
4.8091369 1.2646544 4.1789112
4.812757 1.2640058 4.1776288
4.8086084 1.2786906 4.1848893
4.8121333 1.2751203 4.182518
4.811604 1.2726065 4.1808688
4.8146205 1.2735385 4.1819138
4.814719 1.2731511 4.1800482
4.812479 1.274217 4.1801181
4.814129 1.2744777 4.1830639
4.8099571 1.2755252 4.1868621
4.8106157 1.2750609 4.1843448
4.8069964 1.2752836 4.1807901
0 0 0
3.3317731 2.0839199 3.9741218
3.3356644 2.0803309 3.9820391
3.3323093 2.0877607 3.9810405
3.337597 2.0817238 3.9808845
3.3336433 2.0770622 3.9724419
3.326742 2.0762192 3.9775524
3.33659 2.0788234 3.9781821
3.3352465 2.0781353 3.9776677
3.3314094 2.0764226 3.9767308
3.3332275 2.0758348 3.9764532
3.3340416 2.0754295 3.9746408
3.3392284 2.0781536 3.9798313
3.3378516 2.0795557 3.9783967
3.3321341 2.0832148 3.9763944
3.3311995 2.0763566 3.9783363
3.3382136 2.0809161 3.9764663
3.3353038 2.0805172 3.973298
3.3370823 2.0824986 3.9763522
3.3395813 2.0795596 3.9830409
3.3350565 2.0755397 3.9794135
3.3325024 2.0759269 3.9813142
3.3359389 2.0789197 3.9752912
3.3330931 2.0832767 3.9728679
3.3296125 2.0771486 3.977309
3.3386464 2.0876979 3.9755904
3.3442281 2.0849855 3.9815092
3.3355027 2.0675901 3.9717136
3.3360251 2.0672222 3.9722595
3.3370039 2.0773708 3.9788179
3.337252 2.082471 3.979936
3.3366714 2.0772504 3.9910882
3.3360042 2.0782508 3.9761122
3.3403273 2.0803802 3.9783865
3.3331792 2.0728784 3.98516
3.3340821 2.0763553 3.9790275
3.3422964 2.0752387 3.995121
3.7788571 1.0440229 2.2856916
3.7851267 1.0455165 2.2845673
3.7784689 1.052898 2.2891569
3.7766548 1.0533659 2.2875841
3.7861391 1.0340868 2.2842004
3.781915 1.0383305 2.2783086
3.7719007 1.0407289 2.2922396
3.7770105 1.0414917 2.2926424
3.7763272 1.0428683 2.2915059
3.7750633 1.0468222 2.2941018
3.7857036 1.0447821 2.285043
3.7780124 1.0426834 2.2788488
3.776502 1.0441332 2.2850993
3.7726008 1.0427589 2.2923326
3.7781367 1.0429397 2.2865534
3.7782055 1.0427963 2.2868284
5.2568814 1.920795 1.4523615
5.2607489 1.91932 1.4537014
5.2670359 1.9246341 1.4660211
5.2447085 1.9173237 1.4451963
4.521881 1.5104736 2.0197084
4.5231735 1.4946088 2.0163088
4.5140412 1.4923395 2.0138151
4.52125 1.4906727 2.0134105
4.5151434 1.5000018 2.0184401
4.5179196 1.4988587 2.0189127
4.5165304 1.5006047 2.0180581
4.5177352 1.4999833 2.0185538
4.5174642 1.4999758 2.0184563
4.5130753 1.4996812 2.0265169
4.5299283 1.5003633 2.0251068
4.5298987 1.5020694 2.0236236
4.517607 1.5036552 2.009013
4.5205582 1.498186 2.0083317
4.5176045 1.5038799 2.0150882
4.5177157 1.500516 2.0145897
1.9173162 0.27077217 0.7286688
1.9274613 0.26386443 0.71488896
5.4088933 1.4534218 5.3478205
5.4059895 1.4515363 5.3509886
5.408158 1.4560164 5.3501774
5.41095 1.4560118 5.3445743
5.4102943 1.4547474 5.3513459
5.4120594 1.454805 5.3511659
5.4090562 1.4572163 5.3490404
5.4105613 1.4618731 5.3499543
5.4050103 1.4600539 5.3557153
5.4105092 1.4664287 5.3451219
5.4080053 1.4657814 5.3480224
5.4145944 1.4616783 5.3388324
5.4114369 1.454408 5.3441748
5.4098869 1.4589818 5.3458631
5.4137075 1.453508 5.3512909
5.4170149 1.4553475 5.3541348
5.4063757 1.4506418 5.3401289
5.4050178 1.4527181 5.3643249
5.7809103 1.4759624 4.4712069
5.7783208 1.4703051 4.455213
5.773983 1.4778725 4.4515968
5.7751591 1.4747318 4.4626047
5.7742053 1.4792134 4.467704
5.7756374 1.4715082 4.4684343
5.7673108 1.4759967 4.4711393
5.7744708 1.4704775 4.4595477
5.7737383 1.470183 4.4589179
5.7746073 1.478182 4.4661055
4.8144899 1.2783417 4.1881104
4.8130392 1.274837 4.1829155
4.8134562 1.275641 4.1857078
4.8130801 1.2761896 4.1839751
4.8171648 1.2754898 4.1762069
4.8122933 1.2747087 4.1838762
4.8140055 1.2757204 4.1826228
4.8172059 1.2758584 4.1784049
4.8179498 1.2755564 4.179467
4.8182493 1.2747979 4.180783
4.8220684 1.2731611 4.1815805
4.8200844 1.2758605 4.1836502
4.8154135 1.2778696 4.1760783
4.8142261 1.2746242 4.1841564
4.8175691 1.2730727 4.1828201
4.8168351 1.2736075 4.182824
4.8099967 1.2753062 4.1809342
4.8142981 1.2712172 4.1765854
4.8090553 1.2726132 4.1829811
4.8127539 1.274141 4.1815608
4.8116366 1.2753466 4.1817938
4.8084613 1.2722293 4.1838438
4.8072685 1.2731221 4.1813441
4.8134833 1.2666771 4.1821524
4.8155055 1.269078 4.1764782
4.8141101 1.2650197 4.1777167
3.3321452 2.0845058 3.9805245
3.3308536 2.0844218 3.9816852
3.3310287 2.0877271 3.9778477
3.3353397 2.0807635 3.9803543
3.3341188 2.0737646 3.9769356
3.3254917 2.0765077 3.9755474
3.336252 2.0790116 3.978153
3.3371299 2.0788791 3.9785737
3.3331985 2.0800986 3.9817055
3.3329619 2.0747284 3.9762817
3.3288462 2.0818499 3.9759825
3.3284388 2.0805278 3.975169
3.333436 2.081773 3.9734933
3.3360994 2.0827368 3.9828166
3.3339679 2.0734963 3.9799244
3.3388089 2.0769413 3.9847896
3.3370298 2.0776755 3.9787752
3.3380951 2.076998 3.9788757
3.3333338 2.0736633 3.9740012
3.3262787 2.0825226 3.9724877
3.3318685 2.0742963 3.9796951
3.3345039 2.0784634 3.977852
3.3313122 2.0751638 3.9798116
3.332307 2.07541 3.9773144
3.334477 2.0771201 3.9783942
3.3416713 2.0737898 3.9779705
3.333648 2.0743578 3.9781366
3.3324747 2.0723126 3.976853
3.3387273 2.078699 3.9793467
3.3370773 2.0803607 3.9800248
3.3381341 2.080939 3.9914791
3.3401993 2.078714 3.9880996
3.3453466 2.0786317 3.980517
3.3366359 2.0646853 3.9797494
3.3320821 2.0767214 3.9768482
3.3430254 2.0810371 3.9831002
3.7762804 1.0457818 2.2888778
3.7778335 1.0456571 2.2863946
3.7766868 1.0447539 2.2834571
3.7770264 1.0413499 2.2848991
3.778597 1.0422758 2.2847381
3.7799858 1.0405293 2.2818232
3.7754535 1.0337742 2.2894245
3.7765522 1.0389175 2.2898349
3.7759335 1.0410962 2.291019
3.7786799 1.0461359 2.2844488
3.7782848 1.0454303 2.28472
3.7768387 1.0426627 2.284967
3.7758789 1.044274 2.2871953
3.778602 1.0386004 2.2936474
3.7807274 1.0475976 2.2842791
3.7726082 1.0542918 2.297629
5.2672868 1.9137401 1.4602726
5.2673458 1.9182933 1.4566081
5.2609413 1.916792 1.457673
5.2639212 1.9261762 1.4591024
5.2683356 1.9263301 1.4526164
5.2595383 1.9198256 1.4534965
4.5144703 1.5076233 2.0148049
4.5189751 1.5039342 2.0068901
4.5228039 1.5036106 2.0233537
4.5236242 1.5051622 2.0218674
4.517359 1.499745 2.0206594
4.5173296 1.5014125 2.0211165
4.5171217 1.5002352 2.0185864
4.5151646 1.4960509 2.025022
4.5174103 1.4996211 2.0176185
4.516818 1.5002746 2.0177656
4.5199344 1.50083 2.0239812
4.5245547 1.5031624 2.011643
4.5194377 1.4979836 2.0165923
4.5167135 1.4896033 2.0235364
5.3952637 1.4602684 5.34776
5.4117791 1.4524902 5.3347172
5.4140314 1.4591373 5.3335506
5.4084555 1.4553323 5.3577167
5.4086527 1.4553388 5.359757
5.4085055 1.4555416 5.3477287
5.4065002 1.4602923 5.3487775
5.4164078 1.4562736 5.3484422
5.4103893 1.4529168 5.3450924
5.4087454 1.4526777 5.3564878
5.4091479 1.4536389 5.3548119
5.4107396 1.4588128 5.3439993
5.4065703 1.4589326 5.341752
5.4053962 1.4543108 5.3499014
5.4074459 1.4611004 5.3390785
5.4079741 1.4615349 5.3431623
5.4114953 1.4587764 5.3476754
5.4148812 1.4593386 5.344377
0 0 0
0 0 0
5.7750122 1.4781004 4.4703894
5.7691392 1.4715791 4.4701035
5.7668501 1.4827288 4.4642112
5.7756919 1.4786742 4.4657923
5.7799214 1.4805424 4.464282
5.770065 1.4813508 4.464391
5.7726599 1.4781836 4.4724701
5.7759828 1.4747476 4.4636769
5.770706 1.4711001 4.4628751
5.7762189 1.4801057 4.4674102
5.7794929 1.473865 4.4638975
4.8073394 1.2644383 4.1747196
4.8130891 1.2753297 4.1828272
4.8125656 1.2740872 4.1825635
4.8169697 1.2714162 4.1770495
4.8144506 1.2737797 4.1814599
4.818287 1.2784548 4.1798024
4.8150204 1.2754422 4.1815048
4.8179754 1.2740507 4.1836569
4.8182369 1.2729283 4.1835989
4.8181701 1.2766318 4.1727452
4.8213742 1.2747233 4.1715574
4.8129888 1.2760853 4.1769391
4.8135523 1.2773391 4.1766859
4.8124549 1.2793083 4.1843503
4.8129688 1.2739851 4.1788981
4.8141821 1.2715825 4.1802766
4.8164904 1.276923 4.1794875
4.8115377 1.2748304 4.1831006
4.8140082 1.2743791 4.1817669
4.8223779 1.28202 4.1808972
4.8228335 1.2830356 4.1783263
4.8082818 1.275652 4.1885768
4.8122302 1.27756 4.1850253
4.8157996 1.2690705 4.1835449
4.8137399 1.2700444 4.188881
3.3416923 2.0804776 3.9873389
3.3354085 2.0785609 3.9784288
3.3344731 2.0773008 3.9798392
3.331901 2.0777 3.9775462
3.3344035 2.0767647 3.9762945
3.3394014 2.0781102 3.9719066
3.3457481 2.0775264 3.981225
3.3366629 2.0752977 3.9857201
3.3395374 2.078748 3.9824114
3.3395787 2.0797768 3.9830725
3.3363719 2.0790778 3.9819787
3.3430123 2.0759045 3.9866259
3.343311 2.074024 3.9850684
3.3358036 2.0783959 3.9816167
3.3363184 2.0780145 3.9793037
3.3363006 2.0806493 3.9788432
3.3361085 2.0777536 3.9785244
3.3394097 2.0762988 3.9811563
3.3348784 2.0768059 3.9773882
3.3212717 2.0777675 3.9732802
3.3347212 2.0779825 3.9795588
3.3344942 2.0787824 3.9831953
3.3354562 2.0773008 3.9831904
3.3299827 2.0767233 3.9763715
3.335042 2.0736347 3.9797852
3.3363623 2.0766445 3.9739112
3.3370897 2.0723718 3.9748398
3.3365375 2.076272 3.9772617
3.3375074 2.0806508 3.9798968
3.3356041 2.0796071 3.9785362
3.3345967 2.0743131 3.9819175
3.3397537 2.0820364 3.9816962
3.3341728 2.0821779 3.9811812
3.3322499 2.0677762 3.9744743
3.3328468 2.0886349 3.988325
0 0 0
3.7767156 1.0435339 2.287497
3.7822908 1.0411489 2.2858657
3.7787285 1.0430379 2.2856299
3.7804022 1.043813 2.2824946
3.7774802 1.0427493 2.2865944
3.7735325 1.0389251 2.2855127
3.7786915 1.0360917 2.2819241
3.7686388 1.0447829 2.2835488
3.7769362 1.0466508 2.2806976
3.7758189 1.0431083 2.2832001
3.7765777 1.0461873 2.2849349
3.7765201 1.0498716 2.2888166
3.7828659 1.048241 2.2873916
3.7767542 1.0386032 2.2949822
3.7770317 1.0427703 2.2896993
3.7773619 1.0430625 2.2877325
5.2591642 1.907259 1.4550507
5.2641378 1.9151065 1.4577437
5.2612132 1.917823 1.4571154
5.2543646 1.9210206 1.4509752
5.2565646 1.9198684 1.450448
5.2592873 1.9160175 1.4497569
5.2633856 1.9089302 1.4566513
4.5120441 1.4986482 2.0081971
4.5146047 1.5092601 2.0275216
4.511582 1.5064203 2.0256649
4.5202072 1.5093298 2.0136509
4.5158861 1.5004124 2.0228261
4.5149837 1.4997233 2.0203374
4.5187616 1.4994909 2.019103
4.5169528 1.4987628 2.016991
4.5182219 1.5003171 2.0185268
4.520621 1.4931303 2.0225689
4.5077165 1.5006484 2.0146317
4.5175114 1.5041169 2.0152926
4.5240026 1.5009114 2.0112128
3.9309448 2.5092418 0.19611326
3.9440324 2.5108601 0.21042823
3.9292524 2.5100772 0.19659912
3.9039333 2.5115335 0.17971677
3.9261111 2.5174781 0.20108723
3.9262044 2.5171902 0.19969245
0 0 0
5.4047761 1.4562849 5.3576648
5.4049761 1.4519267 5.3511437
5.402843 1.4497794 5.3510079
5.4152777 1.4452837 5.3545281
5.408143 1.4628946 5.3399428
5.4159189 1.4620687 5.3587377
5.4077378 1.4556407 5.3508815
5.4121782 1.4593488 5.3396533
5.4069354 1.4583861 5.3516481
5.4073678 1.4605145 5.3544765
5.4169309 1.452942 5.3521771
5.7738968 1.4803969 4.4590121
5.7726469 1.4724462 4.472731
5.7739798 1.4747727 4.4663473
5.7748158 1.4780839 4.4664616
5.7823513 1.4788348 4.4600038
5.7814722 1.4733755 4.4659915
5.7781072 1.47451 4.4632446
5.7715528 1.4806737 4.465014
5.7690729 1.4817609 4.4677479
5.7863899 1.4763458 4.4674417
5.7868876 1.4766426 4.4671658
5.7771552 1.4811802 4.4661087
5.7846861 1.4775308 4.4663554
4.8208608 1.2845308 4.1705834
4.816398 1.2709314 4.1827845
4.8178825 1.2734283 4.1828703
4.8123074 1.2735738 4.1804356
4.8166348 1.2722721 4.1850821
4.8179223 1.2784578 4.1841997
4.8193926 1.2766764 4.181984
4.8136004 1.2817553 4.1826551
4.8105953 1.2790923 4.180706
4.8097902 1.2796535 4.1836188
4.8219418 1.2736504 4.176486
4.8093838 1.2765155 4.1795785
4.8098392 1.2765238 4.1821499
4.8124534 1.2796758 4.18362
4.8155036 1.2685726 4.1818377
4.8107358 1.2721885 4.1791769
4.8143603 1.2753966 4.1830133
4.8109869 1.2759887 4.1894789
4.8123091 1.2732972 4.1852166
4.8124145 1.2759322 4.1820588
4.8175185 1.2803433 4.1762798
4.8121995 1.2763281 4.1824861
4.8159689 1.278731 4.1806104
4.8137957 1.2792302 4.180021
4.8133938 1.2755406 4.1873114
3.3242565 2.0741338 3.9631922
3.3345315 2.0799413 3.9798425
3.3352498 2.0788648 3.9790392
3.3354339 2.0830922 3.9749429
3.3348707 2.0793804 3.9765744
3.3366915 2.0774488 3.9779825
3.3371076 2.0727545 3.979592
3.3371957 2.0745881 3.9852685
3.3361155 2.0765165 3.9797786
3.337237 2.0774315 3.9806254
3.3354791 2.0780153 3.980324
3.3350459 2.0779936 3.9830186
3.3383518 2.0761566 3.9808688
3.3360457 2.0826082 3.9792577
3.3442602 2.0794867 3.9826505
3.3366532 2.0785788 3.9792561
3.3385843 2.0797252 3.9829842
3.3252467 2.0754037 3.9797801
3.3324155 2.0725259 3.9787067
3.3230293 2.0722175 3.9751088
3.3338259 2.0784643 3.9816935
3.335487 2.0721382 3.9797673
3.3320669 2.0772234 3.979162
3.3317879 2.0720205 3.977617
3.3374153 2.0773286 3.9758136
3.3395896 2.0760873 3.9790976
3.3403054 2.0808186 3.9754126
3.3380142 2.0777046 3.9719446
3.33241 2.07739 3.9786619
3.3264199 2.0813825 3.9709008
3.3314142 2.0874813 3.9752714
3.3269003 2.0806468 3.9760933
3.3355233 2.0797114 3.9829143
3.3300988 2.0677945 3.9806
3.7732201 1.0430708 2.2860034
3.7716832 1.0367885 2.2939986
3.778097 1.042649 2.2869962
3.7789062 1.0381284 2.2876648
3.7774266 1.0470793 2.2790161
3.7749338 1.0437196 2.2821371
3.7729578 1.0440337 2.2839834
3.7754477 1.0413822 2.2864465
3.7789755 1.0435511 2.2860392
3.7710777 1.0457147 2.2818553
3.7853209 1.0433696 2.2780454
3.7759197 1.0441677 2.2829977
3.7753537 1.0470951 2.2846113
3.7820989 1.0413997 2.2851826
3.7848887 1.0405538 2.2851089
3.7778612 1.0398939 2.2890508
3.7788973 1.0422309 2.2885639
3.7721713 1.0487211 2.2905869
5.2607044 1.9177208 1.4551614
5.2542046 1.9172489 1.4611559
5.2626664 1.9228525 1.4584395
5.2592986 1.916992 1.4555187
5.2585712 1.9208135 1.4488711
5.2604959 1.9249834 1.4550917
5.2601842 1.9163891 1.4548122
5.2516696 1.9263256 1.4535913
5.2636337 1.9133591 1.4579358
4.5172132 1.4997048 2.017849
4.5122044 1.5068861 2.0076941
4.5240433 1.4932126 2.0125565
4.5145208 1.4918806 2.0184458
4.5152735 1.4968194 2.0175041
4.5095716 1.5093318 2.0240955
4.5138125 1.5028746 2.0269973
4.5281725 1.4901814 2.0163863
4.5080632 1.5065968 2.0097718
4.5175783 1.5003117 2.0159649
3.9432293 2.5057457 0.19883834
3.9269038 2.5103648 0.19476499
3.9362195 2.5096768 0.20907931
3.931119 2.509485 0.20006947
3.9298632 2.510786 0.20034219
3.933292 2.5160587 0.19986717
3.9285237 2.511195 0.19621284
3.9038877 2.5066621 0.18267382
4.6556619 2.5601273 4.5990769
4.6577706 2.5605945 4.6062812
4.6579856 2.5590707 4.6058091
4.6510302 2.5589837 4.598799
4.6495519 2.5593029 4.597421
4.6467622 2.5587417 4.595062
4.6547192 2.5599632 4.5944792
4.6434725 2.5673762 4.5977577
5.4087468 1.4515511 5.342125
5.4108936 1.4591975 5.3566872
5.7749858 1.4801936 4.4674246
5.7755635 1.4804184 4.4686135
5.7701047 1.4752624 4.4673068
5.7705104 1.4749561 4.4707303
5.7702319 1.476219 4.4725297
5.7777332 1.476983 4.4723533
5.7748221 1.4849102 4.4681545
5.7724148 1.4794748 4.4684957
5.7774484 1.4786997 4.4584949
5.7816471 1.4814699 4.4766273
5.7810158 1.4827151 4.4760633
5.7730654 1.4824671 4.4642568
5.7767466 1.4786897 4.4670879
5.775342 1.4788638 4.4663395
0 0 0
4.8157965 1.2747613 4.1827828
4.8156427 1.2730792 4.1832913
4.814184 1.2730774 4.1826267
4.8137449 1.2738141 4.1831111
4.8193869 1.2778413 4.1823425
4.8107503 1.2802714 4.1820369
4.813725 1.2765741 4.1828443
4.814273 1.2848154 4.1840163
4.8168183 1.2825032 4.1863656
4.8156146 1.2754014 4.1807498
4.8134562 1.2751639 4.1783817
4.8106601 1.2786872 4.1799406
4.8123836 1.2784176 4.1802276
4.8077213 1.2734323 4.1900407
4.8114054 1.2747649 4.1810098
4.8134805 1.2725371 4.1821168
4.812134 1.2803053 4.1874491
4.8112295 1.2794103 4.1883485
4.8129123 1.2758249 4.1826246
4.8137182 1.2781507 4.1821102
4.8124774 1.2732354 4.1824667
4.8120938 1.2747427 4.1821901
4.8166921 1.2739228 4.1786069
4.8158852 1.273749 4.1849133
3.332564 2.0779863 3.9748101
3.3327004 2.0780807 3.9748099
3.3350887 2.0772601 3.9781874
3.3289444 2.0819149 3.9690617
3.3313264 2.0836557 3.9763416
3.3391949 2.0772437 3.9804672
3.3367558 2.0816142 3.9832435
3.3350612 2.0734023 3.9832355
3.3363535 2.0775803 3.9781266
3.3425819 2.0748457 3.9803397
3.3356727 2.0775024 3.9813346
3.3379058 2.0790249 3.9826177
3.3395466 2.082243 3.9804032
3.3400762 2.0815471 3.9811661
3.34309 2.074192 3.9839999
3.3362925 2.0781867 3.9792865
3.3327306 2.0714691 3.980901
3.3276028 2.0740746 3.9842999
3.3282456 2.0752613 3.9807338
3.3322071 2.0702838 3.9760385
3.332295 2.0771412 3.9801452
3.3409846 2.0745543 3.9839185
3.3444672 2.0742293 3.9781714
3.336615 2.0803901 3.9700567
3.3361297 2.0795981 3.978619
3.340431 2.079906 3.9786018
3.3378613 2.0795411 3.9777049
3.3398628 2.0757332 3.9806529
3.3374378 2.0784847 3.979917
3.3365185 2.0773604 3.978835
3.3370424 2.079131 3.9742803
3.3364492 2.0747723 3.9823662
3.3267865 2.0844464 3.9780419
3.3358896 2.0779393 3.9788824
3.7804517 1.0456455 2.2882979
3.7764675 1.042526 2.2885199
3.7785823 1.0441568 2.2869675
3.7775918 1.0423287 2.2917797
3.7726636 1.0494538 2.2838756
3.7798492 1.0421372 2.2917954
3.776452 1.0407276 2.2948403
3.7764525 1.0388525 2.29206
3.7787064 1.0414902 2.2849877
3.7863525 1.0423213 2.2846789
3.7827857 1.0464136 2.2905586
3.7786086 1.0432926 2.2866894
3.7741715 1.0476982 2.2895768
3.7741098 1.0396509 2.290367
3.7774889 1.0402986 2.2884769
3.7782606 1.0373301 2.2873346
3.7697113 1.048256 2.3017955
0 0 0
5.2609483 1.9189157 1.453723
5.251766 1.9222816 1.4547545
5.2614099 1.9215568 1.4611766
5.2610975 1.9177999 1.454033
5.2635279 1.9225718 1.4526244
5.2640757 1.9244727 1.4539449
5.2612666 1.9124919 1.4540755
5.2480492 1.9229964 1.4513974
5.2565174 1.9289197 1.4528034
5.2612406 1.9213754 1.4582409
5.2574116 1.9201691 1.4558594
5.2564966 1.9273798 1.457058
5.261871 1.921539 1.4474541
5.2619716 1.9206034 1.4524668
5.2637994 1.913879 1.4555007
5.2609015 1.9182439 1.455601
5.2610993 1.920128 1.4580355
5.2593703 1.9227096 1.4620844
3.9244709 2.5145617 0.19503804
3.930459 2.5143575 0.19843805
3.9325517 2.5094691 0.19900803
3.9284173 2.5113881 0.19734241
3.9301196 2.511521 0.19870499
3.9295979 2.509887 0.19905602
3.9237328 2.5122554 0.19368468
3.9272029 2.513208 0.19776968
3.9421663 2.5158314 0.20255516
0 0 0
4.6551294 2.5605065 4.602423
4.6592987 2.5556063 4.6127836
4.6624842 2.5580063 4.6173008
4.6499682 2.559947 4.5976622
4.6471566 2.5633011 4.6023803
4.6637572 2.5629322 4.6100676
4.6400367 2.5582447 4.5907899
4.6531087 2.5576859 4.606112
4.6422207 2.564491 4.5909792
5.7762947 1.4780268 4.4733292
5.7750734 1.479173 4.4669458
5.7743362 1.4822704 4.4696667
5.7707865 1.4742388 4.4702693
5.7748775 1.4803942 4.4699216
5.7748973 1.4815249 4.470603
5.7720564 1.4822978 4.4712974
5.7742923 1.4798778 4.4662206
5.7743311 1.47625 4.4597512
5.7715902 1.4726107 4.4782535
5.7780145 1.4878934 4.4715081
5.7741531 1.4777581 4.4642884
5.7747684 1.4794774 4.4665769
5.7685859 1.4819453 4.4649688
5.7638839 1.4831802 4.4681251
4.826467 1.2720679 4.1716236
4.8131132 1.2745422 4.1714716
4.8171124 1.2729982 4.1810892
4.8146917 1.2732884 4.1817786
4.8138782 1.2749352 4.1821796
4.8088127 1.2765218 4.1811096
4.8126079 1.2745803 4.1833047
4.8132444 1.2726699 4.185034
4.8151904 1.2794367 4.1840351
4.8124596 1.2777003 4.1832424
4.8089764 1.2804141 4.1855569
4.8109828 1.2813675 4.1847685
4.8198852 1.2785515 4.1807949
4.8096974 1.2821038 4.1847287
4.811633 1.274576 4.1816284
4.8110473 1.2695338 4.1782849
4.8108994 1.2702298 4.1777061
4.8126645 1.2750838 4.1824831
4.8163834 1.2758509 4.1856307
4.8141434 1.2752155 4.1837873
4.8133663 1.274309 4.1820866
4.8138876 1.2752284 4.1851147
4.8130213 1.2752506 4.182768
4.8169192 1.2727699 4.1855832
3.3346792 2.0788158 3.978387
3.335549 2.0831516 3.9762094
3.3289413 2.0815811 3.9718573
3.3236957 2.0754755 3.9686826
3.3350231 2.0684476 3.9742707
3.3299738 2.0754973 3.9824428
3.3355965 2.0805629 3.9774472
3.3409566 2.0781906 3.9834167
3.3370502 2.0776041 3.9768049
3.3422417 2.0741627 3.9811614
3.3421892 2.0770646 3.9805214
3.3354272 2.0728188 3.9796453
3.3363159 2.0729191 3.9792041
3.3427815 2.081516 3.9830932
3.3391163 2.0756081 3.9838715
3.3306138 2.0800756 3.9763634
3.3272084 2.074251 3.9728649
3.324907 2.0740438 3.9813156
3.3318934 2.0786641 3.9718564
3.3274538 2.0744544 3.9708707
3.3315871 2.0763213 3.9699947
3.3350761 2.0779551 3.9754024
3.3354306 2.0799905 3.9771478
3.330951 2.0787029 3.9748917
3.3363602 2.0783591 3.9786327
3.3369134 2.0784322 3.9785427
3.3356439 2.0797701 3.9752193
3.3370873 2.0759047 3.9717782
3.3403631 2.079264 3.9760851
3.3363829 2.0738823 3.9800618
3.3321082 2.0785288 3.9802396
3.3315153 2.0796238 3.9805258
3.3283881 2.0856788 3.9743845
3.7795984 1.043527 2.2873729
3.7784751 1.0397074 2.2876342
3.7834754 1.0458283 2.2838844
3.7794994 1.0453504 2.2846085
3.7793257 1.0449698 2.285922
3.7732097 1.0467979 2.2913547
3.7762529 1.0422425 2.2890919
3.7808105 1.0433841 2.2818859
3.7833505 1.0440539 2.2830598
3.7733645 1.0440654 2.2874763
3.7736781 1.0438985 2.2924439
3.7818291 1.0384975 2.2914392
3.7846651 1.0421387 2.2858756
3.7741244 1.0416707 2.2875045
3.7774661 1.0401274 2.2866955
3.7764183 1.0403356 2.2889982
3.7782356 1.0409439 2.284542
3.7773593 1.0417486 2.2874924
3.7725634 1.031354 2.2994384
5.2600451 1.9263338 1.4549715
5.2578434 1.9208464 1.4607983
5.2596553 1.9180789 1.4517771
5.2567399 1.9192194 1.4534229
5.2602201 1.9192848 1.4541829
5.2592091 1.9204918 1.4529393
5.2638939 1.914973 1.4566801
5.2561355 1.9148707 1.4503497
5.257678 1.9163342 1.4483691
5.2589635 1.918991 1.4559597
5.2609393 1.9202884 1.4634918
5.2617201 1.9184118 1.454996
5.2621678 1.9191132 1.457221
5.2602262 1.9260039 1.456713
5.2584474 1.9185142 1.4520205
5.2591621 1.9184678 1.4543469
5.2589594 1.9194274 1.454722
0 0 0
3.9239946 2.5116537 0.19327868
3.925417 2.5193213 0.19601518
3.9326634 2.5157704 0.2074324
3.9324599 2.5070241 0.20104288
3.9298694 2.5066981 0.19654811
3.9262082 2.5118133 0.19413808
3.9271284 2.5090572 0.19621458
3.9436239 2.5171517 0.20226364
3.9432588 2.5158995 0.20080806
3.9387538 2.5206627 0.20814749
4.6469823 2.562919 4.5978098
4.6538766 2.5617711 4.6047981
4.6514548 2.5573138 4.6091214
4.6463876 2.5540605 4.5939028
4.6451024 2.5664448 4.5927341
4.6508802 2.5632892 4.6003496
4.6531895 2.5560089 4.6024854
4.6511048 2.5669481 4.5952023
4.6570117 2.5719399 4.608482
5.7747804 1.4771541 4.4656528
5.7747122 1.4789147 4.4661299
5.7707637 1.4810085 4.4625386
5.7769119 1.4813186 4.4641968
5.7737049 1.4812319 4.4621199
5.7736988 1.4774332 4.4661225
5.7750413 1.4810234 4.4673306
5.7717724 1.4804848 4.4657097
5.7790304 1.4801577 4.4686216
5.7730334 1.471349 4.474913
5.7751117 1.4789921 4.4681361
5.7750869 1.4790512 4.4680139
5.7713355 1.4756176 4.4719875
5.7696589 1.4754117 4.4725762
5.7829511 1.4706872 4.4571583
4.8084322 1.276289 4.1915085
4.8018032 1.2750008 4.1810697
4.8116812 1.2720605 4.1787617
4.8143164 1.2697586 4.1811202
4.8131669 1.2747586 4.1822979
4.8123008 1.2716136 4.1856319
4.8126528 1.2740072 4.1833086
4.8134009 1.2716607 4.1809183
4.8107437 1.2706889 4.1825936
4.8075729 1.2752432 4.1807135
4.8093883 1.2708201 4.181521
4.8083297 1.2715811 4.1829774
4.8159916 1.2707034 4.1868454
4.8199125 1.2749363 4.1824048
4.8156355 1.2725988 4.1866144
4.812106 1.2754238 4.1823038
4.8140492 1.2733525 4.1815937
4.8107728 1.2748009 4.1815154
4.8144855 1.276063 4.1905705
4.8136963 1.2740101 4.1849735
4.8150523 1.2725243 4.1809889
4.8138835 1.274964 4.1848573
4.8084909 1.2784644 4.1851227
4.812642 1.2780691 4.1822327
3.3381522 2.0751462 3.9802779
3.3373516 2.0745589 3.9795148
3.3376997 2.0800972 3.9814576
3.337018 2.0847281 3.974001
3.3429791 2.0735958 3.9831205
3.3297649 2.078163 3.9804933
3.3359841 2.0784484 3.9900682
3.3318528 2.0753529 3.9872867
3.330485 2.0710136 3.980478
3.3327404 2.0803694 3.9757515
3.3333178 2.0772855 3.9758561
3.3389958 2.080338 3.9819723
3.3382559 2.0752863 3.9862803
3.339296 2.0748599 3.985846
3.3278731 2.0748971 3.9839126
3.3349822 2.0787571 3.9787079
3.3332364 2.0780201 3.9845133
3.3341969 2.0782406 3.9768522
3.3354631 2.0783542 3.978655
3.336387 2.0785618 3.9787178
3.3308165 2.0701655 3.980611
3.3395423 2.076613 3.9790659
3.3345658 2.0812888 3.9826094
3.3361594 2.081638 3.9836061
3.3461811 2.0843136 3.9819645
3.3446361 2.0776475 3.9756945
3.3367221 2.0753502 3.9786298
3.339664 2.0722857 3.9782919
3.3435039 2.074128 3.9827514
3.3391755 2.0768563 3.9760736
3.3361302 2.0786797 3.9783019
3.3325547 2.081645 3.9681822
3.3260536 2.0718548 3.9802937
3.7816687 1.0390802 2.2766718
3.7779945 1.0412557 2.2829572
3.7820559 1.0418893 2.2767241
3.7756308 1.0480149 2.2855486
3.7746717 1.0397918 2.2835953
3.7787004 1.0390325 2.2837392
3.7783488 1.0391749 2.2897195
3.7796693 1.0436371 2.2845922
3.7765553 1.0445807 2.2869753
3.7813978 1.0410602 2.2834452
3.7811527 1.0399381 2.2823276
3.7773851 1.0402797 2.2850085
3.7800738 1.042634 2.2864446
3.779097 1.0433286 2.2867182
3.7770462 1.0399768 2.2876989
3.7789391 1.0416558 2.2855215
3.7780872 1.0410107 2.2864775
3.7747305 1.0405846 2.2898259
3.7747536 1.0422911 2.2884545
5.2587572 1.9193012 1.4603218
5.260267 1.9184956 1.4539315
5.261911 1.9180412 1.4552557
5.2587785 1.9190049 1.4551698
5.2603961 1.9186239 1.4569118
5.2613338 1.9185314 1.458362
5.2610739 1.9196389 1.4576079
5.2603854 1.9171652 1.4510622
5.259091 1.9170704 1.4540799
5.2597389 1.9180898 1.4574801
5.2645818 1.9182295 1.4626467
5.2590944 1.9201711 1.4546084
5.2631557 1.9187487 1.4576285
5.2556401 1.9241767 1.4541961
5.259299 1.9176545 1.4518477
5.2598371 1.9191023 1.4530182
5.256693 1.9207936 1.4526273
0 0 0
3.9389436 2.5103021 0.2058231
3.9402998 2.5112512 0.2072641
3.928145 2.5131317 0.19799524
3.9290619 2.5110429 0.19726354
3.9283902 2.5126429 0.19659037
3.9271013 2.5117325 0.19765748
3.9284917 2.5097879 0.19604164
3.9433463 2.51845 0.20473812
3.9293751 2.5119682 0.19620012
3.9297772 2.5125219 0.19801709
4.6541805 2.5598292 4.6033593
4.6548034 2.5587614 4.6051677
4.6548764 2.5618314 4.6069317
4.643038 2.5582235 4.6012584
4.6362672 2.5530917 4.5881176
4.6435519 2.5535187 4.5967786
4.6473412 2.5580578 4.6005529
4.655287 2.5594482 4.6106362
4.6414363 2.569712 4.5929149
5.7747005 1.4785459 4.4663021
5.7707791 1.4825166 4.4652903
5.7686706 1.4814089 4.4659103
5.7745101 1.4777795 4.4638331
5.7787378 1.4757169 4.4633903
5.7722487 1.4796725 4.4661691
5.7759967 1.4773563 4.4718613
5.7739813 1.4770135 4.4635056
5.7715235 1.4793819 4.467228
5.7730909 1.4777844 4.4667822
5.7749941 1.4785702 4.4661982
5.773029 1.4783418 4.4661748
5.7750685 1.4788009 4.4677066
5.7793563 1.4791684 4.4614321
5.7869653 1.4803086 4.4634718
4.8084989 1.2760879 4.1854969
4.8124086 1.2829802 4.1763701
4.8194543 1.2788027 4.1799564
4.8180176 1.2763518 4.177553
4.8135695 1.2786359 4.1793393
4.8103375 1.2737286 4.1878826
4.8124527 1.2762773 4.1833636
4.8130477 1.2750101 4.1823208
4.8128093 1.2749615 4.1824586
4.8130604 1.2749269 4.1818536
4.8181769 1.2721399 4.1792571
4.8130848 1.2764978 4.1835327
4.8116111 1.274895 4.1826679
4.8122428 1.274486 4.1904167
4.8125165 1.2743732 4.1829346
4.8121235 1.2669619 4.1821987
4.8140427 1.2675729 4.1842692
4.8134258 1.277148 4.1811516
4.8122654 1.2684307 4.1926274
4.8062221 1.2677336 4.1920445
4.806787 1.2714619 4.1855511
4.8142031 1.279885 4.1827984
4.8083514 1.2745868 4.1777365
4.802513 1.2757504 4.1970946
0 0 0
3.3365185 2.077264 3.980134
3.338623 2.0785344 3.9791402
3.3489027 2.0721984 3.9816617
3.3412002 2.0805068 3.9884578
3.3422595 2.083647 3.9800436
3.3385421 2.0826758 3.9753031
3.3300025 2.0811565 3.9796902
3.3332624 2.0748176 3.9685567
3.3390478 2.0755229 3.9705887
3.3377189 2.0807374 3.9715098
3.3357587 2.0802704 3.9778944
3.3367539 2.0778305 3.9783325
3.3359636 2.0766202 3.9778243
3.3295316 2.0758355 3.9860489
3.3355474 2.0764204 3.9791805
3.3355102 2.0754776 3.9840453
3.338049 2.0756416 3.9877105
3.3358577 2.0769578 3.9785579
3.3351535 2.0781108 3.9772297
3.3326993 2.0723507 3.9842567
3.3365719 2.0784103 3.9791411
3.3395505 2.0824114 3.9795429
3.3405087 2.07835 3.9806935
3.3284999 2.0782006 3.9809389
3.3360172 2.0799253 3.9747608
3.3355085 2.080479 3.9739306
3.3346736 2.0722414 3.9646784
3.3301064 2.0832254 3.977512
3.3341046 2.0756107 3.978373
3.3332859 2.0932481 3.9756324
3.3202141 2.0800866 3.9625877
3.7685016 1.0492819 2.300142
3.7781834 1.0350204 2.2930747
3.7807344 1.0360198 2.281469
3.775593 1.0390498 2.281963
3.7745931 1.0406646 2.2898105
3.7784548 1.0394751 2.2864131
3.7791024 1.0427062 2.2848944
3.7795133 1.038559 2.2865135
3.7829377 1.0386287 2.2916174
3.7772944 1.0452288 2.2874888
3.7790827 1.0423495 2.285719
3.7790246 1.0407553 2.284145
3.7826963 1.0400059 2.2838608
3.7803189 1.042854 2.2867575
3.7799071 1.0417941 2.2844215
3.7771326 1.044338 2.2862608
3.7788054 1.0411866 2.2884598
3.7788328 1.0401547 2.2884841
3.7777271 1.0457155 2.289539
3.7771255 1.041673 2.2873378
5.2612977 1.9206847 1.4633578
5.2640295 1.9216457 1.4642775
5.2627953 1.9236698 1.4575414
5.2629383 1.9241105 1.4578804
5.2607263 1.9182155 1.4580586
5.2608181 1.9239644 1.4509114
5.2611616 1.922803 1.450332
5.2620529 1.92068 1.4543172
5.2563951 1.9129087 1.4463721
5.2583274 1.9171309 1.4619278
5.2564022 1.9197406 1.4599024
5.2593485 1.9129755 1.4553456
5.2618287 1.9211631 1.4519986
5.2630626 1.9217216 1.4551216
5.2605748 1.9190936 1.4541703
5.2600422 1.9151478 1.457585
5.2615788 1.9223787 1.4514945
5.2631639 1.9227861 1.4557118
3.94668 2.505334 0.21116806
3.9262603 2.5169298 0.19959351
3.9286917 2.513393 0.19821347
3.9266922 2.5129541 0.19338092
3.9287691 2.5105134 0.19626218
3.9291208 2.5109189 0.19437742
3.9284292 2.5185041 0.18689856
3.93779 2.5148218 0.19306657
3.9303053 2.5085182 0.20121806
3.9294609 2.5063744 0.19495754
3.9326301 2.5081282 0.19672571
4.6491517 2.5622938 4.5987561
4.644632 2.5564745 4.5992272
4.6565754 2.5594163 4.6006292
4.6500453 2.5614517 4.5941623
4.6469501 2.5543726 4.5902148
4.654229 2.5565076 4.5992709
4.6584982 2.5617755 4.6101152
4.6603734 2.5570405 4.6019773
5.7741844 1.4731733 4.475886
5.7769296 1.4764475 4.4627018
5.7751917 1.4780624 4.4660468
5.7761351 1.4807858 4.464109
5.7806697 1.4782645 4.460824
5.7757453 1.4736482 4.471382
5.7713323 1.4822067 4.4765119
5.776526 1.4798512 4.4665553
5.7781867 1.4794829 4.4639962
5.7750207 1.4777907 4.4630464
5.7762119 1.4756787 4.4639864
5.7758399 1.4803857 4.4651437
5.7762928 1.4780496 4.4694851
5.7738265 1.4781456 4.4653624
5.7744121 1.4849774 4.4672998
0 0 0
4.8127814 1.277511 4.1828687
4.8133947 1.2755359 4.1814289
4.8136925 1.2768934 4.1794727
4.8139148 1.2756028 4.1811705
4.8162711 1.2803369 4.1804521
4.8136571 1.275704 4.182023
4.8178899 1.2754793 4.1823801
4.8166524 1.2767675 4.1871854
4.8124832 1.273846 4.1839915
4.8170148 1.2788084 4.1838053
4.8131783 1.2750516 4.1820823
4.8146125 1.2689537 4.1778597
4.8020956 1.284746 4.1817215
4.8116819 1.2745617 4.1831733
4.8124254 1.2745021 4.1818834
4.8123079 1.2748377 4.1825979
4.811035 1.2764718 4.1932981
4.8119428 1.2736595 4.192513
4.8110835 1.2700528 4.1892957
4.8129681 1.2752478 4.1817092
4.8139597 1.2764442 4.180992
4.8136245 1.2723867 4.18037
4.8112899 1.2726321 4.1816609
3.3278003 2.079352 3.9736068
3.3266394 2.0776705 3.9833272
3.3269935 2.082344 3.9827107
3.3492802 2.0723791 3.9852125
3.3321844 2.0754031 3.9768184
3.3356271 2.0777256 3.9778779
3.3329563 2.080151 3.9811556
3.3360209 2.0772213 3.9872779
3.3380725 2.0725555 3.9743403
3.3371365 2.078573 3.9787375
3.3418856 2.0860896 3.9788951
3.3349452 2.0821139 3.9790779
3.3340005 2.0824837 3.9793304
3.3300677 2.0758515 3.9750006
3.3354522 2.0818203 3.978733
3.3350831 2.0806446 3.978319
3.3351132 2.0727389 3.983038
3.347751 2.0786154 3.9865992
3.3496659 2.0759904 3.9883753
3.3392587 2.0777316 3.9877698
3.3363422 2.0785497 3.9798822
3.3373206 2.0796942 3.9804325
3.3389643 2.0769592 3.981147
3.3389411 2.0779661 3.9809531
3.3256046 2.0870227 3.9804365
5.5815049 1.2146192 2.5341269
5.5847312 1.2089415 2.5194262
5.5767797 1.2237088 2.5279822
5.574251 1.2092382 2.5247379
0 0 0
0 0 0
0 0 0
3.774688 1.0558548 2.2816661
3.76942 1.0356892 2.2895499
3.7777003 1.0411524 2.2852755
3.7778039 1.042364 2.2848105
3.7770925 1.0416761 2.2871579
3.7762208 1.0399916 2.2885163
3.7793964 1.0415302 2.2830287
3.7762272 1.045793 2.2916421
3.7797659 1.0406091 2.2953558
3.7732882 1.0388146 2.2846682
3.7776079 1.0465812 2.2829841
3.7722882 1.0476094 2.2910251
3.7797507 1.042449 2.2947298
3.7748664 1.0396942 2.2950119
3.777589 1.0463502 2.2883671
3.7759132 1.0431604 2.2851226
3.7773673 1.0421975 2.2865136
3.7774997 1.0421565 2.2870658
3.783679 1.050606 2.290182
3.7723243 1.0547593 2.2961776
5.2756123 1.9264513 1.4601399
5.2615184 1.93059 1.4547094
5.2612674 1.913861 1.4527311
5.2539248 1.9176413 1.457133
5.2579362 1.9207652 1.4531161
5.2643315 1.920413 1.4573997
5.259828 1.9177526 1.4531696
5.2533692 1.9154966 1.4452682
5.2595144 1.9129637 1.4471455
5.2544763 1.9192745 1.4578162
5.2650542 1.9248133 1.453299
5.2611283 1.9200718 1.4474274
5.2611987 1.9193419 1.4535297
5.2575192 1.919163 1.4505705
5.2615309 1.9126602 1.4561648
5.2682607 1.9137724 1.4559187
5.261855 1.9226935 1.454384
5.26153 1.9291154 1.4592353
3.9185389 2.5166719 0.18317653
3.9330869 2.5173905 0.20785722
3.9449858 2.5094583 0.21185354
3.9325051 2.5076708 0.19896395
3.9297523 2.5105868 0.19683848
3.9266682 2.5120025 0.1931141
3.9207026 2.5172152 0.18836831
3.9454368 2.5161866 0.20803559
3.9325031 2.509599 0.20138946
3.9313572 2.5137849 0.2004628
3.9290705 2.5115506 0.1963141
3.9412139 2.5118608 0.21975735
4.6615823 2.55856 4.6188393
4.6498587 2.5598231 4.5978638
4.6433746 2.563016 4.5882354
4.6510674 2.560943 4.5984129
4.6532414 2.562001 4.6000254
4.6518879 2.5593877 4.599806
4.6697013 2.5662828 4.6213623
5.7750653 1.4776217 4.4667165
5.7760505 1.4758088 4.4665384
5.7746106 1.475771 4.4685673
5.7749931 1.4721525 4.4638364
5.7803252 1.4746136 4.4630697
5.7674949 1.4848851 4.4699189
5.7634499 1.4791255 4.4721714
5.7683729 1.479221 4.466575
5.7752292 1.4797156 4.4648373
5.7747608 1.4775253 4.4611003
5.7713421 1.477158 4.4632176
5.7718933 1.4781479 4.4624109
5.7776916 1.4816552 4.4705546
5.7751141 1.47852 4.471378
5.774349 1.4814032 4.4689847
5.7750728 1.4785079 4.464743
4.8234889 1.2815867 4.1718927
4.8108321 1.2718146 4.1776803
4.8125431 1.2753355 4.1813589
4.8141988 1.2765097 4.1732033
4.8143943 1.2766152 4.1732517
4.8121869 1.2847224 4.1795565
4.8149474 1.2862025 4.1822712
4.8114805 1.2788057 4.1893177
4.811898 1.2694772 4.1809803
4.8177814 1.2763418 4.175624
4.8145359 1.2722318 4.1797072
4.8224133 1.2703999 4.1861514
4.8061171 1.2882117 4.1805024
4.8147793 1.2739419 4.1716869
4.8119335 1.2662594 4.1848045
4.8105572 1.2752941 4.1829956
4.8179937 1.2715196 4.1875978
4.8136302 1.2768837 4.1937845
4.8149459 1.2802027 4.1793783
4.8121425 1.2753086 4.1817536
4.8162819 1.2796209 4.178039
4.8151956 1.2727479 4.1822626
4.8200253 1.2678907 4.1908552
3.3355684 2.0832273 3.9880303
3.3414129 2.076304 3.9886268
3.3396315 2.0807229 3.9772445
3.3385023 2.078185 3.978893
3.3358192 2.0816508 3.9809699
3.3371721 2.0776355 3.981142
3.3362172 2.0794129 3.978835
3.3358679 2.0753593 3.9844425
3.3367563 2.069395 3.9818624
3.3381486 2.080171 3.9793242
3.3422106 2.0807453 3.9774039
3.3393048 2.0820911 3.9784453
3.3318515 2.0780247 3.9752708
3.3403142 2.0712214 3.9781987
3.3359782 2.079713 3.979037
3.3381375 2.0797572 3.9738129
3.3376715 2.0770703 3.9788314
3.3392337 2.0773007 3.97149
3.3427893 2.0775798 3.9710609
3.332365 2.0819848 3.9748257
3.333289 2.0773402 3.9795957
3.3350345 2.0792276 3.9786528
3.3297341 2.0844373 3.9650178
5.5774101 1.2191929 2.5338057
5.5666423 1.2247492 2.5291551
5.5735263 1.2241615 2.5253062
5.5693294 1.2144969 2.5271035
5.5773853 1.217836 2.5209934
5.5746963 1.2159512 2.531626
5.5735017 1.2185718 2.5311485
5.5905569 1.218685 2.5274813
0 0 0
3.7740331 1.042432 2.29162
3.7771742 1.0418795 2.2820985
3.7791299 1.0437645 2.2868856
3.7827068 1.0424574 2.2834993
3.7767281 1.0414504 2.2877762
3.7787221 1.0428746 2.2868234
3.7804615 1.0403181 2.2856005
3.778473 1.0422517 2.2858977
3.7693925 1.038165 2.2882921
3.7705325 1.0471469 2.2855966
3.7781039 1.0442093 2.2856543
3.7781039 1.0497408 2.2865417
3.7760649 1.045062 2.2817217
3.7772262 1.0428245 2.2820521
3.7765717 1.0426208 2.2878651
3.772159 1.0409657 2.2887273
3.7733938 1.0394488 2.2872086
3.7742741 1.0416081 2.2861847
3.7815711 1.043905 2.2896951
3.7818506 1.0404068 2.2932836
5.2569479 1.9108241 1.440398
5.2603262 1.922993 1.4606581
5.2600457 1.9173088 1.4499671
5.2647266 1.9225058 1.4631759
5.2574279 1.9311635 1.4490812
5.2567614 1.9312972 1.4521295
5.262516 1.926095 1.4490047
5.2539899 1.9150966 1.4515698
5.2560638 1.917863 1.4545909
5.259252 1.9188029 1.4544708
5.2563119 1.9183957 1.4456184
5.258209 1.9156487 1.4448415
5.2644857 1.9193178 1.4521452
5.2586949 1.9185253 1.4515054
5.2649458 1.9174949 1.4502625
5.2666144 1.917025 1.4549984
5.2626692 1.9169164 1.4524391
5.2700933 1.9203732 1.4525016
3.9212348 2.5065187 0.18634825
3.9310237 2.5081125 0.19688876
3.9313172 2.5063889 0.19504695
3.9292438 2.5098232 0.19570863
3.9318291 2.5112914 0.19904029
3.9358118 2.5130489 0.1966973
3.9211762 2.5163136 0.19323701
3.925926 2.5014419 0.1904167
3.9272558 2.5019116 0.1917069
3.9305725 2.515102 0.19221738
3.9230771 2.5117906 0.190104
3.92012 2.5004875 0.19167307
4.6516825 2.5614158 4.6142579
4.6712486 2.5610285 4.6227832
4.6481874 2.5609988 4.5887564
4.6570486 2.5587555 4.6042655
4.6522124 2.5592917 4.600753
4.6535399 2.5614311 4.5984786
4.6635838 2.5567662 4.6088952
5.7723095 1.4790537 4.4728822
5.7735637 1.4769976 4.4680813
5.7768028 1.4765494 4.4651501
5.7786686 1.4778124 4.4650684
5.7780532 1.4764677 4.4675201
5.7729008 1.4779882 4.4683641
5.7722116 1.4783713 4.4656483
5.7745192 1.4798958 4.4672302
5.7748804 1.4790374 4.4647781
5.7753627 1.4783594 4.4623382
5.7781409 1.4758357 4.464109
5.778957 1.4766955 4.4631326
5.7788123 1.4793575 4.4669006
5.7755809 1.4764502 4.465624
5.7768564 1.4807046 4.4663398
5.782887 1.4811923 4.4684987
4.8196467 1.2741565 4.1794162
4.8150526 1.2703618 4.1862046
4.8056237 1.2746763 4.1820367
4.8061174 1.2736672 4.1819352
4.8138529 1.2851146 4.1805179
4.816175 1.2744979 4.1818636
4.8160512 1.2753706 4.1814716
4.8089986 1.2712382 4.1840845
4.8124308 1.2693892 4.1809615
4.8130628 1.265334 4.1849834
4.8167202 1.2712082 4.1863243
4.825331 1.2769185 4.1868148
4.8239549 1.2846414 4.1773004
4.8102242 1.2671365 4.1862548
4.8178779 1.2687305 4.1836836
4.8138759 1.2755507 4.1855197
4.8170617 1.2744117 4.1924337
4.8128977 1.2746724 4.182691
4.8106731 1.2679264 4.1759503
4.8169589 1.2767106 4.1796188
4.8111389 1.2826176 4.1822706
4.8160704 1.2763244 4.1812769
4.8151147 1.2737917 4.1835067
3.346345 2.0815747 3.990429
3.3359032 2.0782415 3.9794022
3.329335 2.0787404 3.9756738
3.3320468 2.077711 3.9686227
3.3381025 2.0839333 3.975927
3.3321483 2.0771903 3.9746789
3.3334979 2.0782212 3.9797982
3.3355893 2.0751488 3.9847932
3.3362472 2.0754325 3.9844648
3.342234 2.0774703 3.9881866
3.3345531 2.0845484 3.9768977
3.3341289 2.0787395 3.9813584
3.3367956 2.0748297 3.9761705
3.3449376 2.0780257 3.9838986
3.3392209 2.0831344 3.9771557
3.3432855 2.0774483 3.9788196
3.3437172 2.0763726 3.980034
3.3341237 2.0802223 3.9783076
3.340168 2.0847301 3.9790724
3.3372541 2.0773279 3.9784799
3.3380895 2.0787487 3.9827773
5.5796887 1.2159884 2.5331101
5.5737165 1.2186659 2.5307229
5.5772252 1.222709 2.5300503
5.5650345 1.2217652 2.5282077
5.5770521 1.2120595 2.5283063
5.5809923 1.2188411 2.5281936
5.5759183 1.2131936 2.529118
5.5752713 1.2126118 2.5301378
5.5767107 1.2178975 2.532921
5.5752737 1.2175765 2.5318673
5.5599 1.2173981 2.5323746
3.775884 1.039795 2.2873261
3.7802742 1.0406255 2.2838553
3.7802302 1.0419324 2.2849091
3.7814992 1.0405293 2.2859659
3.7810004 1.0456007 2.2849916
3.7816694 1.0448042 2.2843157
3.7756713 1.0410973 2.2873356
3.779874 1.0412689 2.2820942
3.7770192 1.0372883 2.2877866
3.7791111 1.048859 2.2806346
3.7781081 1.0440539 2.2852819
3.779203 1.044921 2.2845686
3.7767345 1.0438989 2.2873628
3.7782675 1.0457407 2.2854214
3.7751324 1.0421496 2.2864092
3.7813418 1.0363405 2.2785684
3.7772297 1.038755 2.2768733
3.7782754 1.0450532 2.2802409
3.780238 1.047286 2.2880132
3.7751544 1.0283376 2.2921182
5.2651562 1.9267577 1.4503273
5.2600571 1.9255545 1.451625
5.2585596 1.9190482 1.4554316
5.2617332 1.9175434 1.4537251
5.2697524 1.9155739 1.4559363
5.2647774 1.9129263 1.449914
5.2605215 1.9189397 1.4566661
5.2638452 1.9101161 1.4585898
5.2696142 1.9134105 1.4549487
5.2571203 1.9190175 1.4565774
5.259547 1.9162512 1.4566376
5.2572571 1.920393 1.4531462
5.2608433 1.9181971 1.4519062
5.2609847 1.9182377 1.451061
5.2628837 1.9173736 1.4514066
5.2648206 1.9148333 1.4510611
5.2635092 1.9257851 1.4499312
5.2617128 1.9185341 1.4520567
0 0 0
3.9203491 2.509806 0.18663227
3.9280613 2.5102753 0.19563549
3.9186758 2.5052787 0.19109622
3.9292914 2.5020525 0.20239854
3.938196 2.5086772 0.20139247
3.9338557 2.512409 0.20711197
3.9143379 2.5121991 0.19304894
3.9242165 2.5034841 0.18196981
3.9349264 2.5074678 0.19959036
3.9404305 2.5179924 0.20640345
3.9366736 2.5084908 0.20004148
3.9319173 2.5088431 0.19982273
4.6540806 2.5513851 4.6046554
4.6509805 2.5545352 4.6048484
4.6518434 2.5586032 4.601144
4.6516512 2.5587497 4.6004944
4.6526058 2.5591338 4.5976911
4.6686652 2.5601447 4.6265596
5.7718697 1.471187 4.4710147
5.7734761 1.4779633 4.4674472
5.7783234 1.4747162 4.4667935
5.7781692 1.4690338 4.4660785
5.7771479 1.4769892 4.4632654
5.7788047 1.4799951 4.464577
5.7742571 1.482159 4.4631058
5.7783659 1.4779441 4.4652302
5.779625 1.4741802 4.4618514
5.7750317 1.4797612 4.464743
5.7765936 1.4817397 4.4621777
5.7730252 1.4797185 4.4654274
5.7750367 1.4787446 4.4665632
5.7742692 1.4767143 4.4679978
5.7778411 1.4801868 4.4666848
5.7716694 1.4780591 4.4668002
4.8166504 1.2683805 4.180916
4.8199748 1.2736018 4.1788145
4.8130466 1.2760558 4.1819016
4.8127634 1.2791189 4.1787721
4.8137624 1.2836639 4.1825952
4.8133713 1.2752953 4.1822192
4.8184999 1.2758943 4.1795465
4.8209145 1.2769856 4.1811415
4.8169654 1.2743284 4.1848363
4.8124891 1.2692664 4.1895848
4.8146727 1.2767955 4.178458
4.8120034 1.2834204 4.1845272
4.811972 1.2755842 4.1828089
4.8104383 1.2827379 4.187461
4.8137444 1.268506 4.1914606
4.8206217 1.2758384 4.1869318
4.8171577 1.2778696 4.1912946
4.8181109 1.2771365 4.1814224
4.8055912 1.2741522 4.1727521
4.8090426 1.2750131 4.1700794
4.8143195 1.2832868 4.1853169
4.8111243 1.2703152 4.1704716
1.2804212 1.8143215 2.1731141
1.2906092 1.8025739 2.1728941
0 0 0
3.3360143 2.0788153 3.9780647
3.3385028 2.0826696 3.975697
3.3327988 2.0854469 3.9818613
3.332871 2.0807979 3.9797845
3.3342016 2.0838831 3.9800076
3.3354339 2.0769923 3.9746165
3.3304423 2.0827508 3.9793449
3.3403972 2.0852926 3.9812981
3.3351727 2.0774754 3.9795133
3.335073 2.0797763 3.9826463
3.3369819 2.0790269 3.981115
3.3351643 2.0749948 3.9761239
3.3366399 2.0790796 3.9790245
3.3338481 2.0788607 3.9742825
3.3375112 2.0783471 3.9795768
3.3352809 2.0791526 3.9790095
3.332987 2.0738953 3.9745121
3.3478551 2.0690449 3.9891583
5.5826887 1.219308 2.5263213
5.5819813 1.2175136 2.5270499
5.5734227 1.2156184 2.5285405
5.5698595 1.2130472 2.5353885
5.5746424 1.219253 2.5406947
5.5795154 1.2187993 2.5266437
5.5730398 1.2211462 2.5313802
5.5742972 1.2101302 2.5304013
5.5710598 1.2132141 2.5273359
5.5681581 1.2189728 2.5335552
5.5766296 1.2180194 2.5312298
5.5679178 1.2117347 2.5452666
3.7782391 1.0437272 2.2866351
3.7789038 1.0427372 2.286042
3.7800565 1.0428951 2.2838438
3.7796896 1.0432031 2.2883967
3.7800841 1.0425988 2.2858928
3.7768758 1.047938 2.2895671
3.7715627 1.0430758 2.2892801
3.7803394 1.0414462 2.2831363
3.7835672 1.038892 2.2816133
3.7779479 1.0487826 2.2810494
3.7801879 1.0412614 2.2840449
3.7751832 1.0426916 2.2868209
3.7777273 1.0433388 2.2866661
3.7834525 1.0399257 2.2866747
3.784547 1.0386033 2.2798099
3.7825562 1.0411623 2.2820461
3.7766666 1.0505764 2.2881616
3.7766893 1.0440478 2.2867834
3.7765371 1.0441205 2.2864062
3.7754868 1.037363 2.2842178
5.2551807 1.9208399 1.4570302
5.2596099 1.9244309 1.4500534
5.2604317 1.9187218 1.4556768
5.2527756 1.9264558 1.4522401
5.2628681 1.9181943 1.4501332
5.2606961 1.9199164 1.4536994
5.2608612 1.9190966 1.4558312
5.2636747 1.9181111 1.4602385
5.2635513 1.9148387 1.4471847
5.2573398 1.9211551 1.4433304
5.2569637 1.9223738 1.4531655
5.2621116 1.9190351 1.4560298
5.2600463 1.9162206 1.4527571
5.2614044 1.9199847 1.4553265
5.2608674 1.918854 1.4546175
5.263425 1.9178259 1.4566175
5.2624182 1.926434 1.4515509
5.2609618 1.9181011 1.4520123
3.9243724 2.5133404 0.19275282
3.9216021 2.5135128 0.19039892
3.922072 2.5129939 0.19003276
3.9198024 2.5134366 0.18646462
3.9350341 2.5015976 0.2020264
3.9298781 2.5099235 0.1975853
3.9276977 2.5062013 0.20398825
3.9137603 2.5175043 0.18890946
3.9356738 2.5189715 0.19266504
3.9385517 2.5122354 0.20780736
3.9256032 2.5160717 0.20227654
3.9208549 2.5090233 0.18216068
3.9498232 2.5052386 0.21214861
4.6545451 2.5574541 4.6042602
4.6522734 2.5614247 4.6050971
4.6517262 2.559458 4.602485
4.6502545 2.5609996 4.6011372
4.6501992 2.5565733 4.5983619
4.6448319 2.5733201 4.5965542
5.7751278 1.4779231 4.468561
5.7741484 1.4772104 4.4667063
5.775016 1.4699584 4.4645785
5.7710748 1.4720778 4.4730177
5.7818363 1.4813371 4.4673089
5.7824094 1.4695316 4.4674801
5.784784 1.4742848 4.464397
5.7774436 1.4747743 4.4665287
5.781151 1.4742408 4.4640433
5.7763393 1.4792051 4.4654468
5.7765978 1.4805398 4.4700831
5.7757996 1.4829421 4.4653032
5.774797 1.4802491 4.4615248
5.7740374 1.4775742 4.465394
5.7731233 1.4738734 4.4636273
5.7729905 1.4761327 4.4691418
4.8257366 1.2704944 4.1713825
4.8061933 1.2771148 4.1846077
4.8111847 1.2802787 4.1810867
4.811126 1.2762504 4.1818123
4.8083199 1.2810067 4.1765321
4.8129411 1.2757266 4.1815348
4.8138158 1.276072 4.1826839
4.819143 1.2797644 4.1841636
4.8132034 1.2813655 4.1864489
4.8122447 1.2752263 4.184505
4.809763 1.2755619 4.1870296
4.8108297 1.2780951 4.1874342
4.8093045 1.2756749 4.1825176
4.8198647 1.2798615 4.1742164
4.8097372 1.2716651 4.1800042
0 0 0
0 0 0
4.8234183 1.286644 4.18462
4.8172289 1.2788085 4.1763351
4.8133853 1.2777568 4.180895
1.2876256 1.8208131 2.1891381
1.2918333 1.8056236 2.1813215
1.2858361 1.8044905 2.1831274
1.286937 1.8094532 2.1821225
1.2885206 1.809687 2.1816648
1.2909733 1.8096377 2.1758032
3.3411103 2.0821707 3.9926793
3.3298423 2.0823657 3.9789476
3.3360428 2.0773527 3.9793379
3.3327413 2.0829249 3.9740189
3.3330463 2.08376 3.974779
3.3353473 2.0805107 3.977405
3.336212 2.0812202 3.9708007
3.3326099 2.0751289 3.9808556
3.3297971 2.0724914 3.9756352
3.330166 2.0716876 3.976143
3.3358198 2.074815 3.9773998
3.335725 2.0775557 3.9791874
3.3333647 2.0783826 3.9760331
3.3389643 2.0798643 3.9807242
3.3355455 2.0807253 3.9815572
3.343006 2.0703217 3.9916457
5.5829994 1.2133803 2.5328881
5.5798049 1.2197436 2.5363139
5.5677425 1.2118138 2.53211
5.5712894 1.2128161 2.5355718
5.5718178 1.2122846 2.5319697
5.5737147 1.2166747 2.5399769
5.5786771 1.2193789 2.5316935
5.5754004 1.2188665 2.532364
5.5793535 1.2165273 2.524999
5.5792796 1.2202499 2.5345188
5.5780934 1.2181964 2.5359516
5.572388 1.2205836 2.5373597
5.5835056 1.2194072 2.5361214
3.7828063 1.0485807 2.2787616
3.7806405 1.0416068 2.2846092
3.7804007 1.0454213 2.2870774
3.7829237 1.0437715 2.2851573
3.7821001 1.04609 2.2863919
3.7839146 1.0453877 2.2864613
3.7789844 1.046172 2.2917651
3.7786705 1.0416194 2.2797762
3.7832152 1.0441967 2.2773621
3.7729739 1.0411543 2.2861228
3.7782612 1.0426721 2.2883937
3.7748652 1.0428193 2.2892887
3.7758022 1.042059 2.2877363
3.788299 1.0421084 2.2793646
3.7843824 1.0457921 2.2781738
3.783144 1.0438527 2.2846803
3.7748803 1.0494295 2.2896806
3.7744145 1.0431264 2.2873538
3.7745378 1.0454624 2.2853918
3.7744151 1.0430532 2.2861515
5.259686 1.9190394 1.4549581
5.2611867 1.9253846 1.4594546
5.251864 1.9301917 1.4561322
5.2506148 1.9241552 1.4538505
5.2613331 1.9189783 1.4552393
5.2597026 1.9206431 1.4547868
5.2567676 1.9223685 1.4612488
5.2564299 1.9217388 1.4602472
5.2596984 1.9192536 1.4484232
5.2571244 1.9151026 1.4473084
5.2628141 1.915897 1.4590909
5.2613505 1.9180394 1.4561027
5.2615828 1.9172917 1.452851
5.2597472 1.918331 1.4546926
5.2600312 1.9172417 1.4529205
5.2683049 1.922085 1.4516679
5.2634117 1.9152505 1.4563056
0 0 0
3.1231204 1.0336367 5.889692
3.1228212 1.0335126 5.8898889
3.1218565 1.0352773 5.8984317
3.9455669 2.5100646 0.20946936
3.9262962 2.5082481 0.19182333
3.9371034 2.5059656 0.19860748
3.9313328 2.5070915 0.20024843
3.9332489 2.5091398 0.20067444
3.9402112 2.5106953 0.20858645
3.9307366 2.5066658 0.19744443
3.9137322 2.5125423 0.18411159
3.9229294 2.5173911 0.19528601
3.9311926 2.51132 0.1959465
4.6377516 2.5533217 4.5945203
4.6443098 2.5627647 4.5970587
4.6407461 2.5602697 4.5911984
4.6508031 2.5589835 4.6005552
4.6522567 2.5636677 4.606508
4.6509246 2.5616916 4.6006246
5.7745653 1.4775288 4.4644338
5.7739207 1.4777947 4.4637818
5.7728182 1.4776766 4.4664461
5.7751876 1.4793363 4.4652076
5.7757764 1.4792063 4.4656616
5.7729414 1.4698643 4.4646954
5.7821744 1.4742512 4.4645987
5.7755997 1.4769853 4.4661589
5.7752381 1.4775043 4.4646669
5.777988 1.4763188 4.4636308
5.776962 1.4778637 4.469617
5.7777068 1.4757087 4.468352
5.7731693 1.4789402 4.463349
5.7739963 1.4784064 4.4658999
5.7628751 1.483527 4.4723836
1.144283 0.62397888 1.5489643
1.1453705 0.62324695 1.5492303
4.8164417 1.2707367 4.1935911
4.810956 1.2797422 4.183177
4.8045031 1.2746709 4.1865191
4.8019169 1.2710394 4.1820836
4.8255827 1.2758335 4.1707769
4.8095336 1.286586 4.1864643
4.8150059 1.2820455 4.1767691
4.8139814 1.2797159 4.1820942
4.814009 1.2815599 4.1831516
4.810444 1.2770133 4.1840618
4.8151749 1.2737596 4.1835904
4.8132734 1.2763444 4.1826232
4.8216931 1.2783406 4.1788612
5.7792886 2.5648872 0.58664818
5.7525044 2.5662752 0.57151228
5.7681785 2.552361 0.57522622
5.7527551 2.5586624 0.56240166
5.751364 2.5584184 0.56249855
5.7482779 2.5576428 0.55439085
0 0 0
1.2939009 1.8094512 2.1839642
1.286621 1.8081014 2.1816285
1.2846462 1.8104 2.1829556
1.289097 1.8098519 2.1824976
1.287535 1.8025736 2.180781
1.2796247 1.815397 2.1836384
3.3197605 2.0802023 3.9643772
3.3353945 2.0780412 3.9782376
3.3361308 2.0784454 3.9784834
3.3365072 2.0794689 3.9790049
3.3361356 2.0820868 3.9798741
3.3397313 2.0790434 3.9723056
3.3279359 2.0776464 3.9720785
3.3409149 2.0814493 3.9872601
3.3388076 2.0853452 3.9809837
3.3312561 2.0768828 3.9795242
3.3368175 2.0750322 3.9782847
3.3351968 2.0784898 3.9781913
3.3294622 2.0804712 3.9745482
3.3357335 2.0761899 3.9814053
5.5741392 1.2309136 2.5368703
5.5752654 1.2186736 2.5305316
5.5742688 1.2192901 2.5309884
5.567201 1.2134105 2.5335116
5.575046 1.2165713 2.5305069
5.5748427 1.2168308 2.5319246
5.5761958 1.2114568 2.5341815
5.5759562 1.215738 2.5342993
5.5754884 1.2199382 2.5321138
5.5778578 1.2168392 2.5291397
5.574525 1.2168335 2.5297473
5.5743297 1.2170943 2.5315565
5.5755167 1.2198223 2.5282386
0 0 0
3.7870542 1.0412659 2.2911186
3.7793786 1.0491681 2.2863098
3.7776117 1.0444394 2.2840296
3.783271 1.0453928 2.2863757
3.7847033 1.0492512 2.2804403
3.7783229 1.0513593 2.2802505
3.7775453 1.0432467 2.2872128
3.7753303 1.0445392 2.2889862
3.785761 1.0442099 2.2827566
3.7726981 1.0433278 2.2921602
3.7788427 1.0460075 2.2879275
3.7781006 1.0428628 2.286902
3.7747946 1.042006 2.2882616
3.7683549 1.0399914 2.2867888
3.7772346 1.0427292 2.2871974
3.7795689 1.0467155 2.2842096
3.7848023 1.0509017 2.2837289
3.7842099 1.0508957 2.2766646
3.7795922 1.0448658 2.2848514
3.7848777 1.0463447 2.2925593
5.2572915 1.9051938 1.4544278
5.2605528 1.9157826 1.4578249
5.2514431 1.9291755 1.4572219
5.2528598 1.9280588 1.453264
5.2602549 1.9211561 1.4499911
5.260077 1.9197144 1.4545429
5.2552031 1.9218541 1.4589039
5.2643234 1.922807 1.4580675
5.2547232 1.9254856 1.4502583
5.2541259 1.9170396 1.4531916
5.2609133 1.9243489 1.4591817
5.2615641 1.9187987 1.4556361
5.2640449 1.9184232 1.4561094
5.2619674 1.9196411 1.4565848
5.2632021 1.9162945 1.4520225
5.2689703 1.9265363 1.4586248
3.1140521 1.04307 5.8819485
3.1149935 1.0358733 5.8799615
3.1255433 1.0395478 5.8838778
3.120659 1.0293093 5.8792484
3.1234519 1.0240645 5.8829658
3.1278802 1.0336302 5.8823969
3.9488521 2.5168681 0.21296628
3.9373726 2.5062856 0.20023316
3.9338898 2.5036514 0.20000858
3.9384064 2.5104523 0.20198863
3.9398879 2.5107316 0.20679092
3.9417721 2.5095028 0.20677043
3.9379024 2.5091588 0.20866858
3.9297826 2.5117673 0.1980375
3.9122249 2.5089192 0.17543977
4.6456813 2.5553614 4.5978755
4.6490602 2.5579683 4.5995838
4.6420983 2.5563222 4.5956703
4.6505891 2.5564155 4.6018102
4.6637333 2.5523204 4.6192174
4.6530674 2.5570271 4.6043388
0 0 0
5.7749472 1.4783567 4.4651234
5.7734942 1.4765741 4.4650806
5.7750058 1.4790011 4.4662515
5.7763972 1.4803706 4.4653063
5.7720053 1.4776974 4.4695608
5.7779865 1.4769818 4.4630368
5.7798288 1.4781207 4.4654215
5.7718952 1.4846905 4.4663181
5.778758 1.4780433 4.4604124
5.7793272 1.479999 4.4640235
5.7777171 1.4774865 4.4684916
5.7679448 1.4742988 4.4743231
1.1476845 0.62481183 1.5402872
1.1303459 0.62893894 1.5517684
1.147895 0.62152739 1.5429637
1.1458454 0.62328952 1.5497431
1.1600614 0.62276354 1.5312986
4.815096 1.2912327 4.1812574
4.8176277 1.2837755 4.1913036
4.8159663 1.2660372 4.1848293
4.8270089 1.2728808 4.1742736
4.8030071 1.276096 4.1945312
4.803834 1.2689807 4.1906807
4.8101361 1.2757179 4.1887835
4.8040897 1.2827427 4.1870277
0 0 0
5.76506 2.5562483 0.57541783
5.7526421 2.5592 0.55952756
5.7513709 2.5564089 0.55845449
5.7476693 2.5573065 0.56451189
5.7498109 2.561093 0.56036371
5.7519214 2.5581551 0.56153958
5.7629824 2.5556317 0.5731339
5.7495255 2.5597299 0.56029449
5.750749 2.5586517 0.56046761
0 0 0
1.2847717 1.7964054 2.1785204
1.2810274 1.8118438 2.1783179
1.2895639 1.8181746 2.1800517
1.2884807 1.8057772 2.1780097
1.2874562 1.8040703 2.1774067
1.2838428 1.8056359 2.1822388
1.2802493 1.7958983 2.1736595
0 0 0
3.3450689 2.069111 3.975249
3.345808 2.0794282 3.9785609
3.3339771 2.0758813 3.9834707
3.3317899 2.0726383 3.9766875
3.3380846 2.0806718 3.9836691
3.3336271 2.078178 3.9825916
3.3264544 2.0813623 3.9764013
3.3346995 2.0811369 3.97961
3.3321066 2.0728351 3.9843198
3.3364181 2.0775955 3.9906401
3.3367031 2.0909058 3.9800141
5.5832725 1.2143987 2.515854
5.5774177 1.2167296 2.5350663
5.5689902 1.2197732 2.5334355
5.5744628 1.2176948 2.5318928
5.5782565 1.2114321 2.5360699
5.580069 1.2204362 2.5324413
5.5757193 1.2181316 2.5323828
5.5722804 1.2135622 2.5370292
5.5741277 1.2174261 2.5322743
5.5720875 1.2193834 2.5322363
5.5747107 1.2186058 2.5328357
5.5783002 1.2168523 2.5324165
5.5741842 1.2182105 2.5334171
5.5757218 1.219476 2.5345048
5.574741 1.2152197 2.5333834
3.7697461 1.0362314 2.2824469
3.7720072 1.0492731 2.2971333
3.772215 1.0423206 2.2881077
3.778313 1.0430972 2.2862942
3.779718 1.0435099 2.278755
3.7693314 1.04784 2.2889477
3.7783627 1.0486901 2.2947083
3.7870766 1.0464291 2.2869533
3.7838369 1.0503313 2.2868666
3.77417 1.0431908 2.2904073
3.7782222 1.0455386 2.2883829
3.7791547 1.0431924 2.2858154
3.7679601 1.0416941 2.2955039
3.765924 1.0398902 2.2900313
3.7763372 1.0426048 2.2877795
3.7774477 1.0392066 2.2846955
3.7846517 1.0420368 2.2808466
3.79076 1.048782 2.27887
3.7793413 1.0468309 2.2907016
3.7783699 1.0490607 2.2925526
5.2614507 1.9165966 1.4542849
5.2581102 1.9198023 1.4520469
5.2590568 1.9247442 1.4550071
5.2600598 1.9193452 1.4544702
5.260899 1.9203356 1.4525651
5.2595569 1.9217579 1.4524156
5.2606525 1.9191199 1.4555542
5.2617085 1.9177379 1.4543684
5.2583553 1.9148624 1.449685
5.2615074 1.918296 1.4529684
5.2622949 1.923024 1.4488532
5.2649813 1.9239659 1.4528791
5.2594368 1.9187195 1.4522224
5.2596247 1.9188488 1.4522246
0 0 0
3.1171686 1.0440456 5.88394
3.1257392 1.0362839 5.8821418
3.1242279 1.0356665 5.8814211
3.1225521 1.0366885 5.8855401
3.1209742 1.0381531 5.8888498
3.1220169 1.037953 5.8888229
3.1202033 1.0364336 5.8888272
3.1148993 1.0394484 5.8945209
3.1206235 1.0493815 5.8791798
3.9295726 2.5101454 0.19741994
3.9301903 2.5100064 0.19057703
3.9359377 2.5146721 0.20840453
3.9420724 2.5169944 0.21179986
3.9275492 2.5096781 0.19634225
3.929266 2.5108804 0.19749808
3.9354196 2.5135134 0.20260627
4.6521351 2.5600456 4.6031355
4.6478976 2.5572082 4.5992101
4.6618897 2.5582671 4.6113246
4.6610462 2.5484668 4.6087826
4.6580406 2.5483769 4.6112152
4.6533663 2.5580602 4.6026358
5.7743904 1.4737382 4.4731466
5.7750618 1.4778848 4.466841
5.7736457 1.4778148 4.4654508
5.7711548 1.4792513 4.4689263
5.7766334 1.4757692 4.4695285
5.7761337 1.4728459 4.4663063
5.7724902 1.4750411 4.4644837
5.767326 1.4836968 4.4647693
5.7761662 1.4858347 4.4660743
5.7749193 1.479297 4.4666708
5.7736163 1.4806628 4.470371
5.7812594 1.4819073 4.470995
1.1545428 0.61119049 1.5434643
1.1488249 0.61374549 1.5423826
1.1430437 0.62392798 1.5512294
1.1430314 0.62539881 1.5506166
1.1371325 0.61522102 1.5561665
1.1401511 0.62172381 1.5561043
1.1452484 0.62518319 1.5456052
0 0 0
4.8132427 1.2789712 4.1783276
4.8050946 1.2720874 4.1769054
4.8171069 1.2756677 4.1845478
4.8151613 1.2707901 4.1804938
5.7449649 2.560257 0.55113801
5.760262 2.5542953 0.56187742
5.7600853 2.5517139 0.56451496
5.7594066 2.5516432 0.56251003
5.7547564 2.558272 0.56192248
5.7563164 2.5580999 0.56359567
5.7463861 2.5502271 0.55300931
5.7403485 2.5583128 0.55645976
5.7428708 2.5565965 0.55577018
5.7593809 2.5572171 0.57475132
5.7541556 2.5604667 0.56178277
5.7549732 2.5574433 0.56558868
1.2801288 1.8132732 2.1892148
1.2792917 1.8009784 2.1828193
1.2826733 1.8059677 2.1839423
1.2904164 1.8143703 2.1893861
1.2855171 1.8029322 2.1782108
1.2846699 1.8064045 2.1772955
1.2878358 1.8076052 2.1799076
1.2861703 1.8194685 2.18133
0 0 0
3.3381171 2.0841136 3.9792998
3.3332475 2.0755989 3.972994
3.3327528 2.078251 3.9716859
3.3392268 2.0821493 3.9832455
3.3366899 2.0802977 3.9848431
3.3356553 2.0788162 3.9821743
3.3316477 2.073515 3.9730891
3.3318989 2.0797056 3.9781887
3.3420012 2.0641949 3.9807998
5.5899122 1.2227375 2.5196773
5.5777361 1.2137334 2.539677
5.5847467 1.2233452 2.5274737
5.5811747 1.2140094 2.5326938
5.5704201 1.2214349 2.5318538
5.5744223 1.2168261 2.5326598
5.5713358 1.2115287 2.5335797
5.5740707 1.2208981 2.5340792
5.5760927 1.22239 2.5300475
5.5749297 1.2171044 2.5304325
5.5761942 1.2171981 2.5290429
5.5718124 1.2082602 2.5353031
5.5753998 1.2178706 2.5328275
5.574693 1.220693 2.5379064
5.571744 1.2194882 2.5386646
5.5753851 1.2193258 2.5302465
5.5740991 1.2227729 2.5210765
3.7714226 1.0376066 2.2966329
3.7762494 1.0469228 2.2953677
3.7801882 1.0467225 2.2925066
3.7765265 1.0466812 2.2860652
3.7773059 1.0443629 2.2870675
3.777003 1.0424331 2.2844935
3.7787346 1.0418156 2.2906868
3.7789555 1.0423589 2.2866593
3.7796428 1.0411227 2.2868732
3.7798633 1.0424224 2.2871598
3.7739721 1.038938 2.292399
3.7712905 1.0406357 2.2974491
3.7688873 1.0435233 2.2998315
3.7742087 1.0439109 2.2827864
3.7730111 1.0457448 2.2861727
3.7795662 1.0389712 2.2872047
3.77362 1.041996 2.2928857
3.7737275 1.0415833 2.2942229
3.7787728 1.0476063 2.2901671
3.7781712 1.0432 2.2862309
5.2568208 1.9116575 1.4565419
5.2599472 1.9182303 1.4544823
5.2625146 1.9217325 1.4523092
5.2609005 1.9202704 1.454272
5.2610313 1.9194678 1.4541999
5.2583708 1.918602 1.4575743
5.257879 1.9215971 1.4527239
5.2595487 1.9163513 1.4581172
5.257593 1.9175844 1.4492337
5.2582625 1.9200123 1.4528076
5.2595815 1.9194877 1.4538369
5.2602897 1.9184832 1.454397
5.2605596 1.9185633 1.4539838
0 0 0
0 0 0
3.1230398 1.0364186 5.8867413
3.1189534 1.0347901 5.8897753
3.1201508 1.0316872 5.8867749
3.1210614 1.0393773 5.88537
3.1215399 1.0338028 5.8886683
3.1202491 1.0341343 5.8889887
3.1212396 1.0354716 5.8876441
3.1210976 1.0364036 5.8836361
3.1111242 1.0333085 5.8886243
3.1180841 1.0274564 5.889245
3.9294432 2.5141746 0.1913716
3.9284048 2.5123557 0.19629119
3.9212687 2.5156209 0.19087304
3.9219272 2.5117062 0.19083983
3.9279996 2.5109887 0.19585388
3.9295714 2.5117027 0.19727438
4.6566261 2.5556452 4.608189
4.6567338 2.5554773 4.6089156
4.6556869 2.5540333 4.603403
4.6521244 2.5588157 4.6016779
4.6563723 2.5622803 4.6104286
4.6530119 2.5456859 4.6089577
5.7740138 1.4785588 4.465546
5.7798739 1.4780066 4.4659122
5.7800135 1.4797058 4.4629714
5.773218 1.4833449 4.4642804
5.7765739 1.4806187 4.4629343
5.7743936 1.4787551 4.4650857
5.7704758 1.4818228 4.4628084
5.7676602 1.4824319 4.4669683
5.7723424 1.4758036 4.4665137
5.7729282 1.4803111 4.4722517
5.7781547 1.482503 4.468701
1.1425066 0.6225557 1.5508262
1.1508342 0.62136612 1.54622
1.1520823 0.61440922 1.5455644
1.152303 0.61467289 1.5419857
1.1460847 0.61830189 1.5547526
1.1423551 0.61393852 1.5545938
1.1431149 0.62261317 1.5516182
1.1430667 0.62702413 1.5479297
1.1357522 0.61382521 1.5527831
0 0 0
5.7270442 2.5630112 0.54250816
5.7434395 2.5623808 0.54584231
5.7462475 2.5623389 0.55310929
5.7484725 2.5594853 0.55555929
5.7504797 2.556595 0.55798888
5.75173 2.5540529 0.56162975
5.7522783 2.5578161 0.55912718
5.7475672 2.5611271 0.55683534
5.7683131 2.5597251 0.57264787
5.7479714 2.5562952 0.55177699
5.7461608 2.555757 0.56500924
5.7478839 2.5532911 0.56176957
5.7531351 2.5581754 0.56401194
5.7632404 2.5576202 0.57564096
5.7728345 2.5493847 0.57253717
1.2838671 1.8108745 2.1813537
1.2893454 1.8039344 2.182815
1.2901356 1.8065871 2.1834214
1.2839202 1.8063171 2.1863248
1.2842566 1.8091636 2.1860384
1.2887936 1.8063347 2.1822557
1.2868631 1.8065679 2.17982
1.2926147 1.8077317 2.1888665
1.2924794 1.7988467 2.1729049
1.2842214 1.8096287 2.1680949
3.3403789 2.083237 3.9669098
3.3344463 2.0792663 3.9705201
3.3311846 2.078515 3.9698978
3.3378334 2.0732981 3.9790252
3.3416914 2.0808956 3.9812815
3.3366169 2.080756 3.9687895
3.3375319 2.0778592 3.9765749
5.5734667 1.2123082 2.5352474
5.5754169 1.2171946 2.5319041
5.577498 1.2148462 2.531698
5.5793023 1.2137525 2.5324945
5.5775717 1.2167947 2.5346883
5.5781878 1.2172274 2.52676
5.5779123 1.2162798 2.5344673
5.5711381 1.2238979 2.5375927
5.5712593 1.222776 2.5388124
5.5747144 1.2173045 2.5275526
5.5709021 1.2180322 2.5334064
5.5743846 1.2062258 2.5328873
5.5780851 1.2072036 2.5364541
5.5726327 1.2106315 2.5301498
5.5755134 1.218687 2.5316404
5.5735458 1.2188103 2.5313362
5.5789926 1.2258673 2.5285938
0 0 0
3.7793996 1.0433515 2.2861608
3.7820405 1.0452514 2.2888464
3.7780831 1.0436084 2.2868391
3.7754313 1.0446731 2.2877294
3.7788606 1.0445836 2.2875086
3.7788218 1.0434708 2.286111
3.7771281 1.0424582 2.2833123
3.7797002 1.0405967 2.283204
3.781658 1.0429871 2.2862566
3.7759383 1.0410718 2.2881417
3.7774532 1.0354026 2.2907368
3.7753368 1.0440962 2.2975001
3.7761942 1.0390698 2.2972944
3.7709487 1.0370564 2.2878397
3.775152 1.0384357 2.2845772
3.7775429 1.0399157 2.28825
3.7737526 1.0398786 2.286966
3.7722193 1.0424258 2.2938465
3.7757698 1.0462375 2.2935705
3.7800958 1.0438078 2.2810022
5.2639443 1.9109181 1.4540922
5.2617908 1.916435 1.4540186
5.2610338 1.9208528 1.4528515
5.2607275 1.9221446 1.4555284
5.2636428 1.9206662 1.4544028
5.2571492 1.9157087 1.4532115
5.2555907 1.9150376 1.4520648
5.262407 1.9150292 1.4565824
5.2573539 1.921694 1.454323
5.2562169 1.9188501 1.452448
5.2593577 1.9190863 1.4562907
5.2567024 1.9195918 1.453314
5.2604928 1.9186947 1.4536032
3.1217152 1.0337703 5.885939
3.1182276 1.0344079 5.8824735
3.119827 1.030776 5.881871
3.1237391 1.0310495 5.8859089
3.1213043 1.0346287 5.8868271
3.120411 1.0376652 5.8839907
3.1212489 1.0353147 5.8876357
3.1205833 1.0349536 5.879636
3.1254386 1.035041 5.8860882
3.1219888 1.0362032 5.8824566
3.1248758 1.0331654 5.8880387
3.1265553 1.0385376 5.8847023
3.1310617 1.0348266 5.8708823
3.1264344 1.0393605 5.8852475
3.9303134 2.5111975 0.19782338
3.9179838 2.5148009 0.18678258
3.9296903 2.5189137 0.19575558
3.9255759 2.5131143 0.1930122
4.6546406 2.5563553 4.6065094
4.6563796 2.5570052 4.6049028
4.6506002 2.5583682 4.6069468
4.6501062 2.5630849 4.6036489
4.6531988 2.5611007 4.6052554
4.6549233 2.5613883 4.615449
5.7745423 1.4786641 4.4662807
5.7733045 1.4822312 4.4712524
5.7730128 1.4836998 4.4702529
5.7752891 1.4751327 4.4642336
5.7780343 1.4750771 4.4659059
5.774054 1.4785272 4.4665014
5.7703876 1.4750202 4.4580736
5.7717863 1.4845512 4.4616191
5.7676484 1.4747495 4.4634679
5.7805975 1.4758072 4.4670502
1.1454461 0.62381145 1.5494805
1.1501204 0.62293073 1.5429467
1.138478 0.62051138 1.5485595
1.1510935 0.62153858 1.5423679
1.1450738 0.62065899 1.5478575
1.1499185 0.62160358 1.5425337
1.1445903 0.62144138 1.5499852
1.1460637 0.62250063 1.5489634
1.1507705 0.62307115 1.545017
1.1469204 0.62424129 1.5395239
5.7495883 2.5633133 0.56171596
5.7350637 2.5554196 0.54394271
5.7527479 2.5594191 0.56034831
5.7511817 2.5590392 0.55909089
5.7522629 2.5586785 0.56013632
5.7544499 2.5586814 0.56185947
5.7507849 2.5586959 0.56003482
5.750945 2.5585891 0.55989793
5.7489822 2.5556972 0.55936824
5.7633559 2.5648828 0.57694911
5.7517351 2.5573314 0.57182908
5.7627516 2.5632918 0.57957691
5.7648098 2.5630227 0.57045243
5.7593309 2.5614797 0.5719202
5.7555095 2.5578475 0.55835714
5.7533187 2.5450006 0.55455774
1.2882692 1.8080021 2.1808032
1.290303 1.8098791 2.1802698
1.2859818 1.801034 2.1813978
1.2894266 1.799686 2.1786381
1.2819613 1.8063744 2.1779955
1.2886192 1.8104952 2.1804952
1.2879093 1.8076563 2.1819396
1.289061 1.8071319 2.1809777
1.2865747 1.8093032 2.1800621
1.2880154 1.8088385 2.1799676
1.2892946 1.8124413 2.1774999
3.3384167 2.0790172 3.9794413
3.3372569 2.0802449 3.9806502
3.3358861 2.079167 3.9779134
3.33564 2.0785542 3.9766899
5.5765709 1.2162708 2.5324338
5.5732518 1.2166839 2.5374505
5.5738724 1.2164478 2.5383841
5.5760407 1.2178751 2.5331269
5.576753 1.2180187 2.5311096
5.5752168 1.2181146 2.5308608
5.5775266 1.2215901 2.5320043
5.5708837 1.2161015 2.5323422
5.5678971 1.2190773 2.5383959
5.572378 1.2183505 2.540262
5.5733432 1.2174629 2.5291112
5.5682454 1.21597 2.5326649
5.5762472 1.217684 2.5298888
5.5768039 1.2167113 2.530085
5.572937 1.2186085 2.5392031
5.572902 1.2112854 2.536093
5.5767964 1.2149952 2.5275497
5.5740244 1.2167769 2.5322687
5.5702789 1.2251003 2.5310206
5.5688907 1.2122755 2.5323006
3.7852556 1.0382306 2.2790634
3.7751069 1.0444578 2.2902643
3.7771048 1.0446747 2.2852283
3.7807107 1.0459192 2.2847579
3.7766219 1.0462591 2.2841919
3.7788573 1.0409633 2.2869874
3.7753504 1.0430841 2.2862035
3.7788236 1.0431522 2.28608
3.7797901 1.0437579 2.2868019
3.7834318 1.038755 2.2857205
3.7742341 1.0374309 2.2973532
3.7649758 1.0452813 2.294928
3.7664293 1.0400471 2.2926015
3.7756717 1.0404541 2.2917341
3.7778008 1.0430401 2.2855834
3.7767163 1.0401775 2.2884887
3.7753843 1.0392068 2.2865136
3.7807679 1.0401807 2.2873905
3.7809377 1.0450063 2.2839921
3.7768316 1.044612 2.284504
5.2621599 1.9200873 1.4602914
5.2656389 1.915422 1.456638
5.2648844 1.9200119 1.4548024
5.2611756 1.9182037 1.4555158
5.2622922 1.9183417 1.4580474
5.260953 1.9194991 1.4556176
5.2614236 1.9212357 1.4587994
5.2647941 1.9205549 1.4537018
5.2585066 1.9199015 1.4539191
5.2641426 1.9143907 1.4594152
5.2601465 1.9181161 1.4532854
5.258885 1.9239029 1.4581454
0 0 0
3.1109735 1.0366946 5.8898679
3.1234478 1.0375776 5.8828569
3.1244981 1.037878 5.8836717
3.1216035 1.034825 5.8872678
3.1216513 1.0334867 5.8889934
3.1202533 1.0395936 5.8883256
3.1216735 1.0368722 5.8861166
3.1124189 1.0385984 5.8880065
3.1223443 1.0319001 5.8867051
3.1209927 1.0346954 5.8866309
3.1213782 1.034758 5.8863629
3.1230888 1.0325341 5.8822961
3.1238157 1.0353178 5.8831908
3.1288183 1.0371513 5.8813592
3.1194472 1.0404233 5.8825723
3.1214315 1.0377804 5.8876842
3.1249816 1.0421851 5.8950806
3.114649 1.0255911 5.895567
3.120869 1.0347338 5.8867321
4.6708186 2.5602468 4.6254954
4.6545764 2.551037 4.6063578
4.6432496 2.5538502 4.5865674
4.6498819 2.5589457 4.6080395
4.6528375 2.5578871 4.6098645
5.7634278 1.4823036 4.4762567
5.7741094 1.4832398 4.462532
5.7742775 1.4809808 4.4705991
5.7757836 1.4792144 4.466565
5.7763843 1.4824625 4.4680766
5.7780075 1.4820953 4.4634997
5.7747688 1.4781291 4.4548034
5.7750991 1.4676948 4.4569707
5.7676001 1.4831149 4.4694072
0 0 0
1.1486528 0.63055973 1.5350343
1.1496482 0.6209732 1.5498994
1.1335927 0.61940683 1.5617214
1.1405729 0.62170095 1.556232
1.1457856 0.62107719 1.5479384
1.1450351 0.62172958 1.5455055
1.1454536 0.62142539 1.5488392
1.1450721 0.62575796 1.5508449
1.1529814 0.62091011 1.5413323
1.1552304 0.62709394 1.5425281
5.7601092 2.5637679 0.55867853
5.7516823 2.5565212 0.55698193
5.7506611 2.5607864 0.55811145
5.7487019 2.5572535 0.55784887
5.7513351 2.5582152 0.55982943
5.7485096 2.5563698 0.55888355
5.7500683 2.5587188 0.55962219
5.7472888 2.558454 0.55251429
5.7436168 2.5608728 0.55751536
5.7434948 2.5602113 0.55632883
5.7593532 2.5553049 0.5682254
5.7487737 2.5550209 0.55733288
5.7555788 2.557329 0.56260409
5.7523242 2.5587163 0.56130452
5.7524068 2.5556366 0.56012045
5.7661628 2.5596727 0.57592341
1.2879758 1.8076011 2.1808618
1.2899551 1.8101484 2.1805508
1.2891265 1.8146691 2.1816644
1.2920825 1.8005986 2.1826814
1.2850041 1.8087619 2.1817523
1.2865308 1.8094089 2.1784763
1.2939266 1.8050949 2.1855433
1.2890981 1.8067819 2.1810711
1.2847151 1.8103829 2.1884422
1.284532 1.8092025 2.1792219
1.289589 1.8085506 2.1826102
1.288708 1.8182179 2.183614
1.287105 1.8079013 2.1829899
5.5821542 1.2187295 2.5262333
5.5781656 1.2149106 2.5329301
5.568915 1.2186443 2.5422144
5.566669 1.21814 2.5400545
5.5754547 1.215498 2.5343995
5.5764005 1.2180217 2.5335142
5.5764356 1.2158135 2.5327591
5.574077 1.2190036 2.5342363
5.5760417 1.220538 2.5308501
5.5730455 1.2158629 2.5283832
5.5732407 1.2201736 2.5294045
5.5690019 1.218681 2.538332
5.5744678 1.2218023 2.5318547
5.5683173 1.214797 2.532783
5.5767075 1.2167709 2.5294027
5.5678014 1.2178306 2.5338749
5.5724759 1.2163658 2.5256096
5.579557 1.2126438 2.525396
5.584506 1.2153249 2.5286497
5.5752107 1.2173276 2.5271875
5.573447 1.2176835 2.5304744
5.5703408 1.2166635 2.5389589
3.7774199 1.0324941 2.2916872
3.7714468 1.0352756 2.2941416
3.7791995 1.0409684 2.286642
3.7813746 1.0432456 2.2873058
3.7775 1.0455386 2.2836096
3.778948 1.0408488 2.2856079
3.7861533 1.0350598 2.2838583
3.7877345 1.0358989 2.2828051
3.7815521 1.0444352 2.2826888
3.7803267 1.0423009 2.2847519
3.7834192 1.0366336 2.283292
3.7725286 1.0368687 2.2817331
3.7757487 1.0419748 2.2874546
3.7754014 1.0422065 2.2866338
3.7782265 1.0424471 2.2867455
3.7777908 1.0364855 2.288526
3.7846307 1.0443046 2.2815817
3.7743624 1.0406056 2.2846965
3.776219 1.0401653 2.2899491
3.7795947 1.0438051 2.2836765
5.2487383 1.91531 1.4426754
5.2605528 1.9180909 1.4552348
5.2606697 1.9186249 1.4545213
5.2632719 1.9204458 1.4574568
5.261291 1.9163249 1.4559066
5.2606175 1.9184299 1.4551317
5.2625451 1.9166434 1.4564044
5.2609263 1.9186849 1.4528552
5.2603316 1.9189427 1.453175
5.263854 1.9142378 1.4620207
5.2661026 1.9234799 1.4504783
3.115196 1.04473 5.8877569
3.1199854 1.0397103 5.892623
3.1276325 1.0374535 5.8871169
3.1210505 1.03536 5.8865074
3.1237782 1.033149 5.8836634
3.1221587 1.0341161 5.8844174
3.1240294 1.0362553 5.8886773
3.1207785 1.0374265 5.886648
3.1250318 1.0385565 5.8869569
3.1157659 1.0296687 5.8956405
3.1286755 1.0320777 5.8827195
3.1273625 1.0350313 5.8855447
3.122728 1.0313327 5.884868
3.1248347 1.0324363 5.8846611
3.1211852 1.0345039 5.8869876
3.1221077 1.0390259 5.8859736
3.1210576 1.0357672 5.882235
3.1213545 1.03647 5.8877568
3.1291925 1.0371732 5.8879607
3.1198103 1.0350246 5.8874849
3.1227878 1.0366822 5.885622
0 0 0
0 0 0
4.6337109 2.5610941 4.5788911
4.6495017 2.5593209 4.601058
4.6529315 2.5601298 4.6076257
0 0 0
5.7754717 1.4750245 4.4644674
5.7716569 1.4831799 4.4620849
5.7693399 1.4787642 4.4645883
5.7731906 1.481297 4.465764
5.7711455 1.4855493 4.4651646
5.7705232 1.4822523 4.4642482
0 0 0
1.1506384 0.62527052 1.5348974
1.1455217 0.62810167 1.5380605
1.1417018 0.61461544 1.5430797
1.1357084 0.61518085 1.5538126
1.1466953 0.6209785 1.5469198
1.143717 0.62058933 1.5484918
1.1446128 0.62146806 1.5504463
1.1430303 0.62372665 1.551473
1.142736 0.62285103 1.5516683
1.1465855 0.62016717 1.555255
1.1370943 0.61883344 1.5621287
1.1501606 0.63079903 1.5458573
5.7443459 2.5590504 0.55008428
5.7455525 2.5580363 0.54979087
5.7514841 2.5590143 0.56026596
5.7540835 2.557565 0.56217399
5.7499146 2.5564916 0.56239509
5.7505674 2.5572943 0.56237316
5.7595434 2.5646299 0.56428861
5.7633336 2.5625234 0.56796224
5.7520979 2.558838 0.56222219
5.7464079 2.5584609 0.561884
5.7472387 2.5558972 0.55312206
5.7501715 2.5557065 0.55874333
5.7502148 2.5572968 0.55968898
5.7555938 2.5623022 0.56253274
5.7462767 2.565137 0.55787319
5.7553558 2.5637027 0.57154278
1.2974562 1.8026647 2.182675
1.2884226 1.8069559 2.181089
1.2876064 1.8128366 2.1855001
1.2859712 1.808934 2.1775094
1.2908914 1.8008412 2.173955
1.2872408 1.808145 2.1818127
1.2942639 1.8066929 2.1854903
1.2908328 1.8035515 2.1864388
1.2843349 1.8102383 2.1881559
1.2890045 1.8080244 2.1826293
1.2876034 1.8088602 2.1825284
1.2870272 1.8079987 2.1822524
1.292051 1.8109943 2.1851435
5.5667696 1.2045908 2.5382071
5.57879 1.2131318 2.5330459
5.5724923 1.2120283 2.5324096
5.57016 1.2181106 2.5370109
5.573977 1.2188345 2.5382902
5.5701477 1.2185151 2.5352452
5.5701127 1.2160973 2.5365915
5.575864 1.2169663 2.5310351
5.579834 1.2220546 2.5268539
5.5739691 1.2181504 2.5335929
5.572171 1.218374 2.535559
5.5725542 1.2195088 2.5411243
5.5771754 1.2140961 2.5370224
5.5732149 1.2178427 2.5331382
5.5740174 1.217951 2.5324199
5.5677813 1.2147684 2.531008
5.5726532 1.2164183 2.5262882
5.5785421 1.2117966 2.5275519
5.5848553 1.2209815 2.5297403
5.5794252 1.222098 2.5299032
5.5870958 1.217286 2.5246826
3.7769658 1.0423313 2.2813457
3.775448 1.0419665 2.2819548
3.7752986 1.043118 2.2984938
3.7717005 1.0451107 2.2955605
3.7787031 1.0429939 2.2868713
3.7866851 1.0477604 2.2815432
3.7794615 1.0421429 2.2866893
3.7787988 1.0366668 2.290052
3.7835644 1.0381312 2.2827936
3.775493 1.0428398 2.2919727
3.7723904 1.0387112 2.282652
3.768939 1.0403925 2.2877497
3.7739854 1.0354718 2.2841128
3.7710794 1.0365734 2.2882893
3.7753614 1.0409937 2.2887981
3.78229 1.0385773 2.2886684
3.7754015 1.0365954 2.2923093
3.7788407 1.0483592 2.290025
3.7750574 1.038754 2.2814547
3.7778828 1.0452227 2.2896437
3.7836277 1.0421609 2.2917102
5.2576256 1.913929 1.4544408
5.2627828 1.9177782 1.4520877
5.2593872 1.9223654 1.4483654
5.2577242 1.9243337 1.4549716
5.2611698 1.9194866 1.4543154
5.2587867 1.9179496 1.456949
5.2578432 1.9215864 1.4556516
5.2635312 1.920632 1.4550209
5.2603541 1.9182096 1.4540135
5.2684973 1.924549 1.4678923
3.1274859 1.0320715 5.8936208
3.1178697 1.0349796 5.8876844
3.1246931 1.0398873 5.8931612
3.1291895 1.0390389 5.8874131
3.1275775 1.0370163 5.8801334
3.1223938 1.0369199 5.8837281
3.1238564 1.03568 5.8871409
3.1221154 1.036287 5.8876869
3.126329 1.0345723 5.8806419
3.1236213 1.0333942 5.8867987
3.1241683 1.0319124 5.8892664
3.1199414 1.0379764 5.8888569
3.1205431 1.0332499 5.8871498
3.1219105 1.0345545 5.8860901
3.1206896 1.0345336 5.8834747
3.1211683 1.0351056 5.8864248
3.1198808 1.036073 5.88436
3.1199605 1.0353137 5.8871082
3.1210853 1.037658 5.8883928
3.1260235 1.0386531 5.8900555
3.1241066 1.0334149 5.8891047
3.1222533 1.038151 5.8873973
3.1303221 1.0340125 5.88409
3.1311626 1.0351278 5.8806934
3.1169745 1.0320984 5.894448
4.6749811 2.5571861 4.6150954
4.6587119 2.5658077 4.613892
0 0 0
5.7749758 1.4816082 4.4806966
5.781621 1.47515 4.4723087
5.7732572 1.4839423 4.4651484
5.7739781 1.4802623 4.4654713
5.7655506 1.4819356 4.4672283
1.143015 0.61817131 1.5438412
1.1441679 0.62269596 1.5494774
1.1540664 0.6248314 1.54158
1.1360481 0.61797308 1.5555269
1.1560123 0.61878535 1.5411284
1.1443029 0.62113548 1.5489129
1.1388037 0.62614307 1.5542472
1.1442231 0.62306535 1.5506463
1.1428568 0.62149037 1.5514104
1.1450434 0.61984045 1.5486029
1.1398312 0.6201883 1.557367
1.1395406 0.63143057 1.5567746
1.1360523 0.61804754 1.5587782
1.140933 0.62426091 1.5498475
5.7686298 2.5606677 0.57359855
5.7482501 2.5575897 0.55725102
5.7495865 2.560247 0.55936567
5.7452912 2.5538736 0.55555597
5.7468054 2.5591757 0.5567682
5.7447961 2.5624219 0.55487043
5.7509774 2.5597849 0.56030624
5.7495099 2.5613227 0.56071084
5.7296576 2.5602691 0.53836293
5.7288112 2.5562753 0.5420408
5.7507803 2.5498819 0.56042526
5.7496944 2.5560313 0.5653559
5.7461475 2.5500263 0.56036403
5.7473149 2.5575725 0.55111764
5.7435206 2.55868 0.55717432
1.2947943 1.8078819 2.1757651
1.2885544 1.8084733 2.180278
1.2883184 1.8106254 2.1806817
1.2796265 1.8043538 2.1732589
1.2895154 1.8135436 2.1810986
1.2974174 1.8003254 2.1769989
1.288298 1.8083917 2.1860648
1.2902178 1.8027705 2.1844814
1.2875684 1.8091729 2.1839483
1.2876088 1.8081862 2.1825377
1.2914929 1.8045838 2.1860267
1.2874036 1.7992972 2.1819427
1.2882428 1.8082752 2.1831567
1.2832989 1.8034756 2.1858156
5.5753085 1.2339822 2.5287029
5.5661799 1.2270588 2.5323847
5.5717753 1.2139927 2.5258616
5.5707741 1.2189318 2.5293566
5.5766067 1.2187744 2.530929
5.5731816 1.2152009 2.5365539
5.5741278 1.2149006 2.5337028
5.5775833 1.2258177 2.5267537
5.5768764 1.2276133 2.5330223
5.5745279 1.2176645 2.5360241
5.573539 1.2197289 2.5341347
5.5844213 1.2161916 2.5311332
5.5823559 1.2151501 2.5267873
5.5717508 1.2222 2.5334897
5.5703551 1.2207237 2.5335385
5.5772212 1.22417 2.5257442
5.5745098 1.2232073 2.5232359
5.5731827 1.216846 2.5382503
5.5643603 1.2223757 2.531408
5.5708702 1.2222669 2.5209464
5.5717905 1.2280016 2.5249432
3.7802056 1.0490682 2.2836658
3.7769482 1.0412152 2.2847455
3.7806997 1.0428077 2.2905609
3.7793431 1.0421507 2.2879078
3.7790732 1.043044 2.286672
3.7879705 1.044369 2.2817608
3.778178 1.0410975 2.2855154
3.7800434 1.0427786 2.2858603
3.7757573 1.0407772 2.2894787
3.7741548 1.0445428 2.2915336
3.7706018 1.043896 2.2846419
3.7758648 1.043398 2.2865711
3.7736899 1.0444249 2.2874195
3.7759044 1.0421953 2.2876406
3.7737326 1.0442612 2.2940528
3.7809408 1.0429389 2.2886578
3.777491 1.0422034 2.2874542
3.7680721 1.0408619 2.2946754
3.7671972 1.0404239 2.2863301
3.7778293 1.0424 2.2873321
3.7792584 1.0329718 2.2909288
5.257859 1.9182276 1.4555491
5.2641579 1.9202179 1.4521872
5.258431 1.9212654 1.4523336
5.2584555 1.920274 1.4534905
5.2627204 1.9201725 1.4525853
5.2599705 1.9178149 1.4513139
5.2634786 1.9227984 1.4555078
5.2607901 1.9227449 1.4523404
5.2618733 1.9204075 1.4565758
5.2664657 1.9165853 1.4496316
3.1148052 1.0246516 5.8929843
3.1273377 1.0416092 5.8843169
3.124072 1.0440614 5.885697
3.1183472 1.0398836 5.8846579
3.1213231 1.0367941 5.8852757
3.121187 1.0356802 5.8867491
3.1248566 1.0355198 5.8864845
3.123698 1.0360229 5.8862147
3.127471 1.0384349 5.8840204
3.1181741 1.0331526 5.886824
3.1208681 1.0350163 5.8850835
3.1186711 1.0343457 5.8898317
3.1267598 1.0388325 5.88903
3.1229132 1.0448344 5.8860494
3.1145838 1.0314614 5.891155
3.1288726 1.0445006 5.8834683
3.1207734 1.0336772 5.8853524
3.117574 1.0349882 5.8867534
3.121862 1.036016 5.8838701
3.1167855 1.0357407 5.8876372
3.1198468 1.0318325 5.8848052
3.1228737 1.0346922 5.8878121
3.1206167 1.0343753 5.8855424
3.1216987 1.0346888 5.8859184
3.118748 1.029213 5.8851507
3.1134636 1.0324673 5.8835502
3.1187261 1.0417427 5.8747386
5.7754099 1.4787925 4.4661649
5.7768904 1.4764136 4.4654718
5.7772977 1.4752414 4.4703364
5.7689325 1.4729304 4.4777487
1.1390444 0.62017837 1.5506397
1.1448304 0.62316126 1.5515186
1.1511044 0.62318445 1.5426998
1.1442977 0.62473983 1.5471351
1.13712 0.62726724 1.5547415
1.1396003 0.62881653 1.5525658
1.1449642 0.62240031 1.556072
1.145821 0.62311876 1.5497984
1.1393868 0.62453062 1.5579807
1.147716 0.62249353 1.5484137
1.1398267 0.61993751 1.5545393
1.1474762 0.62776963 1.5481437
1.1423217 0.62487606 1.552495
1.1366608 0.63445675 1.5539659
1.1331488 0.62801518 1.5483391
1.1367964 0.62449791 1.544243
1.1434169 0.62505796 1.5639324
5.7477128 2.5463969 0.55342396
5.749951 2.556221 0.55397172
5.7464518 2.5575042 0.54892187
5.7478055 2.5620189 0.55497112
5.7684741 2.5633879 0.57623757
5.7698307 2.5610212 0.57279421
5.7561337 2.5632239 0.56526432
5.7461711 2.5690024 0.55381989
5.7405729 2.5536994 0.54413102
5.7505676 2.555607 0.55968753
5.7426645 2.5580694 0.55406639
5.7368467 2.5581115 0.55025828
5.7429999 2.557667 0.55306473
5.7692368 2.5694757 0.57827206
1.2952046 1.8098088 2.1795683
1.2891144 1.8076988 2.1770265
1.285968 1.8051655 2.1697425
1.2851153 1.797634 2.1732752
1.2885446 1.802856 2.184699
1.2929286 1.7982189 2.1848581
1.2879684 1.8085458 2.1809337
1.2859515 1.8103067 2.1793748
1.2878748 1.8103361 2.1793476
1.287399 1.8062989 2.1836537
1.2879237 1.8062527 2.1807367
1.2866823 1.8031141 2.1764415
1.2890159 1.8077767 2.1810501
1.2888031 1.8083954 2.1808786
1.2861119 1.8062322 2.1804013
5.5741088 1.2148819 2.5309315
5.5740001 1.215715 2.5307255
5.5753268 1.217396 2.5329883
5.5753151 1.2180025 2.5315771
5.5760798 1.2181511 2.5314921
5.5768889 1.2104569 2.5320229
5.5720378 1.2196781 2.5294493
5.5813268 1.2242161 2.5286902
5.5737379 1.2178712 2.530131
5.5736494 1.2165716 2.5291406
5.5719769 1.2181575 2.5307261
5.573827 1.2181426 2.5315303
5.5720107 1.2151344 2.5331876
5.5724572 1.214919 2.5316842
5.5729138 1.213991 2.5305156
5.5713247 1.222215 2.5323121
5.5674072 1.2141178 2.5389207
5.5751551 1.2174033 2.5283029
5.574841 1.2167556 2.5310406
5.5714698 1.2192102 2.5272123
3.778811 1.050495 2.2840817
3.7777658 1.0431462 2.2868599
3.7773817 1.0425283 2.2880544
3.7767933 1.04271 2.2890448
3.7750434 1.043483 2.2933294
3.7784843 1.0429603 2.2874296
3.7767163 1.0436891 2.2870633
3.7788629 1.0429049 2.2845578
3.7732257 1.0420052 2.2892681
3.775932 1.0450767 2.2895322
3.777014 1.0429305 2.2837932
3.7759647 1.0418153 2.2845727
3.7790543 1.0437317 2.2867418
3.7772978 1.0482571 2.2780021
3.7803151 1.0546301 2.2838828
3.7766098 1.0500269 2.2905884
3.773152 1.0430019 2.2887807
3.7836751 1.0409591 2.2803679
3.7832656 1.0413719 2.2781744
3.7756691 1.0433764 2.288043
3.779395 1.0433034 2.2725685
0 0 0
5.2636237 1.9186153 1.4537489
5.2639981 1.9196492 1.4575854
5.2605524 1.9192604 1.4545484
5.2657314 1.9139298 1.4601784
5.2647729 1.915545 1.4554066
5.259004 1.9179236 1.4570454
5.2627667 1.9201735 1.4516132
5.262639 1.9168673 1.4517648
3.1202834 1.0339532 5.8856544
3.1230207 1.0341662 5.8962956
3.1282067 1.0319156 5.8850624
3.1219882 1.0352007 5.8872197
3.1234503 1.0310731 5.8865312
3.1215003 1.037075 5.8887669
3.1203343 1.0382861 5.8862653
3.1205792 1.0384119 5.8874676
3.1244688 1.0357985 5.885002
3.1162283 1.0372822 5.8910114
3.1136459 1.0305664 5.8972507
3.1212629 1.0344827 5.883908
3.1205456 1.0342128 5.8884348
3.1212534 1.0336654 5.8872566
3.1275857 1.0416402 5.8821535
3.122992 1.0332143 5.8956218
3.1337324 1.0403009 5.8792459
3.1190818 1.0327062 5.8876904
3.1199076 1.0327455 5.8863282
3.1164104 1.0289903 5.8888422
3.1181087 1.0317618 5.891052
3.1199267 1.0324412 5.8879774
3.123547 1.0326647 5.8857054
3.1235747 1.0331433 5.8837682
3.1218251 1.0341958 5.8822006
3.1176041 1.0330077 5.8874095
3.1226343 1.0391094 5.8837128
3.1217753 1.0379312 5.8827061
3.1198414 1.0358728 5.8788761
1.1355668 0.62362121 1.558899
1.1414445 0.62991125 1.5552382
1.1441228 0.62327004 1.5513456
1.1395907 0.62087488 1.563342
1.1348449 0.62644352 1.5659011
1.1473178 0.62650341 1.5496352
1.1464639 0.62608243 1.5449646
1.1436149 0.62291509 1.5490722
1.1435677 0.62132483 1.5486691
1.14738 0.62280262 1.5501458
1.1517633 0.62275281 1.5476887
1.1415421 0.62356955 1.5529881
1.144317 0.62173041 1.5504463
1.1417229 0.62000673 1.5530777
1.1559832 0.6218081 1.544013
1.153085 0.62138038 1.5425958
1.1428859 0.61967831 1.55518
1.1416796 0.62365492 1.554283
1.1257083 0.62294245 1.5629197
1.1350319 0.62663013 1.5698548
5.7424895 2.5614008 0.53935422
5.7542622 2.5539671 0.56125629
5.7524592 2.5583531 0.56113616
5.7556586 2.5587078 0.5572078
5.7620711 2.5623276 0.56775406
5.766594 2.566379 0.56916134
5.751908 2.5700847 0.56586658
5.7482301 2.5656013 0.55856268
5.7367958 2.5602547 0.5536523
5.7494292 2.5530392 0.56441634
5.7497506 2.5516443 0.56337529
5.7504085 2.5586427 0.55954185
5.743784 2.5573976 0.55292735
1.2865353 1.8066095 2.1807694
1.2876085 1.807923 2.1807177
1.2927606 1.8069579 2.1818835
1.2906694 1.8008364 2.1714969
1.2930741 1.8073654 2.1771026
1.2888178 1.8002798 2.1798974
1.2872426 1.8048908 2.1816722
1.2825484 1.8119529 2.1807417
1.2872821 1.8091215 2.1808554
1.2885314 1.8123198 2.1799234
1.2888188 1.8089401 2.1838897
1.2882287 1.804995 2.177124
1.2883268 1.8082588 2.1817594
1.2890469 1.8076672 2.1819596
1.2861305 1.8060336 2.1801118
1.2863637 1.8063916 2.1798661
5.5770747 1.2169476 2.5314422
5.5738851 1.2161977 2.5307046
5.5748103 1.2173458 2.5324233
5.5770635 1.2153708 2.5320423
5.5754599 1.2174739 2.5316541
5.5801536 1.2125703 2.5313078
5.5697791 1.2205277 2.5311297
5.5786009 1.2169008 2.5319553
5.5666681 1.2183849 2.5279387
5.5688411 1.2149791 2.5259806
5.5675885 1.22314 2.525734
5.5724044 1.2256689 2.5229454
5.5813523 1.2219814 2.5289608
5.5729376 1.2143369 2.5310147
5.5734136 1.2156775 2.5307358
5.5717271 1.2231981 2.5326228
5.5663211 1.218706 2.5322522
5.5731374 1.2176214 2.5308778
5.5761597 1.2151434 2.531047
5.5774125 1.2179016 2.5249369
3.7785104 1.0420613 2.2872026
3.7781644 1.043165 2.2871142
3.774664 1.0389703 2.2851615
3.7703419 1.0437663 2.2897295
3.7687111 1.0430429 2.2922108
3.7797625 1.0420697 2.2808932
3.7775359 1.0389216 2.2853588
3.7806971 1.0442616 2.2880316
3.7761042 1.0421477 2.2885811
3.7798555 1.0404297 2.2888956
3.7788845 1.0436281 2.2893344
3.7780024 1.0426719 2.2857414
3.7781416 1.0425958 2.2863113
3.7766164 1.0391718 2.2844169
3.7804804 1.0411073 2.2907212
3.7764872 1.0420537 2.2875792
3.7777558 1.0427687 2.2865204
3.7757655 1.0411604 2.2870716
3.7778792 1.0423947 2.2859092
3.7753711 1.0418913 2.2859848
3.7784036 1.0403832 2.2876415
5.2606891 1.9195201 1.4541252
5.2594562 1.9202443 1.4532015
5.2644003 1.9170221 1.4541558
5.2605103 1.9187914 1.4542974
5.2636981 1.9195947 1.4618356
5.2584411 1.9191791 1.4538219
5.2585024 1.9186007 1.4538641
5.2573538 1.9197287 1.4529422
3.1091597 1.0389415 5.8939704
3.1193456 1.0364623 5.8876497
3.1227864 1.0361762 5.8933553
3.1253378 1.0345315 5.8804361
3.1228386 1.0329015 5.8825133
3.1273794 1.0344571 5.8838079
3.1216726 1.0350866 5.8870093
3.1215222 1.036578 5.8874756
3.1234119 1.0381359 5.8895084
3.1215655 1.0341746 5.8881436
3.1149267 1.0367067 5.8910082
3.116873 1.0331916 5.8984259
3.1252976 1.035902 5.8910458
3.1184263 1.0359641 5.8878671
3.1187599 1.0342781 5.8899141
3.1170756 1.0354644 5.8860338
3.1240035 1.0413424 5.8849414
3.1222648 1.0360427 5.8863177
3.1228311 1.0366481 5.8857263
3.1218197 1.035048 5.8862574
3.1242383 1.029668 5.8807947
3.1256137 1.0295884 5.8832325
3.1184969 1.033323 5.8821002
3.1250595 1.0332056 5.8849741
3.1233634 1.0333732 5.8863905
3.1213902 1.0377735 5.8914724
3.1134582 1.0335957 5.8894751
3.1174387 1.0312124 5.893998
3.1278102 1.0307602 5.8823569
3.1265744 1.032474 5.8851626
1.1515976 0.62281868 1.5344216
1.1492525 0.63164028 1.5507296
1.1429811 0.62505339 1.5567852
1.1489404 0.62519828 1.5434166
1.1380574 0.61794019 1.5558621
1.1482096 0.6271739 1.5464091
1.143681 0.62113687 1.5513074
1.1449488 0.62107862 1.5497437
1.1457643 0.62651454 1.5479402
1.1470002 0.6233299 1.5497889
1.1489623 0.62032691 1.5534429
1.1400997 0.62268926 1.5596173
1.1437467 0.61850499 1.5505709
1.1373124 0.61730327 1.5565098
1.1342813 0.61693974 1.5605475
1.1477553 0.62622026 1.5510713
1.1360287 0.62480769 1.5503477
1.1340579 0.61658636 1.5526598
1.1455579 0.61952287 1.54669
1.1438647 0.62328865 1.551116
1.1513736 0.62935346 1.5457682
5.7573234 2.557227 0.56054777
5.75461 2.5544415 0.56241489
5.759151 2.5549943 0.56360702
5.7528031 2.5587432 0.56382908
5.7565583 2.5526077 0.56542257
5.7443454 2.5577601 0.56218062
5.7503495 2.5587707 0.55925861
5.7507777 2.5591849 0.5601649
5.7515648 2.5587886 0.55248514
5.7557472 2.5652857 0.55692165
5.7569006 2.5638819 0.56279834
5.7428549 2.5695342 0.55740299
1.2875826 1.8091547 2.1821089
1.2878078 1.808131 2.1801057
1.2920909 1.8029997 2.1760577
1.283042 1.8048944 2.1815928
1.2823733 1.8069964 2.1813008
1.2860481 1.8070979 2.1820491
1.2863221 1.8067914 2.1818593
1.2831622 1.8100553 2.1858126
1.2826312 1.8108858 2.1843145
1.2889586 1.8111105 2.1815277
1.2789774 1.8042256 2.1839829
1.2787843 1.8017501 2.1787664
1.2880845 1.8047884 2.1794436
1.2843138 1.8075619 2.1827196
1.2855261 1.8071654 2.1811845
1.2881355 1.80837 2.1770865
1.2831188 1.8101774 2.1784327
5.589887 1.2197357 2.5259407
5.5673701 1.2187226 2.5387425
5.5793283 1.2175722 2.5407248
5.5757813 1.2188623 2.5309676
5.5747816 1.2187146 2.5311882
5.5705369 1.2193449 2.5358614
5.5708813 1.2144423 2.5288819
5.5723693 1.2222948 2.5319583
5.5745523 1.2206558 2.5296779
5.5821338 1.2206833 2.5321008
5.5688079 1.2153013 2.5319571
5.5816713 1.2166484 2.5269935
5.575283 1.2190282 2.5339529
5.5783499 1.2202345 2.5287921
5.5722854 1.2213155 2.5282096
5.5750989 1.2172519 2.5305886
5.5750159 1.2165412 2.5302692
5.5744958 1.2168275 2.5318198
5.5639507 1.2056844 2.5357411
3.7842773 1.0438587 2.2812486
3.7822525 1.0427604 2.2814883
3.7828816 1.0430028 2.2805145
3.7775626 1.0454257 2.2812375
3.7787571 1.0454529 2.2908608
3.7832772 1.039309 2.2850974
3.7788231 1.0370833 2.2847444
3.7818995 1.0444225 2.2850718
3.7752784 1.0428766 2.2865805
3.7785303 1.040436 2.2852204
3.7776065 1.0418913 2.2870686
3.7825629 1.0409348 2.270944
3.7762059 1.0422449 2.285407
3.7779693 1.0424786 2.2857085
3.7844338 1.0430899 2.2854962
3.7847084 1.0447334 2.2839969
3.7783634 1.0436244 2.2870312
3.7770924 1.0427826 2.2883668
3.7744286 1.0452371 2.281104
3.7775622 1.0472679 2.2789337
3.7822081 1.0384295 2.2855044
5.2587635 1.9206783 1.4508891
5.2607057 1.919378 1.4544437
5.2645846 1.9212372 1.4603274
5.2603355 1.9199118 1.446901
5.2610038 1.9191854 1.4545131
5.2598257 1.9219725 1.4566181
5.2569788 1.9308786 1.4591122
3.1195878 1.0309549 5.902491
3.1314969 1.0342372 5.8925151
3.1187409 1.0357973 5.8878887
3.1211547 1.0316208 5.8901198
3.1206851 1.0348833 5.8872103
3.1208053 1.0352559 5.8868852
3.122621 1.0305119 5.8866059
3.1213986 1.0329394 5.8868056
3.1194028 1.0330226 5.8876955
3.1079994 1.0403664 5.8936417
3.1086345 1.0401285 5.8914801
3.1213258 1.034476 5.8899127
3.1221614 1.0402317 5.8904414
3.1201065 1.031863 5.8905581
3.1196823 1.0361615 5.8877892
3.1182474 1.0369736 5.8868292
3.119196 1.0353593 5.886438
3.1255653 1.035656 5.8856729
3.122132 1.0364385 5.8869271
3.1220546 1.0356866 5.8864242
3.1256791 1.0338369 5.8810672
3.1235744 1.0347874 5.8846525
3.1220364 1.0344066 5.8836556
3.121203 1.0370735 5.8824535
3.1172784 1.0352504 5.8884885
3.1202451 1.0310546 5.8905412
3.1194435 1.0420468 5.8933231
3.1176858 1.0401712 5.8924091
3.1199961 1.037005 5.8884156
3.1248518 1.0374929 5.8896035
1.1501024 0.62154182 1.5477618
1.1521003 0.62265311 1.5372431
1.136703 0.63056755 1.5535825
1.1414083 0.62274295 1.5592636
1.1511275 0.61753929 1.5443523
1.1421338 0.62316219 1.5579173
1.1474496 0.62363804 1.5452374
1.1462745 0.62393671 1.5469095
1.1374949 0.62216717 1.5533631
1.1494089 0.62170926 1.5412566
1.146323 0.62360861 1.5489745
1.1505622 0.6194659 1.5480222
1.1464151 0.61478669 1.5523958
1.1401927 0.62223919 1.5565643
1.1456925 0.62195852 1.5465628
1.137564 0.62443825 1.5524554
1.1439783 0.62303398 1.5503743
1.1450027 0.62321096 1.5479073
1.1508551 0.61564404 1.5362354
1.1495564 0.61398079 1.5388093
1.1378379 0.6214737 1.5549075
1.1266388 0.62126295 1.5629563
5.7511619 2.5588055 0.56009048
5.7417262 2.5594493 0.55112515
5.7439704 2.5584085 0.55182064
5.7533045 2.5593077 0.56254544
5.751664 2.5588543 0.56068397
5.7514983 2.5590869 0.56072021
5.7509047 2.5585705 0.56116266
5.7428597 2.5512711 0.55276934
5.7493825 2.5607958 0.55850227
5.7439138 2.5655906 0.55148783
5.7543032 2.560969 0.5647843
1.2845478 1.8129337 2.1839478
1.2874059 1.8074604 2.1826504
1.286084 1.8078533 2.1818233
1.2922509 1.8048048 2.1750297
1.2881241 1.8094155 2.182587
1.2871093 1.8071832 2.1834929
1.2877785 1.8068769 2.1815903
1.2869837 1.8025919 2.1805781
1.2880833 1.8055106 2.1787522
1.2915475 1.8035726 2.1793598
1.2915483 1.8073372 2.1914442
1.2824054 1.8120627 2.1815324
1.2899024 1.8104147 2.1866911
1.2845308 1.8104545 2.186593
1.2924766 1.8148497 2.1831276
1.2878086 1.8135899 2.1758462
1.2892348 1.8077871 2.1811653
1.2870144 1.8066129 2.1794837
5.5751161 1.2176206 2.5318183
5.5718557 1.2174537 2.5298736
5.5782648 1.2268776 2.5366585
5.5773158 1.2223452 2.5273657
5.5734329 1.2128912 2.5285663
5.5712266 1.2111611 2.5324934
5.5715601 1.2127318 2.5314279
5.5708607 1.2207335 2.5302739
5.5707497 1.2130507 2.5348701
5.5792059 1.2132206 2.535529
5.5778848 1.2135801 2.5316391
5.5766879 1.2163851 2.5234154
5.5801299 1.2172 2.5256875
5.5790635 1.2211847 2.5272899
5.5735801 1.2155218 2.5315562
5.573157 1.2136774 2.532196
5.5694162 1.218238 2.5384136
5.5666779 1.2096364 2.5350861
0 0 0
3.7854895 1.0402856 2.2811523
3.7789129 1.0381298 2.2797672
3.7786644 1.0445331 2.2871151
3.7765255 1.0464862 2.2882225
3.7793454 1.0432113 2.2871405
3.779205 1.0470771 2.2902173
3.7750167 1.0439677 2.2876753
3.7812234 1.0429346 2.2866768
3.7766999 1.0425921 2.2868528
3.781725 1.0405861 2.2823067
3.782137 1.0451975 2.2828003
3.7799131 1.0436814 2.270454
3.7862783 1.0415008 2.2805835
3.7787731 1.043065 2.286699
3.7797236 1.042509 2.2847806
3.7809231 1.044248 2.2903428
3.7781213 1.0488723 2.2889938
3.7785749 1.0435724 2.2860292
3.7783985 1.0416673 2.2873483
3.7870825 1.0402518 2.2795692
3.7855463 1.0466799 2.2844321
4.5090911 0.76853549 1.9555255
4.513227 0.76795632 1.9599403
5.2578563 1.9300723 1.455861
5.2485221 1.9120609 1.4475766
5.2626031 1.9179601 1.4542428
5.2599826 1.9176696 1.4538185
5.2607636 1.9190856 1.454641
3.1227043 1.0380326 5.8849841
3.1314163 1.0339394 5.8899938
3.1190412 1.0340295 5.8877533
3.1231235 1.0366921 5.8912166
3.1148142 1.0375133 5.8919617
3.1172254 1.0382447 5.8885415
3.1172652 1.0398265 5.8899848
3.1219283 1.0328685 5.8862786
3.1192821 1.0328807 5.8881587
3.1231053 1.0350859 5.8878937
3.1240513 1.0338832 5.8870919
3.1211929 1.0343271 5.8872301
3.1224078 1.037248 5.884454
3.1185787 1.037252 5.8926168
3.1205244 1.0391674 5.8868024
3.121029 1.0360048 5.8864888
3.1199896 1.0330474 5.8867821
3.1109249 1.0373504 5.8954294
3.1119084 1.0334244 5.8929636
3.1237564 1.0306578 5.8854721
3.1256122 1.0306164 5.8840266
3.1219111 1.0331059 5.885806
3.1176186 1.0337024 5.8838274
3.1252557 1.0287801 5.8826536
3.1262915 1.0377203 5.8841897
3.1153998 1.03439 5.8954394
3.1201863 1.0393475 5.8957593
3.1226656 1.0332767 5.8845293
3.1181286 1.0302618 5.8857975
3.1276857 1.0268877 5.8824397
1.1412632 0.62574751 1.5489108
1.1345172 0.63098724 1.5558463
1.1423674 0.63009951 1.5476926
1.1294422 0.62617376 1.5651442
1.1411977 0.62136555 1.5605095
1.1434636 0.62683875 1.5472232
1.142323 0.62517917 1.5489069
1.1478697 0.6211405 1.5453618
1.1441982 0.6242312 1.5540157
1.1471465 0.62092348 1.5516936
1.1410662 0.62283007 1.5491921
1.1506281 0.62121505 1.5438695
1.1569448 0.61916205 1.5368567
1.1443161 0.62286513 1.5499625
1.1443919 0.62261943 1.5497409
1.1436652 0.61933846 1.5481113
1.1401251 0.62249733 1.5490748
1.1398088 0.62150171 1.5555071
1.1339561 0.61803071 1.555517
1.1449459 0.62349588 1.5481083
1.1370372 0.62179296 1.5560988
1.1422521 0.62488164 1.5474576
0 0 0
5.7425655 2.5583923 0.55209217
5.7506138 2.5604372 0.55915545
5.7535308 2.5598141 0.56131911
5.7510199 2.5605596 0.55839182
5.751279 2.5590837 0.55959991
5.7528246 2.5584189 0.56025363
5.7348891 2.5553982 0.54801592
5.7505217 2.5588321 0.56009745
5.7496826 2.5589681 0.55983049
5.7571006 2.5597814 0.56514475
1.286113 1.8067878 2.1843453
1.2881628 1.8095982 2.1855182
1.2921988 1.8078689 2.1745538
1.2886651 1.8082099 2.183854
1.293766 1.8050227 2.1877957
1.2883391 1.8047562 2.1775069
1.2871965 1.7997496 2.1828147
1.2903931 1.8079938 2.1889986
1.2845188 1.8045879 2.1886984
1.2831556 1.803852 2.1792904
1.2896311 1.8013444 2.1874464
1.2932286 1.8054306 2.1901446
1.2880599 1.8118898 2.185829
1.283199 1.8093409 2.1813406
1.2887486 1.8072221 2.1808739
1.2956685 1.8103866 2.1773961
1.2837729 1.8078707 2.178693
1.2866078 1.8075767 2.1831025
0 0 0
5.5739151 1.2290929 2.5403456
5.5767911 1.2182031 2.526273
5.5767154 1.2251833 2.5292707
5.5754546 1.220822 2.529119
5.5737258 1.218119 2.5310259
5.5760994 1.2175616 2.5368863
5.5726765 1.2172413 2.5359381
5.5813711 1.2140307 2.531596
5.5801883 1.2130855 2.5301394
5.5800016 1.2125759 2.5316753
5.5762394 1.2227805 2.5260232
5.5706316 1.2187192 2.5348665
5.5741911 1.2147279 2.5348327
5.5717027 1.2112996 2.5359202
5.5792074 1.2134542 2.5333809
5.5681057 1.2163495 2.5369354
5.5811862 1.2180097 2.5338779
5.5763579 1.2183448 2.5303559
3.7821393 1.0505549 2.2785392
3.7819932 1.0456022 2.2734518
3.7787838 1.0432054 2.2845473
3.7776885 1.0425432 2.2861322
3.7784851 1.0426018 2.2867182
3.7774399 1.0465677 2.2903611
3.7788652 1.0425521 2.2869141
3.7821693 1.0411653 2.2854768
3.7799237 1.0453965 2.2846669
3.7795147 1.0439386 2.2851051
3.7781647 1.0437526 2.2858438
3.7776681 1.0451718 2.2730024
3.782114 1.045812 2.2848848
3.7771922 1.0425283 2.2879122
3.7808506 1.0420132 2.2827532
3.7810129 1.042404 2.2848898
3.7834087 1.0519949 2.2839185
3.7802434 1.0428443 2.2843659
3.7725127 1.0392916 2.2896728
3.7728536 1.0397326 2.2893129
3.7784298 1.0434922 2.2948168
4.5038652 0.76544683 1.961202
4.5080131 0.76211411 1.958795
4.5174165 0.7729703 1.9553409
4.5076399 0.76543466 1.9594742
4.5073157 0.76379903 1.9582354
5.2642905 1.9276329 1.4504725
3.1304319 1.0319299 5.8740493
3.1229257 1.0384373 5.8851873
3.1193779 1.0290009 5.8859725
3.1209043 1.0354997 5.8834069
3.1221077 1.0363845 5.8863712
3.1209684 1.0345917 5.8869238
3.1208453 1.0369224 5.8872616
3.1231585 1.0365644 5.8908856
3.1210271 1.0344816 5.886701
3.1201467 1.035411 5.886949
3.1232399 1.0334592 5.8856497
3.1207321 1.034851 5.8913597
3.1260419 1.0347745 5.8848559
3.1249345 1.0340612 5.8874039
3.1302594 1.0346502 5.8826987
3.122491 1.0360537 5.8869387
3.1185296 1.0360422 5.8905005
3.1203737 1.035648 5.8874055
3.1168482 1.0449483 5.8921305
3.1119925 1.0426867 5.8970527
3.1209811 1.0348733 5.8865387
3.122798 1.0290343 5.8852696
3.1207986 1.0330175 5.8875038
3.1144794 1.0332279 5.8943775
3.1165624 1.0318155 5.8953581
3.1229933 1.0352378 5.8863267
3.123311 1.0366124 5.8870869
3.1214258 1.0346525 5.8862753
3.1247684 1.036452 5.8830585
3.1216367 1.0352586 5.8843541
3.1205367 1.03737 5.880735
1.1516392 0.62351085 1.5569987
1.1471665 0.62895878 1.5597676
1.1432036 0.62354629 1.5514901
1.1409478 0.62336266 1.5498748
1.1497359 0.62765928 1.5441986
1.1565669 0.62493072 1.5399317
1.1471088 0.61898521 1.5475901
1.1450771 0.62143087 1.5496573
1.1438862 0.6228138 1.5509968
1.1427989 0.6216704 1.5529761
1.1376321 0.62380268 1.5571454
1.1367272 0.61984619 1.5525819
1.1490255 0.62775948 1.5415052
1.1477909 0.62569746 1.5416065
1.1430442 0.62174364 1.5511921
1.125682 0.62409137 1.5658892
1.1481883 0.62150405 1.5449809
1.1435291 0.62232823 1.5535663
1.1445569 0.62333245 1.5487089
1.1463839 0.62389152 1.5460653
1.1453073 0.62443632 1.5481401
1.1434473 0.62464441 1.5472214
1.1537368 0.61171428 1.5398443
1.1437662 0.62264995 1.5507597
5.7463916 2.5516816 0.56836663
5.7503539 2.5565167 0.56106046
5.7526435 2.5613392 0.56100053
5.7499065 2.5586506 0.55874889
5.7524976 2.5620431 0.5650215
5.7512672 2.5613684 0.56389415
5.7517888 2.5560018 0.56439057
5.7469757 2.5434413 0.55456133
1.287187 1.8071931 2.171141
1.2811829 1.8083981 2.1790008
1.2930692 1.8059976 2.1730207
1.2905126 1.8061074 2.1700312
1.2909507 1.8037728 2.1694331
1.2889551 1.7948362 2.1792341
1.2867688 1.8069163 2.1760691
1.2916374 1.8017739 2.1789723
1.2866256 1.8080181 2.1783291
1.284687 1.8041266 2.1794438
1.2879967 1.807137 2.1806769
1.2884818 1.8052248 2.1792492
1.285556 1.8100137 2.1861155
1.290748 1.8088385 2.1880118
1.2880949 1.8065776 2.1858295
1.2879523 1.8036776 2.1802895
1.2949207 1.8150405 2.180432
1.287346 1.8117552 2.1845845
1.2873469 1.8115371 2.1841154
1.2875041 1.8103293 2.1737004
5.5756418 1.2084327 2.5218041
5.5764382 1.2169361 2.5285468
5.5776935 1.225204 2.5273302
5.5778131 1.2248667 2.5265656
5.570639 1.2171573 2.5382183
5.5737208 1.2143511 2.5381201
5.5767136 1.2167095 2.5354286
5.575543 1.2170223 2.5327071
5.5778423 1.2146686 2.5345282
5.5753533 1.2153292 2.5321606
5.5754979 1.2183404 2.5305554
5.5729681 1.2171315 2.5319366
5.5748707 1.2151871 2.5340411
5.5770464 1.2082251 2.5357656
5.5813769 1.2119955 2.5295744
5.5735597 1.2214314 2.5352683
5.5809757 1.2141354 2.5336526
0 0 0
3.7760954 1.0418809 2.2919452
3.7820046 1.0364037 2.285078
3.7761898 1.0405138 2.2894132
3.7754872 1.0400563 2.2895499
3.7779939 1.0431917 2.2859568
3.7788902 1.0451325 2.2845053
3.7852162 1.040023 2.2844547
3.7847359 1.0480285 2.2865067
3.7844498 1.0404081 2.2832617
3.7793539 1.042487 2.2849049
3.7827548 1.0427278 2.2807432
3.7822824 1.0400826 2.2768493
3.7887189 1.0445836 2.2864587
3.7836209 1.0445092 2.2904344
3.7809494 1.0449601 2.2839543
3.7770748 1.0430955 2.2824573
3.7840042 1.0516427 2.2839504
3.7825169 1.0428205 2.2808274
3.7741503 1.042824 2.2895844
3.7756114 1.0420899 2.2841129
3.7775214 1.0428589 2.28732
4.5019022 0.76824819 1.969874
4.5098198 0.77201439 1.9540126
4.5010693 0.77237734 1.964925
4.5066015 0.7653888 1.9606581
4.5084278 0.76676908 1.9585158
4.505595 0.76662966 1.9602867
3.1172899 1.0251095 5.8891764
3.1294814 1.0304014 5.8838542
3.1295071 1.0314354 5.8809985
3.1213866 1.0344402 5.8857224
3.1184759 1.0326631 5.879697
3.1158704 1.0291844 5.8852023
3.1243397 1.0406138 5.8813713
3.1247281 1.0356969 5.8863817
3.1194348 1.0373119 5.886675
3.1188844 1.0352021 5.8911492
3.1196029 1.0338127 5.8883426
3.1215704 1.0336235 5.8908769
3.1220064 1.0359906 5.8859469
3.1319426 1.0368981 5.8802007
3.1298035 1.0333771 5.8885455
3.1189417 1.0367803 5.8873209
3.1187633 1.037418 5.8897477
3.1214707 1.0352858 5.8865103
3.1161419 1.0351002 5.8851844
3.1214267 1.0358189 5.8873222
3.1205478 1.0389846 5.8882291
3.1188096 1.0350071 5.8908601
3.1215452 1.0306274 5.8901885
3.1173253 1.0301954 5.8902876
3.1127078 1.0333158 5.8916557
3.1213845 1.0354178 5.8854099
3.1217091 1.0357119 5.886493
3.1250489 1.0361675 5.88564
3.1221231 1.0392987 5.8831897
3.1212939 1.0353106 5.886053
3.1203805 1.0386264 5.8781855
1.1472903 0.6235927 1.5484389
1.1574827 0.62633199 1.5402463
1.1436424 0.6239611 1.5516059
1.1390208 0.62281592 1.5513065
1.1413819 0.62321002 1.550321
1.1484205 0.6186235 1.5461776
1.1481945 0.62396459 1.549602
1.141761 0.62224966 1.5544407
1.143838 0.62317006 1.5508573
1.1470804 0.62364638 1.5503601
1.1385645 0.6221226 1.5533481
1.1393961 0.6226215 1.5535738
1.1429101 0.62296148 1.5515975
1.1409916 0.62023672 1.5552535
1.1414883 0.62102222 1.551393
1.1265433 0.62419412 1.566771
1.1418592 0.6213035 1.5499898
1.1430961 0.61894258 1.5514828
1.1438676 0.62248806 1.5502051
1.1328763 0.62620963 1.5598996
1.1373101 0.62830325 1.5499687
1.1414717 0.62765375 1.5472958
1.1401124 0.62071478 1.5498911
1.1235402 0.62444263 1.5730403
5.7391451 2.5593336 0.54807726
5.7498033 2.5634975 0.55692756
5.7402155 2.5570965 0.54919566
5.7360587 2.5606385 0.5514103
5.7486282 2.5583111 0.55892202
5.752375 2.5635243 0.56488286
5.7526966 2.5594883 0.56297155
1.2946782 1.8205221 2.1753822
1.2951039 1.8090542 2.1739183
1.2822616 1.8078601 2.1781247
1.2848198 1.8071612 2.1793846
1.2924357 1.8096066 2.1798699
1.2838605 1.8089879 2.1777925
1.2866684 1.809116 2.1872642
1.2906919 1.8154504 2.1740173
1.2887148 1.8035036 2.1808615
1.2885641 1.8032911 2.1814594
1.2874256 1.8068981 2.1807898
1.2882077 1.8074885 2.1806073
1.2884459 1.8067721 2.1800961
1.2876435 1.8080923 2.1822097
1.2867883 1.8080151 2.1804204
1.2873154 1.8078651 2.1803983
1.2866611 1.8078731 2.1795619
1.2867946 1.8067087 2.1795983
1.2947089 1.8041864 2.1836823
1.2926427 1.8060441 2.1832626
1.2881905 1.8072914 2.1797386
5.5772257 1.2066729 2.5220973
5.5788899 1.2183401 2.5301282
5.5753093 1.2176326 2.5313568
5.5743945 1.2151678 2.5296995
5.5718436 1.2201103 2.533419
5.5754633 1.2178836 2.5390686
5.5763982 1.2179367 2.5287521
5.568991 1.2160808 2.5321929
5.5740359 1.2173425 2.5323887
5.5713511 1.2186463 2.5334887
5.5774238 1.2196945 2.5300152
5.5746752 1.2184804 2.5277094
5.5800948 1.2209379 2.5318256
5.578129 1.2196523 2.5279253
5.5745631 1.2172639 2.5358464
5.5800117 1.2135026 2.5295942
0 0 0
2.4116819 1.6963565 3.6912812
0 0 0
3.7934561 1.0352749 2.2846726
3.7796847 1.0330748 2.281414
3.772281 1.0467558 2.2797737
3.7768577 1.0429683 2.2867179
3.7845583 1.0469076 2.2779976
3.7887329 1.048525 2.2850263
3.7845025 1.0507111 2.2876939
3.772645 1.0406355 2.2896953
3.7810089 1.0433002 2.2855825
3.7789962 1.0372125 2.2886301
3.7794089 1.037175 2.2874888
3.7819615 1.0342896 2.2837871
3.7846732 1.0447704 2.2891563
3.7739051 1.0360745 2.2883446
3.7756451 1.0358895 2.2902778
3.7773904 1.0377539 2.2931518
3.7817309 1.0431805 2.2913546
3.7790261 1.04385 2.2872332
3.7665335 1.0425098 2.2917275
3.7709541 1.0358957 2.2990181
4.5116781 0.77720297 1.9495508
4.5083435 0.76584387 1.956608
4.5049097 0.76651067 1.9585049
4.5064587 0.76681227 1.9565626
4.5069173 0.76568633 1.9580262
4.5037853 0.77589048 1.956791
0 0 0
3.1198101 1.0339939 5.8863339
3.1215392 1.0281848 5.8772243
3.1136145 1.0327289 5.8867272
3.1251904 1.0389063 5.8865416
3.1337377 1.0351952 5.8820387
3.1272575 1.0346546 5.8788041
3.125907 1.038499 5.8868426
3.1209482 1.0355444 5.887064
3.1222688 1.0380085 5.8868149
3.1242744 1.0355312 5.8888244
3.1210922 1.0348972 5.8872805
3.1232612 1.0338973 5.8846141
3.1248691 1.0407815 5.8874741
3.1196943 1.0366635 5.888161
3.1207345 1.0383385 5.8877274
3.1252772 1.0333865 5.8844369
3.1216903 1.0355776 5.885745
3.1218941 1.0343897 5.8832117
3.126082 1.0352943 5.8810892
3.1214418 1.0357408 5.8814725
3.118326 1.0283303 5.8941467
3.1225349 1.0396215 5.8923668
3.1251512 1.037632 5.882774
3.1233988 1.036034 5.8849778
3.1193998 1.0384487 5.8879862
3.1217632 1.0398525 5.8857698
3.1150197 1.0417066 5.8878249
3.1170554 1.0405489 5.8818671
3.1142568 1.025957 5.8940757
1.1631749 0.63255438 1.534591
1.1502936 0.62126751 1.5357801
1.1452142 0.62510257 1.5386397
1.1509427 0.62805753 1.5364178
1.1500313 0.61973966 1.5423413
1.1496944 0.6218248 1.5405824
1.1454816 0.62142598 1.5452079
1.1449688 0.62324804 1.5502158
1.1444631 0.622468 1.5503658
1.1403169 0.62608329 1.5514805
1.1409709 0.63024157 1.5522698
1.1427215 0.62906011 1.5542868
1.1421126 0.62469121 1.5522754
1.1362475 0.6225938 1.5569516
1.1388484 0.61888513 1.5527207
1.1429667 0.62261278 1.5506908
1.1241698 0.62047968 1.5655665
1.1372848 0.62250722 1.5473415
1.1423174 0.62187691 1.551792
1.1441635 0.62317755 1.5505901
1.1456025 0.62438994 1.5519408
1.1401311 0.62166532 1.5550222
1.140758 0.62199636 1.5562395
1.1381719 0.62473134 1.5602968
1.1422691 0.62243494 1.5519659
1.0047788 0.7143248 1.6553691
5.7626827 2.5539533 0.57096226
5.7474718 2.5646915 0.55636344
5.7596861 2.558333 0.57822967
5.7488216 2.5577099 0.55998606
5.7576507 2.5634645 0.56223085
5.7566719 2.5607199 0.56193796
1.2902237 1.8016535 2.1852564
1.2910928 1.8149685 2.1752858
1.2929761 1.8027985 2.1917248
1.3002098 1.8026606 2.1888976
1.2920284 1.809567 2.1770067
1.2884882 1.8082318 2.1800374
1.2926184 1.8087308 2.1770116
1.2878507 1.8174064 2.1733813
1.2843734 1.8121126 2.169287
1.2875149 1.8076661 2.1781922
1.2880174 1.8086008 2.1791557
1.2882297 1.8078128 2.1805539
1.2892391 1.8064575 2.1788898
1.2886269 1.8082158 2.183495
1.2916549 1.8026909 2.1794963
1.2914088 1.8082988 2.1785435
1.2867508 1.805754 2.1821526
1.2943616 1.8060073 2.1859854
1.2897634 1.803691 2.1909495
1.2854091 1.7991207 2.1836286
1.276959 1.8126477 2.1836403
0 0 0
5.5833883 1.2146305 2.5318884
5.5695981 1.2209108 2.5377676
5.5847085 1.2200337 2.5248063
5.5776686 1.219619 2.5257483
5.5739778 1.2219068 2.5272237
5.5724351 1.2189267 2.5347657
5.568814 1.2167829 2.530912
5.5694621 1.2160756 2.5350184
5.5727264 1.2187208 2.5295706
5.5754047 1.2165896 2.5290068
5.5750129 1.2164792 2.5308192
5.5734124 1.2237407 2.5269077
5.5781838 1.217173 2.5307837
5.5753808 1.2191015 2.5340953
5.5757197 1.2228873 2.5258169
2.4097693 1.6933743 3.6859677
2.4024214 1.7033776 3.6880662
2.4006321 1.7025993 3.6859959
2.4038673 1.7012947 3.6749736
3.7650445 1.04762 2.2977691
3.7746091 1.0571979 2.2862361
3.7842542 1.046915 2.2781522
3.7860177 1.0471842 2.2829639
3.7755028 1.0460321 2.2877022
3.7769852 1.0448085 2.2876212
3.772564 1.0445602 2.2892119
3.7801352 1.0346098 2.2825489
3.778024 1.0417358 2.2870813
3.7761052 1.039232 2.2937693
3.7730159 1.0378351 2.2866785
3.7792353 1.0427805 2.2857441
3.7799127 1.0333246 2.2888872
3.7784621 1.0342275 2.2824899
3.779372 1.0433584 2.2820893
3.786469 1.0385438 2.2841468
3.7836333 1.0469244 2.2838119
3.7829585 1.0430403 2.2777903
3.7770076 1.0408081 2.2859482
4.5184986 0.77131741 1.9389252
4.5125938 0.77314543 1.9559614
4.5051771 0.76370166 1.9609405
4.5062288 0.76706571 1.9586609
4.5054374 0.76498785 1.9595483
4.5083752 0.76576093 1.9585104
4.4955305 0.7676651 1.9807457
0 0 0
3.1273693 1.0272359 5.8790171
3.1174442 1.036767 5.8909194
3.1309413 1.0414759 5.8776795
3.1324399 1.0362126 5.8735306
3.1264151 1.0350164 5.8807223
3.1261391 1.0407192 5.8848256
3.1190414 1.0351752 5.8884765
3.1217414 1.0339512 5.8873889
3.1136994 1.0344416 5.8934658
3.1149076 1.0342182 5.8908997
3.1215361 1.0387124 5.8842016
3.1217225 1.0358414 5.887017
3.123868 1.0380496 5.8869461
3.1190225 1.0381398 5.8893565
3.126438 1.0373004 5.8771215
3.1172583 1.0386665 5.8833553
3.1179724 1.0353465 5.8867878
3.1216549 1.0422335 5.8918939
3.1209216 1.0383291 5.8911872
3.1163442 1.0271851 5.8882148
3.1114844 1.03573 5.8959208
3.1245786 1.0363692 5.8841666
3.1225014 1.038149 5.8852548
3.1226876 1.0346303 5.8831852
3.1157837 1.0338055 5.8918552
3.1233074 1.0366458 5.8840075
3.1147352 1.038361 5.8884095
3.1257106 1.0415687 5.8790489
0 0 0
1.1662442 0.61413189 1.5316823
1.1391313 0.61852824 1.5578677
1.1557857 0.61638571 1.5417459
1.1477515 0.61991135 1.5432807
1.1449411 0.62246327 1.5498928
1.1440856 0.62305113 1.5496075
1.1430478 0.62490765 1.5528062
1.152979 0.62837517 1.5384173
1.1447792 0.62781042 1.541941
1.1530605 0.63003375 1.5427008
1.1601647 0.62526856 1.5391122
1.1432215 0.62318399 1.5508918
1.1363747 0.62329058 1.5543463
1.1403669 0.62431595 1.5521368
1.1386897 0.62855494 1.5564549
1.146403 0.62625536 1.5504061
1.1424615 0.63187164 1.5499478
1.1438907 0.62975557 1.5448752
1.1382548 0.62391084 1.5559811
1.1448997 0.62297196 1.5486188
1.144131 0.62382743 1.5488563
1.1378994 0.62400197 1.5604584
1.1390441 0.62032025 1.5606016
1.1428646 0.62206216 1.5504652
0 0 0
0 0 0
0 0 0
1.1591501 1.3312673 3.0133123
1.1641524 1.3260344 3.0128106
1.158213 1.312376 3.0048697
1.1704341 1.3190459 3.0104166
1.1649921 1.3197117 3.0016563
0 0 0
1.2919343 1.8009868 2.176453
1.2925404 1.7993209 2.1772901
1.2891662 1.8065195 2.1804903
1.2881943 1.8081158 2.1789911
1.2905461 1.8040572 2.177215
1.2936178 1.8123171 2.1729252
1.2910549 1.8166247 2.1760504
1.2888829 1.8063359 2.1801871
1.2888983 1.8137444 2.1847842
1.2850599 1.8089076 2.1787512
1.2894934 1.8086319 2.1794465
1.2877815 1.8057854 2.1790479
1.292334 1.8055558 2.1894769
1.2882009 1.8125124 2.1872226
1.2885794 1.807344 2.1832028
1.2887109 1.8073815 2.1813898
1.2858 1.8074379 2.1813119
1.2932273 1.8069755 2.1834892
1.2906832 1.8069146 2.1825379
5.5751806 1.2176892 2.5320366
5.5756215 1.2165429 2.53235
5.5708509 1.2198416 2.5399329
5.5823015 1.2246967 2.5302845
5.5728384 1.222996 2.535341
5.5743552 1.2178859 2.5319102
5.5741362 1.2172256 2.5315777
5.5764645 1.2154188 2.5307662
5.5752121 1.2159529 2.5311669
5.5745565 1.2172448 2.5319598
5.5735792 1.2186623 2.5348009
5.5795636 1.2228697 2.5287962
5.572521 1.2251997 2.5322057
5.5759865 1.2194111 2.5292973
5.5725174 1.2160319 2.5281289
2.4134019 1.6910198 3.6945155
2.4040297 1.699535 3.6930916
2.4040586 1.6993472 3.6914873
2.3976241 1.7020479 3.6866479
2.3995912 1.6970061 3.6890472
2.3995924 1.6944673 3.6892886
2.3997778 1.6954453 3.6985043
3.783029 1.0421196 2.290154
3.7788024 1.0428486 2.2867226
3.7761907 1.0437165 2.2900115
3.784506 1.0444049 2.2813628
3.7889753 1.0369435 2.2813982
3.7756987 1.0334362 2.2842267
3.7714553 1.0417764 2.2884967
3.7736935 1.0342483 2.2935543
3.7741445 1.0426348 2.299473
3.7788344 1.0447789 2.2874564
3.7790522 1.0449494 2.292079
3.7796918 1.0386995 2.2927944
3.7765723 1.0401981 2.2819119
3.777178 1.03883 2.2871668
3.7793251 1.0369533 2.2843849
3.7857628 1.0385623 2.2805495
3.7656796 1.0390528 2.2844557
4.5037748 0.77584793 1.9739105
4.5119698 0.76794609 1.9548966
4.5082496 0.77033251 1.9667587
4.5117806 0.77205178 1.9611249
4.5083324 0.76630854 1.9584866
4.5122858 0.7631052 1.9552434
4.5092726 0.76263649 1.9584129
4.5105393 0.76624083 1.9520841
3.1363604 1.0379156 5.8739031
3.1222172 1.0382345 5.8897616
3.1198507 1.0388104 5.8903215
3.1246288 1.0332148 5.8842201
3.1219497 1.0355181 5.8859138
3.1219817 1.03563 5.8862806
3.1165938 1.0420266 5.8875342
3.1202949 1.0364782 5.8897391
3.1215466 1.0395292 5.8916277
3.1204122 1.0352753 5.8879161
3.1249669 1.0347803 5.8870975
3.1214982 1.0350447 5.8893088
3.1237115 1.0361402 5.8862598
3.1245624 1.0342825 5.8845365
3.1221461 1.0415563 5.8822991
3.1209462 1.0371373 5.8853348
3.1260432 1.0343199 5.8770709
3.1138182 1.0418304 5.8904473
3.1214673 1.0355092 5.8867898
3.118707 1.0344135 5.8852559
3.1223784 1.0320641 5.8836335
3.1271821 1.0431462 5.8898215
3.1215913 1.0360686 5.8865968
3.1224841 1.0342226 5.8866953
3.1189252 1.0329271 5.8949156
3.1209784 1.0349025 5.8872458
3.1107713 1.0346976 5.8955578
3.1157906 1.0326284 5.8950235
1.140958 0.62028167 1.5616317
1.1493206 0.61627925 1.5433851
1.142317 0.62199766 1.5521298
1.1417079 0.62501135 1.5567973
1.1424918 0.61769635 1.5524585
1.158867 0.62327729 1.5416306
1.1433664 0.62331749 1.5495471
1.1434928 0.62373221 1.5512082
1.1440971 0.629746 1.5513808
1.1533057 0.61855772 1.5451742
1.1431823 0.62545271 1.5592467
1.156383 0.62884036 1.5455847
1.1453094 0.6180595 1.5493368
1.1445072 0.61850443 1.5498525
1.1534493 0.62118544 1.543279
1.1434661 0.62871425 1.5473769
1.1459993 0.62757285 1.548826
1.1352972 0.62427796 1.553548
1.1451459 0.62343134 1.5482139
1.1440239 0.62488291 1.5525467
1.1433599 0.62204094 1.549537
1.1423699 0.62256455 1.552016
1.1300398 0.62710395 1.5678133
1.1479256 0.62565235 1.5508451
0 0 0
1.1592757 1.3189249 3.0084201
1.1485536 1.3218564 3.0170632
1.1585473 1.3230929 3.0109867
1.1610289 1.3285653 2.9990782
1.1652094 1.3216527 3.0101831
1.1587882 1.326589 3.0105132
1.1652037 1.3228869 3.0086817
1.1628592 1.3177056 3.0108201
1.1699913 1.3347268 3.0069213
1.1623732 1.3238356 3.0100285
1.2882937 1.8064259 2.1799427
1.2820536 1.8091305 2.1777673
1.2911448 1.807721 2.1820449
1.2915167 1.8074077 2.1807767
1.2894396 1.8074195 2.1810677
1.2852624 1.8066952 2.1759771
1.288635 1.8079473 2.1805615
1.2896041 1.8159371 2.1766949
1.2884232 1.8091215 2.1801455
1.2894634 1.8083168 2.1807033
1.2952199 1.8062722 2.1850479
1.2898067 1.8112612 2.1885101
1.2832363 1.8072492 2.1810444
1.2850885 1.8047078 2.1834938
1.2888558 1.8069639 2.1811652
1.2897838 1.805904 2.1806542
1.2918853 1.8109676 2.1860965
1.3016301 1.8063111 2.1813824
5.5698858 1.2270968 2.5275365
5.5779434 1.2181953 2.5291341
5.5737344 1.2233464 2.5305579
5.5713448 1.216331 2.530314
5.5745483 1.2175376 2.5321838
5.5743561 1.2182204 2.5333667
5.574999 1.2151889 2.5305639
5.5752966 1.2152206 2.5315543
5.5752674 1.2153669 2.5318468
5.5735419 1.2123989 2.5330554
5.5748941 1.2184377 2.5374911
5.5876856 1.2171649 2.5217598
5.5775766 1.2131791 2.5313073
5.5776658 1.2168004 2.5304071
2.413252 1.704182 3.6905012
2.4060613 1.6985525 3.6917731
2.4058714 1.698519 3.6929029
2.4136048 1.7006276 3.6936509
2.4125284 1.706593 3.6901139
2.4108894 1.7018383 3.6870604
2.4031004 1.700697 3.6882157
2.4040509 1.6990147 3.6915529
2.4118694 1.6935396 3.7007755
3.7774706 1.0285889 2.283397
3.7794549 1.0423236 2.2854546
3.7807524 1.0429438 2.2854289
3.7852349 1.0465337 2.2895526
3.7747431 1.0352864 2.2817769
3.7897827 1.0375197 2.2757409
3.7908893 1.0445326 2.2803745
3.7729483 1.0477743 2.2942054
3.7811269 1.0419085 2.2888556
3.7775141 1.0422847 2.2877682
3.7779666 1.0403616 2.2835477
3.7723092 1.042387 2.2882803
3.7821216 1.042089 2.2863575
3.7814987 1.042959 2.2859862
3.7759294 1.0364069 2.2886384
3.7733998 1.0406886 2.2840406
4.5048242 0.7553287 1.9633957
4.5108823 0.76603695 1.9590391
4.507835 0.7626994 1.9606576
4.5082326 0.76654465 1.9587563
4.5076473 0.76823707 1.9588481
4.5123434 0.76515904 1.955058
4.5048437 0.7665156 1.9591439
4.5103802 0.76478925 1.9521019
0 0 0
3.1325553 1.0459207 5.8793096
3.1317464 1.0444923 5.8791722
3.1118505 1.0309757 5.8835283
3.1176441 1.0382646 5.884426
3.1152796 1.0341515 5.8866585
3.114527 1.0415175 5.8937898
3.1198466 1.0351639 5.8907137
3.1243822 1.0377211 5.8896459
3.1177586 1.035761 5.8915892
3.1241655 1.0315752 5.8886235
3.1255192 1.0357598 5.8853796
3.1240921 1.0364626 5.8854502
3.1235905 1.0371562 5.8824417
3.1205376 1.0347826 5.8887532
3.1212172 1.0324547 5.8894609
3.1268711 1.0288922 5.8832754
3.121868 1.0309333 5.8830596
3.1143037 1.0318878 5.8983005
3.1261908 1.0372321 5.8838452
3.1189485 1.0385774 5.8894529
3.1185982 1.0441936 5.895247
3.1147231 1.0386275 5.887707
3.1226117 1.031202 5.8876719
3.1219182 1.0433905 5.8912601
3.1235844 1.0285122 5.8843186
3.1241914 1.0279714 5.8855822
3.123398 1.0367334 5.886223
1.1494728 0.62518522 1.555395
1.1407723 0.61795426 1.5579302
1.1402278 0.62447235 1.5553103
1.1424193 0.62512226 1.5550964
1.1451846 0.62236105 1.5508381
1.158228 0.62451849 1.5371529
1.1441744 0.62555581 1.5537801
1.1406862 0.62675354 1.5548929
1.1432608 0.62403256 1.5513669
1.1575855 0.62269183 1.5411631
1.1433342 0.62096746 1.5486389
1.1430431 0.62134575 1.5580397
1.1479069 0.62401217 1.5472427
1.1449728 0.62319758 1.5503381
1.1414675 0.62457617 1.5577642
1.1414451 0.62745752 1.5561853
1.1519143 0.62447594 1.5424078
1.1419213 0.62236376 1.5472299
1.1484087 0.62297734 1.5451154
1.1401304 0.62376771 1.5541392
1.1445533 0.62491204 1.5511491
1.1316122 0.62576418 1.5590406
1.1324473 0.62808254 1.5667631
1.1440834 0.6232437 1.5509456
1.1535863 1.3204718 3.0086504
1.1632226 1.3199206 3.0179852
1.163275 1.3225645 3.0089821
1.161257 1.3220061 3.0122185
1.1596446 1.3285351 2.9992928
1.1611458 1.3231109 3.0080596
1.1593139 1.3219685 3.0047566
1.1688048 1.3195647 3.0100674
1.1641891 1.3185934 3.0107407
1.1642061 1.3182963 3.0092049
1.1612502 1.3244376 3.0099273
1.1599176 1.3103743 3.0127062
1.2821404 1.8086704 2.1743381
1.2887415 1.8114917 2.1752328
1.289636 1.8063277 2.1821369
1.290078 1.8063313 2.1818642
1.2916568 1.8049559 2.1792819
1.2891236 1.8079606 2.1803526
1.2924716 1.8041895 2.1755313
1.29602 1.8067617 2.1836015
1.2891159 1.8077986 2.1813461
1.2937109 1.8087404 2.1852745
1.2901647 1.8090573 2.1792524
1.2854391 1.8010625 2.1817504
1.2893822 1.8071394 2.1815088
1.2893718 1.8079734 2.1806067
1.2885 1.8066539 2.1810962
1.2909877 1.8005585 2.1904713
1.2802253 1.8103673 2.1653354
4.0423189 1.8809593 2.4547841
5.5740208 1.2167912 2.5344
5.5769946 1.2133407 2.5394117
5.5723605 1.2156993 2.5352954
5.5739569 1.2132228 2.5359197
5.5752416 1.2125256 2.5329518
5.5754014 1.2174373 2.5311619
5.5750625 1.2163601 2.5319069
5.5767344 1.217092 2.5332679
5.5709003 1.2166213 2.5326328
5.5745712 1.2175089 2.5344155
5.5845635 1.2142929 2.5194799
5.5755402 1.2155731 2.5329497
2.4034938 1.6949726 3.6919576
2.4059135 1.6955199 3.689061
2.4080032 1.6940338 3.6955117
2.4043387 1.6948794 3.6957155
2.4055818 1.695351 3.6932177
2.4083593 1.6947201 3.6943962
2.4068753 1.6991622 3.6965218
2.401907 1.697754 3.695056
2.4023086 1.698737 3.6913433
2.4065995 1.6936741 3.6945216
2.4065164 1.698661 3.6918811
0 0 0
3.7910783 1.0408826 2.2841447
3.7899983 1.0423563 2.287675
3.7857129 1.0436593 2.2797129
3.7845169 1.0414933 2.2815788
3.7793328 1.0430096 2.2861012
3.7802553 1.0419724 2.2856805
3.7788178 1.0401609 2.2858229
3.780173 1.0426671 2.2836547
3.7777757 1.0404795 2.284316
3.7777904 1.0466138 2.284988
3.7777963 1.0440849 2.2865365
3.7786091 1.0428773 2.286427
3.7782238 1.042571 2.2862755
3.7725849 1.0411784 2.2855661
4.5089718 0.7718496 1.9718598
4.5033359 0.76667374 1.9718432
4.5123897 0.76561932 1.9542251
4.5174226 0.76663685 1.9512063
4.5155176 0.76485337 1.9552527
4.5134001 0.76405476 1.9542922
4.5086536 0.76708705 1.9571457
4.5087692 0.76883171 1.9578649
4.5145164 0.76769373 1.9535193
4.5055158 0.77307659 1.9532572
0 0 0
3.1051236 1.0344418 5.8996997
3.11706 1.0262577 5.8833975
3.1229195 1.0353214 5.8852754
3.1170451 1.0396004 5.8900449
3.1211134 1.03628 5.8871998
3.1206433 1.0357185 5.8876873
3.1233944 1.0313558 5.8844508
3.1204367 1.0300275 5.8931039
3.1164923 1.0353324 5.8949831
3.1217947 1.0400723 5.8835988
3.1268304 1.040636 5.8882839
3.1262769 1.0364627 5.8881728
3.1224403 1.0374825 5.8920347
3.1257725 1.0366133 5.8889376
3.1214498 1.033289 5.8900746
3.1144926 1.0370049 5.8998219
3.1187758 1.0439847 5.8937519
3.1209053 1.0358824 5.8869018
3.1231597 1.0365521 5.8840771
3.1154984 1.0369551 5.8908332
3.1295533 1.0362012 5.8788356
3.1215715 1.040827 5.8793691
3.1205995 1.0353454 5.8875947
3.1198136 1.0345684 5.8866077
3.109674 1.0364304 5.8853001
1.1279139 0.62409319 1.5626168
1.1365019 0.62275685 1.5569735
1.1458816 0.62756508 1.5530809
1.150712 0.6232664 1.5492183
1.1439084 0.62049339 1.5566322
1.1439497 0.62176157 1.5507991
1.1440846 0.62337006 1.5508753
1.1433117 0.62378724 1.5502458
1.1442358 0.62284908 1.550391
1.1580119 0.61753299 1.5380314
1.1552233 0.61590781 1.5429347
1.1512029 0.61722168 1.5447661
1.1404363 0.61708521 1.550132
1.1422758 0.62426321 1.552063
1.1439861 0.62208778 1.5508913
1.1412672 0.62879602 1.5552521
1.1374904 0.62306447 1.5592661
1.1437155 0.62613941 1.5545864
1.1451355 0.62641913 1.5485337
1.1454716 0.62642029 1.5463178
1.1315856 0.63191658 1.5598695
1.132548 0.62669704 1.5586374
1.1524173 0.62845384 1.530994
1.1617208 1.3188315 3.0118973
1.1549407 1.320423 3.0113316
1.1570381 1.3148958 3.0193829
1.1640047 1.3195545 3.0104603
1.1611423 1.3209843 3.0107394
1.1538431 1.3261409 3.0123077
1.1570952 1.3287176 3.0056888
1.1574217 1.3234778 3.0099148
1.1666031 1.3272882 3.0089747
1.1622628 1.3218746 3.0169332
1.1522563 1.3194449 3.0127483
1.1576871 1.3141913 3.0056651
1.1568013 1.3184184 3.0118494
1.1573067 1.3141113 3.0111172
0 0 0
1.287792 1.8078004 2.1814232
1.290775 1.805783 2.1838901
1.2791764 1.8044152 2.1765962
1.2884328 1.8078133 2.18029
1.2888685 1.8059952 2.1811711
1.290919 1.8042338 2.1833722
1.2888306 1.807385 2.1816039
1.2916614 1.8066644 2.1840272
1.287745 1.8037626 2.1829836
1.2930726 1.8024803 2.1842815
1.2938807 1.8017809 2.1869158
1.2845092 1.7997444 2.1790251
0 0 0
0 0 0
0 0 0
4.0293185 1.8673928 2.4568815
4.0231092 1.882198 2.4485459
4.0259886 1.8687187 2.4518656
5.5703271 1.2098311 2.5451728
5.5746961 1.2174546 2.532177
5.5750452 1.217151 2.5318233
5.5740195 1.2188312 2.5298903
5.5723179 1.2158153 2.5324679
5.5758688 1.2176185 2.5334214
5.5796435 1.2100299 2.5283036
5.5729082 1.2105808 2.545935
2.412312 1.7033796 3.7052864
2.4040194 1.7027318 3.6854436
2.404968 1.6999186 3.687673
2.4074583 1.6958199 3.6919894
2.4036934 1.6988965 3.6948506
2.4049539 1.6958025 3.6900796
2.4095245 1.6937739 3.6951724
2.4097358 1.6927761 3.6925136
2.4042156 1.7013969 3.6898656
2.4090507 1.7000129 3.692114
2.407278 1.6939757 3.6924607
2.4104214 1.6938881 3.6890427
2.4050935 1.702677 3.6947418
2.3929953 1.6992007 3.6795882
2.3997045 1.6964194 3.6826305
2.4011542 1.6989188 3.6867814
3.77466 1.0365614 2.2734614
3.7842602 1.04083 2.2824712
3.7795904 1.0465568 2.2880284
3.7713776 1.0431226 2.2930855
3.7846421 1.0361851 2.2819435
3.7798991 1.0400591 2.2896862
3.7793235 1.0420241 2.2862917
3.7801046 1.0443532 2.2856857
3.7773128 1.0447162 2.2892741
3.7782394 1.0425405 2.2866957
3.7796068 1.0403394 2.2827674
3.7737544 1.044965 2.291852
4.4995316 0.77008525 1.9684204
4.5114722 0.76978552 1.9582875
4.5156588 0.76364792 1.9529127
4.5117827 0.76362687 1.9538411
4.5053653 0.76284576 1.9577005
4.5119512 0.76065864 1.9493584
4.5134717 0.76133265 1.9589046
4.516954 0.76421146 1.9526168
4.5094695 0.76730625 1.9587945
4.5047908 0.76808024 1.9619571
4.5191957 0.76975322 1.9566568
3.1195873 1.0339373 5.8866417
3.1269895 1.0382211 5.875629
3.1206678 1.0358588 5.8857464
3.1188402 1.039592 5.8892907
3.1263928 1.0390961 5.8832364
3.1247079 1.0362624 5.8854011
3.1234525 1.035998 5.8834878
3.1210019 1.0345534 5.8878807
3.1205325 1.0356161 5.8885837
3.1206295 1.0360553 5.8869209
3.1283951 1.0398235 5.8838093
3.1226471 1.0378455 5.8867234
3.1222434 1.0329545 5.8854541
3.1166873 1.0300179 5.888536
3.1199253 1.033432 5.8838338
3.1148172 1.0277243 5.8873152
3.123072 1.0361645 5.8940153
3.1135384 1.0385526 5.8824042
3.1262106 1.0393576 5.8769615
3.1249474 1.032604 5.8913566
3.1227739 1.0351817 5.8824721
3.120152 1.0346773 5.88827
3.1176051 1.0396975 5.8893885
3.1181508 1.0409947 5.8890876
3.1220334 1.0205034 5.8870198
1.1407709 0.62827383 1.556797
1.1463693 0.62302953 1.5520483
1.1469785 0.62422489 1.548309
1.1543598 0.62745621 1.5397369
1.13624 0.62729691 1.5592184
1.1435622 0.62241253 1.5512244
1.1428589 0.6216242 1.5516373
1.1448254 0.62343559 1.5525794
1.1430114 0.62110422 1.5530594
1.1402498 0.62260682 1.555031
1.1537261 0.62445122 1.5408507
1.1488341 0.62101628 1.5431025
1.1467988 0.61680864 1.5391645
1.1449424 0.62319501 1.5493836
1.1429908 0.62330503 1.5509768
1.1393331 0.62434387 1.5524547
1.1394118 0.62357037 1.5546745
1.1446648 0.62451148 1.5504279
1.1421141 0.63036486 1.5514909
1.1434039 0.62945446 1.5522852
1.1429677 0.63316701 1.5575593
1.1292487 0.62288587 1.5685203
1.1600532 1.3117451 3.0154863
1.1638069 1.3264303 3.0144874
1.1589088 1.3271738 3.0021805
1.1562016 1.3134273 3.0162717
1.1642038 1.3236418 3.0102995
1.1585475 1.3216973 3.0132288
1.1615028 1.3215538 3.0068129
1.1648648 1.3258401 3.0057943
1.1631291 1.3239009 3.0072157
1.1648704 1.3232127 3.0093919
1.1658051 1.3274369 3.0071324
1.1590414 1.3277916 3.0087202
1.1706414 1.3180171 3.0058495
1.169782 1.3183963 3.003412
1.1593855 1.3193201 3.0083141
1.1590537 1.3201059 3.0086797
1.2929302 1.8006305 2.1852893
1.2908253 1.8057598 2.1827949
1.2805697 1.7979226 2.1774107
1.2876961 1.7994646 2.1827877
1.2871248 1.8051127 2.1792474
1.2892481 1.807148 2.1818663
1.2879115 1.8062841 2.1823819
1.2924435 1.8124491 2.1790225
1.2893081 1.8075599 2.1818186
1.2954677 1.8098612 2.1848918
1.2901743 1.811564 2.1863359
1.2956695 1.813847 2.1846853
0 0 0
4.0317116 1.8722402 2.4562455
4.0317899 1.8724942 2.4560896
4.034053 1.8751318 2.4540545
4.0361613 1.8702236 2.45289
4.0256196 1.871636 2.4529551
4.0279003 1.8735447 2.4471496
5.5748163 1.2177389 2.5316696
5.5747392 1.2170394 2.5314229
5.573267 1.2140654 2.528974
5.5814711 1.2085955 2.5181244
2.4071817 1.6986551 3.6909476
2.4175907 1.703378 3.6885776
2.4159763 1.7034119 3.6949095
2.4091278 1.6944575 3.6891474
2.4040606 1.6985223 3.695216
2.4036525 1.6962654 3.6866991
2.4055981 1.6982805 3.6943261
2.4029689 1.6985501 3.6919324
2.4086171 1.698684 3.6935477
2.413702 1.691898 3.689663
2.406344 1.6934108 3.6938292
2.4069265 1.7011633 3.689095
2.4052374 1.6962511 3.6885534
2.4016581 1.693832 3.6860614
2.406205 1.7012988 3.6863061
2.4104077 1.7061624 3.6829682
2.4069846 1.7050815 3.6806271
2.4079326 1.7050511 3.682788
2.4030611 1.6966405 3.6902557
2.4054454 1.6990233 3.6911812
2.4167854 1.6990686 3.6831279
2.4049712 1.6980327 3.691638
2.4150624 1.6922586 3.6965501
2.3993491 1.6953476 3.6996857
2.4096037 1.6964428 3.6949355
2.4083005 1.6951479 3.691615
2.4140789 1.6996798 3.6947684
2.4124428 1.7002946 3.6948267
2.4122017 1.704435 3.6968733
2.4021099 1.6899966 3.7044723
0 0 0
4.5059572 0.7649794 1.9638522
4.5059684 0.76879853 1.9572891
4.5118323 0.76724103 1.9530941
4.5066404 0.76768676 1.9583918
4.5153619 0.76829811 1.9542461
4.5145042 0.76840045 1.9509614
4.5031604 0.76758685 1.9623938
4.5054194 0.76544327 1.9630791
4.5062961 0.76573242 1.9638834
4.5027449 0.76502691 1.9614884
4.4960008 0.76034254 1.970072
4.4945267 0.76947345 1.9555295
3.1361768 1.0349065 5.8799305
3.1212444 1.0381804 5.8859505
3.1213722 1.0360249 5.888933
3.122627 1.0360843 5.8820683
3.1217069 1.0355716 5.8855006
3.1214814 1.0352904 5.8867794
3.1208536 1.0353038 5.8883887
3.1221146 1.0355064 5.8873329
3.1253471 1.0362975 5.8860858
3.1250366 1.0367678 5.8852581
3.1250071 1.034955 5.8859677
3.1210605 1.0348029 5.8873169
3.1213798 1.0327073 5.8914369
3.1164525 1.0302462 5.886179
3.1208762 1.032311 5.8792122
3.1214564 1.0355872 5.8850912
3.117692 1.0315522 5.8776119
3.1237649 1.0253305 5.8888043
3.122248 1.0256794 5.8881083
3.1222072 1.0323445 5.8838393
3.1213274 1.0237016 5.8831708
3.11446 1.0327823 5.8796144
1.8309646 2.373103 4.3199644
1.8294496 2.3691784 4.31897
1.1413484 0.63260631 1.5655739
1.1384783 0.62931975 1.5597892
1.1479091 0.62897747 1.5356421
1.1557434 0.62441162 1.5278593
1.1444138 0.62932436 1.5450413
1.1429286 0.63229646 1.5466157
1.1501842 0.6319854 1.536208
1.1448585 0.62496683 1.5484874
1.1440295 0.62229564 1.5508953
1.1416319 0.6165041 1.5533316
1.1447212 0.62182283 1.5507185
1.143131 0.62288022 1.5527159
1.894979 1.4084025 3.8289031
1.1363624 0.63214314 1.5621586
1.1386698 0.62488872 1.5572404
1.1534024 0.62831202 1.5388429
1.1378958 0.62039555 1.5583456
1.1425256 0.62474339 1.5528557
1.1409337 0.629282 1.5544388
1.1369082 0.63043661 1.5629969
1.1447692 0.61386459 1.5586232
0 0 0
1.1683659 1.3210018 3.0140547
1.1693329 1.3239856 3.0142913
1.1576808 1.3265403 3.0028576
1.1651777 1.3220155 3.003764
1.1627094 1.3214494 3.0089451
1.1624019 1.3274043 3.0105467
1.1592605 1.322374 3.0053924
1.1613183 1.3235696 3.0060779
1.1588512 1.3245515 3.006751
1.1639452 1.3261807 3.0021848
1.1660411 1.3306998 3.008724
1.162456 1.3250568 3.0076599
1.1658646 1.3225386 3.0054378
1.1699918 1.3172486 3.0118469
1.1644946 1.3250548 3.0096472
1.1627936 1.3272044 3.0099076
1.1606997 1.3241344 3.0103562
1.2869357 1.807667 2.1804405
1.2837516 1.7977658 2.1757053
1.2850525 1.8019595 2.1778659
1.2965325 1.8161973 2.1784253
0 0 0
0 0 0
1.2902399 1.8141953 2.1803047
1.2971767 1.7967219 2.1872668
1.2877386 1.8087989 2.1776064
1.2881746 1.8082645 2.181293
1.2894118 1.8084505 2.1809556
4.033215 1.8806509 2.4577921
4.0219651 1.8704937 2.4522722
4.0272244 1.8677393 2.4531599
4.0318556 1.8771299 2.4511312
4.0369521 1.8727807 2.4582857
4.031558 1.8729915 2.4560917
4.0315068 1.8732452 2.4554022
4.0408535 1.8739728 2.4564679
2.4124882 1.6932211 3.6939788
2.4146575 1.7008456 3.6938294
2.4097383 1.7080619 3.6987168
2.4096374 1.6964952 3.69283
2.4114241 1.7005193 3.6942094
2.4058891 1.700044 3.689663
2.4050639 1.7005671 3.6886038
2.4049366 1.7008734 3.6940518
2.4061773 1.6979099 3.6870018
2.403298 1.7005771 3.6895903
2.4041082 1.7002297 3.689102
2.4023064 1.6952716 3.6944541
2.4104527 1.6906816 3.687816
2.4076029 1.6966172 3.690954
2.4063048 1.6980551 3.6907191
2.403481 1.6978669 3.6894162
2.4046959 1.7007322 3.6821795
2.4041937 1.7051926 3.6881686
2.407783 1.7009876 3.692163
2.405278 1.6989878 3.6905002
2.4084382 1.7007866 3.6887415
2.4077623 1.6988859 3.6850485
2.4088086 1.7016876 3.6893187
2.4089338 1.7061741 3.6894012
2.4045407 1.6983018 3.6915944
2.401818 1.6984686 3.6911422
2.4017336 1.6956176 3.6890716
2.40212 1.6955268 3.6892705
2.4037748 1.6981159 3.6910414
2.4046191 1.6940577 3.6918046
2.4069844 1.6961918 3.6919351
2.4063583 1.6958322 3.6905237
2.4055422 1.6998866 3.6908046
2.3975497 1.6948723 3.6965782
4.5216734 0.76809978 1.9495765
4.5117203 0.76815091 1.9556338
4.5127751 0.76587187 1.9542233
4.5081361 0.76710401 1.9573383
4.5070333 0.764721 1.9601423
4.5094484 0.76697336 1.9574264
4.5083574 0.76698508 1.959785
4.5039524 0.7658766 1.9643714
4.5075645 0.76514856 1.960799
4.5019476 0.76548193 1.9662059
4.5089149 0.76324025 1.9622912
4.5093569 0.76659809 1.9555665
4.5050571 0.76496744 1.9578091
3.1210247 1.0361812 5.885915
3.1189264 1.0338242 5.8874587
3.1205625 1.0340025 5.8866052
3.1158288 1.0345836 5.8869867
3.1171739 1.0371411 5.8856859
3.1205545 1.0368139 5.8859312
3.1253629 1.0345094 5.8852772
3.1184498 1.0355569 5.8843723
3.1188023 1.0343404 5.8890061
3.1229311 1.0394704 5.8852461
3.1178499 1.0416061 5.885865
3.127384 1.0380287 5.8774127
3.1224238 1.0338393 5.8825485
3.1266628 1.0363589 5.8821514
3.1214124 1.0355261 5.8864708
3.1179967 1.0377568 5.8899763
3.1210817 1.0373417 5.8916156
3.1243451 1.0367128 5.8988005
3.120891 1.0492357 5.8829944
1.8260056 2.3731505 4.3184467
1.8201824 2.3720604 4.3165095
1.8241536 2.3714414 4.3210775
1.8299608 2.3707295 4.3192221
1.8416356 2.3700202 4.3349243
1.7889818 1.3030487 3.8822364
1.7903259 1.3082274 3.8911155
1.8090738 1.2978742 3.8765319
1.7986873 1.2935186 3.8772623
1.8004045 1.3007831 3.8795994
1.7915914 1.3056907 3.8839891
1.7950689 1.308104 3.8793537
1.8002924 1.3150258 3.8804232
1.8005175 1.2958826 3.8799647
1.7993579 1.3080748 3.8643001
1.7935126 1.297424 3.8757179
1.7843378 1.3122569 3.8820652
1.7922889 1.3101136 3.8811157
1.7937271 1.3115439 3.8820795
1.8007542 1.2949485 3.8830357
0 0 0
0 0 0
1.795475 1.3048049 3.87785
1.7951206 1.2996745 3.8905582
1.7978014 1.3085311 3.8791219
1.160433 1.3197942 2.9941645
1.1652191 1.3191554 3.0048497
1.1585098 1.3199302 3.0091284
1.1581615 1.3206126 3.0101352
1.1577351 1.3265655 3.0178992
1.162643 1.3217872 3.0182748
1.1608844 1.3243661 3.0059014
1.1587534 1.3254558 3.0085939
1.1646812 1.3216951 3.0065835
1.1627222 1.3224718 3.0094046
1.1629735 1.3227535 3.0093935
1.1563756 1.3278185 3.0119733
1.1592124 1.3196164 3.0084876
1.1619588 1.3243484 3.0150447
1.166172 1.3149967 3.0103433
1.1691351 1.3301045 3.0086497
1.1674151 1.3262114 3.0107185
1.1663421 1.3288999 3.005331
1.163545 1.3217345 3.0073949
1.2862247 1.8047241 2.1854311
1.2863455 1.8105958 2.1827455
1.2884238 1.8078121 2.1810737
4.6762356 1.3958291 2.8374605
4.6842561 1.405953 2.8312033
4.6869691 1.4156599 2.8329936
4.6863875 1.4031799 2.8297067
4.6867353 1.4117046 2.834381
4.6801241 1.4069097 2.8267604
4.0362351 1.8713688 2.4542986
4.0362468 1.8713694 2.4542942
4.0218881 1.8698798 2.4532128
4.033173 1.8746503 2.4566788
4.0271954 1.8756814 2.4523348
4.031173 1.8733242 2.4562295
4.0315241 1.872927 2.4558558
4.0305003 1.8733886 2.4559824
4.0227982 1.8763299 2.4470518
2.4155505 1.708195 3.7005944
2.4184224 1.7021583 3.6913589
2.4099681 1.7086927 3.685159
2.4014382 1.7043031 3.6960466
2.4089504 1.7033098 3.6987605
2.407388 1.7011753 3.6944758
2.411372 1.6996627 3.6942651
2.4110071 1.6982632 3.6909267
2.4063129 1.7000286 3.6921105
2.4070703 1.6986938 3.6912731
2.4018516 1.7005606 3.6892739
2.4017291 1.7022811 3.6863014
2.398951 1.695915 3.6910519
2.40927 1.6994048 3.690655
2.4065133 1.6978865 3.6918376
2.4048466 1.6983738 3.6910389
2.4079506 1.692979 3.6918917
2.405207 1.6922235 3.6906544
2.404556 1.7010752 3.6865986
2.4058844 1.7042896 3.6928053
2.403285 1.697731 3.6877219
2.4029036 1.6974224 3.6883424
2.4107917 1.7019153 3.6903251
2.4053678 1.6996397 3.6919098
2.4053937 1.6993881 3.6968059
2.4095382 1.6968456 3.6928826
2.4052058 1.6988295 3.6917893
2.4071149 1.7018731 3.6912894
2.4049964 1.6960978 3.6911819
2.4034671 1.6986905 3.688881
2.4030243 1.6989476 3.6899437
2.4083971 1.6981127 3.6904083
2.4057257 1.6995065 3.6918328
2.404767 1.6960482 3.6897039
4.5174723 0.76989917 1.951081
4.5152776 0.76933277 1.9499904
4.5123836 0.7698888 1.9566216
4.5092577 0.7670223 1.9577542
4.5179454 0.76434374 1.9520189
4.5088836 0.76605592 1.956058
4.5115701 0.76326343 1.9512961
4.5133038 0.75814566 1.9506888
4.5138955 0.76357395 1.9590725
4.5141241 0.76187231 1.9565954
4.5051737 0.76755033 1.9652685
4.5127276 0.76113008 1.9505282
4.5064356 0.76128782 1.9539175
3.1135296 1.0306477 5.8780806
3.1211611 1.0351227 5.8877366
3.1183023 1.0369428 5.89204
3.1214755 1.0393538 5.8851012
3.1188338 1.0351974 5.8867481
3.1264036 1.0390398 5.8816184
3.1281469 1.039262 5.8798748
3.1154112 1.0383302 5.8894256
3.1211442 1.0308326 5.8742298
3.1200787 1.0254371 5.8858877
3.1158257 1.0290744 5.8867758
3.1347702 1.0320643 5.877086
3.1185091 1.0355683 5.8901892
3.1182173 1.0353993 5.8904374
3.1194341 1.0373443 5.890359
3.120407 1.0359492 5.8913783
3.1153373 1.0366754 5.8781547
0 0 0
0 0 0
1.829719 2.3636178 4.308195
1.815403 2.3774514 4.3085236
1.8268112 2.3746785 4.3153641
1.8176682 2.3721575 4.3123606
1.8263211 2.380515 4.3242177
1.8047233 1.3094927 3.8801374
1.7966537 1.3036301 3.878748
1.7950691 1.3045268 3.8776222
1.7934679 1.3029484 3.8777618
1.7924383 1.3062777 3.8775174
1.7951274 1.2991308 3.8792275
1.7953612 1.3055749 3.8726641
1.8000387 1.3052131 3.8769483
1.7857862 1.3042072 3.8901922
1.7952911 1.305247 3.8781019
1.7944444 1.3064088 3.8809852
1.7894727 1.2962583 3.884108
1.7952538 1.3044806 3.8777202
1.7961614 1.3041039 3.8804738
1.7928043 1.3001567 3.8831304
1.790198 1.3011503 3.8854937
1.8005074 1.3048889 3.8767807
1.7967925 1.308776 3.873911
1.7957535 1.3021179 3.8791539
1.7931088 1.2975429 3.8773346
1.7893871 1.2958799 3.8810561
1.1633203 1.3218325 3.0095367
1.1623519 1.3215648 3.0093157
1.1572756 1.3149635 3.0144259
1.1528981 1.3168764 3.0106027
1.1655234 1.3217995 3.0117693
1.1643188 1.3221749 3.01275
1.1626833 1.320239 3.0107727
1.1613534 1.3207417 3.0105152
1.1605243 1.3261715 3.0125556
1.1644022 1.3267759 3.0096783
1.1628668 1.3242978 3.0117437
1.1612468 1.3220754 3.0143536
1.163454 1.3253407 3.007114
1.1637439 1.3191315 3.0084473
1.1677271 1.330347 3.0089034
1.1662243 1.3312932 3.0075369
1.1649042 1.3301606 3.0093887
1.1684599 1.3251789 3.0051987
1.162414 1.3248469 3.0039809
4.6883631 1.3980451 2.8313315
4.6822134 1.4056735 2.8335741
4.6865741 1.4042802 2.8308719
4.6821773 1.4041637 2.8310708
4.6801407 1.405799 2.8314805
4.681912 1.4061334 2.8322428
4.6825421 1.4044874 2.8342609
4.6868393 1.4068545 2.8265692
4.6834532 1.4082609 2.8224113
4.0338433 1.8660397 2.4565059
4.0345618 1.8749728 2.4595242
4.0325984 1.8761319 2.4551819
4.0339039 1.8691924 2.4619791
4.0284823 1.8731909 2.4595609
4.0305649 1.8725688 2.4560022
4.0318894 1.8749583 2.4545797
4.035018 1.873642 2.4531967
4.0298188 1.8662232 2.4562113
2.3959643 1.7085524 3.6867299
2.403185 1.7026185 3.6888458
2.4051628 1.697314 3.6923826
2.4042346 1.6981539 3.6917628
2.4041824 1.7015953 3.6948539
2.4049787 1.7002493 3.693548
2.4049534 1.6977402 3.6898867
2.4050079 1.6983268 3.6914581
2.4062479 1.6990349 3.6910109
2.4065468 1.6979351 3.6916434
2.4058097 1.6990768 3.6833678
2.4006959 1.6975183 3.6831773
2.40896 1.6983543 3.6859498
2.4043175 1.697261 3.6843565
2.4063487 1.6998715 3.68515
2.4055633 1.7009042 3.6874732
2.4083113 1.6946677 3.697647
2.4013701 1.6996652 3.6979821
2.4040601 1.7061906 3.6929144
2.4047277 1.6977959 3.6925122
2.405423 1.7039315 3.6816033
2.4069618 1.705994 3.6866705
2.4098978 1.6934143 3.6940167
2.411837 1.6968936 3.6966513
2.4093771 1.699245 3.6977472
2.4043434 1.6989569 3.6926195
2.4068882 1.7016132 3.6927468
2.4080639 1.6996774 3.6922046
2.4061975 1.6981172 3.6900853
2.4073309 1.6984539 3.6898376
2.4066326 1.6984561 3.689681
2.4021867 1.6992835 3.6931956
2.4064512 1.6968085 3.6915262
4.5097377 0.76759867 1.9597838
4.5082669 0.76667955 1.9594256
4.5079098 0.76571186 1.9587605
4.5098925 0.76852368 1.9600871
4.5188513 0.7704992 1.9512113
4.5056494 0.76839265 1.9606808
4.5041841 0.75932701 1.9557324
4.4985848 0.76598025 1.9575946
4.5105722 0.76705163 1.948912
4.5134338 0.76611954 1.9566343
4.5101096 0.76931996 1.9589417
4.5111699 0.76394019 1.9558265
4.5084407 0.76203955 1.9581928
4.5079175 0.76677137 1.9488556
0 0 0
3.1159308 1.0278222 5.8815606
3.1104561 1.0344717 5.8868973
3.1207968 1.0352476 5.886843
3.1216012 1.0350135 5.8865226
3.1259793 1.0308854 5.8804867
3.1138008 1.0273612 5.888823
3.1197961 1.0293822 5.8753965
3.1208359 1.0377914 5.8867704
3.1263074 1.0256376 5.8815802
3.1336062 1.0379954 5.8787411
3.1202341 1.0323944 5.8853935
3.1230988 1.0349655 5.8840402
3.1255409 1.0288851 5.8863558
3.127808 1.0311598 5.8808484
3.1155304 1.0293827 5.8920438
1.8214849 2.3656342 4.3194159
1.8444112 2.3698638 4.3289906
1.8217425 2.37427 4.3142273
1.8272906 2.3721732 4.3268372
1.8287829 2.3685329 4.3188762
1.8196749 2.3742084 4.3149297
1.8279634 2.3694291 4.3187603
1.801099 1.3103741 3.8764194
1.7907307 1.317357 3.8808207
1.790274 1.3170196 3.8777138
1.7997977 1.3121947 3.8836419
1.7991311 1.3089541 3.8874939
1.8027095 1.3102158 3.8757307
1.7999036 1.3119901 3.8824773
1.7888793 1.3089891 3.8770919
1.7846969 1.3104715 3.887074
1.7951779 1.3040389 3.8784233
1.795851 1.3039532 3.8794893
1.7945149 1.2950523 3.8794319
1.7945054 1.3013133 3.8834631
1.7954764 1.3037655 3.8787556
1.7953638 1.3039117 3.877349
1.7933128 1.3014225 3.8775516
1.7905372 1.3043297 3.8864315
1.7983734 1.3115688 3.8824453
1.7996173 1.3072592 3.8751387
1.7921702 1.3081196 3.8803536
1.793332 1.3059942 3.8810402
1.1692735 1.3241332 3.0097937
1.1606109 1.3203483 3.0062333
1.1625656 1.316512 3.0027947
1.1524027 1.3225528 3.0102257
1.1619669 1.3239334 3.0114461
1.1613515 1.323753 3.0116417
1.1634591 1.3232835 3.0087392
1.1720445 1.3257888 3.0034478
1.1699 1.3248637 3.0040415
1.1646395 1.3236071 3.0099959
1.162308 1.3220359 3.0108833
1.166053 1.3240532 3.0110154
1.1640662 1.3192379 3.0083805
1.1679823 1.3239442 3.0047876
1.1656455 1.3221785 3.0030257
1.1619481 1.3237334 3.0103621
1.1606867 1.3277466 3.0082225
1.1606999 1.3250609 3.0151345
0 0 0
4.681974 1.4072465 2.8329785
4.6803404 1.4085028 2.833358
4.6840682 1.4076527 2.830186
4.6832953 1.408911 2.83105
4.6762969 1.4051414 2.8305679
4.6758177 1.4071422 2.8315427
4.6840928 1.4051342 2.8303827
4.6775211 1.4146945 2.8293336
4.6783637 1.415723 2.8268661
4.0327212 1.8718486 2.457065
4.0315853 1.8688049 2.4546898
4.028592 1.8736515 2.4511901
4.0409971 1.8776327 2.4583357
4.0390671 1.8761244 2.4553093
4.0351118 1.8763364 2.4613982
4.0321223 1.8738166 2.4565381
4.0291203 1.8726775 2.4511147
4.0256528 1.8701338 2.4656291
2.4083214 1.7031104 3.695354
2.4026912 1.6997473 3.6914042
2.4041755 1.698122 3.6924996
2.4047694 1.6988196 3.6925419
2.4061108 1.6977433 3.6949519
2.406844 1.6998723 3.6896255
2.4082786 1.7006413 3.6931312
2.4031567 1.6998558 3.6909828
2.4063475 1.7023762 3.6900655
2.4054613 1.6973119 3.6926795
2.3993622 1.7013729 3.6883121
2.4047312 1.7033697 3.687495
2.4047115 1.6993849 3.6909663
2.4028869 1.7016731 3.6928786
2.4039565 1.7005239 3.6965194
2.4069498 1.701028 3.6963189
2.4033643 1.7003953 3.6886016
2.4103629 1.7031885 3.6877758
2.4085556 1.7030401 3.6884206
2.4050529 1.6997247 3.6911343
2.4061368 1.7053203 3.6832326
2.4007819 1.6998307 3.6919859
2.4021724 1.6986795 3.6920113
2.4028354 1.7015305 3.6924722
2.4058653 1.6980604 3.6900713
2.4021708 1.6971028 3.6941479
2.4028417 1.7018642 3.6912862
2.40316 1.6987564 3.6911466
2.404428 1.6942786 3.6896175
2.4038822 1.6989145 3.6891314
2.4077998 1.7063072 3.6881637
2.40596 1.7003031 3.6976454
2.4009296 1.7003333 3.6932108
4.5074905 0.76727671 1.9603528
4.5027044 0.76659293 1.9658888
4.5031757 0.76423698 1.9637897
4.5089289 0.76646443 1.9575808
4.5156394 0.77350006 1.9505643
4.5125015 0.76346051 1.9516225
4.5094436 0.76604837 1.954888
4.50653 0.76551877 1.9478442
4.50611 0.76855707 1.9577787
4.5052227 0.77138586 1.9613528
4.5150984 0.76818769 1.9516279
4.5055938 0.76387639 1.9626616
4.5059454 0.76861429 1.9625236
4.5143682 0.77167671 1.9561255
3.1201986 1.037264 5.8887136
3.1187437 1.0337674 5.8875541
3.1171228 1.0325043 5.8866703
3.1221384 1.0348858 5.8866796
3.1217391 1.0344146 5.8874473
3.1225875 1.0332816 5.8911725
3.1214252 1.0343234 5.8861765
3.1144438 1.0408571 5.8853055
3.1225266 1.0414131 5.8807024
3.1258597 1.0316436 5.8844508
3.1304396 1.0389782 5.8809076
3.1214237 1.0417893 5.8791625
3.1270575 1.0403307 5.8804895
3.1289904 1.0350344 5.8720488
3.1311349 1.0325069 5.8910582
1.8050029 2.3740568 4.3053713
1.8155625 2.3726684 4.3098435
1.8164177 2.3827937 4.3090166
1.8285846 2.3749051 4.3280599
1.8260544 2.3716495 4.3257719
1.8282502 2.3721798 4.3197799
1.836772 2.3677826 4.3230946
1.8259276 2.3628704 4.3147647
1.7965549 1.3054048 3.8754415
1.7878658 1.3015707 3.885034
1.8017593 1.3004875 3.8751056
1.7899766 1.3070929 3.8881179
1.7929523 1.3022677 3.8844912
1.7941625 1.3067651 3.8827188
1.8017137 1.3056377 3.8806151
1.7973719 1.3001765 3.8749046
1.7953877 1.3014241 3.8793528
1.7961682 1.3089681 3.8844047
1.7894608 1.3082839 3.881646
1.7960108 1.3132845 3.8779777
1.7942259 1.301571 3.8788656
1.7953249 1.3043195 3.8766291
1.7937692 1.3007196 3.876504
1.7975021 1.302513 3.8795892
1.7898428 1.3052469 3.8768714
1.789447 1.3040763 3.8776541
1.7957661 1.3112107 3.8719577
1.793225 1.3068949 3.8826803
1.7933784 1.3058414 3.881572
1.807616 1.3021757 3.8813348
0 0 0
1.1597037 1.3200913 3.0025423
1.1602683 1.322371 3.0093721
1.1592661 1.3236627 3.0110548
1.1619241 1.321136 3.0048191
1.1623353 1.3229817 3.0076565
1.1713628 1.3269215 3.0044543
1.1601706 1.3206602 3.0084378
1.1647367 1.322174 3.0114946
1.1627464 1.3230877 3.0098033
1.164519 1.3228336 3.0133399
1.1622139 1.3216811 3.0099791
1.1629439 1.3211276 3.0113779
1.1606647 1.3240989 3.0142835
1.1593807 1.3274921 3.0130406
1.1507388 1.3290385 3.0190678
1.147314 1.3262958 3.0183905
0 0 0
4.6840635 1.4062877 2.8322952
4.6811045 1.4082204 2.8315656
4.6794941 1.4069823 2.8305863
4.6815757 1.4061288 2.8286648
4.6780617 1.4077714 2.8337495
4.679459 1.4075408 2.8320274
4.6826619 1.4077892 2.8296582
4.6792411 1.4027378 2.8331049
4.6813811 1.4054648 2.8348206
4.0403773 1.8821855 2.4539007
4.0302549 1.8752613 2.4523967
4.0312085 1.8728625 2.4556069
4.0378291 1.8706808 2.4609787
4.0328607 1.8747419 2.4534426
4.0388635 1.8772974 2.4626736
4.0301559 1.8765702 2.4555642
4.0318088 1.8778197 2.4557734
4.0378095 1.8711574 2.4539159
2.4093179 1.7081867 3.6903881
2.4039857 1.697758 3.6930468
2.4035684 1.6990056 3.6913891
2.4021782 1.6987182 3.6925605
2.4050032 1.6985585 3.6869644
2.4013511 1.7002251 3.6882331
2.409871 1.699393 3.6925988
2.4074044 1.6984374 3.6945634
2.4094864 1.700205 3.6897799
2.4046624 1.6992963 3.6901874
2.4009129 1.6995164 3.6855461
2.404157 1.6977818 3.689316
2.4022284 1.6990037 3.6899679
2.4044515 1.6993527 3.6913603
2.4049609 1.6992818 3.6920959
2.4056856 1.6996882 3.6932627
2.4068855 1.6986064 3.6879014
2.4122788 1.7055646 3.6936024
2.4094997 1.703246 3.6865431
2.4083011 1.7039562 3.686137
2.4058785 1.6995337 3.6895845
2.407301 1.7003524 3.6907297
2.4032303 1.6972622 3.6903035
2.4061358 1.6980339 3.6884573
2.4049233 1.6984299 3.6913682
2.399026 1.6996418 3.6904344
2.4025279 1.7024125 3.6929945
2.4051789 1.6986111 3.6892315
2.4090948 1.6956859 3.6920072
2.4033462 1.6984876 3.691817
2.4158375 1.7024419 3.6935575
2.4103016 1.7045485 3.6901949
2.4102031 1.7048481 3.6888599
4.5117153 0.77792184 1.9560853
4.5098534 0.76700256 1.9566579
4.5170694 0.77027696 1.9494469
4.5168003 0.77111846 1.9542176
4.5189888 0.76847191 1.9463858
4.5163193 0.76880398 1.9461934
4.5109882 0.76374594 1.9530227
4.5192235 0.76351034 1.9456616
4.5219793 0.76596869 1.94696
4.5097456 0.77260805 1.9582217
4.511065 0.76947557 1.9525816
4.5080399 0.76679168 1.9591233
4.5096137 0.76453951 1.9589751
4.5089572 0.76986002 1.962725
3.1206733 1.0357979 5.8870252
3.1194066 1.0390957 5.8863207
3.1194812 1.032793 5.8878588
3.1282075 1.0392953 5.8854248
3.1278248 1.0407679 5.8876435
3.1327176 1.0332012 5.8857695
3.1306295 1.0344479 5.8886824
3.124292 1.0331627 5.8914334
3.1218628 1.0352525 5.8867031
3.1249228 1.0400067 5.8951569
3.1159465 1.0408985 5.8960542
3.1157683 1.0322805 5.8889777
3.117373 1.0326288 5.8760728
0 0 0
1.8159478 2.3762056 4.3243331
1.8188954 2.3683254 4.3146719
1.821245 2.3685305 4.3064839
1.8149612 2.3787265 4.3057944
1.8145292 2.3787141 4.3066067
1.828537 2.3744342 4.3253926
1.8297425 2.3716435 4.3253461
1.8304397 2.3708196 4.3309342
1.8482645 2.3708003 4.3384705
1.7832919 1.304991 3.883843
1.7909036 1.3044968 3.8724837
1.7913552 1.2974857 3.8738898
1.7912829 1.3059846 3.8774656
1.7941905 1.3074991 3.8735288
1.8040848 1.2996277 3.8725047
1.8037202 1.3030562 3.8706146
1.7968276 1.3052183 3.8791101
1.7961783 1.3046968 3.8786831
1.7999425 1.3048752 3.8803106
1.7976574 1.3049322 3.8839668
1.7953736 1.3114124 3.8854129
1.7905199 1.3048067 3.8799095
1.7889711 1.3035762 3.8762604
1.7931955 1.300936 3.8829077
1.7971181 1.3008878 3.8817363
1.7924843 1.3035017 3.8776478
1.7938547 1.3108258 3.8815356
1.7978692 1.3119367 3.8753697
1.7954404 1.305232 3.8782358
1.7953953 1.3050077 3.878279
1.7959798 1.3061617 3.8777877
1.8019759 1.3076489 3.8714459
1.1605146 1.3211933 3.0083428
1.1622816 1.3215154 3.0095631
1.1627108 1.3232063 3.01023
1.1640619 1.3219425 3.0045543
1.1621873 1.3202737 3.0072161
1.1619035 1.3258383 3.0057433
1.1624805 1.3222816 3.0044226
1.160108 1.3251549 3.009942
1.1624879 1.3234216 3.0093552
1.1618341 1.3222982 3.0111559
1.1602089 1.3206582 3.0109967
1.1611129 1.323768 3.0085309
1.1633328 1.3226879 3.0103533
1.1639552 1.3251189 3.0062169
1.1494881 1.3224796 3.0101396
4.6826894 1.4055649 2.8305547
4.679237 1.3979996 2.8235387
4.6740374 1.4042643 2.8394321
4.6727532 1.407533 2.8368515
4.6826367 1.406907 2.8318201
4.6824218 1.4066439 2.8317702
4.6828148 1.4082152 2.8319974
4.6805198 1.4074381 2.8320012
4.6832922 1.4038305 2.8324123
4.6765531 1.4111258 2.8404624
4.6827753 1.4083217 2.826974
4.0270211 1.8759001 2.4493873
4.0293309 1.8724968 2.4475086
4.0299722 1.8758645 2.4590873
4.0366272 1.8788083 2.4613284
4.0354755 1.8778647 2.4591807
4.0398657 1.8734721 2.4667501
4.0405901 1.8739603 2.4666593
4.0241173 1.8681197 2.4508101
4.0328772 1.8670687 2.4446689
0 0 0
2.4026997 1.6978159 3.6899385
2.4034031 1.7003249 3.6927284
2.4026734 1.6990188 3.6920142
2.4093054 1.6993319 3.6951636
2.4020337 1.6997694 3.6869659
2.4036434 1.6964632 3.6911337
2.4050934 1.6980132 3.6915996
2.4063339 1.6968519 3.6912717
2.4039423 1.6998017 3.6904042
2.4002869 1.6968143 3.691364
2.3995667 1.7020676 3.6849512
2.3998127 1.7046876 3.6881085
2.3988216 1.7003024 3.685972
2.4035264 1.7001502 3.6943437
2.4046476 1.7000779 3.6927875
2.4085193 1.7056575 3.7044002
2.4093256 1.7058902 3.7044795
2.4035816 1.7019845 3.6943943
2.4054978 1.7001493 3.6885291
2.4061417 1.7000323 3.6883005
2.4038346 1.7023969 3.6924734
2.4023934 1.699195 3.6919176
2.4080486 1.6965103 3.6920573
2.4052157 1.7008288 3.6895497
2.403774 1.6997714 3.6891195
2.4038535 1.6972533 3.691725
2.4049962 1.6989627 3.6910775
2.4078676 1.6942914 3.6904236
2.4116952 1.698356 3.6921579
2.4137367 1.6973461 3.6920587
2.4097106 1.7054377 3.6894626
2.4043378 1.6994177 3.6952369
4.5033285 0.75154475 1.9618265
4.5105677 0.76791603 1.9564864
4.5088572 0.76740279 1.9575054
4.5221507 0.76455896 1.9407075
4.5141348 0.7586253 1.9485949
4.522001 0.76121966 1.9492284
4.5110954 0.76531851 1.9624404
4.5039839 0.76819993 1.9674362
4.4985053 0.76879317 1.967769
4.5027798 0.77214407 1.9700972
4.5084651 0.7755627 1.96435
4.5082357 0.76678676 1.9587624
4.5070581 0.7672934 1.9576077
4.5004426 0.75417618 1.9555028
3.1149308 1.0363953 5.8877094
3.1207978 1.0394887 5.8876848
3.1203225 1.0371629 5.8874981
3.1194796 1.0426428 5.8867698
3.1294536 1.0375299 5.8802896
3.1255839 1.0342251 5.8805455
3.1265316 1.0427053 5.8881275
3.1213944 1.0353807 5.8869881
3.1225583 1.0363734 5.8835086
3.1318568 1.0373855 5.8827497
3.1243073 1.0343469 5.8751869
3.1173356 1.0357472 5.8878646
3.1198671 1.0399964 5.8901138
1.8264278 2.3751773 4.3194452
1.8267716 2.3716432 4.3195724
1.8264549 2.3657457 4.3131388
1.8215089 2.3725716 4.3062467
1.8307783 2.3738594 4.3188284
1.8256443 2.3744118 4.3110332
1.8185079 2.3718751 4.3082591
1.8315355 2.3689298 4.3254323
1.8286918 2.3811897 4.3244202
1.8426542 2.3730702 4.3251397
1.7915144 1.3027847 3.8918491
1.7960153 1.305197 3.8761485
1.7965616 1.3044902 3.8751984
1.7906262 1.306626 3.8777345
1.7948957 1.3099384 3.8740545
1.7944573 1.3016598 3.8642569
1.7967157 1.3032946 3.8691434
1.7988136 1.3044991 3.8823801
1.7967755 1.3058045 3.8809814
1.7965296 1.3068145 3.8801654
1.7964623 1.3060324 3.876375
1.7961345 1.3073638 3.8781202
1.7883201 1.3055638 3.8811362
1.7875316 1.3039709 3.8781478
1.795164 1.3048194 3.8781252
1.7936259 1.3096184 3.8820829
1.7959914 1.3105677 3.8805596
1.7940264 1.3057492 3.8751876
1.7956605 1.3055575 3.8784032
1.7957468 1.3045831 3.8805532
1.7937548 1.3037463 3.8796978
1.7954348 1.3028358 3.881407
1.7977976 1.3007821 3.8661764
1.8078159 1.3021052 3.8706892
1.1632544 1.3224429 3.0054382
1.1600757 1.3243536 3.0109329
1.1629362 1.3229733 3.0084343
1.1658285 1.3238429 3.0081945
1.1640442 1.3203303 3.009762
1.1626293 1.3259041 3.0108776
1.1613697 1.3221305 3.0118053
1.1614822 1.3254568 3.0116242
1.1674457 1.3224423 3.0101115
1.1649826 1.3224798 3.0048265
1.1625764 1.3203773 3.0071535
1.165751 1.329188 3.0128377
1.1634565 1.3220523 3.010634
4.6869567 1.4050257 2.8310786
4.6876596 1.4014081 2.8335754
4.6820383 1.4052147 2.8329092
4.6789748 1.4007315 2.8339372
4.6791645 1.3988873 2.8339792
4.6743119 1.4032584 2.8316835
4.68181 1.4062827 2.8319705
4.6815818 1.4069789 2.8319655
4.6792213 1.4081533 2.8317999
4.6864947 1.4111939 2.8311426
4.6845672 1.4141446 2.8400348
4.0319116 1.872799 2.4450424
4.0319116 1.8728026 2.4448195
4.0403924 1.8680255 2.4571333
4.0367508 1.8717347 2.4495952
4.0278068 1.8689961 2.4529432
4.0326798 1.8808281 2.45496
4.0336522 1.8776885 2.45366
4.0404474 1.8744233 2.4660309
4.0321398 1.8709586 2.4541566
4.0339763 1.8718503 2.457896
4.0324099 1.873476 2.4576434
2.3983197 1.6997919 3.6983237
2.4042908 1.698913 3.6927762
2.403225 1.6992513 3.700884
2.4057965 1.700399 3.6973099
2.4068046 1.6993163 3.6949718
2.4049176 1.6986335 3.6917684
2.4045178 1.7015311 3.6926149
2.4063859 1.6997997 3.6898497
2.4047637 1.6968527 3.6918274
2.4057538 1.6968172 3.6908697
2.4049478 1.6984556 3.6912566
2.4050304 1.6982367 3.6919959
2.4038623 1.6949534 3.6921251
2.4045689 1.6978971 3.6927039
2.4064884 1.6995787 3.6920401
2.4089536 1.6945431 3.7039671
2.4017142 1.6891048 3.6890435
2.4044635 1.6993564 3.6939059
2.4033438 1.7026303 3.6925512
2.4052643 1.7019379 3.6935988
2.4027546 1.700935 3.6914611
2.4062838 1.7014161 3.6944516
2.4048439 1.6944948 3.689568
2.4044968 1.6944554 3.6915379
2.406021 1.6984668 3.6879703
2.4060475 1.6990505 3.6910534
2.4070711 1.6977874 3.690814
2.4092514 1.6955582 3.6925317
2.4055344 1.6989197 3.6916283
2.3991985 1.706085 3.6966993
2.4062844 1.7002739 3.6903917
2.3971168 1.6987851 3.6937003
4.49956 0.75985939 1.9640717
4.5042032 0.76540078 1.9607157
4.5073799 0.76841537 1.9598015
4.5140625 0.75948237 1.9493572
4.5087621 0.76543582 1.9584123
4.5081971 0.77217746 1.9587331
4.5126714 0.76856323 1.9572517
4.5120956 0.76846087 1.9583341
4.5067259 0.77232083 1.962639
4.5068662 0.77006284 1.9589715
4.5109883 0.76515982 1.9586726
4.5079382 0.76647466 1.9591282
4.4977908 0.77004108 1.9670188
4.4911538 0.75593226 1.9687863
3.1226234 1.0370484 5.8870203
3.1201955 1.0353208 5.8874363
3.1183794 1.0351466 5.8877575
3.1182589 1.0369012 5.889669
3.1254763 1.031889 5.8805743
3.1285203 1.0356431 5.8794066
3.1231797 1.0317698 5.8960434
3.125847 1.0355085 5.8956776
3.1236091 1.0470597 5.8826763
3.1312093 1.0461216 5.8823172
3.1285999 1.0375792 5.8728824
0 0 0
1.8320823 2.3735488 4.3274418
1.826725 2.3714289 4.3193472
1.8281915 2.3706774 4.3203646
1.8221707 2.3728078 4.3109092
1.8262369 2.3725192 4.3173299
1.824827 2.3711761 4.3170619
1.8270894 2.3684947 4.3134624
1.8218733 2.3781869 4.3129797
1.8266831 2.3777388 4.3186259
1.8218525 2.3784734 4.3157623
1.826571 2.3690776 4.3121319
1.8014874 1.3084376 3.8836306
1.8005895 1.3101523 3.8768856
1.7967936 1.3052913 3.8758302
1.789763 1.2980134 3.8749219
1.7869362 1.2973161 3.8736669
1.7870994 1.2993169 3.8716318
1.7950895 1.3037609 3.8683692
1.7903819 1.3009773 3.8841713
1.7962884 1.30609 3.8823356
1.7974735 1.3023296 3.8805339
1.7974524 1.3035093 3.87833
1.8072051 1.3107601 3.872193
1.803214 1.3037539 3.8812402
1.7998031 1.3037297 3.8780917
1.7953595 1.3074295 3.8783833
1.7921996 1.2998425 3.8777423
1.7969785 1.2995926 3.8757745
1.7964365 1.304841 3.8763742
1.7976511 1.3070345 3.8768444
1.7948077 1.306078 3.8777921
1.7922906 1.3047391 3.882096
1.7875561 1.2988124 3.878654
1.7987292 1.2941981 3.8743798
1.8010031 1.3005152 3.8742618
1.169873 1.3215865 3.0173655
1.1701051 1.3258992 3.0109139
1.1596745 1.3221278 3.0158026
1.1616748 1.3210634 3.0130522
1.1609557 1.3234264 3.0078679
1.1566566 1.3190048 3.014164
1.1577507 1.3210933 3.0149261
1.1620828 1.3207241 3.0076087
1.1671735 1.3136537 3.0112267
1.1638703 1.3135915 3.0056604
1.1620039 1.3265208 3.0102398
0 0 0
4.6780892 1.4026094 2.8355591
4.6787925 1.4017026 2.8339578
4.6794837 1.3977084 2.8346586
4.6803495 1.399301 2.836105
4.6789731 1.4002018 2.8331934
4.6848783 1.4061135 2.8323859
4.6746086 1.4023097 2.8347309
4.6814592 1.4049311 2.8310792
4.6739095 1.4092039 2.8375325
4.6831441 1.411472 2.8304259
4.6846217 1.404534 2.8272474
4.6832697 1.4025848 2.8334542
4.6812194 1.4035045 2.8287206
4.0319734 1.8721947 2.4557074
4.0344622 1.8691273 2.4593336
4.0328886 1.8717659 2.4586283
4.0324811 1.8731304 2.4600286
4.0289977 1.8715639 2.4602822
4.0361534 1.8727159 2.4592138
4.0299858 1.8732138 2.4520173
4.0337591 1.8720869 2.4537809
4.0320604 1.8724774 2.4565115
4.0296005 1.8733675 2.4590722
4.0309686 1.85953 2.4573272
2.4035475 1.6915285 3.6985964
2.4031809 1.6930676 3.700262
2.4068873 1.7010421 3.6983471
2.4064536 1.6973138 3.6919671
2.4059776 1.6937968 3.6900859
2.4022472 1.6996388 3.6930868
2.4050247 1.699445 3.6897545
2.4046569 1.6986104 3.6917529
2.4058975 1.6970898 3.6940308
2.4030738 1.6967307 3.6899652
2.4038337 1.6999142 3.6900405
2.4056658 1.6970154 3.6960403
2.4067578 1.6985095 3.6953157
2.3988562 1.6991917 3.6962581
2.4079218 1.6996954 3.6888308
2.3982112 1.6882298 3.6924239
2.398031 1.6932486 3.6953461
2.4045312 1.699523 3.6924698
2.4042447 1.701685 3.6903334
2.4077168 1.6981511 3.6904484
2.4078753 1.6997225 3.6917494
2.4062149 1.6944762 3.6889004
2.4068606 1.7025833 3.693411
2.408723 1.7001923 3.6951878
2.4065269 1.6996788 3.6910592
2.405487 1.7006854 3.6908592
2.4065653 1.6997847 3.6929295
2.4063178 1.6990944 3.6908504
2.4000801 1.7057227 3.6979239
2.4072663 1.6994966 3.6909011
2.4039344 1.7022728 3.6924355
4.5087363 0.76577348 1.9548292
4.5071539 0.7664807 1.9589836
4.5067295 0.76621461 1.9635816
4.5083131 0.76508613 1.9610205
4.5036973 0.77121763 1.95607
4.5041353 0.7710802 1.9557567
4.5077641 0.76723983 1.9592951
4.5061359 0.7677501 1.9567035
4.4931373 0.76407411 1.9695654
4.4930966 0.76471846 1.9683334
4.5084016 0.76747927 1.9628088
4.5056856 0.76764642 1.9625548
4.5042324 0.76661609 1.9621006
4.5158546 0.77145523 1.962737
3.1254028 1.0365894 5.8973646
3.1213641 1.0345968 5.8882907
3.1308286 1.0393003 5.8856319
3.1352664 1.0326628 5.8761695
3.1252218 1.0448078 5.8848825
3.1211041 1.0410825 5.8853945
3.1249459 1.0305865 5.8880483
3.118329 1.03832 5.8898567
3.1139182 1.0348889 5.8868049
3.1164818 1.0324268 5.8885878
0 0 0
1.8295301 2.3706852 4.3241301
1.8285729 2.372829 4.3215863
1.8293829 2.3704441 4.3224565
1.8263858 2.3703037 4.3162713
1.827727 2.3737299 4.3190253
1.8264101 2.3730663 4.3170134
1.8216902 2.3765879 4.3096515
1.8187947 2.3717417 4.3067615
1.8285832 2.3699014 4.3213891
1.8234875 2.3711681 4.3176688
1.8292948 2.3721798 4.3224965
1.8160265 2.36711 4.3073886
1.8129265 2.3797036 4.3092754
1.7881619 1.3075851 3.87063
1.7964217 1.3010159 3.8765763
1.7954985 1.3047293 3.8782114
1.7986116 1.3063384 3.8757552
1.7875888 1.3048321 3.8731657
1.7920401 1.3017394 3.8748919
1.7911456 1.302967 3.8842987
1.7980496 1.3047446 3.8796154
1.795214 1.3047597 3.879499
1.7966608 1.3000474 3.8794605
1.8056595 1.3086966 3.8697309
1.7991408 1.3078977 3.8739912
1.7978393 1.3043777 3.8764846
1.7949765 1.3060243 3.8766919
1.791382 1.299586 3.8767933
1.80075 1.3082442 3.8775751
1.7965893 1.3047935 3.8768251
1.7930363 1.305249 3.8780007
1.7933935 1.3074511 3.8790587
1.8012511 1.3091199 3.8791705
1.7939742 1.3101819 3.8828111
1.7968911 1.3027618 3.8787144
1.7956909 1.3062201 3.8783527
1.7925872 1.2887558 3.8751635
1.1744386 1.3327817 3.0037171
1.1478582 1.3202659 3.0164494
1.1661944 1.3195784 3.0069407
1.1600516 1.3265332 3.0064861
1.1622096 1.3179323 3.0064185
1.1625118 1.3236109 3.0109797
1.1615852 1.3194166 3.0077873
1.1608459 1.3225152 3.0147824
1.1628122 1.3291386 3.0140371
0 0 0
4.681917 1.4045406 2.8301634
4.6790633 1.4027439 2.833123
4.6769358 1.4038337 2.8356538
4.6790896 1.399981 2.8352483
4.6853459 1.4085577 2.8321405
4.6826751 1.407511 2.8340156
4.6847187 1.4058161 2.8325028
4.6857873 1.4043029 2.8333172
4.6813005 1.4069842 2.8381311
4.674181 1.4105515 2.8369898
4.6782761 1.4080445 2.8310103
4.6794398 1.4086277 2.8329223
4.6836128 1.4092803 2.8291558
4.6898919 1.4179783 2.8285209
4.0383397 1.8717059 2.4602497
4.0326355 1.871931 2.4571763
4.0319481 1.872101 2.4586173
4.0317986 1.875685 2.4560233
4.026669 1.8732512 2.4552985
4.0334247 1.8737708 2.4558435
4.0276356 1.8764135 2.4528163
4.0233099 1.8698791 2.4487939
4.0351976 1.8698428 2.4593053
4.0312934 1.8726988 2.4562806
4.0291544 1.8765163 2.454537
4.0270057 1.8862461 2.4559278
2.4044345 1.7003754 3.6906707
2.4062058 1.6978227 3.69359
2.4031032 1.6949529 3.6907697
2.4057938 1.6932286 3.6928764
2.4043077 1.6978833 3.6914819
2.4054155 1.6982511 3.6920362
2.4017399 1.6986149 3.6915995
2.4074997 1.695039 3.6916973
2.4002896 1.6989796 3.6904814
2.4027075 1.7001012 3.693437
2.4051122 1.697791 3.6916594
2.3998475 1.697149 3.6964335
2.3999187 1.7040957 3.6976043
2.3996131 1.6951652 3.6865036
2.3995813 1.6960054 3.6897255
2.4073636 1.7000526 3.696625
2.4046517 1.7025989 3.6974721
2.4058139 1.699079 3.6920078
2.4104557 1.6978178 3.6911592
2.407822 1.6988385 3.6912958
2.4044397 1.697764 3.690269
2.4090986 1.702498 3.6914378
2.4049776 1.6928722 3.691157
2.4121179 1.6974812 3.6820298
2.4025143 1.6967909 3.6880445
2.4047188 1.7003524 3.6915986
2.4052699 1.6994828 3.6913944
2.4002235 1.7048545 3.6913491
2.4008312 1.6966335 3.69946
2.4035975 1.7012593 3.6919239
4.5091957 0.77629016 1.9486137
4.512952 0.76530078 1.9542562
4.5106027 0.76733102 1.9576892
4.5119743 0.76758389 1.9557773
4.5057304 0.76566062 1.9594817
4.5136344 0.77153285 1.9540206
4.5129119 0.75844394 1.9564526
4.5065793 0.75784025 1.9581044
4.5037327 0.76882068 1.9610224
4.506643 0.76427746 1.9621045
4.5114849 0.7665517 1.9611856
4.5096317 0.76572757 1.9584303
4.5054027 0.76937349 1.9542605
4.8374439 2.060986 0.39702029
4.8494526 2.0727527 0.40074916
4.851386 2.0683973 0.40866813
4.8461269 2.0624027 0.40195626
0 0 0
0 0 0
0 0 0
3.1304567 1.041866 5.882281
3.1098347 1.0376401 5.8926754
3.1263597 1.0353822 5.8844273
1.8272517 2.3701937 4.3232028
1.8309081 2.3672553 4.3172657
1.8295695 2.3706531 4.3204731
1.8295795 2.3707313 4.3209254
1.8278856 2.3716748 4.3179736
1.8276842 2.3679143 4.321328
1.8258383 2.3730863 4.3185727
1.8266169 2.3724685 4.316786
1.8264428 2.3815929 4.3199494
1.8196274 2.3744911 4.3150347
1.8265655 2.3760986 4.3232197
1.8274041 2.373524 4.319972
1.8270188 2.3725797 4.3191823
1.8245887 2.3721805 4.3144754
1.8237056 2.3729241 4.3160881
1.7874232 1.3078172 3.8736716
1.7973004 1.3091703 3.8815575
1.8025143 1.3083401 3.8749789
1.7956497 1.3080751 3.8796473
1.7953593 1.3030431 3.8863677
1.7964516 1.3096077 3.87192
1.79269 1.3076146 3.8758471
1.7981604 1.3059348 3.8780687
1.7962118 1.3049496 3.8781458
1.7881927 1.3035571 3.8803663
1.8006145 1.3042052 3.872192
1.7977512 1.3052272 3.8762118
1.7949441 1.3105217 3.8747648
1.795248 1.3088614 3.8716139
1.7871594 1.3032137 3.8711614
1.7935703 1.3117282 3.8760603
1.7943414 1.3043598 3.8777196
1.8005819 1.305687 3.8797281
1.7968212 1.300583 3.8839667
1.8024022 1.3030303 3.8813553
1.7984554 1.3046646 3.8757295
1.7986224 1.3032713 3.8762135
1.7949688 1.3049994 3.8789664
1.7968699 1.3025179 3.885158
0 0 0
0 0 0
1.1671407 1.3187818 3.0091207
1.156495 1.3231994 3.0098025
1.16263 1.32046 3.0097155
1.1624624 1.3229577 3.0091921
1.1617219 1.3235379 3.0066622
1.1543178 1.3322618 3.015355
0 0 0
4.6803996 1.4144668 2.8239127
4.6817554 1.407403 2.8311957
4.6806632 1.4082976 2.828883
4.6832866 1.4074332 2.8304533
4.6805925 1.4029842 2.836442
4.6866722 1.4064068 2.8314003
4.681926 1.4079454 2.8337198
4.6847895 1.4055425 2.8314015
4.6843258 1.4052233 2.8329875
4.6828072 1.4122457 2.830761
4.6839549 1.4101162 2.8301064
4.6814923 1.4092632 2.8337666
4.6824264 1.4089449 2.8292335
4.6875194 1.4083357 2.8331778
4.6849611 1.4050549 2.8313324
0 0 0
4.036638 1.8715308 2.4574857
4.0285486 1.874542 2.4543592
4.0318585 1.8752805 2.4550195
4.0316916 1.8730599 2.4542929
4.0338367 1.8737503 2.4544623
4.0289078 1.8735211 2.4579332
4.0288232 1.8675295 2.4452786
4.0363274 1.8618592 2.4531077
4.0371964 1.8659754 2.4581023
4.0323967 1.8727955 2.4568136
4.0390788 1.8684465 2.4558796
4.0268077 1.8705093 2.4529992
2.4031086 1.6990546 3.6887808
2.409304 1.699514 3.6879133
2.4020093 1.6934332 3.6896384
2.4023891 1.6992191 3.6905573
2.4028791 1.6982047 3.6912293
2.4027603 1.700326 3.6920632
2.4105212 1.7011388 3.7010863
2.410028 1.6987 3.7043319
2.4056994 1.6994609 3.692141
2.4044523 1.6993334 3.6911704
2.4093306 1.7034829 3.6960591
2.408003 1.7064743 3.6913506
2.3996324 1.6957804 3.6864508
2.3972481 1.6991275 3.6895572
2.4033889 1.6988283 3.6945634
2.4040734 1.7015843 3.6972041
2.4056683 1.6971555 3.6946565
2.4124355 1.6959763 3.685965
1.8325903 0.84026519 2.1769109
1.8267307 0.8306103 2.174658
1.8201653 0.83224584 2.1894474
1.811021 0.83159308 2.1876311
1.8256556 0.82770088 2.1806471
1.8112464 0.84143286 2.1844335
1.8257662 0.82881247 2.1827305
1.818916 0.83011249 2.175698
1.8198882 0.833827 2.1809267
1.8088531 0.82715773 2.1906715
0 0 0
4.4991862 0.76466248 1.9615746
4.5110725 0.77073098 1.9518952
4.5087433 0.7690847 1.9598951
4.5088282 0.76671193 1.9581944
4.5092843 0.76733597 1.9574068
4.5085189 0.76702468 1.9577108
4.5073095 0.76596763 1.9591519
4.5019413 0.7636468 1.9592492
4.5069069 0.7651063 1.9595173
4.5081753 0.76632622 1.9585798
4.5096746 0.76804063 1.955978
4.5151721 0.77179078 1.9603202
4.8497284 2.0626422 0.40945217
4.8508295 2.064016 0.40762285
4.8488788 2.061424 0.4174561
4.839635 2.0597203 0.40868956
4.8609512 2.0674128 0.41468384
4.8491937 2.0643884 0.41188103
4.8483745 2.0643464 0.40988948
4.8485859 2.06453 0.40999377
4.8597925 2.0610499 0.40597972
0 0 0
1.827906 2.373204 4.3194667
1.8177112 2.3769124 4.3116303
1.8285037 2.3675584 4.3145949
1.8298573 2.3734995 4.321494
1.828564 2.373246 4.3177109
1.8258485 2.3713635 4.3164227
1.8216929 2.3758947 4.3205236
1.8220868 2.3682331 4.3219799
1.8272744 2.3697285 4.3146901
1.8291382 2.3804843 4.3198001
1.8310561 2.373383 4.320179
1.8262024 2.3754665 4.3174722
1.8195148 2.3723785 4.3170969
1.8211454 2.3724036 4.31864
1.8266784 2.3711755 4.320306
1.827729 2.3707527 4.3232002
1.8306025 2.3831681 4.3238006
1.7939221 1.3041399 3.8839388
1.8025962 1.3087191 3.8758074
1.7962023 1.3072111 3.8792396
1.7866736 1.2938238 3.8831372
1.7987497 1.3068894 3.8738641
1.7994847 1.3046652 3.8859344
1.799782 1.3054464 3.8863016
1.8030641 1.3045835 3.8808517
1.791032 1.3082678 3.8754718
1.7960393 1.3049922 3.8771744
1.796283 1.3051071 3.8782896
1.7938254 1.3042588 3.8755988
1.7948625 1.3051608 3.8759627
1.7927707 1.3012176 3.8673831
1.7992523 1.3015673 3.8771247
1.7926027 1.3027341 3.8788544
1.7981928 1.3038294 3.8820332
1.801323 1.3019377 3.8800359
1.8016676 1.3020348 3.8826144
1.7868068 1.2991277 3.8792381
1.7973736 1.303148 3.8764301
1.7975516 1.303454 3.8763074
0 0 0
0.83528827 1.8000205 4.9991453
0.84922394 1.8064863 5.0170733
1.1613341 1.3191058 3.0154038
1.1653827 1.3225 3.0107294
1.175554 1.3214636 3.0093185
1.1674845 1.3272902 3.0076225
1.1621441 1.3220179 3.0080733
1.1560006 1.3331718 3.0179654
4.676717 1.4008643 2.822851
4.6796987 1.414013 2.8365759
4.6851843 1.4090003 2.8252441
4.6864359 1.4049219 2.8280724
4.6864156 1.4060042 2.8323346
4.6798746 1.4039816 2.8361154
4.6849256 1.4073248 2.8289462
4.6878223 1.4098619 2.8335096
4.683383 1.4095996 2.8365912
4.6856471 1.4099349 2.8336654
4.6807812 1.4106112 2.8348808
4.6818881 1.4080056 2.8300062
4.6828229 1.4082667 2.8336082
4.6797186 1.4076297 2.8325853
4.6825398 1.4030241 2.8361461
4.6884113 1.4052941 2.8264161
4.0357985 1.8592171 2.4519614
4.0306895 1.8727739 2.4564544
4.0320984 1.8729986 2.4521034
4.0306168 1.8733701 2.4558673
4.0304145 1.8753862 2.4532049
4.0350897 1.8739043 2.4549768
4.0322109 1.8737165 2.4570359
4.0314601 1.8714683 2.4582592
4.0320588 1.8718918 2.4567542
4.0367775 1.8787233 2.4590314
4.0351138 1.878726 2.4593709
4.0410785 1.8757953 2.4560114
4.0337047 1.8735602 2.451907
2.4129697 1.7005108 3.682248
2.4081946 1.7037791 3.6948895
2.4051273 1.6986088 3.6922374
2.4047416 1.6979004 3.6931828
2.4058551 1.6963383 3.6885311
2.4026622 1.6979949 3.695034
2.4047363 1.6990571 3.6931792
2.4045197 1.7042523 3.703432
2.4052431 1.7032126 3.6940872
2.4026282 1.7046395 3.6928814
2.4044451 1.698693 3.6945109
2.4074372 1.698277 3.691467
2.406174 1.7027168 3.6982457
2.4064871 1.6953784 3.6963951
2.4055838 1.6981418 3.6973644
2.4056734 1.7024841 3.6843155
2.3990232 1.7027566 3.6843062
1.8192583 0.83338015 2.1797444
1.8147988 0.83511925 2.1844251
1.8186423 0.83512199 2.1743089
1.8101036 0.83296908 2.1830101
1.8206122 0.83238808 2.1822327
1.8187723 0.82515774 2.1831814
1.8189773 0.83396894 2.1805789
1.8176821 0.8320372 2.1812129
1.8190093 0.8255754 2.1785381
1.8197766 0.83488753 2.1776733
1.8162851 0.83175231 2.1807468
1.8201778 0.83272736 2.1785241
4.5229358 0.75829358 1.946952
4.5142238 0.76919307 1.9572815
4.5083031 0.76663193 1.959261
4.5046986 0.765625 1.9642891
4.507091 0.76669706 1.9592563
4.5065078 0.76599946 1.9579908
4.5068028 0.76593404 1.9595137
4.5081089 0.76621375 1.9613892
4.5020693 0.76496677 1.9623875
4.508422 0.76654653 1.958493
4.5102571 0.76697168 1.9599537
4.8500731 2.0619531 0.40898392
4.8524105 2.0618592 0.40941091
4.8483989 2.0617958 0.4086538
4.8528965 2.0651851 0.41190379
4.8496973 2.0518217 0.41212163
4.8620171 2.059029 0.42093788
4.8504129 2.0585351 0.41048627
4.845053 2.0631001 0.40381353
4.8495758 2.058004 0.40465232
4.8485608 2.0592239 0.40429796
4.8500932 2.0591333 0.40670648
1.8282456 2.3717934 4.3200541
1.8271188 2.3804348 4.3171135
1.8289336 2.370627 4.3155537
1.8349132 2.3716324 4.3213204
1.832068 2.3719319 4.3240844
1.8312294 2.3706295 4.3214592
1.831839 2.3756308 4.3269935
1.8209766 2.3690331 4.3182819
1.8242161 2.3715574 4.3198153
1.8315418 2.3784037 4.3217693
1.8256601 2.3735437 4.318809
1.8215039 2.3731795 4.312399
1.8235613 2.3719544 4.3150593
1.8266374 2.3733628 4.3178927
1.8324139 2.3697697 4.3221395
1.8302668 2.3709576 4.3198269
1.831826 2.3722543 4.3217614
3.203392 2.3714924 2.2767176
3.2166543 2.3589202 2.2912867
3.2149498 2.3645316 2.2827113
3.2072173 2.3770684 2.2815008
0 0 0
1.7915554 1.3104023 3.8820072
1.7954605 1.3005316 3.880684
1.7959577 1.304241 3.8789699
1.7933639 1.304698 3.8788485
1.7973673 1.3049349 3.8748811
1.7963503 1.3043724 3.8762499
1.7953437 1.3086384 3.8740666
1.7989656 1.3118499 3.8736697
1.8008036 1.3096691 3.8775764
1.7978287 1.3033311 3.8776505
1.7966023 1.3008969 3.8779489
1.795184 1.3034414 3.8785205
1.7915752 1.29197 3.8757365
1.7987505 1.3033933 3.8786414
1.9480794 2.2446084 3.739366
1.9699634 2.2491484 3.7370312
1.9668432 2.2499411 3.7425156
1.9696542 2.2327268 3.7432519
0.84639112 1.8065948 5.0114955
0.85003457 1.8044196 5.0111006
0.85117688 1.8065574 5.012735
0.85578383 1.8061995 5.0101399
0.84591871 1.8035133 5.0137045
1.1641438 1.3259126 3.0216007
1.1469683 1.3273294 3.0139437
1.1734069 1.3207708 2.9958661
4.6977633 1.4071379 2.8271547
4.6893346 1.4063841 2.8355607
4.6769102 1.4045758 2.8309069
4.6821189 1.4068428 2.8351341
4.6817139 1.4044378 2.8345365
4.6844401 1.4073406 2.8328287
4.6835141 1.4069909 2.8323667
4.6856695 1.412033 2.8351774
4.6833089 1.4113141 2.8341755
4.6811891 1.4079807 2.8383822
4.6821684 1.4078356 2.8318981
4.6777053 1.4064008 2.8380005
4.6781738 1.4044069 2.8336271
4.678044 1.40888 2.8303098
4.6798243 1.4012255 2.8341662
4.6781522 1.4141483 2.8418702
4.0229811 1.8688384 2.460446
4.0287802 1.8695762 2.4614034
4.0327383 1.8703625 2.4544616
4.0322833 1.8761368 2.457933
4.0339124 1.8725848 2.4572922
4.0252349 1.8706639 2.4554031
4.0261977 1.8717467 2.4563463
4.0322246 1.8759298 2.4551813
4.0280981 1.8747597 2.4548145
4.0295709 1.8718127 2.4576684
4.0305208 1.8796106 2.4641473
4.0279963 1.8736908 2.4647086
4.0258154 1.8778933 2.4615756
0 0 0
2.4061131 1.7040704 3.7024159
2.4026091 1.7059478 3.6865635
2.4017777 1.7018888 3.6835189
2.4087644 1.6946417 3.6918963
2.4106549 1.7046357 3.6965277
2.4107334 1.7053633 3.6958986
2.4055796 1.7027394 3.694342
2.4068713 1.7038049 3.6937485
2.4036691 1.7032822 3.6880206
2.4066375 1.7059527 3.6977877
2.4066864 1.7011715 3.6915653
2.403374 1.704089 3.6962704
2.4052064 1.6986691 3.6931727
2.4029448 1.6974243 3.6855816
2.4061192 1.7070127 3.6947496
1.816192 0.83612047 2.186626
1.8208046 0.83377209 2.1785784
1.8190666 0.83475697 2.1820442
1.8157069 0.83397326 2.1850996
1.8175177 0.8235066 2.1750605
1.8178333 0.83038807 2.1813121
1.8171238 0.82504227 2.1833291
1.8206435 0.83314011 2.1834052
1.8167342 0.8338166 2.1757961
1.8209915 0.82828716 2.1831677
1.8036568 0.82958687 2.1906811
1.8040052 0.83132205 2.1923153
1.820174 0.82981107 2.177605
4.5088734 0.76591268 1.955992
4.5066018 0.76381586 1.9627562
4.5069055 0.76471297 1.9622386
4.5028271 0.77105527 1.9642304
4.5068373 0.76699651 1.9595668
4.5061045 0.7672228 1.9605968
4.5101766 0.76453673 1.9536201
4.5144522 0.76736628 1.9552756
4.5068248 0.76140522 1.9625954
4.5209005 0.77156332 1.9421471
4.851819 2.0588338 0.4069707
4.8472408 2.0642208 0.40712579
4.8473245 2.0611028 0.40373717
4.8491535 2.0599552 0.40779165
4.8491665 2.0627076 0.40861611
4.8484747 2.0630919 0.40787729
4.855305 2.0558053 0.41115985
4.8502824 2.0582115 0.40278551
4.8490016 2.0610446 0.40696527
4.8527735 2.063596 0.40813043
4.8507663 2.0624449 0.40888677
4.8539849 2.0642061 0.41066479
1.8232315 2.3727032 4.3141555
1.8250876 2.3703067 4.3098066
1.8271411 2.3702058 4.3135998
1.8285163 2.372164 4.3194314
1.826917 2.3726262 4.3194327
1.8244837 2.3710249 4.3187922
1.8270217 2.3713961 4.3198691
1.8276633 2.3721487 4.3199719
1.8247413 2.3678721 4.3230872
1.8201329 2.3737432 4.3131519
1.8251417 2.3728589 4.3194999
1.8257569 2.3694599 4.315666
1.8232075 2.3771284 4.3055611
1.823532 2.3766304 4.3054
1.829792 2.3701152 4.3224207
1.8281372 2.3723189 4.3194125
1.8286386 2.3720468 4.319813
3.2157942 2.3654866 2.2849012
3.2226382 2.3651064 2.2873396
3.2157766 2.3668232 2.2832887
3.2221431 2.3672254 2.2941564
3.2159599 2.3694299 2.2798799
0 0 0
1.7978915 1.3150873 3.8724176
1.7955726 1.3039147 3.8784815
1.7979598 1.3036509 3.8807196
1.7967994 1.3012407 3.8790311
1.7937115 1.303436 3.8774947
1.7919576 1.3059874 3.8783147
1.7974153 1.304334 3.8784664
1.7872877 1.3091637 3.8734003
1.7890102 1.2981483 3.8738887
1.795957 1.3055558 3.8781703
1.7954302 1.3041169 3.8779534
1.9707966 2.2346391 3.7492714
1.9677732 2.2502677 3.7378179
1.9569632 2.246026 3.742198
1.9684332 2.2538766 3.7416469
1.9657388 2.2529652 3.7422702
1.9783258 2.2491724 3.7595441
0 0 0
0.84423241 1.8068287 5.0150501
0.84384274 1.8075016 5.0153866
0.84568528 1.8061506 5.0131187
0.8440639 1.8058711 5.0117957
0.83885267 1.8106664 5.0099649
0 0 0
0 0 0
4.6960302 1.4028264 2.826191
4.6845642 1.4080275 2.8277542
4.6812839 1.3972629 2.8287575
4.6811777 1.4051062 2.8324387
4.6820103 1.404992 2.8316962
4.6822368 1.4043759 2.8302215
4.6868774 1.4072949 2.830467
4.6831126 1.4036454 2.8308492
4.6901228 1.4044909 2.8342589
4.6873602 1.4012391 2.8364997
4.681221 1.4051388 2.8337002
4.6794986 1.4094343 2.8376385
4.6863037 1.4152386 2.8310576
4.6881882 1.4138346 2.8318425
4.6822869 1.4068044 2.8329248
4.6757358 1.4154009 2.8415756
4.0232982 1.8692639 2.4601275
4.0274282 1.8672289 2.4538438
4.0257422 1.8729407 2.4533228
4.028616 1.8695685 2.4607972
4.0343485 1.8726057 2.4551524
4.0257183 1.8758755 2.4553632
4.0268193 1.874644 2.4551884
4.0299877 1.8768816 2.456974
4.0309036 1.8740849 2.4591657
4.0315413 1.8736746 2.4551361
4.0311164 1.8727244 2.4558702
4.0244572 1.8732974 2.4557682
4.031199 1.873881 2.4557333
4.0317362 1.8735145 2.4561715
2.4021969 1.7000864 3.6942613
2.4028511 1.6998878 3.6863849
2.398716 1.7002198 3.6886509
2.4031185 1.6970434 3.690038
2.4045638 1.6964815 3.6848356
2.3956931 1.6983901 3.684629
2.3926903 1.6975245 3.6914242
2.3942777 1.696537 3.6871164
2.4026707 1.6948882 3.6923437
2.4075719 1.7102108 3.6921832
2.402693 1.7025013 3.6865704
2.4050572 1.6990427 3.6971232
2.4055234 1.6987114 3.692997
0 0 0
1.8214778 0.83338158 2.1772894
1.8128193 0.8325265 2.1812693
1.8079511 0.83121517 2.1895432
1.8117638 0.82613708 2.1812577
1.8137895 0.82869798 2.1785418
1.8235797 0.82098749 2.1724061
1.8280612 0.82856197 2.1787655
1.8134809 0.830463 2.1896237
1.8251701 0.83400063 2.1779322
1.8162033 0.83332017 2.1764867
1.8189061 0.83137478 2.179203
1.816325 0.83317762 2.1826403
1.808756 0.82732099 2.1856154
1.8194477 0.83216029 2.1784369
4.5170012 0.77143856 1.9546902
4.5089878 0.76622379 1.9592109
4.5085201 0.76345534 1.9573978
4.4986557 0.76873759 1.9616531
4.5007561 0.77192787 1.9647124
4.5099726 0.77030115 1.9551918
4.5042335 0.76244076 1.9656031
4.5017748 0.76364258 1.9658465
4.5088394 0.76401102 1.9604394
4.8442933 2.0740301 0.41649397
4.8467964 2.0600344 0.40454163
4.8575186 2.0642888 0.4094646
4.8513838 2.0575775 0.41298148
4.8490626 2.0642438 0.40929209
4.8509651 2.0637131 0.41079208
4.8474959 2.0598165 0.40993984
4.8503767 2.0648622 0.40566936
4.8454535 2.0636035 0.40307521
4.8496127 2.0620822 0.40863675
4.8516125 2.0609692 0.4098118
4.8483083 2.0661659 0.40738904
4.8494873 2.065882 0.40686623
1.8222009 2.3682595 4.3122229
1.8341111 2.368882 4.3202334
1.8254848 2.3736923 4.3149222
1.8268181 2.3715783 4.3131697
1.8291576 2.3728361 4.3211134
1.8128571 2.3660736 4.3048202
1.8116722 2.3673163 4.3114837
1.8296611 2.3710189 4.3246415
1.8265271 2.3696253 4.3249366
1.8266539 2.3721737 4.3176757
1.8261759 2.3707875 4.3162159
1.8250033 2.375123 4.3142216
1.8307169 2.3735506 4.3197144
1.8279469 2.3764288 4.3156978
1.8291804 2.3689963 4.3165624
1.8283697 2.3744397 4.3214636
1.831292 2.3737219 4.3239285
3.216743 2.3642207 2.2842575
3.2126758 2.3641577 2.2801513
3.2158169 2.3665185 2.2790501
3.2236983 2.3654901 2.2952333
3.212598 2.3690708 2.2813393
3.2220273 2.3693325 2.2836863
3.2194865 2.3738062 2.285315
1.7969045 1.3032618 3.8658642
1.7967753 1.2982534 3.8756062
1.7938716 1.30239 3.8788318
1.7967848 1.2987238 3.8801964
1.7978643 1.3013338 3.8860529
1.7916649 1.3089322 3.8867979
1.7994845 1.3124584 3.8811504
1.7934018 1.2964477 3.8830536
1.7987104 1.3017002 3.8787163
1.9653762 2.2431401 3.7436804
1.9662308 2.2415617 3.7433392
1.9633505 2.251716 3.7431697
1.9654302 2.244964 3.7448808
1.9732909 2.2520983 3.7507635
1.9733776 2.24766 3.7471965
1.9762292 2.2407454 3.7412888
0.84336757 1.8072874 5.0006748
0.8466796 1.808655 5.0120456
0.84436469 1.8077245 5.0104165
0.84740855 1.8036405 5.0150671
0.84329435 1.8049884 5.0112643
0.84681481 1.8060555 5.0173441
0.84534798 1.8084157 5.013257
4.6897276 1.3967758 2.8372372
4.6842594 1.406418 2.8381275
4.6833148 1.406559 2.8323561
4.6920509 1.3991861 2.8282385
4.6821611 1.4058291 2.8321964
4.6824009 1.4062914 2.8320619
4.6845493 1.403676 2.8334568
4.6845268 1.4085579 2.835487
4.6783336 1.4079331 2.831303
4.6763788 1.4026951 2.8333932
4.6800381 1.4008629 2.8424777
4.68379 1.3992619 2.8381052
4.6820906 1.4091855 2.8344894
4.6794199 1.4031311 2.8341602
4.6830616 1.4065237 2.8322795
4.682442 1.4070112 2.8320418
4.0281074 1.8725117 2.4473094
4.0229955 1.8702199 2.4608378
4.0255715 1.8666801 2.4591254
4.0258303 1.8710444 2.4501446
4.0369141 1.8660135 2.4558407
4.0257543 1.8723724 2.4537986
4.0278298 1.8726828 2.4570183
4.0267407 1.8736166 2.4528534
4.0300495 1.8739818 2.4558578
4.0262313 1.8784083 2.455451
4.0267582 1.883175 2.4554833
4.0309714 1.8711958 2.4564256
4.0301916 1.8729049 2.4550337
4.0292153 1.8773982 2.4523948
4.0252179 1.8808091 2.4639897
0 0 0
2.4060045 1.6965941 3.6921409
2.4038088 1.6996908 3.6917969
2.4011702 1.6965954 3.6946265
2.3959446 1.6994352 3.688753
2.3998377 1.6987722 3.6850158
2.4042731 1.6987365 3.6931404
2.4067602 1.7005018 3.6941774
2.4039881 1.7006061 3.6900236
2.4100641 1.7080082 3.6963766
2.4127119 1.6972148 3.6886345
2.4093789 1.7111974 3.6900613
1.8158309 0.83326318 2.1826438
1.8192174 0.83431049 2.1808241
1.8176309 0.83149789 2.1805769
1.8170996 0.83733626 2.1783428
1.8282394 0.83266597 2.1776868
1.8187995 0.83307905 2.1795468
1.8201094 0.83267743 2.1775781
1.8169341 0.83234439 2.1859176
1.8144703 0.83088071 2.1844386
1.817544 0.83185797 2.1827171
1.809296 0.83457015 2.1919448
1.8126969 0.83527326 2.1905005
1.8162021 0.83150776 2.18114
1.8178189 0.83075911 2.1849612
1.8201652 0.83471764 2.1767906
1.8154838 0.83646473 2.1797062
4.5084592 0.76607715 1.958605
4.5021892 0.7661017 1.9684292
4.5090428 0.76143633 1.9569764
4.5056884 0.76450908 1.9553979
4.5074449 0.766171 1.9585563
4.5096082 0.76601783 1.959597
4.513933 0.76751477 1.9509739
4.5154488 0.76216897 1.9511092
4.8490447 2.054997 0.42201924
4.8496161 2.0662328 0.40765285
4.8476719 2.0619884 0.40782694
4.8584435 2.058873 0.41576285
4.8587447 2.0618607 0.415882
4.8449488 2.0604689 0.40847531
4.8465016 2.062387 0.40830642
4.8450006 2.0609996 0.40660963
4.8477709 2.0620152 0.40810086
4.8508838 2.0634268 0.40732196
4.8502624 2.0611337 0.40948835
4.8494625 2.0646474 0.40570221
4.8504067 2.0643729 0.40663047
4.848079 2.066675 0.40132553
1.8234349 2.3744348 4.3196872
1.8285229 2.3678561 4.3245463
1.8254827 2.3658772 4.3181999
1.8227274 2.377649 4.3100446
1.8357851 2.3761306 4.3185749
1.8171571 2.36623 4.3014637
1.8091689 2.3770626 4.302485
1.8205291 2.3807098 4.315075
1.8275439 2.3727 4.3180125
1.8269682 2.3728245 4.3179007
1.8257059 2.3718224 4.3191253
1.8366755 2.3729305 4.3226308
1.8363471 2.3746269 4.32743
1.8247428 2.3736251 4.3148094
1.8337449 2.3730776 4.3216909
1.8303296 2.3729693 4.3145417
1.827682 2.3726205 4.3190012
0 0 0
3.2163236 2.3667043 2.2884445
3.2219713 2.3628474 2.2876748
3.2063052 2.3643235 2.2802502
3.2224613 2.3663368 2.2893702
3.2159589 2.3604358 2.2871289
3.2214276 2.3627662 2.2948047
3.2202131 2.3637179 2.2795943
1.7981713 1.3041533 3.8737482
1.7932978 1.298936 3.8782407
1.7915382 1.2975272 3.8837685
1.7915161 1.3082067 3.8839248
1.793032 1.3059034 3.8878451
1.8033052 1.3062811 3.8690343
1.9589049 2.2533097 3.7395803
1.9635201 2.241193 3.7350859
1.9645856 2.2471525 3.7391947
1.9661044 2.2384302 3.7433568
1.9599242 2.2412459 3.7444652
1.9638201 2.2417808 3.7413493
1.9664695 2.2404844 3.7443239
1.9595172 2.2460387 3.7389776
1.9555563 2.2545348 3.7295293
0.85043883 1.8068142 5.0145053
0.84064141 1.80051 5.0048595
0.851192 1.8050363 5.0170905
0.84927882 1.8085521 5.0163141
0.84427143 1.8058768 5.0118986
0.8459248 1.8081942 5.017842
0.84583284 1.8124808 5.0101542
0.84496211 1.804578 5.0134598
4.6820541 1.4059555 2.83186
4.6830071 1.4062494 2.8321892
4.6901346 1.4115402 2.8417991
4.6860052 1.406908 2.835714
4.6856089 1.4092624 2.8320513
4.6834009 1.4065183 2.8323521
4.6836497 1.405112 2.8321951
4.6834134 1.4039912 2.8314968
4.6801129 1.4086389 2.8316136
4.6834147 1.4120245 2.8317018
4.6824339 1.4114462 2.8376611
4.6814615 1.4107464 2.8329569
4.6820087 1.4029954 2.8386561
4.6818139 1.4071477 2.8324366
4.6821557 1.4076703 2.8322829
4.0369478 1.8776628 2.4585888
4.0325094 1.8726409 2.4570825
4.0332326 1.8652345 2.459292
4.0326744 1.8743795 2.4565882
4.034846 1.8698301 2.4495955
4.0337034 1.8778566 2.4538841
4.030214 1.8750966 2.4553129
4.0336447 1.8724193 2.4552849
4.0266828 1.880268 2.4462509
4.0273773 1.8740503 2.4523472
4.0229831 1.8821295 2.4548193
4.0252674 1.8702859 2.4526147
4.0285808 1.8713384 2.4497359
4.0295122 1.8621081 2.4579204
4.0256173 1.8625372 2.4571056
4.034587 1.8743751 2.457914
2.4064558 1.6939721 3.6977495
2.4024698 1.6975493 3.6914922
2.4010814 1.6964671 3.6922897
2.3989574 1.6947763 3.6902959
2.3990258 1.7086075 3.6862961
2.4049525 1.6918716 3.6934837
2.4052611 1.7000476 3.6941689
2.4044875 1.6984503 3.6908078
2.4046347 1.6993641 3.6921035
2.4021214 1.6950696 3.6882152
0 0 0
1.8199416 0.83280211 2.1783952
1.8242016 0.83472038 2.1714532
1.8062923 0.83530055 2.1858895
1.8189246 0.83521697 2.1773574
1.8268545 0.83203939 2.1810394
1.8149813 0.82802791 2.1843656
1.8193334 0.82901243 2.187463
1.812515 0.82739005 2.184879
1.8165194 0.83757205 2.1773846
1.8084071 0.8399407 2.1890115
1.8119872 0.83754153 2.1906829
1.8149 0.83333256 2.1810172
1.8187681 0.83726369 2.1832688
1.8200318 0.83040783 2.182547
1.8210053 0.82401553 2.1720577
1.8195994 0.82560604 2.1676448
4.5071667 0.76753251 1.9596486
4.5055773 0.77261034 1.9621869
4.5094928 0.76847383 1.9549951
4.5028656 0.76560648 1.9641988
4.5063762 0.76272492 1.9567668
4.5044269 0.76390154 1.9582362
4.5007465 0.7682172 1.9665379
4.8497504 2.0635807 0.40224512
4.8536752 2.0627533 0.40787423
4.8498162 2.0620411 0.40868034
4.8478221 2.0571565 0.40791564
4.8436093 2.0590338 0.40615041
4.8496333 2.0621166 0.40865252
4.8425049 2.0645644 0.40226478
4.8475938 2.06833 0.40877928
4.8476459 2.059869 0.40940763
4.8455911 2.0617275 0.4050737
4.8442175 2.0627008 0.40843528
4.8435035 2.0627349 0.40522482
4.8511144 2.0644094 0.40774579
4.8543059 2.0641737 0.40511517
4.8526854 2.0639783 0.40512393
1.8344864 2.3742214 4.3326709
1.8261059 2.3716 4.3183873
1.8310355 2.3739528 4.3197933
1.8293199 2.3745259 4.3199913
1.8255726 2.3789236 4.3139038
1.823636 2.3604098 4.3151369
1.8285169 2.371733 4.3222774
1.8278899 2.37252 4.3122206
1.8289444 2.3729023 4.312745
1.8273821 2.3724076 4.3185863
1.8295928 2.371241 4.3222888
1.8267611 2.3738256 4.317578
1.8303328 2.3678974 4.3221953
1.8324587 2.3728809 4.3264405
1.8263233 2.371916 4.3165542
1.8324558 2.3704248 4.3175233
1.8274167 2.3723232 4.3183648
3.2224554 2.364737 2.2922392
3.2143016 2.3678932 2.2837359
3.2169546 2.370156 2.2891922
3.2067974 2.3661054 2.2804213
3.2144941 2.3595712 2.2855561
3.2185054 2.3640644 2.2906273
3.2202998 2.3700017 2.2835833
3.2129495 2.3679994 2.2859179
3.2167885 2.3645514 2.285853
1.7947469 1.304433 3.8748816
1.7905704 1.308247 3.8814567
1.7884098 1.3040472 3.8828484
1.7896096 1.3017251 3.8794646
1.9642644 2.2444532 3.7435453
1.9655094 2.2440135 3.7438926
1.9738313 2.2444878 3.7441009
1.9672505 2.2443331 3.7452496
1.9667472 2.2441441 3.7456776
1.9648382 2.2513171 3.7487161
1.9658405 2.2402218 3.7433553
1.9647037 2.2420198 3.7431487
1.9668798 2.2416694 3.7432397
0.85105609 1.8088382 5.016947
0.85258793 1.8089653 5.0134625
0.84013359 1.8031251 5.0038036
0.8498123 1.8001218 5.0079228
0.85321611 1.8056532 5.007655
0.84130782 1.8129494 5.0189331
0.84104851 1.8033794 5.0129508
0.83694275 1.8123889 5.0078692
0.84591946 1.8062379 5.0119146
0.85539557 1.8098833 5.0143679
0 0 0
4.6884674 1.4162783 2.8397571
4.6853713 1.4072497 2.8311952
4.6837878 1.4084618 2.8328771
4.6849084 1.411657 2.8353667
4.6838862 1.403318 2.8314763
4.6850569 1.4022973 2.8325367
4.6846693 1.4067281 2.8263619
4.6854553 1.4058405 2.8282941
4.6814467 1.4079628 2.830148
4.6805609 1.4025468 2.8332733
4.6818439 1.4075835 2.8427874
4.6812412 1.4145033 2.8381039
4.6824282 1.4121266 2.8325752
4.035663 1.873879 2.4569369
4.031173 1.8735417 2.4551805
4.0337264 1.8723318 2.4566436
4.0388892 1.8681228 2.461094
4.0309631 1.8673009 2.4601688
4.0313419 1.8730777 2.4557577
4.0181788 1.869591 2.4531109
4.0229569 1.867407 2.4604312
4.0258587 1.8770792 2.443706
4.0254679 1.8745871 2.4526727
4.0256939 1.8738313 2.4529468
4.0286828 1.8678223 2.4579705
4.0310301 1.8723735 2.4559201
4.0290792 1.8730709 2.4537991
4.0269272 1.8723747 2.4543398
4.0313406 1.8733921 2.4564433
4.9367107 2.7149246 5.101494
4.9401319 2.7198321 5.1050332
0 0 0
0 0 0
4.9416765 2.7301072 5.1020241
4.9438741 2.7190417 5.1070853
4.9405674 2.7166658 5.1110887
4.9437906 2.718368 5.1080798
4.9234913 2.7160178 5.1000578
4.9387236 2.707383 5.1022644
1.833081 0.84222958 2.1700089
1.8204435 0.83220923 2.1784585
1.8251508 0.83316486 2.1748665
1.8067959 0.83617055 2.1861066
1.8220598 0.8428605 2.1754336
1.8249954 0.83727463 2.1732547
1.8178241 0.83409055 2.1831952
1.8246498 0.83506822 2.1780255
1.8137451 0.83325784 2.1839492
1.8199551 0.83337045 2.1752206
1.8277962 0.83244514 2.1691395
1.8274273 0.83267002 2.1732402
1.822372 0.83734574 2.1708009
1.8241335 0.84001593 2.1717104
1.8120799 0.83276653 2.1878738
1.8124801 0.83932491 2.1866218
1.8215717 0.82871666 2.1783797
4.509013 0.77330518 1.95131
4.5067651 0.76617422 1.9609595
4.5090348 0.76663896 1.958985
4.5101568 0.7681527 1.9578474
4.5084849 0.76682516 1.9581842
4.5123935 0.77213364 1.9660876
4.8483104 2.0603779 0.40599378
4.846618 2.0611357 0.40625735
4.8457455 2.0618539 0.40505205
4.8484579 2.061165 0.40797958
4.8529021 2.0606685 0.4100933
4.8481117 2.0603999 0.40032796
4.8530829 2.0600726 0.40161184
4.8554644 2.0676013 0.40871243
4.8438804 2.0637474 0.41241138
4.8514043 2.0621988 0.4140172
4.8474348 2.065853 0.40771681
4.8523856 2.060075 0.40954582
4.8558712 2.0680748 0.41616127
4.8531676 2.0688233 0.40835663
4.8541388 2.0581434 0.4099541
4.8528628 2.0589554 0.41118128
1.83843 2.380283 4.3217256
1.8278077 2.3712222 4.3165691
1.8229514 2.3707962 4.312161
1.8293767 2.3761593 4.318462
1.8291777 2.3771419 4.3218116
1.8205107 2.3634925 4.3078442
1.8345746 2.372645 4.3211418
1.8271007 2.3726092 4.3183326
1.8245652 2.3750913 4.3160918
1.826465 2.3715198 4.3189933
1.8277058 2.3688663 4.3189448
1.8254284 2.3707807 4.3151128
1.8338466 2.3712336 4.3222686
1.8269553 2.3767172 4.3147989
1.822127 2.3707661 4.3156248
1.8277067 2.3706986 4.3213444
1.827596 2.3716589 4.319501
1.8469226 2.3821415 4.3319803
3.2148984 2.3676771 2.2764418
3.2167436 2.3634731 2.2850182
3.2089255 2.3641732 2.275892
3.2200759 2.3680932 2.286381
3.2157093 2.3704325 2.276848
3.2060714 2.3641776 2.2706777
3.2111215 2.3645844 2.2830283
3.2167001 2.3678002 2.2819108
3.2179314 2.3659706 2.2858024
1.795667 1.3051434 3.8785134
1.7954316 1.3013657 3.8779717
1.9629041 2.2433779 3.7474578
1.9646145 2.2416956 3.7444652
1.9649002 2.2428206 3.7445303
1.9734752 2.2454223 3.7449228
1.9668898 2.2419669 3.7507721
1.9644207 2.2520058 3.7479906
1.9711146 2.2516695 3.7448212
1.9616066 2.242305 3.7421348
1.96764 2.2449447 3.7393754
0 0 0
0.84255826 1.8030462 4.9991047
0.84399501 1.8037819 5.0119049
0.84516523 1.8039484 5.0124745
0.84329471 1.8040732 5.0092291
0.8441457 1.8061678 5.0085417
0.83902713 1.8141711 5.0177262
0.83747858 1.8090073 5.0161148
0.83508694 1.8063872 5.0128722
0.83892381 1.8111358 5.0154991
0.84712866 1.8063961 5.0186858
0.84502985 1.8039855 5.0076635
4.6907901 1.4105046 2.8211497
4.6823754 1.4033287 2.8359173
4.680007 1.4028576 2.8341908
4.6842014 1.4124198 2.8339808
4.6803134 1.4027003 2.8321472
4.6846331 1.4013762 2.8312765
4.6761877 1.4114913 2.8387011
4.6748355 1.4087225 2.8372124
4.6800825 1.4065487 2.8301048
4.6833762 1.4054453 2.8319925
4.6797242 1.4048924 2.8321387
4.6799548 1.4053254 2.8321943
4.6793765 1.4070531 2.8336851
4.035744 1.8717763 2.458878
4.0317035 1.8728827 2.4562245
4.0334314 1.8716875 2.4630879
4.037142 1.8757329 2.4547962
4.0316864 1.8725674 2.4559857
4.0316787 1.872702 2.4561538
4.0280001 1.8623263 2.4499513
4.0231683 1.8629607 2.4552712
4.0314991 1.8777339 2.4470575
4.0313097 1.8724222 2.4547416
4.0267109 1.8666561 2.4468161
4.0335454 1.8662621 2.4497215
4.0282349 1.8727026 2.4655928
4.026105 1.8650392 2.4635747
4.0314811 1.8609054 2.4565476
4.0273707 1.875485 2.4572691
4.9199179 2.7187484 5.0920708
4.9387224 2.7255836 5.1015897
4.9269914 2.7238987 5.0997668
4.9477527 2.7123905 5.1079781
4.9317452 2.721075 5.1011857
4.9458189 2.7164928 5.1068584
4.9262618 2.7204811 5.0966539
4.9306394 2.7205145 5.0911049
4.9311646 2.7207723 5.094758
4.9327598 2.7239961 5.10279
0 0 0
1.817322 0.83104569 2.1718648
1.8175104 0.83485216 2.1761334
1.8190021 0.83343352 2.1793333
1.8266521 0.83622866 2.1751463
1.8178358 0.83904286 2.1818168
1.8191354 0.83322571 2.1790377
1.8130633 0.83656814 2.1824355
1.8154267 0.83230151 2.1831782
1.8142591 0.83536869 2.1880101
1.8205745 0.82781306 2.1813823
1.8200733 0.83263456 2.1791474
1.8214233 0.8389772 2.1728845
1.8198408 0.83049596 2.1806576
1.8185176 0.83194955 2.1824056
1.8306288 0.83965008 2.174708
1.8302368 0.84073173 2.168492
4.510516 0.76793821 1.9550836
4.5062926 0.77438207 1.9634156
4.4989278 0.77092239 1.959858
4.5051931 0.76902307 1.964517
4.5104157 0.76906623 1.9425798
4.8598286 2.0618128 0.40816395
4.8458504 2.0599018 0.40255296
4.8449048 2.0638936 0.40641435
4.8482807 2.062513 0.40756604
4.8510789 2.0643338 0.40732295
4.8503562 2.064984 0.40855059
4.8477077 2.0676568 0.41156809
4.8513082 2.0692531 0.41188038
4.8498683 2.0623646 0.40854329
4.8398356 2.0626806 0.40552936
4.8417128 2.0623719 0.40823163
4.8495194 2.0622281 0.40875646
4.8503912 2.0622333 0.40963359
4.8534349 2.0624058 0.41426612
4.8535314 2.0585464 0.41265791
4.8517945 2.0624432 0.40943379
4.8508574 2.0668129 0.40904815
1.8235471 2.3703393 4.3246041
1.8197815 2.3689818 4.3147698
1.8254819 2.3697856 4.3209817
1.8252193 2.3745715 4.3161317
1.825717 2.3714432 4.3189523
1.8258938 2.3728427 4.3182194
1.8274959 2.3750246 4.3154982
1.8240423 2.3722919 4.3181613
1.8238795 2.3751781 4.3104876
1.8324187 2.3758952 4.3219449
1.8265513 2.3718407 4.3189204
1.8234055 2.3695232 4.3136496
1.824099 2.3708031 4.3191276
1.8293065 2.3721587 4.3161113
1.8280735 2.3738259 4.3206579
1.8285377 2.3721325 4.3161363
1.8278362 2.3688109 4.3172819
1.826735 2.3826273 4.3184467
3.2153623 2.3584915 2.273871
3.2203298 2.3540749 2.2891087
3.2160276 2.3679336 2.2906545
3.2252092 2.3674016 2.2918024
3.2116381 2.3593691 2.2837512
3.217435 2.361096 2.2887111
3.217226 2.3602456 2.2898076
3.2130592 2.3696315 2.2830669
3.2116849 2.3672278 2.284455
3.2213582 2.3559337 2.2976127
1.957137 2.2380265 3.7473514
1.9686723 2.2471394 3.7541237
1.9578793 2.2370741 3.7389396
1.9626714 2.2422604 3.7430278
1.9648763 2.2434103 3.7446125
1.9625864 2.2443361 3.7426444
1.9597708 2.2388161 3.7378538
1.9740014 2.2386465 3.753301
1.9741411 2.2399163 3.7544599
1.966779 2.2394507 3.7431861
0.84540925 1.805691 5.0125621
0.84476897 1.8055369 5.0139928
0.84088688 1.8101761 5.0082934
0.84012983 1.8075191 5.0132607
0.84046849 1.8054766 5.008369
0.84584465 1.8039501 5.0092615
0.84625067 1.8096971 5.0059362
0.84709763 1.804327 5.0148534
0.85012687 1.8055131 5.0115306
0.84866678 1.8083 5.0140182
0.84737126 1.8078396 5.0124296
0.84762034 1.8071107 5.0133201
0.84706103 1.8074831 5.012345
4.6821798 1.4058568 2.832251
4.683217 1.4026573 2.8297565
4.6825796 1.4068953 2.8319576
4.6829296 1.4070407 2.8317078
4.6836217 1.4023271 2.8290339
4.683626 1.4029458 2.8408841
4.6745474 1.4107052 2.8418846
4.6746015 1.4132056 2.8320039
4.6815987 1.406417 2.8318935
4.6815241 1.406049 2.832027
4.6815952 1.4061197 2.8363312
4.6716149 1.4054863 2.8418995
4.031546 1.8754415 2.4557319
4.0301488 1.8750074 2.4555562
4.0365027 1.8695442 2.4616177
4.022431 1.8757134 2.4544429
4.0246346 1.8651745 2.4479412
4.0360877 1.8692214 2.4512923
4.0328284 1.8724558 2.4572753
4.0333389 1.8754208 2.4572765
4.0321252 1.8725137 2.4543355
4.032864 1.8666744 2.4488217
4.0315881 1.8651725 2.4504703
4.0337946 1.8711214 2.4589965
4.0389174 1.8743966 2.4530439
4.0438966 1.8754741 2.4638104
4.042683 1.8661884 2.455822
4.9455214 2.7195872 5.1101887
4.9464828 2.7190379 5.1131653
4.9474324 2.7194765 5.1154629
4.940318 2.7199399 5.1038319
4.9520383 2.7241612 5.109692
4.9299641 2.7205618 5.097305
4.9512205 2.7165818 5.1176353
4.9443633 2.7206366 5.1104968
4.931613 2.7253357 5.0973508
4.9276157 2.7186982 5.0942709
4.9407026 2.7216056 5.1063763
4.941663 2.7358332 5.1093802
1.8153764 0.84106714 2.169506
1.811489 0.83830844 2.1843571
1.817646 0.83009685 2.176679
1.8249291 0.82821264 2.1791981
1.8166014 0.82741124 2.182112
1.8186096 0.83495286 2.1791713
1.8194725 0.84052449 2.1843052
1.8191546 0.83358556 2.1886635
1.8146397 0.83673892 2.184293
1.8137587 0.8381107 2.1871136
1.8138992 0.8376433 2.186669
1.8213214 0.83157742 2.1838797
1.8191105 0.83099007 2.1811025
1.8127926 0.82761291 2.1852697
1.8168465 0.82937103 2.1784325
1.8125968 0.83003126 2.1792825
4.5086422 0.76521529 1.9561977
4.5003483 0.77304296 1.9645285
4.4934042 0.76678589 1.9703578
4.506912 0.77055023 1.9628943
4.8470585 2.0592832 0.40864827
4.8465922 2.0618672 0.41037385
4.8527563 2.0596429 0.40933216
4.84532 2.06304 0.40653654
4.8484177 2.0617029 0.40767068
4.8516233 2.0618721 0.41009428
4.8494958 2.0623322 0.41025136
4.8495708 2.0619825 0.40935259
4.8459412 2.0579096 0.40655021
4.8440174 2.0604378 0.40456177
4.8460827 2.0626013 0.4025879
4.8496893 2.0620703 0.40886572
4.853024 2.0615687 0.41667446
4.8526708 2.0620296 0.41545024
4.8542247 2.0624302 0.41787284
4.8522059 2.0600073 0.407147
4.8537526 2.060939 0.4078622
4.8602698 2.0578068 0.41867885
1.8245152 2.3752605 4.3091432
1.8215245 2.3728796 4.3193805
1.8254176 2.3686396 4.3205506
1.8308769 2.3730507 4.3246417
1.8279989 2.3723688 4.3190286
1.8302638 2.3711003 4.3200405
1.8323407 2.3758054 4.3238763
1.8279021 2.366594 4.3144358
1.8228327 2.3756983 4.3100796
1.8310151 2.3716101 4.3241447
1.8227765 2.3724373 4.3154472
1.8239305 2.3724724 4.31632
1.8210138 2.3715577 4.3135143
1.8298938 2.3740243 4.3204102
1.8282594 2.3731405 4.3193245
1.8249003 2.3736162 4.3163872
1.8266815 2.3686527 4.3140569
1.8309721 2.3697242 4.3091512
3.2342884 2.3665202 2.2910415
3.2328457 2.3685788 2.296698
3.2173233 2.365904 2.2865274
3.2217789 2.364875 2.2910834
3.2107251 2.3664406 2.2820106
3.2112265 2.3595823 2.2823456
3.2164974 2.3615931 2.2895982
3.2157535 2.3675119 2.2832491
3.2182981 2.3643804 2.293298
3.2186479 2.3624321 2.2916964
1.9605018 2.2499759 3.7430778
1.9678536 2.2503011 3.7472524
1.9676761 2.2376269 3.7391812
1.9584125 2.2423767 3.740458
1.9585853 2.2514929 3.7380752
1.9541621 2.2509925 3.7380588
1.9551352 2.2476896 3.7435649
1.9674508 2.2408635 3.7382486
1.9599913 2.2457119 3.7399443
1.9696147 2.2395137 3.7521566
0.84081636 1.8046316 5.0078402
0.84402993 1.8085928 5.0115833
0.84164549 1.809446 5.007727
0.84116716 1.8056632 5.0151286
0.84160839 1.804611 5.0123709
0.84172654 1.8037106 5.0146178
0.84185657 1.8001256 5.0091673
0.84418985 1.8045266 5.0083657
0.84419042 1.8032409 5.0090863
0.84995551 1.8091617 5.0141031
0.84828784 1.8020796 5.0187306
0.8519531 1.8065218 5.0116628
0.84809909 1.8036535 5.0145438
0.85010725 1.8035759 5.0196323
4.688152 1.406971 2.8294699
4.6834417 1.4064704 2.831604
4.6810099 1.4061647 2.8324825
4.68241 1.4062038 2.8317011
4.6831006 1.4111135 2.8273739
4.6835254 1.418136 2.8358809
4.6816975 1.4112895 2.8299641
4.6846465 1.4031149 2.8336005
4.6796284 1.4047426 2.8251958
4.6803044 1.4021344 2.8408095
4.6793918 1.4020058 2.8397549
4.0318929 1.885813 2.4503681
4.0316417 1.8738374 2.4569351
4.0325963 1.8700707 2.45663
4.0274617 1.8687865 2.462608
4.0253304 1.858955 2.455369
4.0251031 1.8611079 2.4576361
4.0329537 1.874709 2.4565822
4.0281694 1.8750969 2.4562502
4.0308012 1.8736715 2.4551665
4.038449 1.867135 2.4570893
4.0310227 1.8718123 2.4572323
4.0354583 1.8717022 2.4568055
4.0315365 1.8677753 2.4545572
4.0347748 1.8655918 2.4629234
4.9542798 2.7225423 5.1129373
4.9491903 2.7263356 5.1102437
4.9552486 2.71729 5.1200155
4.9435565 2.7191551 5.1090017
4.9489006 2.7166617 5.111563
4.9415815 2.7268656 5.1069358
4.9570403 2.7221615 5.1216621
4.9486327 2.7172778 5.1120063
4.9452488 2.7186065 5.1024738
4.9464682 2.7205436 5.1118464
4.935003 2.7102312 5.1006978
4.9435127 2.7227224 5.1089852
4.9374958 2.727035 5.098576
4.9368336 2.718701 5.1123691
1.805472 0.83547819 2.1818743
1.8132593 0.83484323 2.1884
1.8172974 0.82605407 2.1812591
1.8165823 0.83082067 2.1819938
1.8162818 0.83226982 2.1793075
1.8170442 0.83198131 2.1816177
1.8123055 0.83024591 2.1879089
1.8191787 0.8340978 2.182662
1.8149429 0.834456 2.1774312
1.8167931 0.8317061 2.1810645
1.8222773 0.82944968 2.1801391
1.818302 0.83073447 2.1818216
1.8144394 0.83237486 2.1782295
1.8142647 0.83000036 2.185233
1.8168589 0.83478137 2.1793836
4.5079354 0.76698779 1.9597166
4.5056456 0.76396626 1.9619459
4.4930516 0.77841062 1.9722116
4.8663144 2.0541679 0.41730361
4.8526937 2.0709501 0.4087254
4.8534127 2.0703905 0.40981861
4.8503358 2.061667 0.4148494
4.8412239 2.0584108 0.40978187
4.8507501 2.0629502 0.40775535
4.8493142 2.0634336 0.41039184
4.8496785 2.0619549 0.40984438
4.8528277 2.0563472 0.41503583
4.8557349 2.063038 0.41121987
4.8478729 2.0708401 0.40735266
4.8452497 2.0675623 0.41117811
4.8496857 2.0595276 0.40983427
4.8500059 2.0595778 0.41050862
4.8477504 2.0626386 0.40692202
4.8416169 2.0622936 0.40823979
4.8480447 2.0700284 0.41271889
4.8503806 2.0657523 0.41816364
4.8516976 2.0624219 0.41228105
4.8548688 2.0622741 0.41468871
1.8329039 2.3732846 4.3168519
1.8252015 2.3723196 4.3193892
1.8282664 2.3716019 4.3218377
1.8270463 2.3770845 4.3173526
1.8294798 2.3773586 4.3207993
1.8348417 2.3717143 4.325732
1.832968 2.3675597 4.3207409
1.8354643 2.3695774 4.3208873
1.8284625 2.3743492 4.3218587
1.8263163 2.3745931 4.3258438
1.825017 2.3720113 4.3194259
1.8209007 2.3719037 4.3159945
1.8240315 2.3689211 4.3167347
1.8283828 2.3752604 4.3171778
1.8250075 2.373803 4.316206
1.8216465 2.3748182 4.3126441
1.831218 2.3758596 4.3156995
1.8258412 2.3737528 4.3187829
3.2024876 2.3642337 2.2654137
3.2124702 2.3631833 2.2828449
3.222454 2.3606761 2.2895608
3.2182015 2.3563218 2.2917013
3.2211166 2.3658054 2.2942574
3.2204189 2.3631539 2.2948095
3.2026905 2.3674329 2.2720013
3.2094142 2.3665542 2.2848698
3.2168738 2.3641303 2.2879189
1.9723864 2.2482244 3.7531486
1.9700926 2.2430424 3.7465513
1.9683128 2.2461987 3.7446204
1.9665544 2.2442004 3.7444302
1.9641173 2.2478487 3.7403697
1.9652326 2.2456538 3.7447145
1.9607724 2.243879 3.7430987
1.9648476 2.2383975 3.743098
1.9620097 2.2426049 3.7399831
0.84549181 1.8071917 5.0098783
0.84483097 1.8067289 5.0113766
0.84723442 1.8071433 5.0127942
0.84486042 1.8051176 5.0111897
0.84275355 1.8067912 5.0145575
0.84429457 1.8032815 5.006683
0.84258768 1.8028914 5.013981
0.84454546 1.8062288 5.0130365
0.84584848 1.8056496 5.0124283
0.84755359 1.8033841 5.0119611
0.8477525 1.8097181 5.0117183
0.85123101 1.8002904 5.0174237
0.85179794 1.8088543 5.0123016
0.85240484 1.8105741 5.0123806
0.84659667 1.8088329 5.0157572
0.84861433 1.8003068 5.0247417
4.6842072 1.406092 2.8314026
4.6819049 1.4057514 2.8342461
4.6831568 1.4053874 2.8311737
4.6802652 1.4063586 2.8322814
4.6810485 1.4167563 2.8379442
4.6781719 1.4112326 2.8317791
4.6855911 1.4119184 2.8355909
4.6778021 1.4124574 2.8282505
4.6831915 1.3983124 2.8354741
4.6823327 1.398606 2.8337775
4.0327376 1.8784952 2.4652474
4.0283644 1.8740646 2.4533199
4.0298574 1.8721004 2.4550712
4.0311914 1.8736235 2.4623163
4.0216122 1.8649188 2.4586804
4.0359671 1.8719255 2.4589109
4.0315115 1.8735294 2.4557359
4.0283441 1.8718215 2.4589411
4.0288552 1.8760551 2.4547094
4.0346784 1.8705422 2.4498239
4.0307878 1.8715256 2.4536065
4.0307698 1.8798653 2.4592128
4.0237943 1.8645739 2.458299
4.9231657 2.7113907 5.09279
4.9549158 2.7276505 5.1185893
4.9448635 2.7210692 5.1157366
4.9490302 2.7213011 5.1192177
4.9388873 2.7138952 5.1098204
4.949996 2.7121798 5.1154437
4.9395614 2.7177078 5.104344
4.9459219 2.7185113 5.1073964
4.9510429 2.7199355 5.1179274
4.9493178 2.7226686 5.1071264
4.9394352 2.7186751 5.1093281
4.9310894 2.7121774 5.102356
4.9544711 2.7160554 5.1163962
4.9418091 2.7209155 5.1053052
4.9374717 2.7203188 5.0990101
4.9426795 2.720681 5.1063088
1.8105717 0.82845756 2.1876206
1.8170182 0.83154569 2.1803613
1.8175694 0.83208344 2.1806955
1.818097 0.83226177 2.1800373
1.8197561 0.83023303 2.1794666
1.8171949 0.83089554 2.1822051
1.8171207 0.8307256 2.1823642
1.8108028 0.83171474 2.1806181
1.8121461 0.83280174 2.1921368
1.8199922 0.83076609 2.1830092
1.8191908 0.830429 2.1846249
1.8190533 0.83453701 2.1779968
1.8201698 0.83446519 2.1799648
1.7994172 0.83396473 2.1923342
4.4944841 0.76317204 1.9737388
4.845417 2.0631812 0.40383836
4.8580599 2.0632879 0.40396849
4.8560712 2.0650024 0.40383917
4.8538804 2.0584943 0.40675108
4.8494014 2.059876 0.40867739
4.8505852 2.062246 0.40910821
4.848133 2.056748 0.41564265
4.8532333 2.0615168 0.41408132
4.8498521 2.058612 0.4085721
4.8427253 2.0559624 0.4138683
4.8435809 2.0529401 0.41372553
4.8408196 2.0639785 0.40128162
4.8560484 2.0659319 0.41317101
4.8489974 2.0667657 0.40813837
4.8514703 2.0682622 0.41154809
4.8509163 2.0560474 0.41162731
4.8450567 2.0566692 0.41182423
4.8504036 2.0556038 0.4122673
4.8491478 2.0619372 0.41065753
4.8528902 2.0685803 0.42123073
4.8561358 2.065086 0.42353702
4.8550923 2.0570809 0.41249652
1.8247375 2.3724673 4.316832
1.8193072 2.373004 4.3109784
1.821776 2.3680462 4.3159682
1.8252864 2.3719043 4.3213441
1.8304864 2.3771037 4.3207148
1.8273268 2.3788489 4.3186787
1.8188988 2.3671356 4.310642
1.8266332 2.3727145 4.3179305
1.8304498 2.3737565 4.3211608
1.8284742 2.3739451 4.3270995
1.8290801 2.3743861 4.3232351
1.8231219 2.3724997 4.3227279
1.8290627 2.3748068 4.3247991
1.8299554 2.3729974 4.3245984
1.8258113 2.3719743 4.3184492
1.8282381 2.3717663 4.3184886
1.8259485 2.3711666 4.3114273
1.8253305 2.3705291 4.3157714
3.2054558 2.3565264 2.2816695
3.2169878 2.3625208 2.2933367
3.2172158 2.3583043 2.2906222
3.2083805 2.3607104 2.2814236
3.22154 2.363416 2.2898229
3.2166709 2.3635583 2.2876238
3.20612 2.3670304 2.2722271
3.2130916 2.3674487 2.2840998
3.2087984 2.3547247 2.2857787
1.9621317 2.2466992 3.746945
1.9698564 2.2420256 3.7454774
1.9648072 2.2411874 3.7447616
1.9655789 2.242868 3.7446938
1.9700911 2.2423174 3.7559912
1.9579034 2.2423301 3.7491788
1.9517237 2.2400688 3.7397916
1.9641401 2.2340642 3.7476375
1.9570448 2.2483531 3.7520018
0.84455967 1.8110386 5.0215741
0.84472346 1.8075174 5.0099197
0.84627521 1.8061959 5.0123031
0.84746338 1.8084816 5.004042
0.8464511 1.803127 5.0057322
0.84572801 1.805421 5.0071476
0.84035357 1.8082967 5.0146003
0.84644369 1.8045512 5.0126927
0.84723529 1.8089407 5.0091427
0.84211967 1.8049769 5.0092117
0.84037955 1.8058844 5.0113359
0.85050652 1.8057332 5.0197344
0.85003119 1.8135711 5.0109069
0.84767827 1.8109732 5.021491
0.84423154 1.8099842 5.0111687
0.8418886 1.8116234 5.0116761
4.6836554 1.4056984 2.8340671
4.682225 1.4047048 2.8335037
4.68188 1.404673 2.8335183
4.6824706 1.4060569 2.8319581
4.6872302 1.409027 2.8307575
4.6793107 1.4126856 2.8338639
4.6835799 1.412299 2.8305476
4.68724 1.4071865 2.8327494
4.690491 1.4053511 2.8332523
4.6807388 1.4106458 2.8176165
4.0345878 1.869324 2.4671302
4.0322083 1.8753154 2.4553333
4.029097 1.8715615 2.4536052
4.0324439 1.8704716 2.4599686
4.0316789 1.8733939 2.4527007
4.0326535 1.8734272 2.4541812
4.0331381 1.8723291 2.4544088
4.0286104 1.868252 2.4568136
4.0356487 1.8724115 2.4580247
4.0263067 1.8711442 2.4641787
4.0312133 1.8734206 2.4571993
4.0340009 1.8725407 2.4671793
4.9395182 2.719125 5.0989239
4.9459042 2.7207669 5.1150737
4.940518 2.7226667 5.1105853
4.9409867 2.7202385 5.1060422
4.9386128 2.7191784 5.1031569
4.9410204 2.719675 5.1061838
4.9365239 2.7160465 5.1048024
4.9413063 2.7180606 5.1089241
4.9445453 2.7186124 5.1118491
4.9476437 2.7197295 5.114609
4.9403298 2.7199597 5.1089887
4.9399496 2.7238439 5.1122605
4.9426149 2.72003 5.1078325
4.9497282 2.717928 5.1177026
4.9418096 2.7199924 5.1065575
4.9340669 2.7208305 5.0985568
4.938011 2.7225718 5.0965903
4.9400689 2.7212415 5.1045934
1.8238783 0.83136365 2.1737007
1.8133917 0.8322465 2.182239
1.814176 0.83600528 2.1798966
1.8211446 0.83576302 2.176874
1.8173616 0.83171484 2.1817907
1.8176489 0.83259771 2.1813629
1.8183279 0.83221446 2.1811579
1.8203691 0.83342464 2.1881462
1.8253931 0.83400442 2.1740303
1.8253345 0.8326292 2.1819084
1.8171203 0.83146205 2.1802754
1.817118 0.82869138 2.1846077
1.8176962 0.8313197 2.1813682
4.8500208 2.0720833 0.40963645
4.8442661 2.069381 0.41358829
4.8503494 2.0719682 0.41035213
4.8481359 2.0647483 0.40585975
4.8453358 2.0641326 0.40632747
4.8479396 2.0628799 0.40736964
4.8483549 2.0629179 0.410045
4.8483585 2.0666419 0.40503543
4.8454182 2.0621625 0.4070453
4.8533503 2.0626635 0.40807796
4.8502062 2.065604 0.4122203
4.8481875 2.0672468 0.41398853
4.8510684 2.0566273 0.40450006
4.8552397 2.0664965 0.41364727
4.8486692 2.0620537 0.40842208
4.8407915 2.0643562 0.40936052
4.8447517 2.0654095 0.40474542
4.8457436 2.0657341 0.40393238
4.850492 2.0619375 0.40928743
4.849943 2.0656855 0.41342437
4.8497302 2.0647458 0.41331479
4.8497111 2.0670245 0.41243505
4.8504468 2.0629487 0.41030546
0 0 0
1.8417001 2.3673149 4.3215321
1.8308611 2.3761528 4.3224334
1.8273366 2.3713139 4.3251294
1.8209762 2.3769493 4.3200097
1.8264458 2.3702849 4.3164605
1.8279263 2.36431 4.3218738
1.8286986 2.3735531 4.3220841
1.8299512 2.371255 4.3259773
1.8253811 2.3726603 4.3226488
1.8148569 2.3764915 4.3109965
1.8291591 2.3754603 4.3249359
1.826015 2.3725974 4.3207887
1.8179649 2.3698274 4.3184186
1.8282018 2.3726528 4.3193797
1.8276421 2.3726799 4.3187442
1.8269501 2.373229 4.3195266
1.826746 2.3730117 4.3174163
1.8311924 2.367363 4.3152389
3.2164711 2.3670464 2.2838711
3.2179967 2.3648399 2.292181
3.2090813 2.3605949 2.2817779
3.2165166 2.3621558 2.2862702
3.2169332 2.3620288 2.2850244
3.2159397 2.3655364 2.2859796
3.209969 2.3611916 2.2723011
3.2065894 2.3664763 2.2705155
1.9643702 2.2416915 3.7474096
1.9635314 2.2444443 3.7504409
1.9634029 2.2445752 3.7421815
1.9686085 2.2450391 3.7486867
1.9719498 2.2427891 3.746519
1.9594083 2.2357459 3.737655
1.9580251 2.2447279 3.7326165
1.9632233 2.2416971 3.7440655
1.9709245 2.2471896 3.7478055
0.8489151 1.7933855 5.0107539
0.85534974 1.7972184 5.0183929
0.84982467 1.8032149 5.0199562
0.85709861 1.8025302 5.0094179
0.83988209 1.8093966 5.0054
0.83785032 1.8018813 5.0133403
0.83996382 1.8056547 5.0150474
0.84514465 1.8078415 5.012634
0.84572832 1.809573 5.0097859
0.83993953 1.8019484 5.0163081
0.83968348 1.8017267 5.0154587
0.84275136 1.8113528 5.0121918
0.84129353 1.80855 5.0126602
0.8445324 1.8135787 5.0191753
0.84986061 1.8027777 5.01546
0.8436056 1.8011655 5.010426
4.6866307 1.4045909 2.841956
4.6873864 1.3982178 2.8343943
4.6821331 1.4007357 2.8307759
4.6834658 1.4051571 2.8322969
4.6836504 1.404687 2.8332644
4.6858792 1.4067272 2.8286651
4.6807109 1.4096953 2.8355943
4.6858226 1.4067269 2.8316321
4.6826761 1.4089652 2.8286625
4.6880798 1.3930185 2.8288052
4.0404088 1.8783967 2.4489387
4.0364481 1.8694385 2.4592368
4.0277928 1.8733322 2.4568494
4.0386987 1.8739905 2.4627852
4.0371643 1.876513 2.462049
4.0327652 1.8733069 2.4565797
4.0350501 1.8733901 2.459259
4.0323247 1.8713657 2.4590189
4.0324866 1.8724111 2.4590868
4.0252784 1.8707188 2.4627574
4.030794 1.8713929 2.45738
4.0298977 1.8781421 2.4531997
4.943223 2.7203999 5.1053048
4.9469333 2.7175184 5.1098052
4.9384649 2.7274798 5.1056068
4.9352757 2.7239401 5.0978732
4.9377489 2.7264233 5.1018755
4.94095 2.7252202 5.109042
4.9314505 2.7212955 5.1013979
4.9296686 2.7178079 5.0927411
4.9476295 2.7195579 5.1103516
4.953997 2.7210446 5.1186542
4.9471598 2.7232486 5.1113431
4.9422372 2.7271784 5.1052105
4.9531046 2.7246838 5.1158033
4.917901 2.723397 5.0834261
4.9417393 2.7198153 5.1087039
4.9372006 2.7217752 5.1034156
4.9264802 2.7164245 5.0885284
4.9351875 2.7175669 5.1050867
1.8206606 0.81799192 2.1792995
1.8169534 0.8327102 2.1806115
1.8208203 0.83425565 2.1784307
1.8191035 0.83095934 2.1782255
1.819939 0.83426961 2.1879815
1.8148918 0.83322947 2.1859402
1.8150227 0.83239707 2.1876945
1.8180737 0.83290446 2.1807141
1.8192865 0.83502289 2.1778362
1.8223712 0.84081741 2.1725421
1.8252258 0.84114649 2.1752813
1.8098794 0.83577588 2.1900753
1.8118596 0.82959637 2.1878589
4.8509168 2.0603368 0.41236298
4.850882 2.0587961 0.41323085
4.8517798 2.0604927 0.40600173
4.8449927 2.0585411 0.41150112
4.8464868 2.0652158 0.40630916
4.8501149 2.0627755 0.41001522
4.8538888 2.0638029 0.4098565
4.8549417 2.0652317 0.41070691
4.8522067 2.0626626 0.4097394
4.8501761 2.0602532 0.411383
4.8515218 2.0669728 0.4121211
4.8483894 2.0655371 0.4114586
4.8584387 2.0607513 0.41410549
4.8515624 2.0588282 0.40661813
4.8496933 2.0622614 0.40886638
4.8457771 2.0608865 0.4131563
4.848707 2.0631145 0.40801013
4.8589248 2.0549688 0.41480158
4.8582401 2.056968 0.41984641
4.8483643 2.0645683 0.41066231
4.8506323 2.0677256 0.41562985
4.8501326 2.0693844 0.41061685
4.8497855 2.0629219 0.40931704
4.8497446 2.0623389 0.40876259
1.826548 2.3801316 4.3191424
1.8323409 2.3785021 4.3233953
1.8262031 2.3757064 4.3208515
1.8219025 2.37248 4.3101748
1.824599 2.3684423 4.3104475
1.8167617 2.3650741 4.3160375
1.8276054 2.3737085 4.3301445
1.8263082 2.3680985 4.3173766
1.8276284 2.3723669 4.318012
1.8165806 2.3741232 4.3076637
1.8204834 2.3790058 4.31388
1.8373318 2.3741771 4.3277028
1.8168858 2.3674634 4.3131939
1.827684 2.373051 4.3191293
1.8367109 2.3742486 4.3262352
1.8357259 2.3750283 4.3275724
1.8278313 2.3729671 4.3186126
1.8265636 2.3825025 4.3068933
3.2000487 2.3629743 2.271539
3.207697 2.3642136 2.2699135
3.2191322 2.3610344 2.2812313
3.2174179 2.3693964 2.2818574
3.2148622 2.3659099 2.2885874
3.2139664 2.3643636 2.2879913
3.2257343 2.3585633 2.2977161
3.1985453 2.3735673 2.2732442
1.9681482 2.243977 3.744788
1.9671326 2.2385352 3.7512536
1.9636665 2.2428002 3.7437177
1.9648394 2.2429898 3.7445284
1.9649352 2.2427202 3.7449172
1.9633737 2.2362105 3.7455519
1.9601682 2.2364021 3.7336834
1.9643217 2.240878 3.7440052
1.9791542 2.237485 3.7584515
0.85354067 1.8090153 5.0172799
0.8503279 1.805589 5.0198355
0.85017243 1.8054731 5.0205206
0.8563306 1.8106704 5.0180914
0.84633324 1.806215 5.01257
0.84777608 1.8030571 5.0156949
0.84306042 1.8085354 5.0189217
0.84564685 1.8092776 5.0134146
0.85098133 1.802676 5.0125079
0.84803905 1.8052875 5.0165494
0.84494019 1.8060708 5.0128807
0.84373892 1.8100883 5.0125493
0.84342703 1.8088346 5.0090387
0.84438218 1.8049019 5.0145057
0.84354135 1.8066305 5.0151762
0.84416893 1.801051 5.0115241
4.6866573 1.4107042 2.8315464
4.6797161 1.4054339 2.8384175
4.6832464 1.407444 2.8403026
4.6869606 1.4084853 2.8315881
4.6829909 1.4128371 2.8319851
4.6850799 1.4126481 2.8288269
4.6845197 1.4075993 2.8363166
4.6830554 1.4061083 2.8332781
4.6824544 1.4097207 2.8340876
4.6773783 1.4083662 2.8284434
4.0336712 1.870276 2.4534436
4.0345973 1.8706582 2.453702
4.0327344 1.8715143 2.4621657
4.0337147 1.874118 2.4569179
4.0316242 1.8726249 2.4559675
4.0339638 1.8735264 2.4565469
4.033476 1.8703529 2.4561695
4.0334074 1.8704623 2.4578897
4.0308222 1.873208 2.4528427
4.0323772 1.8703461 2.4584883
4.0294519 1.8742764 2.4509546
4.0289088 1.8734795 2.4510402
4.9443368 2.7205643 5.1062055
4.9436779 2.720253 5.105019
4.9507477 2.7181667 5.1184167
4.9342254 2.7178625 5.1006795
4.9333761 2.7214608 5.0976257
4.9327801 2.7207979 5.1002311
4.937662 2.7210114 5.1039886
4.929593 2.7158267 5.1004145
4.92054 2.7193921 5.0875663
4.934289 2.7213397 5.0899986
4.9476832 2.723674 5.1110177
4.9467136 2.7218694 5.112362
4.9434614 2.7260418 5.1110103
4.9182329 2.7221793 5.0820726
4.936078 2.7266851 5.1017118
4.9473418 2.7216754 5.1183931
4.9410833 2.7210914 5.1062217
4.9407612 2.7194137 5.1060029
1.8124151 0.81945415 2.1875326
1.8142758 0.83391361 2.1803688
1.8183539 0.83270991 2.1799156
1.8198018 0.83178262 2.1819824
1.8185079 0.82759969 2.1908595
1.8179713 0.83801736 2.1791956
1.8243832 0.83818677 2.1797512
1.8124616 0.83359869 2.1770091
1.8104109 0.83382734 2.1874817
1.8152138 0.83215291 2.1760975
1.8194992 0.83369541 2.175657
1.814407 0.82953216 2.1881428
1.8151791 0.82925411 2.1804438
4.8508765 2.0625084 0.41252919
4.8478258 2.0602743 0.4088782
4.8448361 2.0619297 0.41009684
4.844162 2.0542571 0.40896661
4.8511081 2.0594341 0.41117625
4.853616 2.0644273 0.41051499
4.8471674 2.0649705 0.40883727
4.8503354 2.0594379 0.41882895
4.855757 2.062528 0.40878976
4.849196 2.0608824 0.40763228
4.8508013 2.0628569 0.41014287
4.8503869 2.0665651 0.41416908
4.8496306 2.0680105 0.40945924
4.845714 2.0647221 0.40826328
4.8492033 2.0622349 0.40788463
4.8511465 2.0678424 0.40899497
4.8456239 2.0610099 0.40709248
4.8413465 2.0628741 0.40633519
4.8468302 2.0669274 0.40921417
4.8485507 2.0677971 0.41280433
4.8504465 2.0681261 0.40834401
4.8524108 2.0630614 0.41278573
4.8514022 2.0651224 0.41216425
4.8495903 2.0626363 0.40913725
4.8493572 2.0621629 0.40953282
1.8103914 2.3741825 4.3045334
1.8250685 2.3744683 4.3246638
1.8166415 2.3734257 4.3135209
1.8200221 2.3757152 4.311232
1.8197245 2.3784251 4.3137303
1.8383718 2.3707364 4.3337419
1.8227718 2.3688708 4.3177765
1.8283921 2.3715426 4.3177948
1.8272336 2.3723246 4.3233758
1.8205867 2.3679328 4.3127398
1.8369519 2.3688928 4.3251923
1.826215 2.3704112 4.3082525
1.8372734 2.3705784 4.3193735
1.8289781 2.3716802 4.3182199
1.8306788 2.3675786 4.3163365
1.8246728 2.3780119 4.3126967
1.8251159 2.3720948 4.3165813
3.2147781 2.3660369 2.2834989
3.2093646 2.3589309 2.2763188
3.2007755 2.3702176 2.2731814
3.2045336 2.3706789 2.2719052
3.2071405 2.3645411 2.2842734
3.22369 2.3553163 2.2817127
3.2228405 2.3545593 2.2814042
3.2216742 2.3678573 2.2841184
1.8944836 2.1646331 3.8410505
1.9615503 2.243785 3.7378065
1.9529432 2.2401646 3.7350807
1.9595593 2.2397202 3.7358755
1.9641352 2.2427574 3.743871
1.9678389 2.2396592 3.7470668
1.9659729 2.2422551 3.7448816
1.9654246 2.2408557 3.7459787
1.9632311 2.2481731 3.745811
0.83692882 1.8068413 4.9995709
0.8432176 1.8081216 5.0200117
0.84535665 1.8059996 5.0086183
0.85430372 1.8017734 5.0136923
0.84717964 1.8079578 5.0129344
0.84492775 1.8100414 5.0104328
0.8422431 1.8088522 5.0108614
0.845951 1.8058281 5.0106254
0.83923384 1.8008488 5.0048761
0.83590185 1.8075941 5.0101433
0.83877349 1.8076944 5.011914
0.84832083 1.8038202 5.0138068
0.84329142 1.8080772 5.007821
0.84408122 1.8036061 5.0022586
0.8338509 1.7976908 5.008051
0.84890984 1.7921491 5.0135933
4.6819941 1.4070304 2.831345
4.6776548 1.4090272 2.8236278
4.6764935 1.4150179 2.8272798
4.6820177 1.4109353 2.8332291
4.676111 1.4071139 2.8301787
4.6811747 1.4049761 2.8334925
4.6787145 1.4084277 2.8339144
4.6807685 1.4053071 2.8321669
4.6817013 1.4083116 2.8338643
4.6799255 1.4064141 2.8299828
4.0394885 1.880211 2.4677353
4.0324187 1.879337 2.4617814
4.0341498 1.8725467 2.4607581
4.0321981 1.8728618 2.4576878
4.0310526 1.8730164 2.4554864
4.0286626 1.8719906 2.4545455
4.0330125 1.8757018 2.4572697
4.0316417 1.8734102 2.4544722
4.0327192 1.8751935 2.4535438
4.0287411 1.8724432 2.4537562
4.0289157 1.8738205 2.4550091
4.0264051 1.8754727 2.4565809
4.9472517 2.7213312 5.1096099
4.9495439 2.721834 5.1138721
4.9483175 2.7213498 5.1111992
4.9456262 2.7205638 5.10903
4.9502003 2.7199283 5.1132902
4.9468614 2.7214248 5.1110849
4.9373216 2.7267372 5.1040251
4.9192497 2.7187332 5.089445
4.9271217 2.7232051 5.0930493
4.9503842 2.7253164 5.1089285
4.9448523 2.7213126 5.108406
4.948752 2.7239299 5.1121942
4.958288 2.7172618 5.125454
4.9187201 2.7211908 5.0883712
4.9343245 2.7181694 5.0993334
4.9285679 2.7153216 5.1002155
4.9363926 2.7155815 5.1034169
4.9454069 2.7167738 5.1062932
1.8373005 0.83520756 2.1652293
1.8286317 0.83358074 2.1795797
1.8191837 0.8309593 2.1813538
1.8188798 0.83284668 2.1804835
1.8146816 0.82568213 2.1897722
1.8192543 0.83403956 2.1799092
1.8209771 0.83072499 2.1835388
1.8174296 0.83800649 2.1733293
1.806654 0.83883961 2.1849772
1.8184237 0.8315153 2.1796595
1.817961 0.8321399 2.1800609
1.8141371 0.83365965 2.1847365
1.8165952 0.83125515 2.182814
4.8574161 2.0562228 0.4148184
4.8530388 2.0653105 0.41136049
4.8453518 2.0606014 0.41216583
4.8458951 2.0574642 0.40418883
4.8490042 2.0564083 0.40729332
4.8535029 2.063721 0.41216794
4.8528887 2.063447 0.41173004
4.8498604 2.0540119 0.41651758
4.8602163 2.0593474 0.41737087
4.8516137 2.0546101 0.41164509
4.8424283 2.0614835 0.40778779
4.8462609 2.0577981 0.41070833
4.8488496 2.0625621 0.40736334
4.8493273 2.0623426 0.40774677
4.848062 2.0621384 0.40556914
4.8561977 2.0648796 0.41687113
4.841213 2.0582864 0.39831479
4.844241 2.0567663 0.39891083
4.8472952 2.0617987 0.40666455
4.8463385 2.0688573 0.4076817
4.849084 2.0628846 0.40886299
4.8491907 2.0628997 0.40862742
4.8497536 2.0618226 0.40747798
4.8474343 2.0631313 0.40857101
4.8516105 2.0641283 0.40396284
1.8343245 2.3758313 4.3110486
1.8295764 2.3669655 4.3173081
1.8277425 2.3656677 4.3173073
1.8242446 2.369345 4.3132095
1.8263494 2.3722604 4.3173368
1.8331509 2.3691429 4.3205818
1.8245675 2.3690039 4.3180059
1.8234495 2.374244 4.3170173
1.827876 2.3724155 4.3223572
1.8269557 2.372363 4.3179655
1.8214449 2.3648124 4.3118832
1.8330163 2.3620879 4.3215231
1.8309245 2.3626761 4.3184656
1.832177 2.3723001 4.3179333
1.8261468 2.3695431 4.3119244
1.8296606 2.3787696 4.3216066
1.8227809 2.3724062 4.3124889
1.8351274 2.3700687 4.3277519
3.2142064 2.3643924 2.2801952
3.2029995 2.367736 2.2799308
3.2162723 2.3655644 2.2858008
3.2146362 2.366111 2.2832274
3.214497 2.3674064 2.2861116
3.2199934 2.3655845 2.2878112
3.2201017 2.3653943 2.2874339
1.9540207 2.2545327 3.7437411
1.9666864 2.2360597 3.7487871
1.9625659 2.2379975 3.7479609
1.9651783 2.2429915 3.7446385
1.9659018 2.2441219 3.7448667
1.9733684 2.2449029 3.7446546
1.9692525 2.2410139 3.7450983
1.9689445 2.2419003 3.7454736
1.9670497 2.2382659 3.7425829
0.85208409 1.7980394 5.0232963
0.85351567 1.8068615 5.0170171
0.8543346 1.8052355 5.0157089
0.84339542 1.8042802 5.0122232
0.84367962 1.8061997 5.0114848
0.84373804 1.8076895 5.01119
0.84639251 1.8065784 5.0120054
0.85083278 1.8045499 5.0211369
0.84388312 1.7965185 5.0128125
0.84365683 1.7957546 5.0132581
0.84417141 1.8030604 5.0155368
0.84305287 1.801712 5.015004
0.84457468 1.8069494 5.010584
0.84582318 1.8070828 5.0045431
0.83745692 1.8121826 5.0054342
0.85381263 1.8044705 5.0038856
4.6896778 1.4111338 2.8419021
4.6755706 1.3993381 2.8386728
4.6771736 1.4130613 2.8346601
4.6818605 1.405075 2.8234256
4.676088 1.4069481 2.8315285
4.6793655 1.4100534 2.8344803
4.6806587 1.4086281 2.8336304
4.6822847 1.4065565 2.8328559
4.6832129 1.4045162 2.8304525
4.682171 1.3999244 2.8272051
4.0378558 1.8698999 2.463552
4.039444 1.8663616 2.4567623
4.0293091 1.868618 2.4575088
4.0278866 1.8700436 2.4594097
4.029818 1.8716051 2.4581551
4.0283185 1.8742504 2.4585462
4.035091 1.8756858 2.4519961
4.0281987 1.8787866 2.457044
4.0272803 1.8785292 2.4516123
4.0331816 1.8782024 2.4562557
4.0308719 1.8778723 2.4511523
4.0309173 1.8736321 2.4557708
4.9419576 2.724589 5.1069026
4.9339474 2.7242118 5.1006457
4.9438917 2.7220901 5.1142465
4.9406529 2.7207565 5.1060677
4.9384528 2.7181997 5.1029184
4.9494056 2.7212876 5.1131095
4.9420569 2.7210328 5.1063735
4.9423721 2.7185462 5.1075989
4.9258218 2.7187579 5.0922297
4.9464143 2.7230918 5.105884
4.9506204 2.7202083 5.1129103
4.9452138 2.7199579 5.1084224
4.9590918 2.7165936 5.1230337
4.9350715 2.7253606 5.1012741
4.9431814 2.7199406 5.1078663
4.9296421 2.719378 5.0900854
4.9419059 2.7201032 5.1048604
4.9530745 2.7167993 5.1291103
1.8178931 0.83121785 2.1795506
1.8225266 0.82958807 2.1745288
1.817646 0.82941914 2.1801508
1.8167813 0.83046033 2.1775067
1.8169669 0.83321172 2.1814705
1.8110525 0.8368254 2.1857185
1.8100145 0.8332365 2.1866841
1.8081705 0.82943397 2.182894
1.8087434 0.83051468 2.1833833
1.8156461 0.83036845 2.1804175
1.819559 0.83285106 2.1777804
1.8210434 0.8263703 2.1819188
1.8091576 0.82714351 2.1954208
4.8426838 2.055953 0.4150761
4.8456715 2.053157 0.40176147
4.8487132 2.0595428 0.40126599
4.8505163 2.0622315 0.41285949
4.8503768 2.0610903 0.41223229
4.8500205 2.0623928 0.41158259
4.8565307 2.0647539 0.41045504
4.850242 2.0610208 0.40267847
4.860574 2.0564934 0.41723171
4.8532476 2.0631039 0.40757487
4.8457602 2.0581134 0.40227675
4.8539008 2.0671146 0.40505469
4.8544939 2.0657308 0.41018819
4.8506428 2.062014 0.40063504
4.8512306 2.0532719 0.40898858
4.8472425 2.0611975 0.41632088
4.8509118 2.0672614 0.4123045
4.8509654 2.0632137 0.40888672
4.8505739 2.0617332 0.40913069
4.8473682 2.0601882 0.41479753
4.85136 2.0588134 0.41464095
4.8492872 2.060677 0.40690395
4.8487064 2.0652827 0.40666474
4.851476 2.0647516 0.41081627
4.8553128 2.0571481 0.41051893
1.8277087 2.3736834 4.3183282
1.8225778 2.380446 4.3145862
1.8216928 2.3691301 4.3129782
1.8253036 2.372299 4.3152132
1.8272185 2.3699933 4.314948
1.8243138 2.3688757 4.3231778
1.8364887 2.3744433 4.3298575
1.8274262 2.3729456 4.318904
1.824051 2.3743433 4.3112904
1.8323907 2.3811108 4.3169385
1.8262119 2.383148 4.3195217
1.8364979 2.3680941 4.3210425
1.8301943 2.3706473 4.3217145
1.8279041 2.3701577 4.3209521
1.8323363 2.3750091 4.3201591
1.8341127 2.3690436 4.3263884
1.8235524 2.3686692 4.3163145
1.8342241 2.3740333 4.3236185
3.2107733 2.3642985 2.2839583
3.2173029 2.3664496 2.2883955
3.2167098 2.3654284 2.2877681
3.21242 2.3650293 2.2868596
3.2103689 2.370907 2.2837247
3.2254237 2.3692433 2.2960038
3.2189981 2.3623701 2.289033
1.9677043 2.2435571 3.7468454
1.9681303 2.2436371 3.7472768
1.9647554 2.242688 3.7446597
1.9606062 2.2391882 3.7410667
1.9646748 2.2491224 3.7374407
1.9637626 2.2478193 3.7330006
1.9701548 2.2529023 3.7440072
1.9574079 2.2478089 3.7436507
1.9686033 2.2546746 3.740928
0.84699377 1.8024975 5.0102377
0.84509223 1.8035359 5.0098269
0.84520007 1.8045131 5.0117315
0.84473245 1.8032873 5.0105219
0.84490083 1.8045853 5.0100971
0.84457481 1.8058399 5.0091922
0.84975366 1.8024714 5.0130436
0.84866395 1.8130958 5.0178367
0.84402735 1.7960984 5.0126623
0.84584122 1.8036719 5.0127327
0.84742039 1.8041638 5.0106497
0.84458034 1.7986612 5.0142726
0.84365745 1.8084477 5.0171916
0.83627505 1.8108387 5.0091666
0.83595677 1.8056195 5.0062771
0.83631509 1.8086186 5.0060582
4.6872709 1.4000036 2.8362556
4.6823912 1.3956203 2.8290239
4.6838752 1.4042339 2.8299596
4.6841673 1.4063341 2.8221186
4.6765769 1.4063299 2.8221862
4.673825 1.4033937 2.8313705
4.6829489 1.4090682 2.8330176
4.6815952 1.4087801 2.834477
4.6823335 1.4012175 2.825156
4.6894438 1.3955603 2.8286445
4.0175406 1.8684532 2.4466121
4.038664 1.8717273 2.4538941
4.0381604 1.8711738 2.4591932
4.0289177 1.8732288 2.4578767
4.0371831 1.8647342 2.4600142
4.0340109 1.862772 2.4601539
4.0365503 1.871287 2.4550807
4.0324277 1.8649659 2.460793
4.0301466 1.8711697 2.4594376
4.0335472 1.8667114 2.4540758
4.0331204 1.8684989 2.450055
4.0303985 1.873081 2.4568151
4.9450965 2.7270161 5.1103429
4.9408842 2.7220788 5.1041737
4.9470544 2.7252969 5.1146789
4.9317321 2.7225836 5.1006539
4.9312639 2.7158505 5.0961883
4.9407989 2.7207562 5.1050351
4.9342413 2.7204706 5.0964048
4.9390511 2.7192063 5.1037155
4.9400636 2.718609 5.1058691
4.9452203 2.7238616 5.1017176
4.9442929 2.719897 5.1074155
4.951845 2.7178503 5.1164951
4.9513619 2.7211012 5.1164333
4.9420736 2.720237 5.1108712
4.9434405 2.7200621 5.1025552
4.9341019 2.7150381 5.0963491
4.9498179 2.7174568 5.1101334
4.9458272 2.7198923 5.1181685
1.8001415 0.83537631 2.1889123
1.8229535 0.83178157 2.181319
1.8266968 0.83317968 2.1796123
1.8154689 0.83013621 2.1795687
1.8139537 0.82969804 2.1817135
1.8155648 0.84029337 2.1825259
1.8224512 0.8399104 2.1762658
1.8219935 0.83858278 2.1723671
1.8187579 0.83591963 2.1800894
1.8186158 0.83234792 2.1794268
1.8185186 0.83250137 2.180308
1.8188695 0.83252493 2.1802508
1.8338452 0.83495791 2.1615177
4.8530359 2.0706493 0.41848497
4.8556259 2.0644382 0.40189779
4.8451949 2.0640759 0.41275778
4.8406615 2.0594543 0.40862165
4.8520996 2.0571844 0.4161184
4.8490753 2.0636511 0.40665133
4.8498156 2.0629939 0.40849641
4.8509043 2.0633138 0.41003672
4.8516866 2.0562471 0.41201833
4.8477421 2.0608417 0.40821616
4.8479888 2.069141 0.40915639
4.8529277 2.0673661 0.40432338
4.8507555 2.0692517 0.4068003
4.8510634 2.0666952 0.40527171
4.8599601 2.0664399 0.40882616
4.850664 2.0579937 0.39981954
4.8531603 2.0580844 0.41312886
4.8548716 2.0661251 0.40954474
4.8489941 2.0556506 0.40776858
4.8489864 2.054676 0.40857863
4.8501712 2.062537 0.4098218
4.8501425 2.0645212 0.41110537
4.8500563 2.0641501 0.40855893
4.8475284 2.0612334 0.40970707
4.8524329 2.0656103 0.41082815
1.8285729 2.3741987 4.3189159
1.8188772 2.3786629 4.3075863
1.8254777 2.3706222 4.313274
1.8268293 2.3686198 4.3143562
1.8300223 2.3709924 4.3194907
1.8231178 2.3769183 4.3128615
1.8363603 2.3717815 4.3249392
1.8307618 2.3744889 4.3253901
1.8269166 2.3770158 4.3187461
1.8306046 2.3843687 4.3203458
1.8136333 2.3779516 4.3051527
1.8248696 2.370215 4.3105613
1.8236307 2.3709437 4.3147611
1.8241116 2.373341 4.3137753
1.8227682 2.3738998 4.313251
1.8294131 2.3735818 4.3111286
1.8367302 2.3711291 4.3222613
1.8190542 2.3655397 4.3220059
3.2192268 2.3649166 2.2811227
3.2151405 2.3657571 2.2865077
3.2160624 2.3635432 2.2886182
3.2151644 2.3644196 2.2869651
3.2145277 2.3670604 2.2830811
3.2243124 2.3652808 2.2953538
3.2172324 2.3660819 2.2902061
1.9690839 2.2410625 3.7460866
1.9643228 2.2411408 3.7473504
1.955735 2.2437378 3.7396627
1.9551058 2.2485274 3.7378678
1.9663982 2.2405734 3.7472017
1.9610655 2.2368265 3.7444993
1.9626219 2.2425624 3.7404601
1.9587688 2.2429157 3.7417137
1.9677559 2.2440786 3.742469
0.8505012 1.8015356 5.0040802
0.84394658 1.8065195 5.0074483
0.84221512 1.806339 5.0153124
0.84803491 1.8087321 5.0119715
0.84674768 1.8033711 5.0095571
0.84547139 1.8046461 5.0111998
0.84395376 1.8032999 5.0126241
0.84823941 1.8109904 5.0081226
0.8492903 1.8100274 5.0154341
0.83840913 1.8094274 5.0104842
0.84773361 1.8058809 5.0127628
0.85212936 1.8051108 5.0197592
0.85302831 1.8019183 5.0186368
0.84552964 1.8059506 5.0114926
0.84599906 1.805681 5.0129201
0.84473444 1.8061318 5.0102906
4.689613 1.4004667 2.83531
4.6777222 1.4013699 2.8319074
4.6830128 1.405393 2.8331215
4.682362 1.401469 2.8272324
4.6827496 1.4071021 2.8330665
4.6784487 1.4060144 2.8359638
4.6824243 1.4075221 2.8335415
4.6830101 1.4097968 2.830571
4.6793957 1.4033346 2.8267151
4.6765445 1.3997012 2.830351
4.0339194 1.877104 2.4597935
4.0372241 1.871935 2.4550136
4.0380051 1.8716969 2.4518385
4.0360669 1.875246 2.4537789
4.0318167 1.8745158 2.4546989
4.0280828 1.8693887 2.4548212
4.0283147 1.871369 2.4463849
4.0239526 1.8670433 2.4486881
4.0316549 1.8721245 2.4560033
4.0329459 1.8710777 2.4547769
4.0354094 1.8719912 2.4550539
4.0440207 1.8764799 2.4576236
4.9472377 2.7221025 5.1140055
4.9443275 2.7242813 5.1066191
4.9324736 2.7180401 5.0981528
4.9360743 2.7174973 5.1020206
4.9268627 2.7220329 5.0893095
4.9379198 2.7200262 5.0968014
4.9418083 2.7191644 5.1006936
4.9444731 2.7139068 5.1058512
4.9527664 2.7197606 5.1142821
4.9591715 2.7251684 5.1183701
4.9510076 2.7195515 5.1133536
4.9472237 2.7177706 5.1080491
4.9455456 2.7185447 5.1128559
4.9422581 2.7247459 5.1045731
4.9311545 2.7227967 5.0932572
4.9409438 2.7173372 5.1093709
4.9353276 2.7213357 5.1068305
4.9454368 2.7208383 5.109705
1.8203934 0.83786705 2.1844876
1.8198148 0.83319075 2.1797724
1.8272391 0.83146027 2.1796066
1.819148 0.83357573 2.1848197
1.8220306 0.8339136 2.174763
1.8190843 0.83968934 2.1804935
1.8171299 0.84032627 2.181201
1.824325 0.83284177 2.1760966
1.8191572 0.83299685 2.180389
1.8233282 0.83006147 2.173577
1.8167538 0.83841169 2.1794671
1.820528 0.83251631 2.1810513
1.8111519 0.82076262 2.1905228
4.8465926 2.0603118 0.39617828
4.8541038 2.05581 0.40680059
4.8489298 2.0698459 0.41094986
4.8427352 2.0701198 0.4113619
4.8595123 2.0667848 0.41559157
4.8594057 2.0670162 0.41502918
4.8532774 2.0620238 0.40982237
4.8504124 2.062661 0.40915476
4.8603955 2.060962 0.40989567
4.852611 2.0588986 0.41362121
4.8460213 2.068295 0.40940478
4.8543012 2.0634183 0.40857118
4.8496801 2.0540932 0.40413665
4.8631224 2.0625175 0.40881959
4.8613682 2.0705441 0.41366124
4.8420666 2.0622331 0.40297076
4.8433703 2.0656582 0.40019782
4.8510723 2.0669322 0.4010334
4.8531262 2.0629985 0.40994938
4.8514643 2.0629728 0.40868968
4.8515082 2.065366 0.40995363
4.8506161 2.0669197 0.40829922
4.8486633 2.0623523 0.40828201
4.8475052 2.061207 0.40820789
4.8495259 2.0611718 0.40775705
4.8509723 2.0590134 0.41347758
1.8326083 2.3799405 4.3284815
1.8253508 2.3773778 4.3197983
1.8288979 2.3707596 4.3236766
1.8251794 2.3803607 4.3210881
1.841636 2.3785611 4.3261568
1.8307169 2.371917 4.322041
1.8301757 2.373428 4.3218442
1.8285813 2.3724566 4.3207363
1.8348432 2.3740234 4.3179296
1.8189624 2.368343 4.3116818
1.8164781 2.3780298 4.3107854
1.8167807 2.3763928 4.3055639
1.815973 2.3730104 4.3105821
1.8279226 2.3734427 4.3153938
1.8205637 2.3803969 4.321457
1.8267104 2.3725332 4.317577
1.8260284 2.3722159 4.3137008
3.2163829 2.3700328 2.2891672
3.214278 2.371961 2.2871688
3.2168153 2.3669648 2.2949636
3.2159515 2.3640274 2.2869317
3.2168813 2.3649361 2.2867295
3.2173333 2.36522 2.2855781
3.2119672 2.3628669 2.2810629
1.9647291 2.2448267 3.7442517
1.9653175 2.2410397 3.749167
1.968354 2.2432794 3.749945
1.9546018 2.2484154 3.7380271
1.9612553 2.2422609 3.744867
1.9607786 2.2365626 3.7410149
1.965582 2.2431312 3.7435592
1.9606994 2.2394524 3.7419313
1.9790781 2.2475063 3.748895
0.84767841 1.7978157 5.0084641
0.84118863 1.801244 5.0032465
0.83973283 1.8100841 5.0086608
0.84529523 1.8052395 5.0112928
0.84571417 1.8054345 5.0119774
0.84563292 1.8069173 5.0126066
0.84507794 1.8040983 5.0105782
0.85196913 1.8109591 5.005992
0.84963301 1.799694 5.0084106
0.84158227 1.8068858 5.0021684
0.8460893 1.8029558 5.015972
0.8496194 1.8042523 5.0162454
0.8445718 1.8005778 5.0076061
0.8407801 1.8071903 5.0082309
0.8422265 1.8029518 5.0105396
0.84412185 1.8061815 5.0105562
4.6800626 1.4088476 2.8235318
4.6837386 1.397816 2.8355898
4.6868819 1.4006839 2.8341274
4.6844782 1.4075229 2.8313261
4.6833469 1.4032241 2.8341525
4.680548 1.4058377 2.831581
4.6782595 1.4039046 2.8326481
4.6761846 1.4084401 2.8308263
4.6820215 1.4041868 2.828633
4.6751756 1.406057 2.8269457
4.0298463 1.8721444 2.4565266
4.0254201 1.8696232 2.45304
4.0248678 1.8656946 2.4539152
4.0256196 1.8654676 2.4513096
4.0317029 1.8724373 2.4562914
4.0323172 1.8712111 2.4566435
4.0319001 1.872353 2.4576143
4.0328343 1.8726898 2.4520037
4.0322588 1.8720916 2.4556547
4.035959 1.8647141 2.4550303
4.0294821 1.8666466 2.4507936
4.0275093 1.8840164 2.4589757
0 0 0
4.9139379 2.7213814 5.0801441
4.9397207 2.7218911 5.102566
4.9397739 2.7235798 5.1056167
4.9280935 2.7223522 5.0932149
4.9266371 2.7236906 5.0924959
4.9465804 2.7172353 5.1158465
4.9394537 2.7180862 5.1099687
4.9412498 2.7161431 5.1052643
4.9409281 2.7180289 5.1105579
4.9391212 2.7202151 5.1044007
4.9378653 2.7190531 5.1037863
4.9431574 2.7198141 5.1067965
4.9303116 2.7206224 5.0952299
4.9414121 2.7206704 5.1049273
4.9409298 2.7206114 5.1049204
4.9322366 2.7233562 5.1012187
4.9392647 2.7212539 5.1067136
1.8211977 0.83949412 2.1833036
1.8202876 0.83010605 2.1789918
1.8181847 0.8293327 2.1805546
1.8204226 0.8303926 2.1754566
1.8132021 0.83075924 2.1840771
1.8209019 0.83259693 2.1825099
1.820696 0.83590592 2.1715843
1.8212858 0.8376792 2.1723444
1.8180482 0.83259964 2.1803471
1.8095851 0.83080091 2.1797256
1.8106544 0.83008802 2.1782982
1.8163954 0.83826008 2.1889699
1.817694 0.83341608 2.1802115
4.8523899 2.0627667 0.40216331
4.8518859 2.0687131 0.4111521
4.8488364 2.0628468 0.40773759
4.8458444 2.0606358 0.40436818
4.8589409 2.0641849 0.41882261
4.8567832 2.0637192 0.42014405
4.8512835 2.0587101 0.40919416
4.8597718 2.0625479 0.40866073
4.855575 2.0681448 0.40643707
4.8499471 2.0616674 0.40970145
4.8489527 2.0625792 0.40826182
4.8488473 2.06617 0.41436097
4.8503279 2.0603666 0.41900895
4.849089 2.0702294 0.4119985
4.8466213 2.0591637 0.41389603
4.840958 2.0627938 0.40743919
4.8424363 2.059708 0.40842601
4.8480511 2.0617362 0.40750887
4.8498388 2.0565543 0.4075354
4.8452387 2.0639707 0.39781922
4.8495061 2.0570766 0.39919854
4.8619409 2.0625984 0.41465403
4.8447615 2.0669364 0.3991124
4.8461894 2.0647869 0.39946032
4.8509454 2.0593675 0.40877388
4.8399845 2.062253 0.39994795
0 0 0
1.8269411 2.3731341 4.3197764
1.8304263 2.3699383 4.3240522
1.820795 2.3728299 4.308248
1.8414463 2.3749863 4.323669
1.8310672 2.378108 4.3243267
1.8315214 2.375999 4.3233408
1.8261522 2.3731828 4.321886
1.8247735 2.3783607 4.3155616
1.8250317 2.3722066 4.3147525
1.8222729 2.3751649 4.3148274
1.8197653 2.3785666 4.3151424
1.8294818 2.3713933 4.3218029
1.8292405 2.3754213 4.3179219
1.8207753 2.3814248 4.3211099
1.8338418 2.3828867 4.3183642
1.8279687 2.373764 4.3261993
3.2277709 2.3622671 2.3047598
3.2184773 2.36582 2.2871735
3.2233332 2.371645 2.2892275
3.2158216 2.3684918 2.2828783
3.2264332 2.3628509 2.2914315
3.218016 2.3650179 2.2869028
3.2199499 2.3639433 2.2891874
1.9654282 2.2423475 3.744751
1.9676229 2.2418008 3.7477845
1.9663937 2.2384719 3.7457046
1.9607594 2.2413723 3.7451215
1.9647215 2.2420568 3.7473173
1.9646143 2.2426918 3.7448054
1.9648336 2.2421448 3.7453521
1.9623762 2.2389329 3.7485673
1.962712 2.2432525 3.7466336
0.84566319 1.8033301 5.0092575
0.84601931 1.8044388 5.0098043
0.84505454 1.8051966 5.0121374
0.84961011 1.8000226 5.0129564
0.85019797 1.7989152 5.0154992
0.83717007 1.8020505 5.0111933
0.83630354 1.8093318 5.0117208
0.84992491 1.8127112 5.0177254
0.84143027 1.8059451 5.0104602
0.8397416 1.8059947 5.0111004
0.84572878 1.8057261 5.0120624
0.8518774 1.8056681 5.0164393
0.8491344 1.8091243 5.0147355
0.84578516 1.8072591 5.009434
0.84337517 1.8066607 5.009672
0.84417852 1.8096643 5.0113325
0 0 0
4.6790014 1.4166732 2.8329553
4.6831769 1.4018218 2.8281056
4.6771792 1.4029168 2.8351886
4.6807411 1.4036582 2.838359
4.6810676 1.4054161 2.8312625
4.6815414 1.4061831 2.8324945
4.6806411 1.4100753 2.8303317
4.6863943 1.4070585 2.8297089
4.678738 1.397541 2.8246609
4.0299325 1.8717267 2.4565911
4.0288059 1.8684453 2.4531602
4.0306775 1.8765747 2.4576223
4.0313207 1.8734907 2.457004
4.0342081 1.8751137 2.4581648
4.033449 1.8706485 2.4594735
4.0309237 1.87143 2.4564475
4.0317829 1.8695729 2.4556827
4.0342492 1.8718915 2.4515289
4.0367221 1.863328 2.4547787
4.0252476 1.8682899 2.4604564
4.0239073 1.8791819 2.4513977
0 0 0
4.9413688 2.7204037 5.106102
4.943695 2.7220668 5.1075834
4.9482005 2.7228018 5.1108047
4.9229696 2.716983 5.0902919
4.9441284 2.7139174 5.1104182
4.9463069 2.7218185 5.1113415
4.9402152 2.7205274 5.1041412
4.9411398 2.7215207 5.1086955
4.9363991 2.7202248 5.1031175
4.9384289 2.7203102 5.1048564
4.9407188 2.7196412 5.1067969
4.9490379 2.7183134 5.1153914
4.941278 2.714391 5.1057299
4.9423603 2.7198756 5.1059223
4.9423882 2.7198994 5.107277
4.937979 2.7169143 5.1073081
4.9420072 2.7200942 5.1073646
1.8244727 0.83215509 2.1867884
1.8183606 0.82548471 2.1758903
1.818411 0.83266498 2.1776694
1.820401 0.83405462 2.1757542
1.8164241 0.83252058 2.1801027
1.816904 0.83189773 2.1793731
1.8116121 0.83622367 2.1813584
1.816812 0.82875212 2.1807618
1.8146874 0.82898488 2.1789073
1.8198065 0.83129307 2.1754288
1.807892 0.83181252 2.1832363
1.8150756 0.83744096 2.1897832
1.8166898 0.83410822 2.180544
4.8499459 2.0614164 0.4147931
4.8477819 2.0688454 0.41063786
4.8478719 2.0542518 0.40637666
4.8446131 2.0615586 0.40470909
4.8517453 2.0622091 0.407611
4.849553 2.0642304 0.40532195
4.8575488 2.0583842 0.41456984
4.8589582 2.0661366 0.4106119
4.8474938 2.0575956 0.41082077
4.847896 2.0577621 0.41091233
4.8499991 2.0621488 0.40897874
4.8502275 2.0620981 0.40781551
4.8497331 2.0621041 0.40797494
4.8499648 2.0625851 0.40684997
4.8493237 2.0624098 0.40961815
4.8542799 2.0661759 0.41363485
4.8459483 2.0694482 0.40852941
4.8551104 2.0613943 0.40997654
4.854542 2.0613641 0.40911017
4.845723 2.0693083 0.40743621
4.8419828 2.0594894 0.40397981
4.8622212 2.0666742 0.41311237
4.8485481 2.068209 0.41181571
4.8428481 2.0653025 0.41097461
4.8430023 2.062678 0.41017467
4.8548692 2.0588026 0.42566195
1.8282094 2.3733715 4.3188898
1.8257167 2.3737876 4.3193018
1.8303593 2.3739172 4.3221488
1.8233541 2.3770627 4.311715
1.8265479 2.3693134 4.3215017
1.8221687 2.3690847 4.3144799
1.8341582 2.3717997 4.3224626
1.8279097 2.3723454 4.3190549
1.8264114 2.3719728 4.31759
1.828796 2.3741448 4.3186681
1.8281008 2.3715333 4.3188477
1.8234666 2.3743623 4.3172772
1.8202632 2.3672724 4.3112235
1.8209848 2.3748031 4.3066765
1.8179823 2.3700315 4.3174248
1.8242085 2.3829347 4.3097666
1.8252373 2.3771735 4.3139169
3.1973414 2.3620378 2.2708822
3.2219145 2.3663686 2.2877714
3.2274339 2.3688934 2.2979108
3.2146931 2.3707508 2.2905317
3.2255805 2.3623163 2.2911504
3.2140095 2.3610332 2.2852973
3.2177484 2.3640219 2.2861346
1.9632598 2.2427006 3.7438717
1.9658341 2.2383003 3.7488712
1.9661832 2.240258 3.7502098
1.9636165 2.2422924 3.7461674
1.9609243 2.2407744 3.7484913
1.9576682 2.2452241 3.7410676
1.9660167 2.2435303 3.7431689
1.9709318 2.245391 3.7525695
1.9593389 2.2453458 3.7447504
0.84498472 1.8037256 5.0090287
0.84320768 1.8032436 5.0077198
0.843988 1.8067615 5.0059513
0.85234064 1.8092621 5.0132923
0.85221945 1.8079333 5.0078859
0.84616629 1.8076871 5.0112885
0.84714043 1.8149436 5.0172478
0.85166218 1.805754 5.0143334
0.84042191 1.8058768 5.0092698
0.8442797 1.7999879 5.010085
0.85759662 1.8122569 5.0146871
0.85992042 1.8095873 5.0129788
0.84725531 1.8032122 5.0091755
0.84485366 1.8065017 5.0126536
0.84158567 1.8062743 5.0084134
0.84178794 1.8044992 5.0095863
4.6763399 1.4058426 2.8406234
4.6827298 1.4064939 2.8328626
4.6797223 1.4063044 2.8351452
4.6862221 1.4033704 2.8353912
4.6899952 1.405816 2.8306286
4.6871302 1.4087501 2.8278941
4.6799658 1.4021081 2.832837
4.6803402 1.4059662 2.8340122
4.6854682 1.4053751 2.8304796
4.6724735 1.4154967 2.8310432
4.0301912 1.8720127 2.4575246
4.026899 1.8730618 2.4589842
4.0316825 1.8718951 2.4620135
4.0288137 1.8714118 2.4571668
4.034326 1.8729508 2.45833
4.0276251 1.8752419 2.4563956
4.0266345 1.8725685 2.4550439
4.0374904 1.8694018 2.4594988
4.0326961 1.8714125 2.4568245
4.0367058 1.8753683 2.4605994
4.0250218 1.8767561 2.4501658
4.0267719 1.876723 2.4517897
4.9536981 2.720122 5.1133546
4.9476939 2.7203141 5.1124435
4.9453682 2.7230916 5.1105569
4.9404194 2.717651 5.1009255
4.9338719 2.7194326 5.1024924
4.9538134 2.717846 5.1120789
4.9582826 2.7213599 5.1164752
4.9508908 2.7182257 5.110132
4.9508499 2.7167519 5.1092715
4.9464555 2.7176789 5.112578
4.9517683 2.7185854 5.1100186
4.9491302 2.7180715 5.107049
4.9437186 2.7202868 5.1063318
4.9551329 2.7147405 5.1112591
4.9492009 2.7225885 5.1057956
4.9490235 2.720458 5.1158728
4.9479414 2.7187374 5.1142662
4.9492289 2.7182932 5.1156949
1.8217074 0.83287963 2.177211
1.8116857 0.83028234 2.1806321
1.8162266 0.83091129 2.1829514
1.8227397 0.82443221 2.1789112
1.824863 0.82575578 2.1740259
1.8183606 0.83289 2.1796
1.8139208 0.83229285 2.1844349
1.8067153 0.83362763 2.1840995
1.8177865 0.83383222 2.1788282
1.8176737 0.83281457 2.1808727
1.8223136 0.82952241 2.1804165
1.8190647 0.8325937 2.1798627
1.8214523 0.83046087 2.1750565
4.8447239 2.0611018 0.392675
4.8539146 2.0563603 0.40626004
4.8487072 2.0546556 0.40336881
4.8499456 2.053781 0.40499672
4.8476865 2.0662561 0.40631824
4.8458723 2.0608019 0.40817048
4.849695 2.0642001 0.41272304
4.8485925 2.0620351 0.40842366
4.8493118 2.0592329 0.41139964
4.8509048 2.0559632 0.41073611
4.8542455 2.0640675 0.41377205
4.8417335 2.062274 0.4048906
4.8451201 2.0564257 0.40832496
4.8468396 2.058791 0.41201903
4.8486813 2.0609082 0.40907724
4.8520622 2.068087 0.41216456
4.8493426 2.0626065 0.41625801
4.8446676 2.0585457 0.40778038
4.851312 2.0642007 0.40173189
4.8445464 2.0693073 0.407443
4.8403689 2.0623806 0.39802683
4.8409195 2.0691095 0.40406697
4.8404779 2.0636987 0.40330835
4.8531177 2.063213 0.4104657
4.8494937 2.0640046 0.4137851
4.846519 2.0607059 0.39417435
1.8386899 2.3632878 4.3306972
1.8277492 2.3716706 4.3194106
1.8284121 2.3689498 4.3216809
1.8278276 2.368641 4.3220764
1.827175 2.3729846 4.3151698
1.8252398 2.3679738 4.3184199
1.8313583 2.3741364 4.319549
1.8285378 2.3742638 4.3202166
1.830203 2.3746981 4.3211006
1.8274016 2.3720837 4.3164763
1.8289862 2.3721151 4.3169042
1.8185378 2.3740143 4.3148465
1.8184211 2.3738564 4.3139427
1.8282754 2.3760951 4.3173919
1.8144843 2.3766992 4.3144824
1.824546 2.3797885 4.3160261
1.8250935 2.3758832 4.3131292
3.218269 2.3657305 2.2860649
3.2233604 2.3644279 2.2902251
3.218696 2.3643823 2.2886974
3.2139316 2.3698593 2.2870497
3.226102 2.3594056 2.2973459
3.2051913 2.3666161 2.2856851
3.2188964 2.3658129 2.2898292
1.9643261 2.2404254 3.7459491
1.9645124 2.245684 3.7515758
1.9583041 2.2417032 3.7461221
1.9644102 2.2385063 3.7470067
1.953695 2.2450449 3.7385319
1.9620563 2.2448005 3.7483736
1.9654263 2.2433774 3.7444861
1.9718825 2.2496372 3.7465751
1.9672008 2.246233 3.7439499
0.84545409 1.8047362 5.0097386
0.8499071 1.8075094 5.0112631
0.84451324 1.8071688 5.010226
0.84767172 1.8071127 5.0070809
0.84280815 1.8156137 5.008366
0.843574 1.8026102 5.0217471
0.84924399 1.8057902 5.0221953
0.85405728 1.8037168 5.0112506
0.84724355 1.805232 5.015079
0.85171288 1.8104831 5.0106759
0.84588731 1.8122358 5.0062109
0.85333429 1.8090505 5.0036965
0.84840109 1.8057797 5.0096437
0.85118182 1.8076707 5.0120027
0.84622534 1.8020284 5.0155481
0.84926198 1.801725 5.0058925
4.6824324 1.4065108 2.8318506
4.684232 1.4065107 2.8304324
4.6808565 1.406405 2.8301724
4.6838545 1.4052087 2.8382268
4.6802645 1.4059964 2.830814
4.6822101 1.4065124 2.8316535
4.6789585 1.4039073 2.8365627
4.6780367 1.4060065 2.8344972
4.684771 1.4005956 2.8309596
4.6823573 1.4060119 2.8318415
4.0349188 1.8816448 2.4453308
4.0347404 1.870208 2.4573498
4.0275379 1.8712871 2.4502356
4.0316907 1.8729033 2.4574557
4.0303787 1.8729391 2.4565715
4.0319301 1.8720239 2.4602657
4.0324898 1.8750308 2.4633541
4.0331252 1.8642047 2.4612386
4.02618 1.8706799 2.4585395
4.0295266 1.8712572 2.4598135
4.0336865 1.8746162 2.4521448
4.0266272 1.8741438 2.4496261
0 0 0
4.9427571 2.7216321 5.1033298
4.937488 2.7215537 5.102469
4.9576572 2.7176618 5.114145
4.9603299 2.7136948 5.1228669
4.9518943 2.7112387 5.1151746
4.929911 2.7191081 5.1029719
4.9325162 2.7238544 5.0996353
4.9508663 2.7195547 5.1079896
4.9436434 2.7205359 5.1092328
4.9398582 2.7195812 5.1038413
4.9417456 2.7201053 5.1067355
4.9341229 2.7267068 5.1046962
4.9565176 2.7286276 5.1173539
4.9450648 2.7203304 5.106161
4.9354743 2.7161166 5.0971924
4.9493992 2.7184842 5.1117233
4.9493359 2.7218761 5.1153813
1.8112622 0.82912671 2.1860079
1.8162788 0.83503723 2.1788868
1.8179743 0.83240636 2.1810096
1.8258965 0.83055889 2.1780982
1.8255558 0.83450731 2.1656249
1.8243091 0.83543936 2.1670872
1.8117561 0.83701193 2.1894875
1.8149228 0.8418903 2.1779689
1.8154975 0.83213426 2.1847139
1.8187438 0.83212271 2.17696
1.8181914 0.82838042 2.1844892
1.8191162 0.83104067 2.1870877
1.8287019 0.8376823 2.1706197
4.8474088 2.0657319 0.41363162
4.8498749 2.0503552 0.41606479
4.8605896 2.0541814 0.4113675
4.8536094 2.0608338 0.40292132
4.8475926 2.0653606 0.40699364
4.8487128 2.0612172 0.40885631
4.8481724 2.0580946 0.41658208
4.8455211 2.0529125 0.40428046
4.8481246 2.058403 0.41273917
4.851548 2.0639264 0.40638914
4.8607179 2.0680545 0.41006356
4.8557554 2.069361 0.42071143
4.8498918 2.0624687 0.40945976
4.8472695 2.0611288 0.40781803
4.8484878 2.0662175 0.40603824
4.8491174 2.0607572 0.40906961
4.8476823 2.0617061 0.40790695
4.8472644 2.0621459 0.4084994
4.856698 2.0717406 0.41786611
4.8454497 2.060519 0.39964772
4.8556639 2.0584528 0.4157133
4.8591386 2.0627396 0.41919669
4.8523785 2.062722 0.41203105
4.8659478 2.062752 0.41424566
4.8480164 2.060597 0.40941751
0 0 0
1.8397284 2.3752096 4.3401469
1.8353422 2.3868398 4.3250238
1.8406974 2.3704025 4.3278298
1.8201915 2.366118 4.3086573
1.8286648 2.3624815 4.3109416
1.8340903 2.361266 4.32141
1.8209154 2.360885 4.3123781
1.833058 2.3685917 4.3145033
1.828164 2.3724239 4.319279
1.8337846 2.3720342 4.3169175
1.8289396 2.3723408 4.3202616
1.8258099 2.3730324 4.3172138
1.8257758 2.3746616 4.3211085
1.8242666 2.3766051 4.3181154
1.8260923 2.372404 4.3176101
1.8266191 2.3714775 4.3173382
1.8261733 2.3727671 4.3160785
0 0 0
3.2045966 2.3712351 2.2650472
3.2283743 2.366693 2.2830349
3.2112627 2.3647508 2.290631
3.2241697 2.3665354 2.2950379
3.2075226 2.364667 2.2914363
3.2231703 2.3658639 2.2933463
1.9477093 2.2441179 3.7248014
1.9782148 2.2499391 3.7566783
1.9660004 2.232097 3.7424178
1.9662763 2.2454352 3.7444466
1.9529161 2.2426026 3.7385919
1.9576367 2.2511414 3.7379437
1.9633005 2.2432011 3.7291633
1.9743797 2.2479531 3.7529755
1.980522 2.2420332 3.7474671
0.84332017 1.803813 5.0171032
0.8534098 1.8070942 5.0198334
0.85316625 1.8104306 5.008978
0.85500378 1.8128745 5.0174394
0.84000681 1.8150604 5.0138127
0.83970494 1.7955413 5.0031886
0.83645084 1.8104451 5.009751
0.85375963 1.8026708 5.0112275
0.8468991 1.7950838 5.0124065
0.84663273 1.8051789 5.0114353
0.84756599 1.8040581 5.0061362
0.84598508 1.8049668 5.0108643
0.84112096 1.8058531 5.0114232
0.83844605 1.8105553 5.0152399
0.84669545 1.8039958 5.014015
0 0 0
4.6822636 1.406586 2.8315561
4.6848579 1.3935665 2.8271162
4.6817721 1.40775 2.8323228
4.6849472 1.4172986 2.8263576
4.6867011 1.3949604 2.8311734
4.6815515 1.4088802 2.8288806
4.6813717 1.4058764 2.8340903
4.6802256 1.4008496 2.8340043
4.6919606 1.3995493 2.8269777
4.6895873 1.395833 2.8242668
4.0311611 1.8756124 2.4504894
4.0287171 1.8728302 2.4569956
4.0296591 1.876461 2.4505503
4.0346839 1.8675006 2.4560369
4.033093 1.8711979 2.456683
4.0211861 1.8761935 2.451452
4.0316976 1.8742655 2.4614615
4.0329104 1.8725472 2.4609763
4.0317155 1.8722457 2.4541219
4.0316241 1.8703977 2.4548894
4.0355274 1.8702298 2.4581648
4.0395604 1.874337 2.4522614
0 0 0
4.9421442 2.72033 5.1041784
4.9403085 2.7164403 5.1067691
4.9435132 2.7195896 5.1076338
4.9561774 2.7121812 5.1158956
4.9669885 2.7107604 5.126685
4.9251208 2.7110979 5.0847395
4.9476173 2.7219363 5.1135605
4.9431773 2.7203218 5.1063055
4.9353893 2.7214732 5.0962149
4.9425642 2.7200996 5.1076208
4.9100131 2.7154701 5.0823575
4.9436425 2.7269034 5.1132926
4.9430117 2.7187848 5.1069711
4.9410003 2.7128123 5.1122614
4.9370589 2.7156355 5.098761
4.9494429 2.7164443 5.1158661
4.9496894 2.724298 5.1013595
1.8176362 0.83327083 2.1820621
1.8136685 0.83359616 2.182951
1.8161349 0.8281291 2.1925936
1.8075848 0.83772337 2.1890807
1.8215823 0.82290723 2.1703659
1.8177281 0.83240265 2.1813387
1.8087298 0.83554347 2.1875614
1.8029234 0.84117641 2.1887556
1.8306647 0.82719308 2.1819598
1.8184854 0.82585097 2.1768403
1.8220758 0.82569797 2.1749799
1.8143728 0.82610599 2.1795009
1.8058876 0.82986616 2.1835964
