EulerAngles_0 EulerAngles_1 EulerAngles_2
4.469512 2.4505437 5.2582849
4.4704445 2.4470819 5.2615802
4.4693559 2.4466646 5.2622467
4.4650115 2.4442753 5.2625717
4.4641069 2.4483275 5.2604497
4.4619972 2.4434166 5.2600329
4.4668718 2.443967 5.2612399
4.4680401 2.4391661 5.263869
4.4684406 2.4459568 5.2625472
4.4626212 2.4469011 5.260539
4.4637572 2.444982 5.2583469
4.4584248 2.4452939 5.2510798
4.4674954 2.4424668 5.2554527
4.462487 2.4464443 5.2513521
4.4654641 2.0304996 1.3580467
4.4639983 2.0303751 1.3587313
4.4653527 2.0301853 1.3595276
4.4647096 2.026575 1.3597689
2.27547 1.88339 3.9543
4.4664493 2.024031 1.3607809
2.42852 1.60871 6.08932
4.465802 2.0318112 1.3602756
4.471229 2.0320075 1.3624079
4.4675555 2.0295743 1.3579628
4.4738702 2.0279342 1.3610734
4.4687263 2.0294645 1.3592697
4.4715057 2.0254177 1.3652724
4.4705005 2.0281244 1.3652408
4.4699828 2.0241705 1.3642959
4.4687357 2.0276032 1.3599155
3.70519 1.34265 4.52051
4.4678508 2.0236627 1.3649737
4.4713739 2.0254089 1.3632573
4.4699665 2.0246265 1.3640851
4.4742569 2.0242009 1.3601628
4.4709115 2.0220354 1.3591734
5.91733 0.62737 5.58051
4.4686173 2.0245026 1.3554678
4.4687914 2.0242995 1.3533361
2.1793224 1.6498056 6.0929559
2.1787541 1.6543015 6.0955833
2.1784274 1.6544375 6.0967571
2.1806661 1.6613199 6.0970591
2.1782992 1.6554932 6.095061
2.1792802 1.655409 6.0941521
2.1757876 1.6546783 6.0928539
2.1769394 1.6561701 6.0921864
0.99894 0.82454 2.8126
4.65772 1.48584 4.62602
2.1793359 1.6538989 6.0971998
2.1811508 1.6543715 6.0979062
2.1796659 1.6542784 6.0991891
2.1785018 1.6546803 6.0958027
2.1788165 1.6550216 6.0895023
2.1785749 1.6550264 6.0939916
2.179187 1.6525927 6.0908167
2.1791576 1.6514865 6.0982982
4.39766 2.06405 3.07295
2.1816661 1.6526962 6.0950614
2.1834906 1.6539586 6.0921892
2.1836559 1.6544905 6.0910054
2.1836845 1.6552226 6.0901909
3.8613511 1.8692051 3.0160959
3.8596324 1.8692375 3.0148388
3.8573047 1.8704615 3.0158405
3.8621526 1.8711553 3.0165741
3.8618794 1.8712663 3.0159609
3.8629723 1.870524 3.0168212
3.8615225 1.8681716 3.0157119
3.8654953 1.8704927 3.0190056
3.8633801 1.8704607 3.0144702
3.8635107 1.8722154 3.0161731
3.8600908 1.8753889 3.015462
3.8627317 1.8741055 3.0205687
4.9088 1.64712 3.51266
3.8628218 1.8717753 3.0193761
3.8632153 1.8718438 3.0164989
3.8607542 1.8684998 3.0155356
1.8393399 2.6660965 3.5625735
1.8367675 2.6692199 3.5590097
1.834735 2.6662999 3.5579478
1.8329442 2.6660244 3.5557057
1.8352557 2.6609044 3.5589557
1.8352902 2.6658189 3.5584207
1.8348952 2.6670021 3.5592292
1.8390244 2.6669634 3.5645144
1.8360496 2.6639139 3.5640098
1.8424032 2.6618437 3.5717797
1.835008 2.6637407 3.564347
1.8432311 2.6678945 3.5706468
1.8273631 2.6664485 3.5541837
1.8300397 2.6683012 3.5575059
1.8268673 2.6660749 3.5541002
1.8338818 2.6679095 3.5617172
1.3483197 2.0152876 6.0922606
1.3505138 2.0147997 6.0929507
5.65802 0.60901 1.33383
1.343077 2.0174346 6.0887076
1.3445088 2.0173081 6.0856323
1.3446956 2.0162299 6.0848424
1.3476341 2.0161438 6.0831524
1.349718 2.0174114 6.0854649
1.3491421 2.0182557 6.089099
1.3534768 2.0153526 6.0882414
1.3499137 2.0142618 6.0883606
1.3470076 2.0184842 6.083999
1.345898 2.0202651 6.0868041
1.3426954 2.0180611 6.0850771
1.3424966 2.0183123 6.0888804
1.3399948 2.020121 6.0893135
3.644998 1.7149064 3.1366532
0.6625 0.98615 4.99137
3.6455123 1.7125385 3.1357497
3.6466357 1.7171495 3.1366624
3.6457305 1.7106951 3.1383811
3.646858 1.7145768 3.1408006
3.6458869 1.7104142 3.1401928
3.6456757 1.7154857 3.14083
3.6458196 1.7167708 3.1409023
3.7962944 2.6345221 2.0660554
3.7974275 2.6299308 2.0725851
3.793653 2.6267291 2.0733888
3.7886849 2.6279255 2.0698536
3.7855887 2.6316843 2.0660446
3.790307 2.6337021 2.0671391
3.7915797 2.6329309 2.0686452
3.7970764 2.6269117 2.0727652
3.799129 2.6236611 2.0767148
4.4650187 2.4498236 5.254962
4.4686595 2.4490147 5.2598901
4.4702031 2.4488736 5.2612704
4.4675607 2.4477201 5.2628391
4.4681044 2.4477235 5.2633217
4.4668833 2.4460793 5.2660219
4.4698527 2.4439454 5.2632135
4.4643084 2.4424047 5.2604186
4.4648932 2.4461977 5.2592886
4.4596965 2.4478641 5.2589979
4.4636434 2.4454237 5.2600916
4.4614783 2.4452191 5.2548248
4.47019 2.4444215 5.25884
3.73207 2.70304 5.6738
4.4661487 2.0303537 1.3581228
4.4651501 2.0290633 1.3580984
4.4669181 2.0297148 1.3612465
4.4662386 2.0245731 1.3609302
4.4698335 2.0242508 1.3639611
4.4713561 2.0211289 1.3633545
2.24628 1.26574 4.14579
4.4671202 2.0277199 1.3599785
4.469153 2.028143 1.3619015
4.4696676 2.028534 1.360263
4.4720717 2.0259218 1.3617617
4.4700311 2.029825 1.3607423
4.4685198 2.0271624 1.3629413
4.4684117 2.0295515 1.3637928
4.4670753 2.0262675 1.3618797
4.4656076 2.0272857 1.3603093
4.4675401 2.0246235 1.3594063
4.4681169 2.0262636 1.3635171
4.4702094 2.0244144 1.3635472
4.4687481 2.025589 1.3620835
4.4719848 2.0236372 1.3619214
4.4714294 2.0234077 1.3597527
4.4729892 2.0228107 1.3604038
4.4699868 2.0252519 1.3557786
4.470765 2.0258382 1.3545948
1.43106 2.7153 1.26414
2.1800868 1.6522687 6.0969946
2.1799167 1.6534144 6.0973341
2.1797847 1.6590749 6.0957492
2.1761376 1.6570499 6.0933973
2.1749849 1.656395 6.0940384
2.1739604 1.6559712 6.0928019
2.1749278 1.6549091 6.0957775
2.1748995 1.6550663 6.0937862
2.1769095 1.65299 6.0938517
2.177923 1.6546456 6.096593
2.1800437 1.6554652 6.0962546
2.1799857 1.654998 6.0984116
2.1793275 1.6544504 6.0963639
2.1811103 1.6550821 6.0909463
2.18093 1.6538924 6.0936089
1.68451 1.22276 2.40102
2.1797389 1.6506467 6.0983956
2.1791792 1.6509041 6.0957617
2.1806144 1.6531058 6.0951616
2.1823424 1.6549889 6.0918194
2.1834375 1.6559252 6.0921591
2.1823111 1.6552848 6.0915016
3.54388 1.7815 1.73795
3.8598818 1.8679094 3.0132079
3.8581958 1.8687996 3.0129201
3.8599874 1.8699769 3.0153167
3.8605145 1.8691784 3.0172716
3.8626004 1.8675887 3.019105
3.8613233 1.8652951 3.0174503
3.8658484 1.868423 3.0176219
3.8635853 1.8688959 3.0153221
3.8616105 1.8718516 3.0141872
3.8583016 1.8712815 3.0144059
0.39648 2.58555 3.96034
3.8627304 1.8738137 3.0172013
3.8615682 1.8718953 3.0174662
3.8640647 1.8708304 3.0155065
3.8646104 1.869408 3.015891
1.8363804 2.6663068 3.562035
1.831941 2.6665471 3.5574795
1.8305767 2.664472 3.5561987
1.8301848 2.6640449 3.5560937
1.8363299 2.6631868 3.5602004
1.8367436 2.6650833 3.5592319
1.8375159 2.6663303 3.560412
1.8367856 2.6657848 3.561752
1.8344351 2.661964 3.5611274
1.8373675 2.6620594 3.5649634
1.8357475 2.6607925 3.5639136
1.8401203 2.6655981 3.5657696
1.8315467 2.6631975 3.5557861
1.8287542 2.6663771 3.5531912
1.8230257 2.6654693 3.548522
1.8313422 2.6677089 3.5572991
1.3455026 2.01594 6.087309
1.3484331 2.0185394 6.088932
1.3405591 2.0020529 6.0680333
1.3384371 2.0052035 6.0693149
1.3381081 2.0056012 6.0679681
1.3481399 2.0187527 6.085868
1.347523 2.0182811 6.0856367
1.349035 2.0168801 6.0858999
1.3464209 2.0185318 6.0878207
1.3485884 2.0169467 6.0879225
1.3482251 2.0159758 6.0872647
1.3473362 2.0176706 6.0853993
1.3447315 2.0170788 6.0850881
1.3411458 2.01708 6.0829035
1.3421176 2.0158087 6.0851078
1.3403001 2.0187769 6.0867521
3.645883 1.7156499 3.1367267
0.15791 1.31776 0.30008
3.6498806 1.7148357 3.1346531
3.6499713 1.7181582 3.1347479
3.6478479 1.7141677 3.1368346
3.6471378 1.7149443 3.1397478
3.6457095 1.7119819 3.1382478
3.6457154 1.7146138 3.1392679
3.6459472 1.7168742 3.1385315
3.6467264 1.716543 3.1411925
3.7954777 2.6299003 2.070756
3.7913648 2.6277583 2.0701301
3.7885784 2.6279299 2.0692364
3.7873964 2.6302741 2.0696199
3.7880975 2.6313205 2.0686242
3.7926598 2.6315006 2.0711326
1.07682 2.21611 1.65795
3.7955368 2.6248711 2.0717033
4.4627629 2.449839 5.2604147
4.4656684 2.4492493 5.2622237
4.4693096 2.4479001 5.2637468
4.4701104 2.4472126 5.2641758
4.4733445 2.4437284 5.2634819
4.472254 2.4457516 5.2644409
4.4695921 2.4444619 5.2602992
4.4648631 2.4466035 5.2593931
4.4639091 2.4469762 5.2597248
4.4622014 2.4454301 5.2602298
4.4693016 2.4430616 5.2653467
4.4656247 2.4428689 5.2597956
4.4698225 2.4436967 5.2615076
4.463542 2.4472913 5.2583848
4.4705424 2.0318379 1.3599095
4.4680756 2.0301767 1.3590782
4.4677493 2.0290787 1.364268
4.4684718 2.0253814 1.3621619
4.4719835 2.0255688 1.3658086
4.4718745 2.0222043 1.3658108
4.4705757 2.0247848 1.3649149
0.60431 2.66091 3.78131
4.4660269 2.0258294 1.3619025
4.4684593 2.0279055 1.3640563
4.4679603 2.0261099 1.361774
4.4681272 2.0291847 1.3608045
4.4655889 2.0272944 1.3591258
4.4652053 2.0255471 1.3614357
4.4655461 2.0255508 1.3631594
4.4657313 2.0267068 1.3634422
4.46921 2.0253617 1.3618778
4.4667793 2.0255466 1.3590002
4.467577 2.0240637 1.3603103
4.4676489 2.0271639 1.3618769
3.81228 1.07366 5.0281
4.4713663 2.0260767 1.3636343
4.4728409 2.0244725 1.3643091
4.4724588 2.0272092 1.3611701
4.4736712 2.0281378 1.3596631
3.28188 2.20358 3.59565
2.179665 1.6503478 6.094041
2.1780136 1.6517852 6.0943742
2.1771514 1.654903 6.0959928
2.176648 1.6557348 6.0941305
2.1759266 1.653641 6.0948659
2.1755237 1.6523393 6.0931518
2.1734419 1.6519813 6.0949952
2.1728316 1.6529166 6.0931669
2.1736607 1.6526622 6.0943394
2.1774995 1.6552598 6.0956547
2.1802981 1.6552531 6.0957096
2.1801752 1.6549193 6.0955623
2.1775205 1.653095 6.0953462
2.1798318 1.6533734 6.0945168
2.1787537 1.6524209 6.0943476
2.181812 1.6529973 6.0912252
2.1777185 1.6502049 6.0966671
2.1788516 1.6512913 6.0969698
2.1796042 1.6530705 6.0985163
2.1791427 1.6526027 6.0944246
2.1797983 1.6537308 6.0946688
2.1790985 1.6523192 6.094101
3.8613859 1.8733746 3.0135281
3.860814 1.8711915 3.013517
3.8601375 1.8690141 3.0119066
3.8623133 1.8689804 3.0155075
3.8622336 1.8681871 3.016239
3.8642833 1.8669244 3.0183663
3.8645726 1.8661739 3.0196865
3.866634 1.8684859 3.0187359
3.8636106 1.8682987 3.0143069
3.862848 1.8707877 3.0125451
3.8637878 1.868537 3.013831
3.8634121 1.8717481 3.0186402
3.8665367 1.8721895 3.0203617
3.8622721 1.8723264 3.0192259
3.8627546 1.8732096 3.0160098
3.8619045 1.8739178 3.0163832
1.8408094 2.6653687 3.5647094
1.8374459 2.6653369 3.5644756
1.8306862 2.6656285 3.5584113
1.8285905 2.6640515 3.5564041
1.8358963 2.6631541 3.5595616
1.8406628 2.6641461 3.5628168
1.8453501 2.6657204 3.5673683
1.8388728 2.6664642 3.5648691
1.8344559 2.6630547 3.56133
1.8321774 2.6625069 3.5583007
1.8408939 2.6600036 3.5645567
1.8426725 2.6632826 3.5643919
1.8396249 2.6625943 3.5604362
1.8324112 2.6639243 3.5543155
1.8289638 2.6633192 3.5523145
0.61386 1.81455 2.95602
1.3446007 2.0134242 6.0834047
1.3478709 2.0146655 6.0872331
1.339717 2.0008761 6.0691275
1.3429827 2.0089523 6.0785482
1.3347461 2.0049919 6.0683241
1.3452384 2.0169212 6.0837783
1.3449777 2.0184609 6.0859149
1.3472402 2.0143892 6.0873625
1.3435112 2.0168173 6.0889184
1.3446803 2.0157576 6.088939
1.3429067 2.017617 6.0855463
1.3427008 2.0190415 6.0848336
1.3439889 2.0186483 6.0846812
1.3426664 2.0176437 6.0858223
1.3420551 2.0169598 6.0858407
0.62438 1.04615 2.93775
3.6460195 1.7158964 3.1369498
3.6488527 1.7166694 3.1361048
3.6510799 1.7173855 3.1381791
3.6506448 1.7177067 3.1364663
3.6469872 1.7150793 3.1376393
3.6447444 1.7151572 3.1407095
3.6437792 1.7140234 3.1404205
3.6467248 1.7151889 3.1420531
3.6457238 1.7174485 3.1405072
3.6487796 1.7183835 3.1426483
3.648094 1.7163382 3.140564
3.7950342 2.6277032 2.0723407
3.7906508 2.6278566 2.0683361
3.7932949 2.6286428 2.0722359
3.7887891 2.6300674 2.067739
3.7915124 2.6294325 2.0692961
3.7892117 2.6298157 2.0669043
3.7946876 2.6280494 2.0726087
4.4593786 2.4435388 5.2542679
4.4638584 2.4453022 5.2570455
4.470454 2.4473748 5.263033
4.4731737 2.4458337 5.2655464
4.4740083 2.4433046 5.266159
4.4729416 2.4449929 5.2656818
4.4644138 2.446519 5.2594267
4.4646934 2.4484547 5.2584364
4.4623079 2.4488438 5.2599071
4.4628705 2.445519 5.2622551
4.4684568 2.4415402 5.2649098
4.468423 2.4410766 5.2618579
4.4729298 2.4453642 5.2632464
4.4680038 2.4490191 5.2603936
4.4679836 2.0296357 1.3579857
4.4690473 2.0284818 1.3584127
4.4684322 2.0281443 1.364758
4.4692899 2.027871 1.3635
4.4723179 2.0263199 1.3680606
4.4724741 2.0230573 1.3661402
4.4727881 2.0236695 1.3645998
4.4681403 2.0231312 1.3646162
4.4675323 2.025156 1.3628267
4.4681225 2.0238597 1.3631266
4.4675727 2.024625 1.3597823
4.4673134 2.0268901 1.3602131
4.4652792 2.0290112 1.3598502
4.4645029 2.0280967 1.3612412
4.4649846 2.0267398 1.3637557
4.464417 2.0248638 1.3628833
4.4676032 2.0253469 1.3635272
4.4668025 2.0259738 1.3597208
4.4668773 2.0270517 1.3597025
4.4677979 2.0283051 1.3605873
4.4694237 2.0285402 1.3641699
4.4701708 2.0258499 1.3633773
4.4692235 2.0251561 1.3625761
4.4685306 2.0252016 1.3611471
4.4684922 2.0263901 1.362738
2.1802282 1.6528417 6.0939429
2.1802924 1.6516824 6.0962824
2.1797435 1.6539525 6.094226
2.1781552 1.6543386 6.0945474
2.1767501 1.6559855 6.0916542
2.1755612 1.6527566 6.0931587
2.1768115 1.6519714 6.0943967
2.1746453 1.6501725 6.0966842
2.1768905 1.6529316 6.0965086
2.1758068 1.654524 6.0977596
2.1791312 1.6570874 6.0949515
2.1795193 1.6547274 6.0964457
2.180195 1.6545775 6.0966844
2.1778449 1.6543059 6.0974955
2.1809685 1.6547781 6.0953726
2.1798042 1.6547608 6.0921487
2.182027 1.6541406 6.0899574
2.1800638 1.6516879 6.0935652
2.1803495 1.6515792 6.0946896
2.1811827 1.6536204 6.0953656
2.1802803 1.6551596 6.0925428
2.1817076 1.6564883 6.0935309
2.1812932 1.6543388 6.0937993
3.8627952 1.8740452 3.0157001
3.8629067 1.8728257 3.0172219
3.8618408 1.8710746 3.0157021
3.8622817 1.8699426 3.0164148
3.8628005 1.8688817 3.0162893
3.8642687 1.8656238 3.0164008
3.8649402 1.8668114 3.0153868
3.8648383 1.8689313 3.0133654
3.8655001 1.8707267 3.0117616
3.8635407 1.8728942 3.0125462
3.8646984 1.8701531 3.0142717
3.8635648 1.8722771 3.0171055
3.8664541 1.8722868 3.019225
3.8622034 1.8729454 3.017961
3.8657487 1.8749047 3.0179546
3.8642901 1.8734199 3.0167929
1.8346179 2.6647124 3.5653024
1.8332981 2.6627303 3.566211
1.831955 2.6626342 3.5635082
1.8324172 2.6642128 3.5639771
1.8392333 2.6644278 3.564771
1.8420364 2.6655874 3.5652944
1.8400881 2.6632234 3.5645914
1.8338872 2.6648527 3.5604425
1.8351108 2.6638098 3.5603667
1.83231 2.6646645 3.5568769
1.8381856 2.6635436 3.5598883
1.8355163 2.6631635 3.5576738
1.8395696 2.6615195 3.5616124
1.8341074 2.6610845 3.5571462
1.8306631 2.6616361 3.5539364
3.61795 1.87394 5.8719
1.3425076 2.0136182 6.0782323
1.3444492 2.0156541 6.0817304
1.3366269 2.0044271 6.0654225
1.3376324 2.0026225 6.0644758
1.3358251 2.0063425 6.0654531
1.3456604 2.0177744 6.0833831
1.3447367 2.0197064 6.0881332
1.346166 2.0147303 6.0876667
1.3431952 2.0170493 6.0879877
1.3453927 2.0152513 6.0887237
1.344864 2.0158867 6.0860504
1.3447267 2.015297 6.0866376
1.3423022 2.017638 6.0845675
1.3420918 2.0184746 6.0839543
1.3439716 2.0198563 6.0844893
1.3431923 2.0203028 6.0856587
3.6484058 1.7160418 3.1381744
3.6503161 1.7151092 3.1369851
3.6501122 1.7168027 3.139261
3.6500535 1.7178318 3.1365369
3.6458697 1.7178899 3.1363905
3.6456076 1.7159458 3.1396442
3.6442754 1.7145727 3.138154
3.6467192 1.7158054 3.1388461
3.6430956 1.7163658 3.1357543
3.6471579 1.7153331 3.1378947
3.6455601 1.7149479 3.1383269
3.6472519 1.7141328 3.1368492
3.7862402 2.6264843 2.0645674
3.7947244 2.6256904 2.0738951
3.790642 2.6279298 2.0700063
3.7948426 2.6286869 2.0722122
3.7892582 2.6292447 2.0663565
3.7906173 2.6281076 2.0675932
4.4631575 2.4424936 5.2625661
4.4679279 2.4414108 5.2647279
4.4712769 2.442803 5.2655676
4.474107 2.4416279 5.2636992
4.4727382 2.4438332 5.2623119
4.470602 2.4447017 5.2591188
4.4652869 2.4487429 5.260285
4.4663692 2.4489406 5.2626346
4.4643498 2.4490687 5.2637978
4.4664848 2.4450412 5.2648983
4.4696128 2.4425197 5.263621
4.4678152 2.4404297 5.2612841
4.470078 2.4442374 5.2632467
4.4668385 2.4462531 5.2629635
4.4677544 2.0270243 1.3607108
4.4683621 2.0276462 1.3620816
4.4666982 2.027618 1.365164
4.4669578 2.0281742 1.3637897
4.467725 2.0266878 1.3653774
4.4680531 2.0253262 1.364943
4.4662092 2.0246519 1.3657948
4.4660911 2.0258011 1.3650323
4.4679396 2.027786 1.3627069
4.4670013 2.0250013 1.358753
4.4644727 2.0252767 1.3576642
4.46419 2.0259408 1.3575625
4.4663646 2.0271689 1.3607481
4.4678664 2.0266874 1.3634845
4.4676166 2.0239666 1.3669092
4.4676996 2.0243155 1.3661702
4.4666873 2.0239566 1.3630274
4.4649738 2.0243221 1.357442
4.4656247 2.0258939 1.3584817
4.4669156 2.0286374 1.3605631
4.4686199 2.0313344 1.3630674
4.4684444 2.0283325 1.3616337
4.4672182 2.0283127 1.3636648
4.4667733 2.0255563 1.364452
4.4669629 2.0272103 1.36531
5.59397 0.45583 2.02869
2.1787512 1.6546218 6.0936529
2.1766909 1.654646 6.0925611
0.54544 2.56497 0.82504
2.1792927 1.6539149 6.0908626
2.1798212 1.6506169 6.0926181
2.1790302 1.6507726 6.0932845
2.1763203 1.6467073 6.09459
2.1777085 1.6532571 6.0939863
2.1771519 1.6547212 6.0958881
2.181515 1.6586224 6.0937181
2.1809659 1.6575588 6.0969766
2.180466 1.6539977 6.0944525
2.1778954 1.6532679 6.0967956
2.1767542 1.6539395 6.0942344
2.1756893 1.6547369 6.0905481
2.1758802 1.6526556 6.0898291
2.1773998 1.6511048 6.0916071
2.1785887 1.6518579 6.0950231
2.181475 1.6537112 6.0954696
2.179791 1.6530129 6.0961252
2.1812439 1.6525474 6.0956338
2.1799721 1.6524504 6.0951095
3.8620058 1.875684 3.0173147
3.8631302 1.8740578 3.0181441
3.8634643 1.8728407 3.0192344
3.8636637 1.8701138 3.0167164
3.8657895 1.8702156 3.016905
3.8636049 1.866808 3.0155117
3.8654261 1.8701009 3.0167184
3.862259 1.8698211 3.0132462
3.8653552 1.8717457 3.0134873
3.8656466 1.872818 3.0130038
3.8677522 1.870801 3.0155029
3.8672509 1.8725304 3.0189901
3.868365 1.8733287 3.0220164
3.8633362 1.8731296 3.019453
3.8648026 1.8739459 3.0193863
3.8635928 1.8717935 3.0176594
1.841415 2.6640061 3.5697301
1.8377474 2.6643148 3.5685527
1.8391166 2.6658544 3.568584
1.8358082 2.6670545 3.5653106
1.8416806 2.6644117 3.5662864
1.841518 2.6666143 3.5662506
1.8425174 2.6665188 3.5674712
1.8355637 2.6697065 3.5633841
1.8367684 2.6676717 3.5633702
1.8323878 2.666184 3.5561956
1.8353633 2.6644821 3.5588124
1.8329584 2.6648692 3.5576731
1.837056 2.6626254 3.561944
1.8411055 2.6625707 3.5649744
1.8381626 2.6624846 3.5631771
1.8387892 2.6631551 3.5646753
1.343892 2.011683 6.0779445
1.3447052 2.0115921 6.0822912
1.344094 2.0124128 6.0826225
1.3461586 2.011588 6.085168
1.47268 2.35871 2.89982
1.3441528 2.0147624 6.0849667
1.344304 2.0176271 6.0877294
1.3462429 2.0157886 6.0881231
1.3454586 2.0175863 6.0888522
3.36143 1.14947 1.32416
1.3426447 2.0164524 6.0828313
1.3424902 2.0160802 6.0836784
1.3426555 2.0181245 6.0841199
1.3442578 2.0190368 6.086726
1.3436395 2.0188758 6.0860516
1.3431952 2.0196395 6.086573
3.6477271 1.7169139 3.1393637
3.6510328 1.7152852 3.1411394
3.6489606 1.7165823 3.1418375
3.6485449 1.7157957 3.1404711
4.82006 1.92415 3.26371
3.6448269 1.7130559 3.1420276
3.6431465 1.7154283 3.1403088
3.6448755 1.7169345 3.1412982
3.6433551 1.7187604 3.138421
3.6462879 1.7163112 3.1369339
3.6455168 1.7143041 3.1374091
3.6471595 1.7106751 3.1356236
3.6463641 1.712586 3.1376215
3.7969449 2.6270032 2.0728134
3.7939201 2.6276225 2.0696486
3.7951406 2.6297517 2.0698334
3.7900674 2.6301068 2.0667722
3.7903607 2.6301584 2.0679761
4.4619328 2.4411568 5.2593898
4.4666017 2.4420321 5.2604479
4.4701924 2.4429225 5.2623261
4.4740592 2.4422864 5.2639878
4.4719178 2.4440056 5.2642852
4.4672333 2.4451664 5.2597507
4.4668074 2.4489028 5.2626942
4.4674489 2.4484076 5.2658736
4.4683873 2.4492039 5.2668653
4.4664632 2.4449381 5.265898
4.4650088 2.444363 5.2598024
4.4648339 2.441284 5.2593851
4.4670137 2.4444495 5.2593534
4.4643138 2.4455893 5.2600535
4.465146 2.0257477 1.3623216
4.4649571 2.0272421 1.364392
4.4629292 2.026832 1.3635484
4.4645076 2.0267374 1.3628628
4.464511 2.0242258 1.3607192
4.4663102 2.0241945 1.361238
4.4668022 2.0254728 1.3627624
4.4674776 2.027221 1.3623816
4.4683693 2.0287236 1.3633289
4.4676419 2.0249763 1.3583049
4.4674151 2.0253656 1.35937
4.4660838 2.0246373 1.3566663
4.4664187 2.0259543 1.3614543
4.4682928 2.0255353 1.3627554
4.465174 2.0243141 1.36424
4.4662387 2.025166 1.3645668
4.4651782 2.0234213 1.3628614
4.4646976 2.0246728 1.3602304
4.4666917 2.0257721 1.3608179
4.4685978 2.026686 1.3592579
4.470036 2.0271769 1.359627
4.4678143 2.0232075 1.3592579
4.4664484 2.0249321 1.3619537
4.4664968 2.0232262 1.3640277
2.1764393 1.6527056 6.0887759
2.1780016 1.654546 6.0918969
2.1814815 1.6549463 6.0948711
2.179888 1.6536424 6.0934179
2.1797987 1.6522556 6.0932409
2.1792371 1.6525335 6.0907645
2.1791685 1.6515749 6.0922184
2.177224 1.6531561 6.0942502
2.1774361 1.6494326 6.0952888
2.1777051 1.6551373 6.0955017
2.1800812 1.6545809 6.097074
2.1816165 1.6566482 6.0953107
2.183532 1.6550391 6.0977036
2.1832202 1.6525193 6.0945457
2.1823687 1.6543545 6.0960107
2.1785294 1.6553028 6.0929201
2.1787517 1.6548848 6.0906555
2.1787161 1.6547165 6.0908991
2.1820334 1.6520892 6.0898902
2.1823984 1.6526932 6.0919427
2.1834173 1.6533574 6.0911366
2.1805924 1.6539456 6.0930619
2.1811411 1.6557252 6.0939888
2.1825427 1.6550774 6.0950034
2.182353 1.6547997 6.0936365
3.8641783 1.8699891 3.0210886
4.18758 2.48726 0.57508
3.8632171 1.8703585 3.0167269
3.8654414 1.8713371 3.0185644
3.8635755 1.8680808 3.0152705
3.86667 1.8703479 3.0189501
3.8624433 1.8690674 3.0160324
3.8653052 1.8706869 3.0179206
3.8641209 1.8715165 3.0167513
3.8647874 1.8705074 3.0177023
3.8631139 1.8706709 3.0177097
3.8636179 1.8718605 3.0191687
3.8626985 1.8719438 3.0181926
3.8662876 1.8723164 3.0190595
3.8652879 1.8685915 3.017531
1.834612 2.6636894 3.5639631
1.8331485 2.6639994 3.5639729
1.8371628 2.6622694 3.5667082
1.8354266 2.6640466 3.5639848
1.8413933 2.6636267 3.5665925
1.8346114 2.6674367 3.5609462
1.8374393 2.6660668 3.5626746
1.8331865 2.6669564 3.5594638
1.8345485 2.6657045 3.5594809
4.98172 1.09831 3.22837
1.8279799 2.6667564 3.5535237
1.832136 2.6681879 3.5565032
1.8353781 2.6664794 3.5603941
1.8426115 2.6648791 3.564719
1.8387553 2.6649407 3.5623109
1.8394064 2.6652182 3.5625924
1.8337353 2.6666129 3.5608309
1.3448777 2.0138992 6.0823895
1.3432517 2.0137398 6.0804663
1.3473561 2.0127479 6.0852656
1.3425289 2.0145414 6.0831252
1.345849 2.0165314 6.0867081
1.3431112 2.0178466 6.0850255
1.3443648 2.0167355 6.0831513
1.3426313 2.0178036 6.0835246
1.3423296 2.0149803 6.0836369
1.3454925 2.0152909 6.086244
1.3454852 2.0139707 6.0858628
1.3438485 2.015987 6.0841037
1.3434069 2.0185286 6.085959
1.3433216 2.0182966 6.0857374
1.3434378 2.0162476 6.0889221
3.6478871 1.7176345 3.139455
3.6491268 1.716293 3.1407946
3.6471959 1.7145548 3.1393695
3.6479335 1.7130718 3.1407418
3.6458854 1.7127395 3.1377513
3.647189 1.7108262 3.1409546
3.6460865 1.7124459 3.1395612
3.6463752 1.7140667 3.1389011
3.6442577 1.7153868 3.137662
3.6441072 1.7130092 3.1356855
5.42816 1.22332 2.94278
3.6432783 1.7136999 3.1345781
3.645027 1.7153469 3.1374203
3.6453304 1.7138336 3.1370554
3.79892 2.6288542 2.0731828
3.7979967 2.6301684 2.0724462
3.7920366 2.6288927 2.0687271
3.7883763 2.6281781 2.0652307
4.4667582 2.44549 5.2621618
4.4676141 2.4444487 5.2615683
4.4672379 2.4432481 5.2607235
4.4673816 2.4444293 5.2585144
4.467812 2.4455053 5.2601733
4.4671332 2.4468117 5.260601
3.23466 0.6022 2.76886
4.465441 2.4464407 5.2638223
4.4659512 2.4483382 5.2632471
4.4650092 2.4454859 5.2633604
0.4716 0.72217 5.21052
4.464635 2.4417423 5.2612128
4.4653304 2.4438952 5.2614221
4.17734 1.33969 5.40828
4.4678586 2.4454406 5.265883
4.4680073 2.0261332 1.364505
4.4657442 2.0246576 1.3630082
4.4651798 2.0243457 1.3613261
4.4646284 2.0205803 1.3590378
4.4656157 2.0231131 1.362718
4.4651704 2.0248996 1.3623401
4.4653302 2.0251658 1.3618959
4.4706623 2.0273476 1.3614793
4.4696706 2.0247475 1.3582392
4.4691808 2.0262136 1.360523
4.4672083 2.0234108 1.3571005
4.468545 2.0261573 1.3612708
4.4702182 2.0243946 1.3629312
4.4684104 2.0243935 1.3635847
4.4668132 2.0256836 1.3621001
4.46511 2.0249531 1.3598118
4.77684 2.21522 0.31427
4.4663162 2.0250586 1.361904
4.4674382 2.0268902 1.3613782
4.4674142 2.0264032 1.358342
1.80019 0.72386 0.11374
4.4651203 2.0246143 1.3576948
4.46667 2.0240234 1.3607852
2.1754516 1.6548227 6.0901911
2.1770893 1.6558202 6.0907159
2.180723 1.6570777 6.0940965
2.1797781 1.6539449 6.0926426
2.1804479 1.6534303 6.0926951
2.178839 1.6532098 6.091293
2.1797231 1.6537475 6.0907174
2.1787115 1.6535249 6.0924717
2.1803994 1.6493611 6.0927066
2.1784139 1.6509312 6.0955958
2.1809456 1.6513342 6.0968346
2.1809508 1.65455 6.0933823
2.1842934 1.6559037 6.0952802
2.1809063 1.6550318 6.0932861
2.1810539 1.6544653 6.0961686
2.1783381 1.6542307 6.0933863
2.179051 1.6541139 6.0935452
2.1780687 1.6537483 6.091757
2.179692 1.6512749 6.0910386
2.1797891 1.6515085 6.0906452
2.1807958 1.6528498 6.0918735
2.1825063 1.6517281 6.0961584
2.1820143 1.6526982 6.0970037
2.1823152 1.6522317 6.0940804
2.1789085 1.6543325 6.0910071
3.8653873 1.867332 3.0181239
3.8641527 1.8675459 3.0189836
3.8624477 1.8691799 3.0159303
3.8632286 1.8693521 3.0196024
3.8623488 1.8679112 3.0182086
3.8642192 1.87005 3.0200263
3.8609545 1.8685497 3.015787
3.8636462 1.869826 3.0157416
3.8620488 1.8685925 3.0166433
3.8629096 1.870286 3.0171141
3.8617964 1.8679655 3.0180122
3.8624968 1.8692989 3.0160056
3.8610049 1.8684704 3.0149673
3.8644136 1.8698011 3.0157487
1.8430205 2.6662157 3.5712555
1.8428748 2.6640018 3.5704811
1.8428857 2.6667929 3.5703286
1.8387855 2.6641005 3.5671486
1.8329737 2.666202 3.5623752
1.8340325 2.6636138 3.5604908
1.8300445 2.6688117 3.5560982
1.8341974 2.6705667 3.5593502
1.8366041 2.6706157 3.5639295
1.8378471 2.6670429 3.562475
1.8391025 2.6661499 3.563273
1.8308121 2.6669161 3.5549698
1.8353613 2.6667708 3.5609694
1.8395499 2.6679483 3.5643118
1.8428448 2.6671299 3.5646865
1.8442143 2.6678138 3.568172
1.8439492 2.6679201 3.5686522
1.8432869 2.6687315 3.5720435
1.3450361 2.0142034 6.0825064
1.3438118 2.0143203 6.0808641
1.3485171 2.0125757 6.0850323
1.3433734 2.0162026 6.0823067
1.3469519 2.017292 6.0850214
1.3407735 2.0194926 6.082506
1.3435392 2.0169305 6.0833029
1.3427839 2.0197042 6.0853781
1.3441857 2.0191521 6.0854318
1.345476 2.0190459 6.0884025
1.3449335 2.0153532 6.0859389
1.3445146 2.0152542 6.0830253
1.342976 2.0138072 6.0817782
1.3436004 2.0140589 6.0835448
1.3452686 2.0132549 6.0859206
3.6491191 1.7170656 3.140165
3.6496653 1.7163873 3.1399874
3.6498773 1.7159546 3.1381713
3.6474954 1.7156223 3.1378746
3.6477948 1.7121904 3.1392338
3.6468399 1.7111725 3.1400063
3.6460025 1.7112695 3.1391544
3.6466039 1.7165855 3.138276
3.6449224 1.7168134 3.1388406
3.6475168 1.7157871 3.1376652
3.6450703 1.7147025 3.1371487
3.6469414 1.7145697 3.1357884
3.6476227 1.7147703 3.1383539
3.6478027 1.7151484 3.1383705
3.7996285 2.6292247 2.0766965
3.7980079 2.6301936 2.0740948
3.7945398 2.6296787 2.0709087
3.7874552 2.6287954 2.0631421
4.4669938 2.446662 5.2614071
4.4641197 2.4448337 5.2584907
4.4619422 2.4428585 5.2577116
4.4604194 2.4427538 5.2558988
4.4644176 2.444987 5.2598287
4.467247 2.444409 5.2615401
2.61752 0.74125 5.14551
4.4684428 2.4471297 5.2631921
4.4690459 2.448195 5.2639593
2.69658 2.46571 1.43477
4.4650826 2.4476786 5.2620138
0.35025 0.99722 5.74643
4.4684559 2.4450076 5.2649486
4.4634737 2.444047 5.2624499
4.4671182 2.4459928 5.2621221
4.4671075 2.0282499 1.3629965
4.465538 2.0237616 1.3614322
2.59556 3.03736 2.61594
4.4636836 2.0219552 1.3589002
4.4650483 2.0241514 1.3626213
4.4650158 2.0250463 1.3602341
4.4658366 2.0250357 1.3617664
4.4687182 2.0260117 1.3620601
4.4682755 2.0235063 1.3609131
4.4697032 2.0268721 1.3606239
4.4682535 2.024718 1.3555471
4.4681986 2.0268565 1.358493
4.4693724 2.026411 1.3619397
4.4684285 2.0276816 1.3626175
4.4677865 2.0282138 1.3619537
4.4674262 2.027066 1.3601516
4.4643036 2.0260677 1.3619596
4.4669036 2.0245924 1.3628231
4.4662021 2.025067 1.3616037
4.4650575 2.0248855 1.3581383
4.4661162 2.0249541 1.3585947
4.4660487 2.0226815 1.3600932
4.4685469 2.0240644 1.3619012
2.1772558 1.6522491 6.0918093
2.179318 1.6526418 6.0915195
2.1806851 1.6555693 6.0935444
2.1817374 1.6529358 6.0924774
2.181149 1.652155 6.0939438
2.1803665 1.6521135 6.094144
2.1811833 1.6519242 6.0916844
2.180468 1.653094 6.0922608
2.1802131 1.6516605 6.0918937
2.1795204 1.6515062 6.094121
2.1789415 1.6493787 6.0963953
2.1775953 1.6514177 6.0933585
2.1803449 1.6526626 6.0943994
2.1804029 1.6542768 6.0911118
2.1836982 1.6539422 6.0957892
2.1817404 1.654115 6.0944116
2.1849749 1.6546204 6.0950818
2.1838615 1.6533855 6.0908686
2.183003 1.6514879 6.0909567
2.1808916 1.6507835 6.0881302
2.1796702 1.6521813 6.0897717
2.1830865 1.6515974 6.0920992
2.181385 1.65323 6.0920159
2.1832699 1.6528676 6.0907327
2.1822869 1.6546793 6.0901254
3.8645929 1.8659629 3.0181606
3.8646521 1.867344 3.0175176
3.864723 1.8708949 3.0155962
3.8639143 1.8703372 3.0148246
3.8646042 1.8693551 3.0146382
3.8636486 1.8686326 3.0159485
3.8622998 1.8691345 3.0154222
3.861746 1.8704808 3.015268
3.8613762 1.8688679 3.0177011
3.8619911 1.8698218 3.0168997
3.8597984 1.8668567 3.0184555
3.8620835 1.868623 3.0159405
3.8615565 1.8688653 3.0153108
3.8639568 1.8703935 3.0149226
1.8363274 2.6671808 3.5631185
1.8362972 2.6646593 3.5630736
1.8387664 2.6677217 3.5657147
1.8357852 2.6649746 3.5637607
1.8358346 2.6664056 3.5647385
1.8315128 2.6655138 3.5587484
1.8291059 2.6676492 3.558431
1.8295283 2.6676709 3.5582702
1.8346658 2.667118 3.5646052
1.8374679 2.6659675 3.5630496
1.8394582 2.6678907 3.5652909
1.8385599 2.6712937 3.5602432
1.8378861 2.672375 3.5624905
1.840728 2.6703787 3.5643861
1.8427363 2.6676598 3.5668927
1.8484971 2.6666107 3.5714574
1.8436964 2.6665495 3.5688944
1.8426059 2.6663874 3.5693823
1.3472558 2.0159284 6.0855794
1.3459806 2.0175003 6.0834367
1.3471146 2.0155404 6.0836792
1.3425981 2.0194482 6.0812728
1.3451861 2.0159272 6.0833143
1.3406575 2.0158956 6.082036
1.3446407 2.0127516 6.0829334
1.3418782 2.0139727 6.086375
1.3441761 2.0151505 6.0892395
1.3452729 2.016386 6.0919128
1.3455448 2.0165062 6.0874191
1.344366 2.0167883 6.0854083
1.3433849 2.016664 6.0820761
1.3438033 2.0149409 6.0841292
1.344984 2.0132212 6.0852051
3.6471474 1.7160237 3.1371832
3.645949 1.7164755 3.1366359
3.6471831 1.7143576 3.1386604
3.6455281 1.711702 3.1380487
3.6465503 1.7098025 3.1393365
3.6460748 1.712125 3.1376712
3.6477531 1.711613 3.1384142
3.6497477 1.7144484 3.1385858
3.6476173 1.7148695 3.1376407
3.6481072 1.7154087 3.1359352
3.6451007 1.7158701 3.1348772
3.6491834 1.7170815 3.1351812
3.6494865 1.7164584 3.1382648
3.6503945 1.7167461 3.1388942
6.26688 0.76123 4.62334
3.7930429 2.6293205 2.0693062
3.7909432 2.6280658 2.0677729
3.7862191 2.6277977 2.0625523
4.4667866 2.4487538 5.258137
4.4623366 2.4462532 5.2570878
4.4609362 2.4441784 5.2575841
4.4605475 2.443753 5.2567355
4.4645903 2.4464167 5.2610448
4.4673777 2.4436535 5.2608458
4.4725542 2.4451886 5.2663623
4.4677675 2.4441381 5.2603382
4.4698328 2.4444608 5.2612888
4.4631301 2.4466067 5.2583282
4.4656994 2.4457275 5.2641207
4.4605225 2.4438871 5.2628421
4.4684586 2.4446131 5.2675342
4.4637593 2.4463524 5.2637908
4.469394 2.4472483 5.2663824
4.4710211 2.0257567 1.3613184
4.4696356 2.0243032 1.3598941
4.4707655 2.0238224 1.3585957
4.4652724 2.0235602 1.3581315
4.4684239 2.0271101 1.3620974
4.4659303 2.0276657 1.3617686
4.4687549 2.0265517 1.3621446
4.4693955 2.0251533 1.3609384
4.4683773 2.0240449 1.3606112
4.469176 2.0245789 1.3602746
4.4698876 2.0250354 1.3599355
4.4713729 2.0272996 1.3626785
4.4699362 2.0290653 1.3635917
4.4708734 2.0271418 1.361959
4.4709059 2.0272773 1.3605051
5.71438 2.06667 3.41162
4.4658818 2.0231131 1.3613957
4.4657172 2.0238213 1.3623392
4.4656157 2.0243248 1.3623662
4.4651776 2.0250083 1.3592846
4.4637181 2.0258698 1.3575278
4.4641471 2.024661 1.3562427
5.91536 1.271 2.29133
2.1809939 1.6525204 6.090066
2.1804382 1.6514974 6.0918128
2.1791753 1.6529161 6.0939749
2.1811674 1.6526034 6.0935427
2.1792222 1.6520881 6.0946518
2.1788457 1.6548246 6.0936213
2.1790619 1.6534672 6.0901709
2.1835432 1.6544546 6.0896673
2.1840597 1.6507676 6.0898552
2.1831058 1.6517921 6.0937277
2.1796307 1.6500224 6.095053
2.1790576 1.650882 6.092854
2.1791107 1.652641 6.0941201
2.177789 1.6549929 6.0926297
2.1810804 1.6543455 6.0954508
2.1809858 1.6519022 6.0937349
2.1842808 1.6525627 6.0960551
2.1808662 1.6518034 6.0931714
2.1780615 1.6511017 6.0933393
2.1781482 1.6506659 6.0897537
2.175927 1.6509619 6.0919085
2.182471 1.6516971 6.0918521
2.1818934 1.6527126 6.0915938
2.183422 1.6512065 6.0908113
2.1796637 1.6541002 6.089016
3.8655036 1.8688175 3.0172963
3.8648629 1.8679172 3.0160587
3.8653142 1.8697412 3.0158717
3.8636098 1.8674604 3.0144435
3.8635912 1.867658 3.016052
3.8603685 1.8676206 3.0143089
3.8608576 1.8718658 3.014465
3.8597764 1.8740373 3.0123189
3.8613397 1.8737172 3.015439
3.8628042 1.8729088 3.0157513
3.8616128 1.8672118 3.0163802
3.8640293 1.865519 3.014288
3.8620048 1.8649463 3.0130821
3.8644483 1.8666568 3.0158217
1.8414378 2.6666001 3.5700397
1.8417179 2.6646358 3.5682577
1.8417546 2.6660084 3.5655813
1.8354089 2.665092 3.5599036
1.8313759 2.6643578 3.5595157
1.8285134 2.6658531 3.5549261
1.828345 2.6672348 3.557511
1.8279277 2.6695644 3.5567299
1.8316032 2.6678285 3.5643944
1.8384466 2.669675 3.5657577
1.8359914 2.6701037 3.5615771
1.8397549 2.6718849 3.5602838
1.8322739 2.6702313 3.558238
1.8349397 2.6687492 3.5598645
1.8326125 2.6666542 3.5598119
1.8398568 2.6649117 3.5657
1.8453724 2.6634176 3.5732648
1.8447818 2.6634039 3.5729025
1.8409445 2.6660169 3.5695616
1.3461347 2.0173577 6.0831057
1.3471545 2.0156675 6.0849302
1.343538 2.0187379 6.0805202
1.3433824 2.015127 6.0821579
1.3414798 2.0153951 6.0826023
1.3451694 2.0135794 6.0864048
1.345138 2.0151767 6.0875809
1.3477501 2.0172953 6.0894087
4.17913 3.02648 0.11329
1.3457467 2.0194322 6.0871332
1.3427173 2.0164875 6.0855496
0.45378 2.56125 0.9532
1.3433807 2.0128929 6.0850838
3.6484676 1.7115076 3.1332929
3.6484327 1.7136427 3.1336757
3.6477662 1.7148947 3.1331909
3.6474975 1.7157646 3.1367007
3.6455589 1.7146495 3.1365572
3.6463296 1.7146619 3.1386735
3.6469107 1.7140571 3.1373209
3.646595 1.7136367 3.1366482
3.649319 1.7123957 3.1358652
3.6470822 1.7155483 3.137349
3.6462065 1.716558 3.1356277
3.6445896 1.7173412 3.1356119
3.6467338 1.7183726 3.1343691
3.6466206 1.7165145 3.136367
3.6487296 1.7182013 3.137649
3.6466354 1.7147086 3.1379713
3.7878323 2.6280415 2.0645974
3.7893492 2.6281938 2.0663048
3.7864441 2.6279194 2.0620597
4.4678655 2.4476991 5.2623808
4.4636389 2.4458599 5.2590265
4.4607864 2.443882 5.258584
4.4577458 2.4424517 5.2540397
4.4611156 2.4457058 5.25867
4.4659184 2.4451072 5.259591
4.4710158 2.4438452 5.265223
4.4704139 2.4416159 5.2617677
4.4703152 2.4419464 5.2640031
4.4637252 2.4463127 5.2586597
4.4614533 2.4461262 5.2589799
4.4602321 2.446241 5.2589241
5.37924 1.84016 2.02741
4.4614796 2.4443887 5.2589712
4.4634035 2.4457878 5.2590004
4.4689681 2.0269319 1.3608577
4.4655579 2.0263203 1.3585983
4.4682195 2.0258407 1.3580876
4.4638421 2.0258835 1.3584614
4.4660592 2.0289468 1.3597117
4.4659293 2.0282753 1.3615651
4.4718186 2.0285288 1.3642683
4.4715654 2.0268455 1.3638896
4.469179 2.0265229 1.3633652
4.4672396 2.0264011 1.3609561
4.4673339 2.0273095 1.3606683
4.4698215 2.027479 1.3623336
1.59077 1.97999 6.15353
4.4714759 2.0280233 1.3649606
4.470612 2.0276443 1.3626332
4.4694749 2.0246194 1.3606299
4.4678161 2.022885 1.3612025
4.4655567 2.0234213 1.3611741
4.4677168 2.0244948 1.3621476
4.4674229 2.026759 1.3604364
4.4679515 2.0285854 1.3597731
4.4681563 2.0276436 1.3604773
4.37624 1.76357 4.48808
2.1840479 1.6518227 6.0928698
2.1801265 1.6517018 6.0934588
2.1779096 1.6523796 6.095586
2.1783504 1.6544892 6.0958494
2.1796653 1.6531156 6.0952988
2.1809716 1.6532654 6.0934671
2.1806219 1.6520739 6.0927457
2.1831504 1.6552848 6.0932559
2.181997 1.6524038 6.0920351
2.1819641 1.6539644 6.093148
2.1794672 1.6532819 6.0938329
2.1786065 1.6538357 6.0929234
2.1783286 1.6544425 6.0919321
2.1793029 1.6546342 6.0911544
2.1818492 1.6548948 6.092308
2.1808126 1.6526553 6.091554
2.1829161 1.6541416 6.0930402
2.1818481 1.6524372 6.0921456
2.1791795 1.6505269 6.0940535
2.1787583 1.6506292 6.0912707
3.44383 1.3252 4.48042
2.1824599 1.6542334 6.0902846
2.1815347 1.6536468 6.0900409
2.1838321 1.6521265 6.0895274
2.1832991 1.6530461 6.0897664
2.1828586 1.6513392 6.0923716
3.8637458 1.8679654 3.0158316
3.8640519 1.870875 3.0142382
3.8634039 1.8682196 3.0117476
3.8642807 1.8669223 3.0147192
3.8612202 1.8676654 3.0167371
3.8618764 1.8717034 3.0190984
3.8621386 1.8757883 3.0172102
3.8643774 1.8752867 3.0168497
3.11278 0.21756 0.30079
3.8613853 1.866079 3.0143448
3.8637853 1.8650534 3.0151946
3.863109 1.8651683 3.0138154
1.8315041 2.6651102 3.559442
1.8324153 2.6655562 3.5589493
1.8334758 2.6659885 3.5580663
1.8336155 2.6664778 3.5562177
1.83673 2.6665408 3.5584195
1.8344617 2.6650285 3.5587781
1.8403456 2.6640862 3.5653811
0.2927 1.32522 0.93696
1.8329282 2.6654804 3.5623246
1.8296305 2.6664372 3.5609264
1.8333588 2.669105 3.5587726
1.8319246 2.6703529 3.5591962
1.8351485 2.672542 3.5594087
1.8248713 2.6700887 3.5536292
1.8325791 2.6695564 3.5596058
1.8330771 2.6670377 3.560817
1.8349566 2.6647452 3.5614944
1.8419268 2.6630626 3.5689973
1.8377524 2.6622625 3.5650722
1.8430762 2.6644264 3.5701489
1.8360154 2.6650647 3.5609197
5.31069 2.15168 6.02926
1.3414686 2.0166218 6.0812818
1.3425093 2.012391 6.0839424
1.3436632 2.0123797 6.0819205
1.3455542 2.0122252 6.0867773
4.94664 0.58648 2.27217
1.3471281 2.0129403 6.0871849
1.3444307 2.0153455 6.0867455
1.3461412 2.0162326 6.0871177
1.3452778 2.0157535 6.0901022
1.3472785 2.0142553 6.0865792
2.97063 2.84948 3.22627
3.6462645 1.7090399 3.1304221
3.6474904 1.7139541 3.1331516
3.6458163 1.7164514 3.1348497
3.6463218 1.7141231 3.1391609
3.6442705 1.7121596 3.139576
3.6451411 1.7157764 3.1395577
3.6462887 1.7164288 3.1348295
3.6465835 1.7172422 3.1354159
3.649227 1.7140888 3.1330629
3.6467189 1.7155148 3.1359764
3.6464773 1.7160702 3.1336445
3.645708 1.7183935 3.1362942
3.6455716 1.7186595 3.1353708
3.6466573 1.7147844 3.1359124
3.6477283 1.7181287 3.1359446
3.6452773 1.7158808 3.1354107
3.6481627 1.7165355 3.1383898
3.6437179 1.7138434 3.1377891
3.6441405 1.7125658 3.1393699
4.4692052 2.4457548 5.2601085
4.4650781 2.445712 5.2571035
4.465377 2.4461461 5.2615847
4.4603197 2.4456157 5.2563144
4.4609391 2.4463287 5.2594632
4.4638379 2.4442681 5.2563353
4.4668212 2.4410069 5.2611981
4.467719 2.43835 5.2595482
4.4675558 2.4376323 5.2625043
4.25627 2.45955 2.72065
4.4643901 2.444855 5.2592175
4.4630031 2.4450292 5.2596229
4.4605365 2.4455219 5.2581434
4.4637899 2.4443604 5.2611583
4.4658975 2.4456909 5.2638934
4.4695716 2.0278267 1.3602446
4.4679828 2.0271146 1.3591409
4.4698563 2.0280293 1.3577262
4.4682893 2.0279619 1.3601387
5.94071 1.13131 2.6865
4.4704976 2.028198 1.3648155
4.4710042 2.0278617 1.3642013
4.4707244 2.0260685 1.3659594
4.468777 2.0230661 1.3650457
4.4661777 2.0201064 1.3638434
4.4675999 2.02264 1.3648991
4.469529 2.025038 1.3670447
4.4663808 2.0290026 1.3640337
4.4693067 2.0269401 1.36389
4.4686717 2.0265858 1.3597783
4.4690486 2.0230881 1.3599746
4.4675507 2.0234574 1.3591766
4.4678538 2.0236063 1.3605238
4.4727364 2.0264976 1.3614451
4.4676898 2.0265583 1.3590455
4.4685473 2.0290332 1.3589842
4.4658327 2.0259612 1.3616441
4.4678675 2.0270652 1.3617741
2.181563 1.6537451 6.091197
2.17727 1.6530176 6.0933955
2.179381 1.6521519 6.0950439
2.1789952 1.6549028 6.0934081
1.19218 0.29394 4.31185
2.1790954 1.6537998 6.0893538
2.1808425 1.6538176 6.0918625
2.1836642 1.6552089 6.0916415
2.1839315 1.6537409 6.0951128
2.1834569 1.6553734 6.0937065
2.1807534 1.6543364 6.0941348
2.1817327 1.6550852 6.0938657
2.180619 1.656856 6.0943627
2.1795008 1.6553614 6.09158
2.1796011 1.6557592 6.0913379
2.1804972 1.6510559 6.0912416
2.1810246 1.6542189 6.09548
2.1808781 1.6520768 6.0961766
2.1789374 1.6517077 6.096207
2.1785348 1.6493038 6.0937877
2.1762143 1.6515237 6.0920744
2.1763782 1.6546723 6.0902611
3.4953 1.36093 2.4931
2.1815775 1.6546411 6.0921741
4.0666 1.60373 3.02437
2.1835185 1.6505809 6.0945337
3.864066 1.8693545 3.0160147
3.8628642 1.8691936 3.0159081
3.8629819 1.8682273 3.0152876
3.8626707 1.8678416 3.0169297
3.8615536 1.8697368 3.0184727
3.8625146 1.8729731 3.0199975
3.8631059 1.8768208 3.0189419
3.8648592 1.8772013 3.0176431
3.866983 1.8744404 3.0170779
3.8629657 1.8686262 3.013741
3.8618089 1.8650528 3.0125169
3.8610228 1.86248 3.012658
1.32615 2.59246 5.80438
1.8313207 2.6663267 3.5590919
1.8328885 2.6669497 3.5601921
1.8337845 2.666015 3.5586245
1.8383978 2.6657972 3.56092
1.8332244 2.665644 3.5571058
1.8426594 2.6621863 3.565345
1.839723 2.6641839 3.5662322
1.8410198 2.6641781 3.5666709
1.8391702 2.6668219 3.5673611
1.8349481 2.66882 3.559621
1.8301583 2.6694266 3.5573051
1.8271282 2.6693907 3.5521877
1.8241298 2.6677838 3.5519641
1.8278083 2.6674978 3.5543152
1.8286045 2.6689688 3.5556068
1.8301611 2.6687498 3.5569477
1.8374289 2.6675449 3.565743
1.8364338 2.6658195 3.5622164
3.6539 0.8421 4.41872
1.86743 2.23545 4.81982
1.3432752 2.0168073 6.0853552
1.3401499 2.0148546 6.0817858
1.3407844 2.0150047 6.083805
1.3420257 2.0177904 6.0846486
1.3436016 2.0179105 6.0867642
1.3451264 2.018659 6.0859747
1.3446514 2.0158848 6.0850114
1.3451433 2.0189429 6.0849793
1.3466976 2.0175434 6.0857414
1.3474389 2.0155811 6.0884899
1.3474069 2.0112537 6.0869119
1.3467901 2.0115584 6.0883566
3.6433091 1.7121124 3.1330985
3.6461884 1.714243 3.1335655
3.6457276 1.7148315 3.1349637
3.6465602 1.7152355 3.1389624
3.644976 1.7128637 3.138182
3.6474366 1.7154945 3.1400623
3.6484601 1.716536 3.1345233
3.6480527 1.7160009 3.1373052
3.6495218 1.7142868 3.1329161
3.6487575 1.7157049 3.1373386
5.63245 0.22761 0.71416
3.64441 1.7182299 3.1376156
3.6433366 1.7185237 3.136653
3.6440798 1.7180601 3.1368151
3.6451167 1.7188826 3.1365288
3.6441593 1.7185899 3.1358873
3.647275 1.7178311 3.1364573
3.6429439 1.7178413 3.1372712
3.6429595 1.7153216 3.1389695
4.4738997 2.4453242 5.2649891
4.4708833 2.4434154 5.2621722
4.468528 2.4435007 5.2624172
4.4641311 2.4436711 5.2568925
4.4644376 2.4461125 5.259994
4.4655311 2.4461926 5.2585343
4.4655458 2.4431683 5.2586368
4.4659966 2.4397131 5.2588345
4.4670011 2.4400308 5.2609861
4.4635195 2.4434092 5.2615773
4.4642511 2.4436635 5.2579855
4.4620379 2.4442316 5.2590482
4.4613614 2.4441253 5.2581732
4.4619788 2.4429187 5.2594267
4.466089 2.4430661 5.2616363
4.4708606 2.4418244 5.2641616
4.4661937 2.0276983 1.3595154
4.4665149 2.0291295 1.3590573
4.4675223 2.0276057 1.3637737
4.4675876 2.0263655 1.3616696
4.4689672 2.0271932 1.3647445
4.470019 2.0241248 1.3626084
4.470589 2.024174 1.3656622
4.4698489 2.0227006 1.364632
4.4654674 2.0236194 1.3634554
4.4651764 2.0250885 1.3624163
4.4649637 2.0248694 1.364458
4.4671475 2.0261811 1.3629796
4.4703263 2.0260197 1.3656707
4.468252 2.0266707 1.360426
4.4688892 2.0249506 1.3620893
4.467272 2.0263148 1.3608999
4.4673033 2.0264899 1.3612905
4.4712724 2.0286739 1.3618026
4.4676948 2.0275124 1.3592799
4.4682989 2.0280545 1.3562904
4.4642424 2.0262575 1.3577758
4.4657458 2.0272581 1.3582846
2.1799097 1.6579 6.0978951
2.1774469 1.6562007 6.0956483
2.1793335 1.6553726 6.0929786
2.1776518 1.6572609 6.09211
2.1834577 1.6554303 6.090559
2.182149 1.652118 6.089792
2.1836806 1.6534247 6.0947748
2.1830791 1.6538285 6.0926825
2.1820568 1.6539521 6.0959938
2.1823977 1.6532648 6.0925949
5.05633 2.02799 2.44958
5.37731 1.04399 3.52749
1.8172 1.73518 2.68092
2.1790639 1.6521196 6.0889693
2.1786612 1.6545414 6.090311
2.179782 1.6517501 6.0907497
2.1805376 1.6557334 6.0931096
2.1824043 1.6528309 6.0949498
2.1823872 1.652894 6.0943522
2.1820373 1.6501414 6.0928399
4.19773 1.40145 3.28452
2.1778661 1.6555679 6.0930756
2.1793639 1.65502 6.0910802
2.1804334 1.6539676 6.0905194
2.1834264 1.6511551 6.0913832
2.1841592 1.6513667 6.0943271
4.37966 0.66484 1.85061
3.8621033 1.8710368 3.0139591
3.8623495 1.8712926 3.0135319
3.8638122 1.8718171 3.0163418
3.8640267 1.8715213 3.0191908
3.8630847 1.8728747 3.0199933
3.864043 1.8722933 3.0187234
3.8660151 1.8751098 3.0182356
3.8675913 1.8720967 3.0163163
3.8645739 1.8684326 3.0146207
3.8643288 1.8657829 3.0139375
3.15945 1.04661 4.0796
1.8330073 2.6662213 3.559128
1.8324107 2.6656859 3.5595153
1.83226 2.6681223 3.559383
1.8340114 2.6669452 3.5603262
1.8363819 2.6653877 3.5618832
1.8309407 2.6642444 3.5574271
1.837214 2.6627044 3.5623318
1.8385659 2.6627498 3.5662364
1.8405011 2.6632083 3.5638462
1.838752 2.6653686 3.564076
1.8353637 2.6675694 3.5600938
1.8334788 2.6684547 3.5612878
1.8267621 2.6680939 3.5542232
1.8250146 2.6663361 3.5531037
1.8289905 2.665099 3.5541471
1.8307092 2.6682503 3.5568362
1.8331155 2.6685298 3.5596153
1.8294976 2.6684409 3.5584746
1.8347381 2.667483 3.5603181
1.8328886 2.6650774 3.5589666
1.8312217 2.6673524 3.553273
1.8309867 2.6648364 3.5550031
0.56841 1.28462 3.63231
1.3430432 2.0160022 6.0841951
1.3406344 2.017086 6.0857558
1.3413855 2.0172362 6.0862565
1.3433625 2.0179019 6.0899184
1.3438089 2.0161815 6.08744
1.3441147 2.0186782 6.0848273
1.3419204 2.0192495 6.0839716
1.3475403 2.0176047 6.086455
1.3465044 2.015 6.0850605
1.3484981 2.0136095 6.0848214
3.6457826 1.7132498 3.1365421
3.6464647 1.715386 3.1373185
3.6471277 1.7163235 3.1387952
3.6465837 1.7165498 3.1401694
3.6481462 1.7147802 3.1388244
3.647213 1.7160423 3.1402536
3.6491401 1.715882 3.1362211
0.20403 1.39258 3.05362
3.6474525 1.715702 3.1343708
3.6470542 1.7129024 3.135148
3.646171 1.7153968 3.1329468
3.6450784 1.7136173 3.1342535
3.6443649 1.7139603 3.1353639
3.6454664 1.7159828 3.1353742
3.645513 1.7157652 3.1348553
3.643969 1.7192198 3.1359475
3.646071 1.7182254 3.136506
3.6444977 1.7190121 3.1414049
3.6463578 1.7187265 3.1423884
4.4742813 2.4429737 5.2682176
4.4723223 2.4434497 5.2653834
4.4710663 2.4443282 5.2651841
4.4697018 2.443333 5.2622095
4.4687264 2.4444851 5.2619261
4.467909 2.4448356 5.2606938
4.4687257 2.4448499 5.2593498
4.4677275 2.4433408 5.2629535
4.4701819 2.4433043 5.2621898
4.4662896 2.4433536 5.2621635
4.4665234 2.4431019 5.2596551
4.4613054 2.4446807 5.2588613
4.4649755 2.4425638 5.2602699
3.60931 2.5908 4.58482
4.4727014 2.4404974 5.2671243
4.4764515 2.4397481 5.2707505
4.4672195 2.0269574 1.3601035
4.4679568 2.0274084 1.3609391
4.4680589 2.0275422 1.3642609
4.4692572 2.0263928 1.3640733
4.4671822 2.0272936 1.3648666
4.4666694 2.024333 1.3626188
4.4666042 2.0266904 1.3633372
4.4678944 2.0240901 1.3629214
4.4659106 2.024789 1.3614026
4.4667951 2.0263036 1.360957
4.4660137 2.0275358 1.3637051
4.4674553 2.0276222 1.3623351
4.4661248 2.0269685 1.3627993
4.4650844 2.0275415 1.3592367
4.4650772 2.026769 1.3585219
4.466429 2.0272411 1.3596502
4.4680285 2.0250888 1.3611025
4.4696769 2.026653 1.3628482
4.4659899 2.0245707 1.3602116
4.4650993 2.025395 1.3579274
4.4627811 2.0247219 1.3588918
4.4636245 2.0245094 1.3595241
2.1791005 1.653729 6.0954579
2.180257 1.6529353 6.0944088
2.182762 1.6533338 6.0918664
2.1844026 1.6555762 6.092896
2.1832975 1.6560564 6.0900753
2.1808295 1.6533071 6.0898764
2.1817083 1.6532216 6.0917075
2.1832034 1.6528992 6.0925133
2.1813515 1.6550922 6.0952311
2.1800002 1.6536926 6.0927562
2.1780684 1.6542577 6.0935513
2.1791355 1.6524365 6.0948645
2.1799182 1.6546772 6.0925167
2.1812269 1.6524093 6.0932417
2.1820522 1.6531476 6.090693
2.183713 1.6514849 6.0941485
2.1818294 1.6556953 6.0928275
2.51565 1.94354 3.96515
4.75299 1.70894 6.17032
2.1804906 1.6522726 6.0927183
6.13392 2.17067 6.11694
2.1779747 1.6529804 6.0916652
2.1780755 1.6524055 6.0925625
2.1790439 1.6534332 6.0920255
2.1823688 1.6510886 6.0951105
2.1828836 1.6514648 6.0945375
2.07926 2.10739 2.63346
3.8632011 1.8727391 3.0143513
3.864865 1.8716875 3.0148275
3.8643807 1.8742737 3.0142572
3.8665217 1.8730386 3.0150018
3.8633614 1.8750172 3.0164284
6.00141 1.24225 0.65794
1.50796 2.02735 3.9376
3.8677326 1.8727816 3.0182671
3.8644002 1.8705746 3.0160076
3.8635124 1.868888 3.0150444
1.8345728 2.6652263 3.5607622
1.8277196 2.6669476 3.5545611
1.8255627 2.6669126 3.5535544
3.85961 1.17016 4.35551
1.8348932 2.664881 3.5633422
1.8360621 2.6666501 3.5631398
1.8309782 2.6654989 3.5587143
1.8299552 2.6661184 3.5548009
1.8376462 2.6637097 3.5617822
1.842208 2.6655597 3.564798
1.8458174 2.6652832 3.5698276
1.8402363 2.6687136 3.5655575
1.8352278 2.6681816 3.5628447
1.8315346 2.6676213 3.5587533
1.8257983 2.6649181 3.5539526
1.8295892 2.6647319 3.5574162
5.85744 1.94371 0.31919
1.8370981 2.6699636 3.5668123
1.8305525 2.6690848 3.5605452
1.8372468 2.6675013 3.5637178
1.8351813 2.6640326 3.5604647
1.8365399 2.6676752 3.5596586
1.8333766 2.66577 3.5564787
0.38256 1.13703 1.96761
1.3476817 2.0193761 6.0887768
1.3439306 2.0198736 6.0874881
1.3462458 2.0185637 6.0890618
1.3449428 2.0181046 6.0897213
1.3442021 2.015714 6.0884791
1.3449916 2.0191994 6.0864997
1.3414007 2.0200627 6.0837166
1.346777 2.019258 6.0842435
1.3441378 2.018586 6.083441
1.3461485 2.015857 6.0837524
3.6470069 1.7131675 3.137617
3.6455842 1.714243 3.1373923
3.6446933 1.7151667 3.1378552
3.6423591 1.7141946 3.1376256
3.648078 1.7127666 3.1383096
3.6488406 1.7134223 3.1396401
3.6516643 1.7134653 3.1401892
3.6470661 1.7147108 3.1415918
3.6486431 1.7165818 3.1381021
3.6477227 1.7143434 3.1367249
3.6473686 1.7132712 3.135037
3.6448671 1.711203 3.1343661
3.6448575 1.7128823 3.1358521
3.6444935 1.7160173 3.1364434
3.6449244 1.7156384 3.1366971
3.644891 1.7174646 3.1372348
3.646408 1.7178743 3.1342282
3.6460947 1.7190332 3.1382792
3.6469187 1.7193303 3.1404815
4.4719746 2.4438962 5.2702966
4.4731454 2.4419498 5.2699404
4.4743076 2.4399442 5.271509
4.476025 2.4410501 5.2693765
4.477072 2.4410006 5.2689776
4.4697978 2.4436302 5.2638229
4.4657276 2.4440127 5.2576753
4.4662967 2.4458026 5.2606338
4.468328 2.4446527 5.2592587
4.4672072 2.4449805 5.2619121
4.4645851 2.4435362 5.258752
4.4633956 2.4431719 5.2611875
4.4671493 2.4410281 5.260497
4.4664003 2.4407669 5.2626413
4.4663478 2.4411421 5.2576
4.4674491 2.4433279 5.2609674
4.4655061 2.0262724 1.3607926
4.4667242 2.0260155 1.3622871
4.4659867 2.0265906 1.3617365
4.4678238 2.0258192 1.3626373
0.3975 2.07022 4.94875
4.466682 2.024217 1.3614907
4.4676644 2.0265056 1.3616588
4.4691178 2.0273612 1.3636575
4.4674895 2.0299542 1.3617715
4.4684278 2.0320422 1.3622411
4.4670752 2.0297729 1.3629816
4.4702864 2.028065 1.365504
4.4678619 2.027715 1.3645458
4.468256 2.025894 1.3633839
4.4646899 2.0255702 1.358553
4.4669882 2.027742 1.3601184
4.4669773 2.0245146 1.3615424
4.4691836 2.0260043 1.363979
4.4668931 2.0236727 1.3619829
4.4660546 2.0243222 1.3592034
4.4635715 2.0240066 1.3571033
4.4636235 2.0249435 1.3581505
2.1786926 1.6545496 6.0963358
2.181465 1.6538432 6.0944766
2.1806055 1.6538128 6.0923601
2.1819397 1.6543606 6.09256
2.1802559 1.6560595 6.0903956
2.1826824 1.6536081 6.0927911
2.1816578 1.6546562 6.0932671
2.1799398 1.6503387 6.0942768
2.1770776 1.6511049 6.0935429
2.1763013 1.6472369 6.0922331
2.1769802 1.6502104 6.0930746
2.1781623 1.651088 6.0948291
2.1815915 1.6498186 6.0899458
2.1835858 1.6501618 6.093591
2.1835379 1.6503709 6.090677
2.1816673 1.6529141 6.0947405
2.1789204 1.6538798 6.0918499
2.1809813 1.6534967 6.0924883
2.1826719 1.6554514 6.0907677
2.182497 1.6541776 6.0923459
2.1814792 1.6552609 6.0937675
2.1787774 1.6532582 6.094824
2.1819436 1.6515 6.0947998
2.1798005 1.6539681 6.0922531
2.1805601 1.6536124 6.0931677
2.1803978 1.6543527 6.0940233
2.1818346 1.6519127 6.0964396
3.8622459 1.8714164 3.013276
5.82556 1.41304 2.40664
3.8643019 1.8749706 3.0153825
3.8666768 1.8738643 3.0168107
3.8612581 1.8736181 3.0126973
3.8643585 1.8719681 3.0148196
3.8626376 1.871626 3.0140397
3.8667404 1.8729359 3.0175143
3.8650894 1.8705536 3.0156009
3.8655153 1.8689816 3.016314
4.07341 1.96174 0.6711
1.8292246 2.664712 3.556873
1.8299748 2.6650274 3.5586431
1.8311638 2.6658559 3.559207
1.834983 2.6633617 3.5622963
2.5026 1.11154 4.1342
1.8306329 2.6627878 3.5580147
1.09888 1.44986 2.69894
1.8335633 2.6653639 3.5590639
1.8323577 2.6673427 3.5584575
1.8387419 2.6673151 3.5625208
1.8403623 2.6699766 3.567251
2.59586 2.80191 2.52416
1.8341454 2.666249 3.5615112
1.154 2.12726 2.432
1.8315116 2.6645988 3.558722
1.8299111 2.6660198 3.5622065
1.835254 2.6657669 3.567455
1.831908 2.6664783 3.5634417
1.8346476 2.6653234 3.5637315
1.8330635 2.6632346 3.5567106
1.8340722 2.6632147 3.557979
1.8334201 2.6630646 3.5568578
1.343529 2.0187917 6.0860397
1.3466804 2.0187149 6.0885775
1.342932 2.0179427 6.0859662
1.3470907 2.0156579 6.0893342
1.3453876 2.0175094 6.0897212
1.343992 2.0149089 6.0887883
1.3434056 2.0178986 6.0854617
1.3406133 2.0189843 6.0835126
1.3449418 2.0194274 6.083962
1.3430106 2.0197201 6.0835464
1.3451607 2.0163295 6.0847092
3.6485856 1.7154896 3.1382768
3.6462204 1.7147002 3.1391104
1.56564 1.83631 1.08813
3.646766 1.7158766 3.1393835
3.6494256 1.7171161 3.1399098
3.6480715 1.7191311 3.139195
3.6472906 1.7168082 3.1387319
3.6440895 1.7152183 3.1388819
3.6450959 1.7126153 3.1366385
3.6436759 1.7128661 3.1351061
3.6445804 1.7110901 3.1342999
3.6432944 1.7093268 3.1337178
3.6445301 1.7106051 3.1352251
3.6425975 1.7134335 3.1348059
3.6427195 1.7153215 3.1341473
3.6421748 1.7162141 3.1349085
3.6434971 1.7165235 3.1360378
3.647162 1.7185206 3.1379736
3.6478863 1.7178226 3.1376774
4.471599 2.4431131 5.2694731
4.4717033 2.4449326 5.2675606
4.4745337 2.4430765 5.2704544
4.4734232 2.4417614 5.2672169
4.4745654 2.4413656 5.2670215
4.4683932 2.444688 5.2616695
4.4675415 2.4454005 5.2616134
4.4674011 2.4465333 5.2625597
4.470155 2.4441443 5.2625969
4.4695295 2.4440044 5.2623341
4.4647742 2.4444543 5.2574917
4.4666886 2.4421959 5.2624271
4.4646478 2.4418458 5.2577938
4.4692955 2.440405 5.2651791
4.4669098 2.4418748 5.2606835
4.469144 2.4427063 5.2646037
4.4657447 2.025955 1.3600124
4.4683982 2.0272092 1.3634252
4.4672681 2.0277817 1.3626015
4.4686591 2.0281622 1.3628783
4.4638672 2.0291112 1.3590308
4.4636436 2.0278654 1.3595793
4.4639696 2.0300718 1.3594987
4.4655372 2.0309638 1.3600045
4.4663841 2.0311894 1.3585299
4.4679644 2.0337586 1.3587187
4.4688662 2.033005 1.3599916
4.4674588 2.0294886 1.3618562
4.4640329 2.0267229 1.362191
4.4618697 2.0271453 1.3601217
4.4617775 2.0277321 1.3580268
4.4655487 2.0298321 1.3582972
4.4656507 2.0262608 1.3602357
4.4694922 2.0255155 1.3645066
4.4684897 2.0220349 1.364538
4.4666853 2.0229952 1.3624636
4.4637936 2.0236335 1.3598596
4.4632423 2.0244806 1.359856
2.1789342 1.6515289 6.0939764
2.1800065 1.6513784 6.0941818
2.1798585 1.6519145 6.0950483
2.1814342 1.6535623 6.0953384
2.1784744 1.6562544 6.0926356
2.1783546 1.6542739 6.0920142
2.1780017 1.65578 6.0920166
2.1792156 1.6521916 6.0942756
2.1779042 1.6534597 6.0943782
2.1766912 1.652618 6.0926119
2.1787721 1.6531359 6.0926722
2.1811318 1.6530405 6.0926357
2.1831116 1.6532294 6.0895063
2.1839905 1.6540545 6.0925083
2.1834751 1.6526137 6.0926774
2.1799536 1.6554719 6.0954463
2.1783056 1.6543677 6.0912946
2.1801958 1.6544949 6.0896121
2.1811472 1.6575624 6.0890198
2.183425 1.6570264 6.0925095
2.1826272 1.6585779 6.0929805
2.1801504 1.6549952 6.0961712
2.1795105 1.6529502 6.0940027
2.1777738 1.6529094 6.09358
2.1780202 1.6528094 6.0914832
2.1765065 1.6543903 6.0935904
3.97731 1.7184 0.90034
3.8624196 1.8700516 3.0146354
3.8653657 1.8704014 3.01507
3.8647798 1.8730738 3.0142153
3.8659574 1.8737888 3.015724
3.8634447 1.8721534 3.0126414
3.8647328 1.8715062 3.0163748
3.863984 1.8718818 3.014448
3.8646977 1.8719485 3.0173931
0.59003 1.29718 5.51064
1.8431651 2.6718916 3.5679201
1.8398517 2.6708083 3.5653221
1.8284162 2.6665626 3.5549762
1.8321588 2.6652581 3.5594826
1.8310532 2.6644075 3.5584835
1.8356285 2.6641686 3.5623883
1.8396667 2.666542 3.5646141
1.8368736 2.664756 3.5623512
1.8304736 2.6683171 3.5561381
1.8299708 2.6665256 3.5550704
1.8340394 2.667684 3.560267
1.8451222 2.6689109 3.5676447
1.8421701 2.6696125 3.5670968
1.838728 2.6681599 3.5648114
1.8386408 2.6652045 3.5660911
1.8334239 2.663684 3.5652227
1.8344565 2.6665545 3.5658481
1.8383273 2.6684056 3.5725335
1.8370985 2.6682329 3.5678256
1.8364858 2.6686619 3.56483
1.8343195 2.6656782 3.561776
1.8356749 2.6664093 3.5595154
1.834687 2.6656632 3.5609668
1.8331639 2.6661479 3.5575968
1.8330018 2.6675646 3.5609139
1.3483015 2.0177497 6.0886056
1.3463425 2.0186741 6.0864173
1.3506362 2.0173956 6.0883508
1.3473351 2.0190732 6.0860863
1.3463965 2.0162312 6.0841176
1.3450494 2.0163384 6.0846414
1.3439326 2.016234 6.0834435
1.3462379 2.0180873 6.0849951
1.3446611 2.0186207 6.0837637
1.3443702 2.017955 6.0841874
3.6471557 1.7129257 3.1374799
3.6484555 1.7130527 3.1398251
3.6441363 1.711356 3.1401136
3.6455113 1.711647 3.13913
3.6444863 1.7132481 3.137895
3.6489778 1.7183487 3.1392142
3.6475056 1.7172323 3.1395988
3.64441 1.7180919 3.1369099
3.6439068 1.7149084 3.132873
3.6457301 1.7147763 3.1343207
3.6458652 1.7132866 3.1359159
3.6467982 1.7131787 3.1378222
3.6453576 1.7134054 3.1378973
3.6445551 1.7157024 3.1379228
3.64389 1.7142186 3.1372007
3.6438745 1.7165212 3.1364775
3.6430076 1.7156651 3.1347294
3.6452673 1.7175644 3.1334568
3.6459199 1.7171406 3.1327306
4.468795 2.4416037 5.2654325
4.469046 2.4410447 5.2648138
4.4711716 2.4403812 5.2664497
4.4713027 2.4425859 5.2660514
4.4701432 2.4431421 5.2635691
4.4678673 2.4449444 5.2600481
4.4678576 2.4459653 5.2604137
4.4683113 2.4464114 5.2619723
4.4698369 2.4439696 5.2645351
4.4714042 2.445175 5.2662345
4.468138 2.4451327 5.2621424
4.4740504 2.4432238 5.2683569
4.4669681 2.4434454 5.259012
4.4690018 2.4429537 5.2630865
4.4626851 2.4457887 5.2572128
0.61549 0.96051 4.0555
4.4655548 2.0260331 1.3612702
5.63071 1.15261 1.00824
4.4666752 2.0274875 1.3614899
3.20152 2.5457 3.8072
4.4641882 2.0272293 1.3585261
4.4636054 2.0278608 1.358189
4.462312 2.028016 1.3588606
4.4652613 2.0268696 1.3599166
4.4676877 2.0274516 1.3610606
4.4678126 2.0295341 1.3595541
4.468681 2.0306958 1.3617372
4.4680455 2.0304058 1.361705
4.4667919 2.0281774 1.3647979
4.4634483 2.0268374 1.3597097
4.4622749 2.0267234 1.3589422
4.4650973 2.030045 1.3580943
4.4677861 2.0295914 1.3614442
4.4699061 2.0290078 1.3631019
4.4692274 2.0267522 1.362175
0.53492 0.36593 0.40548
4.4673129 2.0248242 1.3607025
4.4648984 2.0238605 1.3597221
3.73156 1.81929 2.4677
3.03826 1.58391 1.01651
2.1783547 1.6514021 6.0937216
2.1775923 1.6516277 6.0932765
0.67781 1.9495 6.2479
2.1781246 1.6545252 6.0915225
2.1786324 1.6565815 6.092579
2.1779375 1.6542999 6.0935766
2.1781762 1.652227 6.0923889
2.1786199 1.6503282 6.0914038
2.1779969 1.6498537 6.0918196
2.1808003 1.6519662 6.0905149
2.1818106 1.6524439 6.0907328
2.1833653 1.6536883 6.0921208
2.1803254 1.6535408 6.0946261
2.1778395 1.6560627 6.0968171
2.1775354 1.6553975 6.0936228
2.1798815 1.6558458 6.0931763
2.1821777 1.6560925 6.090804
2.1824253 1.6547002 6.0933122
2.1799216 1.6572048 6.0936091
2.1791607 1.6548176 6.0944155
2.1811175 1.6558945 6.0914984
2.1817879 1.654592 6.0915765
2.1796316 1.6547125 6.0900924
2.1780423 1.6555519 6.0915592
2.1767036 1.6574468 6.0907917
3.8625074 1.8692055 3.015201
3.41096 2.48241 0.36224
3.8642005 1.8718394 3.0162398
3.8625441 1.8725688 3.016802
3.8618503 1.871321 3.01104
3.8615898 1.8691913 3.0143704
3.8660506 1.8705277 3.0156302
3.8663098 1.8695095 3.0188307
3.8664125 1.8725869 3.0180685
1.8380961 2.6706385 3.5631953
1.8375449 2.6680099 3.5627044
1.8323326 2.6640737 3.5580528
1.8360741 2.6642364 3.5644124
1.8314439 2.6659377 3.5606874
1.8327722 2.6661152 3.5615703
1.8353274 2.6688996 3.5604984
1.8349899 2.666817 3.5593406
1.8348707 2.6714407 3.5597384
1.8305254 2.6691783 3.5573629
1.8269744 2.6692606 3.5540354
1.8334303 2.6687884 3.5601966
1.8350692 2.6683719 3.5608051
1.8385253 2.6673238 3.5654362
1.8354362 2.6673215 3.5615518
1.8346972 2.667813 3.5630773
1.8367781 2.6715769 3.5632385
1.8399787 2.670485 3.5677817
1.8342502 2.6684619 3.5621999
1.8374292 2.667211 3.5644899
1.828524 2.666255 3.5566993
1.8310326 2.6668189 3.5553194
1.8309425 2.6641638 3.5584333
1.8319871 2.6678282 3.5571271
1.8335477 2.6695288 3.5618905
1.3450197 2.0167802 6.0840275
1.3439581 2.0169059 6.0833992
2.68944 1.13343 5.22347
1.3447289 2.0170693 6.0822294
1.3452249 2.0163473 6.0822828
1.3442765 2.0156973 6.0850091
1.3447498 2.015129 6.0839888
1.3460177 2.0161451 6.0868358
1.3448286 2.0175108 6.0852196
1.3450013 2.0167319 6.0867835
0.69994 1.92269 2.5852
3.6490225 1.7136511 3.1372663
3.6462385 1.7119121 3.1389457
3.6487809 1.7134629 3.1391619
3.6464991 1.7154139 3.1394432
3.6470236 1.7205438 3.1400054
3.643512 1.7185797 3.1388559
0.65282 0.79328 2.30305
3.6414247 1.7133281 3.1355207
3.6421687 1.7112764 3.1343908
3.641318 1.7130636 3.1360275
3.6462946 1.7134558 3.1379484
3.6443127 1.7143262 3.1386724
3.6469633 1.7170381 3.1387397
3.6430476 1.7163769 3.1354345
3.6433836 1.7192303 3.1359195
3.643599 1.7186783 3.1366166
3.6435126 1.7177569 3.1370837
3.6459061 1.7162507 3.1356765
4.4686193 2.443355 5.2619587
4.4703273 2.4456143 5.2628528
4.4697069 2.4447882 5.2620276
4.4688644 2.4456941 5.2623436
4.4678959 2.4455094 5.2609276
4.4691269 2.4478732 5.2625292
4.4708582 2.4476442 5.2650341
4.4696047 2.4470261 5.2651899
4.4679747 2.4430853 5.2650033
4.468692 2.4438533 5.2641433
4.4666795 2.4435794 5.2588226
4.4718694 2.4440846 5.2642974
4.4664166 2.4433095 5.2589979
4.4660442 2.4433547 5.2629828
4.4661009 2.4445925 5.2628094
4.4678874 2.4443295 5.2645516
0.41220144 2.0371508 0.96276693
0.40970608 2.0367742 0.96043351
0.40744175 2.0325751 0.95784632
0.09683 2.84524 2.31983
4.4643949 2.0283098 1.3589742
4.4635874 2.0291692 1.3575648
4.4620653 2.027976 1.359005
4.4649516 2.0254619 1.3577747
4.4655431 2.0261974 1.3563571
4.463434 2.0276268 1.3529399
4.4646014 2.0303762 1.3569533
4.4661618 2.0294487 1.3597537
4.4656867 2.0288612 1.3631337
4.4650418 2.0289093 1.3605454
4.4636805 2.0287902 1.3611745
4.4655029 2.0301261 1.3591055
4.4667905 2.0298112 1.359097
4.467656 2.029001 1.3602548
4.4713355 2.026767 1.3619349
4.4679138 2.0240609 1.3605006
4.4682104 2.0258159 1.3601879
4.9637472 1.6236477 1.65275
2.18062 1.65678 6.09173
2.85922 0.8629 0.48562
2.1806352 1.6514891 6.09454
2.1812094 1.6506892 6.0921098
2.1820833 1.6521499 6.0920345
2.1799616 1.6536596 6.0910855
2.1790977 1.6554777 6.0912046
2.1796648 1.6566575 6.0930437
2.1819026 1.6561126 6.0935328
2.1814392 1.6566648 6.093279
2.1809547 1.6532957 6.0944555
2.1816301 1.6553767 6.0920771
2.1792347 1.6543029 6.0924347
2.1813779 1.6546427 6.0927298
2.1780989 1.6533223 6.0941446
2.1768075 1.6530639 6.0955917
2.1768208 1.6522529 6.091395
2.1780654 1.6531055 6.0920304
2.1822038 1.6531035 6.0911567
2.1834681 1.6553353 6.0909213
2.184098 1.6547013 6.0913977
2.1800283 1.6541449 6.0923732
2.179827 1.6534415 6.0927024
2.1792392 1.6526574 6.0920155
2.1779787 1.6532741 6.0890968
2.1772111 1.6541959 6.0900979
2.1744388 1.6569656 6.0898081
4.4302208 1.5647376 2.350041
1.02053 0.90738 4.63445
4.4280185 1.565659 2.3480398
4.429424 1.5614285 2.3475687
4.4321136 1.5616883 2.3500101
3.8640021 1.8669129 3.0169528
3.8687683 1.8695565 3.0180794
3.8680218 1.866953 3.0205652
4.4325507 1.5669609 2.3502281
1.8419157 2.6674061 3.5650189
1.8379028 2.6667254 3.5621271
1.8354548 2.6641477 3.5600979
1.8370373 2.6646556 3.5644958
1.8320318 2.6662643 3.5604975
1.827141 2.6668888 3.5565926
1.8270504 2.6681743 3.5546376
1.8294982 2.6663008 3.5557565
1.8331391 2.6675663 3.5602677
1.8353019 2.6658958 3.5628334
1.8351025 2.6657441 3.5605629
1.8389832 2.6658872 3.5635665
1.8363485 2.6664833 3.5592474
1.8376526 2.6665087 3.5630378
1.8380702 2.6664783 3.5623866
1.8368349 2.6666128 3.5630954
1.8379979 2.6686156 3.5633725
1.8429177 2.6686107 3.5678862
1.8409447 2.6672537 3.5652502
1.8400033 2.665706 3.5640144
1.8330008 2.6649124 3.5600469
1.8339038 2.6678885 3.5588546
1.8311034 2.6675176 3.558924
1.833884 2.6694019 3.5593262
1.836228 2.6686498 3.5631639
1.3451498 2.0169767 6.0834321
1.3446162 2.0159567 6.0805663
1.3452284 2.0134139 6.0838425
1.3430894 2.0158687 6.0815642
1.3445265 2.0136904 6.0840755
1.3455861 2.0145274 6.0865266
1.3466793 2.0147399 6.0883609
1.3480208 2.0170913 6.0905683
1.3454568 2.0180672 6.0872256
1.3466874 2.0174576 6.0875508
3.6457992 1.7163137 3.1363975
3.6482343 1.7144212 3.1368075
3.647711 1.715147 3.1384946
3.6463584 1.7140534 3.1373392
3.6432242 1.7150827 3.1380472
3.6441317 1.7167589 3.1405732
3.6451003 1.7164971 3.1396023
3.6447593 1.7150469 3.1381453
3.642907 1.7141041 3.1352071
3.643607 1.712202 3.1331156
3.6428186 1.7141231 3.1350715
3.6478446 1.7148286 3.137445
3.6462303 1.7159916 3.1392699
3.6477475 1.7175523 3.1396054
3.6459753 1.7169226 3.1370807
3.6461609 1.7163634 3.139544
3.6476282 1.7161456 3.1384864
3.6484212 1.7158179 3.1397175
3.6505839 1.715911 3.1380678
4.4665401 2.4449849 5.2613704
4.4678151 2.4472261 5.2628551
4.4673267 2.4460092 5.260677
4.4660607 2.4478734 5.2616493
4.4660797 2.4429899 5.2596427
4.4648275 2.4450461 5.2600265
4.4697394 2.4442117 5.2653168
4.4699216 2.446423 5.2667384
4.4701361 2.4429541 5.2664198
4.4690614 2.4446361 5.2648034
4.4680979 2.4423695 5.2596558
4.4690291 2.4437709 5.2600696
4.4666286 2.4420252 5.2569592
4.4634517 2.4425199 5.2572857
4.4635894 2.443281 5.2584856
0.41203174 2.0381385 0.96351116
0.41134014 2.0381897 0.96024387
0.41089831 2.0366639 0.95902504
0.40928425 2.0337045 0.95649013
0.41005814 2.033565 0.95808534
0.41142301 2.0365525 0.95922163
0.41262417 2.0388156 0.96282447
0.41419895 2.0389248 0.96236874
4.4688948 2.0237317 1.360672
4.4670304 2.0247005 1.357229
4.4622734 2.0253368 1.3538624
4.463763 2.0299448 1.3571158
4.4684165 2.0303784 1.363708
4.4690873 2.0319417 1.3653244
4.4695779 2.0303674 1.3653417
4.4644437 2.0280577 1.3610431
4.4674545 2.0273494 1.3595278
4.467415 2.028778 1.358517
4.4672831 2.0286009 1.3570787
3.26144 1.5841 4.51602
4.4706814 2.0263506 1.35957
4.9617893 1.6229812 1.6523639
4.9624088 1.6216455 1.6520489
4.9635775 1.6214361 1.6499981
4.9622261 1.6221879 1.6511175
4.9620457 1.6249624 1.6500474
2.183483 1.6508563 6.092815
2.1826883 1.6534452 6.0941609
2.1813955 1.6547237 6.0929125
2.1802466 1.6573141 6.0920149
2.1805223 1.656897 6.0927684
2.1838646 1.6530879 6.0942215
2.182562 1.6525613 6.0934056
2.1816529 1.6506532 6.0961355
2.1810084 1.6529444 6.0941598
2.1792949 1.6543023 6.0956964
2.1806193 1.6546905 6.0961213
2.178379 1.6540279 6.0965299
2.178482 1.6534441 6.0972519
2.1797236 1.6531615 6.0966522
2.180132 1.6541916 6.0956455
2.1807156 1.6499355 6.0950764
2.1783453 1.6521083 6.0923434
2.1791196 1.6488542 6.0922115
2.1761874 1.6529943 6.0906523
2.1791631 1.6525468 6.0921211
3.35432 1.08765 1.18106
2.1796302 1.6532312 6.0916609
2.1796503 1.6535229 6.090946
4.4306417 1.5666443 2.3514938
4.4332147 1.5662908 2.3514444
4.4282627 1.5628198 2.3478822
4.428733 1.5614503 2.3482691
4.4271315 1.5600259 2.3485881
4.4298083 1.5635958 2.3493648
2.00725 2.33186 6.00283
4.74184 1.04747 1.11359
4.4287493 1.5666457 2.3499718
4.4320071 1.5663033 2.3524187
4.429841 1.5680685 2.3505829
4.4307258 1.5645744 2.3517962
1.8320267 2.6623231 3.5577834
0.49 2.89983 0.72203
1.830915 2.6657016 3.5598012
1.8269327 2.6658707 3.5553613
1.825387 2.6676158 3.552266
1.8287073 2.6694756 3.5546439
1.8314877 2.67027 3.5584794
1.8355222 2.6688156 3.561178
1.8297354 2.6659666 3.5564502
1.8302445 2.6648082 3.5564734
1.8288284 2.6641002 3.5550887
1.8313429 2.6655901 3.556123
1.839415 2.6666122 3.5615002
1.8428262 2.66848 3.5640597
1.84185 2.6679097 3.5628957
1.8360549 2.6691905 3.5581627
0.0923 2.50514 6.20485
1.8338918 2.6659162 3.557019
1.8366014 2.6641079 3.5621849
1.8342643 2.6663003 3.5591201
1.8350381 2.666876 3.56134
1.8358968 2.6686196 3.5600412
1.8362518 2.6684227 3.5589711
1.3466215 2.0161691 6.0808136
1.3449095 2.0166152 6.0786054
1.3476573 2.012933 6.0828784
1.3460654 2.0132613 6.0814426
1.3468089 2.012405 6.0856576
1.3452298 2.0126503 6.0867422
1.3428224 2.0115687 6.0886232
1.3462705 2.0141021 6.0889344
1.3443251 2.0182029 6.0870508
1.3454585 2.0197498 6.0865733
3.6476838 1.7158603 3.1337288
3.6475326 1.714226 3.1337246
3.6472207 1.7173762 3.1339465
3.646227 1.7177456 3.1358775
3.6440086 1.7203617 3.1383382
3.6439047 1.7178679 3.140872
0.47995 1.031 4.17533
3.6442141 1.7156909 3.1400822
3.6440409 1.7143027 3.138093
3.6412783 1.7113125 3.137795
3.641631 1.7119075 3.1362446
3.6451665 1.7123133 3.1368062
3.6463281 1.7153584 3.1368427
3.6470567 1.7181951 3.1391206
3.6466168 1.7186964 3.1362502
3.6479757 1.719136 3.1386377
3.6491937 1.7173215 3.1373043
3.649482 1.7164773 3.1418991
3.6484729 1.716769 3.1425705
4.4674479 2.447942 5.2604205
4.4687586 2.4518601 5.2635915
4.4704303 2.4499775 5.2627228
4.4695989 2.4487429 5.2642581
4.4684934 2.4432768 5.2637635
4.4631384 2.4454542 5.2614243
4.4636077 2.4452288 5.2630365
4.4605944 2.447176 5.2604152
5.96104 0.24985 0.73252
4.463388 2.4450706 5.2578853
4.463886 2.4434742 5.258168
4.4662024 2.4445953 5.258821
4.4648251 2.4430199 5.2571599
4.4658529 2.4423541 5.2592714
0.41503766 2.0351594 0.96452574
0.41584785 2.0375553 0.96529768
0.41101507 2.04017 0.96007734
0.41121034 2.03907 0.96121873
0.40828988 2.0394237 0.95766832
0.41077605 2.0379274 0.95849889
0.41105536 2.0408533 0.95822193
0.4150852 2.0416742 0.96207472
0.4176301 2.0412307 0.96163543
0.4153427 2.041257 0.96110282
0.4170728 2.0393195 0.96251943
0.41040243 2.0374079 0.96174776
0.4168999 2.0364349 0.96451696
0.41322272 2.0335016 0.96356185
0.41911561 2.0346671 0.9640179
6.00979 0.94846 5.38842
0.41454798 2.037191 0.95799367
0.13451 1.71116 5.62777
0.41056835 2.0372787 0.96010436
0.41071368 2.0389786 0.95992629
0.41379327 2.0373584 0.96122702
4.961817 1.6225707 1.6526938
4.9625023 1.6214325 1.6514859
4.9649711 1.6203323 1.6501316
4.9641926 1.620388 1.6503759
4.963525 1.6210842 1.6530113
4.9616717 1.6221202 1.6519783
4.9606601 1.6241276 1.6553221
2.1833714 1.6524886 6.0923172
2.1811501 1.6526301 6.092486
2.1813099 1.6537619 6.0924294
2.181668 1.6537732 6.0920134
2.1838578 1.6543161 6.09312
2.182284 1.6543561 6.0937771
2.1819572 1.6529669 6.0954082
2.1795808 1.6526435 6.0928967
2.1766312 1.6531882 6.0939723
2.1754259 1.6512929 6.0938255
2.175253 1.6530353 6.0952231
2.1774484 1.6524385 6.0947187
2.1789067 1.6520969 6.0957805
2.1802039 1.6522712 6.0949932
2.182148 1.6486762 6.0947476
2.1824048 1.6511677 6.0914932
2.1805817 1.6489646 6.0905513
2.177539 1.6507971 6.091326
2.1790655 1.6492634 6.0948909
2.1768297 1.6510456 6.0944599
2.1790592 1.6523752 6.0935488
4.433748 1.5677905 2.3544982
4.4349624 1.5643156 2.3521698
4.4348025 1.5647312 2.3515357
4.4283628 1.5627215 2.3511359
4.4281749 1.5627281 2.3515522
4.4245505 1.5638799 2.3532273
4.4263385 1.5651225 2.3525245
4.4273061 1.5641943 2.3533619
4.42946 1.5655178 2.3502184
0.75431 0.76463 1.5622
4.4324226 1.5636823 2.3515879
4.4280479 1.5630148 2.3510051
4.4293294 1.5626196 2.3530399
4.4272084 1.5646985 2.3514482
2.82052 0.68499 4.36166
1.8337218 2.6651349 3.5603157
1.8301219 2.665778 3.5582076
1.8263392 2.6667371 3.555153
1.8285922 2.6671459 3.557528
1.8318766 2.6671504 3.5600963
1.840107 2.666484 3.5665508
1.8361075 2.6634127 3.5634223
1.8352455 2.6654082 3.5604401
1.8326601 2.6639075 3.5583086
1.8325705 2.6654139 3.5557248
2.59821 1.94514 4.39591
1.8374929 2.6661723 3.558995
1.8357662 2.6651306 3.5578307
1.8379767 2.6649582 3.5630334
1.8371791 2.6633891 3.5645782
1.8352752 2.6629212 3.5603017
1.8385069 2.6639769 3.56271
1.8325143 2.6655688 3.5546116
1.8330754 2.6674999 3.5568581
1.8318611 2.6677282 3.5555889
1.8334141 2.6669094 3.5569424
1.3452101 2.0166535 6.0802855
1.3443712 2.0158224 6.0797636
1.3499127 2.0147332 6.0846573
1.3466136 2.0132715 6.0832757
1.3448174 2.0131169 6.0851955
1.3440752 2.012156 6.0856074
1.3457849 2.0142343 6.088468
1.3463365 2.0155072 6.0887288
1.3451351 2.0169794 6.0868898
1.344785 2.0165393 6.0865437
3.91014 1.5199 3.14835
3.6453451 1.715094 3.139991
3.64517 1.7200597 3.1362754
3.6437021 1.7186629 3.1359214
3.6400981 1.7201701 3.1359213
3.6433832 1.71627 3.1369739
3.6438284 1.7157248 3.136878
3.6446694 1.7149403 3.1365184
3.6433831 1.7142923 3.1381685
3.6409747 1.7141172 3.1379798
3.6449698 1.7125154 3.1353836
3.6475567 1.7135916 3.1365555
3.6489165 1.7147461 3.1345038
3.648453 1.717288 3.1369005
3.6456244 1.7181449 3.135751
1.60356 0.61417 3.99121
3.6466227 1.7157457 3.1361506
3.6491846 1.7171413 3.1377778
3.6493402 1.7176051 3.1386436
0.40785 1.17587 6.071
4.4698395 2.4489367 5.2623389
4.4669907 2.449844 5.2595169
3.2654 1.77199 0.47764
4.4633333 2.4462082 5.2592801
4.4636737 2.4451468 5.2622093
4.4630427 2.443226 5.263031
4.4646037 2.4459802 5.2653292
4.4633536 2.4431848 5.2630223
4.4627565 2.4431978 5.2598537
4.460899 2.4416705 5.2560237
4.465428 2.4428116 5.2565303
4.4636 2.4433673 5.2554852
5.55158 2.46359 4.41674
0.41006323 2.0367233 0.9617448
5.35906 1.89087 6.03907
0.41055242 2.0399264 0.95903193
0.41330239 2.0395635 0.96094024
0.41171318 2.0405875 0.95901017
0.41627757 2.0388978 0.9612669
0.41564513 2.0385242 0.96152269
0.41760407 2.0375868 0.9634872
0.41590536 2.0361551 0.96209223
0.41285006 2.0386042 0.95968586
0.41360143 2.0394544 0.96015677
0.41038646 2.0366239 0.96009526
0.41622717 2.036527 0.96033823
0.41478017 2.0333389 0.9618931
0.42013276 2.036996 0.96159357
0.41458494 2.0387655 0.95989571
0.41447415 2.0390806 0.95795654
0.41083317 2.040829 0.95879087
0.41282677 2.0385295 0.9632748
0.41366077 2.0389984 0.96259786
0.41485099 2.0379033 0.96190459
4.9618431 1.6223435 1.6521127
4.9593595 1.6216655 1.6515928
4.9627614 1.6207769 1.6490864
4.9611177 1.6226081 1.6485441
4.9642514 1.6249346 1.650273
4.9617441 1.6245731 1.6516192
4.9618461 1.6246972 1.6551934
4.9614273 1.6225062 1.6532491
2.1794935 1.6537303 6.0942181
2.1814601 1.6560354 6.0916692
2.1816445 1.6544253 6.091329
2.1832204 1.654218 6.0905768
2.1823541 1.6536208 6.0918
2.1810784 1.6534228 6.0911478
2.1795064 1.6531745 6.0913686
2.1771357 1.6524814 6.0942291
2.1764263 1.6534567 6.093543
2.1764807 1.6556991 6.0948681
2.1779397 1.6568395 6.0936872
2.1817828 1.6559413 6.0957897
2.1847802 1.654349 6.0957273
2.1841606 1.6500562 6.0956345
2.1819582 1.6511372 6.0951145
2.1797391 1.6506323 6.0946937
2.1752201 1.6522139 6.0945577
2.1765491 1.652396 6.0952367
2.1748695 1.65161 6.0946895
4.4308678 1.5658515 2.3518382
4.4312386 1.5663446 2.3508198
4.4343776 1.5661801 2.3498218
4.4339545 1.566731 2.3494491
4.4321453 1.5643594 2.3508665
4.4300337 1.5630475 2.3509605
4.4259994 1.5654603 2.3515961
4.4264202 1.5670542 2.3501379
4.4261019 1.5677779 2.3504444
4.4288657 1.5648494 2.3506584
4.4259642 1.5635035 2.3509237
4.4259889 1.5667537 2.3528345
4.4242943 1.5659917 2.3505708
4.4264457 1.5661847 2.3508976
4.4252521 1.5634927 2.3509366
4.4270791 1.5633667 2.3520303
1.8486976 2.6465387 3.5513265
1.847098 2.648909 3.5544967
1.8340739 2.6671042 3.5598253
1.1604902 1.770545 3.0078704
1.1626368 1.7675023 3.0094583
1.1620731 1.7675462 3.010298
1.1597745 1.7629228 3.0107381
1.1575348 1.763191 3.0098963
1.1586708 1.7667347 3.0129336
1.1596915 1.7684398 3.0104666
1.1594771 1.770437 3.0116339
1.8427927 2.666844 3.5654934
1.8352369 2.6676198 3.5583043
1.8333223 2.6666431 3.5600267
1.830752 2.6666002 3.5586321
1.8308095 2.6639247 3.5557545
1.8369438 2.6644662 3.5612204
1.8319336 2.6647461 3.5538229
1.8312047 2.6672574 3.5551571
1.8325394 2.6662222 3.5547046
2.66533 0.98657 3.0391
1.3480204 2.0171867 6.0819889
1.3484594 2.0162396 6.0820074
1.3517085 2.0152629 6.0848609
1.3490045 2.0132693 6.0850793
1.3474833 2.0140854 6.0848872
1.3443847 2.0127134 6.0833705
1.3449567 2.0121426 6.0829611
1.3454692 2.0119457 6.0848288
1.3449599 2.01511 6.0838712
1.3444556 2.0177452 6.0857902
3.6459149 1.7158432 3.137287
3.6460164 1.7168622 3.1382179
2.31693 1.35012 4.717
3.6449397 1.717534 3.1363867
3.6423986 1.7180192 3.1352356
3.6450005 1.7157368 3.1360809
3.6442765 1.7159586 3.1372321
3.6465589 1.7173045 3.136396
3.6440663 1.7170341 3.1391227
3.6432226 1.7165295 3.1381841
4.16541 2.81868 5.31747
3.6479858 1.7101429 3.1347125
3.6487524 1.7126435 3.1332756
3.6477918 1.7144093 3.1359389
3.6465264 1.7160762 3.1391749
3.6491094 1.7164457 3.1385283
3.6464235 1.7157411 3.1374143
3.6470898 1.7172639 3.1376035
3.6453436 1.7171034 3.1401923
4.4665059 2.4461233 5.2632206
4.4678031 2.4473684 5.2597861
4.4654335 2.4468837 5.2581208
4.4668102 2.4494879 5.2576999
4.4593942 2.4481554 5.254893
4.4605831 2.4493609 5.2584737
4.4584695 2.4474693 5.2564597
4.4624043 2.4478811 5.2612837
4.4619797 2.4448066 5.2585391
4.4624621 2.4433238 5.2575017
4.4606313 2.4429534 5.2546462
4.4637266 2.4433363 5.2569067
0.41169919 2.0381055 0.96236722
0.41063479 2.0372422 0.96134411
0.41285477 2.0355774 0.96365299
0.41248922 2.0372145 0.96175691
0.41108871 2.0386467 0.96160186
0.41140196 2.0411152 0.9623934
0.40976527 2.0406133 0.96010696
0.41380613 2.0409645 0.96031915
0.4141796 2.0385086 0.96023549
0.41595028 2.0399357 0.96277109
0.41520078 2.036437 0.96039171
0.41482659 2.0371025 0.95825201
2.5136 1.29756 6.28289
0.40893791 2.0327655 0.95893234
0.4114784 2.035652 0.95869177
0.41497029 2.0349966 0.962078
0.41931356 2.0387823 0.96108385
0.41478631 2.0386328 0.9633352
0.41462424 2.0378639 0.96158782
0.41236478 2.0376455 0.9631358
0.41300845 2.037136 0.96262764
0.41486787 2.0370032 0.9628731
0.41395249 2.037108 0.96215284
4.9626183 1.6204608 1.652352
4.9603169 1.6212521 1.6502781
4.9626759 1.6244691 1.6475968
4.19117 2.12488 5.8448
4.963606 1.6243962 1.6550613
4.9626459 1.6241189 1.655115
4.9625731 1.6244445 1.6555032
4.9620753 1.623718 1.6538667
4.9617424 1.6247009 1.6538914
2.1814508 1.6526014 6.0908666
2.1804091 1.6537771 6.0911916
2.1810896 1.6551818 6.0876083
2.1794161 1.6568027 6.0890511
2.1798858 1.6539749 6.0876862
2.1808724 1.6537149 6.0877508
5.05963 1.65448 4.64949
2.1766603 1.6501417 6.0941388
2.175527 1.6532147 6.0957938
2.1775979 1.6572546 6.0930234
2.1834137 1.6589312 6.0938837
2.1849562 1.6568881 6.0948308
2.1861871 1.6529245 6.0942361
2.1816547 1.6538306 6.093279
2.1801294 1.6535639 6.093034
2.1768808 1.6526711 6.0945043
2.179043 1.6504411 6.0953491
4.4269366 1.5693416 2.353339
4.4297281 1.5662113 2.3535474
4.4313903 1.5649788 2.3510281
4.4348411 1.565368 2.350939
4.4318776 1.5670664 2.3504219
4.4324134 1.5678257 2.353177
4.4293364 1.5671237 2.3532097
4.4270973 1.5674272 2.3529971
4.4266494 1.566466 2.3527131
4.4261531 1.5645411 2.3515602
3.3592 2.03822 2.32061
4.4289387 1.5611191 2.3500436
4.4269943 1.5627187 2.3491952
4.4246205 1.5648891 2.3491577
4.4259121 1.5662481 2.3498386
4.4259472 1.5659272 2.3527546
4.4279793 1.5666934 2.353
1.8568653 2.6351436 3.5459368
1.156246 1.7680654 3.0052478
1.157237 1.7664271 3.0090437
1.1578031 1.7672496 3.0106843
1.1593216 1.7669827 3.0134245
1.1585976 1.7660808 3.0115904
1.1570677 1.7640306 3.0129964
1.1560584 1.7632212 3.00831
1.1564973 1.7649051 3.0129138
1.1573023 1.7672483 3.0099152
1.1584296 1.7664708 3.0130015
1.1595555 1.7669897 3.0079456
1.159727 1.7657007 3.0107031
1.1601858 1.7628531 3.0102237
1.1593901 1.763272 3.0121747
1.1556616 1.763899 3.0107183
1.158685 1.7664971 3.0097311
1.1586484 1.7679504 3.0091376
1.1651038 1.7637065 3.0096086
1.1621848 1.7654882 3.0130541
1.1614126 1.7604992 3.0127388
1.3455536 2.014465 6.0820496
1.3464738 2.0144233 6.0852335
1.3487052 2.0136795 6.0864488
1.3466747 2.014548 6.0857482
1.34548 2.0165195 6.0850175
1.3449445 2.0175931 6.0853105
1.3458795 2.0174633 6.0849656
1.3488088 2.0163928 6.0882191
1.3466372 2.0131707 6.0862129
1.3454925 2.0149119 6.0888521
2.03662 1.28661 1.00247
3.6452642 1.7176897 3.141448
3.6428404 1.7174663 3.1371152
3.6427525 1.715624 3.1375234
3.6415533 1.7140242 3.1355729
3.644891 1.7139763 3.1343692
3.644873 1.713873 3.1356932
2.92047 2.03328 2.88967
3.642135 1.7179319 3.138288
3.6439637 1.7165085 3.1383648
3.6482586 1.7136093 3.1370304
3.6506792 1.7109338 3.1346751
3.6495373 1.7123106 3.1337908
3.6472178 1.7116372 3.1332393
3.6461973 1.7133173 3.1370483
3.6453103 1.7142159 3.1351854
3.6433568 1.714694 3.1348946
3.6451477 1.7156151 3.1337451
3.6473729 1.7158944 3.1373062
4.4656905 2.4404094 5.2653706
4.4649929 2.4433753 5.2607696
4.4646508 2.4450007 5.2575713
4.4657844 2.4495467 5.2580561
4.4652085 2.4474196 5.2599947
4.4667591 2.4454896 5.2640004
4.467598 2.4444043 5.2633145
4.4687631 2.4457043 5.2664539
4.4654401 2.4449536 5.2596928
4.461903 2.4419102 5.2568081
4.4642703 2.4408001 5.2547215
0.40932769 2.0356474 0.96246914
0.41141378 2.0380894 0.96441408
0.40904259 2.0385322 0.96260677
0.4121891 2.0370361 0.96292996
0.41110328 2.0382228 0.96156654
0.41351171 2.0370461 0.96189336
0.41287987 2.0395728 0.96310076
0.41390171 2.0379306 0.96096538
0.41463736 2.0369978 0.96343927
0.41463191 2.0329621 0.96331924
0.41346435 2.0335378 0.96736958
0.4101941 2.0332549 0.96252208
0.40871275 2.0358721 0.95928922
0.40650717 2.0359677 0.95399533
0.40937363 2.0349257 0.95593447
0.40997237 2.0363278 0.95482265
0.41133554 2.037003 0.95551812
0.41288273 2.0379554 0.95717499
0.41069567 2.0367829 0.96142476
0.40924569 2.0364204 0.96117307
0.40952147 2.0344802 0.96208306
0.40948152 2.0354731 0.96065894
0.41172739 2.0357378 0.96185652
0.4116889 2.0374576 0.96072201
4.9634402 1.624567 1.6511805
4.9627792 1.6228442 1.6501485
4.9618037 1.624259 1.650606
4.964441 1.6258861 1.6498899
4.9649216 1.62717 1.6534895
4.9656052 1.6274067 1.6523851
4.9628752 1.6242271 1.6543125
4.9653953 1.6218087 1.6533311
4.9637455 1.6228632 1.6516079
4.9647105 1.6237215 1.6491413
5.13356 0.39386 5.21987
2.1829474 1.6536815 6.0903293
2.1805047 1.6554567 6.0915172
2.1801806 1.6544951 6.0891858
2.1815997 1.6558385 6.0908842
2.1840353 1.6536859 6.0940607
2.1806942 1.6519405 6.0948721
2.1795553 1.6530219 6.0953855
2.44978 1.44806 1.06944
2.1816766 1.6568904 6.0903758
2.1828744 1.6540681 6.0928673
2.1850166 1.6525328 6.0944596
2.1811904 1.6525159 6.0954382
2.1794006 1.6543903 6.0946212
2.1760875 1.6550091 6.0939664
4.97087 1.34508 0.31169
4.4291253 1.5680533 2.3532075
4.4296021 1.566708 2.3527881
4.4289296 1.5666151 2.347661
4.4314604 1.5679709 2.3469095
4.4305269 1.5703452 2.3465344
4.4337935 1.5713812 2.3508949
4.4308699 1.5680862 2.3522424
4.4280945 1.5657146 2.3533811
4.4261861 1.5644509 2.3520224
5.74326 0.56504 5.7271
4.4310628 1.5640926 2.3492791
4.4283017 1.5640252 2.3496163
4.4254691 1.5662147 2.3475359
4.4246561 1.5676242 2.349448
4.4265233 1.5676092 2.3485158
4.4264654 1.5663888 2.3512507
4.4274613 1.563878 2.3507656
4.426581 1.5647337 2.3517506
4.4305033 1.56525 2.3500457
1.1563319 1.7688095 3.0099989
1.1569513 1.7677905 3.0102115
1.1573989 1.7686599 3.0137206
1.1578431 1.7660362 3.0091385
1.1554508 1.7655362 3.0105249
1.1550181 1.7639907 3.0062271
1.1555865 1.7632262 3.0102197
1.1577067 1.7659563 3.0077341
1.1591524 1.7647799 3.0103153
1.1590856 1.7660547 3.0081192
1.1590405 1.76517 3.0103866
1.1598642 1.7642796 3.0095117
1.1579683 1.7626684 3.0113242
1.1548573 1.7638851 3.010083
1.1569285 1.7655802 3.0092151
1.1569126 1.7659698 3.0088937
1.1626793 1.7647497 3.0108293
1.1612769 1.767516 3.0129397
1.1607405 1.7656115 3.011285
1.1583532 1.7643139 3.0102497
1.3497955 2.0145736 6.0876035
1.3507242 2.0126538 6.0894284
1.3510352 2.0136722 6.0898401
1.3476257 2.0162525 6.0878912
1.3474617 2.0182364 6.085284
1.3476773 2.0164165 6.0855702
1.3500081 2.0165904 6.089059
1.3469867 2.014301 6.0875774
4.5807376 1.5316423 5.7173963
4.5797351 1.531447 5.7221093
4.5810542 1.5318824 5.7231014
4.5798141 1.5269299 5.7256928
4.5797707 1.5270547 5.7223028
4.5837125 1.5252041 5.7251049
4.5849498 1.5262832 5.7230082
4.581665 1.5260123 5.7228709
4.5796644 1.5247774 5.720362
5.8844 2.20649 6.15562
4.5740833 1.5254367 5.7192203
4.5731955 1.5273566 5.7185355
3.6507364 1.7112765 3.1343012
3.6491635 1.7127086 3.1344083
3.64603 1.7117911 3.1339556
3.6441487 1.7108062 3.1367909
3.644389 1.7110816 3.1353841
3.6443785 1.7123116 3.1346159
3.6459327 1.7154376 3.1340089
3.6483273 1.7164332 3.1379051
4.4679335 2.4431385 5.2665114
4.4655014 2.44353 5.2611936
4.4662029 2.4444053 5.2592813
4.4619231 2.4463595 5.2553135
4.4624355 2.4465193 5.2578723
4.4632464 2.4451705 5.2602902
4.4641602 2.4450634 5.2600558
4.466446 2.4460256 5.2611646
4.468634 2.4463446 5.2598196
4.4658474 2.4454705 5.2571128
0.40952908 2.0343872 0.96086383
0.40754321 2.0349015 0.9640322
0.40900928 2.0353836 0.96363808
0.40945836 2.0357118 0.96425806
0.41163985 2.0338789 0.96280528
0.41019403 2.0361255 0.96218044
0.4123062 2.0364669 0.96126032
0.41117378 2.0395587 0.96197891
0.41327408 2.0373311 0.96000087
0.41280296 2.0373355 0.96257747
0.41314678 2.0355199 0.96147004
0.41187588 2.0344516 0.96450292
0.41047736 2.0337992 0.96118464
0.40980046 2.0345255 0.95797319
0.40887848 2.0372307 0.95535024
0.40947994 2.0378417 0.9564995
0.41045885 2.037264 0.95707714
0.41121615 2.0377756 0.95643797
0.40869491 2.0364887 0.95787003
0.40851151 2.0366452 0.96210248
0.406741 2.0358093 0.9621343
0.40807677 2.0349296 0.96121055
0.40754183 2.0346452 0.95743851
0.40968655 2.0338092 0.95991192
4.9635656 1.6221956 1.6520735
4.9623595 1.6234457 1.6519803
4.963248 1.6243123 1.650847
4.9629543 1.6296038 1.6518667
1.68897 1.77168 1.1954
4.9623547 1.6264207 1.6546411
4.961325 1.6241813 1.6535519
1.71573 1.5171 0.79576
4.9633496 1.6221254 1.6503526
4.9633231 1.6254225 1.6485855
4.9679447 1.6271497 1.6473447
4.9642529 1.6299221 1.6493506
2.1797717 1.6555753 6.089764
2.180426 1.6553101 6.0906806
2.1797671 1.6552185 6.0889417
2.1816235 1.6534325 6.0914991
2.1830172 1.6534953 6.0920214
2.1805153 1.6521766 6.0941159
2.1786185 1.6531297 6.0948419
2.1774079 1.6546372 6.0916807
2.1814498 1.6570806 6.0932408
2.1818792 1.6551201 6.0942995
2.1811644 1.6559898 6.0951336
4.96793 1.06212 5.63495
4.4318095 1.5685896 2.3498413
4.429017 1.5674593 2.3492085
4.4281248 1.5701785 2.3512191
4.4270847 1.5668833 2.3527551
4.4282628 1.5652657 2.3558755
4.4281138 1.5647014 2.351068
4.431055 1.5674889 2.3494981
4.4306809 1.5708232 2.3484954
4.4313884 1.5703385 2.3512817
4.4294323 1.568262 2.3507369
4.4288102 1.5667612 2.3527577
4.4264434 1.5655354 2.3513126
4.4275617 1.5627302 2.3524684
4.4284568 1.5640156 2.3490354
4.4312969 1.5612515 2.3487765
4.4293107 1.5635597 2.3477452
4.4309408 1.5651102 2.3497777
4.4293752 1.5690126 2.3486491
4.4291447 1.5691019 2.3510357
3.58492 0.70591 3.75672
4.4296878 1.5693782 2.3485989
6.10298 1.65919 1.04752
0.71372 2.17201 0.02198
1.1545321 1.7662226 3.0105496
1.1537201 1.7675049 3.014518
1.1555137 1.7657596 3.0111995
1.1553408 1.7650775 3.0120522
1.154627 1.7645041 3.008741
1.1545093 1.7649533 3.0103623
1.1552963 1.7650511 3.0114752
1.1577723 1.7628395 3.0110939
1.158262 1.7629197 3.0097652
1.1595602 1.7603988 3.0105285
1.1611734 1.7597682 3.0119498
5.60239 1.90467 0.72633
1.59349 2.09575 3.23686
1.1575185 1.7636525 3.0069715
1.158584 1.7639483 3.0089936
1.164389 1.7647972 3.0108271
1.1625451 1.7650035 3.0130194
1.1619242 1.7646502 3.0111111
1.1606695 1.7618804 3.0091704
1.3467364 2.0136412 6.0868147
1.3474093 2.0150094 6.089453
1.3494052 2.01666 6.0881512
1.3474749 2.018299 6.0886206
1.3466772 2.0208837 6.0866207
1.3469691 2.0201731 6.0874704
1.3492131 2.019075 6.0894126
4.5777585 1.5287774 5.7172889
4.5802774 1.5320921 5.71866
4.5779668 1.5316297 5.7224208
4.5791884 1.530751 5.7247841
4.577877 1.5272621 5.7236679
4.5798475 1.5261788 5.7220216
4.5805159 1.5250458 5.723595
4.582904 1.5252641 5.7250852
4.5807321 1.5275239 5.7219016
4.5791563 1.5259305 5.7202866
4.574203 1.5277981 5.7193291
4.5727621 1.5267226 5.7220023
4.5736918 1.5286274 5.720524
4.5782139 1.5276556 5.7215392
4.5806331 1.5274143 5.7208121
4.5786713 1.5262969 5.7201168
4.5784376 1.5296546 5.7219914
4.57446 1.5281773 5.7239597
4.5784648 1.5282341 5.7257824
4.5766268 1.5258951 5.7247637
4.5785409 1.5260328 5.7228382
4.4691852 2.4401029 5.2683787
4.4664825 2.4411011 5.2640484
4.4672942 2.4453834 5.2647574
4.4674837 2.4462775 5.2625004
4.4693883 2.4461246 5.2659157
4.472738 2.4418156 5.2675549
4.4707462 2.4414486 5.2654303
4.4704193 2.4428627 5.2632188
4.4685289 2.4454821 5.2606008
0.40987671 2.0348104 0.95807331
0.40760346 2.0331517 0.96049771
0.40630973 2.032656 0.963607
0.40796911 2.0333996 0.96332605
0.40951665 2.0351163 0.96321312
0.41089314 2.0371178 0.96135195
0.41066487 2.0395517 0.96144098
0.41201289 2.0397338 0.96145981
0.41499662 2.0388557 0.96335372
0.41747906 2.0380392 0.9632584
0.41614646 2.0370431 0.96423466
0.41451822 2.0351791 0.96339355
0.41103842 2.0321118 0.96288411
0.4106288 2.0337998 0.96313467
0.40923761 2.0346691 0.95902977
0.41200839 2.0379823 0.95929759
0.41285169 2.0394786 0.95772525
0.41243817 2.0393766 0.95950339
0.41075526 2.0394404 0.95723368
4.75207 1.22661 1.25276
0.4064077 2.0371433 0.95993322
0.40703116 2.0360746 0.96031822
0.40798856 2.0346824 0.96144547
0.40896324 2.033085 0.95877988
0.40749643 2.0344985 0.9594633
4.9637504 1.6255599 1.6510848
4.9617785 1.6261981 1.6515284
4.963329 1.6249939 1.6507132
4.9640733 1.6279498 1.6508925
4.9678847 1.6242208 1.651258
4.9664367 1.6259208 1.6526853
4.9619801 1.6222328 1.6522966
4.9599384 1.6238671 1.6520608
4.9616873 1.6211747 1.6501637
4.9627287 1.6235672 1.6492837
4.9665643 1.6251552 1.6476401
4.9654653 1.6284305 1.6488012
1.74584 0.57039 3.84566
2.1806512 1.6537898 6.0939319
2.1775865 1.655468 6.0922821
2.1783723 1.6541083 6.0916378
2.1771822 1.6540025 6.0900046
2.1775223 1.6520678 6.0904246
2.1778755 1.6521003 6.0924441
2.1779128 1.6523183 6.09231
2.1777259 1.6547106 6.0937395
2.1779139 1.6524096 6.0925138
3.12132 1.8456 3.0352
4.432958 1.5696024 2.3518875
4.4332604 1.570006 2.3493997
4.4290293 1.568273 2.3499027
4.4280287 1.5696097 2.3510273
4.4273437 1.5672436 2.3516921
4.4306315 1.5673198 2.3535785
4.4316747 1.565293 2.3492547
4.4322138 1.5666858 2.3489539
4.4330224 1.5674479 2.3491835
4.4322237 1.5694005 2.351912
4.4304369 1.5692145 2.3535637
4.4309645 1.5666307 2.352712
4.4290594 1.5660861 2.352408
4.4304576 1.5637953 2.351202
4.4274543 1.5660828 2.3503082
4.4303773 1.562658 2.3480652
4.4274472 1.5651563 2.3474813
4.4305485 1.5637883 2.3498521
4.4268586 1.5669331 2.3489669
4.4297681 1.5656185 2.3507176
0.96582 0.28032 0.01177
4.4329382 1.5654068 2.3480593
4.4350758 1.5657095 2.3501802
4.4318778 1.5679198 2.3481451
1.1536855 1.770091 3.009445
1.1543862 1.7689195 3.0112054
1.1548198 1.7670296 3.0096192
1.1557975 1.7643368 3.0106733
1.156324 1.7653669 3.0118755
1.156696 1.7675527 3.0097083
1.1581795 1.765044 3.0087678
1.1607373 1.7630692 3.0062368
1.1592116 1.761404 3.0086632
1.1615069 1.760375 3.0093646
1.1608248 1.7607206 3.0129241
1.1611791 1.7582348 3.0079071
1.1580657 1.7611294 3.0083192
1.1585981 1.760269 3.0049488
1.1572305 1.7618848 3.0098818
1.1602447 1.7631727 3.0098287
1.1577269 1.7662562 3.0095832
1.159842 1.7677052 3.0086029
1.159356 1.7657329 3.0092395
6.10356 2.35312 4.59781
1.3451852 2.0153417 6.088855
1.345122 2.0157486 6.087795
2.35927 1.09665 5.48458
1.3474072 2.0172125 6.08725
1.3486957 2.0170938 6.0881786
4.5799371 1.5232451 5.7194737
3.3763 2.02802 4.06153
4.5815267 1.5288573 5.7205338
4.5811841 1.5287695 5.7220197
4.5792188 1.5291104 5.7253667
4.5770015 1.525937 5.7234349
4.5789228 1.5244954 5.7244651
4.5798829 1.5244159 5.723238
4.5808575 1.5238545 5.7254043
4.5792385 1.5266347 5.7223025
4.5778145 1.5251992 5.7206608
4.577397 1.5278184 5.719987
4.5760008 1.5275834 5.7227292
4.5755082 1.530638 5.7220916
4.5781604 1.5273082 5.7222988
4.5797685 1.5284478 5.7194006
4.5782454 1.5275625 5.7210352
4.5766345 1.5294216 5.7207162
4.5750363 1.5262528 5.7245632
4.5793924 1.5266686 5.7260953
4.5780071 1.5255872 5.7250605
4.5795491 1.5267631 5.7221257
4.4725573 2.4427775 5.2690122
4.4710818 2.4424652 5.2673356
4.4673898 2.445034 5.2659506
4.4671727 2.4456907 5.263164
4.467256 2.4471755 5.2655089
4.4702684 2.4420049 5.2638742
4.4673017 2.4414977 5.2616406
4.467252 2.4411639 5.2589272
0.41244302 2.0359212 0.95915861
0.41217149 2.0341305 0.95792311
0.40986168 2.0336996 0.95985324
0.40825768 2.0337222 0.96100849
0.40892294 2.0328468 0.96186477
0.41108435 2.0340976 0.96146977
0.41115635 2.0364954 0.96171322
0.41131993 2.0379464 0.96127641
0.41027516 2.0382414 0.9593923
0.41471189 2.0363315 0.95916716
0.41344312 2.035771 0.95943925
0.41338985 2.0369331 0.95950436
0.41052282 2.0397288 0.958459
0.40994465 2.0365452 0.95975539
0.41161657 2.0351077 0.96113827
0.41063256 2.0350524 0.96009988
0.41328573 2.0380378 0.96279052
0.41396663 2.0396742 0.96058054
0.41368156 2.0382203 0.96194211
0.41514082 2.0386626 0.96052236
0.41136823 2.0378336 0.95931141
0.41002255 2.038638 0.96102002
0.41179137 2.0397668 0.9619118
0.41054278 2.0398854 0.96303449
0.41366931 2.0356682 0.96302258
0.41231021 2.0353873 0.96209499
4.9617023 1.6247135 1.6494301
4.9607701 1.626211 1.6503653
4.9605837 1.6258691 1.6490341
4.9629851 1.627926 1.6513072
4.9645588 1.6254904 1.652154
4.9635562 1.6272034 1.6516656
4.9598184 1.6239885 1.6520652
4.9578075 1.6250468 1.6518514
4.957047 1.6227201 1.6511602
4.9594419 1.6246092 1.6491488
4.9629186 1.6260873 1.6490346
4.9663892 1.6257723 1.6517529
4.9654045 1.6229326 1.6532833
4.9632454 1.6196209 1.6538357
2.1797427 1.6548694 6.0939838
4.5827 2.00356 5.26969
2.1792177 1.6523468 6.0925647
2.1783669 1.6524325 6.0884303
2.1761639 1.6530502 6.0898134
2.1770949 1.6521326 6.0907362
2.1774307 1.6539301 6.0949946
4.4282166 1.5634354 2.3504747
5.01736 1.79361 5.81424
4.4323537 1.5699599 2.3517603
4.4319579 1.5720342 2.3495302
4.4274219 1.5691001 2.3490815
4.4274883 1.5687148 2.3478517
4.4267069 1.5665262 2.3503019
4.4289393 1.5662282 2.352539
4.4298486 1.5641331 2.3512329
4.4318183 1.5671076 2.3506101
4.433404 1.5659348 2.3503165
4.4334712 1.5669186 2.3490016
4.4349723 1.5676646 2.3506743
4.4353535 1.5666248 2.3474009
4.4316655 1.568734 2.3510223
4.4287961 1.5642785 2.3494536
4.4276476 1.563831 2.3506186
4.4304757 1.5622162 2.3489521
4.4302437 1.5652092 2.3487412
4.4319491 1.5666928 2.3502944
4.4269797 1.5717184 2.3476357
4.4286296 1.5716531 2.3489943
4.79592 1.25603 3.83203
4.431073 1.5671043 2.3471809
4.4351737 1.5666429 2.3493687
4.4309501 1.5673733 2.3492898
4.4323369 1.5669544 2.3508237
1.1538952 1.7657918 3.0109865
1.1558108 1.7659593 3.0127886
1.1572632 1.7632205 3.0135149
1.1617168 1.7658644 3.015281
1.1595471 1.7653965 3.0136398
1.1604526 1.764865 3.0128398
1.1602895 1.7651552 3.0087075
1.1606902 1.7624278 3.0098017
1.1609297 1.7615481 3.010153
1.1593833 1.7596754 3.0123754
1.1590129 1.7579793 3.006781
1.1591034 1.7613932 3.0072991
1.1591037 1.7596463 3.0064663
1.1595373 1.7618832 3.010566
1.1605551 1.7605652 3.0109976
1.1579093 1.7643143 3.0103133
1.15916 1.7642342 3.0093167
1.159171 1.7640013 3.0096211
1.3435244 2.0174189 6.0841032
1.3441656 2.0161309 6.0866738
1.3428441 2.0181163 6.0851427
1.3432061 2.0169623 6.0871254
4.29559 1.32878 2.80807
4.5756742 1.5234168 5.7206266
4.5751609 1.5242637 5.7198542
4.5781507 1.5263176 5.7220319
4.5769193 1.5299196 5.7223601
4.35905 2.73975 6.19995
4.5768061 1.5288742 5.7259387
4.5767215 1.5261537 5.7221558
4.5754925 1.525908 5.7226302
1.60353 2.14341 0.39591
4.5777055 1.523229 5.7244245
4.5798332 1.5261282 5.723025
5.77213 1.5804 2.93681
4.5789715 1.5305885 5.7218115
4.578079 1.5297561 5.723021
1.09643 0.20209 4.47189
4.579524 1.5270336 5.7224388
4.5819306 1.5276464 5.7187757
4.5822943 1.5266712 5.7208535
4.5804615 1.5273337 5.717974
4.5775757 1.5261013 5.7259359
4.5788205 1.5265236 5.7253502
4.5770375 1.5267108 5.727548
4.5765933 1.5285842 5.7245331
0.41817882 2.0338145 0.96334417
0.41416579 2.0379478 0.96218437
0.41385915 2.0394504 0.95946371
0.41551301 2.0396822 0.96405114
0.41660948 2.0378328 0.96507222
0.41625782 2.0370412 0.96781724
0.41424887 2.0418814 0.96498272
0.41494753 2.0390103 0.96102552
0.41532723 2.0398602 0.95879035
0.4147475 2.0368396 0.95880341
0.41267293 2.0355483 0.96066128
0.40864065 2.0337447 0.95998223
0.40902399 2.033365 0.96034307
0.41017276 2.0350609 0.96056068
0.41191746 2.0373011 0.9625239
0.41008579 2.0405673 0.96135407
0.41151318 2.0396917 0.96059813
0.41416452 2.037785 0.95972661
0.41529569 2.0357517 0.9607865
0.41576872 2.0351342 0.96137425
0.412653 2.0394012 0.95998133
0.41126429 2.0392993 0.96191851
0.41104582 2.0408998 0.96162277
0.41003834 2.0385242 0.9625706
0.4115267 2.0378289 0.96308076
0.41483554 2.0384119 0.96229762
0.41521299 2.0385529 0.96405711
0.41710035 2.0377271 0.9620961
0.41388648 2.0362008 0.95900336
0.41159794 2.0374107 0.95850672
0.41281985 2.0373341 0.96192967
0.41329989 2.0376988 0.96387743
4.86089 2.16811 2.80281
4.9637825 1.6208608 1.6543529
4.963116 1.6233079 1.6521551
4.9624627 1.624108 1.6532487
4.958738 1.6253679 1.6499544
4.9608023 1.6267714 1.6524433
4.9623632 1.6259929 1.6537711
4.9635205 1.6250018 1.6552272
4.9638024 1.6235836 1.6544575
4.9593162 1.62514 1.6538541
4.9567173 1.6242556 1.6515066
4.9575612 1.6225614 1.651617
4.9597238 1.6231078 1.6514509
4.9638166 1.6229948 1.6530621
4.962987 1.6222374 1.6522867
4.9633109 1.6204395 1.6512495
4.9624292 1.6214975 1.6506243
2.1788016 1.6533646 6.0932795
2.1787587 1.6535863 6.092373
2.177718 1.6519227 6.0884937
2.1771423 1.6515022 6.0906449
2.1782654 1.6516702 6.0920205
4.4268238 1.5636235 2.3549351
4.4260266 1.5657629 2.3529757
4.4308353 1.5691249 2.3525051
4.4299994 1.5720277 2.3517719
4.4293224 1.5733734 2.3508517
4.4265186 1.5700941 2.3516462
4.4272083 1.5709775 2.3492279
4.4294316 1.5704658 2.3490988
4.4321689 1.5700892 2.3490513
4.4308696 1.5666395 2.3490384
4.4313533 1.5658787 2.3510102
4.4316909 1.5639953 2.3528227
4.4349271 1.5652048 2.3513939
4.4353638 1.5653547 2.3517689
4.435204 1.5654171 2.3505346
4.4341331 1.5666097 2.3522597
4.4305192 1.565022 2.3501442
4.4307583 1.5644942 2.3485403
4.4309006 1.5629478 2.3456158
4.4296554 1.5636595 2.3451715
4.4287921 1.5659062 2.3478681
4.4249268 1.569755 2.3487294
4.4279217 1.569383 2.3494828
4.4288922 1.5692534 2.349318
4.4308822 1.5661368 2.3508837
4.4351749 1.5642077 2.3498545
4.4329039 1.5661998 2.3504879
4.4342106 1.566175 2.351669
4.42989 1.5660237 2.3533036
3.81273 2.62952 5.28096
1.1571595 1.7651678 3.0104039
1.1607482 1.767569 3.0126476
1.1598291 1.7662226 3.0113846
1.16264 1.7655803 3.0105896
1.1628116 1.7652045 3.0069209
1.1610921 1.7654383 3.0089392
1.1596547 1.7666448 3.0098798
1.1585031 1.7639706 3.0102711
1.158367 1.7636756 3.0090982
1.1615978 1.7659658 3.0074568
1.1611801 1.7635366 3.0099356
1.1600622 1.7639216 3.0104857
1.1564502 1.7636867 3.0122009
1.156429 1.7655374 3.0116582
1.1564893 1.7640471 3.0103309
1.1572597 1.7620305 3.0104235
1.3445402 2.0166815 6.0848181
1.3429583 2.0155282 6.0864836
1.3422171 2.0171076 6.0852625
1.3431841 2.0151613 6.0872717
4.5775131 1.5262869 5.7196203
4.5784158 1.5225838 5.7225903
4.5766106 1.5257352 5.7225966
4.5762724 1.5260366 5.7255752
4.5770586 1.5280959 5.7252397
4.578522 1.5262385 5.725735
4.5807662 1.5265406 5.7253351
4.5788021 1.524008 5.7245842
4.5776096 1.5250235 5.7237878
4.5777075 1.5232654 5.722418
4.576635 1.523476 5.7223001
4.5786694 1.5232817 5.7224787
4.5791228 1.5245963 5.7217057
4.5803167 1.5314102 5.7224275
4.5801224 1.5316306 5.7214377
4.5787779 1.5310462 5.7233529
4.5782562 1.5273665 5.7227734
4.5788904 1.5279068 5.7207925
4.5787607 1.5282575 5.7219816
4.5776616 1.5277283 5.7188259
4.5761522 1.5267478 5.7262271
4.5771449 1.5265546 5.7236424
4.5772997 1.5297094 5.7278287
4.5773463 1.5298144 5.7254591
0.41898165 2.031302 0.96484189
0.41596119 2.0357578 0.96382543
0.41311059 2.040489 0.96098621
0.41467123 2.0398406 0.96744006
0.41588274 2.0385911 0.96643535
0.41685328 2.0375225 0.96868996
0.41361402 2.0400651 0.96492531
0.4142161 2.0376254 0.96367623
0.41544386 2.0381978 0.96275832
0.41551846 2.0354332 0.96172236
0.41577905 2.0347077 0.96092412
0.41034322 2.0357509 0.9585874
0.41143857 2.0351979 0.95798087
0.40998071 2.0372382 0.95944253
0.41516524 2.0369459 0.96450857
0.41302844 2.0394125 0.96311663
0.4153905 2.0384064 0.96351332
0.41494323 2.0387458 0.95978075
0.41542291 2.0363875 0.9613744
0.41276759 2.0373438 0.96102482
0.41182351 2.0404507 0.96089647
0.41124474 2.0404794 0.962995
0.41065511 2.0410424 0.96232945
0.41002625 2.0388362 0.96333626
0.4103362 2.0393577 0.96275291
0.41295923 2.0381416 0.9619099
0.41356338 2.0381256 0.96176625
0.41633209 2.0371501 0.96094326
0.41492716 2.03619 0.96096589
0.94154136 2.1317556 3.552182
0.93725562 2.1321229 3.5501664
0.94347613 2.132186 3.551387
0.9422549 2.1315505 3.5499314
4.9638195 1.6202444 1.6542278
4.9627424 1.622796 1.6523127
4.9625908 1.6248369 1.6525105
4.9595347 1.6276994 1.6495461
4.9602879 1.6275359 1.6510203
4.9634849 1.6259374 1.6523525
4.9646822 1.6258859 1.6523268
4.9642332 1.6260489 1.6512468
4.9607893 1.6250861 1.6550593
4.958488 1.6245076 1.6533772
4.9586901 1.6252716 1.6552656
4.9597864 1.6262969 1.6518346
4.9632692 1.6255458 1.6518369
4.962242 1.6228616 1.6511308
4.9612866 1.6221568 1.6508875
4.9626459 1.622885 1.6516202
4.9634397 1.6254001 1.6535858
5.41839 1.52164 3.49341
2.1804939 1.6537958 6.0908026
0.20875 1.12707 3.44366
4.4253562 1.5659663 2.3502748
4.427386 1.5641382 2.3525942
4.4283188 1.5661441 2.3545648
4.4304392 1.5681889 2.3529103
4.4292358 1.5693408 2.3524087
4.428805 1.5698789 2.349204
4.4270556 1.5675837 2.3508157
4.4274502 1.5683464 2.3502536
4.4281499 1.5697411 2.3506815
4.4290542 1.5673363 2.3501652
4.4280648 1.5667941 2.3492528
4.4302189 1.5639848 2.3506505
4.4301598 1.5644468 2.3499797
4.4344156 1.5634041 2.3504897
4.4354219 1.5637703 2.3491955
4.4347789 1.565184 2.3513476
4.4320643 1.5666137 2.3494691
4.4277398 1.5665474 2.351151
4.4295692 1.5646454 2.3490414
4.4311491 1.5653919 2.349485
4.4314564 1.5665196 2.3482598
4.4326256 1.5688922 2.3483604
4.4288152 1.5712507 2.3488134
4.4295285 1.5715224 2.3485669
0.17804 1.389 5.13263
2.91518 1.99298 0.97613
4.4317287 1.5657692 2.3473459
4.4320983 1.5653856 2.3481838
4.4341845 1.5658509 2.3504336
4.4321224 1.5647796 2.3519456
4.4317025 1.5644497 2.3530356
1.1585613 1.7655259 3.0095322
1.1610885 1.7656688 3.0109393
1.1615138 1.7643605 3.0116051
1.1612563 1.764263 3.0130676
1.1619424 1.7662963 3.0113216
1.1597494 1.7652207 3.011273
1.1588573 1.764711 3.0104816
1.156542 1.7622355 3.008488
1.1572877 1.7640726 3.0089011
1.1603373 1.7648544 3.0067063
1.1597202 1.7644844 3.0108903
3.46559 2.66176 1.25334
1.157807 1.7646245 3.0123952
1.1580036 1.7638356 3.0142142
1.1574642 1.7640974 3.0127247
1.1579738 1.761078 3.0108289
1.3467177 2.0167788 6.0854124
1.347432 2.0164584 6.0870687
1.3464896 2.0183501 6.0846081
4.5777142 1.527109 5.7217177
4.5772181 1.5265557 5.7196239
4.575353 1.5242082 5.7225921
4.5743108 1.5269747 5.7217131
4.5744191 1.5269207 5.725928
4.5777707 1.5287297 5.7263493
4.5761241 1.5287356 5.7258764
4.5790016 1.5274682 5.7237643
4.5771298 1.5261499 5.7218674
4.5775735 1.5264844 5.7207441
4.5762333 1.5262314 5.7214179
4.5764775 1.5265512 5.7215921
4.578587 1.5255326 5.7201257
4.5804708 1.5248964 5.7187095
4.5797871 1.528634 5.7197702
4.5800924 1.5294824 5.7204978
4.5768354 1.5299889 5.7233323
4.5779342 1.5273791 5.7221012
4.5794184 1.5272765 5.72103
4.5788038 1.5251713 5.7220914
4.00662 1.27364 0.97965
4.5747329 1.5280206 5.7237121
4.5746428 1.5278791 5.7223214
4.5749666 1.5312192 5.7259528
4.5760074 1.5311882 5.7262501
0.41759932 2.0355765 0.96454532
0.41537172 2.0387502 0.96138981
4.12005 2.35047 4.85654
0.41482652 2.0392056 0.9627013
0.41363923 2.037965 0.96376772
0.41485213 2.0371532 0.96620341
0.41114552 2.0388825 0.96050864
0.41267599 2.0379071 0.96021
0.41202028 2.0388393 0.96093482
0.41444237 2.03732 0.96209143
0.4145921 2.0369903 0.9617238
0.41003446 2.0369639 0.95869345
0.40951298 2.0348805 0.95769641
0.40772282 2.0362186 0.95827504
0.41305582 2.035661 0.96196748
0.41314592 2.0382233 0.96195657
0.4157293 2.0407362 0.96454545
0.41337524 2.0396537 0.96132326
0.41466817 2.0365102 0.96311483
0.41570703 2.0369076 0.96230541
0.41591777 2.0367555 0.96320012
0.41431791 2.0387321 0.9634879
0.41171727 2.0378401 0.96220083
0.40989931 2.0390695 0.962706
0.41016719 2.0385452 0.96237805
0.41232822 2.0385675 0.96236582
0.41356958 2.0388375 0.96245312
0.41543934 2.0372651 0.96132241
0.93861475 2.135301 3.5538106
0.94005859 2.1338194 3.5541464
0.93768584 2.1337474 3.5508677
0.94185693 2.1340063 3.5516134
0.94033841 2.1358593 3.5488144
4.9647155 1.6205618 1.6549411
4.9634657 1.6210935 1.6538313
4.9608827 1.6238267 1.6541319
4.9597179 1.6258392 1.6523008
4.9614339 1.6286697 1.6528645
4.9671141 1.626707 1.6546453
4.9673508 1.6266234 1.6557205
4.9673847 1.6245566 1.6564557
4.9650133 1.6250853 1.6578966
4.9615437 1.6223778 1.652803
4.9622699 1.6223997 1.6556067
4.9614756 1.6223894 1.6520872
4.9624396 1.6243711 1.6526609
4.9619557 1.624115 1.6492739
3.03128 2.01857 2.88397
4.9621835 1.6245596 1.6516354
4.961053 1.6254029 1.6536805
4.9628025 1.6244871 1.6533277
4.37153 1.18621 0.57953
4.4285887 1.5643075 2.3501969
4.4289002 1.565702 2.354917
4.427504 1.5660165 2.3555144
4.4284817 1.5680266 2.3571993
4.4271996 1.568391 2.3523893
4.4263162 1.5678235 2.3530699
4.4251559 1.5678754 2.3517369
4.4263289 1.5680459 2.3526712
4.4291827 1.5670348 2.3503193
4.4297456 1.5694914 2.3491004
4.4309363 1.5649818 2.3494523
4.4273796 1.5672088 2.3485255
4.4284976 1.5627936 2.3502496
4.4291272 1.5645941 2.3494346
4.4325271 1.5642169 2.3508253
4.4336493 1.5644749 2.3495909
4.4336332 1.5655995 2.3515496
4.4333289 1.5655794 2.3498445
4.4301705 1.5676476 2.3518662
4.4326261 1.5665246 2.3503223
4.4346181 1.5657572 2.3518157
4.4338638 1.5656374 2.3518663
4.4323345 1.5664468 2.3518223
4.4286441 1.5680373 2.3510795
4.4304146 1.5678581 2.3493025
4.4307136 1.5674285 2.3490987
4.4292501 1.568154 2.3477407
4.432696 1.5679251 2.3488051
4.4327815 1.5659021 2.3492636
4.4332658 1.567543 2.3532636
4.4306241 1.5629634 2.3538167
4.4284333 1.5637408 2.3534069
4.4307971 1.5614224 2.3496413
1.1582535 1.767242 3.0088078
1.1591746 1.7652801 3.0088486
1.159384 1.7651941 3.0107198
1.1601384 1.7657871 3.0097759
1.1567899 1.765575 3.0109271
1.1579702 1.7644876 3.0105803
1.1580697 1.7626455 3.0114297
1.1594225 1.765548 3.0112209
1.1607001 1.7661834 3.009837
1.160624 1.7662813 3.0067949
1.1606682 1.7640211 3.0073235
1.1595549 1.7648402 3.0077078
1.1590562 1.763201 3.0127708
1.1584744 1.7645145 3.0106631
1.1575434 1.760952 3.0105551
1.3452241 2.016161 6.085449
6.14915 0.18732 6.08557
4.5782471 1.5284099 5.7211582
4.5786201 1.5279723 5.7224336
4.5777719 1.5265143 5.7191492
4.575958 1.5249638 5.7230483
4.57763 1.5273481 5.7214173
4.5765079 1.5267218 5.7250989
4.5787687 1.5262103 5.7267343
4.5757326 1.5249665 5.7255762
4.5772039 1.5229254 5.725353
4.5757895 1.5231658 5.7229218
4.5792261 1.5243469 5.7239616
4.578348 1.5272073 5.724944
4.5778445 1.5273075 5.7223028
4.5777284 1.5243254 5.7213531
4.578784 1.5238926 5.7196062
4.5772181 1.527842 5.7205707
4.5780231 1.5299142 5.7195944
4.5759612 1.5292734 5.722284
4.5764359 1.5252622 5.7219137
4.5753239 1.524678 5.7214192
4.5742389 1.524329 5.7220085
4.5765008 1.5270325 5.7226151
4.5755418 1.5283975 5.723483
4.5771894 1.5286018 5.7243908
4.5788248 1.5315104 5.7247155
4.581388 1.5333731 5.7275332
0.41645731 2.033122 0.96419022
0.41457252 2.0371157 0.9614275
0.41157162 2.0388479 0.95820902
0.41276253 2.0385609 0.9616786
0.41348911 2.0368435 0.96238056
0.41317451 2.0352167 0.96336782
0.40979601 2.0367734 0.95853769
0.41011597 2.0346669 0.96005543
0.41047065 2.0369323 0.96053592
0.4128534 2.0366003 0.96265284
0.41367646 2.0365845 0.96058791
0.41168186 2.0362731 0.95820907
0.41077909 2.0363874 0.95863826
0.41024483 2.039129 0.96132944
0.41253985 2.0401068 0.96376613
0.41394174 2.041537 0.96475388
0.41562743 2.0417564 0.96349429
0.41553525 2.0389911 0.96258597
0.4147752 2.037959 0.96290845
0.41526053 2.0375549 0.96079635
0.41401408 2.0347698 0.96165939
0.41485361 2.0372488 0.96141458
6.19569 1.15428 4.45721
0.41267536 2.0361485 0.96262445
0.41158476 2.035333 0.96202161
0.41146565 2.0364857 0.96115764
0.41134814 2.0370214 0.96093901
0.9426716 2.1345088 3.5529192
0.94157018 2.1333738 3.5519971
0.9423892 2.1324173 3.553261
0.94034775 2.1343982 3.5515705
0.94273201 2.1328572 3.5529559
0.9429437 2.1341375 3.5518113
4.9666909 1.6233408 1.651401
4.9642315 1.6226841 1.6510858
4.9614242 1.6255843 1.6522963
4.9629761 1.6247134 1.6516109
4.9638862 1.6269472 1.6503974
4.9684439 1.6250027 1.6509349
4.9670946 1.6273979 1.6497286
4.967365 1.6255863 1.6522429
4.9661375 1.6275461 1.6555187
4.9645906 1.6234176 1.6545578
4.9656167 1.624208 1.6576462
4.9621396 1.6238768 1.6510774
4.9624975 1.624305 1.6513962
4.9628847 1.6249239 1.6499435
4.9599889 1.6256963 1.6502384
4.9612732 1.6264027 1.6513822
4.9595499 1.6255077 1.6530497
4.961245 1.6260011 1.6541101
4.9606178 1.6259826 1.654949
4.4257552 1.5662529 2.3528315
4.4290222 1.5679974 2.3522775
4.432394 1.5666315 2.3529444
4.4328291 1.5670301 2.3546985
4.4286831 1.5653273 2.3523853
4.4277675 1.5643972 2.3508648
4.427779 1.563236 2.3481323
4.4277097 1.5644996 2.3499286
4.4294881 1.563806 2.3514888
4.4267073 1.5685094 2.3510245
4.4290212 1.5656987 2.3506466
4.4268411 1.5675065 2.3498212
4.4302844 1.5658017 2.3509872
4.4306004 1.5664575 2.3482584
4.4331301 1.5654126 2.3491625
4.4340848 1.5640878 2.3493055
4.4320008 1.5658205 2.3495666
4.4323381 1.5657436 2.3501968
4.429906 1.5669824 2.3511335
4.4331847 1.5651484 2.3519158
4.4342904 1.5656964 2.3537023
4.4348736 1.566895 2.3535068
4.4325424 1.5685885 2.3539821
4.4302277 1.5688803 2.3532554
4.4314583 1.5676788 2.3516279
5.38575 1.39897 5.35686
4.430839 1.5656452 2.3492238
4.4301365 1.5663204 2.3487692
4.4312462 1.5663137 2.3475551
4.430262 1.5680186 2.3495247
4.4304019 1.5657187 2.3502687
4.4292454 1.5670388 2.3509123
4.4331031 1.563987 2.3500873
4.4331183 1.5647924 2.3510516
1.1596742 1.7620428 3.0092161
1.1582195 1.7658561 3.0110702
1.1575032 1.7633733 3.010435
1.1563624 1.7645763 3.0127604
1.1582481 1.7616401 3.0109387
1.1595659 1.7610007 3.0134283
1.1595151 1.7629776 3.0118284
0.64504 0.8092 0.93629
5.89127 2.04275 3.39992
1.1612109 1.7632644 3.0073127
1.1626566 1.7640924 3.0052035
1.1628616 1.7628756 3.0116497
2.91981 2.08822 3.29924
1.1581071 1.7635928 3.0100066
4.577951 1.5290136 5.7207819
4.5784196 1.529594 5.7224692
4.5771683 1.5277393 5.7219694
4.5788722 1.5269613 5.7233625
4.5771161 1.5264907 5.7199075
4.5736012 1.5239339 5.721886
4.5754175 1.5269071 5.720232
4.5756902 1.5249926 5.7228913
4.5796791 1.5251409 5.7258029
4.576481 1.5245272 5.7241582
4.5760119 1.5255293 5.7238705
4.5751988 1.5276656 5.7209459
4.5786589 1.5288231 5.7232705
4.5779448 1.5285893 5.7251523
4.57758 1.5278686 5.7227471
4.5760626 1.5256216 5.7231529
4.5779439 1.5259221 5.7188201
4.5779922 1.5262488 5.7212307
4.579698 1.5283476 5.7205426
4.5773854 1.5273895 5.7223272
4.5771433 1.5264028 5.7217659
4.5756974 1.5243364 5.7207002
4.5738265 1.5231796 5.7195927
4.5769186 1.5249485 5.7215252
4.5781761 1.5257554 5.7206864
4.5800085 1.5248063 5.7217397
4.5782809 1.5254703 5.7210968
4.5779087 1.5273145 5.7231253
0.41403997 2.0381519 0.96253916
0.41466736 2.041199 0.96278196
0.41367501 2.0410927 0.95928608
0.41495482 2.0381375 0.96087295
0.41309146 2.0365446 0.9593922
0.41359915 2.0358791 0.96170973
0.4114691 2.0384014 0.95848657
0.40838012 2.0363493 0.95813358
0.40939533 2.0383142 0.95727888
0.41137157 2.0365819 0.9607351
0.41172239 2.0372559 0.96010064
0.41184746 2.0367859 0.96067562
0.41044973 2.0365889 0.96187922
0.41095918 2.0376911 0.96341881
0.41179156 2.0383652 0.96283813
0.41320609 2.0389963 0.96303148
3.01832 1.78324 0.65205
0.41292219 2.0379724 0.961655
0.41373908 2.0355126 0.96098944
0.41563518 2.0365948 0.96022038
0.41469899 2.0351059 0.9618072
0.41351885 2.0360472 0.95946151
0.41305653 2.0336417 0.96121071
0.41409619 2.0362438 0.96205928
0.41242608 2.036228 0.96337381
0.41243857 2.0369095 0.9635444
0.94451779 2.1357275 3.5531513
3.9363 1.14914 4.97803
0.94152697 2.13636 3.555083
0.9419822 2.1356321 3.5536777
0.94092874 2.1361587 3.5525228
0.9410114 2.1346482 3.5521959
0.9401255 2.1364153 3.5527719
4.9664265 1.6241658 1.6501274
4.963965 1.6239012 1.6497342
4.9621745 1.6256376 1.6520285
4.9644175 1.6237312 1.6551203
4.9646471 1.6254481 1.6557284
4.9672759 1.6255189 1.6568001
4.9624946 1.6281346 1.6548809
4.9645042 1.6269044 1.6566435
4.9666557 1.6273496 1.656512
4.966818 1.6237118 1.6541044
6.01454 2.19367 0.91201
4.9622075 1.6237241 1.6515437
4.9610975 1.6261208 1.6518489
4.9611828 1.6272301 1.6503969
4.958053 1.6276189 1.6515307
4.9600302 1.6268101 1.6535604
4.9581434 1.6258242 1.6541133
4.9614729 1.6266085 1.6545267
4.9620437 1.6250945 1.6537531
4.4299291 1.5677285 2.3547653
4.4311971 1.5683296 2.3535613
4.4333944 1.5665739 2.352434
4.4324764 1.5661921 2.3515662
5.99418 1.96378 5.01071
4.4283517 1.5653597 2.3490633
4.4273921 1.5637258 2.3477668
4.4278789 1.5660701 2.3490889
4.4303547 1.5639617 2.3494501
4.4296679 1.5672698 2.3503461
4.4311054 1.5643207 2.3510998
4.4279178 1.5686824 2.3505174
4.430894 1.5675306 2.3527545
4.4316515 1.5660151 2.3493945
4.4329224 1.5661373 2.3486983
4.4324988 1.565941 2.3479833
4.4314691 1.5660729 2.3489314
4.4323403 1.5648034 2.350345
4.4308928 1.5657206 2.3500307
4.4331946 1.5627229 2.3510734
4.4341127 1.5635539 2.3525571
4.4344219 1.5647536 2.3536269
4.4298697 1.5673241 2.3543746
4.4273802 1.5683561 2.3520863
4.4284107 1.5666525 2.3511382
4.4308436 1.5651925 2.3499593
4.4313888 1.56455 2.3499517
4.430606 1.564564 2.3499671
4.4314431 1.5657047 2.3497907
4.4300145 1.5650418 2.3507056
4.4312661 1.5647542 2.3511289
4.4299604 1.566115 2.3510709
4.4329779 1.5652276 2.350156
4.4327211 1.5667967 2.3510107
4.43412 1.5646956 2.3493312
4.4309155 1.5674081 2.3523844
4.4298025 1.5679895 2.349693
4.428825 1.5686077 2.3503715
4.4301731 1.5665708 2.3499117
4.4291524 1.5648653 2.3504718
4.4304194 1.565378 2.350759
4.4289583 1.565055 2.3511497
1.21572 1.29705 2.80759
4.43138 1.56515 2.33912
4.423 1.56373 2.34853
4.42143 1.56252 2.35601
4.44109 1.57575 2.34792
4.42841 1.56689 2.35055
4.5785795 1.5288837 5.720737
4.5789664 1.5293868 5.7221432
4.5782416 1.528914 5.7229097
4.5796062 1.5277635 5.724392
3.22777 1.91156 1.52087
4.5741469 1.5242473 5.722688
4.5758776 1.5266904 5.7200346
4.5772723 1.5244948 5.7217133
4.5808057 1.5251191 5.7216573
4.5779734 1.5235403 5.7214939
4.5765419 1.5242085 5.7219079
4.5742989 1.5268044 5.7224143
4.5761433 1.5288207 5.7247685
4.5802592 1.5299396 5.7250232
4.5797945 1.5287288 5.7227066
4.5776267 1.5267189 5.7248126
4.5771014 1.5279646 5.7234517
4.5755899 1.526819 5.7229935
4.579505 1.5291059 5.7207592
4.5782374 1.527871 5.721797
4.5790105 1.5271564 5.7231263
4.5767411 1.5256701 5.7242483
4.5768398 1.5264553 5.7230978
4.5783516 1.5281315 5.7229464
4.5791447 1.526757 5.7231708
4.578776 1.5254889 5.7239435
4.5786137 1.5228814 5.7231547
4.5784863 1.5244022 5.7239793
0.41346755 2.0377724 0.96427901
0.41467083 2.0385574 0.96430155
0.41178441 2.0398563 0.95999128
0.41437744 2.0367742 0.96118246
0.41306329 2.0351945 0.95952378
3.25488 2.60845 4.28245
0.41086377 2.037164 0.95753189
0.40901094 2.0356465 0.95881735
0.41266829 2.0371314 0.95995396
0.41258752 2.0363417 0.96181608
0.41388175 2.0388448 0.96192309
0.41165535 2.0385472 0.96109982
0.41075227 2.0392008 0.96351559
0.40975704 2.0408007 0.96325856
0.9464 2.1317 5.75503
0.40978705 2.0406169 0.96176182
0.41000475 2.0390049 0.96069882
0.41171608 2.0379179 0.96150075
0.41321405 2.0380735 0.96119267
0.41327098 2.0362968 0.96077216
0.41492627 2.0354141 0.96215227
0.41362886 2.0340938 0.96361428
0.41411214 2.0352823 0.96473687
0.41417793 2.0345151 0.96242385
0.41265369 2.0356576 0.9622499
0.94648923 2.1362691 3.5559002
0.94386456 2.1335796 3.5531788
0.9439203 2.1345893 3.5536553
0.94354878 2.13368 3.5531045
0.94330663 2.1343949 3.5511375
0.94214366 2.1347062 3.5520656
0.94252832 2.1324012 3.5518673
0.94388571 2.1329224 3.5544954
0.43875 2.24519 1.09198
4.9624464 1.6252417 1.6516833
4.9624556 1.6262544 1.652166
4.9653632 1.6249969 1.6559086
4.963944 1.6253624 1.656285
4.9622539 1.6252713 1.657625
4.9600023 1.6265348 1.6552241
4.962916 1.6244057 1.6567721
4.9632347 1.6269031 1.6554582
4.9649981 1.6245569 1.6557034
4.9649175 1.6274068 1.6532922
4.9643259 1.6261005 1.6519717
4.9639719 1.6266855 1.6524587
4.962796 1.6250652 1.6521804
4.9605867 1.6264685 1.6520447
4.9612394 1.627482 1.6517509
4.9603152 1.6266824 1.652176
4.9622533 1.6279253 1.6540712
2.79204 1.00888 4.60917
4.9620164 1.6283527 1.6532417
4.428511 1.572553 2.3530294
4.4322893 1.5705748 2.3506575
4.4331989 1.5668642 2.3501789
4.4321208 1.5647379 2.3494286
4.4304074 1.5654847 2.3507738
4.4289285 1.5650888 2.3488427
4.4284623 1.5647972 2.3509475
4.4290758 1.5626387 2.3488477
4.4274254 1.5672024 2.3504843
4.4302562 1.567505 2.3504774
4.4289227 1.5705017 2.3515653
4.4325669 1.568904 2.3521878
4.4313891 1.5689328 2.3489091
2.02246 1.59411 5.13498
4.4315692 1.5658004 2.3488963
4.4309935 1.5667729 2.3511815
4.4291798 1.5658204 2.3502861
4.4292842 1.5661103 2.3500776
4.4288687 1.5631639 2.3472323
4.4318264 1.5656386 2.347865
4.4308065 1.5657825 2.3490916
4.4296679 1.5683348 2.3525296
4.4284444 1.5688843 2.3519924
4.4291122 1.5666797 2.3530334
3.82425 1.466 1.19174
4.4312032 1.564373 2.3517055
4.431019 1.5633424 2.3507553
4.4314713 1.5639109 2.3484698
4.4333825 1.5639908 2.348539
4.4336998 1.5645049 2.3485811
4.4330508 1.5675752 2.350806
4.4338458 1.5683581 2.3510323
0.26126064 0.61384094 0.60746483
6.14452 1.92008 2.10029
0.25933439 0.61707181 0.60671189
0.2528532 0.61813275 0.61158917
0.25560375 0.61693423 0.61028361
2.78909 0.67545 2.78241
0.24900259 0.61481057 0.61305851
0.25607555 0.61237894 0.60408759
0.25314031 0.61180828 0.60961024
0.25879766 0.61259521 0.60464637
0.25457395 0.61508416 0.61096693
1.29763 2.35781 1.64725
0.2647065 0.61621347 0.59604484
0.26475769 0.61556704 0.59905036
0.26034418 0.61546674 0.60272565
4.5759354 1.524947 5.7241379
4.5758712 1.5265807 5.7238275
4.5763476 1.5270269 5.7241374
4.5755633 1.5285599 5.7253156
4.5736053 1.5271948 5.7232778
4.5738753 1.5246626 5.7242088
4.5747963 1.5248225 5.7205141
4.5754922 1.5249924 5.7219638
4.5781196 1.5266132 5.7202834
4.5765933 1.5243746 5.7208876
4.5780603 1.5260573 5.7208447
4.5772906 1.5286694 5.7211496
4.5768021 1.5293117 5.7244461
1.59259 0.75421 3.13087
4.5778143 1.5287342 5.7244835
4.5769363 1.5269352 5.722553
2.87654 1.20305 4.7387
4.5747811 1.5247101 5.7252288
4.5799399 1.527345 5.7240896
4.5766576 1.5263819 5.7229485
4.5790971 1.5286376 5.7248529
4.5761552 1.5276985 5.7232261
4.5784676 1.5266558 5.7218121
4.5782649 1.5273616 5.720421
4.5803097 1.5239641 5.7224062
4.5794742 1.5243611 5.7228031
4.5789455 1.5204985 5.7223524
4.5772673 1.5224274 5.7204632
2.6861229 1.0903072 0.68362804
2.6888864 1.090117 0.67930124
2.6847547 1.0903456 0.68098826
2.6886971 1.0898165 0.67896868
2.6854894 1.0923818 0.68070376
2.6874243 1.092882 0.68090593
2.689903 1.0943923 0.67790615
2.14759 2.73439 5.6434
0.41282093 2.0371449 0.96033756
0.41301227 2.036278 0.9615637
0.41421838 2.0387876 0.96299318
0.41066618 2.0381343 0.9615818
0.41256894 2.0379344 0.96307196
0.41114801 2.0403358 0.96011179
0.41430983 2.0394621 0.96298844
0.4130153 2.0410922 0.96115727
0.41191457 2.0386343 0.96320228
0.41347008 2.0370337 0.96288673
0.41351463 2.038514 0.95961019
0.41413253 2.0358134 0.96107988
0.41469116 2.037611 0.96270095
0.41407564 2.0347749 0.96491957
0.41597691 2.0364845 0.96639709
0.41418381 2.0357259 0.96288446
0.94619633 2.1325813 3.5525355
0.9479944 2.1356795 3.5536668
0.94698269 2.1339385 3.5519545
0.94767306 2.1352437 3.5547099
0.94449901 2.134078 3.5515322
0.94298719 2.1346803 3.5494768
0.94235807 2.1358525 3.5495762
0.94078774 2.1342816 3.5502965
0.94319098 2.1346925 3.5532611
4.9580693 1.627303 1.6529971
4.9605511 1.6281301 1.6514151
4.963247 1.6274929 1.6499303
4.9655156 1.6278531 1.6523349
4.9660924 1.6262656 1.6560551
4.9635367 1.6254723 1.6597291
4.9607264 1.6272163 1.6591341
4.9637472 1.6249249 1.65789
4.9628335 1.6256236 1.6536382
4.9634682 1.6234634 1.6526607
4.9623398 1.6255451 1.6526991
4.9634905 1.6269624 1.6523434
4.9649526 1.6281883 1.6520607
4.9641699 1.6277323 1.6521988
4.9625739 1.627071 1.6532688
4.9632881 1.6278185 1.6559926
4.9629141 1.6277276 1.6554585
4.9639129 1.6270235 1.6556817
4.9623857 1.6267384 1.6531219
4.9634307 1.6259196 1.6529393
4.4293851 1.5728657 2.3514991
4.4288865 1.5715384 2.3509115
1.10087 2.97643 3.73133
4.4307943 1.5681699 2.3499038
4.429595 1.5666527 2.3524142
4.4286637 1.5672455 2.3503362
4.4262484 1.5643845 2.3520352
4.4279923 1.5634937 2.3481295
4.4277724 1.5645433 2.3517363
4.4318971 1.5668297 2.3496494
4.4304588 1.570006 2.3512832
0.59062 2.37904 0.09345
4.4307814 1.5668284 2.3495545
4.4305326 1.5678164 2.3492263
4.4293454 1.5661114 2.3506608
4.4297066 1.5674107 2.3523737
4.4300906 1.5646221 2.3505897
4.4309972 1.5649077 2.3509772
4.4272565 1.5629045 2.3498247
4.4287123 1.5643783 2.3509883
4.4288638 1.5639969 2.3512758
4.4310517 1.5657406 2.3509893
4.4289506 1.565011 2.3505818
4.4280157 1.568022 2.3503211
4.4286906 1.5669758 2.3524403
4.4294443 1.5671307 2.3525319
4.4316032 1.5649442 2.3503998
4.4324987 1.5644237 2.3466017
4.4346747 1.5647697 2.3483618
4.4341589 1.5632351 2.3484737
4.60444 2.11167 2.56061
0.25974703 0.61719899 0.60608553
0.25991367 0.61725769 0.60695406
0.25832006 0.61572939 0.60735459
0.26165909 0.61645568 0.60667053
2.22577 1.23831 6.23135
0.25907658 0.61896231 0.60656723
0.2582645 0.61787871 0.6057002
0.25223322 0.61600499 0.61015916
0.25579841 0.61389424 0.60622464
0.25531645 0.61391559 0.60627881
0.26042078 0.61296153 0.60327687
0.25698372 0.61370316 0.60724847
0.259622 0.61369323 0.60525301
0.26315727 0.61515349 0.59986562
0.26255477 0.61513462 0.60214453
0.26031579 0.61475475 0.60480496
4.5739544 1.5248449 5.7210588
4.5736758 1.5267319 5.7227713
4.5754005 1.5290143 5.7254218
4.57421 1.5303014 5.7282403
4.5745896 1.5286763 5.7255161
4.572699 1.5270041 5.7258348
4.5744955 1.5265805 5.721161
4.5746167 1.5257158 5.7210389
4.5779543 1.5274492 5.7191531
4.5768701 1.5252629 5.7182014
4.5802215 1.5242292 5.7224074
4.5770259 1.5241956 5.7216638
4.5773577 1.525159 5.7262815
4.5788029 1.5279967 5.7237426
4.5769337 1.5282072 5.7278938
4.5760195 1.5275566 5.7247714
4.5756843 1.5250581 5.7267676
4.5754603 1.5236806 5.7238566
4.5773518 1.5261792 5.725062
4.5750723 1.5275228 5.7238856
4.57884 1.5269178 5.7273971
4.5767992 1.5274331 5.7263387
4.5799434 1.5286373 5.725303
4.5771294 1.531157 5.7227524
4.5784252 1.5277571 5.7250895
4.5764223 1.5274651 5.7248995
4.5795102 1.5256036 5.7249
4.5803214 1.5264396 5.7227721
2.6889516 1.0891836 0.68205492
2.6918382 1.0891248 0.68005537
2.689786 1.0897578 0.67951063
5.25526 0.95826 0.19608
2.6892178 1.0933061 0.6828255
2.6904507 1.0946139 0.68150548
2.5134 0.92509 3.54772
2.6892331 1.091732 0.68251739
5.41626 2.74185 0.27207
0.41368008 2.0375601 0.96379731
0.41611312 2.0395419 0.96427996
0.41282247 2.0401854 0.96476977
0.41310579 2.0387773 0.96372097
0.40945777 2.0408863 0.96175623
0.41333329 2.0391209 0.96302972
0.41346218 2.0402679 0.96215083
0.41235324 2.0401547 0.9631724
0.41341191 2.0389907 0.96320662
0.41043652 2.0408961 0.9598585
0.41371887 2.0357055 0.96060204
0.41454639 2.0369 0.96308601
0.4149923 2.0336963 0.96567778
0.41600176 2.0357579 0.9676822
0.94650051 2.1337484 3.5557595
0.94824118 2.1336757 3.5544952
0.9482553 2.1345726 3.5552567
0.94646322 2.1308023 3.5523064
0.94802229 2.1326434 3.5552814
0.9470517 2.1336125 3.5534064
0.94509278 2.1337624 3.5541652
0.94243714 2.1338595 3.5503048
0.94264641 2.1322883 3.551889
0.18106 1.20086 2.3562
4.9604606 1.6272625 1.6548593
4.9612529 1.6289961 1.6537236
4.9623187 1.6268928 1.6526385
4.9634792 1.6253995 1.6542237
4.9623458 1.6253688 1.6555746
4.9623681 1.6250371 1.6575592
4.9623293 1.625265 1.6569779
1.07694 1.10933 4.69823
4.9617574 1.6241943 1.6537967
4.9617778 1.623325 1.6515281
4.9627985 1.6223916 1.6546451
4.9634164 1.6247129 1.6526441
4.9667455 1.6237613 1.6528793
4.9663669 1.6246836 1.6503146
4.9664543 1.6240992 1.6526661
4.9656079 1.6260288 1.654954
4.9640275 1.6259555 1.6532361
4.9658431 1.6237017 1.6539101
4.9622681 1.6243063 1.6538756
4.9620322 1.6238802 1.6559045
3.70503 0.58127 6.2088
4.4269039 1.5719126 2.3531022
4.4284098 1.5698889 2.349298
4.4287829 1.5688957 2.349292
4.4282617 1.5689236 2.3515417
4.4288587 1.5698791 2.3522563
4.4257783 1.5653307 2.3529034
4.4288406 1.5671432 2.34915
4.4271591 1.5662695 2.3512523
4.4305367 1.5706748 2.3496572
4.4302083 1.57085 2.3535677
4.4313017 1.5720816 2.3510914
4.4305949 1.5693171 2.3516755
4.43144 1.5692275 2.3508659
4.4313397 1.5667095 2.3522367
4.4322 1.5669764 2.3525337
4.430135 1.5660238 2.3499746
4.4298759 1.5647305 2.3497809
4.4265926 1.5667117 2.3498486
4.4287324 1.5639575 2.3516877
4.428286 1.563497 2.3519218
4.4323743 1.5655436 2.3511418
4.4301539 1.5652313 2.3513541
4.4278107 1.5690304 2.3506346
4.4289787 1.5652954 2.352289
4.4285405 1.5665119 2.3507124
4.4316197 1.5644971 2.3504553
4.4306688 1.5645327 2.3471277
4.43295 1.566029 2.3480503
3.09187 1.87187 0.67351
0.26257519 0.61487776 0.60834444
0.25747916 0.61572991 0.61201066
0.25811067 0.61753144 0.60933949
0.25632804 0.61726754 0.60781273
0.25964037 0.61607996 0.60610562
0.26160967 0.61647085 0.60168623
0.25931019 0.61514147 0.6041484
0.26115721 0.61336564 0.60447542
0.25677023 0.61190042 0.6093713
0.25869019 0.61223205 0.60888143
0.26095439 0.61419689 0.60398408
0.26016009 0.6139637 0.60701618
0.25984479 0.614089 0.6058125
0.25780118 0.61384084 0.60766133
0.25771957 0.61394985 0.60610857
0.2595491 0.61436265 0.60836703
0.25866899 0.61418596 0.61034586
4.5732209 1.5256509 5.7226383
4.5733985 1.5239584 5.7238407
4.5762725 1.5269739 5.7242797
4.5736949 1.5279811 5.7254224
4.5760428 1.5328074 5.7215917
4.5741286 1.5291862 5.7229964
4.5789703 1.5274018 5.7207139
4.5752847 1.5240199 5.7199053
4.5766274 1.5251298 5.7207304
4.5760668 1.523315 5.7195984
4.5804261 1.5246652 5.7236142
4.5790204 1.5233567 5.722848
4.5783057 1.5248486 5.7279543
4.574897 1.5265165 5.7259085
4.5751564 1.5266305 5.7264348
4.5741658 1.5272436 5.723527
4.5749329 1.5264945 5.7241516
4.574799 1.5268701 5.7239882
4.5773189 1.5255569 5.7249034
4.5754581 1.52777 5.7244893
4.5758027 1.5265265 5.7259504
4.5755008 1.5279453 5.7249846
4.5789097 1.5269146 5.7228363
4.5775753 1.5267501 5.7216233
4.5804521 1.5269963 5.722542
4.5779512 1.5261605 5.7252702
4.5795822 1.5269735 5.7232965
4.580192 1.527299 5.7200593
2.6932447 1.0854635 0.67820043
2.694665 1.0866636 0.67728913
2.6926312 1.0893024 0.67781091
2.6937843 1.0927431 0.68015183
2.6949164 1.0926211 0.67933696
2.6941974 1.0943769 0.68023223
2.6948544 1.0930717 0.67848501
2.6886091 1.0929545 0.68221503
2.6896934 1.0927809 0.68035848
2.6877369 1.0915822 0.68320967
0.41630945 2.0365421 0.96175493
0.41422499 2.0366325 0.96272721
0.41422973 2.0355672 0.95932831
0.41218263 2.0387498 0.96204287
0.4143211 2.0388225 0.96188763
0.41572476 2.0402785 0.9638175
0.41460046 2.0403188 0.96367061
0.41586434 2.0395164 0.96211548
0.41186486 2.041849 0.96098642
0.41240909 2.0371153 0.95990619
0.41245535 2.0382722 0.96128811
0.41575978 2.0355214 0.96400549
0.94352336 2.1340264 3.5529359
0.94547043 2.1329134 3.5544675
0.94715339 2.132556 3.5518939
0.94773893 2.1332951 3.5535375
0.94791438 2.1321743 3.5535348
0.94872128 2.1338752 3.553826
0.94606557 2.1333054 3.5510827
0.94499632 2.1334648 3.551797
0.94146671 2.1336784 3.5481612
0.94141765 2.1327733 3.5497703
0.97276 2.18805 3.10539
4.9611439 1.6269819 1.6511716
4.9629627 1.6269904 1.6520373
4.9642443 1.6271177 1.6521034
4.9658946 1.6260374 1.6528218
4.9637456 1.6250733 1.6531802
4.9646112 1.6254704 1.6555902
4.9643698 1.6249861 1.6555664
4.964563 1.6242272 1.6504287
4.9633573 1.6226094 1.6491965
4.9618191 1.621686 1.6481162
4.9633344 1.621697 1.6544294
4.9641792 1.6234891 1.652432
4.9675788 1.6249969 1.653453
4.9647351 1.6258803 1.6501626
4.9654936 1.6260059 1.6540629
4.9644161 1.6260391 1.65473
4.9646329 1.6265163 1.6555042
4.9649671 1.6249057 1.6555848
4.9646559 1.6254741 1.6554558
4.9657324 1.6252473 1.6583574
4.9646567 1.626668 1.6559681
4.9643671 1.6258847 1.6549637
4.4277572 1.5696175 2.3494519
4.4277775 1.5685001 2.3493755
4.4280585 1.5683702 2.3484172
4.4275101 1.569551 2.3484422
4.4244144 1.5677832 2.3519755
4.4256771 1.5693092 2.3495461
4.4259475 1.5674662 2.3529285
4.4308093 1.5697629 2.3505897
4.4316236 1.5693 2.3526018
4.4297389 1.5681402 2.3512954
4.427436 1.5688618 2.350764
4.4297648 1.5667188 2.3507584
4.4289243 1.5678145 2.3506161
4.4313519 1.564672 2.3508998
4.4307517 1.5671789 2.3508749
4.4323733 1.5643385 2.3542438
2.97623 1.01917 0.40338
4.430507 1.5633919 2.355251
4.4292868 1.5642421 2.3532829
4.4324624 1.5650991 2.3507647
4.4309298 1.5661028 2.350478
4.4276371 1.5708146 2.350235
4.428045 1.5681125 2.3506271
4.4238538 1.5682931 2.3498805
4.4303463 1.5654144 2.3496319
4.4304471 1.5654353 2.3475526
0.26116904 0.61446764 0.60361674
0.26274877 0.61391742 0.60378674
0.26177029 0.61546688 0.60628376
0.25809678 0.61516054 0.60905324
0.25674855 0.61688081 0.60946108
0.25600207 0.61660907 0.60977821
0.25776205 0.616806 0.607608
0.26286833 0.61784533 0.60524397
0.2626096 0.61612105 0.60276316
0.26286463 0.61528679 0.60521164
0.25772102 0.61304001 0.60860914
0.25562796 0.61386448 0.61265056
0.26289666 0.61427615 0.60400779
0.26272153 0.61509873 0.60453906
0.26585682 0.61479782 0.60046576
0.26290642 0.61629026 0.60328708
0.26431891 0.61609899 0.60085551
0.26788473 0.61576508 0.60033197
0.2651041 0.61479035 0.60304904
4.5755286 1.5286382 5.7234836
4.5744804 1.5250693 5.7247204
4.5761953 1.5285615 5.7234033
4.5753635 1.5272918 5.7253695
4.5785366 1.5347468 5.7222482
4.5760819 1.5313271 5.7215272
4.5797887 1.530412 5.7197423
4.5759699 1.5251731 5.7188478
4.5762853 1.5255215 5.7224042
4.5777686 1.523385 5.722268
4.5795973 1.5251807 5.7255222
4.5809083 1.5254105 5.7237397
4.5806647 1.5262421 5.7243573
4.5772882 1.5262481 5.725692
4.5761386 1.5248388 5.7279603
4.5743327 1.5263923 5.7257564
4.5782829 1.5258031 5.7246456
4.5787687 1.5279227 5.7231658
4.5774518 1.5281676 5.7234423
4.5744765 1.5286135 5.7254703
4.5759604 1.5259497 5.7268305
4.5770812 1.5259004 5.7256879
4.5791956 1.5268636 5.722565
4.5795086 1.5281114 5.7242023
4.5791655 1.5290093 5.7230346
4.5791821 1.5292808 5.7256098
4.5791081 1.5303284 5.7215275
4.578395 1.5285842 5.7236025
4.95024 2.299 1.53014
2.6936215 1.0866814 0.67831212
2.6935331 1.0872754 0.6771589
5.30152 1.39264 4.44582
2.6928946 1.0924695 0.68224764
3.0561 2.42574 4.19467
2.6950127 1.091846 0.67746276
2.6901201 1.0910634 0.68062335
2.6921122 1.0891732 0.67901006
2.6904863 1.0904781 0.68229881
2.6962256 1.0900474 0.67701409
0.4144876 2.0371665 0.96387939
0.41467522 2.0362017 0.9584892
0.41154682 2.0363635 0.9591618
0.41143589 2.0353396 0.95878378
0.41151616 2.0364933 0.96056389
0.41378686 2.0381152 0.96424364
0.41453518 2.0385592 0.96369464
0.41396719 2.0412174 0.9655892
0.41291572 2.0354815 0.96300453
0.41104847 2.0382989 0.96070748
0.94226465 2.1320641 3.5569207
0.94247372 2.132536 3.5541948
0.94623432 2.132543 3.5566901
0.94760954 2.1337621 3.5538687
0.94724611 2.1346925 3.5524259
0.94144494 2.1336729 3.5509531
0.94456588 2.1337379 3.5523545
0.9454456 2.132463 3.5552293
0.94647488 2.1328644 3.554364
0.94231004 2.1312458 3.5527707
0.94319641 2.1338105 3.5537078
0.94092794 2.1354994 3.5502652
4.9652085 1.6259467 1.6514058
4.9659213 1.6256192 1.6537513
4.9629953 1.6233368 1.6554839
0.9138 0.38546 1.42673
4.9582334 1.622429 1.6529518
4.9608218 1.6250951 1.6511829
4.9631907 1.6249743 1.6503203
4.9623197 1.6243232 1.6486852
4.9624271 1.6238273 1.6508144
4.9618796 1.6223298 1.6501791
4.9640931 1.6228762 1.6552368
4.9639934 1.6226805 1.6536454
4.9658481 1.6261248 1.6540471
0.99597 0.72042 4.93403
4.9665552 1.6264432 1.6525752
4.963683 1.6265568 1.6513237
4.9645334 1.6253946 1.6536998
4.9642577 1.6249101 1.6541952
4.9644502 1.6241151 1.6555271
4.9644424 1.6224477 1.6550138
4.9646386 1.6217074 1.6527292
4.9655587 1.6226142 1.6529793
4.4315733 1.5691324 2.3497864
4.4309188 1.5699274 2.3491465
4.4296936 1.5685254 2.3479592
4.4281719 1.5696305 2.3479796
4.4267409 1.5691246 2.3512021
4.4275041 1.5712958 2.349871
4.4278755 1.5684971 2.3513207
4.4314557 1.565753 2.3500411
4.4311547 1.5654868 2.3518871
4.432446 1.5658358 2.3541777
4.4302277 1.569047 2.3528244
4.4329087 1.5661967 2.3528113
4.430077 1.5684262 2.3489333
4.4315983 1.5645661 2.3490121
4.4295275 1.5679171 2.3484583
4.4308388 1.5662945 2.3520358
4.4293771 1.5664929 2.3544488
4.4309363 1.5641005 2.3535064
4.4310608 1.5643872 2.3509461
4.4334407 1.5678896 2.3484317
4.4314253 1.5669583 2.3470475
4.4292337 1.5693051 2.349651
4.4282987 1.567612 2.3493169
4.4259373 1.5685314 2.3501388
4.4293652 1.5665774 2.3479426
4.4273226 1.566241 2.3481421
0.26279192 0.61452248 0.60284276
0.26100557 0.6138218 0.60421383
0.25962699 0.61295995 0.60901044
0.25769682 0.61353728 0.60995801
0.25632394 0.61556434 0.61046571
0.2556302 0.61677997 0.61105069
0.25475077 0.61833894 0.60932581
0.25769085 0.61718843 0.6104076
0.26178637 0.61519647 0.60413031
0.26295527 0.61429725 0.60680147
0.26131121 0.61180381 0.60731326
0.25975986 0.61348141 0.61075974
0.26253585 0.61355571 0.606669
0.26245667 0.61460423 0.60740845
0.26507702 0.61552134 0.60344259
0.26515791 0.61667134 0.6036641
0.26547391 0.61712323 0.60197365
0.26831838 0.61668861 0.60143449
0.26497989 0.61604668 0.60443748
4.5771749 1.529657 5.7260301
4.5775628 1.5255164 5.7253555
4.5778252 1.5279578 5.7224771
4.5790342 1.5260652 5.7237793
4.5825223 1.532895 5.7206934
4.5804756 1.5291175 5.7182929
4.5817359 1.5300524 5.7172378
1.76916 0.42631 6.0037
4.577171 1.5247255 5.7253181
4.5788432 1.5251162 5.724114
4.5781279 1.5272051 5.7228959
4.5796065 1.5283081 5.721001
4.5770627 1.5277254 5.7214094
4.5759361 1.5279043 5.7232686
4.5767534 1.525166 5.7237407
4.5777007 1.5271857 5.7226594
4.5766257 1.5266751 5.7216683
4.5758687 1.5271656 5.7200553
4.5761748 1.5273607 5.7195277
4.5745075 1.5258666 5.7224509
4.5770185 1.5263264 5.7218
4.5779256 1.5253189 5.7236213
4.5793902 1.5261467 5.7222456
4.5807903 1.526359 5.7245684
4.5791491 1.5269185 5.7231174
4.5778775 1.5301059 5.7279932
4.5782801 1.5284471 5.7257791
4.5790683 1.5282941 5.72699
2.6902271 1.087556 0.67787752
2.6905671 1.0883029 0.68073138
2.6904336 1.090363 0.68145258
2.6911629 1.0906917 0.68536542
2.692162 1.0911151 0.68329324
2.6922239 1.0919954 0.681474
2.6936379 1.0904534 0.67886617
2.6910421 1.0932718 0.67928839
2.6934201 1.0912957 0.67670875
2.6900556 1.0927759 0.68034628
2.6952399 1.0917951 0.67589608
2.6938658 1.0946738 0.6802675
1.59458 1.84349 5.70218
0.41203392 2.0352459 0.95301763
0.41231914 2.0345769 0.95736195
0.40794619 2.0348384 0.95758888
0.41381854 2.0369193 0.96600318
0.41415357 2.0361733 0.9647547
0.41702923 2.039609 0.96806335
0.94451728 2.1331266 3.5533643
0.94394891 2.1309997 3.5491736
0.94316714 2.1322596 3.5514373
0.94391622 2.1325227 3.5521085
0.9478051 2.1341775 3.5547971
0.94729035 2.1332087 3.5554207
0.94814968 2.1340294 3.5554065
0.94319101 2.1341545 3.5542093
0.94317082 2.1357005 3.5495503
0.94287008 2.135925 3.5501828
0.94473212 2.1363091 3.5506513
0.94299391 2.1344729 3.5504698
0.94483621 2.135698 3.5516411
0.94314855 2.1356218 3.5516539
0.94841254 2.1383915 3.5543473
4.9649476 1.6240755 1.6538469
4.9620577 1.6241578 1.6544316
4.962297 1.6231138 1.6515906
4.9614934 1.6240127 1.6485987
4.9617797 1.6245536 1.6480277
4.9627606 1.6264408 1.6489225
4.9619838 1.6262479 1.6484101
4.9620579 1.6244099 1.6511446
4.9625196 1.622339 1.6522772
4.9635833 1.6216354 1.6548712
4.9657989 1.6222266 1.6524813
4.9638535 1.6259503 1.6529512
4.9631936 1.6275379 1.653485
4.9625626 1.6259582 1.6541808
4.9631049 1.6263418 1.6529396
4.9603802 1.6258186 1.652836
4.9615395 1.6272231 1.6526212
4.9617822 1.6260087 1.6551663
4.9660718 1.6243526 1.6541877
4.9653614 1.6232193 1.6544678
4.9662817 1.6245954 1.653426
4.4309105 1.5661007 2.3496358
4.4282809 1.5677095 2.3501447
5.82097 1.60838 3.8654
4.4285655 1.5679257 2.3501967
4.4297843 1.5683214 2.3505876
4.4281816 1.569821 2.351599
4.428506 1.5676672 2.3505645
4.4327221 1.5643609 2.3514494
4.4330893 1.5639264 2.3505269
4.4322682 1.5642621 2.3495392
4.4286099 1.5683337 2.3493394
4.4285474 1.5679736 2.3521246
4.4302605 1.5677984 2.3486251
4.4315025 1.5639145 2.3486191
4.4308487 1.564577 2.346265
4.429818 1.5646088 2.3528241
4.4295029 1.5656557 2.3541287
4.4294754 1.5672282 2.3525754
4.4308166 1.5646875 2.348776
4.4324421 1.5674497 2.3474577
4.4319741 1.5665767 2.346397
4.4314904 1.570484 2.3493917
4.4304866 1.5698147 2.3501146
4.4288979 1.5708373 2.3508513
4.4306002 1.5689094 2.3502459
0.26070457 0.61916662 0.60175285
0.25989971 0.61894088 0.60319362
0.25791629 0.61911645 0.604559
0.26103685 0.61668597 0.60525738
0.26369337 0.61485594 0.60240448
0.26282585 0.61486315 0.60441659
0.25866476 0.61572248 0.60767927
0.25455467 0.61742913 0.61084122
0.25783012 0.61625008 0.61064806
0.26243405 0.6163104 0.60554371
0.26155875 0.61529276 0.60578503
0.25888168 0.61337582 0.60661553
0.25875527 0.61343735 0.60788498
0.25990834 0.61288631 0.60623112
0.26432032 0.61352189 0.60384026
0.26436831 0.61557415 0.60164641
0.26593073 0.61652721 0.60273143
0.26430342 0.61810054 0.60143017
0.26304425 0.6174858 0.60409743
0.25852595 0.61796694 0.60607779
0.26001339 0.61892334 0.60542428
4.5779485 1.529441 5.7221855
4.5772199 1.5300154 5.7214325
4.5778386 1.5268457 5.722538
4.5785804 1.5303398 5.720949
4.5775841 1.5277275 5.7161398
4.581305 1.5281379 5.7148236
4.5796395 1.5262806 5.7193979
4.5784699 1.5273639 5.7265331
4.5787115 1.5268 5.7271556
4.5772023 1.5257464 5.7239961
4.5812697 1.5270184 5.7220726
4.5797274 1.5267415 5.7202967
4.5809616 1.52694 5.7226893
4.5785899 1.524479 5.7242946
4.5817082 1.5258894 5.724451
4.5806128 1.5245675 5.7237822
4.5777767 1.5251318 5.7215414
4.5749631 1.5265124 5.719507
4.5757054 1.525086 5.7216794
4.5771066 1.526644 5.7211198
4.5778303 1.5242512 5.721324
4.5778479 1.5274637 5.7215025
4.5780357 1.5288 5.7238916
4.5793676 1.5282058 5.7252784
4.5773639 1.5301644 5.7234766
4.5789934 1.5292302 5.72374
4.5767908 1.529865 5.7270921
2.6889268 1.0907728 0.6799551
2.6904188 1.0909065 0.68160713
2.6914096 1.0914395 0.68148729
2.6892975 1.0916519 0.68382383
2.6920029 1.0930068 0.68072357
2.6915699 1.0941449 0.67866626
2.695816 1.0925316 0.67590565
2.6953694 1.0922436 0.67445711
2.6981643 1.0894656 0.6731087
6.13018 1.93813 1.41858
2.6975937 1.0926204 0.67628415
2.6954071 1.0928215 0.67935379
2.6948736 1.093366 0.6769597
0.94358252 2.1342109 3.5491465
0.9452358 2.1319225 3.5525666
0.94551122 2.1321036 3.5539029
0.94315705 2.1327335 3.5534012
0.94139429 2.1359182 3.5517769
0.94481357 2.13468 3.5508794
4.92034 1.15856 4.53711
0.94701488 2.129453 3.5521009
0.94629234 2.1299351 3.5516922
0.94487262 2.1314146 3.5529215
0.94991307 2.1343789 3.5578198
0.94820349 2.1330498 3.5604482
0.94816401 2.1329532 3.5550702
0.94327318 2.132868 3.5533867
0.94258215 2.1350109 3.5519029
0.94363011 2.1363017 3.5527585
0.94651775 2.1371545 3.552334
0.94397872 2.1364895 3.5514752
0.94487747 2.1378009 3.5531311
0.94447148 2.1381148 3.5532284
0.94708374 2.1390408 3.5525829
4.964186 1.6246105 1.6548002
4.9621442 1.6237664 1.6544297
4.9609302 1.6224893 1.6516821
4.9592164 1.624239 1.6494121
4.9602832 1.6267595 1.6493446
4.9604159 1.6285187 1.6496645
4.9612927 1.627952 1.6507125
4.961546 1.6266938 1.6526422
4.9630923 1.6255949 1.6538014
4.9624067 1.6236911 1.655118
4.962502 1.6249496 1.6526252
4.9595172 1.6270966 1.6530148
4.9621839 1.629486 1.6551435
4.9609024 1.6281154 1.6528227
4.96372 1.6259917 1.6520268
4.9607335 1.6224308 1.651796
4.9629985 1.6245899 1.6538548
4.9598564 1.6236128 1.6534
4.9632714 1.6234643 1.6493871
4.9624829 1.6221332 1.6504129
4.9652262 1.6241447 1.6540462
4.9649307 1.6263259 1.658554
4.4282932 1.5688953 2.3509324
4.4302763 1.5643664 2.3487492
4.4294745 1.5669131 2.3535648
4.4325742 1.5680211 2.350078
4.4324436 1.5686265 2.3514492
4.4321626 1.5674407 2.349426
4.4322538 1.5633664 2.3502868
2.59262 2.39492 0.35734
4.4314406 1.5632891 2.3513175
4.4316292 1.5665693 2.3519548
4.4298783 1.5665795 2.3519676
4.4277557 1.5688064 2.3482338
4.4286538 1.5669541 2.3495355
4.431453 1.567125 2.3451203
4.429986 1.5663563 2.3487648
4.4276827 1.5664541 2.3478478
4.4256646 1.5663032 2.3522044
4.4291408 1.5649123 2.3506839
4.4326185 1.5664132 2.3499774
4.4322491 1.5643425 2.3488501
4.4309053 1.5671986 2.3493469
4.4306953 1.5683634 2.3521762
4.4314996 1.5698675 2.3511362
0.25733413 0.61737486 0.60557889
0.25357238 0.61752267 0.60847942
0.25474793 0.61746039 0.61080091
0.25480345 0.61706276 0.61108503
0.26086458 0.61681983 0.60705262
0.26258157 0.61546219 0.6027831
0.26497525 0.61713178 0.60321941
0.26103935 0.61614918 0.60575006
0.25695852 0.617515 0.61053776
0.25781208 0.6160565 0.60883527
0.26025717 0.61701189 0.60683983
0.26016998 0.61443569 0.60507678
0.26018971 0.61428225 0.60524968
0.26135709 0.61354352 0.60341043
0.2600765 0.6141702 0.6054168
0.26085912 0.61552909 0.60600353
0.25985622 0.61538758 0.60532056
0.26025438 0.61625425 0.60756831
0.25986159 0.61572854 0.60467879
0.25764549 0.61395804 0.60874381
0.25573056 0.61517142 0.60566254
0.25621595 0.61433923 0.60972935
4.5793608 1.5279586 5.7195956
4.5785041 1.5278225 5.720796
4.5811177 1.5269543 5.7217882
4.5803314 1.5287599 5.7231407
4.5784206 1.528342 5.7208178
4.5786363 1.5267715 5.7196063
4.5770693 1.5269254 5.7218695
4.5772915 1.5280799 5.7248084
4.576697 1.5275262 5.7279587
4.5767824 1.5272085 5.7237375
4.5804759 1.5248214 5.7229833
4.5773421 1.5254304 5.7214668
4.578898 1.5257747 5.7236129
4.5784177 1.5265683 5.7243808
4.5657473 1.5336458 5.7155147
4.5633921 1.5320343 5.7145283
4.5616682 1.5288078 5.713068
4.5753193 1.5261 5.7198337
4.5773554 1.5265529 5.7197837
4.5768097 1.5287652 5.7192826
4.5764103 1.5256486 5.719742
4.5766955 1.5261315 5.7227236
4.5760662 1.5270679 5.7227624
4.5780513 1.5271028 5.7247724
4.5767967 1.5282687 5.7219529
4.5783368 1.5252737 5.723981
4.578299 1.5241146 5.7251449
2.6919721 1.0900126 0.68344788
2.6914735 1.0920035 0.68542171
2.6952249 1.0933491 0.68461926
2.6904863 1.0926129 0.68435131
2.6920166 1.0926435 0.68216925
2.6889866 1.091109 0.68080258
2.6940393 1.092754 0.67972772
2.6932531 1.0922987 0.6784989
2.6940007 1.0937982 0.6771049
2.6895975 1.0937167 0.67994633
2.6929168 1.0933819 0.6794958
2.6943627 1.0945185 0.67936181
2.6959716 1.0949686 0.6773489
2.6932914 1.0922293 0.67974345
0.94713797 2.1340673 3.5547317
0.94565283 2.1336632 3.5550645
0.94422876 2.1348491 3.5531631
0.94220185 2.1345864 3.5533604
0.94360849 2.1371849 3.5542522
0.94467674 2.1357474 3.5552449
0.94437605 2.1342261 3.5498015
0.946755 2.132531 3.5475013
0.94625523 2.1350182 3.5496345
0.94962097 2.1339647 3.5554406
0.94748987 2.1334135 3.5590628
0.95121853 2.1321328 3.5586052
0.9478193 2.1334107 3.5572669
0.9469282 2.1359907 3.553565
0.94458458 2.1400449 3.5511427
0.94578222 2.139778 3.5484978
0.94438141 2.1386219 3.5482195
0.94410946 2.1386976 3.5501216
0.94390534 2.1385667 3.5502609
0.94470702 2.1392466 3.5490056
0.94568308 2.1370497 3.5483694
4.9638712 1.6269662 1.6535591
4.9636335 1.6275478 1.6517949
4.9638234 1.6268808 1.6523041
4.9633222 1.628072 1.6520808
4.9613388 1.6266381 1.6517224
4.9609974 1.6281751 1.6508161
4.9605195 1.6252301 1.652166
4.9614975 1.6257272 1.6516517
4.962081 1.624781 1.6518356
4.9620085 1.6248703 1.6502719
4.9605245 1.6264151 1.6524199
4.9602561 1.6269581 1.6533015
4.9593074 1.6279285 1.6526406
4.9631608 1.6248449 1.6505938
4.9620745 1.6227546 1.6485285
4.9629162 1.6226897 1.6483316
4.9620848 1.6233302 1.6514875
4.9616646 1.6246705 1.6516534
4.960723 1.6253509 1.6521686
4.9628648 1.6261309 1.6542237
4.9642837 1.6278578 1.6574182
4.4265776 1.5659757 2.3498937
4.4285947 1.5643747 2.3489402
4.4304198 1.5661072 2.3536593
4.4345357 1.5687814 2.350561
4.433078 1.5691335 2.3505744
4.4325378 1.5703081 2.3501816
4.4308793 1.5660201 2.3508294
4.4298921 1.5661209 2.3518835
4.4295012 1.5639594 2.3503356
4.429216 1.5668689 2.3508024
1.01798 0.46757 4.55496
4.4287349 1.5675814 2.3503273
4.4306203 1.5670337 2.351796
4.4326993 1.5654086 2.3475096
4.4319905 1.5661627 2.3508992
4.4295227 1.5669349 2.3483551
4.4245465 1.5670601 2.3517466
4.4291301 1.5655244 2.351694
4.431029 1.5648322 2.3514103
4.4300631 1.5654556 2.3513215
4.430359 1.5687317 2.3491194
4.4300296 1.5677606 2.3513517
0.26693 0.61094 0.61208
5.98648 0.30454 3.6044
0.25894938 0.61524529 0.60190286
0.25634067 0.61572712 0.60630334
0.25361096 0.61579727 0.61005629
0.26127594 0.6171467 0.60743955
0.2627778 0.61451107 0.60428721
0.26406383 0.6168626 0.60434145
4.79957 0.37449 1.44829
0.2566714 0.61730082 0.61108089
0.25747855 0.61480675 0.6071035
0.25919486 0.61655189 0.60602761
0.25815051 0.61385237 0.60558354
0.25991857 0.61535258 0.60334843
0.25859258 0.61322848 0.60476712
0.26243681 0.61295225 0.60201115
0.26171975 0.6141404 0.60378629
0.26300868 0.61419493 0.60230674
0.25704793 0.61704311 0.60644082
0.25932267 0.61562501 0.60251498
0.25371638 0.61261794 0.60940507
0.25591294 0.61410047 0.60638923
0.25775989 0.61454964 0.61019522
0.2606423 0.61797157 0.60602171
4.5779472 1.5271923 5.7176259
4.5792552 1.527351 5.7189726
4.5767922 1.5281233 5.7209381
4.5771492 1.5298138 5.7221678
4.5782985 1.5284898 5.7219582
4.5774948 1.5262849 5.7215123
4.5785818 1.528494 5.7224732
4.5775966 1.5263916 5.7247698
4.5791443 1.5276699 5.7255129
4.5809737 1.5245246 5.725686
4.5810388 1.5278617 5.724893
4.5802705 1.5270244 5.7244416
4.5797786 1.5293305 5.7245429
4.5650802 1.5346206 5.7154616
4.5730671 1.532509 5.7201748
4.5643626 1.5334715 5.7143978
4.5777337 1.5279165 5.7229012
4.5782261 1.5295888 5.7219779
4.5807125 1.5302313 5.722396
4.5778923 1.5285007 5.7216207
4.5770748 1.5273512 5.7224795
4.5739971 1.5281516 5.7216746
4.5747124 1.5266669 5.7231552
4.5763331 1.5273927 5.7203838
4.5764601 1.5231027 5.7215422
4.5785816 1.5235363 5.7207029
2.6934221 1.0934563 0.68196469
2.6936248 1.0940427 0.68065189
2.6969391 1.0948381 0.67930235
2.6917472 1.0918143 0.67918071
2.6925248 1.0937132 0.67891443
2.6893415 1.0925388 0.68178053
2.693338 1.0957116 0.68113264
2.6938655 1.0926223 0.67993083
2.6943606 1.092424 0.6792541
2.6905783 1.0919121 0.68175502
2.6936733 1.0920335 0.68118044
2.6929706 1.0921168 0.67987853
2.6935332 1.091228 0.67933755
2.690616 1.0911619 0.68197337
0.94685753 2.1347648 3.5544847
0.94411218 2.1317925 3.5547429
0.94268328 2.134726 3.552608
0.94046613 2.134584 3.5511269
1.48727 2.10087 4.57622
0.94657028 2.1363007 3.5551273
0.94787048 2.1363948 3.5551056
0.94677733 2.1328822 3.5509684
0.94635575 2.1349489 3.553748
0.9478925 2.1340066 3.5570979
0.94571717 2.1324529 3.5580899
0.9490163 2.1302781 3.5564374
0.94595735 2.1325676 3.5547492
0.94796679 2.1344644 3.5537725
0.94438498 2.1370833 3.5517976
0.94421321 2.13594 3.549549
0.94097975 2.1371819 3.5475063
0.93959531 2.1387905 3.5460345
0.93748536 2.1389951 3.5451347
0.94090537 2.138884 3.5468106
0.94004156 2.135313 3.5483966
4.9634769 1.6261257 1.6549576
4.9631934 1.628192 1.6537121
4.9632886 1.6271452 1.6534796
4.9634211 1.6304 1.6531668
4.9625449 1.6256783 1.6555566
4.9639973 1.6255063 1.6525291
4.9625813 1.6223712 1.6519936
4.9633971 1.624834 1.6491997
4.9627203 1.625496 1.6526701
4.9609001 1.6249627 1.6528302
4.9611701 1.6254601 1.6558225
5.79125 1.60668 5.4254
4.9621394 1.6294373 1.6525505
4.9632585 1.6252182 1.6484641
4.9645671 1.6248137 1.6504809
4.9662847 1.6226096 1.6502393
4.9647255 1.624174 1.6508627
4.9640246 1.6236334 1.6483761
4.9627427 1.6241692 1.649532
4.9622811 1.6244834 1.6524256
4.5732476 1.0445983 5.4525258
4.5760977 1.0437628 5.4503175
4.5779203 1.0491694 5.4475683
4.579839 1.0490399 5.4469596
0.67848 1.12083 0.63847
4.4298052 1.568416 2.3478264
4.4293424 1.5699763 2.3473932
4.4275619 1.5663552 2.3481834
4.4275297 1.5661731 2.3526479
4.4280885 1.5632611 2.3534836
4.4316758 1.5631548 2.3539096
4.4311775 1.5640481 2.3519029
4.4301563 1.5656489 2.3489444
4.4310433 1.5708646 2.3517834
4.4331133 1.5693357 2.3496355
4.4328377 1.5706974 2.3516093
5.1655 0.96586 2.63545
5.2641914 1.2776658 3.0349621
5.2623207 1.2776867 3.0337643
5.2681105 1.2763902 3.0319779
5.2654152 1.2750709 3.0309768
5.2656164 1.2736929 3.0312245
5.262279 1.2719311 3.033707
5.2620152 1.2718682 3.0346572
0.26860952 0.6110744 0.59689382
0.25898056 0.61232411 0.60606989
0.25456914 0.61449089 0.61308432
0.25214567 0.61695998 0.61551405
0.25906555 0.61688385 0.60964472
0.25826463 0.61358638 0.61012705
0.26110167 0.61427625 0.6072691
0.25857431 0.6138508 0.6098883
0.25659031 0.61896201 0.61097046
0.25568935 0.61671791 0.60899495
0.25681489 0.61716201 0.60841083
0.25849021 0.61499474 0.60649551
0.26148637 0.61719289 0.6029039
0.2586284 0.61583184 0.60633039
0.26320312 0.61613539 0.60093955
0.25843822 0.61641146 0.60541112
0.26098158 0.61725293 0.60257047
1.04222 1.58525 5.01347
0.26496374 0.61564239 0.60040991
0.26397535 0.61180129 0.60304762
0.26757631 0.61047707 0.60121671
0.26151975 0.61027977 0.60833521
0.26053955 0.6129114 0.60763935
6.07843 1.36872 2.97718
4.5799022 1.527766 5.7202417
4.5785242 1.5304944 5.7212901
4.5783404 1.5295819 5.7233912
4.5767883 1.5289064 5.7245629
4.5756066 1.5255047 5.7223171
4.575064 1.5284726 5.7227988
4.5750809 1.5254541 5.7227172
4.577932 1.5269402 5.7253075
4.5785694 1.5251649 5.7240292
4.5800925 1.5272938 5.7249148
4.5798552 1.5239784 5.7244887
4.5784776 1.5270578 5.7255139
4.56222 1.5328703 5.716751
4.5644474 1.5330629 5.716468
4.5647982 1.5328776 5.7129486
4.5808914 1.5264194 5.72151
4.5775056 1.531384 5.7229323
4.5782364 1.5308646 5.7240585
4.5752821 1.5284359 5.7241314
4.5774618 1.5245439 5.7220937
4.5732097 1.5255711 5.7216691
4.5759717 1.5275864 5.7224023
4.5787127 1.5291855 5.7211454
4.5798989 1.5262345 5.7225045
4.5807973 1.52433 5.7221091
2.6944787 1.0893308 0.68294776
2.6951137 1.0901857 0.68042904
2.6970168 1.093103 0.67894089
2.6943753 1.0920837 0.67988723
2.6956091 1.0929375 0.679853
2.6922909 1.0916264 0.68471152
2.6939252 1.0929534 0.68452386
2.6928141 1.0934398 0.6847755
2.6941699 1.0937126 0.68294507
2.6908303 1.0912925 0.68205431
2.6936502 1.0910458 0.68250429
2.691879 1.0926221 0.68202252
2.6946141 1.0919156 0.67991951
2.6946147 1.0924473 0.67978524
2.6945322 1.0912928 0.67915962
0.94461745 2.1359379 3.5540878
0.94370447 2.1367883 3.5530531
1.24124 2.34499 1.32167
0.94449177 2.1356713 3.5557211
0.94178003 2.1374009 3.5516201
0.94403738 2.1362577 3.5533914
0.94241515 2.1367091 3.5482518
0.94568177 2.1331853 3.5517995
0.94554027 2.1322267 3.5518455
0.94478548 2.12967 3.5543374
0.94799768 2.1312242 3.5554629
0.94562627 2.1328329 3.5554965
0.9472765 2.1342413 3.5555237
0.94530861 2.136808 3.5525738
0.94599712 2.1348931 3.5491788
0.94269365 2.1354685 3.5473263
0.94232945 2.1351908 3.5475457
0.93875659 2.1375509 3.5468094
0.93897436 2.136474 3.5474017
0.93662546 2.1357239 3.5470606
4.9628529 1.626576 1.6514364
4.9622622 1.6283875 1.6512936
4.9618908 1.6256287 1.6529564
4.9665387 1.6278033 1.6514713
4.9650184 1.624371 1.6532076
4.965069 1.6250811 1.6526841
4.9607257 1.6240199 1.6533168
4.9623567 1.6254934 1.6504077
4.9628447 1.6241396 1.6511899
4.9634466 1.6238641 1.6510187
4.9636703 1.6229143 1.6546912
4.9622535 1.6248256 1.6507083
4.9663896 1.6288805 1.6512028
4.9658961 1.625524 1.6500509
4.9660956 1.6266186 1.6525445
4.9658232 1.6233982 1.6514155
4.9634644 1.6253707 1.651254
4.9640588 1.6236062 1.6498972
4.9620129 1.6229847 1.6503774
4.5738417 1.044976 5.4521051
4.5757104 1.046347 5.4512552
4.5779104 1.0457857 5.4498076
4.5808638 1.0486917 5.4489577
4.5807424 1.0487357 5.4480425
3.55757 0.48368 0.83369
4.4282702 1.5702444 2.3463617
4.4285299 1.5691783 2.3464047
4.4272337 1.566965 2.3464321
4.4294736 1.5651177 2.3511206
4.4288278 1.5648843 2.3527377
4.4326023 1.5657229 2.3536375
4.4332459 1.5675181 2.3506581
4.4338345 1.5664715 2.3480912
4.4325308 1.5693025 2.3513918
4.4332229 1.5675299 2.3515351
5.2595269 1.2717632 3.0351848
5.2613835 1.2754998 3.0316427
5.2623491 1.2776179 3.0363185
5.2647038 1.2789393 3.0343395
5.2678842 1.2751791 3.0333472
5.2652816 1.2745202 3.0316561
5.2629946 1.2726436 3.0312903
5.2624663 1.2707351 3.0313512
5.2602121 1.2708464 3.0344773
0.27150239 0.61010257 0.59528042
0.26314621 0.6124154 0.60033887
0.2573806 0.61210997 0.6058973
0.25531563 0.61844319 0.60886821
0.26074567 0.61616379 0.60452273
0.26095256 0.61519548 0.60655508
0.26187593 0.61417267 0.60677918
0.25675318 0.61479568 0.61176407
0.25456119 0.61895892 0.6131022
0.25551228 0.61760066 0.60937197
0.25749042 0.61809108 0.60898946
0.26327624 0.61899163 0.60431314
1.78949 1.04818 0.97618
0.25791377 0.62026335 0.60597688
0.25915955 0.61755589 0.60476782
0.26157531 0.61418192 0.60448346
0.26375343 0.61389265 0.60335385
0.26315225 0.6157745 0.60428545
0.26699373 0.61617897 0.60146122
0.26747574 0.61436962 0.60167735
0.26859744 0.61404601 0.60226838
0.26391004 0.61352703 0.60799401
0.26144238 0.61617118 0.61030982
4.43279 1.29775 4.53669
4.5785808 1.5297949 5.7203571
4.5800877 1.5317333 5.7221879
4.5787923 1.5310844 5.7238633
4.5785362 1.5298587 5.7239284
4.5779756 1.5244253 5.7216821
4.5771981 1.5240742 5.7216549
4.5770519 1.5250322 5.7212317
3.53153 0.73916 0.06409
4.5764676 1.5295082 5.7226163
4.5795647 1.530185 5.7236416
4.5807215 1.5288681 5.7232872
4.5810335 1.527574 5.7248563
4.5779262 1.5273484 5.7237885
4.578262 1.5280116 5.7225444
4.5789337 1.52911 5.7206067
4.5809581 1.5268507 5.7211049
4.578967 1.5292654 5.7224581
4.5797185 1.5288727 5.7241538
4.5771823 1.5285968 5.7240234
4.5769429 1.5266043 5.7205828
4.5718098 1.5275246 5.7211174
4.5737883 1.5303279 5.7236725
4.5751384 1.5283275 5.7246424
4.5774484 1.5266881 5.7247321
4.5796292 1.5222873 5.7211463
2.6893832 1.0929397 0.67854071
2.6906897 1.0936854 0.67859172
2.6938489 1.0946557 0.67716662
2.6948579 1.0957588 0.67893583
2.6931142 1.0936962 0.68218923
2.6920464 1.0942792 0.68611611
2.6920584 1.0933983 0.68747753
2.6921756 1.093504 0.68488901
3.37672 1.30408 1.07153
2.6902247 1.0909628 0.68171906
2.6926315 1.0909067 0.68163979
2.6909252 1.0927619 0.68318926
2.6931595 1.0935919 0.68121483
2.6938026 1.0937806 0.68151214
2.6943424 1.0923905 0.68085189
2.20913 2.66018 2.49686
2.08081 0.53819 5.24144
0.94356 2.13485 3.55172
0.095 1.71773 4.69945
0.94345951 2.1377732 3.5523332
0.94350615 2.1326572 3.5528136
0.94305988 2.135793 3.5503973
0.94721957 2.1304175 3.5552317
0.94571614 2.1331691 3.5537595
5.66011 2.25775 0.19689
0.94639036 2.1320079 3.5570994
0.94441233 2.133905 3.5566311
0.94628905 2.1342488 3.5548164
0.94447077 2.1354703 3.5529105
0.94587351 2.133417 3.5505428
0.94391396 2.1346664 3.5487861
0.94269071 2.1335323 3.547397
0.94023185 2.1362894 3.547272
0.94095329 2.1343215 3.5507629
1.80778 1.77876 2.24965
4.961378 1.6259045 1.6538449
4.9624165 1.6265237 1.6512378
4.9602939 1.6249525 1.6509717
4.9645151 1.6263597 1.6511507
4.9624915 1.6247884 1.652512
4.962716 1.6242165 1.654136
4.9610141 1.6222025 1.6534496
4.9636741 1.6232452 1.6541164
4.9646236 1.6225299 1.6525918
4.9634721 1.6234322 1.6530852
4.9646148 1.6217249 1.6537002
4.9656123 1.6237007 1.6514227
4.9751846 1.6298681 1.653477
4.9730689 1.6290063 1.6544726
4.9724211 1.6306176 1.6541442
4.9646426 1.6244466 1.651981
4.9642137 1.6246385 1.648422
4.9660527 1.622728 1.6479242
0.78735 1.67995 2.7489
4.5744798 1.0486338 5.4490367
4.5758987 1.048606 5.4507384
4.5766677 1.0482307 5.4510939
4.5807473 1.0492449 5.4508826
4.578128 1.0490681 5.4522547
5.74247 0.84318 0.71918
4.5756283 1.0450867 5.4517972
4.4276204 1.5674413 2.3448004
4.4277175 1.5678287 2.3456202
4.4305417 1.5633147 2.3514728
4.4313919 1.5650822 2.3541678
4.4338367 1.5651717 2.3552449
4.4348098 1.5681373 2.351193
4.4350089 1.5689211 2.348681
5.2610967 1.2710259 3.0339813
5.2617469 1.2684056 3.0325984
5.2581191 1.2697255 3.0353826
5.2609947 1.273989 3.0319627
5.2627345 1.2748028 3.0360413
5.2657479 1.2764073 3.0358259
5.2656308 1.27268 3.0372233
5.2641014 1.273207 3.033924
5.2598982 1.2732684 3.0309188
5.2603262 1.2742667 3.0325864
5.2615094 1.2729763 3.0319452
5.2657229 1.2726415 3.0313316
0.26071175 0.61711604 0.60457584
0.25758378 0.6155183 0.60803257
0.25674004 0.62061097 0.6072333
0.26257048 0.61476824 0.59998496
0.26124594 0.61397312 0.60278596
1.87106 1.23554 3.49439
0.25247721 0.61188176 0.61452376
0.25312719 0.61539817 0.61498811
0.25476697 0.61682776 0.61127489
0.25927972 0.61785106 0.60873496
0.26420725 0.61878655 0.60239441
0.26194288 0.62078659 0.60497476
0.26055313 0.62043467 0.60318202
0.25921668 0.61957319 0.60667418
0.26110805 0.61658956 0.60521995
0.25939991 0.61611166 0.60687867
0.26248442 0.61496591 0.6061002
0.26240418 0.6159391 0.60670067
0.2668249 0.61511369 0.60530783
0.26238469 0.61441396 0.60914632
0.25992999 0.61270877 0.60843397
1.73334 0.97286 2.65946
0.25941982 0.61913202 0.60973443
4.5770385 1.5299906 5.7237705
4.5787836 1.5311528 5.7218764
4.5775649 1.5291609 5.7220449
4.5790393 1.5272917 5.7223609
4.5777013 1.5264605 5.7215542
4.5758566 1.525334 5.7200791
4.5766117 1.5265028 5.7171831
4.5755877 1.5274621 5.7204076
4.5762618 1.5279419 5.7194231
4.5796398 1.528402 5.7221214
4.5796114 1.5267778 5.7220172
4.581752 1.5262657 5.7233771
4.578314 1.5252529 5.7252961
4.5796482 1.5260555 5.723985
4.5806398 1.5258468 5.7199802
4.5813899 1.5267225 5.7196723
4.5790739 1.527398 5.7205377
4.5765836 1.5276128 5.7225465
4.5738817 1.5255845 5.7236461
4.5753527 1.5253818 5.7210948
4.5746389 1.52477 5.7220101
4.5767236 1.528922 5.7225458
4.5777338 1.527516 5.7226649
4.5798777 1.5278497 5.7235911
4.5808472 1.5246595 5.7228021
2.6895559 1.0905009 0.6767091
2.6902384 1.0905516 0.67711229
2.6910904 1.091805 0.67743181
2.69164 1.0943688 0.67873389
2.6917968 1.0928487 0.6831385
2.6943425 1.0935967 0.68390283
2.691093 1.0924525 0.68720204
2.6896262 1.0930793 0.68379298
2.6910204 1.0921296 0.68198093
2.6924362 1.0903415 0.67998954
2.6924838 1.0897807 0.67962248
2.690213 1.0918702 0.68209063
2.6920464 1.0921536 0.6814355
2.69537 1.0931669 0.67911103
2.6973046 1.0908253 0.67921943
2.6967444 1.0901007 0.67862224
1.9206692 0.27037063 0.72676294
1.9062555 0.26936845 0.74044
1.9072853 0.27205674 0.73637341
1.9118209 0.27120479 0.73335244
1.9256176 0.27308332 0.71860326
1.9216396 0.2713403 0.72561946
2.26422 1.82292 4.47674
0.94688732 2.1323079 3.5528701
5.22648 1.48492 1.45391
0.94758116 2.1339276 3.5593212
0.94495952 2.1377595 3.5584389
0.94565622 2.1354296 3.5564043
0.94418509 2.1382598 3.5533676
0.84123 0.58109 4.1107
0.94798811 2.1343635 3.5492651
1.2724277 2.5594486 5.4055083
1.2663772 2.5578482 5.3986235
1.2665724 2.5543753 5.3956966
1.2588931 2.55168 5.3880028
2.1447947 2.3923974 1.3807023
2.1470988 2.3921156 1.3832758
2.1456839 2.3916914 1.3799329
1.79395 1.30622 5.11081
4.962249 1.6232442 1.6504561
4.9584271 1.6239643 1.6532905
4.9590779 1.6226038 1.654075
4.9606005 1.6244213 1.6559848
5.85094 1.69551 5.56649
4.9648431 1.6233538 1.6503514
4.9658986 1.6215039 1.6497112
4.9659719 1.6220574 1.6496272
4.9821889 1.6310646 1.6527252
4.9767551 1.629306 1.6550813
4.9785617 1.6315752 1.6548877
4.9640108 1.6232177 1.6501877
4.9638725 1.6239041 1.6462682
4.5810537 1.0470466 5.4501347
4.5802358 1.0486874 5.4497397
4.5779686 1.0501691 5.4494727
4.5786285 1.048738 5.4480787
3.47378 1.3655 4.25948
4.5813458 1.0495826 5.4465835
4.5783853 1.04848 5.4478584
4.5787055 1.0476237 5.44945
4.5765741 1.0467062 5.4497194
4.5767217 1.0472562 5.4496577
5.26375 1.2743046 3.0316256
5.2628315 1.2754847 3.0347267
5.2620391 1.2758674 3.0349574
5.2588934 1.2783181 3.0371785
5.2596766 1.2760172 3.0345573
5.2609421 1.2777141 3.0333971
2.17612 0.68087 5.58737
5.2578457 1.2722864 3.0320774
5.2571902 1.2713133 3.0340483
5.96223 0.47173 0.41119
5.2623445 1.2745024 3.0352838
5.2650462 1.2744551 3.0347783
5.264975 1.2729756 3.035258
5.2643243 1.2730985 3.0331929
5.2614149 1.2720547 3.0301327
5.2637056 1.2752437 3.031226
5.2646807 1.274922 3.0322244
5.2651466 1.2758982 3.0346128
0.25879514 0.61603207 0.60262674
0.25872329 0.61446298 0.60269724
0.25910094 0.61560259 0.60116771
0.26560066 0.61410563 0.597873
0.26486978 0.61464432 0.59984766
0.26365516 0.6152241 0.60430967
0.25902273 0.61535015 0.60759746
0.26093035 0.61363786 0.6077619
0.26097099 0.61467838 0.60546452
1.39618 2.51801 0.17913
0.26751195 0.62002813 0.60118072
0.26733921 0.61945965 0.60078001
0.26474817 0.61950116 0.6012388
0.26167569 0.61818901 0.60543728
0.26274996 0.6151103 0.606917
0.2611963 0.6145251 0.60768408
0.26363623 0.61294558 0.60789803
0.25758073 0.61567536 0.61233604
0.26054512 0.61475348 0.60763944
0.25399304 0.61505519 0.61364034
0.25969486 0.61386127 0.60760019
0.25672084 0.6151985 0.61248578
0.25948025 0.61571263 0.60947455
4.579877 1.5291604 5.7236176
4.579995 1.5306972 5.7239031
4.5790784 1.530698 5.7244381
4.5794933 1.528445 5.7229156
4.5780053 1.5262882 5.7220266
4.57666 1.5253847 5.7216718
4.5768258 1.5277647 5.7196678
4.5749236 1.5295297 5.7200899
4.5757442 1.5284333 5.7178812
4.5793983 1.5299367 5.7196328
4.5788787 1.5277333 5.7219614
4.5827968 1.5284853 5.7227348
4.5789622 1.5276151 5.7225565
4.5800316 1.5288715 5.7207777
4.5792785 1.528519 5.7184775
4.5808477 1.5270348 5.7186114
4.5801591 1.5263918 5.7196584
4.5761943 1.5268104 5.7233281
4.5754415 1.5280013 5.7228371
4.574293 1.5275102 5.7205298
4.5750969 1.5261355 5.7205487
4.5750928 1.5290039 5.7220189
4.5760374 1.5277433 5.7226867
4.5775514 1.5273465 5.7223144
4.5784082 1.523802 5.721448
2.6856686 1.092338 0.6770696
2.6881257 1.0904805 0.67655304
2.6880676 1.0917931 0.68068149
2.6902128 1.0926243 0.68037108
2.6885161 1.0924295 0.68324356
2.6890922 1.0930717 0.68278708
2.6860919 1.0926348 0.68516647
2.6878162 1.0946356 0.68269014
2.6855878 1.094213 0.68436647
2.688747 1.0924399 0.68151668
2.6896043 1.0910421 0.68114359
2.6916683 1.0923411 0.68167684
2.6926866 1.0919682 0.68194344
2.6948555 1.092539 0.68097744
2.6918946 1.090705 0.68487994
2.6916642 1.0903948 0.68261036
1.9195051 0.27299423 0.72571552
1.9106415 0.27107108 0.73494538
1.9079129 0.27291203 0.7367775
1.914376 0.27326396 0.73082402
1.9211926 0.27317867 0.72497751
1.9160079 0.27131067 0.73170253
1.9135827 0.27136807 0.73489379
1.9115826 0.27189607 0.73680071
1.2608605 2.5526729 5.3967675
1.2611102 2.5552521 5.3971656
1.2589888 2.5564585 5.3918164
1.38927 2.08206 3.88279
1.2633624 2.5565693 5.4023887
1.2663525 2.5564455 5.4020595
1.45424 1.67296 1.08963
1.2690883 2.5576096 5.4008046
1.2660555 2.5571526 5.396776
1.2638406 2.5559834 5.3935627
1.2614377 2.5549852 5.3914896
2.1408625 2.3925855 1.3789216
2.1441271 2.3926275 1.3822755
2.1423699 2.3908324 1.3795529
2.1449181 2.3889012 1.3833516
2.1398655 2.3873906 1.3772788
2.1389179 2.3880661 1.3775487
2.1355722 2.3912236 1.3751998
2.1361394 2.3902042 1.3787119
2.1391529 2.3921119 1.3791104
4.06546 1.05664 0.87657
2.1472723 2.3913287 1.3875886
2.1450646 2.3907465 1.3853669
2.1455603 2.3940436 1.3855405
6.03501 2.24854 3.13076
2.1411399 2.3940675 1.3846518
2.1413045 2.3929415 1.3848347
4.5771958 1.0470767 5.4479793
4.5797978 1.0478385 5.4466041
4.5765292 1.0467787 5.448487
4.5774431 1.0492335 5.4488262
4.5766096 1.0473087 5.447079
4.5766037 1.0479231 5.4450932
4.5783864 1.0494817 5.4449517
4.5756158 1.0480895 5.4483598
4.5764318 1.0453337 5.4515391
4.5743989 1.042876 5.4523557
4.5772913 1.0452132 5.4515255
4.5764082 1.0483058 5.4509526
5.2614476 1.278786 3.035363
5.2610704 1.2789757 3.0347707
5.2612455 1.2782468 3.0376346
5.2624794 1.2772086 3.0341881
5.2625391 1.279849 3.0341101
5.2619103 1.2772115 3.0335417
5.2583808 1.2770755 3.0311962
5.2617832 1.2761523 3.0312835
5.2595664 1.2740344 3.0298396
5.2641635 1.2771589 3.0341148
5.2647487 1.2752297 3.0358088
5.2637496 1.2746728 3.0351308
5.2627463 1.2736969 3.0332333
5.2606416 1.2727463 3.0310606
5.263185 1.2768397 3.0320564
5.2660259 1.2766972 3.0320227
5.2665665 1.2780334 3.0327843
0.25953739 0.61621565 0.60346498
0.26095408 0.61818559 0.60366692
0.26215897 0.61537214 0.60110008
0.26684389 0.61708068 0.59923929
0.26341 0.61476106 0.60168656
0.26117117 0.61532018 0.6068896
0.25794043 0.61355659 0.60935566
0.2597444 0.61248364 0.61126332
0.26477659 0.61661381 0.606131
0.27092114 0.61732292 0.60169703
0.26810614 0.61841379 0.59941357
0.2676943 0.61656265 0.59770379
0.2653029 0.61620209 0.60158305
0.26567082 0.61650495 0.60135084
0.26548484 0.61769898 0.60387016
0.26183948 0.61662588 0.60522331
2.85539 0.97315 5.10778
0.25530515 0.61579427 0.6131558
0.25549776 0.61289362 0.61291075
0.25116694 0.61347403 0.61620559
0.25425841 0.61253046 0.61134952
0.25710736 0.61428059 0.6103004
0.26322379 0.61582051 0.60522591
4.5780038 1.527785 5.7213612
4.5765073 1.5284046 5.7221915
4.5799465 1.5279508 5.7216031
3.45743 2.45574 4.73936
4.5774102 1.5292104 5.7214234
4.576583 1.5307857 5.7196422
4.5766365 1.5302012 5.7171063
4.577161 1.5313283 5.7168061
4.5783552 1.5279418 5.7181091
4.5790317 1.5284367 5.7202324
4.5776714 1.5249525 5.72097
4.5808122 1.5252453 5.7217966
4.580072 1.5260463 5.722091
4.582051 1.528145 5.7209931
4.5825518 1.5300798 5.7213916
4.5809427 1.5293172 5.721119
4.5806559 1.5280176 5.7207116
4.5763135 1.5267099 5.7244889
4.5754634 1.5291076 5.7228728
4.5754814 1.5276362 5.7221789
4.5775482 1.5271597 5.7209637
1.19553 1.90555 5.45278
4.5789898 1.5271996 5.7238182
4.5796283 1.5301612 5.72486
4.5803019 1.5296498 5.7242959
2.6901775 1.0910231 0.67687171
2.6891088 1.0894152 0.67810205
2.6878266 1.0892552 0.6816267
2.6892358 1.089895 0.67922705
2.6877887 1.0918965 0.68131284
2.6899211 1.0941026 0.68050694
2.68594 1.0940253 0.6842696
2.6855264 1.0932572 0.68257407
2.6845147 1.0931649 0.68416074
2.6881654 1.0914422 0.68241389
2.6886605 1.091676 0.68304075
2.6916342 1.0909319 0.68207352
2.6916794 1.0914641 0.68123572
2.6949324 1.0917062 0.68078489
2.6930378 1.090691 0.68388185
2.6923983 1.0901889 0.68310929
1.9033533 0.27095987 0.74011112
1.9042333 0.27175517 0.74039733
4.62461 1.20353 0.86258
1.9132377 0.27432166 0.73415449
1.9187818 0.27334031 0.72994875
1.9123132 0.2719251 0.73739076
1.91492 0.2709775 0.73481075
1.9115067 0.27177467 0.73689743
1.2595664 2.5539456 5.39744
1.257952 2.5557284 5.3958236
1.2542545 2.5554183 5.3911466
1.2619884 2.556003 5.3995432
1.2633098 2.5568829 5.4017197
1.2698963 2.5605676 5.4042586
1.270132 2.5609828 5.4048423
1.2678627 2.5592692 5.3997999
1.262746 2.5580986 5.3973355
1.2603589 2.5570034 5.3959695
1.2596962 2.5572821 5.3954836
2.1422246 2.3919426 1.3792834
2.1421629 2.3924764 1.3806547
2.1409261 2.3910023 1.3793887
2.1422371 2.3915686 1.3806855
2.1402456 2.3903522 1.3775684
2.137576 2.3904418 1.3751425
2.1348332 2.3907236 1.373941
2.1355853 2.3900471 1.3764686
2.1400137 2.392153 1.377736
2.1411238 2.3902076 1.3809222
2.1445746 2.3891705 1.3827602
2.1408164 2.3884312 1.3819946
2.1432535 2.3912147 1.3840524
2.1381555 2.3913234 1.3773981
2.1398692 2.3935009 1.382486
2.1400363 2.3922165 1.3815774
4.5754239 1.0454945 5.4492719
4.5803423 1.0474314 5.4470578
6.22505 2.87366 5.26227
4.5800763 1.047993 5.4492823
4.5777319 1.0456636 5.4488925
4.5789203 1.0466535 5.4443284
4.5779708 1.0480269 5.443979
4.5758159 1.0460808 5.4459222
4.577225 1.046179 5.4477018
4.5783329 1.0462225 5.4477886
4.5788954 1.0480144 5.4482277
4.5786138 1.0504989 5.4475346
5.263069 1.2753288 3.0344225
5.2602668 1.275368 3.0341522
5.2619454 1.2752252 3.0348309
5.2618527 1.2752524 3.0334254
5.2636212 1.2799102 3.03325
5.26229 1.2800273 3.0325816
5.2600768 1.2787927 3.0297044
5.2613972 1.2768617 3.030102
5.2632421 1.2755176 3.0303185
5.2632791 1.2786236 3.0352559
5.2635641 1.2776804 3.0345076
5.2615738 1.2765212 3.0344286
5.2638524 1.2755442 3.0330869
5.2615986 1.2741024 3.0320396
5.2606545 1.2785238 3.0328389
5.2621811 1.2781641 3.0339181
3.57094 1.37252 2.38537
0.26063253 0.61470968 0.60270078
0.26212711 0.61667867 0.60228415
0.26248298 0.61413282 0.60309004
0.26446936 0.61772532 0.60477993
0.26372926 0.61679383 0.60526979
0.26561867 0.61719344 0.60411026
0.26949039 0.61613416 0.59878016
0.26949941 0.61321608 0.59991554
0.26960297 0.61577356 0.60001074
0.26500998 0.61617348 0.60532421
0.26498678 0.61550575 0.60423209
0.26796566 0.61440533 0.59927286
0.26758902 0.61358728 0.6006133
0.2673473 0.61428648 0.60141383
0.26328289 0.61692051 0.60508613
0.26016019 0.61675415 0.60584608
0.25762414 0.61856149 0.60940319
0.25771217 0.61784396 0.61002298
0.25690044 0.61422298 0.60885771
0.25968165 0.61317054 0.60655251
0.25930046 0.61160669 0.60676087
0.26104443 0.61342615 0.60718597
0.26067605 0.61294768 0.60657392
4.5803831 1.5266597 5.7218632
4.5780395 1.5272521 5.723188
4.5803044 1.5268184 5.7220568
4.5783952 1.526855 5.7233222
4.5798741 1.5260059 5.7237185
4.5793713 1.5280896 5.7232625
4.5780721 1.5288135 5.7222529
4.5785836 1.5311203 5.7210301
4.579255 1.5293264 5.7196901
4.5804955 1.5283802 5.7214618
4.5803765 1.5249959 5.7209802
4.5796533 1.5237805 5.7202134
4.5806434 1.5255009 5.7197659
4.5796747 1.5286158 5.7201746
4.5806014 1.5307169 5.7220551
4.5792324 1.5290237 5.7244939
4.5805216 1.5273986 5.7253724
0.97202 1.9284 1.49219
4.5762506 1.529998 5.7218481
4.5748277 1.5274845 5.7202578
4.5758279 1.5268961 5.7191735
4.5762255 1.5246265 5.7215971
4.5773042 1.5282507 5.724004
4.5769573 1.529976 5.7226247
4.576113 1.5324304 5.7211035
2.6911713 1.0918257 0.67995194
2.6901735 1.0898301 0.68221226
2.689447 1.0885409 0.68372427
2.6904937 1.0914227 0.68259264
2.6893115 1.0925998 0.6819461
2.6909327 1.0946799 0.67744111
2.6882178 1.0952127 0.6804743
2.6892367 1.0941157 0.67985913
2.6874079 1.094271 0.68368873
2.6881968 1.0923833 0.68433511
2.6876557 1.0942261 0.68487631
2.6910855 1.0931473 0.6846305
2.692351 1.0943467 0.68256191
2.6917952 1.0953555 0.68220277
2.6898705 1.0959832 0.68264034
2.6885958 1.0944573 0.68317769
1.9098488 0.27279668 0.73574039
1.9110119 0.27348012 0.73625798
2.88308 0.85402 0.5546
1.9118395 0.27483621 0.7369118
1.9148319 0.26989575 0.73339531
1.9017363 0.26937817 0.74813368
1.9148652 0.26880485 0.73507218
1.9166899 0.27326899 0.7318612
1.2598532 2.5536598 5.3967408
1.2608918 2.5566142 5.3958396
1.257762 2.554846 5.3924452
1.2584679 2.5573232 5.3943729
1.2591153 2.5561355 5.3957844
1.264375 2.5586971 5.3988999
1.2676851 2.5580653 5.4007354
1.2689273 2.5574076 5.4005176
1.2620905 2.558751 5.3973908
1.2621787 2.5589382 5.3976865
1.2628759 2.5598989 5.3997392
2.138654 2.3908816 1.3811445
2.1375926 2.3911261 1.3797726
2.1380932 2.390591 1.3783364
2.138424 2.3925216 1.3757773
2.1396074 2.3915887 1.3775454
1.25659 0.70237 3.87573
2.1350512 2.3917644 1.3782796
2.136597 2.394503 1.3797088
2.1376706 2.3946971 1.3780898
2.1386396 2.3937984 1.38023
2.1432321 2.391564 1.3835609
2.1428993 2.3907534 1.3840854
2.1452361 2.3914582 1.385687
2.1393409 2.3933914 1.3787116
2.1417011 2.394426 1.3825768
2.44765 1.46153 6.21197
4.5781071 1.0450579 5.4448993
4.5805651 1.0455877 5.4430395
4.5734084 1.0460429 5.4508134
4.577596 1.0468842 5.4490907
4.99944 0.8673 2.65652
2.50254 0.62342 3.21518
4.5775407 1.0478411 5.447573
4.5762435 1.0467295 5.4496312
4.5740007 1.045034 5.4533587
4.5773997 1.0445267 5.4515861
4.5771776 1.0469484 5.4531095
4.5796876 1.0505315 5.4504217
3.32054 1.75144 1.13695
5.2587855 1.2768079 3.0352882
5.2639185 1.2764447 3.0341372
5.2639689 1.2757801 3.0350663
5.2655328 1.2782536 3.0354961
5.2625193 1.2770311 3.0355748
5.2609645 1.276848 3.0340953
5.2619012 1.2770149 3.0320656
5.2635769 1.2774635 3.030923
5.2619796 1.2787586 3.0343191
5.2651834 1.2778197 3.0360226
5.2620796 1.2754776 3.0361621
5.2610272 1.2758461 3.0357514
5.2608101 1.2751986 3.0320388
5.2590664 1.277981 3.0337918
5.2607391 1.2769953 3.0358522
5.2598716 1.2757284 3.0355915
5.260884 1.27321 3.0362591
0.26222934 0.61783078 0.6034224
0.26412993 0.61761784 0.60271554
0.26347244 0.61819881 0.60442672
0.26425089 0.61854198 0.60423219
0.2622843 0.61654917 0.60557754
0.2651789 0.61605215 0.60351833
0.26425716 0.61576743 0.60525384
0.26609037 0.61788454 0.6059797
0.2633126 0.61789028 0.60796549
0.26215006 0.61519006 0.60521848
0.25686285 0.61390528 0.60657769
0.25949306 0.61115432 0.60464774
0.26367478 0.61250252 0.60420968
0.26073667 0.61366485 0.60658623
0.26002242 0.61680661 0.60860445
0.25529284 0.61929891 0.61142735
0.25788576 0.61725619 0.6099139
0.2604301 0.61552979 0.60466276
0.26220673 0.61275065 0.60416749
0.25839905 0.61301543 0.60531596
0.25886969 0.61492323 0.60710964
0.25750221 0.61633421 0.60792081
4.5783776 1.5245204 5.7217062
4.5789597 1.5244271 5.7227087
4.5820301 1.5276309 5.7224887
4.5793614 1.5267377 5.7241692
4.5797051 1.5272604 5.7231903
4.5779343 1.5270684 5.722286
4.5786388 1.5283507 5.7206881
4.5774998 1.5301107 5.7223906
4.577648 1.5297239 5.7235219
4.5777294 1.5284344 5.7265153
4.5801375 1.524972 5.7217772
4.5792707 1.5231752 5.7214729
4.5803561 1.5246955 5.7203839
4.5795702 1.5287668 5.7231643
4.5792497 1.5325271 5.7246365
4.5795184 1.5305228 5.7261107
4.5784955 1.5295125 5.7268288
4.5769836 1.5282663 5.7255367
4.5772439 1.5302753 5.7225664
4.02475 1.83681 4.52138
4.5783904 1.5271707 5.7224735
4.5795952 1.5246997 5.7242816
4.5785141 1.5264307 5.7272548
4.5773085 1.5284005 5.7263748
4.5762896 1.5288549 5.7266688
2.6916608 1.0923434 0.68136407
2.689752 1.0909104 0.68381412
2.692405 1.088672 0.68164429
2.6919684 1.0902928 0.68067518
2.6933091 1.0916033 0.67914215
2.6910483 1.0936629 0.67799613
2.689718 1.0923921 0.68155231
2.54971 1.46163 1.63842
2.6861859 1.0922224 0.68294682
2.6867227 1.093144 0.68433329
2.6880584 1.0926565 0.68565438
2.6889396 1.0932716 0.68562275
2.6886499 1.0942435 0.6837206
2.6900423 1.0966047 0.68086104
2.6891897 1.0954006 0.68135441
2.6900306 1.0950679 0.68006875
1.9070935 0.27279788 0.73928436
1.9135605 0.27365596 0.73422389
1.9156031 0.27294783 0.73052872
1.911865 0.27266302 0.73665025
1.9141669 0.26931167 0.7325214
1.9035358 0.27018462 0.74365284
1.9133745 0.26847664 0.73349734
1.9142802 0.27248883 0.73338859
1.9158532 0.27226803 0.73374818
1.2592591 2.5586066 5.3958093
1.254634 2.5549297 5.3923595
1.2549785 2.5572299 5.3932441
1.2585559 2.5573181 5.3946515
1.2668247 2.5592249 5.4002735
1.2688187 2.5597737 5.4016488
1.2717094 2.557496 5.4056467
1.2629785 2.561501 5.401393
1.2636009 2.5627799 5.4004923
1.2589933 2.564287 5.3963667
2.1401416 2.3905138 1.380703
2.1408908 2.3913211 1.379354
2.139511 2.3914847 1.3795667
2.1384698 2.392935 1.3746881
2.1379303 2.3927341 1.3770831
2.1354784 2.3927567 1.3747657
2.1346739 2.3901547 1.3783159
2.1381782 2.3927698 1.3804015
2.1368395 2.3923509 1.3779222
2.1388319 2.3929284 1.3800141
2.1375267 2.3887 1.3792858
2.1379739 2.3877167 1.3794997
2.1415693 2.3881294 1.3819877
2.1369812 2.3917144 1.3756612
2.1385671 2.3918268 1.3779539
2.1358362 2.3939815 1.3750863
4.5788504 1.0442723 5.4456106
4.5805711 1.0445015 5.4438562
4.5801814 1.046308 5.4473346
4.5807986 1.0466108 5.4494169
4.5788583 1.0458791 5.4528441
4.5775955 1.0437922 5.4506986
4.576014 1.0462142 5.4515051
4.5758826 1.0475249 5.4487775
4.5766624 1.0481364 5.4518505
4.5817377 1.0494747 5.4470856
4.5808039 1.0482959 5.4502704
4.5816737 1.0504558 5.4468448
4.5787153 1.0501683 5.4486446
4.5805404 1.0491961 5.4477819
6.12181 1.76202 4.98888
5.2601154 1.2744491 3.0347102
3.03068 1.29698 0.06191
5.2612704 1.274323 3.0345247
5.2598791 1.2741816 3.0349487
5.2609301 1.2746746 3.0345195
5.2627826 1.2759514 3.0347317
5.2623424 1.2765445 3.0355965
5.2635867 1.2768305 3.0360196
5.2605898 1.2761451 3.0345455
5.2608871 1.2768229 3.0355674
5.2606472 1.2755217 3.0342471
5.2592906 1.2784658 3.0348449
5.2635014 1.2773004 3.0353375
5.2625335 1.2773718 3.0347094
5.2643249 1.2733231 3.0347831
0.26383249 0.61563769 0.60117754
0.26418163 0.61617232 0.60020674
0.26041354 0.61482017 0.60569355
0.26233598 0.61671004 0.60465013
0.26416655 0.61570388 0.60316523
0.26977478 0.61634753 0.59976419
0.26604149 0.61644435 0.60205457
0.25965054 0.61740869 0.60689414
0.25524783 0.61668814 0.61089622
0.25896695 0.61370807 0.60630002
0.25773953 0.61202376 0.60898462
0.26185059 0.61114552 0.60430291
0.25833886 0.61289211 0.60922551
0.25708144 0.61228397 0.60847313
0.25684944 0.61678411 0.6108534
0.25880867 0.61917944 0.60696964
0.26192389 0.61971427 0.60443984
0.26701234 0.61889833 0.59710415
0.26358943 0.61520587 0.60195986
0.26240831 0.61829478 0.60176224
0.25792652 0.61884961 0.60851966
0.25251437 0.61993199 0.6111575
4.580817 1.5250697 5.7249104
4.5807992 1.5223021 5.7251141
4.5792084 1.5252219 5.7239215
4.5762677 1.5234251 5.7224558
4.5802183 1.5264376 5.7223239
4.5798914 1.5256436 5.7207907
4.579661 1.5266733 5.7201829
4.5762861 1.5265689 5.7223071
4.5767971 1.526902 5.7239982
4.579191 1.52745 5.7244872
4.5812487 1.5270739 5.7187879
4.5804115 1.5251388 5.7186835
4.5783963 1.5268462 5.718315
4.5788417 1.5271918 5.7229734
4.5776427 1.5305706 5.7264299
4.5793975 1.5290938 5.7278495
4.5771169 1.5285091 5.7304995
4.5769205 1.5268252 5.7251908
4.5748703 1.5266718 5.7248522
4.575599 1.5231855 5.7231224
4.5760082 1.5231421 5.7243208
4.5761817 1.5242558 5.7240121
4.5755431 1.5252139 5.7246991
4.5749675 1.5267508 5.7240496
4.5741435 1.5268146 5.7232057
2.6953655 1.0925482 0.67757206
2.6924447 1.0912172 0.68053768
2.693109 1.0884035 0.68160658
2.6910971 1.089627 0.6837134
2.6940833 1.0898631 0.68310726
2.6931193 1.094365 0.67853644
2.6933915 1.0940509 0.67934429
2.6922527 1.0949294 0.67797122
2.690735 1.0916099 0.68032139
2.70668 1.45432 2.25935
2.6881988 1.0937112 0.68454747
2.6890785 1.0968407 0.68296098
2.6881249 1.095077 0.68553324
2.6919737 1.0963988 0.67936493
2.6896673 1.0933184 0.68120937
2.6924035 1.0940202 0.67837251
1.9026256 0.27126776 0.7442137
1.9032597 0.27180203 0.74426781
1.9065866 0.27207741 0.73866166
1.9099736 0.27177245 0.73475943
1.9088784 0.26937368 0.73193203
1.905708 0.27111938 0.7385191
1.9136912 0.27095121 0.73138148
1.9214675 0.27311824 0.72615337
1.9186088 0.27394246 0.72890902
1.9182782 0.2760291 0.72878605
3.20244 1.78039 3.32779
1.2580358 2.5589903 5.3934563
1.2566028 2.559498 5.3913749
1.2615954 2.5587088 5.3977092
1.2617886 2.5582998 5.3964599
1.2664058 2.5572903 5.402627
1.2607048 2.561819 5.3981313
1.2646426 2.5626721 5.3996408
1.2600742 2.5655043 5.3944255
2.1415663 2.3908326 1.3808651
2.1414915 2.3920355 1.3781038
2.1429366 2.3910691 1.3804772
2.1428402 2.3900432 1.3748191
2.1405764 2.3897266 1.3775588
2.1387373 2.3889901 1.3766125
2.1369992 2.3913539 1.3800895
2.1384426 2.3934021 1.3844439
4.23956 2.18937 4.5255
2.1405164 2.3931509 1.3848168
2.1391423 2.3903782 1.3820339
2.1415369 2.3914241 1.3820768
2.1404537 2.3916892 1.3806926
2.1358894 2.39278 1.3760953
2.1366402 2.3941137 1.377216
2.1368023 2.394179 1.3762605
4.5814921 1.0433447 5.4437641
4.5804864 1.0464243 5.4462252
4.5826564 1.0495033 5.4483111
4.5799913 1.0486021 5.4507964
4.5807207 1.0468296 5.4500675
4.5782097 1.0448073 5.448711
4.577481 1.0463193 5.4522809
4.5766715 1.0481733 5.4510198
4.5757941 1.0464885 5.4569738
4.5790421 1.046736 5.4494275
4.5762035 1.0447375 5.4530446
4.5782901 1.0478545 5.4467993
4.5774943 1.0489497 5.4489076
4.5789163 1.0523358 5.449072
5.55329 2.48509 5.75461
4.25702 1.79698 5.82341
5.2589391 1.2743071 3.0342649
5.2585164 1.2725554 3.0352036
2.54998 1.29413 0.19762
5.2608647 1.2755183 3.0376492
5.2616191 1.2771307 3.0355283
5.2640245 1.2760933 3.0337313
1.03304 0.95618 5.79109
5.2627115 1.2739718 3.0350535
5.2618526 1.2760647 3.0349617
5.2612988 1.2741253 3.0317473
5.2613769 1.2766672 3.0335382
5.2657684 1.2740794 3.0351507
5.2635709 1.2752761 3.0373224
2.37568 2.04397 5.4235
0.2642682 0.61649459 0.60045546
0.26425544 0.61579162 0.59945311
0.26102426 0.6153389 0.60703449
0.26010215 0.61711833 0.60776791
0.25900894 0.61835911 0.60846381
0.25956323 0.61705446 0.6063971
0.25819473 0.61854893 0.60694169
0.2571036 0.61909602 0.60944901
0.2543627 0.61918724 0.61265762
0.2566316 0.61598291 0.60973218
0.25355569 0.6146256 0.61297506
0.25679986 0.61031858 0.60852195
0.25398646 0.61260419 0.61226626
0.25827407 0.61007394 0.60783208
0.25821319 0.61508082 0.60891311
0.26239145 0.61601909 0.60492424
0.26206648 0.61722162 0.60412735
0.26493127 0.61600192 0.60198308
0.26151903 0.61393293 0.60614008
0.25706667 0.61601823 0.60773032
0.25279613 0.61674151 0.61194487
0.25201191 0.61890739 0.61153912
4.5771989 1.5245477 5.7248977
4.5775069 1.5239356 5.7237181
4.5778605 1.5273664 5.722695
4.5756108 1.5275962 5.7229441
4.5766619 1.5277582 5.7242212
4.5768727 1.5275465 5.7221835
4.5780592 1.527766 5.7200718
4.5770108 1.5271266 5.7210502
4.573374 1.5267684 5.7226209
4.5758073 1.5272606 5.7223368
4.5765826 1.527629 5.7192558
4.5783724 1.5243117 5.7182567
4.5778919 1.5253277 5.7207471
4.5800835 1.5266592 5.7216758
4.5788187 1.5307823 5.7225734
4.5808031 1.5307108 5.7200723
4.5773732 1.5291958 5.7268908
4.5796437 1.5276139 5.7225598
4.5776966 1.5256691 5.7248194
4.5783978 1.5245579 5.7218634
4.5760727 1.5253119 5.7233578
4.5780037 1.5270238 5.7248169
4.5770272 1.5272775 5.7235282
4.5765802 1.5266949 5.7245199
4.5758593 1.5248353 5.7252423
2.6936179 1.0922092 0.67765642
2.691525 1.091031 0.67979405
2.6912443 1.0872215 0.68073919
2.6933302 1.0879842 0.68072987
2.6951756 1.0881827 0.68244041
2.6938244 1.09281 0.67946401
2.6915536 1.0926158 0.68118889
2.6886356 1.0930353 0.6800968
2.6904321 1.0926374 0.68039718
2.692297 1.0922181 0.68030445
2.6912704 1.093191 0.6832245
2.69145 1.0930779 0.68165302
2.6878133 1.0931049 0.68602451
2.6915425 1.0924722 0.6801909
2.6886114 1.0899392 0.6835277
2.6912177 1.0899323 0.68012643
1.9114515 0.26865505 0.73572433
1.9026206 0.26963194 0.74383439
1.9021582 0.26905834 0.74177626
1.908668 0.27039339 0.73375049
1.9149101 0.27198395 0.7234544
1.9049486 0.27402523 0.73487563
1.9054628 0.27286286 0.73586961
1.9095338 0.27057549 0.73595145
1.9101671 0.2726967 0.73710442
1.9127037 0.27401643 0.73544171
1.9049433 0.27604045 0.74298587
1.2620814 2.5572807 5.4001728
1.2609368 2.5578244 5.3957457
1.2590368 2.5592468 5.3947683
1.2573454 2.560623 5.3923305
1.2625532 2.5590941 5.3986017
4.7874 0.63731 5.01124
1.2633448 2.5645309 5.3953491
2.1379487 2.3923749 1.3740619
2.1408855 2.391316 1.3779337
2.139539 2.3930815 1.3761632
2.1440718 2.3921643 1.3815473
2.1430696 2.3931444 1.3795231
2.1398879 2.3918826 1.378187
2.1352123 2.3910971 1.3773852
5.75545 1.71179 3.11589
2.1383122 2.390473 1.3840323
2.1401432 2.3880992 1.3830147
2.1434102 2.3882553 1.3851766
2.1414319 2.3884226 1.3805067
2.1409283 2.3898014 1.3785476
2.1383902 2.3908046 1.3780851
2.136629 2.3910484 1.3756345
2.1346587 2.3925932 1.3765989
4.5776991 1.0463649 5.4478355
4.5795363 1.0447357 5.4458364
4.5776447 1.0471193 5.4466344
4.58085 1.0478444 5.448606
4.5795963 1.0477047 5.4496552
4.5818664 1.0441497 5.4493665
4.5782204 1.0438582 5.4480328
4.5762388 1.0457504 5.4524795
4.5772509 1.0488747 5.4498158
4.5753294 1.0466529 5.4558665
4.5788386 1.0463825 5.4483713
4.5761472 1.0439831 5.4516889
4.5798037 1.0461896 5.4442771
4.68196 2.12651 3.71422
4.583976 1.0494624 5.4447211
4.5853365 1.0479566 5.4437129
4.5830146 1.0513778 5.4463862
5.2584923 1.2726099 3.0316407
5.2602251 1.2742898 3.0334436
5.260092 1.2706705 3.0339278
5.2630601 1.2735762 3.0370498
5.2593253 1.2754726 3.0371935
5.2615053 1.2757143 3.0363222
5.2605995 1.2793058 3.0347774
5.2623466 1.2771712 3.032599
5.2622834 1.2781739 3.0316241
5.2637665 1.2723684 3.0308598
5.2652458 1.2729878 3.0311877
5.266966 1.2748091 3.0334749
5.2649979 1.2766282 3.0343234
5.2659173 1.2749371 3.0344378
0.26080504 0.6161183 0.60198613
0.26119969 0.61650339 0.60036021
0.25939892 0.6171243 0.60660623
0.2616263 0.61573301 0.60530725
0.25047 2.5612 2.34938
0.26177878 0.61591289 0.60578315
0.25996031 0.61824129 0.60574542
0.26087081 0.61905815 0.60266017
0.25984454 0.62036569 0.60379896
0.26313878 0.61655365 0.60330576
0.25918151 0.61553879 0.60981295
0.89741 1.42067 0.24641
0.25529702 0.61644587 0.61037513
0.25801675 0.61242732 0.60666471
0.26025755 0.61661872 0.60509849
0.26634953 0.61548703 0.60073882
0.26768224 0.61743648 0.59832178
0.26487456 0.61656161 0.60266222
0.26177701 0.61578568 0.60625281
0.25717285 0.61833661 0.60975008
0.25507308 0.61955179 0.61060727
0.2519551 0.62011064 0.61210311
4.5766781 1.5269673 5.7273774
4.576117 1.527107 5.7259765
4.5769534 1.5256213 5.7233029
4.5742664 1.528593 5.7218205
4.577604 1.5286698 5.7213972
4.577532 1.5287734 5.7202729
4.5762633 1.5252909 5.7196773
4.5761367 1.5259145 5.7208832
4.5744973 1.5251838 5.7222666
4.5783691 1.5254543 5.7202985
4.5792805 1.5264734 5.7196931
4.5793849 1.5254408 5.7175508
4.5786398 1.5261253 5.7208671
4.579872 1.5243983 5.7181885
4.5792186 1.5255664 5.7216878
4.5793152 1.5276441 5.7198374
4.5787073 1.5283543 5.7250751
4.5786307 1.5276391 5.7221196
4.5768424 1.5238065 5.7251728
4.5763153 1.5232985 5.7225022
4.574492 1.5249323 5.7214536
4.5748792 1.5276087 5.7196997
4.5748666 1.5267251 5.7193044
4.5754504 1.5255403 5.7202055
4.5763015 1.5245582 5.7191999
3.30478 0.18188 5.72822
2.6933743 1.0908498 0.67690969
2.6907739 1.0888943 0.68036727
2.6923622 1.0881281 0.68128712
2.6917488 1.0891237 0.68244557
5.00713 1.01366 1.46818
4.40239 1.81795 1.73799
2.6907049 1.0930803 0.68178912
2.6937942 1.0919351 0.67851683
2.6936422 1.08898 0.67764897
2.6937724 1.0939273 0.68015515
2.6935247 1.0936738 0.68058333
2.6929077 1.0945786 0.68260371
4.81641 1.20793 5.87322
2.6984369 1.0896724 0.67968043
1.20565 0.6483 3.76873
1.9102118 0.26567728 0.73690926
1.9074293 0.26599821 0.73998796
1.9081647 0.26565494 0.73758073
1.9119911 0.27121329 0.73263867
1.9184445 0.2733755 0.72464343
1.9085497 0.27565805 0.73387825
1.9095953 0.27431739 0.73464088
5.99607 1.76231 1.24407
1.9054879 0.27392891 0.73852819
1.9064173 0.27457666 0.73847454
1.9032937 0.27582882 0.74126907
1.2643794 2.5593385 5.3993797
1.2632299 2.5605052 5.3976274
1.2591562 2.560534 5.3953205
1.2578149 2.559856 5.3929256
1.2576688 2.5592929 5.3934936
1.2620937 2.5612118 5.3944095
1.2649277 2.559987 5.3972049
6.22744 0.5855 0.16917
2.1392655 2.3889822 1.3765727
2.1376588 2.3931007 1.3776418
2.1428016 2.3925072 1.3812766
2.1425381 2.3920241 1.3823742
2.1421231 2.3905836 1.3804532
2.1380168 2.3901081 1.3799422
2.134857 2.3892879 1.3779738
2.1366456 2.38796 1.3808944
2.1414937 2.3895142 1.3831005
2.1438411 2.3883276 1.3834391
2.14032 2.389847 1.3795236
2.1377809 2.3897709 1.3765523
2.1396016 2.3935111 1.3801195
2.1387248 2.3942878 1.3775903
2.1402877 2.3939035 1.3805897
4.5780028 1.045489 5.4461876
4.578565 1.0437253 5.4460356
4.5761465 1.0469284 5.4468693
4.5772727 1.0484451 5.4529375
4.5769515 1.0500073 5.4521608
4.5805242 1.0480189 5.4500575
4.5796807 1.0459527 5.4488516
4.576498 1.0469241 5.4529478
4.5750516 1.0477267 5.4526992
4.5728569 1.046736 5.4555128
4.5758143 1.0455066 5.4495185
4.574466 1.0445663 5.4517562
4.5779142 1.0475765 5.4476219
4.5800191 1.0479252 5.4501596
4.5835322 1.0497253 5.4465771
4.5849279 1.0478864 5.4447435
4.5859646 1.0490414 5.4452168
4.5843374 1.0486712 5.4466996
5.2606706 1.2749834 3.0339767
5.2617987 1.2695381 3.0331492
5.2641844 1.2721553 3.0348467
5.2598867 1.2743326 3.0358242
5.2600015 1.2734558 3.0358125
5.2584322 1.2765087 3.0342512
5.2613801 1.2718981 3.0322542
5.2625087 1.2761108 3.0300998
5.2653064 1.2722327 3.0302706
5.2641498 1.2723411 3.0296294
5.263683 1.2739464 3.0324812
5.2620454 1.2737636 3.033786
5.2635395 1.2744579 3.0353259
0.26171129 0.61470255 0.60082598
0.26535789 0.61648596 0.59738951
0.26326974 0.61898044 0.60230803
0.26371037 0.6203539 0.60198294
0.25930171 0.6185472 0.60999552
0.25950058 0.61582391 0.60502172
0.26138606 0.61770745 0.60496477
0.26450279 0.61829306 0.60045578
0.26192162 0.6194697 0.60341622
0.26031904 0.61772144 0.607378
3.3374392 2.0774097 3.9804653
3.3402293 2.0775749 3.9772488
3.3392505 2.0800651 3.976978
4.24911 1.94475 0.34145
3.3346263 2.075886 3.9806436
3.3354576 2.0769955 3.9805763
3.3339806 2.0786038 3.9805233
3.333954 2.0787934 3.9795256
3.3328454 2.0783389 3.9771551
3.3334963 2.0822903 3.9793418
3.3340962 2.0855015 3.9759012
3.334499 2.0855793 3.9794559
4.5741117 1.5271171 5.7260797
5.60535 1.36982 6.02277
4.5767684 1.5290738 5.7238411
4.576488 1.5292721 5.7244454
4.579407 1.5262801 5.7246179
4.5786952 1.5269595 5.7214412
4.5793093 1.5252236 5.7196709
4.5784112 1.5279025 5.7203528
4.5744737 1.5261632 5.7221268
4.5768493 1.5273807 5.7209672
4.5765625 1.5277986 5.7205102
4.5805471 1.526716 5.7201203
4.5793497 1.5258258 5.7228824
4.5804279 1.5247935 5.7197759
4.5790942 1.5274021 5.7200264
4.578072 1.5290027 5.7181998
4.5787529 1.5310382 5.7209479
4.5800131 1.5281237 5.7213522
4.5797639 1.5274807 5.7213636
4.577759 1.5277416 5.7189059
4.5757114 1.5279333 5.7204939
4.575517 1.5281083 5.7197582
4.5755921 1.5279187 5.7197882
4.5744867 1.5276658 5.7196315
4.5742326 1.5275033 5.7191756
2.6924995 1.0939728 0.67640245
2.6908075 1.093006 0.67880944
2.6898281 1.0912666 0.68105563
2.6899984 1.0899258 0.68108088
2.6926271 1.0901155 0.68088504
2.6924819 1.0920889 0.68426026
2.6910246 1.0926307 0.68540207
2.6891671 1.0919645 0.68556395
2.6922857 1.0915824 0.68079211
2.6944434 1.089776 0.67947615
3.50361 0.83869 5.51603
2.693261 1.089809 0.68216852
2.6929373 1.091857 0.68302237
2.6916294 1.0889684 0.68476368
2.6933214 1.090425 0.68338346
2.6937945 1.0916995 0.68341775
1.9152842 0.26549233 0.73083368
1.9091997 0.26763372 0.73775337
1.9056601 0.26597664 0.74061415
1.9140874 0.26936664 0.7333314
1.9132901 0.2705455 0.73348722
1.9010251 0.2743922 0.74334734
1.8998941 0.27385413 0.74534758
1.9014621 0.27098946 0.74431065
1.9028899 0.27297643 0.74487887
1.8956774 0.27164711 0.75140641
1.8915694 0.27247227 0.75488881
1.9016957 0.27036282 0.74445808
1.2640262 2.5571493 5.3986197
2.22179 0.51502 6.21602
1.2588593 2.5600241 5.3940554
1.2615812 2.5588585 5.3965927
1.264657 2.5605028 5.3963027
1.2631371 2.5606628 5.3950737
2.1461792 2.3894995 1.3815495
2.142715 2.389422 1.3784789
2.1402581 2.3921643 1.3800851
2.1433724 2.3933518 1.382588
2.1436017 2.3934216 1.3845811
2.141879 2.3943834 1.3819635
2.1358402 2.3916538 1.3792474
2.1353574 2.391363 1.3792503
2.1389833 2.3885952 1.3809308
2.1440183 2.3900193 1.3845814
2.1442589 2.3871162 1.3820145
2.1408029 2.3894455 1.3803436
2.1363569 2.3881217 1.3766347
2.1378153 2.3926107 1.3798095
2.1376321 2.392273 1.3756891
4.5772934 1.0464137 5.4512337
4.5786572 1.0489769 5.4477836
4.5788293 1.045698 5.4482174
4.5753563 1.0466524 5.4475058
4.5749592 1.0479612 5.4523002
4.5758362 1.048141 5.4493255
4.5808613 1.0479502 5.4488773
4.5803207 1.0463634 5.4473787
4.5784193 1.0473467 5.4496901
4.5766596 1.0476221 5.4500938
4.5758011 1.0477546 5.4522956
4.5770799 1.0477073 5.4489137
4.579127 1.0471783 5.4513968
4.5811708 1.0483394 5.4470445
4.5831925 1.0470052 5.447547
4.5814674 1.0471258 5.4454495
4.5805642 1.0487455 5.4486248
4.5818261 1.0501688 5.4483481
4.5810419 1.0505278 5.4493211
4.581138 1.0483183 5.4511695
5.264445 1.2700258 3.0321225
5.2618182 1.2725882 3.0335308
5.2589174 1.2737244 3.0336477
5.2569578 1.2740492 3.0352372
5.2577812 1.2770651 3.0334995
5.2607612 1.2718758 3.0313139
5.2623912 1.2746133 3.027486
5.265371 1.2715937 3.0275289
5.2638135 1.2738452 3.0285711
5.2634722 1.2751612 3.0318193
5.2603921 1.2761739 3.0330419
1.25805 2.45668 5.08672
0.26019967 0.61532847 0.60382469
0.26207122 0.61792072 0.60174224
0.26528406 0.61908508 0.5992344
0.26491269 0.62002207 0.6006569
0.26353705 0.61897019 0.60727106
0.26182183 0.61663139 0.60500816
2.47723 0.96244 0.92529
3.3371757 2.0775264 3.9790556
3.3377065 2.076016 3.9817026
3.3363353 2.0735459 3.980505
3.3360026 2.0759755 3.981433
3.3380687 2.0767658 3.9778455
3.3371165 2.0793657 3.9786664
3.3374151 2.0759898 3.9774558
3.3329859 2.0751689 3.9788101
3.3355772 2.0789575 3.9801448
3.3353734 2.0801721 3.9792236
3.3350372 2.0830278 3.9786417
3.3338411 2.0818247 3.9753762
3.3342123 2.0826436 3.9766166
3.3353316 2.0832242 3.974166
3.3364732 2.0843169 3.9777983
3.3382789 2.0820177 3.9803375
4.579051 1.5268382 5.7255593
4.5801655 1.5282859 5.724175
4.5817132 1.5289357 5.7224385
4.5799521 1.5285291 5.7221242
4.579815 1.5274852 5.7185013
4.5785893 1.5257461 5.7207779
4.5784837 1.526879 5.7205697
4.5757329 1.5250586 5.7232099
4.5804653 1.5252419 5.7216188
4.5789758 1.5268265 5.721842
4.580912 1.5289262 5.7230582
4.5764366 1.5287094 5.7232766
4.5786415 1.5268017 5.7209606
4.5780921 1.5274874 5.7199739
4.5798142 1.5285212 5.7184265
4.576967 1.5311448 5.7191059
4.5764032 1.5288906 5.7204154
1.64888 0.69814 5.30193
4.5757553 1.5280517 5.7200312
4.577925 1.5301496 5.7183929
4.5783199 1.5297449 5.7183055
4.5772308 1.529424 5.7210179
4.5751805 1.5294986 5.7190423
4.5742602 1.530698 5.7167612
2.6959193 1.0947605 0.67276024
2.6934456 1.0956525 0.67702763
2.6936109 1.0928313 0.68003457
2.6893239 1.0931643 0.68239997
2.6885892 1.0902667 0.68342158
2.6896022 1.0939758 0.68617599
2.6907869 1.0943679 0.68489938
2.6921786 1.0951723 0.68464272
2.6944836 1.09199 0.68059057
2.6958566 1.0911392 0.67938235
2.6962574 1.0933112 0.67739457
2.6936942 1.0917885 0.68101978
2.6940793 1.0920911 0.68037437
2.6923575 1.0916619 0.68402395
2.6929125 1.0939569 0.68139761
2.6931034 1.0945279 0.68122807
2.6948118 1.0933591 0.67779131
1.9159684 0.26985192 0.73225987
1.9123865 0.26781724 0.73625936
1.9167546 0.27002586 0.7343715
1.9159255 0.27003068 0.7346035
5.40939 1.44046 1.08308
1.920896 0.27294663 0.72661139
1.9017134 0.27174381 0.74323146
1.902132 0.27097564 0.7441468
1.8967597 0.26879492 0.75081314
1.9006636 0.26818731 0.74759472
1.9063727 0.26851468 0.74199918
3.38978 1.58241 4.86648
1.2663896 2.5591106 5.4028446
1.2656397 2.5588399 5.401209
1.2638928 2.555799 5.4011943
4.81702 1.08241 1.11777
2.1501587 2.3901286 1.3851198
2.1472821 2.3894366 1.3826501
2.142548 2.3903189 1.3796138
2.141907 2.3912164 1.3794745
2.1436887 2.3921519 1.3818704
2.1422309 2.3884952 1.3808232
2.1415156 2.3882828 1.3819028
2.137992 2.3869269 1.378952
2.1375388 2.3882669 1.3800843
2.139956 2.3889745 1.3805649
2.1433002 2.391093 1.3817201
2.1421593 2.3896753 1.3788084
2.1378031 2.3904233 1.3777298
2.1357547 2.3890452 1.37883
5.07042 0.60637 1.97711
2.1421632 2.3942307 1.3842085
4.5784414 1.0473881 5.4505294
4.5791818 1.0479399 5.448588
4.5797307 1.0452326 5.4487886
4.5772766 1.0465525 5.4481354
4.5776374 1.0476996 5.4518575
4.5776714 1.0494243 5.4482538
4.5798758 1.0497597 5.4485232
4.5790491 1.0467764 5.4482256
4.5780106 1.0460572 5.4513336
4.5774645 1.047677 5.4491536
4.5783455 1.047689 5.4490814
4.5791482 1.0472034 5.4463666
4.5789316 1.0453515 5.4486906
4.5791409 1.0467691 5.4497688
4.5797029 1.0472846 5.4523203
4.5801678 1.0476762 5.4503422
4.5818079 1.0489608 5.4491108
4.5811913 1.0509523 5.4482656
4.5810022 1.051633 5.4489873
4.5799204 1.0493701 5.4515221
4.578657 1.0463008 5.450656
5.2626011 1.2740483 3.0309788
5.2616131 1.2741032 3.0322349
2.33411 1.2003 1.53641
5.2586813 1.2745976 3.0330785
3.74886 1.54041 4.67993
5.259938 1.2746465 3.028711
5.2624971 1.2729922 3.0308018
5.2608886 1.2738621 3.0320955
5.2622674 1.2743447 3.0322946
5.2607578 1.2739407 3.0333072
2.32487 2.36181 5.12441
0.26211594 0.61325816 0.60621168
0.2622871 0.61466506 0.60587845
0.26632025 0.61851932 0.59969405
0.26405091 0.61976027 0.60099901
0.26499881 0.61977048 0.60316088
0.08673 2.91261 5.82367
1.94533 1.73393 4.71832
3.337931 2.0769927 3.9793596
3.3381051 2.0747475 3.9812478
3.3370092 2.0737354 3.9802476
3.3364726 2.0770512 3.9814066
3.3376998 2.0757838 3.9786391
3.334056 2.0799557 3.9755925
3.3343995 2.0765484 3.9753802
3.3301503 2.0761433 3.9763716
3.3362294 2.0791219 3.9788686
3.338957 2.0797833 3.9815908
3.3404403 2.0839405 3.9813678
3.3389516 2.0815576 3.9780857
3.3361816 2.082014 3.9765553
3.3384631 2.080425 3.9754544
3.3380326 2.079594 3.9785109
3.3371797 2.0778475 3.9817406
3.3357026 2.0777653 3.9824091
4.5764601 1.5272221 5.7255032
4.5812243 1.5278428 5.7254789
4.5780296 1.5283878 5.7255424
4.5823861 1.5291628 5.7218524
4.5794914 1.5287127 5.7236426
4.5800303 1.5282929 5.7219502
4.5774692 1.528129 5.7233704
4.5817457 1.5280042 5.7203499
4.5804819 1.5287246 5.7205227
4.5811282 1.5291022 5.7223962
4.576561 1.5288776 5.7235041
4.5778274 1.5287681 5.7238031
4.5773479 1.5285253 5.7222145
4.5812572 1.5296452 5.7182992
4.5774438 1.5280581 5.7186939
4.5796108 1.5282034 5.7199652
4.5778071 1.5294469 5.7220548
4.5779726 1.5299475 5.7225231
4.5785967 1.5299417 5.7233231
4.5785847 1.5284021 5.7215401
4.5776083 1.5302023 5.7218179
4.5747928 1.5309782 5.7196662
4.5705059 1.5317627 5.7191416
2.6972663 1.0915023 0.67752543
3.98001 1.66412 4.87012
2.6918796 1.093476 0.68408243
2.6889786 1.0940464 0.68610629
2.6900971 1.0932291 0.68371828
2.6906937 1.0950951 0.68378467
2.6904413 1.0950152 0.6831454
2.6911785 1.0930597 0.68279601
2.6930564 1.0917562 0.68145979
2.6923096 1.0908774 0.68047823
2.693659 1.0929722 0.67833797
2.6920203 1.0906175 0.68008435
2.689891 1.0906393 0.68152412
4.93047 1.50335 0.25436
2.6887046 1.0915411 0.68313723
2.6923123 1.0935233 0.68039763
2.6944011 1.093869 0.6774871
1.9059794 0.27127225 0.74004086
1.9044148 0.26860366 0.74370739
1.911704 0.26748036 0.73900711
1.9124865 0.26753445 0.73801972
1.9059091 0.27131077 0.74225985
1.9131227 0.27279635 0.73410619
1.9049544 0.27189819 0.74224144
1.9145626 0.27017459 0.7352943
1.8992171 0.26900374 0.75157352
1.9022672 0.26709283 0.74791032
1.9006208 0.26924147 0.74645064
1.2633385 2.5613418 5.3978936
1.2642001 2.5588932 5.399973
1.2640354 2.5607143 5.3993027
1.2634988 2.555435 5.4012091
1.262996 2.5570569 5.3992177
2.1467476 2.392116 1.3848403
2.1444507 2.3918792 1.3811845
2.1418407 2.3905878 1.3797953
0.45422 1.25679 2.2333
2.1400249 2.3925624 1.3795508
2.1387874 2.3933497 1.3771811
2.1429882 2.3915153 1.3821023
2.1423725 2.3896278 1.3804474
2.1440204 2.3887309 1.3823886
2.1429219 2.3898966 1.380558
2.1444352 2.3915325 1.3801092
2.144173 2.3911176 1.3802773
2.1434091 2.3915526 1.3820351
2.1413251 2.3920571 1.3845389
2.1397065 2.3924515 1.3832933
2.1401114 2.3935625 1.3829128
3.82733 1.98991 1.88114
4.5792853 1.0480704 5.4503761
4.5796187 1.0480879 5.4522958
4.5772205 1.05135 5.4488946
4.5798391 1.0493941 5.4491607
4.5814284 1.0505429 5.4456134
4.5807871 1.0477863 5.4495179
4.5787319 1.0484966 5.4493143
4.5782957 1.0492929 5.4498148
4.5782273 1.051638 5.4471116
4.5774699 1.0480933 5.4476701
4.5765497 1.0471798 5.4478992
4.5740175 1.0453383 5.4512057
4.5764027 1.045548 5.4500839
4.5747987 1.0452076 5.4489941
4.5755154 1.0478693 5.451867
4.5753822 1.0505079 5.4530433
4.5755519 1.0531176 5.4522471
4.5795233 1.0509002 5.4475107
3.09457 1.63466 3.81454
4.5791113 1.048184 5.448377
4.578438 1.0479716 5.451153
4.71906 1.94318 5.18946
5.2594348 1.2763106 3.0334432
5.2616403 1.2742072 3.031195
5.2624877 1.2720679 3.0287951
5.2618759 1.2735594 3.0267089
5.2613569 1.2756235 3.0289691
5.2603824 1.2757122 3.0335075
5.2643511 1.2761495 3.0355342
5.2636504 1.2734669 3.0362518
5.2646139 1.2743149 3.0339637
0.25727705 0.6156147 0.61441476
0.25867195 0.61347165 0.61317929
0.26130492 0.61640807 0.60690212
1.23779 0.80493 1.88756
3.3354415 2.0783117 3.98116
3.3346237 2.0795837 3.9810695
3.3380784 2.0769859 3.979397
3.3340702 2.0768362 3.9762357
3.3355993 2.0745791 3.9778567
3.3330842 2.0720166 3.9778502
3.3364314 2.0763711 3.9824918
3.3380745 2.0762093 3.9821905
3.3352683 2.0785013 3.9783052
3.3341709 2.0767207 3.9758092
3.3309547 2.0775165 3.9755237
3.335446 2.0796807 3.9757206
3.3350783 2.0804218 3.9764992
3.3361062 2.0820692 3.9755564
3.3370315 2.0791076 3.9771171
3.335301 2.0790314 3.979197
3.3371205 2.0777927 3.977181
3.3366589 2.0775287 3.9792656
3.3391637 2.0789068 3.9826487
3.3409421 2.0787497 3.9840697
3.3376077 2.0798931 3.9844688
4.5817447 1.5306187 5.723277
4.5782889 1.5294425 5.7227304
4.5803283 1.5306742 5.7208792
4.5786295 1.5286916 5.7220788
4.5803018 1.5282127 5.7212181
4.5795887 1.5276344 5.7224255
4.5807263 1.5272245 5.7197196
4.5804357 1.5286139 5.7202591
4.5780295 1.5288939 5.7219435
4.575869 1.5283741 5.721933
4.5767934 1.5306783 5.7199076
4.5787422 1.530351 5.7193174
4.5808681 1.5314878 5.7169983
4.577389 1.5278183 5.7182184
4.5785182 1.5275557 5.7192207
4.5770249 1.526707 5.7217163
4.5769413 1.5277344 5.7217133
4.579217 1.5284211 5.7214318
4.5796182 1.528981 5.7214962
4.5792505 1.5312941 5.7213247
4.5792864 1.5301064 5.7195884
4.5770633 1.5294815 5.7186552
2.6951763 1.0899452 0.68101811
2.6941925 1.0917029 0.68205307
2.6911133 1.0945644 0.68381837
2.6902567 1.090396 0.68547022
2.6885453 1.0919409 0.68551581
2.6893392 1.0919344 0.683173
2.6908613 1.0959135 0.68031736
2.6905589 1.0926846 0.68036988
2.6937027 1.0919649 0.67805568
1.83956 2.24773 0.82466
2.6943698 1.0920906 0.67850843
2.6917272 1.0905424 0.67961033
2.6909305 1.0909246 0.68036839
2.6918056 1.091451 0.68087519
2.6890999 1.0941142 0.68224559
2.6908013 1.0935565 0.67931168
1.9017847 0.26932051 0.74164242
1.9073507 0.27070749 0.73994479
1.9067686 0.27028428 0.74466259
1.911623 0.27048022 0.7398848
1.9127047 0.27016513 0.73803562
1.9174379 0.27159667 0.73124614
1.917094 0.27268954 0.7307574
1.9091853 0.27213223 0.73800904
1.9149239 0.27004678 0.73335129
1.9089898 0.26769203 0.74003715
1.9081689 0.26838759 0.74251256
1.9014745 0.27174787 0.74687789
1.8982605 0.27228405 0.74826236
5.05646 2.12643 1.03239
1.267529 2.5620491 5.4026086
4.39335 0.36731 0.03812
1.2632081 2.5559878 5.4007405
2.1418661 2.3920322 1.3795506
2.1387269 2.3927568 1.3778932
2.1429061 2.3895874 1.3807073
2.1381646 2.3891693 1.3754647
2.1431431 2.3870603 1.3792739
2.1370301 2.3888929 1.3758304
2.1415225 2.3884701 1.3804445
2.141281 2.3881899 1.3799796
2.144883 2.3890631 1.3834238
2.1455623 2.3883358 1.3831062
2.1453355 2.3902331 1.3829913
2.1435873 2.3899841 1.381228
2.1446579 2.3923493 1.3814726
2.1418111 2.3948519 1.3834334
2.1426804 2.3931956 1.3848158
6.26496 2.38111 1.52022
4.578353 1.044432 5.4499993
4.576909 1.0486614 5.4506921
4.5792159 1.0469489 5.4524357
4.5769271 1.0490719 5.4493616
4.5796115 1.0474633 5.4506728
4.58061 1.047567 5.4468372
4.58125 1.0464356 5.4499896
4.58005 1.0476049 5.4504636
4.5789096 1.0487295 5.4502024
4.5805807 1.0497505 5.4475891
4.5783671 1.0458055 5.4487688
4.574913 1.0451077 5.4505356
4.5712104 1.0441718 5.451709
4.5726102 1.0466359 5.4516064
4.5754497 1.0459816 5.4486983
4.5783193 1.0489172 5.4512749
4.5781147 1.0487165 5.449492
4.5768799 1.0530762 5.4507728
4.5796726 1.050698 5.4444308
4.5803966 1.052258 5.4447792
4.5798441 1.050607 5.4470014
3.00952 1.01443 5.8322
5.2600964 1.2755283 3.034032
5.2603071 1.2738949 3.0339179
4.72421 2.3925 0.10666
5.2626438 1.2747907 3.0285507
5.2632652 1.2736704 3.0287332
5.2631892 1.2752288 3.0314501
5.2620582 1.2727008 3.0361974
5.2637445 1.2737487 3.0369528
5.2621735 1.2724862 3.0374209
5.2645817 1.2741796 3.0343226
3.3328281 2.0800789 3.9750975
3.3330992 2.0808168 3.9783963
3.3337265 2.077407 3.978728
3.333775 2.0778664 3.9815252
3.3371898 2.0755991 3.9801695
3.3353582 2.0788554 3.9806634
3.3389352 2.0776259 3.9793557
3.3331857 2.0778118 3.9759148
3.3354529 2.0764929 3.9760297
4.40772 0.67424 1.85008
3.3376357 2.0749791 3.9803014
3.3364296 2.0761138 3.9780552
3.3366307 2.0772256 3.9772916
3.3318509 2.0785838 3.9724985
3.3305821 2.0787221 3.9742917
3.3330034 2.0811318 3.9747383
3.3375213 2.0801247 3.9767592
3.3393643 2.0789218 3.9777813
3.3396553 2.0750062 3.9792113
3.3378866 2.0754568 3.9830896
3.3388904 2.0758766 3.9816934
3.3354643 2.0769387 3.9810461
3.3344168 2.0784191 3.9788047
3.3343152 2.0780783 3.9781066
3.333899 2.0790917 3.9817266
3.336674 2.0775337 3.9808465
4.5782739 1.5284495 5.7249285
4.5791797 1.5308119 5.7234444
4.5785738 1.5291063 5.7257528
4.5788988 1.5293677 5.7250656
4.5801655 1.5288805 5.723991
4.5817176 1.5280545 5.7232643
4.5810386 1.5279421 5.7215378
4.5791757 1.5285831 5.7224876
4.5783158 1.5269163 5.7222307
4.5765112 1.5307131 5.7214387
4.5781524 1.5282581 5.7208665
4.5777271 1.5286947 5.7180407
4.94438 1.60743 1.5
4.5784603 1.5272631 5.7191893
4.5790152 1.5276984 5.7218026
4.5778066 1.5270794 5.7230905
4.5762779 1.5266278 5.7247366
4.5759002 1.5259203 5.7233867
5.63275 1.26489 6.17053
4.5771313 1.5259356 5.7224134
4.5769697 1.5265353 5.7223325
2.6908004 1.0869858 0.68707879
2.6904748 1.0891447 0.68542827
2.6877173 1.0945248 0.68653436
2.6891771 1.0883081 0.68540939
2.6899111 1.0917156 0.68530284
0.65355 2.34012 3.31649
2.688974 1.0936491 0.67966929
2.6879603 1.0907836 0.68109469
4.37203 2.17225 5.94212
2.6906868 1.0895011 0.6822091
2.6916471 1.0913582 0.6802623
4.5172177 1.5069887 2.0182205
4.5191863 1.5031226 2.0201392
4.5176834 1.5011702 2.021038
4.5193073 1.496255 2.0203272
4.5198149 1.4962533 2.0181659
1.9037681 0.26988614 0.73907367
1.9083458 0.27015015 0.73740508
1.9124061 0.27090526 0.73903671
1.9171179 0.27093743 0.73564739
1.9066461 0.27028371 0.74563826
0.23571 1.98438 3.41224
1.9055371 0.27079179 0.74260694
1.9094081 0.27082888 0.7398803
5.37446 2.14443 4.93742
4.16309 0.36453 5.68318
1.9067436 0.2720011 0.74168832
1.9024 0.27202044 0.74252736
1.8983693 0.27315313 0.74612803
1.2650245 2.5621306 5.3992453
1.2662001 2.5607445 5.4000273
1.2671185 2.5591394 5.4015675
5.4103614 1.4597222 5.3496128
5.4116537 1.4612815 5.3488291
2.1358755 2.3921219 1.376974
2.1425891 2.3889387 1.3808746
2.1365982 2.3891433 1.3751783
2.1414132 2.3892823 1.3763281
2.1339049 2.3918711 1.3717504
2.1418004 2.3911066 1.3795337
2.141097 2.3894763 1.3798516
4.73055 1.5596 4.4183
2.1407982 2.3872084 1.3780775
2.1406219 2.3896513 1.3786827
2.1413105 2.3893754 1.3816354
3.30548 1.37515 2.50004
2.1407167 2.3955637 1.3839961
2.142299 2.394614 1.3832455
4.5787292 1.0424399 5.4489393
4.5816139 1.041537 5.4482145
4.5798335 1.0443333 5.4487728
4.5787936 1.0460216 5.45183
4.5765802 1.0487127 5.4482752
4.5803047 1.0496154 5.4510159
4.5796712 1.0471901 5.4477663
4.5795962 1.0466493 5.4515349
4.5786405 1.0465136 5.450539
4.5777665 1.0506196 5.4508842
4.5815505 1.0506645 5.4456676
4.5797169 1.0476347 5.4476002
4.5772079 1.0473791 5.4490474
4.5724594 1.047837 5.45389
4.5725335 1.0499589 5.4531603
4.5761746 1.0471445 5.4477677
4.576167 1.0500192 5.4502509
4.5761401 1.0485852 5.4521134
4.5755 1.0519975 5.4540466
4.5798668 1.0484759 5.4470643
4.5802262 1.0513795 5.4443576
4.5796093 1.0528205 5.4446617
4.5801016 1.0507818 5.4478926
4.5813231 1.0493005 5.4506357
5.2632571 1.273804 3.0321551
5.2642607 1.2725911 3.0297416
5.2651848 1.2704619 3.0271661
5.2652717 1.2712588 3.0271939
5.2653898 1.2739952 3.0287369
5.2641671 1.2720636 3.0345955
5.2658106 1.2738924 3.0356534
2.35284 0.56618 2.19424
3.3340832 2.0794811 3.9758676
3.3312854 2.0781173 3.9720989
3.3331978 2.0790765 3.9772634
3.3339725 2.0774556 3.9782298
3.3346563 2.0795431 3.9805482
3.3365155 2.0789178 3.9792036
3.3351659 2.0797643 3.9788564
3.3372853 2.0797709 3.97762
3.3320385 2.0782444 3.9763345
3.3317861 2.0763561 3.9764309
1.65989 2.14728 4.37823
3.3356772 2.0763082 3.9790414
3.3360016 2.0792501 3.9772529
3.3369691 2.0771065 3.9768544
3.3332724 2.076992 3.9739797
3.334301 2.0761375 3.9761592
3.3339755 2.0796887 3.9755368
3.3339128 2.080785 3.9742297
3.3341021 2.081531 3.9763972
3.33664 2.0768569 3.9783954
3.3370727 2.0767615 3.9809169
3.338218 2.0761193 3.9799453
3.3361117 2.0787755 3.9767175
3.3370287 2.0813539 3.9770072
3.3376333 2.0822852 3.9781347
3.3363348 2.0813062 3.9811139
3.3363999 2.0793505 3.9792001
3.3350244 2.0778841 3.9808697
4.5794648 1.5280636 5.7189523
4.5796569 1.5292484 5.7220109
4.5803382 1.5305308 5.7224654
4.5788482 1.5305997 5.7243404
4.579717 1.5316131 5.7247823
4.5790204 1.5312382 5.7220575
4.5792254 1.5320814 5.7214116
4.5809577 1.5290701 5.7188263
4.5802238 1.5307776 5.7182604
4.5813277 1.5302357 5.7203977
4.5770549 1.5326067 5.7218121
4.5783501 1.5297244 5.7220735
4.5774525 1.5281317 5.7212406
4.5769658 1.5268246 5.7216189
4.5755012 1.5246637 5.7205397
4.5751357 1.5275246 5.7254156
4.5739223 1.5267252 5.7251906
4.5771715 1.529716 5.7254787
4.576328 1.5262995 5.724616
4.5788325 1.5259694 5.7250302
4.5231042 1.5006795 2.0183581
4.5204998 1.4995927 2.018964
4.5201614 1.5008692 2.016985
4.5199779 1.4989756 2.0157709
4.5210302 1.5010228 2.0169063
4.5200011 1.5046669 2.0194528
4.5172225 1.5018181 2.0214543
0.91929 2.69315 1.88001
4.517775 1.4996575 2.0207789
4.5160801 1.5033904 2.0212183
4.5166921 1.5031156 2.0184945
4.5166761 1.5043798 2.0198204
4.5195901 1.5026939 2.0185189
4.5189828 1.5000723 2.0202081
4.5175933 1.4983349 2.0180165
4.5188954 1.4959832 2.0175746
4.5173773 1.4970451 2.0168701
1.9116182 0.27118832 0.73557549
1.9149705 0.27246278 0.73752142
1.9145113 0.26990419 0.73755053
1.914422 0.26805691 0.73967336
1.9137202 0.26833478 0.73686653
3.63681 1.4822 4.71637
1.9138054 0.27255816 0.73517321
1.9167913 0.27147623 0.7322015
1.9087666 0.27128806 0.73877565
1.8972603 0.27227082 0.74958016
1.8957168 0.27221421 0.75161221
1.8976704 0.27202838 0.75025561
1.2653037 2.5629304 5.3991095
5.4104951 1.4593992 5.3470583
5.4121915 1.459964 5.3466
5.4110206 1.4592866 5.3474182
5.41106 1.4613641 5.3480611
5.4092134 1.4591818 5.3480641
2.23249 1.45781 2.8843
2.1426969 2.3887996 1.3760248
2.1456534 2.3869182 1.3782496
2.1378525 2.3862855 1.3749595
0.66232 1.06336 6.04559
2.1362986 2.3890189 1.37721
2.1387016 2.3911316 1.3783841
2.1402311 2.3918526 1.3798903
2.143186 2.3930875 1.3813662
2.1435133 2.3908477 1.3815625
2.143986 2.3906263 1.379974
2.1388938 2.39216 1.3793965
2.1398634 2.3945912 1.3793001
4.5786086 1.0456465 5.4494811
4.5795129 1.0461338 5.4507452
4.5803167 1.0463419 5.4489252
4.5804321 1.0466191 5.4526013
4.5787653 1.046626 5.4487042
4.5784283 1.0471443 5.4531973
4.577712 1.045368 5.4495579
4.5792709 1.0476534 5.4503673
4.5788048 1.044595 5.4472746
4.5801207 1.0474196 5.4472387
4.5803711 1.0446349 5.446951
4.5798066 1.044981 5.4503252
4.5796718 1.0469639 5.4487503
4.5768353 1.0502698 5.451147
4.5791898 1.0512397 5.4490022
4.5813633 1.0484284 5.4469347
4.581112 1.0495221 5.4471313
4.5795378 1.0480025 5.4497209
4.5758428 1.050713 5.4524784
3.23101 2.80568 1.84238
3.6441 1.57207 1.11588
4.42875 1.12954 2.62324
1.83416 0.57006 4.91834
4.5812801 1.0489996 5.4490783
5.2638547 1.2720056 3.0311598
5.2641678 1.2725899 3.0307945
5.2639039 1.2719007 3.0300831
5.2633973 1.2740668 3.032179
1.87012 1.98908 2.67267
5.2641476 1.2728448 3.0340164
2.01332 1.64253 5.85308
3.3331217 2.0795678 3.9735805
3.3323644 2.0785828 3.973418
3.3313317 2.0785669 3.9704373
3.3342955 2.0783465 3.9757739
3.3336726 2.0785017 3.9752463
3.3376024 2.0777417 3.9796796
3.3383024 2.0797353 3.980688
3.3379432 2.0790539 3.9815525
3.3394007 2.0805182 3.9829233
3.3375908 2.077271 3.982389
3.3363503 2.0759074 3.9817255
3.3331578 2.0755824 3.9785708
3.3340321 2.075348 3.9761852
3.3365012 2.0774877 3.9774709
3.3361657 2.0762939 3.9751092
3.3350424 2.0760294 3.977119
3.3326279 2.0758501 3.975588
3.3348292 2.0802859 3.9799044
3.3374104 2.0824845 3.9794117
3.3383472 2.0803582 3.9799632
3.3392787 2.0761948 3.9817901
3.3380433 2.0750259 3.9805801
3.3392003 2.0761052 3.9800828
3.3364668 2.080434 3.9758937
3.3358278 2.0797743 3.9770126
3.3329788 2.0790566 3.9745313
3.3340769 2.0762781 3.97766
3.3330946 2.0760856 3.9780735
3.3344459 2.0776013 3.9798321
5.31009 0.61769 3.83005
4.5775526 1.5297202 5.724341
4.5802655 1.5301806 5.7237537
4.5789241 1.5289779 5.7247662
4.5823419 1.5300907 5.7253832
4.5803019 1.5302832 5.7233518
4.5799347 1.5311652 5.7218183
4.5800666 1.5288999 5.7212965
4.5782797 1.5281076 5.7226281
4.5806768 1.528544 5.7212037
4.5772156 1.5291997 5.7219674
4.5772751 1.5295522 5.7196621
4.5761536 1.5291118 5.7214791
4.5763995 1.5280724 5.7229479
4.5745202 1.5257289 5.7222136
4.57671 1.5273619 5.7263234
4.5746593 1.5262692 5.7246894
1.86558 1.5199 3.26979
4.5753131 1.5270517 5.7248164
4.5754902 1.527599 5.7254933
4.5218233 1.5010548 2.0159393
4.5195526 1.4999964 2.0158648
4.5199112 1.5000072 2.0174294
4.520112 1.4980584 2.0158599
3.1944 0.45175 1.68202
4.5194224 1.5036592 2.0174157
4.5182823 1.502303 2.0195183
4.519539 1.501359 2.022026
4.5179204 1.4984733 2.0198153
4.5168321 1.5012866 2.0214718
4.515723 1.5027782 2.0178446
4.5169149 1.5017911 2.0191589
4.5211994 1.5002605 2.0178501
4.5186258 1.499982 2.0192906
4.5179015 1.4995046 2.0168782
4.5179926 1.4970481 2.0172089
4.5190447 1.4966981 2.0165255
4.522311 1.4950627 2.0173385
1.9155193 0.27263959 0.7356803
1.9133847 0.27060409 0.737449
1.914413 0.26923382 0.73834217
1.9129937 0.26742044 0.73704902
1.9183663 0.26616881 0.73115998
1.9125706 0.2666327 0.73632016
1.912387 0.26773407 0.73557976
1.9046272 0.27011224 0.74319901
1.9000429 0.27186786 0.74663124
1.901119 0.27247802 0.7449342
1.8987969 0.27218938 0.74864963
5.4123421 1.4593684 5.3482304
5.4113992 1.4619993 5.3469759
5.4111971 1.4607672 5.3463548
5.4103948 1.4602374 5.347221
5.4090879 1.4578078 5.3471417
5.4086694 1.4569419 5.347773
5.4098856 1.4571761 5.348628
5.409909 1.4570224 5.3487854
1.31144 1.29831 5.78537
2.1376506 2.3892103 1.3745638
2.1394873 2.3893637 1.3779881
2.1365375 2.3886451 1.3777462
2.1372637 2.3902494 1.3769262
3.46585 2.08773 3.3751
2.1407613 2.3963012 1.3763957
2.1427559 2.3927783 1.3783313
2.1454742 2.3906751 1.3792036
2.1412572 2.3901087 1.3806932
2.1403408 2.3935579 1.3799104
4.580634 1.047129 5.4480312
4.5819874 1.0453819 5.4493327
4.5816952 1.0437494 5.4464621
4.5790525 1.0446933 5.4513404
4.5787297 1.0467945 5.4488263
4.5783805 1.0488428 5.4529054
4.5767861 1.0475552 5.4493022
4.5783117 1.0487945 5.4484993
4.5778171 1.04463 5.4466508
4.5789315 1.0473436 5.4479852
4.5767522 1.046465 5.4476076
4.5800237 1.0491836 5.4476267
4.5813418 1.0483199 5.4470655
4.5789412 1.0486558 5.4510833
4.5808038 1.0485635 5.449747
4.5789054 1.0493945 5.4510932
4.813075 1.2769767 4.1806177
4.8140171 1.2772704 4.1851565
4.8124881 1.275406 4.1846008
2.69075 1.95838 1.41866
4.8136474 1.2743643 4.1819713
4.8161351 1.2741347 4.1824964
4.8169267 1.2737291 4.1820334
4.8175795 1.2764284 4.1822368
4.8166255 1.277167 4.1818108
5.2648153 1.2716918 3.0339247
5.2637817 1.2710235 3.0328592
5.2634868 1.2730521 3.0332961
5.2638178 1.274825 3.0315126
3.12143 1.89265 4.3422
2.7149 1.93286 1.93812
0.81499 3.05956 4.79847
3.3337181 2.0776872 3.9755151
3.3314321 2.0779598 3.9725142
3.3328289 2.0774028 3.9748503
3.3325237 2.0789014 3.9728596
3.3352388 2.0762734 3.9777922
3.3343386 2.0798086 3.9789514
3.336844 2.0805689 3.9818861
3.3376482 2.084579 3.9831721
3.3363547 2.0801642 3.9819188
3.3358904 2.0770804 3.9822861
3.336029 2.0749378 3.9806646
3.3362781 2.0769002 3.9781751
3.3404438 2.0798479 3.9813886
3.3357161 2.0767551 3.9768702
3.338032 2.0764876 3.9812857
3.3356828 2.0746869 3.9765288
3.3367379 2.0780753 3.9791922
3.3358479 2.0799022 3.9783973
3.33394 2.0785097 3.9802826
3.3365344 2.0784376 3.9807941
3.3389239 2.0767039 3.981261
3.3407907 2.0773294 3.9816936
3.3419201 2.0777321 3.979592
3.3403403 2.0762076 3.9813021
3.3362865 2.0764525 3.9786462
3.3357504 2.0767158 3.9798547
3.3354698 2.0782419 3.9793234
3.3356363 2.0807137 3.9783109
3.3352481 2.0798692 3.9784144
3.3369221 2.0792083 3.9779274
4.5803559 1.5296398 5.7236078
4.5784636 1.5295558 5.7241464
4.5816155 1.5308969 5.7237304
4.5794477 1.5317053 5.7212996
4.5796457 1.5307018 5.7182869
4.5814573 1.5289227 5.7187526
4.5803732 1.5278286 5.7226538
4.5804655 1.530137 5.7224782
4.5786057 1.5302662 5.7240424
4.5787687 1.5302373 5.7201022
4.5773066 1.5288298 5.7227603
4.5771311 1.5258146 5.7235182
4.5736506 1.5249521 5.7246639
4.5756806 1.5264472 5.725065
2.92837 1.64467 5.87607
4.5775417 1.5286152 5.7249304
4.5742849 1.5284673 5.7249068
4.50108 0.37529 0.98434
4.5197368 1.503159 2.0179631
4.5179712 1.5030154 2.0180434
4.517471 1.5022144 2.0183068
4.5184603 1.4976499 2.0166838
4.520698 1.4977526 2.0155609
4.521531 1.4975857 2.01665
4.5203358 1.4980153 2.0184375
4.5204964 1.4983914 2.0212334
4.5196986 1.5007471 2.0188822
4.5178102 1.5018363 2.0196682
4.515809 1.5017993 2.017693
4.5158789 1.4994604 2.0205612
4.5213342 1.4992544 2.0197675
4.5192283 1.5003852 2.0201169
4.5218762 1.499585 2.0193177
4.5180352 1.4995682 2.0192776
4.5218496 1.4992152 2.0206343
4.522724 1.5003308 2.0198096
4.5226847 1.5019015 2.0197542
1.9113862 0.27079351 0.7410046
1.9124681 0.26908051 0.74020002
1.9135955 0.26799575 0.7362649
1.9240454 0.26930461 0.72280219
1.9126213 0.27029606 0.73457842
1.9142297 0.26836783 0.73210231
1.9050447 0.2682312 0.74085247
1.9016749 0.27012414 0.74434742
1.9031241 0.27122693 0.74293066
5.4097557 1.459143 5.3508769
1.5717 1.6374 0.64265
5.4109458 1.460843 5.3470713
5.411747 1.4600289 5.3445781
5.4116117 1.458705 5.3473107
5.4094856 1.4563518 5.3463034
5.4084027 1.4570619 5.3478352
5.4085413 1.4560466 5.3482765
5.4097793 1.4569861 5.3491028
5.4113977 1.4574516 5.3491451
5.4093993 1.4602884 5.3497508
5.4112389 1.4600924 5.3481721
5.4096252 1.461307 5.3499543
5.4106445 1.4595672 5.3488393
0.58051 2.17147 5.71928
5.4083988 1.4564489 5.3511007
5.4088488 1.4548286 5.3520455
5.4084852 1.4568474 5.3499793
5.4071076 1.4581996 5.3472675
5.4063664 1.4598855 5.3476878
4.5802927 1.0530247 5.4495404
4.5802767 1.0502366 5.4511323
4.5783774 1.0476676 5.4506105
4.5775043 1.0482275 5.4534986
4.5766118 1.0479317 5.4528765
4.5754134 1.0470842 5.4543824
4.5751222 1.0468467 5.4527017
4.5769272 1.0487817 5.4514654
4.5773607 1.0460348 5.4474094
4.5775408 1.0473867 5.448561
4.575034 1.0464626 5.4490471
4.5768218 1.047386 5.4502943
4.5792776 1.0479279 5.4495864
4.5804068 1.0487667 5.4501597
3.17852 0.9467 4.88742
4.8127884 1.275196 4.1828577
4.8120891 1.2764446 4.1819063
4.8126804 1.2770802 4.1852161
4.8143056 1.2770024 4.1851628
4.8135869 1.2729657 4.1860795
4.8135193 1.2727415 4.1808343
4.8145671 1.2722172 4.1814741
4.8163901 1.2737391 4.1816241
4.816177 1.2757137 4.1830425
4.8148864 1.2765919 4.1835977
4.8143578 1.2767308 4.1835023
5.263241 1.273114 3.0356228
3.54979 1.88028 5.61015
3.3373102 2.0768962 3.9796025
3.3376296 2.074377 3.9809074
3.3353841 2.0780304 3.9801159
3.3333872 2.0769565 3.9761457
3.3342849 2.0804804 3.9767203
3.3358706 2.0792225 3.9764155
3.3355246 2.0799694 3.9771982
3.3327726 2.0788665 3.9743761
3.3352087 2.0764266 3.9797783
3.3338817 2.0774489 3.9806326
3.3354398 2.0783275 3.9827279
3.3358107 2.081128 3.9813481
3.3383471 2.0786871 3.9814254
3.3396959 2.0774253 3.9825888
3.337809 2.076942 3.9797267
3.3365065 2.0781819 3.9778508
0.36909 0.92506 1.21789
3.3377873 2.0759432 3.9797454
3.3376561 2.0772952 3.9816909
3.3357144 2.0741259 3.9779632
3.3333638 2.077511 3.9807381
3.336384 2.0783207 3.9786746
3.3347772 2.0782056 3.9807787
3.3375487 2.0785585 3.980776
3.3393295 2.0766491 3.9829093
3.3397723 2.0766152 3.9826128
3.3395921 2.0752582 3.9831907
3.3372073 2.0761745 3.9845042
3.3363944 2.0743885 3.9810342
3.3350112 2.0773709 3.9793006
3.3341246 2.0770942 3.9771488
3.3343099 2.0796171 3.9773293
3.3334698 2.0793677 3.978578
3.3363476 2.0795897 3.9801459
3.3363135 2.079864 3.9788601
4.5788787 1.5267919 5.7223612
4.5805818 1.5271698 5.7223496
4.5788373 1.5280272 5.7210906
4.5785998 1.5269479 5.7206337
4.5782854 1.5283205 5.7207247
4.5760167 1.5293363 5.7215851
4.5766856 1.5288971 5.7201651
4.5765735 1.5304691 5.7204907
4.5769851 1.5289266 5.7186585
4.5767357 1.5300344 5.7217989
4.5773129 1.5265267 5.7212327
4.5751653 1.5280338 5.7223601
4.5777927 1.5260808 5.7226659
4.5740991 1.5281928 5.723879
4.576513 1.5260318 5.7252336
4.5732972 1.5284105 5.7229753
4.5730022 1.5293775 5.7219331
4.5155994 1.5012214 2.0153893
4.5177136 1.500524 2.0170805
4.5180097 1.5010489 2.017337
4.5184297 1.4972631 2.0196828
4.5179299 1.4971286 2.0165193
4.5201018 1.4959242 2.0169399
4.520106 1.4986148 2.0160437
4.5209426 1.4983194 2.0193164
4.5199484 1.5005046 2.0177805
4.5178072 1.4995715 2.0182176
4.5194069 1.5018973 2.0170053
4.5188283 1.500771 2.0198697
4.5207037 1.5021901 2.0195377
2.33075 2.78887 1.15911
4.5207226 1.4995875 2.0210259
4.5173188 1.4998491 2.0201769
4.5220222 1.498962 2.0187101
4.5215842 1.500553 2.0162528
4.5220481 1.5009438 2.0159969
1.9098597 0.27305993 0.74040923
1.9115234 0.27203698 0.73715838
1.915593 0.27075863 0.73236335
1.9263236 0.26770335 0.72165849
1.9214901 0.26728936 0.72832946
1.9197082 0.26697457 0.72866607
1.9125073 0.26945553 0.73386638
1.906971 0.27116986 0.73938655
5.4118744 1.459186 5.3499839
5.4102479 1.4578286 5.3500749
5.4111017 1.4605626 5.3487439
5.410462 1.4594543 5.3490974
5.4109773 1.459993 5.3474132
5.4102647 1.4582263 5.3496328
5.4084104 1.453934 5.3469293
5.4082688 1.4554348 5.3484793
5.406273 1.4564535 5.3482772
5.4078222 1.4587836 5.3497544
5.4091391 1.4589905 5.3487197
5.4107351 1.4610462 5.3502523
5.4135222 1.4632009 5.3517031
5.411234 1.4627853 5.3525489
3.8634 0.91418 5.21232
5.4073376 1.4565706 5.3519924
5.4096631 1.4581446 5.3518051
5.4100893 1.4559899 5.3519609
3.5275 0.45759 6.19197
5.4081029 1.4565736 5.3485099
5.408764 1.4589956 5.3482552
4.5791241 1.0507871 5.4491477
4.5779321 1.0484877 5.449044
4.5753417 1.0479781 5.4498324
4.5773023 1.0483265 5.4492187
4.5776186 1.049265 5.4505346
4.5770304 1.0471227 5.4502765
4.5780418 1.0455744 5.4486969
5.11942 2.00801 5.55307
4.5819009 1.0470706 5.4470805
4.5775252 1.0466555 5.450161
4.5759123 1.0497638 5.4498382
4.5775223 1.0486464 5.4496031
4.580453 1.0476976 5.4488866
4.8135047 1.275181 4.1822225
4.8130493 1.2740296 4.1826208
4.8129557 1.2756514 4.1827145
4.813659 1.2763829 4.1827979
4.8145723 1.2761709 4.1843157
4.8160452 1.2768659 4.1827874
4.8143046 1.2724244 4.1849819
4.8127176 1.2753165 4.183629
4.8105917 1.2741375 4.1853149
4.8109373 1.2758727 4.1832069
4.8128956 1.274982 4.1836871
4.8142128 1.2772611 4.1813545
4.8120926 1.2767813 4.1827995
4.8108482 1.2776095 4.1817961
3.3325886 2.0789587 3.9794132
3.335931 2.0785933 3.98175
3.3357333 2.0760777 3.9798672
3.3356505 2.0759858 3.9793822
3.3367996 2.0754846 3.9782745
3.3388516 2.079761 3.9804268
3.3395752 2.0798542 3.9810135
3.3385583 2.080993 3.9804345
3.3343792 2.0794278 3.9754593
3.3339175 2.0750399 3.9774501
3.332919 2.0751183 3.9758398
3.334885 2.0779012 3.9792674
3.3342931 2.0827377 3.9775024
3.91147 1.54843 3.67382
3.3372144 2.0808641 3.9798166
3.3353811 2.0788803 3.9778331
3.3372005 2.0794814 3.9763563
3.3374995 2.0816398 3.9780998
3.3385534 2.0773881 3.9784951
3.3357034 2.0794064 3.9805872
3.3362259 2.0748984 3.9764361
3.3332642 2.076576 3.9778359
3.3356509 2.0770202 3.97675
3.3335567 2.0790461 3.9788435
3.3330335 2.0809505 3.9765033
0.0135 1.98588 3.68372
3.3385597 2.0782146 3.9814767
3.3416426 2.0756401 3.9835221
3.337387 2.0775841 3.9828619
3.3357427 2.0756758 3.9803372
3.3351015 2.0779215 3.9814168
3.3365097 2.0766014 3.9787901
3.3340926 2.0785752 3.9787372
3.3312055 2.0796065 3.9754452
3.3337267 2.078755 3.9780015
3.3366699 2.079329 3.9790143
3.3402912 2.0777601 3.9812693
3.77877 1.0453 2.28348
4.5778599 1.5283108 5.7202583
4.5786756 1.5259678 5.7217871
4.5784835 1.5268473 5.7205901
4.5779087 1.5290335 5.7223191
4.5761204 1.530007 5.7188999
4.5757383 1.530111 5.7196988
4.5761155 1.525758 5.71745
4.5758626 1.527668 5.7205705
4.5755216 1.5264473 5.720929
4.5725699 1.5279646 5.7245244
4.5744301 1.5274536 5.7233565
4.5728424 1.5300239 5.7239271
4.5772674 1.5251472 5.726324
4.5744025 1.5266466 5.7226949
4.5731306 1.5279496 5.7216728
4.5158972 1.5000337 2.0160842
4.5165654 1.5013421 2.0180249
4.5163189 1.501682 2.0177375
4.5191781 1.4985698 2.0197895
4.5188508 1.495762 2.0155651
4.5196942 1.4927042 2.0176838
4.5178332 1.494717 2.0162727
4.5184369 1.4960714 2.0190209
4.5178656 1.5001726 2.0169661
4.5187194 1.4996756 2.0166929
4.5200849 1.5018206 2.0177689
4.5188567 1.5023675 2.0211081
4.5182774 1.503982 2.0228431
4.5150566 1.5021579 2.0213169
4.5158129 1.4999745 2.0196213
4.5181923 1.5007824 2.0202945
4.5195776 1.5014668 2.0192164
4.5193588 1.5028607 2.0222064
3.85953 1.61769 4.3116
4.5173906 1.5050804 2.0193755
1.9162088 0.27050611 0.73158093
1.9217493 0.27098014 0.72432511
1.9219266 0.27120874 0.72628811
1.918728 0.27357155 0.73050304
1.910673 0.27067535 0.73874553
1.9190293 0.27019956 0.72714565
5.4110227 1.4560793 5.3502154
5.4087887 1.4588661 5.3541999
5.4076955 1.4582776 5.352532
5.407825 1.461392 5.3489406
5.4078602 1.4586406 5.3463121
5.410862 1.4562033 5.3464209
5.4095378 1.4570604 5.3503349
5.4084031 1.4558345 5.3485979
5.4088976 1.4586769 5.3493906
5.406516 1.4587475 5.3479933
5.4075104 1.4598156 5.3495707
5.4079767 1.4608241 5.3493403
5.4099495 1.4605019 5.3521926
5.4116308 1.4609394 5.3533967
5.4118583 1.4605118 5.3512864
5.4103199 1.4581131 5.3504845
5.4099111 1.4552882 5.3485859
5.410525 1.4561716 5.351084
5.4117415 1.4562733 5.3516286
5.4121147 1.4609021 5.3505212
5.4110911 1.4606242 5.3497409
5.4091854 1.4614629 5.3493866
5.4091013 1.4571215 5.3492096
4.5768128 1.0492564 5.4496639
4.5741946 1.0511844 5.4524192
4.5787045 1.049935 5.4486121
4.5793364 1.0503076 5.4495735
4.5788565 1.0456154 5.4486056
4.5808712 1.0439827 5.4483653
4.578596 1.0416663 5.4500672
4.5823253 1.0488768 5.4488566
4.578243 1.046339 5.4507605
3.31402 2.23864 1.13808
4.8095417 1.2721621 4.1789265
1.60596 1.52094 1.0787
4.8117153 1.2731239 4.1817583
4.8123801 1.2737755 4.1830013
4.8119065 1.2746691 4.1833364
4.8126021 1.2783719 4.1829991
4.8137389 1.2791442 4.1833675
4.8149496 1.2792231 4.1828834
4.8120695 1.272705 4.1829872
4.8110466 1.2732642 4.1819314
4.8082607 1.272044 4.1843279
4.8107368 1.276811 4.1834502
4.809643 1.2750531 4.1849769
4.8098645 1.2754369 4.1822832
4.8105419 1.2725231 4.1830078
4.8113804 1.2729979 4.1820951
3.3346168 2.0792059 3.9805547
3.3396436 2.0778671 3.9826027
3.3397106 2.0765435 3.981002
3.3377718 2.0772614 3.980934
3.335073 2.0763381 3.9790387
3.3383125 2.0768115 3.9822724
3.3418925 2.0777394 3.9820054
3.3400853 2.0774174 3.9821078
3.3370277 2.078912 3.9791617
3.336091 2.077176 3.9799834
3.3355522 2.0793994 3.9780079
3.3347504 2.0783392 3.9795145
3.3366268 2.0799076 3.9764355
3.3366777 2.0769301 3.9795293
3.3382652 2.0775647 3.9791591
3.3347633 2.0786699 3.9784608
3.3355197 2.0800332 3.9759392
3.3349133 2.0799198 3.9780979
3.3375312 2.077006 3.9775926
3.3357089 2.0781123 3.9786719
3.3371062 2.0749462 3.9754089
3.3356353 2.076858 3.9780158
0.18394 1.60815 4.07767
3.3354679 2.079368 3.9809265
3.3335807 2.0825901 3.9770859
3.3352156 2.0793673 3.9768075
3.3344109 2.0787398 3.9757671
3.3364528 2.0767681 3.9776356
3.335782 2.0789071 3.9805059
3.3366212 2.0798023 3.980557
3.3377885 2.078097 3.9822508
3.3371571 2.0758684 3.9787139
3.334327 2.0740068 3.9776225
3.3335018 2.0773135 3.9759967
3.3334839 2.0783284 3.9773939
3.3352457 2.0794007 3.9788817
3.3371181 2.0783993 3.9787635
3.71493 1.63983 4.01107
3.7783951 1.0426227 2.2868607
3.779831 1.0427208 2.2865839
4.576532 1.5277611 5.7199842
4.5770552 1.529527 5.7203973
4.5750196 1.5297449 5.7143371
4.5764024 1.5277751 5.7181518
4.5763492 1.5264963 5.7167554
4.5746601 1.5269702 5.7221793
4.5759337 1.5259516 5.719899
4.5747817 1.5272364 5.7229038
4.5759233 1.5274202 5.7233635
4.5754081 1.5279093 5.7248112
4.5762411 1.5252472 5.7263467
4.5766099 1.5264936 5.7238805
4.5782442 1.526442 5.7231705
2.35898 0.44955 0.69474
4.5162379 1.4994325 2.0177055
4.518327 1.4978595 2.0163852
4.5188485 1.4986317 2.0193343
4.516907 1.4983694 2.0186842
4.5161151 1.4982244 2.020611
4.5162953 1.4982571 2.0201413
4.5183873 1.4972221 2.0202226
4.5164196 1.4996241 2.0184956
4.5184204 1.499073 2.0162366
4.5209333 1.500748 2.0173473
4.5209296 1.5034276 2.0189975
4.519693 1.5052231 2.0207537
4.5154722 1.5052788 2.0207414
4.5152269 1.5011239 2.0177819
4.5157852 1.4987223 2.0193578
4.5167117 1.4999862 2.0143842
4.5165471 1.4987816 2.0178799
4.5149142 1.5028754 2.0135947
4.5137821 1.5035344 2.0154262
1.9147606 0.26924488 0.73123976
1.9195541 0.27087041 0.7276881
1.9178607 0.26996633 0.73269287
1.9250677 0.27160679 0.72599623
1.9145079 0.27097418 0.73608527
5.4072582 1.4579405 5.3494517
5.4118169 1.4544951 5.3503889
5.410837 1.4577014 5.3520964
5.4085997 1.45756 5.3501014
5.4087778 1.4592624 5.3480453
5.4084688 1.4586977 5.345927
5.4104824 1.4547638 5.3470009
5.4095473 1.455855 5.3503231
5.4099337 1.4545199 5.349355
5.4098707 1.4581081 5.3507589
5.4056324 1.4580815 5.3502794
5.4058174 1.4581714 5.3517663
5.4064332 1.4595955 5.3517238
5.4109194 1.4604348 5.353211
5.4128558 1.4600297 5.3531537
5.4130224 1.4591343 5.3522383
5.4117858 1.4588378 5.3523603
5.412337 1.4586628 5.3502375
5.4125666 1.4584552 5.3517171
5.4127288 1.4592025 5.3501969
5.4113028 1.46153 5.35067
5.4120323 1.4582075 5.3504598
1.4517 1.67213 4.93527
5.4109769 1.4571299 5.3505125
5.4086261 1.4587182 5.3512067
4.806825 1.2774933 4.1820894
4.8074608 1.2779404 4.1812334
4.8100057 1.2756448 4.1812882
6.18239 1.67536 1.48361
4.8130952 1.2729311 4.1808869
4.812531 1.273401 4.1800372
0.84171 0.76141 5.02681
4.809399 1.2716059 4.1819538
4.8127899 1.2736144 4.1815328
4.8109816 1.2726229 4.1810068
4.8126909 1.2724265 4.1813454
4.8101144 1.2718439 4.1832304
4.8103188 1.2722443 4.1848029
4.8117749 1.2742577 4.1858305
4.8129325 1.2785808 4.1864549
4.8128159 1.2795718 4.185836
4.8139134 1.2784073 4.1853654
4.8133282 1.2731265 4.182326
4.8154684 1.2748207 4.1823248
4.8113743 1.2744062 4.1837461
4.8114125 1.277739 4.1837451
4.8080489 1.2754529 4.183871
4.8105388 1.2768622 4.1822903
2.59689 1.29165 3.29925
4.8112553 1.2746307 4.1831561
3.3345378 2.0811068 3.9852854
3.3386908 2.0808783 3.9821805
3.3391133 2.0762947 3.9786876
3.3403965 2.0763449 3.979045
3.3392316 2.0766304 3.9800334
3.3414549 2.0759298 3.9842117
3.3413497 2.0753219 3.9830449
3.3379289 2.0743834 3.9827491
3.3362309 2.0768218 3.9792194
3.3351666 2.0752475 3.9793421
3.3387457 2.0786198 3.9790324
3.3370303 2.0794271 3.9798346
0.53082 1.56559 5.56776
3.3359386 2.0802674 3.9809808
3.3376 2.0794481 3.9791188
3.3354532 2.0792872 3.9787558
3.3361226 2.0797628 3.9760644
3.3357619 2.0785122 3.9778515
3.3356531 2.0774827 3.9778436
3.3362483 2.0770697 3.9788407
3.3384556 2.0761588 3.9770163
3.3389163 2.0772349 3.9765714
3.3389716 2.0781099 3.9785125
3.3373419 2.0796296 3.9787218
3.3331362 2.0809952 3.9769691
3.3333326 2.0789946 3.975569
3.3327283 2.0781849 3.9741514
3.3361229 2.0770639 3.9770345
3.3346491 2.076529 3.9771404
3.3367257 2.0777501 3.9784361
3.3366082 2.0747905 3.9808554
3.3383333 2.0746054 3.98279
3.334072 2.0745197 3.9781326
3.3326591 2.0784997 3.9767414
1.68721 2.73703 6.17585
3.3335202 2.0776531 3.9779739
3.3350503 2.0758488 3.9796514
3.7766698 1.0423827 2.2891155
3.7786692 1.0426254 2.2873376
3.7797983 1.042733 2.2867917
3.7815249 1.0416632 2.2838636
5.44826 1.14965 3.79038
1.8421 0.97348 2.73972
4.5766437 1.5258709 5.7178343
4.5760201 1.5250753 5.71526
1.77118 1.28999 0.45998
4.62329 2.01726 3.21022
4.5740995 1.5238266 5.7246397
4.5756956 1.5253851 5.7235452
4.5770546 1.5269328 5.7236041
4.5784214 1.5269392 5.7236646
5.8038 1.05237 2.64872
4.5825446 1.5269679 5.726212
4.12521 1.50812 0.50185
4.5174346 1.5013671 2.0154541
4.5190293 1.4997104 2.0142504
4.5191255 1.5010237 2.0162705
4.5214042 1.498174 2.0166951
4.5190966 1.4962861 2.0181146
4.5180417 1.4967682 2.0189012
4.5174207 1.4968595 2.0171407
4.5169922 1.4994938 2.0185843
4.5179872 1.4995928 2.0162262
4.5193476 1.5006869 2.0184798
4.5192811 1.5033586 2.0201978
4.5199363 1.5031696 2.0205996
4.51644 1.5038738 2.0220654
4.5177445 1.5004595 2.0148371
4.5167403 1.5004199 2.018573
4.5179513 1.4998419 2.0161638
4.5152585 1.497122 2.0203908
4.5173187 1.4998149 2.0189323
4.5187097 1.4999839 2.0183801
5.51363 0.49531 2.33412
1.917656 0.26925324 0.73109619
1.9102746 0.26981579 0.73910758
1.9045792 0.27249412 0.74462335
5.4104563 1.456185 5.3490284
5.4106145 1.4577735 5.3486067
5.4111502 1.455394 5.3507487
5.4094196 1.4577474 5.3531765
5.4076589 1.4579395 5.3496469
5.4078789 1.4597029 5.3466039
5.4076835 1.4591224 5.3455497
5.4106466 1.4540571 5.348082
5.4100186 1.4538118 5.3537257
5.4096768 1.454473 5.3519803
5.4118041 1.4569957 5.3534216
4.78624 2.65853 4.36758
5.411012 1.4567277 5.3520991
5.4066883 1.4575776 5.3509896
5.4077354 1.457642 5.3522737
5.4095206 1.4586679 5.352051
5.4120666 1.4585723 5.3496058
5.4145587 1.4585639 5.3485577
5.4128017 1.4592932 5.3468964
5.23403 0.1815 0.63398
5.7732065 1.483877 4.4640071
5.7731842 1.4826802 4.4654046
5.7747439 1.4819973 4.4636859
5.7777275 1.4746221 4.4654624
5.7772704 1.476426 4.466449
5.7759754 1.4727102 4.4662591
4.8083883 1.2800001 4.1809933
4.8080661 1.277813 4.1806879
4.810705 1.2757553 4.1787312
4.8109277 1.276787 4.1796307
4.812121 1.2755401 4.1789629
4.8111114 1.2749874 4.1810428
4.8102837 1.2762926 4.1815236
4.8067128 1.2751213 4.1847633
4.8091729 1.2756428 4.182631
4.8065002 1.2739212 4.1836326
4.810324 1.2732207 4.1834105
4.8080919 1.2734712 4.1830708
4.8094102 1.2704326 4.183055
4.8099916 1.2738731 4.1833567
4.8127051 1.2770703 4.1865307
4.8140124 1.2815265 4.1851066
4.8148508 1.2814089 4.1851212
4.8128097 1.2758628 4.1806087
4.8149242 1.2738771 4.180647
4.8112089 1.2723044 4.1806796
4.8117321 1.2751386 4.1826002
4.8085299 1.274444 4.1835013
4.8125181 1.2756674 4.1836175
4.812905 1.275132 4.1828494
4.8157462 1.2763455 4.1829871
3.3341646 2.0809271 3.9787739
3.3388227 2.0795926 3.9791113
3.3391881 2.0760911 3.9789751
3.3387833 2.0777106 3.9786266
3.335715 2.0772978 3.9805774
3.3377884 2.0756706 3.9823005
3.3349203 2.0771164 3.9794859
3.334083 2.0761854 3.9802844
3.3342718 2.0774297 3.9774364
3.3365808 2.078618 3.9806717
3.3397913 2.0812258 3.9815427
3.336814 2.0821173 3.9816708
3.3406312 2.0810009 3.9802932
3.3357424 2.07942 3.9775756
3.337929 2.0767621 3.9797425
3.3348777 2.0784019 3.9793525
3.3371819 2.0780317 3.9790083
3.33493 2.076833 3.9791922
3.3358202 2.0766562 3.9804614
3.3368948 2.0764834 3.9796329
3.3385793 2.0773571 3.9764283
3.3409536 2.0764903 3.9749077
3.3400058 2.0774602 3.9786206
3.3408882 2.0788203 3.979847
3.337265 2.0808882 3.9795487
3.3362548 2.0796986 3.9774685
6.22944 0.64496 5.66711
3.3347668 2.075626 3.9779195
3.3357491 2.0756441 3.9778919
3.339708 2.0778415 3.981447
3.3362209 2.0770349 3.9788954
3.337037 2.0762069 3.982096
3.3344552 2.0767513 3.9758329
3.3347045 2.0755152 3.9763385
3.3351762 2.076525 3.9735591
3.18601 2.67573 0.5667
3.3341401 2.0752007 3.9805906
3.7774986 1.0442741 2.2882598
3.7791281 1.0452016 2.2876087
3.7812861 1.0462024 2.2873694
3.7839448 1.0428124 2.2848439
3.7809754 1.0406644 2.2859292
3.7796411 1.0391076 2.2861964
3.7765463 1.0402416 2.2862457
3.7778656 1.0420709 2.2871155
3.7764612 1.0403102 2.2869047
3.7778918 1.0417784 2.2905669
3.7770008 1.0411448 2.2885255
3.7806254 1.0436618 2.2868326
3.7767483 1.0455507 2.2868466
3.777387 1.0436768 2.2868057
3.775988 1.0432186 2.2877476
5.61544 2.60686 5.9171
4.5186317 1.4998266 2.0138316
4.5167362 1.4994954 2.0153031
4.5187488 1.4974645 2.0144135
4.5183267 1.4972819 2.0165571
4.5213718 1.4998615 2.0165717
4.5191265 1.5020403 2.0186954
4.5201318 1.5015381 2.0213164
4.5166113 1.4991905 2.0210006
4.5158119 1.5011853 2.0213101
4.5167727 1.5009229 2.0172224
4.5194118 1.500505 2.0190634
4.5191441 1.5020572 2.0184232
4.5209242 1.5010176 2.0163028
4.5189746 1.5020719 2.0195258
6.09559 0.74875 2.41976
4.5166569 1.4975564 2.0182121
4.5181234 1.497899 2.0156872
4.5177965 1.4981251 2.0165403
4.5190532 1.4979199 2.0178259
4.5184109 1.4981224 2.0184704
1.9111816 0.26931809 0.73556117
1.9073937 0.26935375 0.74206236
1.9053726 0.26890597 0.74416631
1.9043745 0.26945613 0.74597243
5.4076136 1.4582443 5.3488885
5.4082884 1.4585204 5.3493324
5.25274 2.40541 2.39992
5.411597 1.4575603 5.3489137
5.4093628 1.4576545 5.3460637
5.4090751 1.4584571 5.3461196
5.4097964 1.4588722 5.3475671
5.4102617 1.4534057 5.3480787
5.4112052 1.4525933 5.3504323
5.4112378 1.4524069 5.3489037
5.4152414 1.4577086 5.3512581
5.4117328 1.4587465 5.349871
5.4143032 1.4571726 5.3515009
5.4090312 1.4570238 5.3508552
5.4108529 1.4571047 5.3511855
5.410596 1.4571492 5.3482176
5.4109315 1.4573212 5.3473756
5.413104 1.4588677 5.3491347
5.68941 0.91418 0.06984
3.53287 2.80269 2.22506
5.7739697 1.4812117 4.4650156
5.7733855 1.480187 4.4657192
5.772923 1.478815 4.462377
5.7760883 1.4754851 4.4651369
5.7742768 1.4775905 4.4655346
5.7758407 1.475507 4.4667762
4.8126383 1.2823386 4.1817018
4.8120689 1.2809257 4.1822766
4.8120951 1.2794254 4.1803671
4.8121376 1.2747159 4.1835435
4.8125958 1.2726208 4.1807431
4.8129893 1.2713194 4.1816392
4.8109148 1.274322 4.1809507
4.8086238 1.2752155 4.1842501
4.8116701 1.2764843 4.1835277
4.810354 1.2761807 4.1858848
4.8131237 1.2744369 4.1831646
4.8100745 1.2745959 4.183705
4.8099957 1.2695461 4.1835953
4.8110515 1.2707162 4.1822062
4.8107652 1.2721506 4.1869206
4.8122477 1.2779451 4.1859622
4.8125866 1.2781323 4.1866617
4.8158505 1.2746655 4.1822835
0.55416 1.82849 3.24113
4.8159043 1.2730663 4.1793355
4.8146307 1.2747054 4.1814542
4.8099314 1.2748 4.1848481
4.8121269 1.276324 4.1869124
0.51907 1.71005 5.95776
4.8133447 1.2767619 4.1834793
3.3329621 2.0822816 3.9783885
3.3348371 2.0804741 3.9771867
3.3352102 2.0796062 3.9783491
3.3376489 2.0797789 3.9792897
3.3360511 2.0814211 3.9790194
4.7215 1.99752 4.76348
3.3335617 2.0781736 3.9783002
3.3337215 2.0767268 3.9796908
3.3332794 2.0782048 3.9769767
3.3355769 2.0776936 3.9797334
3.3381652 2.0772448 3.9786953
3.3382568 2.0802252 3.9805981
3.3400307 2.0796235 3.9797764
3.3346789 2.081442 3.9784384
3.3372549 2.0787937 3.9806529
3.3340298 2.0797954 3.9775697
3.3365225 2.0779768 3.9769562
3.3347899 2.0789748 3.9758108
3.3358505 2.0793144 3.9794229
3.3376476 2.078015 3.9815128
3.337835 2.0777205 3.9821011
3.3388306 2.0769938 3.9777703
3.3360801 2.0792098 3.9766223
3.3371441 2.0790884 3.9755492
3.3349034 2.0826506 3.9766577
3.3354371 2.0809239 3.9769655
3.3356002 2.0797604 3.9756362
5.34959 0.26933 3.13874
3.3339596 2.072115 3.9751124
3.3365268 2.0764178 3.9785995
3.3349399 2.0785384 3.9793239
3.3367483 2.0782981 3.9823604
0.00801 0.69919 2.47407
3.3338869 2.0771384 3.977547
3.3340385 2.0775102 3.9777235
3.3339326 2.0745715 3.9822718
3.3373066 2.0743702 3.9855824
3.7819718 1.0438923 2.2852218
3.7822374 1.0461203 2.2859042
3.7825342 1.0486371 2.286311
3.782531 1.0439615 2.2851517
3.7810428 1.041013 2.2836065
3.7802305 1.0365594 2.2847386
3.7770348 1.0392925 2.2868224
3.777375 1.0423398 2.289784
3.7759701 1.0419392 2.2902569
3.7799052 1.0443656 2.2909057
3.779058 1.0429051 2.287621
3.7824022 1.043889 2.2843842
6.24735 1.39068 1.4274
3.7779236 1.0442194 2.2870054
3.7760132 1.043789 2.2887169
3.778324 1.0414726 2.2862968
4.5200375 1.500254 2.0138715
4.5184967 1.4993503 2.0147734
4.5190078 1.4995596 2.0148139
4.518332 1.5009715 2.016456
4.5220055 1.5002894 2.0162008
4.5205434 1.4991628 2.0173159
4.5203738 1.4970882 2.0169935
4.5156092 1.4978755 2.0175127
4.5168764 1.4990214 2.0193169
1.37477 1.52754 0.16031
4.5183157 1.5011367 2.0193945
4.5176954 1.5024039 2.018032
4.5183011 1.4999607 2.0199061
4.5197296 1.4995845 2.0204693
4.5216301 1.499286 2.0215477
4.5213539 1.4995644 2.0183249
4.5187984 1.4987904 2.0157372
4.5180556 1.4995286 2.0146222
4.5186811 1.4979616 2.0182967
4.5200861 1.4990185 2.0205335
1.9140569 0.26847785 0.73222525
1.9090887 0.2672968 0.73939924
1.9040826 0.26727568 0.74364918
5.4086952 1.4567273 5.3496287
5.4116077 1.4565024 5.3473517
5.4123865 1.4579581 5.3478001
5.4128719 1.4566379 5.3472555
5.4095132 1.4571832 5.348953
5.4099259 1.4586953 5.3472459
5.4080322 1.4595406 5.3480426
5.4090961 1.4616121 5.3495981
5.4083733 1.4582414 5.3510029
5.4115801 1.4581964 5.3491996
5.4104229 1.4550799 5.347842
5.4147335 1.4588115 5.3475986
5.4138735 1.4569878 5.3485043
5.4165346 1.4565711 5.3506115
5.4117623 1.454324 5.3480918
5.4101334 1.4555033 5.3516281
5.4076366 1.456148 5.3491043
5.4110652 1.4582004 5.3508266
5.7756486 1.4780912 4.461901
5.7748716 1.4772377 4.46098
5.7717634 1.4799815 4.4641485
5.772265 1.4771894 4.4666667
5.7711993 1.4783912 4.4685822
5.7717743 1.4752844 4.4641776
5.7729816 1.4736843 4.4627192
5.7719846 1.474682 4.462075
5.77309 1.4757058 4.4651125
3.49773 0.88897 3.00905
4.8140206 1.2778009 4.183516
4.8128696 1.278021 4.1813159
4.8144595 1.2760996 4.1815931
4.8117864 1.2768755 4.1818659
4.8119152 1.2747145 4.1823779
4.8104284 1.2767462 4.1832402
4.8110402 1.2781361 4.1830185
4.8116178 1.2779213 4.1822222
4.811847 1.2758806 4.1852261
4.8141485 1.2758005 4.1842489
4.8144891 1.2761128 4.1816273
4.8124503 1.2735051 4.1800062
4.8134987 1.2720728 4.1788118
4.8137692 1.2726082 4.183357
4.8150008 1.2757324 4.1821834
4.8136595 1.2765903 4.181533
4.8115745 1.2745413 4.1804447
4.8123941 1.2719001 4.1801867
4.8098239 1.2734344 4.1823333
4.8113627 1.2734055 4.1831453
4.8087298 1.2740116 4.1842786
4.8108037 1.2724389 4.1842293
2.40617 0.76096 0.88579
4.8133998 1.2730329 4.1800595
0.89296 2.60054 6.04787
3.3322461 2.0812163 3.9775835
3.3314624 2.0838072 3.9789882
3.3331087 2.0825382 3.9801946
3.3328028 2.0812695 3.9773116
3.3325809 2.0777096 3.9778102
3.3312761 2.0784481 3.9756176
3.331413 2.0793092 3.9769908
3.3336499 2.0809615 3.9778651
3.335807 2.079804 3.9795502
5.99455 2.31357 0.36949
3.3343203 2.0798682 3.9782839
3.3350043 2.0799677 3.9764901
4.27755 1.29115 6.07697
3.3352291 2.0779342 3.9799798
3.334874 2.0785647 3.9808226
3.3361052 2.07666 3.9792901
3.3371013 2.0789794 3.9785885
3.3361512 2.0772707 3.9773194
3.3349045 2.0786462 3.9771313
3.3334717 2.0772208 3.9786635
3.334504 2.0774493 3.9765077
3.3347328 2.0771734 3.9782433
3.3356189 2.0775114 3.977753
3.3354546 2.0815736 3.9778169
3.3364141 2.078932 3.9784146
3.3368226 2.078497 3.977036
3.3370266 2.0744378 3.9777902
3.3368834 2.0743908 3.977529
3.3378959 2.0767398 3.9778803
3.3357588 2.0789806 3.9813177
3.3344779 2.0805247 3.9812017
3.3370058 2.0792172 3.9828226
3.3375898 2.0744495 3.9807095
3.3366419 2.0735404 3.9793097
3.3358609 2.0724266 3.9833882
3.3381184 2.0759744 3.9847168
3.781546 1.0455125 2.2854403
3.7802868 1.0480231 2.285771
3.781211 1.0475779 2.2856327
3.780938 1.0434238 2.2857323
3.7805952 1.04142 2.2832827
3.7793656 1.0379382 2.2852456
3.7774161 1.038821 2.2853887
3.775205 1.0392458 2.2889924
0.75293 0.7047 4.18715
3.7782257 1.0427622 2.2897338
3.7767591 1.0427694 2.2863652
3.7796663 1.0431545 2.2839432
3.7746442 1.042252 2.2859954
3.7756012 1.0427949 2.2876174
3.7750695 1.0437892 2.2897403
3.7768448 1.0456013 2.2885961
5.261847 1.9187479 1.4548947
5.2634681 1.9200648 1.4582747
5.2595591 1.9203954 1.4554758
5.2609046 1.9221713 1.4570979
4.5194861 1.50049 2.0170932
4.5177112 1.5031746 2.0170603
4.5184226 1.5003413 2.0164623
4.5150143 1.5010452 2.018737
4.5184775 1.5007539 2.0190614
4.5177583 1.502777 2.0205412
4.5200662 1.5015118 2.0204077
4.5175499 1.5009138 2.0183465
4.5159317 1.4997996 2.0204665
4.518423 1.4987783 2.0202099
4.5180862 1.4991495 2.0233171
4.5196577 1.4992213 2.0199155
4.5202457 1.4998203 2.0165304
4.5199646 1.5011336 2.0146678
4.5197781 1.4984363 2.0158037
4.5171413 1.4974562 2.0197871
1.9179651 0.26849159 0.72608172
1.9142721 0.26842473 0.73238044
5.4096638 1.4552564 5.3461551
5.4087694 1.4575768 5.3499535
2.41141 1.32057 1.14753
5.4086601 1.4585083 5.3499486
5.4128698 1.4570074 5.3476058
5.4116454 1.4565341 5.3477623
5.4123322 1.4565708 5.3486169
5.4080624 1.4572232 5.350012
5.4104252 1.460463 5.3492376
5.4074641 1.4591331 5.3467074
5.4097867 1.4590208 5.3434464
5.4083214 1.4578445 5.3440037
5.4114611 1.4609802 5.34388
5.4123088 1.4598449 5.3444474
5.4151755 1.4601319 5.3472769
5.4138629 1.4567162 5.3469286
5.4141035 1.4571309 5.3516018
5.4108241 1.4563067 5.3465995
5.7746001 1.4752875 4.4662473
5.7727174 1.4784748 4.4647805
5.7724436 1.4777141 4.4635023
5.7744251 1.4812661 4.4634586
5.7757129 1.4773704 4.4652032
5.7734446 1.4782937 4.4672331
5.7722706 1.4745242 4.4651088
5.7711423 1.4740605 4.464639
5.7732855 1.47582 4.4640112
5.7745769 1.4763189 4.464864
4.8123086 1.2748595 4.1813841
4.8124431 1.2749526 4.1827751
4.811525 1.2758383 4.1821889
4.8146397 1.2747927 4.1819798
4.8131723 1.2740214 4.1825377
4.8164274 1.2739458 4.1796665
3.80092 2.71425 5.672
4.8160222 1.2762628 4.1814011
4.8161636 1.2744749 4.1817803
0.38665 2.11317 2.58745
4.8186094 1.2743726 4.1795059
4.8179101 1.2755955 4.1774034
4.8150975 1.2749028 4.1785622
4.8137334 1.2737491 4.1788011
4.812112 1.2735638 4.1809003
4.8113849 1.2743621 4.1817871
4.8129325 1.2743958 4.1796757
4.8110232 1.2736263 4.1811986
4.8140656 1.2729739 4.1794659
1.26354 0.79054 0.76985
4.8163133 1.2763107 4.1806107
4.8124875 1.2770049 4.1840213
4.8115751 1.2746952 4.1858127
4.8094599 1.2730107 4.1847908
4.8130634 1.2701808 4.1826379
4.8133742 1.2695917 4.1823401
3.3350479 2.081242 3.9804803
3.3339488 2.0834168 3.980151
3.3336963 2.0818201 3.9803336
3.3334015 2.0803217 3.9772335
3.3325056 2.0777331 3.9749835
3.3357348 2.0769396 3.9751223
3.3351372 2.0773862 3.9783411
3.3362611 2.0785663 3.9819885
3.335591 2.077606 3.9817041
3.3340162 2.0801207 3.9803122
3.3367585 2.0778053 3.9800454
3.3374399 2.0778095 3.979957
3.3383305 2.0785726 3.9818834
3.3357771 2.0772014 3.9795304
3.335585 2.081039 3.980258
3.3347448 2.0793944 3.976869
5.94455 2.25877 3.94202
3.3381145 2.0773118 3.9780297
3.3354352 2.0785627 3.9786169
3.3320903 2.0763996 3.9790266
3.3306472 2.0795596 3.9791885
3.3329662 2.0787332 3.9810041
3.3305634 2.0792976 3.9778093
3.331095 2.0786188 3.9772073
3.3342337 2.0786246 3.9766083
3.337312 2.0765357 3.9765138
3.3374406 2.0731113 3.9750705
3.3363768 2.0734692 3.9764875
3.3363709 2.0774364 3.9776595
3.67271 1.82543 3.60466
3.3373134 2.0789058 3.9831829
3.338684 2.0788431 3.9836767
3.3372809 2.0758213 3.9808067
3.3354965 2.0772648 3.9808983
3.3359995 2.0749157 3.9839593
3.3381875 2.0791204 3.985891
3.7817716 1.0429583 2.2858215
3.7806649 1.044623 2.2860809
3.7808189 1.0445288 2.2852706
3.7789508 1.0443707 2.2854941
3.7790529 1.0402985 2.2828814
3.7781672 1.0370507 2.2845144
3.7754427 1.0387358 2.285434
3.7743525 1.0400276 2.2884385
3.7742357 1.0441028 2.2887718
3.7785562 1.0445537 2.2873376
0.54435 1.03173 1.01893
3.7800099 1.0462722 2.2843701
3.7763683 1.0435957 2.2888896
3.7774923 1.043616 2.289449
3.7762464 1.0431476 2.2920562
3.7773859 1.046128 2.2886789
5.2621255 1.9148227 1.4555263
5.2627217 1.91657 1.4575431
5.2600335 1.9206664 1.4553278
5.2580839 1.9214661 1.4537611
5.2565174 1.9208205 1.451132
5.2615387 1.9182521 1.452854
4.5180682 1.4967607 2.0124346
4.5167071 1.5000089 2.0162275
4.5181481 1.5018452 2.0176763
4.5174555 1.504028 2.0209256
4.517974 1.5033688 2.0202674
4.5168532 1.5014575 2.0190083
4.5156467 1.4997226 2.0226323
4.5177206 1.4993652 2.0210664
4.5194615 1.4994613 2.0219375
4.5213217 1.4999442 2.0194006
4.5195821 1.5001565 2.0151969
4.5174259 1.5013538 2.0148802
4.5180937 1.5005451 2.013681
4.5188194 1.5000231 2.0157326
5.4059166 1.4575052 5.345887
5.4081081 1.4573906 5.3443494
5.4092079 1.4542659 5.34692
5.4091876 1.4551787 5.3493266
5.4086516 1.4547556 5.3505962
5.4092351 1.4567626 5.3504224
5.4117119 1.4560405 5.3495572
5.4099975 1.4561592 5.3501137
5.4109116 1.4559212 5.3513357
5.4088937 1.4550093 5.3513331
1.06519 2.46679 0.55553
5.4096259 1.4608781 5.3485732
5.4098905 1.4616677 5.3459886
5.4098358 1.4598721 5.3441069
5.4091464 1.4579676 5.3444121
5.4092695 1.4582999 5.3459765
3.91345 1.00174 3.3437
5.4122536 1.455206 5.350283
2.21388 0.91679 5.78711
3.57501 1.31059 2.45856
5.7749138 1.4737635 4.4673468
5.7758093 1.4767841 4.4622567
5.776675 1.4747643 4.4614401
5.7782565 1.4778545 4.4615689
5.7760634 1.4761816 4.4652914
5.7730674 1.4783257 4.467876
5.7722744 1.4766346 4.466496
5.774461 1.4744765 4.4659139
5.7784132 1.4752306 4.4638806
5.7783166 1.4753823 4.4642256
5.7775063 1.4788787 4.4662593
4.8147641 1.2744002 4.1824193
4.815316 1.2732118 4.1815209
4.8156009 1.2733614 4.180981
4.8141663 1.2741769 4.1825097
4.8152607 1.2755854 4.180882
4.8171051 1.2751965 4.1828455
4.8195612 1.2781062 4.1797078
4.8175283 1.2758838 4.1805968
4.8164683 1.2764344 4.1811549
4.8190908 1.2743194 4.1801884
4.8174921 1.2758143 4.1780102
4.8160298 1.2760364 4.1779287
4.8128129 1.2771835 4.1808842
4.8147253 1.2744467 4.1816495
4.81311 1.2736903 4.181626
4.8140605 1.2725172 4.1785089
4.8101317 1.2730193 4.1814464
4.8124936 1.2734531 4.1824768
4.8114826 1.2752533 4.1846813
4.8151411 1.2769272 4.1809214
4.8120883 1.2769384 4.1822522
4.8137917 1.2761155 4.1810174
4.8122444 1.2736349 4.1820083
4.8148344 1.2725658 4.1819421
4.8140656 1.2709925 4.182652
3.3327872 2.0811035 3.9795375
3.3328294 2.0821553 3.9799931
3.3335401 2.0829218 3.979962
3.3342014 2.0799568 3.9776273
3.3339521 2.0783052 3.9753632
3.3359216 2.0760592 3.9770279
3.335818 2.0762793 3.9791012
3.3374969 2.0775624 3.9825721
3.3359361 2.0776975 3.9836656
3.3340473 2.0797177 3.980614
3.3339596 2.0792613 3.9807267
3.334593 2.0786075 3.980288
3.3353917 2.0795689 3.9811651
3.3386215 2.0780647 3.9808991
3.33736 2.0807901 3.9815207
3.3391372 2.0788346 3.9822448
3.3382766 2.0797033 3.9827405
3.3354036 2.0755871 3.9790945
3.3298289 2.0751485 3.9761652
3.3297073 2.0755933 3.97582
3.3291049 2.0769059 3.9778631
3.3334981 2.0754158 3.9807171
3.3309328 2.074558 3.9790544
3.3326936 2.0739916 3.9793866
3.3345287 2.0742195 3.9768392
3.3380871 2.0743683 3.9782108
3.3374568 2.0753895 3.9753658
3.3363816 2.0766858 3.9760512
3.3333963 2.077785 3.9744548
3.3333233 2.0805431 3.9793022
3.3329379 2.0819349 3.9795764
3.336002 2.0809248 3.9826997
3.3360975 2.0748714 3.9804685
3.3353075 2.0759854 3.9810221
3.3347175 2.073255 3.9793983
3.07909 2.00013 5.00362
3.7778725 1.0411985 2.2883874
3.7779399 1.043562 2.2853496
3.7785652 1.0417778 2.2832935
3.7761 1.0428996 2.2833046
3.7758936 1.0410967 2.2837543
3.7775987 1.0407883 2.2856849
3.7747125 1.0408998 2.2860924
3.7780337 1.0413791 2.2847209
3.7757068 1.0428928 2.283409
3.7786636 1.0440906 2.2829265
1.39441 1.43339 1.50537
3.7800018 1.0447468 2.2858755
3.7788522 1.042299 2.2900121
3.7807366 1.0425695 2.2882505
3.7767485 1.0439548 2.291561
3.775529 1.0484705 2.2906546
5.2627431 1.9140578 1.4580779
5.2624705 1.9166313 1.4579185
1.46584 0.48033 3.05533
5.2610625 1.9221438 1.4540199
5.2593811 1.9221365 1.4525657
5.2609713 1.9201648 1.4527783
5.2587825 1.9206797 1.4539252
4.5175497 1.5042101 2.0173701
4.5183038 1.5037766 2.0180338
4.5187262 1.5055857 2.0193246
4.5180374 1.5026785 2.0187862
4.5170681 1.5003768 2.0168565
4.5171866 1.4972181 2.0200132
4.5148649 1.4986256 2.0196729
4.5153244 1.500488 2.020664
4.5175773 1.4991691 2.0207463
4.5172192 1.5004459 2.0177082
4.5191475 1.4997653 2.01648
4.516933 1.5001974 2.0147455
4.5190145 1.4971715 2.0176412
3.9369786 2.5096 0.20355304
3.9333094 2.5098016 0.20154064
3.9279915 2.5104014 0.19922718
3.9251487 2.513563 0.19595325
3.9225387 2.5151546 0.19474007
3.9259527 2.5150768 0.19760359
5.87346 2.31718 0.30861
5.411953 1.4573012 5.3481855
1.75232 2.37589 5.15905
5.4103367 1.4525071 5.3510946
5.4087781 1.4553964 5.3489583
5.4112883 1.4570474 5.3482292
5.4080503 1.457964 5.3466027
5.4086568 1.458656 5.3459229
5.4072001 1.4572809 5.3456111
5.4085902 1.4593391 5.3458501
5.4106711 1.4575621 5.3487882
5.4111212 1.4587183 5.3509433
5.7740131 1.4779557 4.4683349
5.7735257 1.4773282 4.4679141
5.7711691 1.4746399 4.4701999
5.7731249 1.4766399 4.4681964
5.7744113 1.4776416 4.4682978
5.7778275 1.4801161 4.4652744
5.7764378 1.4803476 4.4639172
5.7750813 1.4807255 4.4660101
5.7764527 1.4801664 4.4673992
5.7766935 1.4789011 4.4690975
5.7777644 1.4784367 4.4670123
5.7782514 1.4775174 4.4657509
5.7776377 1.4782685 4.4665231
4.8136142 1.2720592 4.1805359
4.8156217 1.2736938 4.1803264
4.814353 1.2721866 4.1814718
4.8160549 1.2723732 4.1824036
4.8165874 1.2754523 4.1804041
4.8183987 1.2762796 4.1818946
4.8175299 1.279065 4.1816862
4.8157188 1.2773738 4.1828234
4.8155409 1.2793181 4.1834018
4.8178641 1.2776368 4.1800217
4.8154988 1.2771234 4.1784697
4.8150767 1.2756995 4.1769502
4.8116208 1.2779777 4.1796558
4.8117195 1.2754135 4.1822873
4.8112976 1.2743729 4.182577
4.8134292 1.2723732 4.1821452
4.8126624 1.2752177 4.1828097
4.8133668 1.2766003 4.1846139
4.8133124 1.2776395 4.1853877
4.816462 1.2789114 4.181675
4.8144651 1.2764137 4.1830804
4.8144 1.2767293 4.1825965
4.8127693 1.2733636 4.1830254
4.8154476 1.2746861 4.182399
4.8148362 1.2732191 4.183785
3.3353714 2.0796463 3.9801718
3.334582 2.0777283 3.9783483
3.3339642 2.0799603 3.9780799
3.3330678 2.0796232 3.9769226
1.47788 0.75444 2.87296
3.3383486 2.0793563 3.9783297
3.3381795 2.0760199 3.9818894
3.3370483 2.0758219 3.9832788
3.3381982 2.0756618 3.983905
5.92592 0.25027 4.71019
3.3389555 2.0783783 3.9837697
3.3392432 2.077451 3.9833106
3.3385964 2.0786601 3.9832216
3.3416481 2.0770363 3.9824775
3.3376262 2.0801421 3.9797788
3.3395421 2.0789968 3.981422
3.3351144 2.0780826 3.9815258
3.3353734 2.075498 3.9828893
3.3298174 2.0736758 3.9796483
3.3307966 2.0752624 3.9782579
3.3316554 2.0742617 3.9794068
3.3368565 2.0767789 3.9823425
3.3354044 2.0748805 3.97857
3.3353601 2.0765063 3.977008
3.3357232 2.0766064 3.9762468
3.3390501 2.0771825 3.9770565
3.3400266 2.076437 3.976083
3.3381383 2.0771643 3.9778101
3.3352433 2.0783401 3.9761088
3.3343091 2.0796575 3.9775291
3.3338844 2.0776989 3.9773607
3.3344898 2.0800514 3.9802144
3.3328927 2.0766463 3.9799706
3.3320375 2.0796891 3.980454
3.7765697 1.0419859 2.2888287
3.7768972 1.0431414 2.2878179
3.7777605 1.0403965 2.2897634
3.7781285 1.043865 2.2862757
3.7790604 1.0429826 2.2861088
3.7767933 1.0448537 2.2858506
3.7765842 1.0416208 2.2884666
3.20352 2.61081 2.74736
3.7766783 1.041264 2.2849092
3.7811658 1.0444968 2.2835586
3.7776758 1.0444354 2.2837603
3.7784608 1.0459709 2.2851557
3.7743908 1.0448569 2.2884001
3.7773347 1.0459166 2.2890413
3.777467 1.0409735 2.2906163
3.7788389 1.0408168 2.291071
3.7752571 1.0413438 2.2923433
3.775336 1.0449047 2.2907351
5.2574618 1.91522 1.455269
5.2592186 1.9189871 1.4564543
5.2564103 1.9198794 1.4560313
5.2595221 1.9218076 1.4533401
5.2589659 1.921104 1.4519994
5.2611804 1.9178551 1.4522053
2.71194 2.25824 4.53255
5.2581404 1.9183225 1.4542307
5.2564403 1.9237859 1.4544212
4.514852 1.505893 2.0167015
4.5173639 1.5015607 2.0157445
4.5162394 1.4996004 2.0148192
4.5177729 1.4956889 2.017836
4.5137654 1.4993575 2.0196068
4.5146244 1.5015663 2.0211348
4.5178615 1.4991756 2.0211472
4.5152599 1.4997758 2.0180712
4.5175554 1.4984417 2.0152684
4.5140373 1.5031077 2.0131951
3.9306677 2.5104288 0.19669907
3.9357605 2.5094327 0.20207712
3.9324944 2.5098136 0.20002982
3.929198 2.5106515 0.20004408
3.9265296 2.5129598 0.19631122
3.9245337 2.5134122 0.19600248
3.9269582 2.5147149 0.19693613
3.928519 2.5129045 0.19736764
4.6560834 2.5603656 4.6019825
4.6573968 2.5592008 4.6048892
4.6584334 2.5590317 4.6082157
4.6574925 2.5585015 4.6075523
4.00943 0.98016 4.70064
4.6532682 2.5607911 4.60032
4.6480769 2.5622465 4.5977127
4.6517867 2.5612358 4.5994167
5.409457 1.4576289 5.3496847
5.4099028 1.4560698 5.3504936
5.7758688 1.4797603 4.4690936
5.7746047 1.4795509 4.4692576
5.773445 1.4773342 4.4695473
5.7721347 1.4762951 4.4704975
5.774939 1.4763764 4.4682347
5.7759581 1.4796718 4.4692
5.776823 1.4785054 4.4682098
5.7752103 1.4787335 4.4652127
5.7737135 1.4781561 4.4676575
5.7764901 1.480523 4.468163
5.7776013 1.4799676 4.4695296
5.7799982 1.480067 4.4674463
5.7771106 1.4789276 4.4646842
5.7747935 1.48005 4.466678
2.65639 0.68751 4.66402
4.8191017 1.2738849 4.1779339
4.8174357 1.272475 4.1792955
4.8160466 1.2731986 4.1814541
4.8162321 1.2744034 4.1829041
4.8158495 1.2754283 4.1830154
4.8159931 1.277993 4.1821031
4.8132674 1.2789822 4.1820632
4.8134389 1.2799083 4.1843274
4.8146198 1.2784619 4.1828059
4.8138076 1.278542 4.1827706
4.8121685 1.2776139 4.1815921
4.8120152 1.2788777 4.1817479
4.812275 1.2772636 4.1841173
4.8129221 1.275842 4.1819057
4.811034 1.2724931 4.1830028
4.8110495 1.2738253 4.1819993
4.8117484 1.2739449 4.1840689
4.8122847 1.2756219 4.184844
4.813733 1.276994 4.1832067
4.8136947 1.2744043 4.1819032
4.8146302 1.276343 4.181519
4.8147282 1.2744282 4.1809114
4.8152596 1.2763139 4.182594
1.49913 2.65011 3.81937
1.54705 1.0162 4.84821
3.3333191 2.0808163 3.9769465
3.3321026 2.0821962 3.9754396
3.331456 2.0787893 3.9742434
3.3319771 2.0772399 3.9754421
3.33409 2.0780648 3.9781975
3.3357594 2.0757114 3.9808566
3.3365584 2.0776253 3.9794727
3.338895 2.0744234 3.9812577
3.3386246 2.0766286 3.9795446
3.3382066 2.0756697 3.9814631
3.3361799 2.0769597 3.9807403
3.3364823 2.0787273 3.9809533
3.86812 0.43536 5.37116
3.3391023 2.0801745 3.9808228
3.3379677 2.0766646 3.9810112
3.3304813 2.0769783 3.9800134
3.3300468 2.0756202 3.978773
3.3272698 2.0734143 3.9767722
3.3299483 2.0754112 3.9747698
3.3323071 2.0729988 3.975686
3.3358477 2.0755464 3.9771276
3.3349992 2.0744335 3.9761141
3.3353933 2.076378 3.9765359
3.3370861 2.07693 3.9767548
3.3385608 2.0790738 3.9780162
3.3401526 2.077941 3.9759839
3.337591 2.0786612 3.9744371
3.335078 2.0766212 3.9743579
3.3333719 2.0800639 3.9760101
3.331963 2.0785496 3.9777928
3.3309254 2.082358 3.9780016
3.3322137 2.0773373 3.9802461
3.3313717 2.0795031 3.9789578
3.7774612 1.0410939 2.2886452
3.7780224 1.0420135 2.287939
3.7786452 1.0421501 2.2887536
3.7768835 1.0450575 2.2862494
3.7767112 1.0437512 2.2880117
3.775065 1.0453425 2.2852845
3.7792181 1.042741 2.2852036
3.7791807 1.0441982 2.2856492
3.7800897 1.0442731 2.2864875
3.7800264 1.0445986 2.2873923
3.7821214 1.0429183 2.2852637
3.7800981 1.0448999 2.2868814
3.7769055 1.0426394 2.286777
3.7770526 1.0423807 2.2880375
3.7790569 1.0385649 2.2855674
3.7786067 1.041269 2.2874398
3.776778 1.0404254 2.2878902
4.9208 1.32415 4.6947
5.2571026 1.9213563 1.4562797
5.2591392 1.9212481 1.4564583
5.2561404 1.9202018 1.455371
5.2599402 1.9206099 1.4529662
5.2589692 1.921356 1.4531438
5.2614281 1.9194958 1.4533734
5.257682 1.9210513 1.453591
5.2580243 1.9182801 1.4527077
5.256462 1.9200609 1.4531316
5.2593553 1.9206556 1.4562867
5.2599288 1.9210573 1.4581584
5.2605359 1.9203519 1.4562947
5.2607162 1.9222129 1.4552105
5.23775 0.54927 0.33608
5.26032 1.9200557 1.4549779
5.2607039 1.9180043 1.4549774
5.2601934 1.9197626 1.4564958
5.2603674 1.9207242 1.4576334
3.9273927 2.5136369 0.19492598
3.9296712 2.5129247 0.19761479
3.9318659 2.5122112 0.20133598
3.9324992 2.5089682 0.20234135
3.9306921 2.5090641 0.20030204
3.9295109 2.5111013 0.1971485
3.9311822 2.5130012 0.19815701
3.9317608 2.513368 0.19660228
3.9321262 2.5139005 0.19792162
0.46666 0.67961 4.59199
4.6549363 2.5600319 4.6041912
4.6559844 2.5598576 4.6075195
4.653995 2.5574648 4.6047038
4.6503583 2.559987 4.6022353
4.6515411 2.561383 4.598086
4.6478556 2.5622912 4.5972625
4.6532746 2.5619268 4.6003205
4.6479175 2.5634445 4.597086
4.6516524 2.5660746 4.6006686
5.7757577 1.4790219 4.4688797
5.7746296 1.4805017 4.4687039
5.7734377 1.4784105 4.4681054
5.7721964 1.4799905 4.4675327
5.7730581 1.477367 4.4687341
5.7726867 1.4810488 4.4694138
5.7732355 1.4809396 4.4689881
5.7737064 1.4814796 4.4661604
5.7751262 1.4778257 4.4692575
5.7783408 1.4800019 4.4696659
5.7752164 1.4783188 4.471174
5.7756237 1.4809991 4.4687363
5.7720803 1.4776403 4.4673457
5.7728624 1.4770253 4.4680434
5.7725419 1.4773502 4.4665002
4.8119623 1.274664 4.1814088
4.8142521 1.2735192 4.181113
4.8124288 1.2717101 4.1805108
4.8159134 1.2724777 4.1818161
4.8134059 1.2737791 4.1824305
4.8137515 1.2760234 4.1826086
2.74645 1.01723 6.20319
4.8145278 1.2772793 4.1839436
4.8128271 1.2770542 4.1832306
4.8116595 1.2767115 4.182807
4.8098197 1.2763562 4.1813333
4.8125448 1.2756827 4.1820974
4.8125798 1.276812 4.1841519
4.8154919 1.2748297 4.1848643
3.9384 1.03285 0.99264
4.812894 1.2739118 4.1828119
4.8113166 1.27504 4.182503
4.8123507 1.2760543 4.1844601
4.8122182 1.2767056 4.1847915
5.09062 1.65169 5.13142
4.8141555 1.2724548 4.1823512
4.8138976 1.2723559 4.1813636
4.8139363 1.2752854 4.183217
4.814215 1.2755675 4.1822567
3.3363972 2.0775279 3.9776735
3.3354055 2.0772493 3.9778275
3.3330469 2.0792761 3.9742934
3.3336015 2.0791149 3.9754032
3.3317563 2.0784178 3.9764642
3.3353483 2.0786652 3.9807543
3.3342967 2.07708 3.9846243
3.3344047 2.0770755 3.9818243
3.3365547 2.0745429 3.9812634
3.3370414 2.0764634 3.9785667
3.338012 2.0765595 3.9801168
3.3377995 2.0777008 3.9813491
3.3394053 2.0784634 3.9831499
3.3383371 2.0758301 3.983875
3.3371824 2.0774341 3.9820379
3.3335256 2.0750784 3.9811215
3.3307353 2.076801 3.9792809
3.330419 2.0763647 3.9777201
3.3308347 2.0754978 3.9769042
3.3323491 2.075386 3.9755751
3.3347648 2.0742116 3.9774447
3.3368435 2.0758394 3.9785727
3.3378525 2.0782973 3.9779021
3.3384879 2.0805387 3.9783729
3.3402859 2.0811052 3.9770466
3.3411576 2.0800581 3.9782168
3.3408435 2.0767038 3.9771846
3.3400935 2.0760161 3.9796739
3.3403936 2.074528 3.9793575
3.3392302 2.0771943 3.9790109
3.3371012 2.0764464 3.9777788
3.3323588 2.0788021 3.9775436
3.3323366 2.0781545 3.9786824
3.7787777 1.0403606 2.2854895
3.7809931 1.0424815 2.2832523
3.7786451 1.0439848 2.2852987
3.7781663 1.0447738 2.2851935
3.7745908 1.0454465 2.287069
3.7758292 1.0417226 2.2893495
3.7771745 1.0428468 2.2886839
3.7795985 1.0416427 2.2897757
3.7781804 1.0424659 2.2861298
3.7819569 1.0416573 2.2845675
3.7800088 1.041531 2.2860878
3.781551 1.042176 2.2864018
3.7768352 1.0441306 2.2895052
3.7768611 1.0422153 2.2888018
3.7750906 1.0421349 2.2889481
3.7776591 1.0391927 2.284612
3.7763146 1.0409055 2.2883782
3.774962 1.0394245 2.289535
3.7731666 1.0401511 2.2936675
5.2573998 1.9212212 1.4549507
5.2581909 1.9202917 1.4532727
5.256452 1.919643 1.4538312
5.2604521 1.9190302 1.4535427
5.2600407 1.9199695 1.4553135
5.2630272 1.9177046 1.4566486
5.2594924 1.9173139 1.4548214
5.2581764 1.9182495 1.452418
5.2569526 1.9205838 1.4526129
5.260422 1.9209401 1.4575599
5.2602186 1.9210007 1.4576216
5.2618437 1.9205968 1.4585399
5.2595397 1.9228359 1.4547869
5.2608833 1.9188486 1.4542508
5.2590828 1.9198156 1.4540159
5.2600017 1.9177953 1.4537311
1.23646 1.36264 1.2799
2.06709 1.3298 4.58937
3.9286967 2.5144531 0.19763642
3.9323771 2.5129192 0.20135246
3.9326648 2.5122387 0.20090541
3.9309457 2.5105896 0.19947351
3.9281642 2.510969 0.19824071
3.9269002 2.5101825 0.19714726
3.9302085 2.5133293 0.1990852
3.9340661 2.5134656 0.19851703
3.9373126 2.5160085 0.20167133
3.9353609 2.5137959 0.19913139
4.6547739 2.5587255 4.6051056
4.6570755 2.5595053 4.6094234
4.6551135 2.5580306 4.6077673
4.6488951 2.5605937 4.6029777
4.6469039 2.5589135 4.5986826
4.6464726 2.5593311 4.5978168
4.6512623 2.5597089 4.601534
4.6483754 2.5619688 4.5998141
4.6482146 2.5667471 4.5986479
5.7747744 1.4787322 4.4681203
5.7726464 1.4814032 4.4679029
5.7724594 1.4804215 4.4673927
5.7724414 1.47994 4.4662289
5.7735363 1.4786518 4.465951
5.7726957 1.481142 4.4678509
5.7714163 1.4803008 4.4676765
5.772963 1.4794114 4.4676222
5.7718311 1.4766294 4.4677889
5.77396 1.4793953 4.4693623
6.02346 2.29905 5.50887
5.7732317 1.4787816 4.4665818
5.7715895 1.4770635 4.466187
5.7748781 1.4784066 4.465752
5.7739493 1.4788882 4.4660691
4.8119704 1.2763135 4.1785173
4.8156266 1.2763947 4.1793812
4.8153283 1.2748631 4.1786015
4.8170322 1.2752191 4.1803595
4.8123298 1.2730989 4.1829539
4.8107968 1.2757008 4.1837759
1.098 0.17129 1.30536
4.8128261 1.2742528 4.1832092
4.8117235 1.2749402 4.1821839
4.8123582 1.2746582 4.181964
4.8111111 1.2763878 4.1822934
4.8143306 1.2752506 4.1830289
4.8142924 1.2772799 4.1847543
4.8151936 1.2751825 4.1861408
4.8131651 1.2730736 4.1837889
4.8128372 1.2688835 4.1821913
4.8113609 1.2706687 4.1802009
4.8135636 1.2726838 4.1843294
4.8113342 1.2732373 4.18609
3.34536 2.22392 5.66126
4.8121994 1.2745546 4.1852797
4.8121878 1.2758991 4.1817812
4.8117675 1.2770191 4.1849813
4.8094164 1.2754812 4.1866495
3.3367977 2.0777987 3.9785815
3.3363896 2.0794768 3.9783225
3.3360521 2.0782515 3.9756915
3.3371321 2.0763386 3.9782596
3.3359294 2.0767331 3.9791891
3.3375054 2.0782772 3.9804075
3.3346827 2.0799718 3.9797771
3.335055 2.078426 3.9773511
3.3358453 2.0765173 3.9777389
3.337219 2.075727 3.9749632
3.338264 2.0772047 3.9770328
3.3369247 2.0763704 3.9788915
3.3383258 2.0770601 3.9811709
3.3360704 2.0762928 3.9834714
3.3358134 2.0778759 3.9819872
3.3307677 2.0766036 3.9810561
3.3316421 2.0770896 3.9780046
3.3322023 2.0771191 3.9785523
3.332794 2.0774883 3.9759484
3.3323045 2.0758261 3.9751778
3.3339763 2.0759562 3.9762277
3.3348598 2.078132 3.9781087
3.3371891 2.0804726 3.978431
3.3368272 2.0816463 3.9796629
3.337401 2.0786365 3.9789638
3.3373986 2.0792729 3.9781694
3.3379021 2.0761985 3.9731295
3.337507 2.0769109 3.975286
3.3373637 2.0753507 3.9751382
3.3369846 2.0790941 3.9796631
3.3325957 2.0799673 3.9747887
3.3297825 2.0814461 3.9753838
3.3299712 2.0803677 3.9734903
3.7772459 1.0390384 2.2885229
3.7806705 1.0386257 2.2830422
3.7781004 1.0419382 2.2847124
3.7781157 1.0427118 2.2832051
3.7760547 1.0449136 2.2869494
3.7764733 1.0412366 2.2880088
3.7791161 1.0420907 2.2864378
3.7809377 1.0417953 2.2863516
3.7809958 1.0433865 2.283967
3.7792739 1.0431902 2.2848458
3.7772893 1.0406004 2.2862186
3.7811747 1.040305 2.2854692
2.68838 0.8304 4.54212
3.7820272 1.0363094 2.2799488
3.7806358 1.0369818 2.2803204
3.7783227 1.0410572 2.2853386
4.85647 2.15537 1.28948
3.7768681 1.0403137 2.2875009
3.7747033 1.0388644 2.2917453
5.2601333 1.9217163 1.45938
5.2609355 1.9205171 1.4573513
5.2599423 1.9210906 1.455079
5.2603199 1.9203458 1.4545348
5.44422 1.81619 3.17535
5.2613245 1.9194344 1.4554017
5.2620623 1.9195449 1.455681
5.260522 1.9176534 1.4528702
5.2594937 1.9169759 1.4540088
3.21376 0.85887 0.42821
5.259391 1.9175876 1.4595132
5.2625311 1.9177151 1.4590146
5.2599955 1.9208941 1.4543927
5.2616657 1.9208531 1.4545334
5.2585579 1.9201663 1.4553715
5.2588141 1.9178217 1.4533814
5.2599464 1.9188794 1.4548155
0.84741 1.61283 4.73998
5.51815 0.21777 1.20152
3.9308575 2.5144483 0.2014445
3.929909 2.5149809 0.19980307
3.9289491 2.5115086 0.19758995
3.927234 2.5106531 0.19566217
3.9275163 2.5110348 0.19430639
3.9324186 2.5144586 0.19682808
3.934393 2.5129203 0.19749735
3.9371032 2.5135205 0.20082618
3.9330035 2.5107345 0.19972308
4.651908 2.560306 4.6022026
4.6503989 2.5603165 4.6027056
4.6514309 2.5574929 4.602486
4.6484371 2.558717 4.5974332
4.6478542 2.5581258 4.5946492
4.6469304 2.5580013 4.5943131
4.6516951 2.558404 4.6001487
4.6536136 2.5624056 4.6017514
4.6549041 2.565539 4.6031658
5.7748652 1.4766831 4.4671513
5.7730125 1.4781749 4.4655842
5.7745254 1.4802801 4.4632679
5.7747297 1.4809055 4.4624884
5.7753229 1.4801859 4.4630852
5.775362 1.4790474 4.4664749
5.7725559 1.4793407 4.4675466
5.7756002 1.4806424 4.4682058
5.7758526 1.4781039 4.4657654
5.7768609 1.4773154 4.4666518
5.7737536 1.4762355 4.4664229
5.7748901 1.4772324 4.4674079
5.7726483 1.4773795 4.4680155
5.776113 1.4773939 4.4673412
5.776019 1.4776964 4.4653923
4.8093532 1.2774993 4.1830697
4.8114967 1.2768983 4.1830925
4.8128423 1.2753907 4.1796597
4.8152778 1.2745526 4.180834
4.8137102 1.2736119 4.1834522
4.8131599 1.2759584 4.1835075
4.8136533 1.2745561 4.1840686
4.814108 1.2740976 4.182897
4.8125428 1.2741228 4.1823798
4.8134414 1.2744218 4.1826046
4.8118831 1.2755197 4.1825861
4.8145905 1.2726095 4.182175
4.8127792 1.2743911 4.1838657
4.8136919 1.2736704 4.1838989
4.8125784 1.2737978 4.1845747
4.8132572 1.2721546 4.1838657
4.8114119 1.2734312 4.1832312
4.8121956 1.2733746 4.1870245
4.8099682 1.2736106 4.1887892
4.8124157 1.2712017 4.1862841
4.8128588 1.2735529 4.1845288
4.8118237 1.2745421 4.1807452
4.8106287 1.2772492 4.1845556
4.8085484 1.2754346 4.1839592
1.19084 1.67754 4.4037
3.3329133 2.077172 3.9799613
3.337692 2.0767285 3.9809708
3.3377854 2.0779801 3.9811642
3.3393916 2.0767829 3.9794655
3.3354586 2.0783968 3.9806464
3.334789 2.0795853 3.9835145
3.3345789 2.0766751 3.9808034
3.3344192 2.0760361 3.9790387
3.3358698 2.0780673 3.9747373
3.3373714 2.08103 3.9769215
3.337333 2.0815883 3.9797372
3.3356371 2.078793 3.9808835
3.3328977 2.0775846 3.9823138
3.3330951 2.0772951 3.9798034
3.3321718 2.0772228 3.9828027
5.75978 1.27822 5.25514
3.3386959 2.0765111 3.9828827
3.3401556 2.0779299 3.9824006
3.3373809 2.075668 3.9830498
3.3366553 2.0768405 3.9810219
3.3370184 2.0773172 3.9816413
3.3388112 2.0790308 3.9814998
3.3368138 2.0821581 3.9819651
3.3388334 2.0809747 3.9802063
5.15895 2.04778 4.45616
3.3386128 2.0752597 3.9749402
3.3377334 2.0763586 3.978768
3.3386379 2.0748348 3.9773582
3.3375936 2.0801951 3.9792706
3.3334149 2.0798801 3.9730465
3.3322179 2.0807623 3.9750485
3.7753289 1.0416804 2.2869593
3.7753936 1.0416244 2.2859807
3.7774359 1.0381614 2.2830753
3.7775387 1.0425817 2.283759
3.774521 1.041096 2.2854638
3.7745561 1.0418188 2.2860421
3.7757917 1.0389065 2.2875738
3.779818 1.0414498 2.2883747
3.7769573 1.0407576 2.2902738
3.778498 1.0413526 2.2868447
3.7773825 1.0419747 2.2839854
3.7790181 1.0419912 2.2853066
3.7773731 1.0409493 2.2883923
3.7808072 1.0369333 2.2830579
3.7785458 1.0404058 2.2855393
3.7815518 1.0385166 2.2797489
3.7783786 1.0419659 2.2857081
3.7794562 1.0437185 2.2877008
3.7769531 1.0444883 2.290629
3.7754666 1.0467833 2.2914507
5.2643932 1.9231235 1.4591277
5.2630751 1.9213504 1.4565405
5.2604982 1.9211397 1.4556488
5.2595595 1.9184005 1.4563821
5.2613247 1.9201683 1.4585177
5.26241 1.9186556 1.4577566
5.2623056 1.9193806 1.4562116
5.2593948 1.9168136 1.4500006
5.2592555 1.9169067 1.453917
5.260853 1.9174456 1.455342
5.2605736 1.9187646 1.4572931
5.2628861 1.9202414 1.4553947
5.2588316 1.9196458 1.4527261
5.2594748 1.9190529 1.4528404
5.2593654 1.9167998 1.4542104
5.261569 1.917102 1.4536973
5.2617389 1.9197471 1.4560793
5.2609597 1.9246511 1.4551634
3.9330975 2.5133946 0.20084053
3.9369343 2.5123846 0.2049955
3.70322 1.10341 2.53005
3.9319561 2.511153 0.19936312
3.9272083 2.5119464 0.19586299
3.9262288 2.5135445 0.1944112
3.9326758 2.5149181 0.19802494
3.9330995 2.5140877 0.19918709
3.9354941 2.5127472 0.20106187
3.9299918 2.5100475 0.19954134
3.9317949 2.5108711 0.20081542
4.6538503 2.558877 4.6059751
4.6550704 2.5594109 4.6057169
4.6477759 2.5592736 4.5987033
4.6464766 2.5573937 4.5940093
4.6463521 2.5592087 4.5938204
4.6514297 2.5589177 4.6010044
4.6553384 2.5620832 4.6047215
4.6567968 2.5634775 4.6072347
5.7752144 1.4770583 4.4667006
5.7729423 1.4778346 4.4680023
5.7729719 1.4770576 4.4646398
5.7751105 1.4761028 4.4643709
5.774117 1.4779152 4.4644637
5.7728778 1.4802245 4.4679818
5.7698994 1.4799599 4.4687317
5.772602 1.4792623 4.4681383
5.7736661 1.4785039 4.4639368
5.7751824 1.4778471 4.4639292
5.7724166 1.4773866 4.4633206
5.7737426 1.4779503 4.4661959
5.7743225 1.4792838 4.4663891
5.7777429 1.4809114 4.4681347
5.7770081 1.4796074 4.4660193
2.24467 1.72443 1.67208
4.8151366 1.2779947 4.1787216
4.8161344 1.2781672 4.1777421
4.8149699 1.2759771 4.1787657
4.813865 1.2771188 4.1796591
4.8124806 1.2773301 4.1809401
4.8136861 1.2791415 4.1822601
4.8137465 1.2792404 4.1837956
4.8137542 1.2764312 4.1836059
4.8163952 1.2759777 4.182176
4.8157658 1.274572 4.1800717
4.817849 1.274362 4.1801914
4.8115994 1.2768361 4.1840368
4.8126105 1.2751816 4.1818615
4.8097935 1.2738901 4.1823377
4.8117979 1.2700319 4.1811896
4.8121724 1.2705725 4.1848466
4.8132156 1.2736316 4.1873348
1.43869 1.80316 5.75178
4.8099809 1.2731154 4.1880964
4.8113559 1.2760328 4.1841277
1.69336 2.65503 1.25618
4.8131854 1.2756595 4.1832913
4.8112255 1.2717273 4.1871498
3.3346489 2.0783602 3.9829701
3.3351133 2.0802658 3.9810767
3.3406932 2.0768896 3.981851
3.3378336 2.0783883 3.9800578
3.3411394 2.0773507 3.9821809
3.3365035 2.0805544 3.9780636
3.3376369 2.08081 3.9789176
3.335795 2.0776769 3.9756675
3.3363515 2.075771 3.978054
3.3401809 2.0769489 3.9746661
3.3398896 2.0800829 3.9761231
3.3385586 2.0818961 3.9771302
3.3352179 2.0777474 3.9771501
3.3345566 2.0778472 3.9792476
3.3348692 2.076707 3.9775635
3.3348914 2.0775519 3.9793836
3.3384439 2.0773602 3.9791575
3.3406302 2.0751761 3.9807043
3.3398752 2.0778892 3.9797909
3.3371988 2.0767633 3.9795139
3.33439 2.0778863 3.9806303
3.3356334 2.0786328 3.9788842
3.337818 2.0811027 3.9773144
0.54136 1.21175 2.03551
3.3342466 2.0787621 3.9798247
5.5758989 1.215484 2.5270512
5.5776094 1.2172286 2.5262348
5.5764119 1.2134997 2.524034
5.5754908 1.2179845 2.527116
1.18739 0.84683 6.0004
4.74237 1.93462 5.67741
5.58227 1.2188 2.52803
3.7735342 1.0416747 2.2902083
3.7753207 1.0432676 2.2890951
2.02783 1.04306 3.82607
3.7786302 1.0411176 2.2857231
3.7768146 1.0399573 2.2873287
3.7778867 1.0403734 2.2866243
3.7781089 1.0409683 2.2878734
3.7795758 1.0403022 2.2869432
3.775083 1.0409548 2.2884407
3.7761852 1.0422141 2.2878452
3.7752494 1.0446074 2.2861019
3.7790125 1.0449334 2.2857764
3.7774008 1.0438729 2.28702
3.7818969 1.0382505 2.2808551
3.7789715 1.0375674 2.2817342
3.7791152 1.0380295 2.2816703
3.7754849 1.0413297 2.287626
5.8436 2.64522 0.45036
3.7783883 1.0443896 2.2903048
3.77938 1.0460753 2.2914864
5.2631155 1.9211468 1.457411
5.2629423 1.9200318 1.4566202
5.261744 1.9232963 1.4597953
5.2613027 1.9218699 1.455679
5.2609345 1.9249709 1.4577934
5.2600526 1.9247838 1.4521324
5.2605073 1.9232676 1.4527695
5.2596858 1.9184341 1.4506374
5.2571319 1.9169653 1.4541178
5.2588 1.9176698 1.4531105
5.2581065 1.9167162 1.4534022
5.2619099 1.9188044 1.4507331
5.2611437 1.91825 1.4494558
5.2634048 1.9196852 1.4518723
5.2624296 1.9165859 1.4538683
5.2631367 1.9165632 1.4541441
5.2646396 1.9188891 1.4556527
5.264493 1.9229783 1.4542094
3.9297759 2.5108568 0.19712603
3.932056 2.5098944 0.19839445
3.9301017 2.5114645 0.19748622
3.9321084 2.509797 0.1973229
2.73751 1.68216 4.80977
3.9281614 2.5143524 0.1931186
3.9316316 2.5136412 0.19365688
3.9284232 2.5108718 0.19462827
3.9327565 2.5095604 0.19761471
3.9289016 2.5091418 0.19603106
3.9295664 2.510303 0.19704761
3.9280803 2.5090173 0.19648161
4.6566264 2.5595552 4.6077386
4.6546239 2.5603033 4.6029691
4.6565908 2.5595984 4.5996864
4.6511039 2.5605734 4.5945115
4.6540428 2.5595364 4.6000857
4.6590147 2.56166 4.6051874
4.6614848 2.5601645 4.6074107
5.7747901 1.4761036 4.4697816
5.7751703 1.4762523 4.467986
5.7764232 1.4763847 4.4639604
5.7780848 1.4776425 4.4645277
5.7760979 1.478178 4.4654362
5.773814 1.4782082 4.4685457
5.7710838 1.4800682 4.4700458
5.7738657 1.4800381 4.4677194
5.7761792 1.4791415 4.4634975
5.7771713 1.4771015 4.4628311
5.7760535 1.4766602 4.4624099
5.7772773 1.4778194 4.4660871
5.776235 1.478382 4.4664433
5.7761637 1.480467 4.4682591
5.7760634 1.4797134 4.4670656
5.7776984 1.4812028 4.4672313
4.8142186 1.2738788 4.1808957
4.8133307 1.2755277 4.1804101
4.809866 1.2731073 4.180744
4.8114006 1.2776764 4.179815
4.8139537 1.27757 4.1799963
4.8162436 1.279739 4.1801322
4.8143309 1.2765539 4.1841502
4.8134064 1.2749228 4.1837073
4.814067 1.2743197 4.1838388
4.8144742 1.2724819 4.1826085
4.8185994 1.2731594 4.182547
4.8152606 1.2774537 4.1813893
4.8153684 1.2754319 4.1806235
4.8118593 1.2754304 4.1817332
4.8123891 1.2721662 4.181763
4.8140487 1.2723452 4.187156
4.812628 1.2760504 4.1888527
4.8139233 1.2740141 4.1867759
4.8123962 1.2737894 4.1840236
4.8131114 1.2766206 4.1802742
4.8131694 1.2761526 4.1814625
4.8147175 1.275493 4.182344
4.8153146 1.272077 4.1838199
3.3357777 2.0786672 3.9831099
3.3328843 2.0808047 3.9813748
3.3337876 2.0776028 3.9793113
3.333083 2.078876 3.9753998
3.3351648 2.0760965 3.9752864
3.3333377 2.0789476 3.9758199
3.3349334 2.0774376 3.9808529
0.43803 1.58983 0.24435
3.3385134 2.0757117 3.9838001
3.3405804 2.0785727 3.9798162
3.3391318 2.0821606 3.9806279
3.3371534 2.0821039 3.9775054
3.3372178 2.0778471 3.9794217
3.3367937 2.0795784 3.9784207
3.3393114 2.0790636 3.9775908
3.3390289 2.0784945 3.9788328
3.3401237 2.0770441 3.9783453
3.3431648 2.077627 3.9809924
3.341053 2.0802686 3.9806953
3.3401034 2.0791431 3.9812271
3.3361522 2.0790152 3.9807702
0.10377 0.6339 2.07079
3.3367413 2.0778795 3.9790672
5.5719101 1.2211033 2.5300917
5.5746172 1.21823 2.5299147
5.5747921 1.2157493 2.5278267
5.5795409 1.2163095 2.5258978
5.5770469 1.2152609 2.5266507
5.5769213 1.2171724 2.5285359
5.5785238 1.215882 2.5307206
5.5750447 1.2183164 2.5322617
5.31144 0.90565 2.51703
3.7751516 1.0421318 2.2854149
3.7749803 1.0430954 2.2875546
3.7792675 1.0406247 2.2843595
3.7792995 1.0438905 2.2868491
3.779789 1.0424857 2.2861782
3.7781565 1.0410805 2.2863114
3.7781761 1.0415433 2.2853374
3.7782076 1.0400436 2.2858252
3.7758587 1.0420885 2.285948
3.7755008 1.0415925 2.2860059
3.7757446 1.046172 2.2845177
3.777323 1.0459013 2.2868465
3.7768985 1.0452624 2.2890643
3.776548 1.0441836 2.2890157
3.7760004 1.0424395 2.2867596
3.776362 1.0414914 2.2845285
3.7761917 1.0406729 2.2828328
3.7791486 1.0441866 2.2851089
3.7787037 1.044646 2.2895108
3.7783447 1.0438765 2.293004
5.2650314 1.9245299 1.4535119
5.2621495 1.9215261 1.4517815
5.2596638 1.9210012 1.4575162
5.2604079 1.9186092 1.4538946
5.2629397 1.9196243 1.4568339
5.2637998 1.9205434 1.4534431
5.260047 1.9172341 1.4527681
5.2610795 1.9158177 1.4515865
5.2589494 1.9148666 1.4529678
5.261689 1.9166143 1.4546728
5.2593794 1.9180977 1.4532431
5.2633009 1.9188183 1.4525279
5.2588899 1.9187657 1.4490805
5.2624776 1.9183762 1.4514661
5.2627484 1.9152255 1.4514299
5.2652799 1.9164492 1.4519763
5.2658582 1.919362 1.4532786
5.2635893 1.9231095 1.4539219
3.9237314 2.5122798 0.1906655
3.9293273 2.5101795 0.19563395
3.9306269 2.5089278 0.19866406
3.9316611 2.5065224 0.19937017
3.930511 2.5083486 0.19709755
3.9295213 2.5117289 0.19801177
3.9305812 2.5122425 0.19742577
3.9273068 2.5105601 0.19526723
3.9303036 2.509927 0.19531533
3.930942 2.5107328 0.19562997
3.9336995 2.5122362 0.20081988
3.9332129 2.5115536 0.20161686
4.6582813 2.5583973 4.6107006
4.6521426 2.5587936 4.6028474
4.6544547 2.5585908 4.6027398
4.6506295 2.5609531 4.597212
4.6540521 2.5610417 4.6003827
4.6585782 2.5615283 4.6069233
4.6633596 2.5613858 4.6133539
5.7732864 1.4759113 4.4693162
5.7744788 1.4760572 4.4688274
5.775949 1.4742163 4.4664501
5.7773054 1.4731907 4.4654643
5.7760827 1.4763759 4.4650106
5.7723514 1.4805591 4.4658927
5.7705182 1.4818841 4.4668856
5.7720282 1.479522 4.4649573
5.775188 1.4781973 4.4637218
5.7758648 1.4784228 4.4618198
5.774565 1.4790341 4.4615777
5.7757566 1.4800702 4.4644529
5.7752522 1.4783254 4.4673479
5.7767979 1.4799881 4.4691895
5.7761568 1.4787433 4.4680997
5.7766187 1.4800694 4.4668147
4.8171462 1.2729235 4.1787785
4.8148277 1.2738941 4.1787357
4.8124173 1.2739176 4.179243
4.8114116 1.2788675 4.1789564
4.8132899 1.2778924 4.1789622
4.814977 1.2811006 4.1800182
0.47903 1.56741 3.75588
4.8150653 1.2757949 4.1826174
4.8141968 1.2721938 4.183413
4.8150489 1.2717756 4.1811367
4.8172363 1.2739783 4.1827074
4.8164043 1.2784737 4.1816607
4.8146321 1.2786568 4.1830455
4.8136361 1.2753879 4.1828394
4.8125106 1.2725229 4.1850218
4.8157837 1.2714327 4.188243
4.8156709 1.275949 4.1874042
4.8145198 1.2751073 4.1844448
4.8118833 1.2758806 4.1798798
4.8107978 1.2777102 4.1773639
4.8132426 1.2765883 4.1784666
4.814738 1.2764525 4.1818068
4.8162578 1.2716124 4.1835317
3.3381102 2.0789421 3.9838193
3.3375679 2.0800518 3.9820041
3.3368679 2.0788041 3.9762191
3.3352832 2.0822087 3.9766617
3.3344177 2.0802508 3.9766986
3.3354934 2.0828344 3.9794042
3.3356159 2.0782312 3.9771994
3.335095 2.0782517 3.9776304
2.12361 1.4478 0.65182
3.3375418 2.0798705 3.9795944
3.3398595 2.0808608 3.9821337
3.3370505 2.0801352 3.9784091
3.3379099 2.0772522 3.9800936
3.3371484 2.0767217 3.9770276
3.3390393 2.0772097 3.976262
3.3388556 2.0792546 3.9766178
3.3379455 2.0783237 3.9753248
3.340111 2.0783665 3.9763535
3.3379142 2.0777039 3.9759714
3.3380432 2.0781591 3.9782283
3.3364526 2.0767178 3.980145
5.5774293 1.2176014 2.5292083
5.5765643 1.2175881 2.5312004
5.5715614 1.2195996 2.5327535
5.57429 1.2188444 2.5314451
5.5722389 1.220938 2.5301801
5.5742985 1.215328 2.5276021
5.05904 1.57973 3.91663
5.5739602 1.2153225 2.5302654
5.5764173 1.2170866 2.5300292
5.5748235 1.2179802 2.533155
5.5733499 1.2159975 2.5342072
3.7776684 1.042107 2.286063
3.7775781 1.043019 2.286227
3.97463 1.84608 3.87588
3.7800996 1.0442765 2.2867646
3.7801502 1.0436449 2.2872626
3.7765316 1.0428193 2.2876057
3.7781613 1.0425171 2.2852097
3.7764188 1.0389241 2.285897
3.7775403 1.043276 2.2823661
3.776924 1.0422792 2.2843846
3.7777933 1.0466119 2.2838004
3.7776946 1.0445184 2.2847291
3.7780653 1.0450651 2.2844434
3.7782717 1.0422603 2.2841712
3.7790486 1.0405611 2.2842054
3.7766548 1.0418353 2.2846199
3.776051 1.0429491 2.2846686
3.777256 1.0446756 2.2857297
3.7778601 1.0404116 2.2874661
3.7786923 1.0382753 2.28951
5.2586302 1.920715 1.4512133
5.259866 1.9195717 1.4525559
5.2607993 1.9215933 1.4557395
5.2626369 1.9205556 1.4545114
5.261338 1.9225542 1.4532111
5.2624707 1.9224728 1.4523193
5.2609363 1.9187297 1.4535232
5.2622092 1.9173902 1.454058
5.25989 1.9166478 1.4532576
5.2606136 1.9170258 1.4519443
5.2577579 1.9187461 1.4505613
5.2611758 1.9160933 1.4522019
1.39052 0.45939 3.1486
5.263728 1.9194133 1.4532397
0.24136 2.55002 3.94363
5.2639969 1.9198701 1.4520231
5.2644352 1.9185074 1.4522633
5.2641936 1.9207626 1.451455
0.83925 2.19242 0.95018
3.926244 2.509091 0.19216035
3.9233618 2.5093254 0.18979117
3.9285483 2.5067655 0.19542077
3.9300642 2.5086367 0.19592687
3.9324223 2.5082599 0.20181809
3.9258078 2.5106481 0.19602331
3.9245303 2.5094662 0.19275082
3.9271244 2.511063 0.19242159
3.9318153 2.5133628 0.19542188
3.9289389 2.5111908 0.19480809
3.9303265 2.5101111 0.19720717
3.933884 2.5062316 0.19840817
4.6554301 2.55915 4.6066187
4.6570032 2.5583055 4.6055872
4.651874 2.5605654 4.6014006
4.6525045 2.5597965 4.6006908
4.6534438 2.5617604 4.6030672
4.6560612 2.5617368 4.6047426
5.7730829 1.4769603 4.4705094
5.7746896 1.4744849 4.4677313
5.7753714 1.4735557 4.4668861
5.7780008 1.4752731 4.4666031
5.7786333 1.475894 4.4680957
5.7784396 1.47876 4.4653729
5.7777557 1.4771164 4.4659157
5.7776198 1.4776927 4.4638306
5.7773142 1.4774297 4.4648561
5.7783137 1.4782338 4.4633565
5.7763967 1.4797899 4.4646703
5.7774979 1.4805522 4.4635728
5.77567 1.4786426 4.4646846
5.7763687 1.4774426 4.4638919
5.7755144 1.4763726 4.4662207
5.7769442 1.4777785 4.4667144
4.8167056 1.2731475 4.1806184
4.8133368 1.2741809 4.1809327
4.8101283 1.2759762 4.1817763
4.8094275 1.2800376 4.1804847
4.8121359 1.2775908 4.1806048
4.8144121 1.2784042 4.1807002
4.815717 1.2744968 4.1826011
4.8149281 1.2757996 4.1833507
4.8139389 1.2733158 4.1852577
4.8132523 1.2731492 4.1848005
4.8138778 1.2743547 4.1867697
4.8150505 1.2774525 4.1834311
4.8146111 1.2795322 4.1835021
4.8141854 1.2741354 4.1824746
4.8145606 1.2744866 4.1840713
4.815445 1.2729395 4.1875886
4.8175061 1.2773691 4.1860915
4.8146679 1.275982 4.182403
4.8147398 1.2763195 4.1777925
4.8116764 1.2772217 4.1783724
4.8126514 1.2773812 4.178165
4.8129752 1.2780995 4.1821996
1.2869159 1.8059073 2.1779907
1.285395 1.8071284 2.1778142
4.49709 1.52444 2.60849
3.3334879 2.0790801 3.9769442
3.3327324 2.0815445 3.9778658
3.3347594 2.079919 3.9772682
3.3337023 2.0816677 3.9784286
3.3341166 2.0781592 3.9765721
3.333009 2.0815926 3.9780065
3.337104 2.0796638 3.9785894
3.3352362 2.0807689 3.9797529
3.3357847 2.0802367 3.9810518
3.3327905 2.0766055 3.9785114
3.335061 2.0749189 3.9789868
3.3372866 2.0766195 3.9785701
3.3375948 2.0780785 3.9769612
3.3401998 2.0790401 3.9790008
3.3388308 2.0788312 3.9789096
6.24422 1.89866 4.05502
3.3390322 2.0781336 3.9825433
3.3390729 2.077528 3.981725
5.5780409 1.2159394 2.5317702
5.575392 1.215894 2.5327974
5.5736755 1.2146429 2.5321134
5.5719839 1.2171414 2.5344796
5.5741687 1.2158187 2.5315473
5.5754921 1.2189478 2.5331254
5.5793064 1.215167 2.5281028
5.5772831 1.2179031 2.5288938
5.576709 1.2156673 2.5315855
5.5762059 1.2182467 2.5333683
5.5727685 1.2185142 2.5368508
5.5719757 1.2176612 2.5360829
3.7800125 1.0403868 2.2839048
3.7802837 1.0419207 2.2839989
3.7805572 1.041041 2.2873321
3.7810457 1.0447237 2.2861545
3.7817919 1.0452187 2.2874683
3.7786843 1.0452612 2.2880341
3.7794717 1.0439318 2.2853816
3.777682 1.0416249 2.2843736
3.7794755 1.0429674 2.2802329
3.7797497 1.0421877 2.2830485
3.7769425 1.044457 2.284952
3.7775449 1.0426736 2.2868165
3.7791953 1.0430871 2.2861067
3.7811361 1.0434557 2.2827037
3.7833089 1.0425609 2.281192
5.71109 2.76413 0.70372
3.7778535 1.043199 2.2836702
3.7755921 1.0473528 2.284915
4.13255 1.08229 1.70721
3.7748014 1.0395767 2.2870856
5.2605183 1.9238996 1.4533099
5.2595186 1.9231546 1.4551639
5.2568131 1.9242103 1.4537736
5.2604955 1.9196391 1.455401
5.2611169 1.9184441 1.4533473
5.2632145 1.9175879 1.4558178
5.2608288 1.9175518 1.4575355
5.2621263 1.9173642 1.4567765
5.260955 1.9169613 1.4530522
5.2620818 1.9153882 1.4537999
5.2599181 1.9169848 1.4549585
5.2606823 1.9155345 1.4563863
5.260816 1.9195337 1.454864
5.2600584 1.9175767 1.4532927
5.2635811 1.9188347 1.4534691
5.2637957 1.9198104 1.451699
5.2642398 1.9190297 1.4517541
5.2619559 1.9206597 1.4523308
3.92498 2.5120646 0.19270035
3.926181 2.5115187 0.19369766
1.7171 1.16739 6.02414
3.9284554 2.5065181 0.19675738
3.9294574 2.5071608 0.19556078
3.9324811 2.5051258 0.20095832
3.9290711 2.5099138 0.19888067
3.9290838 2.5102789 0.19833081
3.9288996 2.5103491 0.19679353
3.9306631 2.5123066 0.19624378
3.9278034 2.512753 0.19516821
3.9299158 2.5133875 0.19792711
3.932771 2.510225 0.19822341
4.6487826 2.5571098 4.6018606
4.6474701 2.5572731 4.5995611
4.6479152 2.5612574 4.5999374
4.6490921 2.5598322 4.5991121
4.6518604 2.5636899 4.6038852
4.6542727 2.5627613 4.6065315
5.7735474 1.4758629 4.4670812
1.13335 0.28436 1.89023
5.7740895 1.4742631 4.4669196
5.7770663 1.475015 4.4658935
5.7765772 1.4738452 4.4667737
5.7789791 1.4782067 4.4640446
5.7775406 1.4759858 4.4647104
5.7790682 1.476876 4.4634246
5.7774221 1.4764348 4.4645267
5.7782854 1.4781802 4.4641442
5.7765388 1.4796698 4.4652069
5.7758975 1.4799809 4.4646028
5.7744898 1.4781768 4.4660497
2.31773 1.01538 2.10369
5.7725825 1.4778531 4.4678952
5.7721399 1.477299 4.4667154
4.8152818 1.2731263 4.1826588
4.8166835 1.274007 4.1810444
4.8120803 1.2759584 4.1832083
4.8091434 1.2783501 4.1809796
4.811506 1.2767639 4.180166
4.8128413 1.2785753 4.1799325
4.8175815 1.2790663 4.1792208
4.8158892 1.2802596 4.1819419
4.8162179 1.2782699 4.1829814
4.8129595 1.2773386 4.1848032
4.8126481 1.2773334 4.1846001
4.8112931 1.2769384 4.1831983
4.8139865 1.2796015 4.1826958
4.8125863 1.2761691 4.1834542
4.8162004 1.2772321 4.1834874
4.02594 1.37471 2.39499
3.14723 2.74956 2.60711
4.8145149 1.2775105 4.1812172
4.8136435 1.2777514 4.1780288
4.8116927 1.2772309 4.1777201
1.290419 1.8088247 2.1825643
1.2872443 1.8093242 2.1826882
1.2872213 1.8079018 2.1804013
1.2856111 1.8073358 2.1805802
3.74363 0.61965 2.55607
1.287141 1.808334 2.1815683
3.3327117 2.0819257 3.9779752
3.3340211 2.081033 3.9798291
3.3315758 2.0823804 3.9777047
3.3356836 2.0796265 3.9772679
3.3342338 2.0814778 3.9768542
3.3364752 2.0816429 3.9750724
3.3341537 2.0804449 3.9766523
3.3362317 2.079865 3.9783498
3.3341876 2.0784261 3.9809944
3.3347586 2.0777672 3.9805607
3.3343126 2.0757099 3.9774672
3.3335751 2.0757933 3.9755378
3.33584 2.0783282 3.9770327
3.3337769 2.0791782 3.9771531
3.3361338 2.076964 3.980025
3.3375341 2.0752806 3.9815183
5.5774782 1.2207137 2.5323494
5.5758731 1.216157 2.5305788
5.574896 1.2162696 2.5322441
5.5717731 1.2133712 2.5312422
5.5739212 1.2135918 2.5358623
5.5760239 1.214544 2.5333971
5.5758375 1.217843 2.5345039
5.5767213 1.2171375 2.5293214
5.5736011 1.2167121 2.5296137
5.5735499 1.2149098 2.5288046
5.5724489 1.2187002 2.530872
5.5747453 1.2181637 2.5343751
5.5749711 1.2174754 2.5365917
3.7812745 1.0418016 2.2858186
3.7810053 1.0447009 2.285029
3.7804488 1.0431392 2.2863227
3.7807667 1.0456575 2.2866012
3.7817278 1.0463366 2.2863318
3.777855 1.046465 2.2871671
3.7758817 1.0451679 2.2869046
3.7775913 1.0433235 2.2863808
3.7772475 1.043048 2.2847959
3.7802072 1.0435536 2.2843325
3.7757583 1.0436198 2.2874351
3.7780827 1.0428723 2.2867659
3.7779806 1.0417436 2.2861887
3.7800374 1.0421906 2.2830718
3.7817769 1.0421996 2.282846
3.7809269 1.0481304 2.2837075
3.7796701 1.0483958 2.2850296
3.7778165 1.0498939 2.2847643
3.7778965 1.0445199 2.2849833
3.7777873 1.0437802 2.2866002
5.2579305 1.9165492 1.455344
5.2574496 1.9200606 1.4557684
5.2559182 1.9244482 1.4550207
5.2564796 1.9239444 1.4534102
5.2572469 1.9224912 1.4520244
5.2596498 1.9204809 1.4551257
5.259943 1.9209717 1.4581223
5.2592155 1.9219648 1.4560411
5.2583371 1.9205837 1.451354
5.2581129 1.9208693 1.45133
5.2590001 1.9196986 1.4534597
5.2618528 1.9180947 1.4566553
5.2622645 1.9187447 1.4565476
5.2621076 1.9181237 1.4550622
5.264383 1.9211892 1.4558104
5.263596 1.9201761 1.4543366
5.2645247 1.9218587 1.4540274
2.09936 1.7951 2.55799
3.1216984 1.0351214 5.8839169
3.93569 2.93707 3.78592
3.1227587 1.031439 5.8864977
3.931265 2.5104335 0.19690836
3.9350187 2.5095037 0.19912039
3.9329193 2.5060448 0.20063865
3.9307886 2.5079801 0.19891157
3.9319577 2.5102029 0.20030874
3.9341466 2.5123994 0.20011572
3.933125 2.5124934 0.20145181
3.9289131 2.5119685 0.19848621
3.9251935 2.5109001 0.1928686
3.9276638 2.5101479 0.19217676
4.6491629 2.5589738 4.6009328
4.6451082 2.5578385 4.5976301
4.6468681 2.5609935 4.5994221
4.6486505 2.5590055 4.6020598
4.6515122 2.5606773 4.6037817
4.6516504 2.5617598 4.6038589
5.7748228 1.4781756 4.4656754
5.7742065 1.4752343 4.4647567
5.7732592 1.4747916 4.4657387
5.7758426 1.4775008 4.4659981
5.7762106 1.4775737 4.4676132
5.7805089 1.4778279 4.4653531
5.7790973 1.4739374 4.4663323
5.7799197 1.4768736 4.4651683
5.7784517 1.4774971 4.4640144
5.7773829 1.4790187 4.4648101
5.7783334 1.4782213 4.4647238
5.7753245 1.4791883 4.4666098
5.7744631 1.4780465 4.4659927
5.7712092 1.4772072 4.4649853
5.772892 1.4761624 4.4656995
1.143927 0.62351542 1.5477024
1.148601 0.62258572 1.5444109
4.8135258 1.2785169 4.1814144
3.75485 1.78549 1.84117
4.8108212 1.2784711 4.1825882
4.8148566 1.2753455 4.180531
4.8118624 1.2758141 4.182097
4.8149692 1.2765985 4.1815258
4.8102889 1.2788002 4.1871232
4.8115034 1.2792222 4.1847433
4.8103539 1.2787654 4.1860124
4.8112103 1.27763 4.1854141
4.8105351 1.275803 4.184667
4.8148486 1.2767156 4.1811152
4.8134767 1.2759741 4.1797562
5.7564507 2.562211 0.56949273
5.7626647 2.5600752 0.57403276
5.757446 2.5591211 0.56890531
5.758273 2.5562934 0.56775065
5.7525698 2.5579476 0.5616394
5.7490127 2.5582162 0.55745035
3.63978 1.7384 3.22232
1.2865782 1.8067785 2.1825427
1.2867546 1.8080922 2.1817492
1.2864022 1.8096637 2.1813968
1.2880223 1.8091237 2.179723
1.2869584 1.8078307 2.1801338
1.2858943 1.8044753 2.178873
3.3351058 2.0787112 3.9807276
3.17809 2.72361 2.11066
3.3387805 2.0785045 3.9771709
3.337434 2.0796865 3.978037
3.3369909 2.0793407 3.9763777
3.3335357 2.0777933 3.977259
3.3357011 2.0771381 3.9784227
3.3310591 2.0777963 3.9785263
3.3332705 2.0780865 3.9800809
3.3341628 2.0775214 3.978681
3.335321 2.0774514 3.9809118
3.3355271 2.0788466 3.9801751
3.3360931 2.0807587 3.9811238
3.3368064 2.080291 3.981304
5.5760727 1.2177387 2.5307197
5.5752631 1.2198978 2.534252
5.5734064 1.2153578 2.5337652
5.5750453 1.2157736 2.5346787
5.5733753 1.2134178 2.5337718
5.5750335 1.2131435 2.5351714
5.5744719 1.2143824 2.53405
5.5745972 1.2158944 2.5344765
5.5763382 1.2183141 2.529923
5.5760854 1.218501 2.5290141
5.5778943 1.2175578 2.5300531
5.5751227 1.2194469 2.5342804
5.5756613 1.2193127 2.5363444
2.7433 0.30295 6.27909
3.778069 1.0426729 2.2862402
3.7771655 1.0428673 2.2873107
3.7782468 1.0437984 2.2883231
3.7797755 1.0448174 2.2842538
3.7811043 1.0458388 2.283401
3.7800046 1.0470599 2.2867493
3.7789751 1.0470039 2.2884134
3.78234 1.0469717 2.286799
3.7782684 1.0451158 2.2865556
3.7792457 1.0458687 2.2864644
3.7761228 1.0433242 2.2883553
3.7773141 1.0437941 2.2879016
0.27032 1.34494 6.26969
3.7763272 1.0429216 2.285496
3.7781086 1.0430613 2.2833463
3.7806038 1.0456176 2.2837403
3.7819075 1.046032 2.2826293
3.7805698 1.0478732 2.2838494
3.780066 1.0478503 2.2852872
3.7777611 1.0471993 2.2891106
5.259825 1.9160437 1.4551419
5.2572274 1.9213708 1.4557024
5.2558162 1.9242473 1.4555163
5.2561687 1.9241364 1.4539343
5.2577648 1.9222432 1.4526308
5.258918 1.9219841 1.454675
5.2594705 1.9221029 1.4568902
5.2572941 1.9206935 1.4552386
5.2585215 1.917918 1.4522201
5.2590165 1.919125 1.4514392
5.2615597 1.9190773 1.4538006
5.2636333 1.920318 1.4552065
5.2619717 1.9195809 1.4544314
5.2614532 1.9177446 1.4534874
5.2632436 1.9204716 1.4539306
5.2638616 1.9189971 1.453259
3.120534 1.0377596 5.8827213
3.1227888 1.0376804 5.883687
3.1213962 1.0353777 5.8838439
3.1231573 1.0349515 5.8876051
3.1222378 1.0344122 5.8871357
3.1212689 1.0344415 5.88968
3.9343145 2.5099184 0.19854081
0.45755 1.68577 5.51087
3.9333246 2.507515 0.19650373
3.9335648 2.508458 0.20017294
5.25606 1.16834 2.11527
3.9335954 2.5115437 0.20347475
3.9298754 2.5127523 0.19932352
3.9250993 2.5123206 0.19422
3.9273716 2.513161 0.19472381
4.6463937 2.5583096 4.5986259
4.6451128 2.5581425 4.5976888
4.650242 2.5572814 4.6004379
4.6543928 2.5557536 4.6068291
4.6551353 2.5561992 4.6064202
4.6549642 2.5580953 4.6070513
5.67918 1.56502 1.18114
5.7736661 1.4766744 4.4659957
5.7733702 1.4783361 4.4657592
5.7746309 1.4790256 4.4657938
5.7741959 1.4768275 4.4670497
5.7767199 1.4758129 4.4648626
5.7752885 1.4754383 4.4658351
5.7754547 1.4808254 4.4651103
5.7772246 1.4806381 4.4637279
5.7753275 1.4813803 4.4663888
5.7770903 1.477567 4.4666643
3.16771 1.25194 1.00161
5.7756945 1.4775734 4.467649
1.1437865 0.62088711 1.5477903
1.1452975 0.62266129 1.5453573
1.1412468 0.62334492 1.5505455
1.1458113 0.62157428 1.5471437
1.1434873 0.62171113 1.5504774
4.8131706 1.2773519 4.1869795
4.8107699 1.2765263 4.183422
4.8136923 1.2747196 4.180115
4.8119778 1.2751348 4.1819042
4.8142788 1.2757354 4.1799701
4.8113649 1.2777789 4.1846707
4.8112597 1.2774472 4.1827254
4.8119892 1.2783957 4.1840961
5.34123 2.24869 4.72686
5.7562195 2.555448 0.56210363
5.7562981 2.5560633 0.56281069
5.7549494 2.557133 0.56353621
5.7526716 2.5585946 0.56357678
5.752896 2.5574473 0.56497238
5.7548998 2.5580976 0.56806225
5.7550586 2.5580628 0.56494108
5.7555923 2.558533 0.56501944
3.72464 2.58141 1.19594
3.08233 2.8235 1.84901
1.2841256 1.8074397 2.1828237
1.2860003 1.8091581 2.1829758
1.2858873 1.8096346 2.1819518
1.2872117 1.8087794 2.1808522
1.2856053 1.8062281 2.1799448
1.2845047 1.8071282 2.1791757
1.2850591 1.8098063 2.181026
3.80643 1.18291 4.51372
3.3383338 2.0780271 3.9777731
3.3369002 2.0775089 3.978003
3.3374207 2.0779704 3.9771018
3.3353769 2.0793773 3.9786563
3.3364785 2.0787593 3.9802701
3.3338508 2.0806227 3.9799869
3.3353841 2.0808485 3.9810269
3.3335984 2.0763198 3.9784629
3.3365773 2.0762357 3.9812063
3.3353109 2.0765371 3.9791979
3.3339467 2.0792571 3.9799457
5.5798934 1.21883 2.5324244
5.577013 1.2203223 2.5299425
5.5749696 1.2190942 2.5328657
5.5710895 1.2155269 2.5330445
5.5741014 1.2160389 2.5324213
5.574381 1.2161838 2.5324227
3.76678 1.20105 4.8317
5.5763949 1.2164912 2.5310848
5.5743536 1.2142791 2.5328096
5.5751681 1.2169987 2.531775
5.5739614 1.2169008 2.5318496
5.5730942 1.2178641 2.5338134
5.5738994 1.2189272 2.5344972
5.5736262 1.2191439 2.5329888
5.5754337 1.2201318 2.5297448
3.7763768 1.044338 2.2924603
3.7761502 1.0434603 2.2908341
3.7774568 1.0480746 2.2897303
3.7791193 1.0460612 2.2843022
3.7777936 1.0475339 2.2833113
3.778463 1.0458332 2.2848395
3.7773386 1.0455332 2.2876482
3.7799325 1.0450841 2.2890736
3.779277 1.0439389 2.2887138
3.7789738 1.0447773 2.2887407
3.7768449 1.0431483 2.2894567
3.774674 1.0432626 2.2919201
3.7726376 1.0420275 2.2888905
3.7711517 1.0436673 2.2895676
3.7743872 1.042317 2.2856637
3.778931 1.0441611 2.2862929
3.7822809 1.0448018 2.284133
3.7811729 1.0466398 2.2858293
3.7819539 1.0472342 2.286681
3.7805228 1.0464038 2.2900855
5.258206 1.9121754 1.4550166
5.259008 1.9181206 1.454689
5.2585925 1.9223824 1.4539679
5.2591971 1.9238564 1.4524037
5.2586237 1.9215489 1.4536531
5.2585733 1.9217541 1.4537593
5.2589077 1.9217339 1.4562661
5.2574936 1.9208437 1.4529715
5.2583016 1.9193108 1.4535541
5.257267 1.9206984 1.4506915
5.2608504 1.9212846 1.4543657
5.2623003 1.9210543 1.4542012
5.2627859 1.9199145 1.4550217
5.2621097 1.9185047 1.4545076
4.76606 1.68494 5.42883
3.1204015 1.0378677 5.8858081
3.1188033 1.0362336 5.884574
3.1204981 1.0375584 5.8843026
3.1213089 1.0352643 5.8839412
3.1226556 1.0350288 5.8853262
3.1221451 1.0320453 5.8858309
3.1215655 1.0341734 5.8871293
3.1195892 1.037671 5.8856452
3.117445 1.0357046 5.8878131
3.931387 2.5088467 0.19440523
3.9319858 2.5101551 0.1978561
3.9329696 2.5134472 0.19776503
3.9315167 2.512655 0.20122341
3.9320526 2.5126561 0.2010089
3.9282309 2.5106034 0.19634969
3.9259005 2.5111282 0.19239363
4.6514373 2.5568844 4.6029569
4.6525875 2.5557912 4.6031879
4.6522937 2.5540206 4.6019819
4.6569849 2.5549384 4.6085155
4.6572276 2.5543976 4.6094546
4.6565296 2.5536262 4.6103803
5.7753768 1.4772662 4.4674104
5.7760685 1.4770092 4.4657017
5.7752095 1.4788512 4.4654197
5.7761025 1.4801698 4.4641453
5.7747324 1.4802076 4.4660587
5.775363 1.4792191 4.4647666
5.7735625 1.4787617 4.465952
5.7741593 1.4817074 4.4654771
5.7734472 1.4816359 4.4665972
5.7743801 1.4824225 4.4676775
5.7763584 1.4803792 4.4676061
5.7739681 1.4793854 4.4696391
1.148204 0.61912067 1.5460565
1.1477423 0.61907052 1.5452324
1.1471056 0.61958999 1.5448605
1.1436856 0.61894199 1.5493132
1.1462869 0.62015374 1.5487366
1.1440298 0.62188331 1.5491816
1.1435807 0.62325059 1.5486503
6.20057 2.39213 4.11504
4.8138364 1.2744783 4.1803902
4.813468 1.2742691 4.1818861
4.8111951 1.2719471 4.1826712
4.8112157 1.273346 4.1869047
5.7510475 2.5583841 0.55773928
5.7520868 2.5559882 0.55944516
5.7567055 2.5542047 0.56266588
5.7531197 2.5572916 0.5610714
5.755954 2.5580894 0.5622407
5.7505577 2.557609 0.55825138
5.7509002 2.5570364 0.5612466
5.7458866 2.5551874 0.55788477
5.7518895 2.5567588 0.56589404
5.7545078 2.5578069 0.56527445
5.7609313 2.5568979 0.57121019
5.7606012 2.5568695 0.5669742
1.2848552 1.8045271 2.1818915
1.2847587 1.8069641 2.1824519
1.2866335 1.8083242 2.1829053
1.2865123 1.8102067 2.1825703
1.2872385 1.8097171 2.1823123
1.2856604 1.8056067 2.1797421
1.2860209 1.8062328 2.180461
1.287235 1.8045357 2.1801567
1.4971 1.39555 0.50058
3.339843 2.0772932 3.9751796
3.338537 2.0780745 3.9752774
3.3352217 2.0777202 3.9742962
3.3340544 2.076871 3.9775046
3.3360158 2.0776947 3.9794923
2.3971 2.6281 1.09426
3.3351075 2.08089 3.9772648
3.3347462 2.0770963 3.9767978
3.3368407 2.0780062 3.9818695
5.5767503 1.2157508 2.5328246
5.5814943 1.2178501 2.5274513
5.5804394 1.214404 2.5315545
5.5781782 1.2179255 2.5290742
5.576477 1.2162876 2.5323055
5.5729837 1.2172418 2.5326111
5.5753837 1.2191351 2.5354459
5.5750746 1.2197001 2.5333004
5.5734333 1.2198966 2.5347089
5.5734402 1.2170481 2.5317996
5.5721714 1.2132032 2.5351192
5.5746969 1.2135122 2.5318636
5.5751649 1.2145763 2.5337503
5.5739555 1.2172984 2.5342617
5.5762908 1.2205405 2.5347942
5.5743179 1.2207101 2.534055
5.5761018 1.2204883 2.5309019
3.7758253 1.0439831 2.2906693
3.7754886 1.0434688 2.2912773
3.775521 1.046566 2.290207
3.7779957 1.0443896 2.2869113
3.7766936 1.0454056 2.2851348
3.7777794 1.0446272 2.2872816
3.7788536 1.0440877 2.286619
3.782335 1.0445682 2.2870756
3.7816653 1.0442995 2.2863664
3.7789549 1.0418281 2.2882019
3.7775881 1.0410591 2.2893053
3.7758863 1.0403801 2.2929337
3.7730208 1.0411967 2.2914732
3.7708218 1.0415417 2.2913691
3.774724 1.0397808 2.2860211
3.7761796 1.0412145 2.2864487
3.7794511 1.040965 2.2867502
3.7785894 1.0446851 2.2888569
3.7790172 1.0457341 2.2891261
3.7786748 1.0464574 2.2883572
5.2606685 1.9144207 1.4541782
5.2612084 1.9181272 1.4530293
5.2600903 1.9213731 1.4540297
3.52744 0.35889 5.91701
5.2598368 1.921216 1.4552566
5.2587204 1.9208357 1.4517546
5.2580009 1.9179139 1.4551795
5.2574669 1.9185491 1.4521465
5.2584349 1.9176891 1.4541764
5.2585397 1.9196136 1.4524154
4.41895 2.25306 3.42283
5.2611275 1.9207283 1.4535695
5.2603925 1.9200069 1.4530342
0.58197 1.57858 4.45661
1.74217 0.73402 1.90198
3.1208784 1.0346083 5.8845942
3.121858 1.0332304 5.8844248
3.1222692 1.0356714 5.8850014
3.1213369 1.0346369 5.8862364
3.1212415 1.0375459 5.8852485
3.1227905 1.0355825 5.8865967
3.32539 3.1019 6.11975
3.1208372 1.0373044 5.8868328
3.1209585 1.036944 5.8861144
3.1228629 1.0363525 5.883767
3.9298562 2.5112868 0.19555257
3.9306032 2.514134 0.19685135
3.9287972 2.5139256 0.19834174
3.9275734 2.5146684 0.19614123
3.9270237 2.5131109 0.19491969
3.9305049 2.5134682 0.19785029
4.6531514 2.5573941 4.6029773
4.6550411 2.5564357 4.6043932
4.6553279 2.5565644 4.604943
4.6574484 2.5569728 4.6084258
4.6552105 2.5560334 4.6079223
4.6552365 2.5571469 4.6100758
5.7751073 1.4775137 4.4687629
5.7751531 1.4793361 4.4677464
5.7741363 1.4801872 4.4672154
5.7755743 1.478566 4.4661434
5.7750979 1.4765421 4.466608
1.69756 0.89322 3.04391
5.7710294 1.4792687 4.4638203
5.7708554 1.4808427 4.4628998
5.7719717 1.4824452 4.4669359
5.7738574 1.4798466 4.4683573
5.7744004 1.4800012 4.4711671
1.1458686 0.62064843 1.5469886
1.147989 0.61802163 1.5447467
1.148082 0.61739966 1.5445676
1.1488632 0.61961238 1.5458459
1.1450536 0.6189101 1.5489569
1.1435922 0.62059721 1.5517127
1.1426951 0.62153083 1.5513307
1.1436342 0.62268486 1.54875
1.1443921 0.62487449 1.5467349
0.37769 2.14304 6.03667
5.7450858 2.5597927 0.55373255
5.743033 2.5597585 0.55199744
5.749262 2.5600512 0.55598971
3.65068 1.92351 5.54464
5.7552442 2.5568469 0.56153805
5.7569873 2.5554713 0.56197598
5.7511457 2.555765 0.55891483
5.7570791 2.5577973 0.56414159
5.7512132 2.5575129 0.56103122
5.7549693 2.5579197 0.56781079
5.7501243 2.556679 0.56226725
5.7549735 2.5597777 0.5701005
5.7579294 2.5597632 0.56831588
5.759618 2.5567618 0.56757978
5.7594481 2.5536372 0.56362576
1.2858589 1.8074848 2.1826798
1.2855377 1.8070743 2.1830297
1.2868645 1.8050123 2.1834851
1.2862774 1.8058738 2.1830812
1.2863618 1.806845 2.1816147
1.2849343 1.8072725 2.1795831
1.2884918 1.8094542 2.1822727
1.2879937 1.8078351 2.1798101
1.2887994 1.8094356 2.1807293
1.2886233 1.8074702 2.1775697
3.3354559 2.0789565 3.9746336
3.335253 2.0794052 3.9741218
3.3362403 2.0788978 3.9780615
3.3366636 2.0798153 3.9792486
3.3361762 2.0772335 3.9771553
3.3358316 2.0782713 3.9767057
3.335588 2.075464 3.9758374
5.5773327 1.217964 2.5318703
5.5776936 1.2166344 2.5331018
5.5799515 1.2184086 2.5304753
5.5805239 1.2181968 2.5323976
5.5794091 1.2190344 2.5299154
5.5762961 1.2181623 2.5333027
5.5720406 1.2177773 2.5342954
5.5723609 1.2173499 2.5366544
5.572496 1.219023 2.5332614
5.5721837 1.2203371 2.5327334
5.574757 1.2173086 2.5294198
5.574185 1.2154546 2.5345364
5.5743489 1.2128313 2.5337992
5.5746432 1.2145089 2.5357913
5.5728836 1.2160899 2.5346729
5.5735349 1.2208698 2.5336803
5.5716406 1.2201141 2.5322677
2.81972 0.97018 4.57194
3.778656 1.0426525 2.2892111
3.778942 1.0436694 2.2893246
3.7784257 1.0472507 2.2884694
3.7784699 1.047518 2.286653
3.7770995 1.045598 2.2855866
3.7772643 1.0435625 2.2869001
3.7779394 1.0416641 2.2862139
3.7786094 1.0422731 2.286453
3.7805348 1.0409333 2.2856782
3.7804999 1.0382812 2.2885113
3.7754801 1.0402357 2.2926856
3.7715304 1.0391207 2.2963912
3.7709091 1.0419649 2.2945009
3.7730909 1.0421678 2.2905211
3.7764692 1.0413424 2.287124
3.7756496 1.0411821 2.2870725
3.7765571 1.0397369 2.290121
3.7762251 1.0427591 2.2899917
3.7777754 1.0438045 2.2880595
3.7782651 1.0450921 2.2856715
5.2618963 1.9142335 1.4571032
5.2638256 1.916956 1.4548816
5.2635846 1.9196068 1.4546173
5.2636852 1.9210343 1.4542413
5.2601427 1.9194291 1.4576764
5.2595247 1.9202942 1.4558794
5.2603763 1.919757 1.4565605
5.2588734 1.9220101 1.4540095
5.2606595 1.9187984 1.4548392
5.2590239 1.9201335 1.4557829
5.2589799 1.9188699 1.4553048
5.2601918 1.9194112 1.4562542
5.2592789 1.9198556 1.4546576
3.1190463 1.0359031 5.8856271
3.1204701 1.0354394 5.8847447
3.121989 1.0349938 5.8853841
3.1210798 1.0326101 5.886848
3.1201498 1.0358443 5.8881252
3.1205949 1.0359414 5.8881707
3.1190391 1.0385664 5.8858837
3.1211032 1.034662 5.8870196
3.1200197 1.0355759 5.8837182
3.1219545 1.0339631 5.8868449
3.120319 1.0333931 5.8844466
3.122191 1.0320134 5.8835348
3.1260533 1.0340087 5.8815742
3.1265887 1.0365266 5.880276
3.922377 2.513612 0.19106024
3.9244414 2.5151081 0.1923945
3.9240717 2.5142943 0.19184583
3.9277234 2.5142383 0.19484112
4.6582856 2.5575818 4.6084078
4.6572178 2.5549668 4.6082316
4.6547402 2.5560318 4.6034332
4.6517159 2.5577234 4.603521
4.651613 2.5590005 4.6068012
4.6537882 2.5570328 4.6117916
5.7722206 1.4809513 4.4678173
5.7745204 1.4815789 4.4670445
5.7760371 1.4811101 4.465385
5.7764147 1.4807949 4.4665731
5.7759444 1.4800879 4.4652437
5.7752927 1.4789314 4.4623862
5.7730837 1.4796931 4.4614462
5.7700694 1.477258 4.4615942
5.7715425 1.4790627 4.4668412
5.7716739 1.4788528 4.4688143
1.1471163 0.62424241 1.5461054
1.1424704 0.62263158 1.549778
1.1451331 0.62018515 1.550514
1.1434251 0.61838818 1.5501729
1.1491782 0.61888367 1.5455242
1.1466039 0.61838102 1.5475521
1.1453905 0.62187119 1.5494478
1.1459712 0.62324206 1.5481969
1.1463243 0.62455994 1.545957
1.1475251 0.62304945 1.5447095
5.7478276 2.5609319 0.5546372
5.7473794 2.5615346 0.55418057
5.741802 2.5593226 0.55009784
2.73598 0.7055 1.19398
5.7498513 2.5576195 0.55827701
5.7512818 2.5571405 0.56027981
5.7511921 2.5571448 0.55858789
5.7449617 2.5589844 0.55555091
5.7491805 2.5616609 0.55939855
5.7497562 2.5597774 0.56200421
5.754091 2.5582723 0.56550672
5.7519917 2.5562137 0.5628245
5.7525085 2.5578941 0.56502238
5.7573929 2.5581637 0.56629529
5.7602175 2.5557665 0.56883852
5.7638604 2.5531177 0.56888896
1.2884727 1.8083641 2.1809943
1.2887723 1.8092619 2.1813343
1.2904435 1.8068921 2.1819416
1.2870547 1.8075542 2.1831704
1.2872362 1.8066583 2.1823709
1.2865524 1.8075337 2.1818101
1.2901443 1.8067896 2.1827791
1.2897338 1.8055597 2.183492
1.2876542 1.8074575 2.1803818
1.2865351 1.808443 2.1779369
1.2865932 1.8107582 2.1781459
3.3360194 2.0800085 3.9747217
3.3357487 2.0782096 3.9764256
3.3361683 2.0785118 3.9774028
3.3373361 2.0783442 3.9769839
5.5704785 1.2182738 2.5369944
5.49546 1.39364 3.50844
5.5730672 1.2166259 2.5351531
5.5760031 1.2158578 2.5337418
5.5759813 1.2168694 2.5333947
5.577258 1.2186987 2.5335148
5.5757417 1.2173409 2.5309902
5.5761556 1.2189332 2.5304939
5.5735391 1.2183964 2.532922
5.5721655 1.2213539 2.5357056
5.5704457 1.2191985 2.5356733
5.5721112 1.2178334 2.5317466
5.5706041 1.2147229 2.532188
5.5730945 1.2156783 2.5344923
5.57359 1.2122002 2.5327511
5.5767388 1.2140874 2.5313258
5.5760104 1.2144784 2.5296404
5.5758487 1.2196921 2.5292063
5.5730265 1.2185818 2.5314729
5.5717065 1.2191416 2.5333149
3.7781733 1.0402803 2.2889037
3.778852 1.040412 2.2872247
3.7790237 1.0428322 2.2890898
3.7790888 1.0449019 2.2869677
3.78039 1.0437299 2.2877378
3.7783788 1.0431599 2.2853878
3.7813029 1.0393838 2.2844651
3.7822342 1.0414732 2.2831033
3.7830672 1.0411661 2.2835589
3.7812161 1.0396598 2.2861781
3.7773743 1.0384529 2.2879297
3.7753976 1.0378977 2.2909618
3.7723888 1.0411551 2.2906657
3.7742277 1.0406604 2.2880269
3.775682 1.0397867 2.2873589
3.7786956 1.0407173 2.284751
3.7782019 1.0404603 2.2865153
3.7775112 1.041925 2.2874052
3.7768204 1.042289 2.2879778
3.7783922 1.0435899 2.2853102
5.2599201 1.9146051 1.4526811
5.2610408 1.9170406 1.4536079
5.2624719 1.9190259 1.4560711
5.2626707 1.9196812 1.4561626
5.2613493 1.9188027 1.4559172
5.2610145 1.916083 1.4558896
5.2618314 1.9169288 1.4541973
5.2602969 1.9192407 1.4553617
5.261774 1.9192972 1.4556335
5.2602313 1.9201345 1.456495
5.2607414 1.9187146 1.4570608
5.260655 1.9201359 1.4551382
1.39795 0.48526 5.8106
3.1208535 1.0363252 5.8867247
3.1213752 1.0337863 5.8844135
3.1224369 1.0323253 5.883385
3.124542 1.0324523 5.8853314
3.1224507 1.0366108 5.8876242
3.1237889 1.0382297 5.8877686
3.1192167 1.0384108 5.8871806
3.1242861 1.0347014 5.8853
3.122641 1.0341729 5.8843116
3.1266679 1.032733 5.8843984
3.124762 1.0329453 5.883848
3.1252969 1.0329199 5.8832742
3.1271572 1.035196 5.8809651
3.1245207 1.0369653 5.8816433
3.1247984 1.0371845 5.8835548
1.38027 1.86846 0.11643
3.1218369 1.0344302 5.8893041
3.1229483 1.0360145 5.8886088
3.1199276 1.0335872 5.888156
4.654891 2.5570443 4.6055491
4.6507846 2.5589036 4.5999914
4.6476428 2.5590329 4.6004363
4.6478955 2.559937 4.6002347
4.652389 2.5598914 4.6093034
5.7722699 1.4804463 4.467392
5.7720199 1.482094 4.4679013
5.7721257 1.4803785 4.4646378
5.7729366 1.4793478 4.4665499
5.7738964 1.4780873 4.46549
5.7740948 1.4793729 4.4634216
5.7732327 1.4797618 4.4614728
5.7707242 1.4787061 4.4611883
5.7734629 1.4773383 4.4634098
0.0451 1.33447 3.51917
1.1448873 0.62161799 1.5456702
1.1410188 0.62028292 1.5484997
1.1427005 0.6196217 1.5489232
1.1414161 0.62001675 1.5500046
1.145555 0.62166073 1.5466204
1.1454993 0.62209444 1.5480281
1.1455737 0.62381131 1.5491886
1.1466917 0.62113496 1.5497555
1.1481026 0.62465648 1.5483354
1.1484392 0.62315476 1.5457741
5.7473777 2.5599715 0.55280042
5.7482969 2.5601176 0.55413141
5.7473151 2.5569712 0.55454564
5.751622 2.55832 0.5610523
5.7515154 2.5563318 0.56171599
5.7540259 2.5591509 0.56301085
5.7549621 2.5599052 0.5612596
5.7518666 2.560379 0.56094884
5.7514134 2.5596011 0.5619222
5.7495368 2.5587936 0.56294341
5.7492455 2.5583808 0.56165466
5.7542192 2.5581275 0.56313925
5.7551423 2.5598355 0.5648024
5.7563457 2.5609818 0.56422618
5.7559905 2.5596516 0.56531082
5.755168 2.5569147 0.56343418
1.2907206 1.8073726 2.1809852
1.2896039 1.809053 2.1821614
1.2891124 1.8066853 2.1814389
1.2870041 1.806814 2.1800459
1.2878257 1.805366 2.1782936
1.2894002 1.8068855 2.1813801
1.2902373 1.8074837 2.1823268
1.2897911 1.8070678 2.1858312
1.2865346 1.8080354 2.1822191
1.2866877 1.80998 2.1827585
1.2866955 1.8103909 2.1801629
1.2885911 1.8097491 2.1820334
1.28849 1.8100734 2.1824182
5.5746748 1.2123054 2.5328623
5.3045 2.2187 0.02849
5.5719943 1.2161642 2.5356732
5.5721798 1.2169131 2.5381175
5.571565 1.2184953 2.5374277
5.5738436 1.2173184 2.5358868
5.5731023 1.2182633 2.5343371
5.5766941 1.2200078 2.531582
5.5758633 1.2196695 2.5302645
5.5750633 1.2207204 2.5307593
5.5712713 1.2171501 2.5364617
5.5731753 1.2185699 2.5364794
5.5713048 1.2159187 2.5368908
5.5747645 1.2165696 2.5309436
5.5701002 1.2156911 2.5324131
5.5736593 1.2176046 2.5317441
5.5723059 1.2156035 2.5332417
5.5779132 1.2161263 2.5310707
5.5786173 1.2156388 2.5291895
5.5791046 1.2192307 2.5289792
5.5746101 1.21853 2.5309374
5.5728288 1.2172985 2.5321916
3.7764486 1.0403724 2.2881137
3.7756299 1.0412943 2.2897539
3.7766885 1.0432841 2.2921484
3.7783792 1.0464072 2.2860662
3.7814318 1.0445446 2.2857692
3.7787759 1.0422718 2.2863307
3.7803886 1.0384553 2.2870911
3.7799178 1.040393 2.2866405
3.7819565 1.0398838 2.2840987
3.7778544 1.0402206 2.2867204
3.7738513 1.0383524 2.2869443
3.7707815 1.0386832 2.2899424
3.7707816 1.0396501 2.2879184
3.7759824 1.0403765 2.2886645
3.7774963 1.0394049 2.2886796
3.7802287 1.0413709 2.2870872
3.7776968 1.0394768 2.2866742
3.7800777 1.0423536 2.2852713
3.7788444 1.0418708 2.2856957
3.7792371 1.0433414 2.2880723
5.2593087 1.9159314 1.4540203
5.2608363 1.917613 1.4522871
5.262224 1.9201705 1.4542105
5.2606459 1.9198692 1.4543725
5.2600762 1.9195083 1.4571208
5.2607497 1.9173388 1.4579291
5.2623922 1.9202569 1.456257
5.262674 1.9199313 1.4552874
5.2644954 1.9190896 1.4572204
5.262632 1.9190868 1.4564419
5.2631769 1.9193214 1.4590573
3.1215282 1.0369384 5.8904301
3.1207162 1.0385745 5.8892183
3.1231342 1.037932 5.8872749
3.1250422 1.0362894 5.8836552
3.1242239 1.0358951 5.8833917
3.1244907 1.0349504 5.886644
3.1227263 1.0364597 5.8866028
3.1252109 1.0380789 5.8869364
3.120627 1.0363513 5.8879725
3.1228458 1.0368327 5.8871864
3.1194078 1.0345381 5.8892119
3.1223695 1.0339123 5.8855769
3.1222131 1.0322733 5.884063
3.1216597 1.0325601 5.8836954
3.1241613 1.0343059 5.8819043
3.1229662 1.0361341 5.8831631
3.1228834 1.0373157 5.8841136
3.1234114 1.0381383 5.8874588
3.1222822 1.0355837 5.8907039
3.1229705 1.0365398 5.8900662
3.1214087 1.0344951 5.8884578
1.09912 0.78825 1.3675
2.64694 2.29202 3.89312
4.6521291 2.5567819 4.6015751
4.651634 2.5591001 4.602158
1.41674 0.96547 0.31916
5.03731 1.293 2.30842
5.7740699 1.4812768 4.4690073
5.7742299 1.4800145 4.4671505
5.7748619 1.4810263 4.4669221
4.70945 0.52757 5.30208
5.7733784 1.4816388 4.4642501
5.7731188 1.4792676 4.4622047
4.9523 1.58525 5.40137
1.144188 0.62272608 1.5475699
1.1478139 0.62166237 1.5420675
1.1440043 0.62030688 1.5467845
1.1440662 0.62107755 1.5483485
1.1392254 0.62052714 1.5542857
1.1407124 0.62185988 1.5534954
1.1434073 0.62115979 1.5490985
1.1434248 0.62020953 1.5506849
1.142835 0.62325914 1.5531199
1.1419982 0.62180817 1.5547131
1.1465378 0.6249503 1.5505084
1.1460322 0.6214955 1.5495024
5.7556569 2.5601105 0.55866983
5.7527069 2.5614179 0.55881313
5.7473727 2.5580977 0.55591175
5.7477293 2.5580271 0.55913597
5.7452081 2.5564341 0.55632494
5.7484602 2.5599119 0.55856879
5.7490934 2.560468 0.55719394
5.7470891 2.5616417 0.55607086
5.7422029 2.5604527 0.55368551
5.742057 2.5577273 0.55304444
5.74464 2.5547003 0.55596748
5.7484875 2.5527398 0.55767809
5.7486725 2.5551758 0.55764337
5.7491679 2.5569477 0.55833617
5.7528347 2.5598724 0.56196303
5.7545623 2.560564 0.56638214
1.2904129 1.8089235 2.1807562
1.2888153 1.8109632 2.1815416
1.2885183 1.8118639 2.1811205
1.2895589 1.8089884 2.1801476
1.2896343 1.8080836 2.1813604
1.2918142 1.804249 2.1827224
1.2901629 1.805473 2.1850196
1.2900399 1.8059333 2.1863827
1.2872417 1.8076957 2.1841322
1.2864275 1.8068304 2.184056
1.2873925 1.8071768 2.1823261
1.2877194 1.8075328 2.1837849
1.2869738 1.8087819 2.1832252
5.5746713 1.2204235 2.5310236
5.5719936 1.2179747 2.532458
5.5692541 1.2180549 2.5345704
5.5709953 1.2169348 2.5349067
5.5712157 1.2177185 2.5359802
5.5740887 1.2161307 2.536091
5.5733929 1.2181238 2.5348963
5.5754072 1.2211629 2.5323727
5.575478 1.2205359 2.5318422
4.73631 1.35676 5.64315
5.5749756 1.2172046 2.5341324
5.5767389 1.2182728 2.533222
5.5747779 1.2181443 2.5341702
4.05664 2.28234 0.33024
5.57071 1.2190121 2.5319218
5.5733514 1.2198646 2.5286315
0.81241 1.51914 5.90899
5.5764239 1.2182581 2.5284528
5.5760898 1.2178513 2.5282168
5.5767345 1.2206995 2.5267151
5.5744486 1.2202741 2.5280985
3.7778274 1.0425956 2.2841395
3.7768738 1.0408041 2.2893511
3.7755102 1.0403005 2.2905551
3.7786145 1.0416901 2.2919468
3.7820607 1.0446363 2.2869041
3.7823741 1.0430483 2.2853528
3.7822657 1.0413664 2.2849794
3.781618 1.0382645 2.2856466
3.7806362 1.0396755 2.2874228
3.7786172 1.0411832 2.2842716
3.7755055 1.0428135 2.2861531
3.7739684 1.0402188 2.283946
3.7733577 1.0401968 2.2864998
3.7727306 1.0414657 2.2862967
0.64092 2.92216 3.09179
3.7765081 1.040538 2.2889498
3.7800436 1.0416762 2.2882951
3.7750854 1.0398263 2.2866284
3.775565 1.0425787 2.2877733
3.7759676 1.0391784 2.287331
3.7794044 1.0397411 2.2896566
5.2574037 1.9171178 1.4506702
5.258834 1.9191164 1.4504296
5.2607945 1.9218819 1.453458
5.2601561 1.9200823 1.4528416
5.259567 1.9191696 1.4551991
5.261477 1.917579 1.4548962
5.26157 1.919058 1.4549297
5.2615008 1.9200727 1.4553136
5.2632724 1.9198858 1.4568916
5.2632992 1.9191617 1.4561831
3.1200071 1.0357485 5.8880135
3.1216311 1.0380521 5.890018
3.1221947 1.0409215 5.8873455
3.1233849 1.0393611 5.8865006
3.1236071 1.0359174 5.8845033
3.1248079 1.033953 5.8837884
3.1250326 1.0344669 5.886092
3.1270696 1.0362843 5.884539
3.1262545 1.0378255 5.8860324
3.1245213 1.0352983 5.8858827
3.1223382 1.0356043 5.8880204
3.123167 1.0334735 5.8884842
3.1240704 1.0371649 5.8862807
3.1223797 1.0346025 5.8864622
3.1219652 1.0361775 5.8861403
3.1214833 1.0361308 5.8854866
3.1205213 1.0373168 5.8856284
3.1197197 1.0365434 5.8852182
3.1212219 1.0365669 5.8865428
3.1224014 1.0351745 5.8862585
3.1222899 1.0363722 5.8869835
3.1213748 1.0344622 5.8858349
3.122331 1.036732 5.8856988
3.1211226 1.0333584 5.8864672
3.121109 1.0333082 5.8852209
4.6563156 2.5612774 4.6051068
4.6618404 2.5621282 4.6118304
0.26952 1.19743 2.63677
5.7762461 1.4783659 4.4667317
5.772339 1.4785563 4.4682077
5.7724266 1.477954 4.467224
5.7692885 1.4799145 4.467292
5.7723468 1.4811626 4.4656757
1.1453553 0.62291278 1.547993
1.1469232 0.62388374 1.5446267
1.1415431 0.62527265 1.548527
1.1458767 0.62383964 1.5466176
1.1404812 0.62076172 1.5516056
1.1424526 0.6206514 1.5531154
1.1436027 0.62147834 1.5504317
1.1417264 0.62172876 1.5527433
1.1449016 0.62221506 1.5488812
1.1407057 0.62231435 1.5546021
1.1432184 0.6263265 1.5526588
1.1381524 0.62312069 1.5570548
1.1398917 0.62638731 1.5523762
5.14444 1.36559 5.91866
5.7504818 2.5569468 0.55623975
5.7504265 2.5581158 0.55702723
5.7476425 2.5556714 0.55321784
5.7490529 2.5587423 0.55709242
3.40131 2.58348 1.43517
5.7566432 2.5613208 0.56543533
5.7587599 2.5634061 0.56626113
5.7546797 2.5631956 0.56104644
5.7470689 2.5603384 0.55588961
5.743208 2.5572377 0.5506195
5.7437933 2.5554874 0.55309924
5.7442569 2.5544693 0.55483396
5.7451206 2.5575892 0.5557003
5.7466529 2.55962 0.55804058
5.7521465 2.5624995 0.56132428
1.2920941 1.8070864 2.1799607
1.2916129 1.8081474 2.1786211
1.2876095 1.8060962 2.1783158
1.2870837 1.8092214 2.179933
1.2889016 1.8035797 2.1792167
1.2898383 1.8069104 2.1823457
1.2907018 1.8040673 2.181034
1.288084 1.8086622 2.1835264
1.2875955 1.8065456 2.1839622
1.2883201 1.806537 2.1851255
1.2868817 1.8045634 2.1828678
1.2881246 1.8054305 2.1815431
1.2872481 1.8052536 2.1814678
1.2881568 1.8078455 2.1821842
5.571598 1.2174215 2.5333497
5.5728391 1.2157297 2.5310937
5.5726172 1.2169804 2.5323028
5.5739373 1.2167701 2.532641
5.572991 1.2181417 2.5354536
5.5735103 1.2164315 2.5349207
5.5731937 1.2169826 2.5332488
5.5764931 1.2197628 2.5306794
5.5779887 1.22153 2.5297599
5.5768923 1.221405 2.5313829
5.5756529 1.217181 2.5349503
5.5757523 1.2171523 2.5333462
5.5759359 1.2179613 2.5341701
5.5747353 1.2173193 2.5326854
5.5724122 1.2180689 2.5313277
5.5722018 1.2182308 2.5296205
5.5723644 1.2157572 2.5318444
5.5734554 1.2185727 2.5306591
5.5749068 1.2176291 2.5306714
5.576197 1.2212206 2.5271845
5.576142 1.2198203 2.5270476
3.7777556 1.0460469 2.2826474
3.7779315 1.0449197 2.2868205
3.7755684 1.0431196 2.2902834
3.7761358 1.0438233 2.2933342
3.7799336 1.0449187 2.2883864
3.7797411 1.0441743 2.2870039
3.7811515 1.0430367 2.2860211
3.7757327 1.0401679 2.2882109
3.7754408 1.0411787 2.289807
3.7736091 1.0416203 2.2870857
3.7726689 1.0422797 2.2872939
3.7725476 1.0415559 2.2854752
3.7735958 1.0415727 2.285721
3.7754629 1.0450055 2.2863579
3.7780809 1.0450959 2.2863811
3.7760878 1.0439275 2.2906181
3.7762678 1.0420532 2.2907713
3.7749591 1.0405145 2.2855431
3.7773989 1.0425462 2.2851829
3.7779724 1.040665 2.2834076
3.7796989 1.0415518 2.2859096
5.2613292 1.9176737 1.4536928
5.2613875 1.9195539 1.4529395
5.2615024 1.9221338 1.452925
5.2610616 1.921089 1.4546609
5.2605219 1.9185724 1.455996
5.2613875 1.9179138 1.4574171
5.2602319 1.9194186 1.4553787
5.2610296 1.9203956 1.4560417
5.2636433 1.9203361 1.4548877
5.2628765 1.9198259 1.4571876
3.1234428 1.0338985 5.8894365
3.1231671 1.0349242 5.8909321
3.1237225 1.0365982 5.8869701
3.1245063 1.0374323 5.8864318
3.1226385 1.0369865 5.8843519
3.1235719 1.0374765 5.8845965
3.1228343 1.037002 5.8852346
3.1260525 1.0364861 5.8840866
3.1225344 1.0343418 5.8858896
3.1231351 1.0341377 5.8845431
3.1192791 1.034693 5.8881505
3.121505 1.0356711 5.8865992
3.1210807 1.0384642 5.887529
3.1216338 1.0348917 5.8883221
3.1252564 1.0392165 5.8854342
3.12092 1.034189 5.8874638
3.1210147 1.036522 5.8857687
3.1175272 1.0331006 5.8875994
3.1177852 1.0344779 5.8890862
3.1201945 1.0330749 5.8878361
3.1209686 1.0351537 5.8886882
3.1215405 1.0339315 5.8857151
3.1240025 1.0354413 5.8836884
3.1218389 1.0329638 5.8840631
3.1214977 1.034818 5.8839338
3.1198321 1.0359936 5.8844593
3.1206118 1.0376194 5.8822525
5.7756366 1.4786208 4.4680686
5.7770671 1.4777823 4.4694698
4.57833 1.13296 1.79733
5.7747739 1.4777638 4.4698557
1.1402974 0.62318801 1.5577566
1.1420182 0.62265968 1.5542074
1.1439209 0.62494098 1.5497305
1.1472506 0.62492966 1.5453824
1.143071 0.62376937 1.548418
1.14375 0.62103349 1.5519674
1.1448004 0.62087669 1.5501476
1.1443784 0.62329914 1.5539727
1.145996 0.62383941 1.549902
1.1391449 0.62290752 1.5559945
1.1491622 0.62290147 1.5468443
1.1444364 0.62015136 1.5515348
1.1458975 0.62406844 1.5513193
1.1400376 0.62266892 1.5551601
1.1364721 0.62455342 1.5551327
1.1360854 0.62398515 1.5579848
1.1370966 0.62412199 1.5560403
5.7522608 2.5582106 0.55886372
5.7473457 2.5560987 0.55373276
5.7497994 2.5579516 0.55715861
5.7496341 2.5600207 0.55617627
5.7556431 2.5627394 0.56114177
5.7560189 2.5652222 0.56521048
5.7519619 2.5652458 0.56011345
5.7409727 2.5621661 0.55168029
5.7412088 2.5582055 0.55211749
5.7433767 2.5534406 0.55595839
5.7463706 2.5527661 0.56041114
5.7449971 2.5547188 0.55653687
5.7457984 2.5578538 0.5564361
5.7478999 2.5587975 0.55628174
1.2903107 1.8077908 2.1799656
1.2910888 1.8080178 2.1777452
1.2889461 1.8061874 2.1764816
1.288716 1.806533 2.1768937
1.2905382 1.8033544 2.1785478
1.2892999 1.8074001 2.1825597
1.2881039 1.8060755 2.1819092
1.2865636 1.8107974 2.1816014
1.2871004 1.8088415 2.181605
1.289072 1.8088728 2.181294
1.2881805 1.8043606 2.1822847
1.2890548 1.8054876 2.1818856
1.2870341 1.8056098 2.1818188
1.2872392 1.8066696 2.1820635
1.2868424 1.8063931 2.1816544
5.5729652 1.2203475 2.529627
3.2295 1.11667 3.64198
5.5744959 1.2166419 2.5298708
5.5751277 1.217003 2.5331733
5.5772862 1.2138661 2.5330678
5.5753012 1.2171092 2.5318799
5.5777438 1.2193667 2.5307208
5.5735738 1.2217715 2.53142
2.1184 1.05847 5.40383
5.5728128 1.2174522 2.5306473
5.5752474 1.2186796 2.5274344
5.5762155 1.2208519 2.5287468
5.574874 1.2205727 2.5296422
4.03466 2.08047 1.25553
5.5735241 1.2210863 2.5295125
5.5715488 1.218958 2.5320498
5.570199 1.2206905 2.5314842
5.5699355 1.2169667 2.5322073
5.5727927 1.219695 2.5266526
5.5746239 1.2190098 2.5271667
3.7787257 1.0457968 2.2854511
5.94446 1.478 1.84376
0.24547 2.28249 3.40238
2.53803 2.63085 1.9642
3.7779679 1.0433398 2.2858486
3.7776423 1.0427615 2.2860414
3.7815762 1.0432975 2.2838606
3.7760598 1.0423948 2.2886406
3.7783965 1.0425397 2.2898112
3.7749208 1.0419902 2.2895294
3.7766516 1.0423766 2.2879379
3.7762985 1.0443311 2.2870683
3.7758684 1.0432181 2.2845332
3.7772103 1.0453349 2.2878528
3.776975 1.0446073 2.2874889
3.7761806 1.0449389 2.2895992
3.7744437 1.0419002 2.289026
3.7727001 1.0405922 2.2867987
3.773428 1.0406901 2.2871652
3.7773242 1.0405909 2.2834838
3.777745 1.0396366 2.2857254
4.58068 1.2896 5.45274
5.2614319 1.9202064 1.4530636
5.2610672 1.9201006 1.4522333
5.2638455 1.9179551 1.4570075
5.2618405 1.9184637 1.4556127
5.2620917 1.9180962 1.4576669
5.2604244 1.9196218 1.4533198
5.2601274 1.9202131 1.455544
5.2614788 1.9202581 1.4532031
3.1184392 1.034372 5.8922294
3.1231249 1.0342445 5.8872518
3.1234397 1.0354335 5.8877809
3.1259831 1.0364881 5.8826362
3.1231807 1.0373219 5.8850221
3.1223631 1.0365772 5.885019
3.1232774 1.0372998 5.8876484
3.1246614 1.0367998 5.8860905
3.1239747 1.0376584 5.8875423
3.1203413 1.0350361 5.8893345
3.120247 1.0359632 5.8880684
3.1183295 1.034022 5.8899729
3.1216488 1.0354895 5.8869265
3.1205085 1.0379399 5.8876104
3.1210307 1.0374006 5.8895689
3.1241114 1.0406314 5.8849409
3.1222649 1.0369908 5.8882365
3.1230875 1.0376648 5.8849438
3.1186195 1.032899 5.8864208
3.1195174 1.0326155 5.885991
3.1190471 1.0307322 5.8837191
3.1209356 1.0319542 5.8848332
3.1200884 1.0326737 5.8837237
3.1222806 1.0345555 5.8848171
3.1179463 1.0334766 5.8859239
3.1184683 1.0340088 5.8861858
3.118674 1.0330931 5.8843088
3.121985 1.0348994 5.8827289
3.1237945 1.0347392 5.8808224
1.1458786 0.62660515 1.5488661
1.1451101 0.62572716 1.5503859
1.1448218 0.62585934 1.5524675
1.1409618 0.62299366 1.5546674
1.1444982 0.62354457 1.5510038
1.1429174 0.62372853 1.5519705
1.1444395 0.6242017 1.5498494
3.79628 0.85174 1.6292
1.1414429 0.62662016 1.5536993
5.23753 1.25897 5.65166
1.1421952 0.62298823 1.5584362
1.1466485 0.62225071 1.5523847
1.1402919 0.6207289 1.5561932
2.22473 0.92087 6.13043
1.1419468 0.62201623 1.5542214
1.1433098 0.62504847 1.5528568
1.1402551 0.62529363 1.551359
1.1351265 0.62332735 1.5524282
1.1378469 0.62322513 1.5542606
1.141018 0.62416722 1.552871
5.7517368 2.5545356 0.55727292
5.7500158 2.5554999 0.55355057
5.7533838 2.556304 0.55707017
5.755093 2.5588111 0.56139274
2.48549 1.69186 3.49568
5.7592835 2.5608495 0.56976652
5.7556271 2.5619716 0.56418076
5.7460714 2.5621508 0.55717381
5.7476693 2.5590738 0.55517734
5.7472042 2.5566608 0.55496054
5.7478751 2.5586826 0.55645332
5.7447667 2.5601563 0.5551458
5.747548 2.5626918 0.55837418
1.2890946 1.8084251 2.1808307
1.2903976 1.8074546 2.1800328
1.2893789 1.8054939 2.17671
1.2881963 1.8046385 2.1765419
1.2862358 1.8024035 2.1771186
1.2879124 1.8034692 2.1808055
4.46846 1.13624 5.51156
1.2850144 1.808722 2.1823051
1.2843677 1.8134199 2.1802279
1.2847447 1.8097269 2.1818683
1.2855527 1.8073255 2.1800963
1.2850115 1.8047182 2.1811574
1.2855076 1.8051224 2.1791328
1.2863202 1.8072352 2.1808605
1.287132 1.8078825 2.1798913
1.23058 1.99386 3.47656
5.5777905 1.2170581 2.5301207
5.5755095 1.2175312 2.5331174
5.5763399 1.2173587 2.5346258
5.5744932 1.2178797 2.5352867
5.5784924 1.2151238 2.5328453
5.5739952 1.2176628 2.5318573
5.5763253 1.2165 2.5310388
5.5716592 1.2215425 2.5316134
5.5743528 1.2194168 2.5298394
5.5731315 1.2213427 2.5303265
5.5729474 1.2193072 2.5286056
5.5750469 1.2195157 2.5298593
5.5728211 1.2183799 2.5320409
5.5758277 1.2169576 2.5324975
2.63307 1.01229 4.80159
5.5709825 1.2174801 2.5321806
5.572041 1.2188803 2.5315207
5.5732366 1.2155038 2.531898
5.5741064 1.2155749 2.5293298
5.5734752 1.2147742 2.5313361
3.7801979 1.0456916 2.2845603
3.7795057 1.043178 2.2839148
3.7773593 1.043044 2.2845472
3.7751828 1.0430328 2.2881896
3.7771686 1.0437778 2.2866883
3.77658 1.0417333 2.2886328
3.7808873 1.0426212 2.2843865
3.7752203 1.0421048 2.2870228
3.7773913 1.0425906 2.2883912
3.7749097 1.0423837 2.2884488
3.7789802 1.0406508 2.2844747
3.7784985 1.042307 2.2845954
3.7779662 1.0421485 2.2818173
3.7800034 1.0452761 2.2850172
3.7800778 1.0462398 2.2837792
3.7791189 1.0460232 2.2871465
3.7759628 1.0427987 2.2873778
3.7768963 1.042094 2.284198
3.7767261 1.0426804 2.2828372
3.7788574 1.0432751 2.2807882
3.7785982 1.0423901 2.2816952
5.2584164 1.9208528 1.4521185
5.2626256 1.9191746 1.4549078
5.2611563 1.9203406 1.4531928
5.2649175 1.9179275 1.4568785
5.2621499 1.9182988 1.4547635
5.2610398 1.9192539 1.4594711
5.2591331 1.9206124 1.4559307
5.2591052 1.9204078 1.4554455
3.1210799 1.0349293 5.8907149
3.1211053 1.0350359 5.8919643
3.1227483 1.0340734 5.8879606
3.1233356 1.0336472 5.8886962
3.1262741 1.0321406 5.8838086
3.1232837 1.0325041 5.8863054
3.1237097 1.0339999 5.8857792
3.1193789 1.0384358 5.8889564
3.1182358 1.0380661 5.8877716
3.1174741 1.0382601 5.8899912
3.1178976 1.0360695 5.8915295
3.118812 1.0342395 5.8904067
3.1187943 1.0338698 5.8896204
3.120118 1.033685 5.8869845
3.1188176 1.0366477 5.8862014
3.1227349 1.0369377 5.8876246
3.1256574 1.0369543 5.8855076
3.1249783 1.0368087 5.8870221
3.1237029 1.0350768 5.8842594
3.1213073 1.0325251 5.8848457
3.1222405 1.0315111 5.8848125
3.1192843 1.0319154 5.8849991
3.1215833 1.0331645 5.8857327
3.1201655 1.0334339 5.8850945
5.74472 1.22596 5.69669
3.1187384 1.035643 5.8874394
3.1194331 1.0376645 5.8886506
3.1208998 1.0359377 5.8868676
3.1230498 1.0358596 5.8858871
3.1241674 1.0344167 5.8826141
1.1451215 0.62664215 1.5494064
1.1436901 0.62569109 1.5508047
1.1459738 0.62504508 1.5512796
1.1418024 0.62130212 1.5580615
1.1454305 0.62371689 1.5525703
1.1416242 0.62375212 1.5552258
1.1435021 0.62454506 1.5488794
1.1416328 0.62256735 1.5490363
1.1418344 0.62163085 1.5489522
1.48238 1.54207 3.36462
1.1462456 0.62102502 1.5520386
1.1456911 0.62011668 1.5527735
1.1416123 0.62041422 1.5542505
1.140949 0.62094287 1.5535511
1.1452776 0.62264353 1.5499431
1.1424086 0.62166377 1.5522873
1.1453783 0.62079823 1.5487457
1.1416315 0.61898964 1.5491069
1.1405374 0.61977049 1.5514807
1.1391366 0.62202531 1.5543339
1.1390299 0.62413504 1.5566887
5.7490971 2.5578449 0.55641928
5.7515939 2.5571439 0.55816517
5.7497121 2.5584931 0.55785541
5.7560104 2.557528 0.56176814
5.753124 2.5610484 0.56415313
5.7535114 2.5608138 0.56325579
5.7459317 2.5598435 0.55915485
5.7467949 2.5574909 0.55698551
5.7460056 2.5576963 0.55598717
5.7504652 2.5595087 0.55880362
5.7484919 2.5615858 0.55762105
5.7507216 2.5605727 0.55998024
1.2859058 1.8085188 2.1821147
1.2890099 1.806661 2.1799797
1.2887281 1.8058808 2.1787307
1.2903326 1.8058588 2.1779371
1.2880647 1.80526 2.1796331
1.2872005 1.8042928 2.1803438
1.2853057 1.8051553 2.1807533
1.2862418 1.8060341 2.1802532
1.2881062 1.810452 2.1820329
1.2869573 1.8101393 2.1821287
1.2878496 1.8099097 2.1820463
1.2865024 1.8086126 2.1827061
1.2882742 1.8091074 2.1839201
1.2876739 1.8105809 2.1823786
1.2886631 1.8101872 2.1799275
1.2870803 1.8085266 2.1786285
1.2891927 1.8079157 2.178358
5.5730417 1.2169148 2.5313556
5.5768194 1.2181129 2.5326553
5.5738831 1.2190033 2.5328852
5.5786088 1.2175696 2.5327997
5.5741618 1.2158435 2.531549
5.5736405 1.2135262 2.5312443
5.5701011 1.2183504 2.5329568
5.5709277 1.2168727 2.5301392
5.5726367 1.219928 2.5314353
5.5718099 1.2180436 2.5296851
5.5774887 1.2200471 2.5278141
5.5743748 1.2189054 2.5294906
5.5787946 1.2193745 2.5276603
5.5750318 1.2215071 2.5311863
5.5741963 1.2207971 2.5299792
5.5712438 1.2200134 2.5330672
5.5715977 1.2161248 2.5338949
5.5721016 1.2148134 2.5334716
5.5737022 1.2140063 2.531564
3.781381 1.0408683 2.2834952
1.85984 0.14174 4.94464
3.7753396 1.0434516 2.2858335
3.7748308 1.0446168 2.2884989
3.7764543 1.0462032 2.2872042
3.7773708 1.0430942 2.2867266
3.7811068 1.0441577 2.2857758
3.7769687 1.0424833 2.2875796
3.7816655 1.0411164 2.286478
3.7796772 1.0410126 2.2861783
3.7825684 1.0405624 2.2810505
3.7804169 1.0430841 2.2825416
3.7800453 1.0414789 2.2805748
3.7803145 1.0412838 2.2856637
3.7801909 1.0421403 2.2869264
3.7802196 1.0436171 2.288065
3.7774972 1.0432526 2.2881193
3.7755813 1.043033 2.2870119
3.7773368 1.0419649 2.2843159
3.780625 1.0422109 2.2833982
3.7824523 1.0425495 2.2832445
5.2579677 1.9210389 1.4524119
5.2599466 1.9214377 1.4535553
5.2581063 1.9200383 1.4504535
5.2615293 1.9189972 1.4549179
5.2593388 1.9185482 1.4532794
5.2603421 1.9206472 1.4566278
5.2587418 1.9200772 1.4545073
3.1232409 1.035715 5.8904347
3.1207048 1.0354051 5.8908079
3.1228922 1.035409 5.8914643
3.1197373 1.0363464 5.8896662
3.78455 1.54374 3.51201
3.1209621 1.0362494 5.8862707
3.1226845 1.0358932 5.8857707
5.85885 1.72941 5.36173
3.120428 1.0360715 5.889242
3.1205709 1.0358181 5.8890162
3.1195211 1.0363758 5.8898755
3.1190419 1.0365867 5.8891371
3.1194792 1.0346589 5.8910187
3.119997 1.0380292 5.8895596
3.1188217 1.0361431 5.8890898
3.1179279 1.0362866 5.8867256
0.7161 0.89683 1.37919
3.1185699 1.0359808 5.8878769
3.1216061 1.0368814 5.8871861
3.1232175 1.034451 5.8845694
3.1246735 1.0337449 5.8833877
3.1241458 1.0321671 5.8818027
0.9393 1.83872 2.60084
3.1231603 1.0339826 5.8820139
3.1221509 1.0342107 5.88476
3.1220066 1.0381112 5.890461
3.117583 1.0359408 5.8922608
3.1175426 1.0356242 5.8915899
3.1204563 1.0316307 5.8875581
3.1230167 1.0307133 5.8865588
1.1442046 0.6248708 1.5463313
1.1448588 0.6281933 1.546884
1.1427973 0.62776039 1.5508615
1.1447688 0.62615495 1.550749
1.1408516 0.62315296 1.5562889
1.1462563 0.62296396 1.5473184
1.142727 0.62250097 1.5521188
1.1419018 0.62231026 1.5515908
1.1446909 0.62211076 1.5501308
1.1412102 0.62423894 1.551304
1.1476718 0.62297338 1.5467965
1.1470598 0.62008016 1.548683
1.1473614 0.62001889 1.5503945
1.1452917 0.61939568 1.5501215
1.1389457 0.61984328 1.5543901
1.1403888 0.62109547 1.5521198
1.137925 0.6228193 1.5529793
1.1382569 0.62138514 1.5507131
1.1397541 0.61888282 1.5492069
1.1398309 0.61821993 1.5502794
4.79814 1.88884 1.36536
1.1410634 0.62403258 1.5525715
5.7482305 2.5582971 0.55646919
5.7504978 2.5577078 0.55768572
5.7497933 2.5585161 0.55849441
5.7531295 2.55722 0.56084114
5.7518052 2.5573912 0.56217339
5.7513977 2.5568337 0.56105524
5.7452157 2.5559485 0.55633759
5.7473995 2.557434 0.5556401
5.7448535 2.5589846 0.55224001
5.7527036 2.561746 0.55892982
5.7504049 2.5641914 0.55834997
1.2875612 1.8092995 2.1848818
1.2868765 1.8098516 2.1836374
1.2895819 1.8080238 2.1807224
1.2891273 1.8067377 2.1814042
1.288759 1.8056503 2.1809005
1.2868606 1.8055014 2.1830385
1.2864914 1.8044693 2.1828319
1.2867075 1.8055242 2.1852592
1.2866063 1.8049802 2.1841049
1.2866909 1.8063744 2.1855088
1.2870788 1.8062838 2.1836956
1.2888793 1.8067054 2.1872036
1.2848889 1.8076454 2.1835266
1.2873873 1.8089615 2.1835571
1.2867728 1.8094417 2.1807794
1.2881235 1.8098151 2.1787153
1.286924 1.8089496 2.1766287
1.2861355 1.8079114 2.1776695
5.5739246 1.2195246 2.5325947
5.5763468 1.2203097 2.5336486
5.5740069 1.2211409 2.5325933
5.5769215 1.2201215 2.5313588
5.5737024 1.2186517 2.532163
5.5733689 1.2158051 2.5326982
5.5725199 1.2182392 2.5348387
5.5754262 1.2180789 2.5337796
5.5786833 1.2188213 2.5322613
5.5787926 1.2146993 2.531299
1.80804 0.84187 0.46976
5.5746331 1.2180299 2.5318832
5.57613 1.220795 2.5300362
5.5735409 1.2189634 2.5333893
4.37396 0.39178 2.42435
5.5714617 1.2166625 2.5343453
5.5734146 1.2155051 2.5340372
5.5715331 1.216212 2.5352456
1.81893 2.34493 3.49123
3.7830126 1.0443778 2.2784034
3.7822649 1.0441242 2.2799662
3.7783011 1.0445438 2.282128
3.778905 1.0446803 2.2859044
3.7782971 1.0465567 2.2889961
3.7786133 1.0429712 2.2882052
3.7809632 1.0422989 2.2870377
3.7778179 1.0424603 2.2853078
3.7806592 1.0420755 2.2833857
3.7778582 1.0438335 2.2849235
3.7804263 1.0418032 2.2784259
3.7804646 1.0433538 2.2801074
3.7791191 1.043094 2.2799357
3.7810042 1.042036 2.2835569
3.7816641 1.0426414 2.2848351
3.7827446 1.0450269 2.2837945
3.7812433 1.0453681 2.2863334
3.7766807 1.0441995 2.286889
3.7772098 1.0418669 2.2842052
3.7776157 1.04214 2.2857902
3.7819818 1.0424735 2.2857295
4.508635 0.766247 1.9581375
4.5103418 0.76688169 1.95774
5.2591932 1.9196567 1.4522053
5.2606112 1.9209232 1.4530143
5.2592088 1.9195159 1.450751
5.2608611 1.9224479 1.4549806
5.2601245 1.923005 1.4549589
3.1248562 1.0328898 5.8883624
3.1217163 1.0339757 5.8889262
3.1235476 1.03357 5.8887848
3.1186362 1.0355418 5.8888632
3.1204605 1.0359112 5.8895112
3.1184803 1.035965 5.8912598
3.1215099 1.0343791 5.8887827
3.1205797 1.0342005 5.8892757
3.1196266 1.0346387 5.8874208
3.1170926 1.0357239 5.8900566
3.1188424 1.036166 5.8896626
3.121142 1.0367593 5.8893681
3.1239347 1.0341596 5.887671
3.1229113 1.036081 5.8868818
3.1207226 1.0351645 5.8877589
3.1194359 1.0367861 5.8873523
3.1189466 1.0374974 5.8892132
3.1183881 1.0372992 5.8904464
3.1189231 1.0375308 5.8903398
3.1208662 1.0335968 5.8865125
3.1238165 1.0320874 5.8837815
3.1219377 1.0321274 5.884253
3.1202417 1.0333249 5.887506
3.1204805 1.035645 5.8868352
3.1209647 1.0340764 5.8885769
3.121822 1.0376271 5.8893973
3.120271 1.0365651 5.8901528
3.1198562 1.0370432 5.8892075
3.122418 1.0351183 5.8857663
3.1210372 1.034521 5.8860294
1.1454455 0.62549974 1.5521515
1.1452962 0.62661163 1.5503667
1.1394992 0.62696425 1.5547714
1.1438338 0.62407193 1.5504697
1.1449787 0.62379676 1.5516406
1.1484932 0.62192141 1.5480209
1.1476949 0.62293649 1.5473392
1.141934 0.6220752 1.5506941
1.1437886 0.6214188 1.549297
1.139612 0.62317443 1.5530464
1.1434682 0.6208644 1.5501513
1.144149 0.62105426 1.5483664
1.1454002 0.62102333 1.5478247
1.1477465 0.62223918 1.546082
1.1398274 0.62318231 1.5520346
1.1408166 0.62313906 1.5495093
1.1410355 0.62256725 1.5510852
1.1433985 0.62084498 1.547229
1.1459221 0.62012777 1.5457675
1.1432956 0.61925202 1.547056
1.1427357 0.62160992 1.5484453
1.1403625 0.62049035 1.5525973
2.40053 0.75497 3.63213
5.7454022 2.5584014 0.55680477
5.7463547 2.5580857 0.55753583
5.7514634 2.5594811 0.56174654
5.7535419 2.5602326 0.56219352
2.79979 0.54021 1.80028
5.7464397 2.5570092 0.55742383
5.7490621 2.557296 0.55988038
5.7428801 2.5554805 0.55325207
5.7495932 2.5584091 0.55903789
5.7484393 2.5583739 0.55747035
1.2869998 1.8091613 2.1811655
1.2868661 1.8084722 2.1798169
1.2897994 1.8074204 2.1778093
1.2905871 1.8046311 2.1775797
1.2897817 1.8044432 2.1782119
1.2897815 1.8028772 2.1819879
1.2887649 1.8044575 2.1808767
1.2873025 1.8025833 2.1816082
1.2878823 1.8040225 2.1807342
1.2887618 1.8037063 2.1830074
1.2887143 1.8064842 2.1834405
1.290368 1.8088529 2.1875148
1.2886612 1.810046 2.187284
1.2910394 1.8086397 2.1859909
1.2901668 1.8106274 2.1809579
1.2895444 1.8102959 2.1796036
1.2894695 1.8112716 2.1803791
1.2858329 1.8087348 2.1799345
2.13657 1.41802 1.74589
5.5752296 1.2171771 2.5276782
5.5757794 1.2218639 2.5287968
5.5771546 1.2215155 2.527474
4.35304 2.27095 1.57424
5.5740297 1.2151061 2.5339823
5.5725091 1.2150869 2.5352863
5.5761791 1.2159017 2.5346237
5.5765314 1.215093 2.5330933
5.5791009 1.2131492 2.5333311
5.5780919 1.2157326 2.5292041
5.5756598 1.2166385 2.5298907
5.5762408 1.2198774 2.5276383
5.5751013 1.215904 2.5324858
5.5783665 1.2135429 2.5312124
5.5729785 1.2140087 2.5357438
5.5758379 1.2158412 2.5346456
5.5717747 1.2176402 2.5362307
5.5766554 1.2159067 2.5330653
3.7811606 1.0419972 2.2818217
3.7797845 1.0417999 2.2837232
3.7771693 1.042435 2.2855308
3.7766884 1.0438559 2.2886827
3.7770761 1.0460177 2.2895868
3.7793257 1.0437967 2.2872306
3.7811905 1.0437701 2.2872922
3.7821733 1.042113 2.284881
3.7837654 1.0407631 2.2831535
3.7825146 1.0422362 2.2823121
3.7815199 1.0423868 2.2780437
3.783648 1.0438234 2.2799264
3.7824406 1.043351 2.2813594
3.7838028 1.0432267 2.2840245
3.7796195 1.0429941 2.2863737
3.7811713 1.0461408 2.2840473
3.7808068 1.0456214 2.2847964
3.7784761 1.0450066 2.2861754
3.7793941 1.0408039 2.2832713
3.7787221 1.041228 2.2862145
3.7815021 1.0429978 2.2851548
4.5071137 0.7673562 1.9601758
4.5080843 0.76982046 1.9597464
4.5084683 0.76828317 1.9588238
3.55536 2.20288 5.71838
4.5076661 0.76631369 1.9592372
5.2618326 1.9206528 1.4532743
3.1238323 1.0318716 5.8838348
3.1251862 1.0309924 5.8843028
3.1245506 1.0340196 5.8849345
3.1229061 1.0331001 5.8855427
3.1177575 1.0344332 5.8871775
3.1180131 1.0366797 5.8869735
4.34338 2.3772 2.12779
3.1205612 1.0390552 5.8865569
3.1195303 1.0365763 5.8905051
3.1199821 1.0344385 5.8880125
3.1201481 1.0339504 5.891499
3.1237192 1.033899 5.886892
3.1240077 1.0350829 5.887289
3.1275534 1.0353706 5.8843106
3.1247801 1.0366696 5.8859011
3.1222312 1.0368825 5.8882769
3.1198837 1.0364624 5.8871227
3.1166673 1.0365853 5.8895561
3.1151053 1.0361683 5.8904721
3.1159173 1.0377819 5.8902674
3.1192504 1.0346573 5.889488
3.1220959 1.0332516 5.8873973
3.1196517 1.0309554 5.8878937
3.1178168 1.0311997 5.88915
3.1196421 1.0338317 5.8871033
3.1208262 1.0347654 5.8884115
3.1241748 1.0365535 5.8878891
3.1233693 1.0362107 5.8880165
3.1229498 1.0348041 5.8866334
3.65917 0.61021 1.18072
3.1211789 1.0332834 5.8838072
1.1451855 0.6267468 1.5517885
1.1458843 0.62670924 1.5502072
1.1408792 0.62715315 1.5531372
1.1404098 0.62501426 1.5531185
1.1420321 0.62369811 1.5514872
1.1471717 0.62363211 1.5484014
1.1482426 0.62323684 1.5469063
5.64594 1.31061 0.24529
1.1457106 0.6219886 1.5518308
1.1413002 0.62261649 1.5530293
1.1399267 0.62023625 1.5515736
1.141968 0.62224416 1.5480982
1.1446894 0.62085305 1.5485482
1.1465867 0.62221636 1.5482717
1.1387397 0.62138243 1.5554632
1.141069 0.62143856 1.5502848
1.1378438 0.61996488 1.5544255
1.1412023 0.61930543 1.5502875
1.139437 0.62026563 1.5538778
1.1368527 0.62342456 1.5541683
1.1393034 0.62572157 1.5510976
3.91621 2.16777 1.36286
1.1400478 0.62312878 1.5522395
1.1407909 0.62059299 1.553068
5.748256 2.5595253 0.55780682
5.7489893 2.5601595 0.55856389
5.7463848 2.5604417 0.55571938
5.7479097 2.5610419 0.55805982
5.7439207 2.5598926 0.5560879
4.59052 2.66336 2.13372
5.7466435 2.5567515 0.55790132
5.7519129 2.557273 0.56170277
1.2877042 1.8096932 2.1780367
1.2878612 1.8082987 2.1792389
1.287404 1.8087081 2.1796215
1.2895876 1.8084612 2.1783633
1.2899717 1.8058251 2.1811098
1.2888401 1.8071285 2.1805626
1.2901252 1.8032992 2.1824208
1.2895275 1.8051125 2.1811203
1.2885834 1.8025355 2.1845116
1.287223 1.8055263 2.1839366
1.286112 1.8043695 2.1820243
1.2882802 1.8057781 2.1840124
1.2903584 1.8066885 2.1858325
1.2879686 1.8086462 2.1856233
1.2872827 1.8068405 2.1821803
1.2892717 1.8087162 2.1800086
1.2891685 1.8061367 2.1790113
1.2906745 1.8088109 2.1805876
1.2883034 1.8072862 2.1802717
1.2884182 1.8084469 2.1801437
5.5764438 1.2162566 2.5278296
5.5766467 1.2187599 2.5276763
5.576682 1.2195968 2.5275958
5.5741242 1.2207301 2.5316855
5.575467 1.2183931 2.5353287
5.5758316 1.2183063 2.53555
5.5779286 1.2167824 2.5346832
5.5782824 1.2155085 2.5303723
5.5771026 1.2147242 2.5317208
5.5784952 1.2179134 2.5306533
4.85206 1.30306 1.12446
5.5772452 1.2212967 2.5311683
2.82801 0.39235 2.94598
5.5785153 1.2154034 2.5319752
5.5745386 1.2144242 2.5330422
5.5778021 1.2149692 2.5332032
5.5754227 1.2175458 2.5333045
0.06835 1.31065 0.42487
3.782357 1.0435836 2.2824434
3.7814638 1.0412464 2.2828793
3.7800013 1.0399773 2.2825768
3.7766486 1.0413034 2.2854324
3.7771976 1.0440502 2.285062
3.781558 1.0435786 2.2849971
3.7839538 1.0453175 2.2845946
3.7838023 1.0420623 2.2851062
3.7818396 1.0446715 2.2856326
3.7802661 1.0418498 2.2860513
3.7799022 1.0425209 2.2837193
3.7815396 1.040831 2.2838467
3.7818894 1.0425335 2.2839555
3.7821521 1.0414093 2.2849792
3.7790319 1.0408566 2.2858487
3.7796951 1.0424422 2.2848555
3.7804618 1.0430367 2.2858003
3.7786777 1.0437715 2.2881135
3.7751632 1.0413543 2.2867573
3.772176 1.0405968 2.2916226
3.7734448 1.0406917 2.2923523
4.5072559 0.76887602 1.9576748
4.506781 0.76877144 1.9593925
4.5087998 0.76753481 1.9560751
4.5074404 0.76836233 1.9581889
4.5066321 0.76764096 1.9573973
4.5071956 0.76807661 1.9579461
3.1244262 1.0318286 5.8830089
3.122647 1.0302751 5.8827619
3.1206661 1.0319448 5.883765
3.1201437 1.0322401 5.882283
3.1212668 1.0339757 5.8848479
3.1244974 1.0359664 5.8821657
3.1253661 1.0347843 5.8860593
3.1234154 1.0381306 5.885505
3.1218069 1.0367294 5.889892
3.1221355 1.0360879 5.8870108
3.1215816 1.0354195 5.891341
3.1240012 1.0340764 5.8875793
3.1245661 1.0354598 5.8876588
3.1267963 1.0342547 5.885235
3.1247545 1.0362093 5.8856397
3.1228617 1.034749 5.8877648
3.1207052 1.0356489 5.8875885
3.1190509 1.0363559 5.887589
3.1197064 1.0378115 5.887486
3.1185548 1.0389486 5.8867111
3.1200047 1.0344702 5.8881931
3.1210841 1.0337482 5.8885592
3.1205181 1.0326491 5.8893631
3.1192825 1.0345632 5.8899862
3.1189469 1.0351893 5.8889318
3.1193315 1.0363966 5.8890792
3.1214374 1.0379569 5.8874782
3.1212695 1.0389815 5.8849916
3.1204464 1.0361374 5.8864629
3.1202135 1.0364401 5.8833838
3.1197173 1.034122 5.8863026
1.1517313 0.62601637 1.5449144
1.1483871 0.62524906 1.546585
1.1466202 0.62490888 1.5461559
1.1469601 0.6241427 1.544287
1.1484979 0.6222776 1.5432078
1.1511384 0.62329125 1.5430646
1.1475438 0.62095511 1.5480872
1.1450613 0.62297313 1.5507338
1.1427247 0.62405883 1.5526621
1.1398302 0.62478629 1.553969
1.1388012 0.62394384 1.5549953
1.1376027 0.62360133 1.5539954
1.1395619 0.62117869 1.552441
1.1427699 0.62214534 1.549844
1.1336512 0.62063438 1.5591641
1.1371806 0.62154626 1.553602
1.1361393 0.62003587 1.5559018
1.1453919 0.62114263 1.5476055
1.1437638 0.62190819 1.5517444
1.1436862 0.62479623 1.549692
1.142121 0.62516539 1.5516282
1.1414512 0.62316161 1.5518747
1.1400369 0.62279726 1.5550733
1.119823 0.63446311 1.5703759
5.7512694 2.5575355 0.56240247
5.7494873 2.5587933 0.56002827
5.7506876 2.5610827 0.56174788
5.7497678 2.5609569 0.56156407
5.7501435 2.5615856 0.56315846
5.7532756 2.5605155 0.56340303
5.7528903 2.5579975 0.56176795
1.291632 1.8097933 2.1777058
1.288577 1.809126 2.1793846
1.2907576 1.8071708 2.1793881
1.2908753 1.8070278 2.1791622
1.2914118 1.8069941 2.1757163
1.2901732 1.8064723 2.1771445
1.2882565 1.8084132 2.1764188
1.2883902 1.807325 2.1778933
1.288193 1.8083024 2.1761548
1.2874759 1.8054911 2.1776886
1.2875423 1.8057681 2.1803128
1.2879673 1.8058491 2.1787997
1.08022 2.9703 1.00511
2.40232 1.24319 2.4019
1.2899257 1.8073628 2.1844119
4.23775 1.26384 3.87606
1.2906446 1.8067179 2.1814181
1.2918009 1.8060554 2.1836154
1.2915731 1.807503 2.1849222
1.2880029 1.8068304 2.1834853
1.2847927 1.8087539 2.1804361
5.5778559 1.2145149 2.5285081
5.5764622 1.215989 2.528892
5.5785293 1.2194194 2.5289383
5.5759435 1.2206866 2.5299788
5.5763973 1.2190971 2.5308751
5.5743932 1.219122 2.5330558
5.5727061 1.218338 2.5341289
5.573294 1.2169885 2.5336686
5.5708496 1.2166278 2.5334615
5.5753544 1.2175974 2.5329908
5.5739051 1.2175092 2.5307466
5.5775885 1.2200459 2.5301192
5.5761514 1.2172579 2.5290046
5.5787281 1.2168765 2.5311711
5.5784127 1.2164164 2.5297987
5.5773669 1.2174809 2.5318483
1.69447 2.69343 5.98197
2.4074633 1.6982624 3.6899811
2.73292 1.44345 3.37887
3.7774686 1.0396786 2.2885318
3.7768681 1.0425318 2.2873474
3.7754695 1.0438215 2.2867951
3.7794262 1.0468261 2.282497
3.7825812 1.0447174 2.2834799
3.7833494 1.0463885 2.2841754
3.7800322 1.0434974 2.2868906
3.7809263 1.0442117 2.2859703
3.7784825 1.0394258 2.2864899
3.7809662 1.0410202 2.2849967
5.38074 2.21264 1.55698
3.7816222 1.0416462 2.286855
3.7806864 1.0394306 2.2867205
3.7796367 1.0396185 2.2863041
3.7783153 1.0396958 2.2852995
3.7814884 1.04069 2.2837396
3.7822389 1.0437524 2.2853176
3.7802001 1.0430227 2.2837944
3.7772268 1.0429235 2.2861378
3.7750624 1.0409969 2.2872396
4.5116258 0.77252209 1.9527476
4.5082534 0.77149483 1.9564249
4.5070073 0.7692778 1.9578099
4.504383 0.76619577 1.9605356
4.5061118 0.76755055 1.9580142
4.5047788 0.76687258 1.9622537
3.06433 1.23266 5.84039
3.1244716 1.0296249 5.8826813
3.1225143 1.0319353 5.8844338
3.1233531 1.0336278 5.8813413
3.1230833 1.034417 5.8820089
3.1260405 1.036138 5.8784773
3.1277393 1.0374677 5.8812521
3.1238752 1.0392801 5.8831091
3.1219819 1.0383739 5.887943
3.1192179 1.0353646 5.8905278
3.1188946 1.034255 5.8915805
3.1206429 1.0350686 5.8881433
3.1233426 1.0373908 5.8850945
3.1252326 1.0367296 5.8843086
3.1228719 1.0379737 5.8881385
3.1208988 1.0361662 5.8881701
3.118281 1.0378455 5.8865898
3.1194209 1.0357026 5.8836694
3.1192482 1.0370438 5.8854978
3.1198001 1.0378576 5.8866191
3.120864 1.0357726 5.8892129
3.1181169 1.035345 5.8911563
3.1190095 1.0326044 5.8898653
3.1185614 1.0361487 5.8897823
3.1201688 1.0366953 5.8854908
3.1191573 1.0367463 5.8868286
3.1221148 1.0371137 5.885894
3.1222648 1.0382398 5.8846377
3.1219847 1.0375245 5.8849808
3.1199507 1.0381286 5.88326
1.1542462 0.6236849 1.54039
1.15176 0.62308713 1.5426721
1.1522816 0.62126109 1.5418483
1.147533 0.62123601 1.5452342
1.1481043 0.62192457 1.543476
1.1451414 0.62068675 1.5463266
1.1472637 0.62373499 1.5476894
5.86221 2.91122 3.90893
1.1447324 0.62645236 1.5494384
1.145863 0.62646292 1.5474607
1.1468186 0.62531265 1.5458584
1.1469949 0.62461105 1.5473016
1.14209 0.62275408 1.5506012
1.138582 0.62114303 1.555302
1.1377882 0.6226683 1.5567868
1.1348115 0.62180337 1.5599297
1.137478 0.62528399 1.555043
1.1380991 0.62319091 1.5534792
1.1416357 0.62333585 1.5493807
1.1415999 0.62309597 1.5523281
1.1394294 0.62480142 1.5533179
1.1402295 0.62582584 1.5532132
1.1384507 0.62428088 1.5556373
1.1374192 0.62255133 1.5583535
1.1153685 0.63505328 1.5762014
1.1018382 0.64519432 1.5841999
5.7486271 2.5600286 0.55669701
5.7509532 2.5594352 0.56311787
5.7457307 2.5595962 0.55845248
5.7517014 2.5609962 0.56446065
5.7532851 2.5606957 0.56171392
5.7551533 2.5620168 0.56258152
1.2924508 1.8115663 2.1782294
1.2911032 1.8075665 2.1801283
1.291794 1.8054045 2.1795316
1.2909654 1.8053006 2.1800311
1.2905577 1.8064915 2.1799546
1.2892608 1.8080823 2.1794072
1.288345 1.8106397 2.178161
1.289546 1.810981 2.1768783
1.2896904 1.8100767 2.1769981
1.2886402 1.8084849 2.1806441
1.2870469 1.8069219 2.1818737
1.2872075 1.8089189 2.1800898
1.2861841 1.8075833 2.1793998
1.2895477 1.8045884 2.1796867
1.2890178 1.8080043 2.1830501
1.2890559 1.806855 2.1826419
1.2896259 1.808741 2.1825753
1.2890302 1.8058235 2.1830504
1.2912105 1.804491 2.1833337
1.2890405 1.805919 2.183812
1.28733 1.8067739 2.1824312
6.03322 2.1473 5.55721
5.5747118 1.2165786 2.5331138
5.578414 1.2180472 2.5318108
5.573897 1.2206542 2.5338499
5.5764039 1.2212676 2.5316253
5.5741333 1.2208205 2.5336853
5.5745944 1.218327 2.5302149
5.5737535 1.216633 2.5319708
5.5722528 1.2168445 2.5313158
5.5740924 1.2184091 2.532956
5.5754179 1.219472 2.5309578
5.5771763 1.2225789 2.5300403
5.5770934 1.2214653 2.5288651
5.5754049 1.2220557 2.5301826
5.5763394 1.2184074 2.5289281
5.5749654 1.2171587 2.5321376
2.4066231 1.6982305 3.6917098
2.4041436 1.6992524 3.690082
4.54784 1.05718 1.33318
2.401003 1.6987052 3.6881917
3.7783008 1.0433531 2.2847556
3.7765115 1.0439223 2.2856347
3.7800493 1.0468549 2.2834089
3.7805403 1.045415 2.2861042
3.7822451 1.0469756 2.285733
3.7781517 1.0448805 2.2885432
3.7806528 1.0417879 2.28512
3.7763438 1.0397388 2.2880288
3.7767814 1.0378664 2.289367
3.7744562 1.0372533 2.2915745
3.7779482 1.0397925 2.2907445
3.7778963 1.0395939 2.2897899
3.7788086 1.0394418 2.2890022
3.7774697 1.037691 2.2889924
3.7798389 1.0373907 2.2877367
3.780062 1.041292 2.2861219
3.7814569 1.0406079 2.2850233
3.7766865 1.0407786 2.2864921
3.7731215 1.0390081 2.2878917
4.5114597 0.77380756 1.9549214
4.5092612 0.7700491 1.9579704
4.5091093 0.76934668 1.9585992
4.5063993 0.76700389 1.9606852
4.5083576 0.76798111 1.9567573
4.505762 0.76602632 1.9609845
4.5080974 0.76682189 1.9580195
5.38893 2.40337 2.38903
3.1216459 1.0339722 5.883908
3.1234597 1.0354928 5.8833046
3.1241282 1.0365801 5.8854371
3.1272274 1.0365674 5.8826598
3.1287465 1.0369756 5.881658
3.1227957 1.0375327 5.8847019
3.122831 1.0392939 5.8859541
3.1204745 1.0376771 5.8894621
3.1218337 1.0360509 5.8891497
3.1220703 1.0362375 5.8878665
3.1210229 1.0355958 5.887977
3.1217158 1.0371437 5.887006
3.1184261 1.0368545 5.8908874
3.1223392 1.0375368 5.8847346
3.1197795 1.0384684 5.8856059
3.1230951 1.0370505 5.8808434
3.120223 1.0387644 5.8843183
3.1212531 1.0373076 5.8842447
3.1190803 1.0355264 5.8879381
3.1189925 1.0336405 5.8888042
3.1222951 1.0344563 5.8869513
3.122891 1.0384284 5.8867929
3.1240001 1.0383011 5.8848505
3.1201027 1.0368453 5.8888119
3.120377 1.0370651 5.8874684
3.1157075 1.0377664 5.8898926
3.1171011 1.036889 5.8879216
3.1153201 1.0351849 5.889899
3.12328 0.70605 4.42444
1.1475119 0.62148238 1.5460201
1.1501588 0.62110364 1.5428623
1.1446494 0.62182425 1.5486127
1.152256 0.62188522 1.5435369
1.149985 0.62074001 1.5432513
1.91404 1.18228 2.22603
1.1446964 0.62590335 1.5486636
1.144116 0.6259528 1.5494481
1.1457641 0.62763212 1.5491999
1.148892 0.62669088 1.5474936
1.1475753 0.62657528 1.5502356
5.40388 1.85011 2.23676
1.1433529 0.61969211 1.5498752
1.141196 0.62291394 1.5509958
1.1419696 0.62319819 1.5506783
1.1363109 0.62674486 1.5540011
1.1386412 0.62512253 1.5511654
1.1406831 0.62582067 1.5514989
1.145571 0.6245662 1.5484196
1.1440757 0.62328229 1.5512643
1.1401042 0.62275665 1.5551526
1.1381772 0.62363889 1.559689
1.1381552 0.62427855 1.5597116
1.1182298 0.63658174 1.5742695
0.2068 2.32007 4.86839
4.24123 1.51515 4.34218
5.02494 1.37655 1.55195
1.1629673 1.326201 3.0099629
1.1603507 1.3242453 3.0091311
1.1643971 1.3213433 3.0104393
1.1626225 1.3186702 3.0072348
1.1668476 1.3219094 3.0080799
1.29205 1.51018 2.82127
1.2928209 1.8048733 2.1825215
1.2914071 1.8053305 2.1810075
1.2908819 1.8065879 2.1797349
1.289805 1.8074012 2.1780832
1.2905705 1.8096422 2.1782026
1.2884446 1.8103054 2.1747606
1.2873137 1.8104587 2.1752633
1.2873875 1.8126072 2.1774217
1.2868781 1.8100654 2.1790164
1.2884702 1.8110376 2.1795553
1.2878403 1.8067922 2.1797696
1.291864 1.8056084 2.1831912
1.2900779 1.8074944 2.1836301
1.2881925 1.8055712 2.184023
1.2880609 1.8072659 2.1838941
1.287979 1.8047327 2.1846195
1.2907843 1.8056277 2.1847528
1.2886229 1.8065565 2.1839512
1.2898509 1.8079564 2.1834982
5.5765839 1.2184091 2.5305657
5.5741027 1.2202942 2.5331638
5.5771738 1.2192163 2.5305243
5.5736953 1.2209856 2.5324114
5.5761553 1.2207317 2.5286656
5.5729525 1.2206268 2.5330467
5.5738476 1.2181034 2.5313038
5.5723046 1.2159611 2.5333511
5.5731805 1.2143232 2.5313597
5.5727923 1.2155371 2.5340909
5.5766961 1.2161989 2.5312997
5.5759428 1.2192876 2.5311913
5.5780011 1.2184328 2.5288079
5.5748407 1.2190971 2.5303817
5.576346 1.2183227 2.5303164
2.4075235 1.6988808 3.6913734
2.4077823 1.6982101 3.6913203
2.4060111 1.7020775 3.6900963
2.4065557 1.7023197 3.6875262
2.4042056 1.7015691 3.6861084
2.4035277 1.6989099 3.6883382
2.4045204 1.6973949 3.6928033
3.7807487 1.0442227 2.2842094
3.7791696 1.0425438 2.2869106
3.7793257 1.0426754 2.2858612
3.7780199 1.0445454 2.2886791
3.7785742 1.0410162 2.2850939
3.7789833 1.0400051 2.2844314
3.7794444 1.0369302 2.2846785
3.7768279 1.0421052 2.2895554
3.7776039 1.0418865 2.2904685
3.7765812 1.0422458 2.2919217
3.7802197 1.0390236 2.2876315
3.7766108 1.0395859 2.2866796
3.7799767 1.0385774 2.2858893
3.7809644 1.041363 2.2848717
3.7851982 1.0396835 2.2838125
3.7781458 1.0403365 2.2840169
3.7762519 1.0390483 2.2835798
4.5110661 0.76772369 1.9560805
4.5088954 0.76720894 1.960965
4.5094198 0.76760044 1.9596798
4.5046168 0.7671514 1.9632021
4.5076755 0.76772488 1.958939
4.5033583 0.76699007 1.9629972
4.5067048 0.76548392 1.9595769
4.5041391 0.76616385 1.9620982
3.1250513 1.0367621 5.8844437
3.127194 1.0391564 5.8824951
3.125185 1.0384042 5.8819493
3.123754 1.0376254 5.8813737
3.1223289 1.0362104 5.8819259
3.119138 1.0398897 5.8869055
3.1193353 1.0380538 5.8886759
4.98303 2.14616 0.50772
3.1181794 1.0354637 5.8915463
3.119422 1.0373689 5.8902081
3.1193012 1.0361685 5.8890676
3.1240872 1.0371241 5.8859084
1.87508 1.08963 0.80803
3.1217843 1.0392116 5.8844659
3.1193809 1.0376281 5.8847504
3.1220399 1.0365493 5.8818206
3.1191586 1.0369555 5.8863144
3.1211377 1.0352209 5.8874285
3.1190219 1.0359073 5.8891291
3.1191011 1.0333271 5.888991
3.1205818 1.036869 5.8887929
3.1186988 1.0387428 5.889105
3.1218408 1.0383891 5.8873511
3.1195081 1.0366583 5.8890308
3.1232091 1.0341282 5.8864087
3.1198085 1.0343817 5.8898792
3.1224591 1.0341876 5.8855291
3.1193221 1.0353902 5.8880257
1.1490981 0.62001003 1.5513043
1.1452651 0.61982417 1.5534489
1.14644 0.61958852 1.5517421
1.1435501 0.62050442 1.5527066
1.1518264 0.62253342 1.5459825
1.1486245 0.62230788 1.5461122
1.1478839 0.62612002 1.5494002
1.1420987 0.62859539 1.5531118
1.1458848 0.62681921 1.5486162
1.1473495 0.62715476 1.5468189
1.1521631 0.62422693 1.5449221
1.1493934 0.62361762 1.5485397
1.1488658 0.6230627 1.5481463
1.1456926 0.6222311 1.5492904
1.1408202 0.62551131 1.5534598
1.1472324 0.62616342 1.5493348
1.1426705 0.62772895 1.5499786
1.1478095 0.6264373 1.5440944
1.1411491 0.62631075 1.5509547
1.1436711 0.62379551 1.548627
1.1409958 0.62402204 1.5532421
1.1373241 0.62435729 1.5566932
1.138193 0.62388778 1.558514
1.136907 0.62349533 1.5609493
4.19266 0.84874 2.54199
1.1589469 1.3217883 3.0121458
1.1614284 1.3217289 3.0123255
5.06745 2.00034 5.14794
1.1622133 1.3251634 3.0088172
1.1597587 1.3251237 3.005884
1.1645272 1.3203007 3.0085314
1.1630811 1.319326 3.0076546
1.1675438 1.3216149 3.0083389
1.1630533 1.322487 3.0086434
1.1633683 1.3233743 3.0096057
1.2873966 1.8051825 2.1778936
1.2882118 1.8068923 2.1784155
1.2875706 1.8070437 2.1783418
1.2904487 1.8072795 2.1786852
1.2911634 1.8070048 2.1772356
1.2912145 1.8084017 2.1783043
1.2907018 1.8099535 2.1783724
1.2899795 1.8089315 2.1806601
1.2902006 1.8105445 2.180058
2.30217 2.14509 3.24933
1.2905687 1.8079205 2.1827122
1.2891277 1.8068124 2.1837617
1.2872523 1.8068042 2.185333
1.2868078 1.8074812 2.1827635
4.7464 1.83902 0.49262
1.2896504 1.8078934 2.1829218
1.2901583 1.8064919 2.180759
1.2910413 1.8076273 2.1798918
5.5751507 1.2180828 2.531412
5.5738181 1.2192768 2.5340296
5.5745099 1.2174778 2.5338517
5.5733433 1.2191527 2.5364149
5.5732499 1.2177067 2.5344186
5.5737278 1.216694 2.5339826
5.5763626 1.2157294 2.5316716
5.5774159 1.2157827 2.5307929
2.30327 0.1441 2.76146
5.5735403 1.2172762 2.5345762
5.5765642 1.216604 2.5299944
5.5770849 1.2187437 2.5318601
5.5789417 1.2188926 2.5281619
5.5744504 1.218031 2.5314561
2.4081998 1.6955054 3.6926293
2.4076214 1.6964741 3.6941037
2.71287 1.08649 2.79939
2.4047428 1.6999436 3.69286
2.4062487 1.6995629 3.691324
2.4033945 1.6996202 3.6911707
2.4024085 1.6978239 3.6924316
2.402871 1.6962391 3.6941852
2.4045379 1.6972512 3.6938255
3.7776661 1.0413861 2.2893008
3.7801987 1.0407651 2.2866061
3.7845369 1.0426825 2.2871146
3.784541 1.0400733 2.2830284
3.7832491 1.0402578 2.2836803
3.7786837 1.0390781 2.2841138
3.7770665 1.0420093 2.2894307
3.779705 1.0417558 2.2896492
3.7779459 1.0449902 2.2898826
3.7805963 1.0420975 2.2870447
3.7770365 1.0437103 2.2868257
3.7787816 1.041685 2.2862841
3.7770574 1.0425118 2.2860037
3.7816123 1.0391983 2.2859077
3.7775245 1.0397069 2.2845746
3.7736295 1.038928 2.2848802
4.5068263 0.76807014 1.9680309
4.5071315 0.76656171 1.9659489
4.511809 0.76803449 1.9593322
4.5110754 0.76907319 1.9591548
4.5141171 0.7672835 1.9548953
4.5078679 0.76669583 1.9583964
4.5097891 0.76546559 1.9558089
4.5073314 0.7672422 1.9577326
6.19337 1.50679 0.8591
3.1257325 1.0394497 5.8844819
3.1191578 1.0370836 5.8878317
3.1180676 1.0351465 5.8871039
3.1168007 1.0322063 5.8865713
3.1176837 1.037272 5.887422
3.1183739 1.0374776 5.8882051
3.1194634 1.0400849 5.8903215
3.1203235 1.0359308 5.8894692
3.1228811 1.0344779 5.8893674
3.1195604 1.0335305 5.8916034
3.1208398 1.0349848 5.8896301
3.1219086 1.0375405 5.8866987
3.1238347 1.0394068 5.8841802
3.1231414 1.0385799 5.8867111
3.1241884 1.0369753 5.8855918
3.1214404 1.0359558 5.8871765
3.1203172 1.0348655 5.8889985
3.1187778 1.0374698 5.8898632
3.119538 1.0357849 5.8897859
3.1233065 1.0388679 5.8871161
3.1205949 1.0375576 5.8873874
3.1229257 1.037712 5.8876598
3.1209216 1.0379127 5.8868174
3.1233643 1.0345214 5.8856788
3.1193147 1.0355291 5.8892045
3.1175339 1.0334579 5.8888989
3.1166276 1.0335003 5.8896091
1.1390476 0.62133806 1.5583888
1.1412848 0.62296367 1.5556656
1.1430557 0.6236477 1.5547188
1.1430954 0.62347004 1.5560467
1.149454 0.62275263 1.5502304
1.147901 0.62165305 1.5497743
1.147942 0.62522048 1.5476064
1.1420146 0.62626647 1.5527181
1.1470307 0.62494816 1.5491101
1.1484458 0.62184912 1.5488628
1.1526434 0.62002584 1.5476713
1.147642 0.62040215 1.5496257
1.1454139 0.62151603 1.5510357
1.1463456 0.62084116 1.5490393
1.1453553 0.62526378 1.5498077
1.1471228 0.62502734 1.548775
1.1406463 0.62680833 1.5530213
1.1443625 0.62356706 1.5499416
1.142417 0.62457266 1.5515851
1.14424 0.62476322 1.5492987
1.1394461 0.62493505 1.5532767
1.1369546 0.62600243 1.5553604
1.1394199 0.62568312 1.5542253
1.1401389 0.62644845 1.5547374
1.1596301 1.3193361 3.0135152
1.1576938 1.3198426 3.0125609
1.1598303 1.3198074 3.014287
1.1583993 1.3242115 3.0085139
1.1598429 1.3247345 3.008143
1.1577362 1.3263491 3.0061853
1.162758 1.3248011 3.0087377
1.1615578 1.323293 3.0102629
5.60603 0.74258 4.65436
1.1606529 1.3220972 3.0107358
1.1600281 1.3205755 3.0098239
1.1590596 1.319637 3.0099379
1.2872565 1.8085011 2.1793218
1.287348 1.8082647 2.1797792
1.29028 1.8078833 2.1816066
4.16104 2.80671 1.27611
1.2871846 1.8063917 2.1795093
1.2882461 1.8070229 2.1765266
1.291573 1.8085968 2.1806432
1.2908649 1.8079125 2.179607
1.2938483 1.8067821 2.1843119
1.2904706 1.8071844 2.1835506
1.2896537 1.8049343 2.1843392
1.2877504 1.8039968 2.1843825
1.2873259 1.8024709 2.1829759
1.2886887 1.8033711 2.1825705
1.2896478 1.8061081 2.1825245
1.2905408 1.8073288 2.1800648
1.2917947 1.8075402 2.1801058
4.0323258 1.8757712 2.4543942
5.5749355 1.2197962 2.53171
5.5730117 1.216154 2.5336224
5.5729024 1.2151549 2.5350088
5.5727402 1.2147046 2.5345379
5.5746737 1.2168861 2.532368
5.574301 1.2164748 2.5317282
1.69125 2.1358 2.5786
5.5735589 1.2140048 2.5321278
5.575001 1.2142093 2.5359091
5.5767146 1.2137015 2.5317943
5.5778138 1.2154627 2.5335482
5.580071 1.2155308 2.527526
2.4067043 1.6992961 3.6892278
2.4068163 1.6981569 3.6931188
2.4054905 1.6974287 3.6920017
2.4066463 1.6965184 3.6937434
2.409143 1.696377 3.6917458
2.4097668 1.6991538 3.6917215
2.4075991 1.6999043 3.6909264
2.4049978 1.69997 3.6910585
2.4071392 1.6958838 3.6929064
2.4074296 1.696635 3.6930217
2.4061716 1.6966458 3.6916122
2.77553 0.83727 1.41198
3.7830779 1.0436388 2.2871531
3.7817478 1.0415592 2.2831955
3.7828465 1.0403775 2.2818818
0.01717 1.51923 3.42409
3.7809926 1.0439471 2.2857954
3.7800065 1.0433644 2.2877798
3.7789905 1.0427673 2.2877727
3.7808712 1.0400062 2.2851412
3.7773632 1.0442051 2.2854611
3.7779962 1.043128 2.28678
3.7786827 1.0446724 2.2874042
3.7799174 1.0412018 2.2870267
3.7763891 1.040848 2.2868504
3.774316 1.0407022 2.2872401
4.5050906 0.76580723 1.9668843
4.5095895 0.76425788 1.9617323
4.5135672 0.76468644 1.956631
4.5107299 0.76486418 1.9564063
4.5110009 0.7658953 1.9538693
4.506952 0.76537282 1.9581079
4.5107916 0.76424965 1.9549962
4.5104512 0.76581103 1.9567687
4.5100041 0.76794821 1.9556801
4.5107484 0.7683591 1.9574224
5.95402 0.68982 4.72619
3.11947 1.0349397 5.8827926
3.1167965 1.0342095 5.8851562
3.1178562 1.0368822 5.8862907
3.1198502 1.0378781 5.8882972
3.1218323 1.0391581 5.8891291
3.1235095 1.0366173 5.8866806
3.1221327 1.0345437 5.8888315
3.1205023 1.0342426 5.8892219
3.1217451 1.0353383 5.8873608
3.1234009 1.0385023 5.8857388
3.1239156 1.0388664 5.8838695
3.1236782 1.037772 5.8871299
3.1217375 1.0330651 5.8884488
3.1209152 1.0322022 5.8874796
3.1183536 1.0310183 5.8894958
3.1206268 1.0346768 5.8896459
3.1183866 1.0357049 5.8910577
3.1219712 1.0403995 5.887189
3.118609 1.0389863 5.8876572
3.1231571 1.0371586 5.8852574
3.120845 1.0375691 5.8867292
3.1231778 1.036213 5.8853675
3.1209763 1.037017 5.8865487
3.1200336 1.0328771 5.8866907
3.1210226 1.0327575 5.8865872
1.1407357 0.6243034 1.5574508
1.1420397 0.62459748 1.5558222
1.1453787 0.62376648 1.5518636
1.1443548 0.62514947 1.5536508
1.1477445 0.62418438 1.548661
1.145139 0.62299461 1.5515553
1.1451581 0.62500216 1.5506808
1.1420231 0.62456054 1.5545009
1.1451676 0.62420288 1.551426
1.1491695 0.62168679 1.5465295
1.1504822 0.62106987 1.5455967
1.1487843 0.6199943 1.5450536
1.1455798 0.62181627 1.5485937
1.1445619 0.62179508 1.5490123
1.1416712 0.62608377 1.5539638
1.1427262 0.6236428 1.5530541
1.1438586 0.62574845 1.5512462
1.1451338 0.62415169 1.5489527
4.52964 2.20092 4.42529
1.1419706 0.6287129 1.5525877
1.1385482 0.6270878 1.556202
1.34375 2.02993 6.12276
1.1375586 0.62489072 1.556791
1.1592471 1.3219011 3.0095743
1.1593186 1.320522 3.012964
1.1611281 1.322119 3.0106335
1.1613477 1.3205699 3.0148554
1.1606089 1.3243171 3.0099847
1.1597518 1.3247005 3.0085617
1.1596481 1.3250399 3.0058994
1.1643535 1.3243473 3.0067153
1.1638837 1.3223273 3.0092618
1.163718 1.3228942 3.0104396
1.1624187 1.3217746 3.0094042
1.161378 1.3194451 3.009146
1.1622695 1.3172416 3.0081462
1.1607377 1.3181515 3.0091855
4.98911 0.3996 0.27416
1.290428 1.8062686 2.1821899
1.2883775 1.8034976 2.1808087
1.2892728 1.8033699 2.1813039
1.2879044 1.8024836 2.1784868
1.2917141 1.8045341 2.181427
1.2911155 1.805672 2.181036
1.2932019 1.8080578 2.1830096
1.2899356 1.8081644 2.1811562
1.2917857 1.8070194 2.1820664
1.2901504 1.8051306 2.1838222
1.2912038 1.8064825 2.183386
1.291307 1.8082013 2.1833569
5.24921 0.34379 3.32525
3.07199 0.58022 5.63466
4.47191 0.68989 1.19517
4.0332384 1.8748064 2.4537438
4.0317286 1.8726261 2.4535577
4.0289244 1.8732396 2.4515129
5.5743568 1.2149637 2.5358825
5.5738417 1.2140414 2.5354187
5.5745458 1.2159342 2.5318078
5.5752335 1.2145997 2.5292839
5.5761484 1.2165651 2.5294137
5.5751982 1.2149382 2.5297982
5.5740459 1.2163417 2.5349227
5.5752313 1.2153736 2.5305456
2.4079077 1.6990433 3.6925861
2.4056048 1.6970141 3.6916208
2.4045271 1.6970269 3.6908089
2.4046844 1.6966109 3.6925834
2.405555 1.6958169 3.6931189
2.4070939 1.6953537 3.6944852
2.4078831 1.6928185 3.6918824
2.4078452 1.6961155 3.6923786
2.406599 1.6966914 3.6928862
2.4030189 1.6979469 3.690736
2.4051607 1.6951963 3.6899809
2.4057718 1.697778 3.6893488
2.4066048 1.6996987 3.6860659
2.4054512 1.7025694 3.6857807
2.402322 1.7001196 3.6851943
2.4039554 1.698891 3.6884496
3.7823982 1.0407321 2.2813487
3.7798992 1.0420958 2.2816712
3.7784013 1.0430836 2.2877065
3.7793822 1.0415866 2.2866242
3.7792791 1.0408998 2.2867437
3.7817228 1.0398381 2.2837078
2.13393 1.14015 1.06492
3.7780565 1.0451958 2.28655
3.7784802 1.0451837 2.2865369
3.7783508 1.0426549 2.2861704
3.7767674 1.0424898 2.2868776
3.7752381 1.0426135 2.287461
4.5044342 0.76923253 1.9673229
4.5081497 0.76706161 1.9615945
4.5101619 0.76751054 1.95662
4.5150426 0.76599714 1.9535158
4.5147888 0.76601969 1.9520659
4.5110411 0.76541327 1.9564935
4.5098201 0.76560584 1.9557186
4.5079683 0.7666968 1.960851
4.5085769 0.76756395 1.9585497
4.5070994 0.7667596 1.9606457
4.5024124 0.76704066 1.9603079
3.1212565 1.0334928 5.8848194
3.120981 1.0339572 5.885698
3.1230113 1.035787 5.8843617
3.1225944 1.0378907 5.8853418
3.1216783 1.0374748 5.8865342
3.1240229 1.0360898 5.8834193
3.12195 1.0336931 5.8875637
3.1207347 1.0339564 5.888932
3.1215043 1.0358432 5.8887505
3.1245024 1.0387657 5.8869258
3.1264447 1.0382377 5.8854791
3.1253716 1.0372509 5.8876955
3.1218936 1.0342424 5.8903997
3.120464 1.0338738 5.8895692
3.1177042 1.0313922 5.8897745
3.1192274 1.0352681 5.8892034
3.1173872 1.0353589 5.8867131
3.1220608 1.0356517 5.885244
3.1205782 1.0323606 5.8854601
3.1248432 1.0332565 5.8839117
3.1229245 1.0330963 5.8847029
3.1217707 1.0351409 5.8820261
3.119125 1.035388 5.8846376
3.1174693 1.0341039 5.8862572
3.118266 1.0354691 5.8867628
1.1369613 0.62731368 1.5609884
1.1407644 0.62767634 1.5552343
1.1480643 0.62616526 1.5461057
1.1470633 0.62538348 1.5478513
1.1470521 0.6242297 1.5476227
1.1425094 0.62487744 1.5518315
1.1449817 0.6256259 1.5484067
1.144793 0.62382488 1.5489395
1.1449039 0.62170306 1.5505678
1.1494369 0.61988281 1.5466832
1.1491169 0.61915381 1.5467178
1.1495101 0.61934802 1.5443016
1.1431296 0.62278147 1.5506603
1.1412914 0.62281823 1.5518963
1.142527 0.62707509 1.5521451
1.1411449 0.62407388 1.5539466
1.1417055 0.6254962 1.5541011
1.1394075 0.62523948 1.556567
1.1431909 0.6279765 1.55259
1.1406165 0.62909226 1.5554051
1.1389925 0.62651259 1.5575047
1.141559 0.62636329 1.5532778
1.1650134 1.3219418 3.0131459
1.1621803 1.3223224 3.009999
1.1609389 1.3212449 3.011112
1.161429 1.3228384 3.0078762
1.1611576 1.3209042 3.0126351
1.1610627 1.324411 3.0102134
1.1589918 1.3256767 3.009887
1.1575195 1.3248371 3.0076654
1.1621683 1.3265566 3.0064489
1.1632281 1.3268817 3.0086798
1.1629232 1.326465 3.0098684
1.1634558 1.3226823 3.0092691
1.1622701 1.3194582 3.0085518
1.1637201 1.317197 3.0085088
1.16258 1.3197718 3.0098302
1.1602791 1.3215431 3.0097723
1.2894662 1.8065385 2.1825253
1.2858033 1.8028068 2.1798974
1.2860573 1.8025081 2.1798901
1.2856638 1.8037059 2.1778099
1.2898374 1.8058463 2.181192
1.2898267 1.8074292 2.1811394
1.2908721 1.808925 2.1811636
1.2901126 1.8060284 2.1825846
1.292444 1.8069394 2.1821909
1.2912393 1.8044078 2.1844965
1.2917888 1.8067378 2.183236
1.2898477 1.8063133 2.1833912
2.07359 1.95735 5.27931
4.0292682 1.8724753 2.4551116
4.0294596 1.8716374 2.4540061
4.0317053 1.8726127 2.4538569
4.0304076 1.8734236 2.4537027
4.030658 1.872947 2.4528402
4.0307748 1.8720821 2.4542171
5.5741565 1.2163107 2.5341469
1.94108 1.23814 4.077
5.5757308 1.2145092 2.5267266
5.5751467 1.2150392 2.5278099
2.410623 1.6999633 3.6927695
2.4103515 1.698813 3.6918967
2.4103516 1.6999238 3.6916801
2.4071383 1.7007887 3.6931424
2.4057744 1.6985885 3.689419
2.4047685 1.6990853 3.6909005
2.4039463 1.6988949 3.6900967
2.4034506 1.6980673 3.6927842
2.4058859 1.695239 3.6915225
2.407293 1.6921117 3.6916475
2.409358 1.6953011 3.6897644
2.4058701 1.6973464 3.69043
2.4042369 1.6989076 3.687297
2.4062905 1.6989183 3.6872004
2.406556 1.7003594 3.6874412
2.4053958 1.7021266 3.6871034
2.4051026 1.701931 3.6864495
2.4031889 1.6990804 3.6842913
2.405334 1.6993819 3.6862259
2.4074835 1.7003466 3.6872422
2.4069018 1.7012332 3.6905116
2.4084962 1.7001507 3.6905395
2.4031638 1.6972336 3.6927666
2.4050283 1.6962128 3.6926476
2.4031949 1.6974826 3.6922346
2.4060778 1.6971393 3.6924706
2.405703 1.6971727 3.6922042
1.86721 1.47628 5.3622
2.4057688 1.6969617 3.6935963
2.4049468 1.698069 3.6937497
1.64998 1.29848 0.33278
4.5086967 0.76865655 1.9592619
4.5124409 0.76642432 1.9561269
4.5098574 0.76645252 1.9560208
4.5111009 0.76423649 1.9563986
4.5071564 0.7648266 1.9570033
4.5078618 0.76449847 1.9586801
4.5091966 0.76477506 1.9580195
4.5065042 0.76578715 1.9629671
4.5048043 0.76611846 1.9633024
4.5053432 0.76533111 1.9645081
4.5043605 0.76643278 1.9615359
4.5065672 0.76522364 1.9603119
3.1231374 1.0366264 5.8835396
3.1225016 1.0361054 5.8847973
3.1211678 1.0366217 5.8852483
3.1197194 1.0352815 5.8866378
1.87861 2.02252 2.257
3.119007 1.035362 5.8865319
3.1214814 1.0358031 5.8862275
3.1227582 1.0353642 5.8867527
3.1235203 1.0359573 5.8860556
3.12464 1.0366632 5.8856961
3.1225446 1.037752 5.8860037
3.1210349 1.0353532 5.8868081
3.1190823 1.034073 5.8851616
3.1215948 1.032451 5.8835828
3.1223972 1.0337154 5.884717
3.1206932 1.0345744 5.8837997
3.1213034 1.0353295 5.8862759
3.1212747 1.0341973 5.8867455
3.1241096 1.0357255 5.8876205
2.12699 1.5766 4.6473
3.1195462 1.0368948 5.8847253
3.1193903 1.0348944 5.8868004
1.8274646 2.3710158 4.3193949
1.8308871 2.3710856 4.3222607
1.1412253 0.63013591 1.5613821
1.1437188 0.62886743 1.5529833
1.1488458 0.62648255 1.5421741
1.1480563 0.62662906 1.5407945
1.53021 1.03915 3.90654
1.1435293 0.62819225 1.5474704
1.1453081 0.62758059 1.546986
1.1460944 0.62506779 1.5472544
1.1425929 0.62140534 1.5531313
1.1443186 0.62180044 1.5507122
2.71828 1.60124 1.06355
1.1477279 0.62273416 1.5449623
1.8208843 1.3327048 3.8639032
1.1410974 0.62462119 1.5532479
1.1433168 0.62742477 1.5513342
1.141445 0.62378696 1.5529028
1.1446102 0.62432748 1.5490092
4.37145 1.13027 2.60476
1.1407891 0.62929573 1.5553107
1.1416858 0.6273661 1.5571403
1.1398061 0.62584717 1.5601147
5.4932 2.41143 3.50544
1.1635187 1.3204773 3.0092991
1.1624271 1.3224002 3.0085918
1.1615405 1.3238323 3.0101201
1.1613993 1.3247335 3.0101788
1.1615003 1.3241671 3.0121032
1.1607683 1.324103 3.0093243
1.1623081 1.3245771 3.0069091
0.38576 2.22806 5.27168
1.1652003 1.3234445 3.0063024
1.1621153 1.3262303 3.0089936
1.1614166 1.3245127 3.0075616
0.29242 1.5343 4.00003
1.1656116 1.3189049 3.0095262
1.1673737 1.3211598 3.0094679
0.04815 0.53686 0.24952
1.1642139 1.3248159 3.00888
1.1636851 1.3240599 3.0090084
1.2870342 1.8019627 2.1807209
1.2861262 1.8030618 2.1811668
1.2869745 1.8038899 2.1799804
1.2882625 1.80611 2.1810624
0.95752 2.0831 1.11393
1.80455 0.96006 4.22511
1.2914897 1.8071815 2.181452
1.2921437 1.8099013 2.1805509
1.2914683 1.807054 2.1836519
1.2912911 1.8103214 2.1826195
1.2901105 1.8098063 2.1829128
4.0283153 1.871829 2.4546009
4.0297154 1.8721118 2.4552507
4.0275941 1.8733095 2.4531857
4.0324924 1.8727609 2.4542687
4.0311813 1.8737672 2.4532361
4.0321145 1.8720047 2.4544241
5.01338 1.15001 3.44488
4.0295339 1.8737449 2.4525637
2.413097 1.7010735 3.6952881
3.42372 1.00638 0.41458
2.4085423 1.7014841 3.6916693
2.4091823 1.7038365 3.6935119
2.4094448 1.7009214 3.693687
2.4116546 1.7003704 3.6921406
2.4093815 1.6984338 3.6922492
2.407436 1.6970904 3.689752
2.4066995 1.6979993 3.6920693
2.4051865 1.6982387 3.6898882
2.404101 1.6986223 3.6924666
2.4045518 1.6965213 3.6904293
2.4048939 1.6951944 3.6930079
1.48566 2.49667 4.07893
4.77678 1.98465 3.38527
2.4056589 1.6963728 3.6885939
2.4041813 1.6968947 3.6887344
2.4061992 1.6984283 3.686467
2.4059159 1.7032261 3.6867002
2.407417 1.7030619 3.6860296
2.4046887 1.699377 3.6870413
2.4063583 1.698781 3.6891124
0.06932 1.49659 4.96451
2.4084735 1.7006653 3.6920121
2.4085293 1.6996287 3.6920991
2.4054369 1.6966175 3.6942826
2.4070062 1.6975931 3.6927064
2.4049896 1.6981775 3.6921906
2.4069057 1.6971417 3.6914018
2.4047121 1.697475 3.6915233
2.4072545 1.6976612 3.6917666
2.4066452 1.6985095 3.6934587
2.406437 1.6969053 3.6938682
2.4030726 1.696312 3.693674
4.5134988 0.76842065 1.9530755
4.5134346 0.76860049 1.95251
4.508741 0.7691515 1.9550868
4.5113036 0.76693584 1.957214
4.5111385 0.76718294 1.9563742
4.5103849 0.7663615 1.9567227
4.5062644 0.76560443 1.9587878
4.5069577 0.76465705 1.9610876
4.5065401 0.76316413 1.9628395
4.5053693 0.76366237 1.9652992
4.5033022 0.76384927 1.9615294
4.5032514 0.76393757 1.96039
4.5070816 0.76469738 1.9540756
3.1210448 1.034353 5.8851937
3.1189596 1.0355642 5.887254
3.1178705 1.0355789 5.8886684
3.1190072 1.0369447 5.8874119
3.1195932 1.0364742 5.8860907
3.1229572 1.0367677 5.8848243
3.1238774 1.0375857 5.885115
3.1241607 1.0361766 5.8840971
3.1230777 1.0337977 5.8846902
3.1204902 1.0330594 5.8851932
3.1243417 1.0325681 5.885141
3.1210279 1.0339662 5.8862976
3.1248754 1.0339759 5.8838494
3.1202368 1.0347312 5.8860165
3.1215084 1.0357145 5.8848958
3.1199276 1.034105 5.8863389
3.1203442 1.0322913 5.8877822
3.1212402 1.0345691 5.8870835
3.1220907 1.0326646 5.8881489
1.8227476 2.3723713 4.3129739
1.8244605 2.3727785 4.314935
1.8229181 2.373067 4.3149547
1.8279028 2.3727346 4.3209054
1.8267599 2.3725871 4.3194033
1.7965318 1.306256 3.8820222
1.7981043 1.3041782 3.8798558
1.7959857 1.3023248 3.8799416
1.7973736 1.3027189 3.8773444
1.7941886 1.3017811 3.8789147
1.7945229 1.3036515 3.8766645
5.85668 1.68063 2.85262
1.7955286 1.3041054 3.8787615
1.7965211 1.3064626 3.8782693
1.7943743 1.3036258 3.8801185
1.8076331 1.3203741 3.8705809
1.808819 1.3195565 3.8715977
3.02779 1.43744 0.55111
1.7961249 1.3028404 3.8803199
1.7943707 1.3037531 3.8820773
0.04784 2.37743 2.4921
0.37831 1.93893 5.47846
1.7965777 1.3047856 3.8786531
1.7956062 1.3045564 3.8775912
1.7942477 1.3007534 3.8811018
1.1635309 1.3209779 3.0056035
1.1640684 1.3214032 3.0083896
1.1631945 1.3208344 3.0106836
5.79661 1.81581 3.47741
1.1603981 1.3203774 3.0114688
1.1620549 1.3234171 3.0099054
1.1622394 1.3233347 3.0107167
1.1627193 1.3229375 3.0070589
1.1587516 1.3234773 3.0097248
1.1617773 1.3247565 3.0082337
1.1606726 1.3282995 3.0100657
1.1626484 1.3247435 3.0087095
1.1618644 1.3268035 3.0112874
1.1638081 1.3195442 3.009426
1.1665074 1.3250708 3.0100836
1.1672603 1.3239549 3.0101136
1.1661564 1.3299303 3.0082178
1.1655501 1.3268861 3.0083324
1.1645506 1.3259217 3.006861
1.2858877 1.805422 2.1807702
1.2876155 1.8064628 2.1806903
1.2886431 1.8094995 2.1806636
4.6827725 1.4029453 2.8327237
4.6831877 1.4055484 2.8330709
4.6845494 1.4068292 2.831104
4.6849684 1.4089978 2.8337623
4.6840387 1.4056605 2.8310219
4.6837886 1.4074932 2.8308993
5.21183 2.14281 3.0175
4.0293617 1.8721688 2.4560108
4.0310403 1.8725155 2.4557759
4.0278382 1.8726128 2.4547471
4.031184 1.8729977 2.457133
5.23187 1.57066 3.88851
4.0310355 1.8733785 2.4575003
4.0327627 1.8740636 2.4541349
4.0335004 1.8729699 2.4547606
2.410514 1.7012594 3.6935659
2.4083306 1.7047135 3.6918516
2.4067502 1.7017286 3.6920023
2.4083198 1.7008747 3.6932336
2.4054197 1.6995358 3.6944865
4.72596 1.50885 0.42386
2.4054084 1.7008596 3.6916799
2.4065542 1.6992985 3.6908317
2.4072071 1.698194 3.6901241
2.4054574 1.6992735 3.6900006
2.4051208 1.6984077 3.6896407
2.4025154 1.6962383 3.6890009
2.4047684 1.696641 3.6879253
2.4041699 1.695797 3.6880749
2.4062561 1.6985101 3.687736
2.4060875 1.6973774 3.6873679
2.4059124 1.6989702 3.6894415
2.4061104 1.6991992 3.6916595
2.404769 1.7010775 3.6940846
2.4044532 1.7000566 3.6921021
2.4046652 1.6996239 3.6890011
2.4076094 1.6998273 3.6875431
2.407275 1.7003851 3.6877871
2.409537 1.7009197 3.693604
2.4082956 1.6988651 3.694139
2.4053755 1.6984307 3.6944864
2.4062069 1.6996244 3.6917073
2.4047545 1.6989278 3.6910881
2.4052031 1.6994884 3.6908352
2.405148 1.6971235 3.6914464
2.4075215 1.696067 3.6902025
2.4058886 1.6984336 3.6906917
2.4053002 1.6971829 3.6911391
2.4028396 1.6972116 3.6924752
4.5162572 0.76856986 1.9520615
4.5141284 0.76801409 1.9541686
4.5114136 0.76758336 1.9550801
4.5117208 0.76640981 1.9571524
4.5089104 0.76695521 1.9588689
4.5094499 0.76437585 1.9570258
4.5036183 0.76442837 1.9600528
4.5053539 0.76413109 1.9588428
4.5060258 0.76404361 1.9596783
4.5082566 0.76624212 1.9615495
4.5103242 0.76419551 1.9581345
4.5075892 0.76488977 1.9591628
4.5096625 0.76365411 1.9536535
3.1189378 1.0339978 5.8861945
3.1168875 1.0332011 5.887303
3.1149881 1.0338474 5.8874898
3.114547 1.0348044 5.888438
3.1173647 1.0367087 5.885822
3.123192 1.0359268 5.8837048
3.1211826 1.0347911 5.884907
3.121242 1.0325505 5.8816774
3.1179678 1.0323145 5.8855671
3.1199736 1.0323991 5.8829835
3.1258151 1.0336085 5.881974
3.1234586 1.033768 5.8827164
3.1276188 1.0352983 5.8814124
3.1230971 1.0342109 5.8863058
3.1242921 1.0345356 5.8860669
3.1207355 1.0339387 5.8869771
3.121272 1.0349854 5.88903
6.03031 1.95383 1.86037
1.34528 2.20095 1.81481
1.8255352 2.3730493 4.3175933
1.8251109 2.3708249 4.3168956
1.8213151 2.372632 4.316374
1.8273103 2.3722762 4.3206185
1.8258283 2.372955 4.3194648
1.7959899 1.3086578 3.88128
1.7962358 1.3089452 3.8803304
1.7958913 1.3069112 3.8803523
1.7975787 1.3058189 3.8793636
1.7979222 1.3041929 3.8799893
1.7972039 1.3074621 3.8784722
1.7974256 1.3080627 3.8780173
1.7932394 1.3079475 3.8810539
1.7946636 1.3069445 3.8785269
1.7932094 1.3047201 3.8802443
1.7932648 1.3024453 3.8777316
1.7928175 1.3026897 3.8809636
1.7923779 1.302921 3.8820313
1.7956703 1.3032268 3.8812977
1.7948277 1.3029339 3.880916
1.7949524 1.3016491 3.8812046
1.7943108 1.3060704 3.8801077
1.7965983 1.3055679 3.8812695
1.7961533 1.3064103 3.8791279
1.7945879 1.3034653 3.8808015
1.793991 1.304386 3.8791252
1.1626494 1.3210287 3.0060102
1.1627606 1.3186037 3.0082862
1.1577168 1.3198346 3.0098375
1.1598109 1.320131 3.0133096
1.1589757 1.3227756 3.0120461
1.1622744 1.3229703 3.0104821
1.1643528 1.323091 3.0067059
1.1646531 1.3241425 3.0082905
1.1664314 1.3239859 3.0072561
1.1609233 1.3250478 3.0111949
1.1610016 1.3226589 3.0104282
1.1608515 1.3230189 3.0107502
1.1643491 1.3208678 3.009588
1.1668822 1.3248551 3.0071276
1.167854 1.3245819 3.006617
1.1664965 1.3278152 3.0070549
1.1653269 1.3266932 3.0083172
1.1636554 1.3263477 3.0076912
1.1635866 1.3237852 3.0078791
4.6816797 1.4065028 2.8333298
4.6830157 1.4041226 2.8329206
4.6821631 1.4061628 2.8330315
4.6827207 1.4063203 2.8316556
4.6810269 1.4075886 2.8312235
4.6808986 1.4064684 2.8325997
4.6817463 1.4075331 2.8307373
4.6818904 1.4088166 2.8299713
4.6810829 1.4110481 2.8263723
4.0311782 1.870113 2.4561351
4.0306701 1.8708442 2.4545857
4.030624 1.8728603 2.4557074
4.0315049 1.8757549 2.4555026
4.0331803 1.8745028 2.4576411
4.031783 1.874434 2.4574435
4.0313462 1.874078 2.454274
4.0291418 1.8725727 2.4549437
4.029637 1.8724917 2.4545093
2.408679 1.7043032 3.6912846
2.4056042 1.7025515 3.6912144
2.404574 1.7018736 3.692393
2.4044737 1.7001512 3.6971811
2.4070732 1.699867 3.6955522
2.4076994 1.6995314 3.6939468
2.4067493 1.6994373 3.6914074
2.4067341 1.6991695 3.6904771
2.4048942 1.6987249 3.6916624
2.405276 1.6994866 3.6891332
2.4015772 1.6996166 3.6889635
2.4038541 1.7005676 3.6874083
2.4035163 1.6993254 3.68894
2.4059668 1.6994522 3.6904905
2.4060821 1.6980981 3.6926377
2.4072491 1.6964262 3.6942104
2.4067029 1.6976824 3.692347
2.4058413 1.7001908 3.6915605
2.4046039 1.7003364 3.6914228
2.403614 1.7012714 3.6889641
2.4043119 1.6998238 3.6900361
2.4050151 1.6991478 3.6897873
2.4052958 1.7010589 3.69464
2.4071513 1.6981342 3.694054
2.4062038 1.6985409 3.6943847
2.407867 1.6996526 3.6919914
2.4053453 1.6992615 3.6924592
2.4051435 1.6983471 3.6902535
0.12903 0.44255 5.40595
2.405811 1.6989184 3.688374
2.4066901 1.7009774 3.6914543
2.4067129 1.7000803 3.691694
2.4035332 1.6982385 3.6930399
4.5099954 0.76847421 1.9577538
4.5085051 0.76801563 1.9591264
4.5075035 0.76778745 1.9600228
4.51233 0.76876495 1.9559916
4.511927 0.76794264 1.9553805
4.5126623 0.76599207 1.9526487
4.5066622 0.7636482 1.9543081
4.5086656 0.76339154 1.9531574
4.5085999 0.76461308 1.9554835
4.5102048 0.76745296 1.9581742
4.5095853 0.76439506 1.958791
4.5073997 0.76441718 1.9596312
4.5085284 0.76379311 1.9564818
4.5093775 0.76715191 1.9555635
5.20605 1.13625 5.87998
3.1173052 1.0363153 5.8887813
3.1180548 1.0351889 5.8878531
3.1196423 1.0361342 5.8857313
3.1238267 1.0353692 5.8848201
3.1214794 1.0350557 5.8864359
3.1204828 1.0346127 5.8826134
3.1179731 1.033994 5.8842138
3.1207807 1.0308936 5.8810469
3.126798 1.0328008 5.8818331
3.1251311 1.0329304 5.881912
3.1262012 1.0374507 5.8820591
3.121979 1.0359044 5.8845049
3.1253378 1.0348703 5.8848176
3.1229495 1.0330222 5.8857116
3.1231243 1.0340182 5.8851779
1.8236341 2.3741996 4.3161786
1.8262728 2.3724542 4.3178609
1.8263424 2.3739889 4.3193406
1.8258637 2.3717427 4.3177475
1.8238361 2.3730668 4.3175033
1.8272316 2.3703896 4.3176966
1.8248608 2.3719931 4.3174135
1.7975338 1.3079145 3.8796428
1.796392 1.3070565 3.8786891
1.7935833 1.3067502 3.8817082
1.7941194 1.3072441 3.8810552
1.7950117 1.3063957 3.8813422
1.7963637 1.306354 3.8799974
1.7977418 1.3048681 3.8756186
1.7941541 1.3055245 3.8798071
1.7935033 1.3048076 3.8805178
1.7909447 1.3075523 3.8841591
1.7934272 1.3056647 3.881147
1.7930509 1.3046735 3.8812015
1.794907 1.302382 3.8791607
5.22862 1.45405 2.11056
1.7940321 1.301753 3.8791876
1.7930191 1.3023249 3.8800476
1.793499 1.3051175 3.8788265
1.7941441 1.3065937 3.8766847
1.7939492 1.3067689 3.8775425
1.7938399 1.3043233 3.8788986
1.7945214 1.3030862 3.8811384
1.1627753 1.3222388 3.0089849
1.162813 1.3191218 3.0081685
1.1578075 1.3189074 3.0088607
1.1594422 1.3190861 3.0093452
1.159106 1.3218074 3.0103219
1.1625987 1.3223018 3.0099622
1.1652701 1.3228789 3.0078182
1.1631174 1.3235809 3.0091344
1.1649507 1.3244764 3.0098554
4.67124 0.7289 0.41685
1.1649837 1.3234406 3.0129546
1.1630548 1.3225472 3.0108258
1.165531 1.3237027 3.0094971
1.1645579 1.3231214 3.0070401
1.1648469 1.3260906 3.0085066
1.161831 1.3282902 3.0097057
1.1600489 1.3282406 3.0119429
1.1595378 1.3269266 3.0109906
5.16114 1.03361 4.00371
4.6826278 1.4060069 2.8327954
4.6832155 1.4056746 2.8316094
4.6821531 1.4068741 2.8300702
4.6807094 1.405092 2.8291025
4.6793434 1.4065878 2.8302178
4.6791044 1.4052974 2.8324343
4.6799457 1.4061235 2.8316796
4.6818981 1.4063202 2.8301324
4.6811614 1.4083735 2.8284265
4.0341072 1.87264 2.4559744
4.0327954 1.8739924 2.4547196
4.0346848 1.8725965 2.4577151
4.0318136 1.8731166 2.4558659
4.0343428 1.8737944 2.4593264
4.03113 1.8752061 2.4559019
4.0334612 1.8759174 2.4561019
4.0322477 1.873568 2.4561318
4.0331318 1.872611 2.4552584
2.4037697 1.7019816 3.6917562
2.4047593 1.7002869 3.6921815
2.4037001 1.6970952 3.6929856
2.4038555 1.6978625 3.6934965
2.4021373 1.700216 3.692063
2.405808 1.7000471 3.6923191
2.4049201 1.6993464 3.6909538
2.4087835 1.6999071 3.6907971
2.4061545 1.6986268 3.6916621
2.4061718 1.7000941 3.6875043
2.4054262 1.6980379 3.6875827
2.4044153 1.6984568 3.6861938
2.4050009 1.69868 3.6879659
2.404657 1.6989572 3.6893611
2.4051945 1.7000444 3.69079
2.4063356 1.6987567 3.691887
2.4079004 1.6999458 3.6935921
2.4070364 1.7007923 3.6923052
0.60657 0.20308 3.16345
2.4062703 1.7026462 3.6875403
2.4058561 1.7015611 3.6888234
2.4065299 1.700024 3.6883582
2.4061726 1.699386 3.6919199
2.4074823 1.6969563 3.691766
2.4035105 1.6991038 3.6928405
2.4033029 1.7001082 3.6921099
2.4022239 1.6998844 3.6924174
2.4065857 1.6983746 3.6922096
2.4071231 1.6973402 3.6914711
2.4092606 1.6985551 3.6910366
2.4068429 1.7003321 3.6928939
2.4072175 1.7020901 3.6916563
2.4055065 1.7004321 3.6927024
4.5074393 0.77046344 1.9614302
4.5091625 0.76866381 1.9582261
4.5092161 0.76868793 1.9602016
4.5147168 0.771052 1.9540341
4.5139857 0.77005639 1.9539796
4.512329 0.76828759 1.9518551
4.507491 0.76464763 1.95258
4.5093739 0.7648191 1.952036
4.5098986 0.76786202 1.9528683
4.5135129 0.76879216 1.9526497
4.5085164 0.76745716 1.9590671
4.5104577 0.76491625 1.9571606
4.5087475 0.76435112 1.9591992
4.5100884 0.76690935 1.9570266
3.1195849 1.0348625 5.8857554
3.1166831 1.0342502 5.8864995
3.1183668 1.0345753 5.88608
3.1200586 1.0359155 5.887517
3.1256947 1.0354962 5.8867577
3.124484 1.0334909 5.8873568
3.1226898 1.0321266 5.8863842
3.1210965 1.0344255 5.8856946
3.1223315 1.0342441 5.8857618
3.1252725 1.0371517 5.8857833
3.123346 1.0353596 5.8858703
3.1227389 1.0369826 5.8833322
3.1217401 1.0339359 5.8814403
3.1261821 1.0331247 5.8818696
3.1250248 1.0314878 5.8836695
1.820167 2.3703038 4.3156966
1.73839 1.43892 6.20839
1.8239086 2.3735672 4.3156553
1.8244256 2.3759485 4.3189969
1.8263896 2.3728089 4.3214321
1.8287425 2.370985 4.3242371
1.8302723 2.369314 4.3224051
1.8312338 2.3708841 4.3238308
1.7911353 1.307334 3.8797041
1.792255 1.3063124 3.8770094
1.7908573 1.307071 3.8806134
1.795143 1.3057819 3.8798632
1.7980916 1.3073599 3.8807236
1.8008665 1.3063586 3.8784136
1.7998753 1.3056286 3.8758473
1.7957647 1.3064265 3.8792686
1.7943832 1.3057201 3.8798534
1.7936564 1.3057457 3.8818482
1.7964478 1.3063868 3.8815118
1.7941896 1.3040956 3.8821826
1.794615 1.3048935 3.8796994
1.7932114 1.3017788 3.8789467
1.794523 1.302094 3.8781749
1.792714 1.3017794 3.8795332
1.7932667 1.3047069 3.8818323
1.7940924 1.3089977 3.8791158
1.7946948 1.309141 3.8799514
1.7952561 1.3081391 3.8776505
1.7958189 1.3058808 3.8805077
1.7969318 1.3057565 3.8782562
2.98617 2.08795 3.1363
1.1601353 1.3204623 3.006967
1.1601536 1.3213782 3.0079771
1.1604415 1.3226932 3.0088197
1.1615894 1.3218826 3.0089302
1.1649874 1.3228926 3.0055324
1.164205 1.3220788 3.0054866
1.16658 1.3242845 3.006158
1.1618661 1.3217938 3.0083708
1.163795 1.3228672 3.0121186
1.1619654 1.3205616 3.0111505
1.1639138 1.322246 3.0104244
1.1628696 1.3214737 3.0082391
1.1641897 1.3245075 3.0070336
1.1594834 1.324545 3.009473
1.1572693 1.3257709 3.0117495
1.1562087 1.3254032 3.0127967
0.30215 2.06401 0.79047
4.6777979 1.4062762 2.8334431
4.6784648 1.4076165 2.8340422
4.6805974 1.408286 2.8309074
4.6820823 1.408337 2.8305251
4.6813264 1.4081484 2.8295132
2.84827 2.22229 6.1055
4.678744 1.4059563 2.8330167
4.6806775 1.4078883 2.8315572
4.6788937 1.4099669 2.8311283
4.0309724 1.8726837 2.4524328
4.0304576 1.8738164 2.4525467
4.0333374 1.8741924 2.4556255
4.0336528 1.8761644 2.4555024
4.0389895 1.8761488 2.4613197
4.0347887 1.8746354 2.4587331
4.0331789 1.8741398 2.4592508
4.0303302 1.8716782 2.4550479
4.0286371 1.8712204 2.4535108
2.4053859 1.6991246 3.6932353
2.4049579 1.7009698 3.6926975
2.4026303 1.6984911 3.6935621
2.4055689 1.6986387 3.6934214
2.4035133 1.6987088 3.6911164
2.4078922 1.6983881 3.6902921
2.4031879 1.6994405 3.6892563
2.4079176 1.699299 3.6908701
2.4050495 1.6987411 3.6916685
1.66235 2.10236 1.55888
2.4025416 1.698791 3.6900601
2.4006239 1.7016763 3.6881945
2.4026074 1.7019151 3.6884335
2.4012656 1.7019684 3.6924609
2.4032509 1.7009036 3.6945187
2.405111 1.7009694 3.695692
2.408331 1.7029602 3.6952539
2.4079479 1.7028606 3.6927497
2.4083415 1.7034932 3.6916747
2.406253 1.7016457 3.6880284
2.4058422 1.7020944 3.6889678
2.4034442 1.7003365 3.6902363
2.4041695 1.7004316 3.6924202
2.4049116 1.7005597 3.6898149
2.4033037 1.7003721 3.689416
2.402912 1.6996747 3.6905895
2.4007869 1.6980859 3.6915916
2.4047922 1.6951971 3.6915635
2.404444 1.6952175 3.6900594
2.4100706 1.6965006 3.6904504
2.4083274 1.7019152 3.6916935
0.04908 1.53396 4.83129
2.4056289 1.7023365 3.6931557
4.5068066 0.7660853 1.9611438
4.5084733 0.76777232 1.9591251
4.5110531 0.7686894 1.9576729
4.5151436 0.7681628 1.9501972
4.5174749 0.76716961 1.9486111
4.515 0.76552637 1.9509858
4.5131842 0.76494507 1.95213
4.5085937 0.76619328 1.9567571
4.5058704 0.7687228 1.9596545
4.5084901 0.77085169 1.9592544
4.5071 0.76976614 1.9621455
4.5091541 0.76672551 1.9590882
4.5066104 0.76474479 1.9606282
4.5086069 0.76448456 1.9577747
3.1196025 1.0379352 5.8875229
3.1191021 1.0363164 5.8877699
3.1205343 1.038877 5.8869423
3.1220671 1.0380072 5.8866415
3.124457 1.0368442 5.8856211
3.1257576 1.0369017 5.886556
3.1231451 1.0359812 5.8872698
3.12273 1.038748 5.8857921
3.1233889 1.0374692 5.8864675
3.1246854 1.037585 5.8840855
3.1233455 1.0372917 5.884886
3.1209359 1.0385486 5.883036
3.1211948 1.0376864 5.8823135
1.84616 0.49874 3.17481
1.8212299 2.3711083 4.3154196
1.8197608 2.3705002 4.3118572
1.8201314 2.373226 4.3102967
1.8233081 2.3758007 4.3127275
1.8236294 2.3760638 4.3168707
1.8259624 2.3719323 4.3196501
3.15307 2.55165 2.23077
1.8361505 2.3696165 4.3261928
1.8338926 2.3712175 4.324454
1.7898619 1.3035122 3.8832183
1.7921143 1.3009747 3.8798991
1.792337 1.3028183 3.8793777
4.43786 0.60437 1.95666
1.7947053 1.3059864 3.8779683
1.7978783 1.3058252 3.8753448
1.7995499 1.3024341 3.8758749
1.7993743 1.3027367 3.8775041
1.7981811 1.3043872 3.880197
1.7950103 1.3062472 3.8804311
1.7955855 1.309705 3.88086
1.7931611 1.307532 3.879554
2.98748 2.55027 2.82138
1.7915251 1.302491 3.8783016
1.7931843 1.30308 3.8784532
1.7940081 1.3047304 3.8793434
1.7930535 1.3063588 3.8793441
1.7929075 1.3077909 3.8758512
1.7935788 1.3065577 3.8790544
1.7954226 1.306793 3.8796714
1.7967378 1.3042979 3.8822644
1.7977045 1.3039822 3.8769007
1.8003035 1.3034917 3.8753791
1.1615745 1.3218265 3.0073055
1.159142 1.3229877 3.0092776
1.1602868 1.3228553 3.0083721
1.1614208 1.3231631 3.0086012
1.1658376 1.3223893 3.0060131
1.1644678 1.3218317 3.0075488
1.1634144 1.3223066 3.0100957
1.1616053 1.3239753 3.010771
1.1632894 1.3241855 3.0129584
1.1622147 1.3233078 3.0115859
1.1629559 1.3213483 3.010012
1.161766 1.3217312 3.0107287
1.1625286 1.3240525 3.0101762
1.1593261 1.3256364 3.0128113
1.1572851 1.3255253 3.0123427
4.6847715 1.4031366 2.8309293
4.6830679 1.4038317 2.8333526
4.6793818 1.4038157 2.8324422
4.6779547 1.4045694 2.8334625
4.6783237 1.40439 2.830543
4.6813268 1.4070474 2.8299772
4.6809649 1.406804 2.8302979
5.51621 1.62729 1.21276
4.6801941 1.4077996 2.8343392
4.6827838 1.4064645 2.8330932
4.6807217 1.407181 2.8348563
4.0342295 1.8737925 2.4516167
4.0341368 1.8743615 2.4518682
4.0342152 1.871754 2.4547016
4.0314756 1.8735695 2.4536828
0.71262 2.04316 2.07838
4.0346663 1.8766748 2.4580898
4.0336362 1.8745293 2.4589149
4.0343037 1.8729054 2.4565856
4.0314821 1.8718521 2.4543063
3.40288 1.44989 1.12443
2.4042094 1.7003261 3.6939336
2.4019262 1.6983304 3.6953869
2.404551 1.6998606 3.6941857
2.402183 1.699706 3.691504
2.4066839 1.6990828 3.6909027
2.4052198 1.6998728 3.6906249
2.409023 1.6989007 3.6914947
2.4070494 1.6994797 3.6914147
2.4053232 1.6975143 3.6895551
2.4036017 1.6972911 3.689192
2.4025552 1.6984715 3.6899236
2.4026903 1.6983072 3.6891123
2.4023798 1.7002333 3.6920899
2.4038051 1.6988945 3.6911062
2.4063632 1.6994744 3.6957133
2.4078135 1.6990492 3.694764
2.4075511 1.6995364 3.6945531
2.4067559 1.7019383 3.6913937
2.4066157 1.7022735 3.6912908
2.406672 1.7025684 3.6914302
2.406819 1.7011485 3.6934693
2.4070045 1.6996204 3.6919839
2.405654 1.6991108 3.6915237
2.4038925 1.6973241 3.6891809
2.4021786 1.6992011 3.690636
2.4026909 1.6993314 3.6899757
2.4072056 1.6958301 3.6921725
2.4075164 1.6968595 3.6919512
2.4087949 1.6973651 3.6934392
2.4069477 1.702265 3.6924756
2.4071536 1.7019129 3.6928112
2.4047023 1.7023339 3.6911527
4.5069051 0.76575074 1.9591554
4.5092491 0.76679071 1.9565922
4.5154083 0.76845974 1.9517564
4.5153294 0.76653437 1.9512208
4.5170805 0.76669129 1.9496421
4.5134321 0.76614337 1.9529534
4.5137787 0.76713407 1.9542025
4.511425 0.76687509 1.9571958
4.5102465 0.76930554 1.9590432
4.5094758 0.77027596 1.9590052
4.5088946 0.76893971 1.9593474
4.5083223 0.76763218 1.9594713
4.50376 0.76368894 1.961545
4.5010299 0.76198669 1.963099
3.1208722 1.0380022 5.8869699
3.1187659 1.0361446 5.8872505
3.1194421 1.0388958 5.8876004
3.1222128 1.0360489 5.8859025
3.124987 1.0364728 5.8836645
3.1282892 1.0355008 5.8852979
3.1265227 1.0339474 5.8883289
3.1249816 1.0377335 5.8897249
3.1261976 1.039167 5.8884338
3.1247932 1.040364 5.8843476
3.1238249 1.0385769 5.8865074
3.1197867 1.0359841 5.8838273
3.1186383 1.0345796 5.885604
1.826279 2.3730645 4.3218531
3.74657 0.28914 3.51949
1.8219877 2.3709758 4.3130631
1.8233141 2.3707835 4.3118677
1.823363 2.3719308 4.31071
1.8235525 2.3736444 4.3136834
1.8265249 2.3721826 4.3167439
1.8253144 2.3755663 4.320049
1.8333155 2.3721228 4.3251038
1.8310447 2.3741097 4.3236618
1.7930513 1.3062842 3.8830317
4.83067 0.69958 5.34815
1.7933167 1.3031169 3.8751347
1.7926617 1.3031084 3.8745657
1.792687 1.3018005 3.8724993
1.7958808 1.3034888 3.8711317
0.98217 1.35856 4.55242
1.7964508 1.3041074 3.877857
0.99962 1.22275 2.92563
1.7977733 1.30389 3.8796372
1.7996427 1.30593 3.879926
1.33242 1.07038 1.29682
1.7967503 1.3063567 3.8791938
1.7943471 1.3044002 3.88005
1.7931479 1.3039931 3.8797786
1.7951339 1.3042272 3.879876
1.7941532 1.3047397 3.8787992
1.7975551 1.3087743 3.877557
1.7973043 1.3082926 3.8780922
1.7970779 1.3070024 3.8784064
1.7937074 1.3033666 3.8806223
1.7944976 1.3018205 3.8757575
1.7971831 1.3014137 3.8751105
1.7988446 1.3021403 3.8726668
1.162595 1.323353 3.0117827
1.163887 1.3229892 3.0106031
1.1629772 1.3233302 3.0105617
1.1629044 1.3205285 3.0092779
1.1628359 1.322204 3.0086836
1.1604767 1.3213446 3.0102768
1.1598788 1.3243962 3.0109148
1.1622159 1.321969 3.0114013
1.1622026 1.31977 3.0097951
1.1624431 1.3183893 3.0091359
1.1618746 1.3214253 3.008896
1.1629445 1.3236076 3.0083539
1.1617356 1.3244463 3.0094157
4.6828969 1.4016904 2.833596
4.6821524 1.4011652 2.8319074
4.6809731 1.4000178 2.8334437
2.91517 1.18648 2.2096
4.6773435 1.404628 2.8346856
4.6799389 1.4050609 2.8331468
4.6796779 1.4066931 2.8332071
4.6817316 1.4094652 2.8322852
4.6841673 1.4081331 2.831211
4.6821467 1.4073298 2.8334428
4.6829895 1.405397 2.8319069
1.54411 2.03574 4.87656
4.0329269 1.8711581 2.4536352
4.0324765 1.8723551 2.4517777
4.033587 1.8716594 2.4565861
4.0325202 1.8755333 2.4570653
4.0335446 1.8736682 2.4597993
4.0358482 1.8743951 2.4613307
4.0344045 1.8721013 2.458008
4.0333118 1.8711779 2.4557164
4.0301902 1.8711343 2.4541015
4.0313843 1.870058 2.4560358
2.4036693 1.6986743 3.6937344
2.4023738 1.6979339 3.6964962
2.405727 1.6991734 3.6979094
2.4055289 1.6994726 3.6953797
2.4063082 1.6981504 3.69182
2.4035388 1.6977954 3.689894
2.4044646 1.6970207 3.6905937
2.403983 1.6991659 3.6919282
2.4045913 1.69738 3.6921914
2.4027269 1.6976802 3.6914471
2.4021765 1.6996897 3.6906801
2.401503 1.7000972 3.6889268
2.4031833 1.7008593 3.6926738
2.4033098 1.6988228 3.6938263
2.4067586 1.7007004 3.6968145
2.4054405 1.6982929 3.6949317
2.4054794 1.6981356 3.696969
2.4023449 1.6971579 3.693708
2.4040565 1.7007804 3.6926425
2.4040621 1.7018561 3.6903944
2.4060067 1.7024592 3.693147
2.4058977 1.6979577 3.691592
2.4070402 1.699386 3.6925573
2.4073459 1.69873 3.6906304
2.4055926 1.6992905 3.6921932
2.4057737 1.6982826 3.691646
2.4057594 1.6959519 3.691485
2.407114 1.6973986 3.6905856
2.4066774 1.6983546 3.692985
2.4080943 1.701133 3.6915596
2.4046182 1.7022951 3.6933106
2.4044752 1.7012525 3.6920082
4.5060532 0.76158557 1.9589877
4.5063138 0.76458845 1.9612221
4.5107738 0.76580384 1.9567913
4.5094124 0.76513674 1.9564941
4.5122536 0.76505152 1.9515076
4.5102518 0.76627872 1.9558304
4.5098194 0.76792032 1.9584909
4.5034954 0.7675885 1.9641892
4.4996009 0.76797483 1.9664458
4.501115 0.76861564 1.9670201
4.5052385 0.76914116 1.9635848
4.5061941 0.76898431 1.9624107
4.5039542 0.7649194 1.9617094
4.5022145 0.7635921 1.9627149
3.1211113 1.0370351 5.8892557
3.1214061 1.0370937 5.8888242
3.1226324 1.0384371 5.8864385
3.1241491 1.0371008 5.8834114
3.1241424 1.0377817 5.8819619
3.124658 1.035667 5.8845604
3.1235314 1.0364627 5.8872707
3.1215948 1.0377001 5.888452
3.1227584 1.0378679 5.8868504
3.1232146 1.0376909 5.8812916
3.124523 1.0370308 5.8827798
6.24526 0.91188 1.98314
1.8287184 2.3720624 4.322447
1.8286656 2.3717371 4.3212269
1.826646 2.3706332 4.3166781
1.8258849 2.3708247 4.3140167
1.8254779 2.3724227 4.3134667
1.8260762 2.3718339 4.3127943
1.8246781 2.3725338 4.3133445
1.8257636 2.3692178 4.315347
1.8266113 2.3729156 4.3201177
1.8286777 2.3711004 4.3202075
1.8258717 2.3744899 4.3178066
1.7954497 1.3064026 3.8824837
1.7958974 1.3045548 3.8786465
1.7942343 1.3040486 3.87564
1.7949796 1.304328 3.875725
1.7921736 1.3045923 3.8731977
1.7930485 1.3044572 3.871387
1.7916709 1.3020187 3.8762073
1.7954152 1.3037915 3.8796801
1.795715 1.3030255 3.8827471
1.7967054 1.3040424 3.8790969
1.7998179 1.3049177 3.8762177
1.7991604 1.3053076 3.8764323
1.7986411 1.3065118 3.8759656
1.7953958 1.3056691 3.8785939
1.7937207 1.3041827 3.8781945
1.7966536 1.3069815 3.8787683
1.7959127 1.3059614 3.8774396
5.93065 2.54732 4.97568
1.7948787 1.3053608 3.877698
1.7965765 1.3066555 3.8798073
1.7939785 1.3052352 3.881607
1.7952581 1.3030724 3.8782044
1.7954974 1.3037083 3.8767005
1.16756 1.22332 3.72548
1.1642412 1.3257375 3.0098594
1.1613222 1.324349 3.0120693
1.1632555 1.325251 3.0105228
1.1622737 1.3223456 3.0100287
1.1640858 1.3216337 3.0087539
1.1615972 1.3213899 3.0103079
1.1606452 1.3221418 3.0106982
1.1622751 1.3215625 3.0124367
1.1631189 1.3215138 3.0095385
1.1642552 1.3206733 3.0096761
1.1635398 1.3221035 3.0083436
1.5467 2.38385 3.2327
4.6795297 1.4046057 2.8338815
4.6805447 1.4014979 2.8353508
4.6819752 1.4030799 2.8350608
4.6829966 1.4022508 2.8339732
4.6839926 1.4053301 2.8331448
4.6797696 1.4024202 2.8335139
4.682143 1.4042684 2.8330809
4.6771163 1.4055933 2.8353424
4.6788085 1.408563 2.8331562
4.6779664 1.4087133 2.8330173
4.6814676 1.4095569 2.8326546
4.6840628 1.4094503 2.8316128
4.685211 1.4104957 2.831298
4.0353929 1.8706423 2.4561487
4.035725 1.871082 2.4547233
3.96605 1.32653 3.56542
4.0298197 1.8730504 2.4545839
4.030758 1.8740811 2.4558634
4.0313613 1.8756014 2.4563505
4.0328512 1.8735655 2.4551975
4.0319892 1.8724181 2.4559081
4.0313396 1.8720675 2.4565413
4.031971 1.8712686 2.4577652
4.0294631 1.875196 2.4570962
2.4030933 1.6979445 3.6963904
2.4052139 1.6989006 3.6972337
2.4046348 1.698105 3.6960587
2.4064391 1.696429 3.6941788
2.4043733 1.6968742 3.6930157
2.4059488 1.6970009 3.6914975
2.4026838 1.6992386 3.6921653
2.4050897 1.6969835 3.6915962
2.4021379 1.6968241 3.6903612
2.4037261 1.6980507 3.6911131
2.4024577 1.6978517 3.6916511
2.4038983 1.6974857 3.6935408
2.4026057 1.6976929 3.6950591
2.4049364 1.6987216 3.6940353
2.4024934 1.6955023 3.6931092
2.4057967 1.6954822 3.6928622
2.4037118 1.6973064 3.6941344
2.4051789 1.7019205 3.6955898
2.4054364 1.7015593 3.6937337
2.4068436 1.701905 3.6936662
2.4064947 1.6979187 3.6912895
2.406629 1.6987841 3.6929307
2.4064292 1.6958944 3.6911055
2.4073702 1.6978655 3.6905059
0.06154 1.16291 2.36358
2.407187 1.6981875 3.6900002
2.4061577 1.6983478 3.6908126
2.4035346 1.701758 3.6937808
2.403619 1.7008857 3.6929216
2.4008619 1.702323 3.6946019
2.4025054 1.6995214 3.6928679
4.5065441 0.7668464 1.9561719
4.5063561 0.76654364 1.9598048
4.5108298 0.76543954 1.9566492
4.5082145 0.76616893 1.9585043
4.5107097 0.76840655 1.9548037
4.5093102 0.76812727 1.9572058
4.5110178 0.76745785 1.9560043
4.50684 0.76551964 1.9605042
4.5037636 0.76695904 1.9615284
4.5058737 0.76694966 1.9630795
4.5077113 0.76557938 1.961218
4.507497 0.767124 1.9611735
4.5037168 0.7672605 1.9626971
4.5013851 0.76609738 1.9644626
3.1218783 1.0356513 5.8880054
3.1223436 1.0358211 5.888525
3.1223027 1.034576 5.8858364
3.1231808 1.0350756 5.8847291
3.1250045 1.0349392 5.8824972
3.1255609 1.0348992 5.8849835
3.1226351 1.0368487 5.8892058
3.1215571 1.0367351 5.8891934
3.1211239 1.0390506 5.8882311
3.1233841 1.0392456 5.8828142
5.49492 1.35072 3.65773
1.8297111 2.3712495 4.3213215
1.8298201 2.3710202 4.3228224
1.8290483 2.3696335 4.3213987
1.827318 2.3702364 4.3192127
1.8259183 2.3705645 4.3167449
0.05431 1.0255 3.55836
1.8247029 2.3726358 4.3154229
1.8251472 2.3745997 4.3179014
1.8243429 2.3732286 4.3170282
1.8274588 2.3754716 4.3218251
1.8234775 2.3720733 4.3151297
1.8242345 2.3732601 4.3160086
1.8220749 2.3708858 4.3124086
1.7963567 1.3064175 3.8775221
1.7951773 1.3060234 3.875428
1.7959568 1.3033829 3.8762644
1.7926447 1.3027759 3.8765225
1.7932433 1.304286 3.8741958
1.7914827 1.3044284 3.8763143
1.7946407 1.3056491 3.8764166
1.7945715 1.303548 3.8809934
1.7958565 1.3028035 3.8803019
1.7987332 1.3043239 3.8765356
1.7996772 1.3048154 3.8766175
1.8019887 1.3071532 3.8748683
1.7979476 1.3076186 3.8767075
1.7938159 1.3056191 3.8755597
1.7950438 1.306404 3.8756064
1.7938935 1.3036614 3.8760602
1.7996384 1.3078353 3.8767192
1.797499 1.3058879 3.8787298
1.7985135 1.306048 3.8798967
1.7938384 1.3043067 3.881059
1.7966341 1.302558 3.8784704
1.7945419 1.3041125 3.878093
1.7963893 1.3004966 3.8782089
1.7949555 1.3019966 3.8800452
1.162759 1.323381 3.013092
1.1650821 1.3230091 3.0103731
1.1578102 1.3225862 3.0111533
1.1602897 1.3199357 3.0090549
1.1582038 1.3224831 3.0104403
1.1607084 1.3194008 3.0090491
1.1611231 1.3220906 3.011392
1.1618602 1.3204458 3.0094287
1.161821 1.321411 3.0112244
3.13197 1.08377 0.85159
4.6795388 1.4077382 2.8300022
4.6781673 1.4064902 2.8325504
4.6780459 1.4034279 2.8334038
4.6804655 1.4036267 2.8347628
4.6806892 1.4025952 2.8345262
4.6844785 1.4063281 2.831877
2.70424 1.6357 5.6195
4.6833562 1.4069625 2.8319831
4.6792719 1.4074302 2.8340706
4.6805511 1.4105004 2.8327202
4.6800535 1.4097212 2.8321494
4.6845197 1.4085908 2.830556
4.6851515 1.4078723 2.8307192
4.6861141 1.4081323 2.8308652
4.0338934 1.8713945 2.4573773
4.0328718 1.8719183 2.457558
4.0322001 1.8732738 2.4571507
4.0291179 1.8734621 2.456843
4.0325564 1.8734783 2.4573759
4.0299431 1.8731698 2.4565276
4.0308723 1.8720985 2.4534288
4.031128 1.8702356 2.4533497
4.0316107 1.8689863 2.4539755
4.0326539 1.8687687 2.4573674
4.0323768 1.871154 2.4574687
4.031829 1.8703856 2.4555821
2.4050587 1.6978994 3.6958512
2.4058281 1.6985973 3.6927236
2.4065153 1.6953006 3.691228
2.4036883 1.6953092 3.6894291
2.4032815 1.6952479 3.69094
2.401132 1.6996176 3.6913765
2.4056461 1.6981854 3.6933557
2.4030042 1.6985664 3.6943115
2.4059409 1.6983174 3.694743
2.4034764 1.6986181 3.6927587
2.4049051 1.6991694 3.6944233
2.4046914 1.7007943 3.6954891
2.404212 1.7003277 3.6920458
2.4006257 1.7000181 3.6904823
2.12066 1.71635 5.51115
2.400853 1.6984976 3.6948697
2.4045231 1.7000072 3.694517
2.4063668 1.7001939 3.6922637
2.407011 1.6992366 3.6901511
5.63957 1.82411 4.57623
2.4070477 1.6992529 3.6910348
2.4068318 1.6977742 3.6921844
2.4086778 1.7001783 3.691629
2.4063275 1.6981557 3.6913839
2.4064861 1.6996146 3.6898174
2.4053764 1.6992509 3.6907529
2.404154 1.7015542 3.6928666
2.4047679 1.6997611 3.6934581
2.4038378 1.7015922 3.693365
2.4048849 1.6999034 3.6928824
4.5073411 0.76820349 1.9544873
4.5069127 0.76863369 1.9584914
3.54281 0.68984 3.70172
4.5067243 0.76744516 1.9609809
4.5106505 0.77004092 1.9547364
4.5077153 0.76685407 1.957356
4.5071833 0.76642628 1.9565474
4.5035429 0.76420868 1.9604229
4.5004331 0.76390473 1.9622356
4.5039551 0.7667497 1.9617314
4.5070966 0.76730621 1.9601713
4.5093385 0.76853822 1.9584766
4.5094745 0.76846087 1.9603267
4.8473624 2.0654168 0.40537576
4.8453227 2.0653052 0.40518566
4.8489661 2.0665639 0.40696136
4.849268 2.0650947 0.40846251
5.75052 1.51235 0.45911
4.84905 2.06512 0.40888
4.94648 1.21919 2.04497
3.1194942 1.0379042 5.8880879
3.1213286 1.0368892 5.8866545
3.1158717 1.0357796 5.8888481
1.8258004 2.3714815 4.3162628
1.8265692 2.3719468 4.3192582
1.8292273 2.3713838 4.3199643
1.829064 2.3721049 4.3214999
1.8273715 2.3703553 4.3198882
1.8259611 2.3703766 4.3205036
1.8258718 2.3690181 4.3185259
1.8262748 2.3742709 4.3179878
1.8272715 2.3733 4.3145929
1.8282639 2.3761076 4.3196
1.8245758 2.371672 4.3178216
1.8251051 2.3727703 4.3219726
1.8216752 2.3705544 4.3167299
1.8235172 2.3716548 4.3179805
4.21814 1.5569 6.06776
1.7939413 1.3046927 3.8778275
1.7957378 1.305577 3.8762604
1.7981845 1.305749 3.8784064
1.7961644 1.3046276 3.8782926
1.7942302 1.3053022 3.8758333
1.7929392 1.3036374 3.8794271
1.7970701 1.3062473 3.8787479
1.7974988 1.3051331 3.8817338
1.7956589 1.3052462 3.8798421
1.7972142 1.3054372 3.8759571
1.795609 1.3059548 3.8759195
1.7979519 1.3065355 3.8748713
1.7959104 1.3062215 3.8757739
1.792723 1.3043354 3.873541
1.7960909 1.3056157 3.8742696
1.794369 1.3037364 3.8752481
1.7973484 1.306193 3.8785442
1.7942386 1.3032495 3.8803986
1.7994013 1.3045573 3.8809363
1.7965494 1.3041931 3.8815758
1.7976329 1.3045891 3.8802021
1.7945228 1.3059356 3.8788206
1.7962133 1.3028172 3.8784242
1.7949733 1.3009328 3.878824
3.36363 0.32377 3.20208
5.58645 1.11683 5.42198
1.1584262 1.3223214 3.0108146
1.1645684 1.3205314 3.0085043
1.163155 1.3232588 3.0082593
1.1651054 1.3209336 3.0073264
1.1608737 1.3252872 3.0112288
1.1603706 1.3248862 3.0115081
2.33585 1.24186 0.7919
4.6814625 1.4086426 2.8290771
4.6814262 1.4099188 2.828331
4.6819789 1.4071638 2.8299686
4.6793221 1.405336 2.8333799
4.6819965 1.4063312 2.832762
4.6825949 1.4066757 2.8328677
4.6848351 1.4081947 2.8317629
4.6842536 1.407581 2.8345889
4.6832562 1.4088689 2.8348913
4.682325 1.4091559 2.8339863
4.6798271 1.4104348 2.833989
4.6799089 1.4091549 2.832214
4.6825093 1.4085767 2.8340004
4.6844431 1.408961 2.8313689
4.6885996 1.4097492 2.8300457
0.92592 1.83717 5.61456
4.0328374 1.8711478 2.4547102
4.0322366 1.8736278 2.4549864
4.0287631 1.875101 2.4527182
4.0317945 1.8753196 2.453912
4.0305922 1.8752918 2.4545342
4.0312813 1.872413 2.4539041
4.0302677 1.8699416 2.4556917
4.0328906 1.8703657 2.4553967
4.0349366 1.8728824 2.4571363
4.0362018 1.8757748 2.4570563
4.0329945 1.8756872 2.4552829
4.0346682 1.8739029 2.4549511
2.407301 1.6995407 3.6892853
2.4057764 1.6963428 3.6903503
2.4055673 1.6969779 3.6927387
2.4047531 1.6949704 3.6920144
2.4021706 1.6976422 3.6923722
2.4041429 1.6969405 3.6920797
2.3985915 1.7039791 3.7054323
2.400961 1.7052794 3.7056453
2.3992011 1.7067683 3.7055615
2.4034023 1.699732 3.6942364
2.4035487 1.7005659 3.6935982
2.402994 1.6990755 3.6936187
2.4030067 1.699598 3.6923696
2.4048312 1.6976212 3.6942922
2.405255 1.7003544 3.6947078
2.4058492 1.7009077 3.6934891
2.4062671 1.700558 3.6904102
2.4060539 1.6987895 3.6906069
1.8232263 0.83460473 2.1773704
1.8222562 0.8349646 2.180898
1.8186179 0.83256582 2.1818446
1.8192155 0.8304148 2.1851763
1.8166889 0.83350068 2.18383
1.8211549 0.83122696 2.1823228
1.8179036 0.83264758 2.1804697
1.8215868 0.83075281 2.1792854
1.8166154 0.83009034 2.1808137
1.8173333 0.83251019 2.1818407
3.04334 1.25233 1.32731
4.5130139 0.7673765 1.9511561
4.5113551 0.76748605 1.9547867
4.511854 0.76775631 1.9562675
4.5086476 0.766731 1.9593609
4.5098008 0.76718104 1.9567983
1.52327 0.32639 1.78125
4.5079999 0.76411655 1.9568528
4.5044414 0.76384114 1.96042
4.502324 0.76490631 1.9611035
4.5062157 0.76727702 1.9594795
4.5111605 0.76710119 1.9590803
4.5105317 0.76803141 1.9564997
4.8504006 2.0622759 0.40759245
4.8513138 2.0647626 0.40913913
4.8475671 2.0637065 0.40741437
4.8535434 2.0642612 0.41212914
4.8502233 2.0607123 0.41114248
4.8519123 2.0634663 0.40967787
2.03706 0.75451 0.6332
4.8491615 2.0608283 0.40439508
4.8504084 2.0596523 0.40665075
3.33407 1.68309 1.72758
1.8263177 2.3751733 4.3190006
1.8277858 2.3732001 4.318377
1.8291367 2.3743697 4.3196044
1.8318843 2.3706732 4.3202765
1.8314117 2.3719767 4.3214327
1.8300053 2.3718115 4.3228997
1.826992 2.3699287 4.3224216
1.8264179 2.3701925 4.3207197
1.826024 2.3739539 4.3200706
1.829467 2.3739439 4.3189814
1.8272345 2.3778916 4.3203947
1.824865 2.3734075 4.318871
1.8237735 2.3743499 4.3185565
1.8259518 2.3714488 4.3184197
5.04626 2.18535 4.84085
1.8313784 2.3725242 4.3212592
1.8290674 2.3726153 4.3210471
1.7972719 1.3075012 3.8772876
1.7977132 1.3072143 3.8790714
3.20722 2.1041 5.03552
1.7959587 1.3064084 3.8779061
1.7944801 1.3056995 3.8797239
1.7965851 1.3068466 3.8781764
1.7972125 1.3047032 3.880677
1.7941762 1.3047614 3.8796384
1.796495 1.3053534 3.8758937
1.7948498 1.3060806 3.8750871
1.7971658 1.3065218 3.8738065
1.7962 1.3086104 3.874961
1.7947609 1.3082328 3.8722634
1.7965033 1.3074259 3.8740129
1.7939852 1.3038484 3.875352
1.7975371 1.3040532 3.8783755
1.795599 1.3003061 3.8797482
1.7988055 1.3011135 3.8811858
1.7962284 1.2998037 3.8800668
1.7986869 1.3031386 3.8789361
0.85562 1.97848 0.87331
1.7966375 1.3041082 3.8791189
1.94208 1.19196 5.18287
0.8455725 1.8039706 5.0096909
0.84533146 1.80374 5.0086161
1.1606093 1.3218887 3.0106479
1.1629032 1.3210567 3.010931
1.1625234 1.3236992 3.0114242
1.1627268 1.3235629 3.0109057
1.1606626 1.3268551 3.0108655
1.1596017 1.3254687 3.0088507
4.684649 1.4093812 2.8316579
4.684035 1.4082838 2.8281443
4.6816203 1.4107263 2.8314872
4.6823519 1.4084634 2.8301873
4.6825932 1.4076316 2.8332554
4.6844811 1.4063757 2.8317985
4.6842432 1.4086421 2.8340483
4.6838454 1.4093233 2.832818
4.6841067 1.409766 2.8348407
4.682227 1.4099196 2.8340004
4.6824204 1.4095333 2.8326324
4.6809372 1.4095107 2.833172
4.6802115 1.407923 2.8317105
4.6823662 1.4063688 2.8330151
4.6832713 1.407108 2.8321846
4.6844013 1.4064801 2.8346355
4.030903 1.8701343 2.4579371
4.0310548 1.8699361 2.4549572
4.0315059 1.874209 2.4562711
4.0307874 1.8760284 2.4529889
4.0324616 1.8748265 2.4553357
4.0296316 1.8735472 2.455248
4.0317248 1.8721545 2.4551002
4.0310731 1.8712012 2.4543681
4.034075 1.8713196 2.4547877
4.0331026 1.8727128 2.4578145
4.0360674 1.8738938 2.4599894
4.0325056 1.874242 2.4589349
4.0330162 1.8722609 2.4576289
2.4079049 1.7013752 3.6918932
2.4061145 1.7001082 3.6895254
2.4046354 1.7005157 3.6914204
2.4034238 1.6975777 3.688132
2.4043355 1.6985641 3.6927604
2.4077712 1.6997737 3.6934317
2.4039829 1.7073981 3.7091967
2.4069602 1.704953 3.7027203
6.17124 1.0605 5.51486
2.4059865 1.7026992 3.6927056
2.4062109 1.7031505 3.691659
2.4054856 1.7034427 3.6946887
2.4033158 1.7007268 3.6920092
2.4013234 1.7004457 3.6930764
2.4034496 1.6998068 3.6914544
2.4039743 1.7004906 3.692072
2.4063306 1.7007181 3.6903303
1.8209225 0.8354328 2.1806334
1.8224266 0.83484487 2.1778428
1.8190607 0.83327708 2.1815597
1.8184447 0.83177541 2.1811445
1.8173496 0.82834181 2.183125
1.818324 0.83186859 2.1831088
1.8191044 0.83126802 2.1808868
1.8196787 0.8319232 2.1800339
1.8185307 0.8311807 2.1800635
1.8138278 0.82933806 2.1851781
1.8131121 0.83169518 2.1844313
1.8150659 0.83076635 2.1830823
4.5090625 0.76410406 1.956757
4.5087072 0.76509697 1.9584105
4.5065949 0.76716306 1.9624281
4.50699 0.76767815 1.961123
4.66139 1.62633 3.32956
4.5078454 0.76606402 1.9572929
4.5081096 0.76611301 1.9560016
4.5059445 0.76491656 1.9583241
4.5088783 0.76621865 1.9567271
6.01475 0.7 5.24375
4.511816 0.76920366 1.9536515
4.8508671 2.0621164 0.40752896
4.8493069 2.0624047 0.40704628
4.8523999 2.0629426 0.40991677
4.8476526 2.0611949 0.40972143
4.8529153 2.0626337 0.4134136
4.8509051 2.0600133 0.41001905
4.8528588 2.0618621 0.40959598
4.850488 2.0618311 0.40659945
4.8506132 2.0632974 0.40548479
4.8535671 2.0620432 0.40756018
4.8522275 2.0616929 0.40786872
1.8247666 2.3750432 4.3154618
1.8248208 2.3727615 4.3139749
5.64703 2.01717 0.07705
1.8296514 2.3721688 4.3195324
1.8298843 2.3725198 4.3205477
1.8279376 2.3735659 4.3213124
1.8253336 2.3713789 4.3206662
1.8261818 2.3701343 4.3216314
1.8249101 2.3707343 4.3184557
1.8279847 2.3709984 4.3189346
1.827816 2.3737435 4.3177149
1.8254188 2.3718628 4.31624
1.8212815 2.3733305 4.3120679
1.8247302 2.3721722 4.3154869
1.8277212 2.3716576 4.3189643
1.8315851 2.3718888 4.3231778
1.8288571 2.373371 4.3209563
3.2130854 2.3665933 2.2840755
3.2152001 2.3657127 2.2843334
3.2172234 2.3669452 2.2875221
3.2145581 2.3687482 2.2838346
2.92707 1.0011 4.57016
1.7974595 1.3058772 3.8802605
1.7979672 1.3062093 3.8811636
1.7973432 1.3063846 3.8798569
1.7981849 1.3059906 3.8770927
1.7959269 1.3058668 3.8777735
1.795665 1.3049061 3.8757043
1.795376 1.3059947 3.8766081
1.7940186 1.3065721 3.8741706
1.7952307 1.3047759 3.8737299
1.7935828 1.3032713 3.8751195
1.7948405 1.3024915 3.8782192
1.7950556 1.301547 3.8787496
1.7979104 1.3024081 3.8797908
1.7955791 1.3003022 3.8792166
1.9625848 2.2481437 3.7391847
1.9613739 2.2493869 3.7400782
1.9700541 2.246697 3.7429626
1.9708305 2.243009 3.7470905
0.84550841 1.8042147 5.0102466
0.84502543 1.805609 5.0122011
0.84835326 1.8059586 5.0134401
0.846378 1.8062919 5.0135953
0.84621167 1.806696 5.0114332
1.1609107 1.3251079 3.0129542
1.1624833 1.3257028 3.0106784
1.1587926 1.3251561 3.0089584
4.6854824 1.4070981 2.8308976
4.6851986 1.4062095 2.8279225
4.6836825 1.4077576 2.8317135
4.683041 1.4047874 2.8300853
4.6834424 1.4061221 2.8330513
4.6836886 1.4057258 2.8304959
4.6853777 1.4081292 2.830849
4.6860511 1.408535 2.8325949
4.6860108 1.4083479 2.8365544
4.6839698 1.4082256 2.8357046
4.681237 1.4076636 2.8361492
4.6810803 1.4091416 2.8335598
4.6819827 1.410346 2.8332931
4.6829028 1.4075391 2.8330426
4.6819429 1.409222 2.8341784
4.6810807 1.4080427 2.8355088
4.0303984 1.8682922 2.455869
4.0300894 1.869136 2.4535399
4.0299309 1.8725175 2.455799
4.0317862 1.8740051 2.4534169
4.0311866 1.8754222 2.4552571
4.0320024 1.8749249 2.4539539
4.0314907 1.8746034 2.456279
4.0308853 1.8733116 2.458334
4.0336395 1.8749984 2.4584028
4.0328617 1.8762642 2.4592896
4.0325247 1.8760937 2.4586034
4.0310347 1.8762305 2.4582528
4.030928 1.8740245 2.4569229
2.06759 0.64495 1.80736
2.4057743 1.701775 3.6904122
2.4033413 1.7010615 3.692939
2.4042877 1.6985309 3.689411
2.404277 1.6978466 3.6908574
2.4056386 1.6980355 3.6902041
2.398784 1.705532 3.7037665
2.3977644 1.7069776 3.703426
2.3965326 1.7058218 3.7027162
2.4033613 1.7018745 3.6925912
2.40436 1.7012836 3.6902845
2.4048031 1.7029503 3.695378
2.4057477 1.6983 3.6945774
5.14187 2.58711 1.3794
2.4065952 1.6988424 3.6922011
2.4043756 1.7005654 3.6887594
1.8169419 0.83295719 2.1810649
1.8137427 0.83204574 2.1839305
1.8147616 0.83181542 2.1813604
1.8152038 0.82892169 2.1788984
1.8203011 0.83019266 2.1781558
1.819221 0.82698659 2.1815298
1.8227826 0.83111766 2.1819227
1.8183193 0.83153384 2.1800249
1.8221553 0.83138582 2.1783265
1.816158 0.83166405 2.1791549
1.8148434 0.82986351 2.1839468
1.8140764 0.83137836 2.1822919
1.8157438 0.8309585 2.1816039
4.515112 0.76489432 1.9552053
4.5121209 0.76523659 1.9570096
4.5049773 0.7658421 1.9632966
4.5034294 0.76718853 1.9633213
4.5034146 0.76941103 1.9610633
4.5066926 0.76729206 1.9575788
4.5078128 0.7669039 1.9582681
4.5035953 0.76381247 1.9629741
4.5069892 0.76679035 1.9594043
4.5058269 0.76512587 1.9604532
4.8495551 2.0649318 0.40885949
4.8524505 2.0610414 0.40763075
4.8519496 2.0621627 0.40912287
4.8529973 2.0630675 0.41015142
4.8506983 2.0622657 0.41057292
4.8542614 2.0613036 0.41273441
4.84983 2.0595324 0.40843063
4.8492762 2.0616311 0.40690321
4.84907 2.0608578 0.40487777
4.8487533 2.0614616 0.4062255
4.8521362 2.0614911 0.40812049
4.8489627 2.062879 0.4076461
1.8266592 2.372166 4.3156276
1.8267736 2.3740867 4.3159275
1.829999 2.3742345 4.3164977
1.8295876 2.372869 4.3187245
1.8287287 2.3705832 4.3185587
1.8259429 2.3712352 4.3199206
1.824545 2.3707551 4.3188187
1.8251696 2.36986 4.3226723
1.8255845 2.3719428 4.3199498
1.8257816 2.3710863 4.3205027
1.8233436 2.3738239 4.3140661
1.8234416 2.3739032 4.3132335
1.8238031 2.3747416 4.311679
1.8291231 2.3715783 4.3161739
1.8295394 2.371637 4.317215
1.8316467 2.3701352 4.3216004
1.8293611 2.3729442 4.3208787
3.2150947 2.3656962 2.2838312
3.2146591 2.3655471 2.281803
3.2196965 2.3661863 2.2873362
3.2158135 2.3685136 2.2837359
3.2180962 2.368648 2.2878917
5.06384 0.80785 1.5892
1.7952245 1.3045907 3.8769189
1.7970362 1.3038334 3.8772637
1.7967199 1.3039349 3.8755851
1.7970881 1.303658 3.8774693
1.7964388 1.3041737 3.877327
1.7963652 1.3055654 3.8790744
1.7957019 1.3095705 3.8789206
1.7956691 1.3067041 3.8785184
1.7958479 1.3049363 3.8782004
1.795256 1.3009359 3.8781156
1.7957755 1.30152 3.8778212
1.9657316 2.2453887 3.7432665
1.9622263 2.2446793 3.7434325
1.9650068 2.2502384 3.7424584
1.9653977 2.2495199 3.7434609
1.9727142 2.2478928 3.7457411
1.9729723 2.2435273 3.7460328
4.62816 0.98888 5.17743
0.8457924 1.8070202 5.0099294
0.84830499 1.8057387 5.0118763
0.8460516 1.8055414 5.0122255
0.84646198 1.8049575 5.0130596
0.84446286 1.8056952 5.0128513
4.64776 1.99748 2.01681
5.29355 0.94175 0.44731
4.6884308 1.405353 2.8327178
4.7042253 1.3933505 2.8215114
4.7003302 1.3950609 2.8232973
4.6987536 1.3934822 2.8234628
4.6830133 1.405838 2.8335482
4.6849412 1.4067891 2.8334822
4.6843775 1.4083084 2.8334393
4.684447 1.409342 2.8341591
4.681837 1.4064086 2.8365753
4.6830642 1.403684 2.8359272
4.6816746 1.4041447 2.8379112
4.6809634 1.4050199 2.8339253
4.6805474 1.4079161 2.8341534
4.6809073 1.4059781 2.8318891
4.6812669 1.4092145 2.8345202
4.6790765 1.409175 2.8373784
2.51491 0.78697 2.82122
4.0258453 1.8698086 2.4569971
4.0299663 1.8698266 2.4568802
4.0320671 1.8722075 2.4546752
4.0296018 1.8725394 2.4571918
4.028282 1.8721174 2.4543569
1.93284 1.94857 0.56119
4.0297077 1.8748177 2.455954
4.0303319 1.8767444 2.4559369
4.0295329 1.8757076 2.4586213
4.0285904 1.8750607 2.458466
4.0289937 1.8754626 2.4583461
4.0272772 1.876028 2.4580436
4.0289244 1.8767268 2.4571661
2.4045746 1.7011585 3.6921172
2.4026372 1.7015765 3.6908272
2.4035808 1.6989196 3.6907213
1.50039 1.03283 3.83941
2.403815 1.6993233 3.6923224
2.4023952 1.7009109 3.690896
2.4161421 1.7055324 3.6985768
2.4159259 1.7039925 3.6988917
2.4186631 1.7084789 3.6996355
2.4064941 1.7019266 3.6908381
2.4074481 1.7055011 3.6950648
2.4058622 1.7024057 3.6916856
2.4043558 1.7019402 3.6935067
3.98901 1.91258 2.61122
1.8168686 0.83449873 2.1811114
1.8185651 0.83398254 2.1805858
1.8178818 0.83306925 2.1801454
1.8181172 0.83210067 2.1806423
1.8177146 0.82931582 2.1805463
1.8194064 0.8300072 2.1810758
1.8180175 0.82796783 2.1829971
1.8202414 0.83071847 2.1827384
1.8151319 0.83276475 2.1841738
1.8190468 0.83328041 2.1818782
1.815002 0.83192354 2.183852
1.8131236 0.82989822 2.1864499
1.8127449 0.83178536 2.1848331
1.8148688 0.83231394 2.1814884
4.5079277 0.76596143 1.9611031
4.5073062 0.76412406 1.9617893
4.5033925 0.7646581 1.9636087
4.5049899 0.76675425 1.9605377
4.5060316 0.7691399 1.9591455
4.5083698 0.7675189 1.9581746
4.5118676 0.7673846 1.9545319
4.5116588 0.76455383 1.9558289
4.5109304 0.76589195 1.9566545
4.8486373 2.0618233 0.40998067
4.851072 2.0646449 0.40974809
4.8522532 2.061205 0.40935505
4.8525811 2.0623228 0.40990523
4.8517061 2.0614782 0.41044482
4.847003 2.0617687 0.40814462
4.8496958 2.0626811 0.4083545
4.8474181 2.0614476 0.40524663
4.8506309 2.0610811 0.40696597
4.8503888 2.0629334 0.40544417
4.8503253 2.0647104 0.40737093
4.8514232 2.06536 0.40675454
5.96532 0.37344 2.79915
1.8250833 2.3707473 4.3161826
1.82461 2.3704563 4.3155138
1.8261001 2.3709214 4.3144476
1.8269879 2.374017 4.3158805
1.8243122 2.3723676 4.3122769
1.8223253 2.3715132 4.3135096
1.8199018 2.3721874 4.312301
1.8217752 2.3718788 4.3175678
1.8250589 2.3725088 4.318895
1.824244 2.3703575 4.3188915
1.8255473 2.3729008 4.3160306
1.8295508 2.3729293 4.3185395
1.8264606 2.3751674 4.3127299
1.8286141 2.3732437 4.3158712
1.8272961 2.3735424 4.3150062
1.8309924 2.3717524 4.3201525
1.8280044 2.3733798 4.3180198
3.2185919 2.3651761 2.2859068
3.2195817 2.3655969 2.2844183
3.2200363 2.3648859 2.2880085
3.2182848 2.3671002 2.2849057
3.2198776 2.3658237 2.2884778
3.2194403 2.3670452 2.2875842
3.2187954 2.3640867 2.2867511
1.7981274 1.3054177 3.87674
1.7965295 1.3032912 3.877413
1.7960957 1.300703 3.879769
1.793409 1.3022695 3.8814497
1.7934533 1.303624 3.8833426
1.794868 1.3072054 3.8807213
1.7932487 1.3045904 3.8791511
1.794887 1.3057737 3.8760166
1.7942875 1.3025937 3.8782808
1.9659421 2.2408968 3.741821
1.9653443 2.2439942 3.7424828
1.9646004 2.2419955 3.7430717
1.9654215 2.2477375 3.7437846
1.9656411 2.2472202 3.7434396
1.9689881 2.2492407 3.744347
1.9684562 2.249455 3.7433047
0.84496227 1.8051955 5.0104662
0.84414772 1.8059728 5.0107496
0.84547119 1.8054664 5.014135
0.84475103 1.8065062 5.0133415
0.84549245 1.8063425 5.0148127
0.84395422 1.8080777 5.0122394
0.84518756 1.8081948 5.013865
4.6867836 1.4032112 2.8335822
4.6859116 1.4047434 2.8316959
4.703269 1.3942049 2.8227596
4.692689 1.4001749 2.8281741
4.7023667 1.395217 2.8233441
4.6837781 1.4058313 2.8317169
4.6851063 1.4078938 2.8318432
4.6833984 1.4053515 2.831309
4.6840998 1.4066564 2.8330118
4.6827644 1.4050887 2.8342564
4.6835372 1.4045945 2.8359387
4.6821251 1.4076091 2.8366748
4.681618 1.4069391 2.8352915
4.6833211 1.410215 2.8333026
4.6834115 1.4076514 2.8329794
4.6831494 1.4095877 2.8337483
4.0310718 1.8743448 2.4562906
4.0305801 1.8693976 2.4563215
4.0282409 1.8696002 2.4560596
4.0309032 1.8674262 2.4557014
4.0316934 1.8729372 2.4531674
4.0328785 1.8731831 2.4549568
4.031104 1.8755107 2.4535132
4.029046 1.8759547 2.4545096
4.0297077 1.8750559 2.4548754
4.0284882 1.8779726 2.4554471
4.0285224 1.8747323 2.4563356
4.0268228 1.875551 2.4533878
4.0284262 1.8712727 2.453482
4.0276537 1.8712047 2.4554601
4.0301822 1.8711419 2.4565787
5.81265 1.10969 3.05587
2.4028461 1.6985842 3.6917289
2.4027647 1.6972614 3.6934468
2.4004535 1.697939 3.6904471
2.3997589 1.6985249 3.6891119
2.3984266 1.6980665 3.6885267
2.412524 1.7034511 3.697077
2.4077172 1.6983776 3.695765
2.4180156 1.7052102 3.7004013
2.4055463 1.6994492 3.690288
2.4065067 1.7028903 3.6925411
2.4059678 1.698257 3.6914556
1.8203507 0.83387392 2.1771643
1.8175446 0.83358878 2.1787623
1.8172491 0.83508673 2.177761
1.8166652 0.83310864 2.1823071
1.8153455 0.8311682 2.182373
1.8171129 0.82878837 2.1834509
1.8159019 0.82705534 2.1829854
1.8197428 0.82912339 2.1806332
1.8167099 0.83168849 2.1845754
1.8159636 0.83493613 2.185852
1.8142649 0.83540021 2.1864061
1.8168128 0.83448083 2.1829046
1.8168434 0.83309481 2.1837308
1.8175535 0.83073435 2.1808116
1.8172482 0.82960281 2.1794773
1.8176211 0.82972822 2.1753845
4.5087746 0.76970643 1.9608966
4.5089711 0.76792875 1.9588295
4.5030854 0.76737266 1.9632488
4.5037406 0.76539821 1.9607676
4.5040753 0.7669707 1.9600784
4.5073368 0.76730347 1.9575761
4.5065621 0.76600154 1.9597213
4.5054363 0.7655429 1.9613989
4.849809 2.0647552 0.40967774
4.8485139 2.0619418 0.41050175
4.849276 2.0627774 0.40908803
4.8515561 2.0605217 0.41006589
4.8497377 2.0615611 0.40937866
4.8516876 2.0650401 0.41098134
5.43356 1.49958 0.6429
4.8492427 2.063792 0.40889932
4.84517 2.0620919 0.40608696
4.8455518 2.0629157 0.4060241
4.8464112 2.0630063 0.40600915
4.849832 2.0630327 0.40715224
4.8500326 2.0649613 0.4051555
4.8503824 2.06538 0.40628525
1.8283827 2.3708032 4.3223021
1.828082 2.3717372 4.3204
1.8273324 2.3733467 4.3171251
1.8287352 2.3750131 4.3169456
1.8233397 2.3713402 4.3115261
1.8219965 2.3707047 4.3131866
1.8201274 2.3692311 4.312549
1.8238306 2.3724553 4.3154116
1.827759 2.3732812 4.3175458
1.8282245 2.371367 4.3184612
1.8280111 2.3734116 4.3176312
1.8288761 2.3724727 4.3198373
1.8286542 2.3737171 4.3191147
1.8323707 2.3714489 4.3229738
1.8289692 2.372307 4.3173578
1.8311483 2.3718751 4.319648
1.8294426 2.373086 4.3182351
5.54101 1.41082 0.83398
3.2175448 2.3668592 2.2851146
3.2147468 2.3668742 2.2852417
3.2186937 2.366434 2.2874801
3.2154003 2.3636645 2.2865237
3.2205107 2.3665451 2.2884293
3.2184121 2.3668855 2.2862682
3.2183594 2.3675583 2.2878406
1.7948507 1.3028759 3.8750981
1.793885 1.302357 3.8786529
1.7927396 1.3035749 3.8817276
1.792092 1.3032544 3.8849885
1.7946746 1.3062814 3.8823355
1.7944868 1.3052411 3.8823125
1.9658461 2.2441112 3.7421336
1.9653934 2.2466506 3.7413319
1.9671185 2.2418236 3.7420411
1.9640486 2.2466984 3.7438311
1.96597 2.2428717 3.7447154
1.9665206 2.2451285 3.7465813
1.9680268 2.2433928 3.7449174
1.9681009 2.2455935 3.7433005
1.9669346 2.2455526 3.7396077
0.84599975 1.8061548 5.0085642
0.84685834 1.8058641 5.0084215
0.84662391 1.8040354 5.0088572
0.84717902 1.8054103 5.0119152
0.84675205 1.8051295 5.0147419
0.84291105 1.8077192 5.0125831
0.84416817 1.8065314 5.0131123
0.84574981 1.8095076 5.0111613
4.6840497 1.4048043 2.8343204
4.7050772 1.395799 2.8248821
4.7038438 1.3961138 2.8237324
4.7038471 1.3985841 2.8243124
4.6850407 1.4077286 2.8334099
4.685615 1.4090319 2.8344945
3.736 1.05269 3.50894
4.6821622 1.4064547 2.8320005
4.6819251 1.4052981 2.8319792
4.6821442 1.4050152 2.8336019
4.6823154 1.405726 2.8342921
4.6811212 1.4041258 2.8367533
4.680403 1.4075031 2.835525
4.6810964 1.4075202 2.8363947
5.01821 1.25319 3.67417
4.0306773 1.8744386 2.4547585
4.0301281 1.8713667 2.456698
4.0298156 1.8705439 2.4572547
4.0335507 1.8663819 2.4573135
4.0329043 1.8709251 2.4559501
4.0292351 1.8705755 2.4551688
4.0272015 1.8731019 2.4550942
4.0256868 1.8736988 2.4527372
4.0271474 1.8740493 2.4527339
4.0259057 1.8792211 2.4517554
4.0268832 1.8745333 2.4553436
4.0281775 1.8745166 2.4548427
4.0294355 1.870475 2.4547078
4.0279242 1.8726865 2.4542286
4.0291906 1.8728827 2.4564067
4.0295141 1.8728685 2.4576738
2.4047736 1.6972328 3.6931904
2.4044216 1.6961774 3.6956496
4.86785 1.52103 3.57363
2.3989481 1.7005757 3.6903519
2.4001977 1.6977316 3.6896642
2.4167984 1.7052624 3.6987473
2.4185945 1.701689 3.7003543
2.4194291 1.7057286 3.7010937
2.4059241 1.6988247 3.6907131
2.4073604 1.7010911 3.6914732
0.71679 1.66187 0.68004
0.77059 0.65877 4.09496
1.8163956 0.83357761 2.1806531
1.8189854 0.83704236 2.1770488
1.8186722 0.83671262 2.1797739
1.8208831 0.83584483 2.1784404
1.8244536 0.83291092 2.1794335
1.8181354 0.83212384 2.18328
1.8192294 0.83353761 2.1819097
1.8164003 0.83370137 2.181873
1.8177458 0.83434457 2.1802564
1.8170502 0.83526065 2.1816411
1.8174006 0.83641823 2.1822623
1.8176695 0.83443301 2.182163
1.8177055 0.83433524 2.1813218
1.81683 0.83197735 2.1812355
1.8179643 0.83178325 2.1768697
4.5059565 0.76974654 1.9601528
4.5068612 0.76721732 1.9599268
4.5048037 0.76682444 1.9633283
4.5082896 0.76467984 1.956984
4.5068252 0.76598098 1.9613127
4.5092032 0.76657354 1.9582445
4.5108696 0.76691812 1.9573307
4.8474755 2.06092 0.4075166
4.8473004 2.0618336 0.40714679
4.8482797 2.0607874 0.40844156
4.8490092 2.060716 0.40784646
4.853011 2.0598853 0.40864284
4.850987 2.0616597 0.40698117
4.8520027 2.0650217 0.4092476
4.8478983 2.0635524 0.40918352
4.8476088 2.0651118 0.40927807
4.8491848 2.061842 0.4091372
4.8495555 2.0630352 0.40868107
4.8508293 2.0647464 0.40823833
4.851482 2.0652929 0.40677344
4.8509552 2.0649223 0.40511932
1.61121 1.75802 0.27611
1.8309 2.374652 4.3231423
1.8280172 2.3716091 4.3192806
1.8244517 2.3718384 4.3148686
1.8268538 2.3754021 4.3145611
1.825879 2.3721449 4.3133998
1.826247 2.3723332 4.3138918
1.8229336 2.3701193 4.3117685
1.8264662 2.3749966 4.3151813
1.8263217 2.3741156 4.3161711
1.827948 2.3718308 4.3179003
1.8287554 2.3714689 4.3191619
1.8322976 2.370179 4.3226437
1.8310108 2.3733543 4.3209586
1.8288896 2.3721627 4.3201854
1.8283442 2.3729007 4.3182722
1.8285799 2.3718367 4.3185661
1.8316458 2.3732742 4.3197624
3.2171824 2.3662662 2.2859032
3.2188822 2.3668656 2.2877874
3.2118644 2.3655391 2.2808569
3.2162226 2.3651183 2.2847093
3.2138599 2.3650776 2.2815688
3.21871 2.365082 2.28505
3.2145505 2.3651766 2.2832119
3.2160779 2.3659488 2.2823498
3.216002 2.3666475 2.2832088
1.793976 1.3033085 3.8789706
1.7924636 1.3031792 3.880291
1.7919556 1.3041767 3.8824638
1.7941587 1.3049619 3.8801957
1.963555 2.2446962 3.7441266
1.9666254 2.2447403 3.7423915
1.966115 2.2454237 3.7430586
3.066 1.53624 1.65026
1.9656181 2.2466153 3.746329
1.9658643 2.2431462 3.7444947
1.9654883 2.244229 3.7435833
1.9654656 2.2408627 3.742047
1.9633813 2.2447371 3.7403178
0.84785724 1.8062196 5.0106901
0.84507028 1.8040456 5.0087572
0.84723591 1.803406 5.0108798
0.84640186 1.8038632 5.0092726
0.84609073 1.8074519 5.013534
0.8444165 1.8076961 5.013845
0.8399233 1.8103002 5.0140156
0.8410101 1.8074781 5.0131904
0.84314085 1.8093011 5.0129643
0.84529738 1.8066327 5.0135114
4.98461 1.93363 1.24793
4.6863124 1.4073614 2.8349389
4.6866277 1.4087685 2.8352645
4.684849 1.4085499 2.8351814
4.6827653 1.4076498 2.8327643
4.6832882 1.4057465 2.8335312
4.6810198 1.4051992 2.8316383
4.6819181 1.4072714 2.8326321
4.6804113 1.4103114 2.8325025
4.6832485 1.4083866 2.832357
4.6831422 1.4075618 2.8348545
4.682714 1.4074797 2.8345582
4.6812666 1.4074489 2.8357161
4.6815727 1.4093064 2.8336932
4.0344197 1.8744963 2.4572161
4.0339411 1.8716752 2.4593188
4.0340909 1.8713046 2.458579
4.0343316 1.8698369 2.4586363
4.035423 1.8735214 2.4558186
4.0298233 1.8710714 2.4538623
4.0293229 1.8705315 2.4550541
4.026577 1.871784 2.450082
4.0278929 1.8730927 2.4523016
4.0269245 1.8764183 2.4488608
2.47032 1.07046 4.50138
4.0276623 1.8717389 2.4532246
4.0288146 1.8679341 2.456339
4.0279425 1.8669143 2.4575234
4.0290318 1.867541 2.4576087
4.0297187 1.8709875 2.4568266
4.9367117 2.7205568 5.1010998
4.9344346 2.7207543 5.1001809
2.85251 2.51695 5.81744
1.47904 1.25515 1.43716
4.9430588 2.7200892 5.1046941
5.47185 0.85028 4.77676
4.9385165 2.7176674 5.1018089
4.9307853 2.7180014 5.0995898
4.9338045 2.7162042 5.0992528
4.9319361 2.7166718 5.1011252
1.8222926 0.83471593 2.1758581
1.8239538 0.83466696 2.1725817
1.8166949 0.83394139 2.1773364
1.8202393 0.83674185 2.1758889
1.8178787 0.83714727 2.1808302
1.82062 0.83592009 2.1798503
1.8204271 0.83405792 2.1815278
1.8156221 0.83086145 2.1836466
1.8169162 0.83373958 2.1828647
1.8154124 0.833449 2.1825193
1.8173145 0.83520127 2.1822922
1.8189669 0.83536455 2.1781488
1.8207378 0.83641012 2.1777333
1.8190127 0.83492295 2.1792267
1.8208303 0.83499534 2.1795709
1.8215483 0.83221165 2.1770803
1.8235586 0.83324829 2.1725418
4.5080832 0.77163783 1.9585147
4.5067881 0.7721256 1.9580255
4.5043818 0.77112786 1.963021
4.5051161 0.76701738 1.9580901
4.5065018 0.76652386 1.959951
4.506935 0.76591936 1.9567155
4.8483045 2.0628776 0.40550758
4.8456878 2.0630076 0.40387004
4.8478421 2.0637375 0.40588507
4.8491048 2.062105 0.40657659
4.8475359 2.0620616 0.4070219
4.8490901 2.062616 0.40772086
4.847948 2.0648614 0.40639047
4.8480787 2.06593 0.40701956
4.8479773 2.0650048 0.40915919
4.8455863 2.0650405 0.40856745
4.8488326 2.0610036 0.40989544
4.8474862 2.0641874 0.40854331
4.8502733 2.0621713 0.40954695
4.8529319 2.062873 0.40944681
4.8533902 2.0632709 0.40886193
4.8528895 2.0625847 0.40828277
1.8292848 2.3730604 4.3237237
1.8266289 2.3720659 4.3189157
1.8260879 2.3723448 4.3168889
1.8252971 2.3731478 4.3168308
1.8247547 2.3702978 4.316234
1.8272182 2.370826 4.3184335
1.825189 2.3692618 4.316838
1.8279507 2.3735745 4.316348
1.8271325 2.3734606 4.3164965
1.8291005 2.3729075 4.3175649
1.8269925 2.3711794 4.3174004
1.8269638 2.3684808 4.3183373
1.8274299 2.3705672 4.3179935
1.8284751 2.3709225 4.3214622
1.8299645 2.3729102 4.3200934
1.8271551 2.3710038 4.3177201
1.8314688 2.3738261 4.3202865
1.8287306 2.3742255 4.3194891
3.2178344 2.364019 2.2860478
3.2132985 2.3649155 2.2819055
3.2171651 2.3647877 2.2877921
3.2139578 2.3645728 2.2829711
3.2168336 2.363984 2.2839817
3.2147896 2.3643619 2.2845518
3.215032 2.3659887 2.2829918
3.2145892 2.3658082 2.2857521
3.2164538 2.36573 2.2853322
1.7936145 1.3044981 3.8789142
1.7928584 1.3043553 3.8795972
1.9619986 2.2414156 3.7453953
1.9633546 2.2425777 3.7450951
1.9658965 2.2422978 3.7430273
1.967471 2.2428428 3.7463241
1.9664982 2.2437061 3.7440565
1.9662733 2.2443571 3.7465428
1.9676734 2.2428757 3.7471269
1.9701304 2.2432226 3.7472313
1.967875 2.2400537 3.7454979
1.74565 2.39817 3.55585
0.84681453 1.8066099 5.0132387
0.84503964 1.8062168 5.0112725
0.84388645 1.8057568 5.0090737
0.84515952 1.8043182 5.0082182
0.84544804 1.807818 5.0093309
0.84502044 1.8071435 5.0110139
0.84186465 1.8087523 5.0118799
0.84273178 1.8068122 5.0125965
0.84530018 1.8085902 5.0121657
0.84671944 1.8081287 5.0125434
0.84794469 1.8075276 5.0127312
4.6845688 1.4070966 2.8344913
4.684453 1.4067259 2.8321353
4.6835526 1.4071365 2.8345272
4.6819196 1.4059846 2.8330142
4.6840394 1.4060341 2.8325214
4.6822375 1.4039235 2.8327822
4.6823946 1.4046965 2.8336653
4.6794783 1.4087846 2.8338787
4.6808045 1.4073077 2.8332205
4.6805329 1.4066658 2.8332539
4.6830916 1.4069907 2.8356483
4.6797544 1.4088608 2.8371787
3.2718 1.59126 0.52685
4.0316781 1.8740348 2.4554201
4.0327332 1.8727754 2.4585335
4.0326851 1.8732647 2.457143
4.0326403 1.869493 2.4595616
4.0327978 1.8706261 2.4550998
4.0293033 1.8681154 2.4533211
4.0293979 1.8700849 2.4553551
4.0278069 1.871518 2.4525896
4.0288265 1.8720105 2.4530648
4.0293401 1.8714765 2.4485864
4.0305516 1.8685765 2.4544715
4.0312807 1.8701278 2.4567085
4.0334526 1.8713191 2.4590304
4.0341802 1.8713676 2.4576013
4.0324657 1.8712324 2.4578084
4.0314254 1.8707269 2.4560982
4.942435 2.7207327 5.1079911
4.9371887 2.7203226 5.1052615
4.9463514 2.7216065 5.1094435
4.9378388 2.7227404 5.1025612
4.9461943 2.7194271 5.1074276
4.9378193 2.7202989 5.1052458
4.9409504 2.7186551 5.1043151
4.9309432 2.7200186 5.0988611
4.9319005 2.7191524 5.0975194
4.9340197 2.7203112 5.1015311
3.90467 0.50511 2.16313
1.8204575 0.83639882 2.1760464
1.8167427 0.83429631 2.1773723
1.819837 0.83555546 2.1781066
1.8187013 0.83495547 2.1790513
1.821585 0.83479572 2.1782306
1.8193209 0.83666785 2.1803448
1.8198536 0.8353512 2.1818614
1.8177564 0.83687887 2.1837371
1.8184834 0.83356631 2.1820384
1.8192688 0.83508681 2.1806561
1.8220851 0.83481366 2.1772809
1.8219686 0.83504841 2.1772255
1.8183492 0.83360705 2.180182
1.8176563 0.83372982 2.1820076
1.8162377 0.83256089 2.1822462
1.8203809 0.83429252 2.1773592
4.5078733 0.770477 1.9571257
4.5035306 0.76904305 1.9599524
4.5039612 0.76977349 1.963792
4.5047046 0.76825104 1.9586324
4.5091397 0.76918457 1.9598793
4.8493471 2.0602579 0.40750741
4.8485012 2.06221 0.40743092
4.8458107 2.0614847 0.4047638
4.8458296 2.0633247 0.40578816
4.8484304 2.0622919 0.40728898
4.8501689 2.0629698 0.4084599
4.8502346 2.0621055 0.40727605
4.8495599 2.0622699 0.40618315
4.8478389 2.0627279 0.4058698
4.8486381 2.0630651 0.4088932
4.8482379 2.0635999 0.41082586
4.8516881 2.0619821 0.41243327
4.8539679 2.0634945 0.41497652
4.87737 2.35494 3.22264
4.8547365 2.0631074 0.41227744
4.85428 2.0607915 0.41057796
4.8539077 2.0601564 0.41110982
1.8269217 2.3744753 4.3174569
1.8239831 2.3712248 4.3162417
1.8245095 2.3714067 4.3174898
1.8264261 2.3710425 4.3197669
1.828899 2.3713517 4.3196758
1.8295678 2.3711822 4.3196184
1.8283982 2.3703248 4.3189809
1.8267243 2.3753313 4.316272
1.8259891 2.3726408 4.3186799
1.8255275 2.372787 4.3167227
1.8267332 2.3696782 4.3176844
1.824348 2.3702096 4.3157431
1.8261061 2.3718666 4.3144998
1.8263363 2.3732243 4.318097
1.8270729 2.3733718 4.317235
1.8259344 2.3709459 4.3181502
1.8302299 2.3735968 4.31825
1.8308993 2.3727655 4.3182678
3.2224889 2.3633928 2.2868074
3.2189413 2.3645342 2.2835917
3.2207534 2.3644737 2.2877897
3.2139882 2.3670076 2.2820432
3.214534 2.365578 2.2811968
3.210279 2.3622441 2.2798438
3.2127672 2.3636185 2.2807979
3.2164825 2.3649261 2.2864447
3.2178115 2.3655108 2.2874473
3.2181894 2.3624901 2.2914571
1.9626645 2.2459757 3.7472045
1.9625203 2.2419026 3.7437954
1.9645788 2.2425928 3.7447805
2.63779 0.46576 2.24125
1.9625349 2.2451734 3.7436173
1.9609448 2.2461535 3.7434233
1.9640213 2.2456657 3.7445275
1.9638701 2.2452569 3.7429525
1.9679322 2.2434942 3.743572
1.965643 2.2432031 3.7453683
0.84394999 1.8046513 5.0108651
0.84256805 1.8062625 5.0087706
0.84281208 1.8056074 5.0120048
0.84199923 1.8062766 5.0106934
0.84290053 1.8049102 5.0125263
0.84195907 1.805844 5.009542
0.84216684 1.8054374 5.0117427
0.84204191 1.8058523 5.0100536
0.84323762 1.8069482 5.0129932
0.84498309 1.8064865 5.0138507
0.84716194 1.8070672 5.0145509
0.84742312 1.8053764 5.0133095
0.84811095 1.8050724 5.0130466
4.6841311 1.4041793 2.8320034
4.6829989 1.4056425 2.8341917
4.6815366 1.4055086 2.8319013
4.681549 1.4051431 2.8314496
4.6809144 1.4059344 2.8328424
4.6804367 1.4094095 2.8340289
4.6790559 1.4118752 2.8343472
4.6822886 1.4087974 2.8345514
4.6823908 1.4060836 2.8299766
4.68343 1.4036265 2.8326858
4.6786959 1.4044895 2.8332874
4.680452 1.4051433 2.8359919
0.70811 2.17246 1.62803
4.0337122 1.8733443 2.458981
4.0307196 1.8733428 2.4584659
4.0314542 1.8686853 2.4581979
4.0299692 1.8690373 2.4547434
4.0299679 1.8667107 2.4536979
4.0312944 1.8696495 2.4547339
4.0306253 1.8717492 2.4536784
4.0325711 1.871594 2.4543472
4.0323411 1.8699857 2.4526936
4.0333019 1.8684455 2.4550517
4.0323373 1.8699637 2.454515
4.034105 1.8701512 2.4610197
4.0343182 1.8683462 2.4590708
4.0333904 1.8688566 2.4600744
4.9448743 2.7213775 5.1084501
4.27654 1.0525 2.95931
4.9416578 2.7206526 5.1073896
4.945051 2.7228887 5.1091697
4.9405757 2.7216817 5.1064195
4.9484727 2.7198949 5.1113175
4.9415724 2.7186323 5.1053936
4.9403695 2.7186362 5.1015611
4.9328278 2.7181561 5.0954212
4.934877 2.7201826 5.0989678
4.9355384 2.7221987 5.1009597
4.9389392 2.7237286 5.1060989
1.813978 0.83509794 2.1788776
1.814746 0.8352024 2.1786227
1.8171233 0.83341036 2.1813849
1.8177856 0.83187312 2.1819666
1.8190497 0.83173183 2.1797207
1.815492 0.83483648 2.1820308
1.8153274 0.83328725 2.1833896
1.8141099 0.8358 2.1870214
1.8150819 0.83338006 2.1869743
1.8160721 0.83454915 2.1839445
1.8189833 0.83353087 2.1806441
1.8194873 0.83283401 2.1802395
1.8177004 0.8308924 2.1810057
1.8174177 0.83058149 2.1822358
1.8168986 0.83196727 2.1811379
1.8205541 0.83438616 2.1778224
4.507889 0.76877106 1.9594671
4.5019675 0.76999383 1.9629228
4.5011333 0.77188277 1.9650646
4.5004344 0.76989217 1.9616915
4.8539142 2.0643408 0.41039233
4.8514931 2.0638487 0.4086365
4.8468676 2.0629839 0.40835931
4.8464683 2.0616803 0.40751063
4.8461015 2.0644903 0.40826652
4.8496157 2.0644767 0.40894881
4.849864 2.0642554 0.41115531
4.8503781 2.0629774 0.41117802
4.8497346 2.0642308 0.41028275
4.8467541 2.0648576 0.40792853
4.8447061 2.0638048 0.40766823
4.8463556 2.0627228 0.41018651
4.8487492 2.061853 0.40947288
3.16483 2.08936 2.21776
4.8492624 2.0626769 0.41035292
4.850852 2.0629801 0.41331251
4.8524289 2.0627922 0.41241995
4.8523642 2.0631977 0.41179104
1.8241439 2.3722229 4.3176475
1.8248579 2.3706702 4.3180897
1.8270935 2.3721566 4.3210368
1.8262119 2.3715925 4.3197429
1.8289772 2.3727609 4.3207185
1.8288767 2.3743817 4.3202081
1.8294406 2.3709739 4.3207492
1.8282512 2.3738535 4.3185269
1.8297789 2.3710555 4.3205695
1.8272243 2.374439 4.3182246
1.8271297 2.3714771 4.320445
1.8213186 2.3709519 4.3154831
1.8239816 2.3699504 4.3153611
1.8260921 2.3728867 4.3168217
1.8291972 2.3739894 4.3172737
1.8263155 2.3743565 4.3151473
1.8259244 2.3742838 4.3135018
1.8253138 2.3742981 4.3146852
3.2189221 2.3622069 2.2833303
3.2176466 2.3631242 2.2838511
3.22044 2.3641065 2.2883119
3.2168343 2.3635748 2.2879018
3.2182677 2.3612158 2.2888082
3.215916 2.3604307 2.2897519
3.2146224 2.363353 2.2862715
3.213707 2.3645975 2.2872601
3.2132207 2.3653446 2.2856521
3.2171694 2.3623733 2.2915092
1.9660059 2.2460678 3.7495347
1.9656386 2.2441192 3.745649
1.9652403 2.2443532 3.7444635
1.9632539 2.2440739 3.7402728
1.9617559 2.2461418 3.7416481
1.9598364 2.2456492 3.7406718
1.9627344 2.2422093 3.7410683
1.9631202 2.2417368 3.7434122
1.9685938 2.2402948 3.7458505
1.9652872 2.2427823 3.7453252
0.84644699 1.8062501 5.014003
0.84467799 1.8068025 5.0122843
0.84397901 1.8072611 5.0146589
0.84164601 1.8069028 5.0096894
2.00089 0.93321 4.92113
0.84330202 1.8037156 5.0082644
0.84457512 1.8048901 5.010953
0.84624589 1.8038806 5.0095748
0.84848301 1.806175 5.0121092
0.84884067 1.8046157 5.0129508
0.84939312 1.8066589 5.0133431
0.84939969 1.8056153 5.0135122
0.84970875 1.8075577 5.0136123
0.84882667 1.8064274 5.015198
4.6834515 1.4054979 2.8310318
4.95665 1.19228 4.22441
4.6831366 1.4055774 2.8310429
4.6829867 1.4056654 2.8312888
4.682208 1.4086854 2.8344256
4.6790959 1.4114648 2.8338785
4.6805038 1.4117071 2.836068
4.67939 1.4098712 2.8299661
4.6823163 1.4056854 2.8345497
4.6787732 1.4047113 2.8326761
4.98305 2.06213 1.64875
4.0296608 1.8787785 2.4556593
4.0314798 1.8753019 2.4560843
4.0291973 1.8731463 2.4575564
4.0282269 1.8676731 2.4576196
4.0282723 1.8680556 2.4566602
4.0308504 1.8679866 2.4549997
4.0331186 1.8723319 2.4570283
4.0316851 1.8751807 2.4568445
0.61753 2.14179 2.64076
4.0322789 1.8702758 2.4523233
4.0339814 1.8710929 2.4557073
4.0313577 1.8722807 2.4567497
4.0345807 1.8734251 2.4599234
4.0361151 1.8703604 2.4565303
4.9440905 2.7227752 5.1089211
4.9521826 2.7223479 5.1169268
4.9470008 2.7202466 5.115592
4.95031 2.7159071 5.1179336
4.9457906 2.719142 5.1119701
4.9469922 2.7195621 5.1093598
4.9466764 2.721178 5.1107411
4.9486634 2.7194613 5.1108773
4.9467352 2.720321 5.1114148
4.9368954 2.7174934 5.1009957
4.9393211 2.7182269 5.1057564
4.9391618 2.7192622 5.1040682
4.9427447 2.7222709 5.1062695
4.9391425 2.7237832 5.1019233
1.8134143 0.83512182 2.1823323
1.8146572 0.83092702 2.1824681
1.816638 0.829483 2.1827417
1.8178694 0.82930874 2.1800699
1.818151 0.83224895 2.1808967
4.42321 1.20167 3.77489
1.8183052 0.83384259 2.1841021
1.8134198 0.83343796 2.1849185
1.813555 0.83463864 2.1847236
1.8149046 0.83361541 2.1842355
1.8173694 0.83196893 2.1848689
1.8171728 0.8300731 2.1822487
1.8152879 0.82959237 2.184333
1.8118104 0.8311175 2.183057
1.8099768 0.83148077 2.1852801
4.5032506 0.76568022 1.9633239
4.4999525 0.76789691 1.9658687
4.5017615 0.76832552 1.9645973
4.854118 2.0631099 0.40721368
4.8530031 2.0620471 0.40928414
4.8510414 2.0625628 0.40946406
4.8480184 2.0608613 0.41041384
4.8501767 2.060624 0.4107565
4.847267 2.0611319 0.41112354
4.8495072 2.0613971 0.41068245
4.8478452 2.0594527 0.41247858
4.8460037 2.058711 0.40915085
4.84742 2.0603152 0.40854726
4.8469053 2.0639153 0.40674372
4.8501153 2.0657347 0.40874379
4.850424 2.0640127 0.41203295
0.01841 1.40068 0.61071
4.8504398 2.0582389 0.41531192
4.8494364 2.0612361 0.41201221
4.8511555 2.0625391 0.41426576
4.8532243 2.0641967 0.41505928
4.8551041 2.0625723 0.41717143
4.8545721 2.0608345 0.41501819
1.8229308 2.3725274 4.3151201
1.8253626 2.3714178 4.3189533
1.824806 2.3723845 4.3180542
1.8299285 2.3721633 4.321547
1.8304478 2.37657 4.321046
1.8294564 2.3731309 4.3191339
1.8272269 2.3742554 4.316816
1.8273659 2.3703514 4.3171713
1.8281529 2.3732155 4.3210287
1.8284568 2.372631 4.3229785
1.8227285 2.3728244 4.3196432
1.8250105 2.3723254 4.3198239
1.826428 2.3740866 4.3194329
1.8283956 2.3735656 4.3203229
3.63814 1.3875 2.64059
1.8261949 2.3719304 4.3129682
1.8249175 2.3718682 4.3122291
1.8275872 2.3717999 4.3133822
3.2187 2.364266 2.287359
3.2173473 2.3626749 2.2872527
3.2148083 2.3624268 2.2872811
3.2157287 2.3623748 2.286513
3.2144579 2.3618728 2.2868372
3.2134564 2.3642922 2.2831009
3.2137666 2.3654151 2.2856523
3.2117836 2.3645302 2.28329
3.2143212 2.3617937 2.2889179
1.9670422 2.2472895 3.7465646
1.9683668 2.2451131 3.7450931
1.9676259 2.2421211 3.7433653
1.9650904 2.2442389 3.7435714
1.9618754 2.2457895 3.7445176
1.9583975 2.2466063 3.7441869
1.9596914 2.2422511 3.7429395
1.9587938 2.242902 3.7423458
1.9634807 2.2413595 3.7441722
0.84370695 1.8083225 5.0124759
0.84523903 1.8081631 5.0118852
0.84427244 1.8079572 5.0081974
0.84560047 1.8072118 5.0106552
0.84454196 1.8055941 5.0076635
0.84255165 1.8054254 5.012764
0.84271405 1.8036462 5.011359
0.8432873 1.8046007 5.0119569
0.84494367 1.8030289 5.0094853
0.84560479 1.8068875 5.0099424
0.84698614 1.8036436 5.0144232
0.84900131 1.8075277 5.0140522
3.47309 2.06543 0.95196
0.84931025 1.8089403 5.0147825
0.84808963 1.8076393 5.0169907
0.84561881 1.807235 5.0161174
4.6830202 1.4059973 2.8328663
4.6826571 1.4054737 2.8324655
4.6817049 1.4067429 2.8312042
4.6837707 1.4104871 2.8312231
4.6813605 1.4122665 2.8310492
4.6838941 1.412435 2.8347666
4.6807241 1.4096338 2.8302891
4.6854372 1.4053931 2.8336215
4.682577 1.4057096 2.8296894
4.6841799 1.4040007 2.8327953
4.0317425 1.8772015 2.4581231
4.03151 1.8748916 2.4568728
1.38731 1.84788 3.97047
4.0283311 1.868051 2.456896
4.0298545 1.8683358 2.4583783
4.029538 1.8688996 2.4554879
4.0302496 1.8706352 2.4567778
4.0318775 1.8729615 2.455719
4.0326288 1.8701008 2.4573202
4.0338106 1.8719719 2.4577186
4.0333237 1.8728577 2.4592733
4.0309117 1.8716602 2.4582161
4.0323966 1.8720583 2.4595704
4.9453309 2.7219006 5.1098854
4.9432894 2.7222718 5.1094288
4.949511 2.7229676 5.1139008
4.9441021 2.7195977 5.1102497
4.9467324 2.7160011 5.1125567
4.9404648 2.7182308 5.1074537
4.946355 2.7187093 5.1115343
4.946426 2.7209547 5.1125134
4.9481337 2.7193856 5.1097008
4.9446091 2.7202041 5.1105026
4.9398361 2.717634 5.1052925
4.9448352 2.7174661 5.112586
4.9416482 2.7175069 5.1070167
4.9428818 2.7200506 5.1065051
4.9385177 2.7220037 5.1009433
4.9376377 2.7210423 5.0996423
1.815339 0.83196343 2.1823635
1.8158409 0.83104975 2.1832029
1.8158131 0.83139156 2.1796249
1.8164201 0.83317441 2.1795482
1.8152544 0.83302464 2.180977
4.1034 2.48814 5.92744
1.8145294 0.83187515 2.1820984
1.8168252 0.8327758 2.1837113
1.8184957 0.83223693 2.1803939
4.54872 0.65599 2.85217
1.8210498 0.83208498 2.1781267
1.8177175 0.82969121 2.184195
1.8134918 0.83074149 2.1840826
1.8133085 0.83092727 2.1859673
4.500951 0.76455879 1.9670307
4.8497072 2.0674626 0.4093812
4.8517157 2.0649052 0.40915922
4.8534015 2.0647343 0.40788123
4.8521107 2.0644779 0.40794435
4.8496752 2.0647088 0.40914352
4.8471879 2.0622929 0.41009156
4.8462392 2.0619859 0.40923144
4.8464819 2.0624746 0.40837592
4.8481933 2.0626098 0.4097599
4.8490167 2.0615901 0.41253036
4.8473751 2.060512 0.40981889
4.8514747 2.0630726 0.41218761
4.8488632 2.0659526 0.40876703
4.8497529 2.067544 0.41248786
4.8464411 2.0636188 0.41003588
4.8462182 2.0636948 0.40833581
4.8472662 2.0603248 0.40789794
4.8468734 2.0644502 0.41010176
4.8494553 2.0649726 0.41481296
4.8508447 2.0669028 0.41622272
4.8521208 2.0637353 0.41545199
4.8524765 2.0631718 0.41392009
1.8278309 2.3722825 4.3159786
1.8282107 2.3711799 4.3178813
1.8267791 2.3723445 4.3186631
1.8261276 2.3745129 4.3206213
1.8267024 2.3765527 4.3209738
1.8267538 2.3725359 4.3194502
1.8297687 2.3714241 4.3200748
1.8295302 2.3696244 4.3205701
1.8296522 2.3730107 4.3242775
1.8262599 2.3741372 4.3224141
1.823479 2.3739022 4.3223868
1.8242927 2.3731413 4.320074
1.8247052 2.3728578 4.3203928
1.825966 2.3730103 4.318993
1.8246588 2.3744023 4.3168501
1.824952 2.3735263 4.3146379
1.8249707 2.3736728 4.3153343
1.8273867 2.3721233 4.3154713
3.2125114 2.3639917 2.2825186
3.2141067 2.362218 2.2847771
3.2153199 2.3611853 2.2880309
3.218448 2.3610642 2.2904571
3.2167614 2.3604774 2.287737
3.2159689 2.3640423 2.2842201
3.2124363 2.3636651 2.2808038
3.2084315 2.3641752 2.2774777
3.210395 2.3630103 2.2800257
1.9680971 2.2445883 3.7492027
1.9664092 2.2453243 3.7470664
1.9680429 2.2450763 3.7461527
1.9681208 2.2453185 3.7466943
1.9661874 2.2434671 3.7460449
1.9626023 2.2433433 3.7425236
1.9609535 2.2405478 3.7421895
1.9607839 2.2432564 3.7424541
1.964658 2.2410946 3.7454864
0.84701995 1.8032651 5.0126323
0.8487612 1.8042736 5.0149194
0.85012873 1.8052525 5.0115531
0.8478105 1.8059224 5.0108665
0.84457822 1.8052205 5.0073144
0.84053647 1.8055363 5.0104686
0.84256292 1.8040114 5.011816
0.84389265 1.807846 5.0126344
0.84533679 1.8050678 5.0121342
0.8443101 1.8060146 5.0118948
0.84494132 1.804646 5.0143203
0.84499454 1.8077991 5.0127165
0.84807238 1.8101124 5.0164713
0.84848816 1.8105664 5.0142387
0.84816312 1.8079351 5.0172239
0.84634249 1.8042415 5.0156421
4.6848604 1.4035346 2.8347997
4.6845465 1.4025988 2.8334456
4.6832241 1.4025799 2.8319231
4.6825408 1.4051044 2.8330607
4.6805504 1.4080227 2.8338332
4.6816572 1.4103018 2.8353802
4.6806242 1.4115237 2.8334446
4.6828363 1.4102632 2.8330217
4.68317 1.4054937 2.8284513
4.6846602 1.4028041 2.8301014
4.034794 1.8749881 2.4582791
4.0319494 1.8733398 2.4568264
4.0323385 1.8727284 2.4583212
4.0312793 1.8726871 2.4587912
4.0338354 1.8726981 2.4602683
4.0334148 1.873289 2.458198
4.0326381 1.8718773 2.4583765
4.0338703 1.8730915 2.4582659
4.0294645 1.8708184 2.458146
4.0322959 1.8723819 2.4565373
4.0300497 1.8740176 2.4586068
4.0298708 1.8740833 2.4572119
4.940694 2.7179681 5.1045324
4.9418391 2.7217672 5.1070658
4.9417089 2.7221104 5.1085705
4.9420718 2.7250331 5.1088433
4.9404025 2.7214098 5.1080747
4.9404544 2.7189236 5.108627
4.9380389 2.7173062 5.1050932
4.9400151 2.7168545 5.1044514
4.9442361 2.7188074 5.1080339
2.63393 2.54658 3.15303
4.9454531 2.7235161 5.1120548
4.9419438 2.72181 5.1077051
4.9419411 2.721072 5.1091812
4.9438603 2.7185341 5.1093615
4.9407376 2.7192252 5.1044114
4.9372686 2.7198172 5.0983587
4.9340549 2.7196197 5.0962106
4.9358958 2.7194606 5.0995752
1.8164719 0.82941062 2.1813315
1.8187059 0.83180797 2.1788484
1.8187244 0.83254869 2.1784021
1.8191239 0.8330482 2.1795503
1.8188606 0.8318298 2.1808362
1.8148847 0.83186396 2.185452
1.8144513 0.83194669 2.1872262
1.816134 0.83255558 2.1837599
1.8208038 0.83419852 2.1829429
1.8226485 0.83585489 2.1768106
1.8208661 0.83451971 2.1816189
1.8152477 0.83402717 2.1836918
1.8102398 0.83125819 2.1883721
4.8485281 2.0644317 0.41119099
4.8513781 2.0643355 0.40822916
4.8503484 2.0632733 0.40747068
4.8510615 2.0637319 0.40539405
4.8489162 2.0624038 0.40699574
4.8490746 2.0625365 0.40810517
4.8504955 2.0627778 0.40935632
4.8493149 2.0622555 0.41059231
4.850887 2.061369 0.4101874
4.8484777 2.0612387 0.41130454
5.39661 1.25481 2.69143
4.8479157 2.061626 0.41027667
4.8507361 2.0624981 0.41133648
4.8516464 2.0618552 0.40800138
4.8508638 2.0648373 0.41177238
4.8484781 2.0634878 0.40996011
4.8482799 2.0614946 0.41099989
4.8519665 2.0573298 0.4122852
4.8517296 2.0597996 0.41338468
4.8522313 2.0624157 0.41635684
4.8512794 2.0684667 0.41671039
4.8522605 2.0660573 0.41612166
0.55586 1.93141 0.46543
4.12828 0.94082 1.1415
1.8273851 2.3744112 4.3180228
1.8285015 2.3729791 4.3206435
1.8272611 2.3746571 4.3210842
1.8260098 2.3739394 4.3183716
1.8221474 2.3718828 4.3147294
1.8234103 2.3713668 4.3169089
1.8250992 2.3688957 4.3200286
1.8281804 2.3726249 4.3229086
1.8253334 2.3729202 4.3186566
1.8237217 2.3745857 4.3198106
1.8241778 2.3753974 4.3194591
1.825036 2.3733979 4.3226707
1.8272326 2.372482 4.3215787
1.8259962 2.3714486 4.319961
1.8301307 2.3730092 4.320435
1.8299399 2.3727196 4.3196711
1.8285451 2.3733772 4.3163821
1.8269697 2.3737123 4.3153818
3.2117454 2.3624003 2.2838876
3.2118258 2.3620626 2.2819006
3.2159117 2.3627359 2.2839614
3.2163968 2.3620663 2.2835485
3.2159957 2.3647802 2.2844223
3.215624 2.3625026 2.2837789
3.2110958 2.3642653 2.2819253
3.208463 2.3633633 2.2800411
1.9667835 2.242719 3.7480966
1.9663623 2.2412745 3.7466493
1.9673156 2.2413907 3.7484537
1.9669529 2.242704 3.7469036
1.9654551 2.2413104 3.7478704
1.9618652 2.2404662 3.742411
1.9595949 2.2375928 3.7411668
1.962918 2.2407032 3.7435435
1.9662431 2.2407255 3.7491464
0.8492609 1.8049991 5.0157851
0.84845049 1.8048554 5.0156717
0.85148984 1.8061721 5.01273
0.84854562 1.8071958 5.0115522
0.84816811 1.8054565 5.0098537
0.8423212 1.806766 5.0124912
0.84318427 1.8061212 5.0150525
2.54131 0.46117 0.68072
0.8469941 1.8052853 5.0125584
0.84525855 1.8053741 5.0120707
0.84349702 1.8066175 5.0141769
0.84393484 1.8085451 5.0124779
0.8457126 1.8114087 5.0154423
0.846385 1.8089195 5.0150414
0.8448949 1.808391 5.016182
0.84490772 1.8067123 5.0126048
4.6846501 1.4043195 2.8345134
4.6837713 1.4044021 2.8361072
4.684118 1.4037785 2.8349511
2.75116 1.90577 0.84267
4.6845853 1.4098339 2.8311143
4.6828527 1.410344 2.8347772
4.6844417 1.4098725 2.8330127
4.6841381 1.4093663 2.8343032
4.6848775 1.4064202 2.829605
4.6830268 1.4082132 2.8282508
4.0360056 1.871525 2.4570956
4.0332395 1.8718313 2.4573021
4.0343661 1.8714073 2.4595
4.0323669 1.8728173 2.4587021
4.034828 1.8736971 2.4575069
4.034896 1.8736842 2.4568124
4.0328426 1.8706768 2.45656
4.034541 1.8706581 2.4569476
4.0311294 1.8700004 2.4592901
4.0320991 1.8728278 2.4569609
4.0293863 1.8733757 2.4580071
4.0310222 1.8739347 2.4550981
4.9431071 2.7192343 5.105204
4.9444002 2.7210974 5.1101585
4.9431594 2.7198974 5.1094434
4.9389891 2.721937 5.1056184
4.935709 2.7212323 5.1010362
4.9350218 2.7210205 5.1014801
4.934839 2.7188338 5.1024634
4.9350518 2.7179679 5.1028848
4.9359509 2.7181677 5.1004331
4.9394756 2.7203096 5.1031334
5.88853 0.926 1.45795
4.9454127 2.7230346 5.1127197
4.9371798 2.7230745 5.1042957
4.941385 2.7220338 5.1070429
4.9362913 2.7216871 5.1033182
4.9394166 2.7212396 5.1038213
4.9390783 2.7211708 5.1040145
4.9360617 2.7199783 5.0993442
1.8151676 0.82998259 2.1808726
1.8160613 0.83093405 2.1799116
1.815717 0.83407443 2.1790647
1.8193915 0.83363244 2.1817575
1.8181557 0.83324098 2.1812016
1.8179123 0.83419836 2.1849521
1.8175715 0.83517702 2.1821832
1.8180577 0.83374836 2.1835362
1.8194068 0.83416976 2.1800683
1.8210165 0.8349866 2.1778843
1.8185267 0.83237473 2.1821353
1.8174256 0.83081618 2.183141
1.8145321 0.82890599 2.1857551
4.8491331 2.0647801 0.41216299
4.8490445 2.0647982 0.41013886
4.8464641 2.0616703 0.41021344
4.8471592 2.0623727 0.40705523
4.8474417 2.0612771 0.40862423
4.8479346 2.0644016 0.4083082
4.8495504 2.0647496 0.40970937
4.8476478 2.0639155 0.40851848
1.39019 2.53563 0.56835
4.8510246 2.0636502 0.40832166
4.8509221 2.0648485 0.4120649
4.8526687 2.0659289 0.41244348
4.8502069 2.0651121 0.41132553
4.8512577 2.0628978 0.40975349
4.8473819 2.0639393 0.40981074
4.8465173 2.0637141 0.40808162
4.8460915 2.0632008 0.40829753
4.8484597 2.0626322 0.40903073
4.849739 2.0644569 0.41188233
4.8513983 2.0662488 0.4151156
4.8505267 2.0679189 0.41319956
4.8515031 2.0671777 0.41363258
4.851243 2.0663469 0.41192559
4.8504403 2.0645996 0.41107287
1.830422 2.3747842 4.3195009
1.829066 2.3741127 4.3229555
1.8245881 2.3754235 4.3214202
1.82334 2.3729475 4.3191987
1.8200315 2.3723007 4.3145539
1.8267443 2.3715008 4.3204204
1.8260249 2.369881 4.3223882
1.8290779 2.3713493 4.3242583
1.8234832 2.3715069 4.3181394
1.823411 2.3733222 4.3175694
1.8255098 2.3729453 4.319526
1.8235514 2.3710439 4.3166825
1.8292184 2.3713428 4.3194269
1.8269539 2.3713071 4.3172948
1.8322345 2.3723076 4.3215991
1.8293365 2.3735056 4.3190205
1.8288595 2.3742211 4.316879
1.8265413 2.3740324 4.3149348
3.2127096 2.3638679 2.2810581
3.2107127 2.3632723 2.279688
3.2105375 2.3646141 2.2786191
3.211308 2.363747 2.2802638
3.2144986 2.3633604 2.2821611
3.2178651 2.3590079 2.2843685
3.2150822 2.3627055 2.2801996
3.2135961 2.3646892 2.2786944
1.9482714 2.2226099 3.7707054
1.9529459 2.2329601 3.7555149
5.12741 0.69237 2.82828
1.9632408 2.2429629 3.7418257
1.9655837 2.2405057 3.7441435
1.9638732 2.2405888 3.740086
1.962803 2.2399706 3.7412565
1.9654652 2.2425655 3.743038
1.9662714 2.2432689 3.7465635
0.84651953 1.8023291 5.0111433
6.01322 1.32745 0.60059
0.85170173 1.804244 5.0150942
0.84886949 1.8059337 5.011708
0.84871374 1.8061441 5.012306
0.84179828 1.8077653 5.0128191
0.84310852 1.8065136 5.0134329
0.84403552 1.8062054 5.0121536
0.84297559 1.8057989 5.0115669
0.84157954 1.8045368 5.0118432
0.84258511 1.8063852 5.0140322
0.84349188 1.8070882 5.0119918
0.84477618 1.8083714 5.0116783
0.84314022 1.8059112 5.0115946
0.84473164 1.8019367 5.0124597
2.63179 2.607 0.82561
4.6835511 1.404641 2.8326887
4.6830181 1.4058233 2.8323745
4.6823409 1.4059941 2.8307829
4.6803822 1.4071645 2.8332441
4.6834913 1.4059059 2.8315004
4.6802901 1.4064274 2.835173
4.6816827 1.4070188 2.8332412
4.679756 1.4093682 2.8344405
4.6818592 1.4058335 2.8300673
4.6820844 1.4066624 2.8305411
4.0376831 1.8759409 2.4577757
4.0348414 1.8740225 2.4601808
4.0346521 1.8729914 2.4604022
4.0339157 1.8733286 2.4609781
4.0341649 1.8737513 2.4577365
4.0333411 1.8734776 2.4576214
4.0333287 1.8729234 2.4576392
4.0337865 1.8733607 2.4571556
4.0310642 1.8718381 2.4572489
4.0297828 1.8733031 2.4545046
4.0283993 1.8733466 2.4553642
4.0292836 1.8750266 2.4532961
1.38371 1.36579 2.38576
4.9484642 2.7209949 5.1129623
4.943963 2.7212518 5.1080336
4.9452285 2.7225381 5.1097036
4.9407965 2.7220259 5.1056351
4.9403447 2.7242434 5.1064619
4.929923 2.7213206 5.0984432
4.9286862 2.7213323 5.0954385
4.9349536 2.7200785 5.0981402
4.9422624 2.7223154 5.1048858
4.9464111 2.7240746 5.1074839
4.9493367 2.7245979 5.1132549
4.9375613 2.7236491 5.1023231
4.9376626 2.7220688 5.1041356
4.9297922 2.7201967 5.098498
4.9352991 2.7185518 5.1026249
4.9361792 2.7173164 5.1038103
1.9176 2.55857 0.38337
1.8212281 0.83085875 2.1782793
1.8223792 0.83025784 2.1786878
1.8195457 0.83299126 2.1793373
1.8193116 0.83046337 2.1833613
1.8174172 0.83238827 2.182734
1.8182186 0.83161377 2.1877768
1.816918 0.83452236 2.1812172
1.8156026 0.83456918 2.1840539
1.8153377 0.83583747 2.1777646
1.8173835 0.83657926 2.1793659
1.8169606 0.83562655 2.1812231
1.8157216 0.83426421 2.1831534
1.8126451 0.83141656 2.1867165
4.8532613 2.0605166 0.41307957
4.8514955 2.0609481 0.41177749
4.8479793 2.058895 0.40933743
4.846917 2.0590617 0.40772556
4.8483756 2.0599485 0.40831427
4.8497937 2.0632147 0.40859403
4.8521183 2.0621161 0.41269865
4.8527041 2.0617464 0.41185477
4.8523485 2.0580885 0.41415844
4.8517399 2.0618384 0.41167771
4.8482355 2.0616915 0.41205106
4.8500044 2.0643538 0.41146085
4.8495924 2.0619037 0.41059195
4.8503618 2.0622626 0.40794656
4.8496628 2.0631507 0.40970479
4.848439 2.0622649 0.40845517
4.8490145 2.0606021 0.40829366
4.8487627 2.0588519 0.40746412
4.8490509 2.0621755 0.40953697
4.849625 2.066563 0.41144441
4.8494378 2.0680926 0.41144479
4.8511662 2.0671458 0.41137503
4.8497027 2.0639924 0.40978433
4.8495439 2.0638702 0.40918075
4.8485676 2.0629156 0.40799183
1.8301018 2.3758422 4.3210094
1.8267147 2.3733029 4.3168047
1.8251737 2.3705747 4.3162745
1.8214829 2.3704726 4.312798
1.8267385 2.3706787 4.3190435
1.8246092 2.3704779 4.3195661
1.8283612 2.3712678 4.3210277
1.8231467 2.3717631 4.3173367
1.8224093 2.3731857 4.3146628
1.8262533 2.3716605 4.319018
1.8247516 2.368542 4.3149762
1.8306036 2.3671109 4.3191386
1.8300974 2.3690097 4.3179539
1.8335674 2.3705152 4.3203036
1.8308711 2.3748591 4.3194983
1.8277916 2.3745983 4.3158555
1.826848 2.3764635 4.3156763
3.2100393 2.362786 2.2772536
3.2083502 2.3644353 2.2766655
3.210582 2.365006 2.2771523
3.210741 2.3666635 2.2809403
3.214559 2.3657404 2.2824891
3.2171565 2.3619817 2.2871221
3.2177409 2.3634525 2.2860335
3.215159 2.365419 2.2836841
1.9515147 2.2290549 3.7633459
1.9534133 2.2299036 3.7581563
1.9640347 2.2390961 3.743928
1.9617223 2.2417151 3.7426998
1.965973 2.2415533 3.7440986
1.9661398 2.2406181 3.743183
1.9669048 2.2394781 3.7436494
1.9672307 2.2400243 3.7445046
1.9681013 2.2406256 3.7471222
0.84837844 1.8054417 5.0161745
0.84874341 1.8057514 5.0139049
0.8511146 1.8063169 5.0165411
0.8489968 1.8066366 5.0133402
0.8483817 1.8066122 5.0135408
0.84493801 1.807453 5.0137121
0.84616505 1.8075624 5.014947
0.84587137 1.8058083 5.0139236
0.84572311 1.8033003 5.0136825
0.84392886 1.8023174 5.0123094
0.84439025 1.8032728 5.0142938
0.843906 1.8063313 5.0121775
0.84590347 1.805265 5.0100868
0.84153911 1.8069136 5.0086285
0.84465581 1.8043497 5.0083554
0.84528732 1.8028657 5.0091586
4.6818233 1.4070621 2.8335892
4.6809215 1.4093576 2.8355813
4.6801941 1.4080533 2.8328787
4.6797748 1.4101671 2.8317264
4.6823648 1.4087283 2.8308435
4.6801727 1.4098476 2.8331949
4.6831538 1.406862 2.833869
4.6819347 1.4075273 2.8346626
4.6814276 1.4057559 2.8312761
5.91088 2.87384 1.52501
4.0367381 1.8724829 2.4599842
4.0353641 1.8710615 2.4608179
4.0322114 1.870632 2.459906
0.45309 2.68495 0.79637
4.0293663 1.8723585 2.4569673
4.0323648 1.8736704 2.4547816
4.0315389 1.8736441 2.4548721
4.0316466 1.8752893 2.4529273
4.0302927 1.8750708 2.4545891
4.0303279 1.8766323 2.4515453
4.0300096 1.8753801 2.4531664
4.029697 1.8753493 2.4518829
4.9417563 2.721788 5.1057285
4.9450085 2.7208291 5.1110904
4.9432311 2.7203367 5.1100048
4.946164 2.7189803 5.1121908
4.9422949 2.7198661 5.106986
5.27953 1.30765 5.51938
4.9384459 2.7197717 5.1061471
4.9298338 2.720517 5.0978689
4.9305234 2.7192978 5.0954347
4.9353435 2.7211581 5.0979576
4.9476758 2.7224861 5.1086795
4.9515666 2.7200097 5.1164621
4.9400808 2.7217661 5.1055329
4.9399195 2.7215046 5.1053516
4.9295704 2.7217046 5.0962947
4.9378894 2.7205538 5.1035448
4.9402089 2.7187386 5.1073756
4.9456515 2.7179057 5.1130332
1.8196561 0.83103847 2.1787062
1.8199223 0.83071019 2.177942
1.8191458 0.83212839 2.1780619
1.8176774 0.82959627 2.1827053
1.8168764 0.83340878 2.1814159
1.8169734 0.83305827 2.1847696
1.8145352 0.83516141 2.1797193
1.8115826 0.83267169 2.1841914
1.8112347 0.83179665 2.1807766
1.8136136 0.83320755 2.1810684
1.8171908 0.83118854 2.180681
1.8166952 0.83007397 2.1832117
1.8135924 0.82886301 2.1873988
4.8496183 2.0591688 0.41191606
4.8479509 2.0590344 0.40982027
4.8472911 2.0593563 0.40721906
4.8472431 2.0583958 0.40918503
4.8500506 2.0599975 0.41002961
4.852205 2.0632048 0.40985838
3.377 1.67898 4.03219
4.8548227 2.0611662 0.41131421
4.8533512 2.0580973 0.41096166
4.8524455 2.0598122 0.4096205
4.8492423 2.0604802 0.40845641
4.8486961 2.0636268 0.40838653
4.849543 2.0642069 0.40831296
4.8487826 2.0624539 0.4062602
4.8499201 2.0625188 0.40949254
4.8481925 2.0620463 0.40848995
4.8480348 2.0632706 0.40923948
4.8454577 2.0625547 0.40578867
4.8457915 2.0645232 0.40797686
4.8487755 2.0648578 0.4107221
4.8495285 2.0644331 0.41105341
4.8511152 2.0638885 0.40991028
4.8497158 2.0643218 0.41017855
4.8507946 2.0642477 0.4090717
4.8498483 2.0621584 0.40941209
1.8249085 2.3750598 4.31772
1.8236042 2.3736582 4.316078
1.823459 2.3747147 4.3175011
1.8226096 2.373276 4.3138576
1.8266938 2.3728291 4.3185958
1.8277937 2.3711318 4.3218778
1.8288964 2.3714716 4.3230335
1.827312 2.3726049 4.3209197
1.8251041 2.3733775 4.3161342
1.8261145 2.3724753 4.3177022
1.8290172 2.3705658 4.3167279
1.8313197 2.3691137 4.3181817
1.8319902 2.3682047 4.3195168
1.8304703 2.3686197 4.318545
1.8298315 2.3723374 4.3196906
1.8269084 2.3715483 4.3157859
1.8289337 2.3732587 4.3203519
1.8289214 2.3717446 4.3198477
3.2103746 2.3652725 2.2818108
3.2108408 2.3657516 2.2809131
3.2092265 2.3674844 2.2816706
3.2116763 2.3662595 2.2823624
3.2154671 2.3645519 2.2843104
6.17014 1.51199 5.0469
4.65113 1.43114 5.59225
1.9439898 2.2217391 3.7717098
1.9522487 2.2328628 3.7552271
1.9617953 2.2392947 3.7405829
1.9603654 2.2405844 3.7402599
1.964409 2.2421467 3.7397701
1.9674693 2.2458732 3.7422529
1.9671872 2.2453754 3.7436313
1.9661975 2.2464002 3.7445098
1.9643284 2.2458013 3.7444275
0.84477089 1.8046224 5.0125681
0.84593356 1.804849 5.0119105
0.84678669 1.8043957 5.0121327
0.84765066 1.8044428 5.0108136
0.84610668 1.8057261 5.0111355
0.84590812 1.8068133 5.0110881
0.84702997 1.8080136 5.0134278
0.84592235 1.8042666 5.0125019
5.87551 1.56939 3.05875
0.84170781 1.8021421 5.0103089
0.84416635 1.801213 5.0126712
0.84549467 1.8040199 5.012723
0.84447878 1.8043671 5.01043
0.83902228 1.8067821 5.007408
0.8408048 1.8038113 5.0057868
0.8414235 1.8023264 5.0072169
4.6818063 1.4026539 2.831459
4.6815183 1.4062897 2.8311164
4.6802658 1.4058319 2.8271165
4.6783893 1.4090815 2.827269
4.6789834 1.4057274 2.8282344
4.676975 1.4062031 2.8306341
1.2173 1.42887 5.21191
4.6803126 1.4074416 2.8327419
4.6824607 1.403495 2.8314919
4.6839285 1.4029096 2.8299457
4.0330928 1.8730384 2.4584001
4.0339559 1.8725039 2.4589291
4.0333249 1.8713987 2.4590293
4.0326286 1.8701938 2.458826
0.48269 2.52452 6.08777
4.0335113 1.8705334 2.4557052
4.0313402 1.8711622 2.45731
4.0325631 1.8740558 2.4550031
4.0312121 1.8726438 2.4563787
4.0304221 1.8736602 2.4524789
4.030541 1.8728491 2.454436
4.0299519 1.8736825 2.4539822
5.15432 0.07259 5.73226
4.9465128 2.7236015 5.1121618
4.9421832 2.7231219 5.1082348
4.9442647 2.7201425 5.1100871
4.9447727 2.7192288 5.1092049
4.9415419 2.7202387 5.10546
0.46788 2.12984 4.4526
4.9296899 2.7214142 5.0961306
4.9368116 2.7214521 5.0999299
1.02523 2.66038 1.32885
4.9483588 2.7230515 5.1089615
4.953635 2.7200453 5.1174515
4.9455509 2.7212955 5.1121986
4.9446153 2.7190588 5.1106412
4.9303506 2.7190599 5.096176
4.9386633 2.7171485 5.101665
4.9395987 2.7166642 5.1050245
4.948006 2.7174089 5.11464
1.8218091 0.83285214 2.1780248
1.8220926 0.83253679 2.1790978
1.8221749 0.83136329 2.1779955
1.8172551 0.82978819 2.1818606
1.8146235 0.83180346 2.1821091
1.8160335 0.83221254 2.1841728
1.8167675 0.83509202 2.1797487
1.8154479 0.83527302 2.1801919
1.8141606 0.83425209 2.179109
1.8154629 0.83387895 2.1807864
1.8176449 0.83183945 2.1810732
1.8185214 0.83266074 2.1803458
1.819839 0.83172707 2.1797926
4.8526819 2.0620226 0.41244043
4.8505434 2.0624122 0.41077362
4.8473538 2.0611764 0.40734497
4.8459678 2.0583781 0.40892979
1.30928 2.00085 0.43769
4.8521628 2.0620486 0.40926723
4.849883 2.0621415 0.4072611
4.8554966 2.0594086 0.41309115
4.8522405 2.0580915 0.41044883
4.8508536 2.0589119 0.41077021
4.8484382 2.0620207 0.40731012
4.8475737 2.064574 0.40700786
4.8502482 2.0649475 0.40571664
4.851211 2.0641769 0.40674598
4.8521018 2.0620907 0.40712593
4.8517317 2.0603509 0.4086463
4.8504631 2.060106 0.40820306
0.89362 1.4705 3.82294
4.8479489 2.0607253 0.40671585
4.8485393 2.0608015 0.40902507
4.848298 2.0621821 0.40948861
4.849793 2.0625965 0.40893595
4.8478048 2.0621522 0.40870227
4.8489729 2.0623788 0.40788042
4.8487906 2.0624951 0.40942766
1.8262301 2.3760088 4.3140718
1.8260729 2.3725077 4.3136844
1.8242631 2.3731469 4.3134613
1.8264171 2.3689469 4.3144429
1.82595 2.3715532 4.3163859
1.8303917 2.371358 4.31984
1.8272205 2.3729838 4.3208452
1.8287167 2.3745241 4.3214218
1.827295 2.3776273 4.3192582
1.8240727 2.376817 4.3149401
1.8275421 2.3732637 4.3159997
1.8256648 2.3694629 4.3156594
1.8296814 2.3674932 4.3188268
1.8256483 2.3708046 4.3157277
1.8267485 2.3723071 4.3168587
1.8263568 2.3728598 4.3147527
1.8306165 2.3714915 4.3208597
1.8283281 2.3695211 4.3218518
3.2146419 2.3659417 2.2842228
3.2142794 2.3652127 2.2847319
3.2144153 2.3658146 2.2858384
3.2136431 2.3672051 2.2840856
3.217104 2.3676271 2.2874287
3.2164111 2.3675684 2.288027
3.2205488 2.365583 2.2918912
5.32244 1.12484 4.17472
1.9632861 2.241582 3.7460406
1.962064 2.23969 3.7444409
1.9619779 2.2431306 3.7427177
1.9633063 2.2421051 3.741422
1.9673203 2.2444904 3.7433451
1.9643303 2.2437443 3.7422426
1.9665383 2.2455382 3.7429163
1.9638581 2.2438482 3.7432392
1.76289 0.87853 5.91286
0.84899466 1.8037907 5.0149703
0.84764514 1.8061785 5.0140553
0.84748714 1.8049058 5.0133441
2.23785 2.00828 0.65991
0.84556594 1.8025411 5.0113869
0.84600462 1.8069093 5.0142876
0.84727267 1.8039056 5.0152962
0.84576251 1.8062449 5.0149834
0.84463891 1.8025344 5.0125002
0.84469237 1.8021153 5.0144628
0.84773455 1.8042522 5.0154182
0.84582469 1.804671 5.0138659
0.84430981 1.8071204 5.0118198
0.84324857 1.8081719 5.0083833
0.84424585 1.8070413 5.0077303
4.6824437 1.4016597 2.8345502
4.6822212 1.4038898 2.8352191
4.6798335 1.4027475 2.8290636
4.6803591 1.4061852 2.8281888
4.6792105 1.4058616 2.8290323
4.6794996 1.4081715 2.8318995
4.6799576 1.4085834 2.8348723
4.6826314 1.406728 2.8307247
4.6819844 1.4034492 2.8306794
4.6816663 1.4016455 2.8284525
4.0338704 1.8711824 2.4566958
4.0347994 1.8702358 2.4556644
4.0347047 1.8704002 2.4559105
4.0336736 1.8704248 2.4570008
4.0301796 1.8705112 2.4582553
4.0327972 1.8713163 2.4539521
4.0297546 1.8699469 2.4542588
4.0294779 1.8731525 2.4518742
4.0295378 1.8717878 2.4550896
4.0315561 1.8739856 2.4533079
4.0344504 1.87359 2.4547948
4.0342728 1.8736031 2.4538786
4.9423391 2.7241321 5.1073143
4.941523 2.7239398 5.1081573
4.9371211 2.7217893 5.1038144
4.9356338 2.7191578 5.1023284
4.9386052 2.7198033 5.1026549
4.9378959 2.7189894 5.0995933
4.9447901 2.7188245 5.1065563
4.93907 2.7177454 5.1021514
4.9436568 2.7197515 5.1049689
4.946295 2.7206687 5.1084782
4.9509368 2.7206006 5.1103557
4.9510671 2.7178421 5.1144997
4.9473635 2.7190016 5.1126213
4.9441535 2.7210246 5.1088531
4.9350199 2.7210057 5.0988667
4.9380847 2.7197904 5.1003308
4.9406189 2.7187639 5.107081
4.9484283 2.719106 5.1170604
1.818649 0.83275637 2.1802641
1.8199659 0.83245137 2.1803272
1.8213621 0.83089893 2.1784545
1.8203055 0.83109984 2.1793243
1.8164773 0.83455498 2.1804118
1.8155913 0.8363471 2.1818087
1.8152471 0.83628463 2.1812703
1.8155656 0.833981 2.1810152
1.818724 0.83019763 2.1769367
5.83771 2.3468 5.76287
1.8213198 0.83212333 2.1771793
1.8191964 0.83155429 2.1806436
1.8178799 0.82714689 2.1837375
4.8485506 2.0595396 0.40648585
4.8486904 2.0608712 0.40684249
4.8477871 2.0615854 0.40620298
4.8490848 2.0641867 0.41150132
4.8488638 2.064381 0.41049704
4.8552978 2.0638325 0.41198464
4.8521983 2.0644475 0.40688197
4.8555236 2.0608845 0.40943976
4.8536219 2.0601559 0.40925776
4.8523409 2.0608091 0.41043322
4.8500469 2.0639133 0.40689406
4.8490658 2.065037 0.40605261
4.8537341 2.0635887 0.40459923
4.855161 2.0632435 0.40702114
4.8530039 2.0617881 0.40629967
4.8514944 2.0626186 0.40975814
4.8489887 2.063979 0.40574289
4.8511005 2.0632561 0.40771806
4.8511201 2.0616027 0.40841936
4.8505592 2.0601508 0.41140887
4.8498136 2.0611199 0.41091108
4.8498471 2.0639703 0.40880206
4.8480531 2.0635238 0.40844938
4.8498348 2.0628457 0.40880062
4.8498647 2.0603026 0.41061313
1.8251314 2.3778935 4.3169322
1.8251681 2.3763437 4.3171281
1.8243233 2.3768259 4.3164564
1.8257899 2.3740213 4.3171666
1.8266903 2.3745737 4.3185963
1.8314492 2.3737904 4.3230902
1.8311484 2.3742053 4.3244419
1.8311157 2.3736159 4.3220776
1.8305624 2.3764304 4.3194192
1.8258467 2.3766564 4.3147176
1.8270347 2.3771519 4.3157306
1.821513 2.3747812 4.3123999
1.8218529 2.37245 4.313495
1.8214479 2.3725521 4.3137346
1.8248211 2.3726479 4.3172662
1.8274258 2.3727338 4.3187222
1.8274296 2.3714073 4.3192114
1.8279148 2.3707278 4.3191168
3.2156116 2.3684571 2.2865002
3.2163086 2.3676687 2.288818
3.2158021 2.3672473 2.2897232
3.18538 1.05195 4.83137
3.2167648 2.3673506 2.2884179
3.2162453 2.3670918 2.2869509
3.2184592 2.3645176 2.2888248
1.9662579 2.2427155 3.7464204
1.9653806 2.242879 3.7463188
1.9613939 2.2426369 3.7439305
1.9608085 2.2431642 3.74203
1.9586064 2.2417131 3.7385399
1.9646219 2.2443266 3.741006
1.9616279 2.2433657 3.7410591
1.9668084 2.2476208 3.743405
1.9646941 2.2460184 3.7435586
0.846207 1.801299 5.0064962
0.84333285 1.8036905 5.0093415
0.8437206 1.8065058 5.0095548
0.84445141 1.805177 5.0116191
0.84721746 1.8073884 5.0112898
0.84642426 1.8033794 5.011917
0.84823699 1.8088075 5.0119044
0.84811145 1.804082 5.012569
0.84595364 1.8072337 5.0089552
0.84586878 1.8028893 5.0103952
0.84479655 1.8044821 5.0118074
0.84735375 1.8020504 5.0141453
0.84378129 1.8050148 5.0127397
0.84241734 1.8045082 5.0117407
0.83964125 1.8063022 5.009189
0.84129768 1.8052207 5.010034
4.6820979 1.4001121 2.8315397
4.684398 1.400135 2.8322293
4.6832212 1.4012177 2.8295078
4.683727 1.4056763 2.828838
4.6804452 1.4054509 2.8284951
4.6794477 1.4051711 2.8312393
4.6778404 1.4071257 2.8338243
4.6794909 1.4061015 2.8314401
4.6796009 1.4045926 2.8300786
4.6815603 1.4023408 2.8280356
4.0285286 1.8719227 2.4529137
4.0313676 1.8707399 2.4536476
4.0320285 1.8701374 2.4539592
4.0324963 1.8693929 2.4549748
4.031745 1.8686058 2.4561144
4.03323 1.8697454 2.4563575
4.0313806 1.8681228 2.4556281
4.0318281 1.8706607 2.4554308
4.0317557 1.8679227 2.4550645
4.0327998 1.8687233 2.4542529
4.0337308 1.8709567 2.4544454
4.0321428 1.8729163 2.4545118
4.9403246 2.7239719 5.1049418
4.9384657 2.7229343 5.1034344
4.9368451 2.7226259 5.1020899
4.9344906 2.7205559 5.1002069
4.9318617 2.7204137 5.0971123
4.9328535 2.719633 5.09664
4.9365222 2.7194613 5.1015625
4.9413177 2.7178164 5.1061994
4.9439358 2.7188975 5.1082431
4.9450714 2.7197053 5.1082936
4.9462063 2.7198915 5.1086742
4.9456706 2.7186182 5.1108048
4.941929 2.7193823 5.1071144
4.9382643 2.7205664 5.1037467
4.9368427 2.7199543 5.1013484
4.9380275 2.7202672 5.1015108
4.9414735 2.719496 5.1073725
4.9425339 2.7209491 5.1101978
1.8168609 0.83428322 2.1824998
1.8202332 0.83363714 2.1821511
1.8212961 0.83137033 2.1800577
1.8181802 0.82988762 2.1813317
1.8152245 0.8324072 2.183375
1.8160195 0.83506969 2.1814042
1.8218707 0.8380898 2.1759396
1.8206037 0.83761581 2.1760282
1.8214149 0.83356648 2.1746472
1.816324 0.83344662 2.1786106
1.8179487 0.83269123 2.1790306
1.8182471 0.8337553 2.1798664
1.8214457 0.83239803 2.178697
4.8527703 2.0644105 0.40611657
4.8511032 2.0654501 0.40739229
4.8474414 2.0631938 0.40744476
4.8488653 2.0629148 0.41178537
4.8497509 2.0631536 0.41196286
4.8536953 2.0625374 0.41290586
4.8525178 2.0632179 0.41000177
4.8542093 2.0623694 0.40871989
4.8530729 2.0622653 0.40959156
4.8507713 2.064515 0.40900337
4.8498154 2.0644719 0.40969117
4.8481712 2.0653392 0.40985608
4.8521707 2.0659139 0.41036258
4.8526173 2.0644515 0.41167983
4.8511593 2.0635948 0.40761365
4.8491745 2.0607829 0.40868454
4.8474119 2.0611379 0.40526555
4.8491997 2.0587738 0.40820676
4.849707 2.0594402 0.40512191
5.95748 0.66667 5.58729
4.8510588 2.06161 0.40710395
4.8508604 2.0637419 0.4072967
4.8487716 2.0638659 0.40720279
4.8485841 2.0620608 0.40668311
4.8482272 2.0604663 0.40798888
4.8486712 2.0609584 0.40783869
1.8251258 2.3752399 4.3160648
1.8267682 2.3727277 4.3179729
1.8260327 2.3726055 4.3175413
1.8300201 2.3731331 4.318493
1.8299272 2.376462 4.319716
1.8338546 2.376686 4.323781
1.8302318 2.3748036 4.3244921
1.8297417 2.3771938 4.3220175
1.8239407 2.3757454 4.3162488
1.823482 2.377319 4.3131889
1.8185152 2.374265 4.3095701
1.8199465 2.3750264 4.3128027
1.8213533 2.3747988 4.3127047
1.8217525 2.3756219 4.3148663
1.827436 2.3764664 4.3163547
1.8274021 2.3754361 4.3193231
1.8277409 2.3720007 4.3213674
3.2179476 2.3671168 2.2882521
3.2191847 2.36706 2.2910999
3.216346 2.3681111 2.2871132
3.2198143 2.3661196 2.2894687
3.2202539 2.3651147 2.2879658
3.2201667 2.3645104 2.2888096
3.2181782 2.3646299 2.2885055
1.9665903 2.2418949 3.7463698
1.9656089 2.2408743 3.7452191
1.9609948 2.2422104 3.7431271
1.9619366 2.2420329 3.7435273
1.9602211 2.2415096 3.7431579
1.9640703 2.2407066 3.7451439
1.9612927 2.23883 3.7437811
1.9657897 2.2424859 3.7448517
1.9638232 2.2413674 3.7448198
0.8467815 1.8018839 5.0062004
0.84393457 1.8045394 5.0100769
0.84474592 1.8058791 5.0113643
0.8467735 1.8043129 5.0133164
0.84794288 1.8040674 5.0125132
0.84334692 1.8020783 5.0125604
0.84412977 1.8084763 5.012286
0.84576019 1.8066916 5.0124905
0.84542228 1.8099752 5.0091128
0.8439654 1.8054063 5.0120329
0.84443016 1.8068967 5.0124218
1.84829 1.72765 1.54023
0.84829456 1.8064361 5.014089
0.84686174 1.8042469 5.0127694
0.84483722 1.807068 5.0115179
4.85057 1.16911 0.00102
4.6813754 1.4045602 2.8331322
4.6822698 1.4045658 2.8315037
4.6803624 1.4039081 2.8319246
4.6821154 1.4030441 2.8330844
4.6802501 1.4050944 2.8334429
4.6804327 1.4045544 2.8348043
4.6793275 1.4074608 2.8321865
4.6810437 1.4064999 2.8305353
4.679025 1.4057021 2.8283158
4.6808101 1.4032076 2.8285165
5.87427 1.13243 3.93892
4.0323642 1.8721772 2.4540207
4.0316071 1.8712104 2.4524443
4.0328407 1.8753142 2.4548647
4.032339 1.872594 2.45593
4.0322047 1.8734931 2.4564217
4.0301085 1.8701484 2.4535083
4.0304832 1.871637 2.452429
4.0328145 1.868671 2.4520536
4.0328467 1.8687667 2.45437
4.0329024 1.8713252 2.4560245
4.0311713 1.8732801 2.4558948
0.79577 0.40955 1.21016
4.9385529 2.7211543 5.1028843
4.9382892 2.7214462 5.1024516
4.9347192 2.7197802 5.0990269
4.72967 1.60842 0.29879
4.9356046 2.7189044 5.0999738
4.9389068 2.7189094 5.103734
4.944822 2.7189416 5.1102756
4.9443201 2.7199658 5.1117776
4.9457158 2.721227 5.1114283
4.9436373 2.7196766 5.1085104
4.9454221 2.7183653 5.1108809
4.941291 2.7183445 5.1068119
4.9409723 2.7197112 5.1066086
4.9352408 2.7204959 5.0995787
4.93402 2.720177 5.102107
4.9386456 2.7194394 5.1068582
4.9384613 2.720411 5.1062548
1.8204004 0.83156057 2.1806315
1.8216712 0.83162928 2.1803456
1.8215434 0.83101599 2.1771661
1.8186485 0.83236514 2.1803585
1.8192217 0.8339865 2.1794204
1.8146478 0.83534162 2.1810679
1.8187728 0.83549591 2.1791247
1.8167288 0.83332589 2.1788187
1.8201314 0.82991378 2.1752546
1.8161163 0.83108737 2.1765209
1.8169415 0.8345438 2.1802649
1.8139841 0.83349962 2.1835262
1.8155154 0.83184195 2.186324
4.8498994 2.0623952 0.40631132
4.8496542 2.062169 0.40732141
4.8464381 2.0646548 0.40815019
4.8490705 2.0647391 0.41003834
4.8502715 2.0661517 0.41059576
4.8559143 2.0628436 0.41261414
4.8561433 2.0632792 0.41186496
4.8549693 2.0616072 0.40984003
4.8536767 2.0611308 0.41021443
4.8501126 2.0624485 0.40954907
4.8494012 2.0629375 0.4106655
4.8489419 2.0613974 0.40976797
4.8520499 2.0621211 0.40887056
4.8526788 2.0607479 0.41122484
4.8528261 2.0650175 0.41048884
4.8482013 2.0638552 0.41025285
4.8481754 2.0648811 0.40635746
4.849067 2.0617329 0.40643911
4.8508772 2.0633749 0.40570227
4.8490904 2.0604217 0.40630322
4.8518442 2.0649001 0.4073463
4.8506283 2.0646365 0.4064934
4.8511063 2.0655815 0.40866535
4.8470057 2.0631043 0.40760248
4.8470431 2.061342 0.40966034
4.8497907 2.059335 0.41348871
3.07338 1.92541 0.55034
1.8279599 2.3743695 4.3224533
1.8239894 2.3761648 4.3176195
1.8308698 2.3749097 4.3221506
1.8268371 2.3760729 4.3185394
1.8328099 2.3730828 4.3228775
1.8281272 2.3729871 4.3213024
1.8299471 2.3732895 4.3199238
1.8274597 2.3728068 4.3185146
1.8258389 2.375157 4.3163919
5.11182 1.04478 3.09469
1.8195139 2.3738328 4.3126062
1.8205118 2.3741796 4.3104821
1.8208021 2.3726181 4.3152226
1.8248551 2.3767499 4.3152388
1.8237921 2.3760963 4.3184434
1.8277571 2.3761452 4.3168245
3.2141389 2.3675007 2.285249
3.2183707 2.3685997 2.2913197
3.2180816 2.3695335 2.2905962
3.2224508 2.3669301 2.2933831
3.2178724 2.3651631 2.2875863
3.2200525 2.3629702 2.2876179
3.2159301 2.36334 2.2848079
1.9648038 2.2419293 3.7457708
1.9663179 2.2396971 3.7469181
1.9643677 2.2409234 3.7469492
1.9634441 2.240947 3.7466183
1.9595582 2.2419665 3.7436233
1.9627273 2.2414544 3.7445355
1.963332 2.2412447 3.7442213
1.9669751 2.2435269 3.7462643
5.73846 2.24741 4.5022
3.53835 0.41469 5.89933
0.84243906 1.8040545 5.0069363
0.84469413 1.805575 5.0089949
0.84788007 1.8064155 5.0118597
0.84829796 1.8065022 5.0135044
0.84623805 1.8076529 5.013344
0.84696328 1.8102131 5.0130075
0.84559235 1.8082004 5.0102733
3.23902 1.49648 3.43795
0.84451791 1.8042243 5.0093043
0.84829384 1.8057651 5.0119368
0.85002492 1.8053885 5.0129266
0.8472486 1.8057417 5.0104132
0.8423737 1.8048193 5.0085499
3.72055 2.64424 0.99162
0.84176188 1.8056698 5.0094936
5.88872 1.98969 1.73998
4.6809911 1.4041727 2.834075
4.6815674 1.4051715 2.8350499
4.6835938 1.4044244 2.834501
4.6842118 1.4064394 2.8317422
4.6829415 1.4043787 2.8321568
4.6797295 1.4063273 2.8306151
4.6803165 1.4049476 2.8315095
4.678434 1.4072407 2.829406
4.6808242 1.40706 2.8294207
2.72018 1.4479 4.76417
4.0278686 1.8726721 2.457503
4.0258384 1.869032 2.455165
4.0300134 1.8729761 2.4571949
4.0299512 1.8713238 2.4563271
4.0318883 1.8743406 2.4579389
4.0325132 1.8719784 2.4572902
4.0333155 1.8723861 2.4552716
4.0366691 1.8698067 2.4558729
4.0317663 1.8706899 2.4544093
4.0299404 1.8729369 2.4543117
4.0262049 1.8746687 2.4541919
2.43731 1.24163 5.36143
4.9405155 2.7215321 5.1048063
4.53578 1.90256 1.31154
4.9375995 2.7210412 5.1028069
4.9393191 2.7204818 5.1036873
4.9407644 2.7202469 5.105594
4.9457474 2.71993 5.1100857
4.9487669 2.7199497 5.1137676
4.9422234 2.7180017 5.1092877
4.9440394 2.7187867 5.110445
4.9423752 2.718325 5.1076708
4.9459061 2.7191209 5.1091505
4.9424258 2.7174492 5.1049986
4.9453193 2.7191576 5.1070853
3.24368 0.78438 4.60772
3.67756 0.68852 3.98738
4.9414612 2.7205233 5.1088034
4.9401292 2.7193855 5.1081099
1.8188863 0.83094082 2.1792712
1.8187229 0.83139218 2.1807437
1.8187687 0.82866566 2.1774446
1.8171948 0.82892707 2.1804815
1.8186974 0.82987105 2.1797248
1.8153454 0.83192886 2.1814332
1.816284 0.83338529 2.1794195
1.8136163 0.83362843 2.1788418
1.8148943 0.83238962 2.1789719
1.8145537 0.82990518 2.178939
1.8166458 0.8328511 2.1816012
1.8173496 0.83266703 2.1809421
1.818265 0.83445823 2.1816575
4.8495897 2.0633924 0.40422647
4.8495156 2.0606924 0.40550194
4.8475084 2.060807 0.40617314
4.8489928 2.0601068 0.40665965
4.8480699 2.0631115 0.40830718
4.8520083 2.0628976 0.41238001
4.8525696 2.0626079 0.41053782
4.8528095 2.0614484 0.41029069
4.8526623 2.0615859 0.40926165
4.8501236 2.0607949 0.40973869
4.8484977 2.0610904 0.40954066
4.8478529 2.061598 0.41094082
4.8468692 2.0619736 0.41143328
4.8478141 2.0598996 0.41340837
4.8495128 2.0632579 0.41272367
4.847025 2.0625486 0.4123179
4.8489561 2.0624165 0.41190791
4.8476892 2.0595567 0.40857878
4.8477581 2.0620567 0.40590504
4.8460201 2.0609918 0.40208447
4.8483234 2.0653659 0.40477456
4.8457624 2.0636446 0.40289836
4.8484543 2.0659431 0.40623209
4.8465257 2.0637279 0.40693793
4.8484991 2.0617632 0.40881807
4.8475292 2.0605352 0.40753886
1.8275026 2.3715729 4.3204977
1.829775 2.3705251 4.3224613
1.825329 2.3721921 4.3181228
1.8293292 2.3714313 4.3201348
1.8262106 2.3736294 4.3166346
1.8313682 2.3738793 4.3216579
1.8272424 2.3736667 4.3206004
1.830153 2.3752971 4.3219573
1.8288795 2.3764514 4.3208976
1.8298788 2.3749701 4.3183555
1.8255749 2.3758358 4.3169393
1.8228838 2.3726495 4.3155842
1.8220459 2.3750903 4.3147046
1.8215371 2.3730002 4.3162873
1.8238039 2.3792762 4.3144282
1.8230613 2.377238 4.3179016
2.40623 0.64515 0.79368
3.220414 2.3641714 2.2899143
3.2210656 2.3654351 2.2908256
3.2200556 2.3682026 2.2895517
3.2243436 2.3658082 2.2928275
3.2181606 2.3649057 2.2897914
3.2214003 2.3626553 2.2910595
3.2164503 2.3645637 2.2877832
1.965152 2.24116 3.7467358
1.9644694 2.2402177 3.7464315
1.9643827 2.2386017 3.7471217
1.9615439 2.2392131 3.7457288
1.9613905 2.2422659 3.7460467
1.9623521 2.2431522 3.7460738
1.9655578 2.243998 3.7477753
1.9656287 2.2441435 3.745745
1.9664964 2.244508 3.7472566
2.14469 1.41739 6.22674
0.8448954 1.8057502 5.0097381
0.84709501 1.8057321 5.0110088
0.84774796 1.8060269 5.0107129
0.84739457 1.8052187 5.0138355
0.84485622 1.8068865 5.0151289
0.84592714 1.8067613 5.0158995
0.84557999 1.8091162 5.014365
0.84778868 1.8067342 5.0125434
0.84518551 1.8089539 5.0104221
0.85000367 1.8082577 5.0103384
0.85058936 1.8087089 5.0107726
0.85207176 1.8080829 5.0115633
0.84656362 1.8056895 5.0120106
0.84629512 1.8054545 5.0117287
0.84416242 1.8048377 5.0101768
4.6818115 1.408609 2.8328647
4.6792708 1.407475 2.8321611
4.6805073 1.4059632 2.8330533
4.679084 1.4045788 2.8338846
4.6816528 1.405856 2.8337229
4.6810913 1.4050483 2.8329967
4.6808207 1.4073266 2.8323684
4.6812508 1.4052525 2.833072
4.6802263 1.406903 2.8307757
4.6829479 1.4046884 2.8300426
4.0313541 1.8736364 2.4526035
4.031105 1.8734525 2.4542258
4.0283654 1.8721514 2.4553262
4.0311629 1.875664 2.4569953
4.030629 1.8737968 2.4578856
4.0320662 1.8745227 2.4592215
4.0330485 1.8703307 2.4603198
4.0308647 1.8705978 2.457426
4.0341233 1.8685417 2.4578033
4.0298553 1.8712592 2.4550291
4.0298671 1.8728191 2.4550875
4.0266259 1.8745877 2.4527822
4.9461099 2.7203791 5.1087416
4.9443274 2.7216606 5.1079937
4.9485525 2.7209551 5.1096133
4.9456262 2.719818 5.1087693
4.9489757 2.7160944 5.1103419
4.9442559 2.7171988 5.1097787
4.944826 2.7185974 5.1091438
4.9465019 2.7220176 5.1101525
4.9438545 2.7210477 5.1081775
4.945521 2.7203202 5.1088198
4.9425306 2.719276 5.1065733
4.9431338 2.7205143 5.1084683
4.9479528 2.7202382 5.1115723
4.9475761 2.7222992 5.1110988
4.9484027 2.7197204 5.1097805
4.9418378 2.7186307 5.1052771
1.11169 1.20352 1.84974
4.9454095 2.718915 5.1118332
1.8172818 0.83070931 2.1797427
1.8180719 0.83112311 2.1795797
1.8198553 0.83094069 2.1765571
1.8217848 0.83188346 2.1760292
1.8226429 0.8320994 2.1742036
1.8176475 0.83377527 2.1781406
1.814324 0.8354064 2.180552
1.8126882 0.83399873 2.1827665
1.815242 0.83242425 2.1788988
1.8171899 0.83024829 2.1795771
1.8178538 0.83222369 2.1830012
1.8194682 0.8324358 2.1823986
1.821093 0.83457663 2.1798191
4.848229 2.0616562 0.40939338
4.8494349 2.0584934 0.40834594
4.8498413 2.0572306 0.40762814
4.8490322 2.06084 0.40535733
4.8470217 2.0623424 0.40483573
4.8497136 2.0635353 0.40933587
4.8502734 2.0604714 0.40935881
4.8505435 2.0585618 0.4124175
4.8492839 2.0580426 0.40934714
4.8507141 2.0601334 0.41091267
4.8510181 2.0622985 0.40978826
4.8513842 2.0632434 0.41040501
4.847933 2.0618958 0.40961071
4.8482857 2.0612417 0.40808408
4.8510033 2.0632489 0.41092558
4.8503828 2.0647338 0.41101975
4.8505349 2.0639182 0.41086012
4.8507544 2.0644817 0.40980298
4.8491519 2.0647252 0.40844983
4.8482926 2.0639885 0.40590813
4.8488643 2.0651471 0.40857797
4.8490988 2.0632321 0.40854121
4.8529835 2.0655144 0.41183766
4.848359 2.0636641 0.41063497
4.8506967 2.0621513 0.41129436
4.8494529 2.0610021 0.41216242
1.8298175 2.3753095 4.3235455
1.8326443 2.3735912 4.3256656
1.8278316 2.3742134 4.3194591
1.8282529 2.3704828 4.3178345
1.8251113 2.3676386 4.3157068
1.827914 2.3672655 4.3169401
1.8282269 2.3679031 4.3173747
1.8306731 2.3713718 4.3196251
1.8309019 2.3737364 4.3192293
1.8327406 2.374415 4.3204824
1.8278859 2.3742692 4.3182198
1.8247893 2.371817 4.3162892
1.8217781 2.3738166 4.3142218
1.8199247 2.3723945 4.3142966
1.8229847 2.3753651 4.3142379
1.8218633 2.3743223 4.3150345
1.825404 2.3764372 4.3144099
3.2142067 2.3653598 2.2814767
3.2178112 2.3661972 2.2838707
3.2192021 2.3679494 2.2881758
3.2226846 2.3653291 2.2934376
3.2142691 2.365517 2.2905316
3.2194968 2.3630553 2.291789
3.2156011 2.3648409 2.2887956
1.9617156 2.2429663 3.7425444
1.963418 2.240814 3.745291
1.9672716 2.2403333 3.749143
1.9601599 2.2407554 3.7445413
1.9603819 2.2431278 3.7454539
1.958559 2.2444842 3.7402423
1.9662993 2.2469514 3.7447019
1.9691211 2.2452396 3.744647
1.9704402 2.2462662 3.7479026
0.84576123 1.8046473 5.0132192
0.84580874 1.8059048 5.0109681
0.84992526 1.8084811 5.0117999
0.84843865 1.8116701 5.0110921
0.84769836 1.8083045 5.0126388
0.84406997 1.8093378 5.01226
0.84694749 1.8054925 5.0132243
0.84600139 1.8061643 5.0132721
0.84824623 1.8037067 5.0105768
0.84599963 1.805693 5.0096532
0.85172188 1.8076519 5.0094692
0.84930216 1.8074843 5.0092163
1.78275 0.6791 1.03923
0.84325915 1.8049042 5.0126204
0.84481011 1.8059323 5.0112994
0.84396148 1.8030847 5.0106227
0.7669 0.95036 2.43889
4.6798858 1.4047584 2.8323921
4.6826024 1.4058498 2.8331631
4.6816826 1.4062976 2.8314564
4.6857741 1.4071482 2.8308467
4.6826429 1.4048249 2.8308101
4.6808639 1.4063271 2.8320438
4.6820368 1.402397 2.8333891
4.682046 1.4046425 2.8308833
4.6843488 1.4040163 2.8294776
4.0305586 1.8751755 2.4539255
4.0292748 1.8744138 2.4541031
4.0289225 1.8714556 2.4569803
4.0297834 1.8710523 2.4551256
4.0289891 1.8720745 2.4561647
4.0286657 1.8745543 2.4569129
4.0305797 1.8715306 2.458551
4.0313229 1.8716389 2.4592455
4.0337261 1.8702733 2.4594141
4.0305582 1.8733294 2.4556812
4.0315084 1.8742995 2.4543459
4.0311689 1.8744745 2.4524768
3.523 1.28383 0.33669
4.9446092 2.72069 5.1091552
4.9466636 2.7198548 5.1087875
4.9462993 2.7181323 5.1099627
4.9533768 2.7153065 5.1136762
4.9503723 2.7156369 5.1126287
4.9494552 2.7174947 5.1109123
4.946098 2.7192215 5.1071092
4.9447149 2.72008 5.107241
4.9464001 2.7191251 5.1069692
4.9401831 2.7187496 5.1035606
4.9378338 2.7208844 5.1030374
4.9430106 2.7209816 5.1063658
4.944738 2.7215497 5.1087558
5.76 2.29871 0.90958
4.9454762 2.7181845 5.1094517
4.9458857 2.7189865 5.1091945
4.9500471 2.7203249 5.1119306
1.8163373 0.83362269 2.1798244
1.8155225 0.83166441 2.1830423
1.8164643 0.83166707 2.1827593
1.8197635 0.82884659 2.1792735
1.8212339 0.82992432 2.1761948
1.8183614 0.83175455 2.1785912
1.8126427 0.83660717 2.1817422
1.8126279 0.83502613 2.1856067
1.8155961 0.8342895 2.1803363
1.8216015 0.82907372 2.1798255
1.819957 0.82910309 2.1803516
1.8202356 0.82962494 2.1789162
1.8177222 0.83139167 2.1794778
4.8478633 2.0597391 0.40817633
4.8516843 2.0569476 0.40883933
4.8534951 2.053685 0.40828105
4.8523198 2.0597976 0.40614336
4.8489881 2.0616417 0.40583925
4.8472119 2.0633499 0.41036983
4.8469845 2.0583088 0.40926067
4.8477845 2.0582233 0.41191439
4.8487059 2.057555 0.40791397
4.8535358 2.0616513 0.41098874
4.8531646 2.0647162 0.4114097
4.8522207 2.0646548 0.41117617
4.8476957 2.0621944 0.41212873
4.8476575 2.0614926 0.40909704
4.8483626 2.0624655 0.40974752
4.8490292 2.0638601 0.40935552
4.8478923 2.0617802 0.41008368
4.8499319 2.0641727 0.41077444
4.8476096 2.0645023 0.40679812
4.8502241 2.0649268 0.40833317
4.8486968 2.0633472 0.40818244
4.8492951 2.0622389 0.40971094
4.8549013 2.0636727 0.41211441
4.8519544 2.0622998 0.41061434
4.8547775 2.0623161 0.40967643
1.67124 2.75493 5.31494
1.834487 2.3763124 4.3274648
1.8372584 2.3736315 4.3297738
1.8302283 2.3730616 4.3206453
1.8300995 2.3675512 4.317547
1.8274756 2.3653763 4.3155449
1.8275663 2.3650541 4.3147865
1.8298556 2.3663034 4.3175282
1.8292095 2.3706948 4.3183496
1.8328669 2.3728678 4.3187813
1.8323378 2.3734821 4.3198427
1.8281395 2.3724986 4.3163374
1.8250885 2.3734621 4.3178902
1.823126 2.3751647 4.31744
1.8233568 2.3752303 4.3179367
1.8242233 2.3753165 4.3171625
1.8236364 2.3743988 4.3161361
4.62751 1.11536 0.2634
4.59699 1.22622 4.46599
3.2200975 2.366361 2.2824847
3.2157724 2.3669259 2.2829552
3.2224199 2.3649263 2.2909855
3.2136703 2.3647177 2.2922826
3.2190941 2.3646832 2.2937602
3.2161319 2.3658534 2.2915734
1.9606697 2.2451274 3.7402434
1.9620952 2.2416703 3.7423948
1.968483 2.2424317 3.7490865
1.959405 2.2395715 3.7414005
1.9598085 2.2452952 3.7427161
1.9580033 2.2451518 3.7377201
1.966674 2.2478522 3.7440915
1.9718211 2.2453199 3.7427338
1.973298 2.2464034 3.7481473
0.84713909 1.8052237 5.0158179
0.84851085 1.8069742 5.0136699
0.85207336 1.8092761 5.0142228
0.84716314 1.8123003 5.0114763
0.84499265 1.8074138 5.0116438
0.84019476 1.8082041 5.0124332
0.84580192 1.802259 5.0114763
0.84688351 1.8031077 5.0129467
0.85085942 1.8032298 5.0118764
0.84755184 1.8040805 5.0097898
0.84825553 1.8075322 5.0081371
0.84561248 1.8065829 5.0075197
0.84532677 1.8080764 5.0112687
0.84447992 1.8056125 5.0148364
0.84571523 1.805568 5.0144276
1.69491 1.83944 3.9969
4.6838076 1.4015072 2.8297185
4.6822486 1.4038339 2.8291924
4.6834227 1.405712 2.8291283
4.6819192 1.4056404 2.8304731
4.6824735 1.4079678 2.8302399
4.6810414 1.4033388 2.8323009
4.6794403 1.4056621 2.8335794
4.6827662 1.402584 2.8331897
4.6846577 1.4004946 2.8297324
4.6876986 1.4006874 2.8284059
4.0321528 1.876042 2.4512792
4.0304145 1.8749818 2.4507126
4.0310574 1.871114 2.4544532
4.0306505 1.8721314 2.4532173
4.0294567 1.8718541 2.4553789
4.0293047 1.8740444 2.4571448
1.9644 0.61871 3.91516
4.0308385 1.8711798 2.4593596
4.0303169 1.8696982 2.4580841
4.0312077 1.8713804 2.456203
4.0338854 1.8721731 2.4544005
4.0344662 1.8726971 2.4543273
4.94115 2.71856 5.10463
1.04838 2.51464 4.93313
4.9448714 2.719249 5.1072802
4.9502835 2.715924 5.1122655
4.9593537 2.7138872 5.1193635
4.9478347 2.711818 5.1099786
4.9453091 2.7158256 5.1098328
4.9372452 2.7186699 5.1007652
4.9424602 2.721847 5.1049461
4.9427187 2.7204991 5.1046847
4.9307124 2.7192435 5.0964945
4.9333533 2.7220524 5.1024336
4.9337748 2.7226631 5.1020892
4.9428482 2.7226436 5.1117207
4.9417443 2.7179471 5.1056697
4.9422542 2.7149713 5.1083273
4.9445142 2.7187631 5.1048179
4.950421 2.7214178 5.109916
1.8156183 0.83381137 2.1813834
1.8161167 0.83220842 2.1844261
1.8151005 0.8342342 2.184571
1.8186343 0.82969546 2.1805136
1.818843 0.83249138 2.1768439
1.8174948 0.83193093 2.1777313
1.8121838 0.83818663 2.1831783
1.8149689 0.83583497 2.1857029
1.8164654 0.83368408 2.1808441
1.822635 0.82738819 2.1790286
1.8182258 0.82719672 2.1799142
1.8169819 0.82895186 2.1807416
1.8145543 0.83112587 2.1809653
