EulerAngles_0 EulerAngles_1 EulerAngles_2
4.47686 2.4517 5.26285
4.46521 2.44512 5.2606
4.46521 2.44512 5.2606
4.46521 2.44512 5.2606
4.46521 2.44512 5.2606
4.46521 2.44512 5.2606
4.46846 2.44407 5.26277
4.46266 2.44456 5.2584
4.46453 2.44454 5.26071
4.46453 2.44454 5.26071
4.46266 2.44456 5.2584
4.46453 2.44454 5.26071
4.46453 2.44454 5.26071
4.4813 2.44568 5.26533
4.4645 2.02722 1.36003
4.4645 2.02722 1.36003
4.46669 2.02615 1.36123
4.46669 2.02615 1.36123
0 0 0
4.46737 2.02642 1.36136
0 0 0
4.46673 2.02695 1.36146
4.46673 2.02695 1.36146
4.46673 2.02695 1.36146
4.4662 2.02673 1.35981
4.46673 2.0262 1.36151
4.4662 2.02673 1.35981
4.4662 2.02673 1.35981
4.4662 2.02673 1.35981
4.46425 2.02765 1.35899
0 0 0
4.46648 2.02638 1.35967
4.46648 2.02638 1.35967
4.46817 2.02298 1.35914
4.46817 2.02298 1.35914
4.46817 2.02298 1.35914
0 0 0
4.4693 2.02431 1.35608
4.4693 2.02431 1.35608
2.17888 1.65183 6.0932
2.17955 1.65484 6.09396
2.17955 1.65484 6.09396
2.17579 1.6531 6.09626
2.17579 1.6531 6.09626
2.17579 1.6531 6.09626
2.17579 1.6531 6.09626
2.171 1.65421 6.09128
0 0 0
0 0 0
2.18036 1.65343 6.09384
2.18014 1.65336 6.09388
2.18014 1.65336 6.09388
2.18085 1.65376 6.09421
2.18036 1.65343 6.09384
2.18014 1.65336 6.09388
2.18085 1.65376 6.09421
2.18124 1.65157 6.09536
0 0 0
2.18029 1.65301 6.09462
2.17995 1.65368 6.09248
2.17995 1.65368 6.09248
2.1827 1.65479 6.09408
3.86326 1.86794 3.01429
3.86326 1.86794 3.01429
3.86326 1.86794 3.01429
3.86099 1.86873 3.0134
3.86099 1.86873 3.0134
3.86099 1.86873 3.0134
3.86642 1.86949 3.01934
3.86099 1.86873 3.0134
3.86176 1.86976 3.01513
3.86176 1.86976 3.01513
3.86312 1.87231 3.01681
3.86176 1.86976 3.01513
0 0 0
3.86052 1.87012 3.01585
3.86052 1.87012 3.01585
3.86602 1.86806 3.01626
1.83103 2.66704 3.55838
1.83378 2.66647 3.56099
1.83389 2.6663 3.55944
1.83389 2.6663 3.55944
1.83389 2.6663 3.55944
1.83389 2.6663 3.55944
1.83389 2.6663 3.55944
1.83479 2.66681 3.56111
1.83535 2.66651 3.5613
1.83535 2.66651 3.5613
1.83836 2.6661 3.56471
1.83535 2.66651 3.5613
1.83535 2.66651 3.5613
1.82212 2.66294 3.54437
1.82212 2.66294 3.54437
1.82212 2.66294 3.54437
1.3455 2.01695 6.0896
1.34155 2.01576 6.08448
0 0 0
1.34271 2.01751 6.08459
1.34271 2.01751 6.08459
1.34462 2.01634 6.08533
1.3448 2.01668 6.08577
1.34487 2.01655 6.08571
1.34487 2.01655 6.08571
1.3448 2.01668 6.08577
1.3448 2.01668 6.08577
1.3434 2.01668 6.0853
1.3434 2.01668 6.0853
1.3378 2.01715 6.0873
1.3378 2.01715 6.0873
1.3378 2.01715 6.0873
3.64455 1.71489 3.13616
0 0 0
3.64727 1.71503 3.1371
3.64727 1.71503 3.1371
3.64649 1.71431 3.1369
3.64647 1.71406 3.13761
3.64628 1.71454 3.1372
3.64647 1.71406 3.13761
3.64685 1.71591 3.13848
3.80439 2.63287 2.07616
3.79097 2.62376 2.07195
3.79611 2.62997 2.07037
3.79975 2.63029 2.08027
3.78856 2.63447 2.06963
3.78959 2.63065 2.06827
3.78959 2.63065 2.06827
3.78959 2.63065 2.06827
3.78537 2.62857 2.06133
4.46538 2.44507 5.26038
4.46538 2.44507 5.26038
4.46538 2.44507 5.26038
4.47211 2.44418 5.26678
4.46857 2.44329 5.26236
4.46846 2.44407 5.26277
4.46846 2.44407 5.26277
4.46846 2.44407 5.26277
4.46453 2.44454 5.26071
4.46453 2.44454 5.26071
4.46453 2.44454 5.26071
4.46453 2.44454 5.26071
4.46453 2.44454 5.26071
4.47508 2.44277 5.26195
4.4645 2.02722 1.36003
4.46737 2.02642 1.36136
4.46737 2.02642 1.36136
4.46737 2.02642 1.36136
4.46669 2.02615 1.36123
4.46737 2.02642 1.36136
4.46673 2.02695 1.36146
4.46704 2.02585 1.3627
4.46673 2.02695 1.36146
4.46673 2.02695 1.36146
4.46729 2.02721 1.36099
4.46729 2.02721 1.36099
4.46729 2.02721 1.36099
4.46729 2.02721 1.36099
4.46729 2.02721 1.36099
4.46774 2.0278 1.36184
4.46648 2.02638 1.35967
4.46648 2.02638 1.35967
4.46774 2.0278 1.36184
4.46648 2.02638 1.35967
4.46648 2.02638 1.35967
4.46817 2.02298 1.35914
4.46817 2.02298 1.35914
4.4693 2.02431 1.35608
4.4693 2.02431 1.35608
0 0 0
2.17976 1.65385 6.09269
2.17955 1.65484 6.09396
2.17955 1.65484 6.09396
2.17579 1.6531 6.09626
2.17579 1.6531 6.09626
2.17579 1.6531 6.09626
2.171 1.65421 6.09128
2.17543 1.6538 6.09126
2.17543 1.6538 6.09126
2.18036 1.65343 6.09384
2.18014 1.65336 6.09388
2.18014 1.65336 6.09388
2.18085 1.65376 6.09421
2.18036 1.65343 6.09384
2.18014 1.65336 6.09388
2.18085 1.65376 6.09421
2.18124 1.65157 6.09536
2.18124 1.65157 6.09536
2.18029 1.65301 6.09462
2.18029 1.65301 6.09462
2.18029 1.65301 6.09462
2.17995 1.65368 6.09248
0 0 0
3.86345 1.87107 3.01536
3.86345 1.87107 3.01536
3.86345 1.87107 3.01536
3.86345 1.87107 3.01536
3.86345 1.87107 3.01536
3.867 1.87031 3.01742
3.86099 1.86873 3.0134
3.86176 1.86976 3.01513
3.86176 1.86976 3.01513
3.86312 1.87231 3.01681
3.86176 1.86976 3.01513
3.86176 1.86976 3.01513
3.86726 1.87039 3.01823
3.86052 1.87012 3.01585
3.86052 1.87012 3.01585
1.83378 2.66647 3.56099
1.83378 2.66647 3.56099
1.83378 2.66647 3.56099
1.83389 2.6663 3.55944
1.83882 2.66583 3.56482
1.83882 2.66583 3.56482
1.83389 2.6663 3.55944
1.83479 2.66681 3.56111
1.83535 2.66651 3.5613
1.83535 2.66651 3.5613
1.83836 2.6661 3.56471
1.83535 2.66651 3.5613
1.83563 2.66364 3.56292
1.83783 2.66482 3.55818
1.83783 2.66482 3.55818
1.82212 2.66294 3.54437
1.3455 2.01695 6.0896
1.34425 2.01616 6.08271
1.34425 2.01616 6.08271
1.34271 2.01751 6.08459
1.34271 2.01751 6.08459
1.34462 2.01634 6.08533
1.3448 2.01668 6.08577
1.3448 2.01668 6.08577
1.34487 2.01655 6.08571
1.3448 2.01668 6.08577
1.3448 2.01668 6.08577
1.3434 2.01668 6.0853
1.34496 2.01674 6.08624
1.34408 2.01615 6.08483
1.34408 2.01615 6.08483
1.34496 2.01674 6.08624
3.64727 1.71503 3.1371
3.64727 1.71503 3.1371
3.64727 1.71503 3.1371
3.64727 1.71503 3.1371
3.64649 1.71431 3.1369
3.64628 1.71454 3.1372
3.64628 1.71454 3.1372
3.64685 1.71591 3.13848
3.64685 1.71591 3.13848
3.64598 1.71639 3.13793
3.79097 2.62376 2.07195
3.78808 2.62837 2.06743
3.78808 2.62837 2.06743
3.78808 2.62837 2.06743
3.78959 2.63065 2.06827
3.78959 2.63065 2.06827
3.78959 2.63065 2.06827
3.78537 2.62857 2.06133
4.46538 2.44507 5.26038
4.46538 2.44507 5.26038
4.46538 2.44507 5.26038
4.46857 2.44329 5.26236
4.46857 2.44329 5.26236
4.46846 2.44407 5.26277
4.46846 2.44407 5.26277
4.46615 2.44373 5.2617
4.46453 2.44454 5.26071
4.46453 2.44454 5.26071
4.46645 2.44342 5.26138
4.46453 2.44454 5.26071
4.46453 2.44454 5.26071
4.47508 2.44277 5.26195
4.46733 2.02736 1.36117
4.46733 2.02736 1.36117
4.46733 2.02736 1.36117
4.46737 2.02642 1.36136
4.46669 2.02615 1.36123
4.46737 2.02642 1.36136
4.46743 2.02606 1.36212
4.46743 2.02606 1.36212
4.46673 2.02695 1.36146
4.4668 2.02704 1.36112
4.4668 2.02704 1.36112
4.46729 2.02721 1.36099
4.46729 2.02721 1.36099
4.46673 2.0262 1.36151
4.46729 2.02721 1.36099
4.46639 2.02606 1.36107
4.46639 2.02606 1.36107
4.46648 2.02638 1.35967
4.46774 2.0278 1.36184
4.46648 2.02638 1.35967
4.46648 2.02638 1.35967
4.46817 2.02298 1.35914
4.46817 2.02298 1.35914
4.4685 2.02775 1.36168
4.46647 2.02368 1.35701
0 0 0
2.17955 1.65484 6.09396
2.17955 1.65484 6.09396
2.17696 1.65207 6.09405
2.17696 1.65207 6.09405
2.17696 1.65207 6.09405
2.17696 1.65207 6.09405
2.17893 1.65221 6.09221
2.17543 1.6538 6.09126
2.17543 1.6538 6.09126
2.18036 1.65343 6.09384
2.18014 1.65336 6.09388
2.18014 1.65336 6.09388
2.18085 1.65376 6.09421
2.18014 1.65336 6.09388
2.18014 1.65336 6.09388
2.18085 1.65376 6.09421
2.18029 1.65301 6.09462
2.18029 1.65301 6.09462
2.18029 1.65301 6.09462
2.18029 1.65301 6.09462
2.17995 1.65368 6.09248
2.1827 1.65479 6.09408
3.86284 1.87378 3.01581
3.86345 1.87107 3.01536
3.86345 1.87107 3.01536
3.86345 1.87107 3.01536
3.86345 1.87107 3.01536
3.86345 1.87107 3.01536
3.867 1.87031 3.01742
3.86099 1.86873 3.0134
3.86176 1.86976 3.01513
3.86184 1.8715 3.01497
3.86312 1.87231 3.01681
3.86548 1.87173 3.02032
3.86548 1.87173 3.02032
3.86548 1.87173 3.02032
3.86548 1.87173 3.02032
3.86052 1.87012 3.01585
1.83378 2.66647 3.56099
1.83378 2.66647 3.56099
1.83378 2.66647 3.56099
1.83389 2.6663 3.55944
1.83882 2.66583 3.56482
1.83882 2.66583 3.56482
1.83389 2.6663 3.55944
1.83479 2.66681 3.56111
1.83535 2.66651 3.5613
1.83535 2.66651 3.5613
1.83535 2.66651 3.5613
1.83535 2.66651 3.5613
1.83535 2.66651 3.5613
1.83783 2.66482 3.55818
1.83783 2.66482 3.55818
0 0 0
1.34425 2.01616 6.08271
1.34425 2.01616 6.08271
1.34425 2.01616 6.08271
1.34425 2.01616 6.08271
1.34447 2.01556 6.08491
1.34462 2.01634 6.08533
1.34487 2.01655 6.08571
1.34487 2.01655 6.08571
1.34487 2.01655 6.08571
1.34487 2.01655 6.08571
1.3448 2.01668 6.08577
1.3434 2.01668 6.0853
1.34496 2.01674 6.08624
1.34496 2.01674 6.08624
1.34496 2.01674 6.08624
0 0 0
3.64727 1.71503 3.1371
3.64727 1.71503 3.1371
3.64727 1.71503 3.1371
3.64649 1.71431 3.1369
3.64647 1.71406 3.13761
3.64628 1.71454 3.1372
3.64628 1.71454 3.1372
3.64647 1.71406 3.13761
3.64685 1.71591 3.13848
3.64598 1.71639 3.13793
3.64415 1.71529 3.13672
3.78808 2.62837 2.06743
3.78808 2.62837 2.06743
3.79125 2.62836 2.06927
3.79125 2.62836 2.06927
3.79125 2.62836 2.06927
3.79125 2.62836 2.06927
3.79125 2.62836 2.06927
4.46538 2.44507 5.26038
4.46857 2.44329 5.26236
4.46857 2.44329 5.26236
4.47182 2.44276 5.26114
4.46857 2.44329 5.26236
4.46857 2.44329 5.26236
4.46615 2.44373 5.2617
4.46615 2.44373 5.2617
4.46453 2.44454 5.26071
4.46453 2.44454 5.26071
4.46626 2.44351 5.26101
4.46453 2.44454 5.26071
4.46626 2.44351 5.26101
4.47508 2.44277 5.26195
4.46733 2.02736 1.36117
4.46669 2.02615 1.36123
4.46669 2.02615 1.36123
4.46669 2.02615 1.36123
4.46669 2.02615 1.36123
4.46669 2.02615 1.36123
4.46743 2.02606 1.36212
4.46743 2.02606 1.36212
4.46673 2.02695 1.36146
4.46673 2.02695 1.36146
4.4668 2.02704 1.36112
4.4668 2.02704 1.36112
4.46673 2.0262 1.36151
4.46673 2.0262 1.36151
4.46692 2.02616 1.36179
4.46692 2.02616 1.36179
4.46639 2.02606 1.36107
4.46579 2.02787 1.36143
4.46648 2.02638 1.35967
4.46648 2.02638 1.35967
4.46648 2.02638 1.35967
4.46834 2.0276 1.36538
4.4685 2.02775 1.36168
4.4685 2.02775 1.36168
4.4685 2.02775 1.36168
2.17723 1.65088 6.09642
2.17976 1.65385 6.09269
2.17696 1.65207 6.09405
2.17696 1.65207 6.09405
2.17696 1.65207 6.09405
2.17696 1.65207 6.09405
2.17696 1.65207 6.09405
2.18005 1.65413 6.09279
2.17543 1.6538 6.09126
2.17543 1.6538 6.09126
2.18036 1.65343 6.09384
2.18036 1.65343 6.09384
2.18036 1.65343 6.09384
2.18085 1.65376 6.09421
2.18036 1.65343 6.09384
2.18063 1.65347 6.09378
2.18063 1.65347 6.09378
2.18124 1.65368 6.09229
2.17995 1.65368 6.09248
2.17995 1.65368 6.09248
2.17995 1.65368 6.09248
2.17995 1.65368 6.09248
2.17995 1.65368 6.09248
3.86326 1.86794 3.01429
3.86345 1.87107 3.01536
3.86345 1.87107 3.01536
3.86345 1.87107 3.01536
3.86326 1.86794 3.01429
3.86345 1.87107 3.01536
3.86184 1.8715 3.01497
3.86184 1.8715 3.01497
3.86176 1.86976 3.01513
3.86184 1.8715 3.01497
3.86312 1.87231 3.01681
3.8648 1.86952 3.01949
3.86176 1.86976 3.01513
3.86471 1.86919 3.01928
3.86548 1.87173 3.02032
3.86052 1.87012 3.01585
1.83933 2.6654 3.5668
1.83933 2.6654 3.5668
1.83771 2.66548 3.56384
1.83771 2.66548 3.56384
1.83771 2.66548 3.56384
1.83771 2.66548 3.56384
1.83389 2.6663 3.55944
1.83286 2.66718 3.55856
1.83535 2.66651 3.5613
1.83535 2.66651 3.5613
1.83641 2.66604 3.56251
1.83641 2.66604 3.56251
1.83641 2.66604 3.56251
1.83783 2.66482 3.55818
1.83641 2.66604 3.56251
0 0 0
1.34425 2.01616 6.08271
1.34277 2.01291 6.08065
1.34277 2.01291 6.08065
1.34425 2.01616 6.08271
1.34447 2.01556 6.08491
1.34462 2.01634 6.08533
1.3448 2.01668 6.08577
1.3448 2.01668 6.08577
1.34487 2.01655 6.08571
1.3448 2.01668 6.08577
1.3448 2.01668 6.08577
1.3434 2.01668 6.0853
1.3434 2.01668 6.0853
1.34345 2.01612 6.08541
1.34345 2.01612 6.08541
1.34345 2.01612 6.08541
3.64727 1.71503 3.1371
3.64727 1.71503 3.1371
3.64727 1.71503 3.1371
3.64727 1.71503 3.1371
3.64647 1.71406 3.13761
3.64628 1.71454 3.1372
3.64647 1.71406 3.13761
3.64613 1.71482 3.13765
3.64613 1.71482 3.13765
3.64613 1.71482 3.13765
3.64613 1.71482 3.13765
3.64613 1.71482 3.13765
3.79561 2.62826 2.0748
3.79125 2.62836 2.06927
3.79125 2.62836 2.06927
3.79125 2.62836 2.06927
3.79125 2.62836 2.06927
3.7856 2.62995 2.06355
4.46576 2.44409 5.26123
4.46857 2.44329 5.26236
4.46857 2.44329 5.26236
4.46857 2.44329 5.26236
4.47123 2.44552 5.26425
4.46857 2.44329 5.26236
4.46553 2.44627 5.26021
4.46553 2.44627 5.26021
4.46645 2.44342 5.26138
4.46626 2.44351 5.26101
4.46626 2.44351 5.26101
4.46626 2.44351 5.26101
4.46626 2.44351 5.26101
4.46387 2.44404 5.25981
4.46733 2.02736 1.36117
4.46563 2.02525 1.36141
4.4668 2.02632 1.36129
4.4668 2.02632 1.36129
4.46662 2.02434 1.36111
4.4668 2.02632 1.36129
4.46743 2.02606 1.36212
4.46743 2.02606 1.36212
4.46743 2.02606 1.36212
4.46673 2.02695 1.36146
4.4668 2.02704 1.36112
4.4668 2.02704 1.36112
4.46639 2.02606 1.36107
4.46639 2.02606 1.36107
4.46692 2.02616 1.36179
4.46692 2.02616 1.36179
4.46611 2.02575 1.36131
4.46611 2.02575 1.36131
4.46699 2.02671 1.36134
4.46648 2.02638 1.35967
4.46611 2.02575 1.36131
4.46834 2.0276 1.36538
4.4685 2.02775 1.36168
4.4685 2.02775 1.36168
4.4685 2.02775 1.36168
2.17999 1.65323 6.09338
2.17976 1.65385 6.09269
2.17976 1.65385 6.09269
2.18005 1.65413 6.09279
2.18005 1.65413 6.09279
2.18005 1.65413 6.09279
2.17696 1.65207 6.09405
2.17865 1.65298 6.09415
2.17484 1.65134 6.09479
2.17865 1.65298 6.09415
2.17865 1.65298 6.09415
2.17865 1.65298 6.09415
2.18085 1.65376 6.09421
2.18085 1.65376 6.09421
2.18063 1.65347 6.09378
2.18035 1.65393 6.09308
2.18035 1.65393 6.09308
2.18124 1.65368 6.09229
2.18124 1.65368 6.09229
2.18124 1.65368 6.09229
2.18154 1.65491 6.09467
2.18154 1.65491 6.09467
2.18154 1.65491 6.09467
3.86489 1.87028 3.01533
3.86204 1.87143 3.01792
3.86345 1.87107 3.01536
3.86345 1.87107 3.01536
3.86412 1.87064 3.01596
3.86412 1.87064 3.01596
3.86412 1.87064 3.01596
3.86412 1.87064 3.01596
3.86412 1.87064 3.01596
3.86573 1.86933 3.01832
3.86573 1.86933 3.01832
3.86573 1.86933 3.01832
3.8616 1.87279 3.01685
3.86471 1.86919 3.01928
3.86548 1.87173 3.02032
3.86588 1.87489 3.01753
1.83933 2.6654 3.5668
1.83933 2.6654 3.5668
1.83933 2.6654 3.5668
1.83771 2.66548 3.56384
1.83771 2.66548 3.56384
1.83771 2.66548 3.56384
1.83389 2.6663 3.55944
1.8341 2.66691 3.56192
1.83535 2.66651 3.5613
1.83535 2.66651 3.5613
1.83535 2.66651 3.5613
1.83641 2.66604 3.56251
1.83641 2.66604 3.56251
1.83641 2.66604 3.56251
1.83641 2.66604 3.56251
1.83328 2.66511 3.55697
1.34425 2.01616 6.08271
1.34425 2.01616 6.08271
1.34425 2.01616 6.08271
1.34425 2.01616 6.08271
1.34447 2.01556 6.08491
1.34487 2.01655 6.08571
1.3448 2.01668 6.08577
1.34483 2.0169 6.08586
1.3448 2.01668 6.08577
1.34487 2.01655 6.08571
1.3448 2.01668 6.08577
1.34408 2.01615 6.08483
1.34496 2.01674 6.08624
1.34408 2.01615 6.08483
1.34345 2.01612 6.08541
1.34345 2.01612 6.08541
3.64721 1.71653 3.13725
3.64721 1.71653 3.13725
3.64721 1.71653 3.13725
3.64647 1.71406 3.13761
3.64647 1.71406 3.13761
3.64616 1.71392 3.13739
3.64647 1.71406 3.13761
3.64613 1.71482 3.13765
3.64613 1.71482 3.13765
3.64593 1.71565 3.13768
3.64613 1.71482 3.13765
3.64613 1.71482 3.13765
3.64593 1.71565 3.13768
3.79125 2.62836 2.06927
3.79125 2.62836 2.06927
3.78926 2.62798 2.06597
3.78926 2.62798 2.06597
3.78926 2.62798 2.06597
4.46576 2.44409 5.26123
4.46576 2.44409 5.26123
4.46685 2.44339 5.26128
4.46685 2.44339 5.26128
4.46857 2.44329 5.26236
4.46804 2.44455 5.26326
4.46621 2.44434 5.26147
4.46553 2.44627 5.26021
4.46621 2.44434 5.26147
4.46621 2.44434 5.26147
4.46645 2.44342 5.26138
4.46645 2.44342 5.26138
4.46387 2.44404 5.25981
4.46387 2.44404 5.25981
4.46733 2.02736 1.36117
4.46563 2.02525 1.36141
4.4668 2.02632 1.36129
4.4668 2.02632 1.36129
4.4668 2.02632 1.36129
4.4668 2.02632 1.36129
4.4668 2.02632 1.36129
4.46743 2.02606 1.36212
4.46743 2.02606 1.36212
4.4668 2.02704 1.36112
4.46729 2.02721 1.36099
4.46729 2.02721 1.36099
4.46639 2.02606 1.36107
4.46692 2.02616 1.36179
4.46692 2.02616 1.36179
4.46692 2.02616 1.36179
4.46611 2.02575 1.36131
4.46611 2.02575 1.36131
4.46707 2.0267 1.36125
4.46707 2.0267 1.36125
4.46707 2.0267 1.36125
4.46707 2.0267 1.36125
4.4685 2.02775 1.36168
4.46533 2.02621 1.36217
2.17976 1.65385 6.09269
2.17976 1.65385 6.09269
2.17976 1.65385 6.09269
2.17976 1.65385 6.09269
2.18005 1.65413 6.09279
2.18006 1.65376 6.09353
2.18005 1.65413 6.09279
2.17696 1.65207 6.09405
2.17865 1.65298 6.09415
2.1767 1.65192 6.09626
2.17865 1.65298 6.09415
2.17865 1.65298 6.09415
2.17865 1.65298 6.09415
2.18063 1.65347 6.09378
2.18035 1.65393 6.09308
2.18035 1.65393 6.09308
2.18035 1.65393 6.09308
2.18035 1.65393 6.09308
2.18124 1.65368 6.09229
2.18124 1.65368 6.09229
2.18037 1.65376 6.09328
2.18037 1.65376 6.09328
2.18037 1.65376 6.09328
2.18037 1.65376 6.09328
2.18154 1.65491 6.09467
3.86204 1.87143 3.01792
3.86427 1.87001 3.01685
3.86427 1.87001 3.01685
3.86412 1.87064 3.01596
3.86412 1.87064 3.01596
3.86412 1.87064 3.01596
3.86412 1.87064 3.01596
3.86412 1.87064 3.01596
3.86457 1.87276 3.01568
3.86573 1.86933 3.01832
3.86573 1.86933 3.01832
3.86339 1.87118 3.01552
3.86339 1.87118 3.01552
3.8616 1.87279 3.01685
3.8616 1.87279 3.01685
1.83933 2.6654 3.5668
1.83933 2.6654 3.5668
1.83933 2.6654 3.5668
1.83771 2.66548 3.56384
1.83241 2.66728 3.55948
1.83241 2.66728 3.55948
1.8341 2.66691 3.56192
1.8341 2.66691 3.56192
1.83241 2.66728 3.55948
1.83654 2.66673 3.55922
1.83654 2.66673 3.55922
1.83654 2.66673 3.55922
1.83654 2.66673 3.55922
1.83641 2.66604 3.56251
1.83641 2.66604 3.56251
1.84316 2.66382 3.5707
1.83328 2.66511 3.55697
1.34425 2.01616 6.08271
1.34425 2.01616 6.08271
1.34425 2.01616 6.08271
1.34447 2.01556 6.08491
1.34447 2.01556 6.08491
1.34483 2.0169 6.08586
1.34483 2.0169 6.08586
1.34504 2.01694 6.08632
1.34483 2.0169 6.08586
1.34483 2.0169 6.08586
1.34408 2.01615 6.08483
1.34496 2.01674 6.08624
1.34408 2.01615 6.08483
1.34408 2.01615 6.08483
1.34496 2.01674 6.08624
3.64721 1.71653 3.13725
3.64721 1.71653 3.13725
3.64721 1.71653 3.13725
3.64616 1.71392 3.13739
3.64616 1.71392 3.13739
3.64473 1.71326 3.13888
3.64616 1.71392 3.13739
3.64613 1.71482 3.13765
3.64613 1.71482 3.13765
3.64593 1.71565 3.13768
3.64613 1.71482 3.13765
3.64613 1.71482 3.13765
3.64593 1.71565 3.13768
3.64593 1.71565 3.13768
3.79125 2.62836 2.06927
3.79125 2.62836 2.06927
3.79125 2.62836 2.06927
3.78926 2.62798 2.06597
4.46576 2.44409 5.26123
4.46576 2.44409 5.26123
4.46685 2.44339 5.26128
4.46685 2.44339 5.26128
4.46685 2.44339 5.26128
4.46621 2.44434 5.26147
4.46621 2.44434 5.26147
4.46553 2.44627 5.26021
4.46621 2.44434 5.26147
4.46621 2.44434 5.26147
4.46387 2.44404 5.25981
4.46645 2.44342 5.26138
4.46387 2.44404 5.25981
4.46387 2.44404 5.25981
4.46387 2.44404 5.25981
4.46558 2.02533 1.36116
4.46636 2.0264 1.36128
4.46672 2.02627 1.36133
4.46558 2.02533 1.36116
4.46636 2.0264 1.36128
4.4668 2.02632 1.36129
4.46704 2.02657 1.36115
4.46776 2.0264 1.36077
4.46776 2.0264 1.36077
4.46776 2.0264 1.36077
4.46776 2.0264 1.36077
4.46639 2.02606 1.36107
4.46692 2.02616 1.36179
4.46692 2.02616 1.36179
4.46692 2.02616 1.36179
4.46611 2.02575 1.36131
4.46611 2.02575 1.36131
4.46699 2.02671 1.36134
4.46611 2.02575 1.36131
4.46611 2.02575 1.36131
4.46707 2.0267 1.36125
4.46533 2.02621 1.36217
4.46533 2.02621 1.36217
2.17999 1.65323 6.09338
2.17999 1.65323 6.09338
2.17999 1.65323 6.09338
2.17999 1.65323 6.09338
2.18006 1.65376 6.09353
2.18079 1.65327 6.09333
2.18079 1.65327 6.09333
2.18006 1.65376 6.09353
2.18006 1.65376 6.09353
2.17865 1.65298 6.09415
2.17865 1.65298 6.09415
2.18032 1.6534 6.09302
2.18032 1.6534 6.09302
2.18063 1.65347 6.09378
2.18069 1.65409 6.093
2.18069 1.65409 6.093
2.18069 1.65409 6.093
2.18124 1.65368 6.09229
2.18124 1.65368 6.09229
2.1805 1.65296 6.09134
2.18124 1.65368 6.09229
2.18124 1.65368 6.09229
2.1805 1.65296 6.09134
2.18037 1.65376 6.09328
2.18154 1.65491 6.09467
3.86427 1.87001 3.01685
3.86427 1.87001 3.01685
3.86427 1.87001 3.01685
3.86412 1.87064 3.01596
3.86412 1.87064 3.01596
3.86287 1.8704 3.01371
3.86412 1.87064 3.01596
3.86412 1.87064 3.01596
3.86234 1.87265 3.01538
3.86107 1.8709 3.01721
3.8648 1.86952 3.01949
3.86339 1.87118 3.01552
3.86339 1.87118 3.01552
3.86339 1.87118 3.01552
1.83933 2.6654 3.5668
1.83933 2.6654 3.5668
1.83933 2.6654 3.5668
1.83771 2.66548 3.56384
1.83771 2.66548 3.56384
1.83241 2.66728 3.55948
1.83241 2.66728 3.55948
1.8341 2.66691 3.56192
1.83241 2.66728 3.55948
1.83241 2.66728 3.55948
1.83654 2.66673 3.55922
1.83565 2.6684 3.56118
1.83565 2.6684 3.56118
1.83654 2.66673 3.55922
1.83641 2.66604 3.56251
1.83641 2.66604 3.56251
1.84316 2.66382 3.5707
1.84947 2.66279 3.57494
1.34426 2.01772 6.08184
1.34683 2.01769 6.0843
1.34427 2.01568 6.08549
1.34447 2.01556 6.08491
1.34447 2.01556 6.08491
1.34528 2.01607 6.08517
1.34483 2.0169 6.08586
1.34483 2.0169 6.08586
1.34483 2.0169 6.08586
1.34483 2.0169 6.08586
1.34532 2.01711 6.08646
1.34532 2.01711 6.08646
1.34345 2.01612 6.08541
1.34345 2.01612 6.08541
1.34345 2.01612 6.08541
3.64721 1.71653 3.13725
3.64721 1.71653 3.13725
3.64564 1.71619 3.13686
3.64616 1.71392 3.13739
3.64616 1.71392 3.13739
3.64616 1.71392 3.13739
3.64616 1.71392 3.13739
3.64616 1.71392 3.13739
3.64613 1.71482 3.13765
3.64593 1.71565 3.13768
3.64593 1.71565 3.13768
3.64613 1.71482 3.13765
3.64593 1.71565 3.13768
3.64593 1.71565 3.13768
3.79125 2.62836 2.06927
3.78926 2.62798 2.06597
3.79125 2.62836 2.06927
3.78926 2.62798 2.06597
4.46561 2.44437 5.26107
4.46561 2.44437 5.26107
4.46561 2.44437 5.26107
4.46638 2.44507 5.2607
4.46638 2.44507 5.2607
4.46638 2.44507 5.2607
4.46638 2.44507 5.2607
4.46804 2.44455 5.26326
4.46621 2.44434 5.26147
4.46621 2.44434 5.26147
4.46387 2.44404 5.25981
4.46709 2.44353 5.26337
4.46141 2.44627 5.26066
4.46141 2.44627 5.26066
4.46225 2.44459 5.26333
4.46563 2.02525 1.36141
4.46672 2.02627 1.36133
4.46672 2.02627 1.36133
4.4668 2.02632 1.36129
4.46636 2.0264 1.36128
4.4668 2.02632 1.36129
4.46664 2.02653 1.36145
4.46776 2.0264 1.36077
4.46764 2.0267 1.35903
4.46764 2.0267 1.35903
4.46776 2.0264 1.36077
4.46692 2.02616 1.36179
4.46692 2.02616 1.36179
4.46699 2.02671 1.36134
4.46692 2.02616 1.36179
4.46611 2.02575 1.36131
4.46611 2.02575 1.36131
4.46611 2.02575 1.36131
4.46611 2.02575 1.36131
4.46611 2.02575 1.36131
4.46707 2.0267 1.36125
4.46651 2.02434 1.36217
4.46533 2.02621 1.36217
2.17999 1.65323 6.09338
2.17999 1.65323 6.09338
2.18079 1.65327 6.09333
2.18079 1.65327 6.09333
2.18079 1.65327 6.09333
2.18079 1.65327 6.09333
2.18079 1.65327 6.09333
2.18215 1.65324 6.09259
2.18005 1.65345 6.09344
2.18005 1.65345 6.09344
2.18005 1.65345 6.09344
2.18005 1.65345 6.09344
2.18005 1.65345 6.09344
2.18063 1.65347 6.09378
2.18069 1.65409 6.093
2.18069 1.65409 6.093
2.18063 1.65347 6.09378
2.18124 1.65368 6.09229
2.18124 1.65368 6.09229
2.1805 1.65296 6.09134
2.18124 1.65368 6.09229
2.18037 1.65376 6.09328
2.18037 1.65376 6.09328
2.18037 1.65376 6.09328
2.18132 1.65482 6.09173
3.86427 1.87001 3.01685
3.86427 1.87001 3.01685
3.86427 1.87001 3.01685
3.86412 1.87064 3.01596
3.86296 1.87071 3.01553
3.86296 1.87071 3.01553
3.86234 1.87265 3.01538
3.86234 1.87265 3.01538
3.86234 1.87265 3.01538
3.86107 1.8709 3.01721
3.86203 1.86981 3.01425
3.86107 1.8709 3.01721
3.86203 1.86981 3.01425
3.86339 1.87118 3.01552
1.83595 2.66514 3.56301
1.83633 2.66654 3.56215
1.83633 2.66654 3.56215
1.83633 2.66654 3.56215
1.83771 2.66548 3.56384
1.83241 2.66728 3.55948
1.83241 2.66728 3.55948
1.8341 2.66691 3.56192
1.8341 2.66691 3.56192
1.8341 2.66691 3.56192
1.8374 2.66711 3.56211
1.83565 2.6684 3.56118
1.83565 2.6684 3.56118
1.83619 2.66754 3.56228
1.83619 2.66754 3.56228
1.83641 2.66604 3.56251
1.84316 2.66382 3.5707
1.83619 2.66754 3.56228
1.34426 2.01772 6.08184
1.34683 2.01769 6.0843
1.34683 2.01769 6.0843
1.34427 2.01568 6.08549
1.34449 2.01626 6.08589
1.34483 2.0169 6.08586
1.34483 2.0169 6.08586
1.34504 2.01694 6.08632
1.34483 2.0169 6.08586
1.34532 2.01711 6.08646
1.34532 2.01711 6.08646
1.34532 2.01711 6.08646
1.34345 2.01612 6.08541
1.34345 2.01612 6.08541
1.34345 2.01612 6.08541
3.64721 1.71653 3.13725
3.64569 1.71538 3.13562
3.64564 1.71619 3.13686
3.64564 1.71619 3.13686
3.64657 1.71515 3.13743
3.64473 1.71326 3.13888
3.64657 1.71515 3.13743
3.64613 1.71482 3.13765
3.64657 1.71515 3.13743
3.64593 1.71565 3.13768
3.64593 1.71565 3.13768
3.64593 1.71565 3.13768
3.64593 1.71565 3.13768
3.64593 1.71565 3.13768
0 0 0
3.78926 2.62798 2.06597
3.78926 2.62798 2.06597
3.78926 2.62798 2.06597
4.46561 2.44437 5.26107
4.46561 2.44437 5.26107
4.46561 2.44437 5.26107
4.46561 2.44437 5.26107
4.46503 2.44347 5.25991
4.46621 2.44434 5.26147
4.46685 2.44339 5.26128
4.46804 2.44455 5.26326
4.46794 2.44397 5.26209
4.46621 2.44434 5.26147
4.46387 2.44404 5.25981
4.46387 2.44404 5.25981
4.46141 2.44627 5.26066
4.46141 2.44627 5.26066
4.46141 2.44627 5.26066
4.46672 2.02627 1.36133
4.4668 2.02632 1.36129
4.4668 2.02632 1.36129
4.4668 2.02632 1.36129
4.4668 2.02632 1.36129
4.4668 2.02632 1.36129
4.46704 2.02657 1.36115
4.46776 2.0264 1.36077
4.46776 2.0264 1.36077
4.46776 2.0264 1.36077
4.46776 2.0264 1.36077
4.46884 2.025 1.36298
4.47001 2.0271 1.36434
4.46699 2.02671 1.36134
4.46699 2.02671 1.36134
4.46611 2.02575 1.36131
4.46707 2.0267 1.36125
4.46645 2.02637 1.36084
4.46611 2.02575 1.36131
4.46707 2.0267 1.36125
4.46707 2.0267 1.36125
4.468 2.02326 1.36111
0 0 0
2.17999 1.65323 6.09338
2.17999 1.65323 6.09338
2.18079 1.65327 6.09333
2.18079 1.65327 6.09333
2.18079 1.65327 6.09333
2.18079 1.65327 6.09333
2.18079 1.65327 6.09333
2.18023 1.65304 6.0935
2.18023 1.65304 6.0935
2.18005 1.65345 6.09344
2.18005 1.65345 6.09344
2.18005 1.65345 6.09344
2.18005 1.65345 6.09344
2.18035 1.65393 6.09308
2.18069 1.65409 6.093
2.18069 1.65409 6.093
2.18069 1.65409 6.093
2.18035 1.65393 6.09308
2.17962 1.6548 6.0915
2.1805 1.65296 6.09134
2.1805 1.65296 6.09134
2.1805 1.65296 6.09134
2.1805 1.65296 6.09134
2.18037 1.65376 6.09328
2.18694 1.65076 6.0911
3.86427 1.87001 3.01685
3.86427 1.87001 3.01685
3.86427 1.87001 3.01685
3.86412 1.87064 3.01596
3.86296 1.87071 3.01553
3.86296 1.87071 3.01553
3.86412 1.87064 3.01596
3.86412 1.87064 3.01596
3.86234 1.87265 3.01538
3.86203 1.86981 3.01425
3.86203 1.86981 3.01425
3.86203 1.86981 3.01425
3.86203 1.86981 3.01425
3.86339 1.87118 3.01552
1.83595 2.66514 3.56301
1.83633 2.66654 3.56215
1.83633 2.66654 3.56215
1.83633 2.66654 3.56215
1.83309 2.66464 3.55832
1.83241 2.66728 3.55948
1.83241 2.66728 3.55948
1.83241 2.66728 3.55948
1.83642 2.66721 3.56252
1.83241 2.66728 3.55948
1.8374 2.66711 3.56211
1.83565 2.6684 3.56118
1.83565 2.6684 3.56118
1.83714 2.66757 3.56115
1.83714 2.66757 3.56115
1.83619 2.66754 3.56228
1.83619 2.66754 3.56228
1.83619 2.66754 3.56228
1.84947 2.66279 3.57494
1.34683 2.01769 6.0843
1.34426 2.01772 6.08184
1.34427 2.01568 6.08549
1.34427 2.01568 6.08549
1.34498 2.01654 6.08593
1.34498 2.01654 6.08593
1.34498 2.01654 6.08593
1.34498 2.01654 6.08593
1.34498 2.01654 6.08593
1.34671 2.01441 6.08485
1.3455 2.01705 6.08759
1.3455 2.01705 6.08759
1.34906 2.01382 6.08647
3.64666 1.7162 3.13437
3.64666 1.7162 3.13437
3.64569 1.71538 3.13562
3.64564 1.71619 3.13686
3.64564 1.71619 3.13686
3.64657 1.71515 3.13743
3.64657 1.71515 3.13743
3.64687 1.71383 3.13569
3.64657 1.71515 3.13743
3.64657 1.71515 3.13743
3.64593 1.71565 3.13768
3.64593 1.71565 3.13768
3.64593 1.71565 3.13768
3.64593 1.71565 3.13768
3.64593 1.71565 3.13768
3.64603 1.71384 3.1373
3.78926 2.62798 2.06597
3.78926 2.62798 2.06597
3.78926 2.62798 2.06597
4.46561 2.44437 5.26107
4.46561 2.44437 5.26107
4.46561 2.44437 5.26107
4.46561 2.44437 5.26107
4.46492 2.44351 5.26079
4.46621 2.44434 5.26147
4.46685 2.44339 5.26128
4.46752 2.44363 5.26163
4.46752 2.44363 5.26163
4.46621 2.44434 5.26147
4.46579 2.44432 5.26115
4.46579 2.44432 5.26115
4.46579 2.44432 5.26115
4.46579 2.44432 5.26115
4.46579 2.44432 5.26115
4.46672 2.02627 1.36133
4.46656 2.02765 1.36033
4.46704 2.02657 1.36115
4.46656 2.02765 1.36033
4.46568 2.02688 1.36016
4.46664 2.02653 1.36145
4.46704 2.02657 1.36115
4.46702 2.02499 1.36041
4.46702 2.02499 1.36041
4.46776 2.0264 1.36077
4.46884 2.025 1.36298
4.46884 2.025 1.36298
4.47001 2.0271 1.36434
4.47001 2.0271 1.36434
4.46884 2.025 1.36298
4.46645 2.02637 1.36084
4.46707 2.0267 1.36125
4.46645 2.02637 1.36084
4.46645 2.02637 1.36084
4.46707 2.0267 1.36125
4.46707 2.0267 1.36125
4.46757 2.02754 1.36205
0 0 0
2.18225 1.65091 6.0952
2.18225 1.65091 6.0952
2.18079 1.65327 6.09333
2.18079 1.65327 6.09333
2.18023 1.65304 6.0935
2.18079 1.65327 6.09333
2.18262 1.65172 6.09288
2.18215 1.65324 6.09259
2.18215 1.65324 6.09259
2.18215 1.65324 6.09259
2.18005 1.65345 6.09344
2.18005 1.65345 6.09344
2.18005 1.65345 6.09344
2.17995 1.65346 6.09224
2.17995 1.65346 6.09224
2.18069 1.65409 6.093
2.17946 1.65265 6.09294
2.17942 1.65069 6.0938
2.17991 1.64978 6.0929
2.18037 1.65376 6.09328
2.17991 1.64978 6.0929
2.1805 1.65296 6.09134
2.1805 1.65296 6.09134
2.1805 1.65296 6.09134
2.18694 1.65076 6.0911
2.18694 1.65076 6.0911
3.86427 1.87001 3.01685
3.86296 1.87071 3.01553
3.86296 1.87071 3.01553
3.86296 1.87071 3.01553
3.86296 1.87071 3.01553
3.86234 1.87265 3.01538
3.86234 1.87265 3.01538
3.86234 1.87265 3.01538
3.86203 1.86981 3.01425
3.86203 1.86981 3.01425
3.86188 1.86704 3.01339
3.86188 1.86704 3.01339
1.83595 2.66514 3.56301
1.83595 2.66514 3.56301
1.83763 2.66587 3.56378
1.83532 2.66757 3.56103
1.83401 2.66692 3.55932
1.83401 2.66692 3.55932
1.83532 2.66757 3.56103
1.83636 2.66592 3.56259
1.83636 2.66592 3.56259
1.83642 2.66721 3.56252
1.83642 2.66721 3.56252
1.8374 2.66711 3.56211
1.83592 2.66686 3.56259
1.83714 2.66757 3.56115
1.83619 2.66754 3.56228
1.83619 2.66754 3.56228
1.83592 2.66686 3.56259
1.83619 2.66754 3.56228
1.83619 2.66754 3.56228
1.8361 2.6656 3.56362
1.8361 2.6656 3.56362
1.34427 2.01568 6.08549
1.34427 2.01568 6.08549
1.34449 2.01626 6.08589
1.34449 2.01626 6.08589
1.34386 2.01649 6.08496
1.34498 2.01654 6.08593
1.34498 2.01654 6.08593
1.34498 2.01654 6.08593
1.34386 2.01731 6.08543
1.34073 2.01603 6.08251
1.34073 2.01603 6.08251
0 0 0
3.64716 1.714 3.13647
3.64716 1.714 3.13647
3.64716 1.714 3.13647
3.64732 1.71499 3.13701
3.64732 1.71499 3.13701
3.64569 1.71538 3.13562
3.64569 1.71538 3.13562
3.64687 1.71383 3.13569
3.64894 1.71503 3.13602
3.64894 1.71503 3.13602
3.64497 1.71514 3.13582
3.64497 1.71514 3.13582
3.64497 1.71514 3.13582
3.64497 1.71514 3.13582
3.64433 1.71528 3.13715
3.64623 1.71485 3.13822
3.64433 1.71528 3.13715
3.64433 1.71528 3.13715
3.64433 1.71528 3.13715
4.46561 2.44437 5.26107
4.46561 2.44437 5.26107
4.46638 2.44507 5.2607
4.46638 2.44507 5.2607
4.46638 2.44507 5.2607
4.46752 2.44363 5.26163
4.46752 2.44363 5.26163
4.46752 2.44363 5.26163
4.46752 2.44363 5.26163
4.46564 2.44405 5.26184
4.46564 2.44405 5.26184
4.46564 2.44405 5.26184
4.46141 2.44627 5.26066
4.46579 2.44432 5.26115
4.46579 2.44432 5.26115
4.46672 2.02627 1.36133
4.46656 2.02765 1.36033
4.46664 2.02653 1.36145
4.46664 2.02653 1.36145
4.46568 2.02688 1.36016
4.46664 2.02653 1.36145
4.46664 2.02653 1.36145
4.46702 2.02499 1.36041
4.46702 2.02499 1.36041
4.46702 2.02499 1.36041
4.46713 2.02573 1.36288
4.46713 2.02573 1.36288
4.47001 2.0271 1.36434
4.47001 2.0271 1.36434
4.4674 2.02714 1.36106
4.4674 2.02714 1.36106
4.467 2.02673 1.36113
4.46645 2.02637 1.36084
4.46645 2.02637 1.36084
4.467 2.02673 1.36113
4.467 2.02673 1.36113
4.46757 2.02754 1.36205
4.46757 2.02754 1.36205
2.18012 1.65343 6.09343
2.18012 1.65343 6.09343
2.18012 1.65343 6.09343
2.18012 1.65343 6.09343
2.18023 1.65304 6.0935
2.18079 1.65327 6.09333
2.18079 1.65327 6.09333
2.18215 1.65324 6.09259
2.18215 1.65324 6.09259
2.18005 1.65345 6.09344
2.18005 1.65345 6.09344
2.17995 1.65346 6.09224
2.17995 1.65346 6.09224
2.17995 1.65346 6.09224
2.17995 1.65346 6.09224
2.17995 1.65346 6.09224
2.17946 1.65265 6.09294
2.17991 1.64978 6.0929
2.17991 1.64978 6.0929
2.1803 1.65389 6.09402
2.17991 1.64978 6.0929
2.1805 1.65296 6.09134
2.1805 1.65296 6.09134
2.1805 1.65296 6.09134
2.18132 1.65482 6.09173
2.18132 1.65482 6.09173
3.86327 1.87118 3.01448
3.86327 1.87118 3.01448
3.86296 1.87071 3.01553
3.86327 1.87118 3.01448
3.86296 1.87071 3.01553
3.8653 1.87194 3.01588
3.8653 1.87194 3.01588
3.86345 1.87399 3.01457
3.86229 1.87275 3.01378
3.86203 1.86981 3.01425
3.86188 1.86704 3.01339
3.86188 1.86704 3.01339
1.83595 2.66514 3.56301
1.83595 2.66514 3.56301
1.83595 2.66514 3.56301
1.83532 2.66757 3.56103
1.83401 2.66692 3.55932
1.83401 2.66692 3.55932
1.83401 2.66692 3.55932
1.83636 2.66592 3.56259
1.83636 2.66592 3.56259
1.83642 2.66721 3.56252
1.83642 2.66721 3.56252
1.8374 2.66711 3.56211
1.83592 2.66686 3.56259
1.83592 2.66686 3.56259
1.83619 2.66754 3.56228
1.83592 2.66686 3.56259
1.83592 2.66686 3.56259
1.83619 2.66754 3.56228
1.8361 2.6656 3.56362
1.8361 2.6656 3.56362
1.8361 2.6656 3.56362
1.34449 2.01626 6.08589
1.34449 2.01626 6.08589
1.34449 2.01626 6.08589
1.34449 2.01626 6.08589
1.34498 2.01654 6.08593
1.34549 2.01566 6.08644
1.34386 2.01731 6.08543
1.34386 2.01649 6.08496
1.34386 2.01731 6.08543
1.34073 2.01603 6.08251
1.34073 2.01603 6.08251
1.34073 2.01603 6.08251
3.64716 1.714 3.13647
3.64732 1.71499 3.13701
3.64535 1.71548 3.13738
3.64535 1.71548 3.13738
3.64732 1.71499 3.13701
3.64735 1.71464 3.1382
3.64569 1.71538 3.13562
3.64687 1.71383 3.13569
3.64894 1.71503 3.13602
3.64894 1.71503 3.13602
3.64497 1.71514 3.13582
3.64497 1.71514 3.13582
3.64497 1.71514 3.13582
3.64497 1.71514 3.13582
3.64433 1.71528 3.13715
3.64623 1.71485 3.13822
3.64433 1.71528 3.13715
3.64623 1.71485 3.13822
3.64433 1.71528 3.13715
4.46561 2.44437 5.26107
4.46561 2.44437 5.26107
4.46638 2.44507 5.2607
4.46638 2.44507 5.2607
4.46638 2.44507 5.2607
4.46752 2.44363 5.26163
4.46752 2.44363 5.26163
4.46752 2.44363 5.26163
4.46752 2.44363 5.26163
4.46794 2.44397 5.26209
4.46564 2.44405 5.26184
4.46579 2.44432 5.26115
4.46579 2.44432 5.26115
4.46371 2.44142 5.26033
4.46579 2.44432 5.26115
4.46371 2.44142 5.26033
4.46656 2.02765 1.36033
4.46764 2.02706 1.36156
4.46656 2.02765 1.36033
4.46568 2.02688 1.36016
4.46766 2.02609 1.36197
4.46664 2.02653 1.36145
4.46713 2.02573 1.36288
4.46713 2.02573 1.36288
4.46713 2.02573 1.36288
4.46713 2.02573 1.36288
4.46713 2.02573 1.36288
4.47001 2.0271 1.36434
4.47001 2.0271 1.36434
4.46645 2.02637 1.36084
4.46645 2.02637 1.36084
4.467 2.02673 1.36113
4.467 2.02673 1.36113
4.468 2.02326 1.36111
4.467 2.02673 1.36113
4.467 2.02673 1.36113
4.46669 2.02492 1.36219
4.46637 2.02702 1.36171
2.18012 1.65343 6.09343
2.18012 1.65343 6.09343
2.18012 1.65343 6.09343
2.18012 1.65343 6.09343
2.18023 1.65304 6.0935
2.18023 1.65304 6.0935
2.18023 1.65304 6.0935
2.18023 1.65304 6.0935
2.18023 1.65304 6.0935
2.18005 1.65345 6.09344
2.18005 1.65345 6.09344
2.18005 1.65345 6.09344
2.18005 1.65345 6.09344
2.17946 1.65265 6.09294
2.17946 1.65265 6.09294
2.18092 1.65601 6.09349
2.1811 1.65323 6.09352
2.1811 1.65323 6.09352
2.1811 1.65323 6.09352
2.1803 1.65389 6.09402
2.1811 1.65323 6.09352
2.17896 1.65161 6.09378
2.1803 1.65375 6.09384
2.17973 1.65347 6.09329
2.17973 1.65347 6.09329
2.1803 1.65375 6.09384
0 0 0
3.86296 1.87071 3.01553
3.86296 1.87071 3.01553
3.86327 1.87118 3.01448
3.86296 1.87071 3.01553
3.8653 1.87194 3.01588
3.8653 1.87194 3.01588
3.8653 1.87194 3.01588
3.86307 1.86977 3.01544
3.86307 1.86977 3.01544
3.86212 1.86799 3.01369
0 0 0
1.83211 2.66552 3.56084
1.83595 2.66514 3.56301
1.83595 2.66514 3.56301
1.83558 2.66542 3.56289
1.83401 2.66692 3.55932
1.83401 2.66692 3.55932
1.83558 2.66542 3.56289
1.83636 2.66592 3.56259
1.83636 2.66592 3.56259
1.83642 2.66721 3.56252
1.83642 2.66721 3.56252
1.8374 2.66711 3.56211
1.83592 2.66686 3.56259
1.83592 2.66686 3.56259
1.83592 2.66686 3.56259
1.83592 2.66686 3.56259
1.83592 2.66686 3.56259
1.83619 2.66754 3.56228
1.83619 2.66754 3.56228
1.83744 2.66792 3.56369
1.8361 2.6656 3.56362
1.82976 2.66551 3.55141
0 0 0
1.34449 2.01626 6.08589
1.34498 2.01654 6.08593
1.34498 2.01654 6.08593
1.34498 2.01654 6.08593
1.34386 2.01731 6.08543
1.34386 2.01731 6.08543
1.34565 2.01803 6.08669
1.34565 2.01803 6.08669
1.34565 2.01803 6.08669
1.34666 2.01806 6.08774
3.64716 1.714 3.13647
3.64716 1.714 3.13647
3.64569 1.71538 3.13562
3.64535 1.71548 3.13738
3.64732 1.71499 3.13701
3.64735 1.71464 3.1382
3.64569 1.71538 3.13562
3.64687 1.71383 3.13569
3.64894 1.71503 3.13602
3.64609 1.71223 3.13658
3.64497 1.71514 3.13582
3.64497 1.71514 3.13582
3.64497 1.71514 3.13582
3.64497 1.71514 3.13582
3.64433 1.71528 3.13715
3.64693 1.71567 3.13634
3.64433 1.71528 3.13715
3.64762 1.71774 3.13743
3.64433 1.71528 3.13715
4.46729 2.44352 5.26534
4.47091 2.44596 5.26603
4.47091 2.44596 5.26603
4.47091 2.44596 5.26603
4.46806 2.44308 5.26011
4.46806 2.44308 5.26011
4.46329 2.44354 5.25987
4.46564 2.44405 5.26184
4.46564 2.44405 5.26184
4.46794 2.44397 5.26209
4.46579 2.44432 5.26115
4.46579 2.44432 5.26115
4.46579 2.44432 5.26115
4.46579 2.44432 5.26115
4.46371 2.44142 5.26033
4.46486 2.44344 5.25624
4.46656 2.02765 1.36033
4.46656 2.02765 1.36033
4.46656 2.02765 1.36033
4.46656 2.02765 1.36033
4.46766 2.02609 1.36197
4.46776 2.02478 1.36091
4.46713 2.02573 1.36288
4.46651 2.0263 1.36136
4.46713 2.02573 1.36288
4.46651 2.0263 1.36136
4.46713 2.02573 1.36288
4.47001 2.0271 1.36434
4.47001 2.0271 1.36434
4.46645 2.02637 1.36084
4.46645 2.02637 1.36084
4.467 2.02673 1.36113
4.46645 2.02637 1.36084
4.46686 2.02632 1.36141
4.467 2.02673 1.36113
4.46686 2.02632 1.36141
4.46686 2.02632 1.36141
4.46686 2.02632 1.36141
2.18008 1.65347 6.09343
2.18008 1.65347 6.09343
2.18008 1.65347 6.09343
2.17989 1.65356 6.09324
2.17989 1.65356 6.09324
2.18023 1.65304 6.0935
2.18023 1.65304 6.0935
2.18063 1.65197 6.0936
2.18063 1.65197 6.0936
2.17952 1.65344 6.09379
2.17939 1.6525 6.09154
2.17952 1.65344 6.09379
2.17952 1.65344 6.09379
2.17952 1.65344 6.09379
2.18092 1.65601 6.09349
2.18092 1.65601 6.09349
2.1811 1.65323 6.09352
2.1811 1.65323 6.09352
2.1811 1.65323 6.09352
2.17962 1.6548 6.0915
2.1811 1.65323 6.09352
2.17962 1.6548 6.0915
2.17962 1.6548 6.0915
2.17973 1.65347 6.09329
2.17973 1.65347 6.09329
2.17973 1.65347 6.09329
0 0 0
3.86327 1.87118 3.01448
3.86327 1.87118 3.01448
3.86327 1.87118 3.01448
3.86068 1.87284 3.01543
3.86531 1.87236 3.01894
3.8653 1.87194 3.01588
3.8653 1.87194 3.01588
3.86307 1.86977 3.01544
3.86307 1.86977 3.01544
3.86307 1.86977 3.01544
1.83211 2.66552 3.56084
1.83211 2.66552 3.56084
1.83763 2.66587 3.56378
1.83211 2.66552 3.56084
1.83558 2.66542 3.56289
1.83401 2.66692 3.55932
1.83401 2.66692 3.55932
1.83401 2.66692 3.55932
1.83401 2.66692 3.55932
1.83642 2.66721 3.56252
1.83642 2.66721 3.56252
1.83642 2.66721 3.56252
1.83556 2.66675 3.56172
1.83592 2.66686 3.56259
1.83592 2.66686 3.56259
1.83592 2.66686 3.56259
1.83592 2.66686 3.56259
1.83592 2.66686 3.56259
1.83744 2.66792 3.56369
1.8361 2.6656 3.56362
1.8361 2.6656 3.56362
1.8361 2.6656 3.56362
1.83757 2.66503 3.56435
0 0 0
1.34222 2.01928 6.08718
1.34498 2.01654 6.08593
1.34498 2.01654 6.08593
1.34498 2.01654 6.08593
1.34386 2.01731 6.08543
1.34386 2.01731 6.08543
1.34386 2.01731 6.08543
1.34194 2.01623 6.08248
1.34565 2.01803 6.08669
1.34194 2.01623 6.08248
3.64535 1.71548 3.13738
3.64535 1.71548 3.13738
3.64535 1.71548 3.13738
3.64735 1.71464 3.1382
3.64583 1.7175 3.13805
3.64735 1.71464 3.1382
3.64583 1.7175 3.13805
3.64583 1.7175 3.13805
3.64609 1.71223 3.13658
3.64609 1.71223 3.13658
3.64553 1.71364 3.13687
3.64553 1.71364 3.13687
3.64553 1.71364 3.13687
3.64497 1.71514 3.13582
3.64693 1.71567 3.13634
3.64693 1.71567 3.13634
3.64762 1.71774 3.13743
3.64762 1.71774 3.13743
3.64762 1.71774 3.13743
4.46918 2.44629 5.2624
4.4699 2.445 5.26427
4.4699 2.445 5.26427
4.4699 2.445 5.26427
4.4699 2.445 5.26427
4.4699 2.445 5.26427
4.46329 2.44354 5.25987
4.46647 2.44518 5.26106
4.46564 2.44405 5.26184
4.46647 2.44518 5.26106
4.46579 2.44432 5.26115
4.46579 2.44432 5.26115
4.46579 2.44432 5.26115
4.46579 2.44432 5.26115
4.46579 2.44432 5.26115
4.46528 2.44458 5.25742
4.46764 2.02706 1.36156
4.46764 2.02706 1.36156
4.46764 2.02706 1.36156
4.46595 2.02793 1.3612
4.46595 2.02793 1.3612
4.46595 2.02793 1.3612
4.46702 2.02499 1.36041
4.46651 2.0263 1.36136
4.46671 2.02612 1.36095
4.46682 2.02636 1.36163
4.46651 2.0263 1.36136
4.46682 2.02636 1.36163
4.466 2.02828 1.36204
4.46682 2.02636 1.36163
4.4674 2.02714 1.36106
4.4674 2.02714 1.36106
4.4674 2.02714 1.36106
4.46686 2.02632 1.36141
4.46686 2.02632 1.36141
4.46686 2.02632 1.36141
4.46686 2.02632 1.36141
4.46686 2.02632 1.36141
2.18008 1.65347 6.09343
2.18008 1.65347 6.09343
2.17989 1.65356 6.09324
2.17989 1.65356 6.09324
2.1798 1.65473 6.09079
2.17989 1.65356 6.09324
2.17939 1.6525 6.09154
2.17939 1.6525 6.09154
2.18063 1.65197 6.0936
2.18147 1.65301 6.09273
2.17939 1.6525 6.09154
2.18147 1.65301 6.09273
2.18009 1.6539 6.09354
2.18009 1.6539 6.09354
2.18009 1.6539 6.09354
2.18009 1.6539 6.09354
2.1811 1.65323 6.09352
2.1811 1.65403 6.09297
2.1811 1.65403 6.09297
2.1811 1.65403 6.09297
2.1811 1.65403 6.09297
2.17896 1.65161 6.09378
2.17896 1.65161 6.09378
2.17973 1.65347 6.09329
2.17973 1.65347 6.09329
2.17973 1.65347 6.09329
2.17973 1.65347 6.09329
3.86327 1.87118 3.01448
3.86327 1.87118 3.01448
3.86353 1.87206 3.0157
3.8653 1.87194 3.01588
3.8639 1.87168 3.01557
3.8639 1.87168 3.01557
3.8639 1.87168 3.01557
3.8639 1.87168 3.01557
3.8639 1.87168 3.01557
3.86307 1.86977 3.01544
1.83763 2.66587 3.56378
1.83763 2.66587 3.56378
1.83763 2.66587 3.56378
1.83763 2.66587 3.56378
1.83558 2.66542 3.56289
1.83558 2.66542 3.56289
1.83401 2.66692 3.55932
1.83401 2.66692 3.55932
1.83401 2.66692 3.55932
1.83766 2.66789 3.56302
1.83728 2.66872 3.56162
1.83636 2.66592 3.56259
1.83535 2.66705 3.56159
1.83592 2.66686 3.56259
1.83592 2.66686 3.56259
1.83312 2.66594 3.5623
1.83592 2.66686 3.56259
1.83559 2.66699 3.56544
1.83559 2.66699 3.56544
1.8361 2.6656 3.56362
1.8361 2.6656 3.56362
1.83429 2.66763 3.5606
1.83429 2.66763 3.5606
1.3454 2.0166 6.08608
1.3454 2.0166 6.08608
1.3454 2.0166 6.08608
1.3454 2.0166 6.08608
1.34386 2.01731 6.08543
1.34386 2.01731 6.08543
1.34386 2.01731 6.08543
1.34386 2.01731 6.08543
1.34194 2.01623 6.08248
1.34565 2.01803 6.08669
1.34194 2.01623 6.08248
3.64535 1.71548 3.13738
3.64535 1.71548 3.13738
3.64535 1.71548 3.13738
3.64735 1.71464 3.1382
3.64735 1.71464 3.1382
3.64735 1.71464 3.1382
3.64583 1.7175 3.13805
3.64583 1.7175 3.13805
3.64609 1.71223 3.13658
3.64609 1.71223 3.13658
3.64497 1.71514 3.13582
3.64497 1.71514 3.13582
3.64497 1.71514 3.13582
3.64497 1.71514 3.13582
3.64693 1.71567 3.13634
3.64693 1.71567 3.13634
3.64762 1.71774 3.13743
3.64762 1.71774 3.13743
3.64762 1.71774 3.13743
4.46729 2.44352 5.26534
4.4699 2.445 5.26427
4.4699 2.445 5.26427
4.4699 2.445 5.26427
4.4699 2.445 5.26427
4.4699 2.445 5.26427
4.47029 2.44674 5.26182
4.46647 2.44518 5.26106
4.46647 2.44518 5.26106
4.46647 2.44518 5.26106
4.46564 2.44405 5.26184
4.46667 2.44384 5.26006
4.46667 2.44384 5.26006
4.46667 2.44384 5.26006
4.46667 2.44384 5.26006
4.46667 2.44384 5.26006
4.46766 2.02609 1.36197
4.46764 2.02706 1.36156
4.46764 2.02706 1.36156
4.46595 2.02793 1.3612
4.46595 2.02793 1.3612
4.46595 2.02793 1.3612
4.46575 2.02816 1.35887
4.4665 2.02642 1.36121
4.46671 2.02612 1.36095
4.4665 2.02642 1.36121
4.4665 2.02642 1.36121
4.4665 2.02642 1.36121
4.466 2.02828 1.36204
4.46682 2.02636 1.36163
4.466 2.02828 1.36204
4.466 2.02828 1.36204
4.4674 2.02714 1.36106
4.46686 2.02632 1.36141
4.46686 2.02632 1.36141
4.46686 2.02632 1.36141
4.46686 2.02632 1.36141
4.46686 2.02632 1.36141
2.18008 1.65347 6.09343
2.18008 1.65347 6.09343
2.18008 1.65347 6.09343
2.17989 1.65356 6.09324
2.17989 1.65356 6.09324
2.17989 1.65356 6.09324
2.17989 1.65356 6.09324
2.17939 1.6525 6.09154
2.17939 1.6525 6.09154
2.17939 1.6525 6.09154
2.17939 1.6525 6.09154
2.18077 1.65399 6.09137
2.18009 1.6539 6.09354
2.18009 1.6539 6.09354
2.18009 1.6539 6.09354
2.18009 1.6539 6.09354
2.18009 1.6539 6.09354
2.18092 1.65601 6.09349
2.1811 1.65403 6.09297
2.1811 1.65403 6.09297
2.1811 1.65403 6.09297
2.18013 1.65334 6.09372
2.18132 1.65341 6.09314
2.17973 1.65347 6.09329
2.17973 1.65347 6.09329
2.17973 1.65347 6.09329
2.17973 1.65347 6.09329
3.86444 1.87206 3.01431
3.86444 1.87206 3.01431
3.86444 1.87206 3.01431
3.86068 1.87284 3.01543
3.8639 1.87168 3.01557
3.8639 1.87168 3.01557
3.8639 1.87168 3.01557
3.8639 1.87168 3.01557
3.86591 1.87088 3.01914
1.84163 2.66533 3.56451
1.83823 2.66511 3.56356
1.83823 2.66511 3.56356
1.83823 2.66511 3.56356
1.83094 2.66505 3.55773
1.83558 2.66542 3.56289
1.83582 2.66611 3.5607
1.83094 2.66505 3.55773
1.83518 2.66672 3.56062
1.83518 2.66672 3.56062
1.83518 2.66672 3.56062
1.83544 2.66677 3.5616
1.83544 2.66677 3.5616
1.83535 2.66705 3.56159
1.83535 2.66705 3.56159
1.83535 2.66705 3.56159
1.83535 2.66705 3.56159
1.83535 2.66705 3.56159
1.83559 2.66699 3.56544
1.83559 2.66699 3.56544
1.83642 2.66531 3.56265
1.83642 2.66531 3.56265
1.83642 2.66531 3.56265
1.83429 2.66763 3.5606
1.83429 2.66763 3.5606
1.3454 2.0166 6.08608
1.3454 2.0166 6.08608
1.3454 2.0166 6.08608
1.3454 2.0166 6.08608
1.34565 2.01803 6.08669
1.34565 2.01803 6.08669
1.34361 2.01677 6.08483
1.34361 2.01677 6.08483
1.34565 2.01803 6.08669
1.34361 2.01677 6.08483
3.64535 1.71548 3.13738
3.64671 1.71407 3.13726
3.64671 1.71407 3.13726
3.64671 1.71407 3.13726
3.64583 1.7175 3.13805
3.64583 1.7175 3.13805
3.64601 1.71373 3.13787
3.64601 1.71373 3.13787
3.64487 1.71258 3.13715
3.64487 1.71258 3.13715
3.64609 1.71223 3.13658
3.64609 1.71223 3.13658
3.64521 1.71361 3.13754
3.64623 1.71441 3.13751
3.64693 1.71567 3.13634
3.64693 1.71567 3.13634
3.64762 1.71774 3.13743
3.64762 1.71774 3.13743
3.64762 1.71774 3.13743
4.46627 2.44447 5.26121
4.4699 2.445 5.26427
4.46728 2.44363 5.26229
4.4699 2.445 5.26427
4.4699 2.445 5.26427
4.4699 2.445 5.26427
4.46728 2.44363 5.26229
4.46647 2.44518 5.26106
4.46663 2.44438 5.26174
4.46663 2.44438 5.26174
4.46663 2.44438 5.26174
4.46667 2.44384 5.26006
4.46667 2.44384 5.26006
4.46667 2.44384 5.26006
4.46667 2.44384 5.26006
4.46667 2.44384 5.26006
4.46717 2.02826 1.35974
4.46595 2.02793 1.3612
4.46717 2.02826 1.35974
4.46595 2.02793 1.3612
4.46595 2.02793 1.3612
4.46595 2.02793 1.3612
4.46575 2.02816 1.35887
4.4665 2.02642 1.36121
4.46575 2.02816 1.35887
4.4665 2.02642 1.36121
4.4665 2.02642 1.36121
4.466 2.02828 1.36204
4.466 2.02828 1.36204
4.466 2.02828 1.36204
4.466 2.02828 1.36204
4.466 2.02828 1.36204
4.46672 2.02649 1.36038
4.46686 2.02632 1.36141
4.46672 2.02649 1.36038
4.46686 2.02632 1.36141
4.46686 2.02632 1.36141
4.46686 2.02632 1.36141
0 0 0
2.18008 1.65347 6.09343
2.18008 1.65347 6.09343
2.1798 1.65473 6.09079
2.18003 1.6545 6.0935
2.18003 1.6545 6.0935
2.18003 1.6545 6.0935
2.17939 1.6525 6.09154
2.18048 1.65378 6.09249
2.18048 1.65378 6.09249
2.18048 1.65378 6.09249
2.18147 1.65301 6.09273
2.18076 1.65429 6.09255
2.18009 1.6539 6.09354
2.18009 1.6539 6.09354
2.18009 1.6539 6.09354
2.18009 1.6539 6.09354
2.18013 1.65334 6.09372
2.1811 1.65403 6.09297
2.1811 1.65403 6.09297
2.1811 1.65403 6.09297
2.18132 1.65341 6.09314
2.18132 1.65341 6.09314
2.17973 1.65347 6.09329
2.17973 1.65347 6.09329
2.17973 1.65347 6.09329
2.17973 1.65347 6.09329
3.86444 1.87206 3.01431
3.86444 1.87206 3.01431
3.86444 1.87206 3.01431
3.86068 1.87284 3.01543
3.8639 1.87168 3.01557
3.8639 1.87168 3.01557
3.8639 1.87168 3.01557
3.86307 1.86977 3.01544
3.86567 1.87137 3.01914
1.82963 2.66887 3.55388
1.83823 2.66511 3.56356
1.83823 2.66511 3.56356
1.83118 2.66368 3.55905
1.83094 2.66505 3.55773
1.83558 2.66542 3.56289
1.83558 2.66542 3.56289
1.83094 2.66505 3.55773
1.83518 2.66672 3.56062
1.83518 2.66672 3.56062
1.83518 2.66672 3.56062
1.83518 2.66672 3.56062
1.83518 2.66672 3.56062
1.83544 2.66677 3.5616
1.83535 2.66705 3.56159
1.83556 2.66675 3.56172
1.83535 2.66705 3.56159
1.83535 2.66705 3.56159
1.83744 2.66792 3.56369
1.83757 2.66503 3.56435
1.83642 2.66531 3.56265
1.83642 2.66531 3.56265
1.83652 2.66705 3.56194
1.83429 2.66763 3.5606
1.83429 2.66763 3.5606
1.3454 2.0166 6.08608
1.3454 2.0166 6.08608
1.3454 2.0166 6.08608
1.3454 2.0166 6.08608
1.34565 2.01803 6.08669
1.34565 2.01803 6.08669
1.34361 2.01677 6.08483
1.34581 2.0163 6.08773
1.34565 2.01803 6.08669
1.34347 2.01869 6.08547
3.64748 1.71639 3.13985
3.64671 1.71407 3.13726
3.64671 1.71407 3.13726
3.64601 1.71373 3.13787
3.64748 1.71639 3.13985
3.64601 1.71373 3.13787
3.64601 1.71373 3.13787
3.64601 1.71373 3.13787
3.64487 1.71258 3.13715
3.64487 1.71258 3.13715
3.64521 1.71361 3.13754
3.64521 1.71361 3.13754
3.64623 1.71441 3.13751
3.64623 1.71441 3.13751
3.64693 1.71567 3.13634
3.64693 1.71567 3.13634
3.64762 1.71774 3.13743
3.64942 1.71684 3.13469
3.64762 1.71774 3.13743
4.46627 2.44447 5.26121
4.4699 2.445 5.26427
4.46728 2.44363 5.26229
4.46859 2.4442 5.26145
4.46728 2.44363 5.26229
4.46728 2.44363 5.26229
4.46728 2.44363 5.26229
4.46647 2.44518 5.26106
4.46663 2.44438 5.26174
4.46663 2.44438 5.26174
4.46663 2.44438 5.26174
4.46667 2.44384 5.26006
4.46667 2.44384 5.26006
4.46667 2.44384 5.26006
4.46667 2.44384 5.26006
4.46667 2.44384 5.26006
0.4103 2.03487 0.9583
0.4103 2.03487 0.9583
0.4103 2.03487 0.9583
0 0 0
4.46595 2.02793 1.3612
4.46595 2.02793 1.3612
4.46776 2.02478 1.36091
4.4665 2.02642 1.36121
4.46575 2.02816 1.35887
4.4665 2.02642 1.36121
4.4665 2.02642 1.36121
4.466 2.02828 1.36204
4.466 2.02828 1.36204
4.466 2.02828 1.36204
4.466 2.02828 1.36204
4.466 2.02828 1.36204
4.46672 2.02649 1.36038
4.46686 2.02632 1.36141
4.46672 2.02649 1.36038
4.46686 2.02632 1.36141
4.46686 2.02632 1.36141
4.96307 1.6234 1.65007
4.96541 1.62252 1.65388
0 0 0
2.18008 1.65347 6.09343
2.18003 1.6545 6.0935
2.18003 1.6545 6.0935
2.18003 1.6545 6.0935
2.18003 1.6545 6.0935
2.18147 1.65301 6.09273
2.18147 1.65301 6.09273
2.18048 1.65378 6.09249
2.18147 1.65301 6.09273
2.18147 1.65301 6.09273
2.18009 1.6539 6.09354
2.17978 1.65259 6.0946
2.17978 1.65259 6.0946
2.18009 1.6539 6.09354
2.18001 1.65368 6.09374
2.18001 1.65368 6.09374
2.18001 1.65368 6.09374
2.18013 1.65334 6.09372
2.18001 1.65368 6.09374
2.18013 1.65334 6.09372
2.18132 1.65341 6.09314
2.17999 1.65448 6.09119
2.17999 1.65448 6.09119
2.17999 1.65448 6.09119
2.17999 1.65448 6.09119
4.43026 1.56467 2.35238
4.43128 1.56563 2.34804
4.42906 1.56566 2.35187
4.43128 1.56563 2.34804
4.42906 1.56566 2.35187
3.8639 1.87168 3.01557
3.8639 1.87168 3.01557
3.8639 1.87168 3.01557
4.42805 1.56913 2.34858
1.82963 2.66887 3.55388
1.83823 2.66511 3.56356
1.83823 2.66511 3.56356
1.83823 2.66511 3.56356
1.83094 2.66505 3.55773
1.83094 2.66505 3.55773
1.83582 2.66611 3.5607
1.83094 2.66505 3.55773
1.83518 2.66672 3.56062
1.83518 2.66672 3.56062
1.83518 2.66672 3.56062
1.83518 2.66672 3.56062
1.83518 2.66672 3.56062
1.83544 2.66677 3.5616
1.83556 2.66675 3.56172
1.83556 2.66675 3.56172
1.83535 2.66705 3.56159
1.83535 2.66705 3.56159
1.83557 2.6676 3.56035
1.83642 2.66531 3.56265
1.83557 2.6676 3.56035
1.83642 2.66531 3.56265
1.83652 2.66705 3.56194
1.83429 2.66763 3.5606
1.83429 2.66763 3.5606
1.3454 2.0166 6.08608
1.3454 2.0166 6.08608
1.3454 2.0166 6.08608
1.3454 2.0166 6.08608
1.33993 2.01448 6.08442
1.34361 2.01677 6.08483
1.34361 2.01677 6.08483
1.34581 2.0163 6.08773
1.34581 2.0163 6.08773
1.34361 2.01677 6.08483
3.6468 1.7144 3.13745
3.6468 1.7144 3.13745
3.64748 1.71639 3.13985
3.64748 1.71639 3.13985
3.64748 1.71639 3.13985
3.64735 1.71741 3.13927
3.64618 1.71443 3.13729
3.64618 1.71443 3.13729
3.64618 1.71443 3.13729
3.64521 1.71361 3.13754
3.64521 1.71361 3.13754
3.64521 1.71361 3.13754
3.64623 1.71441 3.13751
3.64623 1.71441 3.13751
3.64726 1.71449 3.13843
3.64689 1.71616 3.13612
3.64623 1.71441 3.13751
3.64554 1.71329 3.1373
3.64825 1.72182 3.13966
4.46918 2.44629 5.2624
4.46918 2.44629 5.2624
4.46918 2.44629 5.2624
4.46859 2.4442 5.26145
4.46859 2.4442 5.26145
4.46728 2.44363 5.26229
4.46613 2.44523 5.26254
4.46647 2.44518 5.26106
4.46663 2.44438 5.26174
4.46663 2.44438 5.26174
4.46663 2.44438 5.26174
4.46613 2.44426 5.26129
4.46667 2.44384 5.26006
4.46667 2.44384 5.26006
4.46613 2.44426 5.26129
0.41336 2.03994 0.96467
0.41336 2.03994 0.96467
0.4103 2.03487 0.9583
0.4103 2.03487 0.9583
0.4103 2.03487 0.9583
0.41509 2.04039 0.96053
0.41509 2.04039 0.96053
0.41509 2.04039 0.96053
4.46575 2.02816 1.35887
4.46575 2.02816 1.35887
4.4665 2.02642 1.36121
4.46896 2.0282 1.35847
4.466 2.02828 1.36204
4.466 2.02828 1.36204
4.466 2.02828 1.36204
4.46238 2.02902 1.35886
4.466 2.02828 1.36204
4.46672 2.02649 1.36038
4.46896 2.02973 1.35961
4.46896 2.02973 1.35961
4.47054 2.02596 1.36311
4.96307 1.6234 1.65007
4.96307 1.6234 1.65007
4.96541 1.62252 1.65388
4.96199 1.62397 1.6492
4.96199 1.62397 1.6492
2.18018 1.65412 6.09365
2.18018 1.65412 6.09365
2.18003 1.6545 6.0935
2.18003 1.6545 6.0935
2.18012 1.65389 6.09134
2.18077 1.65399 6.09137
2.18048 1.65378 6.09249
2.18048 1.65378 6.09249
2.18048 1.65378 6.09249
2.18009 1.6539 6.09354
2.17978 1.65259 6.0946
2.18009 1.6539 6.09354
2.1762 1.65393 6.0944
2.18001 1.65368 6.09374
2.18001 1.65368 6.09374
2.18013 1.65334 6.09372
2.18007 1.65313 6.09346
2.18007 1.65313 6.09346
2.18007 1.65313 6.09346
2.18007 1.65313 6.09346
2.18132 1.65341 6.09314
2.17416 1.65403 6.09291
2.17416 1.65403 6.09291
4.43344 1.56557 2.35185
4.43026 1.56467 2.35238
4.42906 1.56566 2.35187
4.42906 1.56566 2.35187
4.42906 1.56566 2.35187
4.42817 1.56181 2.35226
0 0 0
0 0 0
4.42849 1.56358 2.35197
4.42849 1.56358 2.35197
4.42849 1.56358 2.35197
4.43019 1.56621 2.3513
1.83823 2.66511 3.56356
1.83823 2.66511 3.56356
1.83094 2.66505 3.55773
1.83094 2.66505 3.55773
1.83582 2.66611 3.5607
1.83094 2.66505 3.55773
1.83518 2.66672 3.56062
1.83518 2.66672 3.56062
1.83518 2.66672 3.56062
1.83518 2.66672 3.56062
1.83518 2.66672 3.56062
1.83544 2.66677 3.5616
1.83708 2.6675 3.55999
1.83708 2.6675 3.55999
1.83708 2.6675 3.55999
1.83535 2.66705 3.56159
1.8377 2.66654 3.56388
1.83657 2.6663 3.56311
1.83557 2.6676 3.56035
1.83652 2.66705 3.56194
1.83652 2.66705 3.56194
1.83429 2.66763 3.5606
1.83429 2.66763 3.5606
1.3454 2.0166 6.08608
1.3478 2.0154 6.08683
1.3454 2.0166 6.08608
1.3478 2.0154 6.08683
1.3478 2.0154 6.08683
1.34361 2.01677 6.08483
1.3461 2.01454 6.08553
1.34581 2.0163 6.08773
1.34581 2.0163 6.08773
1.3461 2.01454 6.08553
3.6468 1.7144 3.13745
3.6468 1.7144 3.13745
3.6468 1.7144 3.13745
3.6468 1.7144 3.13745
3.64593 1.71673 3.13623
3.64593 1.71673 3.13623
3.64618 1.71443 3.13729
3.64618 1.71443 3.13729
3.64618 1.71443 3.13729
3.64618 1.71443 3.13729
3.64618 1.71443 3.13729
3.64698 1.71289 3.1367
3.64623 1.71441 3.13751
3.64689 1.71616 3.13612
3.64689 1.71616 3.13612
3.64689 1.71616 3.13612
3.64623 1.71441 3.13751
3.65131 1.7168 3.14127
3.65131 1.7168 3.14127
4.46622 2.44678 5.25885
4.46622 2.44678 5.25885
4.46627 2.44447 5.26121
4.46622 2.44678 5.25885
4.46613 2.44523 5.26254
4.46615 2.44422 5.2614
4.46613 2.44523 5.26254
4.46566 2.44581 5.26467
4.46663 2.44438 5.26174
4.46615 2.44422 5.2614
4.46613 2.44426 5.26129
4.46667 2.44384 5.26006
4.46667 2.44384 5.26006
4.46667 2.44384 5.26006
0.41336 2.03994 0.96467
0.41077 2.03695 0.96072
0.41077 2.03695 0.96072
0.41077 2.03695 0.96072
0.41077 2.03695 0.96072
0.41412 2.03691 0.96215
0.41292 2.03668 0.96141
0.41509 2.04039 0.96053
0.41412 2.03626 0.96197
0.41345 2.03763 0.9623
0.41292 2.03668 0.96141
0.41345 2.03763 0.9623
0.41345 2.03763 0.9623
0.41806 2.04016 0.96258
0.41806 2.04016 0.96258
0.41806 2.04016 0.96258
0.41372 2.03971 0.96181
0.41372 2.03971 0.96181
0.41355 2.03962 0.96044
0.41288 2.03651 0.96124
0.41288 2.03651 0.96124
4.96307 1.6234 1.65007
4.96307 1.6234 1.65007
4.96307 1.6234 1.65007
4.96541 1.62252 1.65388
4.96199 1.62397 1.6492
4.96213 1.62531 1.6547
4.96213 1.62531 1.6547
2.18018 1.65412 6.09365
2.18018 1.65412 6.09365
2.18003 1.6545 6.0935
2.18012 1.65389 6.09134
2.18077 1.65399 6.09137
2.18077 1.65399 6.09137
2.18048 1.65378 6.09249
2.18048 1.65378 6.09249
2.17978 1.65259 6.0946
2.17978 1.65259 6.0946
2.17978 1.65259 6.0946
2.18144 1.65298 6.09614
2.18001 1.65368 6.09374
2.18072 1.65417 6.0938
2.18013 1.65334 6.09372
2.18013 1.65334 6.09372
2.18007 1.65313 6.09346
2.18007 1.65313 6.09346
2.18007 1.65313 6.09346
2.17795 1.65307 6.09334
2.17866 1.65381 6.0959
4.42892 1.56745 2.35127
4.42932 1.56617 2.34997
4.42932 1.56617 2.34997
4.42932 1.56617 2.34997
4.42932 1.56617 2.34997
4.43 1.56615 2.35087
4.42906 1.56566 2.35187
4.43 1.56615 2.35087
4.43 1.56615 2.35087
4.43 1.56615 2.35087
4.42849 1.56358 2.35197
4.42781 1.56409 2.3507
4.42781 1.56409 2.3507
4.42781 1.56409 2.3507
0 0 0
1.83118 2.66368 3.55905
1.83558 2.66701 3.55969
1.83582 2.66611 3.5607
1.83264 2.6704 3.56129
1.83518 2.66672 3.56062
1.83518 2.66672 3.56062
1.83518 2.66672 3.56062
1.83444 2.66584 3.5608
1.83518 2.66672 3.56062
1.83444 2.66584 3.5608
1.83683 2.66656 3.55944
1.83683 2.66656 3.55944
1.83708 2.6675 3.55999
1.83557 2.6676 3.56035
1.83642 2.66531 3.56265
1.83642 2.66531 3.56265
1.83557 2.6676 3.56035
1.83652 2.66705 3.56194
1.83652 2.66705 3.56194
1.83652 2.66705 3.56194
1.83652 2.66705 3.56194
1.35059 2.01595 6.08301
1.35059 2.01595 6.08301
1.3478 2.0154 6.08683
1.34431 2.01522 6.08541
1.34646 2.0147 6.08777
1.34431 2.01522 6.08541
1.34431 2.01522 6.08541
1.3461 2.01454 6.08553
1.3461 2.01454 6.08553
1.3461 2.01454 6.08553
3.6468 1.7144 3.13745
3.6468 1.7144 3.13745
3.6468 1.7144 3.13745
3.6468 1.7144 3.13745
3.6468 1.7144 3.13745
3.64601 1.71373 3.13787
3.64618 1.71443 3.13729
3.64618 1.71443 3.13729
3.64618 1.71443 3.13729
3.64618 1.71443 3.13729
3.64698 1.71289 3.1367
3.64698 1.71289 3.1367
3.64698 1.71289 3.1367
3.64623 1.71441 3.13751
3.64689 1.71616 3.13612
3.64686 1.71492 3.13726
3.64686 1.71492 3.13726
3.64686 1.71492 3.13726
3.64686 1.71492 3.13726
0 0 0
4.46622 2.44678 5.25885
4.46622 2.44678 5.25885
4.46622 2.44678 5.25885
4.46859 2.4442 5.26145
4.46615 2.44422 5.2614
4.46615 2.44422 5.2614
4.46197 2.44339 5.25849
4.46615 2.44422 5.2614
4.46615 2.44422 5.2614
4.46613 2.44426 5.26129
4.46629 2.44186 5.25799
4.46629 2.44186 5.25799
0 0 0
0.41077 2.03695 0.96072
0.41241 2.03715 0.96332
0.41077 2.03695 0.96072
0.41269 2.03681 0.96136
0.41285 2.03773 0.96133
0.41285 2.03773 0.96133
0.41285 2.03773 0.96133
0.41285 2.03773 0.96133
0.41285 2.03773 0.96133
0.41292 2.03668 0.96141
0.41292 2.03668 0.96141
0.41505 2.03604 0.96264
0.41345 2.03763 0.9623
0.41345 2.03763 0.9623
0.41282 2.03973 0.95603
0.41372 2.03971 0.96181
0.41372 2.03971 0.96181
0.41288 2.03651 0.96124
0.41353 2.03728 0.96133
0.41353 2.03728 0.96133
0.41353 2.03728 0.96133
4.96307 1.6234 1.65007
4.96307 1.6234 1.65007
4.96307 1.6234 1.65007
4.96019 1.62593 1.65147
4.96199 1.62397 1.6492
4.96213 1.62531 1.6547
4.96213 1.62531 1.6547
4.96213 1.62531 1.6547
2.18018 1.65412 6.09365
2.18018 1.65412 6.09365
2.18012 1.65389 6.09134
2.18012 1.65389 6.09134
2.18012 1.65389 6.09134
2.18048 1.65378 6.09249
2.18048 1.65378 6.09249
2.18048 1.65378 6.09249
2.17978 1.65259 6.0946
2.17978 1.65259 6.0946
2.18144 1.65298 6.09614
2.18001 1.65368 6.09374
2.18134 1.65309 6.09513
2.18072 1.65417 6.0938
2.18007 1.65313 6.09346
2.18007 1.65313 6.09346
2.17795 1.65307 6.09334
2.17795 1.65307 6.09334
2.17795 1.65307 6.09334
4.42892 1.56745 2.35127
4.42892 1.56745 2.35127
4.43115 1.56768 2.35183
4.43182 1.56678 2.35081
4.43008 1.56731 2.3513
4.43008 1.56731 2.3513
4.43 1.56615 2.35087
4.42906 1.56566 2.35187
4.42906 1.56566 2.35187
4.42849 1.56358 2.35197
4.42849 1.56358 2.35197
4.42849 1.56358 2.35197
4.42961 1.56629 2.35074
4.42781 1.56409 2.3507
4.42961 1.56629 2.35074
4.42961 1.56629 2.35074
1.83558 2.66701 3.55969
1.83558 2.66701 3.55969
1.83558 2.66701 3.55969
1.15868 1.76441 3.01005
1.15959 1.76543 3.01045
1.15868 1.76441 3.01005
1.15868 1.76441 3.01005
1.15864 1.7634 3.01058
1.15864 1.7634 3.01058
1.15773 1.76475 3.00925
1.15936 1.76675 3.01051
1.83683 2.66656 3.55944
1.83683 2.66656 3.55944
1.8377 2.66654 3.56388
1.8377 2.66654 3.56388
1.83657 2.6663 3.56311
1.83557 2.6676 3.56035
1.83557 2.6676 3.56035
1.83652 2.66705 3.56194
1.83652 2.66705 3.56194
0 0 0
1.3478 2.0154 6.08683
1.3478 2.0154 6.08683
1.3478 2.0154 6.08683
1.3478 2.0154 6.08683
1.34646 2.0147 6.08777
1.34431 2.01522 6.08541
1.34431 2.01522 6.08541
1.34553 2.01705 6.08637
1.3461 2.01454 6.08553
1.3461 2.01454 6.08553
3.64748 1.71639 3.13985
3.64748 1.71639 3.13985
3.6468 1.7144 3.13745
3.64748 1.71639 3.13985
3.64593 1.71673 3.13623
3.64593 1.71673 3.13623
3.64618 1.71443 3.13729
3.64618 1.71443 3.13729
3.64618 1.71443 3.13729
3.64618 1.71443 3.13729
3.64618 1.71443 3.13729
3.64689 1.71616 3.13612
3.64689 1.71616 3.13612
3.64689 1.71616 3.13612
3.64742 1.71343 3.1337
3.64689 1.71616 3.13612
3.64686 1.71492 3.13726
3.64686 1.71492 3.13726
3.64686 1.71492 3.13726
4.46522 2.45085 5.26364
4.46859 2.4442 5.26145
4.47061 2.44636 5.26215
4.46859 2.4442 5.26145
4.46859 2.4442 5.26145
4.46615 2.44422 5.2614
4.46615 2.44422 5.2614
4.46615 2.44422 5.2614
4.46615 2.44422 5.2614
4.46615 2.44422 5.2614
4.46613 2.44426 5.26129
4.46613 2.44426 5.26129
0.41081 2.03681 0.96234
0.41241 2.03715 0.96332
0.41241 2.03715 0.96332
0.41241 2.03715 0.96332
0.41183 2.03759 0.96304
0.41269 2.03681 0.96136
0.41285 2.03773 0.96133
0.41412 2.03691 0.96215
0.41412 2.03626 0.96197
0.41412 2.03626 0.96197
0.41412 2.03626 0.96197
0.41292 2.03668 0.96141
0.41292 2.03668 0.96141
0.41397 2.03724 0.96143
0.41397 2.03724 0.96143
0.41397 2.03724 0.96143
0.41127 2.033 0.95921
0.41372 2.03971 0.96181
0.41281 2.03647 0.96196
0.41288 2.03651 0.96124
0.41288 2.03651 0.96124
0.41288 2.03651 0.96124
0.41288 2.03651 0.96124
4.96199 1.6234 1.65085
4.96199 1.6234 1.65085
4.96199 1.6234 1.65085
4.96019 1.62593 1.65147
4.96199 1.62397 1.6492
4.96213 1.62531 1.6547
4.96213 1.62531 1.6547
4.96213 1.62531 1.6547
4.96199 1.62397 1.6492
2.18018 1.65412 6.09365
2.18012 1.65389 6.09134
2.18012 1.65389 6.09134
2.18012 1.65389 6.09134
2.18012 1.65389 6.09134
2.18001 1.65284 6.0934
2.18001 1.65284 6.0934
2.18001 1.65284 6.0934
2.17978 1.65259 6.0946
2.18001 1.65284 6.0934
2.18072 1.65417 6.0938
2.18072 1.65417 6.0938
2.18072 1.65417 6.0938
2.18001 1.65368 6.09374
2.17795 1.65307 6.09334
2.17795 1.65307 6.09334
2.17795 1.65307 6.09334
4.42892 1.56745 2.35127
4.42892 1.56745 2.35127
4.42892 1.56745 2.35127
4.43115 1.56768 2.35183
4.43182 1.56678 2.35081
4.43008 1.56731 2.3513
4.42948 1.56745 2.35184
4.42948 1.56745 2.35184
4.43 1.56615 2.35087
4.42849 1.56358 2.35197
4.42849 1.56358 2.35197
4.42849 1.56358 2.35197
4.42849 1.56358 2.35197
4.42781 1.56409 2.3507
4.42781 1.56409 2.3507
4.42895 1.56592 2.35159
4.42895 1.56592 2.35159
1.83903 2.66721 3.56335
1.15847 1.76434 3.01124
1.15868 1.76441 3.01005
1.15868 1.76441 3.01005
1.15959 1.76543 3.01045
1.15868 1.76441 3.01005
1.15868 1.76441 3.01005
1.15864 1.7634 3.01058
1.15864 1.7634 3.01058
1.15773 1.76475 3.00925
1.15773 1.76475 3.00925
1.15936 1.76675 3.01051
1.15773 1.76475 3.00925
1.15773 1.76475 3.00925
1.15765 1.76489 3.00895
1.15765 1.76489 3.00895
1.15807 1.7636 3.01024
1.15807 1.7636 3.01024
1.15807 1.7636 3.01024
1.15858 1.76429 3.01007
1.15858 1.76429 3.01007
1.3478 2.0154 6.08683
1.3478 2.0154 6.08683
1.3478 2.0154 6.08683
1.3478 2.0154 6.08683
1.3478 2.0154 6.08683
1.34553 2.01705 6.08637
1.3461 2.01454 6.08553
1.3461 2.01454 6.08553
1.3461 2.01454 6.08553
1.3461 2.01454 6.08553
0 0 0
3.6468 1.7144 3.13745
3.6468 1.7144 3.13745
3.6468 1.7144 3.13745
3.64593 1.71673 3.13623
3.64593 1.71673 3.13623
3.64593 1.71673 3.13623
3.64593 1.71673 3.13623
3.64618 1.71443 3.13729
3.64618 1.71443 3.13729
3.64618 1.71443 3.13729
3.65003 1.71138 3.13505
3.65003 1.71138 3.13505
3.65003 1.71138 3.13505
3.64742 1.71343 3.1337
3.64744 1.71551 3.13372
3.64686 1.71492 3.13726
3.64686 1.71492 3.13726
3.64686 1.71492 3.13726
4.4724 2.44174 5.26509
4.46929 2.4438 5.26034
4.47061 2.44636 5.26215
4.46249 2.44683 5.25849
4.46249 2.44683 5.25849
4.46662 2.44603 5.26232
4.46662 2.44603 5.26232
4.46662 2.44603 5.26232
4.46615 2.44422 5.2614
4.46615 2.44422 5.2614
4.4681 2.44864 5.2621
0.41081 2.03681 0.96234
0.41081 2.03681 0.96234
0.41081 2.03681 0.96234
0.41077 2.03695 0.96072
0.41077 2.03695 0.96072
0.41269 2.03681 0.96136
0.41269 2.03681 0.96136
0.41285 2.03773 0.96133
0.41285 2.03773 0.96133
0.41269 2.03681 0.96136
0.41358 2.03721 0.96079
0.41358 2.03721 0.96079
0.41358 2.03721 0.96079
0.41358 2.03721 0.96079
0.41358 2.03721 0.96079
0.41397 2.03724 0.96143
0.41099 2.03835 0.96121
0.41099 2.03835 0.96121
0.41099 2.03835 0.96121
0.40962 2.0374 0.96141
0.41281 2.03647 0.96196
0.41281 2.03647 0.96196
0.41281 2.03647 0.96196
0.41281 2.03647 0.96196
4.96199 1.6234 1.65085
4.96313 1.62443 1.65117
4.96313 1.62443 1.65117
4.96019 1.62593 1.65147
4.96043 1.62554 1.65385
4.96213 1.62531 1.6547
4.96213 1.62531 1.6547
4.96213 1.62531 1.6547
4.96116 1.62332 1.64879
4.96229 1.6247 1.6482
0 0 0
2.18012 1.65389 6.09134
2.17978 1.65533 6.0898
2.18012 1.65389 6.09134
2.17978 1.65533 6.0898
2.17909 1.65462 6.09289
2.18001 1.65284 6.0934
2.17802 1.65419 6.09359
2.17802 1.65419 6.09359
2.17802 1.65419 6.09359
2.18072 1.65417 6.0938
2.18072 1.65417 6.0938
2.18072 1.65417 6.0938
2.18007 1.65313 6.09346
2.18007 1.65313 6.09346
0 0 0
4.42892 1.56745 2.35127
4.42892 1.56745 2.35127
4.42892 1.56745 2.35127
4.42932 1.56617 2.34997
4.43182 1.56678 2.35081
4.43008 1.56731 2.3513
4.43008 1.56731 2.3513
4.42948 1.56745 2.35184
4.42973 1.56586 2.35089
4.42751 1.56643 2.35008
4.42849 1.56358 2.35197
4.42849 1.56358 2.35197
4.42849 1.56358 2.35197
4.42961 1.56629 2.35074
4.42895 1.56592 2.35159
4.42895 1.56592 2.35159
4.42961 1.56629 2.35074
4.42961 1.56629 2.35074
4.43116 1.56842 2.35438
1.15677 1.76936 3.00668
1.15868 1.76441 3.01005
1.15959 1.76543 3.01045
1.15788 1.7661 3.01215
1.15868 1.76441 3.01005
1.15788 1.7661 3.01215
1.15959 1.76543 3.01045
1.15773 1.76475 3.00925
1.15773 1.76475 3.00925
1.15773 1.76475 3.00925
1.15773 1.76475 3.00925
1.15773 1.76475 3.00925
1.15765 1.76489 3.00895
1.15851 1.76236 3.01033
1.15851 1.76236 3.01033
1.15807 1.7636 3.01024
1.15807 1.7636 3.01024
1.16355 1.76455 3.0098
1.15858 1.76429 3.01007
1.16355 1.76455 3.0098
1.3478 2.0154 6.08683
1.3478 2.0154 6.08683
1.3478 2.0154 6.08683
1.3478 2.0154 6.08683
1.34553 2.01705 6.08637
1.34553 2.01705 6.08637
1.34553 2.01705 6.08637
1.34553 2.01705 6.08637
4.57808 1.5275 5.72895
4.57915 1.52728 5.72341
4.57729 1.52693 5.72337
4.57915 1.52728 5.72341
4.57915 1.52728 5.72341
4.57915 1.52728 5.72341
4.58135 1.52729 5.72154
4.57892 1.52789 5.72202
4.57818 1.52714 5.72219
4.57818 1.52714 5.72219
4.57576 1.52648 5.7204
4.57789 1.52769 5.72224
3.65003 1.71138 3.13505
3.65003 1.71138 3.13505
3.65003 1.71138 3.13505
3.64742 1.71343 3.1337
3.64742 1.71343 3.1337
3.64686 1.71492 3.13726
3.64686 1.71492 3.13726
3.64744 1.71551 3.13372
4.47074 2.44371 5.26618
4.47074 2.44371 5.26618
4.47074 2.44371 5.26618
4.46249 2.44683 5.25849
4.46249 2.44683 5.25849
4.46662 2.44603 5.26232
4.46615 2.44422 5.2614
4.46615 2.44422 5.2614
4.46615 2.44422 5.2614
4.46615 2.44422 5.2614
0.40753 2.03677 0.96098
0.41081 2.03681 0.96234
0.41081 2.03681 0.96234
0.41081 2.03681 0.96234
0.41077 2.03695 0.96072
0.41309 2.03696 0.9615
0.41269 2.03681 0.96136
0.4132 2.03744 0.96148
0.4132 2.03744 0.96148
0.4132 2.03744 0.96148
0.41412 2.03626 0.96197
0.41412 2.03626 0.96197
0.41358 2.03721 0.96079
0.41358 2.03721 0.96079
0.41358 2.03721 0.96079
0.41358 2.03721 0.96079
0.41282 2.03973 0.95603
0.41099 2.03835 0.96121
0.41099 2.03835 0.96121
0.41099 2.03835 0.96121
0.40962 2.0374 0.96141
0.40962 2.0374 0.96141
0.41008 2.03629 0.96118
0.41281 2.03647 0.96196
4.96313 1.62443 1.65117
4.96313 1.62443 1.65117
4.96313 1.62443 1.65117
4.96313 1.62443 1.65117
4.96019 1.62593 1.65147
4.96462 1.62769 1.65235
4.96213 1.62531 1.6547
4.96213 1.62531 1.6547
4.96213 1.62531 1.6547
4.96305 1.62458 1.65265
4.96305 1.62458 1.65265
4.96704 1.62213 1.6496
2.17978 1.65533 6.0898
2.17978 1.65533 6.0898
2.17978 1.65533 6.0898
2.18001 1.65284 6.0934
2.18001 1.65284 6.0934
2.18001 1.65284 6.0934
2.17802 1.65419 6.09359
2.17802 1.65419 6.09359
2.17802 1.65419 6.09359
2.18072 1.65417 6.0938
2.18072 1.65417 6.0938
0 0 0
4.43101 1.56861 2.35005
4.43101 1.56861 2.35005
4.42892 1.56745 2.35127
4.42892 1.56745 2.35127
4.42892 1.56745 2.35127
4.42892 1.56745 2.35127
4.43115 1.56768 2.35183
4.43182 1.56678 2.35081
4.43008 1.56731 2.3513
4.43008 1.56731 2.3513
4.43008 1.56731 2.3513
4.43 1.56615 2.35087
4.43 1.56615 2.35087
4.43043 1.56592 2.3505
4.42751 1.56643 2.35008
4.43043 1.56592 2.3505
4.42961 1.56629 2.35074
4.42895 1.56592 2.35159
4.42961 1.56629 2.35074
4.42961 1.56629 2.35074
4.42961 1.56629 2.35074
4.43304 1.56856 2.34964
0 0 0
1.15847 1.76434 3.01124
1.15847 1.76434 3.01124
1.15667 1.7675 3.01045
1.15667 1.7675 3.01045
1.15959 1.76543 3.01045
1.15959 1.76543 3.01045
1.15773 1.76475 3.00925
1.15773 1.76475 3.00925
1.15773 1.76475 3.00925
1.15773 1.76475 3.00925
1.16134 1.76477 3.01215
1.15765 1.76489 3.00895
1.15851 1.76236 3.01033
1.15851 1.76236 3.01033
1.15807 1.7636 3.01024
1.15807 1.7636 3.01024
1.1594 1.76375 3.00955
1.1594 1.76375 3.00955
1.1594 1.76375 3.00955
1.34646 2.0147 6.08777
1.34646 2.0147 6.08777
1.34431 2.01522 6.08541
1.34646 2.0147 6.08777
1.34553 2.01705 6.08637
1.34553 2.01705 6.08637
1.34553 2.01705 6.08637
4.57774 1.52381 5.72023
4.57774 1.52381 5.72023
4.57915 1.52728 5.72341
4.57915 1.52728 5.72341
4.57915 1.52728 5.72341
4.57915 1.52728 5.72341
4.57915 1.52728 5.72341
4.57818 1.52714 5.72219
4.57892 1.52789 5.72202
4.57818 1.52714 5.72219
4.57818 1.52714 5.72219
4.57789 1.52769 5.72224
4.57789 1.52769 5.72224
4.57789 1.52769 5.72224
4.57789 1.52769 5.72224
4.57789 1.52769 5.72224
4.57704 1.52639 5.72148
4.57642 1.52841 5.72313
4.57642 1.52841 5.72313
4.57642 1.52841 5.72313
4.57673 1.52703 5.72248
4.47074 2.44371 5.26618
4.47074 2.44371 5.26618
4.47074 2.44371 5.26618
4.46249 2.44683 5.25849
4.46249 2.44683 5.25849
4.46662 2.44603 5.26232
4.46662 2.44603 5.26232
4.46662 2.44603 5.26232
4.46369 2.44168 5.25521
0.41129 2.03695 0.96172
0.40938 2.03575 0.96229
0.41081 2.03681 0.96234
0.41129 2.03695 0.96172
0.41081 2.03681 0.96234
0.41241 2.03715 0.96332
0.41309 2.03696 0.9615
0.41269 2.03681 0.96136
0.41269 2.03681 0.96136
0.41285 2.03773 0.96133
0.4132 2.03744 0.96148
0.41269 2.03681 0.96136
0.4132 2.03744 0.96148
0.41285 2.03773 0.96133
0.41358 2.03721 0.96079
0.41301 2.03765 0.96143
0.41358 2.03721 0.96079
0.41392 2.03616 0.95896
0.41397 2.03724 0.96143
0.41099 2.03835 0.96121
0.41099 2.03835 0.96121
0.40962 2.0374 0.96141
0.40962 2.0374 0.96141
0.41008 2.03629 0.96118
0.41008 2.03629 0.96118
4.96199 1.6234 1.65085
4.96199 1.6234 1.65085
4.96313 1.62443 1.65117
4.96313 1.62443 1.65117
4.96019 1.62593 1.65147
4.96426 1.62468 1.65209
4.96043 1.62554 1.65385
4.96019 1.62593 1.65147
4.96116 1.62332 1.64879
4.96426 1.62468 1.65209
4.96305 1.62458 1.65265
4.96704 1.62213 1.6496
0 0 0
2.17978 1.65533 6.0898
2.17978 1.65533 6.0898
2.18001 1.65284 6.0934
2.18001 1.65284 6.0934
2.18001 1.65284 6.0934
2.18001 1.65284 6.0934
2.17802 1.65419 6.09359
2.17682 1.65234 6.09283
2.17739 1.65395 6.09729
0 0 0
4.43101 1.56861 2.35005
4.42941 1.57049 2.34862
4.43165 1.57018 2.34961
4.42857 1.56783 2.3494
4.42857 1.56783 2.3494
4.42708 1.56645 2.35165
4.43022 1.56991 2.34934
4.43115 1.56768 2.35183
4.43182 1.56678 2.35081
4.43182 1.56678 2.35081
4.43182 1.56678 2.35081
4.42973 1.56586 2.35089
4.42973 1.56586 2.35089
4.42935 1.56511 2.34963
4.42935 1.56511 2.34963
4.42751 1.56643 2.35008
4.43099 1.56438 2.34883
4.42803 1.56752 2.34846
4.42961 1.56629 2.35074
4.42961 1.56629 2.35074
4.42961 1.56629 2.35074
4.42961 1.56629 2.35074
4.43304 1.56856 2.34964
4.43181 1.5652 2.34999
1.15326 1.7628 3.01281
1.15847 1.76434 3.01124
1.15667 1.7675 3.01045
1.15667 1.7675 3.01045
1.15959 1.76543 3.01045
1.1591 1.76415 3.01004
1.15936 1.76675 3.01051
1.15936 1.76675 3.01051
1.15765 1.76489 3.00895
1.15765 1.76489 3.00895
1.16054 1.75766 3.00864
1.15867 1.76481 3.00999
1.15851 1.76236 3.01033
1.15851 1.76236 3.01033
1.1584 1.76332 3.01021
1.15877 1.76489 3.0107
1.1594 1.76375 3.00955
1.15858 1.76429 3.01007
1.1594 1.76375 3.00955
1.34619 2.01641 6.08766
1.34619 2.01641 6.08766
1.34619 2.01641 6.08766
1.34619 2.01641 6.08766
1.34553 2.01705 6.08637
1.34553 2.01705 6.08637
4.57745 1.52543 5.72151
4.5779 1.52766 5.72237
4.5779 1.52766 5.72237
4.57816 1.52789 5.72211
4.5779 1.52766 5.72237
4.5779 1.52766 5.72237
4.57915 1.52728 5.72341
4.57818 1.52714 5.72219
4.57818 1.52714 5.72219
4.57892 1.52789 5.72202
4.57892 1.52789 5.72202
4.57818 1.52714 5.72219
4.57789 1.52769 5.72224
4.57892 1.52789 5.72202
4.57789 1.52769 5.72224
4.57789 1.52769 5.72224
4.57789 1.52769 5.72224
4.57704 1.52639 5.72148
4.57642 1.52841 5.72313
4.57673 1.52703 5.72248
4.57673 1.52703 5.72248
4.57673 1.52703 5.72248
4.47186 2.44157 5.27066
4.47074 2.44371 5.26618
4.47074 2.44371 5.26618
4.47242 2.44478 5.27128
4.47242 2.44478 5.27128
4.46662 2.44603 5.26232
4.47217 2.44289 5.26452
4.47217 2.44289 5.26452
0.41315 2.03701 0.96159
0.41129 2.03695 0.96172
0.41129 2.03695 0.96172
0.41129 2.03695 0.96172
0.41129 2.03695 0.96172
0.4129 2.03466 0.96323
0.41309 2.03696 0.9615
0.41309 2.03696 0.9615
0.41265 2.0372 0.96037
0.4132 2.03744 0.96148
0.4132 2.03744 0.96148
0.4132 2.03744 0.96148
0.4132 2.03744 0.96148
0.4132 2.03744 0.96148
0.41301 2.03765 0.96143
0.41301 2.03765 0.96143
0.41301 2.03765 0.96143
0.41301 2.03765 0.96143
0.41397 2.03724 0.96143
0.41397 2.03724 0.96143
0.41433 2.0388 0.9611
0.41099 2.03835 0.96121
0.41034 2.03363 0.95918
0.41001 2.03655 0.96213
0.41001 2.03655 0.96213
0.41001 2.03655 0.96213
4.96274 1.62449 1.65282
4.96313 1.62443 1.65117
4.96313 1.62443 1.65117
4.96274 1.62449 1.65282
4.96043 1.62554 1.65385
4.96323 1.62658 1.65069
4.96043 1.62554 1.65385
4.96043 1.62554 1.65385
4.96323 1.62658 1.65069
4.96305 1.62458 1.65265
4.96305 1.62458 1.65265
4.9659 1.62313 1.64983
4.9659 1.62313 1.64983
4.96305 1.62458 1.65265
2.17998 1.65335 6.09378
2.17998 1.65335 6.09378
2.18001 1.65284 6.0934
2.18001 1.65284 6.0934
2.17802 1.65419 6.09359
2.17802 1.65419 6.09359
2.17682 1.65234 6.09283
4.42941 1.56774 2.35075
4.42941 1.56774 2.35075
4.43101 1.56861 2.35005
4.42941 1.57049 2.34862
4.42941 1.57049 2.34862
4.43005 1.56839 2.35077
4.43005 1.56839 2.35077
4.42857 1.56783 2.3494
4.43005 1.56839 2.35077
4.42948 1.56745 2.35184
4.42973 1.56586 2.35089
4.43181 1.56527 2.34798
4.42973 1.56586 2.35089
4.42973 1.56586 2.35089
4.42973 1.56586 2.35089
4.42935 1.56511 2.34963
4.42935 1.56511 2.34963
4.42751 1.56643 2.35008
4.43099 1.56438 2.34883
4.42803 1.56752 2.34846
4.42895 1.56592 2.35159
4.42895 1.56592 2.35159
4.4298 1.56592 2.35159
4.43015 1.56474 2.34726
4.43015 1.56474 2.34726
4.43181 1.5652 2.34999
4.43181 1.5652 2.34999
1.1608 1.76695 3.01114
1.15667 1.7675 3.01045
1.15667 1.7675 3.01045
1.1591 1.76415 3.01004
1.1591 1.76415 3.01004
1.15851 1.7642 3.01003
1.15851 1.7642 3.01003
1.15851 1.7642 3.01003
1.15851 1.7642 3.01003
1.15765 1.76489 3.00895
1.15765 1.76489 3.00895
1.15851 1.76236 3.01033
1.15851 1.76236 3.01033
1.1584 1.76332 3.01021
1.15877 1.76489 3.0107
1.1584 1.76332 3.01021
1.15858 1.76429 3.01007
1.15858 1.76429 3.01007
1.34619 2.01641 6.08766
1.34619 2.01641 6.08766
1.34619 2.01641 6.08766
1.34619 2.01641 6.08766
0 0 0
4.57745 1.52543 5.72151
4.57745 1.52543 5.72151
4.5779 1.52766 5.72237
4.5779 1.52766 5.72237
4.5779 1.52766 5.72237
4.57729 1.52693 5.72337
4.57729 1.52693 5.72337
4.57729 1.52693 5.72337
4.57818 1.52714 5.72219
4.57818 1.52714 5.72219
4.57892 1.52789 5.72202
4.57892 1.52789 5.72202
4.57892 1.52789 5.72202
4.57892 1.52789 5.72202
4.57892 1.52789 5.72202
4.57789 1.52769 5.72224
4.57789 1.52769 5.72224
4.57789 1.52769 5.72224
4.57704 1.52639 5.72148
4.57642 1.52841 5.72313
4.57642 1.52841 5.72313
4.57642 1.52841 5.72313
4.57642 1.52841 5.72313
0.41229 2.03616 0.96112
0.41294 2.03689 0.96137
0.41294 2.03689 0.96137
0.41294 2.03689 0.96137
0.4127 2.03677 0.96161
0.4127 2.03677 0.96161
0.4127 2.03677 0.96161
0.4127 2.03677 0.96161
0.4127 2.03677 0.96161
0.41315 2.03701 0.96159
0.4123 2.03424 0.9599
0.41309 2.03696 0.9615
0.41309 2.03696 0.9615
0.4123 2.03424 0.9599
0.41309 2.03696 0.9615
0.41309 2.03696 0.9615
0.4138 2.03755 0.9606
0.4132 2.03744 0.96148
0.4132 2.03744 0.96148
0.41341 2.03702 0.96141
0.41341 2.03702 0.96141
0.4132 2.03744 0.96148
0.41301 2.03765 0.96143
0.41301 2.03765 0.96143
0.41301 2.03765 0.96143
0.41301 2.03765 0.96143
0.41433 2.0388 0.9611
0.41433 2.0388 0.9611
0.41433 2.0388 0.9611
0.41433 2.0388 0.9611
0.41252 2.03785 0.9637
0.41252 2.03785 0.9637
0 0 0
4.96305 1.62433 1.65209
4.96305 1.62433 1.65209
4.96305 1.62433 1.65209
4.96313 1.62443 1.65117
4.96305 1.62433 1.65209
4.96461 1.62446 1.65103
4.96323 1.62658 1.65069
4.96323 1.62658 1.65069
4.96323 1.62658 1.65069
4.96323 1.62658 1.65069
4.96305 1.62458 1.65265
4.96305 1.62458 1.65265
4.9659 1.62313 1.64983
4.96305 1.62458 1.65265
4.9655 1.62683 1.65359
4.96659 1.62682 1.65136
2.17972 1.65583 6.08916
2.17802 1.65419 6.09359
2.17802 1.65419 6.09359
2.17802 1.65419 6.09359
2.17802 1.65419 6.09359
4.42997 1.56468 2.35288
4.42848 1.56763 2.35245
4.42848 1.56763 2.35245
4.42941 1.56774 2.35075
4.42941 1.56774 2.35075
4.43005 1.56839 2.35077
4.43005 1.56839 2.35077
4.43005 1.56839 2.35077
4.42708 1.56645 2.35165
4.43005 1.56839 2.35077
4.43087 1.56651 2.34946
4.43087 1.56651 2.34946
4.43087 1.56651 2.34946
4.43087 1.56651 2.34946
4.43087 1.56651 2.34946
4.43017 1.56618 2.35086
4.42945 1.56696 2.35001
4.43017 1.56618 2.35086
4.42945 1.56696 2.35001
4.43017 1.56618 2.35086
4.43121 1.56867 2.34854
4.42877 1.56802 2.34843
4.42877 1.56802 2.34843
4.42877 1.56802 2.34843
4.42877 1.56802 2.34843
4.43013 1.56602 2.35131
4.43181 1.5652 2.34999
4.43181 1.5652 2.34999
4.43181 1.5652 2.34999
0 0 0
1.15667 1.7675 3.01045
1.15969 1.76687 3.0115
1.1591 1.76415 3.01004
1.15851 1.7642 3.01003
1.15851 1.7642 3.01003
1.15851 1.7642 3.01003
1.15882 1.76046 3.01067
1.16241 1.76206 3.00927
1.15867 1.76481 3.00999
1.16241 1.76206 3.00927
1.1584 1.76332 3.01021
1.15867 1.76481 3.00999
1.15877 1.76489 3.0107
1.1584 1.76332 3.01021
1.1584 1.76332 3.01021
1.1594 1.76375 3.00955
1.34619 2.01641 6.08766
1.34619 2.01641 6.08766
1.34619 2.01641 6.08766
1.34414 2.01891 6.08719
4.57745 1.52543 5.72151
4.57745 1.52543 5.72151
4.57745 1.52543 5.72151
4.5779 1.52766 5.72237
4.57754 1.52858 5.72351
4.57754 1.52858 5.72351
4.5779 1.52766 5.72237
4.5779 1.52766 5.72237
4.57792 1.52763 5.72235
4.57792 1.52763 5.72235
4.57792 1.52763 5.72235
4.57892 1.52789 5.72202
4.57892 1.52789 5.72202
4.57892 1.52789 5.72202
4.57805 1.52802 5.72127
4.57892 1.52789 5.72202
4.57805 1.52802 5.72127
4.57805 1.52802 5.72127
4.57725 1.52684 5.72126
4.57704 1.52639 5.72148
4.57711 1.52873 5.72195
4.57673 1.52703 5.72248
4.57673 1.52703 5.72248
4.57768 1.52801 5.72499
0.41237 2.03805 0.95911
0.41294 2.03689 0.96137
0.41294 2.03689 0.96137
0.41294 2.03689 0.96137
0.41294 2.03689 0.96137
0.41294 2.03689 0.96137
0.4127 2.03677 0.96161
0.4127 2.03677 0.96161
0.41315 2.03701 0.96159
0.41315 2.03701 0.96159
0.41315 2.03701 0.96159
0.41309 2.03696 0.9615
0.41309 2.03696 0.9615
0.41309 2.03696 0.9615
0.41309 2.03696 0.9615
0.41309 2.03696 0.9615
0.4138 2.03755 0.9606
0.4132 2.03744 0.96148
0.41451 2.03849 0.96286
0.41341 2.03702 0.96141
0.41341 2.03702 0.96141
0.4132 2.03744 0.96148
0.41301 2.03765 0.96143
0.41087 2.03713 0.9605
0.41183 2.03825 0.96273
0.41301 2.03765 0.96143
0.41335 2.03692 0.96207
0.41433 2.0388 0.9611
0.41433 2.0388 0.9611
0.94101 2.1364 3.55164
0.94313 2.13294 3.55498
0.94313 2.13294 3.55498
0.94481 2.13437 3.55246
4.96305 1.62433 1.65209
4.96274 1.62449 1.65282
4.96305 1.62433 1.65209
4.96305 1.62433 1.65209
4.96305 1.62433 1.65209
4.96461 1.62446 1.65103
4.96323 1.62658 1.65069
4.96426 1.62468 1.65209
4.96426 1.62468 1.65209
4.96426 1.62468 1.65209
4.96288 1.62462 1.65162
4.96288 1.62462 1.65162
4.96288 1.62462 1.65162
4.96409 1.62412 1.65202
4.96288 1.62462 1.65162
4.96409 1.62412 1.65202
4.96409 1.62412 1.65202
0 0 0
2.17972 1.65583 6.08916
0 0 0
4.42829 1.56379 2.35314
4.42997 1.56468 2.35288
4.42848 1.56763 2.35245
4.42848 1.56763 2.35245
4.42848 1.56763 2.35245
4.42941 1.56774 2.35075
4.43005 1.56839 2.35077
4.43005 1.56839 2.35077
4.43005 1.56839 2.35077
4.42874 1.56669 2.34991
4.42998 1.56615 2.35081
4.43087 1.56651 2.34946
4.43182 1.56501 2.35104
4.43182 1.56501 2.35104
4.43182 1.56501 2.35104
4.43181 1.56527 2.34798
4.43017 1.56618 2.35086
4.43017 1.56618 2.35086
4.43017 1.56618 2.35086
4.43017 1.56618 2.35086
4.43017 1.56618 2.35086
4.43039 1.56727 2.35187
4.42877 1.56802 2.34843
4.42877 1.56802 2.34843
4.42877 1.56802 2.34843
4.42877 1.56802 2.34843
4.43013 1.56602 2.35131
4.43013 1.56602 2.35131
4.4298 1.56581 2.352
4.43181 1.5652 2.34999
4.4298 1.56581 2.352
1.15836 1.76497 3.00977
1.1591 1.76415 3.01004
1.1591 1.76415 3.01004
1.15851 1.7642 3.01003
1.15851 1.7642 3.01003
1.15851 1.7642 3.01003
1.15851 1.7642 3.01003
1.15809 1.76421 3.01027
1.15867 1.76481 3.00999
1.15867 1.76481 3.00999
1.15867 1.76481 3.00999
1.15867 1.76481 3.00999
1.15877 1.76489 3.0107
1.1584 1.76332 3.01021
1.15825 1.76434 3.0101
1.15825 1.76434 3.0101
1.34619 2.01641 6.08766
1.34619 2.01641 6.08766
1.34619 2.01641 6.08766
4.57737 1.52831 5.72073
4.57745 1.52543 5.72151
4.57745 1.52543 5.72151
4.57745 1.52543 5.72151
4.5779 1.52766 5.72237
4.5779 1.52766 5.72237
4.5779 1.52766 5.72237
4.57792 1.52763 5.72235
4.57792 1.52763 5.72235
4.57792 1.52763 5.72235
4.57792 1.52763 5.72235
4.57792 1.52763 5.72235
4.58064 1.52979 5.72179
4.58064 1.52979 5.72179
4.57805 1.52802 5.72127
4.57805 1.52802 5.72127
4.57805 1.52802 5.72127
4.57805 1.52802 5.72127
4.57725 1.52684 5.72126
4.57725 1.52684 5.72126
4.57805 1.52596 5.72284
4.5771 1.527 5.72106
4.57768 1.52801 5.72499
4.57768 1.52801 5.72499
4.57768 1.52801 5.72499
0.41237 2.03805 0.95911
0.41237 2.03805 0.95911
0.41294 2.03689 0.96137
0.41294 2.03689 0.96137
0.41294 2.03689 0.96137
0.41294 2.03689 0.96137
0.41349 2.03655 0.96266
0.4127 2.03677 0.96161
0.41315 2.03701 0.96159
0.41291 2.03689 0.96136
0.41291 2.03689 0.96136
0.41291 2.03689 0.96136
0.41291 2.03689 0.96136
0.41373 2.03469 0.96313
0.41101 2.03857 0.96098
0.41425 2.03732 0.96289
0.41451 2.03849 0.96286
0.41389 2.03755 0.96042
0.41389 2.03755 0.96042
0.41341 2.03702 0.96141
0.41341 2.03702 0.96141
0.41301 2.03765 0.96143
0.41301 2.03765 0.96143
0.41183 2.03825 0.96273
0.41183 2.03825 0.96273
0.41301 2.03765 0.96143
0.41335 2.03692 0.96207
0.41335 2.03692 0.96207
0.94422 2.13473 3.55327
0.94422 2.13473 3.55327
0.94422 2.13473 3.55327
0.94313 2.13294 3.55498
0.94414 2.13436 3.55191
4.96305 1.62433 1.65209
4.96305 1.62433 1.65209
4.96305 1.62433 1.65209
4.96305 1.62433 1.65209
4.96454 1.62526 1.65196
4.96454 1.62526 1.65196
4.96323 1.62658 1.65069
4.96456 1.62801 1.65431
4.96426 1.62468 1.65209
4.96316 1.62496 1.65271
4.96316 1.62496 1.65271
4.96288 1.62462 1.65162
4.96288 1.62462 1.65162
4.96288 1.62462 1.65162
4.96288 1.62462 1.65162
4.95975 1.62366 1.65237
4.95975 1.62366 1.65237
4.95975 1.62366 1.65237
0 0 0
4.42829 1.56379 2.35314
4.42997 1.56468 2.35288
4.42997 1.56468 2.35288
4.42848 1.56763 2.35245
4.42848 1.56763 2.35245
4.42941 1.56774 2.35075
4.42941 1.56774 2.35075
4.43014 1.56592 2.3504
4.42874 1.56669 2.34991
4.42874 1.56669 2.34991
4.42874 1.56669 2.34991
4.42998 1.56615 2.35081
4.43087 1.56651 2.34946
4.43087 1.56651 2.34946
4.43181 1.56527 2.34798
4.43181 1.56527 2.34798
4.43181 1.56527 2.34798
4.43044 1.56576 2.35099
4.43044 1.56576 2.35099
4.43044 1.56576 2.35099
4.43044 1.56576 2.35099
4.43039 1.56727 2.35187
4.43039 1.56727 2.35187
4.43121 1.56867 2.34854
4.43013 1.56602 2.35131
4.43013 1.56602 2.35131
4.43013 1.56602 2.35131
4.43013 1.56602 2.35131
4.43013 1.56602 2.35131
4.4298 1.56581 2.352
4.4298 1.56581 2.352
4.43181 1.5652 2.34999
4.43181 1.5652 2.34999
1.1591 1.76415 3.01004
1.1591 1.76415 3.01004
1.15851 1.7642 3.01003
1.15851 1.7642 3.01003
1.15851 1.7642 3.01003
1.15809 1.76421 3.01027
1.15809 1.76421 3.01027
1.15867 1.76481 3.00999
1.15867 1.76505 3.00951
1.15867 1.76481 3.00999
1.15867 1.76481 3.00999
1.15877 1.76489 3.0107
1.1584 1.76332 3.01021
1.15825 1.76434 3.0101
1.15877 1.76489 3.0107
1.34619 2.01641 6.08766
0 0 0
4.5779 1.52755 5.72211
4.57734 1.5284 5.72248
4.57745 1.52543 5.72151
4.57745 1.52543 5.72151
4.57745 1.52543 5.72151
4.5779 1.52766 5.72237
4.5779 1.52766 5.72237
4.5779 1.52766 5.72237
4.57792 1.52763 5.72235
4.57792 1.52763 5.72235
4.57792 1.52763 5.72235
4.57792 1.52763 5.72235
4.57792 1.52763 5.72235
4.57814 1.52734 5.72422
4.57767 1.52899 5.72284
4.57805 1.52802 5.72127
4.57805 1.52802 5.72127
4.57805 1.52802 5.72127
4.57805 1.52802 5.72127
4.57725 1.52684 5.72126
4.57725 1.52684 5.72126
4.5771 1.527 5.72106
4.5771 1.527 5.72106
4.57805 1.52596 5.72284
4.57805 1.52596 5.72284
4.57768 1.52801 5.72499
0.41237 2.03805 0.95911
0.41237 2.03805 0.95911
0.41255 2.03654 0.96088
0.41218 2.03755 0.96044
0.4127 2.03677 0.96161
0.41255 2.03654 0.96088
0.4127 2.03677 0.96161
0.41303 2.03702 0.96149
0.41303 2.03702 0.96149
0.41291 2.03689 0.96136
0.41291 2.03689 0.96136
0.41303 2.03702 0.96149
0.41291 2.03689 0.96136
0.41333 2.03741 0.96143
0.41246 2.03682 0.96132
0.41246 2.03682 0.96132
0.41265 2.0372 0.96037
0.41451 2.03849 0.96286
0.41451 2.03849 0.96286
0.41341 2.03702 0.96141
0.41341 2.03702 0.96141
0.41291 2.03705 0.96147
0.41291 2.03705 0.96147
0.41291 2.03705 0.96147
0.41291 2.03705 0.96147
0.41291 2.03705 0.96147
0.41335 2.03692 0.96207
0.94422 2.13473 3.55327
0.94422 2.13473 3.55327
0.94422 2.13473 3.55327
0.94422 2.13473 3.55327
0.94313 2.13294 3.55498
0.94313 2.13294 3.55498
4.96305 1.62433 1.65209
4.96274 1.62449 1.65282
4.96274 1.62449 1.65282
4.96274 1.62449 1.65282
4.96274 1.62449 1.65282
4.96454 1.62526 1.65196
4.96323 1.62658 1.65069
4.96323 1.62658 1.65069
4.96464 1.62705 1.65399
4.96316 1.62496 1.65271
4.96316 1.62496 1.65271
4.96316 1.62496 1.65271
4.96288 1.62462 1.65162
4.96343 1.62506 1.65205
4.96343 1.62506 1.65205
4.96343 1.62506 1.65205
4.96343 1.62506 1.65205
4.96335 1.62693 1.65271
4.96352 1.62441 1.65246
4.43171 1.56778 2.35003
4.42997 1.56468 2.35288
4.42997 1.56468 2.35288
4.42941 1.56774 2.35075
4.42848 1.56763 2.35245
4.42997 1.56468 2.35288
4.42941 1.56774 2.35075
4.43014 1.56592 2.3504
4.42874 1.56669 2.34991
4.42998 1.56615 2.35081
4.42874 1.56669 2.34991
4.42998 1.56615 2.35081
4.42998 1.56615 2.35081
4.43182 1.56501 2.35104
4.43087 1.56651 2.34946
4.43087 1.56651 2.34946
4.43087 1.56651 2.34946
4.42976 1.56632 2.35076
4.42976 1.56632 2.35076
4.43044 1.56576 2.35099
4.43044 1.56576 2.35099
4.43039 1.56727 2.35187
4.43039 1.56727 2.35187
4.4298 1.56592 2.35159
4.43013 1.56602 2.35131
4.43013 1.56602 2.35131
4.43013 1.56602 2.35131
4.43013 1.56602 2.35131
4.43013 1.56602 2.35131
4.4298 1.56581 2.352
4.4298 1.56581 2.352
4.4298 1.56581 2.352
4.43275 1.56428 2.35322
4.43374 1.56579 2.35078
1.15836 1.76497 3.00977
1.15851 1.7642 3.01003
1.15809 1.76421 3.01027
1.15851 1.7642 3.01003
1.15809 1.76421 3.01027
1.15809 1.76421 3.01027
1.15867 1.76505 3.00951
0 0 0
0 0 0
1.15752 1.76672 3.00956
1.15848 1.76498 3.01175
1.15825 1.76434 3.0101
1.15825 1.76434 3.0101
1.15825 1.76434 3.0101
4.57734 1.5284 5.72248
4.57813 1.52756 5.72212
4.57813 1.52756 5.72212
4.57813 1.52756 5.72212
4.57734 1.5284 5.72248
4.57902 1.52713 5.72166
4.57816 1.52722 5.72423
4.57816 1.52722 5.72423
4.57793 1.52758 5.72219
4.57793 1.52758 5.72219
4.57792 1.52763 5.72235
4.57792 1.52763 5.72235
4.57792 1.52763 5.72235
4.57792 1.52763 5.72235
4.57792 1.52763 5.72235
4.57898 1.52734 5.72165
4.57767 1.52899 5.72284
4.57805 1.52802 5.72127
4.57805 1.52802 5.72127
4.57805 1.52802 5.72127
4.57762 1.52756 5.72183
4.57762 1.52756 5.72183
4.57762 1.52756 5.72183
4.5771 1.527 5.72106
4.5771 1.527 5.72106
4.57805 1.52596 5.72284
4.57805 1.52596 5.72284
4.57805 1.52596 5.72284
0.41229 2.03616 0.96112
0.41229 2.03616 0.96112
0.41255 2.03654 0.96088
0.41218 2.03755 0.96044
0.4127 2.03677 0.96161
0.41255 2.03654 0.96088
0.4127 2.03677 0.96161
0.4127 2.03677 0.96161
0.41291 2.03689 0.96136
0.41291 2.03689 0.96136
0.41291 2.03689 0.96136
0.41303 2.03702 0.96149
0.41293 2.03725 0.96099
0.41101 2.03857 0.96098
0.41246 2.03682 0.96132
0.41246 2.03682 0.96132
0.41246 2.03682 0.96132
0.41246 2.03682 0.96132
0.41246 2.03682 0.96132
0.41341 2.03702 0.96141
0.41341 2.03702 0.96141
0.4124 2.03634 0.96224
0.4124 2.03634 0.96224
0.4124 2.03634 0.96224
0.4124 2.03634 0.96224
0.41291 2.03705 0.96147
0.94422 2.13473 3.55327
0.94422 2.13473 3.55327
0.94422 2.13473 3.55327
0.94422 2.13473 3.55327
0.94422 2.13473 3.55327
0.94414 2.13436 3.55191
0.94414 2.13436 3.55191
4.96305 1.62433 1.65209
4.96305 1.62433 1.65209
4.96454 1.62526 1.65196
4.96305 1.62433 1.65209
4.96454 1.62526 1.65196
4.96454 1.62526 1.65196
4.96673 1.62765 1.65176
4.96188 1.62459 1.65739
4.96464 1.62705 1.65399
4.96464 1.62705 1.65399
4.96316 1.62496 1.65271
4.96316 1.62496 1.65271
4.96343 1.62506 1.65205
4.96343 1.62506 1.65205
4.96343 1.62506 1.65205
4.96343 1.62506 1.65205
4.96343 1.62506 1.65205
4.96335 1.62693 1.65271
4.96335 1.62693 1.65271
4.42922 1.57128 2.35191
4.43171 1.56778 2.35003
4.42997 1.56468 2.35288
4.42848 1.56763 2.35245
4.42997 1.56468 2.35288
4.43139 1.56312 2.3517
4.43129 1.56516 2.34835
4.43014 1.56592 2.3504
4.4293 1.56526 2.35082
4.4293 1.56526 2.35082
4.42998 1.56615 2.35081
4.42998 1.56615 2.35081
4.42998 1.56615 2.35081
4.43087 1.56651 2.34946
4.43087 1.56651 2.34946
4.43087 1.56651 2.34946
4.43087 1.56651 2.34946
4.42976 1.56632 2.35076
4.42976 1.56632 2.35076
4.43044 1.56576 2.35099
4.43039 1.56727 2.35187
4.43039 1.56727 2.35187
4.4302 1.56635 2.35118
4.4302 1.56635 2.35118
4.42983 1.56637 2.35073
4.42983 1.56637 2.35073
4.42983 1.56637 2.35073
4.43013 1.56602 2.35131
4.43013 1.56602 2.35131
4.43221 1.56521 2.3525
4.43221 1.56521 2.3525
4.43374 1.56579 2.35078
4.43374 1.56579 2.35078
4.43374 1.56579 2.35078
4.43374 1.56579 2.35078
4.43374 1.56579 2.35078
4.42878 1.56461 2.35102
4.43372 1.56548 2.34875
4.42878 1.56461 2.35102
4.42878 1.56461 2.35102
4.42878 1.56461 2.35102
4.43006 1.56529 2.35278
4.423 1.56373 2.34853
4.423 1.56373 2.34853
4.423 1.56373 2.34853
4.42841 1.56689 2.35055
4.42841 1.56689 2.35055
4.42841 1.56689 2.35055
4.5779 1.52755 5.72211
4.5779 1.52755 5.72211
4.5779 1.52755 5.72211
4.57734 1.5284 5.72248
4.57576 1.52804 5.72166
4.57576 1.52804 5.72166
4.57576 1.52804 5.72166
4.57856 1.52787 5.7215
4.57793 1.52758 5.72219
4.57793 1.52758 5.72219
4.57793 1.52758 5.72219
4.57792 1.52763 5.72235
4.57792 1.52763 5.72235
4.57794 1.52801 5.72255
4.57794 1.52801 5.72255
4.57814 1.52734 5.72422
4.57794 1.52801 5.72255
4.57794 1.52801 5.72255
4.57762 1.52756 5.72183
4.57762 1.52756 5.72183
4.57762 1.52756 5.72183
4.57762 1.52756 5.72183
4.57762 1.52756 5.72183
4.5771 1.527 5.72106
4.57805 1.52596 5.72284
4.57805 1.52596 5.72284
4.57805 1.52596 5.72284
4.57805 1.52596 5.72284
0.41237 2.03805 0.95911
0.41237 2.03805 0.95911
0.41218 2.03755 0.96044
0.41218 2.03755 0.96044
0.41255 2.03654 0.96088
0.41255 2.03654 0.96088
0.41255 2.03654 0.96088
0.41303 2.03702 0.96149
0.41291 2.03689 0.96136
0.41291 2.03689 0.96136
0.41291 2.03689 0.96136
0.41303 2.03702 0.96149
0.41291 2.03689 0.96136
0.41101 2.03857 0.96098
0.41246 2.03682 0.96132
0.41246 2.03682 0.96132
0.41246 2.03682 0.96132
0.41246 2.03682 0.96132
0.41246 2.03682 0.96132
0.4132 2.03622 0.9584
0.41294 2.03631 0.96061
0.41294 2.03631 0.96061
0.41291 2.03705 0.96147
0.4124 2.03634 0.96224
0.41291 2.03705 0.96147
0.94457 2.1327 3.55735
0.94422 2.13473 3.55327
0.94422 2.13473 3.55327
0.94422 2.13473 3.55327
0.94422 2.13473 3.55327
0.94422 2.13473 3.55327
0.94414 2.13436 3.55191
0.94179 2.13333 3.55161
0 0 0
4.96454 1.62526 1.65196
4.96454 1.62526 1.65196
4.96454 1.62526 1.65196
4.96454 1.62526 1.65196
4.96454 1.62526 1.65196
4.96721 1.62665 1.65845
4.96721 1.62665 1.65845
4.96464 1.62705 1.65399
4.96316 1.62496 1.65271
4.96316 1.62496 1.65271
4.96316 1.62496 1.65271
4.96343 1.62506 1.65205
4.96343 1.62506 1.65205
4.96343 1.62506 1.65205
4.96352 1.62441 1.65246
4.96352 1.62441 1.65246
4.96335 1.62693 1.65271
4.96335 1.62693 1.65271
4.96335 1.62693 1.65271
4.42922 1.57128 2.35191
4.42967 1.56764 2.35025
4.42967 1.56764 2.35025
4.42967 1.56764 2.35025
4.43091 1.56629 2.35093
4.42967 1.56764 2.35025
4.43014 1.56592 2.3504
4.4293 1.56526 2.35082
4.43014 1.56592 2.3504
4.42998 1.56615 2.35081
4.43016 1.56739 2.35048
4.42874 1.56669 2.34991
4.42998 1.56615 2.35081
4.42976 1.56632 2.35076
4.42963 1.56609 2.35048
4.42963 1.56609 2.35048
4.43044 1.56576 2.35099
4.4302 1.56593 2.35131
4.43044 1.56576 2.35099
4.43044 1.56576 2.35099
4.4302 1.56635 2.35118
4.4302 1.56635 2.35118
4.43092 1.56659 2.35086
4.4302 1.56635 2.35118
4.4302 1.56635 2.35118
4.42983 1.56637 2.35073
4.42983 1.56637 2.35073
4.42983 1.56637 2.35073
4.43221 1.56521 2.3525
4.4298 1.56581 2.352
4.43374 1.56579 2.35078
4.43374 1.56579 2.35078
0.26583 0.61796 0.60482
0.26075 0.61582 0.60678
0.26075 0.61582 0.60678
0.25817 0.61694 0.60817
0.25817 0.61694 0.60817
0.25817 0.61694 0.60817
0.25817 0.61694 0.60817
0.25817 0.61694 0.60817
0.25841 0.61429 0.60902
0.25462 0.61246 0.60956
0.25651 0.61375 0.607
0.25975 0.61386 0.60512
0.25975 0.61386 0.60512
0.25975 0.61386 0.60512
0.25975 0.61386 0.60512
4.5779 1.52755 5.72211
4.5779 1.52755 5.72211
4.5779 1.52755 5.72211
4.57734 1.5284 5.72248
4.57734 1.5284 5.72248
4.57576 1.52804 5.72166
4.57576 1.52804 5.72166
4.57576 1.52804 5.72166
4.57793 1.52758 5.72219
4.57793 1.52758 5.72219
4.57793 1.52758 5.72219
4.57793 1.52758 5.72219
4.57814 1.52734 5.72422
4.57814 1.52734 5.72422
4.57814 1.52734 5.72422
4.57814 1.52734 5.72422
4.57794 1.52801 5.72255
4.57814 1.52671 5.72265
4.57814 1.52671 5.72265
4.57814 1.52671 5.72265
4.57762 1.52756 5.72183
4.57762 1.52756 5.72183
4.57762 1.52756 5.72183
4.57805 1.52596 5.72284
4.57819 1.52756 5.72146
4.57989 1.52683 5.72394
4.57989 1.52683 5.72394
4.57989 1.52683 5.72394
2.69103 1.09254 0.68145
2.69011 1.09082 0.68267
2.69011 1.09082 0.68267
2.69103 1.09254 0.68145
2.69103 1.09254 0.68145
2.69111 1.09271 0.68153
2.69111 1.09271 0.68153
0 0 0
0.41303 2.03702 0.96149
0.41303 2.03702 0.96149
0.41303 2.03702 0.96149
0.41303 2.03702 0.96149
0.41333 2.03741 0.96143
0.41101 2.03857 0.96098
0.41101 2.03857 0.96098
0.41246 2.03682 0.96132
0.41246 2.03682 0.96132
0.41246 2.03682 0.96132
0.41246 2.03682 0.96132
0.41295 2.03791 0.96081
0.41294 2.03631 0.96061
0.41291 2.03705 0.96147
0.41291 2.03705 0.96147
0.41291 2.03705 0.96147
0.94477 2.13426 3.55248
0.94477 2.13426 3.55248
0.94501 2.13491 3.55273
0.94501 2.13491 3.55273
0.94478 2.1345 3.55234
0.94475 2.13374 3.55256
0.94414 2.13436 3.55191
0.94414 2.13436 3.55191
0.94414 2.13436 3.55191
4.96728 1.62844 1.65244
4.96454 1.62526 1.65196
4.96454 1.62526 1.65196
4.96454 1.62526 1.65196
4.96454 1.62526 1.65196
4.96465 1.62301 1.65607
4.9594 1.62753 1.656
4.96188 1.62459 1.65739
4.96343 1.62426 1.65187
4.96316 1.62496 1.65271
4.96316 1.62496 1.65271
4.96316 1.62496 1.65271
4.96343 1.62506 1.65205
4.96316 1.62496 1.65271
4.96343 1.62506 1.65205
4.96343 1.62506 1.65205
4.96352 1.62441 1.65246
4.96352 1.62441 1.65246
4.96352 1.62441 1.65246
4.96352 1.62441 1.65246
4.42922 1.57128 2.35191
4.42967 1.56764 2.35025
4.42967 1.56764 2.35025
4.43171 1.56778 2.35003
4.42967 1.56764 2.35025
4.42967 1.56764 2.35025
4.43016 1.56739 2.35048
4.43016 1.56739 2.35048
4.43016 1.56739 2.35048
4.43016 1.56739 2.35048
4.43016 1.56739 2.35048
4.4294 1.56831 2.34869
4.43082 1.57249 2.35239
4.42895 1.56986 2.35035
4.42976 1.56632 2.35076
4.42976 1.56632 2.35076
4.42976 1.56632 2.35076
4.42963 1.56609 2.35048
4.43044 1.56576 2.35099
4.42987 1.56618 2.35085
4.4302 1.56635 2.35118
4.4302 1.56635 2.35118
4.43092 1.56659 2.35086
4.4302 1.56635 2.35118
4.4302 1.56635 2.35118
4.42983 1.56637 2.35073
4.42983 1.56637 2.35073
4.42983 1.56637 2.35073
4.43095 1.56735 2.34853
4.43221 1.56521 2.3525
0 0 0
0.25785 0.60953 0.61054
0.25822 0.61615 0.6078
0.25822 0.61615 0.6078
0.25822 0.61615 0.6078
0.25817 0.61694 0.60817
0.25822 0.61615 0.6078
0.25817 0.61694 0.60817
0.25817 0.61694 0.60817
0.26083 0.61571 0.60674
0.25841 0.61429 0.60902
0.25841 0.61429 0.60902
0.25934 0.61431 0.60819
0.25975 0.61386 0.60512
0.25934 0.61431 0.60819
0.25975 0.61386 0.60512
0.26079 0.6149 0.60547
4.57659 1.52863 5.72288
4.57734 1.5284 5.72248
4.57659 1.52863 5.72288
4.57659 1.52863 5.72288
4.57734 1.5284 5.72248
4.57693 1.52725 5.72245
4.57693 1.52725 5.72245
4.57693 1.52725 5.72245
4.57693 1.52725 5.72245
4.57793 1.52758 5.72219
4.57793 1.52758 5.72219
4.57793 1.52758 5.72219
4.57814 1.52734 5.72422
4.57794 1.52801 5.72255
4.57625 1.52551 5.72371
4.57814 1.52734 5.72422
4.57704 1.52842 5.72313
4.57794 1.52801 5.72255
4.57704 1.52842 5.72313
4.57815 1.52889 5.72354
4.57704 1.52842 5.72313
4.57815 1.52889 5.72354
4.57815 1.52889 5.72354
4.57892 1.52824 5.72172
4.57819 1.52756 5.72146
4.57819 1.52756 5.72146
4.57819 1.52756 5.72146
4.57989 1.52683 5.72394
2.69055 1.0922 0.68148
2.69055 1.0922 0.68148
2.69055 1.0922 0.68148
2.69055 1.0922 0.68148
2.69103 1.09254 0.68145
2.69111 1.09271 0.68153
2.69111 1.09271 0.68153
2.69111 1.09271 0.68153
0 0 0
0.41303 2.03702 0.96149
0.41303 2.03702 0.96149
0.41303 2.03702 0.96149
0.41333 2.03741 0.96143
0.41333 2.03741 0.96143
0.41246 2.03682 0.96132
0.41246 2.03682 0.96132
0.4131 2.03727 0.96145
0.4131 2.03727 0.96145
0.4131 2.03727 0.96145
0.4131 2.03727 0.96145
0.4131 2.03727 0.96145
0.41291 2.03705 0.96147
0.4124 2.03634 0.96224
0.94477 2.13426 3.55248
0.94477 2.13426 3.55248
0.94477 2.13426 3.55248
0.94501 2.13491 3.55273
0.94501 2.13491 3.55273
0.94501 2.13491 3.55273
0.94475 2.13374 3.55256
0.94416 2.13481 3.55174
0.94416 2.13481 3.55174
0 0 0
4.96345 1.62509 1.65263
4.96345 1.62509 1.65263
4.96361 1.62493 1.65386
4.96361 1.62493 1.65386
4.96361 1.62493 1.65386
4.96465 1.62301 1.65607
4.96465 1.62301 1.65607
4.96334 1.62472 1.65264
4.96343 1.62426 1.65187
4.96343 1.62426 1.65187
4.96343 1.62426 1.65187
4.96343 1.62426 1.65187
4.96464 1.62705 1.65399
4.96639 1.62656 1.65624
4.96417 1.63051 1.65411
4.96352 1.62441 1.65246
4.96352 1.62441 1.65246
4.96352 1.62441 1.65246
4.96352 1.62441 1.65246
4.96352 1.62441 1.65246
0 0 0
4.42967 1.56764 2.35025
4.42967 1.56764 2.35025
4.42967 1.56764 2.35025
4.42967 1.56764 2.35025
4.42967 1.56764 2.35025
4.42873 1.56837 2.35059
4.43016 1.56739 2.35048
4.43016 1.56739 2.35048
4.43016 1.56739 2.35048
4.43016 1.56739 2.35048
4.4293 1.56526 2.35082
4.43082 1.57249 2.35239
4.42976 1.56632 2.35076
4.42976 1.56632 2.35076
4.42976 1.56632 2.35076
4.4302 1.56593 2.35131
4.42976 1.56632 2.35076
4.43092 1.56659 2.35086
4.42987 1.56618 2.35085
4.4302 1.56635 2.35118
4.42987 1.56618 2.35085
4.43092 1.56659 2.35086
4.42983 1.56637 2.35073
4.42983 1.56637 2.35073
4.42983 1.56637 2.35073
4.42983 1.56637 2.35073
4.42983 1.56637 2.35073
4.43095 1.56735 2.34853
0 0 0
0.25785 0.60953 0.61054
0.25785 0.60953 0.61054
0.25822 0.61615 0.6078
0.25822 0.61615 0.6078
0.25822 0.61615 0.6078
0.25817 0.61694 0.60817
0.25822 0.61615 0.6078
0.26075 0.61582 0.60678
0.25817 0.61694 0.60817
0.26083 0.61571 0.60674
0.25841 0.61429 0.60902
0.25841 0.61429 0.60902
0.26083 0.61571 0.60674
0.26079 0.6149 0.60547
0.26079 0.6149 0.60547
0.26079 0.6149 0.60547
0.26079 0.6149 0.60547
4.57509 1.52441 5.72388
4.57659 1.52863 5.72288
4.57659 1.52863 5.72288
4.57659 1.52863 5.72288
4.57693 1.52725 5.72245
4.57693 1.52725 5.72245
4.57693 1.52725 5.72245
4.57693 1.52725 5.72245
4.57693 1.52725 5.72245
4.57937 1.52703 5.72374
4.57855 1.52837 5.72151
4.57919 1.52852 5.72269
4.57625 1.52551 5.72371
4.57794 1.52801 5.72255
4.57794 1.52801 5.72255
4.57625 1.52551 5.72371
4.57704 1.52842 5.72313
4.57794 1.52801 5.72255
4.57704 1.52842 5.72313
4.57704 1.52842 5.72313
4.57704 1.52842 5.72313
4.57815 1.52889 5.72354
4.57815 1.52889 5.72354
4.57792 1.5278 5.72239
4.57792 1.5278 5.72239
4.57792 1.5278 5.72239
4.57987 1.52891 5.72385
4.57989 1.52683 5.72394
2.69363 1.08691 0.68087
2.69011 1.09082 0.68267
2.69011 1.09082 0.68267
2.69055 1.0922 0.68148
2.69103 1.09254 0.68145
2.69111 1.09271 0.68153
2.69111 1.09271 0.68153
2.69111 1.09271 0.68153
2.69111 1.09271 0.68153
2.69111 1.09271 0.68153
0.41361 2.0362 0.96213
0.41293 2.03725 0.96099
0.41293 2.03725 0.96099
0.41359 2.03656 0.96166
0.41359 2.03656 0.96166
0.41359 2.03656 0.96166
0.4131 2.03727 0.96145
0.4131 2.03727 0.96145
0.4131 2.03727 0.96145
0.4131 2.03727 0.96145
0.4131 2.03727 0.96145
0.4124 2.03634 0.96224
0.9463 2.13069 3.55457
0.94292 2.13421 3.55527
0.94477 2.13426 3.55248
0.94477 2.13426 3.55248
0.94501 2.13491 3.55273
0.94501 2.13491 3.55273
0.94501 2.13491 3.55273
0.94475 2.13374 3.55256
0.94416 2.13481 3.55174
0.94416 2.13481 3.55174
0 0 0
4.96361 1.62493 1.65386
4.96361 1.62493 1.65386
4.96361 1.62493 1.65386
4.96345 1.62509 1.65263
4.96361 1.62493 1.65386
4.96334 1.62472 1.65264
4.96334 1.62472 1.65264
4.96334 1.62472 1.65264
4.96343 1.62426 1.65187
4.96343 1.62426 1.65187
4.96343 1.62426 1.65187
4.96343 1.62426 1.65187
4.96353 1.62225 1.65101
4.9649 1.62265 1.65106
4.9649 1.62265 1.65106
4.9649 1.62265 1.65106
4.96575 1.62632 1.65311
4.96575 1.62632 1.65311
4.96575 1.62632 1.65311
4.96326 1.62358 1.65343
4.96326 1.62358 1.65343
4.96346 1.62465 1.65217
4.42967 1.56764 2.35025
4.42967 1.56764 2.35025
4.42967 1.56764 2.35025
4.42873 1.56837 2.35059
4.42873 1.56837 2.35059
4.42873 1.56837 2.35059
4.42873 1.56837 2.35059
4.43016 1.56739 2.35048
4.43016 1.56739 2.35048
4.4294 1.56831 2.34869
4.43154 1.56572 2.35182
4.4302 1.56593 2.35131
4.4302 1.56593 2.35131
4.4302 1.56593 2.35131
4.4302 1.56593 2.35131
4.4302 1.56593 2.35131
4.43092 1.56659 2.35086
4.43092 1.56659 2.35086
4.43092 1.56659 2.35086
4.42987 1.56618 2.35085
4.43092 1.56659 2.35086
4.42983 1.56637 2.35073
4.42983 1.56637 2.35073
4.43045 1.56726 2.35083
4.43045 1.56726 2.35083
4.43045 1.56726 2.35083
0.25571 0.61746 0.60746
0.25955 0.61601 0.60966
0.26029 0.61532 0.60675
0.26029 0.61532 0.60675
0.25822 0.61615 0.6078
0.25822 0.61615 0.6078
0.25822 0.61615 0.6078
0.25817 0.61694 0.60817
0.25817 0.61694 0.60817
0.26018 0.61415 0.60679
0.26059 0.61575 0.60744
0.26018 0.61415 0.60679
0.25841 0.61429 0.60902
0.25934 0.61431 0.60819
0.25934 0.61431 0.60819
0.26079 0.6149 0.60547
0.26085 0.6157 0.60568
0.26085 0.6157 0.60568
0.26085 0.6157 0.60568
4.57509 1.52441 5.72388
4.57659 1.52863 5.72288
4.57659 1.52863 5.72288
4.57659 1.52863 5.72288
4.57693 1.52725 5.72245
4.57893 1.52868 5.72174
4.57893 1.52868 5.72174
4.57893 1.52868 5.72174
4.57693 1.52725 5.72245
4.57937 1.52703 5.72374
4.5775 1.52773 5.72112
4.5775 1.52773 5.72112
4.57625 1.52551 5.72371
4.57794 1.52801 5.72255
4.57625 1.52551 5.72371
4.57625 1.52551 5.72371
4.5765 1.5248 5.72386
4.57794 1.52801 5.72255
4.57704 1.52842 5.72313
4.57664 1.52577 5.7239
4.57704 1.52842 5.72313
4.57792 1.5278 5.72239
4.57815 1.52889 5.72354
4.57792 1.5278 5.72239
4.57989 1.52683 5.72394
4.57989 1.52683 5.72394
4.57987 1.52891 5.72385
4.57987 1.52891 5.72385
0 0 0
2.69011 1.09082 0.68267
2.69011 1.09082 0.68267
2.69055 1.0922 0.68148
2.69103 1.09254 0.68145
2.69111 1.09271 0.68153
2.69111 1.09271 0.68153
2.69111 1.09271 0.68153
2.69111 1.09271 0.68153
2.69111 1.09271 0.68153
2.69064 1.09325 0.6819
0.41361 2.0362 0.96213
0.41431 2.03792 0.9621
0.41359 2.03656 0.96166
0.41359 2.03656 0.96166
0.41359 2.03656 0.96166
0.4152 2.03822 0.96579
0.4131 2.03727 0.96145
0.4131 2.03727 0.96145
0.4131 2.03727 0.96145
0.4131 2.03727 0.96145
0.9463 2.13069 3.55457
0.9463 2.13069 3.55457
0.94477 2.13426 3.55248
0.94477 2.13426 3.55248
0.94477 2.13426 3.55248
0.94501 2.13491 3.55273
0.94501 2.13491 3.55273
0.94501 2.13491 3.55273
0.94475 2.13374 3.55256
0.94501 2.13491 3.55273
0.94493 2.13419 3.55223
0.94475 2.13374 3.55256
4.96361 1.62493 1.65386
4.96361 1.62493 1.65386
4.96345 1.62509 1.65263
4.96345 1.62509 1.65263
4.96334 1.62472 1.65264
4.96334 1.62472 1.65264
4.96421 1.62588 1.65076
4.96304 1.62617 1.65056
4.96259 1.62329 1.65074
4.96343 1.62426 1.65187
4.96343 1.62426 1.65187
4.96343 1.62426 1.65187
4.96259 1.62329 1.65074
4.96119 1.62542 1.65443
4.96641 1.62459 1.65136
4.96495 1.62884 1.65666
4.96326 1.62358 1.65343
4.96326 1.62358 1.65343
4.96326 1.62358 1.65343
4.96326 1.62358 1.65343
4.96326 1.62358 1.65343
4.96346 1.62465 1.65217
4.42967 1.56764 2.35025
4.42967 1.56764 2.35025
4.42967 1.56764 2.35025
4.42873 1.56837 2.35059
4.42873 1.56837 2.35059
4.43016 1.56739 2.35048
4.43016 1.56739 2.35048
4.43016 1.56739 2.35048
4.43016 1.56739 2.35048
4.4294 1.56831 2.34869
4.43154 1.56572 2.35182
4.43154 1.56572 2.35182
4.42954 1.5675 2.35089
4.42954 1.5675 2.35089
4.43154 1.56572 2.35182
4.42972 1.56724 2.35008
4.42964 1.56532 2.3507
4.43092 1.56659 2.35086
4.43092 1.56659 2.35086
4.43092 1.56659 2.35086
4.43092 1.56659 2.35086
4.43026 1.56973 2.34977
4.43095 1.56735 2.34853
4.43095 1.56735 2.34853
4.43045 1.56726 2.35083
4.43095 1.56735 2.34853
0.25571 0.61746 0.60746
0.26223 0.61607 0.60599
0.26029 0.61532 0.60675
0.26029 0.61532 0.60675
0.25822 0.61615 0.6078
0.25822 0.61615 0.6078
0.25822 0.61615 0.6078
0.25897 0.61839 0.60855
0.25822 0.61615 0.6078
0.26018 0.61415 0.60679
0.26059 0.61575 0.60744
0.26018 0.61415 0.60679
0.26018 0.61415 0.60679
0.26094 0.61565 0.60642
0.26094 0.61565 0.60642
0.26413 0.61531 0.60164
0.26085 0.6157 0.60568
0.26085 0.6157 0.60568
0.26085 0.6157 0.60568
4.57659 1.52863 5.72288
4.57659 1.52863 5.72288
4.57659 1.52863 5.72288
4.57659 1.52863 5.72288
4.57934 1.52849 5.72146
4.57893 1.52868 5.72174
4.57893 1.52868 5.72174
4.57893 1.52868 5.72174
4.57937 1.52703 5.72374
4.57937 1.52703 5.72374
4.57903 1.52761 5.72181
4.57903 1.52761 5.72181
4.57903 1.52761 5.72181
4.57903 1.52761 5.72181
4.57625 1.52551 5.72371
4.57625 1.52551 5.72371
4.57704 1.52842 5.72313
4.57704 1.52842 5.72313
4.57704 1.52842 5.72313
4.57664 1.52577 5.7239
4.57704 1.52842 5.72313
4.57792 1.5278 5.72239
4.57664 1.52577 5.7239
4.57792 1.5278 5.72239
4.57792 1.5278 5.72239
4.57792 1.5278 5.72239
4.57816 1.52772 5.72206
4.57816 1.52772 5.72206
2.69055 1.0922 0.68148
2.69011 1.09082 0.68267
2.69011 1.09082 0.68267
2.69055 1.0922 0.68148
2.6926 1.09323 0.68137
2.69111 1.09271 0.68153
2.69111 1.09271 0.68153
2.6926 1.09323 0.68137
2.69111 1.09271 0.68153
2.69111 1.09271 0.68153
2.69064 1.09325 0.6819
2.69064 1.09325 0.6819
0 0 0
0.41359 2.03656 0.96166
0.41359 2.03656 0.96166
0.41359 2.03656 0.96166
0.4131 2.03727 0.96145
0.4131 2.03727 0.96145
0.4131 2.03727 0.96145
0.94834 2.13088 3.5571
0.94834 2.13088 3.5571
0.94477 2.13426 3.55248
0.94651 2.13456 3.5565
0.94477 2.13426 3.55248
0.94477 2.13426 3.55248
0.94477 2.13426 3.55248
0.94344 2.1334 3.55336
0.94344 2.1334 3.55336
0.9437 2.13575 3.55077
0.94475 2.13374 3.55256
0.94493 2.13419 3.55223
0.94493 2.13419 3.55223
0.94493 2.13419 3.55223
0.94493 2.13419 3.55223
4.96361 1.62493 1.65386
4.9637 1.62488 1.65377
4.96345 1.62509 1.65263
4.96334 1.62472 1.65264
4.96333 1.62471 1.65245
4.96334 1.62472 1.65264
4.96304 1.62617 1.65056
4.96343 1.62426 1.65187
4.96343 1.62426 1.65187
4.96343 1.62426 1.65187
4.96343 1.62426 1.65187
4.9639 1.62773 1.65453
4.9639 1.62773 1.65453
4.96212 1.6267 1.64956
4.96653 1.62936 1.65372
4.96326 1.62358 1.65343
4.96326 1.62358 1.65343
4.96316 1.62532 1.65222
4.96346 1.62465 1.65217
4.96346 1.62465 1.65217
4.96346 1.62465 1.65217
4.42999 1.56644 2.35094
4.42999 1.56644 2.35094
4.42999 1.56644 2.35094
4.43012 1.56616 2.35085
4.43012 1.56616 2.35085
4.43012 1.56616 2.35085
4.4296 1.56653 2.3497
4.4313 1.56595 2.35258
4.4313 1.56595 2.35258
4.4296 1.56653 2.3497
4.43154 1.56572 2.35182
4.43154 1.56572 2.35182
4.42954 1.5675 2.35089
4.42954 1.5675 2.35089
4.42972 1.56724 2.35008
4.42972 1.56724 2.35008
4.42972 1.56724 2.35008
4.42972 1.56724 2.35008
4.42972 1.56724 2.35008
4.42964 1.56532 2.3507
4.43026 1.56973 2.34977
4.43026 1.56973 2.34977
4.4299 1.56687 2.34677
4.4299 1.56687 2.34677
4.43045 1.56726 2.35083
0.25571 0.61746 0.60746
0.25571 0.61746 0.60746
0.26223 0.61607 0.60599
0.26029 0.61532 0.60675
0.26029 0.61532 0.60675
0.26029 0.61532 0.60675
0.26067 0.61584 0.60617
0.26067 0.61584 0.60617
0.25948 0.61664 0.60649
0.2597 0.61535 0.60694
0.2597 0.61535 0.60694
0.2597 0.61535 0.60694
0.26018 0.61415 0.60679
0.26094 0.61565 0.60642
0.26094 0.61565 0.60642
0.26123 0.61581 0.60627
0.26085 0.6157 0.60568
0.26085 0.6157 0.60568
0.26085 0.6157 0.60568
0.26085 0.6157 0.60568
0.26085 0.6157 0.60568
4.57659 1.52863 5.72288
4.57659 1.52863 5.72288
4.57934 1.52849 5.72146
4.57934 1.52849 5.72146
4.57893 1.52868 5.72174
4.57774 1.52749 5.72217
4.57774 1.52749 5.72217
4.57774 1.52749 5.72217
4.57937 1.52703 5.72374
4.57937 1.52703 5.72374
4.57903 1.52761 5.72181
4.57903 1.52761 5.72181
4.57903 1.52761 5.72181
4.57812 1.52849 5.72302
4.57625 1.52551 5.72371
4.57704 1.52842 5.72313
4.57891 1.52756 5.72131
4.57704 1.52842 5.72313
4.57602 1.5252 5.72114
4.57602 1.5252 5.72114
4.57792 1.5278 5.72239
4.57792 1.5278 5.72239
4.57792 1.5278 5.72239
4.57792 1.5278 5.72239
4.57792 1.5278 5.72239
4.57816 1.52772 5.72206
4.57816 1.52772 5.72206
2.69055 1.0922 0.68148
2.69055 1.0922 0.68148
2.69055 1.0922 0.68148
2.69055 1.0922 0.68148
2.6926 1.09323 0.68137
2.6926 1.09323 0.68137
2.6926 1.09323 0.68137
2.6926 1.09323 0.68137
2.69064 1.09325 0.6819
2.69064 1.09325 0.6819
2.69064 1.09325 0.6819
2.69064 1.09325 0.6819
2.69064 1.09325 0.6819
0.94834 2.13674 3.55407
0.94633 2.13047 3.55708
0.94301 2.13445 3.55112
0.94301 2.13445 3.55112
0.94301 2.13445 3.55112
0.94301 2.13445 3.55112
0.94301 2.13445 3.55112
0.94607 2.13744 3.55219
0.94651 2.13456 3.5565
0.94651 2.13456 3.5565
0.94591 2.13428 3.55558
0.94591 2.13428 3.55558
0.94591 2.13428 3.55558
0.94591 2.13428 3.55558
0.94344 2.1334 3.55336
0.94446 2.13684 3.55123
0.94446 2.13684 3.55123
0.94493 2.13419 3.55223
0.94491 2.13566 3.55015
0.94388 2.1356 3.55353
0.94493 2.13419 3.55223
4.96345 1.62509 1.65263
4.96345 1.62509 1.65263
4.96345 1.62509 1.65263
4.96372 1.62534 1.65228
4.96333 1.62471 1.65245
4.96421 1.62588 1.65076
4.96304 1.62617 1.65056
4.96304 1.62617 1.65056
4.96259 1.62329 1.65074
4.96203 1.62452 1.65268
4.96203 1.62452 1.65268
4.96203 1.62452 1.65268
4.96203 1.62452 1.65268
4.96203 1.62452 1.65268
4.96503 1.62262 1.65348
4.96326 1.62358 1.65343
4.96326 1.62358 1.65343
4.96316 1.62532 1.65222
4.96346 1.62465 1.65217
4.96316 1.62532 1.65222
4.96316 1.62532 1.65222
4.96316 1.62532 1.65222
4.43012 1.56616 2.35085
4.43012 1.56616 2.35085
4.43012 1.56616 2.35085
4.43012 1.56616 2.35085
4.43012 1.56616 2.35085
4.43098 1.56576 2.35093
4.43098 1.56576 2.35093
4.43098 1.56576 2.35093
4.4296 1.56653 2.3497
4.43154 1.56572 2.35182
4.42705 1.56639 2.35173
4.42954 1.5675 2.35089
4.42954 1.5675 2.35089
4.42972 1.56724 2.35008
4.42972 1.56724 2.35008
4.42954 1.5675 2.35089
4.42964 1.56532 2.3507
4.42972 1.56724 2.35008
4.42964 1.56532 2.3507
4.42964 1.56532 2.3507
4.4299 1.56687 2.34677
4.4299 1.56687 2.34677
4.4299 1.56687 2.34677
0.25571 0.61746 0.60746
0.25571 0.61746 0.60746
0.25571 0.61746 0.60746
0.26174 0.61617 0.60409
0.26029 0.61532 0.60675
0.26029 0.61532 0.60675
0.26029 0.61532 0.60675
0.26067 0.61584 0.60617
0.26029 0.61532 0.60675
0.25948 0.61664 0.60649
0.26067 0.61584 0.60617
0.26067 0.61584 0.60617
0.2597 0.61535 0.60694
0.25944 0.61506 0.60643
0.26094 0.61565 0.60642
0.26017 0.61542 0.60642
0.26017 0.61542 0.60642
0.26413 0.61531 0.60164
0.26413 0.61531 0.60164
0.26085 0.6157 0.60568
0.26085 0.6157 0.60568
0.26085 0.6157 0.60568
4.57934 1.52849 5.72146
4.57792 1.52809 5.72262
4.57792 1.52809 5.72262
4.57934 1.52849 5.72146
4.57792 1.52809 5.72262
4.57792 1.52809 5.72262
4.57893 1.52868 5.72174
4.57774 1.52749 5.72217
4.57903 1.52761 5.72181
4.57937 1.52703 5.72374
4.57903 1.52761 5.72181
4.57995 1.52664 5.72427
4.57995 1.52664 5.72427
4.57995 1.52664 5.72427
4.57995 1.52664 5.72427
4.5765 1.5248 5.72386
4.57807 1.52737 5.71885
4.57366 1.52743 5.72373
4.57664 1.52577 5.7239
4.57664 1.52577 5.7239
4.57792 1.5278 5.72239
4.57792 1.5278 5.72239
4.57792 1.5278 5.72239
4.57792 1.5278 5.72239
4.57792 1.5278 5.72239
4.57816 1.52772 5.72206
4.57816 1.52772 5.72206
2.69501 1.09104 0.6794
2.69501 1.09104 0.6794
2.69501 1.09104 0.6794
2.69501 1.09104 0.6794
2.6926 1.09323 0.68137
2.6926 1.09323 0.68137
2.6926 1.09323 0.68137
2.6926 1.09323 0.68137
2.6926 1.09323 0.68137
2.69463 1.0892 0.67986
2.69384 1.0936 0.68104
2.69384 1.0936 0.68104
2.69384 1.0936 0.68104
2.69763 1.0913 0.67825
0.9411 2.13814 3.54983
0.94301 2.13445 3.55112
0.94301 2.13445 3.55112
0.94776 2.13713 3.5575
0.94301 2.13445 3.55112
0.94301 2.13445 3.55112
0.94411 2.13369 3.55285
0.94411 2.13369 3.55285
0.94531 2.13394 3.55293
0.94591 2.13428 3.55558
0.94591 2.13428 3.55558
0.94591 2.13428 3.55558
0.94531 2.13394 3.55293
0.94344 2.1334 3.55336
0.94491 2.13566 3.55015
0.94446 2.13684 3.55123
0.94493 2.13419 3.55223
0.94491 2.13566 3.55015
0.94423 2.13415 3.55002
0.94493 2.13419 3.55223
0.9496 2.13954 3.55205
4.96372 1.62534 1.65228
4.96372 1.62534 1.65228
4.96211 1.62635 1.65107
4.95981 1.62719 1.64951
4.96421 1.62588 1.65076
4.96304 1.62511 1.65185
4.96304 1.62511 1.65185
4.96304 1.62511 1.65185
4.96304 1.62511 1.65185
4.96203 1.62452 1.65268
4.96203 1.62452 1.65268
4.96122 1.62521 1.6525
4.96203 1.62452 1.65268
4.96122 1.62521 1.6525
4.96122 1.62521 1.6525
4.96687 1.62439 1.64959
4.96573 1.62553 1.65049
4.96273 1.62458 1.65214
4.96316 1.62532 1.65222
4.96273 1.62458 1.65214
4.96273 1.62458 1.65214
4.43397 1.56514 2.35292
4.43031 1.56573 2.35043
4.43031 1.56573 2.35043
4.43098 1.56576 2.35093
4.43098 1.56576 2.35093
4.4296 1.56653 2.3497
4.4296 1.56653 2.3497
4.43098 1.56576 2.35093
4.4296 1.56653 2.3497
4.43154 1.56572 2.35182
4.43154 1.56572 2.35182
4.42954 1.5675 2.35089
4.43412 1.5674 2.35114
4.42972 1.56724 2.35008
4.42972 1.56724 2.35008
4.42954 1.5675 2.35089
4.42964 1.56532 2.3507
4.42972 1.56724 2.35008
4.42964 1.56532 2.3507
4.42964 1.56532 2.3507
4.42985 1.56423 2.35014
4.42985 1.56423 2.35014
0 0 0
0.26634 0.61194 0.59703
0.26234 0.61464 0.60525
0.26223 0.61607 0.60599
0.26174 0.61617 0.60409
0.26029 0.61532 0.60675
0.26223 0.61607 0.60599
0.26029 0.61532 0.60675
0.26067 0.61584 0.60617
0.2597 0.61535 0.60694
0.25948 0.61664 0.60649
0.25948 0.61664 0.60649
0.25948 0.61664 0.60649
0.2597 0.61535 0.60694
0.26109 0.61535 0.60598
0.25944 0.61506 0.60643
0.26017 0.61542 0.60642
0.25944 0.61506 0.60643
0.26056 0.61653 0.60424
0.26085 0.6157 0.60568
0.26085 0.6157 0.60568
0.26085 0.6157 0.60568
0.26085 0.6157 0.60568
0.25502 0.61614 0.61147
4.57792 1.52809 5.72262
4.57934 1.52849 5.72146
4.57934 1.52849 5.72146
4.57774 1.52749 5.72217
4.57774 1.52749 5.72217
4.57774 1.52749 5.72217
4.57774 1.52749 5.72217
4.57774 1.52749 5.72217
4.57903 1.52761 5.72181
4.57903 1.52761 5.72181
4.57995 1.52664 5.72427
4.58029 1.5269 5.72377
4.57995 1.52664 5.72427
4.57995 1.52664 5.72427
4.58084 1.52538 5.72127
4.57807 1.52737 5.71885
4.57366 1.52743 5.72373
4.57619 1.52445 5.72166
4.57619 1.52445 5.72166
4.57514 1.52825 5.72251
4.57514 1.52825 5.72251
4.57514 1.52825 5.72251
4.57514 1.52825 5.72251
4.57816 1.52772 5.72206
4.57816 1.52772 5.72206
4.57816 1.52772 5.72206
2.69247 1.09151 0.68068
2.69247 1.09151 0.68068
2.69247 1.09151 0.68068
2.69167 1.09329 0.68048
2.6926 1.09323 0.68137
2.6926 1.09323 0.68137
2.6926 1.09323 0.68137
2.6926 1.09323 0.68137
2.6926 1.09323 0.68137
2.69249 1.09382 0.68289
2.69384 1.0936 0.68104
2.69384 1.0936 0.68104
2.69384 1.0936 0.68104
2.69384 1.0936 0.68104
0.9411 2.13814 3.54983
0.94301 2.13445 3.55112
0.94301 2.13445 3.55112
0.94301 2.13445 3.55112
0.94301 2.13445 3.55112
0.94301 2.13445 3.55112
0.94411 2.13369 3.55285
0.94411 2.13369 3.55285
0.94531 2.13394 3.55293
0.94531 2.13394 3.55293
0.94587 2.13013 3.55435
0.94591 2.13428 3.55558
0.94591 2.13428 3.55558
0.94591 2.13428 3.55558
0.94491 2.13566 3.55015
0.94446 2.13684 3.55123
0.94491 2.13566 3.55015
0.94491 2.13566 3.55015
0.94423 2.13415 3.55002
0.94493 2.13419 3.55223
0.94493 2.13419 3.55223
4.96372 1.62534 1.65228
4.96372 1.62534 1.65228
4.96372 1.62534 1.65228
4.96333 1.62471 1.65245
4.96421 1.62588 1.65076
4.96304 1.62511 1.65185
4.96304 1.62511 1.65185
4.96304 1.62511 1.65185
4.96304 1.62511 1.65185
4.96304 1.62511 1.65185
4.96203 1.62452 1.65268
4.96203 1.62452 1.65268
4.96203 1.62452 1.65268
4.96329 1.62472 1.65249
4.96329 1.62472 1.65249
4.96295 1.62489 1.65138
4.96295 1.62489 1.65138
4.96295 1.62489 1.65138
4.96316 1.62532 1.65222
4.96255 1.62505 1.65224
4.57939 1.04789 5.44933
4.57939 1.04789 5.44933
4.5803 1.0476 5.44983
4.5803 1.0476 5.44983
0 0 0
4.43098 1.56576 2.35093
4.4296 1.56653 2.3497
4.4296 1.56653 2.3497
4.43046 1.56614 2.35121
4.43046 1.56614 2.35121
4.43046 1.56614 2.35121
4.43412 1.5674 2.35114
4.43216 1.56952 2.3506
4.43216 1.56952 2.3506
4.43412 1.5674 2.35114
4.43056 1.56291 2.34581
0 0 0
5.2608 1.27845 3.03236
5.2608 1.27845 3.03236
5.26303 1.27524 3.03448
5.26303 1.27524 3.03448
5.26303 1.27524 3.03448
5.26062 1.26849 3.03175
5.26062 1.26849 3.03175
0.26634 0.61194 0.59703
0.26234 0.61464 0.60525
0.26234 0.61464 0.60525
0.26174 0.61617 0.60409
0.26174 0.61617 0.60409
0.26223 0.61607 0.60599
0.26223 0.61607 0.60599
0.26067 0.61584 0.60617
0.2597 0.61535 0.60694
0.25948 0.61664 0.60649
0.25948 0.61664 0.60649
0.25948 0.61664 0.60649
0.25948 0.61664 0.60649
0.25948 0.61664 0.60649
0.25944 0.61506 0.60643
0.2603 0.61502 0.606
0.25944 0.61506 0.60643
0.2603 0.61502 0.606
0.2603 0.61502 0.606
0.2603 0.61502 0.606
0.26057 0.61558 0.60618
0.26057 0.61558 0.60618
0.26693 0.61574 0.60476
0 0 0
4.57792 1.52809 5.72262
4.57792 1.52809 5.72262
4.57792 1.52809 5.72262
4.57774 1.52749 5.72217
4.57774 1.52749 5.72217
4.57774 1.52749 5.72217
4.57774 1.52749 5.72217
4.57903 1.52761 5.72181
4.58029 1.5269 5.72377
4.58029 1.5269 5.72377
4.58029 1.5269 5.72377
4.57812 1.52849 5.72302
4.57812 1.52849 5.72302
4.57812 1.52849 5.72302
4.57807 1.52737 5.71885
4.57945 1.53046 5.72364
4.57945 1.53046 5.72364
4.57619 1.52445 5.72166
4.57514 1.52825 5.72251
4.57514 1.52825 5.72251
4.57599 1.52517 5.7192
4.57599 1.52517 5.7192
4.57816 1.52772 5.72206
4.57816 1.52772 5.72206
4.57816 1.52772 5.72206
2.69247 1.09151 0.68068
2.69198 1.09322 0.68156
2.69198 1.09322 0.68156
2.69192 1.09342 0.68145
2.69198 1.09322 0.68156
2.6926 1.09323 0.68137
2.6926 1.09323 0.68137
2.6926 1.09323 0.68137
2.6926 1.09323 0.68137
2.69249 1.09382 0.68289
2.69176 1.09322 0.68033
2.69176 1.09322 0.68033
2.69176 1.09337 0.68092
2.69176 1.09337 0.68092
2.69176 1.09337 0.68092
0.94301 2.13445 3.55112
0.94301 2.13445 3.55112
0.94301 2.13445 3.55112
0.94301 2.13445 3.55112
0.94301 2.13445 3.55112
0.94411 2.13369 3.55285
0.94411 2.13369 3.55285
0.94531 2.13394 3.55293
0.94591 2.13428 3.55558
0.94798 2.13062 3.55684
0.94591 2.13428 3.55558
0.94591 2.13428 3.55558
0.9452 2.13417 3.5524
0.9452 2.13417 3.5524
0.94491 2.13566 3.55015
0.94491 2.13566 3.55015
0.94491 2.13566 3.55015
0.94423 2.13415 3.55002
0.94551 2.13747 3.54962
0.93922 2.13612 3.54196
4.96372 1.62534 1.65228
4.96333 1.62471 1.65245
4.96372 1.62534 1.65228
4.96333 1.62471 1.65245
4.96236 1.62565 1.65213
4.96304 1.62511 1.65185
4.96304 1.62511 1.65185
4.96304 1.62511 1.65185
4.96304 1.62511 1.65185
4.96304 1.62511 1.65185
4.96203 1.62452 1.65268
4.96203 1.62452 1.65268
4.96203 1.62452 1.65268
4.96329 1.62472 1.65249
4.96329 1.62472 1.65249
4.96295 1.62489 1.65138
4.96295 1.62489 1.65138
4.96295 1.62489 1.65138
4.96295 1.62489 1.65138
4.57569 1.0501 5.44554
4.5761 1.04662 5.44952
4.57939 1.04789 5.44933
4.5761 1.04662 5.44952
4.57826 1.04887 5.44935
0 0 0
4.4296 1.56653 2.3497
4.4296 1.56653 2.3497
4.4296 1.56653 2.3497
4.42812 1.5654 2.3507
4.43046 1.56614 2.35121
4.43046 1.56614 2.35121
4.42812 1.5654 2.3507
4.43216 1.56952 2.3506
4.43216 1.56952 2.3506
4.43412 1.5674 2.35114
5.25758 1.27297 3.03011
5.26549 1.2679 3.03115
5.2608 1.27845 3.03236
5.25937 1.27383 3.03479
5.26303 1.27524 3.03448
5.26303 1.27524 3.03448
5.26303 1.27524 3.03448
5.26303 1.27524 3.03448
5.26303 1.27524 3.03448
0.26072 0.61513 0.60686
0.26072 0.61513 0.60686
0.26072 0.61513 0.60686
0.26087 0.61365 0.60516
0.26174 0.61617 0.60409
0.26234 0.61464 0.60525
0.26087 0.61365 0.60516
0.26067 0.61584 0.60617
0.2597 0.61535 0.60694
0.26067 0.61584 0.60617
0.25948 0.61664 0.60649
0.25948 0.61664 0.60649
0.25948 0.61664 0.60649
0.26041 0.61591 0.60639
0.26041 0.61591 0.60639
0.26017 0.61542 0.60642
0.2603 0.61502 0.606
0.26057 0.61558 0.60618
0.2603 0.61502 0.606
0.2603 0.61502 0.606
0.26078 0.61501 0.60613
0.26078 0.61501 0.60613
0.26078 0.61501 0.60613
0 0 0
4.57792 1.52809 5.72262
4.57792 1.52809 5.72262
4.57792 1.52809 5.72262
4.57792 1.52809 5.72262
4.57774 1.52749 5.72217
4.57774 1.52749 5.72217
4.57774 1.52749 5.72217
4.57728 1.52689 5.72076
4.57796 1.52847 5.7223
4.57917 1.52641 5.7221
4.58029 1.5269 5.72377
4.57728 1.52689 5.72076
4.57684 1.52832 5.72519
4.578 1.52805 5.72202
4.578 1.52805 5.72202
4.578 1.52805 5.72202
4.57869 1.52705 5.72214
4.578 1.52805 5.72202
4.57869 1.52705 5.72214
4.57514 1.52825 5.72251
4.57619 1.52445 5.72166
4.57725 1.52526 5.72064
4.57725 1.52526 5.72064
4.57725 1.52526 5.72064
4.57725 1.52526 5.72064
2.69247 1.09151 0.68068
2.69167 1.09329 0.68048
2.69167 1.09329 0.68048
2.69167 1.09329 0.68048
2.69247 1.09151 0.68068
2.69198 1.09322 0.68156
2.69047 1.09257 0.6862
2.69047 1.09257 0.6862
2.69181 1.0896 0.68286
2.69146 1.09329 0.68052
2.69121 1.09306 0.68041
2.69176 1.09322 0.68033
2.69176 1.09337 0.68092
2.69176 1.09337 0.68092
2.69176 1.09337 0.68092
0 0 0
0 0 0
0 0 0
0 0 0
0.94301 2.13445 3.55112
0.94411 2.13369 3.55285
0.94411 2.13369 3.55285
0.94411 2.13369 3.55285
0.94411 2.13369 3.55285
0.94591 2.13428 3.55558
0.94591 2.13428 3.55558
0.94591 2.13428 3.55558
0.94591 2.13428 3.55558
0.9452 2.13417 3.5524
0.94423 2.13415 3.55002
0.94423 2.13415 3.55002
0.94423 2.13415 3.55002
0.94423 2.13415 3.55002
0.93922 2.13612 3.54196
0 0 0
4.96372 1.62534 1.65228
4.96372 1.62534 1.65228
4.96372 1.62534 1.65228
4.96236 1.62565 1.65213
4.96236 1.62565 1.65213
4.96304 1.62511 1.65185
4.96304 1.62511 1.65185
4.96286 1.62285 1.65212
4.96304 1.62511 1.65185
4.96304 1.62511 1.65185
4.96309 1.62246 1.65141
4.96203 1.62452 1.65268
4.96203 1.62452 1.65268
4.96329 1.62472 1.65249
4.96655 1.6264 1.64796
4.96329 1.62472 1.65249
4.96295 1.62489 1.65138
4.96295 1.62489 1.65138
0 0 0
4.57927 1.04767 5.44859
4.57927 1.04767 5.44859
4.57927 1.04767 5.44859
4.57927 1.04767 5.44859
4.5809 1.04704 5.44618
4.57826 1.04887 5.44935
4.57826 1.04887 5.44935
4.42812 1.56953 2.35029
4.43046 1.56614 2.35121
4.42812 1.5654 2.3507
4.43046 1.56614 2.35121
4.43046 1.56614 2.35121
4.43412 1.5674 2.35114
4.43412 1.5674 2.35114
5.2624 1.27239 3.0338
5.2624 1.27239 3.0338
5.2624 1.27239 3.0338
5.2624 1.27239 3.0338
5.26209 1.27451 3.03329
5.26209 1.27451 3.03329
5.26209 1.27451 3.03329
5.26303 1.27524 3.03448
5.26303 1.27524 3.03448
5.26303 1.27524 3.03448
5.26303 1.27524 3.03448
5.26552 1.27529 3.03295
0.26116 0.61437 0.60554
0.26116 0.61437 0.60554
0.26116 0.61437 0.60554
0.26116 0.61437 0.60554
0.26116 0.61437 0.60554
0.2617 0.61641 0.60742
0.2617 0.61641 0.60742
0.2617 0.61641 0.60742
0.2617 0.61641 0.60742
0.26109 0.61535 0.60598
0.26338 0.61611 0.60437
0.26483 0.61643 0.60249
0.26483 0.61643 0.60249
0.26041 0.61591 0.60639
0.2603 0.61502 0.606
0.2603 0.61502 0.606
0.26072 0.61522 0.60591
0.26072 0.61522 0.60591
0.26078 0.61501 0.60613
0.26078 0.61501 0.60613
0.26078 0.61501 0.60613
0.26078 0.61501 0.60613
0.26039 0.6177 0.60703
4.57792 1.52809 5.72262
4.57792 1.52809 5.72262
4.57792 1.52809 5.72262
4.57791 1.52759 5.72224
4.57821 1.52714 5.72247
4.57796 1.52847 5.7223
4.57821 1.52714 5.72247
4.57728 1.52689 5.72076
4.57796 1.52847 5.7223
4.57917 1.52641 5.7221
4.57917 1.52641 5.7221
4.57935 1.52421 5.72118
4.58123 1.52473 5.72279
4.578 1.52805 5.72202
4.578 1.52805 5.72202
4.57869 1.52705 5.72214
4.57869 1.52705 5.72214
4.578 1.52805 5.72202
4.57869 1.52705 5.72214
4.57514 1.52825 5.72251
4.57514 1.52825 5.72251
4.57514 1.52825 5.72251
4.57725 1.52526 5.72064
4.57725 1.52526 5.72064
4.58006 1.52888 5.7214
2.69247 1.09151 0.68068
2.69167 1.09329 0.68048
2.69167 1.09329 0.68048
2.69167 1.09329 0.68048
2.69198 1.09322 0.68156
2.69198 1.09322 0.68156
2.69047 1.09257 0.6862
2.69047 1.09257 0.6862
2.69249 1.09382 0.68289
2.6918 1.09228 0.68154
2.6918 1.09228 0.68154
2.6918 1.09228 0.68154
2.6918 1.09228 0.68154
2.69176 1.09337 0.68092
2.69384 1.0936 0.68104
2.6941 1.09104 0.6839
1.91017 0.27128 0.73762
1.91034 0.27259 0.73625
1.91034 0.27259 0.73625
1.91059 0.27125 0.73697
1.91493 0.27199 0.73296
1.91493 0.27199 0.73296
0 0 0
0.94411 2.13369 3.55285
0.94798 2.13062 3.55684
0.94798 2.13062 3.55684
0.94531 2.13394 3.55293
0.9452 2.13417 3.5524
0.9452 2.13417 3.5524
0.94423 2.13415 3.55002
0.94423 2.13415 3.55002
1.26012 2.5562 5.39566
1.26012 2.5562 5.39566
1.26012 2.5562 5.39566
1.2615 2.55294 5.39194
2.14062 2.39111 1.37983
2.14062 2.39111 1.37983
2.14087 2.39056 1.3802
0 0 0
4.96286 1.62285 1.65212
4.96304 1.62511 1.65185
4.96304 1.62511 1.65185
4.96286 1.62285 1.65212
4.96309 1.62246 1.65141
4.96304 1.62511 1.65185
4.96309 1.62246 1.65141
4.96309 1.62246 1.65141
4.96289 1.62428 1.65589
4.96329 1.62472 1.65249
4.96329 1.62472 1.65249
4.96329 1.62472 1.65249
4.96295 1.62489 1.65138
4.57915 1.04696 5.44854
4.57915 1.04696 5.44854
4.57915 1.04696 5.44854
4.57927 1.04767 5.44859
4.57927 1.04767 5.44859
4.57927 1.04767 5.44859
4.5803 1.0476 5.44983
4.57826 1.04887 5.44935
4.57826 1.04887 5.44935
4.57931 1.04495 5.44804
5.26304 1.27713 3.03251
5.26304 1.27713 3.03251
5.26304 1.27713 3.03251
5.26304 1.27713 3.03251
5.25997 1.2791 3.03585
5.26236 1.27355 3.0334
5.26236 1.27355 3.0334
5.26236 1.27355 3.0334
5.2624 1.27239 3.0338
5.26209 1.27451 3.03329
5.26209 1.27451 3.03329
5.26209 1.27451 3.03329
5.26209 1.27451 3.03329
5.26209 1.27451 3.03329
5.26552 1.27529 3.03295
5.25937 1.27383 3.03479
5.26552 1.27529 3.03295
5.26552 1.27529 3.03295
0.2609 0.61607 0.60288
0.26116 0.61437 0.60554
0.26116 0.61437 0.60554
0.26116 0.61437 0.60554
0.26217 0.61659 0.60579
0.26217 0.61659 0.60579
0.2617 0.61641 0.60742
0.2617 0.61641 0.60742
0.2617 0.61641 0.60742
0.26109 0.61535 0.60598
0.26338 0.61611 0.60437
0.26338 0.61611 0.60437
0.26377 0.6176 0.60073
0.26377 0.6176 0.60073
0.26041 0.61591 0.60639
0.26072 0.61522 0.60591
0.26057 0.61558 0.60618
0.26078 0.61501 0.60613
0.26078 0.61501 0.60613
0.26078 0.61501 0.60613
0.26078 0.61501 0.60613
0.26055 0.61438 0.60558
0.26055 0.61438 0.60558
4.57853 1.52771 5.72138
4.57791 1.52759 5.72224
4.57791 1.52759 5.72224
4.57791 1.52759 5.72224
4.57821 1.52714 5.72247
4.57821 1.52714 5.72247
4.57821 1.52714 5.72247
4.57728 1.52689 5.72076
4.57728 1.52689 5.72076
4.57917 1.52641 5.7221
4.57917 1.52641 5.7221
4.57935 1.52421 5.72118
4.58008 1.52359 5.72259
4.57935 1.52421 5.72118
4.58152 1.52614 5.72042
4.57869 1.52705 5.72214
4.578 1.52805 5.72202
4.578 1.52805 5.72202
4.57844 1.5268 5.7211
4.57844 1.5268 5.7211
4.57524 1.52624 5.72405
4.57725 1.52526 5.72064
4.57784 1.52723 5.722
4.57784 1.52723 5.722
4.58006 1.52888 5.7214
2.69247 1.09151 0.68068
2.69247 1.09151 0.68068
2.69167 1.09329 0.68048
2.69247 1.09151 0.68068
2.69198 1.09322 0.68156
2.69198 1.09322 0.68156
2.68853 1.09201 0.68259
2.68853 1.09201 0.68259
2.6918 1.09228 0.68154
2.6918 1.09228 0.68154
2.69024 1.09385 0.68209
2.6918 1.09228 0.68154
2.6918 1.09228 0.68154
2.69176 1.09337 0.68092
2.69176 1.09337 0.68092
2.69176 1.09337 0.68092
1.90844 0.27209 0.73829
1.91034 0.27259 0.73625
1.91034 0.27259 0.73625
1.91059 0.27125 0.73697
1.91493 0.27199 0.73296
1.91409 0.27219 0.73434
1.91409 0.27219 0.73434
1.91409 0.27219 0.73434
1.25917 2.55605 5.39834
1.25917 2.55605 5.39834
1.25917 2.55605 5.39834
1.25917 2.55605 5.39834
1.25922 2.55968 5.39808
1.2611 2.5587 5.3977
1.2618 2.55971 5.39666
1.2618 2.55971 5.39666
1.2618 2.55971 5.39666
1.26012 2.5562 5.39566
1.26012 2.5562 5.39566
2.14062 2.39111 1.37983
2.14062 2.39111 1.37983
2.14062 2.39111 1.37983
2.14062 2.39111 1.37983
2.14062 2.39111 1.37983
2.14018 2.39185 1.37982
2.14107 2.39038 1.37948
2.13968 2.39263 1.37773
2.14107 2.39038 1.37948
2.13968 2.39263 1.37773
2.13955 2.39207 1.37826
2.14119 2.39276 1.37988
2.13955 2.39207 1.37826
2.13955 2.39207 1.37826
2.13955 2.39207 1.37826
2.13597 2.39236 1.37934
4.57902 1.04832 5.44731
4.57902 1.04832 5.44731
4.57902 1.04832 5.44731
4.57915 1.04696 5.44854
4.57915 1.04696 5.44854
4.57927 1.04767 5.44859
4.57927 1.04767 5.44859
4.57735 1.04676 5.44913
4.57735 1.04676 5.44913
4.57826 1.04887 5.44935
4.57735 1.04676 5.44913
4.57826 1.04887 5.44935
5.26039 1.27628 3.0342
5.26039 1.27628 3.0342
5.26062 1.27567 3.03498
5.26039 1.27628 3.0342
5.26062 1.27567 3.03498
5.26236 1.27355 3.0334
5.26236 1.27355 3.0334
5.2624 1.27239 3.0338
5.26209 1.27451 3.03329
5.26209 1.27451 3.03329
5.26209 1.27451 3.03329
5.26209 1.27451 3.03329
5.26209 1.27451 3.03329
5.26552 1.27529 3.03295
5.25937 1.27383 3.03479
5.26257 1.27487 3.03655
5.26552 1.27529 3.03295
0.2609 0.61607 0.60288
0.26186 0.61573 0.60263
0.26186 0.61573 0.60263
0.26186 0.61573 0.60263
0.26217 0.61659 0.60579
0.26217 0.61659 0.60579
0.26217 0.61659 0.60579
0.26217 0.61659 0.60579
0.26379 0.61752 0.60847
0.26214 0.61435 0.60453
0.26338 0.61611 0.60437
0.26338 0.61611 0.60437
0.26338 0.61611 0.60437
0.26338 0.61611 0.60437
0.26072 0.61522 0.60591
0.26041 0.61591 0.60639
0.26057 0.61558 0.60618
0.26078 0.61501 0.60613
0.26078 0.61501 0.60613
0.26057 0.61558 0.60618
0.26057 0.61558 0.60618
0.26078 0.61501 0.60613
0.26089 0.61597 0.60608
4.57791 1.52759 5.72224
4.57791 1.52759 5.72224
4.57821 1.52714 5.72247
4.57821 1.52714 5.72247
4.57821 1.52714 5.72247
4.57794 1.52801 5.72219
4.57794 1.52801 5.72219
4.57794 1.52801 5.72219
4.57794 1.52801 5.72219
4.57794 1.52801 5.72219
4.57917 1.52641 5.7221
4.57935 1.52421 5.72118
4.57935 1.52421 5.72118
4.578 1.52805 5.72202
4.578 1.52805 5.72202
4.57869 1.52705 5.72214
4.578 1.52805 5.72202
4.578 1.52805 5.72202
4.57844 1.5268 5.7211
4.57844 1.5268 5.7211
4.57524 1.52624 5.72405
4.57725 1.52526 5.72064
4.57784 1.52723 5.722
4.57524 1.52624 5.72405
4.57784 1.52723 5.722
2.69173 1.09326 0.6815
2.69146 1.0922 0.68059
2.69146 1.0922 0.68059
2.69146 1.0922 0.68059
2.69146 1.0922 0.68059
2.69198 1.09322 0.68156
2.68853 1.09201 0.68259
2.68853 1.09201 0.68259
2.68853 1.09201 0.68259
2.69109 1.09278 0.6816
2.69109 1.09278 0.6816
2.69109 1.09278 0.6816
2.69109 1.09278 0.6816
2.69109 1.09278 0.6816
2.69158 1.09341 0.68275
2.69158 1.09341 0.68275
1.91017 0.27128 0.73762
1.91034 0.27259 0.73625
1.91034 0.27259 0.73625
1.91059 0.27125 0.73697
1.91493 0.27199 0.73296
1.91493 0.27199 0.73296
1.91409 0.27219 0.73434
1.91409 0.27219 0.73434
1.25917 2.55605 5.39834
1.25698 2.55371 5.39514
1.25917 2.55605 5.39834
1.26224 2.55927 5.39701
1.26224 2.55927 5.39701
1.26221 2.55923 5.3972
1.26221 2.55923 5.3972
1.26221 2.55923 5.3972
1.26221 2.55923 5.3972
1.26221 2.55923 5.3972
1.26012 2.5562 5.39566
2.14062 2.39111 1.37983
2.14062 2.39111 1.37983
2.14062 2.39111 1.37983
2.14062 2.39111 1.37983
2.14062 2.39111 1.37983
2.14018 2.39185 1.37982
2.14018 2.39185 1.37982
2.14018 2.39185 1.37982
2.13968 2.39263 1.37773
2.13968 2.39263 1.37773
2.13984 2.39229 1.38006
2.13984 2.39229 1.38006
2.13984 2.39229 1.38006
2.13984 2.39229 1.38006
2.13955 2.39207 1.37826
2.13597 2.39236 1.37934
4.57902 1.04832 5.44731
4.57915 1.04696 5.44854
4.57915 1.04696 5.44854
4.57915 1.04696 5.44854
4.57915 1.04696 5.44854
4.57927 1.04767 5.44859
4.57927 1.04767 5.44859
4.57735 1.04676 5.44913
4.57735 1.04676 5.44913
4.57735 1.04676 5.44913
4.57735 1.04676 5.44913
4.57952 1.0499 5.45157
5.26039 1.27628 3.0342
5.26039 1.27628 3.0342
5.26062 1.27567 3.03498
5.26062 1.27567 3.03498
5.26062 1.27567 3.03498
5.26062 1.27567 3.03498
5.26062 1.27567 3.03498
5.2624 1.27239 3.0338
5.26209 1.27451 3.03329
5.26209 1.27451 3.03329
5.26312 1.27362 3.03235
5.26209 1.27451 3.03329
5.26209 1.27451 3.03329
5.26114 1.27876 3.03266
5.26257 1.27487 3.03655
5.25905 1.27708 3.03618
5.25905 1.27708 3.03618
0.26186 0.61573 0.60263
0.26186 0.61573 0.60263
0.26186 0.61573 0.60263
0.26217 0.61659 0.60579
0.26217 0.61659 0.60579
0.26217 0.61659 0.60579
0.26217 0.61659 0.60579
0.26217 0.61659 0.60579
0.26214 0.61435 0.60453
0.26214 0.61435 0.60453
0.26338 0.61611 0.60437
0.26214 0.61435 0.60453
0.26338 0.61611 0.60437
0.26072 0.61522 0.60591
0.26072 0.61522 0.60591
0.26041 0.61591 0.60639
0.2592 0.61542 0.60753
0.2592 0.61542 0.60753
0.2592 0.61542 0.60753
0.26078 0.61501 0.60613
0.26078 0.61501 0.60613
0.26078 0.61501 0.60613
0.26089 0.61597 0.60608
4.57791 1.52759 5.72224
4.57791 1.52759 5.72224
4.57821 1.52714 5.72247
4.57821 1.52714 5.72247
4.57853 1.52771 5.72138
4.57794 1.52801 5.72219
4.57794 1.52801 5.72219
4.57794 1.52801 5.72219
4.57794 1.52801 5.72219
4.57917 1.52641 5.7221
4.57917 1.52641 5.7221
4.57935 1.52421 5.72118
4.57935 1.52421 5.72118
4.578 1.52805 5.72202
4.578 1.52805 5.72202
4.57869 1.52705 5.72214
4.578 1.52805 5.72202
4.578 1.52805 5.72202
4.57869 1.52705 5.72214
4.57869 1.52705 5.72214
4.57524 1.52624 5.72405
4.57725 1.52526 5.72064
4.57784 1.52723 5.722
4.57784 1.52723 5.722
4.57784 1.52723 5.722
2.68904 1.09277 0.68201
2.69146 1.0922 0.68059
2.69146 1.0922 0.68059
2.69146 1.0922 0.68059
2.69146 1.0922 0.68059
2.68853 1.09201 0.68259
2.68853 1.09201 0.68259
2.68853 1.09201 0.68259
2.68853 1.09201 0.68259
2.69024 1.09385 0.68209
2.69109 1.09278 0.6816
2.69109 1.09278 0.6816
2.69109 1.09278 0.6816
2.69109 1.09278 0.6816
2.69158 1.09341 0.68275
2.69158 1.09341 0.68275
1.90844 0.27209 0.73829
1.91034 0.27259 0.73625
1.91034 0.27259 0.73625
1.91059 0.27125 0.73697
1.91059 0.27125 0.73697
1.91059 0.27125 0.73697
1.91059 0.27125 0.73697
1.90962 0.27065 0.73858
1.25917 2.55605 5.39834
1.25917 2.55605 5.39834
1.25917 2.55605 5.39834
1.26224 2.55927 5.39701
1.26224 2.55927 5.39701
1.26221 2.55923 5.3972
1.26221 2.55923 5.3972
1.26221 2.55923 5.3972
1.26221 2.55923 5.3972
1.26221 2.55923 5.3972
1.2618 2.55971 5.39666
2.14062 2.39111 1.37983
2.14062 2.39111 1.37983
2.14062 2.39111 1.37983
2.14062 2.39111 1.37983
2.14062 2.39111 1.37983
2.14046 2.39113 1.3797
2.14046 2.39113 1.3797
2.14018 2.39185 1.37982
2.14046 2.39113 1.3797
2.14046 2.39113 1.3797
2.13984 2.39229 1.38006
2.14126 2.39142 1.38032
2.14126 2.39142 1.38032
2.14126 2.39142 1.38032
2.13955 2.39207 1.37826
2.14126 2.39142 1.38032
4.57902 1.04832 5.44731
4.57915 1.04696 5.44854
4.57915 1.04696 5.44854
4.57915 1.04696 5.44854
4.57915 1.04696 5.44854
4.57915 1.04696 5.44854
4.57927 1.04767 5.44859
4.57735 1.04676 5.44913
4.57735 1.04676 5.44913
4.57956 1.05001 5.44878
4.57956 1.05001 5.44878
4.57952 1.0499 5.45157
0 0 0
5.26039 1.27628 3.0342
5.26062 1.27567 3.03498
5.26062 1.27567 3.03498
5.26062 1.27567 3.03498
5.26062 1.27567 3.03498
5.26062 1.27567 3.03498
5.26348 1.27383 3.0334
5.26209 1.27451 3.03329
5.26209 1.27451 3.03329
5.26209 1.27451 3.03329
5.26209 1.27451 3.03329
5.26209 1.27451 3.03329
5.26114 1.27876 3.03266
5.26257 1.27487 3.03655
5.26257 1.27487 3.03655
5.26257 1.27487 3.03655
5.25905 1.27708 3.03618
0.26186 0.61573 0.60263
0.2593 0.61557 0.60658
0.26217 0.61659 0.60579
0.26217 0.61659 0.60579
0.26217 0.61659 0.60579
0.26217 0.61659 0.60579
0.26217 0.61659 0.60579
0.26214 0.61435 0.60453
0.26214 0.61435 0.60453
0.26214 0.61435 0.60453
0.26214 0.61435 0.60453
0.2617 0.61202 0.60493
0.26072 0.61522 0.60591
0.26072 0.61522 0.60591
0.26064 0.61606 0.60626
0.26064 0.61606 0.60626
0.26044 0.61593 0.60627
0.26044 0.61593 0.60627
0.26044 0.61593 0.60627
0.26044 0.61593 0.60627
0.26044 0.61593 0.60627
0.26089 0.61597 0.60608
4.58383 1.52683 5.72524
4.57997 1.52419 5.72431
4.57821 1.52714 5.72247
4.57821 1.52714 5.72247
4.57821 1.52714 5.72247
4.57794 1.52801 5.72219
4.57794 1.52801 5.72219
4.57794 1.52801 5.72219
4.57794 1.52801 5.72219
4.57794 1.52801 5.72219
4.58046 1.52371 5.7209
4.57898 1.5274 5.72381
4.57898 1.5274 5.72381
4.57898 1.5274 5.72381
4.57898 1.5274 5.72381
4.57898 1.5274 5.72381
4.57818 1.52814 5.72234
4.57818 1.52814 5.72234
4.57783 1.52702 5.72208
4.57524 1.52624 5.72405
4.57524 1.52624 5.72405
4.57524 1.52624 5.72405
4.57524 1.52624 5.72405
4.57524 1.52624 5.72405
4.57784 1.52723 5.722
2.69198 1.09221 0.68158
2.69198 1.09221 0.68158
2.69198 1.09221 0.68158
2.69198 1.09221 0.68158
2.69146 1.0922 0.68059
2.69146 1.0922 0.68059
2.69204 1.0931 0.68221
2.68853 1.09201 0.68259
2.6918 1.09228 0.68154
2.69024 1.09385 0.68209
2.69024 1.09385 0.68209
2.69024 1.09385 0.68209
2.69024 1.09385 0.68209
2.69024 1.09385 0.68209
2.69169 1.09362 0.68023
2.69158 1.09341 0.68275
1.9101 0.27122 0.7376
1.9101 0.27122 0.7376
1.91059 0.27125 0.73697
1.91332 0.27078 0.73289
1.91059 0.27125 0.73697
1.91059 0.27125 0.73697
1.91059 0.27125 0.73697
1.90962 0.27065 0.73858
1.90962 0.27065 0.73858
1.25698 2.55371 5.39514
1.25922 2.55968 5.39808
1.26224 2.55927 5.39701
1.26224 2.55927 5.39701
1.26221 2.55923 5.3972
1.26221 2.55923 5.3972
1.26224 2.55927 5.39701
1.26221 2.55923 5.3972
1.26221 2.55923 5.3972
1.2618 2.55971 5.39666
2.14062 2.39111 1.37983
2.14062 2.39111 1.37983
2.14062 2.39111 1.37983
2.14062 2.39111 1.37983
2.14062 2.39111 1.37983
2.138 2.39245 1.3786
2.14018 2.39185 1.37982
2.14018 2.39185 1.37982
2.14046 2.39113 1.3797
2.14046 2.39113 1.3797
2.14023 2.39102 1.37926
2.14126 2.39142 1.38032
2.14023 2.39102 1.37926
2.14126 2.39142 1.38032
2.14126 2.39142 1.38032
2.14147 2.39166 1.38069
4.57902 1.04832 5.44731
4.57902 1.04832 5.44731
4.57902 1.04832 5.44731
4.57864 1.04736 5.44856
4.57864 1.04736 5.44856
4.57864 1.04736 5.44856
4.57864 1.04736 5.44856
4.57735 1.04676 5.44913
4.57735 1.04676 5.44913
4.57911 1.04903 5.44912
4.57911 1.04903 5.44912
4.57909 1.04905 5.44944
4.57909 1.04905 5.44944
4.57909 1.04905 5.44944
0 0 0
5.26039 1.27628 3.0342
5.26062 1.27567 3.03498
5.26176 1.27422 3.03373
5.26176 1.27422 3.03373
5.26176 1.27422 3.03373
5.26348 1.27383 3.0334
5.26377 1.27693 3.03662
5.26319 1.27511 3.03342
5.26319 1.27511 3.03342
5.26319 1.27511 3.03342
5.2606 1.27533 3.03326
5.2606 1.27533 3.03326
5.2606 1.27533 3.03326
5.2606 1.27533 3.03326
5.25905 1.27708 3.03618
0.26186 0.61573 0.60263
0.2593 0.61557 0.60658
0.2593 0.61557 0.60658
0.26217 0.61659 0.60579
0.26012 0.61556 0.6061
0.26217 0.61659 0.60579
0.26217 0.61659 0.60579
0.25815 0.61573 0.60893
0.25815 0.61573 0.60893
0.25815 0.61573 0.60893
0.26214 0.61435 0.60453
0.2617 0.61202 0.60493
0.26474 0.61434 0.60053
0.26064 0.61606 0.60626
0.26064 0.61606 0.60626
0.26053 0.61618 0.60602
0.26053 0.61618 0.60602
0.26064 0.61606 0.60626
0.26053 0.61618 0.60602
0.26044 0.61593 0.60627
0.26044 0.61593 0.60627
0.26089 0.61597 0.60608
4.57433 1.52691 5.72376
4.57997 1.52419 5.72431
4.57997 1.52419 5.72431
4.57671 1.52818 5.7225
4.57834 1.52828 5.72358
4.57794 1.52801 5.72219
4.57794 1.52801 5.72219
4.57794 1.52801 5.72219
4.57794 1.52801 5.72219
4.57713 1.52734 5.72102
4.57948 1.52701 5.72041
4.57713 1.52515 5.71973
4.57713 1.52515 5.71973
4.57898 1.5274 5.72381
4.57818 1.52814 5.72234
4.57898 1.5274 5.72381
4.58092 1.52957 5.72285
4.57818 1.52814 5.72234
4.57783 1.52702 5.72208
4.57647 1.52738 5.72167
4.57647 1.52738 5.72167
4.57524 1.52624 5.72405
4.57524 1.52624 5.72405
4.57524 1.52624 5.72405
4.57784 1.52723 5.722
2.69198 1.09221 0.68158
2.69198 1.09221 0.68158
2.69198 1.09221 0.68158
2.69198 1.09221 0.68158
2.69146 1.0922 0.68059
2.69146 1.0922 0.68059
2.69171 1.09251 0.6817
2.69171 1.09251 0.6817
2.69171 1.09251 0.6817
2.69109 1.09278 0.6816
2.69109 1.09278 0.6816
2.69109 1.09278 0.6816
2.69109 1.09278 0.6816
2.69109 1.09278 0.6816
2.69169 1.09362 0.68023
2.69158 1.09341 0.68275
1.90932 0.27112 0.7387
1.9101 0.27122 0.7376
1.91332 0.27078 0.73289
1.91332 0.27078 0.73289
1.91332 0.27078 0.73289
1.91332 0.27078 0.73289
1.91332 0.27078 0.73289
1.91122 0.2705 0.73528
1.90764 0.27155 0.73927
1.91667 0.27185 0.72918
0 0 0
1.26172 2.55945 5.39599
1.26224 2.55927 5.39701
1.26221 2.55923 5.3972
1.26221 2.55923 5.3972
1.26224 2.55927 5.39701
1.26221 2.55923 5.3972
1.26221 2.55923 5.3972
1.2618 2.55971 5.39666
2.14062 2.39099 1.37984
2.14062 2.39099 1.37984
2.14062 2.39099 1.37984
2.14062 2.39099 1.37984
2.138 2.39245 1.3786
2.138 2.39245 1.3786
2.13725 2.39384 1.37995
2.14067 2.39097 1.38019
2.14067 2.39097 1.38019
2.14067 2.39097 1.38019
2.14054 2.3909 1.37944
2.14054 2.3909 1.37944
2.14023 2.39102 1.37926
2.14023 2.39102 1.37926
2.14023 2.39102 1.37926
2.14126 2.39142 1.38032
4.57902 1.04832 5.44731
4.57902 1.04832 5.44731
4.58125 1.04381 5.44543
4.57864 1.04736 5.44856
4.57864 1.04736 5.44856
4.57898 1.04621 5.45197
4.57864 1.04736 5.44856
4.57864 1.04736 5.44856
4.57735 1.04676 5.44913
4.57735 1.04676 5.44913
4.57735 1.04676 5.44913
4.57735 1.04676 5.44913
4.5816 1.04873 5.44608
4.5816 1.04873 5.44608
0 0 0
0 0 0
5.26062 1.27567 3.03498
5.26176 1.27422 3.03373
5.26176 1.27422 3.03373
5.26176 1.27422 3.03373
5.26176 1.27422 3.03373
5.26176 1.27422 3.03373
5.26319 1.27511 3.03342
5.26319 1.27511 3.03342
5.26319 1.27511 3.03342
5.26319 1.27511 3.03342
5.26319 1.27511 3.03342
5.2606 1.27533 3.03326
5.26165 1.27387 3.03228
5.2606 1.27533 3.03326
0.26186 0.61573 0.60263
0.2593 0.61557 0.60658
0.26133 0.61567 0.60398
0.26133 0.61567 0.60398
0.26012 0.61556 0.6061
0.26012 0.61556 0.6061
0.26012 0.61556 0.6061
0.26012 0.61556 0.6061
0.26012 0.61556 0.6061
0.2618 0.61451 0.60594
0.2618 0.61451 0.60594
0.2617 0.61202 0.60493
0.25875 0.6093 0.60926
0.26064 0.61606 0.60626
0.26064 0.61606 0.60626
0.26053 0.61618 0.60602
0.26053 0.61618 0.60602
0.26053 0.61618 0.60602
0.26053 0.61618 0.60602
0.26044 0.61593 0.60627
0.26044 0.61593 0.60627
0.26089 0.61597 0.60608
4.57872 1.52684 5.72139
4.57997 1.52419 5.72431
4.57997 1.52419 5.72431
4.57872 1.52684 5.72139
4.57872 1.52684 5.72139
4.57794 1.52801 5.72219
4.57713 1.52734 5.72102
4.57794 1.52801 5.72219
4.57794 1.52801 5.72219
4.57794 1.52801 5.72219
4.57948 1.52701 5.72041
4.57713 1.52515 5.71973
4.57713 1.52515 5.71973
4.57724 1.52784 5.7212
4.57783 1.52702 5.72208
4.57818 1.52814 5.72234
4.57818 1.52814 5.72234
4.57818 1.52814 5.72234
4.57783 1.52702 5.72208
4.57647 1.52738 5.72167
4.57647 1.52738 5.72167
4.57647 1.52738 5.72167
4.57647 1.52738 5.72167
4.57521 1.52786 5.72106
4.5752 1.52855 5.72247
2.69198 1.09221 0.68158
2.69146 1.0922 0.68059
2.69146 1.0922 0.68059
2.69198 1.09221 0.68158
2.69206 1.09232 0.68016
2.69146 1.0922 0.68059
2.69171 1.09251 0.6817
2.69171 1.09251 0.6817
2.69171 1.09251 0.6817
2.69171 1.09251 0.6817
2.69109 1.09278 0.6816
2.69109 1.09278 0.6816
2.69109 1.09278 0.6816
2.69109 1.09278 0.6816
2.69169 1.09362 0.68023
2.69158 1.09341 0.68275
1.9101 0.27122 0.7376
1.91094 0.26936 0.73553
1.91332 0.27078 0.73289
1.91332 0.27078 0.73289
1.91332 0.27078 0.73289
1.91332 0.27078 0.73289
1.91332 0.27078 0.73289
1.9088 0.27061 0.73805
1.9088 0.27061 0.73805
1.91122 0.2705 0.73528
1.91122 0.2705 0.73528
1.26224 2.55927 5.39701
1.26224 2.55927 5.39701
1.26221 2.55923 5.3972
1.26221 2.55923 5.3972
1.26224 2.55927 5.39701
1.2644 2.55965 5.39805
1.2644 2.55965 5.39805
2.14062 2.39099 1.37984
2.14062 2.39099 1.37984
2.14062 2.39099 1.37984
2.14062 2.39099 1.37984
2.14062 2.39099 1.37984
2.14059 2.39026 1.37981
2.14067 2.39097 1.38019
2.14067 2.39097 1.38019
2.14067 2.39097 1.38019
2.14067 2.39097 1.38019
2.14067 2.39097 1.38019
2.14054 2.3909 1.37944
2.14054 2.3909 1.37944
2.14023 2.39102 1.37926
2.14023 2.39102 1.37926
2.14023 2.39102 1.37926
4.58125 1.04381 5.44543
4.57632 1.04628 5.44998
4.57632 1.04628 5.44998
4.57632 1.04628 5.44998
4.57864 1.04736 5.44856
4.57864 1.04736 5.44856
4.58048 1.04827 5.45028
4.57864 1.04736 5.44856
4.57864 1.04736 5.44856
4.57893 1.04844 5.4489
4.57512 1.04772 5.45016
4.57512 1.04772 5.45016
4.57909 1.04905 5.44944
4.57909 1.04905 5.44944
4.57909 1.04905 5.44944
4.5816 1.04873 5.44608
4.5816 1.04873 5.44608
5.26121 1.27141 3.0329
5.26176 1.27422 3.03373
5.26099 1.27224 3.03601
5.26099 1.27224 3.03601
5.26176 1.27422 3.03373
5.26176 1.27422 3.03373
5.26319 1.27511 3.03342
5.26319 1.27511 3.03342
5.26312 1.27362 3.03235
5.26165 1.27387 3.03228
5.26312 1.27362 3.03235
5.26165 1.27387 3.03228
5.26165 1.27387 3.03228
5.2606 1.27533 3.03326
0.26472 0.61388 0.60135
0.2593 0.61557 0.60658
0.26133 0.61567 0.60398
0.26133 0.61567 0.60398
0.26012 0.61556 0.6061
0.26012 0.61556 0.6061
0.26012 0.61556 0.6061
0.25815 0.61573 0.60893
0.26012 0.61556 0.6061
0.25815 0.61573 0.60893
0.25815 0.61573 0.60893
0.2618 0.61451 0.60594
0.25401 0.61483 0.60745
0.26064 0.61606 0.60626
0.26017 0.61681 0.6062
0.26017 0.61681 0.6062
0.26064 0.61606 0.60626
0.26064 0.61606 0.60626
0.26065 0.61692 0.6042
0.26044 0.61593 0.60627
0.25958 0.61542 0.60889
0.25958 0.61542 0.60889
4.57785 1.52633 5.72192
4.57785 1.52633 5.72192
4.57785 1.52633 5.72192
4.57785 1.52633 5.72192
4.57872 1.52684 5.72139
4.57713 1.52734 5.72102
4.57713 1.52734 5.72102
4.57713 1.52734 5.72102
4.57713 1.52734 5.72102
4.57713 1.52734 5.72102
4.57948 1.52701 5.72041
4.57727 1.52462 5.723
4.57898 1.5274 5.72381
4.57724 1.52784 5.7212
4.57783 1.52702 5.72208
4.57818 1.52814 5.72234
4.57818 1.52814 5.72234
4.57818 1.52814 5.72234
4.57783 1.52702 5.72208
4.57647 1.52738 5.72167
4.57647 1.52738 5.72167
4.57647 1.52738 5.72167
4.57647 1.52738 5.72167
4.57521 1.52786 5.72106
4.5752 1.52855 5.72247
0 0 0
2.69013 1.09201 0.68165
2.69013 1.09201 0.68165
2.69198 1.09221 0.68158
2.69307 1.09196 0.6828
2.69171 1.09251 0.6817
2.69171 1.09251 0.6817
2.69171 1.09251 0.6817
2.69171 1.09251 0.6817
2.69171 1.09251 0.6817
2.69109 1.0926 0.68148
2.69109 1.0926 0.68148
2.69109 1.0926 0.68148
2.68983 1.09189 0.68332
2.69109 1.0926 0.68148
2.68983 1.09189 0.68332
1.9101 0.27122 0.7376
1.91094 0.26936 0.73553
1.91332 0.27078 0.73289
1.91332 0.27078 0.73289
1.9088 0.27061 0.73805
1.91332 0.27078 0.73289
1.91332 0.27078 0.73289
1.9088 0.27061 0.73805
1.9088 0.27061 0.73805
1.91042 0.27114 0.7372
1.91042 0.27114 0.7372
1.26204 2.56224 5.3944
1.26545 2.55858 5.40055
1.26545 2.55858 5.40055
1.26545 2.55858 5.40055
1.2644 2.55965 5.39805
1.2644 2.55965 5.39805
1.2644 2.55965 5.39805
0 0 0
2.14094 2.39104 1.38008
2.14094 2.39104 1.38008
2.14062 2.39099 1.37984
2.14094 2.39104 1.38008
2.14041 2.39096 1.37986
2.14041 2.39096 1.37986
2.14041 2.39096 1.37986
2.14067 2.39097 1.38019
2.14038 2.39014 1.37974
2.14038 2.39014 1.37974
2.14054 2.3909 1.37944
2.14054 2.3909 1.37944
2.14023 2.39102 1.37926
2.14023 2.39102 1.37926
2.14023 2.39102 1.37926
4.57846 1.04734 5.44746
4.57632 1.04628 5.44998
4.57846 1.04734 5.44746
4.57702 1.04896 5.44898
4.57875 1.04713 5.44857
4.57864 1.04736 5.44856
4.57875 1.04713 5.44857
4.57864 1.04736 5.44856
4.57864 1.04736 5.44856
4.57893 1.04844 5.4489
4.57974 1.04805 5.45019
4.57823 1.04685 5.44793
4.57974 1.04805 5.45019
4.5816 1.04873 5.44608
4.57909 1.04905 5.44944
4.5816 1.04873 5.44608
4.5816 1.04873 5.44608
4.57932 1.04855 5.44991
5.26121 1.27141 3.0329
5.26176 1.27422 3.03373
5.26176 1.27422 3.03373
5.26176 1.27422 3.03373
5.26176 1.27422 3.03373
5.26319 1.27511 3.03342
5.26209 1.27449 3.03196
5.26209 1.27449 3.03196
5.26165 1.27387 3.03228
5.26165 1.27387 3.03228
5.26371 1.27527 3.03126
5.26165 1.27387 3.03228
5.26247 1.27462 3.03442
0.26472 0.61388 0.60135
0.26027 0.61623 0.60669
0.26133 0.61567 0.60398
0.26133 0.61567 0.60398
0.26074 0.61598 0.60652
0.2593 0.61557 0.60658
0.26133 0.61567 0.60398
0.25815 0.61573 0.60893
0.25815 0.61573 0.60893
0.25815 0.61573 0.60893
3.33723 2.07797 3.97886
3.33578 2.07827 3.97862
3.33578 2.07827 3.97862
3.33552 2.07828 3.97857
3.33552 2.07828 3.97857
3.33552 2.07828 3.97857
3.33826 2.08135 3.982
3.33553 2.08019 3.97515
3.33553 2.08019 3.97515
3.33553 2.08019 3.97515
3.33553 2.08019 3.97515
3.33553 2.08019 3.97515
4.57785 1.52633 5.72192
4.57785 1.52633 5.72192
4.57785 1.52633 5.72192
4.57693 1.52816 5.72329
4.57872 1.52684 5.72139
4.57671 1.52818 5.7225
4.57948 1.52701 5.72041
4.57948 1.52701 5.72041
4.57948 1.52701 5.72041
4.57948 1.52701 5.72041
4.57948 1.52701 5.72041
4.57713 1.52515 5.71973
4.57713 1.52515 5.71973
4.57724 1.52784 5.7212
4.57818 1.52814 5.72234
4.57818 1.52814 5.72234
4.57818 1.52814 5.72234
4.57724 1.52784 5.7212
4.57819 1.52718 5.72065
4.57647 1.52738 5.72167
4.57647 1.52738 5.72167
4.57647 1.52738 5.72167
4.57521 1.52786 5.72106
4.57521 1.52786 5.72106
4.57624 1.52741 5.71976
2.69219 1.09572 0.67899
2.69013 1.09201 0.68165
2.69013 1.09201 0.68165
2.69307 1.09196 0.6828
2.69307 1.09196 0.6828
2.69171 1.09251 0.6817
2.69204 1.0931 0.68221
2.69204 1.0931 0.68221
2.69204 1.0931 0.68221
2.69171 1.09251 0.6817
2.69204 1.0931 0.68221
2.69109 1.0926 0.68148
2.69109 1.0926 0.68148
2.69109 1.0926 0.68148
2.69109 1.0926 0.68148
2.68983 1.09189 0.68332
1.9101 0.27122 0.7376
1.9101 0.27122 0.7376
1.91124 0.27099 0.73604
1.91124 0.27099 0.73604
1.91124 0.27099 0.73604
1.91667 0.27185 0.72918
1.91667 0.27185 0.72918
1.9088 0.27061 0.73805
1.9088 0.27061 0.73805
1.91042 0.27114 0.7372
1.90487 0.26972 0.74262
1.90238 0.26749 0.74399
1.26224 2.55927 5.39862
1.26224 2.55927 5.39862
1.26224 2.55927 5.39862
1.2644 2.55965 5.39805
1.2644 2.55965 5.39805
1.2644 2.55965 5.39805
2.14336 2.39109 1.37923
2.14336 2.39109 1.37923
2.14336 2.39109 1.37923
2.14094 2.39104 1.38008
2.14094 2.39104 1.38008
2.14094 2.39104 1.38008
2.14067 2.39097 1.38019
2.14067 2.39097 1.38019
2.14067 2.39097 1.38019
2.14067 2.39097 1.38019
2.14067 2.39097 1.38019
2.14054 2.3909 1.37944
2.14054 2.3909 1.37944
2.14023 2.39102 1.37926
2.14023 2.39102 1.37926
4.57789 1.04598 5.44927
4.57789 1.04598 5.44927
4.57789 1.04598 5.44927
4.57789 1.04598 5.44927
4.58107 1.04705 5.44639
4.57875 1.04713 5.44857
4.57887 1.04787 5.44815
4.57875 1.04713 5.44857
4.57864 1.04736 5.44856
4.57864 1.04736 5.44856
4.57887 1.04787 5.44815
4.57823 1.04685 5.44793
4.57823 1.04685 5.44793
4.57974 1.04805 5.45019
4.57909 1.04905 5.44944
4.57909 1.04905 5.44944
4.57909 1.04905 5.44944
4.57909 1.04905 5.44944
4.57932 1.04855 5.44991
4.57932 1.04855 5.44991
5.26176 1.27422 3.03373
5.26176 1.27422 3.03373
5.26176 1.27422 3.03373
5.26176 1.27422 3.03373
5.26208 1.27328 3.03309
5.26209 1.27449 3.03196
5.26165 1.27387 3.03228
5.26165 1.27387 3.03228
5.26165 1.27387 3.03228
5.26243 1.27416 3.03324
5.26243 1.27416 3.03324
0 0 0
0.26074 0.61598 0.60652
0.26074 0.61598 0.60652
0.26074 0.61598 0.60652
0.26074 0.61598 0.60652
0.26074 0.61598 0.60652
0.25985 0.62046 0.60755
0 0 0
3.33834 2.07663 3.98034
3.33834 2.07663 3.98034
3.33723 2.07797 3.97886
3.33619 2.07827 3.97877
3.33578 2.07827 3.97862
3.33578 2.07827 3.97862
3.33552 2.07828 3.97857
3.33552 2.07828 3.97857
3.33552 2.07828 3.97857
3.33548 2.07929 3.97803
3.33448 2.08025 3.97935
3.33553 2.08019 3.97515
3.33553 2.08019 3.97515
3.3344 2.08112 3.97878
3.33553 2.08019 3.97515
3.3344 2.08112 3.97878
4.57367 1.52757 5.72558
4.57367 1.52757 5.72558
4.57693 1.52816 5.72329
4.57693 1.52816 5.72329
4.57693 1.52816 5.72329
4.57879 1.52901 5.72235
4.57671 1.52818 5.7225
4.57948 1.52701 5.72041
4.57948 1.52701 5.72041
4.57948 1.52701 5.72041
4.57727 1.52462 5.723
4.57727 1.52462 5.723
4.57724 1.52784 5.7212
4.57724 1.52784 5.7212
4.57724 1.52784 5.7212
4.57759 1.52869 5.71973
4.57724 1.52784 5.7212
4.57759 1.52869 5.71973
4.57647 1.52738 5.72167
4.57647 1.52738 5.72167
4.57647 1.52738 5.72167
4.57521 1.52786 5.72106
4.57521 1.52786 5.72106
4.57624 1.52741 5.71976
2.69219 1.09572 0.67899
2.69013 1.09201 0.68165
2.69013 1.09201 0.68165
2.69013 1.09201 0.68165
2.6916 1.09006 0.67961
2.69171 1.09251 0.6817
2.69171 1.09251 0.6817
2.69171 1.09251 0.6817
2.69171 1.09251 0.6817
2.69171 1.09251 0.6817
2.69279 1.08987 0.67926
2.69109 1.0926 0.68148
2.69109 1.0926 0.68148
2.69109 1.0926 0.68148
2.69109 1.0926 0.68148
2.69047 1.0944 0.67978
2.69047 1.0944 0.67978
1.91124 0.27099 0.73604
1.91124 0.27099 0.73604
1.91124 0.27099 0.73604
1.91124 0.27099 0.73604
1.90889 0.27115 0.73839
1.90889 0.27115 0.73839
1.90889 0.27115 0.73839
1.9088 0.27061 0.73805
1.90487 0.26972 0.74262
1.90487 0.26972 0.74262
1.91016 0.27065 0.73636
0 0 0
1.26545 2.55858 5.40055
1.26211 2.55948 5.39635
1.26211 2.55948 5.39635
1.26545 2.55858 5.40055
2.14336 2.39109 1.37923
2.14201 2.39055 1.38043
2.14094 2.39104 1.38008
2.14094 2.39104 1.38008
2.14041 2.39096 1.37986
2.14041 2.39096 1.37986
2.14041 2.39096 1.37986
2.14067 2.39097 1.38019
2.14067 2.39097 1.38019
2.14067 2.39097 1.38019
2.14129 2.39049 1.37959
2.14067 2.39097 1.38019
2.13973 2.39246 1.37789
2.13973 2.39246 1.37789
2.13973 2.39246 1.37789
2.13973 2.39246 1.37789
4.57936 1.04746 5.45007
4.57936 1.04746 5.45007
4.57789 1.04598 5.44927
4.57789 1.04598 5.44927
4.57789 1.04598 5.44927
4.57875 1.04713 5.44857
4.57887 1.04787 5.44815
4.57875 1.04713 5.44857
4.57887 1.04787 5.44815
4.57875 1.04713 5.44857
4.57887 1.04787 5.44815
4.57823 1.04685 5.44793
4.57823 1.04685 5.44793
4.57974 1.04805 5.45019
4.57747 1.04945 5.44929
4.57747 1.04945 5.44929
4.57932 1.04855 5.44991
4.57932 1.04855 5.44991
4.57932 1.04855 5.44991
4.57932 1.04855 5.44991
4.57932 1.04855 5.44991
5.26016 1.27612 3.03598
5.26099 1.27224 3.03601
5.25861 1.27445 3.03221
5.25861 1.27445 3.03221
5.25861 1.27445 3.03221
5.26209 1.27449 3.03196
5.26208 1.27328 3.03309
5.26208 1.27328 3.03309
5.26238 1.27449 3.0334
5.26238 1.27449 3.0334
0 0 0
0.26074 0.61598 0.60652
0.26074 0.61598 0.60652
0.26027 0.61623 0.60669
0.26074 0.61598 0.60652
0.26074 0.61598 0.60652
0 0 0
0 0 0
3.33785 2.07658 3.97941
3.33834 2.07663 3.98034
3.33723 2.07797 3.97886
3.33619 2.07827 3.97877
3.33578 2.07827 3.97862
3.33578 2.07827 3.97862
3.33578 2.07827 3.97862
3.33552 2.07828 3.97857
3.33552 2.07828 3.97857
3.33548 2.07929 3.97803
3.33553 2.08019 3.97515
3.33553 2.08019 3.97515
3.33553 2.08019 3.97515
3.33729 2.07813 3.97677
3.33729 2.07813 3.97677
3.33689 2.07684 3.98063
3.33689 2.07684 3.98063
4.57785 1.52633 5.72192
4.57693 1.52816 5.72329
4.57872 1.52684 5.72139
4.57879 1.52901 5.72235
4.57879 1.52901 5.72235
4.57693 1.52816 5.72329
4.57879 1.52901 5.72235
4.57879 1.52901 5.72235
4.57752 1.52913 5.72351
4.58055 1.52609 5.72122
4.58055 1.52609 5.72122
4.58055 1.52609 5.72122
4.57759 1.52869 5.71973
4.57759 1.52869 5.71973
4.57711 1.52883 5.72127
4.57711 1.52883 5.72127
4.57711 1.52883 5.72127
4.57711 1.52883 5.72127
4.57796 1.52737 5.72209
4.57819 1.52718 5.72065
4.57468 1.52689 5.72113
4.57468 1.52689 5.72113
4.58092 1.52982 5.71894
2.69013 1.09201 0.68165
2.69013 1.09201 0.68165
2.69053 1.09142 0.68088
2.69013 1.09201 0.68165
2.69053 1.09142 0.68088
2.69017 1.09164 0.68143
2.69017 1.09164 0.68143
2.69413 1.09239 0.68131
2.69017 1.09164 0.68143
2.69067 1.09231 0.68141
2.69109 1.0926 0.68148
2.69109 1.0926 0.68148
2.69109 1.0926 0.68148
2.69109 1.0926 0.68148
2.69109 1.0926 0.68148
2.69047 1.0944 0.67978
2.69921 1.09283 0.67459
1.91124 0.27099 0.73604
1.91092 0.27159 0.73706
1.91092 0.27159 0.73706
1.91092 0.27159 0.73706
1.90889 0.27115 0.73839
1.91042 0.27114 0.7372
1.90889 0.27115 0.73839
1.90889 0.27115 0.73839
1.90889 0.27115 0.73839
1.90487 0.26972 0.74262
1.91035 0.27123 0.73741
1.26545 2.55858 5.40055
1.2662 2.55914 5.40154
1.26545 2.55858 5.40055
1.26545 2.55858 5.40055
1.26545 2.55858 5.40055
2.14201 2.39055 1.38043
2.14201 2.39055 1.38043
2.14201 2.39055 1.38043
2.14201 2.39055 1.38043
2.14094 2.39104 1.38008
2.14041 2.39096 1.37986
2.14094 2.39104 1.38008
2.14038 2.39014 1.37974
2.14038 2.39014 1.37974
2.14131 2.39093 1.3802
2.14129 2.39049 1.37959
2.14161 2.39001 1.38157
2.14161 2.39001 1.38157
2.13973 2.39246 1.37789
2.13973 2.39246 1.37789
2.13973 2.39246 1.37789
4.57789 1.04598 5.44927
4.57936 1.04746 5.45007
4.57789 1.04598 5.44927
4.57846 1.04734 5.44746
4.57954 1.04951 5.44738
4.57951 1.04696 5.44863
4.57951 1.04696 5.44863
4.57951 1.04696 5.44863
4.57951 1.04696 5.44863
4.57875 1.04713 5.44857
4.57974 1.04805 5.45019
4.57974 1.04805 5.45019
4.57941 1.04685 5.44839
4.57941 1.04685 5.44839
4.57747 1.04945 5.44929
4.57941 1.04685 5.44839
4.57932 1.04855 5.44991
4.57747 1.04945 5.44929
4.57932 1.04855 5.44991
4.57932 1.04855 5.44991
4.57816 1.05143 5.44601
4.57816 1.05143 5.44601
5.26209 1.27449 3.03196
5.25861 1.27445 3.03221
5.26209 1.27449 3.03196
5.26209 1.27449 3.03196
5.26209 1.27449 3.03196
5.26234 1.27452 3.03346
5.26234 1.27452 3.03346
5.26238 1.27449 3.0334
5.26238 1.27449 3.0334
5.26238 1.27449 3.0334
0.26074 0.61598 0.60652
0.26074 0.61598 0.60652
0.26074 0.61598 0.60652
0 0 0
3.33573 2.0773 3.97883
3.33785 2.07658 3.97941
3.33723 2.07797 3.97886
3.33785 2.07658 3.97941
3.33723 2.07797 3.97886
3.33723 2.07797 3.97886
3.33619 2.07827 3.97877
3.33578 2.07854 3.9786
3.33552 2.07828 3.97857
3.33552 2.07828 3.97857
3.33552 2.07828 3.97857
3.33548 2.07929 3.97803
3.33548 2.07929 3.97803
3.33673 2.07917 3.98024
3.33673 2.07917 3.98024
3.33738 2.07736 3.97906
3.33738 2.07736 3.97906
3.33738 2.07736 3.97906
3.33738 2.07736 3.97906
3.33576 2.07758 3.98051
3.33576 2.07758 3.98051
4.57693 1.52816 5.72329
4.57828 1.52817 5.72271
4.57879 1.52901 5.72235
4.57879 1.52901 5.72235
4.57828 1.52817 5.72271
4.57879 1.52901 5.72235
4.57879 1.52901 5.72235
4.57869 1.52793 5.72277
4.57869 1.52793 5.72277
4.57869 1.52793 5.72277
4.57725 1.5293 5.72055
4.57759 1.52869 5.71973
4.57711 1.52883 5.72127
4.57759 1.52869 5.71973
4.57711 1.52883 5.72127
4.5772 1.52764 5.7201
4.57796 1.52737 5.72209
4.57796 1.52737 5.72209
4.57796 1.52737 5.72209
4.57698 1.52837 5.72236
4.57698 1.52837 5.72236
4.57698 1.52837 5.72236
2.69454 1.09555 0.68166
2.69053 1.09142 0.68088
2.69053 1.09142 0.68088
2.69053 1.09142 0.68088
2.69156 1.09385 0.6851
2.69034 1.0948 0.68376
2.69034 1.0948 0.68376
2.69034 1.0948 0.68376
2.69413 1.09239 0.68131
2.69067 1.09231 0.68141
2.69279 1.08987 0.67926
2.69067 1.09231 0.68141
2.69067 1.09231 0.68141
2.69067 1.09231 0.68141
2.69047 1.0944 0.67978
2.69047 1.0944 0.67978
1.91092 0.27159 0.73706
1.91092 0.27159 0.73706
1.91092 0.27159 0.73706
1.91092 0.27159 0.73706
1.91092 0.27159 0.73706
1.91518 0.27063 0.73295
1.91042 0.27114 0.7372
1.91042 0.27114 0.7372
1.91042 0.27114 0.7372
1.91042 0.27114 0.7372
1.90932 0.27082 0.73846
1.90932 0.27082 0.73846
1.90932 0.27082 0.73846
0 0 0
1.26339 2.55919 5.39921
1.26339 2.55919 5.39921
1.26545 2.55858 5.40055
2.14201 2.39055 1.38043
2.14336 2.39109 1.37923
2.14336 2.39109 1.37923
2.14336 2.39109 1.37923
2.14336 2.39109 1.37923
2.14131 2.39093 1.3802
2.14094 2.39104 1.38008
2.14041 2.39096 1.37986
2.14041 2.39096 1.37986
2.14131 2.39093 1.3802
2.14038 2.39014 1.37974
2.14038 2.39014 1.37974
2.14161 2.39001 1.38157
2.14161 2.39001 1.38157
2.14117 2.38918 1.38419
0 0 0
4.57789 1.04598 5.44927
4.57936 1.04746 5.45007
4.57936 1.04746 5.45007
4.57954 1.04951 5.44738
4.57954 1.04951 5.44738
4.57951 1.04696 5.44863
4.57951 1.04696 5.44863
4.57951 1.04696 5.44863
4.57951 1.04696 5.44863
4.57951 1.04696 5.44863
4.57974 1.04805 5.45019
4.57974 1.04805 5.45019
4.57941 1.04685 5.44839
4.57941 1.04685 5.44839
4.57747 1.04945 5.44929
4.57747 1.04945 5.44929
4.57747 1.04945 5.44929
4.57747 1.04945 5.44929
4.57525 1.0513 5.45146
4.57932 1.04855 5.44991
4.57932 1.04855 5.44991
4.57583 1.04712 5.4488
5.26209 1.27449 3.03196
5.26209 1.27449 3.03196
5.26209 1.27449 3.03196
5.26209 1.27449 3.03196
5.26209 1.27449 3.03196
5.26234 1.27452 3.03346
5.26234 1.27452 3.03346
5.26238 1.27449 3.0334
5.26247 1.27462 3.03442
5.26247 1.27462 3.03442
3.33484 2.0797 3.97742
3.33484 2.0797 3.97742
3.33573 2.0773 3.97883
3.33573 2.0773 3.97883
3.33573 2.0773 3.97883
3.33573 2.0773 3.97883
3.33723 2.07797 3.97886
3.33723 2.07797 3.97886
3.33561 2.07668 3.9781
3.33561 2.07668 3.9781
3.33561 2.07668 3.9781
3.33561 2.07668 3.9781
3.33561 2.07668 3.9781
3.33578 2.07854 3.9786
3.33548 2.07929 3.97803
3.33548 2.07929 3.97803
3.33548 2.07929 3.97803
3.33657 2.07855 3.97889
3.33657 2.07855 3.97889
3.33657 2.07855 3.97889
3.33657 2.07855 3.97889
3.33657 2.07855 3.97889
3.33738 2.07736 3.97906
3.3364 2.07816 3.97885
3.33576 2.07758 3.98051
3.33576 2.07758 3.98051
4.57828 1.52817 5.72271
4.57828 1.52817 5.72271
4.57828 1.52817 5.72271
4.57828 1.52817 5.72271
4.5801 1.53098 5.72355
4.5801 1.53098 5.72355
4.57869 1.52793 5.72277
4.57869 1.52793 5.72277
4.57725 1.5293 5.72055
4.57725 1.5293 5.72055
4.57869 1.52793 5.72277
4.57711 1.52883 5.72127
4.57711 1.52883 5.72127
4.57796 1.5272 5.72201
4.57796 1.5272 5.72201
4.57796 1.52737 5.72209
4.57796 1.52737 5.72209
4.57796 1.52737 5.72209
4.57698 1.52837 5.72236
4.57698 1.52837 5.72236
4.57698 1.52837 5.72236
2.69454 1.09555 0.68166
2.69053 1.09142 0.68088
2.69053 1.09142 0.68088
2.69053 1.09142 0.68088
2.69156 1.09385 0.6851
2.69034 1.0948 0.68376
2.6916 1.09006 0.67961
2.69341 1.09496 0.67854
2.69158 1.09544 0.68204
2.69067 1.09231 0.68141
2.69067 1.09231 0.68141
4.51579 1.50258 2.0197
4.51834 1.50283 2.02007
4.52057 1.49962 2.02033
4.52057 1.49962 2.02033
4.51834 1.50283 2.02007
1.91354 0.27243 0.73467
1.91354 0.27243 0.73467
1.91518 0.27063 0.73295
1.91518 0.27063 0.73295
1.91518 0.27063 0.73295
1.91518 0.27063 0.73295
1.90889 0.27115 0.73839
1.91094 0.27089 0.73833
1.90889 0.27115 0.73839
1.90889 0.27115 0.73839
1.90932 0.27082 0.73846
1.90932 0.27082 0.73846
1.90932 0.27082 0.73846
1.26339 2.55919 5.39921
1.26339 2.55919 5.39921
1.26339 2.55919 5.39921
5.41112 1.45729 5.34716
5.41027 1.45846 5.34984
2.14201 2.39055 1.38043
2.14099 2.39014 1.37931
2.14201 2.39055 1.38043
2.14065 2.39084 1.3801
2.13958 2.39049 1.37875
2.13958 2.39049 1.37875
2.14065 2.39084 1.3801
2.13958 2.39049 1.37875
2.14131 2.39093 1.3802
2.14129 2.39049 1.37959
2.14129 2.39049 1.37959
2.14138 2.39079 1.3791
2.14161 2.39001 1.38157
2.13748 2.3966 1.38083
4.57936 1.04746 5.45007
4.57936 1.04746 5.45007
4.57936 1.04746 5.45007
4.57936 1.04746 5.45007
4.57841 1.04852 5.44841
4.57841 1.04852 5.44841
4.57951 1.04696 5.44863
4.57951 1.04696 5.44863
4.57951 1.04696 5.44863
4.57951 1.04696 5.44863
4.57951 1.04696 5.44863
4.58158 1.04801 5.44751
4.58057 1.05031 5.44865
4.57941 1.04685 5.44839
4.57941 1.04685 5.44839
4.57941 1.04685 5.44839
4.57941 1.04685 5.44839
4.57941 1.04685 5.44839
4.57805 1.05218 5.44674
4.57805 1.05218 5.44674
4.57805 1.05218 5.44674
4.57805 1.05218 5.44674
4.57525 1.0513 5.45146
4.57525 1.0513 5.45146
5.26207 1.27178 3.03278
5.26234 1.27452 3.03346
5.26207 1.27178 3.03278
5.26207 1.27178 3.03278
5.26234 1.27452 3.03346
5.26234 1.27452 3.03346
5.26238 1.27449 3.0334
0 0 0
3.33484 2.0797 3.97742
3.33484 2.0797 3.97742
3.33484 2.0797 3.97742
3.33573 2.0773 3.97883
3.33573 2.0773 3.97883
3.33719 2.07915 3.97985
3.33719 2.07915 3.97985
3.33573 2.0773 3.97883
3.33719 2.07915 3.97985
3.33668 2.07846 3.97945
3.33672 2.07845 3.97935
3.33619 2.07827 3.97877
3.33619 2.07827 3.97877
3.33619 2.07827 3.97877
3.33619 2.07827 3.97877
3.33548 2.07929 3.97803
3.33548 2.07929 3.97803
3.33592 2.07808 3.97884
3.33657 2.07855 3.97889
3.33657 2.07855 3.97889
3.33738 2.07736 3.97906
3.33738 2.07736 3.97906
3.33738 2.07736 3.97906
3.33738 2.07736 3.97906
3.3364 2.07816 3.97885
3.33576 2.07758 3.98051
3.33576 2.07758 3.98051
3.33576 2.07758 3.98051
4.57828 1.52817 5.72271
4.57828 1.52817 5.72271
4.57828 1.52817 5.72271
4.5801 1.53098 5.72355
4.57828 1.52959 5.72363
4.57869 1.52793 5.72277
4.57847 1.52818 5.72231
4.57847 1.52818 5.72231
4.57725 1.5293 5.72055
4.57847 1.52818 5.72231
4.57711 1.52883 5.72127
4.57711 1.52883 5.72127
4.57796 1.5272 5.72201
4.57796 1.5272 5.72201
4.57796 1.52737 5.72209
4.57796 1.5272 5.72201
4.57796 1.52737 5.72209
4.57698 1.52837 5.72236
4.57698 1.52837 5.72236
4.57698 1.52837 5.72236
4.51812 1.49946 2.01654
4.51812 1.49946 2.01654
4.51812 1.49946 2.01654
4.51812 1.49946 2.01654
4.51768 1.50012 2.0173
4.51768 1.50012 2.0173
4.51822 1.50083 2.01829
4.51822 1.50083 2.01829
4.51822 1.50083 2.01829
4.51822 1.50083 2.01829
4.51839 1.50003 2.01808
4.51839 1.50003 2.01808
4.51834 1.50283 2.02007
4.51839 1.50003 2.01808
4.52057 1.49962 2.02033
4.52423 1.50009 2.01845
4.51608 1.49577 2.01428
1.91354 0.27243 0.73467
1.91518 0.27063 0.73295
1.91518 0.27063 0.73295
1.91518 0.27063 0.73295
1.91065 0.27074 0.73696
1.91094 0.27089 0.73833
1.91094 0.27089 0.73833
1.90889 0.27115 0.73839
1.90889 0.27115 0.73839
1.90932 0.27082 0.73846
1.90932 0.27082 0.73846
1.90647 0.27282 0.74072
1.26339 2.55919 5.39921
5.41195 1.45992 5.34556
5.41195 1.45992 5.34556
5.41195 1.45992 5.34556
5.41108 1.46122 5.34692
5.41027 1.45846 5.34984
0 0 0
2.14099 2.39014 1.37931
2.14065 2.39084 1.3801
2.14065 2.39084 1.3801
2.13958 2.39049 1.37875
2.13958 2.39049 1.37875
2.13958 2.39049 1.37875
2.13958 2.39049 1.37875
2.14129 2.39049 1.37959
2.14129 2.39049 1.37959
2.14138 2.39079 1.3791
2.14161 2.39001 1.38157
2.13748 2.3966 1.38083
4.57936 1.04746 5.45007
4.57951 1.04807 5.44822
4.57901 1.04725 5.44824
4.57901 1.04725 5.44824
4.57959 1.04828 5.44805
4.57841 1.04852 5.44841
4.57951 1.04696 5.44863
4.57951 1.04696 5.44863
4.57951 1.04696 5.44863
4.57951 1.04696 5.44863
4.57951 1.04696 5.44863
4.5783 1.04501 5.44789
4.58057 1.05031 5.44865
4.57941 1.04685 5.44839
4.57941 1.04685 5.44839
4.57941 1.04685 5.44839
4.57941 1.04685 5.44839
4.57793 1.04695 5.44875
4.57793 1.04695 5.44875
0 0 0
0 0 0
0 0 0
0 0 0
4.57525 1.0513 5.45146
5.26207 1.27178 3.03278
5.26207 1.27178 3.03278
5.26207 1.27178 3.03278
5.26207 1.27178 3.03278
5.26234 1.27452 3.03346
5.26234 1.27452 3.03346
0 0 0
3.33318 2.07818 3.97627
3.33484 2.0797 3.97742
3.33484 2.0797 3.97742
3.33484 2.0797 3.97742
3.33484 2.0797 3.97742
3.33484 2.0797 3.97742
3.33719 2.07915 3.97985
3.33719 2.07915 3.97985
3.33719 2.07915 3.97985
3.33621 2.07832 3.97878
3.33621 2.07832 3.97878
3.33621 2.07832 3.97878
3.33621 2.07832 3.97878
3.33578 2.07854 3.9786
3.33578 2.07854 3.9786
3.33578 2.07854 3.9786
3.33578 2.07854 3.9786
3.33578 2.07854 3.9786
3.33592 2.07808 3.97884
3.33608 2.07829 3.97874
3.33649 2.0782 3.97883
3.33738 2.07736 3.97906
3.33738 2.07736 3.97906
3.33738 2.07736 3.97906
3.33738 2.07736 3.97906
3.33779 2.07773 3.98099
3.3364 2.07816 3.97885
3.3364 2.07816 3.97885
3.3364 2.07816 3.97885
0 0 0
4.57828 1.52817 5.72271
4.57828 1.52817 5.72271
4.57828 1.52817 5.72271
4.57828 1.52959 5.72363
4.57869 1.52793 5.72277
4.57847 1.52818 5.72231
4.57847 1.52818 5.72231
4.57725 1.5293 5.72055
4.57847 1.52818 5.72231
4.57711 1.52883 5.72127
4.57711 1.52883 5.72127
4.57783 1.52757 5.72218
4.57783 1.52757 5.72218
4.57783 1.52757 5.72218
4.57783 1.52757 5.72218
4.57594 1.52748 5.72381
4.57594 1.52748 5.72381
4.57698 1.52837 5.72236
4.57594 1.52748 5.72381
4.51812 1.49946 2.01654
4.51812 1.49946 2.01654
4.51812 1.49946 2.01654
4.51812 1.49946 2.01654
4.51812 1.49946 2.01654
4.51768 1.50012 2.0173
4.51786 1.49991 2.01758
4.51822 1.50083 2.01829
4.51822 1.50083 2.01829
4.51761 1.49989 2.01763
4.51839 1.50003 2.01808
4.51839 1.50003 2.01808
4.51839 1.50003 2.01808
4.51839 1.50003 2.01808
4.52057 1.49962 2.02033
4.52423 1.50009 2.01845
4.5171 1.49887 2.01645
4.52463 1.49423 2.01952
1.91354 0.27243 0.73467
1.91354 0.27243 0.73467
1.91114 0.27227 0.74088
1.91518 0.27063 0.73295
1.91518 0.27063 0.73295
1.91065 0.27074 0.73696
1.91198 0.2705 0.73506
1.91034 0.27189 0.73719
1.90932 0.27082 0.73846
1.90932 0.27082 0.73846
1.91034 0.27189 0.73719
5.41195 1.45992 5.34556
5.41195 1.45992 5.34556
5.41112 1.45729 5.34716
5.41195 1.45992 5.34556
5.40871 1.45895 5.34971
5.40871 1.45895 5.34971
5.40871 1.45895 5.34971
5.40871 1.45895 5.34971
0 0 0
2.13958 2.39049 1.37875
2.13958 2.39049 1.37875
2.13958 2.39049 1.37875
2.13603 2.38999 1.37646
2.14015 2.39105 1.37962
2.13844 2.38968 1.37928
2.14138 2.39079 1.3791
2.14138 2.39079 1.3791
2.14138 2.39079 1.3791
2.13748 2.3966 1.38083
4.57951 1.04807 5.44822
4.57951 1.04807 5.44822
4.57951 1.04807 5.44822
4.57901 1.04725 5.44824
4.57936 1.04778 5.45249
4.57901 1.04725 5.44824
4.57936 1.04778 5.45249
4.57951 1.04696 5.44863
4.57951 1.04696 5.44863
4.57951 1.04696 5.44863
4.57951 1.04696 5.44863
4.579 1.04787 5.44822
4.579 1.04787 5.44822
4.57941 1.04685 5.44839
4.57941 1.04685 5.44839
4.58139 1.05184 5.4469
4.81403 1.27746 4.18453
4.81403 1.27746 4.18453
4.81403 1.27746 4.18453
4.81236 1.27491 4.18152
4.81236 1.27491 4.18152
4.81317 1.27525 4.18193
4.81317 1.27525 4.18193
4.81317 1.27525 4.18193
4.81332 1.27638 4.18221
5.26207 1.27178 3.03278
5.26207 1.27178 3.03278
5.26591 1.268 3.03
5.26234 1.27452 3.03346
0 0 0
0 0 0
3.33318 2.07818 3.97627
3.33484 2.0797 3.97742
3.33484 2.0797 3.97742
3.33484 2.0797 3.97742
3.33454 2.07788 3.97717
3.33484 2.0797 3.97742
3.33645 2.0798 3.9791
3.33563 2.07972 3.97746
3.33719 2.07915 3.97985
3.33719 2.07915 3.97985
3.33621 2.07832 3.97878
3.33621 2.07832 3.97878
3.33621 2.07832 3.97878
3.33561 2.07668 3.9781
3.33578 2.07854 3.9786
3.33578 2.07854 3.9786
3.33578 2.07854 3.9786
3.33578 2.07854 3.9786
3.33608 2.07829 3.97874
3.33608 2.07829 3.97874
3.33649 2.0782 3.97883
3.33649 2.0782 3.97883
3.33649 2.0782 3.97883
3.33649 2.0782 3.97883
3.33738 2.07736 3.97906
3.3364 2.07816 3.97885
3.3364 2.07816 3.97885
3.3364 2.07816 3.97885
3.3364 2.07816 3.97885
3.3364 2.07816 3.97885
3.3374 2.0791 3.98279
4.57828 1.52817 5.72271
4.57828 1.52817 5.72271
4.57828 1.52959 5.72363
4.57869 1.52793 5.72277
4.57847 1.52818 5.72231
4.57847 1.52818 5.72231
4.57847 1.52818 5.72231
4.57847 1.52818 5.72231
4.57738 1.52849 5.72253
4.57738 1.52849 5.72253
4.57783 1.52757 5.72218
4.57655 1.52728 5.72161
4.57781 1.52777 5.72268
4.57594 1.52748 5.72381
4.57594 1.52748 5.72381
4.57594 1.52748 5.72381
4.57594 1.52748 5.72381
0 0 0
4.51812 1.49946 2.01654
4.51812 1.49946 2.01654
4.51812 1.49946 2.01654
4.51812 1.49946 2.01654
4.51812 1.49946 2.01654
4.51768 1.50012 2.0173
4.51786 1.49991 2.01758
4.51822 1.50083 2.01829
4.51822 1.50083 2.01829
4.51822 1.50083 2.01829
4.51839 1.50003 2.01808
4.51839 1.50003 2.01808
4.51839 1.50003 2.01808
4.51839 1.50003 2.01808
4.51839 1.50003 2.01808
4.5171 1.49887 2.01645
4.5171 1.49887 2.01645
4.51608 1.49577 2.01428
4.52344 1.49313 2.01787
1.91065 0.27074 0.73696
1.91518 0.27063 0.73295
1.91518 0.27063 0.73295
1.91065 0.27074 0.73696
1.91488 0.26834 0.73288
1.91198 0.2705 0.73506
1.91034 0.27189 0.73719
1.90932 0.27082 0.73846
1.90932 0.27082 0.73846
5.41112 1.45729 5.34716
5.41112 1.45729 5.34716
5.41112 1.45729 5.34716
5.41112 1.45729 5.34716
5.41112 1.45729 5.34716
5.40871 1.45895 5.34971
5.40871 1.45895 5.34971
5.40871 1.45895 5.34971
5.40871 1.45895 5.34971
5.40871 1.45895 5.34971
5.41033 1.4596 5.35039
5.41047 1.45886 5.34953
5.41033 1.4596 5.35039
5.41025 1.45862 5.34951
5.41025 1.45862 5.34951
5.41025 1.45862 5.34951
5.41103 1.45754 5.34965
5.41103 1.45754 5.34965
5.4108 1.45857 5.34898
5.4108 1.45857 5.34898
4.57951 1.04807 5.44822
4.57951 1.04807 5.44822
4.57951 1.04807 5.44822
4.57901 1.04725 5.44824
4.57901 1.04725 5.44824
4.57901 1.04725 5.44824
4.57901 1.04725 5.44824
4.57841 1.04852 5.44841
4.57793 1.04425 5.45034
4.579 1.04787 5.44822
4.579 1.04787 5.44822
4.579 1.04787 5.44822
4.579 1.04787 5.44822
4.58057 1.05031 5.44865
0 0 0
4.81349 1.27525 4.18206
4.81248 1.27662 4.18362
4.81278 1.2751 4.18233
4.81278 1.2751 4.18233
4.81278 1.2751 4.18233
4.81236 1.27491 4.18152
4.81317 1.27525 4.18193
4.81317 1.27525 4.18193
4.81339 1.27547 4.18222
4.81339 1.27547 4.18222
4.81339 1.27547 4.18222
5.26207 1.27178 3.03278
0 0 0
3.33619 2.07827 3.97877
3.33619 2.07827 3.97877
3.33553 2.07714 3.97713
3.33553 2.07714 3.97713
3.33553 2.07714 3.97713
3.33712 2.07815 3.97873
3.33553 2.07714 3.97713
3.33669 2.07878 3.97877
3.33669 2.07878 3.97877
3.33669 2.07878 3.97877
3.33563 2.07972 3.97746
3.33822 2.07951 3.98268
3.33621 2.07832 3.97878
3.33668 2.07846 3.97945
3.33621 2.07832 3.97878
3.33621 2.07832 3.97878
3.33696 2.07949 3.97803
3.33696 2.07949 3.97803
3.33696 2.07949 3.97803
3.33382 2.07857 3.97888
3.33395 2.07513 3.97833
3.33592 2.07808 3.97884
3.33608 2.07829 3.97874
3.33608 2.07829 3.97874
3.33649 2.0782 3.97883
3.33649 2.0782 3.97883
3.33649 2.0782 3.97883
3.33605 2.07824 3.97844
3.33605 2.07824 3.97844
3.33605 2.07824 3.97844
3.33605 2.07824 3.97844
3.3364 2.07816 3.97885
3.3364 2.07816 3.97885
3.33598 2.07776 3.98029
3.33598 2.07776 3.98029
4.57815 1.52753 5.72247
4.57828 1.52959 5.72363
4.57815 1.52753 5.72247
4.57847 1.52818 5.72231
4.57847 1.52818 5.72231
4.57847 1.52818 5.72231
4.57847 1.52818 5.72231
4.57738 1.52849 5.72253
4.57738 1.52849 5.72253
4.57655 1.52728 5.72161
4.57655 1.52728 5.72161
4.57738 1.52849 5.72253
4.57594 1.52748 5.72381
4.57594 1.52748 5.72381
4.57594 1.52748 5.72381
4.57594 1.52748 5.72381
4.57594 1.52748 5.72381
4.51812 1.49946 2.01654
4.51768 1.50012 2.0173
4.51768 1.50012 2.0173
4.51812 1.49946 2.01654
4.51812 1.49946 2.01654
4.51768 1.50012 2.0173
4.51931 1.49916 2.01871
4.51786 1.49991 2.01758
4.51786 1.49991 2.01758
4.51761 1.49989 2.01763
4.51839 1.50003 2.01808
4.51761 1.49989 2.01763
4.51839 1.50003 2.01808
4.51839 1.50003 2.01808
4.51839 1.50003 2.01808
4.51834 1.50283 2.02007
4.51796 1.49766 2.02082
4.5157 1.503 2.01514
4.51316 1.50465 2.02052
1.91065 0.27074 0.73696
1.91065 0.27074 0.73696
1.91065 0.27074 0.73696
1.91198 0.2705 0.73506
1.91198 0.2705 0.73506
1.91198 0.2705 0.73506
1.90515 0.2706 0.73967
1.89983 0.26968 0.7473
5.40823 1.46187 5.34822
5.41112 1.45729 5.34716
5.41112 1.45729 5.34716
5.40934 1.45856 5.34607
5.40934 1.45856 5.34607
5.41112 1.45729 5.34716
5.41014 1.45872 5.34954
5.41006 1.4594 5.34935
5.40871 1.45895 5.34971
5.41006 1.4594 5.34935
5.41033 1.4596 5.35039
5.41033 1.4596 5.35039
5.41047 1.45886 5.34953
5.41047 1.45886 5.34953
5.41047 1.45886 5.34953
5.41025 1.45862 5.34951
5.41025 1.45862 5.34951
5.41103 1.45754 5.34965
5.41103 1.45754 5.34965
5.4108 1.45857 5.34898
5.4108 1.45857 5.34898
4.57951 1.04807 5.44822
4.57959 1.04828 5.44805
4.57951 1.04807 5.44822
4.57901 1.04725 5.44824
4.57841 1.04852 5.44841
4.57841 1.04852 5.44841
4.57901 1.04725 5.44824
4.57841 1.04852 5.44841
4.57793 1.04425 5.45034
4.579 1.04787 5.44822
4.579 1.04787 5.44822
4.579 1.04787 5.44822
4.579 1.04787 5.44822
4.8131 1.27521 4.18208
4.81349 1.27525 4.18206
4.81278 1.2751 4.18233
4.81248 1.27662 4.18362
4.81219 1.27728 4.18205
4.81278 1.2751 4.18233
4.81278 1.2751 4.18233
4.81226 1.27494 4.18279
4.81221 1.27426 4.18161
4.81221 1.27426 4.18161
4.81317 1.27525 4.18193
4.81317 1.27525 4.18193
4.81317 1.27525 4.18193
4.81339 1.27547 4.18222
3.33619 2.07827 3.97877
3.33619 2.07827 3.97877
3.33619 2.07827 3.97877
3.33553 2.07714 3.97713
3.33553 2.07714 3.97713
3.33553 2.07714 3.97713
3.33712 2.07815 3.97873
3.33553 2.07714 3.97713
3.33712 2.07815 3.97873
3.33669 2.07878 3.97877
3.33669 2.07878 3.97877
3.33669 2.07878 3.97877
3.33822 2.07951 3.98268
3.33621 2.07832 3.97878
3.33668 2.07846 3.97945
3.33621 2.07832 3.97878
3.33668 2.07846 3.97945
3.33647 2.07785 3.97808
3.33647 2.07785 3.97808
3.33647 2.07785 3.97808
3.33981 2.07893 3.97944
3.33395 2.07513 3.97833
3.33608 2.07829 3.97874
3.33608 2.07829 3.97874
3.33608 2.07829 3.97874
3.33649 2.0782 3.97883
3.33649 2.0782 3.97883
3.33649 2.0782 3.97883
3.33605 2.07824 3.97844
3.33605 2.07824 3.97844
3.33605 2.07824 3.97844
3.33605 2.07824 3.97844
3.33579 2.07804 3.97735
3.33598 2.07776 3.98029
3.33598 2.07776 3.98029
3.33598 2.07776 3.98029
3.33598 2.07776 3.98029
0 0 0
4.57815 1.52753 5.72247
4.57796 1.52748 5.72249
4.57847 1.52818 5.72231
4.57694 1.527 5.72075
4.57694 1.527 5.72075
4.57655 1.52728 5.72161
4.57655 1.52728 5.72161
4.57655 1.52728 5.72161
4.57655 1.52728 5.72161
4.57781 1.52777 5.72268
4.57751 1.52722 5.72361
4.57751 1.52722 5.72361
4.57751 1.52722 5.72361
4.57751 1.52722 5.72361
4.57751 1.52722 5.72361
4.51812 1.49946 2.01654
4.51812 1.49946 2.01654
4.51812 1.49946 2.01654
4.51812 1.49946 2.01654
4.51812 1.49946 2.01654
4.51763 1.49701 2.01748
4.51931 1.49916 2.01871
4.51786 1.49991 2.01758
4.51786 1.49991 2.01758
4.51786 1.49991 2.01758
4.51839 1.50003 2.01808
4.51803 1.50028 2.0175
4.51839 1.50003 2.01808
4.51839 1.50003 2.01808
4.51839 1.50003 2.01808
4.5171 1.49887 2.01645
4.5171 1.49887 2.01645
4.5157 1.503 2.01514
4.51608 1.49577 2.01428
4.51858 1.50662 2.00821
1.9106 0.27123 0.73708
1.91065 0.27074 0.73696
1.91065 0.27074 0.73696
1.91065 0.27074 0.73696
1.90861 0.26983 0.73683
1.90861 0.26983 0.73683
5.40899 1.45966 5.35108
5.40899 1.45966 5.35108
5.40934 1.45856 5.34607
5.41012 1.45901 5.34939
5.41012 1.45901 5.34939
5.40934 1.45856 5.34607
5.41038 1.45867 5.34961
5.41014 1.45872 5.34954
5.40871 1.45895 5.34971
5.40871 1.45895 5.34971
5.40871 1.45895 5.34971
5.41033 1.4596 5.35039
5.41033 1.4596 5.35039
5.41047 1.45886 5.34953
5.41047 1.45886 5.34953
5.41047 1.45886 5.34953
5.41047 1.45886 5.34953
5.41025 1.45862 5.34951
5.41103 1.45754 5.34965
5.41103 1.45754 5.34965
5.4108 1.45857 5.34898
5.4108 1.45857 5.34898
5.4108 1.45857 5.34898
4.57951 1.04807 5.44822
4.57951 1.04807 5.44822
4.57901 1.04725 5.44824
4.57901 1.04725 5.44824
4.57901 1.04725 5.44824
4.57901 1.04725 5.44824
4.57255 1.04689 5.45209
4.57255 1.04689 5.45209
4.579 1.04787 5.44822
0 0 0
4.81152 1.27462 4.1809
4.81152 1.27462 4.1809
4.8131 1.27521 4.18208
4.81349 1.27525 4.18206
4.81248 1.27662 4.18362
4.81248 1.27662 4.18362
4.81403 1.27746 4.18453
4.81403 1.27746 4.18453
4.81278 1.2751 4.18233
4.81226 1.27494 4.18279
4.81286 1.27447 4.18191
4.81286 1.27447 4.18191
4.81263 1.27519 4.18232
4.81263 1.27519 4.18232
4.81263 1.27519 4.18232
4.81339 1.27547 4.18222
3.33619 2.07827 3.97877
3.33613 2.07695 3.97904
3.33613 2.07695 3.97904
3.33613 2.07695 3.97904
3.33958 2.07766 3.98154
3.33553 2.07714 3.97713
3.33712 2.07815 3.97873
3.33712 2.07815 3.97873
3.33712 2.07815 3.97873
3.33669 2.07878 3.97877
3.33669 2.07878 3.97877
3.33669 2.07878 3.97877
3.33621 2.07832 3.97878
3.33621 2.07832 3.97878
3.33581 2.07914 3.97833
3.33647 2.07785 3.97808
3.33621 2.07832 3.97878
3.33647 2.07785 3.97808
3.33647 2.07785 3.97808
3.33647 2.07785 3.97808
3.33981 2.07893 3.97944
3.33475 2.07931 3.97739
3.33608 2.07829 3.97874
3.33608 2.07829 3.97874
3.33608 2.07829 3.97874
3.33608 2.07829 3.97874
3.33649 2.0782 3.97883
3.33605 2.07824 3.97844
3.33605 2.07824 3.97844
3.33605 2.07824 3.97844
3.33605 2.07824 3.97844
3.33605 2.07824 3.97844
3.33579 2.07804 3.97735
3.33675 2.07885 3.97933
3.33598 2.07776 3.98029
3.33598 2.07776 3.98029
3.33598 2.07776 3.98029
0 0 0
3.77845 1.04378 2.28874
3.77837 1.04268 2.28665
4.57796 1.52748 5.72249
4.57796 1.52748 5.72249
4.57759 1.52613 5.72398
4.57631 1.53043 5.71605
4.57655 1.52728 5.72161
4.57655 1.52728 5.72161
4.57655 1.52728 5.72161
4.57655 1.52728 5.72161
4.57594 1.52748 5.72381
4.57751 1.52722 5.72361
4.57594 1.52748 5.72381
4.57751 1.52722 5.72361
4.57594 1.52748 5.72381
0 0 0
4.51867 1.49997 2.01682
4.51836 1.49957 2.01713
4.51836 1.49957 2.01713
4.51836 1.49957 2.01713
4.51919 1.49843 2.0193
4.51931 1.49916 2.01871
4.51931 1.49916 2.01871
4.51786 1.49991 2.01758
4.51786 1.49991 2.01758
4.51803 1.50028 2.0175
4.51803 1.50028 2.0175
4.51899 1.49912 2.01784
4.51899 1.49912 2.01784
4.51884 1.49968 2.01675
4.51884 1.49968 2.01675
4.51884 1.49968 2.01675
4.51884 1.49968 2.01675
4.51766 1.50459 2.01324
4.51828 1.50351 2.02562
1.9106 0.27123 0.73708
1.9106 0.27123 0.73708
1.9106 0.27123 0.73708
1.9106 0.27123 0.73708
1.90861 0.26983 0.73683
5.41458 1.45746 5.34477
5.41011 1.45861 5.34952
5.41011 1.45861 5.34952
5.41011 1.45861 5.34952
5.40975 1.45853 5.34958
5.40975 1.45853 5.34958
5.40975 1.45853 5.34958
5.40975 1.45853 5.34958
5.41014 1.45872 5.34954
5.41014 1.45872 5.34954
5.40871 1.45895 5.34971
5.40871 1.45895 5.34971
5.40871 1.45895 5.34971
5.41033 1.4596 5.35039
5.41047 1.45886 5.34953
5.41047 1.45886 5.34953
5.41148 1.45831 5.34977
5.41148 1.45831 5.34977
5.40977 1.45984 5.34901
5.41103 1.45754 5.34965
5.41103 1.45754 5.34965
5.4108 1.45857 5.34898
5.4108 1.45857 5.34898
5.4108 1.45857 5.34898
5.40923 1.4565 5.35416
4.80557 1.28092 4.18483
4.8129 1.2748 4.18247
4.8129 1.2748 4.18247
4.8129 1.2748 4.18247
4.8129 1.2748 4.18247
4.81122 1.27779 4.18622
4.81122 1.27779 4.18622
4.80812 1.27683 4.18348
4.80812 1.27683 4.18348
4.81152 1.27462 4.1809
4.81152 1.27462 4.1809
4.81152 1.27462 4.1809
4.81152 1.27462 4.1809
4.81278 1.2751 4.18233
4.81248 1.27662 4.18362
4.81378 1.27483 4.18416
4.81278 1.2751 4.18233
4.8134 1.27539 4.18306
4.81226 1.27494 4.18279
4.81286 1.27447 4.18191
4.81226 1.27494 4.18279
4.81263 1.27519 4.18232
4.81174 1.27547 4.18283
4.81263 1.27519 4.18232
4.81174 1.27547 4.18283
3.33619 2.07827 3.97877
3.33613 2.07695 3.97904
3.33619 2.07827 3.97877
3.33613 2.07695 3.97904
3.33958 2.07766 3.98154
3.33668 2.07847 3.97941
3.33668 2.07847 3.97941
3.33712 2.07815 3.97873
3.33712 2.07815 3.97873
3.33669 2.07878 3.97877
3.33619 2.0789 3.9786
3.33669 2.07878 3.97877
3.33619 2.0789 3.9786
3.33619 2.0789 3.9786
3.33581 2.07914 3.97833
3.33647 2.07785 3.97808
3.33581 2.07914 3.97833
3.33647 2.07785 3.97808
3.33647 2.07785 3.97808
3.33647 2.07785 3.97808
3.33696 2.07967 3.98017
3.33696 2.07967 3.98017
3.33809 2.08154 3.97946
3.33475 2.07931 3.97739
3.33688 2.07876 3.97936
3.33475 2.07931 3.97739
3.33554 2.07846 3.97804
3.33554 2.07846 3.97804
3.33605 2.07824 3.97844
3.33605 2.07824 3.97844
3.33605 2.07824 3.97844
3.33605 2.07824 3.97844
3.33579 2.07804 3.97735
3.33598 2.07776 3.98029
3.33564 2.07524 3.98009
3.33598 2.07776 3.98029
3.33564 2.07524 3.98009
3.78026 1.04374 2.28679
3.78026 1.04374 2.28679
3.78026 1.04374 2.28679
3.78026 1.04374 2.28679
0 0 0
0 0 0
4.57286 1.52742 5.71262
4.57655 1.52728 5.72161
0 0 0
0 0 0
4.57655 1.52728 5.72161
4.57751 1.52722 5.72361
4.57751 1.52722 5.72361
4.57751 1.52722 5.72361
4.57751 1.52722 5.72361
4.57751 1.52722 5.72361
0 0 0
4.51659 1.49971 2.0159
4.51836 1.49957 2.01713
4.51836 1.49957 2.01713
4.51836 1.49957 2.01713
4.51836 1.49957 2.01713
4.51886 1.50007 2.01888
4.51803 1.50028 2.0175
4.51803 1.50028 2.0175
4.51803 1.50028 2.0175
4.51803 1.50028 2.0175
4.51854 1.50086 2.01779
4.51854 1.50086 2.01779
4.51854 1.50086 2.01779
4.51854 1.50086 2.01779
4.51869 1.50076 2.01711
4.51884 1.49968 2.01675
4.51884 1.49968 2.01675
4.51869 1.50076 2.01711
4.51869 1.50076 2.01711
0 0 0
1.90728 0.26975 0.73846
1.9106 0.27123 0.73708
1.9106 0.27123 0.73708
5.41212 1.45961 5.35047
5.41212 1.45961 5.35047
5.41011 1.45861 5.34952
5.41011 1.45861 5.34952
5.41011 1.45861 5.34952
5.40975 1.45853 5.34958
5.40913 1.45809 5.34918
5.41078 1.45817 5.34809
5.41038 1.45867 5.34961
5.41038 1.45867 5.34961
5.41038 1.45867 5.34961
5.41014 1.45872 5.34954
5.41006 1.4594 5.34935
5.41014 1.45872 5.34954
5.41148 1.45831 5.34977
5.41148 1.45831 5.34977
5.41148 1.45831 5.34977
5.41148 1.45831 5.34977
5.41148 1.45831 5.34977
0 0 0
5.77506 1.47908 4.46651
5.77506 1.47908 4.46651
5.77486 1.47868 4.46626
5.77509 1.47699 4.46328
5.77486 1.47868 4.46626
5.77512 1.47537 4.46631
4.8129 1.2748 4.18247
4.8129 1.2748 4.18247
4.8129 1.2748 4.18247
4.8129 1.2748 4.18247
4.8129 1.2748 4.18247
4.81271 1.27397 4.18193
4.81271 1.27397 4.18193
4.81271 1.27397 4.18193
4.8131 1.27521 4.18208
4.81152 1.27462 4.1809
4.81152 1.27462 4.1809
4.81152 1.27462 4.1809
4.81152 1.27462 4.1809
4.81274 1.27525 4.18228
4.81248 1.27662 4.18362
4.81278 1.2751 4.18233
4.81278 1.2751 4.18233
4.8134 1.27539 4.18306
4.81247 1.27483 4.18275
4.81286 1.27447 4.18191
4.81226 1.27494 4.18279
4.81263 1.27519 4.18232
4.81174 1.27547 4.18283
4.81174 1.27547 4.18283
4.81174 1.27547 4.18283
3.33554 2.07759 3.97956
3.33554 2.07759 3.97956
3.33553 2.07866 3.9782
3.33563 2.07768 3.97834
3.33668 2.07847 3.97941
3.33668 2.07847 3.97941
3.33712 2.07815 3.97873
3.33712 2.07815 3.97873
3.33712 2.07815 3.97873
3.33712 2.07815 3.97873
3.33619 2.0789 3.9786
3.33669 2.07878 3.97877
3.33619 2.0789 3.9786
3.33619 2.0789 3.9786
3.33581 2.07914 3.97833
3.33581 2.07914 3.97833
3.33581 2.07914 3.97833
3.33581 2.07914 3.97833
3.33647 2.07785 3.97808
3.33647 2.07785 3.97808
3.33696 2.07967 3.98017
3.33696 2.07967 3.98017
3.33646 2.07748 3.97747
3.33475 2.07931 3.97739
3.33475 2.07931 3.97739
3.33475 2.07931 3.97739
3.33554 2.07846 3.97804
3.33605 2.07824 3.97844
3.33605 2.07824 3.97844
3.33649 2.07722 3.97899
3.33649 2.07722 3.97899
3.33605 2.07824 3.97844
3.33683 2.07877 3.97905
3.33424 2.07689 3.9785
3.33424 2.07689 3.9785
3.33424 2.07689 3.9785
3.33564 2.07524 3.98009
3.78026 1.04374 2.28679
3.78026 1.04374 2.28679
3.78026 1.04374 2.28679
3.78026 1.04374 2.28679
3.78026 1.04374 2.28679
3.77837 1.04268 2.28665
3.78069 1.04241 2.28571
3.77846 1.04215 2.28609
3.77688 1.04151 2.29206
3.77793 1.04495 2.28923
3.77793 1.04495 2.28923
3.77793 1.04495 2.28923
3.77839 1.04298 2.28635
3.77839 1.04298 2.28635
3.77839 1.04298 2.28635
0 0 0
4.51659 1.49971 2.0159
4.51659 1.49971 2.0159
4.51867 1.49997 2.01682
4.51867 1.49997 2.01682
4.51836 1.49957 2.01713
4.51836 1.49957 2.01713
4.51836 1.49957 2.01713
4.51839 1.49737 2.01875
4.51803 1.50028 2.0175
4.51794 1.49979 2.01814
4.51794 1.49979 2.01814
4.51794 1.49979 2.01814
4.51794 1.49979 2.01814
4.51794 1.49979 2.01814
4.51854 1.50086 2.01779
4.51869 1.50076 2.01711
4.51869 1.50076 2.01711
4.51869 1.50076 2.01711
4.51869 1.50076 2.01711
4.51869 1.50076 2.01711
1.91657 0.27117 0.72992
1.9106 0.27123 0.73708
1.9106 0.27123 0.73708
1.9106 0.27123 0.73708
5.40984 1.45934 5.35079
5.40984 1.45934 5.35079
5.41011 1.45861 5.34952
5.40913 1.45809 5.34918
5.40975 1.45853 5.34958
5.40975 1.45853 5.34958
5.40913 1.45809 5.34918
5.41078 1.45817 5.34809
5.41038 1.45867 5.34961
5.41014 1.45872 5.34954
5.41038 1.45867 5.34961
5.41014 1.45872 5.34954
5.41014 1.45872 5.34954
5.41038 1.45738 5.3517
5.41038 1.45738 5.3517
5.41148 1.45831 5.34977
5.41148 1.45831 5.34977
5.41148 1.45831 5.34977
0 0 0
0 0 0
5.77448 1.47936 4.46716
5.77506 1.47908 4.46651
5.77509 1.47699 4.46328
5.77444 1.47795 4.466
5.77444 1.47795 4.466
5.77512 1.47537 4.46631
4.8129 1.2748 4.18247
4.81303 1.27624 4.1842
4.8129 1.2748 4.18247
4.8129 1.2748 4.18247
4.8129 1.2748 4.18247
4.81271 1.27397 4.18193
4.81271 1.27397 4.18193
4.81271 1.27397 4.18193
4.81271 1.27397 4.18193
4.81274 1.27525 4.18228
4.81274 1.27525 4.18228
4.81274 1.27525 4.18228
4.81274 1.27525 4.18228
4.81274 1.27525 4.18228
4.81247 1.27483 4.18275
4.81247 1.27483 4.18275
4.81247 1.27483 4.18275
4.8134 1.27539 4.18306
4.81286 1.27447 4.18191
4.81286 1.27447 4.18191
4.81221 1.27426 4.18161
4.81226 1.27494 4.18279
4.81221 1.27426 4.18161
4.81221 1.27426 4.18161
4.81174 1.27547 4.18283
3.33554 2.07759 3.97956
3.33554 2.07759 3.97956
3.33552 2.08087 3.98074
3.33553 2.07866 3.9782
3.33554 2.07759 3.97956
3.33553 2.07866 3.9782
3.33553 2.07866 3.9782
3.3349 2.07792 3.97766
3.3349 2.07792 3.97766
3.33619 2.0789 3.9786
3.33619 2.0789 3.9786
3.33619 2.0789 3.9786
3.33619 2.0789 3.9786
3.33619 2.0789 3.9786
3.33581 2.07914 3.97833
3.33647 2.07785 3.97808
3.33581 2.07914 3.97833
3.33647 2.07785 3.97808
3.33647 2.07785 3.97808
3.33647 2.07785 3.97808
3.33843 2.07684 3.97898
3.33474 2.07888 3.9775
3.33646 2.07748 3.97747
3.33474 2.07888 3.9775
3.33474 2.07888 3.9775
3.33475 2.07931 3.97739
3.33646 2.07748 3.97747
3.33649 2.07722 3.97899
3.33649 2.07722 3.97899
3.33649 2.07722 3.97899
3.33649 2.07722 3.97899
3.33809 2.07839 3.98022
3.33809 2.07839 3.98022
3.33424 2.07689 3.9785
3.33564 2.07524 3.98009
3.33424 2.07689 3.9785
3.33564 2.07524 3.98009
3.78026 1.04374 2.28679
3.78026 1.04374 2.28679
3.78026 1.04374 2.28679
3.78026 1.04374 2.28679
3.77837 1.04268 2.28665
3.77837 1.04268 2.28665
3.77686 1.0386 2.28963
3.77846 1.04215 2.28609
3.77688 1.04151 2.29206
3.77846 1.04215 2.28609
3.77846 1.04215 2.28609
3.77846 1.04215 2.28609
3.77839 1.04298 2.28635
3.77839 1.04298 2.28635
3.77839 1.04298 2.28635
3.77841 1.04278 2.28669
4.51659 1.49971 2.0159
4.51867 1.49997 2.01682
4.51812 1.5009 2.0158
4.51867 1.49997 2.01682
4.51867 1.49997 2.01682
4.51836 1.49957 2.01713
4.51836 1.49957 2.01713
4.51803 1.50028 2.0175
4.51803 1.50028 2.0175
4.51794 1.49979 2.01814
4.51794 1.49979 2.01814
4.51794 1.49979 2.01814
4.51794 1.49979 2.01814
4.51794 1.49979 2.01814
4.51765 1.49978 2.01836
4.51884 1.49968 2.01675
4.51884 1.49968 2.01675
4.51884 1.49968 2.01675
4.51869 1.50076 2.01711
4.51869 1.50076 2.01711
1.9106 0.27123 0.73708
1.90861 0.26983 0.73683
1.90861 0.26983 0.73683
5.40842 1.45521 5.3476
5.40842 1.45521 5.3476
5.40984 1.45934 5.35079
5.41011 1.45861 5.34952
5.40913 1.45809 5.34918
5.41011 1.45861 5.34952
5.41011 1.45861 5.34952
5.40913 1.45809 5.34918
5.41078 1.45817 5.34809
5.41078 1.45817 5.34809
5.41078 1.45817 5.34809
5.40954 1.45907 5.34597
5.40936 1.45851 5.35122
5.41237 1.45924 5.34717
5.41237 1.45924 5.34717
5.41337 1.45347 5.34926
5.41237 1.45924 5.34717
5.40977 1.45984 5.34901
5.77548 1.47889 4.46615
5.77506 1.47908 4.46651
5.77368 1.48 4.46584
5.77506 1.47908 4.46651
5.77506 1.47908 4.46651
5.77509 1.47699 4.46328
5.77444 1.47795 4.466
5.77512 1.47537 4.46631
5.77614 1.47499 4.46353
0 0 0
4.81308 1.27622 4.18273
4.81308 1.27622 4.18273
4.8129 1.2748 4.18247
4.8129 1.2748 4.18247
4.81271 1.27397 4.18193
4.81271 1.27397 4.18193
4.81283 1.2749 4.18204
4.81283 1.2749 4.18204
4.81283 1.2749 4.18204
4.81274 1.27525 4.18228
4.81486 1.27454 4.18011
4.81486 1.27454 4.18011
4.81274 1.27525 4.18228
4.81247 1.27483 4.18275
4.81247 1.27483 4.18275
4.81247 1.27483 4.18275
4.81451 1.27423 4.18132
4.81286 1.27447 4.18191
4.81451 1.27423 4.18132
4.81263 1.27519 4.18232
4.81263 1.27519 4.18232
4.81174 1.27547 4.18283
4.81174 1.27547 4.18283
4.81174 1.27547 4.18283
0 0 0
3.33554 2.07759 3.97956
3.33552 2.08087 3.98074
3.33553 2.07866 3.9782
3.33553 2.07866 3.9782
3.33553 2.07866 3.9782
3.33553 2.07866 3.9782
3.3349 2.07792 3.97766
3.33668 2.07847 3.97941
3.33619 2.0789 3.9786
3.33619 2.0789 3.9786
3.33619 2.0789 3.9786
3.33619 2.0789 3.9786
3.33619 2.0789 3.9786
3.33616 2.07787 3.97889
3.33616 2.07787 3.97889
3.33616 2.07787 3.97889
3.33616 2.07787 3.97889
3.33521 2.07738 3.97739
3.3362 2.07827 3.97875
3.3362 2.07827 3.97875
3.3362 2.07827 3.97875
3.33474 2.07888 3.9775
3.33474 2.07888 3.9775
3.33474 2.07888 3.9775
3.33428 2.07749 3.9785
3.33287 2.07471 3.97696
3.3366 2.07641 3.97755
3.3366 2.07641 3.97755
3.33649 2.07722 3.97899
3.33675 2.07885 3.97933
3.33675 2.07885 3.97933
3.33675 2.07885 3.97933
3.33424 2.07689 3.9785
3.33564 2.07524 3.98009
3.33424 2.07689 3.9785
3.33564 2.07524 3.98009
3.77865 1.04337 2.28546
3.77865 1.04337 2.28546
3.77865 1.04337 2.28546
3.77841 1.04274 2.2866
3.77841 1.04274 2.2866
3.77837 1.04268 2.28665
3.77868 1.04281 2.28471
3.77846 1.04215 2.28609
3.77846 1.04215 2.28609
3.77846 1.04215 2.28609
3.77667 1.04549 2.28861
3.77793 1.04495 2.28923
3.77839 1.04298 2.28635
3.77839 1.04298 2.28635
3.77841 1.04278 2.28669
3.77841 1.04278 2.28669
5.26466 1.91488 1.45788
5.26056 1.91911 1.45334
5.26056 1.91911 1.45334
5.26056 1.91911 1.45334
4.51836 1.49957 2.01713
4.51812 1.5009 2.0158
4.51836 1.49957 2.01713
4.51468 1.50017 2.01818
4.51468 1.50017 2.01818
4.51794 1.49979 2.01814
4.51765 1.49978 2.01836
4.51765 1.49978 2.01836
4.51765 1.49978 2.01836
4.51765 1.49978 2.01836
4.51765 1.49978 2.01836
4.51884 1.49968 2.01675
4.51884 1.49968 2.01675
4.51884 1.49968 2.01675
4.51869 1.50076 2.01711
4.51869 1.50076 2.01711
1.91657 0.27117 0.72992
1.91657 0.27117 0.72992
5.40899 1.45344 5.34789
5.40842 1.45521 5.3476
5.40842 1.45521 5.3476
5.40984 1.45934 5.35079
5.41011 1.45861 5.34952
5.40913 1.45809 5.34918
5.40975 1.45853 5.34958
5.40975 1.45853 5.34958
5.40913 1.45809 5.34918
5.40913 1.45809 5.34918
5.41078 1.45817 5.34809
5.40954 1.45907 5.34597
5.40954 1.45907 5.34597
5.40954 1.45907 5.34597
5.41237 1.45924 5.34717
5.41237 1.45924 5.34717
5.41353 1.45231 5.35202
5.41237 1.45924 5.34717
5.77508 1.4788 4.46627
5.77508 1.4788 4.46627
5.77508 1.4788 4.46627
5.77508 1.4788 4.46627
5.77506 1.47908 4.46651
5.77506 1.47908 4.46651
5.77509 1.47699 4.46328
5.77444 1.47795 4.466
5.77444 1.47795 4.466
5.77614 1.47499 4.46353
4.81308 1.27622 4.18273
4.81308 1.27622 4.18273
4.81308 1.27622 4.18273
4.8129 1.2748 4.18247
4.8129 1.2748 4.18247
4.81283 1.2749 4.18204
4.81283 1.2749 4.18204
4.81283 1.2749 4.18204
4.81283 1.2749 4.18204
4.81274 1.27525 4.18228
4.81274 1.27525 4.18228
4.81274 1.27525 4.18228
4.81486 1.27454 4.18011
4.81274 1.27525 4.18228
4.81247 1.27483 4.18275
4.81443 1.27413 4.18102
4.81443 1.27413 4.18102
4.81451 1.27423 4.18132
4.81247 1.27483 4.18275
4.81451 1.27423 4.18132
4.81174 1.27547 4.18283
4.81174 1.27547 4.18283
4.81166 1.27578 4.18192
4.81174 1.27547 4.18283
4.81174 1.27547 4.18283
4.81205 1.2784 4.18525
3.33548 2.07893 3.97913
3.33552 2.08087 3.98074
3.33548 2.07893 3.97913
3.33548 2.07893 3.97913
3.33553 2.07866 3.9782
3.33553 2.07866 3.9782
3.33647 2.07752 3.978
3.33668 2.07847 3.97941
3.33619 2.0789 3.9786
3.33493 2.07807 3.97925
3.33619 2.0789 3.9786
3.33493 2.07807 3.97925
3.33493 2.07807 3.97925
3.33621 2.0782 3.97875
3.33621 2.0782 3.97875
3.33621 2.0782 3.97875
3.33616 2.07787 3.97889
3.33621 2.0782 3.97875
3.33506 2.07732 3.97759
3.33521 2.07738 3.97739
3.3362 2.07827 3.97875
3.33287 2.07471 3.97696
3.33428 2.07749 3.9785
3.33428 2.07749 3.9785
3.33428 2.07749 3.9785
3.3366 2.07641 3.97755
3.3366 2.07641 3.97755
3.3366 2.07641 3.97755
3.33649 2.07722 3.97899
3.33683 2.07877 3.97905
3.33683 2.07877 3.97905
3.33683 2.07877 3.97905
3.33424 2.07689 3.9785
3.33424 2.07689 3.9785
3.33424 2.07689 3.9785
3.33612 2.07537 3.9847
3.77865 1.04337 2.28546
3.77865 1.04337 2.28546
3.77865 1.04337 2.28546
3.77868 1.04281 2.28471
3.77868 1.04281 2.28471
3.77868 1.04281 2.28471
3.77868 1.04281 2.28471
3.77683 1.0436 2.28577
3.77683 1.0436 2.28577
3.77672 1.04158 2.2849
3.77666 1.04421 2.28488
3.77522 1.04455 2.28762
3.77839 1.04298 2.28635
3.7779 1.04243 2.28683
3.7779 1.04243 2.28683
3.7779 1.04243 2.28683
5.26092 1.91788 1.45519
5.26092 1.91788 1.45519
5.26092 1.91788 1.45519
5.25929 1.91987 1.45376
5.25929 1.91987 1.45376
5.25929 1.91987 1.45376
4.51812 1.5009 2.0158
4.51751 1.49932 2.01787
4.51468 1.50017 2.01818
4.51794 1.49979 2.01814
4.51765 1.49978 2.01836
4.51765 1.49978 2.01836
4.51765 1.49978 2.01836
4.51765 1.49978 2.01836
4.51765 1.49978 2.01836
4.51747 1.49977 2.01726
4.51747 1.49977 2.01726
4.51869 1.50076 2.01711
4.51785 1.49978 2.0162
4.51785 1.49978 2.0162
5.41194 1.45204 5.33456
5.40899 1.45344 5.34789
5.40899 1.45344 5.34789
5.40842 1.45521 5.3476
5.40842 1.45521 5.3476
5.40984 1.45934 5.35079
5.4088 1.45726 5.34929
5.4088 1.45726 5.34929
5.4088 1.45726 5.34929
5.41078 1.45817 5.34809
5.40913 1.45809 5.34918
5.41078 1.45817 5.34809
5.41078 1.45817 5.34809
5.40954 1.45907 5.34597
5.40954 1.45907 5.34597
5.40954 1.45907 5.34597
5.41237 1.45924 5.34717
5.41237 1.45924 5.34717
0 0 0
0 0 0
5.77508 1.4788 4.46627
5.77508 1.4788 4.46627
5.77508 1.4788 4.46627
5.77508 1.4788 4.46627
5.77506 1.47908 4.46651
5.77506 1.47908 4.46651
5.77486 1.47868 4.46626
5.77444 1.47795 4.466
5.77507 1.47881 4.46627
5.77507 1.47881 4.46627
5.77507 1.47881 4.46627
4.81303 1.27624 4.1842
4.81305 1.27462 4.18282
4.81305 1.27462 4.18282
4.81542 1.27562 4.18303
4.81417 1.27368 4.18134
4.81414 1.27579 4.18279
4.81414 1.27579 4.18279
4.81414 1.27579 4.18279
4.8157 1.27508 4.18077
4.8157 1.27508 4.18077
4.81486 1.27454 4.18011
4.81486 1.27454 4.18011
4.81274 1.27525 4.18228
4.81135 1.27546 4.18047
4.81247 1.27483 4.18275
4.81247 1.27483 4.18275
4.81247 1.27483 4.18275
4.81247 1.27483 4.18275
4.81279 1.27526 4.18232
4.81279 1.27526 4.18232
4.81279 1.27526 4.18232
4.81279 1.27526 4.18232
4.81115 1.27481 4.18224
4.81115 1.27481 4.18224
4.81115 1.27481 4.18224
3.33548 2.07893 3.97913
3.33552 2.08087 3.98074
3.33548 2.07893 3.97913
3.33548 2.07893 3.97913
3.3359 2.07924 3.978
3.3349 2.07792 3.97766
3.3349 2.07792 3.97766
3.33647 2.07752 3.978
3.33493 2.07807 3.97925
3.33493 2.07807 3.97925
3.33493 2.07807 3.97925
3.33618 2.0792 3.98216
3.33493 2.07807 3.97925
3.33637 2.0784 3.9792
3.33637 2.0784 3.9792
3.33637 2.0784 3.9792
3.33616 2.07787 3.97889
3.33506 2.07732 3.97759
3.3351 2.07455 3.97922
3.3351 2.07455 3.97922
3.3351 2.07455 3.97922
3.33163 2.07741 3.9803
3.33428 2.07749 3.9785
3.33428 2.07749 3.9785
3.33428 2.07749 3.9785
3.3366 2.07641 3.97755
3.3366 2.07641 3.97755
3.33665 2.07722 3.97907
3.33649 2.07722 3.97899
3.33649 2.07722 3.97899
3.33759 2.07905 3.98041
3.33634 2.07802 3.97886
3.33424 2.07689 3.9785
3.33634 2.07802 3.97886
3.33424 2.07689 3.9785
0 0 0
3.77841 1.04274 2.2866
3.77841 1.04274 2.2866
3.77841 1.04274 2.2866
3.77868 1.04281 2.28471
3.77868 1.04281 2.28471
3.77879 1.04109 2.28424
3.77879 1.04109 2.28424
3.77879 1.04109 2.28424
3.77849 1.04292 2.28662
3.77849 1.04292 2.28662
3.77849 1.04292 2.28662
3.77849 1.04292 2.28662
3.77839 1.04298 2.28635
3.7779 1.04243 2.28683
3.77841 1.04278 2.28669
3.77646 1.04279 2.29024
5.26092 1.91788 1.45519
5.26092 1.91788 1.45519
5.26056 1.91911 1.45334
5.25929 1.91987 1.45376
5.25929 1.91987 1.45376
5.25929 1.91987 1.45376
5.25929 1.91987 1.45376
4.51751 1.49932 2.01787
4.51751 1.49932 2.01787
4.51794 1.49979 2.01814
4.51765 1.49978 2.01836
4.51765 1.49978 2.01836
4.51765 1.49978 2.01836
4.51765 1.49978 2.01836
4.51765 1.49978 2.01836
4.51747 1.49977 2.01726
4.51747 1.49977 2.01726
4.51785 1.49978 2.0162
4.51787 1.50059 2.01398
4.51787 1.50059 2.01398
3.929 2.51009 0.19598
3.93144 2.50884 0.20017
3.929 2.51009 0.19598
3.93014 2.51088 0.20119
3.93076 2.51307 0.19908
3.92631 2.51343 0.19844
0 0 0
5.4088 1.45726 5.34929
5.40984 1.4538 5.35225
5.4088 1.45726 5.34929
5.4088 1.45726 5.34929
5.40767 1.45553 5.35109
5.41126 1.45836 5.34401
5.40954 1.45907 5.34597
5.40954 1.45907 5.34597
5.40954 1.45907 5.34597
5.40954 1.45907 5.34597
5.40661 1.45822 5.35244
5.77499 1.47873 4.47063
5.77499 1.47873 4.47063
5.77508 1.4788 4.46627
5.77508 1.4788 4.46627
5.77508 1.4788 4.46627
5.77508 1.4788 4.46627
5.77548 1.47889 4.46615
5.77548 1.47889 4.46615
5.77504 1.47988 4.466
5.77444 1.47795 4.466
5.77507 1.47881 4.46627
5.77507 1.47881 4.46627
5.77507 1.47881 4.46627
4.81542 1.27562 4.18303
4.81305 1.27462 4.18282
4.81471 1.27328 4.18162
4.81394 1.275 4.18226
4.81394 1.275 4.18226
4.81394 1.275 4.18226
4.81414 1.27579 4.18279
4.81414 1.27579 4.18279
4.8157 1.27508 4.18077
4.8157 1.27508 4.18077
4.81246 1.27765 4.18332
4.81246 1.27765 4.18332
4.81246 1.27765 4.18332
4.81135 1.27546 4.18047
4.81135 1.27546 4.18047
4.81122 1.27491 4.18315
4.81283 1.27509 4.18237
4.81283 1.27509 4.18237
4.81279 1.27526 4.18232
4.81279 1.27526 4.18232
4.81279 1.27526 4.18232
4.81279 1.27526 4.18232
4.81272 1.27529 4.18247
4.81314 1.27458 4.18158
4.81272 1.27529 4.18247
3.33459 2.07887 3.97875
3.33459 2.07887 3.97875
3.33459 2.07887 3.97875
3.33548 2.07893 3.97913
3.3359 2.07924 3.978
3.33647 2.07752 3.978
3.33647 2.07752 3.978
3.33647 2.07752 3.978
3.33493 2.07807 3.97925
3.33493 2.07807 3.97925
3.33493 2.07807 3.97925
3.33618 2.0792 3.98216
3.33618 2.0792 3.98216
3.33637 2.0784 3.9792
3.33637 2.0784 3.9792
3.33637 2.0784 3.9792
3.33616 2.07787 3.97889
3.33506 2.07732 3.97759
3.33163 2.07741 3.9803
3.33163 2.07741 3.9803
3.33521 2.07738 3.97739
3.33287 2.07471 3.97696
3.33428 2.07749 3.9785
3.3363 2.07783 3.97882
3.3363 2.07783 3.97882
3.3366 2.07641 3.97755
3.33658 2.07819 3.979
3.33658 2.07819 3.979
3.33665 2.07722 3.97907
3.33665 2.07722 3.97907
3.33547 2.07952 3.97821
3.33634 2.07802 3.97886
3.33145 2.07852 3.98059
3.33634 2.07802 3.97886
3.7789 1.04463 2.28673
3.7789 1.04463 2.28673
3.77841 1.04274 2.2866
3.77841 1.04274 2.2866
3.77841 1.04274 2.2866
3.77841 1.04274 2.2866
3.77868 1.04281 2.28471
3.77879 1.04109 2.28424
3.77868 1.04281 2.28471
3.77879 1.04109 2.28424
3.77849 1.04292 2.28662
3.77849 1.04292 2.28662
3.77849 1.04292 2.28662
3.77849 1.04292 2.28662
3.77791 1.04209 2.28689
3.77765 1.04065 2.28844
3.77765 1.04065 2.28844
3.77646 1.04279 2.29024
5.26092 1.91788 1.45519
5.26092 1.91788 1.45519
5.2605 1.91896 1.45425
5.25929 1.91987 1.45376
5.2605 1.91896 1.45425
5.25929 1.91987 1.45376
5.25929 1.91987 1.45376
5.25929 1.91987 1.45376
5.25857 1.91898 1.45545
4.51757 1.50244 2.02173
4.51757 1.50244 2.02173
4.51751 1.49932 2.01787
4.51739 1.50048 2.01764
4.51739 1.50048 2.01764
4.51747 1.49977 2.01726
4.51747 1.49977 2.01726
4.51747 1.49977 2.01726
4.51785 1.49978 2.0162
4.51785 1.49978 2.0162
3.92532 2.51251 0.19457
3.929 2.51009 0.19598
3.929 2.51009 0.19598
3.93144 2.50884 0.20017
3.93076 2.51307 0.19908
3.929 2.51009 0.19598
3.92631 2.51343 0.19844
3.92631 2.51343 0.19844
4.65508 2.56054 4.60167
4.65838 2.561 4.60768
4.65508 2.56054 4.60167
4.65047 2.55892 4.59799
4.65047 2.55892 4.59799
4.65047 2.55892 4.59799
4.65004 2.56043 4.59707
4.65075 2.56374 4.60038
5.40767 1.45553 5.35109
5.40768 1.46212 5.34264
5.77508 1.47882 4.46628
5.77508 1.47882 4.46628
5.77508 1.4788 4.46627
5.77508 1.4788 4.46627
5.77508 1.4788 4.46627
5.77508 1.4788 4.46627
5.77504 1.47988 4.466
5.77504 1.47988 4.466
5.77504 1.47988 4.466
5.77504 1.47988 4.466
5.77569 1.47953 4.4683
5.77569 1.47953 4.4683
5.77507 1.47881 4.46627
5.77507 1.47881 4.46627
0 0 0
4.81392 1.27286 4.18277
4.81471 1.27328 4.18162
4.81471 1.27328 4.18162
4.81417 1.27368 4.18134
4.81394 1.275 4.18226
4.81394 1.275 4.18226
4.81414 1.27579 4.18279
4.81414 1.27579 4.18279
4.81414 1.27579 4.18279
4.81246 1.27765 4.18332
4.81246 1.27765 4.18332
4.81248 1.27841 4.17959
4.81135 1.27546 4.18047
4.81135 1.27546 4.18047
4.81463 1.27569 4.18326
4.81283 1.27509 4.18237
4.81283 1.27509 4.18237
4.81279 1.27526 4.18232
4.81283 1.27509 4.18237
4.81279 1.27526 4.18232
4.81272 1.27529 4.18247
4.81272 1.27529 4.18247
4.81272 1.27529 4.18247
4.81406 1.27454 4.18519
3.33548 2.07893 3.97913
3.33459 2.07887 3.97875
3.33459 2.07887 3.97875
3.33647 2.07752 3.978
3.33548 2.07893 3.97913
3.33647 2.07752 3.978
3.33537 2.07602 3.97919
3.33537 2.07602 3.97919
3.33493 2.07807 3.97925
3.33493 2.07807 3.97925
3.33829 2.07542 3.98051
3.33856 2.07944 3.9831
3.33532 2.07796 3.98185
3.33637 2.0784 3.9792
3.33637 2.0784 3.9792
3.33637 2.0784 3.9792
3.33616 2.07787 3.97889
3.33506 2.07732 3.97759
3.33163 2.07741 3.9803
3.33521 2.07738 3.97739
3.33521 2.07738 3.97739
3.3362 2.07827 3.97875
3.3362 2.07827 3.97875
3.33658 2.07819 3.979
3.33658 2.07819 3.979
3.3366 2.07641 3.97755
3.3366 2.07641 3.97755
3.3366 2.07641 3.97755
3.3366 2.07641 3.97755
3.33638 2.07836 3.97877
3.33547 2.07952 3.97821
3.33634 2.07802 3.97886
3.33145 2.07852 3.98059
3.33118 2.07983 3.98118
3.77845 1.04275 2.2866
3.77845 1.04275 2.2866
3.77841 1.04274 2.2866
3.77841 1.04274 2.2866
3.77841 1.04274 2.2866
3.77841 1.04274 2.2866
3.77841 1.04274 2.2866
3.77879 1.04109 2.28424
3.77879 1.04109 2.28424
3.77879 1.04109 2.28424
3.77849 1.04292 2.28662
3.77849 1.04292 2.28662
3.77849 1.04292 2.28662
3.77849 1.04292 2.28662
3.77765 1.04065 2.28844
3.77765 1.04065 2.28844
3.77765 1.04065 2.28844
0 0 0
5.26092 1.91788 1.45519
5.2583 1.91887 1.45499
5.2605 1.91896 1.45425
5.2605 1.91896 1.45425
5.2605 1.91896 1.45425
5.2605 1.91896 1.45425
5.2605 1.91896 1.45425
5.25911 1.91719 1.45475
5.25911 1.91719 1.45475
5.25857 1.91898 1.45545
5.25857 1.91898 1.45545
5.26212 1.92144 1.459
5.26207 1.91887 1.45784
5.26045 1.91961 1.45271
5.26098 1.91828 1.45556
5.2589 1.91816 1.45461
5.2589 1.91816 1.45461
5.2589 1.91816 1.45461
3.92699 2.51326 0.19705
3.9293 2.51058 0.19743
3.9293 2.51058 0.19743
3.9293 2.51058 0.19743
3.9293 2.51058 0.19743
3.9293 2.51058 0.19743
3.93076 2.51307 0.19908
3.92958 2.51265 0.19816
3.92958 2.51265 0.19816
0 0 0
4.65453 2.55981 4.60341
4.65453 2.55981 4.60341
4.65453 2.55981 4.60341
4.65047 2.55892 4.59799
4.65047 2.55892 4.59799
4.64589 2.55839 4.59433
4.65075 2.56374 4.60038
4.65075 2.56374 4.60038
4.64622 2.55859 4.60003
5.77492 1.47873 4.46619
5.77492 1.47873 4.46619
5.77492 1.47873 4.46619
5.77507 1.4788 4.46626
5.77508 1.4788 4.46627
5.77508 1.4788 4.46627
5.77508 1.4788 4.46627
5.77289 1.47767 4.46684
5.77504 1.47988 4.466
5.7755 1.47895 4.466
5.77515 1.4791 4.46771
5.77515 1.4791 4.46771
5.7755 1.47895 4.466
5.77507 1.47881 4.46627
5.77507 1.47881 4.46627
4.81542 1.27562 4.18303
4.81471 1.27328 4.18162
4.81394 1.275 4.18226
4.81394 1.275 4.18226
4.81394 1.275 4.18226
4.81394 1.275 4.18226
4.81414 1.27579 4.18279
4.81263 1.27516 4.18245
4.81288 1.27507 4.18222
4.81263 1.27516 4.18245
4.81263 1.27516 4.18245
4.81322 1.2752 4.18161
4.81091 1.27523 4.18213
4.8126 1.27483 4.18224
4.8126 1.27483 4.18224
4.8126 1.27483 4.18224
4.81283 1.27509 4.18237
4.81283 1.27509 4.18237
4.81283 1.27509 4.18237
4.81279 1.27526 4.18232
4.81272 1.27529 4.18247
4.81272 1.27529 4.18247
4.81272 1.27529 4.18247
4.81272 1.27529 4.18247
3.33548 2.07893 3.97913
3.33548 2.07893 3.97913
3.33548 2.07893 3.97913
3.33548 2.07893 3.97913
3.33548 2.07893 3.97913
3.33647 2.07752 3.978
3.33537 2.07602 3.97919
3.33647 2.07752 3.978
3.33595 2.07814 3.9777
3.33493 2.07807 3.97925
3.33716 2.07759 3.97806
3.33716 2.07759 3.97806
3.33493 2.07807 3.97925
3.33637 2.0784 3.9792
3.33637 2.0784 3.9792
3.33637 2.0784 3.9792
3.3356 2.07861 3.97952
3.33558 2.07654 3.97812
3.33163 2.07741 3.9803
3.33558 2.07654 3.97812
3.33558 2.07654 3.97812
3.33609 2.07829 3.97872
3.33609 2.07829 3.97872
3.33658 2.07819 3.979
3.33745 2.07963 3.97788
3.33745 2.07963 3.97788
3.33745 2.07963 3.97788
3.33665 2.07722 3.97907
3.33638 2.07836 3.97877
3.33638 2.07836 3.97877
3.33638 2.07836 3.97877
3.33634 2.07802 3.97886
3.33145 2.07852 3.98059
3.77569 1.04215 2.28875
3.77845 1.04275 2.2866
3.77845 1.04275 2.2866
3.77845 1.04275 2.2866
3.77845 1.04275 2.2866
3.77845 1.04275 2.2866
3.77581 1.04216 2.28911
3.77907 1.04219 2.28622
3.77907 1.04219 2.28622
3.77907 1.04219 2.28622
3.77907 1.04219 2.28622
3.77907 1.04219 2.28622
3.77849 1.04292 2.28662
3.77849 1.04292 2.28662
3.77849 1.04292 2.28662
3.77765 1.04065 2.28844
3.77765 1.04065 2.28844
3.77765 1.04065 2.28844
3.77736 1.03992 2.28916
5.26092 1.91788 1.45519
5.2583 1.91887 1.45499
5.2605 1.91896 1.45425
5.2605 1.91896 1.45425
5.2605 1.91896 1.45425
5.2605 1.91896 1.45425
5.2605 1.91896 1.45425
5.25857 1.91898 1.45545
5.25857 1.91898 1.45545
5.25857 1.91898 1.45545
5.25857 1.91898 1.45545
5.26212 1.92144 1.459
5.26048 1.91961 1.45404
5.26048 1.91961 1.45404
5.26048 1.91961 1.45404
5.26048 1.91961 1.45404
5.26048 1.91961 1.45404
0 0 0
3.92699 2.51326 0.19705
3.92699 2.51326 0.19705
3.9293 2.51058 0.19743
3.9293 2.51058 0.19743
3.9293 2.51058 0.19743
3.9293 2.51058 0.19743
3.92826 2.51172 0.19502
3.92826 2.51172 0.19502
3.92826 2.51172 0.19502
3.92826 2.51172 0.19502
4.65453 2.55981 4.60341
4.65453 2.55981 4.60341
4.65453 2.55981 4.60341
4.65047 2.55892 4.59799
4.65047 2.55892 4.59799
4.65004 2.56043 4.59707
4.65075 2.56374 4.60038
4.65075 2.56374 4.60038
4.64622 2.55859 4.60003
5.77507 1.4788 4.46626
5.77492 1.47873 4.46619
5.77492 1.47873 4.46619
5.77507 1.4788 4.46626
5.77531 1.478 4.46626
5.77504 1.47988 4.466
5.77504 1.47988 4.466
5.77504 1.47988 4.466
5.77504 1.47988 4.466
5.7755 1.47895 4.466
5.77515 1.4791 4.46771
5.77507 1.47881 4.46627
5.77507 1.47881 4.46627
5.77507 1.47881 4.46627
5.77507 1.47881 4.46627
4.81326 1.27511 4.18179
4.81326 1.27511 4.18179
4.81394 1.275 4.18226
4.81326 1.27511 4.18179
4.81394 1.275 4.18226
4.81394 1.275 4.18226
4.81414 1.27579 4.18279
4.81288 1.27507 4.18222
4.81288 1.27507 4.18222
4.81288 1.27507 4.18222
4.8128 1.27515 4.18217
4.8128 1.27515 4.18217
4.8128 1.27515 4.18217
4.8126 1.27483 4.18224
4.8126 1.27483 4.18224
4.81254 1.27511 4.18231
4.81283 1.27509 4.18237
4.81283 1.27509 4.18237
4.81283 1.27509 4.18237
4.81283 1.27509 4.18237
4.81272 1.27529 4.18247
4.81272 1.27529 4.18247
4.81314 1.27458 4.18158
4.81272 1.27529 4.18247
3.33459 2.07887 3.97875
3.33459 2.07887 3.97875
3.33459 2.07887 3.97875
3.33649 2.0774 3.98021
3.33564 2.07754 3.97729
3.33564 2.07754 3.97729
3.33595 2.07814 3.9777
3.33657 2.07835 3.9792
3.33657 2.07835 3.9792
3.33657 2.07835 3.9792
3.33595 2.07814 3.9777
3.33657 2.07835 3.9792
3.33856 2.07944 3.9831
3.33637 2.0784 3.9792
3.33637 2.0784 3.9792
3.33637 2.0784 3.9792
3.3356 2.07861 3.97952
3.3356 2.07861 3.97952
3.33558 2.07654 3.97812
3.33609 2.07829 3.97872
3.33609 2.07829 3.97872
3.33609 2.07829 3.97872
3.33648 2.07875 3.97914
3.33658 2.07819 3.979
3.33745 2.07963 3.97788
3.33745 2.07963 3.97788
3.33745 2.07963 3.97788
3.33665 2.07722 3.97907
3.33638 2.07836 3.97877
3.33665 2.07722 3.97907
3.33638 2.07836 3.97877
3.33634 2.07802 3.97886
3.33638 2.07836 3.97877
3.77768 1.04296 2.28464
3.77754 1.04203 2.28678
3.77754 1.04203 2.28678
3.77754 1.04203 2.28678
3.77754 1.04203 2.28678
3.77754 1.04203 2.28678
3.77581 1.04216 2.28911
3.77907 1.04219 2.28622
3.77907 1.04219 2.28622
3.77907 1.04219 2.28622
3.77907 1.04219 2.28622
3.77849 1.04292 2.28662
3.77849 1.04292 2.28662
3.77849 1.04292 2.28662
3.77849 1.04292 2.28662
3.77791 1.04209 2.28689
3.77791 1.04209 2.28689
3.77765 1.04065 2.28844
3.77791 1.04209 2.28689
5.26278 1.92431 1.45736
5.2583 1.91887 1.45499
5.2605 1.91896 1.45425
5.2605 1.91896 1.45425
5.2605 1.91896 1.45425
5.2605 1.91896 1.45425
5.2605 1.91896 1.45425
5.2596 1.91696 1.45362
5.25857 1.91898 1.45545
5.25857 1.91898 1.45545
5.26113 1.91889 1.45513
5.25857 1.91898 1.45545
5.26048 1.91961 1.45404
5.26048 1.91961 1.45404
5.26048 1.91961 1.45404
5.26048 1.91961 1.45404
5.26048 1.91961 1.45404
0 0 0
3.92699 2.51326 0.19705
3.92699 2.51326 0.19705
3.93076 2.51307 0.19908
3.9293 2.51058 0.19743
3.9293 2.51058 0.19743
3.9293 2.51058 0.19743
3.92826 2.51172 0.19502
3.92826 2.51172 0.19502
3.92887 2.51155 0.19594
3.92958 2.51265 0.19816
4.65453 2.55981 4.60341
4.65453 2.55981 4.60341
4.65453 2.55981 4.60341
4.65079 2.56106 4.59855
4.64882 2.55967 4.59695
4.64882 2.55967 4.59695
4.65079 2.56106 4.59855
4.65079 2.56106 4.59855
4.64941 2.55759 4.5976
5.77492 1.47873 4.46619
5.77492 1.47873 4.46619
5.77509 1.47803 4.46602
5.77507 1.4788 4.46626
5.77531 1.478 4.46626
5.77504 1.47988 4.466
5.77504 1.47988 4.466
5.77289 1.47767 4.46684
5.77504 1.47988 4.466
5.7755 1.47895 4.466
5.7755 1.47895 4.466
5.77289 1.47767 4.46684
5.77502 1.47984 4.46658
5.77502 1.47984 4.46658
5.77515 1.4791 4.46771
4.81326 1.27511 4.18179
4.81326 1.27511 4.18179
4.81326 1.27511 4.18179
4.81326 1.27511 4.18179
4.81326 1.27511 4.18179
4.81338 1.27483 4.18192
4.81294 1.27499 4.18236
4.81263 1.27516 4.18245
4.81288 1.27507 4.18222
4.81288 1.27507 4.18222
4.81263 1.27516 4.18245
4.8128 1.27515 4.18217
4.8128 1.27515 4.18217
4.8126 1.27483 4.18224
4.8126 1.27483 4.18224
4.8126 1.27483 4.18224
4.8126 1.27483 4.18224
4.81283 1.27509 4.18237
4.81283 1.27509 4.18237
4.81406 1.27454 4.18519
4.81272 1.27529 4.18247
4.81272 1.27529 4.18247
4.81272 1.27529 4.18247
4.81272 1.27529 4.18247
0 0 0
3.33649 2.0774 3.98021
3.33649 2.0774 3.98021
3.33649 2.0774 3.98021
3.33847 2.07794 3.9791
3.33847 2.07794 3.9791
3.33564 2.07754 3.97729
3.33657 2.07835 3.9792
3.33657 2.07835 3.9792
3.33657 2.07835 3.9792
3.33716 2.07759 3.97806
3.33716 2.07759 3.97806
3.3355 2.07944 3.97961
3.3355 2.07944 3.97961
3.3355 2.07944 3.97961
3.33731 2.07716 3.97918
3.3356 2.07861 3.97952
3.33584 2.07927 3.97825
3.33558 2.07654 3.97812
3.33609 2.07829 3.97872
3.33609 2.07829 3.97872
3.33609 2.07829 3.97872
3.33609 2.07829 3.97872
3.33609 2.07829 3.97872
3.33559 2.08047 3.97721
3.3363 2.07783 3.97882
3.33658 2.07819 3.979
3.33658 2.07819 3.979
3.33638 2.07836 3.97877
3.33638 2.07836 3.97877
3.33638 2.07836 3.97877
3.33638 2.07836 3.97877
3.77715 1.0419 2.28364
3.77768 1.04296 2.28464
3.77754 1.04203 2.28678
3.77754 1.04203 2.28678
3.77754 1.04203 2.28678
3.77856 1.04252 2.28589
3.77754 1.04203 2.28678
3.77856 1.04252 2.28589
3.77856 1.04252 2.28589
3.77856 1.04252 2.28589
3.77861 1.04334 2.28608
3.77861 1.04334 2.28608
3.77861 1.04334 2.28608
3.77705 1.04245 2.28839
3.77763 1.04239 2.28628
3.77763 1.04239 2.28628
3.77791 1.04209 2.28689
3.77791 1.04209 2.28689
3.77791 1.04209 2.28689
3.77791 1.04209 2.28689
5.26299 1.91734 1.4559
5.2583 1.91887 1.45499
5.2605 1.91896 1.45425
5.2605 1.91896 1.45425
5.2605 1.91896 1.45425
5.2605 1.91896 1.45425
5.2605 1.91896 1.45425
5.2596 1.91696 1.45362
5.25911 1.91719 1.45475
5.25911 1.91719 1.45475
5.2606 1.9189 1.45444
5.2606 1.9189 1.45444
5.26048 1.91961 1.45404
5.26045 1.91961 1.45271
5.26048 1.91961 1.45404
5.26045 1.91961 1.45271
5.26045 1.91961 1.45271
5.26045 1.91961 1.45271
3.92699 2.51326 0.19705
3.9293 2.51058 0.19743
3.9293 2.51058 0.19743
3.9293 2.51058 0.19743
3.9293 2.51058 0.19743
3.92878 2.51035 0.19512
3.92826 2.51172 0.19502
3.92826 2.51172 0.19502
3.92887 2.51155 0.19594
3.92887 2.51155 0.19594
3.92887 2.51155 0.19594
4.65453 2.55981 4.60341
4.65453 2.55981 4.60341
4.65079 2.56106 4.59855
4.65153 2.55903 4.60066
4.64882 2.55967 4.59695
4.65079 2.56106 4.59855
4.65153 2.55903 4.60066
4.65153 2.55903 4.60066
5.77509 1.47803 4.46602
5.77509 1.47803 4.46602
5.77509 1.47803 4.46602
5.77531 1.478 4.46626
5.77531 1.478 4.46626
5.77485 1.4805 4.46812
5.77456 1.47906 4.4649
5.77289 1.47767 4.46684
5.77456 1.47906 4.4649
5.77456 1.47906 4.4649
5.7755 1.47895 4.466
5.7755 1.47895 4.466
5.7755 1.47895 4.466
5.77515 1.4791 4.46771
5.77515 1.4791 4.46771
0 0 0
4.81326 1.27511 4.18179
4.81326 1.27511 4.18179
4.81326 1.27511 4.18179
4.81326 1.27511 4.18179
4.81288 1.27507 4.18222
4.81294 1.27499 4.18236
4.81288 1.27507 4.18222
4.81338 1.27483 4.18192
4.81288 1.27507 4.18222
4.81197 1.27355 4.18433
4.8128 1.27515 4.18217
4.8126 1.27483 4.18224
4.8126 1.27483 4.18224
4.8126 1.27483 4.18224
4.8126 1.27483 4.18224
4.81249 1.27469 4.18236
4.81249 1.27469 4.18236
4.81249 1.27469 4.18236
4.81406 1.27454 4.18519
4.81249 1.27469 4.18236
4.81337 1.27539 4.18136
4.81337 1.27539 4.18136
4.81489 1.27372 4.18351
3.33649 2.0774 3.98021
3.33649 2.0774 3.98021
3.33649 2.0774 3.98021
3.33575 2.07819 3.97891
3.33847 2.07794 3.9791
3.33317 2.07804 3.97993
3.33317 2.07804 3.97993
3.33657 2.07835 3.9792
3.33657 2.07835 3.9792
3.33657 2.07835 3.9792
3.33657 2.07835 3.9792
3.33657 2.07835 3.9792
3.3355 2.07944 3.97961
3.33584 2.07927 3.97825
3.33731 2.07716 3.97918
3.33731 2.07716 3.97918
3.33584 2.07927 3.97825
3.33731 2.07716 3.97918
3.33731 2.07716 3.97918
3.33648 2.07875 3.97914
3.33648 2.07875 3.97914
3.33648 2.07875 3.97914
3.33648 2.07875 3.97914
3.33819 2.08115 3.98136
3.33532 2.0812 3.97372
5.57656 1.22524 2.52891
5.57535 1.2117 2.53027
5.5747 1.21621 2.53268
5.57474 1.21741 2.53194
0 0 0
0 0 0
0 0 0
3.77715 1.0419 2.28364
3.77715 1.0419 2.28364
3.77754 1.04203 2.28678
3.77754 1.04203 2.28678
3.77754 1.04203 2.28678
3.77856 1.04252 2.28589
3.77754 1.04203 2.28678
3.77856 1.04252 2.28589
3.77856 1.04252 2.28589
3.77856 1.04252 2.28589
3.77761 1.04384 2.28569
3.77761 1.04384 2.28569
3.77861 1.04334 2.28608
3.77705 1.04245 2.28839
3.77763 1.04239 2.28628
3.77763 1.04239 2.28628
3.77763 1.04239 2.28628
3.77763 1.04239 2.28628
3.77763 1.04239 2.28628
3.77769 1.04076 2.28663
5.26278 1.92431 1.45736
5.2583 1.91887 1.45499
5.2583 1.91887 1.45499
5.2583 1.91887 1.45499
5.25996 1.9193 1.45748
5.2583 1.91887 1.45499
5.2596 1.91696 1.45362
5.2606 1.9189 1.45444
5.25911 1.91719 1.45475
5.25911 1.91719 1.45475
5.2606 1.9189 1.45444
5.2606 1.9189 1.45444
5.26048 1.91961 1.45404
5.26045 1.91961 1.45271
5.26045 1.91961 1.45271
5.26045 1.91961 1.45271
5.2615 1.91827 1.45214
5.2615 1.91827 1.45214
3.92954 2.51064 0.19723
3.92954 2.51064 0.19723
3.92954 2.51064 0.19723
3.92954 2.51064 0.19723
3.92954 2.51064 0.19723
3.92878 2.51035 0.19512
3.92826 2.51172 0.19502
3.92826 2.51172 0.19502
3.92887 2.51155 0.19594
3.92887 2.51155 0.19594
3.93093 2.50899 0.19939
3.92887 2.51155 0.19594
4.65453 2.55981 4.60341
4.65144 2.55862 4.60059
4.65144 2.55862 4.60059
4.6515 2.55836 4.60041
4.65153 2.55903 4.60066
4.65153 2.55903 4.60066
4.65153 2.55903 4.60066
5.77531 1.478 4.46626
5.77509 1.47803 4.46602
5.77531 1.478 4.46626
5.77531 1.478 4.46626
5.77531 1.478 4.46626
5.77702 1.48004 4.46674
5.77456 1.47906 4.4649
5.77456 1.47906 4.4649
5.77456 1.47906 4.4649
5.77456 1.47906 4.4649
5.77456 1.47906 4.4649
5.7755 1.47895 4.466
5.7755 1.47895 4.466
5.77507 1.47873 4.4668
5.77515 1.4791 4.46771
5.77664 1.48106 4.46594
4.81326 1.27511 4.18179
4.81326 1.27511 4.18179
4.81339 1.27791 4.17848
4.81326 1.27511 4.18179
4.81322 1.27567 4.18238
4.81288 1.27507 4.18222
4.81288 1.27507 4.18222
4.81338 1.27483 4.18192
4.81288 1.27507 4.18222
4.8128 1.27515 4.18217
4.8128 1.27515 4.18217
4.8128 1.27515 4.18217
4.8126 1.27483 4.18224
4.81211 1.27438 4.18267
4.81211 1.27438 4.18267
4.81348 1.27591 4.18543
4.81348 1.27591 4.18543
4.81249 1.27469 4.18236
4.81249 1.27469 4.18236
4.81337 1.27539 4.18136
4.81337 1.27539 4.18136
4.81337 1.27539 4.18136
4.81489 1.27372 4.18351
3.33575 2.07819 3.97891
3.33624 2.0786 3.97833
3.33575 2.07819 3.97891
3.33624 2.0786 3.97833
3.33624 2.0786 3.97833
3.33564 2.07754 3.97729
3.33317 2.07804 3.97993
3.33657 2.07835 3.9792
3.33657 2.07835 3.9792
3.33657 2.07835 3.9792
3.33657 2.07835 3.9792
3.33657 2.07835 3.9792
3.33701 2.07943 3.97979
3.33538 2.08031 3.97763
3.33716 2.07759 3.97806
3.33731 2.07716 3.97918
3.33753 2.07808 3.97982
3.33731 2.07716 3.97918
3.33731 2.07716 3.97918
3.33609 2.07829 3.97872
3.33609 2.07829 3.97872
3.33648 2.07875 3.97914
3.33648 2.07875 3.97914
5.57325 1.21879 2.53085
5.57325 1.21879 2.53085
5.57771 1.21879 2.5342
5.5747 1.21621 2.53268
5.5747 1.21621 2.53268
5.57474 1.21741 2.53194
5.57474 1.21741 2.53194
5.57474 1.21741 2.53194
0 0 0
3.77839 1.04293 2.28681
3.77839 1.04293 2.28681
3.77754 1.04203 2.28678
3.77754 1.04203 2.28678
3.77754 1.04203 2.28678
3.77856 1.04252 2.28589
3.77754 1.04203 2.28678
3.77856 1.04252 2.28589
3.77856 1.04252 2.28589
3.77856 1.04252 2.28589
3.77861 1.04334 2.28608
3.77761 1.04384 2.28569
3.77861 1.04334 2.28608
3.77831 1.04367 2.2863
3.77763 1.04239 2.28628
3.77763 1.04239 2.28628
3.77763 1.04239 2.28628
3.77763 1.04239 2.28628
3.77763 1.04239 2.28628
3.77699 1.04374 2.28715
5.26278 1.92431 1.45736
5.26278 1.92431 1.45736
5.26278 1.92431 1.45736
5.26055 1.92027 1.4536
5.26055 1.92027 1.4536
5.26055 1.92027 1.4536
5.26055 1.92027 1.4536
5.2606 1.9189 1.45444
5.2606 1.9189 1.45444
5.2606 1.9189 1.45444
5.2606 1.9189 1.45444
5.2606 1.9189 1.45444
5.26048 1.91961 1.45404
5.26113 1.91889 1.45513
5.26048 1.91961 1.45404
5.2615 1.91827 1.45214
5.2615 1.91827 1.45214
5.2615 1.91827 1.45214
3.92954 2.51064 0.19723
3.92878 2.51035 0.19512
3.9287 2.50969 0.19674
3.92878 2.51035 0.19512
3.92954 2.51064 0.19723
3.92878 2.51035 0.19512
3.9284 2.51105 0.1965
3.9284 2.51105 0.1965
3.92887 2.51155 0.19594
3.92887 2.51155 0.19594
3.93093 2.50899 0.19939
3.93093 2.50899 0.19939
4.65529 2.55766 4.6045
4.65144 2.55862 4.60059
4.65153 2.55903 4.60066
4.65153 2.55903 4.60066
4.65153 2.55903 4.60066
4.65153 2.55903 4.60066
4.65153 2.55903 4.60066
5.77531 1.478 4.46626
5.77666 1.4753 4.46638
5.77666 1.4753 4.46638
5.77666 1.4753 4.46638
5.77531 1.478 4.46626
5.77702 1.48004 4.46674
5.77889 1.47813 4.4653
5.77618 1.4795 4.46548
5.77456 1.47906 4.4649
5.77618 1.4795 4.46548
5.77618 1.4795 4.46548
5.77618 1.4795 4.46548
5.77507 1.47873 4.4668
5.77507 1.47873 4.4668
5.77507 1.47873 4.4668
5.77482 1.4782 4.4643
4.81326 1.27511 4.18179
4.81326 1.27511 4.18179
4.81326 1.27511 4.18179
4.81255 1.27558 4.18161
4.81255 1.27558 4.18161
4.8135 1.27564 4.18293
4.8135 1.27564 4.18293
4.8135 1.27564 4.18293
4.8135 1.27564 4.18293
4.81238 1.27475 4.18391
4.81238 1.27475 4.18391
4.8128 1.27515 4.18217
4.8128 1.27515 4.18217
4.81254 1.27511 4.18231
4.81254 1.27511 4.18231
4.81348 1.27591 4.18543
4.81348 1.27591 4.18543
4.81254 1.27511 4.18231
4.81324 1.27776 4.18151
4.81337 1.27539 4.18136
4.81337 1.27539 4.18136
4.81337 1.27539 4.18136
4.81489 1.27372 4.18351
3.33575 2.07819 3.97891
3.33575 2.07819 3.97891
3.33575 2.07819 3.97891
3.33575 2.07819 3.97891
3.33624 2.0786 3.97833
3.33564 2.07754 3.97729
3.33257 2.08063 3.97994
3.33657 2.07835 3.9792
3.3357 2.07982 3.97756
3.33657 2.07835 3.9792
3.33657 2.07835 3.9792
3.33657 2.07835 3.9792
3.3355 2.07944 3.97961
3.3355 2.07944 3.97961
3.33731 2.07716 3.97918
3.33753 2.07808 3.97982
3.33701 2.07943 3.97979
3.33731 2.07716 3.97918
3.33753 2.07808 3.97982
3.33648 2.07875 3.97914
3.33648 2.07875 3.97914
5.57771 1.21879 2.5342
5.57325 1.21879 2.53085
5.57325 1.21879 2.53085
5.57503 1.2184 2.53299
5.57503 1.2184 2.53299
5.5747 1.21621 2.53268
5.5747 1.21621 2.53268
5.57474 1.21741 2.53194
5.57474 1.21741 2.53194
5.5747 1.21621 2.53268
5.57474 1.21741 2.53194
3.77839 1.04293 2.28681
3.77839 1.04293 2.28681
3.77839 1.04293 2.28681
3.77839 1.04293 2.28681
3.77875 1.04346 2.28692
3.77856 1.04252 2.28589
3.77856 1.04252 2.28589
3.77856 1.04252 2.28589
3.77856 1.04252 2.28589
3.77761 1.04384 2.28569
3.77761 1.04384 2.28569
3.77761 1.04384 2.28569
3.77831 1.04367 2.2863
3.77831 1.04367 2.2863
3.77763 1.04239 2.28628
3.77763 1.04239 2.28628
3.77699 1.04374 2.28715
3.77699 1.04374 2.28715
3.77699 1.04374 2.28715
3.77699 1.04374 2.28715
5.25994 1.91899 1.45465
5.25994 1.91899 1.45465
5.25994 1.91899 1.45465
5.25932 1.92118 1.45468
5.26092 1.91896 1.45537
5.26092 1.91896 1.45537
5.26092 1.91896 1.45537
5.2606 1.9189 1.45444
5.2606 1.9189 1.45444
5.2606 1.9189 1.45444
5.2606 1.9189 1.45444
5.2606 1.9189 1.45444
5.26042 1.91907 1.45471
5.26194 1.91713 1.45163
5.26194 1.91713 1.45163
5.2615 1.91827 1.45214
5.2615 1.91827 1.45214
5.2615 1.91827 1.45214
0 0 0
3.92878 2.51035 0.19512
3.92878 2.51035 0.19512
3.92878 2.51035 0.19512
3.92954 2.51064 0.19723
3.9284 2.51105 0.1965
3.93308 2.509 0.20038
3.93308 2.509 0.20038
3.92887 2.51155 0.19594
3.92887 2.51155 0.19594
3.92887 2.51155 0.19594
3.92887 2.51155 0.19594
3.92887 2.51155 0.19594
4.65252 2.55904 4.60328
4.65153 2.55903 4.60066
4.65153 2.55903 4.60066
4.65153 2.55903 4.60066
4.65153 2.55903 4.60066
4.65153 2.55903 4.60066
5.77313 1.47681 4.46832
5.77509 1.47803 4.46602
5.77509 1.47803 4.46602
5.77666 1.4753 4.46638
5.77682 1.47661 4.46435
5.77449 1.47727 4.46666
5.77561 1.47914 4.46581
5.7747 1.47759 4.46446
5.7747 1.47759 4.46446
5.77456 1.47906 4.4649
5.77456 1.47906 4.4649
5.77437 1.47842 4.46616
5.77507 1.47873 4.4668
5.77507 1.47873 4.4668
5.77507 1.47873 4.4668
5.77437 1.47842 4.46616
4.81322 1.27567 4.18238
4.81289 1.27532 4.18253
4.81154 1.2753 4.18223
4.81255 1.27558 4.18161
4.81255 1.27558 4.18161
4.81255 1.27558 4.18161
4.81415 1.27934 4.18162
4.8135 1.27564 4.18293
4.8135 1.27564 4.18293
4.81238 1.27475 4.18391
4.81309 1.27655 4.18269
4.81309 1.27655 4.18269
4.81309 1.27655 4.18269
4.81309 1.27655 4.18269
4.81309 1.27655 4.18269
4.81348 1.27591 4.18543
4.81348 1.27591 4.18543
4.81324 1.27776 4.18151
4.81324 1.27776 4.18151
4.81324 1.27776 4.18151
4.81324 1.27776 4.18151
4.81664 1.27682 4.18117
1.28691 1.8098 2.18228
1.2868 1.80794 2.18144
0 0 0
3.33624 2.0786 3.97833
3.33575 2.07819 3.97891
3.33624 2.0786 3.97833
3.3365 2.07916 3.97928
3.3365 2.07916 3.97928
3.3365 2.07916 3.97928
3.3357 2.07982 3.97756
3.3365 2.07916 3.97928
3.3357 2.07982 3.97756
3.33523 2.07673 3.97913
3.3357 2.07779 3.97994
3.33565 2.07871 3.97838
3.33731 2.07716 3.97918
3.33731 2.07716 3.97918
3.33565 2.07871 3.97838
3.33703 2.07681 3.97799
3.33753 2.07808 3.97982
3.33703 2.07681 3.97799
5.57565 1.21831 2.52998
5.57476 1.21723 2.53201
5.57476 1.21723 2.53201
5.57476 1.21723 2.53201
5.57476 1.21723 2.53201
5.57476 1.21723 2.53201
5.5747 1.21621 2.53268
5.57404 1.2167 2.53164
5.57474 1.21741 2.53194
5.57474 1.21741 2.53194
5.57474 1.21741 2.53194
5.57474 1.21741 2.53194
3.77839 1.04293 2.28681
3.77839 1.04293 2.28681
3.77839 1.04293 2.28681
3.77875 1.04346 2.28692
3.77875 1.04346 2.28692
3.77875 1.04346 2.28692
3.77856 1.04252 2.28589
3.77856 1.04252 2.28589
3.77856 1.04252 2.28589
3.77761 1.04384 2.28569
3.77761 1.04384 2.28569
3.77761 1.04384 2.28569
3.77831 1.04367 2.2863
3.77831 1.04367 2.2863
3.77831 1.04367 2.2863
3.77699 1.04374 2.28715
3.77699 1.04374 2.28715
3.77699 1.04374 2.28715
3.77699 1.04374 2.28715
3.77699 1.04374 2.28715
5.25994 1.91899 1.45465
5.25994 1.91899 1.45465
5.25994 1.91899 1.45465
5.25932 1.92118 1.45468
5.25932 1.92118 1.45468
5.26092 1.91896 1.45537
5.26051 1.91891 1.45493
5.26051 1.91891 1.45493
5.26092 1.91896 1.45537
5.2606 1.9189 1.45444
5.2606 1.9189 1.45444
5.2606 1.9189 1.45444
5.26115 1.91851 1.4554
5.26115 1.91851 1.4554
5.26194 1.91713 1.45163
5.2615 1.91827 1.45214
5.2615 1.91827 1.45214
5.2615 1.91827 1.45214
3.92954 2.51064 0.19723
3.92878 2.51035 0.19512
3.92878 2.51035 0.19512
3.92878 2.51035 0.19512
3.92954 2.51064 0.19723
3.93308 2.509 0.20038
3.93308 2.509 0.20038
3.93308 2.509 0.20038
3.93308 2.509 0.20038
3.93308 2.509 0.20038
3.93146 2.51133 0.19607
3.93023 2.51192 0.19831
3.93023 2.51192 0.19831
4.65252 2.55904 4.60328
4.65146 2.55841 4.60078
4.65146 2.55841 4.60078
4.65144 2.55862 4.60059
4.65144 2.55862 4.60059
4.65153 2.55903 4.60066
5.77313 1.47681 4.46832
5.7752 1.47895 4.46655
5.7752 1.47895 4.46655
5.77531 1.47879 4.46506
5.77682 1.47661 4.46435
5.77561 1.47914 4.46581
5.77561 1.47914 4.46581
5.7747 1.47759 4.46446
5.77618 1.4795 4.46548
5.77618 1.4795 4.46548
5.77618 1.4795 4.46548
5.77618 1.4795 4.46548
5.77507 1.47873 4.4668
5.77437 1.47842 4.46616
5.77437 1.47842 4.46616
5.77437 1.47842 4.46616
4.81322 1.27567 4.18238
4.81322 1.27567 4.18238
4.81322 1.27567 4.18238
4.81255 1.27558 4.18161
4.81255 1.27558 4.18161
4.81255 1.27558 4.18161
4.8135 1.27564 4.18293
4.8135 1.27564 4.18293
4.81238 1.27475 4.18391
4.81238 1.27475 4.18391
4.81238 1.27475 4.18391
4.81309 1.27655 4.18269
4.81309 1.27655 4.18269
4.81348 1.27591 4.18543
4.81348 1.27591 4.18543
0 0 0
0 0 0
4.81856 1.27704 4.18107
4.81324 1.27776 4.18151
4.81324 1.27776 4.18151
1.2868 1.80794 2.18144
1.2868 1.80794 2.18144
1.2868 1.80794 2.18144
1.2868 1.80794 2.18144
1.2868 1.80794 2.18144
1.28881 1.8057 2.17778
3.33575 2.07819 3.97891
3.33624 2.0786 3.97833
3.3365 2.07916 3.97928
3.3357 2.07982 3.97756
3.3365 2.07916 3.97928
3.3365 2.07916 3.97928
3.3365 2.07916 3.97928
3.33776 2.0799 3.98189
3.33523 2.07673 3.97913
3.3357 2.07779 3.97994
3.3357 2.07779 3.97994
3.33565 2.07871 3.97838
3.33565 2.07871 3.97838
3.33565 2.07871 3.97838
3.33753 2.07808 3.97982
3.33753 2.07808 3.97982
5.57468 1.21774 2.53163
5.57468 1.21774 2.53163
5.57468 1.21774 2.53163
5.57476 1.21723 2.53201
5.57476 1.21723 2.53201
5.57476 1.21723 2.53201
5.57476 1.21723 2.53201
5.57503 1.2184 2.53299
5.57503 1.2184 2.53299
5.57503 1.2184 2.53299
5.57474 1.21741 2.53194
5.57474 1.21741 2.53194
5.5738 1.21824 2.53328
3.77839 1.04293 2.28681
3.77847 1.04267 2.28658
3.77847 1.04267 2.28658
3.77839 1.04293 2.28681
3.77847 1.04267 2.28658
3.77847 1.04267 2.28658
3.78362 1.04484 2.28269
3.77781 1.04195 2.28635
3.77761 1.04384 2.28569
3.77761 1.04384 2.28569
3.77831 1.04367 2.2863
3.77831 1.04367 2.2863
3.77831 1.04367 2.2863
3.77736 1.04245 2.28764
3.77831 1.04367 2.2863
3.77699 1.04374 2.28715
3.77963 1.04444 2.28455
3.77963 1.04444 2.28455
3.77963 1.04444 2.28455
3.77699 1.04374 2.28715
5.25994 1.91899 1.45465
5.25994 1.91899 1.45465
5.25994 1.91899 1.45465
5.26055 1.92027 1.4536
5.26051 1.91891 1.45493
5.26092 1.91896 1.45537
5.26092 1.91896 1.45537
5.26051 1.91891 1.45493
5.26092 1.91896 1.45537
5.26115 1.91851 1.4554
5.26252 1.91815 1.45353
5.26115 1.91851 1.4554
5.26042 1.91907 1.45471
5.26115 1.91851 1.4554
5.26042 1.91907 1.45471
5.2615 1.91827 1.45214
5.2615 1.91827 1.45214
0 0 0
3.12245 1.03604 5.88575
3.12245 1.03604 5.88575
3.11971 1.03638 5.88903
3.92954 2.51064 0.19723
3.93081 2.5072 0.20011
3.93308 2.509 0.20038
3.93308 2.509 0.20038
3.93308 2.509 0.20038
3.93308 2.509 0.20038
3.93023 2.51192 0.19831
3.93023 2.51192 0.19831
3.9293 2.51067 0.19759
3.9293 2.51067 0.19759
4.65252 2.55904 4.60328
4.65146 2.55841 4.60078
4.65146 2.55841 4.60078
4.65146 2.55841 4.60078
4.65144 2.55862 4.60059
4.65153 2.55862 4.6006
5.77499 1.47799 4.4671
5.77499 1.47799 4.4671
5.77499 1.47799 4.4671
5.77499 1.47799 4.4671
5.77561 1.47914 4.46581
5.77561 1.47914 4.46581
5.77889 1.47813 4.4653
5.77889 1.47813 4.4653
5.77618 1.4795 4.46548
5.77618 1.4795 4.46548
5.77618 1.4795 4.46548
5.7749 1.47884 4.46636
5.77507 1.47873 4.4668
5.77437 1.47842 4.46616
5.77437 1.47842 4.46616
1.14381 0.6243 1.54936
1.14381 0.6243 1.54936
4.81322 1.27567 4.18238
4.81322 1.27567 4.18238
4.81255 1.27558 4.18161
4.81322 1.27567 4.18238
4.81255 1.27558 4.18161
4.8135 1.27564 4.18293
4.8135 1.27564 4.18293
4.8135 1.27564 4.18293
4.81238 1.27475 4.18391
4.81309 1.27655 4.18269
4.81309 1.27655 4.18269
4.81309 1.27655 4.18269
4.81309 1.27655 4.18269
5.75164 2.55825 0.56103
5.75164 2.55825 0.56103
5.75164 2.55815 0.56354
5.75189 2.55912 0.56128
5.75164 2.55825 0.56103
5.75189 2.55912 0.56128
0 0 0
1.28691 1.8098 2.18228
1.2868 1.80794 2.18144
1.2868 1.80794 2.18144
1.2868 1.80794 2.18144
1.28881 1.80773 2.17999
1.28881 1.80773 2.17999
3.33624 2.0786 3.97833
3.3365 2.07916 3.97928
3.3357 2.07982 3.97756
3.3357 2.07982 3.97756
3.3357 2.07982 3.97756
3.3365 2.07916 3.97928
3.33776 2.0799 3.98189
3.33523 2.07673 3.97913
3.3357 2.07779 3.97994
3.3357 2.07779 3.97994
3.33565 2.07871 3.97838
3.3357 2.07779 3.97994
3.3357 2.07779 3.97994
3.33565 2.07871 3.97838
5.57468 1.21774 2.53163
5.57468 1.21774 2.53163
5.57468 1.21774 2.53163
5.57476 1.21723 2.53201
5.57453 1.21673 2.53269
5.57476 1.21723 2.53201
5.57476 1.21723 2.53201
5.57476 1.21723 2.53201
5.57585 1.21814 2.53254
5.57503 1.2184 2.53299
5.57503 1.2184 2.53299
5.57585 1.21814 2.53254
5.5738 1.21824 2.53328
0 0 0
3.77808 1.04405 2.28704
3.77808 1.04405 2.28704
3.77808 1.04405 2.28704
3.77704 1.04428 2.2878
3.77704 1.04428 2.2878
3.77843 1.04268 2.28658
3.77843 1.04268 2.28658
3.77843 1.04268 2.28658
3.77843 1.04268 2.28658
3.77843 1.04268 2.28658
3.77851 1.04259 2.28664
3.77557 1.04175 2.28773
3.77736 1.04245 2.28764
3.77736 1.04245 2.28764
3.77831 1.04367 2.2863
3.77699 1.04374 2.28715
3.77963 1.04444 2.28455
3.77699 1.04374 2.28715
3.77699 1.04374 2.28715
3.77699 1.04374 2.28715
5.25994 1.91899 1.45465
5.25994 1.91899 1.45465
5.25994 1.91899 1.45465
5.26055 1.92027 1.4536
5.25932 1.92118 1.45468
5.26051 1.91891 1.45493
5.26096 1.91903 1.4542
5.26051 1.91891 1.45493
5.26092 1.91896 1.45537
5.26115 1.91851 1.4554
5.26084 1.91852 1.45427
5.26084 1.91852 1.45427
5.26084 1.91852 1.45427
5.26084 1.91852 1.45427
5.26084 1.91852 1.45427
5.26042 1.91907 1.45471
3.12245 1.03604 5.88575
3.12245 1.03604 5.88575
3.12245 1.03604 5.88575
3.12245 1.03604 5.88575
3.12245 1.03604 5.88575
3.11971 1.03638 5.88903
3.93081 2.5072 0.20011
3.93308 2.509 0.20038
3.93308 2.509 0.20038
3.93308 2.509 0.20038
3.92933 2.51048 0.19762
3.93023 2.51192 0.19831
3.92985 2.51156 0.19759
3.92985 2.51156 0.19759
3.92985 2.51156 0.19759
4.65252 2.55904 4.60328
4.65146 2.55841 4.60078
4.65252 2.55904 4.60328
4.65252 2.55904 4.60328
4.65252 2.55904 4.60328
4.65279 2.55675 4.60429
0 0 0
5.77335 1.47786 4.46518
5.77531 1.47879 4.46506
5.77531 1.47879 4.46506
5.77561 1.47914 4.46581
5.77561 1.47914 4.46581
5.77561 1.47914 4.46581
5.77449 1.47727 4.46666
5.7749 1.47884 4.46636
5.7749 1.47884 4.46636
5.77618 1.4795 4.46548
5.7749 1.47884 4.46636
5.77437 1.47842 4.46616
1.14381 0.6243 1.54936
1.14545 0.62311 1.54916
1.14545 0.62311 1.54916
1.14545 0.62311 1.54916
1.14545 0.62311 1.54916
4.81154 1.2753 4.18223
4.81255 1.27558 4.18161
4.81255 1.27558 4.18161
4.81255 1.27558 4.18161
4.8135 1.27564 4.18293
4.8135 1.27564 4.18293
4.81 1.27709 4.18383
4.81238 1.27475 4.18391
0 0 0
5.75501 2.55824 0.56223
5.75501 2.55824 0.56223
5.75501 2.55824 0.56223
5.75164 2.55825 0.56103
5.75153 2.55842 0.56139
5.75164 2.55815 0.56354
5.75153 2.55842 0.56139
5.75153 2.55842 0.56139
5.75153 2.55842 0.56139
0 0 0
1.28691 1.8098 2.18228
1.28691 1.8098 2.18228
1.2868 1.80794 2.18144
1.2868 1.80794 2.18144
1.28691 1.8098 2.18228
1.28881 1.80773 2.17999
1.28881 1.80773 2.17999
0 0 0
3.3357 2.07982 3.97756
3.3357 2.07982 3.97756
3.3357 2.07982 3.97756
3.3357 2.07982 3.97756
3.3357 2.07982 3.97756
3.33784 2.07765 3.97682
3.3357 2.07779 3.97994
3.3357 2.07779 3.97994
3.33565 2.07871 3.97838
3.3357 2.07779 3.97994
3.3357 2.07779 3.97994
5.57755 1.21446 2.53128
5.57453 1.21673 2.53269
5.57453 1.21673 2.53269
5.57453 1.21673 2.53269
5.57468 1.21774 2.53163
5.57453 1.21673 2.53269
5.57476 1.21723 2.53201
5.57476 1.21723 2.53201
5.57476 1.21723 2.53201
5.57585 1.21814 2.53254
5.57585 1.21814 2.53254
5.57503 1.2184 2.53299
5.57585 1.21814 2.53254
5.5759 1.21913 2.53167
5.5738 1.21824 2.53328
3.77923 1.04361 2.28595
3.77923 1.04361 2.28595
3.77923 1.04361 2.28595
3.77914 1.04378 2.28617
3.77914 1.04378 2.28617
3.77914 1.04378 2.28617
3.77914 1.04378 2.28617
3.77843 1.04268 2.28658
3.77843 1.04268 2.28658
3.77851 1.04259 2.28664
3.77876 1.04249 2.28891
3.77323 1.04271 2.29063
3.7766 1.04274 2.28823
3.77736 1.04245 2.28764
3.77557 1.04175 2.28773
3.77736 1.04245 2.28764
3.77736 1.04245 2.28764
3.77798 1.04265 2.28614
3.77963 1.04444 2.28455
3.77963 1.04444 2.28455
5.25994 1.91899 1.45465
5.25994 1.91899 1.45465
5.25994 1.91899 1.45465
5.25932 1.92118 1.45468
5.25932 1.92118 1.45468
5.26051 1.91891 1.45493
5.26051 1.91891 1.45493
5.25802 1.92071 1.45295
5.25802 1.92071 1.45295
5.26052 1.91779 1.45488
5.26079 1.91866 1.45351
5.26084 1.91852 1.45427
5.26084 1.91852 1.45427
5.26084 1.91852 1.45427
0 0 0
3.12125 1.03516 5.88685
3.12245 1.03604 5.88575
3.12245 1.03604 5.88575
3.12125 1.03516 5.88685
3.12125 1.03516 5.88685
3.12245 1.03604 5.88575
3.12122 1.03515 5.88837
3.11971 1.03638 5.88903
3.12148 1.03654 5.88301
3.93308 2.509 0.20038
3.93141 2.51077 0.19874
3.93141 2.51077 0.19874
3.93023 2.51192 0.19831
3.92985 2.51156 0.19759
3.92985 2.51156 0.19759
3.92985 2.51156 0.19759
4.65146 2.55841 4.60078
4.65039 2.55653 4.60159
4.65039 2.55653 4.60159
4.65146 2.55841 4.60078
4.65279 2.55675 4.60429
4.65279 2.55675 4.60429
5.77504 1.47839 4.46593
5.77504 1.47839 4.46593
5.77504 1.47839 4.46593
5.7752 1.47895 4.46655
5.77335 1.47786 4.46518
5.77561 1.47914 4.46581
5.7747 1.47759 4.46446
5.7747 1.47759 4.46446
5.7749 1.47884 4.46636
5.7749 1.47884 4.46636
5.7749 1.47884 4.46636
5.7749 1.47884 4.46636
1.14261 0.62066 1.5499
1.14261 0.62066 1.5499
1.14369 0.62154 1.55094
1.1464 0.62233 1.5486
1.14545 0.62311 1.54916
1.14545 0.62311 1.54916
1.14545 0.62311 1.54916
0 0 0
4.81344 1.2795 4.17822
4.81537 1.2706 4.18002
4.81415 1.27934 4.18162
4.81415 1.27934 4.18162
5.75276 2.5586 0.56066
5.75276 2.5586 0.56066
5.75276 2.5586 0.56066
5.75501 2.55824 0.56223
5.75501 2.55824 0.56223
5.75128 2.55899 0.56058
5.75164 2.55825 0.56103
5.75153 2.55842 0.56139
5.75164 2.55815 0.56354
5.75153 2.55842 0.56139
5.75153 2.55842 0.56139
5.75153 2.55842 0.56139
1.2868 1.80794 2.18144
1.2868 1.80794 2.18144
1.2868 1.80794 2.18144
1.2868 1.80794 2.18144
1.2868 1.80794 2.18144
1.28742 1.80775 2.1824
1.28881 1.80773 2.17999
1.28881 1.80773 2.17999
0 0 0
3.33621 2.07831 3.97874
3.33621 2.07831 3.97874
3.33567 2.07948 3.97778
3.3365 2.07916 3.97928
3.33567 2.07948 3.97778
3.33567 2.07948 3.97778
3.33567 2.07948 3.97778
3.33565 2.07871 3.97838
3.33565 2.07871 3.97838
5.57607 1.21801 2.5332
5.57607 1.21801 2.5332
5.57721 1.21877 2.53042
5.57468 1.21774 2.53163
5.57468 1.21774 2.53163
5.57468 1.21774 2.53163
5.57468 1.21774 2.53163
5.57476 1.21723 2.53201
5.57476 1.21723 2.53201
5.57476 1.21723 2.53201
5.57476 1.21723 2.53201
5.57409 1.21759 2.53216
5.57409 1.21759 2.53216
5.5738 1.21824 2.53328
5.57404 1.2167 2.53164
5.5738 1.21824 2.53328
5.5738 1.21824 2.53328
3.77821 1.04307 2.28654
3.77821 1.04307 2.28654
3.77704 1.04428 2.2878
3.77704 1.04428 2.2878
3.77821 1.04307 2.28654
3.77862 1.04351 2.2863
3.77862 1.04351 2.2863
3.77843 1.04268 2.28658
3.77843 1.04268 2.28658
3.77851 1.04259 2.28664
3.77917 1.04433 2.28762
3.77323 1.04271 2.29063
3.7766 1.04274 2.28823
3.7766 1.04274 2.28823
3.7766 1.04274 2.28823
3.77736 1.04245 2.28764
3.77736 1.04245 2.28764
3.77798 1.04265 2.28614
3.77963 1.04444 2.28455
3.77963 1.04444 2.28455
5.26208 1.91694 1.45435
5.26006 1.91764 1.455
5.26096 1.91903 1.4542
5.26096 1.91903 1.4542
5.26107 1.91999 1.45525
5.26051 1.91891 1.45493
5.26051 1.91891 1.45493
5.26051 1.91891 1.45493
5.2578 1.91996 1.45373
5.26115 1.91851 1.4554
5.26084 1.91852 1.45427
5.26084 1.91852 1.45427
5.26084 1.91852 1.45427
0 0 0
0 0 0
3.12125 1.03516 5.88685
3.12245 1.03604 5.88575
3.12245 1.03604 5.88575
3.12125 1.03516 5.88685
3.12125 1.03516 5.88685
3.12199 1.03661 5.8855
3.12095 1.03549 5.88666
3.12095 1.03549 5.88666
3.12095 1.03549 5.88666
3.12356 1.03557 5.88345
3.93141 2.51077 0.19874
3.93141 2.51077 0.19874
3.93023 2.51192 0.19831
3.92985 2.51156 0.19759
3.92985 2.51156 0.19759
3.92985 2.51156 0.19759
4.65406 2.55644 4.60633
4.65039 2.55653 4.60159
4.65406 2.55644 4.60633
4.65279 2.55675 4.60429
4.65279 2.55675 4.60429
4.65279 2.55675 4.60429
5.77504 1.47839 4.46593
5.7752 1.47895 4.46655
5.7752 1.47895 4.46655
5.7752 1.47895 4.46655
5.7752 1.47895 4.46655
5.7752 1.47895 4.46655
5.77345 1.47866 4.4676
5.7749 1.47884 4.46636
5.7749 1.47884 4.46636
5.7749 1.47884 4.46636
5.7749 1.47884 4.46636
1.14493 0.62371 1.55047
1.1466 0.62101 1.54723
1.1466 0.62101 1.54723
1.14627 0.62079 1.54817
1.1466 0.62101 1.54723
1.1464 0.62233 1.5486
1.1464 0.62233 1.5486
1.1464 0.62233 1.5486
1.1464 0.62233 1.5486
0 0 0
5.74581 2.56291 0.55288
5.75208 2.55867 0.56002
5.75208 2.55867 0.56002
5.75208 2.55867 0.56002
5.75208 2.55867 0.56002
5.75208 2.55867 0.56002
5.75501 2.55824 0.56223
5.75128 2.55899 0.56058
5.75128 2.55899 0.56058
5.75164 2.55825 0.56103
5.75153 2.55842 0.56139
5.75153 2.55842 0.56139
5.75153 2.55842 0.56139
5.75164 2.55825 0.56103
5.75508 2.55725 0.56634
1.28731 1.80736 2.18085
1.28731 1.80736 2.18085
1.28731 1.80736 2.18085
1.28992 1.80557 2.18311
1.28742 1.80775 2.1824
1.28884 1.80683 2.18012
1.28884 1.80683 2.18012
1.28881 1.80773 2.17999
1.28881 1.80773 2.17999
1.28893 1.80825 2.18082
3.33873 2.07885 3.97966
3.33567 2.07948 3.97778
3.33567 2.07948 3.97778
3.33567 2.07948 3.97778
3.33567 2.07948 3.97778
3.33567 2.07948 3.97778
3.33523 2.07828 3.97615
5.57607 1.21801 2.5332
5.57607 1.21801 2.5332
5.57607 1.21801 2.5332
5.57607 1.21801 2.5332
5.57468 1.21774 2.53163
5.57468 1.21774 2.53163
5.57468 1.21774 2.53163
5.57468 1.21774 2.53163
5.57468 1.21774 2.53163
5.57409 1.21759 2.53216
5.57409 1.21759 2.53216
5.57506 1.21686 2.53018
5.57409 1.21759 2.53216
5.57409 1.21759 2.53216
5.5738 1.21824 2.53328
5.5738 1.21824 2.53328
5.5738 1.21824 2.53328
0 0 0
3.77821 1.04307 2.28654
3.77821 1.04307 2.28654
3.77821 1.04307 2.28654
3.77821 1.04307 2.28654
3.77821 1.04307 2.28654
3.77862 1.04351 2.2863
3.77862 1.04351 2.2863
3.77843 1.04268 2.28658
3.77843 1.04268 2.28658
3.77843 1.04268 2.28658
3.77782 1.04319 2.28784
3.77323 1.04271 2.29063
3.7766 1.04274 2.28823
3.77644 1.04043 2.28903
3.77644 1.04043 2.28903
3.77644 1.04043 2.28903
3.7766 1.04274 2.28823
3.77798 1.04265 2.28614
3.77798 1.04265 2.28614
3.77798 1.04265 2.28614
5.26018 1.91829 1.45435
5.26018 1.91829 1.45435
5.26018 1.91829 1.45435
5.26039 1.9188 1.4545
5.26039 1.9188 1.4545
5.26039 1.9188 1.4545
5.26039 1.9188 1.4545
5.26039 1.9188 1.4545
5.26028 1.91924 1.45262
5.26028 1.91924 1.45262
5.26079 1.91866 1.45351
5.26079 1.91866 1.45351
5.26079 1.91866 1.45351
3.12378 1.03654 5.88676
3.12111 1.0352 5.88777
3.12125 1.03516 5.88685
3.12245 1.03604 5.88575
3.12245 1.03604 5.88575
3.12125 1.03516 5.88685
3.12125 1.03516 5.88685
3.12199 1.03661 5.8855
3.12095 1.03549 5.88666
3.12095 1.03549 5.88666
3.12095 1.03549 5.88666
3.12356 1.03557 5.88345
3.12356 1.03557 5.88345
3.12356 1.03557 5.88345
3.92847 2.51195 0.19638
3.92847 2.51195 0.19638
3.92985 2.51156 0.19759
3.92781 2.51043 0.19558
4.65406 2.55644 4.60633
4.65406 2.55644 4.60633
4.65406 2.55644 4.60633
4.65152 2.559 4.60078
4.64911 2.55927 4.60051
4.64911 2.55927 4.60051
5.77504 1.47839 4.46593
5.77504 1.47839 4.46593
5.77504 1.47839 4.46593
5.77619 1.47911 4.46639
5.77335 1.47786 4.46518
5.77345 1.47866 4.4676
5.77034 1.48208 4.46445
5.77034 1.48208 4.46445
5.77034 1.48208 4.46445
5.7749 1.47884 4.46636
1.15123 0.62124 1.54327
1.15123 0.62124 1.54327
1.1466 0.62101 1.54723
1.1466 0.62101 1.54723
1.14627 0.62079 1.54817
1.14369 0.62154 1.55094
1.14369 0.62154 1.55094
1.1464 0.62233 1.5486
1.14369 0.62154 1.55094
1.1464 0.62233 1.5486
5.74271 2.55902 0.54908
5.74271 2.55902 0.54908
5.75208 2.55867 0.56002
5.75208 2.55867 0.56002
5.75208 2.55867 0.56002
5.75208 2.55867 0.56002
5.75208 2.55867 0.56002
5.75128 2.55899 0.56058
5.75128 2.55899 0.56058
5.75128 2.55899 0.56058
5.74954 2.55757 0.55937
5.75153 2.55842 0.56139
5.75153 2.55842 0.56139
5.75153 2.55842 0.56139
5.75153 2.55842 0.56139
5.75153 2.55842 0.56139
1.28731 1.80736 2.18085
1.28731 1.80736 2.18085
1.28731 1.80736 2.18085
1.28679 1.80828 2.18184
1.28742 1.80775 2.1824
1.28884 1.80683 2.18012
1.28742 1.80775 2.1824
1.28893 1.80825 2.18082
1.28893 1.80825 2.18082
1.28893 1.80825 2.18082
1.287 1.80995 2.18261
3.33567 2.07948 3.97778
3.33523 2.07828 3.97615
3.33523 2.07828 3.97615
3.33567 2.07948 3.97778
5.57643 1.214 2.53287
5.57607 1.21801 2.5332
5.57607 1.21801 2.5332
5.57607 1.21801 2.5332
5.57607 1.21801 2.5332
5.57483 1.21753 2.53176
5.57453 1.21673 2.53269
5.57453 1.21673 2.53269
5.57453 1.21673 2.53269
5.57154 1.21799 2.53615
5.57455 1.21803 2.5325
5.57455 1.21803 2.5325
5.57506 1.21686 2.53018
5.57506 1.21686 2.53018
5.57506 1.21686 2.53018
5.57585 1.21814 2.53254
5.57585 1.21814 2.53254
5.57539 1.21887 2.52993
5.57539 1.21887 2.52993
5.57296 1.21879 2.53082
3.77821 1.04307 2.28654
3.77821 1.04307 2.28654
3.77704 1.04428 2.2878
3.77821 1.04307 2.28654
3.77821 1.04307 2.28654
3.77843 1.04268 2.28658
3.77843 1.04268 2.28658
3.77843 1.04268 2.28658
3.77843 1.04268 2.28658
3.77843 1.04268 2.28658
3.77782 1.04319 2.28784
3.77338 1.03858 2.29262
3.77338 1.03858 2.29262
3.77644 1.04043 2.28903
3.77644 1.04043 2.28903
3.77644 1.04043 2.28903
3.77644 1.04043 2.28903
3.77644 1.04043 2.28903
3.77798 1.04265 2.28614
3.77798 1.04265 2.28614
5.26018 1.91829 1.45435
5.26018 1.91829 1.45435
5.26096 1.91903 1.4542
5.26039 1.9188 1.4545
5.26039 1.9188 1.4545
5.26039 1.9188 1.4545
5.26039 1.9188 1.4545
5.26039 1.9188 1.4545
5.26028 1.91924 1.45262
5.26052 1.91779 1.45488
5.26084 1.91852 1.45427
5.26084 1.91852 1.45427
0 0 0
3.12378 1.03654 5.88676
3.12111 1.0352 5.88777
3.12125 1.03516 5.88685
3.12125 1.03516 5.88685
3.12125 1.03516 5.88685
3.12111 1.0352 5.88777
3.12122 1.03515 5.88837
3.12199 1.03661 5.8855
3.12215 1.03475 5.88629
3.12215 1.03475 5.88629
3.12215 1.03475 5.88629
3.12215 1.03475 5.88629
3.12215 1.03475 5.88629
3.12356 1.03557 5.88345
3.12106 1.03593 5.88797
3.12106 1.03593 5.88797
3.12106 1.03593 5.88797
3.12106 1.03593 5.88797
3.1235 1.03691 5.88496
4.65406 2.55644 4.60633
4.65406 2.55644 4.60633
4.64911 2.55927 4.60051
4.64911 2.55927 4.60051
4.64911 2.55927 4.60051
5.77504 1.47839 4.46593
5.77504 1.47839 4.46593
5.77475 1.47943 4.46533
5.77475 1.47943 4.46533
5.77475 1.47943 4.46533
5.77475 1.47943 4.46533
5.77034 1.48208 4.46445
5.77034 1.48208 4.46445
5.77034 1.48208 4.46445
0 0 0
1.14428 0.62101 1.54868
1.14428 0.62101 1.54868
1.14428 0.62101 1.54868
1.14428 0.62101 1.54868
1.14627 0.62079 1.54817
1.14369 0.62154 1.55094
1.14369 0.62154 1.55094
1.14369 0.62154 1.55094
1.14369 0.62154 1.55094
1.1464 0.62233 1.5486
5.75183 2.55882 0.56096
5.7477 2.5575 0.55712
5.75208 2.55867 0.56002
5.7477 2.5575 0.55712
5.75062 2.55899 0.56007
5.75062 2.55899 0.56007
5.75062 2.55899 0.56007
5.75062 2.55899 0.56007
5.75062 2.55899 0.56007
5.75128 2.55899 0.56058
5.74954 2.55757 0.55937
5.75153 2.55842 0.56139
5.75153 2.55842 0.56139
5.75153 2.55842 0.56139
5.75153 2.55842 0.56139
5.75153 2.55842 0.56139
1.2884 1.80775 2.18081
1.2884 1.80775 2.18081
1.2884 1.80775 2.18081
1.28679 1.80828 2.18184
1.28742 1.80775 2.1824
1.28742 1.80775 2.1824
1.28742 1.80775 2.1824
1.28742 1.80775 2.1824
1.28966 1.80792 2.18239
1.28755 1.80851 2.18121
1.28755 1.80851 2.18121
1.28966 1.80792 2.18239
1.28879 1.8092 2.18369
5.57712 1.21615 2.53167
5.57006 1.21828 2.53719
5.57712 1.21615 2.53167
5.57607 1.21801 2.5332
5.57428 1.21478 2.53344
5.57607 1.21801 2.5332
5.57607 1.21801 2.5332
5.57483 1.21753 2.53176
5.57611 1.21612 2.53077
5.57323 1.22061 2.5341
5.57323 1.22061 2.5341
5.57154 1.21799 2.53615
5.57323 1.22061 2.5341
5.57455 1.21803 2.5325
5.57455 1.21803 2.5325
5.57455 1.21803 2.5325
5.57455 1.21803 2.5325
5.57766 1.2167 2.52942
5.57318 1.21747 2.53058
5.57318 1.21747 2.53058
5.57296 1.21879 2.53082
5.57296 1.21879 2.53082
3.77821 1.04307 2.28654
3.77821 1.04264 2.28673
3.77899 1.04314 2.2862
3.77946 1.04258 2.28706
3.77899 1.04314 2.2862
3.77899 1.04314 2.2862
3.77946 1.04258 2.28706
3.77868 1.04055 2.28533
3.78008 1.04273 2.28509
3.77862 1.04351 2.2863
3.77647 1.04191 2.28757
3.77647 1.04191 2.28757
3.77647 1.04191 2.28757
3.77644 1.04043 2.28903
3.77644 1.04043 2.28903
3.77644 1.04043 2.28903
3.77843 1.04237 2.28692
3.77816 1.04244 2.2866
3.77843 1.04237 2.28692
3.77843 1.04237 2.28692
5.26018 1.91829 1.45435
5.26018 1.91829 1.45435
5.26134 1.91955 1.45414
5.26039 1.9188 1.4545
5.26039 1.9188 1.4545
5.26039 1.9188 1.4545
5.26039 1.9188 1.4545
5.26039 1.9188 1.4545
5.26028 1.91924 1.45262
5.26028 1.91924 1.45262
5.26079 1.91866 1.45351
3.11947 1.03963 5.89302
3.12119 1.03672 5.88507
3.12119 1.03672 5.88507
3.12119 1.03672 5.88507
3.12125 1.03516 5.88685
3.12125 1.03516 5.88685
3.12125 1.03516 5.88685
3.12125 1.03516 5.88685
3.12125 1.03516 5.88685
3.12199 1.03661 5.8855
3.12215 1.03475 5.88629
3.12215 1.03475 5.88629
3.12215 1.03475 5.88629
3.12215 1.03475 5.88629
3.12095 1.03549 5.88666
3.12356 1.03557 5.88345
3.12112 1.03494 5.88688
3.12106 1.03593 5.88797
3.12106 1.03593 5.88797
3.12106 1.03593 5.88797
3.12167 1.03516 5.88676
0 0 0
0 0 0
4.64911 2.55927 4.60051
4.64911 2.55927 4.60051
4.64911 2.55927 4.60051
0 0 0
5.77525 1.47905 4.46624
5.77525 1.47905 4.46624
5.77345 1.47866 4.4676
5.77475 1.47943 4.46533
5.77475 1.47943 4.46533
5.77475 1.47943 4.46533
0 0 0
1.14392 0.6247 1.54708
1.14361 0.62254 1.55049
1.14603 0.62332 1.54908
1.14603 0.62332 1.54908
1.14428 0.62101 1.54868
1.14428 0.62101 1.54868
1.14369 0.62154 1.55094
1.14369 0.62154 1.55094
1.14369 0.62154 1.55094
1.14228 0.62317 1.55153
1.14228 0.62317 1.55153
1.1464 0.62233 1.5486
5.75183 2.55882 0.56096
5.7477 2.5575 0.55712
5.75208 2.55867 0.56002
5.75208 2.55867 0.56002
5.75183 2.55882 0.56096
5.75128 2.55899 0.56058
5.75128 2.55899 0.56058
5.75062 2.55899 0.56007
5.75062 2.55899 0.56007
5.75128 2.55899 0.56058
5.74954 2.55757 0.55937
5.74954 2.55757 0.55937
5.74954 2.55757 0.55937
5.75125 2.55877 0.56059
5.75125 2.55877 0.56059
5.75125 2.55877 0.56059
1.2884 1.80775 2.18081
1.2884 1.80775 2.18081
1.2884 1.80775 2.18081
1.28833 1.80847 2.18066
1.28742 1.80775 2.1824
1.28937 1.80689 2.18049
1.28742 1.80775 2.1824
1.28755 1.80851 2.18121
1.28742 1.80775 2.1824
1.28755 1.80851 2.18121
1.28755 1.80851 2.18121
1.28893 1.80825 2.18082
1.28928 1.8078 2.18084
5.57406 1.21408 2.5309
5.57406 1.21408 2.5309
5.57453 1.21823 2.53138
5.57607 1.21801 2.5332
5.57607 1.21801 2.5332
5.57607 1.21801 2.5332
5.57607 1.21801 2.5332
5.57607 1.21801 2.5332
5.57436 1.21795 2.52999
5.57323 1.22061 2.5341
5.57396 1.21832 2.53193
5.57396 1.21832 2.53193
5.57396 1.21832 2.53193
5.57396 1.21832 2.53193
5.57396 1.21832 2.53193
5.57455 1.21803 2.5325
5.57676 1.21823 2.52958
5.5749 1.21661 2.5321
5.57318 1.21747 2.53058
5.57318 1.21747 2.53058
5.57318 1.21747 2.53058
3.77666 1.04043 2.28455
3.77977 1.04048 2.28599
3.77821 1.04264 2.28673
3.77851 1.04282 2.28768
3.77851 1.04282 2.28768
3.77899 1.04314 2.2862
3.77899 1.04314 2.2862
3.77862 1.04351 2.2863
3.77862 1.04351 2.2863
3.77862 1.04351 2.2863
3.77862 1.04351 2.2863
3.77647 1.04191 2.28757
3.77647 1.04191 2.28757
3.77647 1.04191 2.28757
3.77647 1.04191 2.28757
3.77647 1.04191 2.28757
3.77816 1.04244 2.2866
3.77843 1.04237 2.28692
3.77816 1.04244 2.2866
3.77843 1.04237 2.28692
3.77843 1.04237 2.28692
5.26018 1.91829 1.45435
5.26035 1.91944 1.45428
5.26018 1.91829 1.45435
5.26039 1.9188 1.4545
5.26039 1.9188 1.4545
5.26134 1.91955 1.45414
5.26134 1.91955 1.45414
5.26039 1.9188 1.4545
5.26028 1.91924 1.45262
5.26028 1.91924 1.45262
3.12134 1.03556 5.88783
3.12134 1.03556 5.88783
3.12134 1.03556 5.88783
3.12119 1.03672 5.88507
3.12134 1.03556 5.88783
3.12327 1.03593 5.88635
3.12327 1.03593 5.88635
3.12327 1.03593 5.88635
3.12111 1.0352 5.88777
3.12327 1.03593 5.88635
3.1202 1.03484 5.88717
3.12215 1.03475 5.88629
3.12215 1.03475 5.88629
3.12215 1.03475 5.88629
3.12215 1.03475 5.88629
3.12095 1.03549 5.88666
3.12112 1.03494 5.88688
3.12112 1.03494 5.88688
3.12009 1.03492 5.88781
3.12009 1.03492 5.88781
3.12081 1.03475 5.88663
3.12167 1.03516 5.88676
3.12081 1.03475 5.88663
3.12081 1.03475 5.88663
3.12418 1.03292 5.88305
4.64911 2.55927 4.60051
4.64911 2.55927 4.60051
0 0 0
5.77525 1.47905 4.46624
5.77525 1.47905 4.46624
5.77475 1.47943 4.46533
5.77475 1.47943 4.46533
5.77475 1.47943 4.46533
1.14361 0.62254 1.55049
1.14392 0.6247 1.54708
1.14392 0.6247 1.54708
1.14361 0.62254 1.55049
1.14603 0.62332 1.54908
1.14459 0.62194 1.55006
1.14459 0.62194 1.55006
1.14459 0.62194 1.55006
1.14459 0.62194 1.55006
1.14459 0.62194 1.55006
1.14235 0.62166 1.55172
1.14228 0.62317 1.55153
1.14294 0.62428 1.55404
1.14294 0.62428 1.55404
5.75011 2.55638 0.55377
5.75289 2.55566 0.55823
5.75208 2.55867 0.56002
5.75208 2.55867 0.56002
5.75183 2.55882 0.56096
5.75062 2.55899 0.56007
5.75062 2.55899 0.56007
5.74865 2.56136 0.56075
5.75062 2.55899 0.56007
5.74193 2.55871 0.5529
5.74954 2.55757 0.55937
5.74954 2.55757 0.55937
5.74954 2.55757 0.55937
5.74954 2.55757 0.55937
5.75125 2.55877 0.56059
1.28787 1.80845 2.1807
1.28787 1.80845 2.1807
1.28787 1.80845 2.1807
1.28784 1.80591 2.18084
1.28833 1.80847 2.18066
1.28847 1.80771 2.18112
1.28847 1.80771 2.18112
1.28755 1.80851 2.18121
1.28755 1.80851 2.18121
1.28847 1.80771 2.18112
1.28966 1.80792 2.18239
1.28966 1.80792 2.18239
1.28966 1.80792 2.18239
1.28673 1.80733 2.18283
5.57406 1.21408 2.5309
5.57486 1.21763 2.53228
5.57486 1.21763 2.53228
5.57486 1.21763 2.53228
5.57486 1.21763 2.53228
5.57486 1.21763 2.53228
5.57475 1.21754 2.53181
5.57475 1.21754 2.53181
5.57611 1.21612 2.53077
5.57592 1.22066 2.53081
5.57396 1.21832 2.53193
5.57396 1.21832 2.53193
5.57396 1.21832 2.53193
5.57396 1.21832 2.53193
5.57396 1.21832 2.53193
5.57455 1.21803 2.5325
5.57269 1.21798 2.53121
5.57269 1.21798 2.53121
5.57318 1.21747 2.53058
5.57318 1.21747 2.53058
5.57318 1.21747 2.53058
3.77818 1.0412 2.28781
3.77818 1.0412 2.28781
3.77821 1.04264 2.28673
3.77821 1.04264 2.28673
3.77821 1.04264 2.28673
3.77821 1.04264 2.28673
3.77821 1.04264 2.28673
3.77946 1.04258 2.28706
3.77946 1.04258 2.28706
3.778 1.04275 2.2858
3.778 1.04275 2.2858
3.778 1.04275 2.2858
3.778 1.04275 2.2858
3.77647 1.04191 2.28757
3.77647 1.04191 2.28757
3.77647 1.04191 2.28757
3.77816 1.04244 2.2866
3.77816 1.04244 2.2866
3.77816 1.04244 2.2866
3.77857 1.04262 2.28648
3.77843 1.04237 2.28692
5.26018 1.91829 1.45435
5.26035 1.91944 1.45428
5.26035 1.91944 1.45428
5.26039 1.9188 1.4545
5.26039 1.9188 1.4545
5.26039 1.9188 1.4545
5.26039 1.9188 1.4545
5.26039 1.9188 1.4545
5.26028 1.91924 1.45262
5.26028 1.91924 1.45262
3.12134 1.03556 5.88783
3.12134 1.03556 5.88783
3.12134 1.03556 5.88783
3.12163 1.03679 5.88751
3.12163 1.03679 5.88751
3.12327 1.03593 5.88635
3.12163 1.03679 5.88751
3.12327 1.03593 5.88635
3.12327 1.03593 5.88635
3.12095 1.03409 5.88895
3.12095 1.03409 5.88895
3.12095 1.03409 5.88895
3.12215 1.03475 5.88629
3.12133 1.03487 5.88679
3.12133 1.03487 5.88679
3.12112 1.03494 5.88688
3.12112 1.03494 5.88688
3.12112 1.03494 5.88688
3.12009 1.03492 5.88781
3.12142 1.03543 5.88708
3.12106 1.03593 5.88797
3.12167 1.03516 5.88676
3.12167 1.03516 5.88676
3.12167 1.03516 5.88676
3.12167 1.03516 5.88676
3.12167 1.03516 5.88676
3.11738 1.0329 5.88793
5.77525 1.47905 4.46624
5.77525 1.47905 4.46624
5.77525 1.47905 4.46624
5.77475 1.47943 4.46533
1.14506 0.62318 1.55159
1.14464 0.62279 1.54996
1.14361 0.62254 1.55049
1.14392 0.6247 1.54708
1.14392 0.6247 1.54708
1.14361 0.62254 1.55049
1.14603 0.62332 1.54908
1.14459 0.62194 1.55006
1.14459 0.62194 1.55006
1.14459 0.62194 1.55006
1.14459 0.62194 1.55006
1.14459 0.62194 1.55006
1.14235 0.62166 1.55172
1.14228 0.62317 1.55153
1.14177 0.62478 1.55294
1.14294 0.62428 1.55404
1.14411 0.62333 1.55088
5.75011 2.55638 0.55377
5.75011 2.55638 0.55377
5.75183 2.55882 0.56096
5.75183 2.55882 0.56096
5.752 2.5598 0.56248
5.75062 2.55899 0.56007
5.75185 2.55965 0.56146
5.75062 2.55899 0.56007
5.75185 2.55965 0.56146
5.74954 2.55757 0.55937
5.74954 2.55757 0.55937
5.74954 2.55757 0.55937
5.74954 2.55757 0.55937
5.75127 2.55879 0.56019
1.28793 1.8083 2.1796
1.28793 1.8083 2.1796
1.28793 1.8083 2.1796
1.28784 1.80591 2.18084
1.28639 1.80711 2.18172
1.28639 1.80711 2.18172
1.28679 1.80828 2.18184
1.28679 1.80828 2.18184
1.28679 1.80828 2.18184
1.28755 1.80851 2.18121
1.28755 1.80851 2.18121
1.28783 1.80665 2.18071
1.28783 1.80665 2.18071
1.28578 1.80598 2.18051
1.28535 1.80698 2.18162
5.57486 1.21763 2.53228
5.57486 1.21763 2.53228
5.57486 1.21763 2.53228
5.57486 1.21763 2.53228
5.57486 1.21763 2.53228
5.57475 1.21754 2.53181
5.57475 1.21754 2.53181
5.57465 1.2192 2.53106
5.57483 1.22096 2.52927
5.57396 1.21832 2.53193
5.57396 1.21832 2.53193
5.57396 1.21832 2.53193
5.57396 1.21832 2.53193
5.57396 1.21832 2.53193
5.57455 1.21803 2.5325
5.57269 1.21798 2.53121
5.57594 1.21748 2.53062
5.57269 1.21798 2.53121
5.57594 1.21748 2.53062
5.57608 1.21567 2.5288
3.77811 1.04377 2.28776
3.77811 1.04377 2.28776
3.77821 1.04264 2.28673
3.77821 1.04264 2.28673
3.77821 1.04264 2.28673
3.77899 1.04314 2.2862
3.77821 1.04264 2.28673
3.77851 1.04282 2.28768
3.77685 1.04174 2.28789
3.77685 1.04174 2.28789
3.77685 1.04174 2.28789
3.77647 1.04191 2.28757
3.77788 1.04264 2.2857
3.778 1.04275 2.2858
3.77816 1.04244 2.2866
3.77816 1.04244 2.2866
3.77816 1.04244 2.2866
3.77816 1.04244 2.2866
3.77816 1.04244 2.2866
3.77843 1.04237 2.28692
3.77857 1.04262 2.28648
0 0 0
5.26035 1.91944 1.45428
5.26078 1.91908 1.45437
5.26078 1.91908 1.45437
5.26035 1.91944 1.45428
5.26035 1.91944 1.45428
5.26078 1.91908 1.45437
5.25877 1.91785 1.45351
5.25877 1.91785 1.45351
3.11964 1.03683 5.88732
3.12134 1.03556 5.88783
3.12134 1.03556 5.88783
3.12134 1.03556 5.88783
3.12085 1.03563 5.887
3.12163 1.03679 5.88751
3.12163 1.03679 5.88751
3.12163 1.03679 5.88751
3.12163 1.03679 5.88751
3.12327 1.03593 5.88635
3.12005 1.03605 5.88784
3.12095 1.03409 5.88895
3.12005 1.03605 5.88784
3.12005 1.03605 5.88784
3.12112 1.03494 5.88688
3.1215 1.03573 5.88688
3.1215 1.03573 5.88688
3.12133 1.03487 5.88679
3.12112 1.03494 5.88688
3.12132 1.03303 5.88499
3.12142 1.03543 5.88708
3.12369 1.03228 5.88567
3.12167 1.03516 5.88676
3.12167 1.03516 5.88676
3.12167 1.03516 5.88676
3.12167 1.03516 5.88676
3.12167 1.03516 5.88676
3.11738 1.0329 5.88793
3.12164 1.03801 5.88305
1.14464 0.62279 1.54996
1.14464 0.62279 1.54996
1.14506 0.62318 1.55159
1.14506 0.62318 1.55159
1.14464 0.62279 1.54996
1.14361 0.62254 1.55049
1.14361 0.62254 1.55049
1.14665 0.62483 1.54667
1.14603 0.62332 1.54908
1.14603 0.62332 1.54908
1.1444 0.6234 1.55077
1.14459 0.62194 1.55006
1.14459 0.62194 1.55006
1.14429 0.6227 1.55074
1.14429 0.6227 1.55074
1.14235 0.62166 1.55172
1.14429 0.6227 1.55074
1.14411 0.62333 1.55088
1.14411 0.62333 1.55088
1.14411 0.62333 1.55088
5.7477 2.5575 0.55712
5.7477 2.5575 0.55712
5.7514 2.55885 0.56061
5.75121 2.55877 0.56033
5.75191 2.55933 0.56085
5.75191 2.55933 0.56085
5.75185 2.55965 0.56146
5.75062 2.55899 0.56007
5.75185 2.55965 0.56146
5.75127 2.55879 0.56019
5.74261 2.55749 0.553
5.75127 2.55879 0.56019
5.74193 2.55871 0.5529
1.28787 1.80845 2.1807
1.28787 1.80845 2.1807
1.28793 1.8083 2.1796
1.28844 1.80771 2.18112
1.28844 1.80771 2.18112
1.28639 1.80711 2.18172
1.28639 1.80711 2.18172
1.28844 1.80771 2.18112
1.28755 1.80851 2.18121
1.28755 1.80851 2.18121
1.28755 1.80851 2.18121
1.28755 1.80851 2.18121
1.28755 1.80851 2.18121
1.28783 1.80665 2.18071
1.28928 1.8078 2.18084
1.28928 1.8078 2.18084
5.57501 1.21759 2.5321
5.57501 1.21759 2.5321
5.57501 1.21759 2.5321
5.57501 1.21759 2.5321
5.57475 1.21754 2.53181
5.57475 1.21754 2.53181
5.57475 1.21754 2.53181
5.57465 1.2192 2.53106
5.57127 1.21824 2.53102
5.57396 1.21832 2.53193
5.57396 1.21832 2.53193
5.57396 1.21832 2.53193
5.57396 1.21832 2.53193
5.57396 1.21832 2.53193
5.57594 1.21748 2.53062
5.57269 1.21798 2.53121
5.57269 1.21798 2.53121
5.57269 1.21798 2.53121
5.57269 1.21798 2.53121
5.57269 1.21798 2.53121
3.77811 1.04377 2.28776
3.77811 1.04377 2.28776
3.77899 1.04314 2.2862
3.77851 1.04282 2.28768
3.77851 1.04282 2.28768
3.77899 1.04314 2.2862
3.77851 1.04282 2.28768
3.77851 1.04282 2.28768
3.77685 1.04174 2.28789
3.778 1.04275 2.2858
3.778 1.04275 2.2858
3.778 1.04275 2.2858
3.778 1.04275 2.2858
3.778 1.04275 2.2858
3.77836 1.04358 2.28696
3.77836 1.04358 2.28696
3.77857 1.04262 2.28648
3.77816 1.04244 2.2866
3.77816 1.04244 2.2866
3.77857 1.04262 2.28648
3.77857 1.04262 2.28648
5.26118 1.91923 1.45468
5.26035 1.91944 1.45428
5.26078 1.91908 1.45437
5.26078 1.91908 1.45437
5.26078 1.91908 1.45437
5.26035 1.91944 1.45428
5.26078 1.91908 1.45437
5.26098 1.91904 1.45467
3.12296 1.03675 5.894
3.11964 1.03683 5.88732
3.12134 1.03556 5.88783
3.12085 1.03563 5.887
3.12134 1.03556 5.88783
3.12085 1.03563 5.887
3.12085 1.03563 5.887
3.12138 1.03491 5.88695
3.12138 1.03491 5.88695
3.12062 1.03483 5.88769
3.12327 1.03593 5.88635
3.12005 1.03605 5.88784
3.12005 1.03605 5.88784
3.12005 1.03605 5.88784
3.12005 1.03605 5.88784
3.12005 1.03605 5.88784
3.1215 1.03573 5.88688
3.12133 1.03487 5.88679
3.12133 1.03487 5.88679
3.12133 1.03487 5.88679
3.12132 1.03303 5.88499
3.12185 1.03306 5.8859
3.12185 1.03306 5.8859
3.12167 1.03516 5.88676
3.12167 1.03516 5.88676
3.12167 1.03516 5.88676
3.12167 1.03516 5.88676
3.12167 1.03516 5.88676
3.12309 1.03269 5.88388
3.12164 1.03801 5.88305
1.14464 0.62279 1.54996
1.14464 0.62279 1.54996
1.14506 0.62318 1.55159
1.14506 0.62318 1.55159
1.14464 0.62279 1.54996
1.14665 0.62483 1.54667
1.14665 0.62483 1.54667
1.14665 0.62483 1.54667
1.14603 0.62332 1.54908
1.14603 0.62332 1.54908
1.14603 0.62332 1.54908
1.14459 0.62194 1.55006
1.14459 0.62194 1.55006
1.14429 0.6227 1.55074
1.14397 0.62299 1.55042
1.1446 0.62313 1.54994
1.14581 0.62354 1.54718
1.14411 0.62333 1.55088
1.14411 0.62333 1.55088
1.14411 0.62333 1.55088
1.14411 0.62333 1.55088
5.75011 2.55638 0.55377
5.7514 2.55885 0.56061
5.75121 2.55877 0.56033
5.75191 2.55933 0.56085
5.75191 2.55933 0.56085
5.75191 2.55933 0.56085
5.75147 2.55885 0.56055
5.75147 2.55885 0.56055
5.75127 2.55879 0.56019
5.74915 2.559 0.5598
5.75127 2.55879 0.56019
5.74915 2.559 0.5598
1.28704 1.80809 2.18086
1.28704 1.80809 2.18086
1.28793 1.8083 2.1796
1.28844 1.80771 2.18112
1.28844 1.80771 2.18112
1.28639 1.80711 2.18172
1.28639 1.80711 2.18172
1.28639 1.80711 2.18172
1.28639 1.80711 2.18172
1.28847 1.80771 2.18112
1.28847 1.80771 2.18112
1.28872 1.80702 2.18094
1.28872 1.80702 2.18094
1.28872 1.80702 2.18094
1.28872 1.80702 2.18094
1.28872 1.80702 2.18094
1.28704 1.80611 2.17899
5.57501 1.21759 2.5321
5.57501 1.21759 2.5321
5.57501 1.21759 2.5321
5.57453 1.21823 2.53138
5.57453 1.21823 2.53138
5.57465 1.2192 2.53106
5.57371 1.21826 2.53048
5.57371 1.21826 2.53048
5.57396 1.21832 2.53193
5.57396 1.21832 2.53193
5.57422 1.21589 2.52849
5.57396 1.21832 2.53193
5.57396 1.21832 2.53193
5.57594 1.21748 2.53062
5.57269 1.21798 2.53121
5.5749 1.21661 2.5321
5.5749 1.21661 2.5321
5.5749 1.21661 2.5321
5.5749 1.21661 2.5321
3.77907 1.04328 2.284
3.77907 1.04328 2.284
3.77759 1.04232 2.28585
3.77811 1.04377 2.28776
3.77862 1.04245 2.2869
3.77862 1.04245 2.2869
3.77862 1.04245 2.2869
3.77862 1.04245 2.2869
3.77862 1.04245 2.2869
3.778 1.04275 2.2858
3.778 1.04275 2.2858
3.778 1.04275 2.2858
3.778 1.04275 2.2858
3.778 1.04275 2.2858
3.77869 1.04296 2.28582
3.77869 1.04296 2.28582
3.77869 1.04296 2.28582
3.77869 1.04296 2.28582
3.77869 1.04296 2.28582
3.77857 1.04262 2.28648
3.77857 1.04262 2.28648
5.26118 1.91923 1.45468
5.26035 1.91944 1.45428
5.26078 1.91908 1.45437
5.26078 1.91908 1.45437
5.26098 1.91904 1.45467
5.26006 1.9187 1.45422
5.26078 1.91908 1.45437
3.11964 1.03683 5.88732
3.12247 1.03687 5.88649
3.1214 1.03403 5.88674
3.12085 1.03563 5.887
3.12085 1.03563 5.887
3.12138 1.03491 5.88695
3.12138 1.03491 5.88695
3.12138 1.03491 5.88695
3.12138 1.03491 5.88695
3.12138 1.03491 5.88695
3.12163 1.03679 5.88751
3.1237 1.03569 5.88823
3.12095 1.03409 5.88895
3.12005 1.03605 5.88784
3.12049 1.03568 5.88718
3.12049 1.03568 5.88718
3.12005 1.03605 5.88784
3.1215 1.03573 5.88688
3.12133 1.03487 5.88679
3.12133 1.03487 5.88679
3.1207 1.0335 5.88741
3.12185 1.03306 5.8859
3.12185 1.03306 5.8859
3.12185 1.03306 5.8859
3.11985 1.03252 5.88846
3.12312 1.0349 5.88616
3.12312 1.0349 5.88616
3.12007 1.03732 5.88789
3.12007 1.03732 5.88789
3.12309 1.03269 5.88388
1.14321 0.623 1.55155
1.14321 0.623 1.55155
1.14321 0.623 1.55155
1.14321 0.623 1.55155
1.14321 0.623 1.55155
1.14464 0.62279 1.54996
1.14385 0.62302 1.55066
1.14385 0.62302 1.55066
1.14385 0.62302 1.55066
1.14385 0.62302 1.55066
1.14385 0.62302 1.55066
1.14459 0.62194 1.55006
1.14459 0.62194 1.55006
1.14459 0.62194 1.55006
1.14459 0.62194 1.55006
1.14459 0.62194 1.55006
1.14343 0.6214 1.55145
1.14489 0.62371 1.5482
1.14429 0.6227 1.55074
1.14489 0.62371 1.5482
1.14489 0.62371 1.5482
1.14401 0.62289 1.55049
5.7514 2.55885 0.56061
5.7514 2.55885 0.56061
5.7514 2.55885 0.56061
5.75191 2.55933 0.56085
5.75191 2.55933 0.56085
5.75185 2.55965 0.56146
5.75147 2.55885 0.56055
5.74915 2.559 0.5598
5.75147 2.55885 0.56055
5.75147 2.55885 0.56055
5.75147 2.55885 0.56055
1.28704 1.80809 2.18086
1.28704 1.80809 2.18086
1.28704 1.80809 2.18086
1.28793 1.8083 2.1796
1.28844 1.80771 2.18112
1.28844 1.80771 2.18112
1.28639 1.80711 2.18172
1.28639 1.80711 2.18172
1.28639 1.80711 2.18172
1.28639 1.80711 2.18172
1.2885 1.80782 2.18115
1.2885 1.80782 2.18115
1.28946 1.80943 2.18462
1.28946 1.80943 2.18462
1.28872 1.80702 2.18094
1.28872 1.80702 2.18094
1.28872 1.80702 2.18094
1.28704 1.80611 2.17899
5.57501 1.21759 2.5321
5.57587 1.21895 2.53076
5.57587 1.21895 2.53076
5.57465 1.2192 2.53106
5.57475 1.21754 2.53181
5.57465 1.2192 2.53106
5.57521 1.21751 2.53233
5.57521 1.21751 2.53233
5.57521 1.21751 2.53233
5.57521 1.21751 2.53233
5.57521 1.21751 2.53233
5.57511 1.21505 2.53206
5.5726 1.2169 2.53197
5.57594 1.21748 2.53062
5.5726 1.2169 2.53197
5.57474 1.21793 2.53211
5.57474 1.21793 2.53211
5.57594 1.21748 2.53062
0 0 0
3.77907 1.04328 2.284
3.77759 1.04232 2.28585
3.77866 1.04208 2.28668
3.77822 1.04334 2.28555
3.77862 1.04245 2.2869
3.77862 1.04245 2.2869
3.77862 1.04245 2.2869
3.77862 1.04245 2.2869
3.77862 1.04245 2.2869
3.778 1.04275 2.2858
3.778 1.04275 2.2858
3.778 1.04275 2.2858
3.77928 1.04235 2.28441
3.77928 1.04235 2.28441
3.77869 1.04296 2.28582
3.77869 1.04296 2.28582
3.77869 1.04296 2.28582
3.77869 1.04296 2.28582
3.77869 1.04296 2.28582
3.77857 1.04262 2.28648
3.77857 1.04262 2.28648
4.50926 0.76877 1.95495
4.50617 0.76449 1.96175
5.26078 1.91908 1.45437
5.26078 1.91908 1.45437
5.26078 1.91908 1.45437
5.26006 1.9187 1.45422
5.26078 1.91908 1.45437
3.12161 1.03466 5.88664
3.12161 1.03466 5.88664
3.12161 1.03466 5.88664
3.12085 1.03563 5.887
3.12085 1.03563 5.887
3.12138 1.03491 5.88695
3.12138 1.03491 5.88695
3.12138 1.03491 5.88695
3.12138 1.03491 5.88695
3.12138 1.03491 5.88695
3.12006 1.03398 5.88742
3.1237 1.03569 5.88823
3.12298 1.03577 5.88681
3.12005 1.03605 5.88784
3.12005 1.03605 5.88784
3.12005 1.03605 5.88784
3.12005 1.03605 5.88784
3.12049 1.03568 5.88718
3.12142 1.03543 5.88708
3.12142 1.03543 5.88708
3.12133 1.03487 5.88679
3.12185 1.03306 5.8859
3.12185 1.03306 5.8859
3.1207 1.0335 5.88741
3.12112 1.03522 5.88681
3.12112 1.03522 5.88681
3.12142 1.03516 5.88673
3.12142 1.03516 5.88673
3.12142 1.03516 5.88673
3.12142 1.03516 5.88673
1.14655 0.62353 1.54903
1.14321 0.62393 1.55281
1.14655 0.62353 1.54903
1.14321 0.623 1.55155
1.14321 0.623 1.55155
1.14665 0.62483 1.54667
1.14401 0.62312 1.55036
1.14385 0.62302 1.55066
1.14401 0.62312 1.55036
1.14385 0.62302 1.55066
1.14394 0.62309 1.55092
1.14394 0.62309 1.55092
1.14343 0.6214 1.55145
1.14343 0.6214 1.55145
1.14397 0.62299 1.55042
1.14343 0.6214 1.55145
1.1419 0.62136 1.54989
1.1419 0.62136 1.54989
1.1442 0.62231 1.54988
1.14489 0.62371 1.5482
1.14489 0.62371 1.5482
1.14554 0.62412 1.54799
0 0 0
5.7514 2.55885 0.56061
5.75121 2.55877 0.56033
5.75121 2.55877 0.56033
5.75121 2.55877 0.56033
5.75121 2.55877 0.56033
5.75121 2.55877 0.56033
5.75147 2.55885 0.56055
5.75185 2.55965 0.56146
5.75185 2.55965 0.56146
5.75147 2.55885 0.56055
1.28793 1.8083 2.1796
1.28793 1.8083 2.1796
1.28793 1.8083 2.1796
1.28793 1.8083 2.1796
1.28844 1.80771 2.18112
1.28639 1.80711 2.18172
1.28639 1.80711 2.18172
1.2873 1.80709 2.18109
1.2873 1.80709 2.18109
1.28639 1.80711 2.18172
1.2873 1.80709 2.18109
1.2885 1.80782 2.18115
1.28872 1.80702 2.18094
1.28535 1.80698 2.18162
1.28872 1.80702 2.18094
1.28872 1.80702 2.18094
1.28821 1.8071 2.17972
1.28821 1.8071 2.17972
0 0 0
5.57587 1.21895 2.53076
5.57587 1.21895 2.53076
5.57465 1.2192 2.53106
5.57522 1.21738 2.53151
5.57465 1.2192 2.53106
5.57521 1.21751 2.53233
5.57521 1.21751 2.53233
5.57521 1.21751 2.53233
5.57521 1.21751 2.53233
5.57494 1.21757 2.53185
5.57494 1.21757 2.53185
5.5726 1.2169 2.53197
5.57594 1.21748 2.53062
5.57594 1.21748 2.53062
5.57594 1.21748 2.53062
5.57594 1.21748 2.53062
5.57474 1.21793 2.53211
5.57474 1.21793 2.53211
3.77907 1.04328 2.284
3.77907 1.04328 2.284
3.77866 1.04208 2.28668
3.77822 1.04334 2.28555
3.77862 1.04245 2.2869
3.77862 1.04245 2.2869
3.77994 1.04247 2.28649
3.77959 1.04424 2.28528
3.77862 1.04245 2.2869
3.77959 1.04424 2.28528
3.77809 1.04211 2.28538
3.77809 1.04211 2.28538
3.77928 1.04235 2.28441
3.77928 1.04235 2.28441
3.77868 1.04349 2.28734
3.77868 1.04349 2.28734
3.77836 1.04358 2.28696
3.77836 1.04358 2.28696
3.77836 1.04358 2.28696
3.7778 1.04308 2.28692
3.7778 1.04308 2.28692
4.50926 0.76877 1.95495
4.50926 0.76877 1.95495
4.50718 0.76518 1.95789
4.50718 0.76518 1.95789
4.50522 0.76631 1.96067
5.26078 1.91908 1.45437
3.11939 1.03433 5.88674
3.12161 1.03466 5.88664
3.12161 1.03466 5.88664
3.12161 1.03466 5.88664
3.12161 1.03466 5.88664
3.12085 1.03563 5.887
3.12103 1.03483 5.8869
3.12103 1.03483 5.8869
3.12103 1.03483 5.8869
3.12103 1.03483 5.8869
3.12103 1.03483 5.8869
3.12092 1.03513 5.88696
3.1237 1.03569 5.88823
3.12298 1.03577 5.88681
3.12183 1.03586 5.88596
3.12164 1.03583 5.88606
3.12049 1.03568 5.88718
3.12049 1.03568 5.88718
3.1215 1.03573 5.88688
3.12097 1.03496 5.88628
3.1215 1.03573 5.88688
3.1207 1.0335 5.88741
3.1207 1.0335 5.88741
3.1207 1.0335 5.88741
3.12112 1.03522 5.88681
3.12112 1.03522 5.88681
3.12112 1.03522 5.88681
3.12112 1.03522 5.88681
3.12112 1.03522 5.88681
3.12142 1.03516 5.88673
3.12142 1.03516 5.88673
1.14655 0.62353 1.54903
1.14655 0.62353 1.54903
1.14655 0.62353 1.54903
1.14321 0.623 1.55155
1.14321 0.623 1.55155
1.14468 0.62174 1.55022
1.14401 0.62312 1.55036
1.14401 0.62312 1.55036
1.14401 0.62312 1.55036
1.14385 0.62302 1.55066
1.14385 0.62302 1.55066
1.14397 0.62299 1.55042
1.14397 0.62299 1.55042
1.14397 0.62299 1.55042
1.14397 0.62299 1.55042
1.14204 0.62167 1.55246
1.1442 0.62231 1.54988
1.1442 0.62231 1.54988
1.1442 0.62231 1.54988
1.1442 0.62231 1.54988
1.1442 0.62231 1.54988
1.14401 0.62289 1.55049
1.14351 0.62203 1.55072
1.14351 0.62203 1.55072
5.75121 2.55877 0.56033
5.75121 2.55877 0.56033
5.75121 2.55877 0.56033
5.75121 2.55877 0.56033
5.75121 2.55877 0.56033
5.74915 2.559 0.5598
5.75147 2.55885 0.56055
5.75147 2.55885 0.56055
1.28793 1.80603 2.1825
1.28793 1.80603 2.1825
1.2884 1.80804 2.18111
1.2884 1.80804 2.18111
1.2884 1.80804 2.18111
1.28844 1.80771 2.18112
1.28844 1.80771 2.18112
1.2873 1.80709 2.18109
1.28839 1.80781 2.18069
1.28844 1.80771 2.18112
1.2873 1.80709 2.18109
1.2885 1.80782 2.18115
1.28848 1.80785 2.18124
1.28872 1.80702 2.18094
1.28872 1.80702 2.18094
1.28872 1.80702 2.18094
1.28872 1.80702 2.18094
1.28872 1.80702 2.18094
1.28821 1.8071 2.17972
1.28673 1.8073 2.18369
5.57522 1.21738 2.53151
5.57613 1.21656 2.52897
5.57613 1.21656 2.52897
5.57522 1.21738 2.53151
5.57522 1.21738 2.53151
5.57521 1.21751 2.53233
5.57521 1.21751 2.53233
5.57521 1.21751 2.53233
5.57494 1.21757 2.53185
5.57494 1.21757 2.53185
5.57494 1.21757 2.53185
5.57511 1.21505 2.53206
5.57584 1.21567 2.52773
5.5726 1.2169 2.53197
5.57428 1.21441 2.5352
5.58043 1.21414 2.53172
5.57536 1.21956 2.53483
0 0 0
3.77907 1.04328 2.284
3.77759 1.04232 2.28585
3.77822 1.04334 2.28555
3.77822 1.04334 2.28555
3.77822 1.04334 2.28555
3.77822 1.04334 2.28555
3.77862 1.04245 2.2869
3.77959 1.04424 2.28528
3.77845 1.04271 2.28662
3.77845 1.04271 2.28662
3.77809 1.04211 2.28538
3.77931 1.04299 2.28522
3.77931 1.04299 2.28522
3.77928 1.04235 2.28441
3.77931 1.04299 2.28522
3.77931 1.04299 2.28522
3.7805 1.04257 2.28425
3.7805 1.04257 2.28425
3.77932 1.04381 2.28692
3.7778 1.04308 2.28692
3.7778 1.04308 2.28692
4.50926 0.76877 1.95495
4.50619 0.76751 1.95857
4.50619 0.76751 1.95857
4.50718 0.76518 1.95789
4.50522 0.76631 1.96067
4.50522 0.76631 1.96067
3.131 1.0317 5.88012
3.11939 1.03433 5.88674
3.12161 1.03466 5.88664
3.12161 1.03466 5.88664
3.12161 1.03466 5.88664
3.12247 1.03687 5.88649
3.12247 1.03687 5.88649
3.12103 1.03483 5.8869
3.12103 1.03483 5.8869
3.12103 1.03483 5.8869
3.12103 1.03483 5.8869
3.12128 1.03503 5.88688
3.12128 1.03503 5.88688
3.12128 1.03503 5.88688
3.12183 1.03586 5.88596
3.12164 1.03583 5.88606
3.12049 1.03568 5.88718
3.12049 1.03568 5.88718
3.12049 1.03568 5.88718
3.12049 1.03568 5.88718
3.1207 1.0335 5.88741
3.1207 1.0335 5.88741
3.1207 1.0335 5.88741
3.1207 1.0335 5.88741
3.12112 1.03522 5.88681
3.12112 1.03522 5.88681
3.12112 1.03522 5.88681
3.12112 1.03522 5.88681
3.12112 1.03522 5.88681
3.12142 1.03516 5.88673
3.1203 1.03764 5.88072
1.14655 0.62353 1.54903
1.14655 0.62353 1.54903
1.14321 0.623 1.55155
1.14321 0.623 1.55155
1.14321 0.623 1.55155
1.14468 0.62174 1.55022
1.14401 0.62312 1.55036
1.14401 0.62312 1.55036
1.14401 0.62312 1.55036
1.14401 0.62312 1.55036
1.14401 0.62312 1.55036
1.14397 0.62299 1.55042
1.14397 0.62299 1.55042
1.14397 0.62299 1.55042
1.14397 0.62299 1.55042
1.14397 0.62299 1.55042
1.1442 0.62231 1.54988
1.1442 0.62231 1.54988
1.14489 0.62371 1.5482
1.1442 0.62231 1.54988
1.1442 0.62231 1.54988
1.14401 0.62289 1.55049
1.14351 0.62203 1.55072
1.14351 0.62203 1.55072
5.75136 2.56112 0.55969
5.75136 2.56112 0.55969
5.7487 2.55762 0.55802
5.74956 2.55777 0.55803
5.75147 2.55885 0.56055
5.74915 2.559 0.5598
5.75147 2.55885 0.56055
1.28629 1.80598 2.18456
1.28418 1.80709 2.17952
1.28936 1.80624 2.18126
1.2872 1.80891 2.178
1.28936 1.80624 2.18126
1.2872 1.80891 2.178
1.2872 1.80891 2.178
1.28729 1.80776 2.17786
1.28729 1.80776 2.17786
1.28839 1.80781 2.18069
1.28839 1.80781 2.18069
1.2873 1.80709 2.18109
1.28848 1.80785 2.18124
1.28848 1.80785 2.18124
1.28909 1.80748 2.18341
1.28909 1.80748 2.18341
1.28872 1.80758 2.18093
1.28909 1.80748 2.18341
1.28872 1.80702 2.18094
1.28872 1.80758 2.18093
1.28673 1.8073 2.18369
5.57522 1.21738 2.53151
5.57522 1.21738 2.53151
5.57522 1.21738 2.53151
5.57522 1.21738 2.53151
5.57452 1.2175 2.53178
5.57452 1.2175 2.53178
5.57494 1.21757 2.53185
5.57476 1.21752 2.53194
5.57476 1.21752 2.53194
5.57476 1.21752 2.53194
5.57476 1.21752 2.53194
5.57476 1.21752 2.53194
5.5726 1.2169 2.53197
5.5726 1.2169 2.53197
5.57536 1.21956 2.53483
5.57613 1.21836 2.53019
0 0 0
2.4041 1.6989 3.69154
0 0 0
3.77759 1.04232 2.28585
3.77759 1.04232 2.28585
3.77822 1.04334 2.28555
3.77857 1.04293 2.28645
3.77857 1.04293 2.28645
3.77857 1.04293 2.28645
3.77959 1.04424 2.28528
3.77845 1.04271 2.28662
3.77845 1.04271 2.28662
3.77809 1.04211 2.28538
3.77845 1.04271 2.28662
3.77845 1.04271 2.28662
3.7812 1.04196 2.28505
3.77931 1.04299 2.28522
3.7812 1.04196 2.28505
3.7805 1.04257 2.28425
3.7805 1.04257 2.28425
3.7778 1.04308 2.28692
3.77721 1.04089 2.28599
3.77721 1.04089 2.28599
4.50432 0.76651 1.95863
4.50619 0.76751 1.95857
4.50835 0.76619 1.95844
4.50835 0.76619 1.95844
4.50835 0.76619 1.95844
4.50835 0.76619 1.95844
0 0 0
3.12161 1.03466 5.88664
3.12161 1.03466 5.88664
3.12161 1.03466 5.88664
3.12161 1.03559 5.88641
3.12237 1.03515 5.88642
3.12161 1.03559 5.88641
3.12237 1.03515 5.88642
3.12161 1.03559 5.88641
3.12092 1.03513 5.88696
3.12067 1.03508 5.88711
3.12128 1.03503 5.88688
3.12128 1.03503 5.88688
3.12128 1.03503 5.88688
3.12298 1.03577 5.88681
3.12164 1.03583 5.88606
3.12164 1.03583 5.88606
3.12087 1.03712 5.8858
3.12164 1.03583 5.88606
3.12049 1.03568 5.88718
3.12097 1.03496 5.88628
3.12181 1.03533 5.88744
3.12097 1.03496 5.88628
3.1207 1.0335 5.88741
3.12112 1.03522 5.88681
3.1215 1.03572 5.8866
3.1215 1.03572 5.8866
3.12112 1.03522 5.88681
3.12112 1.03522 5.88681
3.12142 1.03516 5.88673
1.14655 0.62353 1.54903
1.14655 0.62353 1.54903
1.14655 0.62353 1.54903
1.14655 0.62353 1.54903
1.14321 0.623 1.55155
1.14391 0.62278 1.55076
1.14391 0.62278 1.55076
1.14401 0.62312 1.55036
1.14385 0.62302 1.55066
1.14385 0.62302 1.55066
1.14385 0.62302 1.55066
1.14385 0.62302 1.55066
1.14394 0.62309 1.55092
1.14394 0.62309 1.55092
1.13902 0.62266 1.55409
1.14051 0.62461 1.55193
1.14481 0.62304 1.5493
1.14481 0.62304 1.5493
1.1442 0.62231 1.54988
1.14531 0.62306 1.54818
1.14496 0.62338 1.54981
1.14496 0.62338 1.54981
1.14401 0.62289 1.55049
1.14295 0.62215 1.55198
1.14401 0.62289 1.55049
1.14351 0.62203 1.55072
5.74956 2.55777 0.55803
5.74818 2.55732 0.55957
5.7487 2.55762 0.55802
5.75254 2.5594 0.5628
5.75254 2.5594 0.5628
5.75254 2.5594 0.5628
1.28148 1.80794 2.17752
1.28844 1.80655 2.18014
1.28844 1.80655 2.18014
1.28844 1.80655 2.18014
1.28844 1.80655 2.18014
1.28844 1.80655 2.18014
1.2872 1.80891 2.178
1.28729 1.80776 2.17786
1.28729 1.80776 2.17786
1.28839 1.80781 2.18069
1.28839 1.80781 2.18069
1.28839 1.80781 2.18069
1.2885 1.80782 2.18115
1.2885 1.80782 2.18115
1.28909 1.80748 2.18341
1.28909 1.80748 2.18341
1.28909 1.80748 2.18341
1.28909 1.80748 2.18341
1.29035 1.8068 2.18243
1.29035 1.8068 2.18243
1.29035 1.8068 2.18243
0 0 0
5.57522 1.21738 2.53151
5.57522 1.21738 2.53151
5.57498 1.21745 2.53166
5.57452 1.2175 2.53178
5.57452 1.2175 2.53178
5.57452 1.2175 2.53178
5.57476 1.21752 2.53194
5.57476 1.21752 2.53194
5.57476 1.21752 2.53194
5.57476 1.21752 2.53194
5.57476 1.21752 2.53194
5.57782 1.21687 2.53043
5.57782 1.21687 2.53043
5.57782 1.21687 2.53043
5.57782 1.21687 2.53043
2.40534 1.69893 3.69113
2.40534 1.69893 3.69113
2.40284 1.70139 3.68742
2.40437 1.69919 3.69138
3.77567 1.04104 2.29043
3.77857 1.04293 2.28645
3.77857 1.04293 2.28645
3.78015 1.04287 2.28563
3.78015 1.04287 2.28563
3.78015 1.04287 2.28563
3.78015 1.04287 2.28563
3.78015 1.04287 2.28563
3.77809 1.04211 2.28538
3.77845 1.04271 2.28662
3.77845 1.04271 2.28662
3.77683 1.04227 2.28815
3.77683 1.04227 2.28815
3.77931 1.04299 2.28522
3.77683 1.04227 2.28815
3.77932 1.04381 2.28692
3.77721 1.04089 2.28599
3.77721 1.04089 2.28599
3.77721 1.04089 2.28599
4.51156 0.76649 1.95861
4.50774 0.76631 1.95887
4.50774 0.76631 1.95887
4.50774 0.76631 1.95887
4.50774 0.76631 1.95887
4.50774 0.76631 1.95887
4.50835 0.76619 1.95844
0 0 0
3.12161 1.03466 5.88664
3.12528 1.03259 5.88416
3.12629 1.03472 5.88086
3.12161 1.03559 5.88641
3.12161 1.03559 5.88641
3.12161 1.03559 5.88641
3.12161 1.03559 5.88641
3.12067 1.03508 5.88711
3.12067 1.03508 5.88711
3.12128 1.03503 5.88688
3.12128 1.03503 5.88688
3.12128 1.03503 5.88688
3.12412 1.03638 5.88565
3.12164 1.03583 5.88606
3.12164 1.03583 5.88606
3.12164 1.03583 5.88606
3.12164 1.03583 5.88606
3.12164 1.03583 5.88606
3.12181 1.03533 5.88744
3.12181 1.03533 5.88744
3.1215 1.03572 5.8866
3.1215 1.03572 5.8866
3.1215 1.03572 5.8866
3.1215 1.03572 5.8866
3.12112 1.03522 5.88681
3.12112 1.03522 5.88681
3.12112 1.03522 5.88681
3.12142 1.03516 5.88673
0 0 0
1.14655 0.62353 1.54903
1.14517 0.62247 1.55054
1.14517 0.62247 1.55054
1.14517 0.62247 1.55054
1.14391 0.62278 1.55076
1.14391 0.62278 1.55076
1.14401 0.62312 1.55036
1.14401 0.62312 1.55036
1.14269 0.62373 1.55163
1.14269 0.62373 1.55163
1.14394 0.62309 1.55092
1.14394 0.62309 1.55092
1.14394 0.62309 1.55092
1.14394 0.62309 1.55092
1.14051 0.62461 1.55193
1.14481 0.62304 1.5493
1.14481 0.62304 1.5493
1.1442 0.62231 1.54988
1.1442 0.62231 1.54988
1.14295 0.62215 1.55198
1.14295 0.62215 1.55198
1.14295 0.62215 1.55198
1.14295 0.62215 1.55198
1.13771 0.62435 1.56095
0 0 0
0 0 0
0 0 0
1.16126 1.32285 3.00861
1.16515 1.32347 3.00825
1.16126 1.32285 3.00861
1.16515 1.32347 3.00825
1.16515 1.32347 3.00825
0 0 0
1.28844 1.80655 2.18014
1.28844 1.80655 2.18014
1.28844 1.80655 2.18014
1.28844 1.80655 2.18014
1.2872 1.80891 2.178
1.28911 1.80843 2.18062
1.28911 1.80843 2.18062
1.28911 1.80843 2.18062
1.28839 1.80781 2.18069
1.28839 1.80781 2.18069
1.28839 1.80781 2.18069
1.28841 1.80778 2.18104
1.28841 1.80778 2.18104
1.28872 1.80758 2.18093
1.28804 1.80675 2.18097
1.28804 1.80675 2.18097
1.28872 1.80758 2.18093
1.29035 1.8068 2.18243
1.29035 1.8068 2.18243
5.57523 1.21767 2.53209
5.57523 1.21767 2.53209
5.57523 1.21767 2.53209
5.57498 1.21745 2.53166
5.57452 1.2175 2.53178
5.57452 1.2175 2.53178
5.57452 1.2175 2.53178
5.57452 1.2175 2.53178
5.57476 1.21752 2.53194
5.57476 1.21752 2.53194
5.57494 1.21757 2.53185
5.57476 1.21752 2.53194
5.57782 1.21687 2.53043
5.57782 1.21687 2.53043
5.57782 1.21687 2.53043
2.40534 1.69893 3.69113
2.40534 1.69893 3.69113
2.40534 1.69893 3.69113
2.4041 1.6989 3.69154
2.4041 1.6989 3.69154
2.40437 1.69919 3.69138
2.40437 1.69919 3.69138
3.77857 1.04293 2.28645
3.78015 1.04287 2.28563
3.78015 1.04287 2.28563
3.78015 1.04287 2.28563
3.78015 1.04287 2.28563
3.78015 1.04287 2.28563
3.77845 1.04271 2.28662
3.77845 1.04271 2.28662
3.77845 1.04271 2.28662
3.77771 1.03958 2.28616
3.77771 1.03958 2.28616
3.77771 1.03958 2.28616
3.77865 1.04283 2.28642
3.77865 1.04283 2.28642
3.77865 1.04283 2.28642
3.77865 1.04283 2.28642
3.77721 1.04089 2.28599
4.51156 0.76649 1.95861
4.50774 0.76631 1.95887
4.50835 0.76619 1.95844
4.50835 0.76619 1.95844
4.50835 0.76619 1.95844
4.50835 0.76619 1.95844
4.50835 0.76619 1.95844
4.50854 0.76732 1.95694
3.12504 1.03937 5.88746
3.11939 1.03433 5.88674
3.12629 1.03472 5.88086
3.12161 1.03559 5.88641
3.12161 1.03559 5.88641
3.12161 1.03559 5.88641
3.12132 1.03615 5.88677
3.12092 1.03513 5.88696
3.12067 1.03508 5.88711
3.12128 1.03503 5.88688
3.12128 1.03503 5.88688
3.12128 1.03503 5.88688
3.12412 1.03638 5.88565
3.12164 1.03583 5.88606
3.12164 1.03583 5.88606
3.12164 1.03583 5.88606
3.12164 1.03583 5.88606
3.12164 1.03583 5.88606
3.12117 1.03504 5.88692
3.12117 1.03504 5.88692
3.1215 1.03572 5.8866
3.1215 1.03572 5.8866
3.1215 1.03572 5.8866
3.1215 1.03572 5.8866
3.1215 1.03572 5.8866
3.12108 1.03514 5.88705
3.12108 1.03514 5.88705
3.11988 1.03436 5.88641
1.14249 0.62203 1.55147
1.14249 0.62203 1.55147
1.14517 0.62247 1.55054
1.14517 0.62247 1.55054
1.14517 0.62247 1.55054
1.14517 0.62247 1.55054
1.14429 0.62283 1.55032
1.14429 0.62283 1.55032
1.14444 0.62365 1.55064
1.14429 0.62283 1.55032
1.14429 0.62283 1.55032
1.14519 0.62315 1.55011
1.14519 0.62315 1.55011
1.14519 0.62315 1.55011
1.1427 0.62509 1.55183
1.14051 0.62461 1.55193
1.14481 0.62304 1.5493
1.14496 0.62338 1.54981
1.14496 0.62338 1.54981
1.14531 0.62306 1.54818
1.14496 0.62338 1.54981
1.14418 0.62289 1.55041
1.14295 0.62215 1.55198
1.14295 0.62215 1.55198
0 0 0
1.1614 1.32067 3.01015
1.1614 1.32067 3.01015
1.16126 1.32285 3.00861
1.16126 1.32285 3.00861
1.16126 1.32285 3.00861
1.16126 1.32285 3.00861
1.16126 1.32285 3.00861
1.16241 1.32343 3.01013
1.16241 1.32343 3.01013
1.16241 1.32343 3.01013
1.28844 1.80655 2.18014
1.28844 1.80655 2.18014
1.28844 1.80655 2.18014
1.2872 1.80891 2.178
1.28854 1.80861 2.18015
1.28854 1.80861 2.18015
1.28854 1.80861 2.18015
1.28854 1.80861 2.18015
1.28863 1.80801 2.18117
1.28848 1.80785 2.18124
1.28848 1.80785 2.18124
1.28909 1.80748 2.18341
1.28909 1.80748 2.18341
1.28804 1.80675 2.18097
1.28909 1.80748 2.18341
1.29035 1.8068 2.18243
1.29035 1.8068 2.18243
1.29035 1.8068 2.18243
5.57523 1.21767 2.53209
5.57523 1.21767 2.53209
5.57523 1.21767 2.53209
5.57533 1.21723 2.53196
5.5747 1.21792 2.53189
5.57452 1.2175 2.53178
5.57498 1.21745 2.53166
5.57452 1.2175 2.53178
5.57476 1.21752 2.53194
5.57539 1.21597 2.53071
5.57476 1.21752 2.53194
5.57476 1.21752 2.53194
5.57782 1.21687 2.53043
5.57782 1.21687 2.53043
2.40534 1.69893 3.69113
2.40534 1.69893 3.69113
2.40847 1.69495 3.69226
2.40534 1.69893 3.69113
2.4041 1.6989 3.69154
2.4041 1.6989 3.69154
2.40437 1.69919 3.69138
2.40437 1.69919 3.69138
2.40437 1.69919 3.69138
3.78015 1.04287 2.28563
3.78015 1.04287 2.28563
3.7795 1.04242 2.28517
3.7795 1.04242 2.28517
3.78015 1.04287 2.28563
3.77845 1.04271 2.28662
3.77845 1.04271 2.28662
3.77845 1.04271 2.28662
3.77683 1.04227 2.28815
3.77931 1.04299 2.28522
3.77931 1.04299 2.28522
3.77865 1.04283 2.28642
3.77865 1.04283 2.28642
3.77865 1.04283 2.28642
3.77812 1.0424 2.28682
3.77721 1.04089 2.28599
4.51156 0.76649 1.95861
4.51156 0.76649 1.95861
4.50835 0.76619 1.95844
4.50881 0.76576 1.95824
4.50881 0.76576 1.95824
4.50881 0.76576 1.95824
4.50881 0.76576 1.95824
4.50881 0.76576 1.95824
0 0 0
3.1197 1.0338 5.88667
3.12161 1.03559 5.88641
3.12161 1.03559 5.88641
3.12161 1.03559 5.88641
3.12161 1.03559 5.88641
3.12132 1.03615 5.88677
3.12132 1.03615 5.88677
3.11943 1.03565 5.88826
3.12036 1.0358 5.88887
3.12128 1.03503 5.88688
3.12128 1.03503 5.88688
3.12412 1.03638 5.88565
3.12128 1.03503 5.88688
3.12412 1.03638 5.88565
3.12087 1.03712 5.8858
3.12246 1.03524 5.88594
3.12246 1.03524 5.88594
3.12117 1.03504 5.88692
3.12117 1.03504 5.88692
3.1215 1.03572 5.8866
3.1215 1.03572 5.8866
3.1215 1.03572 5.8866
3.1215 1.03572 5.8866
3.12108 1.03514 5.88705
3.12108 1.03514 5.88705
3.12078 1.0353 5.88813
3.12108 1.03514 5.88705
1.14249 0.62203 1.55147
1.14212 0.62561 1.55544
1.14517 0.62247 1.55054
1.14517 0.62247 1.55054
1.14386 0.62252 1.55167
1.14386 0.62252 1.55167
1.14391 0.62278 1.55076
1.14391 0.62278 1.55076
1.14444 0.62365 1.55064
1.14429 0.62283 1.55032
1.14429 0.62283 1.55032
1.14615 0.62291 1.54843
1.14615 0.62291 1.54843
1.14313 0.62331 1.55069
1.14313 0.62331 1.55069
1.14313 0.62331 1.55069
1.14313 0.62331 1.55069
1.1462 0.62802 1.54899
1.14646 0.62389 1.5484
1.14531 0.62306 1.54818
1.14531 0.62306 1.54818
1.14418 0.62289 1.55041
1.14418 0.62289 1.55041
1.14295 0.62215 1.55198
1.16196 1.31845 3.01182
1.1614 1.32067 3.01015
1.1614 1.32067 3.01015
1.16126 1.32285 3.00861
1.16126 1.32285 3.00861
1.16126 1.32285 3.00861
1.16339 1.32373 3.00704
1.16515 1.32347 3.00825
1.16241 1.32343 3.01013
1.16515 1.32347 3.00825
1.15903 1.3192 3.00817
1.15883 1.32002 3.00872
1.28844 1.80655 2.18014
1.28936 1.80624 2.18126
1.28936 1.80624 2.18126
1.2891 1.80754 2.18153
1.28879 1.8061 2.18158
1.2891 1.80754 2.18153
1.28841 1.80778 2.18104
1.28863 1.80801 2.18117
1.28872 1.80777 2.18156
1.28955 1.80784 2.18188
1.28909 1.80748 2.18341
1.28909 1.80748 2.18341
1.28872 1.80777 2.18156
1.28909 1.80748 2.18341
1.29035 1.8068 2.18243
1.29035 1.8068 2.18243
1.29035 1.8068 2.18243
4.03187 1.87261 2.45633
5.57366 1.21686 2.53449
5.57523 1.21767 2.53209
5.57533 1.21723 2.53196
5.57452 1.2175 2.53178
5.57452 1.2175 2.53178
5.57498 1.21745 2.53166
5.57539 1.21597 2.53071
5.57476 1.21752 2.53194
5.57516 1.2149 2.53178
5.57506 1.21588 2.53351
5.57476 1.21752 2.53194
5.57462 1.21772 2.53428
2.40534 1.69893 3.69113
2.40534 1.69893 3.69113
2.40534 1.69893 3.69113
2.40847 1.69495 3.69226
2.40534 1.69893 3.69113
2.4041 1.6989 3.69154
2.4041 1.6989 3.69154
2.40437 1.69919 3.69138
2.40437 1.69919 3.69138
2.40437 1.69919 3.69138
2.40437 1.69919 3.69138
0 0 0
3.78015 1.04287 2.28563
3.78462 1.04049 2.28263
3.78462 1.04049 2.28263
3.78194 1.04162 2.2845
3.77804 1.04298 2.28668
3.77804 1.04298 2.28668
3.77804 1.04298 2.28668
3.77683 1.04227 2.28815
3.77683 1.04227 2.28815
3.77812 1.0424 2.28682
3.77865 1.04283 2.28642
3.77812 1.0424 2.28682
3.77812 1.0424 2.28682
3.77812 1.0424 2.28682
4.51156 0.76649 1.95861
4.51156 0.76649 1.95861
4.50835 0.76619 1.95844
4.51294 0.76538 1.95466
4.51294 0.76538 1.95466
4.50835 0.76619 1.95844
4.50835 0.76619 1.95844
4.50854 0.76732 1.95694
4.50854 0.76732 1.95694
4.50936 0.76749 1.95884
0 0 0
3.12161 1.03559 5.88641
3.12161 1.03559 5.88641
3.12132 1.03615 5.88677
3.12132 1.03615 5.88677
3.12132 1.03615 5.88677
3.12162 1.03502 5.88719
3.122 1.03555 5.88722
3.122 1.03555 5.88722
3.122 1.03555 5.88722
3.122 1.03555 5.88722
3.122 1.03555 5.88722
3.12412 1.03638 5.88565
3.12066 1.03488 5.88745
3.12066 1.03488 5.88745
3.12066 1.03488 5.88745
3.12117 1.03504 5.88692
3.12155 1.03585 5.88503
3.1215 1.03572 5.8866
3.1215 1.03572 5.8866
3.12117 1.03504 5.88692
3.12108 1.03514 5.88705
3.12108 1.03514 5.88705
3.12108 1.03514 5.88705
3.12108 1.03514 5.88705
3.11988 1.03436 5.88641
1.13911 0.62479 1.55577
1.14212 0.62561 1.55544
1.14212 0.62561 1.55544
1.14517 0.62247 1.55054
1.14444 0.62365 1.55064
1.14444 0.62365 1.55064
1.14391 0.62278 1.55076
1.14429 0.62283 1.55032
1.14429 0.62283 1.55032
1.14423 0.62253 1.55067
1.14423 0.62253 1.55067
1.14615 0.62291 1.54843
1.14519 0.62315 1.55011
1.14519 0.62315 1.55011
1.14313 0.62331 1.55069
1.14313 0.62331 1.55069
1.14313 0.62331 1.55069
1.1462 0.62802 1.54899
1.14646 0.62389 1.5484
1.14646 0.62389 1.5484
1.1409 0.62939 1.55445
1.14418 0.62289 1.55041
1.14295 0.62215 1.55198
1.16196 1.31845 3.01182
1.16233 1.32069 3.00866
1.1614 1.32067 3.01015
1.1614 1.32067 3.01015
1.16126 1.32285 3.00861
1.16126 1.32285 3.00861
1.16126 1.32285 3.00861
1.16339 1.32373 3.00704
1.16339 1.32373 3.00704
1.16339 1.32373 3.00704
1.16515 1.32347 3.00825
1.16241 1.32343 3.01013
1.15883 1.32002 3.00872
1.15883 1.32002 3.00872
0 0 0
1.2891 1.80754 2.18153
1.2891 1.80754 2.18153
1.28879 1.8061 2.18158
1.2891 1.80754 2.18153
1.28841 1.80778 2.18104
1.28863 1.80801 2.18117
1.28955 1.80784 2.18188
1.28955 1.80784 2.18188
1.28872 1.80777 2.18156
1.28965 1.80764 2.18134
1.28872 1.80777 2.18156
1.28965 1.80764 2.18134
0 0 0
0 0 0
0 0 0
4.03187 1.87261 2.45633
4.03187 1.87261 2.45633
4.03453 1.87582 2.45415
5.57533 1.21723 2.53196
5.57498 1.21745 2.53166
5.57498 1.21745 2.53166
5.57498 1.21745 2.53166
5.57516 1.2149 2.53178
5.57516 1.2149 2.53178
5.57516 1.2149 2.53178
5.57506 1.21588 2.53351
2.40525 1.69966 3.68905
2.40525 1.69966 3.68905
2.40534 1.69893 3.69113
2.40534 1.69893 3.69113
2.40534 1.69893 3.69113
2.40847 1.69495 3.69226
2.40534 1.69893 3.69113
2.40443 1.69543 3.69235
2.40437 1.69919 3.69138
2.40437 1.69919 3.69138
2.4066 1.6987 3.69155
2.40437 1.69919 3.69138
2.4066 1.6987 3.69155
2.40617 1.70138 3.68624
2.40517 1.69907 3.6916
2.40111 1.69925 3.6868
3.78462 1.04049 2.28263
3.78194 1.04162 2.2845
3.78194 1.04162 2.2845
3.78194 1.04162 2.2845
3.77804 1.04298 2.28668
3.77683 1.04227 2.28815
3.77683 1.04227 2.28815
3.77865 1.04283 2.28642
3.77865 1.04283 2.28642
3.77843 1.04311 2.28647
3.77843 1.04311 2.28647
3.77812 1.0424 2.28682
4.51156 0.76649 1.95861
4.50774 0.76631 1.95887
4.50774 0.76631 1.95887
4.50962 0.76724 1.95739
4.50962 0.76724 1.95739
4.50774 0.76631 1.95887
4.50962 0.76724 1.95739
4.50962 0.76724 1.95739
4.50897 0.76723 1.95993
4.50936 0.76749 1.95884
4.5085 0.76502 1.95914
3.12139 1.03626 5.88593
3.12004 1.03516 5.88596
3.12004 1.03516 5.88596
3.12132 1.03615 5.88677
3.12132 1.03615 5.88677
3.12162 1.03502 5.88719
3.12162 1.03502 5.88719
3.12162 1.03502 5.88719
3.122 1.03555 5.88722
3.122 1.03555 5.88722
3.122 1.03555 5.88722
3.12412 1.03638 5.88565
3.12066 1.03488 5.88745
3.12066 1.03488 5.88745
3.12149 1.03512 5.88642
3.12149 1.03512 5.88642
3.12149 1.03512 5.88642
3.12117 1.03504 5.88692
3.12149 1.03512 5.88642
3.12117 1.03504 5.88692
3.12078 1.0353 5.88813
3.12078 1.0353 5.88813
3.11988 1.03436 5.88641
3.11988 1.03436 5.88641
3.11988 1.03436 5.88641
1.13911 0.62479 1.55577
1.14212 0.62561 1.55544
1.14212 0.62561 1.55544
1.14517 0.62247 1.55054
1.14444 0.62365 1.55064
1.14444 0.62365 1.55064
1.14429 0.62283 1.55032
1.14429 0.62283 1.55032
1.14429 0.62283 1.55032
1.14423 0.62253 1.55067
1.14423 0.62253 1.55067
1.14615 0.62291 1.54843
1.14519 0.62315 1.55011
1.14519 0.62315 1.55011
1.14313 0.62331 1.55069
1.14313 0.62331 1.55069
1.14313 0.62331 1.55069
1.13922 0.62368 1.55464
1.13922 0.62368 1.55464
1.1409 0.62939 1.55445
1.1409 0.62939 1.55445
1.14379 0.62927 1.55196
1.15708 1.31933 3.00885
1.16196 1.31845 3.01182
1.16233 1.32069 3.00866
1.1614 1.32067 3.01015
1.1614 1.32067 3.01015
1.16126 1.32285 3.00861
1.16126 1.32285 3.00861
1.16126 1.32285 3.00861
1.16339 1.32373 3.00704
1.16126 1.32285 3.00861
1.16282 1.32209 3.00965
1.1632 1.3221 3.0096
1.16476 1.31728 3.00866
1.15883 1.32002 3.00872
1.16022 1.3236 3.01064
1.16309 1.32116 3.00764
1.28954 1.80561 2.18296
1.28954 1.80561 2.18296
1.28879 1.8061 2.18158
1.28879 1.8061 2.18158
1.28837 1.80735 2.18101
1.28841 1.80778 2.18104
1.28955 1.80784 2.18188
1.28955 1.80784 2.18188
1.28872 1.80777 2.18156
1.28965 1.80764 2.18134
1.28965 1.80764 2.18134
1.28965 1.80764 2.18134
0 0 0
4.03187 1.87261 2.45633
4.03187 1.87261 2.45633
4.03216 1.87275 2.45557
4.03216 1.87275 2.45557
4.03216 1.87275 2.45557
4.03216 1.87275 2.45557
5.57533 1.21723 2.53196
5.57533 1.21723 2.53196
5.57533 1.21723 2.53196
5.57533 1.21723 2.53196
2.41174 1.70058 3.69449
2.41174 1.70058 3.69449
2.41174 1.70058 3.69449
2.40525 1.69966 3.68905
2.40525 1.69966 3.68905
2.40511 1.70047 3.6875
2.40186 1.6983 3.69137
2.40443 1.69543 3.69235
2.40443 1.69543 3.69235
2.40675 1.69754 3.69307
2.40675 1.69754 3.69307
2.40675 1.69754 3.69307
2.40675 1.69754 3.69307
2.4066 1.6987 3.69155
2.40449 1.69879 3.69146
2.40617 1.70138 3.68624
2.40617 1.70138 3.68624
2.40517 1.69907 3.6916
2.40517 1.69907 3.6916
2.40517 1.69907 3.6916
2.40452 1.69802 3.69139
2.40514 1.69887 3.69176
2.40514 1.69887 3.69176
2.40456 1.69809 3.6917
2.40514 1.69887 3.69176
2.40514 1.69887 3.69176
2.40735 1.6961 3.69221
2.40735 1.6961 3.69221
2.40735 1.6961 3.69221
2.4059 1.69987 3.69229
0 0 0
4.51118 0.76832 1.95652
4.51118 0.76832 1.95652
4.51118 0.76832 1.95652
4.51207 0.76595 1.95366
4.51207 0.76595 1.95366
4.50868 0.76673 1.95799
4.5085 0.76502 1.95914
4.50962 0.76724 1.95739
4.50897 0.76723 1.95993
4.5085 0.76502 1.95914
4.5085 0.76502 1.95914
4.50457 0.76507 1.95828
3.12004 1.03516 5.88596
3.12139 1.03626 5.88593
3.12139 1.03626 5.88593
3.12139 1.03626 5.88593
3.12132 1.03615 5.88677
3.12132 1.03615 5.88677
3.12162 1.03502 5.88719
3.122 1.03555 5.88722
3.122 1.03555 5.88722
3.122 1.03555 5.88722
3.12066 1.03488 5.88745
3.12066 1.03488 5.88745
3.12066 1.03488 5.88745
3.12066 1.03488 5.88745
3.12117 1.03504 5.88692
3.12117 1.03504 5.88692
3.12117 1.03504 5.88692
3.12149 1.03512 5.88642
3.12117 1.03504 5.88692
3.12078 1.0353 5.88813
3.12078 1.0353 5.88813
3.11988 1.03436 5.88641
1.82633 2.37342 4.31879
1.83141 2.37352 4.32
1.14089 0.62855 1.55657
1.14666 0.62381 1.54847
1.14089 0.62855 1.55657
1.14666 0.62381 1.54847
1.14666 0.62381 1.54847
1.14444 0.62365 1.55064
1.14423 0.62253 1.55067
1.14423 0.62253 1.55067
1.14429 0.62283 1.55032
1.14423 0.62253 1.55067
1.14423 0.62253 1.55067
1.14615 0.62291 1.54843
1.79554 1.30533 3.87777
1.14313 0.62331 1.55069
1.13922 0.62368 1.55464
1.13922 0.62368 1.55464
1.13922 0.62368 1.55464
1.1409 0.62939 1.55445
1.1409 0.62939 1.55445
1.1409 0.62939 1.55445
1.1409 0.62939 1.55445
0 0 0
1.16279 1.32201 3.00934
1.16279 1.32201 3.00934
1.16312 1.32194 3.00986
1.1614 1.32067 3.01015
1.1614 1.32067 3.01015
1.1614 1.32067 3.01015
1.16282 1.32209 3.00965
1.16282 1.32209 3.00965
1.16282 1.32209 3.00965
1.16282 1.32209 3.00965
1.16282 1.32209 3.00965
1.1632 1.3221 3.0096
1.16323 1.32438 3.01179
1.16315 1.31833 3.00861
1.16022 1.3236 3.01064
1.16309 1.32116 3.00764
1.16251 1.3287 3.00988
1.28674 1.80812 2.18041
1.28879 1.8061 2.18158
1.28879 1.8061 2.18158
1.28879 1.8061 2.18158
0 0 0
0 0 0
1.28955 1.80784 2.18188
1.28872 1.80777 2.18156
1.28872 1.80777 2.18156
1.28872 1.80777 2.18156
1.28941 1.80828 2.18075
4.03187 1.87261 2.45633
4.03187 1.87261 2.45633
4.03187 1.87261 2.45633
4.03187 1.87261 2.45633
4.03157 1.87303 2.45638
4.03216 1.87275 2.45557
4.03216 1.87275 2.45557
4.03006 1.87191 2.4556
2.40316 1.70271 3.68866
2.40664 1.69872 3.69084
2.41174 1.70058 3.69449
2.40664 1.69872 3.69084
2.40664 1.69872 3.69084
2.40664 1.69872 3.69084
2.40525 1.69966 3.68905
2.4062 1.69916 3.69083
2.4062 1.69916 3.69083
2.4062 1.69916 3.69083
2.4062 1.69916 3.69083
2.40724 1.69753 3.69218
2.40724 1.69753 3.69218
2.4054 1.69565 3.68838
2.4054 1.69565 3.68838
2.4054 1.69565 3.68838
2.40449 1.69879 3.69146
2.40449 1.69879 3.69146
2.40513 1.70171 3.68675
2.40617 1.70138 3.68624
2.40517 1.69907 3.6916
2.40517 1.69907 3.6916
2.40517 1.69907 3.6916
2.40517 1.69907 3.6916
2.40514 1.69887 3.69176
2.40514 1.69887 3.69176
2.40514 1.69887 3.69176
2.40514 1.69887 3.69176
2.40514 1.69887 3.69176
2.40735 1.6961 3.69221
2.40735 1.6961 3.69221
2.40744 1.69651 3.69159
2.40744 1.69651 3.69159
2.40744 1.69651 3.69159
4.51118 0.76832 1.95652
4.50868 0.76673 1.95799
4.51118 0.76832 1.95652
4.50962 0.76724 1.95739
4.50868 0.76673 1.95799
4.50868 0.76673 1.95799
4.5085 0.76502 1.95914
4.5085 0.76502 1.95914
4.5085 0.76502 1.95914
4.5085 0.76502 1.95914
4.5085 0.76502 1.95914
4.50457 0.76507 1.95828
4.50457 0.76507 1.95828
3.12139 1.03626 5.88593
3.12139 1.03626 5.88593
3.12004 1.03516 5.88596
3.12093 1.03541 5.88697
3.12133 1.03507 5.88678
3.12093 1.03541 5.88697
3.12133 1.03507 5.88678
3.12133 1.03507 5.88678
3.12066 1.03488 5.88745
3.12066 1.03488 5.88745
3.12294 1.03208 5.88425
3.12333 1.03518 5.88362
3.12149 1.03512 5.88642
3.12149 1.03512 5.88642
3.12149 1.03512 5.88642
3.12149 1.03512 5.88642
3.12149 1.03512 5.88642
3.12003 1.03439 5.88922
3.12003 1.03439 5.88922
1.82633 2.37342 4.31879
1.82633 2.37342 4.31879
1.82633 2.37342 4.31879
1.82846 2.36924 4.31897
1.82846 2.36924 4.31897
1.7949 1.30469 3.87748
1.7949 1.30469 3.87748
1.7949 1.30469 3.87748
1.79699 1.30262 3.87839
1.7949 1.30469 3.87748
1.80135 1.30454 3.87666
1.7907 1.30609 3.88484
1.79554 1.30533 3.87777
1.79554 1.30533 3.87777
1.79554 1.30533 3.87777
1.79528 1.30313 3.87751
1.79554 1.30533 3.87777
1.79654 1.3038 3.87944
1.79675 1.30403 3.88083
1.79675 1.30403 3.88083
0 0 0
0 0 0
1.79541 1.3047 3.87778
1.79541 1.3047 3.87778
1.79541 1.3047 3.87778
1.16312 1.32194 3.00986
1.16279 1.32201 3.00934
1.16279 1.32201 3.00934
1.16312 1.32194 3.00986
1.16279 1.32201 3.00934
1.16233 1.32069 3.00866
1.16361 1.32346 3.00864
1.16361 1.32346 3.00864
1.16361 1.32346 3.00864
1.16361 1.32346 3.00864
1.1632 1.3221 3.0096
1.1632 1.3221 3.0096
1.1632 1.3221 3.0096
1.16323 1.32438 3.01179
1.16185 1.32265 3.01095
1.16588 1.32273 3.00449
1.16309 1.32116 3.00764
1.16251 1.3287 3.00988
1.16251 1.3287 3.00988
1.28837 1.80735 2.18101
1.28837 1.80735 2.18101
1.28696 1.80531 2.18298
4.68175 1.40746 2.83306
4.68216 1.4065 2.83231
4.68216 1.4065 2.83231
4.68216 1.4065 2.83231
4.68216 1.4065 2.83231
4.68216 1.4065 2.83231
4.03202 1.87222 2.45643
4.03202 1.87222 2.45643
4.03187 1.87261 2.45633
4.03187 1.87261 2.45633
4.03187 1.87261 2.45633
4.03157 1.87303 2.45638
4.03216 1.87275 2.45557
4.03157 1.87303 2.45638
4.03157 1.87303 2.45638
2.40895 1.70285 3.69613
2.40664 1.69872 3.69084
2.40527 1.69935 3.69244
2.40527 1.69935 3.69244
2.40527 1.69935 3.69244
2.40527 1.69935 3.69244
2.40527 1.69935 3.69244
2.4062 1.69916 3.69083
2.4062 1.69916 3.69083
2.4062 1.69916 3.69083
2.4062 1.69916 3.69083
2.4062 1.69916 3.69083
2.405 1.69899 3.69141
2.405 1.69899 3.69141
2.405 1.69899 3.69141
2.405 1.69899 3.69141
2.40449 1.69879 3.69146
2.40449 1.69879 3.69146
2.40513 1.70171 3.68675
2.40617 1.70138 3.68624
2.40517 1.69907 3.6916
2.40463 1.69951 3.69164
2.40517 1.69907 3.6916
2.40517 1.69907 3.6916
2.40514 1.69887 3.69176
2.40514 1.69887 3.69176
2.40456 1.69809 3.6917
2.40514 1.69887 3.69176
2.40514 1.69887 3.69176
2.40634 1.69813 3.68938
2.4059 1.69987 3.69229
2.40744 1.69651 3.69159
2.4059 1.69987 3.69229
2.4059 1.69987 3.69229
4.50819 0.76662 1.95948
4.50868 0.76673 1.95799
4.50868 0.76673 1.95799
4.50962 0.76724 1.95739
4.50868 0.76673 1.95799
4.50868 0.76673 1.95799
4.50962 0.76724 1.95739
4.50842 0.76602 1.95602
4.5085 0.76502 1.95914
4.5085 0.76502 1.95914
4.5085 0.76502 1.95914
4.50457 0.76507 1.95828
4.51004 0.76722 1.95526
3.12139 1.03626 5.88593
3.11889 1.03352 5.88786
3.12093 1.03541 5.88697
3.12093 1.03541 5.88697
3.12133 1.03507 5.88678
3.12133 1.03507 5.88678
3.12133 1.03507 5.88678
3.12133 1.03507 5.88678
3.12157 1.0344 5.88575
3.12157 1.0344 5.88575
3.12238 1.03356 5.88228
3.12333 1.03518 5.88362
3.12333 1.03518 5.88362
3.12333 1.03518 5.88362
3.12149 1.03512 5.88642
3.12149 1.03512 5.88642
3.12149 1.03512 5.88642
0 0 0
0 0 0
1.82633 2.37342 4.31879
1.8277 2.3729 4.31884
1.8277 2.3729 4.31884
1.8277 2.3729 4.31884
1.82846 2.36924 4.31897
1.7949 1.30469 3.87748
1.7949 1.30469 3.87748
1.79699 1.30262 3.87839
1.79288 1.30745 3.88346
1.7949 1.30469 3.87748
1.79288 1.30745 3.88346
1.79288 1.30745 3.88346
1.79554 1.30533 3.87777
1.79554 1.30533 3.87777
1.79554 1.30533 3.87777
1.79528 1.30313 3.87751
1.79554 1.30533 3.87777
1.79654 1.3038 3.87944
1.79434 1.30048 3.87864
1.79675 1.30403 3.88083
1.79541 1.3047 3.87778
1.79541 1.3047 3.87778
1.79541 1.3047 3.87778
1.79357 1.30609 3.88097
1.79357 1.30609 3.88097
1.79357 1.30609 3.88097
1.16279 1.32201 3.00934
1.16279 1.32201 3.00934
1.16279 1.32201 3.00934
1.16049 1.3224 3.00938
1.16049 1.3224 3.00938
1.16049 1.3224 3.00938
1.16282 1.32209 3.00965
1.16361 1.32346 3.00864
1.16253 1.32334 3.0092
1.1632 1.3221 3.0096
1.16253 1.32334 3.0092
1.1632 1.3221 3.0096
1.16253 1.32334 3.0092
1.16185 1.32265 3.01095
1.16185 1.32265 3.01095
1.16185 1.32265 3.01095
1.16251 1.3287 3.00988
1.16251 1.3287 3.00988
1.16022 1.3236 3.01064
4.68175 1.40746 2.83306
4.6846 1.40609 2.83101
4.68175 1.40746 2.83306
4.68216 1.4065 2.83231
4.68216 1.4065 2.83231
4.68216 1.4065 2.83231
4.68216 1.4065 2.83231
4.68216 1.4065 2.83231
4.68353 1.41045 2.82756
4.03127 1.87251 2.45573
4.03127 1.87251 2.45573
4.03127 1.87251 2.45573
4.03157 1.87303 2.45638
4.03157 1.87303 2.45638
4.03238 1.87323 2.457
4.03157 1.87303 2.45638
4.03157 1.87303 2.45638
4.03238 1.87323 2.457
2.40367 1.6993 3.69006
2.40527 1.69935 3.69244
2.40527 1.69935 3.69244
2.40527 1.69935 3.69244
2.40527 1.69935 3.69244
2.40527 1.69935 3.69244
2.4062 1.69916 3.69083
2.4062 1.69916 3.69083
2.4062 1.69916 3.69083
2.4062 1.69916 3.69083
2.4062 1.69916 3.69083
2.405 1.69899 3.69141
2.405 1.69899 3.69141
2.40522 1.69894 3.69137
2.40522 1.69894 3.69137
2.40522 1.69894 3.69137
2.40522 1.69894 3.69137
2.40464 1.69934 3.6917
2.40499 1.69807 3.69065
2.40925 1.70114 3.68939
2.40463 1.69951 3.69164
2.40463 1.69951 3.69164
2.40499 1.69807 3.69065
2.40514 1.69887 3.69176
2.40463 1.69951 3.69164
2.40514 1.69887 3.69176
2.40514 1.69887 3.69176
2.40246 1.69868 3.69141
2.40634 1.69813 3.68938
2.40634 1.69813 3.68938
2.40634 1.69813 3.68938
2.4059 1.69987 3.69229
2.4059 1.69987 3.69229
4.51118 0.76832 1.95652
4.50868 0.76673 1.95799
4.51118 0.76832 1.95652
4.50962 0.76724 1.95739
4.50962 0.76724 1.95739
4.50856 0.76585 1.95732
4.50842 0.76602 1.95602
4.50842 0.76602 1.95602
4.5085 0.76502 1.95914
4.50782 0.76715 1.95935
4.5085 0.76502 1.95914
4.50782 0.76715 1.95935
4.50782 0.76715 1.95935
4.51186 0.76406 1.95522
0 0 0
3.12093 1.03541 5.88697
3.12093 1.03541 5.88697
3.12133 1.03507 5.88678
3.12133 1.03507 5.88678
3.12133 1.03507 5.88678
3.12133 1.03507 5.88678
3.12157 1.0344 5.88575
3.12157 1.0344 5.88575
3.12154 1.03484 5.88679
3.12333 1.03518 5.88362
3.12333 1.03518 5.88362
3.12333 1.03518 5.88362
3.12149 1.03512 5.88642
3.12149 1.03512 5.88642
3.12149 1.03512 5.88642
1.8201 2.37482 4.31253
1.81957 2.3718 4.31626
1.82633 2.37342 4.31879
1.82633 2.37342 4.31879
1.82633 2.37342 4.31879
1.8277 2.3729 4.31884
1.82846 2.36924 4.31897
1.7949 1.30469 3.87748
1.7949 1.30469 3.87748
1.7949 1.30469 3.87748
1.7949 1.30469 3.87748
1.7949 1.30469 3.87748
1.79652 1.30581 3.87953
1.79652 1.30581 3.87953
1.79561 1.30476 3.87795
1.79652 1.30581 3.87953
1.79561 1.30476 3.87795
1.79654 1.3038 3.87944
1.79554 1.30533 3.87777
1.79654 1.3038 3.87944
1.79434 1.30048 3.87864
1.79434 1.30048 3.87864
1.79541 1.3047 3.87778
1.79541 1.3047 3.87778
1.79541 1.3047 3.87778
1.79546 1.30495 3.87771
1.79546 1.30495 3.87771
1.79568 1.30479 3.87788
1.16002 1.32038 3.00608
1.16034 1.32121 3.00849
1.16279 1.32201 3.00934
1.16049 1.3224 3.00938
1.16049 1.3224 3.00938
1.16049 1.3224 3.00938
1.16282 1.32209 3.00965
1.16361 1.32346 3.00864
1.16253 1.32334 3.0092
1.16253 1.32334 3.0092
1.16282 1.32209 3.00965
1.1632 1.3221 3.0096
1.16366 1.32185 3.01043
1.16366 1.32185 3.01043
1.16185 1.32265 3.01095
1.16185 1.32265 3.01095
1.16185 1.32265 3.01095
1.16054 1.32807 3.00696
0 0 0
4.68175 1.40746 2.83306
4.68253 1.40644 2.83195
4.68253 1.40644 2.83195
4.68216 1.4065 2.83231
4.68253 1.40644 2.83195
4.68253 1.40644 2.83195
4.68216 1.4065 2.83231
4.68216 1.4065 2.83231
4.68301 1.40838 2.82624
4.03127 1.87251 2.45573
4.03127 1.87251 2.45573
4.03127 1.87251 2.45573
4.03216 1.87275 2.45557
4.03238 1.87323 2.457
4.03238 1.87323 2.457
4.03216 1.87275 2.45557
4.03238 1.87323 2.457
4.03238 1.87323 2.457
2.40367 1.6993 3.69006
2.40527 1.69935 3.69244
2.40527 1.69935 3.69244
2.40527 1.69935 3.69244
2.40527 1.69935 3.69244
2.40527 1.69935 3.69244
2.4062 1.69916 3.69083
2.4062 1.69916 3.69083
2.40494 1.69808 3.69137
2.40494 1.69808 3.69137
2.4062 1.69916 3.69083
2.40357 1.70129 3.69002
2.405 1.69899 3.69141
2.40507 1.69912 3.69145
2.40507 1.69912 3.69145
2.40507 1.69912 3.69145
2.40587 1.69962 3.69362
2.40464 1.69934 3.6917
2.40537 1.69967 3.68817
2.40537 1.69967 3.68817
2.40463 1.69951 3.69164
2.40463 1.69951 3.69164
2.40463 1.69951 3.69164
2.40514 1.69887 3.69176
2.40463 1.69951 3.69164
2.40514 1.69887 3.69176
2.40514 1.69887 3.69176
2.40514 1.69887 3.69176
2.40634 1.69813 3.68938
2.40634 1.69813 3.68938
2.40634 1.69813 3.68938
2.4059 1.69987 3.69229
2.4059 1.69987 3.69229
4.50819 0.76662 1.95948
4.50868 0.76673 1.95799
4.50868 0.76673 1.95799
4.50954 0.7661 1.95662
4.50856 0.76585 1.95732
4.50856 0.76585 1.95732
4.51033 0.76307 1.95326
4.50842 0.76602 1.95602
4.50898 0.76866 1.95727
4.50854 0.76654 1.95852
4.50854 0.76654 1.95852
4.50854 0.76654 1.95852
4.50854 0.76654 1.95852
4.50854 0.76654 1.95852
3.12059 1.0371 5.88746
3.12093 1.03541 5.88697
3.12093 1.03541 5.88697
3.12093 1.03541 5.88697
3.12133 1.03507 5.88678
3.12133 1.03507 5.88678
3.12133 1.03507 5.88678
3.12157 1.0344 5.88575
3.12157 1.0344 5.88575
3.12069 1.03506 5.88679
3.12333 1.03518 5.88362
3.12333 1.03518 5.88362
3.12333 1.03518 5.88362
3.11713 1.03585 5.88802
3.12333 1.03518 5.88362
1.82636 2.37593 4.31944
1.8201 2.37482 4.31253
1.8201 2.37482 4.31253
1.8277 2.3729 4.31884
1.8277 2.3729 4.31884
1.8277 2.3729 4.31884
1.8277 2.3729 4.31884
1.8277 2.3729 4.31884
1.7949 1.30469 3.87748
1.7949 1.30469 3.87748
1.7949 1.30469 3.87748
1.7949 1.30469 3.87748
1.7949 1.30469 3.87748
1.79652 1.30581 3.87953
1.79561 1.30476 3.87795
1.79652 1.30581 3.87953
1.79652 1.30581 3.87953
1.79652 1.30581 3.87953
1.79561 1.30476 3.87795
1.79554 1.30533 3.87777
1.79577 1.30443 3.87751
1.79577 1.30443 3.87751
1.79577 1.30443 3.87751
1.79577 1.30443 3.87751
1.79542 1.30518 3.87872
1.79542 1.30518 3.87872
1.79542 1.30518 3.87872
1.79542 1.30518 3.87872
1.79542 1.30518 3.87872
1.79568 1.30479 3.87788
0 0 0
1.16279 1.32201 3.00934
1.16049 1.3224 3.00938
1.16049 1.3224 3.00938
1.16294 1.32288 3.00824
1.16361 1.32346 3.00864
1.16361 1.32346 3.00864
1.16253 1.32334 3.0092
1.16253 1.32334 3.0092
1.16253 1.32334 3.0092
1.16253 1.32334 3.0092
1.16253 1.32334 3.0092
1.16366 1.32185 3.01043
1.16199 1.32215 3.00945
1.16185 1.32265 3.01095
1.16185 1.32265 3.01095
1.16054 1.32807 3.00696
0 0 0
4.68218 1.40702 2.83291
4.68207 1.40635 2.83219
4.68207 1.40635 2.83219
4.68188 1.40674 2.83177
4.68188 1.40674 2.83177
4.68188 1.40674 2.83177
4.68188 1.40674 2.83177
4.68216 1.4065 2.83231
4.68353 1.41045 2.82756
4.03127 1.87251 2.45573
4.03127 1.87251 2.45573
4.03127 1.87251 2.45573
4.03127 1.87251 2.45573
4.03238 1.87323 2.457
4.03238 1.87323 2.457
4.03238 1.87323 2.457
4.03238 1.87323 2.457
4.03238 1.87323 2.457
2.40508 1.69886 3.69149
2.4022 1.69877 3.69096
2.40527 1.69935 3.69244
2.40527 1.69935 3.69244
2.40488 1.69883 3.69158
2.40527 1.69935 3.69244
2.40488 1.69883 3.69158
2.40488 1.69883 3.69158
2.40494 1.69808 3.69137
2.40494 1.69808 3.69137
2.4062 1.69916 3.69083
2.405 1.69899 3.69141
2.405 1.69899 3.69141
2.405 1.69899 3.69141
2.40507 1.69912 3.69145
2.40507 1.69912 3.69145
2.40587 1.69962 3.69362
2.40587 1.69962 3.69362
2.40464 1.69934 3.6917
2.40464 1.69934 3.6917
2.40464 1.69934 3.6917
2.40464 1.69934 3.6917
2.40499 1.69807 3.69065
2.40388 1.69891 3.69237
2.40495 1.69814 3.69236
2.40598 1.69936 3.69134
2.40495 1.69814 3.69236
2.40493 1.69892 3.69155
2.40598 1.69936 3.69134
2.40641 1.70004 3.69004
2.40493 1.69892 3.69155
2.40493 1.69892 3.69155
2.40641 1.70004 3.69004
4.5074 0.76695 1.96011
4.50819 0.76662 1.95948
4.50819 0.76662 1.95948
4.50954 0.7661 1.95662
4.50856 0.76585 1.95732
4.50856 0.76585 1.95732
4.50898 0.76866 1.95727
4.50898 0.76866 1.95727
4.50898 0.76866 1.95727
4.50782 0.76715 1.95935
4.50782 0.76715 1.95935
4.50782 0.76715 1.95935
4.50854 0.76654 1.95852
4.50823 0.76622 1.95853
3.12 1.03494 5.88727
3.12 1.03494 5.88727
3.12093 1.03541 5.88697
3.12133 1.03507 5.88678
3.12133 1.03507 5.88678
3.12252 1.03487 5.88651
3.12154 1.03484 5.88679
3.12154 1.03484 5.88679
3.12154 1.03484 5.88679
3.12154 1.03484 5.88679
3.12333 1.03518 5.88362
3.12333 1.03518 5.88362
3.12333 1.03518 5.88362
0 0 0
1.8255 2.37122 4.31792
1.8255 2.37122 4.31792
1.82707 2.37257 4.31863
1.8201 2.37482 4.31253
1.82707 2.37257 4.31863
1.8277 2.3729 4.31884
1.8277 2.3729 4.31884
1.8277 2.3729 4.31884
1.82846 2.36924 4.31897
1.79691 1.30581 3.8759
1.79691 1.30581 3.8759
1.79691 1.30581 3.8759
1.79691 1.30581 3.8759
1.79691 1.30581 3.8759
1.79652 1.30581 3.87953
1.79561 1.30476 3.87795
1.79652 1.30581 3.87953
1.79654 1.3038 3.87944
1.79652 1.30581 3.87953
1.79654 1.3038 3.87944
1.79654 1.3038 3.87944
1.79577 1.30443 3.87751
1.79577 1.30443 3.87751
1.79577 1.30443 3.87751
1.79577 1.30443 3.87751
1.79542 1.30518 3.87872
1.79542 1.30518 3.87872
1.79542 1.30518 3.87872
1.79542 1.30518 3.87872
1.79542 1.30518 3.87872
1.79568 1.30479 3.87788
1.79568 1.30479 3.87788
1.16049 1.3224 3.00938
1.16049 1.3224 3.00938
1.16294 1.32288 3.00824
1.16294 1.32288 3.00824
1.16294 1.32288 3.00824
1.16294 1.32288 3.00824
1.16253 1.32334 3.0092
1.16253 1.32334 3.0092
1.16199 1.32215 3.00945
1.16199 1.32215 3.00945
1.16199 1.32215 3.00945
1.16366 1.32185 3.01043
1.16199 1.32215 3.00945
1.16185 1.32265 3.01095
1.16185 1.32265 3.01095
4.67873 1.40153 2.83358
4.68218 1.40702 2.83291
4.68218 1.40702 2.83291
4.68207 1.40635 2.83219
4.68188 1.40674 2.83177
4.68188 1.40674 2.83177
4.68188 1.40674 2.83177
4.68188 1.40674 2.83177
4.68188 1.40674 2.83177
4.68353 1.41045 2.82756
4.68579 1.40391 2.82982
4.03146 1.87242 2.45556
4.03146 1.87242 2.45556
4.03146 1.87242 2.45556
4.03127 1.87251 2.45573
4.03238 1.87323 2.457
4.03238 1.87323 2.457
4.03238 1.87323 2.457
4.03238 1.87323 2.457
4.03155 1.87275 2.45611
0 0 0
2.40413 1.69771 3.69289
2.40413 1.69771 3.69289
2.40413 1.69771 3.69289
2.40527 1.69935 3.69244
2.40527 1.69935 3.69244
2.40488 1.69883 3.69158
2.40488 1.69883 3.69158
2.40488 1.69883 3.69158
2.40524 1.69885 3.69153
2.405 1.69899 3.69141
2.40477 1.69895 3.69178
2.405 1.69899 3.69141
2.40507 1.69912 3.69145
2.40507 1.69912 3.69145
2.40587 1.69962 3.69362
2.40587 1.69962 3.69362
2.40464 1.69934 3.6917
2.40464 1.69934 3.6917
2.40464 1.69934 3.6917
2.40464 1.69934 3.6917
2.40464 1.69934 3.6917
2.40499 1.69807 3.69065
2.40495 1.69814 3.69236
2.40495 1.69814 3.69236
2.40454 1.70004 3.69148
2.40598 1.69936 3.69134
2.40493 1.69892 3.69155
2.40598 1.69936 3.69134
2.40641 1.70004 3.69004
2.40493 1.69892 3.69155
2.40493 1.69892 3.69155
2.40408 1.7029 3.69262
4.50698 0.7668 1.95917
4.50774 0.76699 1.9584
4.50774 0.76699 1.9584
4.50954 0.7661 1.95662
4.50774 0.76699 1.9584
4.50856 0.76585 1.95732
4.50898 0.76866 1.95727
4.50898 0.76866 1.95727
4.50898 0.76866 1.95727
4.50782 0.76715 1.95935
4.50782 0.76715 1.95935
4.50782 0.76715 1.95935
4.50782 0.76715 1.95935
4.50782 0.76715 1.95935
3.12 1.03494 5.88727
3.12132 1.03514 5.88675
3.12132 1.03514 5.88675
3.12252 1.03487 5.88651
3.12252 1.03487 5.88651
3.12252 1.03487 5.88651
3.12154 1.03484 5.88679
3.12154 1.03484 5.88679
3.12154 1.03484 5.88679
3.12069 1.03506 5.88679
3.12231 1.03617 5.8827
3.12855 1.04165 5.88118
3.11713 1.03585 5.88802
1.8255 2.37122 4.31792
1.8255 2.37122 4.31792
1.8255 2.37122 4.31792
1.82707 2.37257 4.31863
1.82707 2.37257 4.31863
1.82707 2.37257 4.31863
1.8277 2.3729 4.31884
1.8277 2.3729 4.31884
1.8277 2.3729 4.31884
1.8277 2.3729 4.31884
1.79694 1.30528 3.87487
1.79496 1.30501 3.87892
1.79496 1.30501 3.87892
1.79723 1.30427 3.87469
1.79723 1.30427 3.87469
1.79496 1.30501 3.87892
1.79561 1.30476 3.87795
1.79561 1.30476 3.87795
1.79735 1.30354 3.87831
1.79652 1.30581 3.87953
1.79735 1.30354 3.87831
1.79735 1.30354 3.87831
1.79577 1.30443 3.87751
1.79577 1.30443 3.87751
1.79577 1.30443 3.87751
1.79577 1.30443 3.87751
1.79577 1.30443 3.87751
1.79546 1.30495 3.87771
1.79542 1.30518 3.87872
1.79542 1.30518 3.87872
1.79542 1.30518 3.87872
1.79568 1.30479 3.87788
1.79568 1.30479 3.87788
1.79684 1.3024 3.87904
1.16049 1.3224 3.00938
1.16294 1.32288 3.00824
1.16294 1.32288 3.00824
1.16186 1.3233 3.00792
1.16294 1.32288 3.00824
1.16253 1.32334 3.0092
1.16253 1.32334 3.0092
1.16139 1.3223 3.01131
1.16139 1.3223 3.01131
1.16199 1.32215 3.00945
1.16332 1.32153 3.01083
1.16199 1.32215 3.00945
1.16192 1.32725 3.01055
4.6791 1.40222 2.83299
4.6791 1.40222 2.83299
4.68218 1.40702 2.83291
4.68218 1.40702 2.83291
4.68207 1.40635 2.83219
4.68207 1.40635 2.83219
4.68188 1.40674 2.83177
4.68188 1.40674 2.83177
4.68188 1.40674 2.83177
4.68188 1.40674 2.83177
4.68346 1.4094 2.82843
4.03146 1.87242 2.45556
4.03146 1.87242 2.45556
4.03146 1.87242 2.45556
4.03127 1.87251 2.45573
4.03156 1.87233 2.45622
4.03375 1.87375 2.45599
4.03375 1.87375 2.45599
4.03375 1.87375 2.45599
4.03375 1.87375 2.45599
4.03155 1.87275 2.45611
4.03155 1.87275 2.45611
2.4022 1.69877 3.69096
2.40508 1.69886 3.69149
2.40508 1.69886 3.69149
2.40488 1.69883 3.69158
2.40488 1.69883 3.69158
2.40494 1.69808 3.69137
2.40494 1.69808 3.69137
2.40494 1.69808 3.69137
2.40494 1.69808 3.69137
2.40524 1.69885 3.69153
2.40477 1.69895 3.69178
2.40431 1.69771 3.69241
2.40507 1.69912 3.69145
2.40507 1.69912 3.69145
2.40431 1.69771 3.69241
2.40501 1.69929 3.69407
2.40587 1.69962 3.69362
2.40573 1.69893 3.6917
2.40573 1.69893 3.6917
2.40573 1.69893 3.6917
2.40573 1.69893 3.6917
2.40573 1.69893 3.6917
2.40495 1.69814 3.69236
2.40598 1.69936 3.69134
2.40598 1.69936 3.69134
2.40598 1.69936 3.69134
2.40541 1.69912 3.69146
2.40541 1.69912 3.69146
2.40541 1.69912 3.69146
2.40541 1.69912 3.69146
2.40541 1.69912 3.69146
2.40408 1.7029 3.69262
4.50774 0.76699 1.9584
4.50954 0.7661 1.95662
4.50954 0.7661 1.95662
4.50954 0.7661 1.95662
4.50774 0.76699 1.9584
4.50857 0.76534 1.95928
4.50746 0.76723 1.95995
4.50746 0.76723 1.95995
4.50746 0.76723 1.95995
4.50782 0.76715 1.95935
4.50782 0.76715 1.95935
4.50782 0.76715 1.95935
4.50782 0.76715 1.95935
4.50823 0.76622 1.95853
3.12132 1.03514 5.88675
3.12059 1.0371 5.88746
3.1232 1.0373 5.88663
3.12059 1.0371 5.88746
3.12957 1.03945 5.88476
3.12957 1.03945 5.88476
3.12154 1.03484 5.88679
3.12154 1.03484 5.88679
3.12154 1.03484 5.88679
3.12069 1.03506 5.88679
3.12154 1.03484 5.88679
0 0 0
1.83017 2.36995 4.32192
1.8255 2.37122 4.31792
1.82707 2.37257 4.31863
1.82707 2.37257 4.31863
1.82672 2.37214 4.31657
1.82672 2.37214 4.31657
1.82672 2.37214 4.31657
1.8272 2.37247 4.31904
1.8272 2.37247 4.31904
1.82863 2.37393 4.32038
1.8272 2.37247 4.31904
1.79691 1.30581 3.8759
1.79496 1.30501 3.87892
1.79691 1.30581 3.8759
1.79691 1.30581 3.8759
1.79723 1.30427 3.87469
1.79496 1.30501 3.87892
1.79561 1.30476 3.87795
1.79618 1.30492 3.87768
1.79618 1.30492 3.87768
1.79652 1.30581 3.87953
1.79618 1.30492 3.87768
1.79618 1.30492 3.87768
1.79577 1.30443 3.87751
1.79577 1.30443 3.87751
1.79577 1.30443 3.87751
1.794 1.30412 3.87768
1.7948 1.30612 3.87677
1.79546 1.30495 3.87771
1.79542 1.30518 3.87872
1.79542 1.30518 3.87872
1.79568 1.30479 3.87788
1.79568 1.30479 3.87788
1.79568 1.30479 3.87788
1.79684 1.3024 3.87904
1.16294 1.32288 3.00824
1.16274 1.32099 3.01008
1.16294 1.32288 3.00824
1.16294 1.32288 3.00824
1.16227 1.32288 3.00921
1.16227 1.32288 3.00921
1.16227 1.32288 3.00921
1.16227 1.32288 3.00921
1.16227 1.32288 3.00921
1.16298 1.32323 3.00849
1.16366 1.32185 3.01043
0 0 0
4.6791 1.40222 2.83299
4.68257 1.40598 2.83063
4.6791 1.40222 2.83299
4.68218 1.40702 2.83291
4.68392 1.4046 2.83332
4.68207 1.40635 2.83219
4.68207 1.40635 2.83219
4.68188 1.40674 2.83177
4.68188 1.40674 2.83177
4.68188 1.40674 2.83177
4.68188 1.40674 2.83177
4.68346 1.4094 2.82843
4.68346 1.4094 2.82843
4.03146 1.87242 2.45556
4.03146 1.87242 2.45556
4.03146 1.87242 2.45556
4.03375 1.87375 2.45599
4.03375 1.87375 2.45599
4.03375 1.87375 2.45599
4.03186 1.87225 2.45424
4.03155 1.87275 2.45611
4.03155 1.87275 2.45611
4.03155 1.87275 2.45611
4.03201 1.87271 2.45682
2.4054 1.70056 3.69729
2.40508 1.69886 3.69149
2.40488 1.69883 3.69158
2.40494 1.69808 3.69137
2.40494 1.69808 3.69137
2.40442 1.69777 3.69124
2.40442 1.69777 3.69124
2.40477 1.69895 3.69178
2.40477 1.69895 3.69178
2.40477 1.69895 3.69178
2.40431 1.69771 3.69241
2.40416 1.70008 3.69218
2.40416 1.70008 3.69218
2.40431 1.69771 3.69241
2.40501 1.69929 3.69407
2.40501 1.69929 3.69407
2.40501 1.69929 3.69407
2.40495 1.69896 3.69228
2.40495 1.69896 3.69228
2.40573 1.69893 3.6917
2.40573 1.69893 3.6917
2.40793 1.69743 3.69005
2.40598 1.69936 3.69134
2.40598 1.69936 3.69134
2.40598 1.69936 3.69134
2.40541 1.69912 3.69146
2.40541 1.69912 3.69146
2.40541 1.69912 3.69146
2.40541 1.69912 3.69146
2.40541 1.69912 3.69146
2.40362 1.7012 3.69155
4.50698 0.7668 1.95917
4.50774 0.76699 1.9584
4.50859 0.76622 1.95807
4.50774 0.76699 1.9584
4.50859 0.76622 1.95807
4.50859 0.76622 1.95807
4.50733 0.7662 1.95941
4.50746 0.76723 1.95995
4.50746 0.76723 1.95995
4.50854 0.76654 1.95852
4.5083 0.76646 1.95844
4.50854 0.76654 1.95852
4.50854 0.76654 1.95852
4.50823 0.76622 1.95853
3.12059 1.0371 5.88746
3.12059 1.0371 5.88746
3.12059 1.0371 5.88746
3.12059 1.0371 5.88746
3.12059 1.0371 5.88746
3.12069 1.03506 5.88679
3.12069 1.03506 5.88679
3.12069 1.03506 5.88679
3.12069 1.03506 5.88679
3.12069 1.03506 5.88679
0 0 0
1.82946 2.37053 4.3201
1.82946 2.37053 4.3201
1.8255 2.37122 4.31792
1.82707 2.37257 4.31863
1.82707 2.37257 4.31863
1.82672 2.37214 4.31657
1.82672 2.37214 4.31657
1.82672 2.37214 4.31657
1.82863 2.37393 4.32038
1.8272 2.37247 4.31904
1.8272 2.37247 4.31904
1.8272 2.37247 4.31904
1.8272 2.37247 4.31904
1.79496 1.30501 3.87892
1.79691 1.30581 3.8759
1.79691 1.30581 3.8759
1.79691 1.30581 3.8759
1.79496 1.30501 3.87892
1.79874 1.30623 3.87755
1.79618 1.30492 3.87768
1.79618 1.30492 3.87768
1.79618 1.30492 3.87768
1.79618 1.30492 3.87768
1.79618 1.30492 3.87768
1.79579 1.30484 3.87763
1.79495 1.3049 3.87688
1.79495 1.3049 3.87688
1.79495 1.3049 3.87688
1.79495 1.3049 3.87688
1.79542 1.30518 3.87872
1.79542 1.30518 3.87872
1.79542 1.30518 3.87872
1.79684 1.3024 3.87904
1.79684 1.3024 3.87904
1.79684 1.3024 3.87904
1.79784 1.30341 3.87603
1.79784 1.30341 3.87603
1.16144 1.3207 3.0137
1.16294 1.32288 3.00824
1.16265 1.32019 3.01004
1.16179 1.3209 3.0118
1.16227 1.32288 3.00921
1.16227 1.32288 3.00921
1.16227 1.32288 3.00921
1.16227 1.32288 3.00921
1.16257 1.32079 3.00788
0 0 0
4.68216 1.40438 2.82982
4.68171 1.40722 2.83274
4.68218 1.40702 2.83291
4.68218 1.40702 2.83291
4.68218 1.40702 2.83291
4.68392 1.4046 2.83332
4.68218 1.40702 2.83291
4.68207 1.40635 2.83219
4.68188 1.40674 2.83177
4.68188 1.40674 2.83177
4.68188 1.40674 2.83177
4.68188 1.40674 2.83177
4.68346 1.4094 2.82843
4.6843 1.40433 2.83164
4.03146 1.87242 2.45556
4.03156 1.87233 2.45622
4.03146 1.87242 2.45556
4.03375 1.87375 2.45599
4.03272 1.87412 2.45701
4.03272 1.87412 2.45701
4.03155 1.87275 2.45611
4.03155 1.87275 2.45611
4.03201 1.87271 2.45682
4.03201 1.87271 2.45682
4.03201 1.87271 2.45682
4.03201 1.87271 2.45682
2.4068 1.6975 3.69411
2.40529 1.6985 3.69224
2.40529 1.6985 3.69224
2.40529 1.6985 3.69224
2.40488 1.69883 3.69158
2.40434 1.69839 3.69154
2.40434 1.69839 3.69154
2.40477 1.69895 3.69178
2.40434 1.69839 3.69154
2.4056 1.698 3.69268
2.40431 1.69771 3.69241
2.4056 1.698 3.69268
2.40431 1.69771 3.69241
2.40361 1.69718 3.69469
2.40501 1.69929 3.69407
2.40501 1.69929 3.69407
2.40495 1.69896 3.69228
2.40501 1.69929 3.69407
2.40573 1.69893 3.6917
2.40573 1.69893 3.6917
2.40793 1.69743 3.69005
2.40598 1.69936 3.69134
2.40753 1.69727 3.69053
2.40598 1.69936 3.69134
2.40598 1.69936 3.69134
2.40541 1.69912 3.69146
2.40541 1.69912 3.69146
2.40445 1.7009 3.69169
2.40362 1.7012 3.69155
2.40362 1.7012 3.69155
4.50698 0.7668 1.95917
4.50837 0.76645 1.95836
4.50837 0.76645 1.95836
4.50837 0.76645 1.95836
4.50837 0.76645 1.95836
4.50859 0.76622 1.95807
4.50733 0.7662 1.95941
4.50733 0.7662 1.95941
4.50733 0.7662 1.95941
4.50823 0.76622 1.95853
4.5083 0.76646 1.95844
4.5083 0.76646 1.95844
4.50823 0.76622 1.95853
4.84926 2.06257 0.40967
4.84926 2.06257 0.40967
4.84666 2.0615 0.40854
4.84889 2.06463 0.41223
0 0 0
0 0 0
0 0 0
3.12724 1.03534 5.88412
3.11848 1.03889 5.88976
3.11848 1.03889 5.88976
1.82892 2.37087 4.32098
1.82892 2.37087 4.32098
1.82946 2.37053 4.3201
1.82946 2.37053 4.3201
1.83017 2.36995 4.32192
1.82707 2.37257 4.31863
1.82707 2.37257 4.31863
1.82707 2.37257 4.31863
1.82543 2.3736 4.3184
1.82707 2.37257 4.31863
1.82538 2.37348 4.31888
1.82705 2.37371 4.31832
1.82705 2.37371 4.31832
1.8272 2.37247 4.31904
1.8272 2.37247 4.31904
1.79691 1.30581 3.8759
1.79691 1.30581 3.8759
1.79496 1.30501 3.87892
1.79691 1.30581 3.8759
1.79496 1.30501 3.87892
1.79874 1.30623 3.87755
1.7961 1.30455 3.8789
1.7961 1.30455 3.8789
1.7961 1.30455 3.8789
1.79618 1.30492 3.87768
1.79618 1.30492 3.87768
1.79776 1.30477 3.87652
1.79776 1.30477 3.87652
1.79776 1.30477 3.87652
1.79495 1.3049 3.87688
1.79495 1.3049 3.87688
1.79486 1.30385 3.87858
1.79788 1.30371 3.8778
1.79486 1.30385 3.87858
1.79684 1.3024 3.87904
1.79684 1.3024 3.87904
1.79684 1.3024 3.87904
1.79684 1.3024 3.87904
1.79684 1.3024 3.87904
0 0 0
0 0 0
1.16265 1.32019 3.01004
1.16265 1.32019 3.01004
1.16227 1.32288 3.00921
1.16227 1.32288 3.00921
1.16227 1.32288 3.00921
1.16227 1.32288 3.00921
0 0 0
4.68171 1.40722 2.83274
4.68171 1.40722 2.83274
4.68171 1.40722 2.83274
4.68237 1.40638 2.83273
4.68237 1.40638 2.83273
4.68237 1.40638 2.83273
4.68237 1.40638 2.83273
4.6825 1.4078 2.83451
4.6825 1.4078 2.83451
4.68107 1.4096 2.83508
4.67922 1.40757 2.83281
4.67922 1.40757 2.83281
4.67922 1.40757 2.83281
4.67922 1.40757 2.83281
4.6843 1.40433 2.83164
0 0 0
4.03156 1.87233 2.45622
4.03156 1.87233 2.45622
4.03156 1.87233 2.45622
4.03272 1.87412 2.45701
4.03272 1.87412 2.45701
4.03155 1.87275 2.45611
4.03155 1.87275 2.45611
4.03155 1.87275 2.45611
4.03201 1.87271 2.45682
4.03201 1.87271 2.45682
4.03201 1.87271 2.45682
4.03201 1.87271 2.45682
2.40529 1.6985 3.69224
2.40529 1.6985 3.69224
2.40442 1.69777 3.69124
2.40477 1.69895 3.69178
2.40434 1.69839 3.69154
2.40477 1.69895 3.69178
2.40477 1.69895 3.69178
2.40477 1.69895 3.69178
2.40543 1.70249 3.6941
2.40543 1.70249 3.6941
2.40623 1.69909 3.69163
2.40388 1.69903 3.69045
2.40308 1.69853 3.69411
2.40495 1.69896 3.69228
2.40495 1.69896 3.69228
2.40495 1.69896 3.69228
2.40573 1.69893 3.6917
2.40573 1.69893 3.6917
1.81928 0.83317 2.17963
1.81928 0.83317 2.17963
1.81717 0.83094 2.18146
1.81717 0.83094 2.18146
1.81721 0.8321 2.18166
1.81717 0.83094 2.18146
1.81721 0.8321 2.18166
1.81721 0.8321 2.18166
1.81721 0.8321 2.18166
1.81631 0.8316 2.18045
0 0 0
4.50837 0.76645 1.95836
4.50837 0.76645 1.95836
4.50837 0.76645 1.95836
4.50837 0.76645 1.95836
4.50733 0.7662 1.95941
4.50769 0.76641 1.95865
4.50769 0.76641 1.95865
4.5063 0.76599 1.96013
4.50733 0.7662 1.95941
4.5083 0.76646 1.95844
4.5083 0.76646 1.95844
4.5083 0.76646 1.95844
4.84883 2.06259 0.40837
4.84883 2.06259 0.40837
4.84883 2.06259 0.40837
4.84883 2.06259 0.40837
4.84883 2.06259 0.40837
4.84884 2.06068 0.4071
4.84884 2.06068 0.4071
4.84884 2.06068 0.4071
4.84884 2.06068 0.4071
0 0 0
1.82825 2.37331 4.31967
1.82859 2.37229 4.32015
1.82859 2.37229 4.32015
1.82859 2.37229 4.32015
1.82859 2.37229 4.32015
1.82859 2.37229 4.32015
1.82746 2.37116 4.31989
1.82543 2.3736 4.3184
1.82543 2.3736 4.3184
1.82543 2.3736 4.3184
1.82538 2.37348 4.31888
1.82705 2.37371 4.31832
1.8272 2.37247 4.31904
1.8272 2.37247 4.31904
1.8272 2.37247 4.31904
1.82744 2.3726 4.31862
1.82808 2.37176 4.31925
1.79496 1.30501 3.87892
1.79496 1.30501 3.87892
1.79496 1.30501 3.87892
1.79496 1.30501 3.87892
1.79874 1.30623 3.87755
1.7961 1.30455 3.8789
1.7961 1.30455 3.8789
1.7961 1.30455 3.8789
1.79618 1.30492 3.87768
1.79579 1.30484 3.87763
1.79495 1.3049 3.87688
1.79495 1.3049 3.87688
1.79495 1.3049 3.87688
1.79495 1.3049 3.87688
1.79495 1.3049 3.87688
1.7954 1.30403 3.87778
1.79788 1.30371 3.8778
1.79486 1.30385 3.87858
1.79875 1.30374 3.87848
1.79875 1.30374 3.87848
1.79875 1.30374 3.87848
1.79684 1.3024 3.87904
0 0 0
0.84635 1.8069 5.01179
0.84565 1.8063 5.01303
1.16265 1.32019 3.01004
1.16227 1.32288 3.00921
1.16227 1.32288 3.00921
1.16227 1.32288 3.00921
1.16227 1.32288 3.00921
1.16329 1.32532 3.01202
4.68216 1.40438 2.82982
4.68216 1.40438 2.82982
4.68212 1.40489 2.83141
4.68212 1.40489 2.83141
4.68212 1.40489 2.83141
4.68237 1.40638 2.83273
4.68237 1.40638 2.83273
4.68392 1.4046 2.83332
4.6825 1.4078 2.83451
4.6825 1.4078 2.83451
4.68107 1.4096 2.83508
4.68107 1.4096 2.83508
4.68233 1.40659 2.8329
4.68233 1.40659 2.8329
4.68233 1.40659 2.8329
4.68233 1.40659 2.8329
4.03156 1.87233 2.45622
4.03156 1.87233 2.45622
4.03156 1.87233 2.45622
4.03156 1.87233 2.45622
4.03272 1.87412 2.45701
4.03272 1.87412 2.45701
4.03211 1.87178 2.45666
4.03112 1.8728 2.4559
4.03112 1.8728 2.4559
4.03201 1.87271 2.45682
4.03201 1.87271 2.45682
4.03205 1.87323 2.4561
4.03175 1.87361 2.45563
2.40529 1.6985 3.69224
2.40442 1.69777 3.69124
2.40442 1.69777 3.69124
2.40442 1.69777 3.69124
2.40434 1.69839 3.69154
2.40434 1.69839 3.69154
2.40434 1.69839 3.69154
2.40434 1.69839 3.69154
2.40543 1.70249 3.6941
2.40543 1.70249 3.6941
2.40388 1.69903 3.69045
2.40566 1.6987 3.69262
2.40308 1.69853 3.69411
2.40566 1.6987 3.69262
2.40308 1.69853 3.69411
2.40566 1.6987 3.69262
2.40573 1.69893 3.6917
1.81928 0.83317 2.17963
1.81928 0.83317 2.17963
1.81717 0.83094 2.18146
1.81717 0.83094 2.18146
1.81717 0.83094 2.18146
1.81717 0.83094 2.18146
1.81717 0.83094 2.18146
1.81721 0.8321 2.18166
1.81721 0.8321 2.18166
1.81631 0.8316 2.18045
1.81631 0.8316 2.18045
1.81631 0.8316 2.18045
4.50837 0.76645 1.95836
4.50837 0.76645 1.95836
4.50837 0.76645 1.95836
4.50837 0.76645 1.95836
4.50733 0.7662 1.95941
4.50733 0.7662 1.95941
4.5063 0.76599 1.96013
4.50733 0.7662 1.95941
4.50793 0.76457 1.95927
4.50793 0.76457 1.95927
4.5083 0.76646 1.95844
4.85001 2.06176 0.40909
4.84883 2.06259 0.40837
4.84883 2.06259 0.40837
4.84883 2.06259 0.40837
4.84883 2.06259 0.40837
4.84954 2.06256 0.40891
4.84954 2.06256 0.40891
4.85052 2.06201 0.40924
4.84884 2.06068 0.4071
4.85052 2.06201 0.40924
4.85052 2.06201 0.40924
1.82277 2.37328 4.31406
1.82859 2.37229 4.32015
1.82859 2.37229 4.32015
1.82859 2.37229 4.32015
1.82859 2.37229 4.32015
1.82746 2.37116 4.31989
1.82746 2.37116 4.31989
1.82746 2.37116 4.31989
1.82538 2.37348 4.31888
1.82543 2.3736 4.3184
1.82538 2.37348 4.31888
1.82705 2.37371 4.31832
1.82705 2.37371 4.31832
1.82744 2.3726 4.31862
1.82744 2.3726 4.31862
1.82744 2.3726 4.31862
1.82808 2.37176 4.31925
3.21496 2.36411 2.28233
3.21562 2.36551 2.2851
3.2151 2.36727 2.28293
3.2151 2.36727 2.28293
0 0 0
1.7961 1.30455 3.8789
1.79618 1.30492 3.87768
1.79618 1.30492 3.87768
1.79618 1.30492 3.87768
1.79579 1.30484 3.87763
1.79579 1.30484 3.87763
1.79495 1.3049 3.87688
1.79495 1.3049 3.87688
1.79495 1.3049 3.87688
1.7954 1.30403 3.87778
1.7954 1.30403 3.87778
1.79788 1.30371 3.8778
1.79875 1.30374 3.87848
1.79875 1.30374 3.87848
1.96677 2.25 3.74275
1.96677 2.25 3.74275
1.96677 2.25 3.74275
1.97409 2.24743 3.74767
0.84635 1.8069 5.01179
0.84635 1.8069 5.01179
0.84565 1.8063 5.01303
0.84565 1.8063 5.01303
0.84565 1.8063 5.01303
1.16227 1.32288 3.00921
1.16227 1.32288 3.00921
1.16227 1.32288 3.00921
4.68302 1.40677 2.83252
4.68302 1.40677 2.83252
4.68211 1.4067 2.83197
4.6818 1.40597 2.83209
4.6818 1.40597 2.83209
4.68237 1.40638 2.83273
4.68237 1.40638 2.83273
4.68392 1.4046 2.83332
4.68237 1.40638 2.83273
4.68251 1.4096 2.83431
4.68251 1.4096 2.83431
4.68251 1.4096 2.83431
4.68233 1.40659 2.8329
4.68233 1.40659 2.8329
4.68233 1.40659 2.8329
4.68233 1.40659 2.8329
4.03015 1.87339 2.45655
4.02986 1.87204 2.45678
4.02986 1.87204 2.45678
4.03015 1.87339 2.45655
4.02986 1.87204 2.45678
4.03131 1.87251 2.4568
4.03131 1.87251 2.4568
4.03131 1.87251 2.4568
4.03131 1.87251 2.4568
4.03201 1.87271 2.45682
4.03141 1.87256 2.45567
4.03205 1.87323 2.4561
4.03205 1.87323 2.4561
0 0 0
2.40445 1.7007 3.69181
2.40529 1.6985 3.69224
2.40445 1.7007 3.69181
2.40434 1.69839 3.69154
2.40448 1.69892 3.69337
2.40448 1.69892 3.69337
2.40264 1.70131 3.69159
2.40543 1.70249 3.6941
2.40543 1.70249 3.6941
2.40699 1.70106 3.69135
2.40699 1.70106 3.69135
2.40566 1.6987 3.69262
2.40566 1.6987 3.69262
2.40308 1.69853 3.69411
2.40566 1.6987 3.69262
1.81928 0.83317 2.17963
1.81928 0.83317 2.17963
1.81928 0.83317 2.17963
1.81928 0.83317 2.17963
1.81717 0.83094 2.18146
1.81717 0.83094 2.18146
1.81721 0.8321 2.18166
1.81717 0.83094 2.18146
1.81721 0.8321 2.18166
1.81721 0.8321 2.18166
1.81721 0.8321 2.18166
1.81631 0.8316 2.18045
1.81631 0.8316 2.18045
4.50866 0.76556 1.95805
4.50859 0.76622 1.95807
4.50837 0.76645 1.95836
4.50769 0.76641 1.95865
4.50769 0.76641 1.95865
4.50769 0.76641 1.95865
4.50733 0.7662 1.95941
4.50733 0.7662 1.95941
4.50733 0.7662 1.95941
4.5083 0.76646 1.95844
4.85001 2.06176 0.40909
4.85001 2.06176 0.40909
4.85001 2.06176 0.40909
4.84926 2.06257 0.40967
4.84926 2.06257 0.40967
4.84883 2.06259 0.40837
4.84954 2.06256 0.40891
4.84954 2.06256 0.40891
4.85052 2.06201 0.40924
4.85052 2.06201 0.40924
4.85052 2.06201 0.40924
4.8508 2.0639 0.40735
1.82277 2.37328 4.31406
1.82859 2.37229 4.32015
1.82825 2.37331 4.31967
1.82859 2.37229 4.32015
1.82859 2.37229 4.32015
1.82595 2.37297 4.3187
1.82746 2.37116 4.31989
1.82709 2.37222 4.31785
1.82538 2.37348 4.31888
1.82709 2.37222 4.31785
1.82709 2.37222 4.31785
1.82692 2.37332 4.31756
1.82705 2.37371 4.31832
1.82744 2.3726 4.31862
1.82744 2.3726 4.31862
1.82744 2.3726 4.31862
1.82808 2.37176 4.31925
3.21732 2.36403 2.28459
3.21562 2.36551 2.2851
3.21562 2.36551 2.2851
3.2151 2.36727 2.28293
3.2151 2.36727 2.28293
0 0 0
1.7961 1.30455 3.8789
1.7961 1.30455 3.8789
1.79513 1.30354 3.87867
1.79513 1.30354 3.87867
1.79579 1.30484 3.87763
1.79579 1.30484 3.87763
1.79495 1.3049 3.87688
1.79495 1.3049 3.87688
1.7954 1.30403 3.87778
1.79788 1.30371 3.8778
1.79912 1.30166 3.87857
1.96529 2.24315 3.74399
1.96529 2.24315 3.74399
1.96578 2.24457 3.74516
1.96677 2.25 3.74275
1.96677 2.25 3.74275
1.96677 2.25 3.74275
0 0 0
0.84635 1.8069 5.01179
0.84565 1.8063 5.01303
0.84565 1.8063 5.01303
0.84565 1.8063 5.01303
0.84565 1.8063 5.01303
0 0 0
0 0 0
4.68296 1.4061 2.83199
4.68296 1.4061 2.83199
4.68296 1.4061 2.83199
4.68296 1.4061 2.83199
4.68293 1.40654 2.83213
4.68293 1.40654 2.83213
4.68293 1.40654 2.83213
4.68293 1.40654 2.83213
4.68237 1.40638 2.83273
4.68251 1.4096 2.83431
4.68251 1.4096 2.83431
4.68251 1.4096 2.83431
4.68233 1.40659 2.8329
4.68233 1.40659 2.8329
4.68233 1.40659 2.8329
4.68233 1.40659 2.8329
4.03015 1.87339 2.45655
4.02986 1.87204 2.45678
4.02986 1.87204 2.45678
4.03015 1.87339 2.45655
4.03023 1.87544 2.45533
4.03131 1.87251 2.4568
4.03023 1.87544 2.45533
4.03023 1.87544 2.45533
4.03131 1.87251 2.4568
4.03056 1.87293 2.4553
4.03056 1.87293 2.4553
4.03056 1.87293 2.4553
4.03056 1.87293 2.4553
4.03175 1.87361 2.45563
2.40445 1.7007 3.69181
2.40529 1.6985 3.69224
2.40529 1.6985 3.69224
2.40434 1.69839 3.69154
2.40234 1.6976 3.69106
2.40448 1.69892 3.69337
2.40434 1.69839 3.69154
2.40463 1.69949 3.69241
2.40463 1.69949 3.69241
2.40463 1.69949 3.69241
2.40463 1.69949 3.69241
2.40566 1.6987 3.69262
2.40566 1.6987 3.69262
0 0 0
1.81928 0.83317 2.17963
1.81861 0.83378 2.17969
1.81861 0.83378 2.17969
1.81928 0.83317 2.17963
1.81717 0.83094 2.18146
1.81717 0.83094 2.18146
1.81717 0.83094 2.18146
1.81721 0.8321 2.18166
1.81721 0.8321 2.18166
1.81721 0.8321 2.18166
1.81721 0.8321 2.18166
1.81631 0.8316 2.18045
1.81971 0.83119 2.17845
1.81631 0.8316 2.18045
4.50837 0.76645 1.95836
4.50837 0.76645 1.95836
4.50769 0.76641 1.95865
4.50769 0.76641 1.95865
4.5077 0.7663 1.95852
4.5063 0.76599 1.96013
4.5063 0.76599 1.96013
4.5063 0.76599 1.96013
4.5063 0.76599 1.96013
4.84992 2.06214 0.40899
4.84992 2.06214 0.40899
4.84992 2.06214 0.40899
4.8498 2.06225 0.40904
4.8498 2.06225 0.40904
4.8498 2.06225 0.40904
4.84795 2.06183 0.40902
4.84883 2.06259 0.40837
4.84884 2.06068 0.4071
4.84884 2.06068 0.4071
4.8508 2.0639 0.40735
4.8508 2.0639 0.40735
4.8508 2.0639 0.40735
1.82505 2.37159 4.31756
1.82859 2.37229 4.32015
1.82859 2.37229 4.32015
1.82859 2.37229 4.32015
1.82859 2.37229 4.32015
1.82859 2.37229 4.32015
1.82746 2.37116 4.31989
1.82735 2.37255 4.31857
1.82735 2.37255 4.31857
1.82735 2.37255 4.31857
1.82735 2.37255 4.31857
1.82692 2.37332 4.31756
1.82705 2.37371 4.31832
1.82744 2.3726 4.31862
1.82744 2.3726 4.31862
1.82744 2.3726 4.31862
1.82808 2.37176 4.31925
3.21562 2.36551 2.2851
3.21562 2.36551 2.2851
3.21562 2.36551 2.2851
3.2151 2.36727 2.28293
3.2151 2.36727 2.28293
3.21918 2.36435 2.29238
3.21704 2.36411 2.28611
1.79513 1.30354 3.87867
1.79513 1.30354 3.87867
1.79513 1.30354 3.87867
1.79248 1.30456 3.87926
1.79315 1.30347 3.87728
1.79315 1.30347 3.87728
1.79788 1.30371 3.8778
1.7954 1.30403 3.87778
1.7954 1.30403 3.87778
1.96575 2.24382 3.74398
1.96529 2.24315 3.74399
1.96529 2.24315 3.74399
1.96578 2.24457 3.74516
1.96578 2.24457 3.74516
1.96578 2.24457 3.74516
1.96677 2.25 3.74275
0.84635 1.8069 5.01179
0.84635 1.8069 5.01179
0.84635 1.8069 5.01179
0.84565 1.8063 5.01303
0.84565 1.8063 5.01303
0.84565 1.8063 5.01303
0.84404 1.80601 5.01161
4.68296 1.4061 2.83199
4.68296 1.4061 2.83199
4.68296 1.4061 2.83199
4.68302 1.40677 2.83252
4.68293 1.40654 2.83213
4.68293 1.40654 2.83213
4.68293 1.40654 2.83213
4.68293 1.40654 2.83213
4.68293 1.40654 2.83213
4.68237 1.40638 2.83273
4.68084 1.40503 2.83333
4.68084 1.40503 2.83333
4.68145 1.40703 2.83199
4.68233 1.40659 2.8329
4.68233 1.40659 2.8329
4.68233 1.40659 2.8329
4.03271 1.87265 2.45707
4.03271 1.87265 2.45707
4.03271 1.87265 2.45707
4.03271 1.87265 2.45707
4.03146 1.87326 2.45562
4.03146 1.87326 2.45562
4.03146 1.87326 2.45562
4.03023 1.87544 2.45533
4.02523 1.87598 2.4526
4.03141 1.87256 2.45567
4.03056 1.87293 2.4553
4.03056 1.87293 2.4553
4.03056 1.87293 2.4553
4.03056 1.87293 2.4553
4.03056 1.87293 2.4553
0 0 0
2.40234 1.6976 3.69106
2.40234 1.6976 3.69106
2.40234 1.6976 3.69106
2.40234 1.6976 3.69106
2.40448 1.69892 3.69337
2.40343 1.70112 3.68901
2.40463 1.69949 3.69241
2.40463 1.69949 3.69241
2.40699 1.70106 3.69135
2.40463 1.69949 3.69241
2.40699 1.70106 3.69135
1.81983 0.83166 2.17945
1.81927 0.83467 2.17685
1.82237 0.83363 2.17672
1.81861 0.83378 2.17969
1.81861 0.83378 2.17969
1.81861 0.83378 2.17969
1.81717 0.83094 2.18146
1.81717 0.83094 2.18146
1.81717 0.83094 2.18146
1.81717 0.83094 2.18146
1.81971 0.83119 2.17845
1.81678 0.83414 2.18236
1.81678 0.83414 2.18236
1.82 0.83238 2.1782
1.81971 0.83119 2.17845
1.81678 0.83414 2.18236
4.50926 0.76649 1.95876
4.50698 0.76726 1.95997
4.50769 0.76641 1.95865
4.50769 0.76641 1.95865
4.50769 0.76641 1.95865
4.50769 0.76641 1.95865
4.50769 0.76641 1.95865
4.50959 0.76434 1.95979
4.84781 2.06063 0.40805
4.84781 2.06063 0.40805
4.84992 2.06214 0.40899
4.84992 2.06214 0.40899
4.8498 2.06225 0.40904
4.84883 2.06259 0.40837
4.84883 2.06259 0.40837
4.84883 2.06259 0.40837
4.84883 2.06259 0.40837
4.84954 2.06256 0.40891
4.8508 2.0639 0.40735
4.8508 2.0639 0.40735
4.85141 2.06413 0.40838
4.85141 2.06413 0.40838
1.82857 2.37106 4.31676
1.82857 2.37106 4.31676
1.82859 2.37229 4.32015
1.82857 2.37106 4.31676
1.82859 2.37229 4.32015
1.82722 2.37239 4.31871
1.82722 2.37239 4.31871
1.82722 2.37239 4.31871
1.82722 2.37239 4.31871
1.82735 2.37255 4.31857
1.82709 2.37222 4.31785
1.82709 2.37222 4.31785
1.82551 2.37199 4.31572
1.82744 2.3726 4.31862
1.82744 2.3726 4.31862
1.82744 2.3726 4.31862
1.82808 2.37176 4.31925
0 0 0
3.21562 2.36551 2.2851
3.21562 2.36551 2.2851
3.2151 2.36727 2.28293
3.2151 2.36727 2.28293
3.22046 2.36848 2.2868
3.22046 2.36848 2.2868
3.21841 2.36573 2.28623
1.79513 1.30354 3.87867
1.79513 1.30354 3.87867
1.79596 1.30529 3.8784
1.79315 1.30347 3.87728
1.79315 1.30347 3.87728
1.79573 1.3009 3.8777
1.96575 2.24382 3.74398
1.96529 2.24315 3.74399
1.96575 2.24382 3.74398
1.96529 2.24315 3.74399
1.96529 2.24315 3.74399
1.96578 2.24457 3.74516
1.96578 2.24457 3.74516
1.96578 2.24457 3.74516
1.97409 2.24743 3.74767
0.84303 1.80384 5.00915
0.84565 1.8063 5.01303
0.8442 1.80551 5.01113
0.84404 1.80601 5.01161
0.84404 1.80601 5.01161
0.84404 1.80601 5.01161
0.84522 1.80833 5.01317
0.84522 1.80833 5.01317
4.68296 1.4061 2.83199
4.68296 1.4061 2.83199
4.68296 1.4061 2.83199
4.68293 1.40654 2.83213
4.68293 1.40654 2.83213
4.68293 1.40654 2.83213
4.68293 1.40654 2.83213
4.68293 1.40654 2.83213
4.68084 1.40503 2.83333
4.68084 1.40503 2.83333
4.68084 1.40503 2.83333
4.68145 1.40703 2.83199
4.68233 1.40659 2.8329
4.68233 1.40659 2.8329
4.68233 1.40659 2.8329
4.03271 1.87265 2.45707
4.03162 1.87263 2.45599
4.03162 1.87263 2.45599
4.03162 1.87263 2.45599
4.03166 1.87282 2.45602
4.03166 1.87282 2.45602
4.03146 1.87326 2.45562
4.03146 1.87326 2.45562
4.03023 1.87544 2.45533
4.03141 1.87256 2.45567
4.03056 1.87293 2.4553
4.03056 1.87293 2.4553
4.03056 1.87293 2.4553
4.03056 1.87293 2.4553
4.03056 1.87293 2.4553
4.03162 1.87323 2.4564
2.40234 1.6976 3.69106
2.40234 1.6976 3.69106
2.40234 1.6976 3.69106
2.40234 1.6976 3.69106
2.39891 1.69378 3.69027
2.40445 1.69771 3.69028
2.40463 1.69949 3.69241
2.40463 1.69949 3.69241
2.40463 1.69949 3.69241
2.40463 1.69949 3.69241
0 0 0
1.81925 0.8333 2.17976
1.81927 0.83467 2.17685
1.81925 0.8333 2.17976
1.81861 0.83378 2.17969
1.81861 0.83378 2.17969
1.81861 0.83378 2.17969
1.81598 0.83132 2.18229
1.81598 0.83132 2.18229
1.81983 0.83246 2.17928
1.81983 0.83246 2.17928
1.81983 0.83246 2.17928
1.81983 0.83246 2.17928
1.81983 0.83246 2.17928
1.82 0.83238 2.1782
1.82 0.83238 2.1782
1.82 0.83238 2.1782
4.50926 0.76649 1.95876
4.50698 0.76726 1.95997
4.50822 0.76669 1.95846
4.50822 0.76669 1.95846
4.5077 0.7663 1.95852
4.5077 0.7663 1.95852
4.5077 0.7663 1.95852
4.84861 2.06249 0.40797
4.84861 2.06249 0.40797
4.84861 2.06249 0.40797
4.84992 2.06214 0.40899
4.84992 2.06214 0.40899
4.8498 2.06225 0.40904
4.8498 2.06225 0.40904
4.8498 2.06225 0.40904
4.84795 2.06183 0.40902
4.84795 2.06183 0.40902
4.84954 2.06256 0.40891
4.84998 2.06248 0.40909
4.85137 2.06285 0.40935
4.85141 2.06413 0.40838
4.85141 2.06413 0.40838
1.82505 2.37159 4.31756
1.82505 2.37159 4.31756
1.82505 2.37159 4.31756
1.82505 2.37159 4.31756
1.82553 2.37346 4.31847
1.82722 2.37239 4.31871
1.82722 2.37239 4.31871
1.82709 2.37222 4.31785
1.82722 2.37239 4.31871
1.82735 2.37255 4.31857
1.82709 2.37222 4.31785
1.82709 2.37222 4.31785
1.82551 2.37199 4.31572
1.82551 2.37199 4.31572
1.82703 2.37248 4.31799
1.82703 2.37248 4.31799
1.82731 2.37259 4.31897
3.21732 2.36403 2.28459
3.21732 2.36403 2.28459
3.21732 2.36403 2.28459
3.21707 2.36331 2.28549
3.21707 2.36331 2.28549
3.21057 2.36438 2.28294
3.21704 2.36411 2.28611
3.21704 2.36411 2.28611
3.21704 2.36411 2.28611
1.79573 1.3009 3.8777
1.79573 1.3009 3.8777
1.79596 1.30529 3.8784
1.79596 1.30529 3.8784
1.96489 2.24285 3.74488
1.96529 2.24315 3.74399
1.96529 2.24315 3.74399
1.96575 2.24382 3.74398
1.96529 2.24315 3.74399
1.96529 2.24315 3.74399
1.96681 2.24384 3.7457
1.96578 2.24457 3.74516
1.9676 2.24139 3.74347
0.84577 1.80578 5.01258
0.84577 1.80578 5.01258
0.84384 1.80654 5.00816
0.8442 1.80551 5.01113
0.8442 1.80551 5.01113
0.8442 1.80551 5.01113
0.84522 1.80833 5.01317
0.84522 1.80833 5.01317
0.84522 1.80833 5.01317
0.84684 1.80788 5.01193
0 0 0
4.68302 1.40677 2.83252
4.68302 1.40677 2.83252
4.68293 1.40654 2.83213
4.68293 1.40654 2.83213
4.68293 1.40654 2.83213
4.68293 1.40654 2.83213
4.68365 1.40344 2.83121
4.6814 1.40666 2.83172
4.6814 1.40666 2.83172
4.68145 1.40703 2.83199
4.68145 1.40703 2.83199
4.68145 1.40703 2.83199
4.68183 1.40615 2.83203
4.03271 1.87265 2.45707
4.03271 1.87265 2.45707
4.03162 1.87263 2.45599
4.03162 1.87263 2.45599
4.03166 1.87282 2.45602
4.03166 1.87282 2.45602
4.03166 1.87282 2.45602
4.03146 1.87326 2.45562
4.02878 1.87176 2.45214
4.02878 1.87176 2.45214
4.03056 1.87293 2.4553
4.03056 1.87293 2.4553
4.03056 1.87293 2.4553
4.0317 1.87262 2.45613
4.0317 1.87262 2.45613
4.03162 1.87323 2.4564
4.9404 2.71984 5.10542
4.9404 2.71984 5.10542
0 0 0
0 0 0
4.94524 2.72076 5.11152
4.94517 2.71843 5.10895
4.92491 2.72038 5.09247
4.94149 2.721 5.10678
4.94149 2.721 5.10678
4.94149 2.721 5.10678
1.81733 0.8351 2.1758
1.81925 0.8333 2.17976
1.81927 0.83467 2.17685
1.81925 0.8333 2.17976
1.81861 0.83378 2.17969
1.81861 0.83378 2.17969
1.81861 0.83378 2.17969
1.81861 0.83378 2.17969
1.81861 0.83378 2.17969
1.81983 0.83246 2.17928
1.81598 0.83132 2.18229
1.81983 0.83246 2.17928
1.8187 0.83213 2.18237
1.8187 0.83213 2.18237
1.81936 0.83138 2.18054
1.81936 0.83138 2.18054
1.8187 0.83213 2.18237
4.50698 0.76726 1.95997
4.50698 0.76726 1.95997
4.50822 0.76669 1.95846
4.50822 0.76669 1.95846
4.5077 0.7663 1.95852
4.50822 0.76669 1.95846
4.84813 2.06113 0.40754
4.84861 2.06249 0.40797
4.84861 2.06249 0.40797
4.84861 2.06249 0.40797
4.84978 2.06213 0.40892
4.84978 2.06213 0.40892
4.84978 2.06213 0.40892
4.84978 2.06213 0.40892
4.84795 2.06183 0.40902
4.84795 2.06183 0.40902
4.84795 2.06183 0.40902
4.84998 2.06248 0.40909
4.85137 2.06285 0.40935
4.85137 2.06285 0.40935
4.85137 2.06285 0.40935
4.8508 2.0639 0.40735
1.82505 2.37159 4.31756
1.82505 2.37159 4.31756
1.8278 2.37231 4.31857
1.82505 2.37159 4.31756
1.8278 2.37231 4.31857
1.8278 2.37231 4.31857
1.82792 2.3725 4.31814
1.82692 2.37332 4.31756
1.82735 2.37255 4.31857
1.82735 2.37255 4.31857
1.82735 2.37255 4.31857
1.82735 2.37255 4.31857
1.82839 2.3725 4.31948
1.82839 2.3725 4.31948
1.82703 2.37248 4.31799
1.82703 2.37248 4.31799
1.82703 2.37248 4.31799
1.82703 2.37248 4.31799
3.21688 2.366 2.28581
3.21688 2.366 2.28581
3.21688 2.366 2.28581
3.21707 2.36331 2.28549
3.21688 2.366 2.28581
3.21704 2.36411 2.28611
3.21704 2.36411 2.28611
3.21704 2.36411 2.28611
3.21704 2.36411 2.28611
1.79596 1.30529 3.8784
1.79596 1.30529 3.8784
1.96489 2.24285 3.74488
1.96394 2.24487 3.74336
1.96394 2.24487 3.74336
1.96394 2.24487 3.74336
1.96575 2.24382 3.74398
1.96249 2.24462 3.74237
1.96283 2.24286 3.74307
1.96283 2.24286 3.74307
1.9676 2.24139 3.74347
0 0 0
0.84577 1.80578 5.01258
0.84577 1.80578 5.01258
0.84303 1.80384 5.00915
0.8442 1.80551 5.01113
0.8442 1.80551 5.01113
0.8442 1.80551 5.01113
0.8442 1.80551 5.01113
0.8442 1.80551 5.01113
0.84625 1.80594 5.01163
0.84684 1.80788 5.01193
0.84767 1.80704 5.01451
4.68296 1.4061 2.83199
4.68293 1.40654 2.83213
4.68293 1.40654 2.83213
4.68293 1.40654 2.83213
4.68293 1.40654 2.83213
4.68239 1.40641 2.83208
4.68239 1.40641 2.83208
4.6814 1.40666 2.83172
4.6814 1.40666 2.83172
4.68145 1.40703 2.83199
4.68145 1.40703 2.83199
4.68183 1.40615 2.83203
4.68183 1.40615 2.83203
4.03271 1.87265 2.45707
4.03271 1.87265 2.45707
4.03271 1.87265 2.45707
4.03162 1.87263 2.45599
4.03166 1.87282 2.45602
4.03166 1.87282 2.45602
4.03146 1.87326 2.45562
4.03146 1.87326 2.45562
4.02878 1.87176 2.45214
4.03221 1.87215 2.45448
4.03221 1.87215 2.45448
4.0317 1.87262 2.45613
4.03115 1.86749 2.45395
4.0317 1.87262 2.45613
4.0317 1.87262 2.45613
4.03162 1.87323 2.4564
4.94153 2.71994 5.10664
4.94153 2.71994 5.10664
4.94153 2.71994 5.10664
4.94153 2.71994 5.10664
4.94524 2.72076 5.11152
4.94517 2.71843 5.10895
4.94517 2.71843 5.10895
4.94149 2.721 5.10678
4.94149 2.721 5.10678
4.94149 2.721 5.10678
0 0 0
1.81733 0.8351 2.1758
1.81927 0.83467 2.17685
1.81927 0.83467 2.17685
1.81925 0.8333 2.17976
1.81925 0.8333 2.17976
1.81638 0.83112 2.18256
1.81598 0.83132 2.18229
1.81598 0.83132 2.18229
1.81598 0.83132 2.18229
1.81983 0.83246 2.17928
1.81983 0.83246 2.17928
1.81936 0.83138 2.18054
1.81936 0.83138 2.18054
1.81936 0.83138 2.18054
1.81936 0.83138 2.18054
1.8174 0.82915 2.17748
4.50698 0.76726 1.95997
4.50698 0.76726 1.95997
4.50698 0.76726 1.95997
4.50822 0.76669 1.95846
4.50822 0.76669 1.95846
4.84655 2.06064 0.40682
4.84861 2.06249 0.40797
4.84861 2.06249 0.40797
4.84861 2.06249 0.40797
4.84861 2.06249 0.40797
4.84978 2.06213 0.40892
4.84978 2.06213 0.40892
4.8498 2.06225 0.40904
4.84978 2.06213 0.40892
4.8498 2.06225 0.40904
4.84998 2.06248 0.40909
4.84998 2.06248 0.40909
4.84998 2.06248 0.40909
4.84998 2.06248 0.40909
4.85137 2.06285 0.40935
4.85137 2.06285 0.40935
4.85137 2.06285 0.40935
1.82505 2.37159 4.31756
1.82505 2.37159 4.31756
1.8278 2.37231 4.31857
1.8278 2.37231 4.31857
1.8278 2.37231 4.31857
1.8278 2.37231 4.31857
1.8278 2.37231 4.31857
1.82735 2.37255 4.31857
1.82722 2.37239 4.31871
1.82722 2.37239 4.31871
1.82735 2.37255 4.31857
1.82678 2.37203 4.31957
1.82678 2.37203 4.31957
1.82551 2.37199 4.31572
1.82703 2.37248 4.31799
1.82703 2.37248 4.31799
1.82703 2.37248 4.31799
1.82703 2.37248 4.31799
3.21688 2.366 2.28581
3.21688 2.366 2.28581
3.21688 2.366 2.28581
3.21707 2.36331 2.28549
3.21688 2.366 2.28581
3.21704 2.36411 2.28611
3.21704 2.36411 2.28611
3.21741 2.36449 2.28775
3.21741 2.36449 2.28775
3.21741 2.36449 2.28775
1.96394 2.24487 3.74336
1.96489 2.24285 3.74488
1.96575 2.24382 3.74398
1.96575 2.24382 3.74398
1.96394 2.24487 3.74336
1.96575 2.24382 3.74398
1.96249 2.24462 3.74237
1.96283 2.24286 3.74307
1.96283 2.24286 3.74307
1.9676 2.24139 3.74347
0.84469 1.80658 5.012
0.84469 1.80658 5.012
0.84469 1.80658 5.012
0.84485 1.80429 5.01127
0.84485 1.80429 5.01127
0.84303 1.80384 5.00915
0.84303 1.80384 5.00915
0.84593 1.80567 5.01292
0.84593 1.80567 5.01292
0.84593 1.80567 5.01292
0.84684 1.80788 5.01193
0.84767 1.80704 5.01451
0.84767 1.80704 5.01451
4.68342 1.40853 2.83296
4.68212 1.40695 2.83217
4.68239 1.40641 2.83208
4.68239 1.40641 2.83208
4.68239 1.40641 2.83208
4.68239 1.40641 2.83208
4.6814 1.40666 2.83172
4.6814 1.40666 2.83172
4.6814 1.40666 2.83172
4.6814 1.40666 2.83172
4.68183 1.40615 2.83203
4.68183 1.40615 2.83203
4.03212 1.87363 2.45776
4.03212 1.87363 2.45776
4.03162 1.87263 2.45599
4.03162 1.87263 2.45599
4.03274 1.87222 2.45786
4.0317 1.87312 2.45678
4.03166 1.87282 2.45602
4.03146 1.87326 2.45562
4.03047 1.87102 2.45286
4.03221 1.87215 2.45448
4.03221 1.87215 2.45448
4.03196 1.87259 2.45613
4.0317 1.87262 2.45613
4.0317 1.87262 2.45613
4.0317 1.87262 2.45613
4.94153 2.71994 5.10664
4.94153 2.71994 5.10664
4.94153 2.71994 5.10664
4.94153 2.71994 5.10664
4.94153 2.71994 5.10664
4.93918 2.71988 5.10243
4.94517 2.71843 5.10895
4.94517 2.71843 5.10895
4.94517 2.71843 5.10895
4.94149 2.721 5.10678
4.94149 2.721 5.10678
4.94149 2.721 5.10678
1.81733 0.8351 2.1758
1.81925 0.8333 2.17976
1.81818 0.8324 2.18058
1.81852 0.83235 2.18002
1.81852 0.83235 2.18002
1.81818 0.8324 2.18058
1.81818 0.8324 2.18058
1.81852 0.83235 2.18002
1.81598 0.83132 2.18229
1.81983 0.83246 2.17928
1.81983 0.83246 2.17928
1.81936 0.83138 2.18054
1.81936 0.83138 2.18054
1.81936 0.83138 2.18054
1.81936 0.83138 2.18054
1.81795 0.83547 2.17853
4.50861 0.76767 1.95934
4.50861 0.76767 1.95934
4.50861 0.76767 1.95934
4.50769 0.77095 1.96235
4.85226 2.06375 0.40704
4.84883 2.06031 0.40631
4.84813 2.06113 0.40754
4.84813 2.06113 0.40754
4.84813 2.06113 0.40754
4.84978 2.06213 0.40892
4.84978 2.06213 0.40892
4.8499 2.06204 0.40915
4.84978 2.06213 0.40892
4.84978 2.06213 0.40892
4.85011 2.06236 0.40877
4.84998 2.06248 0.40909
4.84998 2.06248 0.40909
4.84998 2.06248 0.40909
4.84998 2.06248 0.40909
4.84998 2.06248 0.40909
4.85521 2.06257 0.41509
4.85137 2.06285 0.40935
1.82482 2.37239 4.31728
1.82482 2.37239 4.31728
1.82482 2.37239 4.31728
1.82482 2.37239 4.31728
1.82553 2.37346 4.31847
1.82722 2.37239 4.31871
1.8278 2.37231 4.31857
1.82722 2.37239 4.31871
1.82722 2.37239 4.31871
1.82722 2.37239 4.31871
1.82678 2.37203 4.31957
1.82678 2.37203 4.31957
1.82678 2.37203 4.31957
1.82463 2.37298 4.31684
1.82723 2.3717 4.31942
1.82839 2.3725 4.31948
1.82839 2.3725 4.31948
1.82951 2.37128 4.31942
3.21707 2.36331 2.28549
3.21707 2.36331 2.28549
3.21707 2.36331 2.28549
3.21707 2.36331 2.28549
3.21627 2.36365 2.28769
3.21627 2.36365 2.28769
3.21627 2.36365 2.28769
3.21627 2.36365 2.28769
3.21627 2.36365 2.28769
3.21412 2.36823 2.28508
1.96507 2.24119 3.74461
1.96489 2.24285 3.74488
1.96551 2.24303 3.74547
1.96551 2.24303 3.74547
1.96489 2.24285 3.74488
1.96489 2.24285 3.74488
1.96249 2.24462 3.74237
1.96084 2.24397 3.74308
1.96084 2.24397 3.74308
1.96629 2.23914 3.74248
0.84469 1.80658 5.012
0.84469 1.80658 5.012
0.84469 1.80658 5.012
0.84485 1.80429 5.01127
0.84485 1.80429 5.01127
0.84593 1.80567 5.01292
0.84303 1.80384 5.00915
0.84593 1.80567 5.01292
0.84593 1.80567 5.01292
0.84593 1.80567 5.01292
0.84767 1.80704 5.01451
0.84767 1.80704 5.01451
0.84767 1.80704 5.01451
0.84767 1.80704 5.01451
4.68208 1.40631 2.83218
4.68239 1.40641 2.83208
4.68239 1.40641 2.83208
4.68239 1.40641 2.83208
4.68239 1.40641 2.83208
4.68239 1.40641 2.83208
4.6814 1.40666 2.83172
4.6814 1.40666 2.83172
4.6814 1.40666 2.83172
4.68183 1.40615 2.83203
4.68183 1.40615 2.83203
4.03212 1.87363 2.45776
4.03212 1.87363 2.45776
4.03162 1.87263 2.45599
4.03162 1.87263 2.45599
4.03166 1.87282 2.45602
4.03166 1.87282 2.45602
4.03166 1.87282 2.45602
4.03196 1.87259 2.45613
4.03221 1.87215 2.45448
4.03196 1.87259 2.45613
4.03221 1.87215 2.45448
4.03196 1.87259 2.45613
4.03115 1.86749 2.45395
4.03712 1.87171 2.45641
4.94161 2.72 5.1063
4.94153 2.71994 5.10664
4.94153 2.71994 5.10664
4.94153 2.71994 5.10664
4.94153 2.71994 5.10664
4.94153 2.71994 5.10664
4.94524 2.72076 5.11152
4.94524 2.72076 5.11152
4.94201 2.72002 5.1066
4.94201 2.72002 5.1066
4.94149 2.721 5.10678
4.94149 2.721 5.10678
4.94201 2.72002 5.1066
4.9404 2.72135 5.10496
1.81678 0.83193 2.18025
1.81678 0.83193 2.18025
1.81678 0.83193 2.18025
1.81852 0.83235 2.18002
1.81818 0.8324 2.18058
1.81818 0.8324 2.18058
1.81793 0.8333 2.18056
1.81699 0.83135 2.18185
1.81699 0.83135 2.18185
1.81904 0.83206 2.18034
1.81904 0.83206 2.18034
1.81936 0.83138 2.18054
1.81936 0.83138 2.18054
1.81883 0.83168 2.18012
1.81883 0.83168 2.18012
4.50861 0.76767 1.95934
4.50861 0.76767 1.95934
4.50861 0.76767 1.95934
4.84777 2.06305 0.40661
4.85226 2.06375 0.40704
4.84777 2.06305 0.40661
4.84861 2.06249 0.40797
4.84861 2.06249 0.40797
4.84861 2.06249 0.40797
4.84978 2.06213 0.40892
4.8499 2.06204 0.40915
4.8499 2.06204 0.40915
4.84978 2.06213 0.40892
4.84978 2.06213 0.40892
4.85011 2.06236 0.40877
4.84998 2.06248 0.40909
4.84998 2.06248 0.40909
4.8489 2.06133 0.40977
4.84998 2.06248 0.40909
4.84965 2.06227 0.40917
4.84965 2.06227 0.40917
4.85137 2.06285 0.40935
4.85521 2.06257 0.41509
1.82482 2.37239 4.31728
1.8248 2.37269 4.31953
1.82553 2.37346 4.31847
1.82553 2.37346 4.31847
1.8278 2.37231 4.31857
1.8278 2.37231 4.31857
1.82891 2.37429 4.32184
1.82678 2.37203 4.31957
1.82678 2.37203 4.31957
1.82678 2.37203 4.31957
1.82525 2.37214 4.31971
1.82525 2.37214 4.31971
1.82525 2.37214 4.31971
1.82699 2.3727 4.31805
1.82699 2.3727 4.31805
1.82699 2.3727 4.31805
1.82699 2.3727 4.31805
1.82699 2.3727 4.31805
3.22236 2.36478 2.29201
3.21169 2.36308 2.28226
3.21641 2.3619 2.28665
3.21627 2.36365 2.28769
3.21627 2.36365 2.28769
3.21627 2.36365 2.28769
3.21627 2.36365 2.28769
3.21627 2.36365 2.28769
3.2167 2.36612 2.287
1.96437 2.24098 3.74735
1.96508 2.24274 3.74391
1.96551 2.24303 3.74547
1.96551 2.24303 3.74547
1.96249 2.24462 3.74237
1.96508 2.24274 3.74391
1.96249 2.24462 3.74237
1.96282 2.24184 3.74418
1.96282 2.24184 3.74418
0.84577 1.80578 5.01258
0.84606 1.80589 5.01247
0.84469 1.80658 5.012
0.84469 1.80658 5.012
0.84485 1.80429 5.01127
0.84485 1.80429 5.01127
0.84593 1.80567 5.01292
0.84593 1.80567 5.01292
0.84593 1.80567 5.01292
0.84593 1.80567 5.01292
0.84593 1.80567 5.01292
0.84767 1.80704 5.01451
0.84767 1.80704 5.01451
0.84767 1.80704 5.01451
0.84767 1.80704 5.01451
0.84627 1.80917 5.01579
4.68239 1.40641 2.83208
4.68239 1.40621 2.8317
4.68239 1.40641 2.83208
4.68239 1.40641 2.83208
4.68239 1.40641 2.83208
4.6814 1.40666 2.83172
4.6814 1.40666 2.83172
4.6814 1.40666 2.83172
4.68183 1.40615 2.83203
4.68183 1.40615 2.83203
4.03212 1.87363 2.45776
4.03212 1.87363 2.45776
4.03212 1.87363 2.45776
4.03188 1.87301 2.45628
4.03274 1.87222 2.45786
4.03274 1.87222 2.45786
4.03188 1.87301 2.45628
4.03188 1.87301 2.45628
4.03274 1.87222 2.45786
4.03141 1.87409 2.45682
4.03221 1.87215 2.45448
4.03113 1.87046 2.4578
4.03113 1.87046 2.4578
4.94161 2.72 5.1063
4.94161 2.72 5.1063
4.94153 2.71994 5.10664
4.94153 2.71994 5.10664
4.94153 2.71994 5.10664
4.94153 2.71994 5.10664
4.94153 2.71994 5.10664
4.94524 2.72076 5.11152
4.94524 2.72076 5.11152
4.94524 2.72076 5.11152
4.94524 2.72076 5.11152
4.94149 2.721 5.10678
4.94149 2.721 5.10678
4.94201 2.72002 5.1066
4.9404 2.72135 5.10496
4.9404 2.72135 5.10496
1.81678 0.83193 2.18025
1.81678 0.83193 2.18025
1.81852 0.83235 2.18002
1.81818 0.8324 2.18058
1.81818 0.8324 2.18058
1.81793 0.8333 2.18056
1.81826 0.83268 2.18047
1.81826 0.83268 2.18047
1.81826 0.83268 2.18047
1.81826 0.83268 2.18047
1.81826 0.83268 2.18047
1.81883 0.83168 2.18012
1.81883 0.83168 2.18012
1.81613 0.83087 2.18031
4.50861 0.76767 1.95934
4.84815 2.06472 0.40552
4.84815 2.06472 0.40552
4.84777 2.06305 0.40661
4.84777 2.06305 0.40661
4.85001 2.06223 0.41075
4.85001 2.06223 0.41075
4.85001 2.06223 0.41075
4.8499 2.06204 0.40915
4.84888 2.06234 0.41096
4.8499 2.06204 0.40915
4.8499 2.06204 0.40915
4.8499 2.06204 0.40915
4.84978 2.06213 0.40892
4.85016 2.06264 0.4092
4.85016 2.06264 0.4092
4.85016 2.06264 0.4092
4.8489 2.06133 0.40977
4.8489 2.06133 0.40977
4.84965 2.06227 0.40917
4.84965 2.06227 0.40917
4.84965 2.06227 0.40917
4.84965 2.06227 0.40917
1.82482 2.37239 4.31728
1.82482 2.37239 4.31728
1.8278 2.37231 4.31857
1.8278 2.37231 4.31857
1.8278 2.37231 4.31857
1.8278 2.37231 4.31857
1.82591 2.37289 4.3173
1.82591 2.37289 4.3173
1.82519 2.37162 4.31952
1.82519 2.37162 4.31952
1.82525 2.37214 4.31971
1.82525 2.37214 4.31971
1.82463 2.37298 4.31684
1.82707 2.37341 4.31887
1.82839 2.3725 4.31948
1.82699 2.3727 4.31805
1.82699 2.3727 4.31805
1.82699 2.3727 4.31805
3.21688 2.366 2.28581
3.21169 2.36308 2.28226
3.21641 2.3619 2.28665
3.21627 2.36365 2.28769
3.21627 2.36365 2.28769
3.21627 2.36365 2.28769
3.21627 2.36365 2.28769
3.21627 2.36365 2.28769
3.2167 2.36612 2.287
1.9703 2.24231 3.74662
1.96502 2.24309 3.74465
1.96502 2.24309 3.74465
1.96502 2.24309 3.74465
1.96502 2.24309 3.74465
1.96502 2.24309 3.74465
1.96282 2.24184 3.74418
1.96282 2.24184 3.74418
1.96282 2.24184 3.74418
0.84606 1.80589 5.01247
0.84606 1.80589 5.01247
0.84603 1.80592 5.01238
0.84603 1.80592 5.01238
0.84606 1.80589 5.01247
0.84485 1.80429 5.01127
0.84593 1.80567 5.01292
0.84593 1.80567 5.01292
0.8454 1.8059 5.01253
0.8454 1.8059 5.01253
0.8454 1.8059 5.01253
0.8454 1.8059 5.01253
0.84627 1.80917 5.01579
0.84627 1.80917 5.01579
0.84627 1.80917 5.01579
0.84627 1.80917 5.01579
4.6837 1.40584 2.83417
4.68239 1.40641 2.83208
4.68239 1.40641 2.83208
4.68239 1.40641 2.83208
4.68239 1.40641 2.83208
4.68239 1.40621 2.8317
4.68317 1.41146 2.83584
4.68295 1.40569 2.83325
4.68295 1.40569 2.83325
4.68295 1.40569 2.83325
4.03212 1.87363 2.45776
4.03212 1.87363 2.45776
4.03212 1.87363 2.45776
4.03188 1.87301 2.45628
4.03188 1.87301 2.45628
4.03188 1.87301 2.45628
4.03188 1.87301 2.45628
4.03188 1.87301 2.45628
4.03113 1.87046 2.4578
4.03141 1.87409 2.45682
4.03141 1.87409 2.45682
4.03113 1.87046 2.4578
4.94287 2.72074 5.10519
4.94161 2.72 5.1063
4.94161 2.72 5.1063
4.94153 2.71994 5.10664
4.94153 2.71994 5.10664
4.94153 2.71994 5.10664
4.94153 2.71994 5.10664
4.94153 2.71994 5.10664
4.94011 2.72088 5.10538
4.94823 2.72089 5.11362
4.94823 2.72089 5.11362
4.94201 2.72002 5.1066
4.94201 2.72002 5.1066
4.94201 2.72002 5.1066
4.94201 2.72002 5.1066
4.9404 2.72135 5.10496
4.9404 2.72135 5.10496
4.9404 2.72135 5.10496
1.81678 0.83193 2.18025
1.81678 0.83193 2.18025
1.81699 0.83135 2.18185
1.81818 0.8324 2.18058
1.81852 0.83235 2.18002
1.81699 0.83135 2.18185
1.81826 0.83268 2.18047
1.81826 0.83268 2.18047
1.81826 0.83268 2.18047
1.81826 0.83268 2.18047
1.81883 0.83168 2.18012
1.81883 0.83168 2.18012
1.81613 0.83087 2.18031
4.85085 2.06346 0.41282
4.85095 2.05996 0.41227
4.84815 2.06472 0.40552
4.84777 2.06305 0.40661
4.84777 2.06305 0.40661
4.85001 2.06223 0.41075
4.85001 2.06223 0.41075
4.85001 2.06223 0.41075
4.8499 2.06204 0.40915
4.8499 2.06204 0.40915
4.85135 2.06258 0.41013
4.85135 2.06258 0.41013
4.85016 2.06264 0.4092
4.85016 2.06264 0.4092
4.84919 2.0635 0.40791
4.84919 2.0635 0.40791
4.84834 2.06121 0.40797
4.8489 2.06133 0.40977
4.8489 2.06133 0.40977
4.84939 2.06742 0.41227
4.84939 2.06742 0.41227
4.84939 2.06742 0.41227
4.84965 2.06227 0.40917
0 0 0
1.8248 2.37269 4.31953
1.8248 2.37269 4.31953
1.826 2.37599 4.32059
1.826 2.37599 4.32059
1.82591 2.37289 4.3173
1.82591 2.37289 4.3173
1.82591 2.37289 4.3173
1.82519 2.37162 4.31952
1.82519 2.37162 4.31952
1.82525 2.37214 4.31971
1.82525 2.37214 4.31971
1.82525 2.37214 4.31971
1.82699 2.3727 4.31805
1.82699 2.3727 4.31805
1.82699 2.3727 4.31805
1.82699 2.3727 4.31805
1.82699 2.3727 4.31805
1.8264 2.37354 4.31704
3.21169 2.36308 2.28226
3.21169 2.36308 2.28226
3.21627 2.36365 2.28769
3.21627 2.36365 2.28769
3.21627 2.36365 2.28769
3.21741 2.36449 2.28775
3.21627 2.36365 2.28769
3.2167 2.36612 2.287
1.96437 2.24098 3.74735
1.96502 2.24309 3.74465
1.96502 2.24309 3.74465
1.96502 2.24309 3.74465
1.96502 2.24309 3.74465
1.96502 2.24309 3.74465
1.96487 2.24294 3.74519
1.96411 2.24096 3.74364
1.96282 2.24184 3.74418
0.84606 1.80589 5.01247
0.84606 1.80589 5.01247
0.84603 1.80592 5.01238
0.84603 1.80592 5.01238
0.84603 1.80592 5.01238
0.84603 1.80592 5.01238
0.84603 1.80592 5.01238
0.84593 1.80567 5.01292
0.8454 1.8059 5.01253
0.8454 1.8059 5.01253
0.8454 1.8059 5.01253
0.8454 1.8059 5.01253
0.8454 1.8059 5.01253
0.84627 1.80917 5.01579
0.84389 1.81017 5.00987
0.84462 1.80393 5.01499
4.68197 1.4046 2.83322
4.68239 1.40621 2.8317
4.68239 1.40621 2.8317
4.68239 1.40621 2.8317
4.68239 1.40621 2.8317
4.68239 1.40621 2.8317
4.68167 1.40879 2.83459
4.68295 1.40569 2.83325
4.68295 1.40569 2.83325
4.68295 1.40569 2.83325
4.03499 1.87253 2.46106
4.03499 1.87253 2.46106
4.03117 1.87349 2.45479
4.03188 1.87301 2.45628
4.03188 1.87301 2.45628
4.03188 1.87301 2.45628
4.03188 1.87301 2.45628
4.03188 1.87301 2.45628
4.03093 1.87371 2.45531
4.03141 1.87409 2.45682
4.02903 1.87363 2.45565
4.02903 1.87363 2.45565
4.94787 2.72116 5.10987
4.94564 2.72063 5.10879
4.94564 2.72063 5.10879
4.94201 2.72 5.10663
4.94011 2.72088 5.10538
4.94011 2.72088 5.10538
4.94011 2.72088 5.10538
4.94011 2.72088 5.10538
4.94049 2.71967 5.10519
4.94049 2.71967 5.10519
4.94201 2.72002 5.1066
4.94201 2.72002 5.1066
4.94201 2.72002 5.1066
4.94201 2.72002 5.1066
4.94201 2.72002 5.1066
4.9404 2.72135 5.10496
4.9404 2.72135 5.10496
4.9404 2.72135 5.10496
1.81852 0.83235 2.18002
1.81852 0.83235 2.18002
1.81818 0.8324 2.18058
1.81818 0.8324 2.18058
1.81904 0.83206 2.18034
1.81826 0.83268 2.18047
1.81826 0.83268 2.18047
1.81793 0.8333 2.18056
1.81826 0.83268 2.18047
1.81826 0.83268 2.18047
1.81777 0.83193 2.18052
1.81777 0.83193 2.18052
1.81777 0.83193 2.18052
4.85085 2.06346 0.41282
4.85095 2.05996 0.41227
4.84706 2.05958 0.40756
4.84777 2.06305 0.40661
4.84777 2.06305 0.40661
4.85001 2.06223 0.41075
4.85001 2.06223 0.41075
4.85001 2.06223 0.41075
4.85135 2.06258 0.41013
4.85135 2.06258 0.41013
4.85135 2.06258 0.41013
4.84999 2.06211 0.40862
4.85016 2.06264 0.4092
4.85016 2.06264 0.4092
4.84919 2.0635 0.40791
4.84919 2.0635 0.40791
4.84834 2.06121 0.40797
4.8489 2.06133 0.40977
4.84899 2.06246 0.40874
4.84883 2.06335 0.40858
4.84943 2.06249 0.40884
4.84883 2.06335 0.40858
4.84977 2.06256 0.40896
4.84977 2.06256 0.40896
1.82482 2.37239 4.31728
1.82482 2.37239 4.31728
1.82663 2.37014 4.31641
1.82634 2.37263 4.3179
1.82634 2.37263 4.3179
1.82634 2.37263 4.3179
1.82634 2.37263 4.3179
1.82634 2.37263 4.3179
1.82871 2.37217 4.32359
1.82525 2.37214 4.31971
1.82525 2.37214 4.31971
1.82525 2.37214 4.31971
1.82725 2.3726 4.31813
1.82951 2.37128 4.31942
1.82792 2.37224 4.31914
1.82699 2.3727 4.31805
1.82699 2.3727 4.31805
1.8264 2.37354 4.31704
3.20798 2.36022 2.28111
3.21553 2.36645 2.28423
3.21553 2.36645 2.28423
3.21748 2.3652 2.28665
3.21748 2.3652 2.28665
3.21748 2.3652 2.28665
3.2167 2.36612 2.287
3.2167 2.36612 2.287
1.96437 2.24098 3.74735
1.96502 2.24309 3.74465
1.96487 2.24294 3.74519
1.96502 2.24309 3.74465
1.96502 2.24309 3.74465
1.96502 2.24309 3.74465
1.96487 2.24294 3.74519
1.96411 2.24096 3.74364
1.96411 2.24096 3.74364
0.84606 1.80589 5.01247
0.84606 1.80589 5.01247
0.84606 1.80589 5.01247
0.84603 1.80592 5.01238
0.84603 1.80592 5.01238
0.84603 1.80592 5.01238
0.84603 1.80592 5.01238
0.84314 1.80808 5.01137
0.8454 1.8059 5.01253
0.8454 1.8059 5.01253
0.84475 1.80699 5.01067
0.8454 1.8059 5.01253
0.84475 1.80699 5.01067
0.84475 1.80699 5.01067
0.84475 1.80699 5.01067
0.84389 1.81017 5.00987
4.68141 1.40464 2.83442
4.68239 1.40621 2.8317
4.68239 1.40621 2.8317
4.68239 1.40621 2.8317
4.68223 1.41142 2.83427
4.68268 1.40644 2.83292
4.68268 1.40644 2.83292
4.68268 1.40644 2.83292
4.68268 1.40644 2.83292
4.68268 1.40644 2.83292
4.03499 1.87253 2.46106
4.03499 1.87253 2.46106
4.03499 1.87253 2.46106
4.03188 1.87301 2.45628
4.03188 1.87301 2.45628
4.03188 1.87301 2.45628
4.03117 1.87349 2.45479
4.03188 1.87301 2.45628
4.03141 1.87409 2.45682
4.03132 1.87339 2.45576
4.03132 1.87339 2.45576
4.02903 1.87363 2.45565
4.94787 2.72116 5.10987
4.94161 2.72 5.1063
4.94161 2.72 5.1063
4.94069 2.72085 5.10593
4.94069 2.72085 5.10593
4.94011 2.72088 5.10538
4.94011 2.72088 5.10538
4.94011 2.72088 5.10538
4.94011 2.72088 5.10538
4.94049 2.71967 5.10519
4.94201 2.72002 5.1066
4.94201 2.72002 5.1066
4.94201 2.72002 5.1066
4.94201 2.72002 5.1066
4.94201 2.72002 5.1066
4.9404 2.72135 5.10496
4.94205 2.7199 5.10656
4.9404 2.72135 5.10496
1.81753 0.83116 2.18003
1.81813 0.8327 2.17971
1.81813 0.8327 2.17971
1.81793 0.8333 2.18056
1.81793 0.8333 2.18056
1.81826 0.83268 2.18047
1.81776 0.83379 2.18114
1.81793 0.8333 2.18056
1.81826 0.83268 2.18047
1.81777 0.83193 2.18052
1.81777 0.83193 2.18052
1.81777 0.83193 2.18052
1.81723 0.8313 2.18238
4.85095 2.05996 0.41227
4.85095 2.05996 0.41227
4.84706 2.05958 0.40756
4.85001 2.06223 0.41075
4.85001 2.06223 0.41075
4.85001 2.06223 0.41075
4.85001 2.06223 0.41075
4.85001 2.06223 0.41075
4.85135 2.06258 0.41013
4.85135 2.06258 0.41013
4.85135 2.06258 0.41013
4.84999 2.06211 0.40862
4.84999 2.06211 0.40862
4.85016 2.06264 0.4092
4.84999 2.06211 0.40862
4.84834 2.06121 0.40797
4.84834 2.06121 0.40797
4.84626 2.06318 0.40695
4.84899 2.06246 0.40874
4.84883 2.06335 0.40858
4.84883 2.06335 0.40858
4.84883 2.06335 0.40858
4.84977 2.06256 0.40896
4.84977 2.06256 0.40896
4.84977 2.06256 0.40896
1.82751 2.37314 4.31854
1.82751 2.37314 4.31854
1.82634 2.37263 4.3179
1.82634 2.37263 4.3179
1.82414 2.36848 4.31758
1.82634 2.37263 4.3179
1.82634 2.37263 4.3179
1.82741 2.37255 4.31862
1.82741 2.37255 4.31862
1.82741 2.37255 4.31862
1.82725 2.3726 4.31813
1.82725 2.3726 4.31813
1.8296 2.37275 4.31998
1.82792 2.37224 4.31914
1.82792 2.37224 4.31914
1.82792 2.37224 4.31914
1.82792 2.37224 4.31914
3.21553 2.36645 2.28423
3.21553 2.36645 2.28423
3.21553 2.36645 2.28423
3.2167 2.36612 2.287
3.2167 2.36612 2.287
3.21748 2.3652 2.28665
3.2167 2.36612 2.287
3.2167 2.36612 2.287
1.96437 2.24098 3.74735
1.96502 2.24309 3.74465
1.96502 2.24309 3.74465
1.96521 2.24302 3.74468
1.96521 2.24302 3.74468
1.96502 2.24309 3.74465
1.96564 2.24333 3.74481
1.96564 2.24333 3.74481
1.96564 2.24333 3.74481
0.84947 1.80301 5.02062
0.84514 1.80472 5.01184
0.84603 1.80592 5.01238
0.84603 1.80592 5.01238
0.84603 1.80592 5.01238
0.84603 1.80592 5.01238
0.84603 1.80592 5.01238
0.84612 1.80408 5.01304
0.8454 1.8059 5.01253
0.84612 1.80408 5.01304
0.8454 1.8059 5.01253
0.8454 1.8059 5.01253
0.84475 1.80699 5.01067
0.84475 1.80699 5.01067
0.84475 1.80699 5.01067
0.84318 1.80073 5.00982
4.6817 1.40665 2.83136
4.6817 1.40665 2.83136
4.6817 1.40665 2.83136
4.68419 1.40411 2.82988
4.68223 1.41142 2.83427
4.68268 1.40644 2.83292
4.68268 1.40644 2.83292
4.68268 1.40644 2.83292
4.68268 1.40644 2.83292
4.6835 1.4045 2.83045
4.03499 1.87253 2.46106
4.03499 1.87253 2.46106
4.03499 1.87253 2.46106
4.03188 1.87301 2.45628
4.03188 1.87301 2.45628
4.03188 1.87301 2.45628
4.03188 1.87301 2.45628
4.03188 1.87301 2.45628
4.03136 1.87285 2.45387
4.03132 1.87339 2.45576
4.03132 1.87339 2.45576
4.02903 1.87363 2.45565
4.94787 2.72116 5.10987
4.94564 2.72063 5.10879
4.94069 2.72085 5.10593
4.94132 2.72107 5.10613
4.94011 2.72088 5.10538
4.94011 2.72088 5.10538
4.93841 2.71961 5.10315
4.94011 2.72088 5.10538
4.93841 2.71961 5.10315
4.94077 2.71987 5.10449
4.94077 2.71987 5.10449
4.94077 2.71987 5.10449
4.94605 2.71972 5.11143
4.94605 2.71972 5.11143
4.94189 2.72213 5.10663
4.93452 2.7176 5.09892
4.94605 2.71972 5.11143
4.9358 2.71488 5.10322
1.81753 0.83116 2.18003
1.81753 0.83116 2.18003
1.81753 0.83116 2.18003
1.81776 0.83379 2.18114
1.81776 0.83379 2.18114
1.81776 0.83379 2.18114
1.81776 0.83379 2.18114
1.81922 0.83509 2.17765
1.81922 0.83509 2.17765
1.81826 0.83268 2.18047
1.81777 0.83193 2.18052
1.81777 0.83193 2.18052
1.81828 0.83212 2.18108
4.85095 2.05996 0.41227
4.85095 2.05996 0.41227
4.85095 2.05996 0.41227
4.85001 2.06223 0.41075
4.85001 2.06223 0.41075
4.85001 2.06223 0.41075
4.85001 2.06223 0.41075
4.85001 2.06223 0.41075
4.85135 2.06258 0.41013
4.85135 2.06258 0.41013
4.85135 2.06258 0.41013
4.84999 2.06211 0.40862
4.85016 2.06264 0.4092
4.85016 2.06264 0.4092
4.84999 2.06211 0.40862
4.84941 2.06171 0.40789
4.84941 2.06171 0.40789
4.84919 2.0635 0.40791
4.84899 2.06246 0.40874
4.84899 2.06246 0.40874
4.84943 2.06249 0.40884
4.84943 2.06249 0.40884
4.84977 2.06256 0.40896
4.84977 2.06256 0.40896
4.84977 2.06256 0.40896
1.82751 2.37314 4.31854
1.82751 2.37314 4.31854
1.82634 2.37263 4.3179
1.82634 2.37263 4.3179
1.82634 2.37263 4.3179
1.82741 2.37255 4.31862
1.82741 2.37255 4.31862
1.82741 2.37255 4.31862
1.82741 2.37255 4.31862
1.82725 2.3726 4.31813
1.82725 2.3726 4.31813
1.82725 2.3726 4.31813
1.82642 2.37193 4.31752
1.82792 2.37224 4.31914
1.82792 2.37224 4.31914
1.82792 2.37224 4.31914
1.82792 2.37224 4.31914
1.82792 2.37224 4.31914
3.21553 2.36645 2.28423
3.21553 2.36645 2.28423
3.21455 2.3656 2.28611
3.21455 2.3656 2.28611
3.21709 2.36546 2.28792
3.21536 2.36642 2.28953
3.21682 2.36663 2.2904
1.96394 2.24086 3.74742
1.96502 2.24309 3.74465
1.96502 2.24309 3.74465
1.96502 2.24309 3.74465
1.96521 2.24302 3.74468
1.96502 2.24309 3.74465
1.96564 2.24333 3.74481
1.96564 2.24333 3.74481
1.96564 2.24333 3.74481
0.84514 1.80472 5.01184
0.84514 1.80472 5.01184
0.84603 1.80592 5.01238
0.84603 1.80592 5.01238
0.84603 1.80592 5.01238
0.84603 1.80592 5.01238
0.84603 1.80592 5.01238
0.84661 1.80662 5.01179
0.8454 1.8059 5.01253
0.8454 1.8059 5.01253
0.8454 1.8059 5.01253
0.8454 1.8059 5.01253
0.8454 1.8059 5.01253
0.84475 1.80699 5.01067
0.84475 1.80699 5.01067
0.84508 1.80609 5.01006
4.68301 1.40678 2.83422
4.6817 1.40665 2.83136
4.6817 1.40665 2.83136
4.68333 1.40799 2.83339
4.68333 1.40799 2.83339
4.68268 1.40644 2.83292
4.68268 1.40644 2.83292
4.68268 1.40644 2.83292
4.68268 1.40644 2.83292
4.6835 1.4045 2.83045
4.03741 1.87185 2.45533
4.03411 1.87488 2.45605
4.03411 1.87488 2.45605
4.03066 1.87176 2.45549
4.03066 1.87176 2.45549
4.03066 1.87176 2.45549
4.03117 1.87349 2.45479
4.03169 1.87252 2.45624
4.03136 1.87285 2.45387
4.03136 1.87285 2.45387
4.03132 1.87339 2.45576
4.03132 1.87339 2.45576
4.94787 2.72116 5.10987
4.94069 2.72085 5.10593
4.94069 2.72085 5.10593
4.94132 2.72107 5.10613
4.94011 2.72088 5.10538
4.93841 2.71961 5.10315
4.93841 2.71961 5.10315
4.93841 2.71961 5.10315
4.94077 2.71987 5.10449
4.94077 2.71987 5.10449
4.94077 2.71987 5.10449
4.94077 2.71987 5.10449
4.94077 2.71987 5.10449
4.94605 2.71972 5.11143
4.94189 2.72213 5.10663
4.94189 2.72213 5.10663
4.94605 2.71972 5.11143
4.94268 2.71639 5.11209
1.81813 0.8327 2.17971
1.81813 0.8327 2.17971
1.81813 0.8327 2.17971
1.81905 0.83407 2.17982
1.81776 0.83379 2.18114
1.81905 0.83407 2.17982
1.81776 0.83379 2.18114
1.81983 0.83404 2.17914
1.81777 0.83193 2.18052
1.81827 0.83278 2.1805
1.81777 0.83193 2.18052
1.81777 0.83193 2.18052
1.81828 0.83212 2.18108
4.85085 2.06346 0.41282
4.84706 2.05958 0.40756
4.84706 2.05958 0.40756
4.84924 2.06231 0.41185
4.84924 2.06231 0.41185
4.84884 2.06278 0.40823
4.85393 2.06191 0.40987
4.85393 2.06191 0.40987
4.85135 2.06258 0.41013
4.85135 2.06258 0.41013
4.85135 2.06258 0.41013
4.84999 2.06211 0.40862
4.84999 2.06211 0.40862
4.84999 2.06211 0.40862
4.84844 2.06235 0.40677
4.84941 2.06171 0.40789
4.84941 2.06171 0.40789
4.84714 2.06138 0.40652
4.84899 2.06246 0.40874
4.85002 2.06253 0.40942
4.85002 2.06253 0.40942
4.84899 2.06246 0.40874
4.84977 2.06256 0.40896
4.84977 2.06256 0.40896
4.84977 2.06256 0.40896
1.82751 2.37314 4.31854
1.82751 2.37314 4.31854
1.82634 2.37263 4.3179
1.82634 2.37263 4.3179
1.82634 2.37263 4.3179
1.82741 2.37255 4.31862
1.82835 2.37174 4.32065
1.83017 2.37349 4.32151
1.82741 2.37255 4.31862
1.82725 2.3726 4.31813
1.82725 2.3726 4.31813
1.82642 2.37193 4.31752
1.82642 2.37193 4.31752
1.82642 2.37193 4.31752
1.82642 2.37193 4.31752
1.82642 2.37193 4.31752
1.82626 2.37208 4.31761
1.82626 2.37208 4.31761
3.21455 2.3656 2.28611
3.21455 2.3656 2.28611
3.21455 2.3656 2.28611
3.21455 2.3656 2.28611
3.21677 2.36495 2.28704
3.21677 2.36495 2.28704
3.21677 2.36495 2.28704
1.96394 2.24086 3.74742
1.96521 2.24302 3.74468
1.96358 2.24294 3.74358
1.96358 2.24294 3.74358
1.96521 2.24302 3.74468
1.96358 2.24294 3.74358
1.96564 2.24333 3.74481
1.96564 2.24333 3.74481
1.96564 2.24333 3.74481
0.84456 1.80313 5.00941
0.84501 1.80496 5.01109
0.84501 1.80496 5.01109
0.84501 1.80496 5.01109
0.84501 1.80496 5.01109
0.84661 1.80662 5.01179
0.84661 1.80662 5.01179
0.84559 1.80454 5.01132
0.84612 1.80408 5.01304
0.84612 1.80408 5.01304
0.84612 1.80408 5.01304
0.84578 1.8059 5.01125
0.84578 1.8059 5.01125
0.84508 1.80609 5.01006
0.84508 1.80609 5.01006
0.84508 1.80609 5.01006
4.6817 1.40665 2.83136
4.6817 1.40665 2.83136
4.6817 1.40665 2.83136
4.68062 1.40643 2.83095
4.68062 1.40643 2.83095
4.68062 1.40643 2.83095
4.68062 1.40643 2.83095
4.68062 1.40643 2.83095
4.68267 1.40374 2.82873
4.68267 1.40374 2.82873
4.03499 1.87253 2.46106
4.03499 1.87253 2.46106
4.03157 1.87244 2.45642
4.03273 1.87094 2.45632
4.03157 1.87244 2.45642
4.03157 1.87244 2.45642
4.03169 1.87252 2.45624
4.03207 1.87237 2.45623
4.03136 1.87285 2.45387
4.03132 1.87339 2.45576
4.03132 1.87339 2.45576
4.03132 1.87339 2.45576
4.94058 2.72197 5.10255
4.94069 2.72085 5.10593
4.94069 2.72085 5.10593
4.94132 2.72107 5.10613
4.94132 2.72107 5.10613
4.93841 2.71961 5.10315
4.93841 2.71961 5.10315
4.93841 2.71961 5.10315
4.94049 2.71967 5.10519
4.94049 2.71967 5.10519
4.9443 2.72019 5.10668
4.94077 2.71987 5.10449
4.94077 2.71987 5.10449
4.941 2.71994 5.10413
4.94097 2.7208 5.10433
4.94097 2.7208 5.10433
4.94097 2.7208 5.10433
4.94097 2.7208 5.10433
1.81912 0.83051 2.1819
1.82076 0.82986 2.17867
1.81753 0.83116 2.18003
1.81883 0.83361 2.17938
1.81776 0.83379 2.18114
1.81905 0.83407 2.17982
1.81776 0.83379 2.18114
1.81983 0.83404 2.17914
1.81777 0.83193 2.18052
1.81827 0.83278 2.1805
1.81819 0.83258 2.1808
1.81777 0.83193 2.18052
1.81827 0.83278 2.1805
4.84896 2.06277 0.40776
4.84896 2.06277 0.40776
4.84896 2.06277 0.40776
4.84896 2.06277 0.40776
4.84884 2.06278 0.40823
4.84884 2.06278 0.40823
4.85393 2.06191 0.40987
4.85393 2.06191 0.40987
4.84989 2.06175 0.4097
4.84989 2.06175 0.4097
4.84989 2.06175 0.4097
4.84999 2.06211 0.40862
4.84862 2.06235 0.40732
4.84999 2.06211 0.40862
4.84999 2.06211 0.40862
4.84999 2.06211 0.40862
4.84776 2.062 0.40755
4.84714 2.06138 0.40652
4.84899 2.06246 0.40874
4.84899 2.06246 0.40874
4.84899 2.06246 0.40874
4.84899 2.06246 0.40874
4.84899 2.06246 0.40874
4.84883 2.06335 0.40858
4.8493 2.06129 0.40689
1.82751 2.37314 4.31854
1.82751 2.37314 4.31854
1.82751 2.37314 4.31854
1.82634 2.37263 4.3179
1.82634 2.37263 4.3179
1.83017 2.37349 4.32151
1.83017 2.37349 4.32151
1.83017 2.37349 4.32151
1.82741 2.37255 4.31862
1.82725 2.3726 4.31813
1.82725 2.3726 4.31813
1.82531 2.37156 4.31447
1.82531 2.37156 4.31447
1.8251 2.37391 4.31344
1.82626 2.37208 4.31761
1.82626 2.37208 4.31761
1.82626 2.37208 4.31761
1.82626 2.37208 4.31761
3.21709 2.36546 2.28792
3.21709 2.36546 2.28792
3.21677 2.36495 2.28704
3.21769 2.36554 2.28673
3.21677 2.36495 2.28704
3.21677 2.36495 2.28704
3.21769 2.36554 2.28673
1.96559 2.24205 3.74457
1.96521 2.24302 3.74468
1.96521 2.24302 3.74468
1.96521 2.24302 3.74468
1.96521 2.24302 3.74468
1.96519 2.24314 3.74472
1.96519 2.24314 3.74472
1.96519 2.24314 3.74472
1.96768 2.24367 3.74232
0.84514 1.80472 5.01184
0.84501 1.80496 5.01109
0.84514 1.80472 5.01184
0.84501 1.80496 5.01109
0.84514 1.80472 5.01184
0.84556 1.80567 5.01212
0.84556 1.80567 5.01212
0.84559 1.80454 5.01132
0.84542 1.80574 5.01153
0.84612 1.80408 5.01304
0.84612 1.80408 5.01304
0.84542 1.80574 5.01153
0.84542 1.80574 5.01153
0.84475 1.80699 5.01067
0.84475 1.80699 5.01067
0.84508 1.80609 5.01006
4.68419 1.40411 2.82988
4.68419 1.40411 2.82988
4.68419 1.40411 2.82988
4.68083 1.40504 2.83071
4.68225 1.40665 2.83294
4.68062 1.40643 2.83095
4.68062 1.40643 2.83095
4.68083 1.40504 2.83071
4.6835 1.4045 2.83045
4.68267 1.40374 2.82873
4.03741 1.87185 2.45533
4.03151 1.87347 2.457
4.03157 1.87244 2.45642
4.03273 1.87094 2.45632
4.03157 1.87244 2.45642
4.03157 1.87244 2.45642
4.03169 1.87252 2.45624
4.03273 1.87094 2.45632
4.03262 1.87146 2.45461
4.03207 1.87237 2.45623
4.03207 1.87237 2.45623
4.03262 1.87146 2.45461
4.94109 2.72014 5.1059
4.94069 2.72085 5.10593
4.94069 2.72085 5.10593
4.94069 2.72085 5.10593
4.94069 2.72085 5.10593
4.93841 2.71961 5.10315
4.93841 2.71961 5.10315
4.93841 2.71961 5.10315
4.94077 2.71987 5.10449
4.94077 2.71987 5.10449
4.94077 2.71987 5.10449
4.94077 2.71987 5.10449
4.94077 2.71987 5.10449
4.941 2.71994 5.10413
4.9429 2.72076 5.10623
4.94201 2.72034 5.10665
4.94201 2.72034 5.10665
4.94201 2.72034 5.10665
1.82076 0.82986 2.17867
1.81753 0.83116 2.18003
1.81753 0.83116 2.18003
1.81883 0.83361 2.17938
1.81592 0.83299 2.18055
1.81592 0.83299 2.18055
1.81592 0.83299 2.18055
1.81819 0.83258 2.1808
1.81819 0.83258 2.1808
1.81827 0.83278 2.1805
1.81827 0.83278 2.1805
1.81827 0.83278 2.1805
1.81827 0.83278 2.1805
4.84896 2.06277 0.40776
4.84896 2.06277 0.40776
4.84896 2.06277 0.40776
4.84896 2.06277 0.40776
4.84884 2.06278 0.40823
4.85148 2.06444 0.41136
4.85393 2.06191 0.40987
4.85393 2.06191 0.40987
4.85004 2.06219 0.40896
4.85004 2.06219 0.40896
4.85004 2.06219 0.40896
4.84973 2.06231 0.4079
4.84973 2.06231 0.4079
4.85131 2.06178 0.40709
4.84973 2.06231 0.4079
4.84923 2.0626 0.40957
4.85108 2.06185 0.40927
4.85108 2.06185 0.40927
4.85108 2.06185 0.40927
4.85108 2.06185 0.40927
4.85002 2.06253 0.40942
4.85002 2.06253 0.40942
4.85002 2.06253 0.40942
4.84869 2.06178 0.40862
4.84869 2.06178 0.40862
4.84703 2.06084 0.40831
1.82751 2.37314 4.31854
1.82751 2.37314 4.31854
1.82822 2.37358 4.31854
1.82707 2.37292 4.31956
1.83017 2.37349 4.32151
1.83017 2.37349 4.32151
1.83017 2.37349 4.32151
1.83017 2.37349 4.32151
1.82741 2.37255 4.31862
1.82783 2.37213 4.31875
1.82531 2.37156 4.31447
1.82531 2.37156 4.31447
1.82329 2.37043 4.31512
1.82626 2.37208 4.31761
1.82626 2.37208 4.31761
1.82626 2.37208 4.31761
1.82626 2.37208 4.31761
3.21709 2.36546 2.28792
3.21709 2.36546 2.28792
3.21709 2.36546 2.28792
3.21709 2.36546 2.28792
3.21677 2.36495 2.28704
3.21677 2.36495 2.28704
3.21769 2.36554 2.28673
1.96559 2.24205 3.74457
1.96521 2.24302 3.74468
1.96412 2.24378 3.74522
1.96394 2.24086 3.74742
1.96521 2.24302 3.74468
1.96412 2.24378 3.74522
1.96519 2.24314 3.74472
1.96519 2.24314 3.74472
1.96482 2.24191 3.74577
0.84456 1.80313 5.00941
0.84501 1.80496 5.01109
0.84501 1.80496 5.01109
0.84501 1.80496 5.01109
0.84501 1.80496 5.01109
0.84556 1.80567 5.01212
0.84556 1.80567 5.01212
0.84559 1.80454 5.01132
0.84542 1.80574 5.01153
0.84801 1.8062 5.01255
0.84612 1.80408 5.01304
0.84542 1.80574 5.01153
0.84542 1.80574 5.01153
0.84578 1.8059 5.01125
0.84508 1.80609 5.01006
0.84508 1.80609 5.01006
4.68321 1.4062 2.83264
4.68321 1.4062 2.83264
4.68321 1.4062 2.83264
4.68083 1.40504 2.83071
4.68225 1.40665 2.83294
4.68225 1.40665 2.83294
4.68225 1.40665 2.83294
4.68083 1.40504 2.83071
4.68225 1.40665 2.83294
4.68267 1.40374 2.82873
4.03041 1.8718 2.45787
4.03151 1.87347 2.457
4.03157 1.87244 2.45642
4.03157 1.87244 2.45642
4.03157 1.87244 2.45642
4.03073 1.8715 2.45617
4.03239 1.87133 2.45667
4.03273 1.87094 2.45632
4.03262 1.87146 2.45461
4.03262 1.87146 2.45461
4.03207 1.87237 2.45623
4.03262 1.87146 2.45461
0 0 0
4.94109 2.72014 5.1059
4.94109 2.72014 5.1059
4.94109 2.72014 5.1059
4.94132 2.72107 5.10613
4.93841 2.71961 5.10315
4.93841 2.71961 5.10315
4.93841 2.71961 5.10315
4.94077 2.71987 5.10449
4.94077 2.71987 5.10449
4.94077 2.71987 5.10449
4.94077 2.71987 5.10449
4.9443 2.72019 5.10668
4.9429 2.72076 5.10623
4.9429 2.72076 5.10623
4.94201 2.72034 5.10665
4.94201 2.72034 5.10665
4.94201 2.72034 5.10665
1.81883 0.83361 2.17938
1.81883 0.83361 2.17938
1.82076 0.82986 2.17867
1.81853 0.83332 2.17988
1.81853 0.83332 2.17988
1.81853 0.83332 2.17988
1.81853 0.83332 2.17988
1.81853 0.83332 2.17988
1.81901 0.83468 2.17745
1.81827 0.83278 2.1805
1.81827 0.83278 2.1805
1.81876 0.8329 2.17946
1.81827 0.83278 2.1805
4.84896 2.06277 0.40776
4.84896 2.06277 0.40776
4.84896 2.06277 0.40776
4.84896 2.06277 0.40776
4.84884 2.06278 0.40823
4.84884 2.06278 0.40823
4.85393 2.06191 0.40987
4.84989 2.06175 0.4097
4.84989 2.06175 0.4097
4.85004 2.06219 0.40896
4.84989 2.06175 0.4097
4.85004 2.06219 0.40896
4.85004 2.06219 0.40896
4.84973 2.06231 0.4079
4.84923 2.0626 0.40957
4.84923 2.0626 0.40957
4.84923 2.0626 0.40957
4.84776 2.062 0.40755
4.84776 2.062 0.40755
4.85002 2.06253 0.40942
4.85073 2.06445 0.40846
4.84869 2.06178 0.40862
4.85002 2.06253 0.40942
4.84869 2.06178 0.40862
4.84869 2.06178 0.40862
4.84703 2.06084 0.40831
0 0 0
1.82707 2.37292 4.31956
1.82707 2.37292 4.31956
1.82743 2.37162 4.31874
1.83017 2.37349 4.32151
1.83017 2.37349 4.32151
1.83017 2.37349 4.32151
1.83017 2.37349 4.32151
1.82783 2.37213 4.31875
1.82396 2.3746 4.31777
1.82531 2.37156 4.31447
1.82531 2.37156 4.31447
1.82396 2.3746 4.31777
1.82396 2.3746 4.31777
1.8251 2.37391 4.31344
1.82501 2.37561 4.31252
1.82626 2.37208 4.31761
3.21769 2.36517 2.28643
3.21769 2.36517 2.28643
3.21677 2.36495 2.28704
3.21769 2.36554 2.28673
3.21677 2.36495 2.28704
3.21677 2.36495 2.28704
3.21677 2.36495 2.28704
1.96394 2.24086 3.74742
1.96394 2.24086 3.74742
1.96394 2.24086 3.74742
1.96394 2.24086 3.74742
1.96482 2.24191 3.74577
1.96482 2.24191 3.74577
1.96527 2.24301 3.74481
1.96519 2.24314 3.74472
1.96527 2.24301 3.74481
0.84536 1.80481 5.0095
0.84536 1.80481 5.0095
0.84536 1.80481 5.0095
0.84501 1.80496 5.01109
0.84556 1.80567 5.01212
0.84556 1.80567 5.01212
0.84556 1.80567 5.01212
0.84622 1.80773 5.01095
0.84801 1.8062 5.01255
0.84801 1.8062 5.01255
0.84801 1.8062 5.01255
0.84801 1.8062 5.01255
0.84801 1.8062 5.01255
0.84578 1.8059 5.01125
0.84578 1.8059 5.01125
0.84508 1.80609 5.01006
0 0 0
4.68321 1.4062 2.83264
4.68321 1.4062 2.83264
4.68244 1.4064 2.83194
4.68225 1.40665 2.83294
4.68225 1.40665 2.83294
4.68244 1.4064 2.83194
4.68062 1.40643 2.83095
4.68229 1.40633 2.83209
4.68229 1.40633 2.83209
4.03041 1.8718 2.45787
4.03151 1.87347 2.457
4.03157 1.87244 2.45642
4.03157 1.87244 2.45642
4.03157 1.87244 2.45642
4.03157 1.87244 2.45642
4.03157 1.87244 2.45642
4.03239 1.87133 2.45667
4.03239 1.87133 2.45667
4.03207 1.87237 2.45623
4.03207 1.87237 2.45623
4.03262 1.87146 2.45461
0 0 0
4.94109 2.72014 5.1059
4.94109 2.72014 5.1059
4.94109 2.72014 5.1059
4.94058 2.72197 5.10255
4.9386 2.72055 5.10189
4.9386 2.72055 5.10189
4.9386 2.72055 5.10189
4.93858 2.72068 5.10328
4.94284 2.72015 5.10796
4.94284 2.72015 5.10796
4.94284 2.72015 5.10796
4.9429 2.72076 5.10623
4.9429 2.72076 5.10623
4.9429 2.72076 5.10623
4.94201 2.72034 5.10665
4.94201 2.72034 5.10665
4.94201 2.72034 5.10665
1.818 0.83264 2.1807
1.818 0.83264 2.1807
1.818 0.83264 2.1807
1.81853 0.83332 2.17988
1.81853 0.83332 2.17988
1.81853 0.83332 2.17988
1.81853 0.83332 2.17988
1.81853 0.83332 2.17988
1.81819 0.83258 2.1808
1.81819 0.83258 2.1808
1.81819 0.83258 2.1808
1.81876 0.8329 2.17946
1.81876 0.8329 2.17946
4.84896 2.06277 0.40776
4.84896 2.06277 0.40776
4.84896 2.06277 0.40776
4.84896 2.06277 0.40776
4.84918 2.06108 0.40877
4.84918 2.06108 0.40877
4.84918 2.06108 0.40877
4.84989 2.06175 0.4097
4.84989 2.06175 0.4097
4.85004 2.06219 0.40896
4.84989 2.06175 0.4097
4.85004 2.06219 0.40896
4.85026 2.06271 0.40939
4.84923 2.0626 0.40957
4.84923 2.0626 0.40957
4.84776 2.062 0.40755
4.84923 2.0626 0.40957
4.84776 2.062 0.40755
4.84776 2.062 0.40755
4.84776 2.062 0.40755
4.84869 2.06178 0.40862
4.84869 2.06178 0.40862
4.84869 2.06178 0.40862
4.84869 2.06178 0.40862
4.84869 2.06178 0.40862
4.84753 2.06032 0.40902
1.82707 2.37292 4.31956
1.82707 2.37292 4.31956
1.82707 2.37292 4.31956
1.82743 2.37162 4.31874
1.82944 2.3705 4.32125
1.82783 2.37213 4.31875
1.82783 2.37213 4.31875
1.82783 2.37213 4.31875
1.82783 2.37213 4.31875
1.82582 2.37293 4.3166
1.82582 2.37293 4.3166
1.82582 2.37293 4.3166
1.82396 2.3746 4.31777
1.82396 2.3746 4.31777
1.82647 2.37218 4.31773
1.82647 2.37218 4.31773
1.82647 2.37218 4.31773
3.2183 2.36591 2.28605
3.21769 2.36517 2.28643
3.21769 2.36517 2.28643
3.21769 2.36554 2.28673
3.21677 2.36495 2.28704
3.21677 2.36495 2.28704
3.21677 2.36495 2.28704
1.96484 2.23976 3.74642
1.96412 2.24378 3.74522
1.96412 2.24378 3.74522
1.96073 2.24246 3.74487
1.96482 2.24191 3.74577
1.96412 2.24378 3.74522
1.96519 2.24314 3.74472
1.96519 2.24314 3.74472
1.96897 2.24563 3.74484
0.84536 1.80481 5.0095
0.84692 1.80499 5.01026
0.84692 1.80499 5.01026
0.84556 1.80567 5.01212
0.84556 1.80567 5.01212
0.84622 1.80773 5.01095
0.84556 1.80567 5.01212
0.84633 1.80535 5.01176
0.84633 1.80535 5.01176
0.84633 1.80535 5.01176
0.846 1.80485 5.01133
0.84542 1.80574 5.01153
0.84542 1.80574 5.01153
0.846 1.80485 5.01133
0.84137 1.80398 5.00982
0.84427 1.80665 5.01419
4.68215 1.40692 2.83157
4.68215 1.40692 2.83157
4.68321 1.4062 2.83264
4.68244 1.4064 2.83194
4.68244 1.4064 2.83194
4.68225 1.40665 2.83294
4.68244 1.4064 2.83194
4.68083 1.40504 2.83071
4.68229 1.40633 2.83209
4.68229 1.40633 2.83209
4.03041 1.8718 2.45787
4.03041 1.8718 2.45787
4.03157 1.87244 2.45642
4.03157 1.87244 2.45642
4.03157 1.87244 2.45642
4.03157 1.87244 2.45642
4.03157 1.87244 2.45642
4.03239 1.87133 2.45667
4.03239 1.87133 2.45667
4.03207 1.87237 2.45623
4.03207 1.87237 2.45623
4.03142 1.87007 2.45446
4.94109 2.72014 5.1059
4.94265 2.72029 5.10707
4.94265 2.72029 5.10707
4.94265 2.72029 5.10707
4.94265 2.72029 5.10707
4.94265 2.72029 5.10707
4.94298 2.72015 5.10636
4.94298 2.72015 5.10636
4.94468 2.72024 5.11007
4.94284 2.72015 5.10796
4.94284 2.72015 5.10796
4.94284 2.72015 5.10796
4.94284 2.72015 5.10796
4.9429 2.72076 5.10623
4.9429 2.72076 5.10623
4.94201 2.72034 5.10665
4.94201 2.72034 5.10665
4.94201 2.72034 5.10665
1.818 0.83264 2.1807
1.818 0.83264 2.1807
1.818 0.83264 2.1807
1.818 0.83264 2.1807
1.818 0.83264 2.1807
1.81592 0.83299 2.18055
1.81592 0.83299 2.18055
1.81853 0.83332 2.17988
1.81819 0.83258 2.1808
1.81819 0.83258 2.1808
1.81876 0.8329 2.17946
1.81876 0.8329 2.17946
1.81876 0.8329 2.17946
4.84896 2.06277 0.40776
4.84896 2.06277 0.40776
4.84896 2.06277 0.40776
4.84918 2.06108 0.40877
4.84918 2.06108 0.40877
4.84918 2.06108 0.40877
4.84918 2.06108 0.40877
4.84918 2.06108 0.40877
4.84989 2.06175 0.4097
4.85004 2.06219 0.40896
4.84989 2.06175 0.4097
4.85004 2.06219 0.40896
4.84923 2.0626 0.40957
4.84923 2.0626 0.40957
4.84923 2.0626 0.40957
4.84714 2.06228 0.40847
4.84923 2.0626 0.40957
4.84776 2.062 0.40755
4.84743 2.06173 0.4071
4.84776 2.062 0.40755
4.85208 2.06269 0.41191
4.8537 2.06309 0.41036
4.85208 2.06269 0.41191
4.85208 2.06269 0.41191
4.84753 2.06032 0.40902
4.84753 2.06032 0.40902
1.82707 2.37292 4.31956
1.82707 2.37292 4.31956
1.82743 2.37162 4.31874
1.82743 2.37162 4.31874
1.82799 2.36831 4.32153
1.82783 2.37213 4.31875
1.82783 2.37213 4.31875
1.82783 2.37213 4.31875
1.82783 2.37213 4.31875
1.82783 2.37213 4.31875
1.82582 2.37293 4.3166
1.82582 2.37293 4.3166
1.82396 2.3746 4.31777
1.82396 2.3746 4.31777
1.82647 2.37218 4.31773
1.82356 2.37726 4.31782
1.82647 2.37218 4.31773
3.2183 2.36591 2.28605
3.2183 2.36591 2.28605
3.2183 2.36591 2.28605
3.21769 2.36554 2.28673
3.21896 2.36594 2.28992
3.21896 2.36594 2.28992
3.22161 2.36375 2.29114
1.96484 2.23976 3.74642
1.96484 2.23976 3.74642
1.96484 2.23976 3.74642
1.96628 2.24214 3.74838
1.96482 2.24191 3.74577
1.96412 2.24378 3.74522
1.96519 2.24314 3.74472
1.96519 2.24314 3.74472
1.96527 2.24301 3.74481
0.84692 1.80499 5.01026
0.84692 1.80499 5.01026
0.84692 1.80499 5.01026
0.84622 1.80773 5.01095
0.84622 1.80773 5.01095
0.84622 1.80773 5.01095
0.84622 1.80773 5.01095
0.84633 1.80535 5.01176
0.84633 1.80535 5.01176
0.84633 1.80535 5.01176
0.84633 1.80535 5.01176
0.84633 1.80535 5.01176
0.84542 1.80574 5.01153
0.846 1.80485 5.01133
0.84427 1.80665 5.01419
0.84427 1.80665 5.01419
4.68215 1.40692 2.83157
4.68215 1.40692 2.83157
4.68321 1.4062 2.83264
4.68244 1.4064 2.83194
4.68225 1.40665 2.83294
4.68225 1.40665 2.83294
4.68244 1.4064 2.83194
4.68229 1.40633 2.83209
4.68229 1.40633 2.83209
4.68229 1.40633 2.83209
4.03041 1.8718 2.45787
4.03151 1.87347 2.457
4.03151 1.87347 2.457
4.03151 1.87347 2.457
4.03151 1.87347 2.457
4.03151 1.87347 2.457
4.03239 1.87133 2.45667
4.03239 1.87133 2.45667
4.03239 1.87133 2.45667
4.03239 1.87133 2.45667
4.03196 1.87268 2.45327
4.03142 1.87007 2.45446
0 0 0
4.94265 2.72029 5.10707
4.94265 2.72029 5.10707
4.94265 2.72029 5.10707
4.94265 2.72029 5.10707
4.94265 2.72029 5.10707
4.94298 2.72015 5.10636
4.94298 2.72015 5.10636
4.94298 2.72015 5.10636
4.94284 2.72015 5.10796
4.94284 2.72015 5.10796
4.94284 2.72015 5.10796
4.94284 2.72015 5.10796
4.94265 2.71841 5.10622
4.94265 2.71841 5.10622
4.94265 2.71841 5.10622
4.94201 2.72034 5.10665
4.94201 2.72034 5.10665
1.818 0.83264 2.1807
1.818 0.83264 2.1807
1.818 0.83264 2.1807
1.818 0.83264 2.1807
1.818 0.83264 2.1807
1.81592 0.83299 2.18055
1.81592 0.83299 2.18055
1.81853 0.83332 2.17988
1.81415 0.83158 2.18482
1.81876 0.8329 2.17946
1.81876 0.8329 2.17946
1.81876 0.8329 2.17946
1.81876 0.8329 2.17946
4.85497 2.05619 0.40652
4.85497 2.05619 0.40652
4.85255 2.06156 0.40775
4.84918 2.06108 0.40877
4.84918 2.06108 0.40877
4.8482 2.0623 0.4079
4.84918 2.06108 0.40877
4.84965 2.05962 0.41161
4.84965 2.05962 0.41161
4.85004 2.06219 0.40896
4.85004 2.06219 0.40896
4.85004 2.06219 0.40896
4.85004 2.06219 0.40896
4.85026 2.06271 0.40939
4.84923 2.0626 0.40957
4.84923 2.0626 0.40957
4.84923 2.0626 0.40957
4.84714 2.06228 0.40847
4.84743 2.06173 0.4071
4.84714 2.06228 0.40847
4.85208 2.06269 0.41191
4.85208 2.06269 0.41191
4.85208 2.06269 0.41191
4.85208 2.06269 0.41191
4.85208 2.06269 0.41191
0 0 0
1.83151 2.37456 4.32295
1.82743 2.37162 4.31874
1.82743 2.37162 4.31874
1.82743 2.37162 4.31874
1.82799 2.36831 4.32153
1.82783 2.37213 4.31875
1.82783 2.37213 4.31875
1.82783 2.37213 4.31875
1.82783 2.37213 4.31875
1.82783 2.37213 4.31875
1.82734 2.37228 4.31934
1.82582 2.37293 4.3166
1.82647 2.37218 4.31773
1.82396 2.3746 4.31777
1.82647 2.37218 4.31773
1.82501 2.37561 4.31252
1.82647 2.37218 4.31773
0 0 0
3.2183 2.36591 2.28605
3.2183 2.36591 2.28605
3.2177 2.3637 2.2883
3.21896 2.36594 2.28992
3.21896 2.36594 2.28992
3.21896 2.36594 2.28992
1.96484 2.23976 3.74642
1.96484 2.23976 3.74642
1.96484 2.23976 3.74642
1.96412 2.24378 3.74522
1.96412 2.24378 3.74522
1.96412 2.24378 3.74522
1.96527 2.24301 3.74481
1.96685 2.24616 3.74366
1.96685 2.24616 3.74366
0.84536 1.80481 5.0095
0.8511 1.80812 5.01122
0.8511 1.80812 5.01122
0.84622 1.80773 5.01095
0.84622 1.80773 5.01095
0.84622 1.80773 5.01095
0.84622 1.80773 5.01095
0.84633 1.80535 5.01176
0.84633 1.80535 5.01176
0.84633 1.80535 5.01176
0.846 1.80485 5.01133
0.84633 1.80535 5.01176
0.846 1.80485 5.01133
0.846 1.80485 5.01133
0.84137 1.80398 5.00982
0 0 0
4.68215 1.40692 2.83157
4.68321 1.4062 2.83264
4.68321 1.4062 2.83264
4.68244 1.4064 2.83194
4.68244 1.4064 2.83194
4.68165 1.40621 2.83417
4.68244 1.4064 2.83194
4.68229 1.40633 2.83209
4.68165 1.40621 2.83417
4.68229 1.40633 2.83209
4.03041 1.8718 2.45787
4.03041 1.8718 2.45787
4.03041 1.8718 2.45787
4.02809 1.87264 2.45773
4.03264 1.87369 2.45843
4.03264 1.87369 2.45843
4.03239 1.87133 2.45667
4.03239 1.87133 2.45667
4.03239 1.87133 2.45667
4.03239 1.87133 2.45667
4.03196 1.87268 2.45327
4.03142 1.87007 2.45446
0 0 0
4.94265 2.72029 5.10707
4.94265 2.72029 5.10707
4.94265 2.72029 5.10707
4.94265 2.72029 5.10707
4.95145 2.71795 5.11043
4.95145 2.71795 5.11043
4.95145 2.71795 5.11043
4.94298 2.72015 5.10636
4.94298 2.72015 5.10636
4.94298 2.72015 5.10636
4.94284 2.72015 5.10796
4.94291 2.72055 5.10556
4.94265 2.71841 5.10622
4.94265 2.71841 5.10622
4.94265 2.71841 5.10622
4.9504 2.71755 5.11707
4.9504 2.71755 5.11707
1.818 0.83264 2.1807
1.818 0.83264 2.1807
1.818 0.83264 2.1807
1.818 0.83264 2.1807
1.81785 0.83242 2.18178
1.81853 0.83332 2.17988
1.81853 0.83332 2.17988
1.81683 0.83317 2.18251
1.81683 0.83317 2.18251
1.81876 0.8329 2.17946
1.81876 0.8329 2.17946
1.81876 0.8329 2.17946
1.82172 0.82959 2.17434
